old_path,new_path,document_role
docs/watchlist/LAYER_ACTIVATION_RULE.md,docs/watchlist/governance/LAYER_ACTIVATION_RULE.md,GOVERNANCE
docs/watchlist/audit/AUDIT_UPDATE_GOVERNANCE.md,docs/watchlist/governance/audit/AUDIT_UPDATE_GOVERNANCE.md,GOVERNANCE_AUDIT
docs/watchlist/audit/LUMEN_CONTRACT_TRACKER.md,docs/watchlist/governance/trackers/LUMEN_CONTRACT_TRACKER.md,GOVERNANCE_TRACKER
docs/watchlist/audit/LUMEN_IMPLEMENTATION_STATUS.md,docs/watchlist/evidence/weekly_swing/ledgers/LUMEN_IMPLEMENTATION_STATUS.md,EVIDENCE_LEDGER
docs/watchlist/audit/README.md,docs/watchlist/governance/audit/README.md,GOVERNANCE_AUDIT
docs/watchlist/audit/WATCHLIST_AUDIT_CHECKLIST_FINAL.md,docs/watchlist/governance/audit/WATCHLIST_AUDIT_CHECKLIST_FINAL.md,GOVERNANCE_AUDIT
docs/watchlist/audit/WATCHLIST_AUDIT_FOUNDATION.md,docs/watchlist/governance/audit/WATCHLIST_AUDIT_FOUNDATION.md,GOVERNANCE_AUDIT
docs/watchlist/audit/WATCHLIST_AUDIT_PROMPT_STANDARD.md,docs/watchlist/governance/audit/WATCHLIST_AUDIT_PROMPT_STANDARD.md,GOVERNANCE_AUDIT
docs/watchlist/audit/WATCHLIST_AUDIT_SHORT.md,docs/watchlist/governance/audit/WATCHLIST_AUDIT_SHORT.md,GOVERNANCE_AUDIT
docs/watchlist/audit/WATCHLIST_CHANGE_IMPACT_MATRIX.md,docs/watchlist/governance/WATCHLIST_CHANGE_IMPACT_MATRIX.md,GOVERNANCE
docs/watchlist/audit/WATCHLIST_OWNER_MATRIX.md,docs/watchlist/governance/WATCHLIST_OWNER_MATRIX.md,GOVERNANCE
docs/watchlist/audit/WATCHLIST_SCOPE_LOCK.md,docs/watchlist/strategy/weekly_swing/00_WS_SCOPE_LOCK.md,CANONICAL_STRATEGY
docs/watchlist/audit/WS_BREAKOUT_INTEGRITY_B01_EXECUTION_AND_TARGET_ALIGNMENT.md,docs/watchlist/evidence/weekly_swing/results/WS_BREAKOUT_INTEGRITY_B01_EXECUTION_AND_TARGET_ALIGNMENT.md,EVIDENCE_RESULT
docs/watchlist/audit/WS_C02_OPERATOR_FORENSIC_FINAL_RESULT.md,docs/watchlist/findings/weekly_swing/records/WS_C02_OPERATOR_FORENSIC_FINAL_RESULT.md,FINDING_RECORD
docs/watchlist/audit/WS_C02_OPERATOR_VALIDATION_COMMANDS.md,docs/watchlist/evidence/weekly_swing/operator_commands/WS_C02_OPERATOR_VALIDATION_COMMANDS.md,EVIDENCE_OPERATOR_COMMAND
docs/watchlist/audit/WS_C03_OPERATOR_FORENSIC_FINAL_RESULT.md,docs/watchlist/findings/weekly_swing/records/WS_C03_OPERATOR_FORENSIC_FINAL_RESULT.md,FINDING_RECORD
docs/watchlist/audit/WS_C03_OPERATOR_VALIDATION_COMMANDS.md,docs/watchlist/evidence/weekly_swing/operator_commands/WS_C03_OPERATOR_VALIDATION_COMMANDS.md,EVIDENCE_OPERATOR_COMMAND
docs/watchlist/audit/WS_C04_OPERATOR_FORENSIC_FINAL_RESULT.md,docs/watchlist/findings/weekly_swing/records/WS_C04_OPERATOR_FORENSIC_FINAL_RESULT.md,FINDING_RECORD
docs/watchlist/audit/WS_C04_OPERATOR_VALIDATION_COMMANDS.md,docs/watchlist/evidence/weekly_swing/operator_commands/WS_C04_OPERATOR_VALIDATION_COMMANDS.md,EVIDENCE_OPERATOR_COMMAND
docs/watchlist/audit/WS_C05_OPERATOR_FORENSIC_FINAL_RESULT.md,docs/watchlist/findings/weekly_swing/records/WS_C05_OPERATOR_FORENSIC_FINAL_RESULT.md,FINDING_RECORD
docs/watchlist/audit/WS_C05_OPERATOR_VALIDATION_COMMANDS.md,docs/watchlist/evidence/weekly_swing/operator_commands/WS_C05_OPERATOR_VALIDATION_COMMANDS.md,EVIDENCE_OPERATOR_COMMAND
docs/watchlist/audit/WS_C06_OPERATOR_FORENSIC_FINAL_RESULT.md,docs/watchlist/findings/weekly_swing/records/WS_C06_OPERATOR_FORENSIC_FINAL_RESULT.md,FINDING_RECORD
docs/watchlist/audit/WS_C06_OPERATOR_VALIDATION_COMMANDS.md,docs/watchlist/evidence/weekly_swing/operator_commands/WS_C06_OPERATOR_VALIDATION_COMMANDS.md,EVIDENCE_OPERATOR_COMMAND
docs/watchlist/audit/WS_C07_OPERATOR_FORENSIC_FINAL_RESULT.md,docs/watchlist/findings/weekly_swing/records/WS_C07_OPERATOR_FORENSIC_FINAL_RESULT.md,FINDING_RECORD
docs/watchlist/audit/WS_C07_OPERATOR_VALIDATION_COMMANDS.md,docs/watchlist/evidence/weekly_swing/operator_commands/WS_C07_OPERATOR_VALIDATION_COMMANDS.md,EVIDENCE_OPERATOR_COMMAND
docs/watchlist/audit/WS_C07_SCOPED_FAILURE_DRILLDOWN_FINAL_RESULT.md,docs/watchlist/findings/weekly_swing/records/WS_C07_SCOPED_FAILURE_DRILLDOWN_FINAL_RESULT.md,FINDING_RECORD
docs/watchlist/audit/WS_C08_OPERATOR_VALIDATION_COMMANDS.md,docs/watchlist/evidence/weekly_swing/operator_commands/WS_C08_OPERATOR_VALIDATION_COMMANDS.md,EVIDENCE_OPERATOR_COMMAND
docs/watchlist/audit/WS_C08_RUNTIME_PAYLOAD_AND_BATCHED_C07_DRILLDOWN_FINAL_RESULT.md,docs/watchlist/evidence/weekly_swing/results/WS_C08_RUNTIME_PAYLOAD_AND_BATCHED_C07_DRILLDOWN_FINAL_RESULT.md,EVIDENCE_RESULT
docs/watchlist/audit/WS_C09_NULLABLE_EVENT_CONTEXT_RUNTIME_COVERAGE_FINAL_RESULT.md,docs/watchlist/evidence/weekly_swing/results/WS_C09_NULLABLE_EVENT_CONTEXT_RUNTIME_COVERAGE_FINAL_RESULT.md,EVIDENCE_RESULT
docs/watchlist/audit/WS_C09_OPERATOR_VALIDATION_COMMANDS.md,docs/watchlist/evidence/weekly_swing/operator_commands/WS_C09_OPERATOR_VALIDATION_COMMANDS.md,EVIDENCE_OPERATOR_COMMAND
docs/watchlist/audit/WS_C100_OPERATOR_VALIDATION_COMMANDS.md,docs/watchlist/evidence/weekly_swing/operator_commands/WS_C100_OPERATOR_VALIDATION_COMMANDS.md,EVIDENCE_OPERATOR_COMMAND
docs/watchlist/audit/WS_C100_WEEKLY_SWING_WATCHLIST_NON_LIVE_REHEARSAL_RESULT_REVIEW.md,docs/watchlist/evidence/weekly_swing/results/WS_C100_WEEKLY_SWING_WATCHLIST_NON_LIVE_REHEARSAL_RESULT_REVIEW.md,EVIDENCE_RESULT
docs/watchlist/audit/WS_C101_OPERATOR_VALIDATION_COMMANDS.md,docs/watchlist/evidence/weekly_swing/operator_commands/WS_C101_OPERATOR_VALIDATION_COMMANDS.md,EVIDENCE_OPERATOR_COMMAND
docs/watchlist/audit/WS_C101_WEEKLY_SWING_WATCHLIST_NON_LIVE_REHEARSAL_OPERATOR_GO_NO_GO_REVIEW.md,docs/watchlist/decisions/weekly_swing/WS_C101_WEEKLY_SWING_WATCHLIST_NON_LIVE_REHEARSAL_OPERATOR_GO_NO_GO_REVIEW.md,DECISION
docs/watchlist/audit/WS_C102_OPERATOR_VALIDATION_COMMANDS.md,docs/watchlist/evidence/weekly_swing/operator_commands/WS_C102_OPERATOR_VALIDATION_COMMANDS.md,EVIDENCE_OPERATOR_COMMAND
docs/watchlist/audit/WS_C102_WEEKLY_SWING_WATCHLIST_NON_LIVE_REHEARSAL_GO_DECISION_FINALIZATION_REVIEW.md,docs/watchlist/decisions/weekly_swing/WS_C102_WEEKLY_SWING_WATCHLIST_NON_LIVE_REHEARSAL_GO_DECISION_FINALIZATION_REVIEW.md,DECISION
docs/watchlist/audit/WS_C103_OPERATOR_VALIDATION_COMMANDS.md,docs/watchlist/evidence/weekly_swing/operator_commands/WS_C103_OPERATOR_VALIDATION_COMMANDS.md,EVIDENCE_OPERATOR_COMMAND
docs/watchlist/audit/WS_C103_WEEKLY_SWING_WATCHLIST_NON_LIVE_REHEARSAL_COMPLETION_BOUNDARY_REVIEW.md,docs/watchlist/evidence/weekly_swing/results/WS_C103_WEEKLY_SWING_WATCHLIST_NON_LIVE_REHEARSAL_COMPLETION_BOUNDARY_REVIEW.md,EVIDENCE_RESULT
docs/watchlist/audit/WS_C104_OPERATOR_VALIDATION_COMMANDS.md,docs/watchlist/evidence/weekly_swing/operator_commands/WS_C104_OPERATOR_VALIDATION_COMMANDS.md,EVIDENCE_OPERATOR_COMMAND
docs/watchlist/audit/WS_C104_WEEKLY_SWING_WATCHLIST_NON_LIVE_REHEARSAL_HANDOFF_READINESS_REVIEW.md,docs/watchlist/evidence/weekly_swing/results/WS_C104_WEEKLY_SWING_WATCHLIST_NON_LIVE_REHEARSAL_HANDOFF_READINESS_REVIEW.md,EVIDENCE_RESULT
docs/watchlist/audit/WS_C105_OPERATOR_VALIDATION_COMMANDS.md,docs/watchlist/evidence/weekly_swing/operator_commands/WS_C105_OPERATOR_VALIDATION_COMMANDS.md,EVIDENCE_OPERATOR_COMMAND
docs/watchlist/audit/WS_C105_WEEKLY_SWING_WATCHLIST_NON_LIVE_REHEARSAL_HANDOFF_FINALIZATION_REVIEW.md,docs/watchlist/evidence/weekly_swing/results/WS_C105_WEEKLY_SWING_WATCHLIST_NON_LIVE_REHEARSAL_HANDOFF_FINALIZATION_REVIEW.md,EVIDENCE_RESULT
docs/watchlist/audit/WS_C106_OPERATOR_VALIDATION_COMMANDS.md,docs/watchlist/evidence/weekly_swing/operator_commands/WS_C106_OPERATOR_VALIDATION_COMMANDS.md,EVIDENCE_OPERATOR_COMMAND
docs/watchlist/audit/WS_C106_WEEKLY_SWING_WATCHLIST_NON_LIVE_REHEARSAL_HANDOFF_COMPLETION_BOUNDARY_REVIEW.md,docs/watchlist/evidence/weekly_swing/results/WS_C106_WEEKLY_SWING_WATCHLIST_NON_LIVE_REHEARSAL_HANDOFF_COMPLETION_BOUNDARY_REVIEW.md,EVIDENCE_RESULT
docs/watchlist/audit/WS_C107_OPERATOR_VALIDATION_COMMANDS.md,docs/watchlist/evidence/weekly_swing/operator_commands/WS_C107_OPERATOR_VALIDATION_COMMANDS.md,EVIDENCE_OPERATOR_COMMAND
docs/watchlist/audit/WS_C107_WEEKLY_SWING_WATCHLIST_NON_LIVE_REHEARSAL_HANDOFF_CLOSURE_SEAL_REVIEW.md,docs/watchlist/evidence/weekly_swing/results/WS_C107_WEEKLY_SWING_WATCHLIST_NON_LIVE_REHEARSAL_HANDOFF_CLOSURE_SEAL_REVIEW.md,EVIDENCE_RESULT
docs/watchlist/audit/WS_C108_OPERATOR_VALIDATION_COMMANDS.md,docs/watchlist/evidence/weekly_swing/operator_commands/WS_C108_OPERATOR_VALIDATION_COMMANDS.md,EVIDENCE_OPERATOR_COMMAND
docs/watchlist/audit/WS_C108_WEEKLY_SWING_WATCHLIST_NON_LIVE_REHEARSAL_HANDOFF_AUDIT_ARCHIVE_REVIEW.md,docs/watchlist/evidence/weekly_swing/results/WS_C108_WEEKLY_SWING_WATCHLIST_NON_LIVE_REHEARSAL_HANDOFF_AUDIT_ARCHIVE_REVIEW.md,EVIDENCE_RESULT
docs/watchlist/audit/WS_C109_OPERATOR_VALIDATION_COMMANDS.md,docs/watchlist/evidence/weekly_swing/operator_commands/WS_C109_OPERATOR_VALIDATION_COMMANDS.md,EVIDENCE_OPERATOR_COMMAND
docs/watchlist/audit/WS_C109_WEEKLY_SWING_WATCHLIST_NON_LIVE_REHEARSAL_HANDOFF_AUDIT_ARCHIVE_COMPLETION_REVIEW.md,docs/watchlist/evidence/weekly_swing/results/WS_C109_WEEKLY_SWING_WATCHLIST_NON_LIVE_REHEARSAL_HANDOFF_AUDIT_ARCHIVE_COMPLETION_REVIEW.md,EVIDENCE_RESULT
docs/watchlist/audit/WS_C10_EXIT_MODEL_DIAGNOSTIC_FINAL_RESULT.md,docs/watchlist/findings/weekly_swing/records/WS_C10_EXIT_MODEL_DIAGNOSTIC_FINAL_RESULT.md,FINDING_RECORD
docs/watchlist/audit/WS_C10_OPERATOR_VALIDATION_COMMANDS.md,docs/watchlist/evidence/weekly_swing/operator_commands/WS_C10_OPERATOR_VALIDATION_COMMANDS.md,EVIDENCE_OPERATOR_COMMAND
docs/watchlist/audit/WS_C110_OPERATOR_VALIDATION_COMMANDS.md,docs/watchlist/evidence/weekly_swing/operator_commands/WS_C110_OPERATOR_VALIDATION_COMMANDS.md,EVIDENCE_OPERATOR_COMMAND
docs/watchlist/audit/WS_C110_WEEKLY_SWING_WATCHLIST_NON_LIVE_REHEARSAL_HANDOFF_AUDIT_ARCHIVE_COMPLETION_SEAL_REVIEW.md,docs/watchlist/evidence/weekly_swing/results/WS_C110_WEEKLY_SWING_WATCHLIST_NON_LIVE_REHEARSAL_HANDOFF_AUDIT_ARCHIVE_COMPLETION_SEAL_REVIEW.md,EVIDENCE_RESULT
docs/watchlist/audit/WS_C111_OPERATOR_VALIDATION_COMMANDS.md,docs/watchlist/evidence/weekly_swing/operator_commands/WS_C111_OPERATOR_VALIDATION_COMMANDS.md,EVIDENCE_OPERATOR_COMMAND
docs/watchlist/audit/WS_C111_WEEKLY_SWING_WATCHLIST_NON_LIVE_REHEARSAL_HANDOFF_AUDIT_ARCHIVE_FINAL_CLOSURE_REVIEW.md,docs/watchlist/decisions/weekly_swing/WS_C111_WEEKLY_SWING_WATCHLIST_NON_LIVE_REHEARSAL_HANDOFF_AUDIT_ARCHIVE_FINAL_CLOSURE_REVIEW.md,DECISION
docs/watchlist/audit/WS_C112_OPERATOR_VALIDATION_COMMANDS.md,docs/watchlist/evidence/weekly_swing/operator_commands/WS_C112_OPERATOR_VALIDATION_COMMANDS.md,EVIDENCE_OPERATOR_COMMAND
docs/watchlist/audit/WS_C112_WEEKLY_SWING_WATCHLIST_PRODUCTION_PHASE_APPROVAL_REVIEW.md,docs/watchlist/decisions/weekly_swing/WS_C112_WEEKLY_SWING_WATCHLIST_PRODUCTION_PHASE_APPROVAL_REVIEW.md,DECISION
docs/watchlist/audit/WS_C113_OPERATOR_VALIDATION_COMMANDS.md,docs/watchlist/evidence/weekly_swing/operator_commands/WS_C113_OPERATOR_VALIDATION_COMMANDS.md,EVIDENCE_OPERATOR_COMMAND
docs/watchlist/audit/WS_C113_WEEKLY_SWING_WATCHLIST_PRODUCTION_READINESS_REVIEW.md,docs/watchlist/evidence/weekly_swing/results/WS_C113_WEEKLY_SWING_WATCHLIST_PRODUCTION_READINESS_REVIEW.md,EVIDENCE_RESULT
docs/watchlist/audit/WS_C114_OPERATOR_VALIDATION_COMMANDS.md,docs/watchlist/evidence/weekly_swing/operator_commands/WS_C114_OPERATOR_VALIDATION_COMMANDS.md,EVIDENCE_OPERATOR_COMMAND
docs/watchlist/audit/WS_C114_WEEKLY_SWING_WATCHLIST_PRODUCTION_RUNTIME_WIRING_READINESS_REVIEW.md,docs/watchlist/evidence/weekly_swing/results/WS_C114_WEEKLY_SWING_WATCHLIST_PRODUCTION_RUNTIME_WIRING_READINESS_REVIEW.md,EVIDENCE_RESULT
docs/watchlist/audit/WS_C115_OPERATOR_VALIDATION_COMMANDS.md,docs/watchlist/evidence/weekly_swing/operator_commands/WS_C115_OPERATOR_VALIDATION_COMMANDS.md,EVIDENCE_OPERATOR_COMMAND
docs/watchlist/audit/WS_C115_WEEKLY_SWING_WATCHLIST_CONTROLLED_RUNTIME_WIRING_EXECUTION_APPROVAL_REVIEW.md,docs/watchlist/decisions/weekly_swing/WS_C115_WEEKLY_SWING_WATCHLIST_CONTROLLED_RUNTIME_WIRING_EXECUTION_APPROVAL_REVIEW.md,DECISION
docs/watchlist/audit/WS_C116_OPERATOR_VALIDATION_COMMANDS.md,docs/watchlist/evidence/weekly_swing/operator_commands/WS_C116_OPERATOR_VALIDATION_COMMANDS.md,EVIDENCE_OPERATOR_COMMAND
docs/watchlist/audit/WS_C116_WEEKLY_SWING_WATCHLIST_CONTROLLED_RUNTIME_WIRING_EXECUTION_REVIEW.md,docs/watchlist/evidence/weekly_swing/results/WS_C116_WEEKLY_SWING_WATCHLIST_CONTROLLED_RUNTIME_WIRING_EXECUTION_REVIEW.md,EVIDENCE_RESULT
docs/watchlist/audit/WS_C117_OPERATOR_VALIDATION_COMMANDS.md,docs/watchlist/evidence/weekly_swing/operator_commands/WS_C117_OPERATOR_VALIDATION_COMMANDS.md,EVIDENCE_OPERATOR_COMMAND
docs/watchlist/audit/WS_C117_WEEKLY_SWING_WATCHLIST_CONTROLLED_RUNTIME_WIRING_OBSERVATION_REVIEW.md,docs/watchlist/evidence/weekly_swing/results/WS_C117_WEEKLY_SWING_WATCHLIST_CONTROLLED_RUNTIME_WIRING_OBSERVATION_REVIEW.md,EVIDENCE_RESULT
docs/watchlist/audit/WS_C118_OPERATOR_VALIDATION_COMMANDS.md,docs/watchlist/evidence/weekly_swing/operator_commands/WS_C118_OPERATOR_VALIDATION_COMMANDS.md,EVIDENCE_OPERATOR_COMMAND
docs/watchlist/audit/WS_C118_WEEKLY_SWING_WATCHLIST_CONTROLLED_RUNTIME_WIRING_OBSERVATION_RESULT_REVIEW.md,docs/watchlist/evidence/weekly_swing/results/WS_C118_WEEKLY_SWING_WATCHLIST_CONTROLLED_RUNTIME_WIRING_OBSERVATION_RESULT_REVIEW.md,EVIDENCE_RESULT
docs/watchlist/audit/WS_C119_OPERATOR_VALIDATION_COMMANDS.md,docs/watchlist/evidence/weekly_swing/operator_commands/WS_C119_OPERATOR_VALIDATION_COMMANDS.md,EVIDENCE_OPERATOR_COMMAND
docs/watchlist/audit/WS_C119_WEEKLY_SWING_WATCHLIST_CONTROLLED_RUNTIME_WIRING_OPERATOR_GO_NO_GO_REVIEW.md,docs/watchlist/decisions/weekly_swing/WS_C119_WEEKLY_SWING_WATCHLIST_CONTROLLED_RUNTIME_WIRING_OPERATOR_GO_NO_GO_REVIEW.md,DECISION
docs/watchlist/audit/WS_C11_EXIT_MODEL_CONTRACT_AUDIT_FINAL_RESULT.md,docs/watchlist/evidence/weekly_swing/results/WS_C11_EXIT_MODEL_CONTRACT_AUDIT_FINAL_RESULT.md,EVIDENCE_RESULT
docs/watchlist/audit/WS_C11_OPERATOR_VALIDATION_COMMANDS.md,docs/watchlist/evidence/weekly_swing/operator_commands/WS_C11_OPERATOR_VALIDATION_COMMANDS.md,EVIDENCE_OPERATOR_COMMAND
docs/watchlist/audit/WS_C120_OPERATOR_VALIDATION_COMMANDS.md,docs/watchlist/evidence/weekly_swing/operator_commands/WS_C120_OPERATOR_VALIDATION_COMMANDS.md,EVIDENCE_OPERATOR_COMMAND
docs/watchlist/audit/WS_C120_WEEKLY_SWING_WATCHLIST_CONTROLLED_RUNTIME_WIRING_GO_DECISION_FINALIZATION_REVIEW.md,docs/watchlist/decisions/weekly_swing/WS_C120_WEEKLY_SWING_WATCHLIST_CONTROLLED_RUNTIME_WIRING_GO_DECISION_FINALIZATION_REVIEW.md,DECISION
docs/watchlist/audit/WS_C121_OPERATOR_VALIDATION_COMMANDS.md,docs/watchlist/evidence/weekly_swing/operator_commands/WS_C121_OPERATOR_VALIDATION_COMMANDS.md,EVIDENCE_OPERATOR_COMMAND
docs/watchlist/audit/WS_C121_WEEKLY_SWING_WATCHLIST_CONTROLLED_RUNTIME_WIRING_COMPLETION_BOUNDARY_REVIEW.md,docs/watchlist/evidence/weekly_swing/results/WS_C121_WEEKLY_SWING_WATCHLIST_CONTROLLED_RUNTIME_WIRING_COMPLETION_BOUNDARY_REVIEW.md,EVIDENCE_RESULT
docs/watchlist/audit/WS_C122_OPERATOR_VALIDATION_COMMANDS.md,docs/watchlist/evidence/weekly_swing/operator_commands/WS_C122_OPERATOR_VALIDATION_COMMANDS.md,EVIDENCE_OPERATOR_COMMAND
docs/watchlist/audit/WS_C122_WEEKLY_SWING_WATCHLIST_CONTROLLED_RUNTIME_WIRING_HANDOFF_READINESS_REVIEW.md,docs/watchlist/evidence/weekly_swing/results/WS_C122_WEEKLY_SWING_WATCHLIST_CONTROLLED_RUNTIME_WIRING_HANDOFF_READINESS_REVIEW.md,EVIDENCE_RESULT
docs/watchlist/audit/WS_C123_OPERATOR_VALIDATION_COMMANDS.md,docs/watchlist/evidence/weekly_swing/operator_commands/WS_C123_OPERATOR_VALIDATION_COMMANDS.md,EVIDENCE_OPERATOR_COMMAND
docs/watchlist/audit/WS_C123_WEEKLY_SWING_WATCHLIST_CONTROLLED_RUNTIME_WIRING_HANDOFF_FINALIZATION_REVIEW.md,docs/watchlist/evidence/weekly_swing/results/WS_C123_WEEKLY_SWING_WATCHLIST_CONTROLLED_RUNTIME_WIRING_HANDOFF_FINALIZATION_REVIEW.md,EVIDENCE_RESULT
docs/watchlist/audit/WS_C124_OPERATOR_VALIDATION_COMMANDS.md,docs/watchlist/evidence/weekly_swing/operator_commands/WS_C124_OPERATOR_VALIDATION_COMMANDS.md,EVIDENCE_OPERATOR_COMMAND
docs/watchlist/audit/WS_C124_WEEKLY_SWING_WATCHLIST_CONTROLLED_RUNTIME_WIRING_HANDOFF_COMPLETION_BOUNDARY_REVIEW.md,docs/watchlist/evidence/weekly_swing/results/WS_C124_WEEKLY_SWING_WATCHLIST_CONTROLLED_RUNTIME_WIRING_HANDOFF_COMPLETION_BOUNDARY_REVIEW.md,EVIDENCE_RESULT
docs/watchlist/audit/WS_C125_OPERATOR_VALIDATION_COMMANDS.md,docs/watchlist/evidence/weekly_swing/operator_commands/WS_C125_OPERATOR_VALIDATION_COMMANDS.md,EVIDENCE_OPERATOR_COMMAND
docs/watchlist/audit/WS_C125_WEEKLY_SWING_WATCHLIST_CONTROLLED_RUNTIME_WIRING_HANDOFF_CLOSURE_SEAL_REVIEW.md,docs/watchlist/evidence/weekly_swing/results/WS_C125_WEEKLY_SWING_WATCHLIST_CONTROLLED_RUNTIME_WIRING_HANDOFF_CLOSURE_SEAL_REVIEW.md,EVIDENCE_RESULT
docs/watchlist/audit/WS_C126_OPERATOR_VALIDATION_COMMANDS.md,docs/watchlist/evidence/weekly_swing/operator_commands/WS_C126_OPERATOR_VALIDATION_COMMANDS.md,EVIDENCE_OPERATOR_COMMAND
docs/watchlist/audit/WS_C126_WEEKLY_SWING_WATCHLIST_CONTROLLED_RUNTIME_WIRING_HANDOFF_AUDIT_ARCHIVE_REVIEW.md,docs/watchlist/evidence/weekly_swing/results/WS_C126_WEEKLY_SWING_WATCHLIST_CONTROLLED_RUNTIME_WIRING_HANDOFF_AUDIT_ARCHIVE_REVIEW.md,EVIDENCE_RESULT
docs/watchlist/audit/WS_C127_OPERATOR_VALIDATION_COMMANDS.md,docs/watchlist/evidence/weekly_swing/operator_commands/WS_C127_OPERATOR_VALIDATION_COMMANDS.md,EVIDENCE_OPERATOR_COMMAND
docs/watchlist/audit/WS_C127_WEEKLY_SWING_WATCHLIST_CONTROLLED_RUNTIME_WIRING_HANDOFF_AUDIT_ARCHIVE_COMPLETION_REVIEW.md,docs/watchlist/evidence/weekly_swing/results/WS_C127_WEEKLY_SWING_WATCHLIST_CONTROLLED_RUNTIME_WIRING_HANDOFF_AUDIT_ARCHIVE_COMPLETION_REVIEW.md,EVIDENCE_RESULT
docs/watchlist/audit/WS_C128_OPERATOR_VALIDATION_COMMANDS.md,docs/watchlist/evidence/weekly_swing/operator_commands/WS_C128_OPERATOR_VALIDATION_COMMANDS.md,EVIDENCE_OPERATOR_COMMAND
docs/watchlist/audit/WS_C128_WEEKLY_SWING_WATCHLIST_CONTROLLED_RUNTIME_WIRING_HANDOFF_AUDIT_ARCHIVE_COMPLETION_SEAL_REVIEW.md,docs/watchlist/evidence/weekly_swing/results/WS_C128_WEEKLY_SWING_WATCHLIST_CONTROLLED_RUNTIME_WIRING_HANDOFF_AUDIT_ARCHIVE_COMPLETION_SEAL_REVIEW.md,EVIDENCE_RESULT
docs/watchlist/audit/WS_C129_OPERATOR_VALIDATION_COMMANDS.md,docs/watchlist/evidence/weekly_swing/operator_commands/WS_C129_OPERATOR_VALIDATION_COMMANDS.md,EVIDENCE_OPERATOR_COMMAND
docs/watchlist/audit/WS_C129_WEEKLY_SWING_WATCHLIST_CONTROLLED_RUNTIME_WIRING_HANDOFF_AUDIT_ARCHIVE_FINAL_CLOSURE_REVIEW.md,docs/watchlist/decisions/weekly_swing/WS_C129_WEEKLY_SWING_WATCHLIST_CONTROLLED_RUNTIME_WIRING_HANDOFF_AUDIT_ARCHIVE_FINAL_CLOSURE_REVIEW.md,DECISION
docs/watchlist/audit/WS_C12_EXIT_MODEL_REDESIGN_CONTRACT_FINAL_RESULT.md,docs/watchlist/research/weekly_swing/experiments/WS_C12_EXIT_MODEL_REDESIGN_CONTRACT_FINAL_RESULT.md,RESEARCH
docs/watchlist/audit/WS_C12_OPERATOR_VALIDATION_COMMANDS.md,docs/watchlist/evidence/weekly_swing/operator_commands/WS_C12_OPERATOR_VALIDATION_COMMANDS.md,EVIDENCE_OPERATOR_COMMAND
docs/watchlist/audit/WS_C130_OPERATOR_VALIDATION_COMMANDS.md,docs/watchlist/evidence/weekly_swing/operator_commands/WS_C130_OPERATOR_VALIDATION_COMMANDS.md,EVIDENCE_OPERATOR_COMMAND
docs/watchlist/audit/WS_C130_WEEKLY_SWING_WATCHLIST_PRODUCTION_LIVE_RUNTIME_ACTIVATION_READINESS_REVIEW.md,docs/watchlist/evidence/weekly_swing/results/WS_C130_WEEKLY_SWING_WATCHLIST_PRODUCTION_LIVE_RUNTIME_ACTIVATION_READINESS_REVIEW.md,EVIDENCE_RESULT
docs/watchlist/audit/WS_C131_OPERATOR_VALIDATION_COMMANDS.md,docs/watchlist/evidence/weekly_swing/operator_commands/WS_C131_OPERATOR_VALIDATION_COMMANDS.md,EVIDENCE_OPERATOR_COMMAND
docs/watchlist/audit/WS_C131_WEEKLY_SWING_WATCHLIST_PRODUCTION_LIVE_RUNTIME_ACTIVATION_APPROVAL_REVIEW.md,docs/watchlist/decisions/weekly_swing/WS_C131_WEEKLY_SWING_WATCHLIST_PRODUCTION_LIVE_RUNTIME_ACTIVATION_APPROVAL_REVIEW.md,DECISION
docs/watchlist/audit/WS_C132_OPERATOR_VALIDATION_COMMANDS.md,docs/watchlist/evidence/weekly_swing/operator_commands/WS_C132_OPERATOR_VALIDATION_COMMANDS.md,EVIDENCE_OPERATOR_COMMAND
docs/watchlist/audit/WS_C132_WEEKLY_SWING_WATCHLIST_PRODUCTION_LIVE_RUNTIME_ACTIVATION_EXECUTION_REVIEW.md,docs/watchlist/evidence/weekly_swing/results/WS_C132_WEEKLY_SWING_WATCHLIST_PRODUCTION_LIVE_RUNTIME_ACTIVATION_EXECUTION_REVIEW.md,EVIDENCE_RESULT
docs/watchlist/audit/WS_C133_OPERATOR_VALIDATION_COMMANDS.md,docs/watchlist/evidence/weekly_swing/operator_commands/WS_C133_OPERATOR_VALIDATION_COMMANDS.md,EVIDENCE_OPERATOR_COMMAND
docs/watchlist/audit/WS_C133_WEEKLY_SWING_WATCHLIST_PRODUCTION_LIVE_RUNTIME_ACTIVATION_OBSERVATION_REVIEW.md,docs/watchlist/evidence/weekly_swing/results/WS_C133_WEEKLY_SWING_WATCHLIST_PRODUCTION_LIVE_RUNTIME_ACTIVATION_OBSERVATION_REVIEW.md,EVIDENCE_RESULT
docs/watchlist/audit/WS_C134_OPERATOR_VALIDATION_COMMANDS.md,docs/watchlist/evidence/weekly_swing/operator_commands/WS_C134_OPERATOR_VALIDATION_COMMANDS.md,EVIDENCE_OPERATOR_COMMAND
docs/watchlist/audit/WS_C134_WEEKLY_SWING_WATCHLIST_PRODUCTION_LIVE_RUNTIME_ACTIVATION_OBSERVATION_RESULT_REVIEW.md,docs/watchlist/evidence/weekly_swing/results/WS_C134_WEEKLY_SWING_WATCHLIST_PRODUCTION_LIVE_RUNTIME_ACTIVATION_OBSERVATION_RESULT_REVIEW.md,EVIDENCE_RESULT
docs/watchlist/audit/WS_C135_OPERATOR_VALIDATION_COMMANDS.md,docs/watchlist/evidence/weekly_swing/operator_commands/WS_C135_OPERATOR_VALIDATION_COMMANDS.md,EVIDENCE_OPERATOR_COMMAND
docs/watchlist/audit/WS_C135_WEEKLY_SWING_WATCHLIST_PRODUCTION_LIVE_RUNTIME_ACTIVATION_OPERATOR_GO_NO_GO_REVIEW.md,docs/watchlist/decisions/weekly_swing/WS_C135_WEEKLY_SWING_WATCHLIST_PRODUCTION_LIVE_RUNTIME_ACTIVATION_OPERATOR_GO_NO_GO_REVIEW.md,DECISION
docs/watchlist/audit/WS_C136_OPERATOR_VALIDATION_COMMANDS.md,docs/watchlist/evidence/weekly_swing/operator_commands/WS_C136_OPERATOR_VALIDATION_COMMANDS.md,EVIDENCE_OPERATOR_COMMAND
docs/watchlist/audit/WS_C136_WEEKLY_SWING_WATCHLIST_PRODUCTION_LIVE_RUNTIME_ACTIVATION_GO_DECISION_FINALIZATION_REVIEW.md,docs/watchlist/decisions/weekly_swing/WS_C136_WEEKLY_SWING_WATCHLIST_PRODUCTION_LIVE_RUNTIME_ACTIVATION_GO_DECISION_FINALIZATION_REVIEW.md,DECISION
docs/watchlist/audit/WS_C137_OPERATOR_VALIDATION_COMMANDS.md,docs/watchlist/evidence/weekly_swing/operator_commands/WS_C137_OPERATOR_VALIDATION_COMMANDS.md,EVIDENCE_OPERATOR_COMMAND
docs/watchlist/audit/WS_C137_WEEKLY_SWING_WATCHLIST_PRODUCTION_LIVE_RUNTIME_ACTIVATION_PRE_ACTIVATION_BOUNDARY_REVIEW.md,docs/watchlist/evidence/weekly_swing/results/WS_C137_WEEKLY_SWING_WATCHLIST_PRODUCTION_LIVE_RUNTIME_ACTIVATION_PRE_ACTIVATION_BOUNDARY_REVIEW.md,EVIDENCE_RESULT
docs/watchlist/audit/WS_C138_OPERATOR_VALIDATION_COMMANDS.md,docs/watchlist/evidence/weekly_swing/operator_commands/WS_C138_OPERATOR_VALIDATION_COMMANDS.md,EVIDENCE_OPERATOR_COMMAND
docs/watchlist/audit/WS_C138_WEEKLY_SWING_WATCHLIST_PRODUCTION_LIVE_RUNTIME_ACTIVATION_AUTHORIZATION_REVIEW.md,docs/watchlist/decisions/weekly_swing/WS_C138_WEEKLY_SWING_WATCHLIST_PRODUCTION_LIVE_RUNTIME_ACTIVATION_AUTHORIZATION_REVIEW.md,DECISION
docs/watchlist/audit/WS_C139_OPERATOR_VALIDATION_COMMANDS.md,docs/watchlist/evidence/weekly_swing/operator_commands/WS_C139_OPERATOR_VALIDATION_COMMANDS.md,EVIDENCE_OPERATOR_COMMAND
docs/watchlist/audit/WS_C139_WEEKLY_SWING_WATCHLIST_PRODUCTION_LIVE_RUNTIME_ACTIVATION_EXECUTION_REVIEW.md,docs/watchlist/evidence/weekly_swing/results/WS_C139_WEEKLY_SWING_WATCHLIST_PRODUCTION_LIVE_RUNTIME_ACTIVATION_EXECUTION_REVIEW.md,EVIDENCE_RESULT
docs/watchlist/audit/WS_C13_EXIT_AXIS_SUPPORT_FINAL_RESULT.md,docs/watchlist/evidence/weekly_swing/results/WS_C13_EXIT_AXIS_SUPPORT_FINAL_RESULT.md,EVIDENCE_RESULT
docs/watchlist/audit/WS_C13_OPERATOR_VALIDATION_COMMANDS.md,docs/watchlist/evidence/weekly_swing/operator_commands/WS_C13_OPERATOR_VALIDATION_COMMANDS.md,EVIDENCE_OPERATOR_COMMAND
docs/watchlist/audit/WS_C140_OPERATOR_VALIDATION_COMMANDS.md,docs/watchlist/evidence/weekly_swing/operator_commands/WS_C140_OPERATOR_VALIDATION_COMMANDS.md,EVIDENCE_OPERATOR_COMMAND
docs/watchlist/audit/WS_C140_WEEKLY_SWING_WATCHLIST_PRODUCTION_LIVE_RUNTIME_ACTIVATION_OBSERVATION_REVIEW.md,docs/watchlist/evidence/weekly_swing/results/WS_C140_WEEKLY_SWING_WATCHLIST_PRODUCTION_LIVE_RUNTIME_ACTIVATION_OBSERVATION_REVIEW.md,EVIDENCE_RESULT
docs/watchlist/audit/WS_C141_OPERATOR_VALIDATION_COMMANDS.md,docs/watchlist/evidence/weekly_swing/operator_commands/WS_C141_OPERATOR_VALIDATION_COMMANDS.md,EVIDENCE_OPERATOR_COMMAND
docs/watchlist/audit/WS_C141_WEEKLY_SWING_WATCHLIST_PRODUCTION_LIVE_RUNTIME_ACTIVATION_OBSERVATION_RESULT_REVIEW.md,docs/watchlist/evidence/weekly_swing/results/WS_C141_WEEKLY_SWING_WATCHLIST_PRODUCTION_LIVE_RUNTIME_ACTIVATION_OBSERVATION_RESULT_REVIEW.md,EVIDENCE_RESULT
docs/watchlist/audit/WS_C142_OPERATOR_VALIDATION_COMMANDS.md,docs/watchlist/evidence/weekly_swing/operator_commands/WS_C142_OPERATOR_VALIDATION_COMMANDS.md,EVIDENCE_OPERATOR_COMMAND
docs/watchlist/audit/WS_C142_WEEKLY_SWING_WATCHLIST_PRODUCTION_LIVE_RUNTIME_ACTIVATION_OPERATOR_GO_NO_GO_REVIEW.md,docs/watchlist/decisions/weekly_swing/WS_C142_WEEKLY_SWING_WATCHLIST_PRODUCTION_LIVE_RUNTIME_ACTIVATION_OPERATOR_GO_NO_GO_REVIEW.md,DECISION
docs/watchlist/audit/WS_C143_OPERATOR_VALIDATION_COMMANDS.md,docs/watchlist/evidence/weekly_swing/operator_commands/WS_C143_OPERATOR_VALIDATION_COMMANDS.md,EVIDENCE_OPERATOR_COMMAND
docs/watchlist/audit/WS_C143_WEEKLY_SWING_WATCHLIST_PRODUCTION_LIVE_RUNTIME_ACTIVATION_GO_DECISION_FINALIZATION_REVIEW.md,docs/watchlist/decisions/weekly_swing/WS_C143_WEEKLY_SWING_WATCHLIST_PRODUCTION_LIVE_RUNTIME_ACTIVATION_GO_DECISION_FINALIZATION_REVIEW.md,DECISION
docs/watchlist/audit/WS_C144_OPERATOR_VALIDATION_COMMANDS.md,docs/watchlist/evidence/weekly_swing/operator_commands/WS_C144_OPERATOR_VALIDATION_COMMANDS.md,EVIDENCE_OPERATOR_COMMAND
docs/watchlist/audit/WS_C144_WEEKLY_SWING_WATCHLIST_PRODUCTION_LIVE_RUNTIME_ACTIVATION_PRE_ACTIVATION_BOUNDARY_REVIEW.md,docs/watchlist/evidence/weekly_swing/results/WS_C144_WEEKLY_SWING_WATCHLIST_PRODUCTION_LIVE_RUNTIME_ACTIVATION_PRE_ACTIVATION_BOUNDARY_REVIEW.md,EVIDENCE_RESULT
docs/watchlist/audit/WS_C145_OPERATOR_VALIDATION_COMMANDS.md,docs/watchlist/evidence/weekly_swing/operator_commands/WS_C145_OPERATOR_VALIDATION_COMMANDS.md,EVIDENCE_OPERATOR_COMMAND
docs/watchlist/audit/WS_C145_WEEKLY_SWING_WATCHLIST_PRODUCTION_LIVE_RUNTIME_ACTIVATION_AUTHORIZATION_REVIEW.md,docs/watchlist/decisions/weekly_swing/WS_C145_WEEKLY_SWING_WATCHLIST_PRODUCTION_LIVE_RUNTIME_ACTIVATION_AUTHORIZATION_REVIEW.md,DECISION
docs/watchlist/audit/WS_C146_OPERATOR_VALIDATION_COMMANDS.md,docs/watchlist/evidence/weekly_swing/operator_commands/WS_C146_OPERATOR_VALIDATION_COMMANDS.md,EVIDENCE_OPERATOR_COMMAND
docs/watchlist/audit/WS_C146_WEEKLY_SWING_WATCHLIST_PRODUCTION_LIVE_RUNTIME_ACTIVATION_EXECUTION_REVIEW.md,docs/watchlist/evidence/weekly_swing/results/WS_C146_WEEKLY_SWING_WATCHLIST_PRODUCTION_LIVE_RUNTIME_ACTIVATION_EXECUTION_REVIEW.md,EVIDENCE_RESULT
docs/watchlist/audit/WS_C147_OPERATOR_VALIDATION_COMMANDS.md,docs/watchlist/evidence/weekly_swing/operator_commands/WS_C147_OPERATOR_VALIDATION_COMMANDS.md,EVIDENCE_OPERATOR_COMMAND
docs/watchlist/audit/WS_C147_WEEKLY_SWING_WATCHLIST_PRODUCTION_LIVE_RUNTIME_ACTIVATION_OBSERVATION_REVIEW.md,docs/watchlist/evidence/weekly_swing/results/WS_C147_WEEKLY_SWING_WATCHLIST_PRODUCTION_LIVE_RUNTIME_ACTIVATION_OBSERVATION_REVIEW.md,EVIDENCE_RESULT
docs/watchlist/audit/WS_C148_OPERATOR_VALIDATION_COMMANDS.md,docs/watchlist/evidence/weekly_swing/operator_commands/WS_C148_OPERATOR_VALIDATION_COMMANDS.md,EVIDENCE_OPERATOR_COMMAND
docs/watchlist/audit/WS_C148_WEEKLY_SWING_WATCHLIST_PRODUCTION_LIVE_RUNTIME_ACTIVATION_OBSERVATION_RESULT_REVIEW.md,docs/watchlist/evidence/weekly_swing/results/WS_C148_WEEKLY_SWING_WATCHLIST_PRODUCTION_LIVE_RUNTIME_ACTIVATION_OBSERVATION_RESULT_REVIEW.md,EVIDENCE_RESULT
docs/watchlist/audit/WS_C149_OPERATOR_VALIDATION_COMMANDS.md,docs/watchlist/evidence/weekly_swing/operator_commands/WS_C149_OPERATOR_VALIDATION_COMMANDS.md,EVIDENCE_OPERATOR_COMMAND
docs/watchlist/audit/WS_C149_WEEKLY_SWING_WATCHLIST_PRODUCTION_LIVE_RUNTIME_ACTIVATION_OPERATOR_GO_NO_GO_REVIEW.md,docs/watchlist/decisions/weekly_swing/WS_C149_WEEKLY_SWING_WATCHLIST_PRODUCTION_LIVE_RUNTIME_ACTIVATION_OPERATOR_GO_NO_GO_REVIEW.md,DECISION
docs/watchlist/audit/WS_C14_OPERATOR_VALIDATION_COMMANDS.md,docs/watchlist/evidence/weekly_swing/operator_commands/WS_C14_OPERATOR_VALIDATION_COMMANDS.md,EVIDENCE_OPERATOR_COMMAND
docs/watchlist/audit/WS_C14_VARIABLE_RISK_EXIT_CATALOG_FINAL_RESULT.md,docs/watchlist/evidence/weekly_swing/results/WS_C14_VARIABLE_RISK_EXIT_CATALOG_FINAL_RESULT.md,EVIDENCE_RESULT
docs/watchlist/audit/WS_C150_OPERATOR_VALIDATION_COMMANDS.md,docs/watchlist/evidence/weekly_swing/operator_commands/WS_C150_OPERATOR_VALIDATION_COMMANDS.md,EVIDENCE_OPERATOR_COMMAND
docs/watchlist/audit/WS_C150_WEEKLY_SWING_WATCHLIST_PRODUCTION_LIVE_RUNTIME_ACTIVATION_FINAL_EXECUTION.md,docs/watchlist/evidence/weekly_swing/results/WS_C150_WEEKLY_SWING_WATCHLIST_PRODUCTION_LIVE_RUNTIME_ACTIVATION_FINAL_EXECUTION.md,EVIDENCE_RESULT
docs/watchlist/audit/WS_C151_OPERATOR_VALIDATION_COMMANDS.md,docs/watchlist/evidence/weekly_swing/operator_commands/WS_C151_OPERATOR_VALIDATION_COMMANDS.md,EVIDENCE_OPERATOR_COMMAND
docs/watchlist/audit/WS_C151_WEEKLY_SWING_WATCHLIST_PRODUCTION_LIVE_RUNTIME_ACTIVATION_POST_EXECUTION_OBSERVATION_REVIEW.md,docs/watchlist/evidence/weekly_swing/results/WS_C151_WEEKLY_SWING_WATCHLIST_PRODUCTION_LIVE_RUNTIME_ACTIVATION_POST_EXECUTION_OBSERVATION_REVIEW.md,EVIDENCE_RESULT
docs/watchlist/audit/WS_C152_OPERATOR_VALIDATION_COMMANDS.md,docs/watchlist/evidence/weekly_swing/operator_commands/WS_C152_OPERATOR_VALIDATION_COMMANDS.md,EVIDENCE_OPERATOR_COMMAND
docs/watchlist/audit/WS_C152_WEEKLY_SWING_WATCHLIST_PRODUCTION_LIVE_RUNTIME_ACTIVATION_POST_EXECUTION_OBSERVATION_RESULT_REVIEW.md,docs/watchlist/evidence/weekly_swing/results/WS_C152_WEEKLY_SWING_WATCHLIST_PRODUCTION_LIVE_RUNTIME_ACTIVATION_POST_EXECUTION_OBSERVATION_RESULT_REVIEW.md,EVIDENCE_RESULT
docs/watchlist/audit/WS_C153_OPERATOR_VALIDATION_COMMANDS.md,docs/watchlist/evidence/weekly_swing/operator_commands/WS_C153_OPERATOR_VALIDATION_COMMANDS.md,EVIDENCE_OPERATOR_COMMAND
docs/watchlist/audit/WS_C153_WEEKLY_SWING_WATCHLIST_PRODUCTION_LIVE_RUNTIME_CONTROLLED_OUTPUT_GENERATION_BOUNDARY_REVIEW.md,docs/watchlist/evidence/weekly_swing/results/WS_C153_WEEKLY_SWING_WATCHLIST_PRODUCTION_LIVE_RUNTIME_CONTROLLED_OUTPUT_GENERATION_BOUNDARY_REVIEW.md,EVIDENCE_RESULT
docs/watchlist/audit/WS_C154_OPERATOR_VALIDATION_COMMANDS.md,docs/watchlist/evidence/weekly_swing/operator_commands/WS_C154_OPERATOR_VALIDATION_COMMANDS.md,EVIDENCE_OPERATOR_COMMAND
docs/watchlist/audit/WS_C154_WEEKLY_SWING_WATCHLIST_PRODUCTION_LIVE_RUNTIME_CONTROLLED_OUTPUT_GENERATION_EXECUTION.md,docs/watchlist/evidence/weekly_swing/results/WS_C154_WEEKLY_SWING_WATCHLIST_PRODUCTION_LIVE_RUNTIME_CONTROLLED_OUTPUT_GENERATION_EXECUTION.md,EVIDENCE_RESULT
docs/watchlist/audit/WS_C155_OPERATOR_VALIDATION_COMMANDS.md,docs/watchlist/evidence/weekly_swing/operator_commands/WS_C155_OPERATOR_VALIDATION_COMMANDS.md,EVIDENCE_OPERATOR_COMMAND
docs/watchlist/audit/WS_C155_WEEKLY_SWING_WATCHLIST_PRODUCTION_LIVE_RUNTIME_CONTROLLED_OUTPUT_GENERATION_RESULT_REVIEW.md,docs/watchlist/evidence/weekly_swing/results/WS_C155_WEEKLY_SWING_WATCHLIST_PRODUCTION_LIVE_RUNTIME_CONTROLLED_OUTPUT_GENERATION_RESULT_REVIEW.md,EVIDENCE_RESULT
docs/watchlist/audit/WS_C156_OPERATOR_VALIDATION_COMMANDS.md,docs/watchlist/evidence/weekly_swing/operator_commands/WS_C156_OPERATOR_VALIDATION_COMMANDS.md,EVIDENCE_OPERATOR_COMMAND
docs/watchlist/audit/WS_C156_WEEKLY_SWING_WATCHLIST_PRODUCTION_LIVE_RUNTIME_CONTROLLED_OUTPUT_GENERATION_OPERATOR_GO_NO_GO_REVIEW.md,docs/watchlist/decisions/weekly_swing/WS_C156_WEEKLY_SWING_WATCHLIST_PRODUCTION_LIVE_RUNTIME_CONTROLLED_OUTPUT_GENERATION_OPERATOR_GO_NO_GO_REVIEW.md,DECISION
docs/watchlist/audit/WS_C157_OPERATOR_VALIDATION_COMMANDS.md,docs/watchlist/evidence/weekly_swing/operator_commands/WS_C157_OPERATOR_VALIDATION_COMMANDS.md,EVIDENCE_OPERATOR_COMMAND
docs/watchlist/audit/WS_C157_WEEKLY_SWING_WATCHLIST_PRODUCTION_LIVE_RUNTIME_CONTROLLED_OUTPUT_GENERATION_GO_DECISION_FINALIZATION_REVIEW.md,docs/watchlist/decisions/weekly_swing/WS_C157_WEEKLY_SWING_WATCHLIST_PRODUCTION_LIVE_RUNTIME_CONTROLLED_OUTPUT_GENERATION_GO_DECISION_FINALIZATION_REVIEW.md,DECISION
docs/watchlist/audit/WS_C158_OPERATOR_VALIDATION_COMMANDS.md,docs/watchlist/evidence/weekly_swing/operator_commands/WS_C158_OPERATOR_VALIDATION_COMMANDS.md,EVIDENCE_OPERATOR_COMMAND
docs/watchlist/audit/WS_C158_WEEKLY_SWING_WATCHLIST_PRODUCTION_LIVE_RUNTIME_CONTROLLED_OUTPUT_PUBLICATION_BOUNDARY_REVIEW.md,docs/watchlist/evidence/weekly_swing/results/WS_C158_WEEKLY_SWING_WATCHLIST_PRODUCTION_LIVE_RUNTIME_CONTROLLED_OUTPUT_PUBLICATION_BOUNDARY_REVIEW.md,EVIDENCE_RESULT
docs/watchlist/audit/WS_C158_WEEKLY_SWING_WATCHLIST_PRODUCTION_LIVE_RUNTIME_CONTROLLED_OUTPUT_PUBLICATION_EXECUTION.md,docs/watchlist/evidence/weekly_swing/results/WS_C158_WEEKLY_SWING_WATCHLIST_PRODUCTION_LIVE_RUNTIME_CONTROLLED_OUTPUT_PUBLICATION_EXECUTION.md,EVIDENCE_RESULT
docs/watchlist/audit/WS_C158_WEEKLY_SWING_WATCHLIST_PRODUCTION_LIVE_RUNTIME_CONTROLLED_OUTPUT_PUBLICATION_GO_DECISION_FINALIZATION_REVIEW.md,docs/watchlist/decisions/weekly_swing/WS_C158_WEEKLY_SWING_WATCHLIST_PRODUCTION_LIVE_RUNTIME_CONTROLLED_OUTPUT_PUBLICATION_GO_DECISION_FINALIZATION_REVIEW.md,DECISION
docs/watchlist/audit/WS_C158_WEEKLY_SWING_WATCHLIST_PRODUCTION_LIVE_RUNTIME_CONTROLLED_OUTPUT_PUBLICATION_OPERATOR_GO_NO_GO_REVIEW.md,docs/watchlist/decisions/weekly_swing/WS_C158_WEEKLY_SWING_WATCHLIST_PRODUCTION_LIVE_RUNTIME_CONTROLLED_OUTPUT_PUBLICATION_OPERATOR_GO_NO_GO_REVIEW.md,DECISION
docs/watchlist/audit/WS_C158_WEEKLY_SWING_WATCHLIST_PRODUCTION_LIVE_RUNTIME_CONTROLLED_OUTPUT_PUBLICATION_RESULT_REVIEW.md,docs/watchlist/evidence/weekly_swing/results/WS_C158_WEEKLY_SWING_WATCHLIST_PRODUCTION_LIVE_RUNTIME_CONTROLLED_OUTPUT_PUBLICATION_RESULT_REVIEW.md,EVIDENCE_RESULT
docs/watchlist/audit/WS_C159_OPERATOR_VALIDATION_COMMANDS.md,docs/watchlist/evidence/weekly_swing/operator_commands/WS_C159_OPERATOR_VALIDATION_COMMANDS.md,EVIDENCE_OPERATOR_COMMAND
docs/watchlist/audit/WS_C159_WEEKLY_SWING_WATCHLIST_PRODUCTION_LIVE_RUNTIME_CONTROLLED_OUTPUT_PUBLICATION_POST_PUBLICATION_OBSERVATION_GO_DECISION_FINALIZATION_REVIEW.md,docs/watchlist/decisions/weekly_swing/WS_C159_WEEKLY_SWING_WATCHLIST_PRODUCTION_LIVE_RUNTIME_CONTROLLED_OUTPUT_PUBLICATION_POST_PUBLICATION_OBSERVATION_GO_DECISION_FINALIZATION_REVIEW.md,DECISION
docs/watchlist/audit/WS_C159_WEEKLY_SWING_WATCHLIST_PRODUCTION_LIVE_RUNTIME_CONTROLLED_OUTPUT_PUBLICATION_POST_PUBLICATION_OBSERVATION_OPERATOR_GO_NO_GO_REVIEW.md,docs/watchlist/decisions/weekly_swing/WS_C159_WEEKLY_SWING_WATCHLIST_PRODUCTION_LIVE_RUNTIME_CONTROLLED_OUTPUT_PUBLICATION_POST_PUBLICATION_OBSERVATION_OPERATOR_GO_NO_GO_REVIEW.md,DECISION
docs/watchlist/audit/WS_C159_WEEKLY_SWING_WATCHLIST_PRODUCTION_LIVE_RUNTIME_CONTROLLED_OUTPUT_PUBLICATION_POST_PUBLICATION_OBSERVATION_RESULT_REVIEW.md,docs/watchlist/evidence/weekly_swing/results/WS_C159_WEEKLY_SWING_WATCHLIST_PRODUCTION_LIVE_RUNTIME_CONTROLLED_OUTPUT_PUBLICATION_POST_PUBLICATION_OBSERVATION_RESULT_REVIEW.md,EVIDENCE_RESULT
docs/watchlist/audit/WS_C159_WEEKLY_SWING_WATCHLIST_PRODUCTION_LIVE_RUNTIME_CONTROLLED_OUTPUT_PUBLICATION_POST_PUBLICATION_OBSERVATION_REVIEW.md,docs/watchlist/evidence/weekly_swing/results/WS_C159_WEEKLY_SWING_WATCHLIST_PRODUCTION_LIVE_RUNTIME_CONTROLLED_OUTPUT_PUBLICATION_POST_PUBLICATION_OBSERVATION_REVIEW.md,EVIDENCE_RESULT
docs/watchlist/audit/WS_C15_OPERATOR_VALIDATION_COMMANDS.md,docs/watchlist/evidence/weekly_swing/operator_commands/WS_C15_OPERATOR_VALIDATION_COMMANDS.md,EVIDENCE_OPERATOR_COMMAND
docs/watchlist/audit/WS_C15_STRATEGY_QUALITY_ROOT_CAUSE_FINAL_RESULT.md,docs/watchlist/findings/weekly_swing/records/WS_C15_STRATEGY_QUALITY_ROOT_CAUSE_FINAL_RESULT.md,FINDING_RECORD
docs/watchlist/audit/WS_C160_OPERATOR_VALIDATION_COMMANDS.md,docs/watchlist/evidence/weekly_swing/operator_commands/WS_C160_OPERATOR_VALIDATION_COMMANDS.md,EVIDENCE_OPERATOR_COMMAND
docs/watchlist/audit/WS_C160_WEEKLY_SWING_WATCHLIST_PRODUCTION_LIVE_RUNTIME_PLAN_CONFIRM_BOUNDARY_REVIEW.md,docs/watchlist/evidence/weekly_swing/results/WS_C160_WEEKLY_SWING_WATCHLIST_PRODUCTION_LIVE_RUNTIME_PLAN_CONFIRM_BOUNDARY_REVIEW.md,EVIDENCE_RESULT
docs/watchlist/audit/WS_C160_WEEKLY_SWING_WATCHLIST_PRODUCTION_LIVE_RUNTIME_PLAN_CONFIRM_EXECUTION.md,docs/watchlist/evidence/weekly_swing/results/WS_C160_WEEKLY_SWING_WATCHLIST_PRODUCTION_LIVE_RUNTIME_PLAN_CONFIRM_EXECUTION.md,EVIDENCE_RESULT
docs/watchlist/audit/WS_C160_WEEKLY_SWING_WATCHLIST_PRODUCTION_LIVE_RUNTIME_PLAN_CONFIRM_GO_DECISION_FINALIZATION_REVIEW.md,docs/watchlist/decisions/weekly_swing/WS_C160_WEEKLY_SWING_WATCHLIST_PRODUCTION_LIVE_RUNTIME_PLAN_CONFIRM_GO_DECISION_FINALIZATION_REVIEW.md,DECISION
docs/watchlist/audit/WS_C160_WEEKLY_SWING_WATCHLIST_PRODUCTION_LIVE_RUNTIME_PLAN_CONFIRM_OPERATOR_GO_NO_GO_REVIEW.md,docs/watchlist/decisions/weekly_swing/WS_C160_WEEKLY_SWING_WATCHLIST_PRODUCTION_LIVE_RUNTIME_PLAN_CONFIRM_OPERATOR_GO_NO_GO_REVIEW.md,DECISION
docs/watchlist/audit/WS_C160_WEEKLY_SWING_WATCHLIST_PRODUCTION_LIVE_RUNTIME_PLAN_CONFIRM_RESULT_REVIEW.md,docs/watchlist/evidence/weekly_swing/results/WS_C160_WEEKLY_SWING_WATCHLIST_PRODUCTION_LIVE_RUNTIME_PLAN_CONFIRM_RESULT_REVIEW.md,EVIDENCE_RESULT
docs/watchlist/audit/WS_C161_OPERATOR_VALIDATION_COMMANDS.md,docs/watchlist/evidence/weekly_swing/operator_commands/WS_C161_OPERATOR_VALIDATION_COMMANDS.md,EVIDENCE_OPERATOR_COMMAND
docs/watchlist/audit/WS_C161_WEEKLY_SWING_WATCHLIST_PRODUCTION_LIVE_RUNTIME_PLAN_CONFIRM_COMPLETION_BOUNDARY_REVIEW.md,docs/watchlist/evidence/weekly_swing/results/WS_C161_WEEKLY_SWING_WATCHLIST_PRODUCTION_LIVE_RUNTIME_PLAN_CONFIRM_COMPLETION_BOUNDARY_REVIEW.md,EVIDENCE_RESULT
docs/watchlist/audit/WS_C161_WEEKLY_SWING_WATCHLIST_PRODUCTION_LIVE_RUNTIME_PLAN_CONFIRM_COMPLETION_EXECUTION.md,docs/watchlist/evidence/weekly_swing/results/WS_C161_WEEKLY_SWING_WATCHLIST_PRODUCTION_LIVE_RUNTIME_PLAN_CONFIRM_COMPLETION_EXECUTION.md,EVIDENCE_RESULT
docs/watchlist/audit/WS_C161_WEEKLY_SWING_WATCHLIST_PRODUCTION_LIVE_RUNTIME_PLAN_CONFIRM_COMPLETION_GO_DECISION_FINALIZATION_REVIEW.md,docs/watchlist/decisions/weekly_swing/WS_C161_WEEKLY_SWING_WATCHLIST_PRODUCTION_LIVE_RUNTIME_PLAN_CONFIRM_COMPLETION_GO_DECISION_FINALIZATION_REVIEW.md,DECISION
docs/watchlist/audit/WS_C161_WEEKLY_SWING_WATCHLIST_PRODUCTION_LIVE_RUNTIME_PLAN_CONFIRM_COMPLETION_OPERATOR_GO_NO_GO_REVIEW.md,docs/watchlist/decisions/weekly_swing/WS_C161_WEEKLY_SWING_WATCHLIST_PRODUCTION_LIVE_RUNTIME_PLAN_CONFIRM_COMPLETION_OPERATOR_GO_NO_GO_REVIEW.md,DECISION
docs/watchlist/audit/WS_C161_WEEKLY_SWING_WATCHLIST_PRODUCTION_LIVE_RUNTIME_PLAN_CONFIRM_COMPLETION_RESULT_REVIEW.md,docs/watchlist/evidence/weekly_swing/results/WS_C161_WEEKLY_SWING_WATCHLIST_PRODUCTION_LIVE_RUNTIME_PLAN_CONFIRM_COMPLETION_RESULT_REVIEW.md,EVIDENCE_RESULT
docs/watchlist/audit/WS_C162_HANDOFF_AUDIT_ARCHIVE_COMPLETION_OPERATOR_VALIDATION_COMMANDS.md,docs/watchlist/evidence/weekly_swing/operator_commands/WS_C162_HANDOFF_AUDIT_ARCHIVE_COMPLETION_OPERATOR_VALIDATION_COMMANDS.md,EVIDENCE_OPERATOR_COMMAND
docs/watchlist/audit/WS_C162_HANDOFF_AUDIT_ARCHIVE_COMPLETION_SEAL_OPERATOR_VALIDATION_COMMANDS.md,docs/watchlist/evidence/weekly_swing/operator_commands/WS_C162_HANDOFF_AUDIT_ARCHIVE_COMPLETION_SEAL_OPERATOR_VALIDATION_COMMANDS.md,EVIDENCE_OPERATOR_COMMAND
docs/watchlist/audit/WS_C162_HANDOFF_AUDIT_ARCHIVE_FINAL_CLOSURE_OPERATOR_VALIDATION_COMMANDS.md,docs/watchlist/evidence/weekly_swing/operator_commands/WS_C162_HANDOFF_AUDIT_ARCHIVE_FINAL_CLOSURE_OPERATOR_VALIDATION_COMMANDS.md,EVIDENCE_OPERATOR_COMMAND
docs/watchlist/audit/WS_C162_HANDOFF_AUDIT_ARCHIVE_OPERATOR_VALIDATION_COMMANDS.md,docs/watchlist/evidence/weekly_swing/operator_commands/WS_C162_HANDOFF_AUDIT_ARCHIVE_OPERATOR_VALIDATION_COMMANDS.md,EVIDENCE_OPERATOR_COMMAND
docs/watchlist/audit/WS_C162_HANDOFF_CLOSURE_SEAL_OPERATOR_VALIDATION_COMMANDS.md,docs/watchlist/evidence/weekly_swing/operator_commands/WS_C162_HANDOFF_CLOSURE_SEAL_OPERATOR_VALIDATION_COMMANDS.md,EVIDENCE_OPERATOR_COMMAND
docs/watchlist/audit/WS_C162_HANDOFF_COMPLETION_BOUNDARY_OPERATOR_VALIDATION_COMMANDS.md,docs/watchlist/evidence/weekly_swing/operator_commands/WS_C162_HANDOFF_COMPLETION_BOUNDARY_OPERATOR_VALIDATION_COMMANDS.md,EVIDENCE_OPERATOR_COMMAND
docs/watchlist/audit/WS_C162_HANDOFF_FINALIZATION_OPERATOR_VALIDATION_COMMANDS.md,docs/watchlist/evidence/weekly_swing/operator_commands/WS_C162_HANDOFF_FINALIZATION_OPERATOR_VALIDATION_COMMANDS.md,EVIDENCE_OPERATOR_COMMAND
docs/watchlist/audit/WS_C162_OPERATOR_VALIDATION_COMMANDS.md,docs/watchlist/evidence/weekly_swing/operator_commands/WS_C162_OPERATOR_VALIDATION_COMMANDS.md,EVIDENCE_OPERATOR_COMMAND
docs/watchlist/audit/WS_C162_WEEKLY_SWING_WATCHLIST_PRODUCTION_LIVE_RUNTIME_PLAN_CONFIRM_COMPLETION_HANDOFF_AUDIT_ARCHIVE_COMPLETION_REVIEW.md,docs/watchlist/evidence/weekly_swing/results/WS_C162_WEEKLY_SWING_WATCHLIST_PRODUCTION_LIVE_RUNTIME_PLAN_CONFIRM_COMPLETION_HANDOFF_AUDIT_ARCHIVE_COMPLETION_REVIEW.md,EVIDENCE_RESULT
docs/watchlist/audit/WS_C162_WEEKLY_SWING_WATCHLIST_PRODUCTION_LIVE_RUNTIME_PLAN_CONFIRM_COMPLETION_HANDOFF_AUDIT_ARCHIVE_COMPLETION_SEAL_REVIEW.md,docs/watchlist/evidence/weekly_swing/results/WS_C162_WEEKLY_SWING_WATCHLIST_PRODUCTION_LIVE_RUNTIME_PLAN_CONFIRM_COMPLETION_HANDOFF_AUDIT_ARCHIVE_COMPLETION_SEAL_REVIEW.md,EVIDENCE_RESULT
docs/watchlist/audit/WS_C162_WEEKLY_SWING_WATCHLIST_PRODUCTION_LIVE_RUNTIME_PLAN_CONFIRM_COMPLETION_HANDOFF_AUDIT_ARCHIVE_FINAL_CLOSURE_REVIEW.md,docs/watchlist/decisions/weekly_swing/WS_C162_WEEKLY_SWING_WATCHLIST_PRODUCTION_LIVE_RUNTIME_PLAN_CONFIRM_COMPLETION_HANDOFF_AUDIT_ARCHIVE_FINAL_CLOSURE_REVIEW.md,DECISION
docs/watchlist/audit/WS_C162_WEEKLY_SWING_WATCHLIST_PRODUCTION_LIVE_RUNTIME_PLAN_CONFIRM_COMPLETION_HANDOFF_AUDIT_ARCHIVE_REVIEW.md,docs/watchlist/evidence/weekly_swing/results/WS_C162_WEEKLY_SWING_WATCHLIST_PRODUCTION_LIVE_RUNTIME_PLAN_CONFIRM_COMPLETION_HANDOFF_AUDIT_ARCHIVE_REVIEW.md,EVIDENCE_RESULT
docs/watchlist/audit/WS_C162_WEEKLY_SWING_WATCHLIST_PRODUCTION_LIVE_RUNTIME_PLAN_CONFIRM_COMPLETION_HANDOFF_CLOSURE_SEAL_REVIEW.md,docs/watchlist/evidence/weekly_swing/results/WS_C162_WEEKLY_SWING_WATCHLIST_PRODUCTION_LIVE_RUNTIME_PLAN_CONFIRM_COMPLETION_HANDOFF_CLOSURE_SEAL_REVIEW.md,EVIDENCE_RESULT
docs/watchlist/audit/WS_C162_WEEKLY_SWING_WATCHLIST_PRODUCTION_LIVE_RUNTIME_PLAN_CONFIRM_COMPLETION_HANDOFF_COMPLETION_BOUNDARY_REVIEW.md,docs/watchlist/evidence/weekly_swing/results/WS_C162_WEEKLY_SWING_WATCHLIST_PRODUCTION_LIVE_RUNTIME_PLAN_CONFIRM_COMPLETION_HANDOFF_COMPLETION_BOUNDARY_REVIEW.md,EVIDENCE_RESULT
docs/watchlist/audit/WS_C162_WEEKLY_SWING_WATCHLIST_PRODUCTION_LIVE_RUNTIME_PLAN_CONFIRM_COMPLETION_HANDOFF_FINALIZATION_REVIEW.md,docs/watchlist/evidence/weekly_swing/results/WS_C162_WEEKLY_SWING_WATCHLIST_PRODUCTION_LIVE_RUNTIME_PLAN_CONFIRM_COMPLETION_HANDOFF_FINALIZATION_REVIEW.md,EVIDENCE_RESULT
docs/watchlist/audit/WS_C162_WEEKLY_SWING_WATCHLIST_PRODUCTION_LIVE_RUNTIME_PLAN_CONFIRM_COMPLETION_HANDOFF_READINESS_REVIEW.md,docs/watchlist/evidence/weekly_swing/results/WS_C162_WEEKLY_SWING_WATCHLIST_PRODUCTION_LIVE_RUNTIME_PLAN_CONFIRM_COMPLETION_HANDOFF_READINESS_REVIEW.md,EVIDENCE_RESULT
docs/watchlist/audit/WS_C163_POST_HANDOFF_ACTIVATION_APPROVAL_OPERATOR_VALIDATION_COMMANDS.md,docs/watchlist/evidence/weekly_swing/operator_commands/WS_C163_POST_HANDOFF_ACTIVATION_APPROVAL_OPERATOR_VALIDATION_COMMANDS.md,EVIDENCE_OPERATOR_COMMAND
docs/watchlist/audit/WS_C163_POST_HANDOFF_ACTIVATION_EXECUTION_OPERATOR_VALIDATION_COMMANDS.md,docs/watchlist/evidence/weekly_swing/operator_commands/WS_C163_POST_HANDOFF_ACTIVATION_EXECUTION_OPERATOR_VALIDATION_COMMANDS.md,EVIDENCE_OPERATOR_COMMAND
docs/watchlist/audit/WS_C163_POST_HANDOFF_ACTIVATION_GO_DECISION_FINALIZATION_OPERATOR_VALIDATION_COMMANDS.md,docs/watchlist/evidence/weekly_swing/operator_commands/WS_C163_POST_HANDOFF_ACTIVATION_GO_DECISION_FINALIZATION_OPERATOR_VALIDATION_COMMANDS.md,EVIDENCE_OPERATOR_COMMAND
docs/watchlist/audit/WS_C163_POST_HANDOFF_ACTIVATION_OBSERVATION_OPERATOR_VALIDATION_COMMANDS.md,docs/watchlist/evidence/weekly_swing/operator_commands/WS_C163_POST_HANDOFF_ACTIVATION_OBSERVATION_OPERATOR_VALIDATION_COMMANDS.md,EVIDENCE_OPERATOR_COMMAND
docs/watchlist/audit/WS_C163_POST_HANDOFF_ACTIVATION_OBSERVATION_RESULT_OPERATOR_VALIDATION_COMMANDS.md,docs/watchlist/evidence/weekly_swing/operator_commands/WS_C163_POST_HANDOFF_ACTIVATION_OBSERVATION_RESULT_OPERATOR_VALIDATION_COMMANDS.md,EVIDENCE_OPERATOR_COMMAND
docs/watchlist/audit/WS_C163_POST_HANDOFF_ACTIVATION_OPERATOR_GO_NO_GO_OPERATOR_VALIDATION_COMMANDS.md,docs/watchlist/evidence/weekly_swing/operator_commands/WS_C163_POST_HANDOFF_ACTIVATION_OPERATOR_GO_NO_GO_OPERATOR_VALIDATION_COMMANDS.md,EVIDENCE_OPERATOR_COMMAND
docs/watchlist/audit/WS_C163_POST_HANDOFF_ACTIVATION_READINESS_OPERATOR_VALIDATION_COMMANDS.md,docs/watchlist/evidence/weekly_swing/operator_commands/WS_C163_POST_HANDOFF_ACTIVATION_READINESS_OPERATOR_VALIDATION_COMMANDS.md,EVIDENCE_OPERATOR_COMMAND
docs/watchlist/audit/WS_C163_POST_HANDOFF_BOUNDARY_OPERATOR_VALIDATION_COMMANDS.md,docs/watchlist/evidence/weekly_swing/operator_commands/WS_C163_POST_HANDOFF_BOUNDARY_OPERATOR_VALIDATION_COMMANDS.md,EVIDENCE_OPERATOR_COMMAND
docs/watchlist/audit/WS_C163_WEEKLY_SWING_WATCHLIST_PRODUCTION_LIVE_RUNTIME_PLAN_CONFIRM_COMPLETION_POST_HANDOFF_ACTIVATION_APPROVAL_REVIEW.md,docs/watchlist/decisions/weekly_swing/WS_C163_WEEKLY_SWING_WATCHLIST_PRODUCTION_LIVE_RUNTIME_PLAN_CONFIRM_COMPLETION_POST_HANDOFF_ACTIVATION_APPROVAL_REVIEW.md,DECISION
docs/watchlist/audit/WS_C163_WEEKLY_SWING_WATCHLIST_PRODUCTION_LIVE_RUNTIME_PLAN_CONFIRM_COMPLETION_POST_HANDOFF_ACTIVATION_EXECUTION_REVIEW.md,docs/watchlist/evidence/weekly_swing/results/WS_C163_WEEKLY_SWING_WATCHLIST_PRODUCTION_LIVE_RUNTIME_PLAN_CONFIRM_COMPLETION_POST_HANDOFF_ACTIVATION_EXECUTION_REVIEW.md,EVIDENCE_RESULT
docs/watchlist/audit/WS_C163_WEEKLY_SWING_WATCHLIST_PRODUCTION_LIVE_RUNTIME_PLAN_CONFIRM_COMPLETION_POST_HANDOFF_ACTIVATION_GO_DECISION_FINALIZATION_REVIEW.md,docs/watchlist/decisions/weekly_swing/WS_C163_WEEKLY_SWING_WATCHLIST_PRODUCTION_LIVE_RUNTIME_PLAN_CONFIRM_COMPLETION_POST_HANDOFF_ACTIVATION_GO_DECISION_FINALIZATION_REVIEW.md,DECISION
docs/watchlist/audit/WS_C163_WEEKLY_SWING_WATCHLIST_PRODUCTION_LIVE_RUNTIME_PLAN_CONFIRM_COMPLETION_POST_HANDOFF_ACTIVATION_OBSERVATION_RESULT_REVIEW.md,docs/watchlist/evidence/weekly_swing/results/WS_C163_WEEKLY_SWING_WATCHLIST_PRODUCTION_LIVE_RUNTIME_PLAN_CONFIRM_COMPLETION_POST_HANDOFF_ACTIVATION_OBSERVATION_RESULT_REVIEW.md,EVIDENCE_RESULT
docs/watchlist/audit/WS_C163_WEEKLY_SWING_WATCHLIST_PRODUCTION_LIVE_RUNTIME_PLAN_CONFIRM_COMPLETION_POST_HANDOFF_ACTIVATION_OBSERVATION_REVIEW.md,docs/watchlist/evidence/weekly_swing/results/WS_C163_WEEKLY_SWING_WATCHLIST_PRODUCTION_LIVE_RUNTIME_PLAN_CONFIRM_COMPLETION_POST_HANDOFF_ACTIVATION_OBSERVATION_REVIEW.md,EVIDENCE_RESULT
docs/watchlist/audit/WS_C163_WEEKLY_SWING_WATCHLIST_PRODUCTION_LIVE_RUNTIME_PLAN_CONFIRM_COMPLETION_POST_HANDOFF_ACTIVATION_OPERATOR_GO_NO_GO_REVIEW.md,docs/watchlist/decisions/weekly_swing/WS_C163_WEEKLY_SWING_WATCHLIST_PRODUCTION_LIVE_RUNTIME_PLAN_CONFIRM_COMPLETION_POST_HANDOFF_ACTIVATION_OPERATOR_GO_NO_GO_REVIEW.md,DECISION
docs/watchlist/audit/WS_C163_WEEKLY_SWING_WATCHLIST_PRODUCTION_LIVE_RUNTIME_PLAN_CONFIRM_COMPLETION_POST_HANDOFF_ACTIVATION_READINESS_REVIEW.md,docs/watchlist/evidence/weekly_swing/results/WS_C163_WEEKLY_SWING_WATCHLIST_PRODUCTION_LIVE_RUNTIME_PLAN_CONFIRM_COMPLETION_POST_HANDOFF_ACTIVATION_READINESS_REVIEW.md,EVIDENCE_RESULT
docs/watchlist/audit/WS_C163_WEEKLY_SWING_WATCHLIST_PRODUCTION_LIVE_RUNTIME_PLAN_CONFIRM_COMPLETION_POST_HANDOFF_BOUNDARY_REVIEW.md,docs/watchlist/evidence/weekly_swing/results/WS_C163_WEEKLY_SWING_WATCHLIST_PRODUCTION_LIVE_RUNTIME_PLAN_CONFIRM_COMPLETION_POST_HANDOFF_BOUNDARY_REVIEW.md,EVIDENCE_RESULT
docs/watchlist/audit/WS_C164_POST_HANDOFF_ACTIVATION_COMPLETION_BOUNDARY_OPERATOR_VALIDATION_COMMANDS.md,docs/watchlist/evidence/weekly_swing/operator_commands/WS_C164_POST_HANDOFF_ACTIVATION_COMPLETION_BOUNDARY_OPERATOR_VALIDATION_COMMANDS.md,EVIDENCE_OPERATOR_COMMAND
docs/watchlist/audit/WS_C164_POST_HANDOFF_ACTIVATION_COMPLETION_EXECUTION_OPERATOR_VALIDATION_COMMANDS.md,docs/watchlist/evidence/weekly_swing/operator_commands/WS_C164_POST_HANDOFF_ACTIVATION_COMPLETION_EXECUTION_OPERATOR_VALIDATION_COMMANDS.md,EVIDENCE_OPERATOR_COMMAND
docs/watchlist/audit/WS_C164_POST_HANDOFF_ACTIVATION_COMPLETION_GO_DECISION_FINALIZATION_OPERATOR_VALIDATION_COMMANDS.md,docs/watchlist/evidence/weekly_swing/operator_commands/WS_C164_POST_HANDOFF_ACTIVATION_COMPLETION_GO_DECISION_FINALIZATION_OPERATOR_VALIDATION_COMMANDS.md,EVIDENCE_OPERATOR_COMMAND
docs/watchlist/audit/WS_C164_POST_HANDOFF_ACTIVATION_COMPLETION_OPERATOR_GO_NO_GO_OPERATOR_VALIDATION_COMMANDS.md,docs/watchlist/evidence/weekly_swing/operator_commands/WS_C164_POST_HANDOFF_ACTIVATION_COMPLETION_OPERATOR_GO_NO_GO_OPERATOR_VALIDATION_COMMANDS.md,EVIDENCE_OPERATOR_COMMAND
docs/watchlist/audit/WS_C164_POST_HANDOFF_ACTIVATION_COMPLETION_RESULT_REVIEW_OPERATOR_VALIDATION_COMMANDS.md,docs/watchlist/evidence/weekly_swing/operator_commands/WS_C164_POST_HANDOFF_ACTIVATION_COMPLETION_RESULT_REVIEW_OPERATOR_VALIDATION_COMMANDS.md,EVIDENCE_OPERATOR_COMMAND
docs/watchlist/audit/WS_C164_WEEKLY_SWING_WATCHLIST_PRODUCTION_LIVE_RUNTIME_PLAN_CONFIRM_COMPLETION_POST_HANDOFF_ACTIVATION_COMPLETION_BOUNDARY_REVIEW.md,docs/watchlist/evidence/weekly_swing/results/WS_C164_WEEKLY_SWING_WATCHLIST_PRODUCTION_LIVE_RUNTIME_PLAN_CONFIRM_COMPLETION_POST_HANDOFF_ACTIVATION_COMPLETION_BOUNDARY_REVIEW.md,EVIDENCE_RESULT
docs/watchlist/audit/WS_C164_WEEKLY_SWING_WATCHLIST_PRODUCTION_LIVE_RUNTIME_PLAN_CONFIRM_COMPLETION_POST_HANDOFF_ACTIVATION_COMPLETION_EXECUTION.md,docs/watchlist/evidence/weekly_swing/results/WS_C164_WEEKLY_SWING_WATCHLIST_PRODUCTION_LIVE_RUNTIME_PLAN_CONFIRM_COMPLETION_POST_HANDOFF_ACTIVATION_COMPLETION_EXECUTION.md,EVIDENCE_RESULT
docs/watchlist/audit/WS_C164_WEEKLY_SWING_WATCHLIST_PRODUCTION_LIVE_RUNTIME_PLAN_CONFIRM_COMPLETION_POST_HANDOFF_ACTIVATION_COMPLETION_GO_DECISION_FINALIZATION_REVIEW.md,docs/watchlist/decisions/weekly_swing/WS_C164_WEEKLY_SWING_WATCHLIST_PRODUCTION_LIVE_RUNTIME_PLAN_CONFIRM_COMPLETION_POST_HANDOFF_ACTIVATION_COMPLETION_GO_DECISION_FINALIZATION_REVIEW.md,DECISION
docs/watchlist/audit/WS_C164_WEEKLY_SWING_WATCHLIST_PRODUCTION_LIVE_RUNTIME_PLAN_CONFIRM_COMPLETION_POST_HANDOFF_ACTIVATION_COMPLETION_OPERATOR_GO_NO_GO_REVIEW.md,docs/watchlist/decisions/weekly_swing/WS_C164_WEEKLY_SWING_WATCHLIST_PRODUCTION_LIVE_RUNTIME_PLAN_CONFIRM_COMPLETION_POST_HANDOFF_ACTIVATION_COMPLETION_OPERATOR_GO_NO_GO_REVIEW.md,DECISION
docs/watchlist/audit/WS_C164_WEEKLY_SWING_WATCHLIST_PRODUCTION_LIVE_RUNTIME_PLAN_CONFIRM_COMPLETION_POST_HANDOFF_ACTIVATION_COMPLETION_RESULT_REVIEW.md,docs/watchlist/evidence/weekly_swing/results/WS_C164_WEEKLY_SWING_WATCHLIST_PRODUCTION_LIVE_RUNTIME_PLAN_CONFIRM_COMPLETION_POST_HANDOFF_ACTIVATION_COMPLETION_RESULT_REVIEW.md,EVIDENCE_RESULT
docs/watchlist/audit/WS_C165_PLAN_CONFIRM_CONTROLLED_ROLLOUT_BOUNDARY_OPERATOR_VALIDATION_COMMANDS.md,docs/watchlist/evidence/weekly_swing/operator_commands/WS_C165_PLAN_CONFIRM_CONTROLLED_ROLLOUT_BOUNDARY_OPERATOR_VALIDATION_COMMANDS.md,EVIDENCE_OPERATOR_COMMAND
docs/watchlist/audit/WS_C165_PLAN_CONFIRM_CONTROLLED_ROLLOUT_EXECUTION_OPERATOR_VALIDATION_COMMANDS.md,docs/watchlist/evidence/weekly_swing/operator_commands/WS_C165_PLAN_CONFIRM_CONTROLLED_ROLLOUT_EXECUTION_OPERATOR_VALIDATION_COMMANDS.md,EVIDENCE_OPERATOR_COMMAND
docs/watchlist/audit/WS_C165_PLAN_CONFIRM_CONTROLLED_ROLLOUT_GO_DECISION_FINALIZATION_OPERATOR_VALIDATION_COMMANDS.md,docs/watchlist/evidence/weekly_swing/operator_commands/WS_C165_PLAN_CONFIRM_CONTROLLED_ROLLOUT_GO_DECISION_FINALIZATION_OPERATOR_VALIDATION_COMMANDS.md,EVIDENCE_OPERATOR_COMMAND
docs/watchlist/audit/WS_C165_PLAN_CONFIRM_CONTROLLED_ROLLOUT_OPERATOR_GO_NO_GO_OPERATOR_VALIDATION_COMMANDS.md,docs/watchlist/evidence/weekly_swing/operator_commands/WS_C165_PLAN_CONFIRM_CONTROLLED_ROLLOUT_OPERATOR_GO_NO_GO_OPERATOR_VALIDATION_COMMANDS.md,EVIDENCE_OPERATOR_COMMAND
docs/watchlist/audit/WS_C165_PLAN_CONFIRM_CONTROLLED_ROLLOUT_RESULT_REVIEW_OPERATOR_VALIDATION_COMMANDS.md,docs/watchlist/evidence/weekly_swing/operator_commands/WS_C165_PLAN_CONFIRM_CONTROLLED_ROLLOUT_RESULT_REVIEW_OPERATOR_VALIDATION_COMMANDS.md,EVIDENCE_OPERATOR_COMMAND
docs/watchlist/audit/WS_C165_WEEKLY_SWING_WATCHLIST_PRODUCTION_LIVE_RUNTIME_PLAN_CONFIRM_CONTROLLED_ROLLOUT_BOUNDARY_REVIEW.md,docs/watchlist/evidence/weekly_swing/results/WS_C165_WEEKLY_SWING_WATCHLIST_PRODUCTION_LIVE_RUNTIME_PLAN_CONFIRM_CONTROLLED_ROLLOUT_BOUNDARY_REVIEW.md,EVIDENCE_RESULT
docs/watchlist/audit/WS_C165_WEEKLY_SWING_WATCHLIST_PRODUCTION_LIVE_RUNTIME_PLAN_CONFIRM_CONTROLLED_ROLLOUT_EXECUTION.md,docs/watchlist/evidence/weekly_swing/results/WS_C165_WEEKLY_SWING_WATCHLIST_PRODUCTION_LIVE_RUNTIME_PLAN_CONFIRM_CONTROLLED_ROLLOUT_EXECUTION.md,EVIDENCE_RESULT
docs/watchlist/audit/WS_C165_WEEKLY_SWING_WATCHLIST_PRODUCTION_LIVE_RUNTIME_PLAN_CONFIRM_CONTROLLED_ROLLOUT_GO_DECISION_FINALIZATION_REVIEW.md,docs/watchlist/decisions/weekly_swing/WS_C165_WEEKLY_SWING_WATCHLIST_PRODUCTION_LIVE_RUNTIME_PLAN_CONFIRM_CONTROLLED_ROLLOUT_GO_DECISION_FINALIZATION_REVIEW.md,DECISION
docs/watchlist/audit/WS_C165_WEEKLY_SWING_WATCHLIST_PRODUCTION_LIVE_RUNTIME_PLAN_CONFIRM_CONTROLLED_ROLLOUT_OPERATOR_GO_NO_GO_REVIEW.md,docs/watchlist/decisions/weekly_swing/WS_C165_WEEKLY_SWING_WATCHLIST_PRODUCTION_LIVE_RUNTIME_PLAN_CONFIRM_CONTROLLED_ROLLOUT_OPERATOR_GO_NO_GO_REVIEW.md,DECISION
docs/watchlist/audit/WS_C165_WEEKLY_SWING_WATCHLIST_PRODUCTION_LIVE_RUNTIME_PLAN_CONFIRM_CONTROLLED_ROLLOUT_RESULT_REVIEW.md,docs/watchlist/evidence/weekly_swing/results/WS_C165_WEEKLY_SWING_WATCHLIST_PRODUCTION_LIVE_RUNTIME_PLAN_CONFIRM_CONTROLLED_ROLLOUT_RESULT_REVIEW.md,EVIDENCE_RESULT
docs/watchlist/audit/WS_C166_PLAN_CONFIRM_CONTROLLED_ROLLOUT_POST_ROLLOUT_OBSERVATION_GO_DECISION_FINALIZATION_OPERATOR_VALIDATION_COMMANDS.md,docs/watchlist/evidence/weekly_swing/operator_commands/WS_C166_PLAN_CONFIRM_CONTROLLED_ROLLOUT_POST_ROLLOUT_OBSERVATION_GO_DECISION_FINALIZATION_OPERATOR_VALIDATION_COMMANDS.md,EVIDENCE_OPERATOR_COMMAND
docs/watchlist/audit/WS_C166_PLAN_CONFIRM_CONTROLLED_ROLLOUT_POST_ROLLOUT_OBSERVATION_OPERATOR_GO_NO_GO_OPERATOR_VALIDATION_COMMANDS.md,docs/watchlist/evidence/weekly_swing/operator_commands/WS_C166_PLAN_CONFIRM_CONTROLLED_ROLLOUT_POST_ROLLOUT_OBSERVATION_OPERATOR_GO_NO_GO_OPERATOR_VALIDATION_COMMANDS.md,EVIDENCE_OPERATOR_COMMAND
docs/watchlist/audit/WS_C166_PLAN_CONFIRM_CONTROLLED_ROLLOUT_POST_ROLLOUT_OBSERVATION_OPERATOR_VALIDATION_COMMANDS.md,docs/watchlist/evidence/weekly_swing/operator_commands/WS_C166_PLAN_CONFIRM_CONTROLLED_ROLLOUT_POST_ROLLOUT_OBSERVATION_OPERATOR_VALIDATION_COMMANDS.md,EVIDENCE_OPERATOR_COMMAND
docs/watchlist/audit/WS_C166_PLAN_CONFIRM_CONTROLLED_ROLLOUT_POST_ROLLOUT_OBSERVATION_RESULT_REVIEW_OPERATOR_VALIDATION_COMMANDS.md,docs/watchlist/evidence/weekly_swing/operator_commands/WS_C166_PLAN_CONFIRM_CONTROLLED_ROLLOUT_POST_ROLLOUT_OBSERVATION_RESULT_REVIEW_OPERATOR_VALIDATION_COMMANDS.md,EVIDENCE_OPERATOR_COMMAND
docs/watchlist/audit/WS_C166_WEEKLY_SWING_WATCHLIST_PRODUCTION_LIVE_RUNTIME_PLAN_CONFIRM_CONTROLLED_ROLLOUT_POST_ROLLOUT_OBSERVATION_GO_DECISION_FINALIZATION_REVIEW.md,docs/watchlist/decisions/weekly_swing/WS_C166_WEEKLY_SWING_WATCHLIST_PRODUCTION_LIVE_RUNTIME_PLAN_CONFIRM_CONTROLLED_ROLLOUT_POST_ROLLOUT_OBSERVATION_GO_DECISION_FINALIZATION_REVIEW.md,DECISION
docs/watchlist/audit/WS_C166_WEEKLY_SWING_WATCHLIST_PRODUCTION_LIVE_RUNTIME_PLAN_CONFIRM_CONTROLLED_ROLLOUT_POST_ROLLOUT_OBSERVATION_OPERATOR_GO_NO_GO_REVIEW.md,docs/watchlist/decisions/weekly_swing/WS_C166_WEEKLY_SWING_WATCHLIST_PRODUCTION_LIVE_RUNTIME_PLAN_CONFIRM_CONTROLLED_ROLLOUT_POST_ROLLOUT_OBSERVATION_OPERATOR_GO_NO_GO_REVIEW.md,DECISION
docs/watchlist/audit/WS_C166_WEEKLY_SWING_WATCHLIST_PRODUCTION_LIVE_RUNTIME_PLAN_CONFIRM_CONTROLLED_ROLLOUT_POST_ROLLOUT_OBSERVATION_RESULT_REVIEW.md,docs/watchlist/evidence/weekly_swing/results/WS_C166_WEEKLY_SWING_WATCHLIST_PRODUCTION_LIVE_RUNTIME_PLAN_CONFIRM_CONTROLLED_ROLLOUT_POST_ROLLOUT_OBSERVATION_RESULT_REVIEW.md,EVIDENCE_RESULT
docs/watchlist/audit/WS_C166_WEEKLY_SWING_WATCHLIST_PRODUCTION_LIVE_RUNTIME_PLAN_CONFIRM_CONTROLLED_ROLLOUT_POST_ROLLOUT_OBSERVATION_REVIEW.md,docs/watchlist/evidence/weekly_swing/results/WS_C166_WEEKLY_SWING_WATCHLIST_PRODUCTION_LIVE_RUNTIME_PLAN_CONFIRM_CONTROLLED_ROLLOUT_POST_ROLLOUT_OBSERVATION_REVIEW.md,EVIDENCE_RESULT
docs/watchlist/audit/WS_C167_PLAN_CONFIRM_CONTROLLED_ROLLOUT_COMPLETION_BOUNDARY_OPERATOR_VALIDATION_COMMANDS.md,docs/watchlist/evidence/weekly_swing/operator_commands/WS_C167_PLAN_CONFIRM_CONTROLLED_ROLLOUT_COMPLETION_BOUNDARY_OPERATOR_VALIDATION_COMMANDS.md,EVIDENCE_OPERATOR_COMMAND
docs/watchlist/audit/WS_C167_WEEKLY_SWING_WATCHLIST_PRODUCTION_LIVE_RUNTIME_PLAN_CONFIRM_CONTROLLED_ROLLOUT_COMPLETION_BOUNDARY_REVIEW.md,docs/watchlist/evidence/weekly_swing/results/WS_C167_WEEKLY_SWING_WATCHLIST_PRODUCTION_LIVE_RUNTIME_PLAN_CONFIRM_CONTROLLED_ROLLOUT_COMPLETION_BOUNDARY_REVIEW.md,EVIDENCE_RESULT
docs/watchlist/audit/WS_C168_OPERATOR_VALIDATION_COMMANDS.md,docs/watchlist/evidence/weekly_swing/operator_commands/WS_C168_OPERATOR_VALIDATION_COMMANDS.md,EVIDENCE_OPERATOR_COMMAND
docs/watchlist/audit/WS_C168_WEEKLY_SWING_WATCHLIST_RUNTIME_INTEGRATION_GAP_REMEDIATION.md,docs/watchlist/research/weekly_swing/experiments/WS_C168_WEEKLY_SWING_WATCHLIST_RUNTIME_INTEGRATION_GAP_REMEDIATION.md,RESEARCH
docs/watchlist/audit/WS_C169_OPERATOR_VALIDATION_COMMANDS.md,docs/watchlist/evidence/weekly_swing/operator_commands/WS_C169_OPERATOR_VALIDATION_COMMANDS.md,EVIDENCE_OPERATOR_COMMAND
docs/watchlist/audit/WS_C169_WEEKLY_SWING_CANONICAL_PARAMSET_PERSISTENCE_AND_REAL_OOS_PROMOTION_GATE_REMEDIATION.md,docs/watchlist/research/weekly_swing/experiments/WS_C169_WEEKLY_SWING_CANONICAL_PARAMSET_PERSISTENCE_AND_REAL_OOS_PROMOTION_GATE_REMEDIATION.md,RESEARCH
docs/watchlist/audit/WS_C16_OPERATOR_VALIDATION_COMMANDS.md,docs/watchlist/evidence/weekly_swing/operator_commands/WS_C16_OPERATOR_VALIDATION_COMMANDS.md,EVIDENCE_OPERATOR_COMMAND
docs/watchlist/audit/WS_C16_QUALITY_RECOVERY_DESIGN_RESULT.md,docs/watchlist/evidence/weekly_swing/results/WS_C16_QUALITY_RECOVERY_DESIGN_RESULT.md,EVIDENCE_RESULT
docs/watchlist/audit/WS_C170_OPERATOR_VALIDATION_COMMANDS.md,docs/watchlist/evidence/weekly_swing/operator_commands/WS_C170_OPERATOR_VALIDATION_COMMANDS.md,EVIDENCE_OPERATOR_COMMAND
docs/watchlist/audit/WS_C170_WEEKLY_SWING_CANONICAL_IS_STRATEGY_AND_REAL_OOS_PROOF_REMEDIATION.md,docs/watchlist/research/weekly_swing/experiments/WS_C170_WEEKLY_SWING_CANONICAL_IS_STRATEGY_AND_REAL_OOS_PROOF_REMEDIATION.md,RESEARCH
docs/watchlist/audit/WS_C171_C01_TICK_RISK_GUARD_EXECUTION_AND_EVIDENCE_PROPAGATION_REPAIR.md,docs/watchlist/evidence/weekly_swing/results/WS_C171_C01_TICK_RISK_GUARD_EXECUTION_AND_EVIDENCE_PROPAGATION_REPAIR.md,EVIDENCE_RESULT
docs/watchlist/audit/WS_C171_C01_TICK_RISK_GUARD_PARAMETER_ADAPTER_REPAIR.md,docs/watchlist/evidence/weekly_swing/results/WS_C171_C01_TICK_RISK_GUARD_PARAMETER_ADAPTER_REPAIR.md,EVIDENCE_RESULT
docs/watchlist/audit/WS_C171_COMPARATIVE_OFFICIAL_IS_FAILURE_DIAGNOSTIC_AND_R2_HYPOTHESIS_LOCK.md,docs/watchlist/findings/weekly_swing/records/WS_C171_COMPARATIVE_OFFICIAL_IS_FAILURE_DIAGNOSTIC_AND_R2_HYPOTHESIS_LOCK.md,FINDING_RECORD
docs/watchlist/audit/WS_C171_COMPARATIVE_OFFICIAL_IS_FAILURE_DIAGNOSTIC_OPERATOR_COMMANDS.md,docs/watchlist/evidence/weekly_swing/operator_commands/WS_C171_COMPARATIVE_OFFICIAL_IS_FAILURE_DIAGNOSTIC_OPERATOR_COMMANDS.md,EVIDENCE_OPERATOR_COMMAND
docs/watchlist/audit/WS_C171_FINAL_BOUNDED_REMEDIATION_CATALOG_AND_CLOSURE_RULE_LOCK.md,docs/watchlist/research/weekly_swing/experiments/WS_C171_FINAL_BOUNDED_REMEDIATION_CATALOG_AND_CLOSURE_RULE_LOCK.md,RESEARCH
docs/watchlist/audit/WS_C171_FINAL_BOUNDED_REMEDIATION_OPERATOR_COMMANDS.md,docs/watchlist/evidence/weekly_swing/operator_commands/WS_C171_FINAL_BOUNDED_REMEDIATION_OPERATOR_COMMANDS.md,EVIDENCE_OPERATOR_COMMAND
docs/watchlist/audit/WS_C171_FINAL_FAILED_NOT_READY_CLOSURE_AND_EVIDENCE_SEAL.md,docs/watchlist/evidence/weekly_swing/results/WS_C171_FINAL_FAILED_NOT_READY_CLOSURE_AND_EVIDENCE_SEAL.md,EVIDENCE_RESULT
docs/watchlist/audit/WS_C171_FINAL_FAILED_NOT_READY_CLOSURE_OPERATOR_COMMANDS.md,docs/watchlist/evidence/weekly_swing/operator_commands/WS_C171_FINAL_FAILED_NOT_READY_CLOSURE_OPERATOR_COMMANDS.md,EVIDENCE_OPERATOR_COMMAND
docs/watchlist/audit/WS_C171_IMMUTABLE_DRAFT_PARAMSET_CANDIDATE_DESIGN.md,docs/watchlist/research/weekly_swing/experiments/WS_C171_IMMUTABLE_DRAFT_PARAMSET_CANDIDATE_DESIGN.md,RESEARCH
docs/watchlist/audit/WS_C171_LOW_PRICE_EXECUTION_QUALITY_C01_DRAFT_CATALOG_IMPLEMENTATION.md,docs/watchlist/evidence/weekly_swing/results/WS_C171_LOW_PRICE_EXECUTION_QUALITY_C01_DRAFT_CATALOG_IMPLEMENTATION.md,EVIDENCE_RESULT
docs/watchlist/audit/WS_C171_LOW_PRICE_EXECUTION_QUALITY_C01_OPERATOR_COMMANDS.md,docs/watchlist/evidence/weekly_swing/operator_commands/WS_C171_LOW_PRICE_EXECUTION_QUALITY_C01_OPERATOR_COMMANDS.md,EVIDENCE_OPERATOR_COMMAND
docs/watchlist/audit/WS_C171_OPERATOR_VALIDATION_COMMANDS.md,docs/watchlist/evidence/weekly_swing/operator_commands/WS_C171_OPERATOR_VALIDATION_COMMANDS.md,EVIDENCE_OPERATOR_COMMAND
docs/watchlist/audit/WS_C171_REAL_IS_REMEDIATION_DRAFT_CATALOG_IMPLEMENTATION.md,docs/watchlist/research/weekly_swing/experiments/WS_C171_REAL_IS_REMEDIATION_DRAFT_CATALOG_IMPLEMENTATION.md,RESEARCH
docs/watchlist/audit/WS_C171_REMEDIATION_DRAFT_CATALOG_OPERATOR_COMMANDS.md,docs/watchlist/evidence/weekly_swing/operator_commands/WS_C171_REMEDIATION_DRAFT_CATALOG_OPERATOR_COMMANDS.md,EVIDENCE_OPERATOR_COMMAND
docs/watchlist/audit/WS_C171_REMEDIATION_DRAFT_PARAMSET_HASH_IDENTITY_REPAIR.md,docs/watchlist/research/weekly_swing/experiments/WS_C171_REMEDIATION_DRAFT_PARAMSET_HASH_IDENTITY_REPAIR.md,RESEARCH
docs/watchlist/audit/WS_C171_TARGETED_EXECUTABLE_IS_STRATEGY_REMEDIATION_AND_TRADE_EVIDENCE_DIAGNOSTIC.md,docs/watchlist/findings/weekly_swing/records/WS_C171_TARGETED_EXECUTABLE_IS_STRATEGY_REMEDIATION_AND_TRADE_EVIDENCE_DIAGNOSTIC.md,FINDING_RECORD
docs/watchlist/audit/WS_C171_TRADE_EVIDENCE_DIAGNOSTIC_OPERATOR_COMMANDS.md,docs/watchlist/evidence/weekly_swing/operator_commands/WS_C171_TRADE_EVIDENCE_DIAGNOSTIC_OPERATOR_COMMANDS.md,EVIDENCE_OPERATOR_COMMAND
docs/watchlist/audit/WS_C171_WEEKLY_SWING_VERSIONED_OFFICIAL_BACKTEST_EVIDENCE_AND_EXECUTABLE_IS_STRATEGY_REMEDIATION.md,docs/watchlist/research/weekly_swing/experiments/WS_C171_WEEKLY_SWING_VERSIONED_OFFICIAL_BACKTEST_EVIDENCE_AND_EXECUTABLE_IS_STRATEGY_REMEDIATION.md,RESEARCH
docs/watchlist/audit/WS_C17_OPERATOR_VALIDATION_COMMANDS.md,docs/watchlist/evidence/weekly_swing/operator_commands/WS_C17_OPERATOR_VALIDATION_COMMANDS.md,EVIDENCE_OPERATOR_COMMAND
docs/watchlist/audit/WS_C17_QUALITY_PRESERVING_SAMPLE_RECOVERY_DESIGN_RESULT.md,docs/watchlist/evidence/weekly_swing/results/WS_C17_QUALITY_PRESERVING_SAMPLE_RECOVERY_DESIGN_RESULT.md,EVIDENCE_RESULT
docs/watchlist/audit/WS_C18_FUNNEL_AND_MONTHLY_COVERAGE_DIAGNOSTIC_RESULT.md,docs/watchlist/findings/weekly_swing/records/WS_C18_FUNNEL_AND_MONTHLY_COVERAGE_DIAGNOSTIC_RESULT.md,FINDING_RECORD
docs/watchlist/audit/WS_C18_OPERATOR_VALIDATION_COMMANDS.md,docs/watchlist/evidence/weekly_swing/operator_commands/WS_C18_OPERATOR_VALIDATION_COMMANDS.md,EVIDENCE_OPERATOR_COMMAND
docs/watchlist/audit/WS_C19_FINAL_DIAGNOSTIC_RESULT.md,docs/watchlist/findings/weekly_swing/records/WS_C19_FINAL_DIAGNOSTIC_RESULT.md,FINDING_RECORD
docs/watchlist/audit/WS_C19_OPERATOR_VALIDATION_COMMANDS.md,docs/watchlist/evidence/weekly_swing/operator_commands/WS_C19_OPERATOR_VALIDATION_COMMANDS.md,EVIDENCE_OPERATOR_COMMAND
docs/watchlist/audit/WS_C19_QUALITY_RECOVERY_TUNING_DIAGNOSTIC.md,docs/watchlist/findings/weekly_swing/records/WS_C19_QUALITY_RECOVERY_TUNING_DIAGNOSTIC.md,FINDING_RECORD
docs/watchlist/audit/WS_C19_SELECTION_MODEL_DIAGNOSTIC_RESULT.md,docs/watchlist/findings/weekly_swing/records/WS_C19_SELECTION_MODEL_DIAGNOSTIC_RESULT.md,FINDING_RECORD
docs/watchlist/audit/WS_C19_SELECTION_MODEL_REDESIGN_ANALYSIS.md,docs/watchlist/research/weekly_swing/experiments/WS_C19_SELECTION_MODEL_REDESIGN_ANALYSIS.md,RESEARCH
docs/watchlist/audit/WS_C20_OPERATOR_VALIDATION_COMMANDS.md,docs/watchlist/evidence/weekly_swing/operator_commands/WS_C20_OPERATOR_VALIDATION_COMMANDS.md,EVIDENCE_OPERATOR_COMMAND
docs/watchlist/audit/WS_C20_REGIME_TRADE_DATE_DIAGNOSTIC.md,docs/watchlist/findings/weekly_swing/records/WS_C20_REGIME_TRADE_DATE_DIAGNOSTIC.md,FINDING_RECORD
docs/watchlist/audit/WS_C21_ENTRY_EXIT_BEHAVIOR_DIAGNOSTIC.md,docs/watchlist/findings/weekly_swing/records/WS_C21_ENTRY_EXIT_BEHAVIOR_DIAGNOSTIC.md,FINDING_RECORD
docs/watchlist/audit/WS_C21_OPERATOR_VALIDATION_COMMANDS.md,docs/watchlist/evidence/weekly_swing/operator_commands/WS_C21_OPERATOR_VALIDATION_COMMANDS.md,EVIDENCE_OPERATOR_COMMAND
docs/watchlist/audit/WS_C22_EXIT_CAPTURE_SHADOW_DIAGNOSTIC.md,docs/watchlist/findings/weekly_swing/records/WS_C22_EXIT_CAPTURE_SHADOW_DIAGNOSTIC.md,FINDING_RECORD
docs/watchlist/audit/WS_C22_OPERATOR_VALIDATION_COMMANDS.md,docs/watchlist/evidence/weekly_swing/operator_commands/WS_C22_OPERATOR_VALIDATION_COMMANDS.md,EVIDENCE_OPERATOR_COMMAND
docs/watchlist/audit/WS_C23_FIRST_PROFIT_CAPTURE_RULE_DIAGNOSTIC.md,docs/watchlist/findings/weekly_swing/records/WS_C23_FIRST_PROFIT_CAPTURE_RULE_DIAGNOSTIC.md,FINDING_RECORD
docs/watchlist/audit/WS_C23_OPERATOR_VALIDATION_COMMANDS.md,docs/watchlist/evidence/weekly_swing/operator_commands/WS_C23_OPERATOR_VALIDATION_COMMANDS.md,EVIDENCE_OPERATOR_COMMAND
docs/watchlist/audit/WS_C24_C22_SHADOW_GAP_BRIDGE_DIAGNOSTIC.md,docs/watchlist/findings/weekly_swing/records/WS_C24_C22_SHADOW_GAP_BRIDGE_DIAGNOSTIC.md,FINDING_RECORD
docs/watchlist/audit/WS_C24_OPERATOR_VALIDATION_COMMANDS.md,docs/watchlist/evidence/weekly_swing/operator_commands/WS_C24_OPERATOR_VALIDATION_COMMANDS.md,EVIDENCE_OPERATOR_COMMAND
docs/watchlist/audit/WS_C25_NO_SIGNAL_FALLBACK_DELAY_DIAGNOSTIC.md,docs/watchlist/findings/weekly_swing/records/WS_C25_NO_SIGNAL_FALLBACK_DELAY_DIAGNOSTIC.md,FINDING_RECORD
docs/watchlist/audit/WS_C25_OPERATOR_VALIDATION_COMMANDS.md,docs/watchlist/evidence/weekly_swing/operator_commands/WS_C25_OPERATOR_VALIDATION_COMMANDS.md,EVIDENCE_OPERATOR_COMMAND
docs/watchlist/audit/WS_C26_CATALOG_CANDIDATE_DIAGNOSTIC.md,docs/watchlist/findings/weekly_swing/records/WS_C26_CATALOG_CANDIDATE_DIAGNOSTIC.md,FINDING_RECORD
docs/watchlist/audit/WS_C26_OPERATOR_VALIDATION_COMMANDS.md,docs/watchlist/evidence/weekly_swing/operator_commands/WS_C26_OPERATOR_VALIDATION_COMMANDS.md,EVIDENCE_OPERATOR_COMMAND
docs/watchlist/audit/WS_C27_CATALOG_CANDIDATE_RAW_OHLC_VALIDATION.md,docs/watchlist/research/weekly_swing/experiments/WS_C27_CATALOG_CANDIDATE_RAW_OHLC_VALIDATION.md,RESEARCH
docs/watchlist/audit/WS_C27_OPERATOR_VALIDATION_COMMANDS.md,docs/watchlist/evidence/weekly_swing/operator_commands/WS_C27_OPERATOR_VALIDATION_COMMANDS.md,EVIDENCE_OPERATOR_COMMAND
docs/watchlist/audit/WS_C28_OPERATOR_VALIDATION_COMMANDS.md,docs/watchlist/evidence/weekly_swing/operator_commands/WS_C28_OPERATOR_VALIDATION_COMMANDS.md,EVIDENCE_OPERATOR_COMMAND
docs/watchlist/audit/WS_C28_RULE_REVISION_TIEBREAK_DIAGNOSTIC.md,docs/watchlist/findings/weekly_swing/records/WS_C28_RULE_REVISION_TIEBREAK_DIAGNOSTIC.md,FINDING_RECORD
docs/watchlist/audit/WS_C29_OOS_PROOF.md,docs/watchlist/evidence/weekly_swing/backtest/WS_C29_OOS_PROOF.md,EVIDENCE_BACKTEST
docs/watchlist/audit/WS_C29_OPERATOR_VALIDATION_COMMANDS.md,docs/watchlist/evidence/weekly_swing/operator_commands/WS_C29_OPERATOR_VALIDATION_COMMANDS.md,EVIDENCE_OPERATOR_COMMAND
docs/watchlist/audit/WS_C30_OOS_FAILURE_ATTRIBUTION.md,docs/watchlist/findings/weekly_swing/records/WS_C30_OOS_FAILURE_ATTRIBUTION.md,FINDING_RECORD
docs/watchlist/audit/WS_C30_OPERATOR_VALIDATION_COMMANDS.md,docs/watchlist/evidence/weekly_swing/operator_commands/WS_C30_OPERATOR_VALIDATION_COMMANDS.md,EVIDENCE_OPERATOR_COMMAND
docs/watchlist/audit/WS_C31_CONTROLLED_GATE_RECLASSIFICATION.md,docs/watchlist/decisions/weekly_swing/WS_C31_CONTROLLED_GATE_RECLASSIFICATION.md,DECISION
docs/watchlist/audit/WS_C31_OPERATOR_VALIDATION_COMMANDS.md,docs/watchlist/evidence/weekly_swing/operator_commands/WS_C31_OPERATOR_VALIDATION_COMMANDS.md,EVIDENCE_OPERATOR_COMMAND
docs/watchlist/audit/WS_C32_DATA_PATH_AND_BAD_MONTH_DIAGNOSTIC.md,docs/watchlist/findings/weekly_swing/records/WS_C32_DATA_PATH_AND_BAD_MONTH_DIAGNOSTIC.md,FINDING_RECORD
docs/watchlist/audit/WS_C32_OPERATOR_VALIDATION_COMMANDS.md,docs/watchlist/evidence/weekly_swing/operator_commands/WS_C32_OPERATOR_VALIDATION_COMMANDS.md,EVIDENCE_OPERATOR_COMMAND
docs/watchlist/audit/WS_C33_DATA_PATH_REPLAY_PROOF.md,docs/watchlist/evidence/weekly_swing/results/WS_C33_DATA_PATH_REPLAY_PROOF.md,EVIDENCE_RESULT
docs/watchlist/audit/WS_C33_OPERATOR_VALIDATION_COMMANDS.md,docs/watchlist/evidence/weekly_swing/operator_commands/WS_C33_OPERATOR_VALIDATION_COMMANDS.md,EVIDENCE_OPERATOR_COMMAND
docs/watchlist/audit/WS_C34_BAD_MONTH_ROBUSTNESS_DIAGNOSTIC.md,docs/watchlist/findings/weekly_swing/records/WS_C34_BAD_MONTH_ROBUSTNESS_DIAGNOSTIC.md,FINDING_RECORD
docs/watchlist/audit/WS_C34_OPERATOR_VALIDATION_COMMANDS.md,docs/watchlist/evidence/weekly_swing/operator_commands/WS_C34_OPERATOR_VALIDATION_COMMANDS.md,EVIDENCE_OPERATOR_COMMAND
docs/watchlist/audit/WS_C35_IS_ROBUSTNESS_REDESIGN_DIAGNOSTIC.md,docs/watchlist/findings/weekly_swing/records/WS_C35_IS_ROBUSTNESS_REDESIGN_DIAGNOSTIC.md,FINDING_RECORD
docs/watchlist/audit/WS_C35_OPERATOR_VALIDATION_COMMANDS.md,docs/watchlist/evidence/weekly_swing/operator_commands/WS_C35_OPERATOR_VALIDATION_COMMANDS.md,EVIDENCE_OPERATOR_COMMAND
docs/watchlist/audit/WS_C36_IS_CONTROLLED_REDESIGN_CANDIDATE_FORMATION.md,docs/watchlist/research/weekly_swing/experiments/WS_C36_IS_CONTROLLED_REDESIGN_CANDIDATE_FORMATION.md,RESEARCH
docs/watchlist/audit/WS_C36_OPERATOR_VALIDATION_COMMANDS.md,docs/watchlist/evidence/weekly_swing/operator_commands/WS_C36_OPERATOR_VALIDATION_COMMANDS.md,EVIDENCE_OPERATOR_COMMAND
docs/watchlist/audit/WS_C37_IS_VALIDATION_AND_ANTI_OVERFIT_CHECK.md,docs/watchlist/evidence/weekly_swing/results/WS_C37_IS_VALIDATION_AND_ANTI_OVERFIT_CHECK.md,EVIDENCE_RESULT
docs/watchlist/audit/WS_C37_OPERATOR_VALIDATION_COMMANDS.md,docs/watchlist/evidence/weekly_swing/operator_commands/WS_C37_OPERATOR_VALIDATION_COMMANDS.md,EVIDENCE_OPERATOR_COMMAND
docs/watchlist/audit/WS_C38_IS_REDESIGN_OR_EVIDENCE_EXPANSION_DIAGNOSTIC.md,docs/watchlist/findings/weekly_swing/records/WS_C38_IS_REDESIGN_OR_EVIDENCE_EXPANSION_DIAGNOSTIC.md,FINDING_RECORD
docs/watchlist/audit/WS_C38_OPERATOR_VALIDATION_COMMANDS.md,docs/watchlist/evidence/weekly_swing/operator_commands/WS_C38_OPERATOR_VALIDATION_COMMANDS.md,EVIDENCE_OPERATOR_COMMAND
docs/watchlist/audit/WS_C39_IS_CONTROLLED_REDESIGN_WITH_COVERAGE_AND_BRANCH_DIVERSIFICATION_GUARDS.md,docs/watchlist/research/weekly_swing/experiments/WS_C39_IS_CONTROLLED_REDESIGN_WITH_COVERAGE_AND_BRANCH_DIVERSIFICATION_GUARDS.md,RESEARCH
docs/watchlist/audit/WS_C39_OPERATOR_VALIDATION_COMMANDS.md,docs/watchlist/evidence/weekly_swing/operator_commands/WS_C39_OPERATOR_VALIDATION_COMMANDS.md,EVIDENCE_OPERATOR_COMMAND
docs/watchlist/audit/WS_C40_IS_VALIDATION_AND_ANTI_OVERFIT_CHECK_FOR_C39_GUARDED_CANDIDATE.md,docs/watchlist/research/weekly_swing/experiments/WS_C40_IS_VALIDATION_AND_ANTI_OVERFIT_CHECK_FOR_C39_GUARDED_CANDIDATE.md,RESEARCH
docs/watchlist/audit/WS_C40_OPERATOR_VALIDATION_COMMANDS.md,docs/watchlist/evidence/weekly_swing/operator_commands/WS_C40_OPERATOR_VALIDATION_COMMANDS.md,EVIDENCE_OPERATOR_COMMAND
docs/watchlist/audit/WS_C41_IS_REVIEW_OR_EVIDENCE_EXPANSION_BEFORE_OOS.md,docs/watchlist/evidence/weekly_swing/results/WS_C41_IS_REVIEW_OR_EVIDENCE_EXPANSION_BEFORE_OOS.md,EVIDENCE_RESULT
docs/watchlist/audit/WS_C41_OPERATOR_VALIDATION_COMMANDS.md,docs/watchlist/evidence/weekly_swing/operator_commands/WS_C41_OPERATOR_VALIDATION_COMMANDS.md,EVIDENCE_OPERATOR_COMMAND
docs/watchlist/audit/WS_C42_IS_ROLLING_NORMAL_MONTH_EVIDENCE_EXPANSION.md,docs/watchlist/evidence/weekly_swing/results/WS_C42_IS_ROLLING_NORMAL_MONTH_EVIDENCE_EXPANSION.md,EVIDENCE_RESULT
docs/watchlist/audit/WS_C42_OPERATOR_VALIDATION_COMMANDS.md,docs/watchlist/evidence/weekly_swing/operator_commands/WS_C42_OPERATOR_VALIDATION_COMMANDS.md,EVIDENCE_OPERATOR_COMMAND
docs/watchlist/audit/WS_C43_OPERATOR_VALIDATION_COMMANDS.md,docs/watchlist/evidence/weekly_swing/operator_commands/WS_C43_OPERATOR_VALIDATION_COMMANDS.md,EVIDENCE_OPERATOR_COMMAND
docs/watchlist/audit/WS_C43_PRE_TRADE_FIELD_EXPANSION_DIAGNOSTIC.md,docs/watchlist/findings/weekly_swing/records/WS_C43_PRE_TRADE_FIELD_EXPANSION_DIAGNOSTIC.md,FINDING_RECORD
docs/watchlist/audit/WS_C44_IS_GUARD_REFINEMENT_CANDIDATE_FORMATION.md,docs/watchlist/research/weekly_swing/experiments/WS_C44_IS_GUARD_REFINEMENT_CANDIDATE_FORMATION.md,RESEARCH
docs/watchlist/audit/WS_C44_OPERATOR_VALIDATION_COMMANDS.md,docs/watchlist/evidence/weekly_swing/operator_commands/WS_C44_OPERATOR_VALIDATION_COMMANDS.md,EVIDENCE_OPERATOR_COMMAND
docs/watchlist/audit/WS_C45_IS_VALIDATION_AND_ANTI_OVERFIT_CHECK_FOR_C44_REFINEMENT.md,docs/watchlist/research/weekly_swing/experiments/WS_C45_IS_VALIDATION_AND_ANTI_OVERFIT_CHECK_FOR_C44_REFINEMENT.md,RESEARCH
docs/watchlist/audit/WS_C45_OPERATOR_VALIDATION_COMMANDS.md,docs/watchlist/evidence/weekly_swing/operator_commands/WS_C45_OPERATOR_VALIDATION_COMMANDS.md,EVIDENCE_OPERATOR_COMMAND
docs/watchlist/audit/WS_C46_IS_REVIEW_OR_EVIDENCE_EXPANSION_BEFORE_OOS.md,docs/watchlist/evidence/weekly_swing/results/WS_C46_IS_REVIEW_OR_EVIDENCE_EXPANSION_BEFORE_OOS.md,EVIDENCE_RESULT
docs/watchlist/audit/WS_C46_OPERATOR_VALIDATION_COMMANDS.md,docs/watchlist/evidence/weekly_swing/operator_commands/WS_C46_OPERATOR_VALIDATION_COMMANDS.md,EVIDENCE_OPERATOR_COMMAND
docs/watchlist/audit/WS_C47_OOS_PROOF_WITH_LOCKED_C44_REFINEMENT.md,docs/watchlist/research/weekly_swing/experiments/WS_C47_OOS_PROOF_WITH_LOCKED_C44_REFINEMENT.md,RESEARCH
docs/watchlist/audit/WS_C47_OPERATOR_VALIDATION_COMMANDS.md,docs/watchlist/evidence/weekly_swing/operator_commands/WS_C47_OPERATOR_VALIDATION_COMMANDS.md,EVIDENCE_OPERATOR_COMMAND
docs/watchlist/audit/WS_C48_OOS_FAILURE_ATTRIBUTION.md,docs/watchlist/findings/weekly_swing/records/WS_C48_OOS_FAILURE_ATTRIBUTION.md,FINDING_RECORD
docs/watchlist/audit/WS_C48_OPERATOR_VALIDATION_COMMANDS.md,docs/watchlist/evidence/weekly_swing/operator_commands/WS_C48_OPERATOR_VALIDATION_COMMANDS.md,EVIDENCE_OPERATOR_COMMAND
docs/watchlist/audit/WS_C49_BROADER_STRATEGY_REDESIGN.md,docs/watchlist/research/weekly_swing/experiments/WS_C49_BROADER_STRATEGY_REDESIGN.md,RESEARCH
docs/watchlist/audit/WS_C49_OPERATOR_VALIDATION_COMMANDS.md,docs/watchlist/evidence/weekly_swing/operator_commands/WS_C49_OPERATOR_VALIDATION_COMMANDS.md,EVIDENCE_OPERATOR_COMMAND
docs/watchlist/audit/WS_C50_IS_VALIDATION_ANTI_OVERFIT_CHECK.md,docs/watchlist/evidence/weekly_swing/results/WS_C50_IS_VALIDATION_ANTI_OVERFIT_CHECK.md,EVIDENCE_RESULT
docs/watchlist/audit/WS_C50_OPERATOR_VALIDATION_COMMANDS.md,docs/watchlist/evidence/weekly_swing/operator_commands/WS_C50_OPERATOR_VALIDATION_COMMANDS.md,EVIDENCE_OPERATOR_COMMAND
docs/watchlist/audit/WS_C51_CONCENTRATION_DEPENDENCY_REDESIGN_REVIEW.md,docs/watchlist/research/weekly_swing/experiments/WS_C51_CONCENTRATION_DEPENDENCY_REDESIGN_REVIEW.md,RESEARCH
docs/watchlist/audit/WS_C51_OPERATOR_VALIDATION_COMMANDS.md,docs/watchlist/evidence/weekly_swing/operator_commands/WS_C51_OPERATOR_VALIDATION_COMMANDS.md,EVIDENCE_OPERATOR_COMMAND
docs/watchlist/audit/WS_C52_CONCENTRATION_DEPENDENCY_REDESIGN_CONTINUATION.md,docs/watchlist/research/weekly_swing/experiments/WS_C52_CONCENTRATION_DEPENDENCY_REDESIGN_CONTINUATION.md,RESEARCH
docs/watchlist/audit/WS_C52_OPERATOR_VALIDATION_COMMANDS.md,docs/watchlist/evidence/weekly_swing/operator_commands/WS_C52_OPERATOR_VALIDATION_COMMANDS.md,EVIDENCE_OPERATOR_COMMAND
docs/watchlist/audit/WS_C53_IS_EVIDENCE_EXPANSION_FOR_C52_REDESIGN.md,docs/watchlist/research/weekly_swing/experiments/WS_C53_IS_EVIDENCE_EXPANSION_FOR_C52_REDESIGN.md,RESEARCH
docs/watchlist/audit/WS_C53_OPERATOR_VALIDATION_COMMANDS.md,docs/watchlist/evidence/weekly_swing/operator_commands/WS_C53_OPERATOR_VALIDATION_COMMANDS.md,EVIDENCE_OPERATOR_COMMAND
docs/watchlist/audit/WS_C54_OPERATOR_VALIDATION_COMMANDS.md,docs/watchlist/evidence/weekly_swing/operator_commands/WS_C54_OPERATOR_VALIDATION_COMMANDS.md,EVIDENCE_OPERATOR_COMMAND
docs/watchlist/audit/WS_C54_ROLLING_STABILITY_REDESIGN_OR_RECALIBRATION_IS_ONLY.md,docs/watchlist/research/weekly_swing/experiments/WS_C54_ROLLING_STABILITY_REDESIGN_OR_RECALIBRATION_IS_ONLY.md,RESEARCH
docs/watchlist/audit/WS_C55_OPERATOR_VALIDATION_COMMANDS.md,docs/watchlist/evidence/weekly_swing/operator_commands/WS_C55_OPERATOR_VALIDATION_COMMANDS.md,EVIDENCE_OPERATOR_COMMAND
docs/watchlist/audit/WS_C55_ROLLING_STABILITY_REDESIGN_CONTINUATION_IS_ONLY.md,docs/watchlist/research/weekly_swing/experiments/WS_C55_ROLLING_STABILITY_REDESIGN_CONTINUATION_IS_ONLY.md,RESEARCH
docs/watchlist/audit/WS_C56_OPERATOR_VALIDATION_COMMANDS.md,docs/watchlist/evidence/weekly_swing/operator_commands/WS_C56_OPERATOR_VALIDATION_COMMANDS.md,EVIDENCE_OPERATOR_COMMAND
docs/watchlist/audit/WS_C56_ROLLING_STABILITY_REDESIGN_CONTINUATION_IS_ONLY.md,docs/watchlist/research/weekly_swing/experiments/WS_C56_ROLLING_STABILITY_REDESIGN_CONTINUATION_IS_ONLY.md,RESEARCH
docs/watchlist/audit/WS_C57_OPERATOR_VALIDATION_COMMANDS.md,docs/watchlist/evidence/weekly_swing/operator_commands/WS_C57_OPERATOR_VALIDATION_COMMANDS.md,EVIDENCE_OPERATOR_COMMAND
docs/watchlist/audit/WS_C57_REGIME_FIELD_RECONSTRUCTION_CONTINUATION_IS_ONLY.md,docs/watchlist/evidence/weekly_swing/results/WS_C57_REGIME_FIELD_RECONSTRUCTION_CONTINUATION_IS_ONLY.md,EVIDENCE_RESULT
docs/watchlist/audit/WS_C58_LOSS_CLUSTER_CONCENTRATION_REDESIGN_CONTINUATION_IS_ONLY.md,docs/watchlist/research/weekly_swing/experiments/WS_C58_LOSS_CLUSTER_CONCENTRATION_REDESIGN_CONTINUATION_IS_ONLY.md,RESEARCH
docs/watchlist/audit/WS_C58_OPERATOR_VALIDATION_COMMANDS.md,docs/watchlist/evidence/weekly_swing/operator_commands/WS_C58_OPERATOR_VALIDATION_COMMANDS.md,EVIDENCE_OPERATOR_COMMAND
docs/watchlist/audit/WS_C59_LOSS_CLUSTER_OR_BRANCH_BUCKET_REDESIGN_CONTINUATION_IS_ONLY.md,docs/watchlist/research/weekly_swing/experiments/WS_C59_LOSS_CLUSTER_OR_BRANCH_BUCKET_REDESIGN_CONTINUATION_IS_ONLY.md,RESEARCH
docs/watchlist/audit/WS_C59_OPERATOR_VALIDATION_COMMANDS.md,docs/watchlist/evidence/weekly_swing/operator_commands/WS_C59_OPERATOR_VALIDATION_COMMANDS.md,EVIDENCE_OPERATOR_COMMAND
docs/watchlist/audit/WS_C60_OPERATOR_VALIDATION_COMMANDS.md,docs/watchlist/evidence/weekly_swing/operator_commands/WS_C60_OPERATOR_VALIDATION_COMMANDS.md,EVIDENCE_OPERATOR_COMMAND
docs/watchlist/audit/WS_C60_REGIME_STRESS_AND_LOO_DEPENDENCY_REDESIGN_IS_ONLY.md,docs/watchlist/research/weekly_swing/experiments/WS_C60_REGIME_STRESS_AND_LOO_DEPENDENCY_REDESIGN_IS_ONLY.md,RESEARCH
docs/watchlist/audit/WS_C61_OPERATOR_VALIDATION_COMMANDS.md,docs/watchlist/evidence/weekly_swing/operator_commands/WS_C61_OPERATOR_VALIDATION_COMMANDS.md,EVIDENCE_OPERATOR_COMMAND
docs/watchlist/audit/WS_C61_SIGNAL_QUALITY_REBUILD_FOR_WEAK_REGIME_IS_ONLY.md,docs/watchlist/research/weekly_swing/experiments/WS_C61_SIGNAL_QUALITY_REBUILD_FOR_WEAK_REGIME_IS_ONLY.md,RESEARCH
docs/watchlist/audit/WS_C62_OPERATOR_VALIDATION_COMMANDS.md,docs/watchlist/evidence/weekly_swing/operator_commands/WS_C62_OPERATOR_VALIDATION_COMMANDS.md,EVIDENCE_OPERATOR_COMMAND
docs/watchlist/audit/WS_C62_PRE_LOCK_REVIEW_FOR_C61_SIGNAL_QUALITY_CANDIDATES_IS_ONLY.md,docs/watchlist/research/weekly_swing/experiments/WS_C62_PRE_LOCK_REVIEW_FOR_C61_SIGNAL_QUALITY_CANDIDATES_IS_ONLY.md,RESEARCH
docs/watchlist/audit/WS_C63_OPERATOR_VALIDATION_COMMANDS.md,docs/watchlist/evidence/weekly_swing/operator_commands/WS_C63_OPERATOR_VALIDATION_COMMANDS.md,EVIDENCE_OPERATOR_COMMAND
docs/watchlist/audit/WS_C63_PRE_OOS_UNLOCK_REVIEW_IS_ONLY.md,docs/watchlist/evidence/weekly_swing/results/WS_C63_PRE_OOS_UNLOCK_REVIEW_IS_ONLY.md,EVIDENCE_RESULT
docs/watchlist/audit/WS_C64_OPERATOR_VALIDATION_COMMANDS.md,docs/watchlist/evidence/weekly_swing/operator_commands/WS_C64_OPERATOR_VALIDATION_COMMANDS.md,EVIDENCE_OPERATOR_COMMAND
docs/watchlist/audit/WS_C64_PRE_OOS_OR_OOS_PROOF_EXECUTION.md,docs/watchlist/evidence/weekly_swing/backtest/WS_C64_PRE_OOS_OR_OOS_PROOF_EXECUTION.md,EVIDENCE_BACKTEST
docs/watchlist/audit/WS_C65_OPERATOR_VALIDATION_COMMANDS.md,docs/watchlist/evidence/weekly_swing/operator_commands/WS_C65_OPERATOR_VALIDATION_COMMANDS.md,EVIDENCE_OPERATOR_COMMAND
docs/watchlist/audit/WS_C65_PRODUCTION_PRE_LOCK_REVIEW.md,docs/watchlist/evidence/weekly_swing/results/WS_C65_PRODUCTION_PRE_LOCK_REVIEW.md,EVIDENCE_RESULT
docs/watchlist/audit/WS_C66_OPERATOR_VALIDATION_COMMANDS.md,docs/watchlist/evidence/weekly_swing/operator_commands/WS_C66_OPERATOR_VALIDATION_COMMANDS.md,EVIDENCE_OPERATOR_COMMAND
docs/watchlist/audit/WS_C66_PRODUCTION_LOCK_REVIEW.md,docs/watchlist/evidence/weekly_swing/results/WS_C66_PRODUCTION_LOCK_REVIEW.md,EVIDENCE_RESULT
docs/watchlist/audit/WS_C67_OPERATOR_VALIDATION_COMMANDS.md,docs/watchlist/evidence/weekly_swing/operator_commands/WS_C67_OPERATOR_VALIDATION_COMMANDS.md,EVIDENCE_OPERATOR_COMMAND
docs/watchlist/audit/WS_C67_PRODUCTION_CATALOG_ACTIVATION_REVIEW.md,docs/watchlist/evidence/weekly_swing/results/WS_C67_PRODUCTION_CATALOG_ACTIVATION_REVIEW.md,EVIDENCE_RESULT
docs/watchlist/audit/WS_C68_OPERATOR_VALIDATION_COMMANDS.md,docs/watchlist/evidence/weekly_swing/operator_commands/WS_C68_OPERATOR_VALIDATION_COMMANDS.md,EVIDENCE_OPERATOR_COMMAND
docs/watchlist/audit/WS_C68_PRODUCTION_CATALOG_ACTIVATION_EXECUTION_REVIEW.md,docs/watchlist/evidence/weekly_swing/results/WS_C68_PRODUCTION_CATALOG_ACTIVATION_EXECUTION_REVIEW.md,EVIDENCE_RESULT
docs/watchlist/audit/WS_C69_OPERATOR_VALIDATION_COMMANDS.md,docs/watchlist/evidence/weekly_swing/operator_commands/WS_C69_OPERATOR_VALIDATION_COMMANDS.md,EVIDENCE_OPERATOR_COMMAND
docs/watchlist/audit/WS_C69_PRODUCTION_DEPLOYMENT_PREP_OR_BRIDGE_REVIEW.md,docs/watchlist/evidence/weekly_swing/results/WS_C69_PRODUCTION_DEPLOYMENT_PREP_OR_BRIDGE_REVIEW.md,EVIDENCE_RESULT
docs/watchlist/audit/WS_C70_OPERATOR_VALIDATION_COMMANDS.md,docs/watchlist/evidence/weekly_swing/operator_commands/WS_C70_OPERATOR_VALIDATION_COMMANDS.md,EVIDENCE_OPERATOR_COMMAND
docs/watchlist/audit/WS_C70_PRODUCTION_DEPLOYMENT_EXECUTION_REVIEW.md,docs/watchlist/evidence/weekly_swing/results/WS_C70_PRODUCTION_DEPLOYMENT_EXECUTION_REVIEW.md,EVIDENCE_RESULT
docs/watchlist/audit/WS_C71_OPERATOR_VALIDATION_COMMANDS.md,docs/watchlist/evidence/weekly_swing/operator_commands/WS_C71_OPERATOR_VALIDATION_COMMANDS.md,EVIDENCE_OPERATOR_COMMAND
docs/watchlist/audit/WS_C71_SHADOW_READ_OR_DRY_RUN_RUNTIME_VALIDATION.md,docs/watchlist/evidence/weekly_swing/results/WS_C71_SHADOW_READ_OR_DRY_RUN_RUNTIME_VALIDATION.md,EVIDENCE_RESULT
docs/watchlist/audit/WS_C72_CONTROLLED_OPT_IN_RUNTIME_BRIDGE_VALIDATION.md,docs/watchlist/evidence/weekly_swing/results/WS_C72_CONTROLLED_OPT_IN_RUNTIME_BRIDGE_VALIDATION.md,EVIDENCE_RESULT
docs/watchlist/audit/WS_C72_OPERATOR_VALIDATION_COMMANDS.md,docs/watchlist/evidence/weekly_swing/operator_commands/WS_C72_OPERATOR_VALIDATION_COMMANDS.md,EVIDENCE_OPERATOR_COMMAND
docs/watchlist/audit/WS_C73_CONTROLLED_PARALLEL_RUN_NON_MUTATING_PLAN_CONFIRM_BRIDGE_VALIDATION.md,docs/watchlist/evidence/weekly_swing/results/WS_C73_CONTROLLED_PARALLEL_RUN_NON_MUTATING_PLAN_CONFIRM_BRIDGE_VALIDATION.md,EVIDENCE_RESULT
docs/watchlist/audit/WS_C73_OPERATOR_VALIDATION_COMMANDS.md,docs/watchlist/evidence/weekly_swing/operator_commands/WS_C73_OPERATOR_VALIDATION_COMMANDS.md,EVIDENCE_OPERATOR_COMMAND
docs/watchlist/audit/WS_C74_CONTROLLED_OPERATOR_REVIEWED_ROLLOUT_GATE_OR_DEPLOYMENT_READINESS_REVIEW.md,docs/watchlist/evidence/weekly_swing/results/WS_C74_CONTROLLED_OPERATOR_REVIEWED_ROLLOUT_GATE_OR_DEPLOYMENT_READINESS_REVIEW.md,EVIDENCE_RESULT
docs/watchlist/audit/WS_C74_OPERATOR_VALIDATION_COMMANDS.md,docs/watchlist/evidence/weekly_swing/operator_commands/WS_C74_OPERATOR_VALIDATION_COMMANDS.md,EVIDENCE_OPERATOR_COMMAND
docs/watchlist/audit/WS_C75_CONTROLLED_OPERATOR_APPROVED_ROLLOUT_EXECUTION_REVIEW_OR_CONTROLLED_WIRING_EXECUTION_REVIEW.md,docs/watchlist/evidence/weekly_swing/results/WS_C75_CONTROLLED_OPERATOR_APPROVED_ROLLOUT_EXECUTION_REVIEW_OR_CONTROLLED_WIRING_EXECUTION_REVIEW.md,EVIDENCE_RESULT
docs/watchlist/audit/WS_C75_OPERATOR_VALIDATION_COMMANDS.md,docs/watchlist/evidence/weekly_swing/operator_commands/WS_C75_OPERATOR_VALIDATION_COMMANDS.md,EVIDENCE_OPERATOR_COMMAND
docs/watchlist/audit/WS_C76_CONTROLLED_RUNTIME_OPT_IN_PILOT_OR_SHADOW_ROLLOUT_PREPARATION_REVIEW.md,docs/watchlist/evidence/weekly_swing/results/WS_C76_CONTROLLED_RUNTIME_OPT_IN_PILOT_OR_SHADOW_ROLLOUT_PREPARATION_REVIEW.md,EVIDENCE_RESULT
docs/watchlist/audit/WS_C76_OPERATOR_VALIDATION_COMMANDS.md,docs/watchlist/evidence/weekly_swing/operator_commands/WS_C76_OPERATOR_VALIDATION_COMMANDS.md,EVIDENCE_OPERATOR_COMMAND
docs/watchlist/audit/WS_C77_CONTROLLED_RUNTIME_OPT_IN_PILOT_OR_SHADOW_ROLLOUT_EXECUTION_REVIEW.md,docs/watchlist/evidence/weekly_swing/results/WS_C77_CONTROLLED_RUNTIME_OPT_IN_PILOT_OR_SHADOW_ROLLOUT_EXECUTION_REVIEW.md,EVIDENCE_RESULT
docs/watchlist/audit/WS_C77_OPERATOR_VALIDATION_COMMANDS.md,docs/watchlist/evidence/weekly_swing/operator_commands/WS_C77_OPERATOR_VALIDATION_COMMANDS.md,EVIDENCE_OPERATOR_COMMAND
docs/watchlist/audit/WS_C78_CONTROLLED_LIMITED_RUNTIME_OPT_IN_PILOT_OR_SHADOW_ROLLOUT_OBSERVATION_REVIEW.md,docs/watchlist/evidence/weekly_swing/results/WS_C78_CONTROLLED_LIMITED_RUNTIME_OPT_IN_PILOT_OR_SHADOW_ROLLOUT_OBSERVATION_REVIEW.md,EVIDENCE_RESULT
docs/watchlist/audit/WS_C78_OPERATOR_VALIDATION_COMMANDS.md,docs/watchlist/evidence/weekly_swing/operator_commands/WS_C78_OPERATOR_VALIDATION_COMMANDS.md,EVIDENCE_OPERATOR_COMMAND
docs/watchlist/audit/WS_C79_CONTROLLED_LIMITED_RUNTIME_OPT_IN_PILOT_OR_SHADOW_ROLLOUT_OBSERVATION_RESULT_REVIEW.md,docs/watchlist/evidence/weekly_swing/results/WS_C79_CONTROLLED_LIMITED_RUNTIME_OPT_IN_PILOT_OR_SHADOW_ROLLOUT_OBSERVATION_RESULT_REVIEW.md,EVIDENCE_RESULT
docs/watchlist/audit/WS_C79_OPERATOR_VALIDATION_COMMANDS.md,docs/watchlist/evidence/weekly_swing/operator_commands/WS_C79_OPERATOR_VALIDATION_COMMANDS.md,EVIDENCE_OPERATOR_COMMAND
docs/watchlist/audit/WS_C80_CONTROLLED_LIMITED_RUNTIME_OPT_IN_PILOT_OR_SHADOW_ROLLOUT_OPERATOR_GO_NO_GO_REVIEW.md,docs/watchlist/decisions/weekly_swing/WS_C80_CONTROLLED_LIMITED_RUNTIME_OPT_IN_PILOT_OR_SHADOW_ROLLOUT_OPERATOR_GO_NO_GO_REVIEW.md,DECISION
docs/watchlist/audit/WS_C80_OPERATOR_VALIDATION_COMMANDS.md,docs/watchlist/evidence/weekly_swing/operator_commands/WS_C80_OPERATOR_VALIDATION_COMMANDS.md,EVIDENCE_OPERATOR_COMMAND
docs/watchlist/audit/WS_C81_CONTROLLED_LIMITED_RUNTIME_OPT_IN_PILOT_OR_SHADOW_ROLLOUT_GO_DECISION_FINALIZATION_REVIEW.md,docs/watchlist/decisions/weekly_swing/WS_C81_CONTROLLED_LIMITED_RUNTIME_OPT_IN_PILOT_OR_SHADOW_ROLLOUT_GO_DECISION_FINALIZATION_REVIEW.md,DECISION
docs/watchlist/audit/WS_C81_OPERATOR_VALIDATION_COMMANDS.md,docs/watchlist/evidence/weekly_swing/operator_commands/WS_C81_OPERATOR_VALIDATION_COMMANDS.md,EVIDENCE_OPERATOR_COMMAND
docs/watchlist/audit/WS_C82_CONTROLLED_LIMITED_RUNTIME_OPT_IN_PILOT_OR_SHADOW_ROLLOUT_PRE_ACTIVATION_BOUNDARY_REVIEW.md,docs/watchlist/evidence/weekly_swing/results/WS_C82_CONTROLLED_LIMITED_RUNTIME_OPT_IN_PILOT_OR_SHADOW_ROLLOUT_PRE_ACTIVATION_BOUNDARY_REVIEW.md,EVIDENCE_RESULT
docs/watchlist/audit/WS_C82_OPERATOR_VALIDATION_COMMANDS.md,docs/watchlist/evidence/weekly_swing/operator_commands/WS_C82_OPERATOR_VALIDATION_COMMANDS.md,EVIDENCE_OPERATOR_COMMAND
docs/watchlist/audit/WS_C83_CONTROLLED_LIMITED_RUNTIME_OPT_IN_PILOT_OR_SHADOW_ROLLOUT_ACTIVATION_AUTHORIZATION_REVIEW.md,docs/watchlist/decisions/weekly_swing/WS_C83_CONTROLLED_LIMITED_RUNTIME_OPT_IN_PILOT_OR_SHADOW_ROLLOUT_ACTIVATION_AUTHORIZATION_REVIEW.md,DECISION
docs/watchlist/audit/WS_C83_OPERATOR_VALIDATION_COMMANDS.md,docs/watchlist/evidence/weekly_swing/operator_commands/WS_C83_OPERATOR_VALIDATION_COMMANDS.md,EVIDENCE_OPERATOR_COMMAND
docs/watchlist/audit/WS_C84_CONTROLLED_LIMITED_RUNTIME_OPT_IN_PILOT_OR_SHADOW_ROLLOUT_ACTIVATION_EXECUTION_REVIEW.md,docs/watchlist/evidence/weekly_swing/results/WS_C84_CONTROLLED_LIMITED_RUNTIME_OPT_IN_PILOT_OR_SHADOW_ROLLOUT_ACTIVATION_EXECUTION_REVIEW.md,EVIDENCE_RESULT
docs/watchlist/audit/WS_C84_OPERATOR_VALIDATION_COMMANDS.md,docs/watchlist/evidence/weekly_swing/operator_commands/WS_C84_OPERATOR_VALIDATION_COMMANDS.md,EVIDENCE_OPERATOR_COMMAND
docs/watchlist/audit/WS_C85_CONTROLLED_LIMITED_RUNTIME_OPT_IN_PILOT_OR_SHADOW_ROLLOUT_POST_ACTIVATION_OBSERVATION_REVIEW.md,docs/watchlist/evidence/weekly_swing/results/WS_C85_CONTROLLED_LIMITED_RUNTIME_OPT_IN_PILOT_OR_SHADOW_ROLLOUT_POST_ACTIVATION_OBSERVATION_REVIEW.md,EVIDENCE_RESULT
docs/watchlist/audit/WS_C85_OPERATOR_VALIDATION_COMMANDS.md,docs/watchlist/evidence/weekly_swing/operator_commands/WS_C85_OPERATOR_VALIDATION_COMMANDS.md,EVIDENCE_OPERATOR_COMMAND
docs/watchlist/audit/WS_C86_CONTROLLED_LIMITED_RUNTIME_OPT_IN_PILOT_OR_SHADOW_ROLLOUT_POST_ACTIVATION_OBSERVATION_RESULT_REVIEW.md,docs/watchlist/evidence/weekly_swing/results/WS_C86_CONTROLLED_LIMITED_RUNTIME_OPT_IN_PILOT_OR_SHADOW_ROLLOUT_POST_ACTIVATION_OBSERVATION_RESULT_REVIEW.md,EVIDENCE_RESULT
docs/watchlist/audit/WS_C86_OPERATOR_VALIDATION_COMMANDS.md,docs/watchlist/evidence/weekly_swing/operator_commands/WS_C86_OPERATOR_VALIDATION_COMMANDS.md,EVIDENCE_OPERATOR_COMMAND
docs/watchlist/audit/WS_C87_CONTROLLED_LIMITED_RUNTIME_OPT_IN_PILOT_OR_SHADOW_ROLLOUT_POST_ACTIVATION_OPERATOR_GO_NO_GO_REVIEW.md,docs/watchlist/decisions/weekly_swing/WS_C87_CONTROLLED_LIMITED_RUNTIME_OPT_IN_PILOT_OR_SHADOW_ROLLOUT_POST_ACTIVATION_OPERATOR_GO_NO_GO_REVIEW.md,DECISION
docs/watchlist/audit/WS_C87_OPERATOR_VALIDATION_COMMANDS.md,docs/watchlist/evidence/weekly_swing/operator_commands/WS_C87_OPERATOR_VALIDATION_COMMANDS.md,EVIDENCE_OPERATOR_COMMAND
docs/watchlist/audit/WS_C88_CONTROLLED_LIMITED_RUNTIME_OPT_IN_PILOT_OR_SHADOW_ROLLOUT_POST_ACTIVATION_GO_DECISION_FINALIZATION_REVIEW.md,docs/watchlist/decisions/weekly_swing/WS_C88_CONTROLLED_LIMITED_RUNTIME_OPT_IN_PILOT_OR_SHADOW_ROLLOUT_POST_ACTIVATION_GO_DECISION_FINALIZATION_REVIEW.md,DECISION
docs/watchlist/audit/WS_C88_OPERATOR_VALIDATION_COMMANDS.md,docs/watchlist/evidence/weekly_swing/operator_commands/WS_C88_OPERATOR_VALIDATION_COMMANDS.md,EVIDENCE_OPERATOR_COMMAND
docs/watchlist/audit/WS_C89_CONTROLLED_LIMITED_RUNTIME_OPT_IN_PILOT_OR_SHADOW_ROLLOUT_POST_ACTIVATION_COMPLETION_BOUNDARY_REVIEW.md,docs/watchlist/evidence/weekly_swing/results/WS_C89_CONTROLLED_LIMITED_RUNTIME_OPT_IN_PILOT_OR_SHADOW_ROLLOUT_POST_ACTIVATION_COMPLETION_BOUNDARY_REVIEW.md,EVIDENCE_RESULT
docs/watchlist/audit/WS_C89_OPERATOR_VALIDATION_COMMANDS.md,docs/watchlist/evidence/weekly_swing/operator_commands/WS_C89_OPERATOR_VALIDATION_COMMANDS.md,EVIDENCE_OPERATOR_COMMAND
docs/watchlist/audit/WS_C90_CONTROLLED_LIMITED_RUNTIME_OPT_IN_PILOT_OR_SHADOW_ROLLOUT_POST_ACTIVATION_HANDOFF_READINESS_REVIEW.md,docs/watchlist/evidence/weekly_swing/results/WS_C90_CONTROLLED_LIMITED_RUNTIME_OPT_IN_PILOT_OR_SHADOW_ROLLOUT_POST_ACTIVATION_HANDOFF_READINESS_REVIEW.md,EVIDENCE_RESULT
docs/watchlist/audit/WS_C90_OPERATOR_VALIDATION_COMMANDS.md,docs/watchlist/evidence/weekly_swing/operator_commands/WS_C90_OPERATOR_VALIDATION_COMMANDS.md,EVIDENCE_OPERATOR_COMMAND
docs/watchlist/audit/WS_C91_CONTROLLED_LIMITED_RUNTIME_OPT_IN_PILOT_OR_SHADOW_ROLLOUT_POST_ACTIVATION_HANDOFF_FINALIZATION_REVIEW.md,docs/watchlist/evidence/weekly_swing/results/WS_C91_CONTROLLED_LIMITED_RUNTIME_OPT_IN_PILOT_OR_SHADOW_ROLLOUT_POST_ACTIVATION_HANDOFF_FINALIZATION_REVIEW.md,EVIDENCE_RESULT
docs/watchlist/audit/WS_C91_OPERATOR_VALIDATION_COMMANDS.md,docs/watchlist/evidence/weekly_swing/operator_commands/WS_C91_OPERATOR_VALIDATION_COMMANDS.md,EVIDENCE_OPERATOR_COMMAND
docs/watchlist/audit/WS_C92_CONTROLLED_LIMITED_RUNTIME_OPT_IN_PILOT_OR_SHADOW_ROLLOUT_POST_ACTIVATION_HANDOFF_COMPLETION_BOUNDARY_REVIEW.md,docs/watchlist/evidence/weekly_swing/results/WS_C92_CONTROLLED_LIMITED_RUNTIME_OPT_IN_PILOT_OR_SHADOW_ROLLOUT_POST_ACTIVATION_HANDOFF_COMPLETION_BOUNDARY_REVIEW.md,EVIDENCE_RESULT
docs/watchlist/audit/WS_C92_OPERATOR_VALIDATION_COMMANDS.md,docs/watchlist/evidence/weekly_swing/operator_commands/WS_C92_OPERATOR_VALIDATION_COMMANDS.md,EVIDENCE_OPERATOR_COMMAND
docs/watchlist/audit/WS_C93_CONTROLLED_LIMITED_RUNTIME_OPT_IN_PILOT_OR_SHADOW_ROLLOUT_POST_ACTIVATION_HANDOFF_CLOSURE_SEAL_REVIEW.md,docs/watchlist/evidence/weekly_swing/results/WS_C93_CONTROLLED_LIMITED_RUNTIME_OPT_IN_PILOT_OR_SHADOW_ROLLOUT_POST_ACTIVATION_HANDOFF_CLOSURE_SEAL_REVIEW.md,EVIDENCE_RESULT
docs/watchlist/audit/WS_C93_OPERATOR_VALIDATION_COMMANDS.md,docs/watchlist/evidence/weekly_swing/operator_commands/WS_C93_OPERATOR_VALIDATION_COMMANDS.md,EVIDENCE_OPERATOR_COMMAND
docs/watchlist/audit/WS_C94_CONTROLLED_LIMITED_RUNTIME_OPT_IN_PILOT_OR_SHADOW_ROLLOUT_POST_ACTIVATION_AUDIT_ARCHIVE_REVIEW.md,docs/watchlist/evidence/weekly_swing/results/WS_C94_CONTROLLED_LIMITED_RUNTIME_OPT_IN_PILOT_OR_SHADOW_ROLLOUT_POST_ACTIVATION_AUDIT_ARCHIVE_REVIEW.md,EVIDENCE_RESULT
docs/watchlist/audit/WS_C94_OPERATOR_VALIDATION_COMMANDS.md,docs/watchlist/evidence/weekly_swing/operator_commands/WS_C94_OPERATOR_VALIDATION_COMMANDS.md,EVIDENCE_OPERATOR_COMMAND
docs/watchlist/audit/WS_C95_CONTROLLED_LIMITED_RUNTIME_OPT_IN_PILOT_OR_SHADOW_ROLLOUT_POST_ACTIVATION_AUDIT_ARCHIVE_COMPLETION_REVIEW.md,docs/watchlist/evidence/weekly_swing/results/WS_C95_CONTROLLED_LIMITED_RUNTIME_OPT_IN_PILOT_OR_SHADOW_ROLLOUT_POST_ACTIVATION_AUDIT_ARCHIVE_COMPLETION_REVIEW.md,EVIDENCE_RESULT
docs/watchlist/audit/WS_C95_OPERATOR_VALIDATION_COMMANDS.md,docs/watchlist/evidence/weekly_swing/operator_commands/WS_C95_OPERATOR_VALIDATION_COMMANDS.md,EVIDENCE_OPERATOR_COMMAND
docs/watchlist/audit/WS_C96_CONTROLLED_LIMITED_RUNTIME_OPT_IN_PILOT_OR_SHADOW_ROLLOUT_POST_ACTIVATION_AUDIT_ARCHIVE_CLOSURE_SEAL_REVIEW.md,docs/watchlist/evidence/weekly_swing/results/WS_C96_CONTROLLED_LIMITED_RUNTIME_OPT_IN_PILOT_OR_SHADOW_ROLLOUT_POST_ACTIVATION_AUDIT_ARCHIVE_CLOSURE_SEAL_REVIEW.md,EVIDENCE_RESULT
docs/watchlist/audit/WS_C96_OPERATOR_VALIDATION_COMMANDS.md,docs/watchlist/evidence/weekly_swing/operator_commands/WS_C96_OPERATOR_VALIDATION_COMMANDS.md,EVIDENCE_OPERATOR_COMMAND
docs/watchlist/audit/WS_C97_CONTROLLED_LIMITED_RUNTIME_OPT_IN_PILOT_OR_SHADOW_ROLLOUT_POST_ACTIVATION_AUDIT_ARCHIVE_FINALIZATION_REVIEW.md,docs/watchlist/evidence/weekly_swing/results/WS_C97_CONTROLLED_LIMITED_RUNTIME_OPT_IN_PILOT_OR_SHADOW_ROLLOUT_POST_ACTIVATION_AUDIT_ARCHIVE_FINALIZATION_REVIEW.md,EVIDENCE_RESULT
docs/watchlist/audit/WS_C97_OPERATOR_VALIDATION_COMMANDS.md,docs/watchlist/evidence/weekly_swing/operator_commands/WS_C97_OPERATOR_VALIDATION_COMMANDS.md,EVIDENCE_OPERATOR_COMMAND
docs/watchlist/audit/WS_C98_OPERATOR_VALIDATION_COMMANDS.md,docs/watchlist/evidence/weekly_swing/operator_commands/WS_C98_OPERATOR_VALIDATION_COMMANDS.md,EVIDENCE_OPERATOR_COMMAND
docs/watchlist/audit/WS_C98_WEEKLY_SWING_WATCHLIST_NON_LIVE_REHEARSAL_REVIEW.md,docs/watchlist/evidence/weekly_swing/results/WS_C98_WEEKLY_SWING_WATCHLIST_NON_LIVE_REHEARSAL_REVIEW.md,EVIDENCE_RESULT
docs/watchlist/audit/WS_C99_OPERATOR_VALIDATION_COMMANDS.md,docs/watchlist/evidence/weekly_swing/operator_commands/WS_C99_OPERATOR_VALIDATION_COMMANDS.md,EVIDENCE_OPERATOR_COMMAND
docs/watchlist/audit/WS_C99_WEEKLY_SWING_WATCHLIST_NON_LIVE_REHEARSAL_EXECUTION_REVIEW.md,docs/watchlist/evidence/weekly_swing/results/WS_C99_WEEKLY_SWING_WATCHLIST_NON_LIVE_REHEARSAL_EXECUTION_REVIEW.md,EVIDENCE_RESULT
docs/watchlist/audit/WS_DB_DICTIONARY_AND_FIELD_USAGE_AUDIT.md,docs/watchlist/evidence/weekly_swing/results/WS_DB_DICTIONARY_AND_FIELD_USAGE_AUDIT.md,EVIDENCE_RESULT
docs/watchlist/audit/WS_DB_DICTIONARY_OPERATOR_COMMANDS.md,docs/watchlist/evidence/weekly_swing/operator_commands/WS_DB_DICTIONARY_OPERATOR_COMMANDS.md,EVIDENCE_OPERATOR_COMMAND
docs/watchlist/audit/WS_NEW_STRATEGY_R01_OPERATOR_VALIDATION_COMMANDS.md,docs/watchlist/evidence/weekly_swing/operator_commands/WS_NEW_STRATEGY_R01_OPERATOR_VALIDATION_COMMANDS.md,EVIDENCE_OPERATOR_COMMAND
docs/watchlist/audit/WS_NEW_STRATEGY_R01_RESEARCH_HYPOTHESIS_AND_DIAGNOSTIC_EVIDENCE.md,docs/watchlist/findings/weekly_swing/records/WS_NEW_STRATEGY_R01_RESEARCH_HYPOTHESIS_AND_DIAGNOSTIC_EVIDENCE.md,FINDING_RECORD
docs/watchlist/audit/WS_NEW_STRATEGY_R02_MINIMAL_CANDIDATES_AND_OFFICIAL_IS.md,docs/watchlist/research/weekly_swing/experiments/WS_NEW_STRATEGY_R02_MINIMAL_CANDIDATES_AND_OFFICIAL_IS.md,RESEARCH
docs/watchlist/audit/WS_NEW_STRATEGY_R02_OPERATOR_VALIDATION_COMMANDS.md,docs/watchlist/evidence/weekly_swing/operator_commands/WS_NEW_STRATEGY_R02_OPERATOR_VALIDATION_COMMANDS.md,EVIDENCE_OPERATOR_COMMAND
docs/watchlist/audit/WS_PRICE_QUALITY_P01_DIAGNOSTIC_CANDIDATES_AND_OFFICIAL_IS.md,docs/watchlist/findings/weekly_swing/records/WS_PRICE_QUALITY_P01_DIAGNOSTIC_CANDIDATES_AND_OFFICIAL_IS.md,FINDING_RECORD
docs/watchlist/audit/WS_PRICE_QUALITY_P01_PREREGISTRATION.md,docs/watchlist/research/weekly_swing/experiments/WS_PRICE_QUALITY_P01_PREREGISTRATION.md,RESEARCH
docs/watchlist/audit/WS_TAIL_RISK_S01_DIAGNOSTIC_CANDIDATES_AND_OFFICIAL_IS.md,docs/watchlist/findings/weekly_swing/records/WS_TAIL_RISK_S01_DIAGNOSTIC_CANDIDATES_AND_OFFICIAL_IS.md,FINDING_RECORD
docs/watchlist/audit/WS_TAIL_RISK_S01_OPERATOR_VALIDATION_COMMANDS.md,docs/watchlist/evidence/weekly_swing/operator_commands/WS_TAIL_RISK_S01_OPERATOR_VALIDATION_COMMANDS.md,EVIDENCE_OPERATOR_COMMAND
docs/watchlist/audit/_artifacts/c02-forensic-summary.csv,docs/watchlist/evidence/weekly_swing/artifacts/c02-forensic-summary.csv,EVIDENCE_ARTIFACT
docs/watchlist/audit/_artifacts/c03-forensic-summary.csv,docs/watchlist/evidence/weekly_swing/artifacts/c03-forensic-summary.csv,EVIDENCE_ARTIFACT
docs/watchlist/audit/_artifacts/c04-forensic-summary.csv,docs/watchlist/evidence/weekly_swing/artifacts/c04-forensic-summary.csv,EVIDENCE_ARTIFACT
docs/watchlist/audit/_artifacts/c05-forensic-summary.csv,docs/watchlist/evidence/weekly_swing/artifacts/c05-forensic-summary.csv,EVIDENCE_ARTIFACT
docs/watchlist/audit/_artifacts/c06-forensic-summary.csv,docs/watchlist/evidence/weekly_swing/artifacts/c06-forensic-summary.csv,EVIDENCE_ARTIFACT
docs/watchlist/audit/_artifacts/c07-forensic-summary.csv,docs/watchlist/evidence/weekly_swing/artifacts/c07-forensic-summary.csv,EVIDENCE_ARTIFACT
docs/watchlist/audit/_artifacts/c07-scoped-drilldown-summary.csv,docs/watchlist/evidence/weekly_swing/artifacts/c07-scoped-drilldown-summary.csv,EVIDENCE_ARTIFACT
docs/watchlist/audit/_artifacts/c08-batched-c07-drilldown-summary.csv,docs/watchlist/evidence/weekly_swing/artifacts/c08-batched-c07-drilldown-summary.csv,EVIDENCE_ARTIFACT
docs/watchlist/audit/_artifacts/c09-batched-c07-nullable-context-summary.csv,docs/watchlist/evidence/weekly_swing/artifacts/c09-batched-c07-nullable-context-summary.csv,EVIDENCE_ARTIFACT
docs/watchlist/audit/_artifacts/c10-batched-c07-exit-model-summary.csv,docs/watchlist/evidence/weekly_swing/artifacts/c10-batched-c07-exit-model-summary.csv,EVIDENCE_ARTIFACT
docs/watchlist/audit/_artifacts/c11-exit-model-contract-audit.json,docs/watchlist/evidence/weekly_swing/artifacts/c11-exit-model-contract-audit.json,EVIDENCE_ARTIFACT
docs/watchlist/audit/_artifacts/c12-exit-model-redesign-contract.json,docs/watchlist/evidence/weekly_swing/artifacts/c12-exit-model-redesign-contract.json,EVIDENCE_ARTIFACT
docs/watchlist/audit/_artifacts/c13-exit-axis-support-audit.json,docs/watchlist/evidence/weekly_swing/artifacts/c13-exit-axis-support-audit.json,EVIDENCE_ARTIFACT
docs/watchlist/audit/_artifacts/c14-forensic-summary.csv,docs/watchlist/evidence/weekly_swing/artifacts/c14-forensic-summary.csv,EVIDENCE_ARTIFACT
docs/watchlist/audit/_artifacts/c14-is-run-1.json,docs/watchlist/evidence/weekly_swing/artifacts/c14-is-run-1.json,EVIDENCE_ARTIFACT
docs/watchlist/audit/_artifacts/c14-is-run-2.json,docs/watchlist/evidence/weekly_swing/artifacts/c14-is-run-2.json,EVIDENCE_ARTIFACT
docs/watchlist/audit/_artifacts/c15-final-evidence-summary.json,docs/watchlist/evidence/weekly_swing/artifacts/c15-final-evidence-summary.json,EVIDENCE_ARTIFACT
docs/watchlist/audit/_artifacts/c15-fix4-param-summary.csv,docs/watchlist/evidence/weekly_swing/artifacts/c15-fix4-param-summary.csv,EVIDENCE_ARTIFACT
docs/watchlist/audit/_artifacts/c15-root-cause-cross-catalog-summary.csv,docs/watchlist/evidence/weekly_swing/artifacts/c15-root-cause-cross-catalog-summary.csv,EVIDENCE_ARTIFACT
docs/watchlist/audit/_artifacts/c15-root-cause-decision-supersession-note.json,docs/watchlist/evidence/weekly_swing/artifacts/c15-root-cause-decision-supersession-note.json,EVIDENCE_ARTIFACT
docs/watchlist/audit/_artifacts/c15-root-cause-decision.json,docs/watchlist/evidence/weekly_swing/artifacts/c15-root-cause-decision.json,EVIDENCE_ARTIFACT
docs/watchlist/audit/_artifacts/c15-root-cause-param-metrics.csv,docs/watchlist/evidence/weekly_swing/artifacts/c15-root-cause-param-metrics.csv,EVIDENCE_ARTIFACT
docs/watchlist/audit/_artifacts/c16-source-implementation-summary.json,docs/watchlist/evidence/weekly_swing/artifacts/c16-source-implementation-summary.json,EVIDENCE_ARTIFACT
docs/watchlist/audit/_artifacts/c17-drilldown-summary.csv,docs/watchlist/evidence/weekly_swing/artifacts/c17-drilldown-summary.csv,EVIDENCE_ARTIFACT
docs/watchlist/audit/_artifacts/c17-final-evidence-summary.json,docs/watchlist/evidence/weekly_swing/artifacts/c17-final-evidence-summary.json,EVIDENCE_ARTIFACT
docs/watchlist/audit/_artifacts/c17-is-run-1.json,docs/watchlist/evidence/weekly_swing/artifacts/c17-is-run-1.json,EVIDENCE_ARTIFACT
docs/watchlist/audit/_artifacts/c17-source-implementation-summary.json,docs/watchlist/evidence/weekly_swing/artifacts/c17-source-implementation-summary.json,EVIDENCE_ARTIFACT
docs/watchlist/audit/_artifacts/c171-final-bounded-remediation-catalog-decision.json,docs/watchlist/evidence/weekly_swing/artifacts/c171-final-bounded-remediation-catalog-decision.json,EVIDENCE_ARTIFACT
docs/watchlist/audit/_artifacts/c171-final-failed-not-ready-closure-decision.json,docs/watchlist/evidence/weekly_swing/artifacts/c171-final-failed-not-ready-closure-decision.json,EVIDENCE_ARTIFACT
docs/watchlist/audit/_artifacts/c171-immutable-draft-paramset-candidate-design.json,docs/watchlist/evidence/weekly_swing/artifacts/c171-immutable-draft-paramset-candidate-design.json,EVIDENCE_ARTIFACT
docs/watchlist/audit/_artifacts/c171-immutable-draft-paramset-candidate-proxy-metrics.csv,docs/watchlist/evidence/weekly_swing/artifacts/c171-immutable-draft-paramset-candidate-proxy-metrics.csv,EVIDENCE_ARTIFACT
docs/watchlist/audit/_artifacts/c171-low-price-execution-quality-c01-draft-catalog-design.json,docs/watchlist/evidence/weekly_swing/artifacts/c171-low-price-execution-quality-c01-draft-catalog-design.json,EVIDENCE_ARTIFACT
docs/watchlist/audit/_artifacts/c18-final-diagnostic-evidence-summary.json,docs/watchlist/evidence/weekly_swing/artifacts/c18-final-diagnostic-evidence-summary.json,EVIDENCE_ARTIFACT
docs/watchlist/audit/_artifacts/c18-funnel-diagnostic-design-summary.json,docs/watchlist/evidence/weekly_swing/artifacts/c18-funnel-diagnostic-design-summary.json,EVIDENCE_ARTIFACT
docs/watchlist/audit/_artifacts/c19-final-diagnostic-result-summary.json,docs/watchlist/evidence/weekly_swing/artifacts/c19-final-diagnostic-result-summary.json,EVIDENCE_ARTIFACT
docs/watchlist/audit/_artifacts/c19-quality-recovery-tahap-5b-source-summary.json,docs/watchlist/evidence/weekly_swing/artifacts/c19-quality-recovery-tahap-5b-source-summary.json,EVIDENCE_ARTIFACT
docs/watchlist/audit/_artifacts/c19-quality-recovery-tahap-5c-source-summary.json,docs/watchlist/evidence/weekly_swing/artifacts/c19-quality-recovery-tahap-5c-source-summary.json,EVIDENCE_ARTIFACT
docs/watchlist/audit/_artifacts/c19-quality-recovery-tuning-diagnostic-fastfix-summary.json,docs/watchlist/evidence/weekly_swing/artifacts/c19-quality-recovery-tuning-diagnostic-fastfix-summary.json,EVIDENCE_ARTIFACT
docs/watchlist/audit/_artifacts/c19-quality-recovery-tuning-diagnostic-source-summary.json,docs/watchlist/evidence/weekly_swing/artifacts/c19-quality-recovery-tuning-diagnostic-source-summary.json,EVIDENCE_ARTIFACT
docs/watchlist/audit/_artifacts/c19-selection-model-redesign-analysis.json,docs/watchlist/evidence/weekly_swing/artifacts/c19-selection-model-redesign-analysis.json,EVIDENCE_ARTIFACT
docs/watchlist/audit/_artifacts/c20-final-diagnostic-result-summary.json,docs/watchlist/evidence/weekly_swing/artifacts/c20-final-diagnostic-result-summary.json,EVIDENCE_ARTIFACT
docs/watchlist/audit/_artifacts/c20-regime-trade-date-diagnostic-source-summary.json,docs/watchlist/evidence/weekly_swing/artifacts/c20-regime-trade-date-diagnostic-source-summary.json,EVIDENCE_ARTIFACT
docs/watchlist/audit/_artifacts/c21-entry-exit-behavior-diagnostic-source-summary.json,docs/watchlist/evidence/weekly_swing/artifacts/c21-entry-exit-behavior-diagnostic-source-summary.json,EVIDENCE_ARTIFACT
docs/watchlist/audit/_artifacts/c21-final-diagnostic-result-summary.json,docs/watchlist/evidence/weekly_swing/artifacts/c21-final-diagnostic-result-summary.json,EVIDENCE_ARTIFACT
docs/watchlist/audit/_artifacts/c22-exit-capture-shadow-diagnostic-source-summary.json,docs/watchlist/evidence/weekly_swing/artifacts/c22-exit-capture-shadow-diagnostic-source-summary.json,EVIDENCE_ARTIFACT
docs/watchlist/audit/_artifacts/c22-final-diagnostic-result-summary.json,docs/watchlist/evidence/weekly_swing/artifacts/c22-final-diagnostic-result-summary.json,EVIDENCE_ARTIFACT
docs/watchlist/audit/_artifacts/c23-first-profit-capture-rule-diagnostic-source-summary.json,docs/watchlist/evidence/weekly_swing/artifacts/c23-first-profit-capture-rule-diagnostic-source-summary.json,EVIDENCE_ARTIFACT
docs/watchlist/audit/_artifacts/c24-c22-shadow-gap-bridge-diagnostic-source-summary.json,docs/watchlist/evidence/weekly_swing/artifacts/c24-c22-shadow-gap-bridge-diagnostic-source-summary.json,EVIDENCE_ARTIFACT
docs/watchlist/audit/_artifacts/c25-no-signal-fallback-delay-diagnostic-source-summary.json,docs/watchlist/evidence/weekly_swing/artifacts/c25-no-signal-fallback-delay-diagnostic-source-summary.json,EVIDENCE_ARTIFACT
docs/watchlist/audit/_artifacts/c26-catalog-candidate-diagnostic-source-summary.json,docs/watchlist/evidence/weekly_swing/artifacts/c26-catalog-candidate-diagnostic-source-summary.json,EVIDENCE_ARTIFACT
docs/watchlist/audit/_artifacts/c27-catalog-candidate-raw-ohlc-validation-source-summary.json,docs/watchlist/evidence/weekly_swing/artifacts/c27-catalog-candidate-raw-ohlc-validation-source-summary.json,EVIDENCE_ARTIFACT
docs/watchlist/audit/_artifacts/c28-rule-revision-tiebreak-diagnostic-source-summary.json,docs/watchlist/evidence/weekly_swing/artifacts/c28-rule-revision-tiebreak-diagnostic-source-summary.json,EVIDENCE_ARTIFACT
docs/watchlist/audit/implementation/README.md,docs/watchlist/governance/audit/implementation/README.md,GOVERNANCE_AUDIT
docs/watchlist/audit/implementation/WATCHLIST_IMPLEMENTATION_AUDIT_FOUNDATION.md,docs/watchlist/governance/audit/implementation/WATCHLIST_IMPLEMENTATION_AUDIT_FOUNDATION.md,GOVERNANCE_AUDIT
docs/watchlist/audit/implementation/WATCHLIST_IMPLEMENTATION_AUDIT_SHORT.md,docs/watchlist/governance/audit/implementation/WATCHLIST_IMPLEMENTATION_AUDIT_SHORT.md,GOVERNANCE_AUDIT
docs/watchlist/audit/implementation/WATCHLIST_IMPLEMENTATION_CHANGE_IMPACT_MATRIX.md,docs/watchlist/governance/audit/implementation/WATCHLIST_IMPLEMENTATION_CHANGE_IMPACT_MATRIX.md,GOVERNANCE_AUDIT
docs/watchlist/audit/implementation/WATCHLIST_IMPLEMENTATION_CHECKLIST_FINAL.md,docs/watchlist/governance/audit/implementation/WATCHLIST_IMPLEMENTATION_CHECKLIST_FINAL.md,GOVERNANCE_AUDIT
docs/watchlist/audit/implementation/WATCHLIST_IMPLEMENTATION_PROMPT_STANDARD.md,docs/watchlist/governance/audit/implementation/WATCHLIST_IMPLEMENTATION_PROMPT_STANDARD.md,GOVERNANCE_AUDIT
docs/watchlist/audit/implementation/WATCHLIST_LAYER_C_APPLICABILITY_RULE.md,docs/watchlist/governance/audit/implementation/WATCHLIST_LAYER_C_APPLICABILITY_RULE.md,GOVERNANCE_AUDIT
docs/watchlist/audit/implementation/_refs/WATCHLIST_IMPLEMENTATION_AUDIT_EXAMPLE.md,docs/watchlist/governance/audit/implementation/_refs/WATCHLIST_IMPLEMENTATION_AUDIT_EXAMPLE.md,GOVERNANCE_AUDIT
docs/watchlist/audit/implementation/_refs/WATCHLIST_IMPLEMENTATION_AUDIT_REAL_API_REVIEW_EXAMPLE.md,docs/watchlist/governance/audit/implementation/_refs/WATCHLIST_IMPLEMENTATION_AUDIT_REAL_API_REVIEW_EXAMPLE.md,GOVERNANCE_AUDIT
docs/watchlist/audit/implementation/_refs/WATCHLIST_IMPLEMENTATION_AUDIT_REAL_PERSISTENCE_REVIEW_EXAMPLE.md,docs/watchlist/governance/audit/implementation/_refs/WATCHLIST_IMPLEMENTATION_AUDIT_REAL_PERSISTENCE_REVIEW_EXAMPLE.md,GOVERNANCE_AUDIT
docs/watchlist/system/00_LINK_INTEGRITY_CHECK_LOCKED.md,docs/watchlist/governance/LINK_INTEGRITY_CHECK_LOCKED.md,GOVERNANCE
docs/watchlist/system/README.md,docs/watchlist/history/documentation_architecture/LEGACY_SYSTEM_README.md,HISTORICAL_ARCHITECTURE
docs/watchlist/system/db/01_DB_OVERVIEW.md,docs/watchlist/implementation/persistence/01_DB_OVERVIEW.md,IMPLEMENTATION_PERSISTENCE
docs/watchlist/system/db/02_DB_SCHEMA_MARIADB.md,docs/watchlist/implementation/persistence/02_DB_SCHEMA_MARIADB.md,IMPLEMENTATION_PERSISTENCE
docs/watchlist/system/db/03_DB_INDEXES_AND_CONSTRAINTS.md,docs/watchlist/implementation/persistence/03_DB_INDEXES_AND_CONSTRAINTS.md,IMPLEMENTATION_PERSISTENCE
docs/watchlist/system/db/04_DB_SEED_GLOBAL.sql,docs/watchlist/implementation/persistence/04_DB_SEED_GLOBAL.sql,IMPLEMENTATION_PERSISTENCE
docs/watchlist/system/db/05_DB_DDL_MARIADB.sql,docs/watchlist/implementation/persistence/05_DB_DDL_MARIADB.sql,IMPLEMENTATION_PERSISTENCE
docs/watchlist/system/db/MIGRATIONS.sql,docs/watchlist/implementation/persistence/MIGRATIONS.sql,IMPLEMENTATION_PERSISTENCE
docs/watchlist/system/db/README.md,docs/watchlist/implementation/persistence/README.md,IMPLEMENTATION_PERSISTENCE
docs/watchlist/system/db/WATCHLIST_DB_DICTIONARY.md,docs/watchlist/implementation/persistence/WATCHLIST_DB_DICTIONARY.md,IMPLEMENTATION_PERSISTENCE
docs/watchlist/system/implementation/README.md,docs/watchlist/implementation/README.md,IMPLEMENTATION_INDEX
docs/watchlist/system/implementation/weekly_swing/01_WS_IMPLEMENTATION_SCOPE_AND_BOUNDARY.md,docs/watchlist/implementation/weekly_swing/guidance/01_WS_IMPLEMENTATION_SCOPE_AND_BOUNDARY.md,IMPLEMENTATION_GUIDANCE
docs/watchlist/system/implementation/weekly_swing/02_WS_MODULE_MAPPING.md,docs/watchlist/implementation/weekly_swing/guidance/02_WS_MODULE_MAPPING.md,IMPLEMENTATION_GUIDANCE
docs/watchlist/system/implementation/weekly_swing/03_WS_RUNTIME_ARTIFACT_FLOW.md,docs/watchlist/implementation/weekly_swing/guidance/03_WS_RUNTIME_ARTIFACT_FLOW.md,IMPLEMENTATION_GUIDANCE
docs/watchlist/system/implementation/weekly_swing/04_WS_API_GUIDANCE.md,docs/watchlist/implementation/weekly_swing/guidance/04_WS_API_GUIDANCE.md,IMPLEMENTATION_GUIDANCE
docs/watchlist/system/implementation/weekly_swing/05A_WS_CANONICAL_FIELD_MATRIX.md,docs/watchlist/implementation/weekly_swing/guidance/05A_WS_CANONICAL_FIELD_MATRIX.md,IMPLEMENTATION_GUIDANCE
docs/watchlist/system/implementation/weekly_swing/05_WS_PERSISTENCE_GUIDANCE.md,docs/watchlist/implementation/weekly_swing/guidance/05_WS_PERSISTENCE_GUIDANCE.md,IMPLEMENTATION_GUIDANCE
docs/watchlist/system/implementation/weekly_swing/06_WS_TEST_IMPLEMENTATION_GUIDANCE.md,docs/watchlist/implementation/weekly_swing/guidance/06_WS_TEST_IMPLEMENTATION_GUIDANCE.md,IMPLEMENTATION_GUIDANCE
docs/watchlist/system/implementation/weekly_swing/07_WS_DELIVERY_CHECKLIST.md,docs/watchlist/implementation/weekly_swing/guidance/07_WS_DELIVERY_CHECKLIST.md,IMPLEMENTATION_GUIDANCE
docs/watchlist/system/policies/README.md,docs/watchlist/strategy/README.md,STRATEGY_INDEX
docs/watchlist/system/policies/_shared/01_POLICY_FRAMEWORK_OVERVIEW.md,docs/watchlist/governance/STRATEGY_POLICY_FRAMEWORK.md,GOVERNANCE
docs/watchlist/system/policies/_shared/02_PARAMSET_CONTRACT_GLOBAL.md,docs/watchlist/implementation/shared/02_PARAMSET_CONTRACT_GLOBAL.md,IMPLEMENTATION_SHARED
docs/watchlist/system/policies/_shared/03_VALIDATOR_SPEC_GLOBAL.md,docs/watchlist/implementation/shared/03_VALIDATOR_SPEC_GLOBAL.md,IMPLEMENTATION_SHARED
docs/watchlist/system/policies/_shared/04_CONTRACT_TESTS_GLOBAL.md,docs/watchlist/implementation/shared/04_CONTRACT_TESTS_GLOBAL.md,IMPLEMENTATION_SHARED
docs/watchlist/system/policies/_shared/05_EXECUTION_CANONICAL_GLOBAL.md,docs/watchlist/implementation/shared/05_EXECUTION_CANONICAL_GLOBAL.md,IMPLEMENTATION_SHARED
docs/watchlist/system/policies/_shared/06_SCHEMA_PARITY_RULES.md,docs/watchlist/implementation/shared/06_SCHEMA_PARITY_RULES.md,IMPLEMENTATION_SHARED
docs/watchlist/system/policies/_shared/07_CONTRACT_FAILURE_CODES_LOCKED.md,docs/watchlist/implementation/shared/07_CONTRACT_FAILURE_CODES_LOCKED.md,IMPLEMENTATION_SHARED
docs/watchlist/system/policies/_shared/README.md,docs/watchlist/implementation/shared/README.md,IMPLEMENTATION_SHARED
docs/watchlist/system/policies/weekly_swing/01_WS_OVERVIEW.md,docs/watchlist/strategy/weekly_swing/01_WS_OVERVIEW.md,CANONICAL_STRATEGY
docs/watchlist/system/policies/weekly_swing/02_WS_CANONICAL_RUNTIME_FLOW.md,docs/watchlist/strategy/weekly_swing/02_WS_CANONICAL_RUNTIME_FLOW.md,CANONICAL_STRATEGY
docs/watchlist/system/policies/weekly_swing/03_WS_DATA_MODEL_MARIADB.md,docs/watchlist/implementation/weekly_swing/contracts/03_WS_DATA_MODEL_MARIADB.md,IMPLEMENTATION_CONTRACT
docs/watchlist/system/policies/weekly_swing/04_WS_PARAMSET_JSON_CONTRACT.md,docs/watchlist/implementation/weekly_swing/contracts/04_WS_PARAMSET_JSON_CONTRACT.md,IMPLEMENTATION_CONTRACT
docs/watchlist/system/policies/weekly_swing/05_WS_PARAMETER_REGISTRY_COMPLETE.md,docs/watchlist/implementation/weekly_swing/contracts/05_WS_PARAMETER_REGISTRY_COMPLETE.md,IMPLEMENTATION_CONTRACT
docs/watchlist/system/policies/weekly_swing/06_WS_PARAMSET_VALIDATOR_SPEC.md,docs/watchlist/implementation/weekly_swing/contracts/06_WS_PARAMSET_VALIDATOR_SPEC.md,IMPLEMENTATION_CONTRACT
docs/watchlist/system/policies/weekly_swing/07_WS_REASON_CODES_AND_HASH.md,docs/watchlist/implementation/weekly_swing/contracts/07_WS_REASON_CODES_AND_HASH.md,IMPLEMENTATION_CONTRACT
docs/watchlist/system/policies/weekly_swing/08_WS_PLAN_ALGORITHM.md,docs/watchlist/strategy/weekly_swing/08_WS_PLAN_ALGORITHM.md,CANONICAL_STRATEGY
docs/watchlist/system/policies/weekly_swing/09_WS_DYNAMIC_SELECTION_DETERMINISTIC.md,docs/watchlist/strategy/weekly_swing/09_WS_DYNAMIC_SELECTION_DETERMINISTIC.md,CANONICAL_STRATEGY
docs/watchlist/system/policies/weekly_swing/10_WS_CONFIRM_OVERLAY.md,docs/watchlist/strategy/weekly_swing/10_WS_CONFIRM_OVERLAY.md,CANONICAL_STRATEGY
docs/watchlist/system/policies/weekly_swing/11_WS_INTRADAY_SNAPSHOT_TABLES.md,docs/watchlist/implementation/weekly_swing/persistence/11_WS_INTRADAY_SNAPSHOT_TABLES.md,IMPLEMENTATION_PERSISTENCE
docs/watchlist/system/policies/weekly_swing/12_WS_BACKTEST_AND_CALIBRATION_STRATEGY.md,docs/watchlist/strategy/weekly_swing/12_WS_BACKTEST_AND_CALIBRATION_STRATEGY.md,CANONICAL_STRATEGY
docs/watchlist/system/policies/weekly_swing/13_WS_CONTRACT_TEST_CHECKLIST.md,docs/watchlist/implementation/weekly_swing/testing/13_WS_CONTRACT_TEST_CHECKLIST.md,IMPLEMENTATION_TEST
docs/watchlist/system/policies/weekly_swing/14_WS_BT_COVERAGE_MATRIX_LOCKED.md,docs/watchlist/implementation/weekly_swing/verification/14_WS_BT_COVERAGE_MATRIX_LOCKED.md,IMPLEMENTATION_VERIFICATION
docs/watchlist/system/policies/weekly_swing/15_WS_UNIVERSE_EQUIVALENCE_CONTRACT_LOCKED.md,docs/watchlist/implementation/weekly_swing/verification/15_WS_UNIVERSE_EQUIVALENCE_CONTRACT_LOCKED.md,IMPLEMENTATION_VERIFICATION
docs/watchlist/system/policies/weekly_swing/16_WS_EVAL_METRICS_SUFFICIENCY_LOCKED.md,docs/watchlist/strategy/weekly_swing/validation/16_WS_EVAL_METRICS_SUFFICIENCY_LOCKED.md,CANONICAL_STRATEGY_VALIDATION
docs/watchlist/system/policies/weekly_swing/17_WS_WALK_FORWARD_OOS_PROOF_LOCKED.md,docs/watchlist/strategy/weekly_swing/validation/17_WS_WALK_FORWARD_OOS_PROOF_LOCKED.md,CANONICAL_STRATEGY_VALIDATION
docs/watchlist/system/policies/weekly_swing/18_WS_BACKTEST_ARTIFACT_MANIFEST_LOCKED.md,docs/watchlist/implementation/weekly_swing/evidence_contracts/18_WS_BACKTEST_ARTIFACT_MANIFEST_LOCKED.md,IMPLEMENTATION_EVIDENCE_CONTRACT
docs/watchlist/system/policies/weekly_swing/19_WS_DEPRECATED_OR_NONSCOPE_ARTIFACTS_LEDGER.md,docs/watchlist/history/weekly_swing/superseded/19_WS_DEPRECATED_OR_NONSCOPE_ARTIFACTS_LEDGER.md,HISTORICAL_LEDGER
docs/watchlist/system/policies/weekly_swing/20_WS_CANONICAL_PARAMSET_PROCEDURES.md,docs/watchlist/implementation/weekly_swing/procedures/20_WS_CANONICAL_PARAMSET_PROCEDURES.md,IMPLEMENTATION_PROCEDURE
docs/watchlist/system/policies/weekly_swing/21_WS_IMPLEMENTATION_BLUEPRINT.md,docs/watchlist/implementation/weekly_swing/guidance/21_WS_IMPLEMENTATION_BLUEPRINT.md,IMPLEMENTATION_GUIDANCE
docs/watchlist/system/policies/weekly_swing/22_WS_RECOMMENDATION_OVERVIEW.md,docs/watchlist/strategy/weekly_swing/22_WS_RECOMMENDATION_OVERVIEW.md,CANONICAL_STRATEGY
docs/watchlist/system/policies/weekly_swing/23_WS_RECOMMENDATION_INPUT_OUTPUT_CONTRACT.md,docs/watchlist/implementation/weekly_swing/contracts/23_WS_RECOMMENDATION_INPUT_OUTPUT_CONTRACT.md,IMPLEMENTATION_CONTRACT
docs/watchlist/system/policies/weekly_swing/24_WS_RECOMMENDATION_ALGORITHM.md,docs/watchlist/strategy/weekly_swing/24_WS_RECOMMENDATION_ALGORITHM.md,CANONICAL_STRATEGY
docs/watchlist/system/policies/weekly_swing/25_WS_RECOMMENDATION_REASON_CODES_AND_TESTS.md,docs/watchlist/implementation/weekly_swing/testing/25_WS_RECOMMENDATION_REASON_CODES_AND_TESTS.md,IMPLEMENTATION_TEST
docs/watchlist/system/policies/weekly_swing/README.md,docs/watchlist/strategy/weekly_swing/README.md,STRATEGY_INDEX
docs/watchlist/system/policies/weekly_swing/_refs/README.md,docs/watchlist/research/weekly_swing/README_LEGACY_REFS.md,HISTORICAL_INDEX
docs/watchlist/system/policies/weekly_swing/_refs/WS_BREAKOUT_INTEGRITY_B01_ACTIVE_SHADOW_LOCK.md,docs/watchlist/evidence/weekly_swing/locks/WS_BREAKOUT_INTEGRITY_B01_ACTIVE_SHADOW_LOCK.md,EVIDENCE_LOCK
docs/watchlist/system/policies/weekly_swing/_refs/WS_BREAKOUT_INTEGRITY_B01_IS_IDENTITY_REVIEW_LOCK.md,docs/watchlist/evidence/weekly_swing/locks/WS_BREAKOUT_INTEGRITY_B01_IS_IDENTITY_REVIEW_LOCK.md,EVIDENCE_LOCK
docs/watchlist/system/policies/weekly_swing/_refs/WS_BREAKOUT_INTEGRITY_B01_OFFICIAL_OOS_LOCK.md,docs/watchlist/evidence/weekly_swing/locks/WS_BREAKOUT_INTEGRITY_B01_OFFICIAL_OOS_LOCK.md,EVIDENCE_LOCK
docs/watchlist/system/policies/weekly_swing/_refs/WS_BREAKOUT_INTEGRITY_B01_PREREGISTRATION_LOCK.md,docs/watchlist/research/weekly_swing/experiments/WS_BREAKOUT_INTEGRITY_B01_PREREGISTRATION_LOCK.md,RESEARCH
docs/watchlist/system/policies/weekly_swing/_refs/WS_BREAKOUT_INTEGRITY_B01_PROMOTION_READINESS_LOCK.md,docs/watchlist/decisions/weekly_swing/WS_BREAKOUT_INTEGRITY_B01_PROMOTION_READINESS_LOCK.md,DECISION
docs/watchlist/system/policies/weekly_swing/_refs/WS_C01_FAILURE_DIAGNOSTIC_NOTE.md,docs/watchlist/findings/weekly_swing/records/WS_C01_FAILURE_DIAGNOSTIC_NOTE.md,FINDING_RECORD
docs/watchlist/system/policies/weekly_swing/_refs/WS_C01_IS_FAILURE_DRILLDOWN_NOTE.md,docs/watchlist/findings/weekly_swing/records/WS_C01_IS_FAILURE_DRILLDOWN_NOTE.md,FINDING_RECORD
docs/watchlist/system/policies/weekly_swing/_refs/WS_C15_ROOT_CAUSE_AND_DIAGNOSTIC_PREREQUISITE_NOTE.md,docs/watchlist/findings/weekly_swing/records/WS_C15_ROOT_CAUSE_AND_DIAGNOSTIC_PREREQUISITE_NOTE.md,FINDING_RECORD
docs/watchlist/system/policies/weekly_swing/_refs/WS_C22_SHADOW_GAP_BRIDGE_C24_DESIGN_NOTE.md,docs/watchlist/research/weekly_swing/experiments/WS_C22_SHADOW_GAP_BRIDGE_C24_DESIGN_NOTE.md,RESEARCH
docs/watchlist/system/policies/weekly_swing/_refs/WS_CATALOG_CANDIDATE_C26_DESIGN_NOTE.md,docs/watchlist/research/weekly_swing/experiments/WS_CATALOG_CANDIDATE_C26_DESIGN_NOTE.md,RESEARCH
docs/watchlist/system/policies/weekly_swing/_refs/WS_CATALOG_CANDIDATE_C27_RAW_OHLC_VALIDATION_NOTE.md,docs/watchlist/implementation/weekly_swing/reference/WS_CATALOG_CANDIDATE_C27_RAW_OHLC_VALIDATION_NOTE.md,IMPLEMENTATION_REFERENCE
docs/watchlist/system/policies/weekly_swing/_refs/WS_CATALOG_CANDIDATE_C28_RULE_REVISION_TIEBREAK_NOTE.md,docs/watchlist/implementation/weekly_swing/reference/WS_CATALOG_CANDIDATE_C28_RULE_REVISION_TIEBREAK_NOTE.md,IMPLEMENTATION_REFERENCE
docs/watchlist/system/policies/weekly_swing/_refs/WS_DOWNSIDE_STABILITY_C01_CALIBRATION_NOTE.md,docs/watchlist/research/weekly_swing/experiments/WS_DOWNSIDE_STABILITY_C01_CALIBRATION_NOTE.md,RESEARCH
docs/watchlist/system/policies/weekly_swing/_refs/WS_DOWNSIDE_STABILITY_C02_DESIGN_NOTE.md,docs/watchlist/research/weekly_swing/experiments/WS_DOWNSIDE_STABILITY_C02_DESIGN_NOTE.md,RESEARCH
docs/watchlist/system/policies/weekly_swing/_refs/WS_DOWNSIDE_STABILITY_C03_DESIGN_NOTE.md,docs/watchlist/research/weekly_swing/experiments/WS_DOWNSIDE_STABILITY_C03_DESIGN_NOTE.md,RESEARCH
docs/watchlist/system/policies/weekly_swing/_refs/WS_DOWNSIDE_STABILITY_C04_DESIGN_INPUT_NOTE.md,docs/watchlist/research/weekly_swing/experiments/WS_DOWNSIDE_STABILITY_C04_DESIGN_INPUT_NOTE.md,RESEARCH
docs/watchlist/system/policies/weekly_swing/_refs/WS_DOWNSIDE_STABILITY_C04_DESIGN_NOTE.md,docs/watchlist/research/weekly_swing/experiments/WS_DOWNSIDE_STABILITY_C04_DESIGN_NOTE.md,RESEARCH
docs/watchlist/system/policies/weekly_swing/_refs/WS_DOWNSIDE_STABILITY_C05_DESIGN_NOTE.md,docs/watchlist/research/weekly_swing/experiments/WS_DOWNSIDE_STABILITY_C05_DESIGN_NOTE.md,RESEARCH
docs/watchlist/system/policies/weekly_swing/_refs/WS_DOWNSIDE_STABILITY_C06_DESIGN_NOTE.md,docs/watchlist/research/weekly_swing/experiments/WS_DOWNSIDE_STABILITY_C06_DESIGN_NOTE.md,RESEARCH
docs/watchlist/system/policies/weekly_swing/_refs/WS_DOWNSIDE_STABILITY_C07_DESIGN_NOTE.md,docs/watchlist/research/weekly_swing/experiments/WS_DOWNSIDE_STABILITY_C07_DESIGN_NOTE.md,RESEARCH
docs/watchlist/system/policies/weekly_swing/_refs/WS_DOWNSIDE_STABILITY_C14_DESIGN_NOTE.md,docs/watchlist/research/weekly_swing/experiments/WS_DOWNSIDE_STABILITY_C14_DESIGN_NOTE.md,RESEARCH
docs/watchlist/system/policies/weekly_swing/_refs/WS_DOWNSIDE_STABILITY_C16_DESIGN_NOTE.md,docs/watchlist/research/weekly_swing/experiments/WS_DOWNSIDE_STABILITY_C16_DESIGN_NOTE.md,RESEARCH
docs/watchlist/system/policies/weekly_swing/_refs/WS_DOWNSIDE_STABILITY_C17_DESIGN_NOTE.md,docs/watchlist/research/weekly_swing/experiments/WS_DOWNSIDE_STABILITY_C17_DESIGN_NOTE.md,RESEARCH
docs/watchlist/system/policies/weekly_swing/_refs/WS_DOWNSIDE_STABILITY_C18_DESIGN_NOTE.md,docs/watchlist/research/weekly_swing/experiments/WS_DOWNSIDE_STABILITY_C18_DESIGN_NOTE.md,RESEARCH
docs/watchlist/system/policies/weekly_swing/_refs/WS_ENTRY_EXIT_BEHAVIOR_C21_DESIGN_NOTE.md,docs/watchlist/research/weekly_swing/experiments/WS_ENTRY_EXIT_BEHAVIOR_C21_DESIGN_NOTE.md,RESEARCH
docs/watchlist/system/policies/weekly_swing/_refs/WS_EXIT_CAPTURE_SHADOW_C22_DESIGN_NOTE.md,docs/watchlist/research/weekly_swing/experiments/WS_EXIT_CAPTURE_SHADOW_C22_DESIGN_NOTE.md,RESEARCH
docs/watchlist/system/policies/weekly_swing/_refs/WS_FAILURE_BEHAVIOR_MATRIX.md,docs/watchlist/implementation/weekly_swing/reference/WS_FAILURE_BEHAVIOR_MATRIX.md,IMPLEMENTATION_REFERENCE
docs/watchlist/system/policies/weekly_swing/_refs/WS_FIRST_PROFIT_CAPTURE_RULE_C23_DESIGN_NOTE.md,docs/watchlist/research/weekly_swing/experiments/WS_FIRST_PROFIT_CAPTURE_RULE_C23_DESIGN_NOTE.md,RESEARCH
docs/watchlist/system/policies/weekly_swing/_refs/WS_FIXTURE_INVENTORY.md,docs/watchlist/implementation/weekly_swing/reference/WS_FIXTURE_INVENTORY.md,IMPLEMENTATION_REFERENCE
docs/watchlist/system/policies/weekly_swing/_refs/WS_GLOSSARY_REFERENCE.md,docs/watchlist/implementation/weekly_swing/reference/WS_GLOSSARY_REFERENCE.md,IMPLEMENTATION_REFERENCE
docs/watchlist/system/policies/weekly_swing/_refs/WS_MANUAL_INPUT_TEMPLATE.md,docs/watchlist/implementation/weekly_swing/reference/WS_MANUAL_INPUT_TEMPLATE.md,IMPLEMENTATION_REFERENCE
docs/watchlist/system/policies/weekly_swing/_refs/WS_NEW_STRATEGY_R01_RESEARCH_HYPOTHESIS_NOTE.md,docs/watchlist/research/weekly_swing/experiments/WS_NEW_STRATEGY_R01_RESEARCH_HYPOTHESIS_NOTE.md,RESEARCH
docs/watchlist/system/policies/weekly_swing/_refs/WS_NEW_STRATEGY_R02_CANDIDATE_LOCK.md,docs/watchlist/research/weekly_swing/experiments/WS_NEW_STRATEGY_R02_CANDIDATE_LOCK.md,RESEARCH
docs/watchlist/system/policies/weekly_swing/_refs/WS_NO_SIGNAL_FALLBACK_DELAY_C25_DESIGN_NOTE.md,docs/watchlist/research/weekly_swing/experiments/WS_NO_SIGNAL_FALLBACK_DELAY_C25_DESIGN_NOTE.md,RESEARCH
docs/watchlist/system/policies/weekly_swing/_refs/WS_OOS_EVIDENCE_NOTE.md,docs/watchlist/evidence/weekly_swing/locks/WS_OOS_EVIDENCE_NOTE.md,EVIDENCE_LOCK
docs/watchlist/system/policies/weekly_swing/_refs/WS_PARAMETER_COVERAGE_MATRIX.md,docs/watchlist/implementation/weekly_swing/reference/WS_PARAMETER_COVERAGE_MATRIX.md,IMPLEMENTATION_REFERENCE
docs/watchlist/system/policies/weekly_swing/_refs/WS_PRICE_QUALITY_P01_IDENTITY_REPAIR_LOCK.md,docs/watchlist/research/weekly_swing/experiments/WS_PRICE_QUALITY_P01_IDENTITY_REPAIR_LOCK.md,RESEARCH
docs/watchlist/system/policies/weekly_swing/_refs/WS_PRICE_QUALITY_P01_PREREGISTRATION_LOCK.md,docs/watchlist/research/weekly_swing/experiments/WS_PRICE_QUALITY_P01_PREREGISTRATION_LOCK.md,RESEARCH
docs/watchlist/system/policies/weekly_swing/_refs/WS_PRICE_QUALITY_P01_REMEDIATION_LOCK.md,docs/watchlist/research/weekly_swing/experiments/WS_PRICE_QUALITY_P01_REMEDIATION_LOCK.md,RESEARCH
docs/watchlist/system/policies/weekly_swing/_refs/WS_R2_ENTRY_QUALITY_CALIBRATION_NOTE.md,docs/watchlist/research/weekly_swing/experiments/WS_R2_ENTRY_QUALITY_CALIBRATION_NOTE.md,RESEARCH
docs/watchlist/system/policies/weekly_swing/_refs/WS_REGIME_TRADE_DATE_QUALITY_GATE_C20_DESIGN_NOTE.md,docs/watchlist/research/weekly_swing/experiments/WS_REGIME_TRADE_DATE_QUALITY_GATE_C20_DESIGN_NOTE.md,RESEARCH
docs/watchlist/system/policies/weekly_swing/_refs/WS_RUNTIME_OUTPUT_EXAMPLES.md,docs/watchlist/implementation/weekly_swing/reference/WS_RUNTIME_OUTPUT_EXAMPLES.md,IMPLEMENTATION_REFERENCE
docs/watchlist/system/policies/weekly_swing/_refs/WS_SELECTION_MODEL_REDESIGN_C19_DESIGN_NOTE.md,docs/watchlist/research/weekly_swing/experiments/WS_SELECTION_MODEL_REDESIGN_C19_DESIGN_NOTE.md,RESEARCH
docs/watchlist/system/policies/weekly_swing/_refs/WS_SIGNAL_QUALITY_Q01_PREREGISTRATION_LOCK.md,docs/watchlist/research/weekly_swing/experiments/WS_SIGNAL_QUALITY_Q01_PREREGISTRATION_LOCK.md,RESEARCH
docs/watchlist/system/policies/weekly_swing/_refs/WS_TAIL_RISK_S01_CANDIDATE_AND_REMEDIATION_LOCK.md,docs/watchlist/research/weekly_swing/experiments/WS_TAIL_RISK_S01_CANDIDATE_AND_REMEDIATION_LOCK.md,RESEARCH
docs/watchlist/system/policies/weekly_swing/_refs/WS_WORKED_EXAMPLE_E2E.md,docs/watchlist/implementation/weekly_swing/reference/WS_WORKED_EXAMPLE_E2E.md,IMPLEMENTATION_REFERENCE
docs/watchlist/system/policies/weekly_swing/db/BACKTEST_OOS_RUNTIME_GAP_CLOSURE.sql,docs/watchlist/implementation/weekly_swing/db/BACKTEST_OOS_RUNTIME_GAP_CLOSURE.sql,IMPLEMENTATION_SUPPORT
docs/watchlist/system/policies/weekly_swing/db/BACKTEST_OOS_RUNTIME_VERIFY.sql,docs/watchlist/implementation/weekly_swing/db/BACKTEST_OOS_RUNTIME_VERIFY.sql,IMPLEMENTATION_SUPPORT
docs/watchlist/system/policies/weekly_swing/db/BACKTEST_PARAM_GRID_SEED.sql,docs/watchlist/implementation/weekly_swing/db/BACKTEST_PARAM_GRID_SEED.sql,IMPLEMENTATION_SUPPORT
docs/watchlist/system/policies/weekly_swing/db/BACKTEST_SCHEMA_DDL.sql,docs/watchlist/implementation/weekly_swing/db/BACKTEST_SCHEMA_DDL.sql,IMPLEMENTATION_SUPPORT
docs/watchlist/system/policies/weekly_swing/db/PARAMSET_WS_ACTIVE_EXAMPLE.json,docs/watchlist/implementation/weekly_swing/db/PARAMSET_WS_ACTIVE_EXAMPLE.json,IMPLEMENTATION_SUPPORT
docs/watchlist/system/policies/weekly_swing/db/PLAN_UNIVERSE_SNAPSHOT_SCHEMA.md,docs/watchlist/implementation/weekly_swing/db/PLAN_UNIVERSE_SNAPSHOT_SCHEMA.md,IMPLEMENTATION_SUPPORT
docs/watchlist/system/policies/weekly_swing/db/PROMOTE_PARAMSET.sql,docs/watchlist/implementation/weekly_swing/db/PROMOTE_PARAMSET.sql,IMPLEMENTATION_SUPPORT
docs/watchlist/system/policies/weekly_swing/db/README.md,docs/watchlist/implementation/weekly_swing/db/README.md,IMPLEMENTATION_SUPPORT
docs/watchlist/system/policies/weekly_swing/db/REASON_CODES_SEED.sql,docs/watchlist/implementation/weekly_swing/db/REASON_CODES_SEED.sql,IMPLEMENTATION_SUPPORT
docs/watchlist/system/policies/weekly_swing/db/RECOMMENDATION_RUNTIME_SCHEMA.md,docs/watchlist/implementation/weekly_swing/db/RECOMMENDATION_RUNTIME_SCHEMA.md,IMPLEMENTATION_SUPPORT
docs/watchlist/system/policies/weekly_swing/examples/README.md,docs/watchlist/implementation/weekly_swing/examples/README.md,IMPLEMENTATION_EXAMPLE
docs/watchlist/system/policies/weekly_swing/examples/WS_CONFIRM_OUTPUT_NON_RECOMMENDED_CANDIDATE.json,docs/watchlist/implementation/weekly_swing/examples/WS_CONFIRM_OUTPUT_NON_RECOMMENDED_CANDIDATE.json,IMPLEMENTATION_EXAMPLE
docs/watchlist/system/policies/weekly_swing/examples/WS_CONFIRM_RUNTIME_OUTPUT_EXAMPLE_A.json,docs/watchlist/implementation/weekly_swing/examples/WS_CONFIRM_RUNTIME_OUTPUT_EXAMPLE_A.json,IMPLEMENTATION_EXAMPLE
docs/watchlist/system/policies/weekly_swing/examples/WS_PLAN_CONFIRM_RUNTIME_PAIR_EXAMPLE_A.json,docs/watchlist/implementation/weekly_swing/examples/WS_PLAN_CONFIRM_RUNTIME_PAIR_EXAMPLE_A.json,IMPLEMENTATION_EXAMPLE
docs/watchlist/system/policies/weekly_swing/examples/WS_PLAN_RECOMMENDATION_CONFIRM_TRIPLE_EXAMPLE_A.json,docs/watchlist/implementation/weekly_swing/examples/WS_PLAN_RECOMMENDATION_CONFIRM_TRIPLE_EXAMPLE_A.json,IMPLEMENTATION_EXAMPLE
docs/watchlist/system/policies/weekly_swing/examples/WS_PLAN_RECOMMENDATION_PAIR_EXAMPLE_A.json,docs/watchlist/implementation/weekly_swing/examples/WS_PLAN_RECOMMENDATION_PAIR_EXAMPLE_A.json,IMPLEMENTATION_EXAMPLE
docs/watchlist/system/policies/weekly_swing/examples/WS_PLAN_REC_CONFIRM_COMPOSITE_EXAMPLE.json,docs/watchlist/implementation/weekly_swing/examples/WS_PLAN_REC_CONFIRM_COMPOSITE_EXAMPLE.json,IMPLEMENTATION_EXAMPLE
docs/watchlist/system/policies/weekly_swing/examples/WS_PLAN_RUNTIME_OUTPUT_EXAMPLE_A.json,docs/watchlist/implementation/weekly_swing/examples/WS_PLAN_RUNTIME_OUTPUT_EXAMPLE_A.json,IMPLEMENTATION_EXAMPLE
docs/watchlist/system/policies/weekly_swing/examples/WS_PLAN_RUNTIME_OUTPUT_EXAMPLE_NO_TRADE.json,docs/watchlist/implementation/weekly_swing/examples/WS_PLAN_RUNTIME_OUTPUT_EXAMPLE_NO_TRADE.json,IMPLEMENTATION_EXAMPLE
docs/watchlist/system/policies/weekly_swing/examples/WS_RECOMMENDATION_RUNTIME_OUTPUT_EMPTY.json,docs/watchlist/implementation/weekly_swing/examples/WS_RECOMMENDATION_RUNTIME_OUTPUT_EMPTY.json,IMPLEMENTATION_EXAMPLE
docs/watchlist/system/policies/weekly_swing/examples/WS_RECOMMENDATION_RUNTIME_OUTPUT_EMPTY_DETAILED.json,docs/watchlist/implementation/weekly_swing/examples/WS_RECOMMENDATION_RUNTIME_OUTPUT_EMPTY_DETAILED.json,IMPLEMENTATION_EXAMPLE
docs/watchlist/system/policies/weekly_swing/examples/WS_RECOMMENDATION_RUNTIME_OUTPUT_EXAMPLE_A.json,docs/watchlist/implementation/weekly_swing/examples/WS_RECOMMENDATION_RUNTIME_OUTPUT_EXAMPLE_A.json,IMPLEMENTATION_EXAMPLE
docs/watchlist/system/policies/weekly_swing/examples/WS_RECOMMENDATION_RUNTIME_OUTPUT_EXAMPLE_B.json,docs/watchlist/implementation/weekly_swing/examples/WS_RECOMMENDATION_RUNTIME_OUTPUT_EXAMPLE_B.json,IMPLEMENTATION_EXAMPLE
docs/watchlist/system/policies/weekly_swing/fixtures/PLAN_FIXTURE_A_TIES_V1.json,docs/watchlist/implementation/weekly_swing/fixtures/PLAN_FIXTURE_A_TIES_V1.json,IMPLEMENTATION_FIXTURE
docs/watchlist/system/policies/weekly_swing/fixtures/README.md,docs/watchlist/implementation/weekly_swing/fixtures/README.md,IMPLEMENTATION_FIXTURE
docs/watchlist/system/policies/weekly_swing/fixtures/artifact_reference_guard_minimal.json,docs/watchlist/implementation/weekly_swing/fixtures/artifact_reference_guard_minimal.json,IMPLEMENTATION_FIXTURE
docs/watchlist/system/policies/weekly_swing/fixtures/bt_coverage_guard_minimal.json,docs/watchlist/implementation/weekly_swing/fixtures/bt_coverage_guard_minimal.json,IMPLEMENTATION_FIXTURE
docs/watchlist/system/policies/weekly_swing/fixtures/bt_eval_metrics_minimal.json,docs/watchlist/implementation/weekly_swing/fixtures/bt_eval_metrics_minimal.json,IMPLEMENTATION_FIXTURE
docs/watchlist/system/policies/weekly_swing/fixtures/bt_oos_proof_minimal.json,docs/watchlist/implementation/weekly_swing/fixtures/bt_oos_proof_minimal.json,IMPLEMENTATION_FIXTURE
docs/watchlist/system/policies/weekly_swing/fixtures/candidate_confirm_non_recommended.json,docs/watchlist/implementation/weekly_swing/fixtures/candidate_confirm_non_recommended.json,IMPLEMENTATION_FIXTURE
docs/watchlist/system/policies/weekly_swing/fixtures/confirm_immutability_pair.json,docs/watchlist/implementation/weekly_swing/fixtures/confirm_immutability_pair.json,IMPLEMENTATION_FIXTURE
docs/watchlist/system/policies/weekly_swing/fixtures/confirm_payload_with_orderbook_fields.json,docs/watchlist/implementation/weekly_swing/fixtures/confirm_payload_with_orderbook_fields.json,IMPLEMENTATION_FIXTURE
docs/watchlist/system/policies/weekly_swing/fixtures/confirm_payload_with_unknown_top_level_field.json,docs/watchlist/implementation/weekly_swing/fixtures/confirm_payload_with_unknown_top_level_field.json,IMPLEMENTATION_FIXTURE
docs/watchlist/system/policies/weekly_swing/fixtures/confirm_snapshots_two.json,docs/watchlist/implementation/weekly_swing/fixtures/confirm_snapshots_two.json,IMPLEMENTATION_FIXTURE
docs/watchlist/system/policies/weekly_swing/fixtures/hash_contract_vectors.json,docs/watchlist/implementation/weekly_swing/fixtures/hash_contract_vectors.json,IMPLEMENTATION_FIXTURE
docs/watchlist/system/policies/weekly_swing/fixtures/paramset_bad_enum.json,docs/watchlist/implementation/weekly_swing/fixtures/paramset_bad_enum.json,IMPLEMENTATION_FIXTURE
docs/watchlist/system/policies/weekly_swing/fixtures/paramset_bad_eval.json,docs/watchlist/implementation/weekly_swing/fixtures/paramset_bad_eval.json,IMPLEMENTATION_FIXTURE
docs/watchlist/system/policies/weekly_swing/fixtures/paramset_bad_hash_contract.json,docs/watchlist/implementation/weekly_swing/fixtures/paramset_bad_hash_contract.json,IMPLEMENTATION_FIXTURE
docs/watchlist/system/policies/weekly_swing/fixtures/paramset_missing_audit_field.json,docs/watchlist/implementation/weekly_swing/fixtures/paramset_missing_audit_field.json,IMPLEMENTATION_FIXTURE
docs/watchlist/system/policies/weekly_swing/fixtures/paramset_missing_required_key.json,docs/watchlist/implementation/weekly_swing/fixtures/paramset_missing_required_key.json,IMPLEMENTATION_FIXTURE
docs/watchlist/system/policies/weekly_swing/fixtures/paramset_type_drift.json,docs/watchlist/implementation/weekly_swing/fixtures/paramset_type_drift.json,IMPLEMENTATION_FIXTURE
docs/watchlist/system/policies/weekly_swing/fixtures/paramset_unknown_key.json,docs/watchlist/implementation/weekly_swing/fixtures/paramset_unknown_key.json,IMPLEMENTATION_FIXTURE
docs/watchlist/system/policies/weekly_swing/fixtures/paramset_valid.json,docs/watchlist/implementation/weekly_swing/fixtures/paramset_valid.json,IMPLEMENTATION_FIXTURE
docs/watchlist/system/policies/weekly_swing/fixtures/plan_items_artificial_ties.json,docs/watchlist/implementation/weekly_swing/fixtures/plan_items_artificial_ties.json,IMPLEMENTATION_FIXTURE
docs/watchlist/system/policies/weekly_swing/fixtures/plan_items_forced_watch_only.json,docs/watchlist/implementation/weekly_swing/fixtures/plan_items_forced_watch_only.json,IMPLEMENTATION_FIXTURE
docs/watchlist/system/policies/weekly_swing/fixtures/plan_items_guard_fail.json,docs/watchlist/implementation/weekly_swing/fixtures/plan_items_guard_fail.json,IMPLEMENTATION_FIXTURE
docs/watchlist/system/policies/weekly_swing/fixtures/plan_items_no_trade_hide_all.json,docs/watchlist/implementation/weekly_swing/fixtures/plan_items_no_trade_hide_all.json,IMPLEMENTATION_FIXTURE
docs/watchlist/system/policies/weekly_swing/fixtures/plan_items_no_trade_min_eligible.json,docs/watchlist/implementation/weekly_swing/fixtures/plan_items_no_trade_min_eligible.json,IMPLEMENTATION_FIXTURE
docs/watchlist/system/policies/weekly_swing/fixtures/plan_universe_snapshot_sample.json,docs/watchlist/implementation/weekly_swing/fixtures/plan_universe_snapshot_sample.json,IMPLEMENTATION_FIXTURE
docs/watchlist/system/policies/weekly_swing/fixtures/recommendation_capital_aware.json,docs/watchlist/implementation/weekly_swing/fixtures/recommendation_capital_aware.json,IMPLEMENTATION_FIXTURE
docs/watchlist/system/policies/weekly_swing/fixtures/recommendation_capital_free.json,docs/watchlist/implementation/weekly_swing/fixtures/recommendation_capital_free.json,IMPLEMENTATION_FIXTURE
docs/watchlist/system/policies/weekly_swing/fixtures/recommendation_capital_free_vs_capital_aware_pair.json,docs/watchlist/implementation/weekly_swing/fixtures/recommendation_capital_free_vs_capital_aware_pair.json,IMPLEMENTATION_FIXTURE
docs/watchlist/system/policies/weekly_swing/fixtures/recommendation_deterministic_ties.json,docs/watchlist/implementation/weekly_swing/fixtures/recommendation_deterministic_ties.json,IMPLEMENTATION_FIXTURE
docs/watchlist/system/policies/weekly_swing/fixtures/recommendation_empty_but_prioritized_groups_nonempty.json,docs/watchlist/implementation/weekly_swing/fixtures/recommendation_empty_but_prioritized_groups_nonempty.json,IMPLEMENTATION_FIXTURE
docs/watchlist/system/policies/weekly_swing/fixtures/recommended_and_confirmed_pair.json,docs/watchlist/implementation/weekly_swing/fixtures/recommended_and_confirmed_pair.json,IMPLEMENTATION_FIXTURE
docs/watchlist/system/policies/weekly_swing/fixtures/recommended_and_confirmed_pair_detailed.json,docs/watchlist/implementation/weekly_swing/fixtures/recommended_and_confirmed_pair_detailed.json,IMPLEMENTATION_FIXTURE
docs/watchlist/system/policies/weekly_swing/fixtures/scored_items_quantile_cutoff.json,docs/watchlist/implementation/weekly_swing/fixtures/scored_items_quantile_cutoff.json,IMPLEMENTATION_FIXTURE
docs/watchlist/system/policies/weekly_swing/fixtures/universe_equivalence_sample.json,docs/watchlist/implementation/weekly_swing/fixtures/universe_equivalence_sample.json,IMPLEMENTATION_FIXTURE
docs/watchlist/system/policy.md,docs/watchlist/governance/WATCHLIST_DOCUMENT_AUTHORITY.md,GOVERNANCE
<EXTRACTED_FROM_MIXED_DOCUMENT>,docs/watchlist/research/weekly_swing/campaign_contracts/WS_C171_PARAMSET_OPTIONAL_BOUND_CONTRACT.md,RESEARCH
<EXTRACTED_FROM_MIXED_DOCUMENT>,docs/watchlist/research/weekly_swing/campaign_contracts/WS_R2_C171_PARAMSET_VALIDATOR_CAMPAIGN_EXTENSIONS.md,RESEARCH
<EXTRACTED_FROM_MIXED_DOCUMENT>,docs/watchlist/research/weekly_swing/campaign_contracts/WS_C171_PLAN_REMEDIATION_GUARD_EXTENSION.md,RESEARCH
<EXTRACTED_FROM_MIXED_DOCUMENT>,docs/watchlist/research/weekly_swing/campaign_contracts/WS_C171_DYNAMIC_SELECTION_SCORE_CAP_EXTENSION.md,RESEARCH
<EXTRACTED_FROM_MIXED_DOCUMENT>,docs/watchlist/history/weekly_swing/campaign_addenda/WS_CAMPAIGN_REASON_CODE_EXTENSIONS.md,HISTORY
<EXTRACTED_FROM_MIXED_DOCUMENT>,docs/watchlist/history/weekly_swing/campaign_addenda/WS_BACKTEST_CAMPAIGN_ADDENDA_HISTORY.md,HISTORY
<EXTRACTED_FROM_MIXED_DOCUMENT>,docs/watchlist/history/weekly_swing/campaign_addenda/WS_CONTRACT_TEST_CAMPAIGN_ADDITIONS_HISTORY.md,HISTORY
<EXTRACTED_FROM_MIXED_DOCUMENT>,docs/watchlist/history/weekly_swing/campaign_addenda/WS_BACKTEST_CAMPAIGN_EVIDENCE_MANIFEST_HISTORY.md,HISTORY
<EXTRACTED_FROM_MIXED_DOCUMENT>,docs/watchlist/history/weekly_swing/governance_addenda/AUDIT_UPDATE_GOVERNANCE_CAMPAIGN_HISTORY.md,HISTORY
<EXTRACTED_FROM_MIXED_DOCUMENT>,docs/watchlist/implementation/weekly_swing/contracts/WS_BACKTEST_PERSISTENCE_AND_UNIVERSE_SCHEMA_CONTRACT.md,IMPLEMENTATION_CONTRACT
<EXTRACTED_FROM_MIXED_DOCUMENT>,docs/watchlist/implementation/weekly_swing/contracts/WS_BACKTEST_OOS_RUNTIME_IMPLEMENTATION_CONTRACT.md,IMPLEMENTATION_CONTRACT
docs/watchlist/strategy/weekly_swing/12_WS_BACKTEST_SCHEMA_AND_CALIBRATION.md,docs/watchlist/strategy/weekly_swing/12_WS_BACKTEST_AND_CALIBRATION_STRATEGY.md,CANONICAL_STRATEGY
docs/watchlist/governance/STRATEGY_POLICY_FRAMEWORK.md,docs/watchlist/governance/WEEKLY_SWING_POLICY_FRAMEWORK.md,GOVERNANCE
docs/watchlist/governance/ARCHITECTURE_REFACTOR_REPORT.md,docs/watchlist/history/documentation_architecture/2026-08-16_initial_separation/ARCHITECTURE_REFACTOR_REPORT.md,DOCUMENTATION_HISTORY
docs/watchlist/governance/ARCHITECTURE_REFACTOR_VALIDATION.json,docs/watchlist/history/documentation_architecture/2026-08-16_initial_separation/ARCHITECTURE_REFACTOR_VALIDATION.json,DOCUMENTATION_HISTORY
