source_id,original_path,original_sha1,source_start_line,source_end_line,extract_id,extract_role,extract_path,extract_body_sha1,coverage_status
LS-MD-0003,audit/AUDIT_DOCS_SYNCHRONIZATION_INVENTORY.md,29D6BAB13EE1A62947406EB10F568D260DB48E34,1,15,LX-MD-0003-CTX-01,CONTEXT,records/history/archive/semantic/LX-MD-0003-CTX-01_AUDIT_DOCS_SYNCHRONIZATION_INVENTORY.md,E21E6B16A09D4AF8A612E03C5C2CB31DB72DA30A,COVERED_EXACTLY_ONCE
LS-MD-0003,audit/AUDIT_DOCS_SYNCHRONIZATION_INVENTORY.md,29D6BAB13EE1A62947406EB10F568D260DB48E34,16,21,LX-MD-0003-GOV-01,GOVERNANCE,records/history/archive/semantic/LX-MD-0003-GOV-01_AUDIT_DOCS_SYNCHRONIZATION_INVENTORY.md,2A18F9F66BF02F8A489C1A0321D28F0F75707969,COVERED_EXACTLY_ONCE
LS-MD-0003,audit/AUDIT_DOCS_SYNCHRONIZATION_INVENTORY.md,29D6BAB13EE1A62947406EB10F568D260DB48E34,22,46,LX-MD-0003-IMP-01,IMPLEMENTATION,records/history/archive/semantic/LX-MD-0003-IMP-01_AUDIT_DOCS_SYNCHRONIZATION_INVENTORY.md,1FBEC35C9DA3E26397CFCBCD73EBA8767FD58975,COVERED_EXACTLY_ONCE
LS-MD-0003,audit/AUDIT_DOCS_SYNCHRONIZATION_INVENTORY.md,29D6BAB13EE1A62947406EB10F568D260DB48E34,47,52,LX-MD-0003-GOV-02,GOVERNANCE,records/history/archive/semantic/LX-MD-0003-GOV-02_AUDIT_DOCS_SYNCHRONIZATION_INVENTORY.md,DD9EB17E55536AAD2A1EB0D58D0F90548383F705,COVERED_EXACTLY_ONCE
LS-MD-0003,audit/AUDIT_DOCS_SYNCHRONIZATION_INVENTORY.md,29D6BAB13EE1A62947406EB10F568D260DB48E34,53,58,LX-MD-0003-CTX-02,CONTEXT,records/history/archive/semantic/LX-MD-0003-CTX-02_AUDIT_DOCS_SYNCHRONIZATION_INVENTORY.md,7BA1431A02B84CA9028AF06E434081EF1F187240,COVERED_EXACTLY_ONCE
LS-MD-0003,audit/AUDIT_DOCS_SYNCHRONIZATION_INVENTORY.md,29D6BAB13EE1A62947406EB10F568D260DB48E34,59,64,LX-MD-0003-EVD-01,EVIDENCE,records/evidence/legacy/semantic/LX-MD-0003-EVD-01_AUDIT_DOCS_SYNCHRONIZATION_INVENTORY.md,961FB588F751F06F36A0E7AF8DF5E1F1E3F07DA2,COVERED_EXACTLY_ONCE
LS-MD-0003,audit/AUDIT_DOCS_SYNCHRONIZATION_INVENTORY.md,29D6BAB13EE1A62947406EB10F568D260DB48E34,65,77,LX-MD-0003-CTX-03,CONTEXT,records/history/archive/semantic/LX-MD-0003-CTX-03_AUDIT_DOCS_SYNCHRONIZATION_INVENTORY.md,434879BCF3F99528CB22FCE00029D168CFF29D7A,COVERED_EXACTLY_ONCE
LS-MD-0003,audit/AUDIT_DOCS_SYNCHRONIZATION_INVENTORY.md,29D6BAB13EE1A62947406EB10F568D260DB48E34,78,93,LX-MD-0003-EVD-02,EVIDENCE,records/evidence/legacy/semantic/LX-MD-0003-EVD-02_AUDIT_DOCS_SYNCHRONIZATION_INVENTORY.md,714B65656ED6D1307E34DCC1492621F3B6A0CB22,COVERED_EXACTLY_ONCE
LS-MD-0003,audit/AUDIT_DOCS_SYNCHRONIZATION_INVENTORY.md,29D6BAB13EE1A62947406EB10F568D260DB48E34,94,100,LX-MD-0003-DEC-01,DECISION,records/decisions/legacy/LX-MD-0003-DEC-01_AUDIT_DOCS_SYNCHRONIZATION_INVENTORY.md,B81FA773731710C468F3C17015857C9F571CFD67,COVERED_EXACTLY_ONCE
LS-MD-0003,audit/AUDIT_DOCS_SYNCHRONIZATION_INVENTORY.md,29D6BAB13EE1A62947406EB10F568D260DB48E34,101,106,LX-MD-0003-EVD-03,EVIDENCE,records/evidence/legacy/semantic/LX-MD-0003-EVD-03_AUDIT_DOCS_SYNCHRONIZATION_INVENTORY.md,140B7796E65CCE26B4BEC1366815E4C1C588973D,COVERED_EXACTLY_ONCE
LS-MD-0003,audit/AUDIT_DOCS_SYNCHRONIZATION_INVENTORY.md,29D6BAB13EE1A62947406EB10F568D260DB48E34,107,128,LX-MD-0003-CTX-04,CONTEXT,records/history/archive/semantic/LX-MD-0003-CTX-04_AUDIT_DOCS_SYNCHRONIZATION_INVENTORY.md,A6942BF8EDE3DEC27BDEEB62D9D53912559FCC01,COVERED_EXACTLY_ONCE
LS-MD-0004,audit/AUDIT_DOCS_SYNCHRONIZATION_POST_SESSION_1_8_INVENTORY.md,1EB4399E5C2239980FD50CC73AF543D8125FA55A,1,17,LX-MD-0004-CTX-01,CONTEXT,records/history/archive/semantic/LX-MD-0004-CTX-01_AUDIT_DOCS_SYNCHRONIZATION_POST_SESSION_1_8_INVE.md,94B0BD6CD7CC98E6D3A440F594A87619D1BAA510,COVERED_EXACTLY_ONCE
LS-MD-0004,audit/AUDIT_DOCS_SYNCHRONIZATION_POST_SESSION_1_8_INVENTORY.md,1EB4399E5C2239980FD50CC73AF543D8125FA55A,18,25,LX-MD-0004-GOV-01,GOVERNANCE,records/history/archive/semantic/LX-MD-0004-GOV-01_AUDIT_DOCS_SYNCHRONIZATION_POST_SESSION_1_8_INVE.md,EB0F53DDD9206492682C35F77A6AAC44BB49514F,COVERED_EXACTLY_ONCE
LS-MD-0004,audit/AUDIT_DOCS_SYNCHRONIZATION_POST_SESSION_1_8_INVENTORY.md,1EB4399E5C2239980FD50CC73AF543D8125FA55A,26,66,LX-MD-0004-CTX-02,CONTEXT,records/history/archive/semantic/LX-MD-0004-CTX-02_AUDIT_DOCS_SYNCHRONIZATION_POST_SESSION_1_8_INVE.md,345826973373E0ACAA2A5101C972042A078A796E,COVERED_EXACTLY_ONCE
LS-MD-0004,audit/AUDIT_DOCS_SYNCHRONIZATION_POST_SESSION_1_8_INVENTORY.md,1EB4399E5C2239980FD50CC73AF543D8125FA55A,67,79,LX-MD-0004-IMP-01,IMPLEMENTATION,records/history/archive/semantic/LX-MD-0004-IMP-01_AUDIT_DOCS_SYNCHRONIZATION_POST_SESSION_1_8_INVE.md,14347BBA3CEA600B660C8D802A1D8CB0E36F89B5,COVERED_EXACTLY_ONCE
LS-MD-0004,audit/AUDIT_DOCS_SYNCHRONIZATION_POST_SESSION_1_8_INVENTORY.md,1EB4399E5C2239980FD50CC73AF543D8125FA55A,80,92,LX-MD-0004-GOV-02,GOVERNANCE,records/history/archive/semantic/LX-MD-0004-GOV-02_AUDIT_DOCS_SYNCHRONIZATION_POST_SESSION_1_8_INVE.md,4D53F2B13F7F0675921AAD281953A4BE2D9E2D56,COVERED_EXACTLY_ONCE
LS-MD-0004,audit/AUDIT_DOCS_SYNCHRONIZATION_POST_SESSION_1_8_INVENTORY.md,1EB4399E5C2239980FD50CC73AF543D8125FA55A,93,121,LX-MD-0004-EVD-01,EVIDENCE,records/evidence/legacy/semantic/LX-MD-0004-EVD-01_AUDIT_DOCS_SYNCHRONIZATION_POST_SESSION_1_8_INVE.md,9293F8815E9AF49935FE928C3EEDF378C90BBEF1,COVERED_EXACTLY_ONCE
LS-MD-0004,audit/AUDIT_DOCS_SYNCHRONIZATION_POST_SESSION_1_8_INVENTORY.md,1EB4399E5C2239980FD50CC73AF543D8125FA55A,122,131,LX-MD-0004-CTX-03,CONTEXT,records/history/archive/semantic/LX-MD-0004-CTX-03_AUDIT_DOCS_SYNCHRONIZATION_POST_SESSION_1_8_INVE.md,A6D73FBCF0F1B57DFC346E7A92C7DFF387174A01,COVERED_EXACTLY_ONCE
LS-MD-0004,audit/AUDIT_DOCS_SYNCHRONIZATION_POST_SESSION_1_8_INVENTORY.md,1EB4399E5C2239980FD50CC73AF543D8125FA55A,132,144,LX-MD-0004-IMP-02,IMPLEMENTATION,records/history/archive/semantic/LX-MD-0004-IMP-02_AUDIT_DOCS_SYNCHRONIZATION_POST_SESSION_1_8_INVE.md,7362F12B02E07ED881AB9E060139A7BDCE6A7736,COVERED_EXACTLY_ONCE
LS-MD-0004,audit/AUDIT_DOCS_SYNCHRONIZATION_POST_SESSION_1_8_INVENTORY.md,1EB4399E5C2239980FD50CC73AF543D8125FA55A,145,155,LX-MD-0004-FND-01,FINDING,records/history/archive/semantic/LX-MD-0004-FND-01_AUDIT_DOCS_SYNCHRONIZATION_POST_SESSION_1_8_INVE.md,D23568F2BD9CE03040BD02DCFBAE2F9A95EE8BBC,COVERED_EXACTLY_ONCE
LS-MD-0004,audit/AUDIT_DOCS_SYNCHRONIZATION_POST_SESSION_1_8_INVENTORY.md,1EB4399E5C2239980FD50CC73AF543D8125FA55A,156,160,LX-MD-0004-EVD-02,EVIDENCE,records/evidence/legacy/semantic/LX-MD-0004-EVD-02_AUDIT_DOCS_SYNCHRONIZATION_POST_SESSION_1_8_INVE.md,463DAEEA21B9C9ACB3D4023EACF7AAFC4804B6F8,COVERED_EXACTLY_ONCE
LS-MD-0004,audit/AUDIT_DOCS_SYNCHRONIZATION_POST_SESSION_1_8_INVENTORY.md,1EB4399E5C2239980FD50CC73AF543D8125FA55A,161,165,LX-MD-0004-CTX-04,CONTEXT,records/history/archive/semantic/LX-MD-0004-CTX-04_AUDIT_DOCS_SYNCHRONIZATION_POST_SESSION_1_8_INVE.md,B32BA7AB38C40D563375480300BF22AB62508D12,COVERED_EXACTLY_ONCE
LS-MD-0004,audit/AUDIT_DOCS_SYNCHRONIZATION_POST_SESSION_1_8_INVENTORY.md,1EB4399E5C2239980FD50CC73AF543D8125FA55A,166,186,LX-MD-0004-EVD-03,EVIDENCE,records/evidence/legacy/semantic/LX-MD-0004-EVD-03_AUDIT_DOCS_SYNCHRONIZATION_POST_SESSION_1_8_INVE.md,CC0661BBB5D76F9BB30410DCD88A4C8326F86C20,COVERED_EXACTLY_ONCE
LS-MD-0004,audit/AUDIT_DOCS_SYNCHRONIZATION_POST_SESSION_1_8_INVENTORY.md,1EB4399E5C2239980FD50CC73AF543D8125FA55A,187,198,LX-MD-0004-DEC-01,DECISION,records/decisions/legacy/LX-MD-0004-DEC-01_AUDIT_DOCS_SYNCHRONIZATION_POST_SESSION_1_8_INVE.md,C64F1B55F7E654A900C8143334D8602F443EDFFC,COVERED_EXACTLY_ONCE
LS-MD-0004,audit/AUDIT_DOCS_SYNCHRONIZATION_POST_SESSION_1_8_INVENTORY.md,1EB4399E5C2239980FD50CC73AF543D8125FA55A,199,216,LX-MD-0004-RES-01,RESEARCH,records/history/archive/semantic/LX-MD-0004-RES-01_AUDIT_DOCS_SYNCHRONIZATION_POST_SESSION_1_8_INVE.md,B1100D7778E7CEBD3D59BEF8AC2124EC3009054B,COVERED_EXACTLY_ONCE
LS-MD-0019,audit/CONFIG_ENV_GOVERNANCE_CLEANUP_INVENTORY.md,B522643CB68AFF2ECC9A8268A482C11CE2D61598,1,10,LX-MD-0019-IMP-01,IMPLEMENTATION,records/history/archive/semantic/LX-MD-0019-IMP-01_CONFIG_ENV_GOVERNANCE_CLEANUP_INVENTORY.md,7D6A84B121374AAEDEF703467CEDC8E3FB8A6E70,COVERED_EXACTLY_ONCE
LS-MD-0019,audit/CONFIG_ENV_GOVERNANCE_CLEANUP_INVENTORY.md,B522643CB68AFF2ECC9A8268A482C11CE2D61598,11,27,LX-MD-0019-GOV-01,GOVERNANCE,records/history/archive/semantic/LX-MD-0019-GOV-01_CONFIG_ENV_GOVERNANCE_CLEANUP_INVENTORY.md,323DCF85FD8B804564DFFF71F718FD0E95A33B1B,COVERED_EXACTLY_ONCE
LS-MD-0019,audit/CONFIG_ENV_GOVERNANCE_CLEANUP_INVENTORY.md,B522643CB68AFF2ECC9A8268A482C11CE2D61598,28,111,LX-MD-0019-IMP-02,IMPLEMENTATION,records/history/archive/semantic/LX-MD-0019-IMP-02_CONFIG_ENV_GOVERNANCE_CLEANUP_INVENTORY.md,63116A9DCE2B73567825EF5A39E7DE841894B03F,COVERED_EXACTLY_ONCE
LS-MD-0019,audit/CONFIG_ENV_GOVERNANCE_CLEANUP_INVENTORY.md,B522643CB68AFF2ECC9A8268A482C11CE2D61598,112,123,LX-MD-0019-DEC-01,DECISION,records/decisions/legacy/LX-MD-0019-DEC-01_CONFIG_ENV_GOVERNANCE_CLEANUP_INVENTORY.md,EADEAF01E699F0EFFC331E65499B4C7333D2C13D,COVERED_EXACTLY_ONCE
LS-MD-0019,audit/CONFIG_ENV_GOVERNANCE_CLEANUP_INVENTORY.md,B522643CB68AFF2ECC9A8268A482C11CE2D61598,124,159,LX-MD-0019-IMP-03,IMPLEMENTATION,records/history/archive/semantic/LX-MD-0019-IMP-03_CONFIG_ENV_GOVERNANCE_CLEANUP_INVENTORY.md,3B842CD2B8AEC0D7FAE61E958D88BBF5723E698C,COVERED_EXACTLY_ONCE
LS-MD-0019,audit/CONFIG_ENV_GOVERNANCE_CLEANUP_INVENTORY.md,B522643CB68AFF2ECC9A8268A482C11CE2D61598,160,169,LX-MD-0019-EVD-01,EVIDENCE,records/evidence/legacy/semantic/LX-MD-0019-EVD-01_CONFIG_ENV_GOVERNANCE_CLEANUP_INVENTORY.md,2B9BDD83DBA2008B6F785CB40BB6593924B27CDD,COVERED_EXACTLY_ONCE
LS-MD-0019,audit/CONFIG_ENV_GOVERNANCE_CLEANUP_INVENTORY.md,B522643CB68AFF2ECC9A8268A482C11CE2D61598,170,174,LX-MD-0019-DEC-02,DECISION,records/decisions/legacy/LX-MD-0019-DEC-02_CONFIG_ENV_GOVERNANCE_CLEANUP_INVENTORY.md,604480CFD87083922322040555F9FF13A9685898,COVERED_EXACTLY_ONCE
LS-MD-0019,audit/CONFIG_ENV_GOVERNANCE_CLEANUP_INVENTORY.md,B522643CB68AFF2ECC9A8268A482C11CE2D61598,175,181,LX-MD-0019-RES-01,RESEARCH,records/history/archive/semantic/LX-MD-0019-RES-01_CONFIG_ENV_GOVERNANCE_CLEANUP_INVENTORY.md,474D97F9EB06628DF98BCE523E05C1E721387134,COVERED_EXACTLY_ONCE
LS-MD-0019,audit/CONFIG_ENV_GOVERNANCE_CLEANUP_INVENTORY.md,B522643CB68AFF2ECC9A8268A482C11CE2D61598,182,236,LX-MD-0019-FND-01,FINDING,records/history/archive/semantic/LX-MD-0019-FND-01_CONFIG_ENV_GOVERNANCE_CLEANUP_INVENTORY.md,0C2D55FBA480B495EC96792B788E44E4AEBC7CE1,COVERED_EXACTLY_ONCE
LS-MD-0019,audit/CONFIG_ENV_GOVERNANCE_CLEANUP_INVENTORY.md,B522643CB68AFF2ECC9A8268A482C11CE2D61598,237,254,LX-MD-0019-CTX-01,CONTEXT,records/history/archive/semantic/LX-MD-0019-CTX-01_CONFIG_ENV_GOVERNANCE_CLEANUP_INVENTORY.md,9A3791B709DB0C0EBB6B157BD878EBCDD5DB73B5,COVERED_EXACTLY_ONCE
LS-MD-0020,audit/CORRECTION_LIFECYCLE_HARDENING_INVENTORY.md,CF3BD55641F75EDA47DC3EB456D1824632863949,1,7,LX-MD-0020-IMP-01,IMPLEMENTATION,records/history/archive/semantic/LX-MD-0020-IMP-01_CORRECTION_LIFECYCLE_HARDENING_INVENTORY.md,55ADF83193CE77BAEC0E65FDEAA9611BA1AF2047,COVERED_EXACTLY_ONCE
LS-MD-0020,audit/CORRECTION_LIFECYCLE_HARDENING_INVENTORY.md,CF3BD55641F75EDA47DC3EB456D1824632863949,8,15,LX-MD-0020-CTX-01,CONTEXT,records/history/archive/semantic/LX-MD-0020-CTX-01_CORRECTION_LIFECYCLE_HARDENING_INVENTORY.md,CF220275F40887082B2E433FA29E646DAFA2D9A5,COVERED_EXACTLY_ONCE
LS-MD-0020,audit/CORRECTION_LIFECYCLE_HARDENING_INVENTORY.md,CF3BD55641F75EDA47DC3EB456D1824632863949,16,39,LX-MD-0020-DEC-01,DECISION,records/decisions/legacy/LX-MD-0020-DEC-01_CORRECTION_LIFECYCLE_HARDENING_INVENTORY.md,EF2D39976DC78772F1A6AC35B5CD847E3E7BFDDC,COVERED_EXACTLY_ONCE
LS-MD-0020,audit/CORRECTION_LIFECYCLE_HARDENING_INVENTORY.md,CF3BD55641F75EDA47DC3EB456D1824632863949,40,82,LX-MD-0020-EVD-01,EVIDENCE,records/evidence/legacy/semantic/LX-MD-0020-EVD-01_CORRECTION_LIFECYCLE_HARDENING_INVENTORY.md,214DB600AF59FA6751416A09FBDF33B1CC5ADD6E,COVERED_EXACTLY_ONCE
LS-MD-0020,audit/CORRECTION_LIFECYCLE_HARDENING_INVENTORY.md,CF3BD55641F75EDA47DC3EB456D1824632863949,83,93,LX-MD-0020-FND-01,FINDING,records/history/archive/semantic/LX-MD-0020-FND-01_CORRECTION_LIFECYCLE_HARDENING_INVENTORY.md,C933EF38B2E12474FB7BDE480802539D279287E1,COVERED_EXACTLY_ONCE
LS-MD-0020,audit/CORRECTION_LIFECYCLE_HARDENING_INVENTORY.md,CF3BD55641F75EDA47DC3EB456D1824632863949,94,121,LX-MD-0020-EVD-02,EVIDENCE,records/evidence/legacy/semantic/LX-MD-0020-EVD-02_CORRECTION_LIFECYCLE_HARDENING_INVENTORY.md,EEA69B0DEA70AE8C55014641DDABE71E4CA55418,COVERED_EXACTLY_ONCE
LS-MD-0020,audit/CORRECTION_LIFECYCLE_HARDENING_INVENTORY.md,CF3BD55641F75EDA47DC3EB456D1824632863949,122,176,LX-MD-0020-FND-02,FINDING,records/history/archive/semantic/LX-MD-0020-FND-02_CORRECTION_LIFECYCLE_HARDENING_INVENTORY.md,82BD6FF3FBA083E7E209C7BCC61991FA299F939F,COVERED_EXACTLY_ONCE
LS-MD-0020,audit/CORRECTION_LIFECYCLE_HARDENING_INVENTORY.md,CF3BD55641F75EDA47DC3EB456D1824632863949,177,194,LX-MD-0020-CTX-02,CONTEXT,records/history/archive/semantic/LX-MD-0020-CTX-02_CORRECTION_LIFECYCLE_HARDENING_INVENTORY.md,401C5C1DA7A54A575D86CE4FA833437968FDC92D,COVERED_EXACTLY_ONCE
LS-MD-0021,audit/COVERAGE_GATE_CANDIDATE_SCOPE_HARDENING_INVENTORY.md,DDF61DF585B439719BE513385796A126871558FD,1,167,LX-MD-0021-IMP-01,IMPLEMENTATION,records/history/archive/semantic/LX-MD-0021-IMP-01_COVERAGE_GATE_CANDIDATE_SCOPE_HARDENING_INVENTOR.md,48B0334B9274A8320D83EA589180F5F42426DAEB,COVERED_EXACTLY_ONCE
LS-MD-0021,audit/COVERAGE_GATE_CANDIDATE_SCOPE_HARDENING_INVENTORY.md,DDF61DF585B439719BE513385796A126871558FD,168,173,LX-MD-0021-CTX-01,CONTEXT,records/history/archive/semantic/LX-MD-0021-CTX-01_COVERAGE_GATE_CANDIDATE_SCOPE_HARDENING_INVENTOR.md,9809F0DAB16B628D368F0E8FC083E3AB3F83B457,COVERED_EXACTLY_ONCE
LS-MD-0022,audit/DB_INTEGRITY_FK_IMPLICIT_INTEGRITY_DECISION_INVENTORY.md,BA5CB0819D76C0ADAEA2600174DA40EF3CFF16A3,1,10,LX-MD-0022-DEC-01,DECISION,records/decisions/legacy/LX-MD-0022-DEC-01_DB_INTEGRITY_FK_IMPLICIT_INTEGRITY_DECISION_INVE.md,61D01ED9472AD9624D3071426670CCC489A5DD2B,COVERED_EXACTLY_ONCE
LS-MD-0022,audit/DB_INTEGRITY_FK_IMPLICIT_INTEGRITY_DECISION_INVENTORY.md,BA5CB0819D76C0ADAEA2600174DA40EF3CFF16A3,11,26,LX-MD-0022-GOV-01,GOVERNANCE,records/history/archive/semantic/LX-MD-0022-GOV-01_DB_INTEGRITY_FK_IMPLICIT_INTEGRITY_DECISION_INVE.md,CE4E34D4CC77156A27363BD7DEC433DBE9789284,COVERED_EXACTLY_ONCE
LS-MD-0022,audit/DB_INTEGRITY_FK_IMPLICIT_INTEGRITY_DECISION_INVENTORY.md,BA5CB0819D76C0ADAEA2600174DA40EF3CFF16A3,27,39,LX-MD-0022-DEC-02,DECISION,records/decisions/legacy/LX-MD-0022-DEC-02_DB_INTEGRITY_FK_IMPLICIT_INTEGRITY_DECISION_INVE.md,824F0717B06CC95E3FE15C282C84ECA127067072,COVERED_EXACTLY_ONCE
LS-MD-0022,audit/DB_INTEGRITY_FK_IMPLICIT_INTEGRITY_DECISION_INVENTORY.md,BA5CB0819D76C0ADAEA2600174DA40EF3CFF16A3,40,62,LX-MD-0022-IMP-01,IMPLEMENTATION,records/history/archive/semantic/LX-MD-0022-IMP-01_DB_INTEGRITY_FK_IMPLICIT_INTEGRITY_DECISION_INVE.md,89A9429FC567ECF39987A65959C10B341B3FB5B1,COVERED_EXACTLY_ONCE
LS-MD-0022,audit/DB_INTEGRITY_FK_IMPLICIT_INTEGRITY_DECISION_INVENTORY.md,BA5CB0819D76C0ADAEA2600174DA40EF3CFF16A3,63,78,LX-MD-0022-DEC-03,DECISION,records/decisions/legacy/LX-MD-0022-DEC-03_DB_INTEGRITY_FK_IMPLICIT_INTEGRITY_DECISION_INVE.md,7265F26361A699E3BC68B60F62D7EDC0D74F368E,COVERED_EXACTLY_ONCE
LS-MD-0022,audit/DB_INTEGRITY_FK_IMPLICIT_INTEGRITY_DECISION_INVENTORY.md,BA5CB0819D76C0ADAEA2600174DA40EF3CFF16A3,79,102,LX-MD-0022-IMP-02,IMPLEMENTATION,records/history/archive/semantic/LX-MD-0022-IMP-02_DB_INTEGRITY_FK_IMPLICIT_INTEGRITY_DECISION_INVE.md,1D4355D7BF40E3CC33D3D1F658CB7F68FD24C8BC,COVERED_EXACTLY_ONCE
LS-MD-0022,audit/DB_INTEGRITY_FK_IMPLICIT_INTEGRITY_DECISION_INVENTORY.md,BA5CB0819D76C0ADAEA2600174DA40EF3CFF16A3,103,129,LX-MD-0022-CTX-01,CONTEXT,records/history/archive/semantic/LX-MD-0022-CTX-01_DB_INTEGRITY_FK_IMPLICIT_INTEGRITY_DECISION_INVE.md,1C37750A2277C0276686CDABF57A62D0DDB17728,COVERED_EXACTLY_ONCE
LS-MD-0022,audit/DB_INTEGRITY_FK_IMPLICIT_INTEGRITY_DECISION_INVENTORY.md,BA5CB0819D76C0ADAEA2600174DA40EF3CFF16A3,130,138,LX-MD-0022-IMP-03,IMPLEMENTATION,records/history/archive/semantic/LX-MD-0022-IMP-03_DB_INTEGRITY_FK_IMPLICIT_INTEGRITY_DECISION_INVE.md,4B38B8D9D5AF80E96F0482AE695C03C8C346A44F,COVERED_EXACTLY_ONCE
LS-MD-0022,audit/DB_INTEGRITY_FK_IMPLICIT_INTEGRITY_DECISION_INVENTORY.md,BA5CB0819D76C0ADAEA2600174DA40EF3CFF16A3,139,149,LX-MD-0022-EVD-01,EVIDENCE,records/evidence/legacy/semantic/LX-MD-0022-EVD-01_DB_INTEGRITY_FK_IMPLICIT_INTEGRITY_DECISION_INVE.md,E55BB055DD0898CB2798641F71D36DA736FB9111,COVERED_EXACTLY_ONCE
LS-MD-0022,audit/DB_INTEGRITY_FK_IMPLICIT_INTEGRITY_DECISION_INVENTORY.md,BA5CB0819D76C0ADAEA2600174DA40EF3CFF16A3,150,152,LX-MD-0022-GOV-02,GOVERNANCE,records/history/archive/semantic/LX-MD-0022-GOV-02_DB_INTEGRITY_FK_IMPLICIT_INTEGRITY_DECISION_INVE.md,3581274E69E72254571A71BB1163E283629CEF19,COVERED_EXACTLY_ONCE
LS-MD-0023,audit/DB_SCHEMA_MIGRATION_SYNC_INVENTORY.md,2C21334498F0471DF8EE45D555AC98F3F5279BB4,1,10,LX-MD-0023-IMP-01,IMPLEMENTATION,records/history/archive/semantic/LX-MD-0023-IMP-01_DB_SCHEMA_MIGRATION_SYNC_INVENTORY.md,08F500A2136A698ADDB32B1F833CDB3AE6F24A94,COVERED_EXACTLY_ONCE
LS-MD-0023,audit/DB_SCHEMA_MIGRATION_SYNC_INVENTORY.md,2C21334498F0471DF8EE45D555AC98F3F5279BB4,11,16,LX-MD-0023-GOV-01,GOVERNANCE,records/history/archive/semantic/LX-MD-0023-GOV-01_DB_SCHEMA_MIGRATION_SYNC_INVENTORY.md,46584F266FC24FFA8BE1863A4E4750B558FA288C,COVERED_EXACTLY_ONCE
LS-MD-0023,audit/DB_SCHEMA_MIGRATION_SYNC_INVENTORY.md,2C21334498F0471DF8EE45D555AC98F3F5279BB4,17,36,LX-MD-0023-FND-01,FINDING,records/history/archive/semantic/LX-MD-0023-FND-01_DB_SCHEMA_MIGRATION_SYNC_INVENTORY.md,F00D196403FB3EC2E365E421D6D0EA695BD1212B,COVERED_EXACTLY_ONCE
LS-MD-0023,audit/DB_SCHEMA_MIGRATION_SYNC_INVENTORY.md,2C21334498F0471DF8EE45D555AC98F3F5279BB4,37,44,LX-MD-0023-CTX-01,CONTEXT,records/history/archive/semantic/LX-MD-0023-CTX-01_DB_SCHEMA_MIGRATION_SYNC_INVENTORY.md,E74BFF0D36C3F5D7B3C16A871EA224D08C24A3DF,COVERED_EXACTLY_ONCE
LS-MD-0023,audit/DB_SCHEMA_MIGRATION_SYNC_INVENTORY.md,2C21334498F0471DF8EE45D555AC98F3F5279BB4,45,56,LX-MD-0023-IMP-02,IMPLEMENTATION,records/history/archive/semantic/LX-MD-0023-IMP-02_DB_SCHEMA_MIGRATION_SYNC_INVENTORY.md,AF9839A297B3336005265D9308346C46F0608840,COVERED_EXACTLY_ONCE
LS-MD-0023,audit/DB_SCHEMA_MIGRATION_SYNC_INVENTORY.md,2C21334498F0471DF8EE45D555AC98F3F5279BB4,57,80,LX-MD-0023-EVD-01,EVIDENCE,records/evidence/legacy/semantic/LX-MD-0023-EVD-01_DB_SCHEMA_MIGRATION_SYNC_INVENTORY.md,D8735076CF73EAA14786A53D866CCA8651A0296C,COVERED_EXACTLY_ONCE
LS-MD-0023,audit/DB_SCHEMA_MIGRATION_SYNC_INVENTORY.md,2C21334498F0471DF8EE45D555AC98F3F5279BB4,81,84,LX-MD-0023-FND-02,FINDING,records/history/archive/semantic/LX-MD-0023-FND-02_DB_SCHEMA_MIGRATION_SYNC_INVENTORY.md,90739DF1F9FEA95C82466CC879A6EF88DFFDBD07,COVERED_EXACTLY_ONCE
LS-MD-0024,audit/EVIDENCE_EXPORT_RUNTIME_PROOF_INVENTORY.md,CE951167381AE5231B705EE619EA1FECEEC18A9E,1,9,LX-MD-0024-EVD-01,EVIDENCE,records/evidence/legacy/semantic/LX-MD-0024-EVD-01_EVIDENCE_EXPORT_RUNTIME_PROOF_INVENTORY.md,8EA100598A00972E9EA2D83C06988EAFA81E06DE,COVERED_EXACTLY_ONCE
LS-MD-0024,audit/EVIDENCE_EXPORT_RUNTIME_PROOF_INVENTORY.md,CE951167381AE5231B705EE619EA1FECEEC18A9E,10,15,LX-MD-0024-GOV-01,GOVERNANCE,records/history/archive/semantic/LX-MD-0024-GOV-01_EVIDENCE_EXPORT_RUNTIME_PROOF_INVENTORY.md,FD88D6224AD91397F3C9C574171CCFCFCBC3F4AC,COVERED_EXACTLY_ONCE
LS-MD-0024,audit/EVIDENCE_EXPORT_RUNTIME_PROOF_INVENTORY.md,CE951167381AE5231B705EE619EA1FECEEC18A9E,16,28,LX-MD-0024-DEC-01,DECISION,records/decisions/legacy/LX-MD-0024-DEC-01_EVIDENCE_EXPORT_RUNTIME_PROOF_INVENTORY.md,EB3BF757B5BFAFF9F3BF2CD91A36E7B34413177E,COVERED_EXACTLY_ONCE
LS-MD-0024,audit/EVIDENCE_EXPORT_RUNTIME_PROOF_INVENTORY.md,CE951167381AE5231B705EE619EA1FECEEC18A9E,29,39,LX-MD-0024-CTX-01,CONTEXT,records/history/archive/semantic/LX-MD-0024-CTX-01_EVIDENCE_EXPORT_RUNTIME_PROOF_INVENTORY.md,99679CB3AACA89CCD1408B9EC3092D8FCDFDE094,COVERED_EXACTLY_ONCE
LS-MD-0024,audit/EVIDENCE_EXPORT_RUNTIME_PROOF_INVENTORY.md,CE951167381AE5231B705EE619EA1FECEEC18A9E,40,154,LX-MD-0024-EVD-02,EVIDENCE,records/evidence/legacy/semantic/LX-MD-0024-EVD-02_EVIDENCE_EXPORT_RUNTIME_PROOF_INVENTORY.md,3EED0BAFB9DB6516F9235A9B75898049207E18F0,COVERED_EXACTLY_ONCE
LS-MD-0024,audit/EVIDENCE_EXPORT_RUNTIME_PROOF_INVENTORY.md,CE951167381AE5231B705EE619EA1FECEEC18A9E,155,165,LX-MD-0024-FND-01,FINDING,records/history/archive/semantic/LX-MD-0024-FND-01_EVIDENCE_EXPORT_RUNTIME_PROOF_INVENTORY.md,F5F78F2FB1276B5812D1EF261CDB1997FAB1DF96,COVERED_EXACTLY_ONCE
LS-MD-0024,audit/EVIDENCE_EXPORT_RUNTIME_PROOF_INVENTORY.md,CE951167381AE5231B705EE619EA1FECEEC18A9E,166,182,LX-MD-0024-EVD-03,EVIDENCE,records/evidence/legacy/semantic/LX-MD-0024-EVD-03_EVIDENCE_EXPORT_RUNTIME_PROOF_INVENTORY.md,5D464E6F1E328B41727BE46BE6FC3411F445D85F,COVERED_EXACTLY_ONCE
LS-MD-0025,audit/EVIDENCE_HISTORICAL_LINEAGE_COMPLETENESS_INVENTORY.md,41DCC6ED7C59A480873EA7C1F71EEB470396403D,1,9,LX-MD-0025-EVD-01,EVIDENCE,records/evidence/legacy/semantic/LX-MD-0025-EVD-01_EVIDENCE_HISTORICAL_LINEAGE_COMPLETENESS_INVENTO.md,605E46D8B770AD8CD432BE8034F6546B1167EA36,COVERED_EXACTLY_ONCE
LS-MD-0025,audit/EVIDENCE_HISTORICAL_LINEAGE_COMPLETENESS_INVENTORY.md,41DCC6ED7C59A480873EA7C1F71EEB470396403D,10,27,LX-MD-0025-GOV-01,GOVERNANCE,records/history/archive/semantic/LX-MD-0025-GOV-01_EVIDENCE_HISTORICAL_LINEAGE_COMPLETENESS_INVENTO.md,74D2573CE828A2922956DBF648CA7E302824EDA2,COVERED_EXACTLY_ONCE
LS-MD-0025,audit/EVIDENCE_HISTORICAL_LINEAGE_COMPLETENESS_INVENTORY.md,41DCC6ED7C59A480873EA7C1F71EEB470396403D,28,45,LX-MD-0025-EVD-02,EVIDENCE,records/evidence/legacy/semantic/LX-MD-0025-EVD-02_EVIDENCE_HISTORICAL_LINEAGE_COMPLETENESS_INVENTO.md,FA51EA367294562337AF600E8957CBEEA2640EF3,COVERED_EXACTLY_ONCE
LS-MD-0025,audit/EVIDENCE_HISTORICAL_LINEAGE_COMPLETENESS_INVENTORY.md,41DCC6ED7C59A480873EA7C1F71EEB470396403D,46,55,LX-MD-0025-CTX-01,CONTEXT,records/history/archive/semantic/LX-MD-0025-CTX-01_EVIDENCE_HISTORICAL_LINEAGE_COMPLETENESS_INVENTO.md,54EB351A2472536927DF9C0A68C636C23A3C4E64,COVERED_EXACTLY_ONCE
LS-MD-0025,audit/EVIDENCE_HISTORICAL_LINEAGE_COMPLETENESS_INVENTORY.md,41DCC6ED7C59A480873EA7C1F71EEB470396403D,56,65,LX-MD-0025-GOV-02,GOVERNANCE,records/history/archive/semantic/LX-MD-0025-GOV-02_EVIDENCE_HISTORICAL_LINEAGE_COMPLETENESS_INVENTO.md,13D0773F1BDD45D31B13A8E3711FDE30F3981B69,COVERED_EXACTLY_ONCE
LS-MD-0025,audit/EVIDENCE_HISTORICAL_LINEAGE_COMPLETENESS_INVENTORY.md,41DCC6ED7C59A480873EA7C1F71EEB470396403D,66,73,LX-MD-0025-CTX-02,CONTEXT,records/history/archive/semantic/LX-MD-0025-CTX-02_EVIDENCE_HISTORICAL_LINEAGE_COMPLETENESS_INVENTO.md,798E5357C2FF8D0A78EEFD1FABBC88E81CE1C32B,COVERED_EXACTLY_ONCE
LS-MD-0025,audit/EVIDENCE_HISTORICAL_LINEAGE_COMPLETENESS_INVENTORY.md,41DCC6ED7C59A480873EA7C1F71EEB470396403D,74,84,LX-MD-0025-IMP-01,IMPLEMENTATION,records/history/archive/semantic/LX-MD-0025-IMP-01_EVIDENCE_HISTORICAL_LINEAGE_COMPLETENESS_INVENTO.md,7563E54CA40B91986B51AFB2D33432DFAE4CF543,COVERED_EXACTLY_ONCE
LS-MD-0025,audit/EVIDENCE_HISTORICAL_LINEAGE_COMPLETENESS_INVENTORY.md,41DCC6ED7C59A480873EA7C1F71EEB470396403D,85,106,LX-MD-0025-EVD-03,EVIDENCE,records/evidence/legacy/semantic/LX-MD-0025-EVD-03_EVIDENCE_HISTORICAL_LINEAGE_COMPLETENESS_INVENTO.md,E2B3F7488A1150EBAA51B1DF218BDA62486061F8,COVERED_EXACTLY_ONCE
LS-MD-0025,audit/EVIDENCE_HISTORICAL_LINEAGE_COMPLETENESS_INVENTORY.md,41DCC6ED7C59A480873EA7C1F71EEB470396403D,107,113,LX-MD-0025-CTX-03,CONTEXT,records/history/archive/semantic/LX-MD-0025-CTX-03_EVIDENCE_HISTORICAL_LINEAGE_COMPLETENESS_INVENTO.md,D7D9E81954B90A226176A43A1EFABBEDF0651477,COVERED_EXACTLY_ONCE
LS-MD-0025,audit/EVIDENCE_HISTORICAL_LINEAGE_COMPLETENESS_INVENTORY.md,41DCC6ED7C59A480873EA7C1F71EEB470396403D,114,117,LX-MD-0025-FND-01,FINDING,records/history/archive/semantic/LX-MD-0025-FND-01_EVIDENCE_HISTORICAL_LINEAGE_COMPLETENESS_INVENTO.md,DA1E51B7D3E48B6A75E64E95410FE1413E6C9CE7,COVERED_EXACTLY_ONCE
LS-MD-0025,audit/EVIDENCE_HISTORICAL_LINEAGE_COMPLETENESS_INVENTORY.md,41DCC6ED7C59A480873EA7C1F71EEB470396403D,118,135,LX-MD-0025-IMP-02,IMPLEMENTATION,records/history/archive/semantic/LX-MD-0025-IMP-02_EVIDENCE_HISTORICAL_LINEAGE_COMPLETENESS_INVENTO.md,E8EF8BA45367018D136FD7580732FA635675C688,COVERED_EXACTLY_ONCE
LS-MD-0025,audit/EVIDENCE_HISTORICAL_LINEAGE_COMPLETENESS_INVENTORY.md,41DCC6ED7C59A480873EA7C1F71EEB470396403D,136,142,LX-MD-0025-CTX-04,CONTEXT,records/history/archive/semantic/LX-MD-0025-CTX-04_EVIDENCE_HISTORICAL_LINEAGE_COMPLETENESS_INVENTO.md,AC1DA73B46451669011DF852F8AEB708B9B1C293,COVERED_EXACTLY_ONCE
LS-MD-0025,audit/EVIDENCE_HISTORICAL_LINEAGE_COMPLETENESS_INVENTORY.md,41DCC6ED7C59A480873EA7C1F71EEB470396403D,143,145,LX-MD-0025-GOV-03,GOVERNANCE,records/history/archive/semantic/LX-MD-0025-GOV-03_EVIDENCE_HISTORICAL_LINEAGE_COMPLETENESS_INVENTO.md,47504BA54D5015E084B2AE52681006B73DBE1C16,COVERED_EXACTLY_ONCE
LS-MD-0026,audit/FAIL_SAFE_NO_SILENT_FAILURE_INVENTORY.md,968C8EDCD6CA2212F89EADAB5388BA2F831C0715,1,10,LX-MD-0026-FND-01,FINDING,records/history/archive/semantic/LX-MD-0026-FND-01_FAIL_SAFE_NO_SILENT_FAILURE_INVENTORY.md,7DB69ED472B95EB857AD7B3CBBA39E5A874F9CAE,COVERED_EXACTLY_ONCE
LS-MD-0026,audit/FAIL_SAFE_NO_SILENT_FAILURE_INVENTORY.md,968C8EDCD6CA2212F89EADAB5388BA2F831C0715,11,14,LX-MD-0026-GOV-01,GOVERNANCE,records/history/archive/semantic/LX-MD-0026-GOV-01_FAIL_SAFE_NO_SILENT_FAILURE_INVENTORY.md,77553927A1A18391BDA5FD24AF6F750D4C8DCF5A,COVERED_EXACTLY_ONCE
LS-MD-0026,audit/FAIL_SAFE_NO_SILENT_FAILURE_INVENTORY.md,968C8EDCD6CA2212F89EADAB5388BA2F831C0715,15,46,LX-MD-0026-IMP-01,IMPLEMENTATION,records/history/archive/semantic/LX-MD-0026-IMP-01_FAIL_SAFE_NO_SILENT_FAILURE_INVENTORY.md,1B8A516990FE018E5B03BB3A290206515CEA0DF2,COVERED_EXACTLY_ONCE
LS-MD-0026,audit/FAIL_SAFE_NO_SILENT_FAILURE_INVENTORY.md,968C8EDCD6CA2212F89EADAB5388BA2F831C0715,47,50,LX-MD-0026-CTX-01,CONTEXT,records/history/archive/semantic/LX-MD-0026-CTX-01_FAIL_SAFE_NO_SILENT_FAILURE_INVENTORY.md,48453E5C5D820C32D3F729A4217BEE7864AC8B7B,COVERED_EXACTLY_ONCE
LS-MD-0026,audit/FAIL_SAFE_NO_SILENT_FAILURE_INVENTORY.md,968C8EDCD6CA2212F89EADAB5388BA2F831C0715,51,58,LX-MD-0026-FND-02,FINDING,records/history/archive/semantic/LX-MD-0026-FND-02_FAIL_SAFE_NO_SILENT_FAILURE_INVENTORY.md,55EBDEFBB2FC4943F8FD73DF280F7035B8A6D0E2,COVERED_EXACTLY_ONCE
LS-MD-0026,audit/FAIL_SAFE_NO_SILENT_FAILURE_INVENTORY.md,968C8EDCD6CA2212F89EADAB5388BA2F831C0715,59,66,LX-MD-0026-GOV-02,GOVERNANCE,records/history/archive/semantic/LX-MD-0026-GOV-02_FAIL_SAFE_NO_SILENT_FAILURE_INVENTORY.md,E8C106AD47964DDDA758EE12CB1A3EA884531BD8,COVERED_EXACTLY_ONCE
LS-MD-0026,audit/FAIL_SAFE_NO_SILENT_FAILURE_INVENTORY.md,968C8EDCD6CA2212F89EADAB5388BA2F831C0715,67,71,LX-MD-0026-EVD-01,EVIDENCE,records/evidence/legacy/semantic/LX-MD-0026-EVD-01_FAIL_SAFE_NO_SILENT_FAILURE_INVENTORY.md,378FC1C83FBA2D9057EF49C66574DA31B83F1CCB,COVERED_EXACTLY_ONCE
LS-MD-0026,audit/FAIL_SAFE_NO_SILENT_FAILURE_INVENTORY.md,968C8EDCD6CA2212F89EADAB5388BA2F831C0715,72,74,LX-MD-0026-RES-01,RESEARCH,records/history/archive/semantic/LX-MD-0026-RES-01_FAIL_SAFE_NO_SILENT_FAILURE_INVENTORY.md,86EF0FA11A848F5E0EEEB189376DFB24DCA7B104,COVERED_EXACTLY_ONCE
LS-MD-0027,audit/FULL_MARKET_DATA_PRODUCTION_READY_INVENTORY.md,4C0357CC7BA4A9338F34EBCF09A671716FC4A857,1,9,LX-MD-0027-IMP-01,IMPLEMENTATION,records/history/archive/semantic/LX-MD-0027-IMP-01_FULL_MARKET_DATA_PRODUCTION_READY_INVENTORY.md,89B4FC2E3811C0BBAF80A3407D0CB371707148EE,COVERED_EXACTLY_ONCE
LS-MD-0027,audit/FULL_MARKET_DATA_PRODUCTION_READY_INVENTORY.md,4C0357CC7BA4A9338F34EBCF09A671716FC4A857,10,40,LX-MD-0027-DEC-01,DECISION,records/decisions/legacy/LX-MD-0027-DEC-01_FULL_MARKET_DATA_PRODUCTION_READY_INVENTORY.md,51124E5FB1B90A13B962D276593DDB20CFA2F154,COVERED_EXACTLY_ONCE
LS-MD-0027,audit/FULL_MARKET_DATA_PRODUCTION_READY_INVENTORY.md,4C0357CC7BA4A9338F34EBCF09A671716FC4A857,41,52,LX-MD-0027-CTX-01,CONTEXT,records/history/archive/semantic/LX-MD-0027-CTX-01_FULL_MARKET_DATA_PRODUCTION_READY_INVENTORY.md,EEDF3EB3B05DAA06DE6ED98767E5F18A351994F4,COVERED_EXACTLY_ONCE
LS-MD-0027,audit/FULL_MARKET_DATA_PRODUCTION_READY_INVENTORY.md,4C0357CC7BA4A9338F34EBCF09A671716FC4A857,53,88,LX-MD-0027-EVD-01,EVIDENCE,records/evidence/legacy/semantic/LX-MD-0027-EVD-01_FULL_MARKET_DATA_PRODUCTION_READY_INVENTORY.md,CB5536608F3360BB717305A5E33C625CB3388A55,COVERED_EXACTLY_ONCE
LS-MD-0027,audit/FULL_MARKET_DATA_PRODUCTION_READY_INVENTORY.md,4C0357CC7BA4A9338F34EBCF09A671716FC4A857,89,121,LX-MD-0027-GOV-01,GOVERNANCE,records/history/archive/semantic/LX-MD-0027-GOV-01_FULL_MARKET_DATA_PRODUCTION_READY_INVENTORY.md,1249E48C120E69BFD2E3E06E3046545574E78947,COVERED_EXACTLY_ONCE
LS-MD-0027,audit/FULL_MARKET_DATA_PRODUCTION_READY_INVENTORY.md,4C0357CC7BA4A9338F34EBCF09A671716FC4A857,122,127,LX-MD-0027-IMP-02,IMPLEMENTATION,records/history/archive/semantic/LX-MD-0027-IMP-02_FULL_MARKET_DATA_PRODUCTION_READY_INVENTORY.md,CAF00E79AEDADE828E80A8B9C126E2F7AE9F6CF5,COVERED_EXACTLY_ONCE
LS-MD-0027,audit/FULL_MARKET_DATA_PRODUCTION_READY_INVENTORY.md,4C0357CC7BA4A9338F34EBCF09A671716FC4A857,128,139,LX-MD-0027-EVD-02,EVIDENCE,records/evidence/legacy/semantic/LX-MD-0027-EVD-02_FULL_MARKET_DATA_PRODUCTION_READY_INVENTORY.md,D91F9AAAB919C58C7D880EFAACB21AE813AEE8B0,COVERED_EXACTLY_ONCE
LS-MD-0027,audit/FULL_MARKET_DATA_PRODUCTION_READY_INVENTORY.md,4C0357CC7BA4A9338F34EBCF09A671716FC4A857,140,156,LX-MD-0027-DEC-02,DECISION,records/decisions/legacy/LX-MD-0027-DEC-02_FULL_MARKET_DATA_PRODUCTION_READY_INVENTORY.md,92311F5E28FC432991893D6308876EF0553FAA7C,COVERED_EXACTLY_ONCE
LS-MD-0027,audit/FULL_MARKET_DATA_PRODUCTION_READY_INVENTORY.md,4C0357CC7BA4A9338F34EBCF09A671716FC4A857,157,162,LX-MD-0027-FND-01,FINDING,records/history/archive/semantic/LX-MD-0027-FND-01_FULL_MARKET_DATA_PRODUCTION_READY_INVENTORY.md,D05AEAE9FE3A67E91292C32303C030EA1D44A201,COVERED_EXACTLY_ONCE
LS-MD-0027,audit/FULL_MARKET_DATA_PRODUCTION_READY_INVENTORY.md,4C0357CC7BA4A9338F34EBCF09A671716FC4A857,163,272,LX-MD-0027-CTX-02,CONTEXT,records/history/archive/semantic/LX-MD-0027-CTX-02_FULL_MARKET_DATA_PRODUCTION_READY_INVENTORY.md,8CDDA6D93DF4E50EF11B0B75EAB9C4946D182322,COVERED_EXACTLY_ONCE
LS-MD-0027,audit/FULL_MARKET_DATA_PRODUCTION_READY_INVENTORY.md,4C0357CC7BA4A9338F34EBCF09A671716FC4A857,273,344,LX-MD-0027-EVD-03,EVIDENCE,records/evidence/legacy/semantic/LX-MD-0027-EVD-03_FULL_MARKET_DATA_PRODUCTION_READY_INVENTORY.md,896E3619A2A2B37CCA1C8D78653E34159F7FF105,COVERED_EXACTLY_ONCE
LS-MD-0027,audit/FULL_MARKET_DATA_PRODUCTION_READY_INVENTORY.md,4C0357CC7BA4A9338F34EBCF09A671716FC4A857,345,431,LX-MD-0027-CTX-03,CONTEXT,records/history/archive/semantic/LX-MD-0027-CTX-03_FULL_MARKET_DATA_PRODUCTION_READY_INVENTORY.md,A1C3E2487032AEE89F20B5C587F0B8813A5D0324,COVERED_EXACTLY_ONCE
LS-MD-0027,audit/FULL_MARKET_DATA_PRODUCTION_READY_INVENTORY.md,4C0357CC7BA4A9338F34EBCF09A671716FC4A857,432,455,LX-MD-0027-EVD-04,EVIDENCE,records/evidence/legacy/semantic/LX-MD-0027-EVD-04_FULL_MARKET_DATA_PRODUCTION_READY_INVENTORY.md,C3296692D3C1786FA6642F6876BADA45088B04D0,COVERED_EXACTLY_ONCE
LS-MD-0027,audit/FULL_MARKET_DATA_PRODUCTION_READY_INVENTORY.md,4C0357CC7BA4A9338F34EBCF09A671716FC4A857,456,644,LX-MD-0027-FND-02,FINDING,records/history/archive/semantic/LX-MD-0027-FND-02_FULL_MARKET_DATA_PRODUCTION_READY_INVENTORY.md,80553705053618DB5E516D1D50D7444E47B7C8F8,COVERED_EXACTLY_ONCE
LS-MD-0027,audit/FULL_MARKET_DATA_PRODUCTION_READY_INVENTORY.md,4C0357CC7BA4A9338F34EBCF09A671716FC4A857,645,662,LX-MD-0027-CTX-04,CONTEXT,records/history/archive/semantic/LX-MD-0027-CTX-04_FULL_MARKET_DATA_PRODUCTION_READY_INVENTORY.md,1243BE2D0DB5B092A20D53A3657BEE46AEB7A360,COVERED_EXACTLY_ONCE
LS-MD-0028,audit/HASH_SEAL_DATASET_INTEGRITY_INVENTORY.md,C8D94C9D62FC23B2978DB75D31E851645BBF5CCF,1,9,LX-MD-0028-IMP-01,IMPLEMENTATION,records/history/archive/semantic/LX-MD-0028-IMP-01_HASH_SEAL_DATASET_INTEGRITY_INVENTORY.md,D124AE69E389E1D371F3BF0C1E628DCD18288E14,COVERED_EXACTLY_ONCE
LS-MD-0028,audit/HASH_SEAL_DATASET_INTEGRITY_INVENTORY.md,C8D94C9D62FC23B2978DB75D31E851645BBF5CCF,10,48,LX-MD-0028-GOV-01,GOVERNANCE,records/history/archive/semantic/LX-MD-0028-GOV-01_HASH_SEAL_DATASET_INTEGRITY_INVENTORY.md,10C9E78762E46BF264AD44686514B3A84092F9C2,COVERED_EXACTLY_ONCE
LS-MD-0028,audit/HASH_SEAL_DATASET_INTEGRITY_INVENTORY.md,C8D94C9D62FC23B2978DB75D31E851645BBF5CCF,49,61,LX-MD-0028-CTX-01,CONTEXT,records/history/archive/semantic/LX-MD-0028-CTX-01_HASH_SEAL_DATASET_INTEGRITY_INVENTORY.md,A8390E126D701B80A85A7B263BE4150F2DB94C6C,COVERED_EXACTLY_ONCE
LS-MD-0028,audit/HASH_SEAL_DATASET_INTEGRITY_INVENTORY.md,C8D94C9D62FC23B2978DB75D31E851645BBF5CCF,62,80,LX-MD-0028-EVD-01,EVIDENCE,records/evidence/legacy/semantic/LX-MD-0028-EVD-01_HASH_SEAL_DATASET_INTEGRITY_INVENTORY.md,2CCAF1AB17DF37967142E959132892E1407B4BC0,COVERED_EXACTLY_ONCE
LS-MD-0028,audit/HASH_SEAL_DATASET_INTEGRITY_INVENTORY.md,C8D94C9D62FC23B2978DB75D31E851645BBF5CCF,81,120,LX-MD-0028-FND-01,FINDING,records/history/archive/semantic/LX-MD-0028-FND-01_HASH_SEAL_DATASET_INTEGRITY_INVENTORY.md,FC40539191E1E424915D8B406F0FEA24DD02E166,COVERED_EXACTLY_ONCE
LS-MD-0028,audit/HASH_SEAL_DATASET_INTEGRITY_INVENTORY.md,C8D94C9D62FC23B2978DB75D31E851645BBF5CCF,121,123,LX-MD-0028-RES-01,RESEARCH,records/history/archive/semantic/LX-MD-0028-RES-01_HASH_SEAL_DATASET_INTEGRITY_INVENTORY.md,86EF0FA11A848F5E0EEEB189376DFB24DCA7B104,COVERED_EXACTLY_ONCE
LS-MD-0029,audit/IMPORT_PROMOTE_SEPARATION_INVENTORY.md,F6D6E4A0D59F66EB903E4C0FA59BB30AC736CBA6,1,38,LX-MD-0029-IMP-01,IMPLEMENTATION,records/history/archive/semantic/LX-MD-0029-IMP-01_IMPORT_PROMOTE_SEPARATION_INVENTORY.md,2565D85C9A6C2EBC62BEF953346744A064D0FEDB,COVERED_EXACTLY_ONCE
LS-MD-0029,audit/IMPORT_PROMOTE_SEPARATION_INVENTORY.md,F6D6E4A0D59F66EB903E4C0FA59BB30AC736CBA6,39,52,LX-MD-0029-RES-01,RESEARCH,records/history/archive/semantic/LX-MD-0029-RES-01_IMPORT_PROMOTE_SEPARATION_INVENTORY.md,E6F187ACC90A04C1265DD9ACB8D92893EAB3C0DE,COVERED_EXACTLY_ONCE
LS-MD-0030,audit/LUMEN_CONTRACT_TRACKER.md,88A4CD4C9D12A578A2837DCB275B315C91D1492A,1,160,LX-MD-0030-CTX-01,CONTEXT,records/history/archive/semantic/LX-MD-0030-CTX-01_LUMEN_CONTRACT_TRACKER.md,5E36888F8C8BBEAC43E3FAE013BE5659D953A78E,COVERED_EXACTLY_ONCE
LS-MD-0030,audit/LUMEN_CONTRACT_TRACKER.md,88A4CD4C9D12A578A2837DCB275B315C91D1492A,161,178,LX-MD-0030-DEC-01,DECISION,records/decisions/legacy/LX-MD-0030-DEC-01_LUMEN_CONTRACT_TRACKER.md,FC46BD9299473A2A86A3337C383D9407085B8994,COVERED_EXACTLY_ONCE
LS-MD-0030,audit/LUMEN_CONTRACT_TRACKER.md,88A4CD4C9D12A578A2837DCB275B315C91D1492A,179,3396,LX-MD-0030-GOV-01,GOVERNANCE,records/history/archive/semantic/LX-MD-0030-GOV-01_LUMEN_CONTRACT_TRACKER.md,5083F74C1DE68FD0912890546CF2B8F2C814EA39,COVERED_EXACTLY_ONCE
LS-MD-0030,audit/LUMEN_CONTRACT_TRACKER.md,88A4CD4C9D12A578A2837DCB275B315C91D1492A,3397,3458,LX-MD-0030-EVD-01,EVIDENCE,records/evidence/legacy/semantic/LX-MD-0030-EVD-01_LUMEN_CONTRACT_TRACKER.md,ADB7FB3BD6F7E20DF5579850052E4EC8A0DA7E54,COVERED_EXACTLY_ONCE
LS-MD-0030,audit/LUMEN_CONTRACT_TRACKER.md,88A4CD4C9D12A578A2837DCB275B315C91D1492A,3459,3487,LX-MD-0030-IMP-01,IMPLEMENTATION,records/history/archive/semantic/LX-MD-0030-IMP-01_LUMEN_CONTRACT_TRACKER.md,83D5D87DEA3EA2FFCB4BCF0333FFF648A64AA209,COVERED_EXACTLY_ONCE
LS-MD-0030,audit/LUMEN_CONTRACT_TRACKER.md,88A4CD4C9D12A578A2837DCB275B315C91D1492A,3488,3507,LX-MD-0030-CTX-02,CONTEXT,records/history/archive/semantic/LX-MD-0030-CTX-02_LUMEN_CONTRACT_TRACKER.md,4FE1FD544787BE38852841797A05549FC2E914CF,COVERED_EXACTLY_ONCE
LS-MD-0030,audit/LUMEN_CONTRACT_TRACKER.md,88A4CD4C9D12A578A2837DCB275B315C91D1492A,3508,3529,LX-MD-0030-IMP-02,IMPLEMENTATION,records/history/archive/semantic/LX-MD-0030-IMP-02_LUMEN_CONTRACT_TRACKER.md,EC3243C6EEFE10F5D7636FAF775CA3EC35F70054,COVERED_EXACTLY_ONCE
LS-MD-0030,audit/LUMEN_CONTRACT_TRACKER.md,88A4CD4C9D12A578A2837DCB275B315C91D1492A,3530,3589,LX-MD-0030-EVD-02,EVIDENCE,records/evidence/legacy/semantic/LX-MD-0030-EVD-02_LUMEN_CONTRACT_TRACKER.md,BFBE383117DC5E9762678F62CA718C2F17BD2514,COVERED_EXACTLY_ONCE
LS-MD-0030,audit/LUMEN_CONTRACT_TRACKER.md,88A4CD4C9D12A578A2837DCB275B315C91D1492A,3590,3658,LX-MD-0030-CTX-03,CONTEXT,records/history/archive/semantic/LX-MD-0030-CTX-03_LUMEN_CONTRACT_TRACKER.md,8222BAD367F85ADAF594D8C0BEF834AC95E9CBF6,COVERED_EXACTLY_ONCE
LS-MD-0030,audit/LUMEN_CONTRACT_TRACKER.md,88A4CD4C9D12A578A2837DCB275B315C91D1492A,3659,3698,LX-MD-0030-EVD-03,EVIDENCE,records/evidence/legacy/semantic/LX-MD-0030-EVD-03_LUMEN_CONTRACT_TRACKER.md,F1A39852CC75120957A316C4D0A6A49706C46CF5,COVERED_EXACTLY_ONCE
LS-MD-0030,audit/LUMEN_CONTRACT_TRACKER.md,88A4CD4C9D12A578A2837DCB275B315C91D1492A,3699,3755,LX-MD-0030-CTX-04,CONTEXT,records/history/archive/semantic/LX-MD-0030-CTX-04_LUMEN_CONTRACT_TRACKER.md,A9D68ABC8E834BBABB36A5B762794404EE113F01,COVERED_EXACTLY_ONCE
LS-MD-0030,audit/LUMEN_CONTRACT_TRACKER.md,88A4CD4C9D12A578A2837DCB275B315C91D1492A,3756,3779,LX-MD-0030-EVD-04,EVIDENCE,records/evidence/legacy/semantic/LX-MD-0030-EVD-04_LUMEN_CONTRACT_TRACKER.md,C3296692D3C1786FA6642F6876BADA45088B04D0,COVERED_EXACTLY_ONCE
LS-MD-0030,audit/LUMEN_CONTRACT_TRACKER.md,88A4CD4C9D12A578A2837DCB275B315C91D1492A,3780,3970,LX-MD-0030-FND-01,FINDING,records/history/archive/semantic/LX-MD-0030-FND-01_LUMEN_CONTRACT_TRACKER.md,D269E2A51F54E03CFBB079F227875285B1216A04,COVERED_EXACTLY_ONCE
LS-MD-0030,audit/LUMEN_CONTRACT_TRACKER.md,88A4CD4C9D12A578A2837DCB275B315C91D1492A,3971,4005,LX-MD-0030-GOV-02,GOVERNANCE,records/history/archive/semantic/LX-MD-0030-GOV-02_LUMEN_CONTRACT_TRACKER.md,F9CBBCB7880BA2A52BB3D5168DE07026FF55F167,COVERED_EXACTLY_ONCE
LS-MD-0030,audit/LUMEN_CONTRACT_TRACKER.md,88A4CD4C9D12A578A2837DCB275B315C91D1492A,4006,4042,LX-MD-0030-FND-02,FINDING,records/history/archive/semantic/LX-MD-0030-FND-02_LUMEN_CONTRACT_TRACKER.md,B552346E597A5FAEB85B1F00E7975142A97BE902,COVERED_EXACTLY_ONCE
LS-MD-0030,audit/LUMEN_CONTRACT_TRACKER.md,88A4CD4C9D12A578A2837DCB275B315C91D1492A,4043,4080,LX-MD-0030-IMP-03,IMPLEMENTATION,records/history/archive/semantic/LX-MD-0030-IMP-03_LUMEN_CONTRACT_TRACKER.md,C99C14EEAE55C99C2AC2D9CD636B1BDC14502B7D,COVERED_EXACTLY_ONCE
LS-MD-0030,audit/LUMEN_CONTRACT_TRACKER.md,88A4CD4C9D12A578A2837DCB275B315C91D1492A,4081,4207,LX-MD-0030-GOV-03,GOVERNANCE,records/history/archive/semantic/LX-MD-0030-GOV-03_LUMEN_CONTRACT_TRACKER.md,621EFA488819D358DAE7060851A9493C202B98E3,COVERED_EXACTLY_ONCE
LS-MD-0030,audit/LUMEN_CONTRACT_TRACKER.md,88A4CD4C9D12A578A2837DCB275B315C91D1492A,4208,4225,LX-MD-0030-EVD-05,EVIDENCE,records/evidence/legacy/semantic/LX-MD-0030-EVD-05_LUMEN_CONTRACT_TRACKER.md,7E9D143B0529D4FB72344768C4B7A0A303B6936D,COVERED_EXACTLY_ONCE
LS-MD-0030,audit/LUMEN_CONTRACT_TRACKER.md,88A4CD4C9D12A578A2837DCB275B315C91D1492A,4226,4249,LX-MD-0030-GOV-04,GOVERNANCE,records/history/archive/semantic/LX-MD-0030-GOV-04_LUMEN_CONTRACT_TRACKER.md,BDA3010DEAD354FD42824CA0B15CEFA07E4EB244,COVERED_EXACTLY_ONCE
LS-MD-0030,audit/LUMEN_CONTRACT_TRACKER.md,88A4CD4C9D12A578A2837DCB275B315C91D1492A,4250,4328,LX-MD-0030-IMP-04,IMPLEMENTATION,records/history/archive/semantic/LX-MD-0030-IMP-04_LUMEN_CONTRACT_TRACKER.md,6E5C7E961416FE12BFE116FB73C2CE73E90FF38D,COVERED_EXACTLY_ONCE
LS-MD-0030,audit/LUMEN_CONTRACT_TRACKER.md,88A4CD4C9D12A578A2837DCB275B315C91D1492A,4329,4348,LX-MD-0030-CTX-05,CONTEXT,records/history/archive/semantic/LX-MD-0030-CTX-05_LUMEN_CONTRACT_TRACKER.md,F8170A1C9E34C0CF505036D06CD7AC765FAF6D80,COVERED_EXACTLY_ONCE
LS-MD-0030,audit/LUMEN_CONTRACT_TRACKER.md,88A4CD4C9D12A578A2837DCB275B315C91D1492A,4349,4367,LX-MD-0030-EVD-06,EVIDENCE,records/evidence/legacy/semantic/LX-MD-0030-EVD-06_LUMEN_CONTRACT_TRACKER.md,E130448A8323A817D38B322941A82D530178BABE,COVERED_EXACTLY_ONCE
LS-MD-0030,audit/LUMEN_CONTRACT_TRACKER.md,88A4CD4C9D12A578A2837DCB275B315C91D1492A,4368,4455,LX-MD-0030-CTX-06,CONTEXT,records/history/archive/semantic/LX-MD-0030-CTX-06_LUMEN_CONTRACT_TRACKER.md,98939944C542DB85AF08BA18EBB1AD7FBA04F115,COVERED_EXACTLY_ONCE
LS-MD-0031,audit/LUMEN_IMPLEMENTATION_STATUS.md,3FDDFFF0B53D431DAA71A8545F87173445A616F7,1,161,LX-MD-0031-CTX-01,CONTEXT,records/history/archive/semantic/LX-MD-0031-CTX-01_LUMEN_IMPLEMENTATION_STATUS.md,0284E6415EEE71198219E6B56F3E7A1CB10DC918,COVERED_EXACTLY_ONCE
LS-MD-0031,audit/LUMEN_IMPLEMENTATION_STATUS.md,3FDDFFF0B53D431DAA71A8545F87173445A616F7,162,179,LX-MD-0031-DEC-01,DECISION,records/decisions/legacy/LX-MD-0031-DEC-01_LUMEN_IMPLEMENTATION_STATUS.md,752FBAE56A127107B4C9D99C10EF994F0CC6A2C9,COVERED_EXACTLY_ONCE
LS-MD-0031,audit/LUMEN_IMPLEMENTATION_STATUS.md,3FDDFFF0B53D431DAA71A8545F87173445A616F7,180,3134,LX-MD-0031-CTX-02,CONTEXT,records/history/archive/semantic/LX-MD-0031-CTX-02_LUMEN_IMPLEMENTATION_STATUS.md,40A0FFD5619CDDFBD46B020CCFBA90FD428B2716,COVERED_EXACTLY_ONCE
LS-MD-0031,audit/LUMEN_IMPLEMENTATION_STATUS.md,3FDDFFF0B53D431DAA71A8545F87173445A616F7,3135,3553,LX-MD-0031-IMP-01,IMPLEMENTATION,records/history/archive/semantic/LX-MD-0031-IMP-01_LUMEN_IMPLEMENTATION_STATUS.md,68BAE1DDA28138ED13CAEB4B45C4C09DB17B6B84,COVERED_EXACTLY_ONCE
LS-MD-0031,audit/LUMEN_IMPLEMENTATION_STATUS.md,3FDDFFF0B53D431DAA71A8545F87173445A616F7,3554,3618,LX-MD-0031-EVD-01,EVIDENCE,records/evidence/legacy/semantic/LX-MD-0031-EVD-01_LUMEN_IMPLEMENTATION_STATUS.md,DC471C18C29424FB215C7AA9D0E7BC656FDECF63,COVERED_EXACTLY_ONCE
LS-MD-0031,audit/LUMEN_IMPLEMENTATION_STATUS.md,3FDDFFF0B53D431DAA71A8545F87173445A616F7,3619,3652,LX-MD-0031-IMP-02,IMPLEMENTATION,records/history/archive/semantic/LX-MD-0031-IMP-02_LUMEN_IMPLEMENTATION_STATUS.md,F681DC30652AE98DFDFB988304E5024558122F3D,COVERED_EXACTLY_ONCE
LS-MD-0031,audit/LUMEN_IMPLEMENTATION_STATUS.md,3FDDFFF0B53D431DAA71A8545F87173445A616F7,3653,3750,LX-MD-0031-EVD-02,EVIDENCE,records/evidence/legacy/semantic/LX-MD-0031-EVD-02_LUMEN_IMPLEMENTATION_STATUS.md,DA2ADAB37AD7C455FC029A123ADD81C1F62D97E6,COVERED_EXACTLY_ONCE
LS-MD-0031,audit/LUMEN_IMPLEMENTATION_STATUS.md,3FDDFFF0B53D431DAA71A8545F87173445A616F7,3751,3819,LX-MD-0031-CTX-03,CONTEXT,records/history/archive/semantic/LX-MD-0031-CTX-03_LUMEN_IMPLEMENTATION_STATUS.md,8222BAD367F85ADAF594D8C0BEF834AC95E9CBF6,COVERED_EXACTLY_ONCE
LS-MD-0031,audit/LUMEN_IMPLEMENTATION_STATUS.md,3FDDFFF0B53D431DAA71A8545F87173445A616F7,3820,3859,LX-MD-0031-EVD-03,EVIDENCE,records/evidence/legacy/semantic/LX-MD-0031-EVD-03_LUMEN_IMPLEMENTATION_STATUS.md,F1A39852CC75120957A316C4D0A6A49706C46CF5,COVERED_EXACTLY_ONCE
LS-MD-0031,audit/LUMEN_IMPLEMENTATION_STATUS.md,3FDDFFF0B53D431DAA71A8545F87173445A616F7,3860,3916,LX-MD-0031-CTX-04,CONTEXT,records/history/archive/semantic/LX-MD-0031-CTX-04_LUMEN_IMPLEMENTATION_STATUS.md,A9D68ABC8E834BBABB36A5B762794404EE113F01,COVERED_EXACTLY_ONCE
LS-MD-0031,audit/LUMEN_IMPLEMENTATION_STATUS.md,3FDDFFF0B53D431DAA71A8545F87173445A616F7,3917,3940,LX-MD-0031-EVD-04,EVIDENCE,records/evidence/legacy/semantic/LX-MD-0031-EVD-04_LUMEN_IMPLEMENTATION_STATUS.md,C3296692D3C1786FA6642F6876BADA45088B04D0,COVERED_EXACTLY_ONCE
LS-MD-0031,audit/LUMEN_IMPLEMENTATION_STATUS.md,3FDDFFF0B53D431DAA71A8545F87173445A616F7,3941,4131,LX-MD-0031-FND-01,FINDING,records/history/archive/semantic/LX-MD-0031-FND-01_LUMEN_IMPLEMENTATION_STATUS.md,D269E2A51F54E03CFBB079F227875285B1216A04,COVERED_EXACTLY_ONCE
LS-MD-0031,audit/LUMEN_IMPLEMENTATION_STATUS.md,3FDDFFF0B53D431DAA71A8545F87173445A616F7,4132,4181,LX-MD-0031-CTX-05,CONTEXT,records/history/archive/semantic/LX-MD-0031-CTX-05_LUMEN_IMPLEMENTATION_STATUS.md,D228F0F4F605136BCFC778E0A9FF46143E966C92,COVERED_EXACTLY_ONCE
LS-MD-0031,audit/LUMEN_IMPLEMENTATION_STATUS.md,3FDDFFF0B53D431DAA71A8545F87173445A616F7,4182,4245,LX-MD-0031-FND-02,FINDING,records/history/archive/semantic/LX-MD-0031-FND-02_LUMEN_IMPLEMENTATION_STATUS.md,692B312D8856B874D49EE5A7C5F522C28A8680B6,COVERED_EXACTLY_ONCE
LS-MD-0031,audit/LUMEN_IMPLEMENTATION_STATUS.md,3FDDFFF0B53D431DAA71A8545F87173445A616F7,4246,4341,LX-MD-0031-IMP-03,IMPLEMENTATION,records/history/archive/semantic/LX-MD-0031-IMP-03_LUMEN_IMPLEMENTATION_STATUS.md,43F14D827E078B9C896F8C61011BEAC7231E47C7,COVERED_EXACTLY_ONCE
LS-MD-0031,audit/LUMEN_IMPLEMENTATION_STATUS.md,3FDDFFF0B53D431DAA71A8545F87173445A616F7,4342,4364,LX-MD-0031-CTX-06,CONTEXT,records/history/archive/semantic/LX-MD-0031-CTX-06_LUMEN_IMPLEMENTATION_STATUS.md,290AFAF71713A104F1B27012EFA2CE77B2AE896A,COVERED_EXACTLY_ONCE
LS-MD-0031,audit/LUMEN_IMPLEMENTATION_STATUS.md,3FDDFFF0B53D431DAA71A8545F87173445A616F7,4365,4410,LX-MD-0031-IMP-04,IMPLEMENTATION,records/history/archive/semantic/LX-MD-0031-IMP-04_LUMEN_IMPLEMENTATION_STATUS.md,95DA5C1720977CE35051A96D029960BD6D5ED45E,COVERED_EXACTLY_ONCE
LS-MD-0031,audit/LUMEN_IMPLEMENTATION_STATUS.md,3FDDFFF0B53D431DAA71A8545F87173445A616F7,4411,4452,LX-MD-0031-CTX-07,CONTEXT,records/history/archive/semantic/LX-MD-0031-CTX-07_LUMEN_IMPLEMENTATION_STATUS.md,5E98781618E25CAE452142BF5B3AFF72D3C7EA85,COVERED_EXACTLY_ONCE
LS-MD-0031,audit/LUMEN_IMPLEMENTATION_STATUS.md,3FDDFFF0B53D431DAA71A8545F87173445A616F7,4453,4472,LX-MD-0031-EVD-05,EVIDENCE,records/evidence/legacy/semantic/LX-MD-0031-EVD-05_LUMEN_IMPLEMENTATION_STATUS.md,3A53007B750AB341CEF8DCFCDDDBBA7467569BEB,COVERED_EXACTLY_ONCE
LS-MD-0031,audit/LUMEN_IMPLEMENTATION_STATUS.md,3FDDFFF0B53D431DAA71A8545F87173445A616F7,4473,4534,LX-MD-0031-CTX-08,CONTEXT,records/history/archive/semantic/LX-MD-0031-CTX-08_LUMEN_IMPLEMENTATION_STATUS.md,44BC9952DD13E02D81CF90A86851CA0C35E47727,COVERED_EXACTLY_ONCE
LS-MD-0031,audit/LUMEN_IMPLEMENTATION_STATUS.md,3FDDFFF0B53D431DAA71A8545F87173445A616F7,4535,4581,LX-MD-0031-IMP-05,IMPLEMENTATION,records/history/archive/semantic/LX-MD-0031-IMP-05_LUMEN_IMPLEMENTATION_STATUS.md,1BD73EED5B99F4B14A5BCAADE0AA8257D863B6BA,COVERED_EXACTLY_ONCE
LS-MD-0031,audit/LUMEN_IMPLEMENTATION_STATUS.md,3FDDFFF0B53D431DAA71A8545F87173445A616F7,4582,4607,LX-MD-0031-EVD-06,EVIDENCE,records/evidence/legacy/semantic/LX-MD-0031-EVD-06_LUMEN_IMPLEMENTATION_STATUS.md,3FA872E0EAA1CDAFA7561775A705FDCE006F52DD,COVERED_EXACTLY_ONCE
LS-MD-0031,audit/LUMEN_IMPLEMENTATION_STATUS.md,3FDDFFF0B53D431DAA71A8545F87173445A616F7,4608,4661,LX-MD-0031-CTX-09,CONTEXT,records/history/archive/semantic/LX-MD-0031-CTX-09_LUMEN_IMPLEMENTATION_STATUS.md,60FB4309F80E92E5CAF47C920B46BAA24B618950,COVERED_EXACTLY_ONCE
LS-MD-0031,audit/LUMEN_IMPLEMENTATION_STATUS.md,3FDDFFF0B53D431DAA71A8545F87173445A616F7,4662,4722,LX-MD-0031-IMP-06,IMPLEMENTATION,records/history/archive/semantic/LX-MD-0031-IMP-06_LUMEN_IMPLEMENTATION_STATUS.md,3AC69C9F3B49F971A1452C93DFA3A1937FB1EB0D,COVERED_EXACTLY_ONCE
LS-MD-0032,audit/MARKET_BENCHMARK_INDICATOR_EXTENSION_INVENTORY.md,D0BE40DBBA4BFF89D35ED251D64531E8EF56FC39,1,5,LX-MD-0032-IMP-01,IMPLEMENTATION,records/history/archive/semantic/LX-MD-0032-IMP-01_MARKET_BENCHMARK_INDICATOR_EXTENSION_INVENTORY.md,27E65A33E89AA2BFBBC51F37284644E8D25C3584,COVERED_EXACTLY_ONCE
LS-MD-0032,audit/MARKET_BENCHMARK_INDICATOR_EXTENSION_INVENTORY.md,D0BE40DBBA4BFF89D35ED251D64531E8EF56FC39,6,33,LX-MD-0032-CTX-01,CONTEXT,records/history/archive/semantic/LX-MD-0032-CTX-01_MARKET_BENCHMARK_INDICATOR_EXTENSION_INVENTORY.md,48BFAF40628D06CA6BC6B289C1AF348D94422147,COVERED_EXACTLY_ONCE
LS-MD-0032,audit/MARKET_BENCHMARK_INDICATOR_EXTENSION_INVENTORY.md,D0BE40DBBA4BFF89D35ED251D64531E8EF56FC39,34,40,LX-MD-0032-GOV-01,GOVERNANCE,records/history/archive/semantic/LX-MD-0032-GOV-01_MARKET_BENCHMARK_INDICATOR_EXTENSION_INVENTORY.md,C6F45AEAD76F50B3C797CB5DC415B456D3E167AE,COVERED_EXACTLY_ONCE
LS-MD-0032,audit/MARKET_BENCHMARK_INDICATOR_EXTENSION_INVENTORY.md,D0BE40DBBA4BFF89D35ED251D64531E8EF56FC39,41,46,LX-MD-0032-DEC-01,DECISION,records/decisions/legacy/LX-MD-0032-DEC-01_MARKET_BENCHMARK_INDICATOR_EXTENSION_INVENTORY.md,38F8DE60369DF4AB93764787763067AC3BDCF777,COVERED_EXACTLY_ONCE
LS-MD-0032,audit/MARKET_BENCHMARK_INDICATOR_EXTENSION_INVENTORY.md,D0BE40DBBA4BFF89D35ED251D64531E8EF56FC39,47,59,LX-MD-0032-IMP-02,IMPLEMENTATION,records/history/archive/semantic/LX-MD-0032-IMP-02_MARKET_BENCHMARK_INDICATOR_EXTENSION_INVENTORY.md,908CBBA2CBFEF7033E28A7C80EFE155095C0CD55,COVERED_EXACTLY_ONCE
LS-MD-0032,audit/MARKET_BENCHMARK_INDICATOR_EXTENSION_INVENTORY.md,D0BE40DBBA4BFF89D35ED251D64531E8EF56FC39,60,80,LX-MD-0032-GOV-02,GOVERNANCE,records/history/archive/semantic/LX-MD-0032-GOV-02_MARKET_BENCHMARK_INDICATOR_EXTENSION_INVENTORY.md,7A86C5C89D6DFAD3B87364C59FC3C45E42D91BE3,COVERED_EXACTLY_ONCE
LS-MD-0032,audit/MARKET_BENCHMARK_INDICATOR_EXTENSION_INVENTORY.md,D0BE40DBBA4BFF89D35ED251D64531E8EF56FC39,81,94,LX-MD-0032-CTX-02,CONTEXT,records/history/archive/semantic/LX-MD-0032-CTX-02_MARKET_BENCHMARK_INDICATOR_EXTENSION_INVENTORY.md,28C5EE30A8C5E24B40F95A7684677AF760FBB1A1,COVERED_EXACTLY_ONCE
LS-MD-0032,audit/MARKET_BENCHMARK_INDICATOR_EXTENSION_INVENTORY.md,D0BE40DBBA4BFF89D35ED251D64531E8EF56FC39,95,105,LX-MD-0032-IMP-03,IMPLEMENTATION,records/history/archive/semantic/LX-MD-0032-IMP-03_MARKET_BENCHMARK_INDICATOR_EXTENSION_INVENTORY.md,FBBBCDA0D20009E4167C3B59005A4AFE75FC457E,COVERED_EXACTLY_ONCE
LS-MD-0032,audit/MARKET_BENCHMARK_INDICATOR_EXTENSION_INVENTORY.md,D0BE40DBBA4BFF89D35ED251D64531E8EF56FC39,106,112,LX-MD-0032-GOV-03,GOVERNANCE,records/history/archive/semantic/LX-MD-0032-GOV-03_MARKET_BENCHMARK_INDICATOR_EXTENSION_INVENTORY.md,623AAAE46709C77F344869A9FDB9B73B32A2A8C3,COVERED_EXACTLY_ONCE
LS-MD-0032,audit/MARKET_BENCHMARK_INDICATOR_EXTENSION_INVENTORY.md,D0BE40DBBA4BFF89D35ED251D64531E8EF56FC39,113,122,LX-MD-0032-CTX-03,CONTEXT,records/history/archive/semantic/LX-MD-0032-CTX-03_MARKET_BENCHMARK_INDICATOR_EXTENSION_INVENTORY.md,C9709E3CBC8B9E9A594D1889AF053B2FF3845ABC,COVERED_EXACTLY_ONCE
LS-MD-0032,audit/MARKET_BENCHMARK_INDICATOR_EXTENSION_INVENTORY.md,D0BE40DBBA4BFF89D35ED251D64531E8EF56FC39,123,131,LX-MD-0032-EVD-01,EVIDENCE,records/evidence/legacy/semantic/LX-MD-0032-EVD-01_MARKET_BENCHMARK_INDICATOR_EXTENSION_INVENTORY.md,296069E02163A9B4F47C4F274A6F63AB5E7B804C,COVERED_EXACTLY_ONCE
LS-MD-0032,audit/MARKET_BENCHMARK_INDICATOR_EXTENSION_INVENTORY.md,D0BE40DBBA4BFF89D35ED251D64531E8EF56FC39,132,150,LX-MD-0032-CTX-04,CONTEXT,records/history/archive/semantic/LX-MD-0032-CTX-04_MARKET_BENCHMARK_INDICATOR_EXTENSION_INVENTORY.md,F41175D9B151DC3A9F0CC8BBEBB11D179053F10D,COVERED_EXACTLY_ONCE
LS-MD-0032,audit/MARKET_BENCHMARK_INDICATOR_EXTENSION_INVENTORY.md,D0BE40DBBA4BFF89D35ED251D64531E8EF56FC39,151,154,LX-MD-0032-EVD-02,EVIDENCE,records/evidence/legacy/semantic/LX-MD-0032-EVD-02_MARKET_BENCHMARK_INDICATOR_EXTENSION_INVENTORY.md,C1A9ADAD37E9700B9D2F4E7786DE7CA8CF94BB7D,COVERED_EXACTLY_ONCE
LS-MD-0032,audit/MARKET_BENCHMARK_INDICATOR_EXTENSION_INVENTORY.md,D0BE40DBBA4BFF89D35ED251D64531E8EF56FC39,155,163,LX-MD-0032-CTX-05,CONTEXT,records/history/archive/semantic/LX-MD-0032-CTX-05_MARKET_BENCHMARK_INDICATOR_EXTENSION_INVENTORY.md,7D276E5DF599DA95BF8DADF1368D5A8A1527A66A,COVERED_EXACTLY_ONCE
LS-MD-0032,audit/MARKET_BENCHMARK_INDICATOR_EXTENSION_INVENTORY.md,D0BE40DBBA4BFF89D35ED251D64531E8EF56FC39,164,168,LX-MD-0032-FND-01,FINDING,records/history/archive/semantic/LX-MD-0032-FND-01_MARKET_BENCHMARK_INDICATOR_EXTENSION_INVENTORY.md,4F80F50768CA7BB53B085F4DF3A0AE63DA40F5C7,COVERED_EXACTLY_ONCE
LS-MD-0032,audit/MARKET_BENCHMARK_INDICATOR_EXTENSION_INVENTORY.md,D0BE40DBBA4BFF89D35ED251D64531E8EF56FC39,169,180,LX-MD-0032-GOV-04,GOVERNANCE,records/history/archive/semantic/LX-MD-0032-GOV-04_MARKET_BENCHMARK_INDICATOR_EXTENSION_INVENTORY.md,0C32B27B6EC5A52500DF0ACA0DAD7D613EFFBA76,COVERED_EXACTLY_ONCE
LS-MD-0032,audit/MARKET_BENCHMARK_INDICATOR_EXTENSION_INVENTORY.md,D0BE40DBBA4BFF89D35ED251D64531E8EF56FC39,181,216,LX-MD-0032-EVD-03,EVIDENCE,records/evidence/legacy/semantic/LX-MD-0032-EVD-03_MARKET_BENCHMARK_INDICATOR_EXTENSION_INVENTORY.md,D7FDA0544F9032ACEBD4D2F908B1E7A3ADD28B60,COVERED_EXACTLY_ONCE
LS-MD-0032,audit/MARKET_BENCHMARK_INDICATOR_EXTENSION_INVENTORY.md,D0BE40DBBA4BFF89D35ED251D64531E8EF56FC39,217,245,LX-MD-0032-IMP-04,IMPLEMENTATION,records/history/archive/semantic/LX-MD-0032-IMP-04_MARKET_BENCHMARK_INDICATOR_EXTENSION_INVENTORY.md,987C4A88FF390CB016D81F0103637FCD65667A5A,COVERED_EXACTLY_ONCE
LS-MD-0033,audit/MARKET_DATA_CONSUMER_READ_MODEL_INVENTORY.md,A63ADB11787063B5198FC2AB1A3E1DA244D95EC8,1,5,LX-MD-0033-IMP-01,IMPLEMENTATION,records/history/archive/semantic/LX-MD-0033-IMP-01_MARKET_DATA_CONSUMER_READ_MODEL_INVENTORY.md,413DE4915D2B7E2F8648B266CC86F410616F09D5,COVERED_EXACTLY_ONCE
LS-MD-0033,audit/MARKET_DATA_CONSUMER_READ_MODEL_INVENTORY.md,A63ADB11787063B5198FC2AB1A3E1DA244D95EC8,6,17,LX-MD-0033-GOV-01,GOVERNANCE,records/history/archive/semantic/LX-MD-0033-GOV-01_MARKET_DATA_CONSUMER_READ_MODEL_INVENTORY.md,55799255555852A719478FEE52324EAEB2482DE6,COVERED_EXACTLY_ONCE
LS-MD-0033,audit/MARKET_DATA_CONSUMER_READ_MODEL_INVENTORY.md,A63ADB11787063B5198FC2AB1A3E1DA244D95EC8,18,33,LX-MD-0033-DEC-01,DECISION,records/decisions/legacy/LX-MD-0033-DEC-01_MARKET_DATA_CONSUMER_READ_MODEL_INVENTORY.md,592D1C765030956076E5179F11BF72A169F8FD96,COVERED_EXACTLY_ONCE
LS-MD-0033,audit/MARKET_DATA_CONSUMER_READ_MODEL_INVENTORY.md,A63ADB11787063B5198FC2AB1A3E1DA244D95EC8,34,118,LX-MD-0033-GOV-02,GOVERNANCE,records/history/archive/semantic/LX-MD-0033-GOV-02_MARKET_DATA_CONSUMER_READ_MODEL_INVENTORY.md,385FA14E53356FA5ADC2228C0B06E42AF16F050B,COVERED_EXACTLY_ONCE
LS-MD-0033,audit/MARKET_DATA_CONSUMER_READ_MODEL_INVENTORY.md,A63ADB11787063B5198FC2AB1A3E1DA244D95EC8,119,135,LX-MD-0033-IMP-02,IMPLEMENTATION,records/history/archive/semantic/LX-MD-0033-IMP-02_MARKET_DATA_CONSUMER_READ_MODEL_INVENTORY.md,DD43DB5B623C559C412883258E5842F269AF12CD,COVERED_EXACTLY_ONCE
LS-MD-0033,audit/MARKET_DATA_CONSUMER_READ_MODEL_INVENTORY.md,A63ADB11787063B5198FC2AB1A3E1DA244D95EC8,136,179,LX-MD-0033-CTX-01,CONTEXT,records/history/archive/semantic/LX-MD-0033-CTX-01_MARKET_DATA_CONSUMER_READ_MODEL_INVENTORY.md,29D65461471A10CD00D37E01E11DCC79F52FF004,COVERED_EXACTLY_ONCE
LS-MD-0033,audit/MARKET_DATA_CONSUMER_READ_MODEL_INVENTORY.md,A63ADB11787063B5198FC2AB1A3E1DA244D95EC8,180,299,LX-MD-0033-EVD-01,EVIDENCE,records/evidence/legacy/semantic/LX-MD-0033-EVD-01_MARKET_DATA_CONSUMER_READ_MODEL_INVENTORY.md,645D2B73D82DDACBF521F24F114A347A9928596A,COVERED_EXACTLY_ONCE
LS-MD-0033,audit/MARKET_DATA_CONSUMER_READ_MODEL_INVENTORY.md,A63ADB11787063B5198FC2AB1A3E1DA244D95EC8,300,306,LX-MD-0033-FND-01,FINDING,records/history/archive/semantic/LX-MD-0033-FND-01_MARKET_DATA_CONSUMER_READ_MODEL_INVENTORY.md,8D4AF3C30CA1D36BC51F65A440A96D5709868414,COVERED_EXACTLY_ONCE
LS-MD-0033,audit/MARKET_DATA_CONSUMER_READ_MODEL_INVENTORY.md,A63ADB11787063B5198FC2AB1A3E1DA244D95EC8,307,319,LX-MD-0033-GOV-03,GOVERNANCE,records/history/archive/semantic/LX-MD-0033-GOV-03_MARKET_DATA_CONSUMER_READ_MODEL_INVENTORY.md,F6C23E0962409CEBB5D67BD19FDE03B652A5979B,COVERED_EXACTLY_ONCE
LS-MD-0033,audit/MARKET_DATA_CONSUMER_READ_MODEL_INVENTORY.md,A63ADB11787063B5198FC2AB1A3E1DA244D95EC8,320,334,LX-MD-0033-DEC-02,DECISION,records/decisions/legacy/LX-MD-0033-DEC-02_MARKET_DATA_CONSUMER_READ_MODEL_INVENTORY.md,8BF0AEF2B5122207A9A37B01F2720CB4761A1463,COVERED_EXACTLY_ONCE
LS-MD-0034,audit/MARKET_DATA_IMPLEMENTATION_LEDGER.md,53F8C0BDBA19E2AB4F630A31731FDB2210E19CEF,1,2,LX-MD-0034-IMP-01,IMPLEMENTATION,records/history/archive/semantic/LX-MD-0034-IMP-01_MARKET_DATA_IMPLEMENTATION_LEDGER.md,69A3A31C22460B68D0D34D4518DEE2C21064FC32,COVERED_EXACTLY_ONCE
LS-MD-0034,audit/MARKET_DATA_IMPLEMENTATION_LEDGER.md,53F8C0BDBA19E2AB4F630A31731FDB2210E19CEF,3,44,LX-MD-0034-CTX-01,CONTEXT,records/history/archive/semantic/LX-MD-0034-CTX-01_MARKET_DATA_IMPLEMENTATION_LEDGER.md,692F6C0132881585049D2B555F3AF69ECCF92CA7,COVERED_EXACTLY_ONCE
LS-MD-0034,audit/MARKET_DATA_IMPLEMENTATION_LEDGER.md,53F8C0BDBA19E2AB4F630A31731FDB2210E19CEF,45,50,LX-MD-0034-IMP-02,IMPLEMENTATION,records/history/archive/semantic/LX-MD-0034-IMP-02_MARKET_DATA_IMPLEMENTATION_LEDGER.md,4D9F2F6A6536D4F44070FA3F933C710599EE0EF4,COVERED_EXACTLY_ONCE
LS-MD-0034,audit/MARKET_DATA_IMPLEMENTATION_LEDGER.md,53F8C0BDBA19E2AB4F630A31731FDB2210E19CEF,51,79,LX-MD-0034-CTX-02,CONTEXT,records/history/archive/semantic/LX-MD-0034-CTX-02_MARKET_DATA_IMPLEMENTATION_LEDGER.md,FCAEB7EFD23F09186BF1176D2762031E9A48B9DF,COVERED_EXACTLY_ONCE
LS-MD-0034,audit/MARKET_DATA_IMPLEMENTATION_LEDGER.md,53F8C0BDBA19E2AB4F630A31731FDB2210E19CEF,80,96,LX-MD-0034-DEC-01,DECISION,records/decisions/legacy/LX-MD-0034-DEC-01_MARKET_DATA_IMPLEMENTATION_LEDGER.md,E63B5A342B7614B8983B2226184354BB7B95F16D,COVERED_EXACTLY_ONCE
LS-MD-0034,audit/MARKET_DATA_IMPLEMENTATION_LEDGER.md,53F8C0BDBA19E2AB4F630A31731FDB2210E19CEF,97,474,LX-MD-0034-CTX-03,CONTEXT,records/history/archive/semantic/LX-MD-0034-CTX-03_MARKET_DATA_IMPLEMENTATION_LEDGER.md,F0ABF98F468A9FB5F7613FCC811504D4FF0E28D8,COVERED_EXACTLY_ONCE
LS-MD-0034,audit/MARKET_DATA_IMPLEMENTATION_LEDGER.md,53F8C0BDBA19E2AB4F630A31731FDB2210E19CEF,475,501,LX-MD-0034-GOV-01,GOVERNANCE,records/history/archive/semantic/LX-MD-0034-GOV-01_MARKET_DATA_IMPLEMENTATION_LEDGER.md,756BDBFCB2BB50725C3B41223125E09ED9428FC0,COVERED_EXACTLY_ONCE
LS-MD-0034,audit/MARKET_DATA_IMPLEMENTATION_LEDGER.md,53F8C0BDBA19E2AB4F630A31731FDB2210E19CEF,502,839,LX-MD-0034-CTX-04,CONTEXT,records/history/archive/semantic/LX-MD-0034-CTX-04_MARKET_DATA_IMPLEMENTATION_LEDGER.md,2E85C2214668457DF13F985A397A8508D756B529,COVERED_EXACTLY_ONCE
LS-MD-0034,audit/MARKET_DATA_IMPLEMENTATION_LEDGER.md,53F8C0BDBA19E2AB4F630A31731FDB2210E19CEF,840,873,LX-MD-0034-FND-01,FINDING,records/history/archive/semantic/LX-MD-0034-FND-01_MARKET_DATA_IMPLEMENTATION_LEDGER.md,2E5BD67242E3ADB1733713D8DEC263A0291DC4AD,COVERED_EXACTLY_ONCE
LS-MD-0034,audit/MARKET_DATA_IMPLEMENTATION_LEDGER.md,53F8C0BDBA19E2AB4F630A31731FDB2210E19CEF,874,1297,LX-MD-0034-CTX-05,CONTEXT,records/history/archive/semantic/LX-MD-0034-CTX-05_MARKET_DATA_IMPLEMENTATION_LEDGER.md,4868F907CB00B3972A404006C489B5F39B5C35FA,COVERED_EXACTLY_ONCE
LS-MD-0034,audit/MARKET_DATA_IMPLEMENTATION_LEDGER.md,53F8C0BDBA19E2AB4F630A31731FDB2210E19CEF,1298,1335,LX-MD-0034-EVD-01,EVIDENCE,records/evidence/legacy/semantic/LX-MD-0034-EVD-01_MARKET_DATA_IMPLEMENTATION_LEDGER.md,8843C2D6EDF7C7385313CA87C4C2A60699A9B1D7,COVERED_EXACTLY_ONCE
LS-MD-0034,audit/MARKET_DATA_IMPLEMENTATION_LEDGER.md,53F8C0BDBA19E2AB4F630A31731FDB2210E19CEF,1336,1610,LX-MD-0034-CTX-06,CONTEXT,records/history/archive/semantic/LX-MD-0034-CTX-06_MARKET_DATA_IMPLEMENTATION_LEDGER.md,ED33F8871ADFC86078AE26906AF3218840268927,COVERED_EXACTLY_ONCE
LS-MD-0034,audit/MARKET_DATA_IMPLEMENTATION_LEDGER.md,53F8C0BDBA19E2AB4F630A31731FDB2210E19CEF,1611,1625,LX-MD-0034-FND-02,FINDING,records/history/archive/semantic/LX-MD-0034-FND-02_MARKET_DATA_IMPLEMENTATION_LEDGER.md,58C9C804B23C12FB426FA33C9EF2534CC4871A4E,COVERED_EXACTLY_ONCE
LS-MD-0034,audit/MARKET_DATA_IMPLEMENTATION_LEDGER.md,53F8C0BDBA19E2AB4F630A31731FDB2210E19CEF,1626,1640,LX-MD-0034-CTX-07,CONTEXT,records/history/archive/semantic/LX-MD-0034-CTX-07_MARKET_DATA_IMPLEMENTATION_LEDGER.md,1F7EC9EE162FFBE0F50E96DD61BF67AC8199EAC5,COVERED_EXACTLY_ONCE
LS-MD-0034,audit/MARKET_DATA_IMPLEMENTATION_LEDGER.md,53F8C0BDBA19E2AB4F630A31731FDB2210E19CEF,1641,1650,LX-MD-0034-GOV-02,GOVERNANCE,records/history/archive/semantic/LX-MD-0034-GOV-02_MARKET_DATA_IMPLEMENTATION_LEDGER.md,D513922C65E55ACE68DD43F45C0563DF742C1FEE,COVERED_EXACTLY_ONCE
LS-MD-0034,audit/MARKET_DATA_IMPLEMENTATION_LEDGER.md,53F8C0BDBA19E2AB4F630A31731FDB2210E19CEF,1651,1657,LX-MD-0034-IMP-03,IMPLEMENTATION,records/history/archive/semantic/LX-MD-0034-IMP-03_MARKET_DATA_IMPLEMENTATION_LEDGER.md,83891AB3D9C13D0F9F72A245E2155E62C123A1A0,COVERED_EXACTLY_ONCE
LS-MD-0034,audit/MARKET_DATA_IMPLEMENTATION_LEDGER.md,53F8C0BDBA19E2AB4F630A31731FDB2210E19CEF,1658,1890,LX-MD-0034-CTX-08,CONTEXT,records/history/archive/semantic/LX-MD-0034-CTX-08_MARKET_DATA_IMPLEMENTATION_LEDGER.md,A2EFC2EFA1342D96CE9DC55D5E56A749A7DD40EC,COVERED_EXACTLY_ONCE
LS-MD-0034,audit/MARKET_DATA_IMPLEMENTATION_LEDGER.md,53F8C0BDBA19E2AB4F630A31731FDB2210E19CEF,1891,1914,LX-MD-0034-EVD-02,EVIDENCE,records/evidence/legacy/semantic/LX-MD-0034-EVD-02_MARKET_DATA_IMPLEMENTATION_LEDGER.md,99F797AFDF5173D8B0DEFCF4BDAE894E6839E287,COVERED_EXACTLY_ONCE
LS-MD-0034,audit/MARKET_DATA_IMPLEMENTATION_LEDGER.md,53F8C0BDBA19E2AB4F630A31731FDB2210E19CEF,1915,3183,LX-MD-0034-CTX-09,CONTEXT,records/history/archive/semantic/LX-MD-0034-CTX-09_MARKET_DATA_IMPLEMENTATION_LEDGER.md,5DC328BB5D8F457D1D6D80F2CDA10F5775DC513A,COVERED_EXACTLY_ONCE
LS-MD-0035,audit/MARKET_DATA_PRODUCTION_PROOF_PACK.md,9D1E95DE0523A6EFF6B7E31DF54056B51CB33F26,1,16,LX-MD-0035-EVD-01,EVIDENCE,records/evidence/legacy/semantic/LX-MD-0035-EVD-01_MARKET_DATA_PRODUCTION_PROOF_PACK.md,10EE8D29C8E5896C53D5FA9B0E6D78455DE8B852,COVERED_EXACTLY_ONCE
LS-MD-0035,audit/MARKET_DATA_PRODUCTION_PROOF_PACK.md,9D1E95DE0523A6EFF6B7E31DF54056B51CB33F26,17,37,LX-MD-0035-GOV-01,GOVERNANCE,records/history/archive/semantic/LX-MD-0035-GOV-01_MARKET_DATA_PRODUCTION_PROOF_PACK.md,5ACC42A5D42F72F2B1162E5EFC0F069D390F9B7A,COVERED_EXACTLY_ONCE
LS-MD-0035,audit/MARKET_DATA_PRODUCTION_PROOF_PACK.md,9D1E95DE0523A6EFF6B7E31DF54056B51CB33F26,38,136,LX-MD-0035-EVD-02,EVIDENCE,records/evidence/legacy/semantic/LX-MD-0035-EVD-02_MARKET_DATA_PRODUCTION_PROOF_PACK.md,9CAC54B5DC45DC4210C03651085EAF874C4E8BF9,COVERED_EXACTLY_ONCE
LS-MD-0035,audit/MARKET_DATA_PRODUCTION_PROOF_PACK.md,9D1E95DE0523A6EFF6B7E31DF54056B51CB33F26,137,147,LX-MD-0035-IMP-01,IMPLEMENTATION,records/history/archive/semantic/LX-MD-0035-IMP-01_MARKET_DATA_PRODUCTION_PROOF_PACK.md,F46EDA92AB63B713947F2816FB716BEA414C2C23,COVERED_EXACTLY_ONCE
LS-MD-0035,audit/MARKET_DATA_PRODUCTION_PROOF_PACK.md,9D1E95DE0523A6EFF6B7E31DF54056B51CB33F26,148,245,LX-MD-0035-EVD-03,EVIDENCE,records/evidence/legacy/semantic/LX-MD-0035-EVD-03_MARKET_DATA_PRODUCTION_PROOF_PACK.md,AA016DED43CE5EEDA27634ADE30E6E6F88384897,COVERED_EXACTLY_ONCE
LS-MD-0035,audit/MARKET_DATA_PRODUCTION_PROOF_PACK.md,9D1E95DE0523A6EFF6B7E31DF54056B51CB33F26,246,253,LX-MD-0035-FND-01,FINDING,records/history/archive/semantic/LX-MD-0035-FND-01_MARKET_DATA_PRODUCTION_PROOF_PACK.md,F506764F4B668855D704E0376A16993E9B199585,COVERED_EXACTLY_ONCE
LS-MD-0035,audit/MARKET_DATA_PRODUCTION_PROOF_PACK.md,9D1E95DE0523A6EFF6B7E31DF54056B51CB33F26,254,262,LX-MD-0035-DEC-01,DECISION,records/decisions/legacy/LX-MD-0035-DEC-01_MARKET_DATA_PRODUCTION_PROOF_PACK.md,3F232A6E3A328CB9A502FDD12C9F13D021F431A7,COVERED_EXACTLY_ONCE
LS-MD-0035,audit/MARKET_DATA_PRODUCTION_PROOF_PACK.md,9D1E95DE0523A6EFF6B7E31DF54056B51CB33F26,263,305,LX-MD-0035-EVD-04,EVIDENCE,records/evidence/legacy/semantic/LX-MD-0035-EVD-04_MARKET_DATA_PRODUCTION_PROOF_PACK.md,0A87EF878468A8F1B06C67CDFB5E43481DCC1E61,COVERED_EXACTLY_ONCE
LS-MD-0035,audit/MARKET_DATA_PRODUCTION_PROOF_PACK.md,9D1E95DE0523A6EFF6B7E31DF54056B51CB33F26,306,340,LX-MD-0035-IMP-02,IMPLEMENTATION,records/history/archive/semantic/LX-MD-0035-IMP-02_MARKET_DATA_PRODUCTION_PROOF_PACK.md,D8937F904FB2B31A8AA6B91CF9DF230102D7867B,COVERED_EXACTLY_ONCE
LS-MD-0035,audit/MARKET_DATA_PRODUCTION_PROOF_PACK.md,9D1E95DE0523A6EFF6B7E31DF54056B51CB33F26,341,373,LX-MD-0035-EVD-05,EVIDENCE,records/evidence/legacy/semantic/LX-MD-0035-EVD-05_MARKET_DATA_PRODUCTION_PROOF_PACK.md,90C02B2C94E4E763BD80B5CE25927F5120D470A7,COVERED_EXACTLY_ONCE
LS-MD-0035,audit/MARKET_DATA_PRODUCTION_PROOF_PACK.md,9D1E95DE0523A6EFF6B7E31DF54056B51CB33F26,374,399,LX-MD-0035-RES-01,RESEARCH,records/history/archive/semantic/LX-MD-0035-RES-01_MARKET_DATA_PRODUCTION_PROOF_PACK.md,DFF4A1A3292C0DE126DE936C7C715FDD148AE1C8,COVERED_EXACTLY_ONCE
LS-MD-0035,audit/MARKET_DATA_PRODUCTION_PROOF_PACK.md,9D1E95DE0523A6EFF6B7E31DF54056B51CB33F26,400,419,LX-MD-0035-EVD-06,EVIDENCE,records/evidence/legacy/semantic/LX-MD-0035-EVD-06_MARKET_DATA_PRODUCTION_PROOF_PACK.md,000857E9236D20D867FC8B8AEBFB57337214499D,COVERED_EXACTLY_ONCE
LS-MD-0035,audit/MARKET_DATA_PRODUCTION_PROOF_PACK.md,9D1E95DE0523A6EFF6B7E31DF54056B51CB33F26,420,489,LX-MD-0035-CTX-01,CONTEXT,records/history/archive/semantic/LX-MD-0035-CTX-01_MARKET_DATA_PRODUCTION_PROOF_PACK.md,28BC2363514C9A17F9D48FF31D53903A2E2186D1,COVERED_EXACTLY_ONCE
LS-MD-0035,audit/MARKET_DATA_PRODUCTION_PROOF_PACK.md,9D1E95DE0523A6EFF6B7E31DF54056B51CB33F26,490,564,LX-MD-0035-EVD-07,EVIDENCE,records/evidence/legacy/semantic/LX-MD-0035-EVD-07_MARKET_DATA_PRODUCTION_PROOF_PACK.md,B82CA24A05D6EA05175C26694B16D42B2A88FAAF,COVERED_EXACTLY_ONCE
LS-MD-0035,audit/MARKET_DATA_PRODUCTION_PROOF_PACK.md,9D1E95DE0523A6EFF6B7E31DF54056B51CB33F26,565,607,LX-MD-0035-CTX-02,CONTEXT,records/history/archive/semantic/LX-MD-0035-CTX-02_MARKET_DATA_PRODUCTION_PROOF_PACK.md,BCF730793027404348E45C033D56918D63277410,COVERED_EXACTLY_ONCE
LS-MD-0035,audit/MARKET_DATA_PRODUCTION_PROOF_PACK.md,9D1E95DE0523A6EFF6B7E31DF54056B51CB33F26,608,632,LX-MD-0035-RES-02,RESEARCH,records/history/archive/semantic/LX-MD-0035-RES-02_MARKET_DATA_PRODUCTION_PROOF_PACK.md,51737BE70200B52A0953477B12C1C5AA773DF120,COVERED_EXACTLY_ONCE
LS-MD-0035,audit/MARKET_DATA_PRODUCTION_PROOF_PACK.md,9D1E95DE0523A6EFF6B7E31DF54056B51CB33F26,633,689,LX-MD-0035-CTX-03,CONTEXT,records/history/archive/semantic/LX-MD-0035-CTX-03_MARKET_DATA_PRODUCTION_PROOF_PACK.md,461BE8ECB468CA730BDE97EAFF81AA0AC4CAD557,COVERED_EXACTLY_ONCE
LS-MD-0035,audit/MARKET_DATA_PRODUCTION_PROOF_PACK.md,9D1E95DE0523A6EFF6B7E31DF54056B51CB33F26,690,713,LX-MD-0035-EVD-08,EVIDENCE,records/evidence/legacy/semantic/LX-MD-0035-EVD-08_MARKET_DATA_PRODUCTION_PROOF_PACK.md,C3296692D3C1786FA6642F6876BADA45088B04D0,COVERED_EXACTLY_ONCE
LS-MD-0035,audit/MARKET_DATA_PRODUCTION_PROOF_PACK.md,9D1E95DE0523A6EFF6B7E31DF54056B51CB33F26,714,764,LX-MD-0035-FND-02,FINDING,records/history/archive/semantic/LX-MD-0035-FND-02_MARKET_DATA_PRODUCTION_PROOF_PACK.md,C61FE4ECBD330C369ABC49FECD612EF463361360,COVERED_EXACTLY_ONCE
LS-MD-0035,audit/MARKET_DATA_PRODUCTION_PROOF_PACK.md,9D1E95DE0523A6EFF6B7E31DF54056B51CB33F26,765,800,LX-MD-0035-RES-03,RESEARCH,records/history/archive/semantic/LX-MD-0035-RES-03_MARKET_DATA_PRODUCTION_PROOF_PACK.md,F905B6DCF3325B276F4878980B86BBAEBAD574B8,COVERED_EXACTLY_ONCE
LS-MD-0035,audit/MARKET_DATA_PRODUCTION_PROOF_PACK.md,9D1E95DE0523A6EFF6B7E31DF54056B51CB33F26,801,932,LX-MD-0035-FND-03,FINDING,records/history/archive/semantic/LX-MD-0035-FND-03_MARKET_DATA_PRODUCTION_PROOF_PACK.md,D270472CC80A1E99739A6F3C8ECDEC69ECD8AF0A,COVERED_EXACTLY_ONCE
LS-MD-0035,audit/MARKET_DATA_PRODUCTION_PROOF_PACK.md,9D1E95DE0523A6EFF6B7E31DF54056B51CB33F26,933,953,LX-MD-0035-CTX-04,CONTEXT,records/history/archive/semantic/LX-MD-0035-CTX-04_MARKET_DATA_PRODUCTION_PROOF_PACK.md,A90208B677B1C3B3D36D436F239BA996CFBF7177,COVERED_EXACTLY_ONCE
LS-MD-0035,audit/MARKET_DATA_PRODUCTION_PROOF_PACK.md,9D1E95DE0523A6EFF6B7E31DF54056B51CB33F26,954,973,LX-MD-0035-EVD-09,EVIDENCE,records/evidence/legacy/semantic/LX-MD-0035-EVD-09_MARKET_DATA_PRODUCTION_PROOF_PACK.md,C72B1DF0881C39F4977E58B82389E64C5D2D34FB,COVERED_EXACTLY_ONCE
LS-MD-0035,audit/MARKET_DATA_PRODUCTION_PROOF_PACK.md,9D1E95DE0523A6EFF6B7E31DF54056B51CB33F26,974,988,LX-MD-0035-CTX-05,CONTEXT,records/history/archive/semantic/LX-MD-0035-CTX-05_MARKET_DATA_PRODUCTION_PROOF_PACK.md,18BF8564A66131AFD0F329503735C6E74697B944,COVERED_EXACTLY_ONCE
LS-MD-0036,audit/OPERATIONAL_READINESS_INVENTORY.md,5052578CFB667B3B0F992126B669430E12EFBA12,1,31,LX-MD-0036-IMP-01,IMPLEMENTATION,records/history/archive/semantic/LX-MD-0036-IMP-01_OPERATIONAL_READINESS_INVENTORY.md,AF6C11F881CA4FD957CCA4D8155A0F6B4926F56E,COVERED_EXACTLY_ONCE
LS-MD-0036,audit/OPERATIONAL_READINESS_INVENTORY.md,5052578CFB667B3B0F992126B669430E12EFBA12,32,35,LX-MD-0036-DEC-01,DECISION,records/decisions/legacy/LX-MD-0036-DEC-01_OPERATIONAL_READINESS_INVENTORY.md,5B1412513C1746EB9E35F8B18E746D0EC8FDFF84,COVERED_EXACTLY_ONCE
LS-MD-0036,audit/OPERATIONAL_READINESS_INVENTORY.md,5052578CFB667B3B0F992126B669430E12EFBA12,36,39,LX-MD-0036-RES-01,RESEARCH,records/history/archive/semantic/LX-MD-0036-RES-01_OPERATIONAL_READINESS_INVENTORY.md,8337371094F4F9646293D07BBCE0EFDD0B330551,COVERED_EXACTLY_ONCE
LS-MD-0036,audit/OPERATIONAL_READINESS_INVENTORY.md,5052578CFB667B3B0F992126B669430E12EFBA12,40,67,LX-MD-0036-EVD-01,EVIDENCE,records/evidence/legacy/semantic/LX-MD-0036-EVD-01_OPERATIONAL_READINESS_INVENTORY.md,C1FAC19C3B7058B68077A5E325FB00F5FEB3321C,COVERED_EXACTLY_ONCE
LS-MD-0036,audit/OPERATIONAL_READINESS_INVENTORY.md,5052578CFB667B3B0F992126B669430E12EFBA12,68,73,LX-MD-0036-CTX-01,CONTEXT,records/history/archive/semantic/LX-MD-0036-CTX-01_OPERATIONAL_READINESS_INVENTORY.md,0E6E2541F21B9E0DDB8123A357DFA064066848E2,COVERED_EXACTLY_ONCE
LS-MD-0037,audit/OPS_COMMAND_SURFACE_RUNTIME_MATRIX_INVENTORY.md,D6E40A3FC4141C4D0798627BD21A5F34418206F8,1,12,LX-MD-0037-IMP-01,IMPLEMENTATION,records/history/archive/semantic/LX-MD-0037-IMP-01_OPS_COMMAND_SURFACE_RUNTIME_MATRIX_INVENTORY.md,95DFD915C87E7F3450346793A25FDE49197D145C,COVERED_EXACTLY_ONCE
LS-MD-0037,audit/OPS_COMMAND_SURFACE_RUNTIME_MATRIX_INVENTORY.md,D6E40A3FC4141C4D0798627BD21A5F34418206F8,13,24,LX-MD-0037-CTX-01,CONTEXT,records/history/archive/semantic/LX-MD-0037-CTX-01_OPS_COMMAND_SURFACE_RUNTIME_MATRIX_INVENTORY.md,0F8873CB8A67CD1D9007598E8745A3B2D90255A4,COVERED_EXACTLY_ONCE
LS-MD-0037,audit/OPS_COMMAND_SURFACE_RUNTIME_MATRIX_INVENTORY.md,D6E40A3FC4141C4D0798627BD21A5F34418206F8,25,35,LX-MD-0037-DEC-01,DECISION,records/decisions/legacy/LX-MD-0037-DEC-01_OPS_COMMAND_SURFACE_RUNTIME_MATRIX_INVENTORY.md,936D8C2A153256D0522FA28C8C950EE66B74645E,COVERED_EXACTLY_ONCE
LS-MD-0037,audit/OPS_COMMAND_SURFACE_RUNTIME_MATRIX_INVENTORY.md,D6E40A3FC4141C4D0798627BD21A5F34418206F8,36,73,LX-MD-0037-EVD-01,EVIDENCE,records/evidence/legacy/semantic/LX-MD-0037-EVD-01_OPS_COMMAND_SURFACE_RUNTIME_MATRIX_INVENTORY.md,4A8136B48EA798982B2067B1F62BF7401E6886DD,COVERED_EXACTLY_ONCE
LS-MD-0037,audit/OPS_COMMAND_SURFACE_RUNTIME_MATRIX_INVENTORY.md,D6E40A3FC4141C4D0798627BD21A5F34418206F8,74,115,LX-MD-0037-CTX-02,CONTEXT,records/history/archive/semantic/LX-MD-0037-CTX-02_OPS_COMMAND_SURFACE_RUNTIME_MATRIX_INVENTORY.md,8D1CC5B28E685BDFD304C675CB009E0730D00194,COVERED_EXACTLY_ONCE
LS-MD-0037,audit/OPS_COMMAND_SURFACE_RUNTIME_MATRIX_INVENTORY.md,D6E40A3FC4141C4D0798627BD21A5F34418206F8,116,151,LX-MD-0037-EVD-02,EVIDENCE,records/evidence/legacy/semantic/LX-MD-0037-EVD-02_OPS_COMMAND_SURFACE_RUNTIME_MATRIX_INVENTORY.md,B175679CE350FED6202A349CF103E3ED37AA9809,COVERED_EXACTLY_ONCE
LS-MD-0037,audit/OPS_COMMAND_SURFACE_RUNTIME_MATRIX_INVENTORY.md,D6E40A3FC4141C4D0798627BD21A5F34418206F8,152,244,LX-MD-0037-CTX-03,CONTEXT,records/history/archive/semantic/LX-MD-0037-CTX-03_OPS_COMMAND_SURFACE_RUNTIME_MATRIX_INVENTORY.md,DA1CE997E79E56C863DD4357AD2F228533714388,COVERED_EXACTLY_ONCE
LS-MD-0037,audit/OPS_COMMAND_SURFACE_RUNTIME_MATRIX_INVENTORY.md,D6E40A3FC4141C4D0798627BD21A5F34418206F8,245,253,LX-MD-0037-IMP-02,IMPLEMENTATION,records/history/archive/semantic/LX-MD-0037-IMP-02_OPS_COMMAND_SURFACE_RUNTIME_MATRIX_INVENTORY.md,F92FEB389BE9FF3C40EADCD04B9B1527A17AA887,COVERED_EXACTLY_ONCE
LS-MD-0037,audit/OPS_COMMAND_SURFACE_RUNTIME_MATRIX_INVENTORY.md,D6E40A3FC4141C4D0798627BD21A5F34418206F8,254,276,LX-MD-0037-EVD-03,EVIDENCE,records/evidence/legacy/semantic/LX-MD-0037-EVD-03_OPS_COMMAND_SURFACE_RUNTIME_MATRIX_INVENTORY.md,5A94964E38DDC45514BE62E721540CC9403152F7,COVERED_EXACTLY_ONCE
LS-MD-0037,audit/OPS_COMMAND_SURFACE_RUNTIME_MATRIX_INVENTORY.md,D6E40A3FC4141C4D0798627BD21A5F34418206F8,277,294,LX-MD-0037-CTX-04,CONTEXT,records/history/archive/semantic/LX-MD-0037-CTX-04_OPS_COMMAND_SURFACE_RUNTIME_MATRIX_INVENTORY.md,1FBA5B586A11E6AE2BF3F2662CBD5DC8CFAB396A,COVERED_EXACTLY_ONCE
LS-MD-0037,audit/OPS_COMMAND_SURFACE_RUNTIME_MATRIX_INVENTORY.md,D6E40A3FC4141C4D0798627BD21A5F34418206F8,295,324,LX-MD-0037-RES-01,RESEARCH,records/history/archive/semantic/LX-MD-0037-RES-01_OPS_COMMAND_SURFACE_RUNTIME_MATRIX_INVENTORY.md,A1AAA6F40337FA25D6B59AA5BE39C69CA06F94F0,COVERED_EXACTLY_ONCE
LS-MD-0037,audit/OPS_COMMAND_SURFACE_RUNTIME_MATRIX_INVENTORY.md,D6E40A3FC4141C4D0798627BD21A5F34418206F8,325,348,LX-MD-0037-EVD-04,EVIDENCE,records/evidence/legacy/semantic/LX-MD-0037-EVD-04_OPS_COMMAND_SURFACE_RUNTIME_MATRIX_INVENTORY.md,C3296692D3C1786FA6642F6876BADA45088B04D0,COVERED_EXACTLY_ONCE
LS-MD-0037,audit/OPS_COMMAND_SURFACE_RUNTIME_MATRIX_INVENTORY.md,D6E40A3FC4141C4D0798627BD21A5F34418206F8,349,403,LX-MD-0037-FND-01,FINDING,records/history/archive/semantic/LX-MD-0037-FND-01_OPS_COMMAND_SURFACE_RUNTIME_MATRIX_INVENTORY.md,0C2D55FBA480B495EC96792B788E44E4AEBC7CE1,COVERED_EXACTLY_ONCE
LS-MD-0037,audit/OPS_COMMAND_SURFACE_RUNTIME_MATRIX_INVENTORY.md,D6E40A3FC4141C4D0798627BD21A5F34418206F8,404,437,LX-MD-0037-CTX-05,CONTEXT,records/history/archive/semantic/LX-MD-0037-CTX-05_OPS_COMMAND_SURFACE_RUNTIME_MATRIX_INVENTORY.md,C818BB544B12760788A319C98510625FCFD32E20,COVERED_EXACTLY_ONCE
LS-MD-0038,audit/OPS_ENVIRONMENT_BASELINE_INVENTORY.md,C4C8EC75AF93028E3F6AEFEF6E52E82B376969D5,1,17,LX-MD-0038-IMP-01,IMPLEMENTATION,records/history/archive/semantic/LX-MD-0038-IMP-01_OPS_ENVIRONMENT_BASELINE_INVENTORY.md,F629D15FC0E2D10FCAAE431BFE253B3646515A98,COVERED_EXACTLY_ONCE
LS-MD-0038,audit/OPS_ENVIRONMENT_BASELINE_INVENTORY.md,C4C8EC75AF93028E3F6AEFEF6E52E82B376969D5,18,36,LX-MD-0038-GOV-01,GOVERNANCE,records/history/archive/semantic/LX-MD-0038-GOV-01_OPS_ENVIRONMENT_BASELINE_INVENTORY.md,ADB0BE2AD446D65B285DE953898DC05656F664E7,COVERED_EXACTLY_ONCE
LS-MD-0038,audit/OPS_ENVIRONMENT_BASELINE_INVENTORY.md,C4C8EC75AF93028E3F6AEFEF6E52E82B376969D5,37,51,LX-MD-0038-CTX-01,CONTEXT,records/history/archive/semantic/LX-MD-0038-CTX-01_OPS_ENVIRONMENT_BASELINE_INVENTORY.md,B98B3839FB696E2930B0C6DFFD86FBFAD79099D8,COVERED_EXACTLY_ONCE
LS-MD-0038,audit/OPS_ENVIRONMENT_BASELINE_INVENTORY.md,C4C8EC75AF93028E3F6AEFEF6E52E82B376969D5,52,76,LX-MD-0038-IMP-02,IMPLEMENTATION,records/history/archive/semantic/LX-MD-0038-IMP-02_OPS_ENVIRONMENT_BASELINE_INVENTORY.md,C31DF72A097845F8DEB4CBE10C4630AD67462C37,COVERED_EXACTLY_ONCE
LS-MD-0038,audit/OPS_ENVIRONMENT_BASELINE_INVENTORY.md,C4C8EC75AF93028E3F6AEFEF6E52E82B376969D5,77,85,LX-MD-0038-DEC-01,DECISION,records/decisions/legacy/LX-MD-0038-DEC-01_OPS_ENVIRONMENT_BASELINE_INVENTORY.md,9D52D153B0C13286E574A1871871DB3F923B3F74,COVERED_EXACTLY_ONCE
LS-MD-0038,audit/OPS_ENVIRONMENT_BASELINE_INVENTORY.md,C4C8EC75AF93028E3F6AEFEF6E52E82B376969D5,86,147,LX-MD-0038-EVD-01,EVIDENCE,records/evidence/legacy/semantic/LX-MD-0038-EVD-01_OPS_ENVIRONMENT_BASELINE_INVENTORY.md,EEBE6BC50E9647404A84C5FFDA90C03257A90230,COVERED_EXACTLY_ONCE
LS-MD-0038,audit/OPS_ENVIRONMENT_BASELINE_INVENTORY.md,C4C8EC75AF93028E3F6AEFEF6E52E82B376969D5,148,156,LX-MD-0038-DEC-02,DECISION,records/decisions/legacy/LX-MD-0038-DEC-02_OPS_ENVIRONMENT_BASELINE_INVENTORY.md,C3C26A0996962579FEFB201FE681AE06678EC4E2,COVERED_EXACTLY_ONCE
LS-MD-0038,audit/OPS_ENVIRONMENT_BASELINE_INVENTORY.md,C4C8EC75AF93028E3F6AEFEF6E52E82B376969D5,157,243,LX-MD-0038-CTX-02,CONTEXT,records/history/archive/semantic/LX-MD-0038-CTX-02_OPS_ENVIRONMENT_BASELINE_INVENTORY.md,78DA0A49FDC74E9571312E6F796BF1A52D82FF10,COVERED_EXACTLY_ONCE
LS-MD-0038,audit/OPS_ENVIRONMENT_BASELINE_INVENTORY.md,C4C8EC75AF93028E3F6AEFEF6E52E82B376969D5,244,255,LX-MD-0038-RES-01,RESEARCH,records/history/archive/semantic/LX-MD-0038-RES-01_OPS_ENVIRONMENT_BASELINE_INVENTORY.md,4F8C59914B4234A1B7BB715016A24AFDB636D049,COVERED_EXACTLY_ONCE
LS-MD-0038,audit/OPS_ENVIRONMENT_BASELINE_INVENTORY.md,C4C8EC75AF93028E3F6AEFEF6E52E82B376969D5,256,275,LX-MD-0038-EVD-02,EVIDENCE,records/evidence/legacy/semantic/LX-MD-0038-EVD-02_OPS_ENVIRONMENT_BASELINE_INVENTORY.md,000857E9236D20D867FC8B8AEBFB57337214499D,COVERED_EXACTLY_ONCE
LS-MD-0038,audit/OPS_ENVIRONMENT_BASELINE_INVENTORY.md,C4C8EC75AF93028E3F6AEFEF6E52E82B376969D5,276,344,LX-MD-0038-CTX-03,CONTEXT,records/history/archive/semantic/LX-MD-0038-CTX-03_OPS_ENVIRONMENT_BASELINE_INVENTORY.md,6561D9E5AC74096DF55177B6F62ECAA45F399E0D,COVERED_EXACTLY_ONCE
LS-MD-0038,audit/OPS_ENVIRONMENT_BASELINE_INVENTORY.md,C4C8EC75AF93028E3F6AEFEF6E52E82B376969D5,345,405,LX-MD-0038-EVD-03,EVIDENCE,records/evidence/legacy/semantic/LX-MD-0038-EVD-03_OPS_ENVIRONMENT_BASELINE_INVENTORY.md,2975054073632D500C8F86C770F1BA6D88880AAF,COVERED_EXACTLY_ONCE
LS-MD-0038,audit/OPS_ENVIRONMENT_BASELINE_INVENTORY.md,C4C8EC75AF93028E3F6AEFEF6E52E82B376969D5,406,498,LX-MD-0038-CTX-04,CONTEXT,records/history/archive/semantic/LX-MD-0038-CTX-04_OPS_ENVIRONMENT_BASELINE_INVENTORY.md,06B3B8022EEA8ED92A27FBF61FF096A98891D003,COVERED_EXACTLY_ONCE
LS-MD-0038,audit/OPS_ENVIRONMENT_BASELINE_INVENTORY.md,C4C8EC75AF93028E3F6AEFEF6E52E82B376969D5,499,522,LX-MD-0038-EVD-04,EVIDENCE,records/evidence/legacy/semantic/LX-MD-0038-EVD-04_OPS_ENVIRONMENT_BASELINE_INVENTORY.md,C3296692D3C1786FA6642F6876BADA45088B04D0,COVERED_EXACTLY_ONCE
LS-MD-0038,audit/OPS_ENVIRONMENT_BASELINE_INVENTORY.md,C4C8EC75AF93028E3F6AEFEF6E52E82B376969D5,523,711,LX-MD-0038-FND-01,FINDING,records/history/archive/semantic/LX-MD-0038-FND-01_OPS_ENVIRONMENT_BASELINE_INVENTORY.md,80553705053618DB5E516D1D50D7444E47B7C8F8,COVERED_EXACTLY_ONCE
LS-MD-0038,audit/OPS_ENVIRONMENT_BASELINE_INVENTORY.md,C4C8EC75AF93028E3F6AEFEF6E52E82B376969D5,712,729,LX-MD-0038-EVD-05,EVIDENCE,records/evidence/legacy/semantic/LX-MD-0038-EVD-05_OPS_ENVIRONMENT_BASELINE_INVENTORY.md,E0F2A1B4DF032E3AD8CC459E9F92478F20728B0E,COVERED_EXACTLY_ONCE
LS-MD-0039,audit/PRODUCTION_VALIDATION_INVENTORY.md,A8D8B95268BF27AB2D2EE5D169FEE87AFCAF4EB7,1,41,LX-MD-0039-EVD-01,EVIDENCE,records/evidence/legacy/semantic/LX-MD-0039-EVD-01_PRODUCTION_VALIDATION_INVENTORY.md,E5177021D4112BF01F3DA570F848B7A459E20A26,COVERED_EXACTLY_ONCE
LS-MD-0039,audit/PRODUCTION_VALIDATION_INVENTORY.md,A8D8B95268BF27AB2D2EE5D169FEE87AFCAF4EB7,42,62,LX-MD-0039-FND-01,FINDING,records/history/archive/semantic/LX-MD-0039-FND-01_PRODUCTION_VALIDATION_INVENTORY.md,5461311D1CF82FE704B86E67424E96EB9820F80A,COVERED_EXACTLY_ONCE
LS-MD-0039,audit/PRODUCTION_VALIDATION_INVENTORY.md,A8D8B95268BF27AB2D2EE5D169FEE87AFCAF4EB7,63,239,LX-MD-0039-EVD-02,EVIDENCE,records/evidence/legacy/semantic/LX-MD-0039-EVD-02_PRODUCTION_VALIDATION_INVENTORY.md,3BC71BB715D4F538EC0BBE45CF26C4CE87C1729B,COVERED_EXACTLY_ONCE
LS-MD-0039,audit/PRODUCTION_VALIDATION_INVENTORY.md,A8D8B95268BF27AB2D2EE5D169FEE87AFCAF4EB7,240,257,LX-MD-0039-FND-02,FINDING,records/history/archive/semantic/LX-MD-0039-FND-02_PRODUCTION_VALIDATION_INVENTORY.md,3AB4596DEF3060B574EAA0FB5F1566B9EBBC7DCF,COVERED_EXACTLY_ONCE
LS-MD-0039,audit/PRODUCTION_VALIDATION_INVENTORY.md,A8D8B95268BF27AB2D2EE5D169FEE87AFCAF4EB7,258,268,LX-MD-0039-GOV-01,GOVERNANCE,records/history/archive/semantic/LX-MD-0039-GOV-01_PRODUCTION_VALIDATION_INVENTORY.md,35580F09C734F0E399218B082D052913701D82D7,COVERED_EXACTLY_ONCE
LS-MD-0039,audit/PRODUCTION_VALIDATION_INVENTORY.md,A8D8B95268BF27AB2D2EE5D169FEE87AFCAF4EB7,269,304,LX-MD-0039-EVD-03,EVIDENCE,records/evidence/legacy/semantic/LX-MD-0039-EVD-03_PRODUCTION_VALIDATION_INVENTORY.md,F2D8C362E42C7D377BF040C6BBFDFD4379A6239E,COVERED_EXACTLY_ONCE
LS-MD-0039,audit/PRODUCTION_VALIDATION_INVENTORY.md,A8D8B95268BF27AB2D2EE5D169FEE87AFCAF4EB7,305,328,LX-MD-0039-RES-01,RESEARCH,records/history/archive/semantic/LX-MD-0039-RES-01_PRODUCTION_VALIDATION_INVENTORY.md,E8F86D1DDA90887023582A7318E4DBE80627F952,COVERED_EXACTLY_ONCE
LS-MD-0039,audit/PRODUCTION_VALIDATION_INVENTORY.md,A8D8B95268BF27AB2D2EE5D169FEE87AFCAF4EB7,329,332,LX-MD-0039-DEC-01,DECISION,records/decisions/legacy/LX-MD-0039-DEC-01_PRODUCTION_VALIDATION_INVENTORY.md,6602C429E094F7C04A59E02415F890C06D15F449,COVERED_EXACTLY_ONCE
LS-MD-0039,audit/PRODUCTION_VALIDATION_INVENTORY.md,A8D8B95268BF27AB2D2EE5D169FEE87AFCAF4EB7,333,390,LX-MD-0039-IMP-01,IMPLEMENTATION,records/history/archive/semantic/LX-MD-0039-IMP-01_PRODUCTION_VALIDATION_INVENTORY.md,C2F8BFF1AB30998BB0C6368DDF58D56D7C701E93,COVERED_EXACTLY_ONCE
LS-MD-0039,audit/PRODUCTION_VALIDATION_INVENTORY.md,A8D8B95268BF27AB2D2EE5D169FEE87AFCAF4EB7,391,450,LX-MD-0039-CTX-01,CONTEXT,records/history/archive/semantic/LX-MD-0039-CTX-01_PRODUCTION_VALIDATION_INVENTORY.md,72DB4C8D0B198B618C4BA5B37A7CC35DBEA916CF,COVERED_EXACTLY_ONCE
LS-MD-0039,audit/PRODUCTION_VALIDATION_INVENTORY.md,A8D8B95268BF27AB2D2EE5D169FEE87AFCAF4EB7,451,498,LX-MD-0039-EVD-04,EVIDENCE,records/evidence/legacy/semantic/LX-MD-0039-EVD-04_PRODUCTION_VALIDATION_INVENTORY.md,B8A6AE3C9BE0F5DCCF8B4574B72B0830C2C20A80,COVERED_EXACTLY_ONCE
LS-MD-0039,audit/PRODUCTION_VALIDATION_INVENTORY.md,A8D8B95268BF27AB2D2EE5D169FEE87AFCAF4EB7,499,542,LX-MD-0039-IMP-02,IMPLEMENTATION,records/history/archive/semantic/LX-MD-0039-IMP-02_PRODUCTION_VALIDATION_INVENTORY.md,756DCC91D161BE39754D803E25D099B0FFCE6AFA,COVERED_EXACTLY_ONCE
LS-MD-0039,audit/PRODUCTION_VALIDATION_INVENTORY.md,A8D8B95268BF27AB2D2EE5D169FEE87AFCAF4EB7,543,587,LX-MD-0039-EVD-05,EVIDENCE,records/evidence/legacy/semantic/LX-MD-0039-EVD-05_PRODUCTION_VALIDATION_INVENTORY.md,53EBE1FF2AEB69DC63A6D48753EE3F83065F26A9,COVERED_EXACTLY_ONCE
LS-MD-0039,audit/PRODUCTION_VALIDATION_INVENTORY.md,A8D8B95268BF27AB2D2EE5D169FEE87AFCAF4EB7,588,604,LX-MD-0039-RES-02,RESEARCH,records/history/archive/semantic/LX-MD-0039-RES-02_PRODUCTION_VALIDATION_INVENTORY.md,62A25EEB9A9711EDCD8B98A0EEE14080FEDB2E58,COVERED_EXACTLY_ONCE
LS-MD-0039,audit/PRODUCTION_VALIDATION_INVENTORY.md,A8D8B95268BF27AB2D2EE5D169FEE87AFCAF4EB7,605,624,LX-MD-0039-EVD-06,EVIDENCE,records/evidence/legacy/semantic/LX-MD-0039-EVD-06_PRODUCTION_VALIDATION_INVENTORY.md,000857E9236D20D867FC8B8AEBFB57337214499D,COVERED_EXACTLY_ONCE
LS-MD-0039,audit/PRODUCTION_VALIDATION_INVENTORY.md,A8D8B95268BF27AB2D2EE5D169FEE87AFCAF4EB7,625,693,LX-MD-0039-CTX-02,CONTEXT,records/history/archive/semantic/LX-MD-0039-CTX-02_PRODUCTION_VALIDATION_INVENTORY.md,89791FAF36964962A5A1FDB4B619154E7B8C05BD,COVERED_EXACTLY_ONCE
LS-MD-0039,audit/PRODUCTION_VALIDATION_INVENTORY.md,A8D8B95268BF27AB2D2EE5D169FEE87AFCAF4EB7,694,760,LX-MD-0039-EVD-07,EVIDENCE,records/evidence/legacy/semantic/LX-MD-0039-EVD-07_PRODUCTION_VALIDATION_INVENTORY.md,8E54571A1DA2B8D97E1576254448F84F5592A6F3,COVERED_EXACTLY_ONCE
LS-MD-0039,audit/PRODUCTION_VALIDATION_INVENTORY.md,A8D8B95268BF27AB2D2EE5D169FEE87AFCAF4EB7,761,855,LX-MD-0039-CTX-03,CONTEXT,records/history/archive/semantic/LX-MD-0039-CTX-03_PRODUCTION_VALIDATION_INVENTORY.md,A357A7EA66AA90921F1EB6199BB46C69DD3E2722,COVERED_EXACTLY_ONCE
LS-MD-0039,audit/PRODUCTION_VALIDATION_INVENTORY.md,A8D8B95268BF27AB2D2EE5D169FEE87AFCAF4EB7,856,879,LX-MD-0039-EVD-08,EVIDENCE,records/evidence/legacy/semantic/LX-MD-0039-EVD-08_PRODUCTION_VALIDATION_INVENTORY.md,C3296692D3C1786FA6642F6876BADA45088B04D0,COVERED_EXACTLY_ONCE
LS-MD-0039,audit/PRODUCTION_VALIDATION_INVENTORY.md,A8D8B95268BF27AB2D2EE5D169FEE87AFCAF4EB7,880,1068,LX-MD-0039-FND-03,FINDING,records/history/archive/semantic/LX-MD-0039-FND-03_PRODUCTION_VALIDATION_INVENTORY.md,80553705053618DB5E516D1D50D7444E47B7C8F8,COVERED_EXACTLY_ONCE
LS-MD-0039,audit/PRODUCTION_VALIDATION_INVENTORY.md,A8D8B95268BF27AB2D2EE5D169FEE87AFCAF4EB7,1069,1088,LX-MD-0039-EVD-09,EVIDENCE,records/evidence/legacy/semantic/LX-MD-0039-EVD-09_PRODUCTION_VALIDATION_INVENTORY.md,641AD66607BEC50F52ED6E80CAEF645B8ED708F1,COVERED_EXACTLY_ONCE
LS-MD-0039,audit/PRODUCTION_VALIDATION_INVENTORY.md,A8D8B95268BF27AB2D2EE5D169FEE87AFCAF4EB7,1089,1105,LX-MD-0039-CTX-04,CONTEXT,records/history/archive/semantic/LX-MD-0039-CTX-04_PRODUCTION_VALIDATION_INVENTORY.md,23B663BBA0A2F1243B70D818D78A3D369BA5FD4D,COVERED_EXACTLY_ONCE
LS-MD-0039,audit/PRODUCTION_VALIDATION_INVENTORY.md,A8D8B95268BF27AB2D2EE5D169FEE87AFCAF4EB7,1106,1110,LX-MD-0039-EVD-10,EVIDENCE,records/evidence/legacy/semantic/LX-MD-0039-EVD-10_PRODUCTION_VALIDATION_INVENTORY.md,5872E6ABCB30052B4E7A7C1C80737B310E42699D,COVERED_EXACTLY_ONCE
LS-MD-0040,audit/READ_SIDE_CONSUMER_SURFACE_FINAL_SWEEP_INVENTORY.md,89C4B1A3A221C2A0F9B52AA735566CF5C0F8B107,1,12,LX-MD-0040-IMP-01,IMPLEMENTATION,records/history/archive/semantic/LX-MD-0040-IMP-01_READ_SIDE_CONSUMER_SURFACE_FINAL_SWEEP_INVENTORY.md,4D539E0D0E0AAFC0DE8FD53E99FA0714BF6BFD29,COVERED_EXACTLY_ONCE
LS-MD-0040,audit/READ_SIDE_CONSUMER_SURFACE_FINAL_SWEEP_INVENTORY.md,89C4B1A3A221C2A0F9B52AA735566CF5C0F8B107,13,34,LX-MD-0040-CTX-01,CONTEXT,records/history/archive/semantic/LX-MD-0040-CTX-01_READ_SIDE_CONSUMER_SURFACE_FINAL_SWEEP_INVENTORY.md,759C7B4B8E1D579056D5ED27EBFFA71498904B20,COVERED_EXACTLY_ONCE
LS-MD-0040,audit/READ_SIDE_CONSUMER_SURFACE_FINAL_SWEEP_INVENTORY.md,89C4B1A3A221C2A0F9B52AA735566CF5C0F8B107,35,42,LX-MD-0040-FND-01,FINDING,records/history/archive/semantic/LX-MD-0040-FND-01_READ_SIDE_CONSUMER_SURFACE_FINAL_SWEEP_INVENTORY.md,695A94DD22C152A3CDB5E11E7FA031A1841BDDF7,COVERED_EXACTLY_ONCE
LS-MD-0040,audit/READ_SIDE_CONSUMER_SURFACE_FINAL_SWEEP_INVENTORY.md,89C4B1A3A221C2A0F9B52AA735566CF5C0F8B107,43,96,LX-MD-0040-CTX-02,CONTEXT,records/history/archive/semantic/LX-MD-0040-CTX-02_READ_SIDE_CONSUMER_SURFACE_FINAL_SWEEP_INVENTORY.md,0D5628140F622B116F317A9A6FD358F50327B10D,COVERED_EXACTLY_ONCE
LS-MD-0040,audit/READ_SIDE_CONSUMER_SURFACE_FINAL_SWEEP_INVENTORY.md,89C4B1A3A221C2A0F9B52AA735566CF5C0F8B107,97,105,LX-MD-0040-IMP-02,IMPLEMENTATION,records/history/archive/semantic/LX-MD-0040-IMP-02_READ_SIDE_CONSUMER_SURFACE_FINAL_SWEEP_INVENTORY.md,18BACB36C8DF3BED50EE51AA7D9470CD6B1E920E,COVERED_EXACTLY_ONCE
LS-MD-0040,audit/READ_SIDE_CONSUMER_SURFACE_FINAL_SWEEP_INVENTORY.md,89C4B1A3A221C2A0F9B52AA735566CF5C0F8B107,106,171,LX-MD-0040-EVD-01,EVIDENCE,records/evidence/legacy/semantic/LX-MD-0040-EVD-01_READ_SIDE_CONSUMER_SURFACE_FINAL_SWEEP_INVENTORY.md,7707656431AA2FF871D3D29FCF1C56C82C12EC08,COVERED_EXACTLY_ONCE
LS-MD-0040,audit/READ_SIDE_CONSUMER_SURFACE_FINAL_SWEEP_INVENTORY.md,89C4B1A3A221C2A0F9B52AA735566CF5C0F8B107,172,181,LX-MD-0040-FND-02,FINDING,records/history/archive/semantic/LX-MD-0040-FND-02_READ_SIDE_CONSUMER_SURFACE_FINAL_SWEEP_INVENTORY.md,FEFF1856383F153AC233C9944C121A1414539114,COVERED_EXACTLY_ONCE
LS-MD-0040,audit/READ_SIDE_CONSUMER_SURFACE_FINAL_SWEEP_INVENTORY.md,89C4B1A3A221C2A0F9B52AA735566CF5C0F8B107,182,245,LX-MD-0040-CTX-03,CONTEXT,records/history/archive/semantic/LX-MD-0040-CTX-03_READ_SIDE_CONSUMER_SURFACE_FINAL_SWEEP_INVENTORY.md,62DBE277D314D1C137872F936C58DD0FE498E902,COVERED_EXACTLY_ONCE
LS-MD-0040,audit/READ_SIDE_CONSUMER_SURFACE_FINAL_SWEEP_INVENTORY.md,89C4B1A3A221C2A0F9B52AA735566CF5C0F8B107,246,269,LX-MD-0040-EVD-02,EVIDENCE,records/evidence/legacy/semantic/LX-MD-0040-EVD-02_READ_SIDE_CONSUMER_SURFACE_FINAL_SWEEP_INVENTORY.md,B3A59B0173D21623DEBF9F357F49FAD00AECC880,COVERED_EXACTLY_ONCE
LS-MD-0040,audit/READ_SIDE_CONSUMER_SURFACE_FINAL_SWEEP_INVENTORY.md,89C4B1A3A221C2A0F9B52AA735566CF5C0F8B107,270,273,LX-MD-0040-FND-03,FINDING,records/history/archive/semantic/LX-MD-0040-FND-03_READ_SIDE_CONSUMER_SURFACE_FINAL_SWEEP_INVENTORY.md,65B230F619FBCD77336739DA3F25E25D7E5E2224,COVERED_EXACTLY_ONCE
LS-MD-0042,audit/REPLAY_DETERMINISM_RUNTIME_PROOF_INVENTORY.md,7E5FB7DE9A03E174497EC8911DE7215EE2F3EEEC,1,7,LX-MD-0042-EVD-01,EVIDENCE,records/evidence/legacy/semantic/LX-MD-0042-EVD-01_REPLAY_DETERMINISM_RUNTIME_PROOF_INVENTORY.md,B2279005818749F7CDA95B836B578F8FEBC291C6,COVERED_EXACTLY_ONCE
LS-MD-0042,audit/REPLAY_DETERMINISM_RUNTIME_PROOF_INVENTORY.md,7E5FB7DE9A03E174497EC8911DE7215EE2F3EEEC,8,13,LX-MD-0042-DEC-01,DECISION,records/decisions/legacy/LX-MD-0042-DEC-01_REPLAY_DETERMINISM_RUNTIME_PROOF_INVENTORY.md,101C7734E81C0D65D52E3938FDE9F735FAF6884C,COVERED_EXACTLY_ONCE
LS-MD-0042,audit/REPLAY_DETERMINISM_RUNTIME_PROOF_INVENTORY.md,7E5FB7DE9A03E174497EC8911DE7215EE2F3EEEC,14,27,LX-MD-0042-EVD-02,EVIDENCE,records/evidence/legacy/semantic/LX-MD-0042-EVD-02_REPLAY_DETERMINISM_RUNTIME_PROOF_INVENTORY.md,1D412D36A03DBC405BD29949F88907E3A94E7344,COVERED_EXACTLY_ONCE
LS-MD-0042,audit/REPLAY_DETERMINISM_RUNTIME_PROOF_INVENTORY.md,7E5FB7DE9A03E174497EC8911DE7215EE2F3EEEC,28,69,LX-MD-0042-CTX-01,CONTEXT,records/history/archive/semantic/LX-MD-0042-CTX-01_REPLAY_DETERMINISM_RUNTIME_PROOF_INVENTORY.md,200BC579F595C5C4ADD800A05DFB8F1CE118D4FF,COVERED_EXACTLY_ONCE
LS-MD-0042,audit/REPLAY_DETERMINISM_RUNTIME_PROOF_INVENTORY.md,7E5FB7DE9A03E174497EC8911DE7215EE2F3EEEC,70,86,LX-MD-0042-EVD-03,EVIDENCE,records/evidence/legacy/semantic/LX-MD-0042-EVD-03_REPLAY_DETERMINISM_RUNTIME_PROOF_INVENTORY.md,8461D17644D431DA861D2CDB2B0A92D110295D16,COVERED_EXACTLY_ONCE
LS-MD-0042,audit/REPLAY_DETERMINISM_RUNTIME_PROOF_INVENTORY.md,7E5FB7DE9A03E174497EC8911DE7215EE2F3EEEC,87,93,LX-MD-0042-FND-01,FINDING,records/history/archive/semantic/LX-MD-0042-FND-01_REPLAY_DETERMINISM_RUNTIME_PROOF_INVENTORY.md,701E2A9957A25214FE633938200151B2A547B966,COVERED_EXACTLY_ONCE
LS-MD-0042,audit/REPLAY_DETERMINISM_RUNTIME_PROOF_INVENTORY.md,7E5FB7DE9A03E174497EC8911DE7215EE2F3EEEC,94,124,LX-MD-0042-EVD-04,EVIDENCE,records/evidence/legacy/semantic/LX-MD-0042-EVD-04_REPLAY_DETERMINISM_RUNTIME_PROOF_INVENTORY.md,464A9D97D30DB39BEDD3046F75382A5AB3AE4DEE,COVERED_EXACTLY_ONCE
LS-MD-0043,audit/REPLAY_HISTORICAL_DETERMINISM_HARDENING_INVENTORY.md,6831E28FEFD55DC99E3BEA0B303AC2A439016C86,1,25,LX-MD-0043-IMP-01,IMPLEMENTATION,records/history/archive/semantic/LX-MD-0043-IMP-01_REPLAY_HISTORICAL_DETERMINISM_HARDENING_INVENTOR.md,3A467B3932005D33787879CC76AC03CD49770098,COVERED_EXACTLY_ONCE
LS-MD-0043,audit/REPLAY_HISTORICAL_DETERMINISM_HARDENING_INVENTORY.md,6831E28FEFD55DC99E3BEA0B303AC2A439016C86,26,53,LX-MD-0043-CTX-01,CONTEXT,records/history/archive/semantic/LX-MD-0043-CTX-01_REPLAY_HISTORICAL_DETERMINISM_HARDENING_INVENTOR.md,649FBAF8C8B08957E75BC13B5E76C53EB219C0C4,COVERED_EXACTLY_ONCE
LS-MD-0043,audit/REPLAY_HISTORICAL_DETERMINISM_HARDENING_INVENTORY.md,6831E28FEFD55DC99E3BEA0B303AC2A439016C86,54,62,LX-MD-0043-GOV-01,GOVERNANCE,records/history/archive/semantic/LX-MD-0043-GOV-01_REPLAY_HISTORICAL_DETERMINISM_HARDENING_INVENTOR.md,A440BBB367CC3AF7F1E28FC30FEF0BEBB30E33D0,COVERED_EXACTLY_ONCE
LS-MD-0043,audit/REPLAY_HISTORICAL_DETERMINISM_HARDENING_INVENTORY.md,6831E28FEFD55DC99E3BEA0B303AC2A439016C86,63,71,LX-MD-0043-EVD-01,EVIDENCE,records/evidence/legacy/semantic/LX-MD-0043-EVD-01_REPLAY_HISTORICAL_DETERMINISM_HARDENING_INVENTOR.md,5825FEF9D32BF8D2F5A7D6CD6E0BCACD665CED9D,COVERED_EXACTLY_ONCE
LS-MD-0043,audit/REPLAY_HISTORICAL_DETERMINISM_HARDENING_INVENTORY.md,6831E28FEFD55DC99E3BEA0B303AC2A439016C86,72,85,LX-MD-0043-CTX-02,CONTEXT,records/history/archive/semantic/LX-MD-0043-CTX-02_REPLAY_HISTORICAL_DETERMINISM_HARDENING_INVENTOR.md,908DF7348FAEFB1E72BBE9935E1587872471A6F7,COVERED_EXACTLY_ONCE
LS-MD-0043,audit/REPLAY_HISTORICAL_DETERMINISM_HARDENING_INVENTORY.md,6831E28FEFD55DC99E3BEA0B303AC2A439016C86,86,94,LX-MD-0043-IMP-02,IMPLEMENTATION,records/history/archive/semantic/LX-MD-0043-IMP-02_REPLAY_HISTORICAL_DETERMINISM_HARDENING_INVENTOR.md,D3EEBAC08BA5792AB173826EDA737EEDDE92780C,COVERED_EXACTLY_ONCE
LS-MD-0043,audit/REPLAY_HISTORICAL_DETERMINISM_HARDENING_INVENTORY.md,6831E28FEFD55DC99E3BEA0B303AC2A439016C86,95,108,LX-MD-0043-EVD-02,EVIDENCE,records/evidence/legacy/semantic/LX-MD-0043-EVD-02_REPLAY_HISTORICAL_DETERMINISM_HARDENING_INVENTOR.md,D4E4B232E48BD4F3841BF2D0BF46FF13ED961710,COVERED_EXACTLY_ONCE
LS-MD-0043,audit/REPLAY_HISTORICAL_DETERMINISM_HARDENING_INVENTORY.md,6831E28FEFD55DC99E3BEA0B303AC2A439016C86,109,119,LX-MD-0043-IMP-03,IMPLEMENTATION,records/history/archive/semantic/LX-MD-0043-IMP-03_REPLAY_HISTORICAL_DETERMINISM_HARDENING_INVENTOR.md,FCE401200A29D9F0D2F234EF56E5834BFD34A84C,COVERED_EXACTLY_ONCE
LS-MD-0044,audit/reports/AUDIT_FINAL_STATE.md,4F88A2D91FB7215D7D64C2F3ACFED4764964CB20,1,40,LX-MD-0044-CTX-01,CONTEXT,records/history/archive/semantic/LX-MD-0044-CTX-01_AUDIT_FINAL_STATE.md,CAFB2BBADB67DE6A1BBED8606D712B21A20E9CF5,COVERED_EXACTLY_ONCE
LS-MD-0044,audit/reports/AUDIT_FINAL_STATE.md,4F88A2D91FB7215D7D64C2F3ACFED4764964CB20,41,83,LX-MD-0044-GOV-01,GOVERNANCE,records/history/archive/semantic/LX-MD-0044-GOV-01_AUDIT_FINAL_STATE.md,CB8457C1B653326A826B3094DF9865214F32213E,COVERED_EXACTLY_ONCE
LS-MD-0044,audit/reports/AUDIT_FINAL_STATE.md,4F88A2D91FB7215D7D64C2F3ACFED4764964CB20,84,117,LX-MD-0044-CTX-02,CONTEXT,records/history/archive/semantic/LX-MD-0044-CTX-02_AUDIT_FINAL_STATE.md,7C67C635B970B2250DA38F0BAA05B7FFAC2755A3,COVERED_EXACTLY_ONCE
LS-MD-0044,audit/reports/AUDIT_FINAL_STATE.md,4F88A2D91FB7215D7D64C2F3ACFED4764964CB20,118,137,LX-MD-0044-RES-01,RESEARCH,records/history/archive/semantic/LX-MD-0044-RES-01_AUDIT_FINAL_STATE.md,1C66A0B5B114E947D89A65E122C62F7C22FFDD67,COVERED_EXACTLY_ONCE
LS-MD-0044,audit/reports/AUDIT_FINAL_STATE.md,4F88A2D91FB7215D7D64C2F3ACFED4764964CB20,138,172,LX-MD-0044-GOV-02,GOVERNANCE,records/history/archive/semantic/LX-MD-0044-GOV-02_AUDIT_FINAL_STATE.md,12A84EB8B348CA0F5344FD9010B8E169D0B7FCB3,COVERED_EXACTLY_ONCE
LS-MD-0044,audit/reports/AUDIT_FINAL_STATE.md,4F88A2D91FB7215D7D64C2F3ACFED4764964CB20,173,221,LX-MD-0044-RES-02,RESEARCH,records/history/archive/semantic/LX-MD-0044-RES-02_AUDIT_FINAL_STATE.md,4A9CE4AA91BE45E09D99423AB9352A961F095CFA,COVERED_EXACTLY_ONCE
LS-MD-0044,audit/reports/AUDIT_FINAL_STATE.md,4F88A2D91FB7215D7D64C2F3ACFED4764964CB20,222,267,LX-MD-0044-CTX-03,CONTEXT,records/history/archive/semantic/LX-MD-0044-CTX-03_AUDIT_FINAL_STATE.md,89A9D4E49B37273DCA7183304975BFEEAA6F2E63,COVERED_EXACTLY_ONCE
LS-MD-0044,audit/reports/AUDIT_FINAL_STATE.md,4F88A2D91FB7215D7D64C2F3ACFED4764964CB20,268,297,LX-MD-0044-RES-03,RESEARCH,records/history/archive/semantic/LX-MD-0044-RES-03_AUDIT_FINAL_STATE.md,59AC42EF06C9C4DF4A3842540DA0B9234902AFE6,COVERED_EXACTLY_ONCE
LS-MD-0044,audit/reports/AUDIT_FINAL_STATE.md,4F88A2D91FB7215D7D64C2F3ACFED4764964CB20,298,408,LX-MD-0044-GOV-03,GOVERNANCE,records/history/archive/semantic/LX-MD-0044-GOV-03_AUDIT_FINAL_STATE.md,795518A8E44EC23E5174B9FA427C9D49E3E23A1C,COVERED_EXACTLY_ONCE
LS-MD-0044,audit/reports/AUDIT_FINAL_STATE.md,4F88A2D91FB7215D7D64C2F3ACFED4764964CB20,409,414,LX-MD-0044-CTX-04,CONTEXT,records/history/archive/semantic/LX-MD-0044-CTX-04_AUDIT_FINAL_STATE.md,5C60FC3DF64BE5A27A145A458E1EB1AF2B18E18B,COVERED_EXACTLY_ONCE
LS-MD-0044,audit/reports/AUDIT_FINAL_STATE.md,4F88A2D91FB7215D7D64C2F3ACFED4764964CB20,415,478,LX-MD-0044-FND-01,FINDING,records/history/archive/semantic/LX-MD-0044-FND-01_AUDIT_FINAL_STATE.md,85997BAB2E255D54AE36E3C00FB6E1E4FB501C98,COVERED_EXACTLY_ONCE
LS-MD-0044,audit/reports/AUDIT_FINAL_STATE.md,4F88A2D91FB7215D7D64C2F3ACFED4764964CB20,479,1034,LX-MD-0044-CTX-05,CONTEXT,records/history/archive/semantic/LX-MD-0044-CTX-05_AUDIT_FINAL_STATE.md,7FB6C2EB3B125D7824582E73EA08E2DE5C60491A,COVERED_EXACTLY_ONCE
LS-MD-0044,audit/reports/AUDIT_FINAL_STATE.md,4F88A2D91FB7215D7D64C2F3ACFED4764964CB20,1035,1136,LX-MD-0044-IMP-01,IMPLEMENTATION,records/history/archive/semantic/LX-MD-0044-IMP-01_AUDIT_FINAL_STATE.md,EABDA186FA28157E40492922A4C14F19A345EF7F,COVERED_EXACTLY_ONCE
LS-MD-0044,audit/reports/AUDIT_FINAL_STATE.md,4F88A2D91FB7215D7D64C2F3ACFED4764964CB20,1137,1185,LX-MD-0044-CTX-06,CONTEXT,records/history/archive/semantic/LX-MD-0044-CTX-06_AUDIT_FINAL_STATE.md,B798D6BA8376D551D1FF7CBE9C41E0952EB4FDCC,COVERED_EXACTLY_ONCE
LS-MD-0044,audit/reports/AUDIT_FINAL_STATE.md,4F88A2D91FB7215D7D64C2F3ACFED4764964CB20,1186,1229,LX-MD-0044-IMP-02,IMPLEMENTATION,records/history/archive/semantic/LX-MD-0044-IMP-02_AUDIT_FINAL_STATE.md,CDC63BB4B49BA06774BC7AB58D7F827F25647DF9,COVERED_EXACTLY_ONCE
LS-MD-0044,audit/reports/AUDIT_FINAL_STATE.md,4F88A2D91FB7215D7D64C2F3ACFED4764964CB20,1230,1247,LX-MD-0044-DEC-01,DECISION,records/decisions/legacy/LX-MD-0044-DEC-01_AUDIT_FINAL_STATE.md,E7A7F735ABFC1C820F4B146A84B42A497D207C13,COVERED_EXACTLY_ONCE
LS-MD-0044,audit/reports/AUDIT_FINAL_STATE.md,4F88A2D91FB7215D7D64C2F3ACFED4764964CB20,1248,1278,LX-MD-0044-EVD-01,EVIDENCE,records/evidence/legacy/semantic/LX-MD-0044-EVD-01_AUDIT_FINAL_STATE.md,8B0BA692158BF43D43D7DB7592542BE7405643CF,COVERED_EXACTLY_ONCE
LS-MD-0044,audit/reports/AUDIT_FINAL_STATE.md,4F88A2D91FB7215D7D64C2F3ACFED4764964CB20,1279,1290,LX-MD-0044-RES-04,RESEARCH,records/history/archive/semantic/LX-MD-0044-RES-04_AUDIT_FINAL_STATE.md,D1B085EE55B1F63BC618A7B0F3AE3F0379E8D230,COVERED_EXACTLY_ONCE
LS-MD-0044,audit/reports/AUDIT_FINAL_STATE.md,4F88A2D91FB7215D7D64C2F3ACFED4764964CB20,1291,1309,LX-MD-0044-CTX-07,CONTEXT,records/history/archive/semantic/LX-MD-0044-CTX-07_AUDIT_FINAL_STATE.md,CAC0E0E1FA99362DABA3C75380F66409BE464D74,COVERED_EXACTLY_ONCE
LS-MD-0045,audit/reports/ORDERS_01_04_IMPLEMENTATION_EVIDENCE_2026-08-03.md,9EC579890FB2FB4256FE012CF3BD1CF68D55E90E,1,10,LX-MD-0045-EVD-01,EVIDENCE,records/evidence/legacy/semantic/LX-MD-0045-EVD-01_ORDERS_01_04_IMPLEMENTATION_EVIDENCE_2026_08_03.md,B2FEFA0A3A74902D992762B4D3FD3D11D0354214,COVERED_EXACTLY_ONCE
LS-MD-0045,audit/reports/ORDERS_01_04_IMPLEMENTATION_EVIDENCE_2026-08-03.md,9EC579890FB2FB4256FE012CF3BD1CF68D55E90E,11,20,LX-MD-0045-GOV-01,GOVERNANCE,records/history/archive/semantic/LX-MD-0045-GOV-01_ORDERS_01_04_IMPLEMENTATION_EVIDENCE_2026_08_03.md,2B4538A5047EFF47AAEBD9D89B9F17ED08A63781,COVERED_EXACTLY_ONCE
LS-MD-0045,audit/reports/ORDERS_01_04_IMPLEMENTATION_EVIDENCE_2026-08-03.md,9EC579890FB2FB4256FE012CF3BD1CF68D55E90E,21,64,LX-MD-0045-IMP-01,IMPLEMENTATION,records/history/archive/semantic/LX-MD-0045-IMP-01_ORDERS_01_04_IMPLEMENTATION_EVIDENCE_2026_08_03.md,4CDA6BD175864314B65F9A3FADF17A9FB51F85A8,COVERED_EXACTLY_ONCE
LS-MD-0045,audit/reports/ORDERS_01_04_IMPLEMENTATION_EVIDENCE_2026-08-03.md,9EC579890FB2FB4256FE012CF3BD1CF68D55E90E,65,73,LX-MD-0045-CTX-01,CONTEXT,records/history/archive/semantic/LX-MD-0045-CTX-01_ORDERS_01_04_IMPLEMENTATION_EVIDENCE_2026_08_03.md,DB72F779546747EED937DB1DE98A3CE2C6DEF3B6,COVERED_EXACTLY_ONCE
LS-MD-0045,audit/reports/ORDERS_01_04_IMPLEMENTATION_EVIDENCE_2026-08-03.md,9EC579890FB2FB4256FE012CF3BD1CF68D55E90E,74,101,LX-MD-0045-EVD-02,EVIDENCE,records/evidence/legacy/semantic/LX-MD-0045-EVD-02_ORDERS_01_04_IMPLEMENTATION_EVIDENCE_2026_08_03.md,EF64C5EB1771E3DFB28E4D0E0C16282A3E0969C3,COVERED_EXACTLY_ONCE
LS-MD-0045,audit/reports/ORDERS_01_04_IMPLEMENTATION_EVIDENCE_2026-08-03.md,9EC579890FB2FB4256FE012CF3BD1CF68D55E90E,102,111,LX-MD-0045-CTX-02,CONTEXT,records/history/archive/semantic/LX-MD-0045-CTX-02_ORDERS_01_04_IMPLEMENTATION_EVIDENCE_2026_08_03.md,6A4C53C726FDEF11BEA396EC73165C49B47C4471,COVERED_EXACTLY_ONCE
LS-MD-0047,audit/SECTOR_IDXIC_AUTHORITY_RECONCILIATION_INVENTORY.md,405198AE0F209FD905AFE44C54D94E86B5512783,1,4,LX-MD-0047-IMP-01,IMPLEMENTATION,records/history/archive/semantic/LX-MD-0047-IMP-01_SECTOR_IDXIC_AUTHORITY_RECONCILIATION_INVENTORY.md,89C0C593A1D5239000542A2F25A5BB3C5A2B5088,COVERED_EXACTLY_ONCE
LS-MD-0047,audit/SECTOR_IDXIC_AUTHORITY_RECONCILIATION_INVENTORY.md,405198AE0F209FD905AFE44C54D94E86B5512783,5,40,LX-MD-0047-CTX-01,CONTEXT,records/history/archive/semantic/LX-MD-0047-CTX-01_SECTOR_IDXIC_AUTHORITY_RECONCILIATION_INVENTORY.md,2F8C7B3FC1F64391AC7C2F62809E282B0F8A7BBD,COVERED_EXACTLY_ONCE
LS-MD-0047,audit/SECTOR_IDXIC_AUTHORITY_RECONCILIATION_INVENTORY.md,405198AE0F209FD905AFE44C54D94E86B5512783,41,65,LX-MD-0047-RES-01,RESEARCH,records/history/archive/semantic/LX-MD-0047-RES-01_SECTOR_IDXIC_AUTHORITY_RECONCILIATION_INVENTORY.md,8DA540C4E2CC2F9F5F2321EA1F3118C4202D99F3,COVERED_EXACTLY_ONCE
LS-MD-0047,audit/SECTOR_IDXIC_AUTHORITY_RECONCILIATION_INVENTORY.md,405198AE0F209FD905AFE44C54D94E86B5512783,66,108,LX-MD-0047-CTX-02,CONTEXT,records/history/archive/semantic/LX-MD-0047-CTX-02_SECTOR_IDXIC_AUTHORITY_RECONCILIATION_INVENTORY.md,D41CCDFA333998B5611841988A5D7E6813BAF77A,COVERED_EXACTLY_ONCE
LS-MD-0047,audit/SECTOR_IDXIC_AUTHORITY_RECONCILIATION_INVENTORY.md,405198AE0F209FD905AFE44C54D94E86B5512783,109,153,LX-MD-0047-RES-02,RESEARCH,records/history/archive/semantic/LX-MD-0047-RES-02_SECTOR_IDXIC_AUTHORITY_RECONCILIATION_INVENTORY.md,EB788D9C5D2A5FA52C04CE8C03A2B5851B76F64D,COVERED_EXACTLY_ONCE
LS-MD-0047,audit/SECTOR_IDXIC_AUTHORITY_RECONCILIATION_INVENTORY.md,405198AE0F209FD905AFE44C54D94E86B5512783,154,191,LX-MD-0047-CTX-03,CONTEXT,records/history/archive/semantic/LX-MD-0047-CTX-03_SECTOR_IDXIC_AUTHORITY_RECONCILIATION_INVENTORY.md,0043E33ABF30C0315AF72404EF5AEE26A9DA3907,COVERED_EXACTLY_ONCE
LS-MD-0047,audit/SECTOR_IDXIC_AUTHORITY_RECONCILIATION_INVENTORY.md,405198AE0F209FD905AFE44C54D94E86B5512783,192,222,LX-MD-0047-EVD-01,EVIDENCE,records/evidence/legacy/semantic/LX-MD-0047-EVD-01_SECTOR_IDXIC_AUTHORITY_RECONCILIATION_INVENTORY.md,B4B02F541458F067CDC3DEFA9A40A3CBAD257181,COVERED_EXACTLY_ONCE
LS-MD-0047,audit/SECTOR_IDXIC_AUTHORITY_RECONCILIATION_INVENTORY.md,405198AE0F209FD905AFE44C54D94E86B5512783,223,260,LX-MD-0047-IMP-02,IMPLEMENTATION,records/history/archive/semantic/LX-MD-0047-IMP-02_SECTOR_IDXIC_AUTHORITY_RECONCILIATION_INVENTORY.md,A21ED90E1E3BA4D8B285C42E401777313EBA11BE,COVERED_EXACTLY_ONCE
LS-MD-0047,audit/SECTOR_IDXIC_AUTHORITY_RECONCILIATION_INVENTORY.md,405198AE0F209FD905AFE44C54D94E86B5512783,261,339,LX-MD-0047-CTX-04,CONTEXT,records/history/archive/semantic/LX-MD-0047-CTX-04_SECTOR_IDXIC_AUTHORITY_RECONCILIATION_INVENTORY.md,26B10C765C19284A92D215628CAE3A437FB335D5,COVERED_EXACTLY_ONCE
LS-MD-0053,audit/WEEKLY_SWING_PRIORITY1_INDICATOR_EXTENSION_INVENTORY.md,7DE98BB33121A3E580DB11E5BEE81D00CEC53353,1,5,LX-MD-0053-IMP-01,IMPLEMENTATION,records/history/archive/semantic/LX-MD-0053-IMP-01_WEEKLY_SWING_PRIORITY1_INDICATOR_EXTENSION_INVEN.md,C8F14F9EBF09901852691A6F07B749947BB1427B,COVERED_EXACTLY_ONCE
LS-MD-0053,audit/WEEKLY_SWING_PRIORITY1_INDICATOR_EXTENSION_INVENTORY.md,7DE98BB33121A3E580DB11E5BEE81D00CEC53353,6,13,LX-MD-0053-DEC-01,DECISION,records/decisions/legacy/LX-MD-0053-DEC-01_WEEKLY_SWING_PRIORITY1_INDICATOR_EXTENSION_INVEN.md,5BFDE1E7DCDB3D603937E64FB3A02A272398A608,COVERED_EXACTLY_ONCE
LS-MD-0053,audit/WEEKLY_SWING_PRIORITY1_INDICATOR_EXTENSION_INVENTORY.md,7DE98BB33121A3E580DB11E5BEE81D00CEC53353,14,28,LX-MD-0053-GOV-01,GOVERNANCE,records/history/archive/semantic/LX-MD-0053-GOV-01_WEEKLY_SWING_PRIORITY1_INDICATOR_EXTENSION_INVEN.md,47C3396E7A3798477A287C7DA2B5095FD32717C2,COVERED_EXACTLY_ONCE
LS-MD-0053,audit/WEEKLY_SWING_PRIORITY1_INDICATOR_EXTENSION_INVENTORY.md,7DE98BB33121A3E580DB11E5BEE81D00CEC53353,29,53,LX-MD-0053-IMP-02,IMPLEMENTATION,records/history/archive/semantic/LX-MD-0053-IMP-02_WEEKLY_SWING_PRIORITY1_INDICATOR_EXTENSION_INVEN.md,EFC490C25295FAA98CEBBB620450308018A5302F,COVERED_EXACTLY_ONCE
LS-MD-0053,audit/WEEKLY_SWING_PRIORITY1_INDICATOR_EXTENSION_INVENTORY.md,7DE98BB33121A3E580DB11E5BEE81D00CEC53353,54,78,LX-MD-0053-GOV-02,GOVERNANCE,records/history/archive/semantic/LX-MD-0053-GOV-02_WEEKLY_SWING_PRIORITY1_INDICATOR_EXTENSION_INVEN.md,12E6B839C759DF4AFF7CC7BB014139D539AB15E2,COVERED_EXACTLY_ONCE
LS-MD-0053,audit/WEEKLY_SWING_PRIORITY1_INDICATOR_EXTENSION_INVENTORY.md,7DE98BB33121A3E580DB11E5BEE81D00CEC53353,79,112,LX-MD-0053-EVD-01,EVIDENCE,records/evidence/legacy/semantic/LX-MD-0053-EVD-01_WEEKLY_SWING_PRIORITY1_INDICATOR_EXTENSION_INVEN.md,C545495A702280CA7F23C7B4E40627069BE9725B,COVERED_EXACTLY_ONCE
LS-MD-0053,audit/WEEKLY_SWING_PRIORITY1_INDICATOR_EXTENSION_INVENTORY.md,7DE98BB33121A3E580DB11E5BEE81D00CEC53353,113,119,LX-MD-0053-GOV-03,GOVERNANCE,records/history/archive/semantic/LX-MD-0053-GOV-03_WEEKLY_SWING_PRIORITY1_INDICATOR_EXTENSION_INVEN.md,0423AD0E8C9A105DCF6E35D9E824C986BA1243E3,COVERED_EXACTLY_ONCE
LS-MD-0053,audit/WEEKLY_SWING_PRIORITY1_INDICATOR_EXTENSION_INVENTORY.md,7DE98BB33121A3E580DB11E5BEE81D00CEC53353,120,122,LX-MD-0053-DEC-02,DECISION,records/decisions/legacy/LX-MD-0053-DEC-02_WEEKLY_SWING_PRIORITY1_INDICATOR_EXTENSION_INVEN.md,93682F69EB53E6246D0230B84CB734E3B60D9D43,COVERED_EXACTLY_ONCE
LS-MD-0174,ops/COMMAND_SURFACE_SAFETY_INVENTORY.md,4A1D5DF36286F6499A44A9A6E49E45976F3253D1,1,56,LX-MD-0174-IMP-01,IMPLEMENTATION,records/history/archive/semantic/LX-MD-0174-IMP-01_COMMAND_SURFACE_SAFETY_INVENTORY.md,61C14B37033A4910C46F8F1847A15DE20CA511D5,COVERED_EXACTLY_ONCE
LS-MD-0174,ops/COMMAND_SURFACE_SAFETY_INVENTORY.md,4A1D5DF36286F6499A44A9A6E49E45976F3253D1,57,63,LX-MD-0174-CTX-01,CONTEXT,records/history/archive/semantic/LX-MD-0174-CTX-01_COMMAND_SURFACE_SAFETY_INVENTORY.md,B203E091006669E3523B02A9D044ABE7EE07AD17,COVERED_EXACTLY_ONCE
LS-MD-0174,ops/COMMAND_SURFACE_SAFETY_INVENTORY.md,4A1D5DF36286F6499A44A9A6E49E45976F3253D1,64,104,LX-MD-0174-EVD-01,EVIDENCE,records/evidence/legacy/semantic/LX-MD-0174-EVD-01_COMMAND_SURFACE_SAFETY_INVENTORY.md,1DDE335FC69D522B0CE17FC9C2FEC07BF7AAD06A,COVERED_EXACTLY_ONCE
LS-MD-0174,ops/COMMAND_SURFACE_SAFETY_INVENTORY.md,4A1D5DF36286F6499A44A9A6E49E45976F3253D1,105,111,LX-MD-0174-FND-01,FINDING,records/history/archive/semantic/LX-MD-0174-FND-01_COMMAND_SURFACE_SAFETY_INVENTORY.md,165AAB045BD88BCD816ABC9E6B71721D5F4AF097,COVERED_EXACTLY_ONCE
LS-MD-0174,ops/COMMAND_SURFACE_SAFETY_INVENTORY.md,4A1D5DF36286F6499A44A9A6E49E45976F3253D1,112,116,LX-MD-0174-GOV-01,GOVERNANCE,records/history/archive/semantic/LX-MD-0174-GOV-01_COMMAND_SURFACE_SAFETY_INVENTORY.md,313CC41A5E0A3D2B7B0287083ACD3D274900558C,COVERED_EXACTLY_ONCE
LS-MD-0174,ops/COMMAND_SURFACE_SAFETY_INVENTORY.md,4A1D5DF36286F6499A44A9A6E49E45976F3253D1,117,128,LX-MD-0174-EVD-02,EVIDENCE,records/evidence/legacy/semantic/LX-MD-0174-EVD-02_COMMAND_SURFACE_SAFETY_INVENTORY.md,ABED67FE6F1F900EFCE63618B4BC29FCDC4EF0D0,COVERED_EXACTLY_ONCE
LS-MD-0179,ops/commands/05_BACKFILL.md,7D024D1A49999C8FD30899BF32AC78581D6AE221,1,2,LX-MD-0179-IMP-01,IMPLEMENTATION,records/history/archive/semantic/LX-MD-0179-IMP-01_05_BACKFILL.md,ADB40C4E2C0D20B3EB75EF001688DA15B6A90061,COVERED_EXACTLY_ONCE
LS-MD-0179,ops/commands/05_BACKFILL.md,7D024D1A49999C8FD30899BF32AC78581D6AE221,3,5,LX-MD-0179-CTX-01,CONTEXT,records/history/archive/semantic/LX-MD-0179-CTX-01_05_BACKFILL.md,283087BB3BD32972381080B325177947D569F8F3,COVERED_EXACTLY_ONCE
LS-MD-0179,ops/commands/05_BACKFILL.md,7D024D1A49999C8FD30899BF32AC78581D6AE221,6,30,LX-MD-0179-GOV-01,GOVERNANCE,records/history/archive/semantic/LX-MD-0179-GOV-01_05_BACKFILL.md,59F581D508DBB1725838CF3420EDE52ED620EE96,COVERED_EXACTLY_ONCE
LS-MD-0179,ops/commands/05_BACKFILL.md,7D024D1A49999C8FD30899BF32AC78581D6AE221,31,38,LX-MD-0179-CTX-02,CONTEXT,records/history/archive/semantic/LX-MD-0179-CTX-02_05_BACKFILL.md,7508912D9FD158F30A2C843FCB4B66CE0118E8B4,COVERED_EXACTLY_ONCE
LS-MD-0179,ops/commands/05_BACKFILL.md,7D024D1A49999C8FD30899BF32AC78581D6AE221,39,40,LX-MD-0179-IMP-02,IMPLEMENTATION,records/history/archive/semantic/LX-MD-0179-IMP-02_05_BACKFILL.md,04C20844F4A6A03760AC076EC39E3D0EDDCE58B9,COVERED_EXACTLY_ONCE
LS-MD-0179,ops/commands/05_BACKFILL.md,7D024D1A49999C8FD30899BF32AC78581D6AE221,41,117,LX-MD-0179-CTX-03,CONTEXT,records/history/archive/semantic/LX-MD-0179-CTX-03_05_BACKFILL.md,A63ED78E7128B8BC995778A41B4CBF7412ECB31C,COVERED_EXACTLY_ONCE
LS-MD-0179,ops/commands/05_BACKFILL.md,7D024D1A49999C8FD30899BF32AC78581D6AE221,118,120,LX-MD-0179-EVD-01,EVIDENCE,records/evidence/legacy/semantic/LX-MD-0179-EVD-01_05_BACKFILL.md,0167A4F905C146048E22848D18557C92449088AA,COVERED_EXACTLY_ONCE
LS-MD-0179,ops/commands/05_BACKFILL.md,7D024D1A49999C8FD30899BF32AC78581D6AE221,121,164,LX-MD-0179-CTX-04,CONTEXT,records/history/archive/semantic/LX-MD-0179-CTX-04_05_BACKFILL.md,8599C0E55494302449C8927DBE507E7BECA1B6B5,COVERED_EXACTLY_ONCE
LS-MD-0179,ops/commands/05_BACKFILL.md,7D024D1A49999C8FD30899BF32AC78581D6AE221,165,166,LX-MD-0179-IMP-03,IMPLEMENTATION,records/history/archive/semantic/LX-MD-0179-IMP-03_05_BACKFILL.md,D9AB82C64FC4294E346AC570FAA8F6EB7DF56DB7,COVERED_EXACTLY_ONCE
LS-MD-0179,ops/commands/05_BACKFILL.md,7D024D1A49999C8FD30899BF32AC78581D6AE221,167,271,LX-MD-0179-CTX-05,CONTEXT,records/history/archive/semantic/LX-MD-0179-CTX-05_05_BACKFILL.md,26D7C2C81C4155EFB1E6451B7E1124200EC80361,COVERED_EXACTLY_ONCE
LS-MD-0179,ops/commands/05_BACKFILL.md,7D024D1A49999C8FD30899BF32AC78581D6AE221,272,288,LX-MD-0179-EVD-02,EVIDENCE,records/evidence/legacy/semantic/LX-MD-0179-EVD-02_05_BACKFILL.md,088A24548AEC62311CADEB734557381E0A6346D7,COVERED_EXACTLY_ONCE
LS-MD-0179,ops/commands/05_BACKFILL.md,7D024D1A49999C8FD30899BF32AC78581D6AE221,289,300,LX-MD-0179-CTX-06,CONTEXT,records/history/archive/semantic/LX-MD-0179-CTX-06_05_BACKFILL.md,0A86ED371A15AB7B3205DA31E963DF600685A528,COVERED_EXACTLY_ONCE
LS-MD-0197,ops/LOGGING_TRACEABILITY_REASON_CODES_INVENTORY.md,A1940E4465EB5BE5C45139CB797981907401A453,1,11,LX-MD-0197-IMP-01,IMPLEMENTATION,records/history/archive/semantic/LX-MD-0197-IMP-01_LOGGING_TRACEABILITY_REASON_CODES_INVENTORY.md,4142C0AA68E71AF0ECE4A6761C33431322FC5E11,COVERED_EXACTLY_ONCE
LS-MD-0197,ops/LOGGING_TRACEABILITY_REASON_CODES_INVENTORY.md,A1940E4465EB5BE5C45139CB797981907401A453,12,15,LX-MD-0197-GOV-01,GOVERNANCE,records/history/archive/semantic/LX-MD-0197-GOV-01_LOGGING_TRACEABILITY_REASON_CODES_INVENTORY.md,B457C8A8CC913F52100B96019A73F4D63D82025F,COVERED_EXACTLY_ONCE
LS-MD-0197,ops/LOGGING_TRACEABILITY_REASON_CODES_INVENTORY.md,A1940E4465EB5BE5C45139CB797981907401A453,16,40,LX-MD-0197-IMP-02,IMPLEMENTATION,records/history/archive/semantic/LX-MD-0197-IMP-02_LOGGING_TRACEABILITY_REASON_CODES_INVENTORY.md,1543BB6673B88616647F588CE3A3974082236203,COVERED_EXACTLY_ONCE
LS-MD-0197,ops/LOGGING_TRACEABILITY_REASON_CODES_INVENTORY.md,A1940E4465EB5BE5C45139CB797981907401A453,41,46,LX-MD-0197-FND-01,FINDING,records/history/archive/semantic/LX-MD-0197-FND-01_LOGGING_TRACEABILITY_REASON_CODES_INVENTORY.md,EBBCE4889B0F5F262003A86193194FB3A8D76641,COVERED_EXACTLY_ONCE
LS-MD-0201,ops/OPS_ENVIRONMENT_BASELINE.md,4CD43340DAE04A7BB47B9DBDD430FACBC6FCAEF5,1,6,LX-MD-0201-IMP-01,IMPLEMENTATION,records/history/archive/semantic/LX-MD-0201-IMP-01_OPS_ENVIRONMENT_BASELINE.md,AB50925FC64DF0764E62ED9EC840818AA6CEFC8E,COVERED_EXACTLY_ONCE
LS-MD-0201,ops/OPS_ENVIRONMENT_BASELINE.md,4CD43340DAE04A7BB47B9DBDD430FACBC6FCAEF5,7,21,LX-MD-0201-DEC-01,DECISION,records/decisions/legacy/LX-MD-0201-DEC-01_OPS_ENVIRONMENT_BASELINE.md,F84C26793733017D9F6AEA93CDC52A482E1F4E51,COVERED_EXACTLY_ONCE
LS-MD-0201,ops/OPS_ENVIRONMENT_BASELINE.md,4CD43340DAE04A7BB47B9DBDD430FACBC6FCAEF5,22,48,LX-MD-0201-CTX-01,CONTEXT,records/history/archive/semantic/LX-MD-0201-CTX-01_OPS_ENVIRONMENT_BASELINE.md,7EE28960AB7DA9C6BDA421E063A451CBD5BED69B,COVERED_EXACTLY_ONCE
LS-MD-0201,ops/OPS_ENVIRONMENT_BASELINE.md,4CD43340DAE04A7BB47B9DBDD430FACBC6FCAEF5,49,120,LX-MD-0201-EVD-01,EVIDENCE,records/evidence/legacy/semantic/LX-MD-0201-EVD-01_OPS_ENVIRONMENT_BASELINE.md,52A541610C6F86B7CA8830D1BC93BF5FF970E8ED,COVERED_EXACTLY_ONCE
LS-MD-0201,ops/OPS_ENVIRONMENT_BASELINE.md,4CD43340DAE04A7BB47B9DBDD430FACBC6FCAEF5,121,127,LX-MD-0201-GOV-01,GOVERNANCE,records/history/archive/semantic/LX-MD-0201-GOV-01_OPS_ENVIRONMENT_BASELINE.md,1F0E3BCD9255CD177648F39F3493B9683D170FD1,COVERED_EXACTLY_ONCE
LS-MD-0201,ops/OPS_ENVIRONMENT_BASELINE.md,4CD43340DAE04A7BB47B9DBDD430FACBC6FCAEF5,128,136,LX-MD-0201-EVD-02,EVIDENCE,records/evidence/legacy/semantic/LX-MD-0201-EVD-02_OPS_ENVIRONMENT_BASELINE.md,AC4FB3B82773F409DCC8C7A9C61EAD7B3CC4CB45,COVERED_EXACTLY_ONCE
LS-MD-0208,ops/RUN_PUBLICATION_POINTER_LINKAGE_INVENTORY.md,D27A829A793A182A7BEF9796B85546AC7329B73A,1,34,LX-MD-0208-IMP-01,IMPLEMENTATION,records/history/archive/semantic/LX-MD-0208-IMP-01_RUN_PUBLICATION_POINTER_LINKAGE_INVENTORY.md,21F720922A7C1266428061ED0E1123162668C955,COVERED_EXACTLY_ONCE
LS-MD-0208,ops/RUN_PUBLICATION_POINTER_LINKAGE_INVENTORY.md,D27A829A793A182A7BEF9796B85546AC7329B73A,35,47,LX-MD-0208-GOV-01,GOVERNANCE,records/history/archive/semantic/LX-MD-0208-GOV-01_RUN_PUBLICATION_POINTER_LINKAGE_INVENTORY.md,6A6BF09FF0EE390F7791A99E89CCAD3FAB61A188,COVERED_EXACTLY_ONCE
LS-MD-0208,ops/RUN_PUBLICATION_POINTER_LINKAGE_INVENTORY.md,D27A829A793A182A7BEF9796B85546AC7329B73A,48,54,LX-MD-0208-EVD-01,EVIDENCE,records/evidence/legacy/semantic/LX-MD-0208-EVD-01_RUN_PUBLICATION_POINTER_LINKAGE_INVENTORY.md,3CE6C641A05596DEB07AB5262ABB7CD13E1338A3,COVERED_EXACTLY_ONCE
LS-MD-0211,patches/TRADING_STATUS_NON_EXCLUSION_CLEAR_PATCH.md,D7FA2DA1E496AD9DA1448E9736FD87DDADE28E6C,1,10,LX-MD-0211-IMP-01,IMPLEMENTATION,records/history/archive/semantic/LX-MD-0211-IMP-01_TRADING_STATUS_NON_EXCLUSION_CLEAR_PATCH.md,87F0727B8520461626F3E5FDF1BA078549C66132,COVERED_EXACTLY_ONCE
LS-MD-0211,patches/TRADING_STATUS_NON_EXCLUSION_CLEAR_PATCH.md,D7FA2DA1E496AD9DA1448E9736FD87DDADE28E6C,11,23,LX-MD-0211-GOV-01,GOVERNANCE,records/history/archive/semantic/LX-MD-0211-GOV-01_TRADING_STATUS_NON_EXCLUSION_CLEAR_PATCH.md,82E25EEE991A75ECB491BE410816E42A9F9335D0,COVERED_EXACTLY_ONCE
LS-MD-0211,patches/TRADING_STATUS_NON_EXCLUSION_CLEAR_PATCH.md,D7FA2DA1E496AD9DA1448E9736FD87DDADE28E6C,24,28,LX-MD-0211-IMP-02,IMPLEMENTATION,records/history/archive/semantic/LX-MD-0211-IMP-02_TRADING_STATUS_NON_EXCLUSION_CLEAR_PATCH.md,F801C9593F878D051287D3C82C24FF5D6354E2F3,COVERED_EXACTLY_ONCE
LS-MD-0211,patches/TRADING_STATUS_NON_EXCLUSION_CLEAR_PATCH.md,D7FA2DA1E496AD9DA1448E9736FD87DDADE28E6C,29,87,LX-MD-0211-EVD-01,EVIDENCE,records/evidence/legacy/semantic/LX-MD-0211-EVD-01_TRADING_STATUS_NON_EXCLUSION_CLEAR_PATCH.md,BB2932E4F39CBB96674CF7400B011BD14F4EB46D,COVERED_EXACTLY_ONCE
LS-MD-0212,patches/TRADING_STATUS_SEMANTICS_LONG_SUSPENSION_CLOSURE_2026_07_02.md,A26CB394EAA179AFC224499200FE3C7B5AAE0E7B,1,10,LX-MD-0212-CTX-01,CONTEXT,records/history/archive/semantic/LX-MD-0212-CTX-01_TRADING_STATUS_SEMANTICS_LONG_SUSPENSION_CLOSURE.md,E876C2036D935F5E91380FEA8E63366A4B233EEA,COVERED_EXACTLY_ONCE
LS-MD-0212,patches/TRADING_STATUS_SEMANTICS_LONG_SUSPENSION_CLOSURE_2026_07_02.md,A26CB394EAA179AFC224499200FE3C7B5AAE0E7B,11,14,LX-MD-0212-DEC-01,DECISION,records/decisions/legacy/LX-MD-0212-DEC-01_TRADING_STATUS_SEMANTICS_LONG_SUSPENSION_CLOSURE.md,911E916588EC94E9D12077458E29F163F23CC13E,COVERED_EXACTLY_ONCE
LS-MD-0212,patches/TRADING_STATUS_SEMANTICS_LONG_SUSPENSION_CLOSURE_2026_07_02.md,A26CB394EAA179AFC224499200FE3C7B5AAE0E7B,15,34,LX-MD-0212-GOV-01,GOVERNANCE,records/history/archive/semantic/LX-MD-0212-GOV-01_TRADING_STATUS_SEMANTICS_LONG_SUSPENSION_CLOSURE.md,D72FBFEF257FB210F832298CE535577DAACCF10C,COVERED_EXACTLY_ONCE
LS-MD-0212,patches/TRADING_STATUS_SEMANTICS_LONG_SUSPENSION_CLOSURE_2026_07_02.md,A26CB394EAA179AFC224499200FE3C7B5AAE0E7B,35,158,LX-MD-0212-EVD-01,EVIDENCE,records/evidence/legacy/semantic/LX-MD-0212-EVD-01_TRADING_STATUS_SEMANTICS_LONG_SUSPENSION_CLOSURE.md,ED701B597BF3C00E1473E78FDC6E3CB446B4832F,COVERED_EXACTLY_ONCE
LS-MD-0212,patches/TRADING_STATUS_SEMANTICS_LONG_SUSPENSION_CLOSURE_2026_07_02.md,A26CB394EAA179AFC224499200FE3C7B5AAE0E7B,159,167,LX-MD-0212-FND-01,FINDING,records/history/archive/semantic/LX-MD-0212-FND-01_TRADING_STATUS_SEMANTICS_LONG_SUSPENSION_CLOSURE.md,90A3C157149034F9B950C8428179E9AFBD059E91,COVERED_EXACTLY_ONCE
LS-MD-0212,patches/TRADING_STATUS_SEMANTICS_LONG_SUSPENSION_CLOSURE_2026_07_02.md,A26CB394EAA179AFC224499200FE3C7B5AAE0E7B,168,172,LX-MD-0212-DEC-02,DECISION,records/decisions/legacy/LX-MD-0212-DEC-02_TRADING_STATUS_SEMANTICS_LONG_SUSPENSION_CLOSURE.md,D3E5525627BEC591A0A370752F6DA0BDE7AA4032,COVERED_EXACTLY_ONCE
LS-MD-0213,patches/TRADING_STATUS_SOURCE_MODEL_SIMPLIFICATION_2026_07_02.md,3A438F772827F234842C4CCDEBFE8AB9A783C588,1,5,LX-MD-0213-CTX-01,CONTEXT,records/history/archive/semantic/LX-MD-0213-CTX-01_TRADING_STATUS_SOURCE_MODEL_SIMPLIFICATION_2026_.md,EE119DA2B5F6E3288A092B8E0518BDAC1D538DF6,COVERED_EXACTLY_ONCE
LS-MD-0213,patches/TRADING_STATUS_SOURCE_MODEL_SIMPLIFICATION_2026_07_02.md,3A438F772827F234842C4CCDEBFE8AB9A783C588,6,9,LX-MD-0213-DEC-01,DECISION,records/decisions/legacy/LX-MD-0213-DEC-01_TRADING_STATUS_SOURCE_MODEL_SIMPLIFICATION_2026_.md,B0E7198E23B0ED14BC792903897520E2C97D615A,COVERED_EXACTLY_ONCE
LS-MD-0213,patches/TRADING_STATUS_SOURCE_MODEL_SIMPLIFICATION_2026_07_02.md,3A438F772827F234842C4CCDEBFE8AB9A783C588,10,38,LX-MD-0213-CTX-02,CONTEXT,records/history/archive/semantic/LX-MD-0213-CTX-02_TRADING_STATUS_SOURCE_MODEL_SIMPLIFICATION_2026_.md,B3CAD5A4B7158FB0BF99B2271A902817488BC009,COVERED_EXACTLY_ONCE
LS-MD-0213,patches/TRADING_STATUS_SOURCE_MODEL_SIMPLIFICATION_2026_07_02.md,3A438F772827F234842C4CCDEBFE8AB9A783C588,39,62,LX-MD-0213-GOV-01,GOVERNANCE,records/history/archive/semantic/LX-MD-0213-GOV-01_TRADING_STATUS_SOURCE_MODEL_SIMPLIFICATION_2026_.md,1660815C89C1D0670FFE300A2F1F8D462F3E318E,COVERED_EXACTLY_ONCE
LS-MD-0213,patches/TRADING_STATUS_SOURCE_MODEL_SIMPLIFICATION_2026_07_02.md,3A438F772827F234842C4CCDEBFE8AB9A783C588,63,70,LX-MD-0213-IMP-01,IMPLEMENTATION,records/history/archive/semantic/LX-MD-0213-IMP-01_TRADING_STATUS_SOURCE_MODEL_SIMPLIFICATION_2026_.md,7F280B72C9BFADE6E328B4432668494EAFC6E04B,COVERED_EXACTLY_ONCE
LS-MD-0213,patches/TRADING_STATUS_SOURCE_MODEL_SIMPLIFICATION_2026_07_02.md,3A438F772827F234842C4CCDEBFE8AB9A783C588,71,123,LX-MD-0213-CTX-03,CONTEXT,records/history/archive/semantic/LX-MD-0213-CTX-03_TRADING_STATUS_SOURCE_MODEL_SIMPLIFICATION_2026_.md,313FE75506D0248EAC8BAF385A44770DED0B277B,COVERED_EXACTLY_ONCE
LS-MD-0239,tests/Behavioral_Test_Coverage_Inventory.md,742C746586E0501E4D5B9983BCDE37F7B3DFC30F,1,4,LX-MD-0239-IMP-01,IMPLEMENTATION,records/history/archive/semantic/LX-MD-0239-IMP-01_Behavioral_Test_Coverage_Inventory.md,94EFCDF18830D69469C9D627B0CF73111EAF39BD,COVERED_EXACTLY_ONCE
LS-MD-0239,tests/Behavioral_Test_Coverage_Inventory.md,742C746586E0501E4D5B9983BCDE37F7B3DFC30F,5,15,LX-MD-0239-DEC-01,DECISION,records/decisions/legacy/LX-MD-0239-DEC-01_Behavioral_Test_Coverage_Inventory.md,7ADB0FA5CAA1E70683E967DD834156C897157AB9,COVERED_EXACTLY_ONCE
LS-MD-0239,tests/Behavioral_Test_Coverage_Inventory.md,742C746586E0501E4D5B9983BCDE37F7B3DFC30F,16,19,LX-MD-0239-GOV-01,GOVERNANCE,records/history/archive/semantic/LX-MD-0239-GOV-01_Behavioral_Test_Coverage_Inventory.md,050E02414E207CBEF4CEA51537EA68DDD4B95C0B,COVERED_EXACTLY_ONCE
LS-MD-0239,tests/Behavioral_Test_Coverage_Inventory.md,742C746586E0501E4D5B9983BCDE37F7B3DFC30F,20,41,LX-MD-0239-IMP-02,IMPLEMENTATION,records/history/archive/semantic/LX-MD-0239-IMP-02_Behavioral_Test_Coverage_Inventory.md,4065BC6DD0C6F478AB4EA3B58AF0F177BFFE5414,COVERED_EXACTLY_ONCE
LS-MD-0239,tests/Behavioral_Test_Coverage_Inventory.md,742C746586E0501E4D5B9983BCDE37F7B3DFC30F,42,63,LX-MD-0239-EVD-01,EVIDENCE,records/evidence/legacy/semantic/LX-MD-0239-EVD-01_Behavioral_Test_Coverage_Inventory.md,2B3EE36BA28B5DEDD94459C0AF3DE00C15655D08,COVERED_EXACTLY_ONCE
LS-MD-0239,tests/Behavioral_Test_Coverage_Inventory.md,742C746586E0501E4D5B9983BCDE37F7B3DFC30F,64,80,LX-MD-0239-CTX-01,CONTEXT,records/history/archive/semantic/LX-MD-0239-CTX-01_Behavioral_Test_Coverage_Inventory.md,F536A70272C3316D5934CEB8C1EB0048E93C90E6,COVERED_EXACTLY_ONCE
LS-MD-0239,tests/Behavioral_Test_Coverage_Inventory.md,742C746586E0501E4D5B9983BCDE37F7B3DFC30F,81,89,LX-MD-0239-EVD-02,EVIDENCE,records/evidence/legacy/semantic/LX-MD-0239-EVD-02_Behavioral_Test_Coverage_Inventory.md,60531B612F5DE2D9D32901BB9F85459D4D1259F8,COVERED_EXACTLY_ONCE
LS-MD-0241,tests/Contract_Tests_Specification.md,AC585FDD0F64F74D1BDDB9F511D8D24A57C87147,1,2,LX-MD-0241-IMP-01,IMPLEMENTATION,records/history/archive/semantic/LX-MD-0241-IMP-01_Contract_Tests_Specification.md,92751C4EBB076664A0210955FD3A15A9D5620370,COVERED_EXACTLY_ONCE
LS-MD-0241,tests/Contract_Tests_Specification.md,AC585FDD0F64F74D1BDDB9F511D8D24A57C87147,3,6,LX-MD-0241-EVD-01,EVIDENCE,records/evidence/legacy/semantic/LX-MD-0241-EVD-01_Contract_Tests_Specification.md,D2199520D2BCDF58316E33129D5E979B760E7602,COVERED_EXACTLY_ONCE
LS-MD-0241,tests/Contract_Tests_Specification.md,AC585FDD0F64F74D1BDDB9F511D8D24A57C87147,7,49,LX-MD-0241-CTX-01,CONTEXT,records/history/archive/semantic/LX-MD-0241-CTX-01_Contract_Tests_Specification.md,766E9B9644D3205F2794FB7368E94D03FDBD1EFE,COVERED_EXACTLY_ONCE
LS-MD-0241,tests/Contract_Tests_Specification.md,AC585FDD0F64F74D1BDDB9F511D8D24A57C87147,50,52,LX-MD-0241-EVD-02,EVIDENCE,records/evidence/legacy/semantic/LX-MD-0241-EVD-02_Contract_Tests_Specification.md,CA9070EDDF3B0264DD7C1214E34507EDBB4EC5B2,COVERED_EXACTLY_ONCE
LS-MD-0243,tests/Db_Integrity_Constraint_Inventory.md,F8EC0B923A05E4141D9FEF6A1E71E132AA698D5B,1,8,LX-MD-0243-IMP-01,IMPLEMENTATION,records/history/archive/semantic/LX-MD-0243-IMP-01_Db_Integrity_Constraint_Inventory.md,8DD618133A722059E798E771615EFA667089EF7B,COVERED_EXACTLY_ONCE
LS-MD-0243,tests/Db_Integrity_Constraint_Inventory.md,F8EC0B923A05E4141D9FEF6A1E71E132AA698D5B,9,12,LX-MD-0243-GOV-01,GOVERNANCE,records/history/archive/semantic/LX-MD-0243-GOV-01_Db_Integrity_Constraint_Inventory.md,D248E3366E4211F090E4186BB3D617667C19D8FE,COVERED_EXACTLY_ONCE
LS-MD-0243,tests/Db_Integrity_Constraint_Inventory.md,F8EC0B923A05E4141D9FEF6A1E71E132AA698D5B,13,38,LX-MD-0243-IMP-02,IMPLEMENTATION,records/history/archive/semantic/LX-MD-0243-IMP-02_Db_Integrity_Constraint_Inventory.md,22E47A05797739892EB3F93920F8C5D677A541D0,COVERED_EXACTLY_ONCE
LS-MD-0243,tests/Db_Integrity_Constraint_Inventory.md,F8EC0B923A05E4141D9FEF6A1E71E132AA698D5B,39,73,LX-MD-0243-EVD-01,EVIDENCE,records/evidence/legacy/semantic/LX-MD-0243-EVD-01_Db_Integrity_Constraint_Inventory.md,128791EB24BA19FB33026B0E7DFFC7C933E425B8,COVERED_EXACTLY_ONCE
LS-MD-0243,tests/Db_Integrity_Constraint_Inventory.md,F8EC0B923A05E4141D9FEF6A1E71E132AA698D5B,74,82,LX-MD-0243-DEC-01,DECISION,records/decisions/legacy/LX-MD-0243-DEC-01_Db_Integrity_Constraint_Inventory.md,6443815C656DF2603508BDF08AC38EDCC372F79E,COVERED_EXACTLY_ONCE
LS-MD-0246,tests/Golden_Fixture_Catalog_LOCKED.md,A8B066831AF122E436D973046A48DE4166C5D642,1,25,LX-MD-0246-IMP-01,IMPLEMENTATION,records/history/archive/semantic/LX-MD-0246-IMP-01_Golden_Fixture_Catalog_LOCKED.md,0097EB4DDEDBF1EADE5499E5DAC459ABBDE62433,COVERED_EXACTLY_ONCE
LS-MD-0246,tests/Golden_Fixture_Catalog_LOCKED.md,A8B066831AF122E436D973046A48DE4166C5D642,26,38,LX-MD-0246-EVD-01,EVIDENCE,records/evidence/legacy/semantic/LX-MD-0246-EVD-01_Golden_Fixture_Catalog_LOCKED.md,D16B43D28DFC24C94D9DB9A68A9E90403994AAC5,COVERED_EXACTLY_ONCE
LS-MD-0252,tests/PHPUNIT_TEST_MATRIX.md,FEC9F51F5D950AD3C0DB1B40F3E0D3C4CD966FFA,1,4,LX-MD-0252-IMP-01,IMPLEMENTATION,records/history/archive/semantic/LX-MD-0252-IMP-01_PHPUNIT_TEST_MATRIX.md,A221ABFE43B08A8E45A4452BFB96F4E0A1A8F976,COVERED_EXACTLY_ONCE
LS-MD-0252,tests/PHPUNIT_TEST_MATRIX.md,FEC9F51F5D950AD3C0DB1B40F3E0D3C4CD966FFA,5,19,LX-MD-0252-CTX-01,CONTEXT,records/history/archive/semantic/LX-MD-0252-CTX-01_PHPUNIT_TEST_MATRIX.md,5F68D324014175F5B5C9991A2DFDA682F0556ADC,COVERED_EXACTLY_ONCE
LS-MD-0252,tests/PHPUNIT_TEST_MATRIX.md,FEC9F51F5D950AD3C0DB1B40F3E0D3C4CD966FFA,20,25,LX-MD-0252-DEC-01,DECISION,records/decisions/legacy/LX-MD-0252-DEC-01_PHPUNIT_TEST_MATRIX.md,8D3889F2DC4422772D2F3F454622288F85EA562F,COVERED_EXACTLY_ONCE
LS-MD-0252,tests/PHPUNIT_TEST_MATRIX.md,FEC9F51F5D950AD3C0DB1B40F3E0D3C4CD966FFA,26,57,LX-MD-0252-EVD-01,EVIDENCE,records/evidence/legacy/semantic/LX-MD-0252-EVD-01_PHPUNIT_TEST_MATRIX.md,D3C8B4C314F4564F0F8BC7C1758B2DC2494EF48B,COVERED_EXACTLY_ONCE
LS-MD-0252,tests/PHPUNIT_TEST_MATRIX.md,FEC9F51F5D950AD3C0DB1B40F3E0D3C4CD966FFA,58,109,LX-MD-0252-CTX-02,CONTEXT,records/history/archive/semantic/LX-MD-0252-CTX-02_PHPUNIT_TEST_MATRIX.md,44A6CB287FF71E5F0600B84E10C3A88ED56F0DBA,COVERED_EXACTLY_ONCE
LS-MD-0252,tests/PHPUNIT_TEST_MATRIX.md,FEC9F51F5D950AD3C0DB1B40F3E0D3C4CD966FFA,110,139,LX-MD-0252-IMP-02,IMPLEMENTATION,records/history/archive/semantic/LX-MD-0252-IMP-02_PHPUNIT_TEST_MATRIX.md,47642C7F432E0B60E54E67128CEA89AC7E8DF711,COVERED_EXACTLY_ONCE
LS-MD-0252,tests/PHPUNIT_TEST_MATRIX.md,FEC9F51F5D950AD3C0DB1B40F3E0D3C4CD966FFA,140,153,LX-MD-0252-EVD-02,EVIDENCE,records/evidence/legacy/semantic/LX-MD-0252-EVD-02_PHPUNIT_TEST_MATRIX.md,D818823289F28C03D063745D54C80F4A22FBD235,COVERED_EXACTLY_ONCE
