legacy_source_id,original_path,source_sha1,section_start_line,section_end_line,heading,semantic_role,material_role,audit_disposition
LS-MD-0001,audit/AUDIT_BASELINE.md,6B8B627184F26565FB2479F27DDEEA91C10B9B31,1,2,Audit Baseline,HISTORY,YES,RETAIN_SINGLE_PRIMARY_ROLE_NO_SECONDARY_AUTHORITY
LS-MD-0001,audit/AUDIT_BASELINE.md,6B8B627184F26565FB2479F27DDEEA91C10B9B31,3,10,Audit objective,HISTORY,YES,RETAIN_SINGLE_PRIMARY_ROLE_NO_SECONDARY_AUTHORITY
LS-MD-0001,audit/AUDIT_BASELINE.md,6B8B627184F26565FB2479F27DDEEA91C10B9B31,11,34,What market-data means in this repository,HISTORY,YES,RETAIN_SINGLE_PRIMARY_ROLE_NO_SECONDARY_AUTHORITY
LS-MD-0001,audit/AUDIT_BASELINE.md,6B8B627184F26565FB2479F27DDEEA91C10B9B31,35,49,In-scope materials,HISTORY,YES,RETAIN_SINGLE_PRIMARY_ROLE_NO_SECONDARY_AUTHORITY
LS-MD-0001,audit/AUDIT_BASELINE.md,6B8B627184F26565FB2479F27DDEEA91C10B9B31,50,58,Out-of-scope materials,HISTORY,YES,RETAIN_SINGLE_PRIMARY_ROLE_NO_SECONDARY_AUTHORITY
LS-MD-0001,audit/AUDIT_BASELINE.md,6B8B627184F26565FB2479F27DDEEA91C10B9B31,59,70,Source-of-truth precedence,HISTORY,YES,RETAIN_SINGLE_PRIMARY_ROLE_NO_SECONDARY_AUTHORITY
LS-MD-0001,audit/AUDIT_BASELINE.md,6B8B627184F26565FB2479F27DDEEA91C10B9B31,71,89,Baseline folder roles used by this audit,HISTORY,YES,RETAIN_SINGLE_PRIMARY_ROLE_NO_SECONDARY_AUTHORITY
LS-MD-0001,audit/AUDIT_BASELINE.md,6B8B627184F26565FB2479F27DDEEA91C10B9B31,90,92,Boundary discipline rule,HISTORY,YES,RETAIN_SINGLE_PRIMARY_ROLE_NO_SECONDARY_AUTHORITY
LS-MD-0001,audit/AUDIT_BASELINE.md,6B8B627184F26565FB2479F27DDEEA91C10B9B31,93,97,Claim control rule,HISTORY,YES,RETAIN_SINGLE_PRIMARY_ROLE_NO_SECONDARY_AUTHORITY
LS-MD-0001,audit/AUDIT_BASELINE.md,6B8B627184F26565FB2479F27DDEEA91C10B9B31,98,107,Anti-drift rule,HISTORY,YES,RETAIN_SINGLE_PRIMARY_ROLE_NO_SECONDARY_AUTHORITY
LS-MD-0001,audit/AUDIT_BASELINE.md,6B8B627184F26565FB2479F27DDEEA91C10B9B31,108,121,Repo-shaped reading anchor,HISTORY,YES,RETAIN_SINGLE_PRIMARY_ROLE_NO_SECONDARY_AUTHORITY
LS-MD-0001,audit/AUDIT_BASELINE.md,6B8B627184F26565FB2479F27DDEEA91C10B9B31,122,130,Active audit-report state rule,HISTORY,YES,RETAIN_SINGLE_PRIMARY_ROLE_NO_SECONDARY_AUTHORITY
LS-MD-0002,audit/AUDIT_CLAIM_CONTROL.md,522AA4756D1C22CB13A303305FEB9F565227CB31,1,2,Audit Claim Control,HISTORY,YES,RETAIN_SINGLE_PRIMARY_ROLE_NO_SECONDARY_AUTHORITY
LS-MD-0002,audit/AUDIT_CLAIM_CONTROL.md,522AA4756D1C22CB13A303305FEB9F565227CB31,3,12,Claim types,HISTORY,YES,RETAIN_SINGLE_PRIMARY_ROLE_NO_SECONDARY_AUTHORITY
LS-MD-0002,audit/AUDIT_CLAIM_CONTROL.md,522AA4756D1C22CB13A303305FEB9F565227CB31,13,17,Required support per claim,HISTORY,YES,RETAIN_SINGLE_PRIMARY_ROLE_NO_SECONDARY_AUTHORITY
LS-MD-0002,audit/AUDIT_CLAIM_CONTROL.md,522AA4756D1C22CB13A303305FEB9F565227CB31,18,32,Runtime-proven interpretation rule,HISTORY,YES,RETAIN_SINGLE_PRIMARY_ROLE_NO_SECONDARY_AUTHORITY
LS-MD-0002,audit/AUDIT_CLAIM_CONTROL.md,522AA4756D1C22CB13A303305FEB9F565227CB31,33,38,Overclaim rule,HISTORY,YES,RETAIN_SINGLE_PRIMARY_ROLE_NO_SECONDARY_AUTHORITY
LS-MD-0002,audit/AUDIT_CLAIM_CONTROL.md,522AA4756D1C22CB13A303305FEB9F565227CB31,39,43,Downgrade rule,HISTORY,YES,RETAIN_SINGLE_PRIMARY_ROLE_NO_SECONDARY_AUTHORITY
LS-MD-0003,audit/AUDIT_DOCS_SYNCHRONIZATION_INVENTORY.md,29D6BAB13EE1A62947406EB10F568D260DB48E34,1,15,AUDIT_DOCS_SYNCHRONIZATION_INVENTORY,CONTEXT,NO,SPLIT_EXACT_SECTION
LS-MD-0003,audit/AUDIT_DOCS_SYNCHRONIZATION_INVENTORY.md,29D6BAB13EE1A62947406EB10F568D260DB48E34,16,21,Purpose,GOVERNANCE,YES,SPLIT_EXACT_SECTION
LS-MD-0003,audit/AUDIT_DOCS_SYNCHRONIZATION_INVENTORY.md,29D6BAB13EE1A62947406EB10F568D260DB48E34,22,46,Inventory,IMPLEMENTATION,YES,SPLIT_EXACT_SECTION
LS-MD-0003,audit/AUDIT_DOCS_SYNCHRONIZATION_INVENTORY.md,29D6BAB13EE1A62947406EB10F568D260DB48E34,47,52,Duplicate Contract Check,GOVERNANCE,YES,SPLIT_EXACT_SECTION
LS-MD-0003,audit/AUDIT_DOCS_SYNCHRONIZATION_INVENTORY.md,29D6BAB13EE1A62947406EB10F568D260DB48E34,53,58,Stale Status Check,CONTEXT,NO,SPLIT_EXACT_SECTION
LS-MD-0003,audit/AUDIT_DOCS_SYNCHRONIZATION_INVENTORY.md,29D6BAB13EE1A62947406EB10F568D260DB48E34,59,64,Locked Evidence Check,EVIDENCE,YES,SPLIT_EXACT_SECTION
LS-MD-0003,audit/AUDIT_DOCS_SYNCHRONIZATION_INVENTORY.md,29D6BAB13EE1A62947406EB10F568D260DB48E34,65,77,Registry / Seed Sync Check,CONTEXT,NO,SPLIT_EXACT_SECTION
LS-MD-0003,audit/AUDIT_DOCS_SYNCHRONIZATION_INVENTORY.md,29D6BAB13EE1A62947406EB10F568D260DB48E34,78,93,Validation State,EVIDENCE,YES,SPLIT_EXACT_SECTION
LS-MD-0003,audit/AUDIT_DOCS_SYNCHRONIZATION_INVENTORY.md,29D6BAB13EE1A62947406EB10F568D260DB48E34,94,100,Final Status,DECISION,YES,SPLIT_EXACT_SECTION
LS-MD-0003,audit/AUDIT_DOCS_SYNCHRONIZATION_INVENTORY.md,29D6BAB13EE1A62947406EB10F568D260DB48E34,101,106,Latest operational readiness full-suite evidence,EVIDENCE,YES,SPLIT_EXACT_SECTION
LS-MD-0003,audit/AUDIT_DOCS_SYNCHRONIZATION_INVENTORY.md,29D6BAB13EE1A62947406EB10F568D260DB48E34,107,121,Post-session 1-8 synchronization follow-up — 2026-05-18,CONTEXT,NO,SPLIT_EXACT_SECTION
LS-MD-0003,audit/AUDIT_DOCS_SYNCHRONIZATION_INVENTORY.md,29D6BAB13EE1A62947406EB10F568D260DB48E34,122,128,Final post-session 1-8 synchronization closure — 2026-05-18,CONTEXT,NO,SPLIT_EXACT_SECTION
LS-MD-0004,audit/AUDIT_DOCS_SYNCHRONIZATION_POST_SESSION_1_8_INVENTORY.md,1EB4399E5C2239980FD50CC73AF543D8125FA55A,1,17,AUDIT_DOCS_SYNCHRONIZATION_POST_SESSION_1_8_INVENTORY,CONTEXT,NO,SPLIT_EXACT_SECTION
LS-MD-0004,audit/AUDIT_DOCS_SYNCHRONIZATION_POST_SESSION_1_8_INVENTORY.md,1EB4399E5C2239980FD50CC73AF543D8125FA55A,18,25,Scope,GOVERNANCE,YES,SPLIT_EXACT_SECTION
LS-MD-0004,audit/AUDIT_DOCS_SYNCHRONIZATION_POST_SESSION_1_8_INVENTORY.md,1EB4399E5C2239980FD50CC73AF543D8125FA55A,26,37,Source of truth ZIP,CONTEXT,NO,SPLIT_EXACT_SECTION
LS-MD-0004,audit/AUDIT_DOCS_SYNCHRONIZATION_POST_SESSION_1_8_INVENTORY.md,1EB4399E5C2239980FD50CC73AF543D8125FA55A,38,49,Governance files read,CONTEXT,NO,SPLIT_EXACT_SECTION
LS-MD-0004,audit/AUDIT_DOCS_SYNCHRONIZATION_POST_SESSION_1_8_INVENTORY.md,1EB4399E5C2239980FD50CC73AF543D8125FA55A,50,66,Session 1-8 synchronization matrix,CONTEXT,NO,SPLIT_EXACT_SECTION
LS-MD-0004,audit/AUDIT_DOCS_SYNCHRONIZATION_POST_SESSION_1_8_INVENTORY.md,1EB4399E5C2239980FD50CC73AF543D8125FA55A,67,79,Implementation status matrix,IMPLEMENTATION,YES,SPLIT_EXACT_SECTION
LS-MD-0004,audit/AUDIT_DOCS_SYNCHRONIZATION_POST_SESSION_1_8_INVENTORY.md,1EB4399E5C2239980FD50CC73AF543D8125FA55A,80,92,Contract tracker matrix,GOVERNANCE,YES,SPLIT_EXACT_SECTION
LS-MD-0004,audit/AUDIT_DOCS_SYNCHRONIZATION_POST_SESSION_1_8_INVENTORY.md,1EB4399E5C2239980FD50CC73AF543D8125FA55A,93,109,Proof matrix,EVIDENCE,YES,SPLIT_EXACT_SECTION
LS-MD-0004,audit/AUDIT_DOCS_SYNCHRONIZATION_POST_SESSION_1_8_INVENTORY.md,1EB4399E5C2239980FD50CC73AF543D8125FA55A,110,121,Runtime proof matrix,EVIDENCE,YES,SPLIT_EXACT_SECTION
LS-MD-0004,audit/AUDIT_DOCS_SYNCHRONIZATION_POST_SESSION_1_8_INVENTORY.md,1EB4399E5C2239980FD50CC73AF543D8125FA55A,122,131,Static guard matrix,CONTEXT,NO,SPLIT_EXACT_SECTION
LS-MD-0004,audit/AUDIT_DOCS_SYNCHRONIZATION_POST_SESSION_1_8_INVENTORY.md,1EB4399E5C2239980FD50CC73AF543D8125FA55A,132,144,Patch matrix,IMPLEMENTATION,YES,SPLIT_EXACT_SECTION
LS-MD-0004,audit/AUDIT_DOCS_SYNCHRONIZATION_POST_SESSION_1_8_INVENTORY.md,1EB4399E5C2239980FD50CC73AF543D8125FA55A,145,155,Remaining risk matrix,FINDING,YES,SPLIT_EXACT_SECTION
LS-MD-0004,audit/AUDIT_DOCS_SYNCHRONIZATION_POST_SESSION_1_8_INVENTORY.md,1EB4399E5C2239980FD50CC73AF543D8125FA55A,156,160,Manual validation commands,EVIDENCE,YES,SPLIT_EXACT_SECTION
LS-MD-0004,audit/AUDIT_DOCS_SYNCHRONIZATION_POST_SESSION_1_8_INVENTORY.md,1EB4399E5C2239980FD50CC73AF543D8125FA55A,161,165,Previously supplied in this post-session pass,CONTEXT,NO,SPLIT_EXACT_SECTION
LS-MD-0004,audit/AUDIT_DOCS_SYNCHRONIZATION_POST_SESSION_1_8_INVENTORY.md,1EB4399E5C2239980FD50CC73AF543D8125FA55A,166,186,Final post-guard-scope closure proof,EVIDENCE,YES,SPLIT_EXACT_SECTION
LS-MD-0004,audit/AUDIT_DOCS_SYNCHRONIZATION_POST_SESSION_1_8_INVENTORY.md,1EB4399E5C2239980FD50CC73AF543D8125FA55A,187,198,Final status rule,DECISION,YES,SPLIT_EXACT_SECTION
LS-MD-0004,audit/AUDIT_DOCS_SYNCHRONIZATION_POST_SESSION_1_8_INVENTORY.md,1EB4399E5C2239980FD50CC73AF543D8125FA55A,199,216,2026-05-24 — Market Benchmark + Indicator Extension Audit Docs Reconciliation,RESEARCH,YES,SPLIT_EXACT_SECTION
LS-MD-0005,audit/AUDIT_DOMAIN_BOUNDARY.md,4E96793495D79A930F0A735B7601D3C2458FAE57,1,2,Audit Domain Boundary,HISTORY,YES,RETAIN_SINGLE_PRIMARY_ROLE_NO_SECONDARY_AUTHORITY
LS-MD-0005,audit/AUDIT_DOMAIN_BOUNDARY.md,4E96793495D79A930F0A735B7601D3C2458FAE57,3,13,What this domain is,HISTORY,YES,RETAIN_SINGLE_PRIMARY_ROLE_NO_SECONDARY_AUTHORITY
LS-MD-0005,audit/AUDIT_DOMAIN_BOUNDARY.md,4E96793495D79A930F0A735B7601D3C2458FAE57,14,22,What this domain is not,HISTORY,YES,RETAIN_SINGLE_PRIMARY_ROLE_NO_SECONDARY_AUTHORITY
LS-MD-0005,audit/AUDIT_DOMAIN_BOUNDARY.md,4E96793495D79A930F0A735B7601D3C2458FAE57,23,29,Allowed downstream mention,HISTORY,YES,RETAIN_SINGLE_PRIMARY_ROLE_NO_SECONDARY_AUTHORITY
LS-MD-0005,audit/AUDIT_DOMAIN_BOUNDARY.md,4E96793495D79A930F0A735B7601D3C2458FAE57,30,32,Disallowed downstream takeover,HISTORY,YES,RETAIN_SINGLE_PRIMARY_ROLE_NO_SECONDARY_AUTHORITY
LS-MD-0005,audit/AUDIT_DOMAIN_BOUNDARY.md,4E96793495D79A930F0A735B7601D3C2458FAE57,33,36,Drift severity,HISTORY,YES,RETAIN_SINGLE_PRIMARY_ROLE_NO_SECONDARY_AUTHORITY
LS-MD-0006,audit/AUDIT_EVIDENCE_STRENGTH_MODEL.md,C1C4D53BDD26C130ACDF1F07E9E9BAE1B0BD590E,1,2,Audit Evidence Strength Model,HISTORY,YES,RETAIN_SINGLE_PRIMARY_ROLE_NO_SECONDARY_AUTHORITY
LS-MD-0006,audit/AUDIT_EVIDENCE_STRENGTH_MODEL.md,C1C4D53BDD26C130ACDF1F07E9E9BAE1B0BD590E,3,21,Levels,HISTORY,YES,RETAIN_SINGLE_PRIMARY_ROLE_NO_SECONDARY_AUTHORITY
LS-MD-0006,audit/AUDIT_EVIDENCE_STRENGTH_MODEL.md,C1C4D53BDD26C130ACDF1F07E9E9BAE1B0BD590E,22,24,Minimum requirement for Layer C claim,HISTORY,YES,RETAIN_SINGLE_PRIMARY_ROLE_NO_SECONDARY_AUTHORITY
LS-MD-0006,audit/AUDIT_EVIDENCE_STRENGTH_MODEL.md,C1C4D53BDD26C130ACDF1F07E9E9BAE1B0BD590E,25,32,Disqualifiers for Layer C,HISTORY,YES,RETAIN_SINGLE_PRIMARY_ROLE_NO_SECONDARY_AUTHORITY
LS-MD-0006,audit/AUDIT_EVIDENCE_STRENGTH_MODEL.md,C1C4D53BDD26C130ACDF1F07E9E9BAE1B0BD590E,33,37,Redacted evidence rule,HISTORY,YES,RETAIN_SINGLE_PRIMARY_ROLE_NO_SECONDARY_AUTHORITY
LS-MD-0007,audit/AUDIT_LAYER_CLASSIFICATION_RULES.md,26E071F198DDB6B8210AC8AC71F5638FD478DAFE,1,2,Audit Layer Classification Rules,HISTORY,YES,RETAIN_SINGLE_PRIMARY_ROLE_NO_SECONDARY_AUTHORITY
LS-MD-0007,audit/AUDIT_LAYER_CLASSIFICATION_RULES.md,26E071F198DDB6B8210AC8AC71F5638FD478DAFE,3,10,Layer A — System Docs,HISTORY,YES,RETAIN_SINGLE_PRIMARY_ROLE_NO_SECONDARY_AUTHORITY
LS-MD-0007,audit/AUDIT_LAYER_CLASSIFICATION_RULES.md,26E071F198DDB6B8210AC8AC71F5638FD478DAFE,11,21,Layer B — Implementation Guidance,HISTORY,YES,RETAIN_SINGLE_PRIMARY_ROLE_NO_SECONDARY_AUTHORITY
LS-MD-0007,audit/AUDIT_LAYER_CLASSIFICATION_RULES.md,26E071F198DDB6B8210AC8AC71F5638FD478DAFE,22,31,Layer C — Real Implementation / App Runtime,HISTORY,YES,RETAIN_SINGLE_PRIMARY_ROLE_NO_SECONDARY_AUTHORITY
LS-MD-0007,audit/AUDIT_LAYER_CLASSIFICATION_RULES.md,26E071F198DDB6B8210AC8AC71F5638FD478DAFE,32,39,Allowed package classifications,HISTORY,YES,RETAIN_SINGLE_PRIMARY_ROLE_NO_SECONDARY_AUTHORITY
LS-MD-0007,audit/AUDIT_LAYER_CLASSIFICATION_RULES.md,26E071F198DDB6B8210AC8AC71F5638FD478DAFE,40,45,Dominant-layer rule,HISTORY,YES,RETAIN_SINGLE_PRIMARY_ROLE_NO_SECONDARY_AUTHORITY
LS-MD-0007,audit/AUDIT_LAYER_CLASSIFICATION_RULES.md,26E071F198DDB6B8210AC8AC71F5638FD478DAFE,46,53,Downgrade rule,HISTORY,YES,RETAIN_SINGLE_PRIMARY_ROLE_NO_SECONDARY_AUTHORITY
LS-MD-0007,audit/AUDIT_LAYER_CLASSIFICATION_RULES.md,26E071F198DDB6B8210AC8AC71F5638FD478DAFE,54,62,Important classification notes,HISTORY,YES,RETAIN_SINGLE_PRIMARY_ROLE_NO_SECONDARY_AUTHORITY
LS-MD-0008,audit/AUDIT_METHOD.md,629307ADF256AA7CBF8EBDCEC368BD4E987567C7,1,2,Audit Method,HISTORY,YES,RETAIN_SINGLE_PRIMARY_ROLE_NO_SECONDARY_AUTHORITY
LS-MD-0008,audit/AUDIT_METHOD.md,629307ADF256AA7CBF8EBDCEC368BD4E987567C7,3,5,Purpose,HISTORY,YES,RETAIN_SINGLE_PRIMARY_ROLE_NO_SECONDARY_AUTHORITY
LS-MD-0008,audit/AUDIT_METHOD.md,629307ADF256AA7CBF8EBDCEC368BD4E987567C7,6,17,Standard audit flow,HISTORY,YES,RETAIN_SINGLE_PRIMARY_ROLE_NO_SECONDARY_AUTHORITY
LS-MD-0008,audit/AUDIT_METHOD.md,629307ADF256AA7CBF8EBDCEC368BD4E987567C7,18,26,Mandatory first-read anchors,HISTORY,YES,RETAIN_SINGLE_PRIMARY_ROLE_NO_SECONDARY_AUTHORITY
LS-MD-0008,audit/AUDIT_METHOD.md,629307ADF256AA7CBF8EBDCEC368BD4E987567C7,27,53,Repo-shaped reading order,HISTORY,YES,RETAIN_SINGLE_PRIMARY_ROLE_NO_SECONDARY_AUTHORITY
LS-MD-0008,audit/AUDIT_METHOD.md,629307ADF256AA7CBF8EBDCEC368BD4E987567C7,54,60,Intake questions,HISTORY,YES,RETAIN_SINGLE_PRIMARY_ROLE_NO_SECONDARY_AUTHORITY
LS-MD-0008,audit/AUDIT_METHOD.md,629307ADF256AA7CBF8EBDCEC368BD4E987567C7,61,70,Review dimensions,HISTORY,YES,RETAIN_SINGLE_PRIMARY_ROLE_NO_SECONDARY_AUTHORITY
LS-MD-0008,audit/AUDIT_METHOD.md,629307ADF256AA7CBF8EBDCEC368BD4E987567C7,71,80,Output requirement,HISTORY,YES,RETAIN_SINGLE_PRIMARY_ROLE_NO_SECONDARY_AUTHORITY
LS-MD-0008,audit/AUDIT_METHOD.md,629307ADF256AA7CBF8EBDCEC368BD4E987567C7,81,89,Failure rule,HISTORY,YES,RETAIN_SINGLE_PRIMARY_ROLE_NO_SECONDARY_AUTHORITY
LS-MD-0008,audit/AUDIT_METHOD.md,629307ADF256AA7CBF8EBDCEC368BD4E987567C7,90,97,Audit report persistence rule,HISTORY,YES,RETAIN_SINGLE_PRIMARY_ROLE_NO_SECONDARY_AUTHORITY
LS-MD-0009,audit/AUDIT_NORMATIVE_VS_COMPANION_RULES.md,30F616C9790BCFA425F20BDAD5227646C4AE8B0F,1,2,Audit Normative vs Companion Rules,HISTORY,YES,RETAIN_SINGLE_PRIMARY_ROLE_NO_SECONDARY_AUTHORITY
LS-MD-0009,audit/AUDIT_NORMATIVE_VS_COMPANION_RULES.md,30F616C9790BCFA425F20BDAD5227646C4AE8B0F,3,5,Purpose,HISTORY,YES,RETAIN_SINGLE_PRIMARY_ROLE_NO_SECONDARY_AUTHORITY
LS-MD-0009,audit/AUDIT_NORMATIVE_VS_COMPANION_RULES.md,30F616C9790BCFA425F20BDAD5227646C4AE8B0F,6,21,Normative core materials,HISTORY,YES,RETAIN_SINGLE_PRIMARY_ROLE_NO_SECONDARY_AUTHORITY
LS-MD-0009,audit/AUDIT_NORMATIVE_VS_COMPANION_RULES.md,30F616C9790BCFA425F20BDAD5227646C4AE8B0F,22,29,Normative support materials,HISTORY,YES,RETAIN_SINGLE_PRIMARY_ROLE_NO_SECONDARY_AUTHORITY
LS-MD-0009,audit/AUDIT_NORMATIVE_VS_COMPANION_RULES.md,30F616C9790BCFA425F20BDAD5227646C4AE8B0F,30,32,System companion materials,HISTORY,YES,RETAIN_SINGLE_PRIMARY_ROLE_NO_SECONDARY_AUTHORITY
LS-MD-0009,audit/AUDIT_NORMATIVE_VS_COMPANION_RULES.md,30F616C9790BCFA425F20BDAD5227646C4AE8B0F,33,38,Illustrative materials,HISTORY,YES,RETAIN_SINGLE_PRIMARY_ROLE_NO_SECONDARY_AUTHORITY
LS-MD-0009,audit/AUDIT_NORMATIVE_VS_COMPANION_RULES.md,30F616C9790BCFA425F20BDAD5227646C4AE8B0F,39,41,Archived actual evidence,HISTORY,YES,RETAIN_SINGLE_PRIMARY_ROLE_NO_SECONDARY_AUTHORITY
LS-MD-0009,audit/AUDIT_NORMATIVE_VS_COMPANION_RULES.md,30F616C9790BCFA425F20BDAD5227646C4AE8B0F,42,44,Audit materials,HISTORY,YES,RETAIN_SINGLE_PRIMARY_ROLE_NO_SECONDARY_AUTHORITY
LS-MD-0009,audit/AUDIT_NORMATIVE_VS_COMPANION_RULES.md,30F616C9790BCFA425F20BDAD5227646C4AE8B0F,45,58,Folder role map,HISTORY,YES,RETAIN_SINGLE_PRIMARY_ROLE_NO_SECONDARY_AUTHORITY
LS-MD-0009,audit/AUDIT_NORMATIVE_VS_COMPANION_RULES.md,30F616C9790BCFA425F20BDAD5227646C4AE8B0F,59,67,Conflict rule,HISTORY,YES,RETAIN_SINGLE_PRIMARY_ROLE_NO_SECONDARY_AUTHORITY
LS-MD-0009,audit/AUDIT_NORMATIVE_VS_COMPANION_RULES.md,30F616C9790BCFA425F20BDAD5227646C4AE8B0F,68,74,Misread prevention rule,HISTORY,YES,RETAIN_SINGLE_PRIMARY_ROLE_NO_SECONDARY_AUTHORITY
LS-MD-0010,audit/AUDIT_SCOPE_AND_EXCLUSIONS.md,49E6D97E300514B9C9A8930E3BDFA9F9FF3288C5,1,2,Audit Scope and Exclusions,HISTORY,YES,RETAIN_SINGLE_PRIMARY_ROLE_NO_SECONDARY_AUTHORITY
LS-MD-0010,audit/AUDIT_SCOPE_AND_EXCLUSIONS.md,49E6D97E300514B9C9A8930E3BDFA9F9FF3288C5,3,12,Scope,HISTORY,YES,RETAIN_SINGLE_PRIMARY_ROLE_NO_SECONDARY_AUTHORITY
LS-MD-0010,audit/AUDIT_SCOPE_AND_EXCLUSIONS.md,49E6D97E300514B9C9A8930E3BDFA9F9FF3288C5,13,21,Exclusions,HISTORY,YES,RETAIN_SINGLE_PRIMARY_ROLE_NO_SECONDARY_AUTHORITY
LS-MD-0010,audit/AUDIT_SCOPE_AND_EXCLUSIONS.md,49E6D97E300514B9C9A8930E3BDFA9F9FF3288C5,22,28,Handling out-of-scope contamination,HISTORY,YES,RETAIN_SINGLE_PRIMARY_ROLE_NO_SECONDARY_AUTHORITY
LS-MD-0010,audit/AUDIT_SCOPE_AND_EXCLUSIONS.md,49E6D97E300514B9C9A8930E3BDFA9F9FF3288C5,29,33,Non-goals of this audit,HISTORY,YES,RETAIN_SINGLE_PRIMARY_ROLE_NO_SECONDARY_AUTHORITY
LS-MD-0011,audit/AUDIT_SCORING_AND_VERDICT.md,B9E0D4325FE7B7105AA3611B33E73AEB84BB9C5B,1,2,Audit Scoring and Verdict,HISTORY,YES,RETAIN_SINGLE_PRIMARY_ROLE_NO_SECONDARY_AUTHORITY
LS-MD-0011,audit/AUDIT_SCORING_AND_VERDICT.md,B9E0D4325FE7B7105AA3611B33E73AEB84BB9C5B,3,12,Review dimensions,HISTORY,YES,RETAIN_SINGLE_PRIMARY_ROLE_NO_SECONDARY_AUTHORITY
LS-MD-0011,audit/AUDIT_SCORING_AND_VERDICT.md,B9E0D4325FE7B7105AA3611B33E73AEB84BB9C5B,13,35,Status meanings,HISTORY,YES,RETAIN_SINGLE_PRIMARY_ROLE_NO_SECONDARY_AUTHORITY
LS-MD-0011,audit/AUDIT_SCORING_AND_VERDICT.md,B9E0D4325FE7B7105AA3611B33E73AEB84BB9C5B,36,41,Suggested score bands,HISTORY,YES,RETAIN_SINGLE_PRIMARY_ROLE_NO_SECONDARY_AUTHORITY
LS-MD-0011,audit/AUDIT_SCORING_AND_VERDICT.md,B9E0D4325FE7B7105AA3611B33E73AEB84BB9C5B,42,50,Verdict labels,HISTORY,YES,RETAIN_SINGLE_PRIMARY_ROLE_NO_SECONDARY_AUTHORITY
LS-MD-0011,audit/AUDIT_SCORING_AND_VERDICT.md,B9E0D4325FE7B7105AA3611B33E73AEB84BB9C5B,51,52,Important note,HISTORY,YES,RETAIN_SINGLE_PRIMARY_ROLE_NO_SECONDARY_AUTHORITY
LS-MD-0012,audit/AUDIT_TRACEABILITY_RULES.md,704BAE7967262C32345738376F251D798FE9F963,1,2,Audit Traceability Rules,HISTORY,YES,RETAIN_SINGLE_PRIMARY_ROLE_NO_SECONDARY_AUTHORITY
LS-MD-0012,audit/AUDIT_TRACEABILITY_RULES.md,704BAE7967262C32345738376F251D798FE9F963,3,5,Definition,HISTORY,YES,RETAIN_SINGLE_PRIMARY_ROLE_NO_SECONDARY_AUTHORITY
LS-MD-0012,audit/AUDIT_TRACEABILITY_RULES.md,704BAE7967262C32345738376F251D798FE9F963,6,14,Minimum trace chain,HISTORY,YES,RETAIN_SINGLE_PRIMARY_ROLE_NO_SECONDARY_AUTHORITY
LS-MD-0012,audit/AUDIT_TRACEABILITY_RULES.md,704BAE7967262C32345738376F251D798FE9F963,15,20,Broken trace examples,HISTORY,YES,RETAIN_SINGLE_PRIMARY_ROLE_NO_SECONDARY_AUTHORITY
LS-MD-0012,audit/AUDIT_TRACEABILITY_RULES.md,704BAE7967262C32345738376F251D798FE9F963,21,22,Review expectation,HISTORY,YES,RETAIN_SINGLE_PRIMARY_ROLE_NO_SECONDARY_AUTHORITY
LS-MD-0013,audit/AUDIT_UPDATE_GOVERNANCE.md,0B36BFFAE668EE54ABD91A7041AEBC420B0966CD,1,4,📦 AUDIT UPDATE GOVERNANCE — V2 CURRENT RULES,HISTORY,YES,RETAIN_SINGLE_PRIMARY_ROLE_NO_SECONDARY_AUTHORITY
LS-MD-0013,audit/AUDIT_UPDATE_GOVERNANCE.md,0B36BFFAE668EE54ABD91A7041AEBC420B0966CD,5,16,Current authority model,HISTORY,YES,RETAIN_SINGLE_PRIMARY_ROLE_NO_SECONDARY_AUTHORITY
LS-MD-0013,audit/AUDIT_UPDATE_GOVERNANCE.md,0B36BFFAE668EE54ABD91A7041AEBC420B0966CD,17,28,Mandatory update rules,HISTORY,YES,RETAIN_SINGLE_PRIMARY_ROLE_NO_SECONDARY_AUTHORITY
LS-MD-0013,audit/AUDIT_UPDATE_GOVERNANCE.md,0B36BFFAE668EE54ABD91A7041AEBC420B0966CD,29,49,HISTORICAL PRE-V2 LUMEN GOVERNANCE — SUPERSEDED,HISTORY,YES,RETAIN_SINGLE_PRIMARY_ROLE_NO_SECONDARY_AUTHORITY
LS-MD-0013,audit/AUDIT_UPDATE_GOVERNANCE.md,0B36BFFAE668EE54ABD91A7041AEBC420B0966CD,50,66,🎯 TUJUAN UTAMA,HISTORY,YES,RETAIN_SINGLE_PRIMARY_ROLE_NO_SECONDARY_AUTHORITY
LS-MD-0013,audit/AUDIT_UPDATE_GOVERNANCE.md,0B36BFFAE668EE54ABD91A7041AEBC420B0966CD,67,68,1. 📌 PERAN FILE (TIDAK BOLEH TERTUKAR),HISTORY,YES,RETAIN_SINGLE_PRIMARY_ROLE_NO_SECONDARY_AUTHORITY
LS-MD-0013,audit/AUDIT_UPDATE_GOVERNANCE.md,0B36BFFAE668EE54ABD91A7041AEBC420B0966CD,69,98,1.1 `LUMEN_IMPLEMENTATION_STATUS.md`,HISTORY,YES,RETAIN_SINGLE_PRIMARY_ROLE_NO_SECONDARY_AUTHORITY
LS-MD-0013,audit/AUDIT_UPDATE_GOVERNANCE.md,0B36BFFAE668EE54ABD91A7041AEBC420B0966CD,99,129,1.2 `LUMEN_CONTRACT_TRACKER.md`,HISTORY,YES,RETAIN_SINGLE_PRIMARY_ROLE_NO_SECONDARY_AUTHORITY
LS-MD-0013,audit/AUDIT_UPDATE_GOVERNANCE.md,0B36BFFAE668EE54ABD91A7041AEBC420B0966CD,130,152,2. 📌 RELASI WAJIB ANTARA DUA FILE,HISTORY,YES,RETAIN_SINGLE_PRIMARY_ROLE_NO_SECONDARY_AUTHORITY
LS-MD-0013,audit/AUDIT_UPDATE_GOVERNANCE.md,0B36BFFAE668EE54ABD91A7041AEBC420B0966CD,153,154,3. 📌 FORMAT PENULISAN WAJIB,HISTORY,YES,RETAIN_SINGLE_PRIMARY_ROLE_NO_SECONDARY_AUTHORITY
LS-MD-0013,audit/AUDIT_UPDATE_GOVERNANCE.md,0B36BFFAE668EE54ABD91A7041AEBC420B0966CD,155,173,3.1 Format umum entry,HISTORY,YES,RETAIN_SINGLE_PRIMARY_ROLE_NO_SECONDARY_AUTHORITY
LS-MD-0013,audit/AUDIT_UPDATE_GOVERNANCE.md,0B36BFFAE668EE54ABD91A7041AEBC420B0966CD,174,198,4. 📌 FORMAT `LUMEN_IMPLEMENTATION_STATUS.md`,HISTORY,YES,RETAIN_SINGLE_PRIMARY_ROLE_NO_SECONDARY_AUTHORITY
LS-MD-0013,audit/AUDIT_UPDATE_GOVERNANCE.md,0B36BFFAE668EE54ABD91A7041AEBC420B0966CD,199,221,4.1 Contoh `LUMEN_IMPLEMENTATION_STATUS.md`,HISTORY,YES,RETAIN_SINGLE_PRIMARY_ROLE_NO_SECONDARY_AUTHORITY
LS-MD-0013,audit/AUDIT_UPDATE_GOVERNANCE.md,0B36BFFAE668EE54ABD91A7041AEBC420B0966CD,222,248,5. 📌 FORMAT `LUMEN_CONTRACT_TRACKER.md`,HISTORY,YES,RETAIN_SINGLE_PRIMARY_ROLE_NO_SECONDARY_AUTHORITY
LS-MD-0013,audit/AUDIT_UPDATE_GOVERNANCE.md,0B36BFFAE668EE54ABD91A7041AEBC420B0966CD,249,273,5.1 Contoh `LUMEN_CONTRACT_TRACKER.md`,HISTORY,YES,RETAIN_SINGLE_PRIMARY_ROLE_NO_SECONDARY_AUTHORITY
LS-MD-0013,audit/AUDIT_UPDATE_GOVERNANCE.md,0B36BFFAE668EE54ABD91A7041AEBC420B0966CD,274,304,6. 📌 CONTRACT NAMING RULE,HISTORY,YES,RETAIN_SINGLE_PRIMARY_ROLE_NO_SECONDARY_AUTHORITY
LS-MD-0013,audit/AUDIT_UPDATE_GOVERNANCE.md,0B36BFFAE668EE54ABD91A7041AEBC420B0966CD,305,319,7. 📌 STATUS LIFECYCLE,HISTORY,YES,RETAIN_SINGLE_PRIMARY_ROLE_NO_SECONDARY_AUTHORITY
LS-MD-0013,audit/AUDIT_UPDATE_GOVERNANCE.md,0B36BFFAE668EE54ABD91A7041AEBC420B0966CD,320,347,7.1 Arti status,HISTORY,YES,RETAIN_SINGLE_PRIMARY_ROLE_NO_SECONDARY_AUTHORITY
LS-MD-0013,audit/AUDIT_UPDATE_GOVERNANCE.md,0B36BFFAE668EE54ABD91A7041AEBC420B0966CD,348,361,7.2 Larangan status,HISTORY,YES,RETAIN_SINGLE_PRIMARY_ROLE_NO_SECONDARY_AUTHORITY
LS-MD-0013,audit/AUDIT_UPDATE_GOVERNANCE.md,0B36BFFAE668EE54ABD91A7041AEBC420B0966CD,362,363,8. 📌 HISTORY SYSTEM (PENGGANTI VERSIONING),HISTORY,YES,RETAIN_SINGLE_PRIMARY_ROLE_NO_SECONDARY_AUTHORITY
LS-MD-0013,audit/AUDIT_UPDATE_GOVERNANCE.md,0B36BFFAE668EE54ABD91A7041AEBC420B0966CD,364,386,8.1 Prinsip,HISTORY,YES,RETAIN_SINGLE_PRIMARY_ROLE_NO_SECONDARY_AUTHORITY
LS-MD-0013,audit/AUDIT_UPDATE_GOVERNANCE.md,0B36BFFAE668EE54ABD91A7041AEBC420B0966CD,387,412,8.2 Aturan HISTORY,HISTORY,YES,RETAIN_SINGLE_PRIMARY_ROLE_NO_SECONDARY_AUTHORITY
LS-MD-0013,audit/AUDIT_UPDATE_GOVERNANCE.md,0B36BFFAE668EE54ABD91A7041AEBC420B0966CD,413,421,8.3 Contoh HISTORY benar,HISTORY,YES,RETAIN_SINGLE_PRIMARY_ROLE_NO_SECONDARY_AUTHORITY
LS-MD-0013,audit/AUDIT_UPDATE_GOVERNANCE.md,0B36BFFAE668EE54ABD91A7041AEBC420B0966CD,422,432,8.4 Contoh HISTORY salah,HISTORY,YES,RETAIN_SINGLE_PRIMARY_ROLE_NO_SECONDARY_AUTHORITY
LS-MD-0013,audit/AUDIT_UPDATE_GOVERNANCE.md,0B36BFFAE668EE54ABD91A7041AEBC420B0966CD,433,451,9. 📌 LAST_UPDATED RULE,HISTORY,YES,RETAIN_SINGLE_PRIMARY_ROLE_NO_SECONDARY_AUTHORITY
LS-MD-0013,audit/AUDIT_UPDATE_GOVERNANCE.md,0B36BFFAE668EE54ABD91A7041AEBC420B0966CD,452,455,10. 📌 ACTIVE SESSION RULE,HISTORY,YES,RETAIN_SINGLE_PRIMARY_ROLE_NO_SECONDARY_AUTHORITY
LS-MD-0013,audit/AUDIT_UPDATE_GOVERNANCE.md,0B36BFFAE668EE54ABD91A7041AEBC420B0966CD,456,475,ACTIVE SESSION,HISTORY,YES,RETAIN_SINGLE_PRIMARY_ROLE_NO_SECONDARY_AUTHORITY
LS-MD-0013,audit/AUDIT_UPDATE_GOVERNANCE.md,0B36BFFAE668EE54ABD91A7041AEBC420B0966CD,476,494,10.1 Aturan ACTIVE SESSION,HISTORY,YES,RETAIN_SINGLE_PRIMARY_ROLE_NO_SECONDARY_AUTHORITY
LS-MD-0013,audit/AUDIT_UPDATE_GOVERNANCE.md,0B36BFFAE668EE54ABD91A7041AEBC420B0966CD,495,515,10.2 Contoh ACTIVE SESSION,HISTORY,YES,RETAIN_SINGLE_PRIMARY_ROLE_NO_SECONDARY_AUTHORITY
LS-MD-0013,audit/AUDIT_UPDATE_GOVERNANCE.md,0B36BFFAE668EE54ABD91A7041AEBC420B0966CD,516,549,11. 📌 SESSION TRANSITION RULE,HISTORY,YES,RETAIN_SINGLE_PRIMARY_ROLE_NO_SECONDARY_AUTHORITY
LS-MD-0013,audit/AUDIT_UPDATE_GOVERNANCE.md,0B36BFFAE668EE54ABD91A7041AEBC420B0966CD,550,568,12. 📌 ANTI-DUPLICATION RULE,HISTORY,YES,RETAIN_SINGLE_PRIMARY_ROLE_NO_SECONDARY_AUTHORITY
LS-MD-0013,audit/AUDIT_UPDATE_GOVERNANCE.md,0B36BFFAE668EE54ABD91A7041AEBC420B0966CD,569,579,12.1 Contoh salah,HISTORY,YES,RETAIN_SINGLE_PRIMARY_ROLE_NO_SECONDARY_AUTHORITY
LS-MD-0013,audit/AUDIT_UPDATE_GOVERNANCE.md,0B36BFFAE668EE54ABD91A7041AEBC420B0966CD,580,585,12.2 Contoh benar,HISTORY,YES,RETAIN_SINGLE_PRIMARY_ROLE_NO_SECONDARY_AUTHORITY
LS-MD-0013,audit/AUDIT_UPDATE_GOVERNANCE.md,0B36BFFAE668EE54ABD91A7041AEBC420B0966CD,586,607,13. 📌 ATURAN MEMBUAT ENTRY BARU,HISTORY,YES,RETAIN_SINGLE_PRIMARY_ROLE_NO_SECONDARY_AUTHORITY
LS-MD-0013,audit/AUDIT_UPDATE_GOVERNANCE.md,0B36BFFAE668EE54ABD91A7041AEBC420B0966CD,608,633,14. 📌 UPDATE RULE SETIAP SESI,HISTORY,YES,RETAIN_SINGLE_PRIMARY_ROLE_NO_SECONDARY_AUTHORITY
LS-MD-0013,audit/AUDIT_UPDATE_GOVERNANCE.md,0B36BFFAE668EE54ABD91A7041AEBC420B0966CD,634,649,15. 📌 GAP / PROBLEM HANDLING,HISTORY,YES,RETAIN_SINGLE_PRIMARY_ROLE_NO_SECONDARY_AUTHORITY
LS-MD-0013,audit/AUDIT_UPDATE_GOVERNANCE.md,0B36BFFAE668EE54ABD91A7041AEBC420B0966CD,650,671,15.1 Aturan GAP,HISTORY,YES,RETAIN_SINGLE_PRIMARY_ROLE_NO_SECONDARY_AUTHORITY
LS-MD-0013,audit/AUDIT_UPDATE_GOVERNANCE.md,0B36BFFAE668EE54ABD91A7041AEBC420B0966CD,672,693,16. 📌 FINALIZATION RULE SAAT DONE,HISTORY,YES,RETAIN_SINGLE_PRIMARY_ROLE_NO_SECONDARY_AUTHORITY
LS-MD-0013,audit/AUDIT_UPDATE_GOVERNANCE.md,0B36BFFAE668EE54ABD91A7041AEBC420B0966CD,694,706,16.1 Format final untuk IMPLEMENTATION STATUS,HISTORY,YES,RETAIN_SINGLE_PRIMARY_ROLE_NO_SECONDARY_AUTHORITY
LS-MD-0013,audit/AUDIT_UPDATE_GOVERNANCE.md,0B36BFFAE668EE54ABD91A7041AEBC420B0966CD,707,719,16.2 Format final untuk CONTRACT TRACKER,HISTORY,YES,RETAIN_SINGLE_PRIMARY_ROLE_NO_SECONDARY_AUTHORITY
LS-MD-0013,audit/AUDIT_UPDATE_GOVERNANCE.md,0B36BFFAE668EE54ABD91A7041AEBC420B0966CD,720,748,17. 📌 LOCKED RULE,HISTORY,YES,RETAIN_SINGLE_PRIMARY_ROLE_NO_SECONDARY_AUTHORITY
LS-MD-0013,audit/AUDIT_UPDATE_GOVERNANCE.md,0B36BFFAE668EE54ABD91A7041AEBC420B0966CD,749,769,18. 📌 ENTRY SIZE CONTROL,HISTORY,YES,RETAIN_SINGLE_PRIMARY_ROLE_NO_SECONDARY_AUTHORITY
LS-MD-0013,audit/AUDIT_UPDATE_GOVERNANCE.md,0B36BFFAE668EE54ABD91A7041AEBC420B0966CD,770,778,18.1 Format ringkasan HISTORY panjang,HISTORY,YES,RETAIN_SINGLE_PRIMARY_ROLE_NO_SECONDARY_AUTHORITY
LS-MD-0013,audit/AUDIT_UPDATE_GOVERNANCE.md,0B36BFFAE668EE54ABD91A7041AEBC420B0966CD,779,803,19. 📌 AUDIT CORRUPTION RECOVERY,HISTORY,YES,RETAIN_SINGLE_PRIMARY_ROLE_NO_SECONDARY_AUTHORITY
LS-MD-0013,audit/AUDIT_UPDATE_GOVERNANCE.md,0B36BFFAE668EE54ABD91A7041AEBC420B0966CD,804,810,19.1 Contoh recovery history,HISTORY,YES,RETAIN_SINGLE_PRIMARY_ROLE_NO_SECONDARY_AUTHORITY
LS-MD-0013,audit/AUDIT_UPDATE_GOVERNANCE.md,0B36BFFAE668EE54ABD91A7041AEBC420B0966CD,811,834,20. 📌 ENFORCEMENT HARD STOP,HISTORY,YES,RETAIN_SINGLE_PRIMARY_ROLE_NO_SECONDARY_AUTHORITY
LS-MD-0013,audit/AUDIT_UPDATE_GOVERNANCE.md,0B36BFFAE668EE54ABD91A7041AEBC420B0966CD,835,860,21. 📌 VALIDATION CHECKLIST SEBELUM UPDATE AUDIT,HISTORY,YES,RETAIN_SINGLE_PRIMARY_ROLE_NO_SECONDARY_AUTHORITY
LS-MD-0013,audit/AUDIT_UPDATE_GOVERNANCE.md,0B36BFFAE668EE54ABD91A7041AEBC420B0966CD,861,893,22. 📌 ATURAN PENULISAN EVIDENCE,HISTORY,YES,RETAIN_SINGLE_PRIMARY_ROLE_NO_SECONDARY_AUTHORITY
LS-MD-0013,audit/AUDIT_UPDATE_GOVERNANCE.md,0B36BFFAE668EE54ABD91A7041AEBC420B0966CD,894,912,23. 📌 ATURAN JIKA TEST BELUM BISA DIJALANKAN,HISTORY,YES,RETAIN_SINGLE_PRIMARY_ROLE_NO_SECONDARY_AUTHORITY
LS-MD-0013,audit/AUDIT_UPDATE_GOVERNANCE.md,0B36BFFAE668EE54ABD91A7041AEBC420B0966CD,913,929,24. 📌 ATURAN AGAR SESI BERIKUTNYA TIDAK MENGULANG PEMBAHASAN,HISTORY,YES,RETAIN_SINGLE_PRIMARY_ROLE_NO_SECONDARY_AUTHORITY
LS-MD-0013,audit/AUDIT_UPDATE_GOVERNANCE.md,0B36BFFAE668EE54ABD91A7041AEBC420B0966CD,930,953,25. 📌 PENEGASAN PERBEDAAN AUDIT VS LOG,HISTORY,YES,RETAIN_SINGLE_PRIMARY_ROLE_NO_SECONDARY_AUTHORITY
LS-MD-0013,audit/AUDIT_UPDATE_GOVERNANCE.md,0B36BFFAE668EE54ABD91A7041AEBC420B0966CD,954,975,26. 📌 PENEGASAN AKHIR,HISTORY,YES,RETAIN_SINGLE_PRIMARY_ROLE_NO_SECONDARY_AUTHORITY
LS-MD-0013,audit/AUDIT_UPDATE_GOVERNANCE.md,0B36BFFAE668EE54ABD91A7041AEBC420B0966CD,976,985,27. 📌 CROSS-SESSION CONTINUITY & REGRESSION RULE,HISTORY,YES,RETAIN_SINGLE_PRIMARY_ROLE_NO_SECONDARY_AUTHORITY
LS-MD-0013,audit/AUDIT_UPDATE_GOVERNANCE.md,0B36BFFAE668EE54ABD91A7041AEBC420B0966CD,986,1000,27.1 Aturan utama,HISTORY,YES,RETAIN_SINGLE_PRIMARY_ROLE_NO_SECONDARY_AUTHORITY
LS-MD-0013,audit/AUDIT_UPDATE_GOVERNANCE.md,0B36BFFAE668EE54ABD91A7041AEBC420B0966CD,1001,1021,27.2 Jika perubahan sesi ini merusak hasil sesi sebelumnya,HISTORY,YES,RETAIN_SINGLE_PRIMARY_ROLE_NO_SECONDARY_AUTHORITY
LS-MD-0013,audit/AUDIT_UPDATE_GOVERNANCE.md,0B36BFFAE668EE54ABD91A7041AEBC420B0966CD,1022,1042,27.3 Status entry lama jika terdampak,HISTORY,YES,RETAIN_SINGLE_PRIMARY_ROLE_NO_SECONDARY_AUTHORITY
LS-MD-0013,audit/AUDIT_UPDATE_GOVERNANCE.md,0B36BFFAE668EE54ABD91A7041AEBC420B0966CD,1043,1059,27.4 DONE baru harus kompatibel dengan DONE lama,HISTORY,YES,RETAIN_SINGLE_PRIMARY_ROLE_NO_SECONDARY_AUTHORITY
LS-MD-0013,audit/AUDIT_UPDATE_GOVERNANCE.md,0B36BFFAE668EE54ABD91A7041AEBC420B0966CD,1060,1078,28. 📌 REGRESSION IMPACT CHECKLIST,HISTORY,YES,RETAIN_SINGLE_PRIMARY_ROLE_NO_SECONDARY_AUTHORITY
LS-MD-0013,audit/AUDIT_UPDATE_GOVERNANCE.md,0B36BFFAE668EE54ABD91A7041AEBC420B0966CD,1079,1108,29. 📌 BACKWARD COMPATIBILITY RULE,HISTORY,YES,RETAIN_SINGLE_PRIMARY_ROLE_NO_SECONDARY_AUTHORITY
LS-MD-0013,audit/AUDIT_UPDATE_GOVERNANCE.md,0B36BFFAE668EE54ABD91A7041AEBC420B0966CD,1109,1133,30. 📌 DONE RECONCILIATION RULE,HISTORY,YES,RETAIN_SINGLE_PRIMARY_ROLE_NO_SECONDARY_AUTHORITY
LS-MD-0013,audit/AUDIT_UPDATE_GOVERNANCE.md,0B36BFFAE668EE54ABD91A7041AEBC420B0966CD,1134,1167,31. 📌 RUNTIME ENVIRONMENT BASELINE HARD RULE,HISTORY,YES,RETAIN_SINGLE_PRIMARY_ROLE_NO_SECONDARY_AUTHORITY
LS-MD-0013,audit/AUDIT_UPDATE_GOVERNANCE.md,0B36BFFAE668EE54ABD91A7041AEBC420B0966CD,1168,1186,🧠 RINGKASAN INTI,HISTORY,YES,RETAIN_SINGLE_PRIMARY_ROLE_NO_SECONDARY_AUTHORITY
LS-MD-0013,audit/AUDIT_UPDATE_GOVERNANCE.md,0B36BFFAE668EE54ABD91A7041AEBC420B0966CD,1187,1225,29. 📌 AUDIT DOCS SYNCHRONIZATION HARD RULE,HISTORY,YES,RETAIN_SINGLE_PRIMARY_ROLE_NO_SECONDARY_AUTHORITY
LS-MD-0013,audit/AUDIT_UPDATE_GOVERNANCE.md,0B36BFFAE668EE54ABD91A7041AEBC420B0966CD,1226,1239,30. OUT-OF-ORDER IMPORT EXECUTION GOVERNANCE AMENDMENT - 2026-05-27,HISTORY,YES,RETAIN_SINGLE_PRIMARY_ROLE_NO_SECONDARY_AUTHORITY
LS-MD-0013,audit/AUDIT_UPDATE_GOVERNANCE.md,0B36BFFAE668EE54ABD91A7041AEBC420B0966CD,1240,1258,Database Dictionary Required Rule,HISTORY,YES,RETAIN_SINGLE_PRIMARY_ROLE_NO_SECONDARY_AUTHORITY
LS-MD-0013,audit/AUDIT_UPDATE_GOVERNANCE.md,0B36BFFAE668EE54ABD91A7041AEBC420B0966CD,1259,1271,28. Pencabutan klaim dilakukan di tempat (LOCKED),HISTORY,YES,RETAIN_SINGLE_PRIMARY_ROLE_NO_SECONDARY_AUTHORITY
LS-MD-0014,audit/checklists/CHECKLIST_CROSS_LAYER_CONSISTENCY.md,F1E748941DEEB4145786A866665721EAD972B3EA,1,4,Checklist Cross-Layer Consistency,HISTORY,YES,RETAIN_SINGLE_PRIMARY_ROLE_NO_SECONDARY_AUTHORITY
LS-MD-0014,audit/checklists/CHECKLIST_CROSS_LAYER_CONSISTENCY.md,F1E748941DEEB4145786A866665721EAD972B3EA,5,10,Item 1,HISTORY,YES,RETAIN_SINGLE_PRIMARY_ROLE_NO_SECONDARY_AUTHORITY
LS-MD-0014,audit/checklists/CHECKLIST_CROSS_LAYER_CONSISTENCY.md,F1E748941DEEB4145786A866665721EAD972B3EA,11,16,Item 2,HISTORY,YES,RETAIN_SINGLE_PRIMARY_ROLE_NO_SECONDARY_AUTHORITY
LS-MD-0014,audit/checklists/CHECKLIST_CROSS_LAYER_CONSISTENCY.md,F1E748941DEEB4145786A866665721EAD972B3EA,17,22,Item 3,HISTORY,YES,RETAIN_SINGLE_PRIMARY_ROLE_NO_SECONDARY_AUTHORITY
LS-MD-0014,audit/checklists/CHECKLIST_CROSS_LAYER_CONSISTENCY.md,F1E748941DEEB4145786A866665721EAD972B3EA,23,28,Item 4,HISTORY,YES,RETAIN_SINGLE_PRIMARY_ROLE_NO_SECONDARY_AUTHORITY
LS-MD-0014,audit/checklists/CHECKLIST_CROSS_LAYER_CONSISTENCY.md,F1E748941DEEB4145786A866665721EAD972B3EA,29,34,Item 5,HISTORY,YES,RETAIN_SINGLE_PRIMARY_ROLE_NO_SECONDARY_AUTHORITY
LS-MD-0014,audit/checklists/CHECKLIST_CROSS_LAYER_CONSISTENCY.md,F1E748941DEEB4145786A866665721EAD972B3EA,35,40,Item 6,HISTORY,YES,RETAIN_SINGLE_PRIMARY_ROLE_NO_SECONDARY_AUTHORITY
LS-MD-0014,audit/checklists/CHECKLIST_CROSS_LAYER_CONSISTENCY.md,F1E748941DEEB4145786A866665721EAD972B3EA,41,45,Item 7,HISTORY,YES,RETAIN_SINGLE_PRIMARY_ROLE_NO_SECONDARY_AUTHORITY
LS-MD-0015,audit/checklists/CHECKLIST_DOMAIN_DRIFT.md,E2B7BBDA94C2B9D90514308850499429547FD9C1,1,4,Checklist Domain Drift,HISTORY,YES,RETAIN_SINGLE_PRIMARY_ROLE_NO_SECONDARY_AUTHORITY
LS-MD-0015,audit/checklists/CHECKLIST_DOMAIN_DRIFT.md,E2B7BBDA94C2B9D90514308850499429547FD9C1,5,10,Item 1,HISTORY,YES,RETAIN_SINGLE_PRIMARY_ROLE_NO_SECONDARY_AUTHORITY
LS-MD-0015,audit/checklists/CHECKLIST_DOMAIN_DRIFT.md,E2B7BBDA94C2B9D90514308850499429547FD9C1,11,16,Item 2,HISTORY,YES,RETAIN_SINGLE_PRIMARY_ROLE_NO_SECONDARY_AUTHORITY
LS-MD-0015,audit/checklists/CHECKLIST_DOMAIN_DRIFT.md,E2B7BBDA94C2B9D90514308850499429547FD9C1,17,22,Item 3,HISTORY,YES,RETAIN_SINGLE_PRIMARY_ROLE_NO_SECONDARY_AUTHORITY
LS-MD-0015,audit/checklists/CHECKLIST_DOMAIN_DRIFT.md,E2B7BBDA94C2B9D90514308850499429547FD9C1,23,28,Item 4,HISTORY,YES,RETAIN_SINGLE_PRIMARY_ROLE_NO_SECONDARY_AUTHORITY
LS-MD-0015,audit/checklists/CHECKLIST_DOMAIN_DRIFT.md,E2B7BBDA94C2B9D90514308850499429547FD9C1,29,33,Item 5,HISTORY,YES,RETAIN_SINGLE_PRIMARY_ROLE_NO_SECONDARY_AUTHORITY
LS-MD-0016,audit/checklists/CHECKLIST_LAYER_A_SYSTEM_DOCS.md,E4936AF6A1B94AB8FEF94DD52FDF0FA3F70A8B62,1,4,Checklist Layer A — System Docs,HISTORY,YES,RETAIN_SINGLE_PRIMARY_ROLE_NO_SECONDARY_AUTHORITY
LS-MD-0016,audit/checklists/CHECKLIST_LAYER_A_SYSTEM_DOCS.md,E4936AF6A1B94AB8FEF94DD52FDF0FA3F70A8B62,5,10,Item 1,HISTORY,YES,RETAIN_SINGLE_PRIMARY_ROLE_NO_SECONDARY_AUTHORITY
LS-MD-0016,audit/checklists/CHECKLIST_LAYER_A_SYSTEM_DOCS.md,E4936AF6A1B94AB8FEF94DD52FDF0FA3F70A8B62,11,16,Item 2,HISTORY,YES,RETAIN_SINGLE_PRIMARY_ROLE_NO_SECONDARY_AUTHORITY
LS-MD-0016,audit/checklists/CHECKLIST_LAYER_A_SYSTEM_DOCS.md,E4936AF6A1B94AB8FEF94DD52FDF0FA3F70A8B62,17,22,Item 3,HISTORY,YES,RETAIN_SINGLE_PRIMARY_ROLE_NO_SECONDARY_AUTHORITY
LS-MD-0016,audit/checklists/CHECKLIST_LAYER_A_SYSTEM_DOCS.md,E4936AF6A1B94AB8FEF94DD52FDF0FA3F70A8B62,23,28,Item 4,HISTORY,YES,RETAIN_SINGLE_PRIMARY_ROLE_NO_SECONDARY_AUTHORITY
LS-MD-0016,audit/checklists/CHECKLIST_LAYER_A_SYSTEM_DOCS.md,E4936AF6A1B94AB8FEF94DD52FDF0FA3F70A8B62,29,34,Item 5,HISTORY,YES,RETAIN_SINGLE_PRIMARY_ROLE_NO_SECONDARY_AUTHORITY
LS-MD-0016,audit/checklists/CHECKLIST_LAYER_A_SYSTEM_DOCS.md,E4936AF6A1B94AB8FEF94DD52FDF0FA3F70A8B62,35,40,Item 6,HISTORY,YES,RETAIN_SINGLE_PRIMARY_ROLE_NO_SECONDARY_AUTHORITY
LS-MD-0016,audit/checklists/CHECKLIST_LAYER_A_SYSTEM_DOCS.md,E4936AF6A1B94AB8FEF94DD52FDF0FA3F70A8B62,41,46,Item 7,HISTORY,YES,RETAIN_SINGLE_PRIMARY_ROLE_NO_SECONDARY_AUTHORITY
LS-MD-0016,audit/checklists/CHECKLIST_LAYER_A_SYSTEM_DOCS.md,E4936AF6A1B94AB8FEF94DD52FDF0FA3F70A8B62,47,51,Item 8,HISTORY,YES,RETAIN_SINGLE_PRIMARY_ROLE_NO_SECONDARY_AUTHORITY
LS-MD-0017,audit/checklists/CHECKLIST_LAYER_B_IMPLEMENTATION_GUIDANCE.md,24B1B29B763A1A08220C54620CD60A8F3D1EB4B9,1,4,Checklist Layer B — Implementation Guidance,HISTORY,YES,RETAIN_SINGLE_PRIMARY_ROLE_NO_SECONDARY_AUTHORITY
LS-MD-0017,audit/checklists/CHECKLIST_LAYER_B_IMPLEMENTATION_GUIDANCE.md,24B1B29B763A1A08220C54620CD60A8F3D1EB4B9,5,10,Item 1,HISTORY,YES,RETAIN_SINGLE_PRIMARY_ROLE_NO_SECONDARY_AUTHORITY
LS-MD-0017,audit/checklists/CHECKLIST_LAYER_B_IMPLEMENTATION_GUIDANCE.md,24B1B29B763A1A08220C54620CD60A8F3D1EB4B9,11,16,Item 2,HISTORY,YES,RETAIN_SINGLE_PRIMARY_ROLE_NO_SECONDARY_AUTHORITY
LS-MD-0017,audit/checklists/CHECKLIST_LAYER_B_IMPLEMENTATION_GUIDANCE.md,24B1B29B763A1A08220C54620CD60A8F3D1EB4B9,17,22,Item 3,HISTORY,YES,RETAIN_SINGLE_PRIMARY_ROLE_NO_SECONDARY_AUTHORITY
LS-MD-0017,audit/checklists/CHECKLIST_LAYER_B_IMPLEMENTATION_GUIDANCE.md,24B1B29B763A1A08220C54620CD60A8F3D1EB4B9,23,28,Item 4,HISTORY,YES,RETAIN_SINGLE_PRIMARY_ROLE_NO_SECONDARY_AUTHORITY
LS-MD-0017,audit/checklists/CHECKLIST_LAYER_B_IMPLEMENTATION_GUIDANCE.md,24B1B29B763A1A08220C54620CD60A8F3D1EB4B9,29,34,Item 5,HISTORY,YES,RETAIN_SINGLE_PRIMARY_ROLE_NO_SECONDARY_AUTHORITY
LS-MD-0017,audit/checklists/CHECKLIST_LAYER_B_IMPLEMENTATION_GUIDANCE.md,24B1B29B763A1A08220C54620CD60A8F3D1EB4B9,35,40,Item 6,HISTORY,YES,RETAIN_SINGLE_PRIMARY_ROLE_NO_SECONDARY_AUTHORITY
LS-MD-0017,audit/checklists/CHECKLIST_LAYER_B_IMPLEMENTATION_GUIDANCE.md,24B1B29B763A1A08220C54620CD60A8F3D1EB4B9,41,46,Item 7,HISTORY,YES,RETAIN_SINGLE_PRIMARY_ROLE_NO_SECONDARY_AUTHORITY
LS-MD-0017,audit/checklists/CHECKLIST_LAYER_B_IMPLEMENTATION_GUIDANCE.md,24B1B29B763A1A08220C54620CD60A8F3D1EB4B9,47,51,Item 8,HISTORY,YES,RETAIN_SINGLE_PRIMARY_ROLE_NO_SECONDARY_AUTHORITY
LS-MD-0018,audit/checklists/CHECKLIST_LAYER_C_REAL_IMPLEMENTATION_RUNTIME.md,48A83FE23E21A05FE03F336A783E64251E941215,1,4,Checklist Layer C — Real Implementation / App Runtime,HISTORY,YES,RETAIN_SINGLE_PRIMARY_ROLE_NO_SECONDARY_AUTHORITY
LS-MD-0018,audit/checklists/CHECKLIST_LAYER_C_REAL_IMPLEMENTATION_RUNTIME.md,48A83FE23E21A05FE03F336A783E64251E941215,5,10,Item 1,HISTORY,YES,RETAIN_SINGLE_PRIMARY_ROLE_NO_SECONDARY_AUTHORITY
LS-MD-0018,audit/checklists/CHECKLIST_LAYER_C_REAL_IMPLEMENTATION_RUNTIME.md,48A83FE23E21A05FE03F336A783E64251E941215,11,16,Item 2,HISTORY,YES,RETAIN_SINGLE_PRIMARY_ROLE_NO_SECONDARY_AUTHORITY
LS-MD-0018,audit/checklists/CHECKLIST_LAYER_C_REAL_IMPLEMENTATION_RUNTIME.md,48A83FE23E21A05FE03F336A783E64251E941215,17,22,Item 3,HISTORY,YES,RETAIN_SINGLE_PRIMARY_ROLE_NO_SECONDARY_AUTHORITY
LS-MD-0018,audit/checklists/CHECKLIST_LAYER_C_REAL_IMPLEMENTATION_RUNTIME.md,48A83FE23E21A05FE03F336A783E64251E941215,23,28,Item 4,HISTORY,YES,RETAIN_SINGLE_PRIMARY_ROLE_NO_SECONDARY_AUTHORITY
LS-MD-0018,audit/checklists/CHECKLIST_LAYER_C_REAL_IMPLEMENTATION_RUNTIME.md,48A83FE23E21A05FE03F336A783E64251E941215,29,34,Item 5,HISTORY,YES,RETAIN_SINGLE_PRIMARY_ROLE_NO_SECONDARY_AUTHORITY
LS-MD-0018,audit/checklists/CHECKLIST_LAYER_C_REAL_IMPLEMENTATION_RUNTIME.md,48A83FE23E21A05FE03F336A783E64251E941215,35,40,Item 6,HISTORY,YES,RETAIN_SINGLE_PRIMARY_ROLE_NO_SECONDARY_AUTHORITY
LS-MD-0018,audit/checklists/CHECKLIST_LAYER_C_REAL_IMPLEMENTATION_RUNTIME.md,48A83FE23E21A05FE03F336A783E64251E941215,41,45,Item 7,HISTORY,YES,RETAIN_SINGLE_PRIMARY_ROLE_NO_SECONDARY_AUTHORITY
LS-MD-0019,audit/CONFIG_ENV_GOVERNANCE_CLEANUP_INVENTORY.md,B522643CB68AFF2ECC9A8268A482C11CE2D61598,1,10,Config / ENV Governance Cleanup Inventory,IMPLEMENTATION,YES,SPLIT_EXACT_SECTION
LS-MD-0019,audit/CONFIG_ENV_GOVERNANCE_CLEANUP_INVENTORY.md,B522643CB68AFF2ECC9A8268A482C11CE2D61598,11,14,Scope,GOVERNANCE,YES,SPLIT_EXACT_SECTION
LS-MD-0019,audit/CONFIG_ENV_GOVERNANCE_CLEANUP_INVENTORY.md,B522643CB68AFF2ECC9A8268A482C11CE2D61598,15,27,Existing Contract / Test / Doc Matrix,GOVERNANCE,YES,SPLIT_EXACT_SECTION
LS-MD-0019,audit/CONFIG_ENV_GOVERNANCE_CLEANUP_INVENTORY.md,B522643CB68AFF2ECC9A8268A482C11CE2D61598,28,36,Schema / Config Alignment Matrix,IMPLEMENTATION,YES,SPLIT_EXACT_SECTION
LS-MD-0019,audit/CONFIG_ENV_GOVERNANCE_CLEANUP_INVENTORY.md,B522643CB68AFF2ECC9A8268A482C11CE2D61598,37,111,Config / ENV Inventory Matrix,IMPLEMENTATION,YES,SPLIT_EXACT_SECTION
LS-MD-0019,audit/CONFIG_ENV_GOVERNANCE_CLEANUP_INVENTORY.md,B522643CB68AFF2ECC9A8268A482C11CE2D61598,112,123,`tickers.is_active` Decision Matrix,DECISION,YES,SPLIT_EXACT_SECTION
LS-MD-0019,audit/CONFIG_ENV_GOVERNANCE_CLEANUP_INVENTORY.md,B522643CB68AFF2ECC9A8268A482C11CE2D61598,124,133,Pruning Matrix,IMPLEMENTATION,YES,SPLIT_EXACT_SECTION
LS-MD-0019,audit/CONFIG_ENV_GOVERNANCE_CLEANUP_INVENTORY.md,B522643CB68AFF2ECC9A8268A482C11CE2D61598,134,149,Caller Trace Matrix,IMPLEMENTATION,YES,SPLIT_EXACT_SECTION
LS-MD-0019,audit/CONFIG_ENV_GOVERNANCE_CLEANUP_INVENTORY.md,B522643CB68AFF2ECC9A8268A482C11CE2D61598,150,159,Patch Matrix,IMPLEMENTATION,YES,SPLIT_EXACT_SECTION
LS-MD-0019,audit/CONFIG_ENV_GOVERNANCE_CLEANUP_INVENTORY.md,B522643CB68AFF2ECC9A8268A482C11CE2D61598,160,169,Validation Matrix,EVIDENCE,YES,SPLIT_EXACT_SECTION
LS-MD-0019,audit/CONFIG_ENV_GOVERNANCE_CLEANUP_INVENTORY.md,B522643CB68AFF2ECC9A8268A482C11CE2D61598,170,174,Final Decision,DECISION,YES,SPLIT_EXACT_SECTION
LS-MD-0019,audit/CONFIG_ENV_GOVERNANCE_CLEANUP_INVENTORY.md,B522643CB68AFF2ECC9A8268A482C11CE2D61598,175,181,Production-Ready Reconciliation Addendum,RESEARCH,YES,SPLIT_EXACT_SECTION
LS-MD-0019,audit/CONFIG_ENV_GOVERNANCE_CLEANUP_INVENTORY.md,B522643CB68AFF2ECC9A8268A482C11CE2D61598,182,236,2026-05-23 — SOURCE READY → FULL PRODUCTION READY GAP CLOSURE,FINDING,YES,SPLIT_EXACT_SECTION
LS-MD-0019,audit/CONFIG_ENV_GOVERNANCE_CLEANUP_INVENTORY.md,B522643CB68AFF2ECC9A8268A482C11CE2D61598,237,254,2026-05-24 — Market Benchmark + Indicator Extension Config Governance Re-Check,CONTEXT,NO,SPLIT_EXACT_SECTION
LS-MD-0020,audit/CORRECTION_LIFECYCLE_HARDENING_INVENTORY.md,CF3BD55641F75EDA47DC3EB456D1824632863949,1,7,Correction Lifecycle Hardening Inventory,IMPLEMENTATION,YES,SPLIT_EXACT_SECTION
LS-MD-0020,audit/CORRECTION_LIFECYCLE_HARDENING_INVENTORY.md,CF3BD55641F75EDA47DC3EB456D1824632863949,8,15,Session,CONTEXT,NO,SPLIT_EXACT_SECTION
LS-MD-0020,audit/CORRECTION_LIFECYCLE_HARDENING_INVENTORY.md,CF3BD55641F75EDA47DC3EB456D1824632863949,16,39,Decision Matrix,DECISION,YES,SPLIT_EXACT_SECTION
LS-MD-0020,audit/CORRECTION_LIFECYCLE_HARDENING_INVENTORY.md,CF3BD55641F75EDA47DC3EB456D1824632863949,40,57,Runtime Proof,EVIDENCE,YES,SPLIT_EXACT_SECTION
LS-MD-0020,audit/CORRECTION_LIFECYCLE_HARDENING_INVENTORY.md,CF3BD55641F75EDA47DC3EB456D1824632863949,58,82,Validation,EVIDENCE,YES,SPLIT_EXACT_SECTION
LS-MD-0020,audit/CORRECTION_LIFECYCLE_HARDENING_INVENTORY.md,CF3BD55641F75EDA47DC3EB456D1824632863949,83,87,Closed Runtime Gaps,FINDING,YES,SPLIT_EXACT_SECTION
LS-MD-0020,audit/CORRECTION_LIFECYCLE_HARDENING_INVENTORY.md,CF3BD55641F75EDA47DC3EB456D1824632863949,88,93,Remaining Risk,FINDING,YES,SPLIT_EXACT_SECTION
LS-MD-0020,audit/CORRECTION_LIFECYCLE_HARDENING_INVENTORY.md,CF3BD55641F75EDA47DC3EB456D1824632863949,94,121,Final Lock Patch Addendum - Unchanged Evidence Candidate Alias Fix,EVIDENCE,YES,SPLIT_EXACT_SECTION
LS-MD-0020,audit/CORRECTION_LIFECYCLE_HARDENING_INVENTORY.md,CF3BD55641F75EDA47DC3EB456D1824632863949,122,176,2026-05-23 - Source Ready to Full Production Ready Gap Closure,FINDING,YES,SPLIT_EXACT_SECTION
LS-MD-0020,audit/CORRECTION_LIFECYCLE_HARDENING_INVENTORY.md,CF3BD55641F75EDA47DC3EB456D1824632863949,177,194,2026-05-24 - Market Benchmark + Indicator Extension Non-Regression Re-Check,CONTEXT,NO,SPLIT_EXACT_SECTION
LS-MD-0021,audit/COVERAGE_GATE_CANDIDATE_SCOPE_HARDENING_INVENTORY.md,DDF61DF585B439719BE513385796A126871558FD,1,125,Coverage Gate Candidate Scope Hardening Inventory,IMPLEMENTATION,YES,SPLIT_EXACT_SECTION
LS-MD-0021,audit/COVERAGE_GATE_CANDIDATE_SCOPE_HARDENING_INVENTORY.md,DDF61DF585B439719BE513385796A126871558FD,126,143,Fix3 command-surface source telemetry isolation,IMPLEMENTATION,YES,SPLIT_EXACT_SECTION
LS-MD-0021,audit/COVERAGE_GATE_CANDIDATE_SCOPE_HARDENING_INVENTORY.md,DDF61DF585B439719BE513385796A126871558FD,144,167,Fix4 full-suite command telemetry and eligibility expectation recovery,IMPLEMENTATION,YES,SPLIT_EXACT_SECTION
LS-MD-0021,audit/COVERAGE_GATE_CANDIDATE_SCOPE_HARDENING_INVENTORY.md,DDF61DF585B439719BE513385796A126871558FD,168,173,FINAL_CLOSURE_2026_05_13,CONTEXT,NO,SPLIT_EXACT_SECTION
LS-MD-0022,audit/DB_INTEGRITY_FK_IMPLICIT_INTEGRITY_DECISION_INVENTORY.md,BA5CB0819D76C0ADAEA2600174DA40EF3CFF16A3,1,10,DB Integrity FK / Implicit Integrity Decision Inventory,DECISION,YES,SPLIT_EXACT_SECTION
LS-MD-0022,audit/DB_INTEGRITY_FK_IMPLICIT_INTEGRITY_DECISION_INVENTORY.md,BA5CB0819D76C0ADAEA2600174DA40EF3CFF16A3,11,14,Scope confirmation,GOVERNANCE,YES,SPLIT_EXACT_SECTION
LS-MD-0022,audit/DB_INTEGRITY_FK_IMPLICIT_INTEGRITY_DECISION_INVENTORY.md,BA5CB0819D76C0ADAEA2600174DA40EF3CFF16A3,15,26,Existing contract owner,GOVERNANCE,YES,SPLIT_EXACT_SECTION
LS-MD-0022,audit/DB_INTEGRITY_FK_IMPLICIT_INTEGRITY_DECISION_INVENTORY.md,BA5CB0819D76C0ADAEA2600174DA40EF3CFF16A3,27,39,Final policy decision,DECISION,YES,SPLIT_EXACT_SECTION
LS-MD-0022,audit/DB_INTEGRITY_FK_IMPLICIT_INTEGRITY_DECISION_INVENTORY.md,BA5CB0819D76C0ADAEA2600174DA40EF3CFF16A3,40,62,Schema Constraint Matrix,IMPLEMENTATION,YES,SPLIT_EXACT_SECTION
LS-MD-0022,audit/DB_INTEGRITY_FK_IMPLICIT_INTEGRITY_DECISION_INVENTORY.md,BA5CB0819D76C0ADAEA2600174DA40EF3CFF16A3,63,78,Live Artifact Relation Decision Matrix,DECISION,YES,SPLIT_EXACT_SECTION
LS-MD-0022,audit/DB_INTEGRITY_FK_IMPLICIT_INTEGRITY_DECISION_INVENTORY.md,BA5CB0819D76C0ADAEA2600174DA40EF3CFF16A3,79,90,Write Path Integrity Matrix,IMPLEMENTATION,YES,SPLIT_EXACT_SECTION
LS-MD-0022,audit/DB_INTEGRITY_FK_IMPLICIT_INTEGRITY_DECISION_INVENTORY.md,BA5CB0819D76C0ADAEA2600174DA40EF3CFF16A3,91,102,Read Path Integrity Matrix,IMPLEMENTATION,YES,SPLIT_EXACT_SECTION
LS-MD-0022,audit/DB_INTEGRITY_FK_IMPLICIT_INTEGRITY_DECISION_INVENTORY.md,BA5CB0819D76C0ADAEA2600174DA40EF3CFF16A3,103,117,FK Candidate Matrix,CONTEXT,NO,SPLIT_EXACT_SECTION
LS-MD-0022,audit/DB_INTEGRITY_FK_IMPLICIT_INTEGRITY_DECISION_INVENTORY.md,BA5CB0819D76C0ADAEA2600174DA40EF3CFF16A3,118,129,Implicit Guard Matrix,CONTEXT,NO,SPLIT_EXACT_SECTION
LS-MD-0022,audit/DB_INTEGRITY_FK_IMPLICIT_INTEGRITY_DECISION_INVENTORY.md,BA5CB0819D76C0ADAEA2600174DA40EF3CFF16A3,130,138,Patch Matrix,IMPLEMENTATION,YES,SPLIT_EXACT_SECTION
LS-MD-0022,audit/DB_INTEGRITY_FK_IMPLICIT_INTEGRITY_DECISION_INVENTORY.md,BA5CB0819D76C0ADAEA2600174DA40EF3CFF16A3,139,149,Validation Matrix,EVIDENCE,YES,SPLIT_EXACT_SECTION
LS-MD-0022,audit/DB_INTEGRITY_FK_IMPLICIT_INTEGRITY_DECISION_INVENTORY.md,BA5CB0819D76C0ADAEA2600174DA40EF3CFF16A3,150,152,Final rule,GOVERNANCE,YES,SPLIT_EXACT_SECTION
LS-MD-0023,audit/DB_SCHEMA_MIGRATION_SYNC_INVENTORY.md,2C21334498F0471DF8EE45D555AC98F3F5279BB4,1,10,DB Schema / Migration Sync Inventory,IMPLEMENTATION,YES,SPLIT_EXACT_SECTION
LS-MD-0023,audit/DB_SCHEMA_MIGRATION_SYNC_INVENTORY.md,2C21334498F0471DF8EE45D555AC98F3F5279BB4,11,16,Scope,GOVERNANCE,YES,SPLIT_EXACT_SECTION
LS-MD-0023,audit/DB_SCHEMA_MIGRATION_SYNC_INVENTORY.md,2C21334498F0471DF8EE45D555AC98F3F5279BB4,17,36,Drift Matrix,FINDING,YES,SPLIT_EXACT_SECTION
LS-MD-0023,audit/DB_SCHEMA_MIGRATION_SYNC_INVENTORY.md,2C21334498F0471DF8EE45D555AC98F3F5279BB4,37,44,Decisions,CONTEXT,NO,SPLIT_EXACT_SECTION
LS-MD-0023,audit/DB_SCHEMA_MIGRATION_SYNC_INVENTORY.md,2C21334498F0471DF8EE45D555AC98F3F5279BB4,45,56,Patch Matrix,IMPLEMENTATION,YES,SPLIT_EXACT_SECTION
LS-MD-0023,audit/DB_SCHEMA_MIGRATION_SYNC_INVENTORY.md,2C21334498F0471DF8EE45D555AC98F3F5279BB4,57,80,Validation Matrix,EVIDENCE,YES,SPLIT_EXACT_SECTION
LS-MD-0023,audit/DB_SCHEMA_MIGRATION_SYNC_INVENTORY.md,2C21334498F0471DF8EE45D555AC98F3F5279BB4,81,84,Remaining Risk,FINDING,YES,SPLIT_EXACT_SECTION
LS-MD-0024,audit/EVIDENCE_EXPORT_RUNTIME_PROOF_INVENTORY.md,CE951167381AE5231B705EE619EA1FECEEC18A9E,1,9,EVIDENCE EXPORT RUNTIME PROOF INVENTORY,EVIDENCE,YES,SPLIT_EXACT_SECTION
LS-MD-0024,audit/EVIDENCE_EXPORT_RUNTIME_PROOF_INVENTORY.md,CE951167381AE5231B705EE619EA1FECEEC18A9E,10,15,Scope,GOVERNANCE,YES,SPLIT_EXACT_SECTION
LS-MD-0024,audit/EVIDENCE_EXPORT_RUNTIME_PROOF_INVENTORY.md,CE951167381AE5231B705EE619EA1FECEEC18A9E,16,28,Decision,DECISION,YES,SPLIT_EXACT_SECTION
LS-MD-0024,audit/EVIDENCE_EXPORT_RUNTIME_PROOF_INVENTORY.md,CE951167381AE5231B705EE619EA1FECEEC18A9E,29,39,Pre-check trace,CONTEXT,NO,SPLIT_EXACT_SECTION
LS-MD-0024,audit/EVIDENCE_EXPORT_RUNTIME_PROOF_INVENTORY.md,CE951167381AE5231B705EE619EA1FECEEC18A9E,40,59,Evidence area matrix,EVIDENCE,YES,SPLIT_EXACT_SECTION
LS-MD-0024,audit/EVIDENCE_EXPORT_RUNTIME_PROOF_INVENTORY.md,CE951167381AE5231B705EE619EA1FECEEC18A9E,60,89,Artifact list after patch,EVIDENCE,YES,SPLIT_EXACT_SECTION
LS-MD-0024,audit/EVIDENCE_EXPORT_RUNTIME_PROOF_INVENTORY.md,CE951167381AE5231B705EE619EA1FECEEC18A9E,90,103,Container validation,EVIDENCE,YES,SPLIT_EXACT_SECTION
LS-MD-0024,audit/EVIDENCE_EXPORT_RUNTIME_PROOF_INVENTORY.md,CE951167381AE5231B705EE619EA1FECEEC18A9E,104,136,Operator-local validation completed,EVIDENCE,YES,SPLIT_EXACT_SECTION
LS-MD-0024,audit/EVIDENCE_EXPORT_RUNTIME_PROOF_INVENTORY.md,CE951167381AE5231B705EE619EA1FECEEC18A9E,137,154,Operator-local validation closure,EVIDENCE,YES,SPLIT_EXACT_SECTION
LS-MD-0024,audit/EVIDENCE_EXPORT_RUNTIME_PROOF_INVENTORY.md,CE951167381AE5231B705EE619EA1FECEEC18A9E,155,165,Remaining risk,FINDING,YES,SPLIT_EXACT_SECTION
LS-MD-0024,audit/EVIDENCE_EXPORT_RUNTIME_PROOF_INVENTORY.md,CE951167381AE5231B705EE619EA1FECEEC18A9E,166,174,2026-05-19 correction/replay runtime proof follow-up,EVIDENCE,YES,SPLIT_EXACT_SECTION
LS-MD-0024,audit/EVIDENCE_EXPORT_RUNTIME_PROOF_INVENTORY.md,CE951167381AE5231B705EE619EA1FECEEC18A9E,175,182,2026-05-19 final full-selector lock proof,EVIDENCE,YES,SPLIT_EXACT_SECTION
LS-MD-0025,audit/EVIDENCE_HISTORICAL_LINEAGE_COMPLETENESS_INVENTORY.md,41DCC6ED7C59A480873EA7C1F71EEB470396403D,1,9,EVIDENCE HISTORICAL LINEAGE COMPLETENESS INVENTORY,EVIDENCE,YES,SPLIT_EXACT_SECTION
LS-MD-0025,audit/EVIDENCE_HISTORICAL_LINEAGE_COMPLETENESS_INVENTORY.md,41DCC6ED7C59A480873EA7C1F71EEB470396403D,10,15,Scope,GOVERNANCE,YES,SPLIT_EXACT_SECTION
LS-MD-0025,audit/EVIDENCE_HISTORICAL_LINEAGE_COMPLETENESS_INVENTORY.md,41DCC6ED7C59A480873EA7C1F71EEB470396403D,16,27,Existing contract owner,GOVERNANCE,YES,SPLIT_EXACT_SECTION
LS-MD-0025,audit/EVIDENCE_HISTORICAL_LINEAGE_COMPLETENESS_INVENTORY.md,41DCC6ED7C59A480873EA7C1F71EEB470396403D,28,36,Evidence selector resolver matrix,EVIDENCE,YES,SPLIT_EXACT_SECTION
LS-MD-0025,audit/EVIDENCE_HISTORICAL_LINEAGE_COMPLETENESS_INVENTORY.md,41DCC6ED7C59A480873EA7C1F71EEB470396403D,37,45,Consumer vs evidence resolver matrix,EVIDENCE,YES,SPLIT_EXACT_SECTION
LS-MD-0025,audit/EVIDENCE_HISTORICAL_LINEAGE_COMPLETENESS_INVENTORY.md,41DCC6ED7C59A480873EA7C1F71EEB470396403D,46,55,Historical publication risk matrix,CONTEXT,NO,SPLIT_EXACT_SECTION
LS-MD-0025,audit/EVIDENCE_HISTORICAL_LINEAGE_COMPLETENESS_INVENTORY.md,41DCC6ED7C59A480873EA7C1F71EEB470396403D,56,65,Artifact scope matrix,GOVERNANCE,YES,SPLIT_EXACT_SECTION
LS-MD-0025,audit/EVIDENCE_HISTORICAL_LINEAGE_COMPLETENESS_INVENTORY.md,41DCC6ED7C59A480873EA7C1F71EEB470396403D,66,73,Correction / replay lineage matrix,CONTEXT,NO,SPLIT_EXACT_SECTION
LS-MD-0025,audit/EVIDENCE_HISTORICAL_LINEAGE_COMPLETENESS_INVENTORY.md,41DCC6ED7C59A480873EA7C1F71EEB470396403D,74,84,Patch matrix,IMPLEMENTATION,YES,SPLIT_EXACT_SECTION
LS-MD-0025,audit/EVIDENCE_HISTORICAL_LINEAGE_COMPLETENESS_INVENTORY.md,41DCC6ED7C59A480873EA7C1F71EEB470396403D,85,106,Validation matrix,EVIDENCE,YES,SPLIT_EXACT_SECTION
LS-MD-0025,audit/EVIDENCE_HISTORICAL_LINEAGE_COMPLETENESS_INVENTORY.md,41DCC6ED7C59A480873EA7C1F71EEB470396403D,107,113,Runtime environment,CONTEXT,NO,SPLIT_EXACT_SECTION
LS-MD-0025,audit/EVIDENCE_HISTORICAL_LINEAGE_COMPLETENESS_INVENTORY.md,41DCC6ED7C59A480873EA7C1F71EEB470396403D,114,117,Remaining risk,FINDING,YES,SPLIT_EXACT_SECTION
LS-MD-0025,audit/EVIDENCE_HISTORICAL_LINEAGE_COMPLETENESS_INVENTORY.md,41DCC6ED7C59A480873EA7C1F71EEB470396403D,118,135,Local commands completed,IMPLEMENTATION,YES,SPLIT_EXACT_SECTION
LS-MD-0025,audit/EVIDENCE_HISTORICAL_LINEAGE_COMPLETENESS_INVENTORY.md,41DCC6ED7C59A480873EA7C1F71EEB470396403D,136,142,Final closure,CONTEXT,NO,SPLIT_EXACT_SECTION
LS-MD-0025,audit/EVIDENCE_HISTORICAL_LINEAGE_COMPLETENESS_INVENTORY.md,41DCC6ED7C59A480873EA7C1F71EEB470396403D,143,145,Final rule,GOVERNANCE,YES,SPLIT_EXACT_SECTION
LS-MD-0026,audit/FAIL_SAFE_NO_SILENT_FAILURE_INVENTORY.md,968C8EDCD6CA2212F89EADAB5388BA2F831C0715,1,10,Fail-Safe / No Silent Failure Inventory,FINDING,YES,SPLIT_EXACT_SECTION
LS-MD-0026,audit/FAIL_SAFE_NO_SILENT_FAILURE_INVENTORY.md,968C8EDCD6CA2212F89EADAB5388BA2F831C0715,11,14,Final rule,GOVERNANCE,YES,SPLIT_EXACT_SECTION
LS-MD-0026,audit/FAIL_SAFE_NO_SILENT_FAILURE_INVENTORY.md,968C8EDCD6CA2212F89EADAB5388BA2F831C0715,15,46,Inventory,IMPLEMENTATION,YES,SPLIT_EXACT_SECTION
LS-MD-0026,audit/FAIL_SAFE_NO_SILENT_FAILURE_INVENTORY.md,968C8EDCD6CA2212F89EADAB5388BA2F831C0715,47,50,Static guard sentinel phrases,CONTEXT,NO,SPLIT_EXACT_SECTION
LS-MD-0026,audit/FAIL_SAFE_NO_SILENT_FAILURE_INVENTORY.md,968C8EDCD6CA2212F89EADAB5388BA2F831C0715,51,54,Source failure rule final,FINDING,YES,SPLIT_EXACT_SECTION
LS-MD-0026,audit/FAIL_SAFE_NO_SILENT_FAILURE_INVENTORY.md,968C8EDCD6CA2212F89EADAB5388BA2F831C0715,55,58,Manual file failure rule final,FINDING,YES,SPLIT_EXACT_SECTION
LS-MD-0026,audit/FAIL_SAFE_NO_SILENT_FAILURE_INVENTORY.md,968C8EDCD6CA2212F89EADAB5388BA2F831C0715,59,62,Empty artifact/data rule final,GOVERNANCE,YES,SPLIT_EXACT_SECTION
LS-MD-0026,audit/FAIL_SAFE_NO_SILENT_FAILURE_INVENTORY.md,968C8EDCD6CA2212F89EADAB5388BA2F831C0715,63,66,Pointer preservation rule final,GOVERNANCE,YES,SPLIT_EXACT_SECTION
LS-MD-0026,audit/FAIL_SAFE_NO_SILENT_FAILURE_INVENTORY.md,968C8EDCD6CA2212F89EADAB5388BA2F831C0715,67,71,Evidence and replay rule final,EVIDENCE,YES,SPLIT_EXACT_SECTION
LS-MD-0026,audit/FAIL_SAFE_NO_SILENT_FAILURE_INVENTORY.md,968C8EDCD6CA2212F89EADAB5388BA2F831C0715,72,74,Production-Ready Reconciliation Addendum,RESEARCH,YES,SPLIT_EXACT_SECTION
LS-MD-0027,audit/FULL_MARKET_DATA_PRODUCTION_READY_INVENTORY.md,4C0357CC7BA4A9338F34EBCF09A671716FC4A857,1,9,Full Market-Data Production Ready Inventory,IMPLEMENTATION,YES,SPLIT_EXACT_SECTION
LS-MD-0027,audit/FULL_MARKET_DATA_PRODUCTION_READY_INVENTORY.md,4C0357CC7BA4A9338F34EBCF09A671716FC4A857,10,40,Decision,DECISION,YES,SPLIT_EXACT_SECTION
LS-MD-0027,audit/FULL_MARKET_DATA_PRODUCTION_READY_INVENTORY.md,4C0357CC7BA4A9338F34EBCF09A671716FC4A857,41,52,Source-State Artifact Audit,CONTEXT,NO,SPLIT_EXACT_SECTION
LS-MD-0027,audit/FULL_MARKET_DATA_PRODUCTION_READY_INVENTORY.md,4C0357CC7BA4A9338F34EBCF09A671716FC4A857,53,88,Historical Non-Current Replay Proof,EVIDENCE,YES,SPLIT_EXACT_SECTION
LS-MD-0027,audit/FULL_MARKET_DATA_PRODUCTION_READY_INVENTORY.md,4C0357CC7BA4A9338F34EBCF09A671716FC4A857,89,121,Canonical Contract Lock Matrix,GOVERNANCE,YES,SPLIT_EXACT_SECTION
LS-MD-0027,audit/FULL_MARKET_DATA_PRODUCTION_READY_INVENTORY.md,4C0357CC7BA4A9338F34EBCF09A671716FC4A857,122,127,Inventory Reconciliation,IMPLEMENTATION,YES,SPLIT_EXACT_SECTION
LS-MD-0027,audit/FULL_MARKET_DATA_PRODUCTION_READY_INVENTORY.md,4C0357CC7BA4A9338F34EBCF09A671716FC4A857,128,139,Final Validation Evidence,EVIDENCE,YES,SPLIT_EXACT_SECTION
LS-MD-0027,audit/FULL_MARKET_DATA_PRODUCTION_READY_INVENTORY.md,4C0357CC7BA4A9338F34EBCF09A671716FC4A857,140,156,Final Status,DECISION,YES,SPLIT_EXACT_SECTION
LS-MD-0027,audit/FULL_MARKET_DATA_PRODUCTION_READY_INVENTORY.md,4C0357CC7BA4A9338F34EBCF09A671716FC4A857,157,162,Remaining Risk,FINDING,YES,SPLIT_EXACT_SECTION
LS-MD-0027,audit/FULL_MARKET_DATA_PRODUCTION_READY_INVENTORY.md,4C0357CC7BA4A9338F34EBCF09A671716FC4A857,163,179,2026-06-05 Current Source-State Full Global Lock Update,CONTEXT,NO,SPLIT_EXACT_SECTION
LS-MD-0027,audit/FULL_MARKET_DATA_PRODUCTION_READY_INVENTORY.md,4C0357CC7BA4A9338F34EBCF09A671716FC4A857,180,203,2026-05-20 Current Source-State Final Lock Update,CONTEXT,NO,SPLIT_EXACT_SECTION
LS-MD-0027,audit/FULL_MARKET_DATA_PRODUCTION_READY_INVENTORY.md,4C0357CC7BA4A9338F34EBCF09A671716FC4A857,204,272,2026-05-21 — OPS_RUNTIME_PARITY_COMPLETION_SCHEDULER_PROVIDER_SMOKE,CONTEXT,NO,SPLIT_EXACT_SECTION
LS-MD-0027,audit/FULL_MARKET_DATA_PRODUCTION_READY_INVENTORY.md,4C0357CC7BA4A9338F34EBCF09A671716FC4A857,273,304,2026-05-21 Final Proof Pack / Ops Runtime Parity Reconciliation,EVIDENCE,YES,SPLIT_EXACT_SECTION
LS-MD-0027,audit/FULL_MARKET_DATA_PRODUCTION_READY_INVENTORY.md,4C0357CC7BA4A9338F34EBCF09A671716FC4A857,305,344,2026-05-21 — PROVIDER RATE-LIMIT + SCHEDULER DUE-RUN PROOF RECONCILIATION,EVIDENCE,YES,SPLIT_EXACT_SECTION
LS-MD-0027,audit/FULL_MARKET_DATA_PRODUCTION_READY_INVENTORY.md,4C0357CC7BA4A9338F34EBCF09A671716FC4A857,345,374,2026-05-22 — YAHOO_PROVIDER_SMOKE_REQUEST_CONTEXT_HARDENING,CONTEXT,NO,SPLIT_EXACT_SECTION
LS-MD-0027,audit/FULL_MARKET_DATA_PRODUCTION_READY_INVENTORY.md,4C0357CC7BA4A9338F34EBCF09A671716FC4A857,375,431,2026-05-22 — FINAL PROVIDER SMOKE PASSED / OPS RUNTIME PARITY LOCK,CONTEXT,NO,SPLIT_EXACT_SECTION
LS-MD-0027,audit/FULL_MARKET_DATA_PRODUCTION_READY_INVENTORY.md,4C0357CC7BA4A9338F34EBCF09A671716FC4A857,432,455,2026-05-23 — Final Provider Smoke / Full PHPUnit PASS Document Reconciliation,EVIDENCE,YES,SPLIT_EXACT_SECTION
LS-MD-0027,audit/FULL_MARKET_DATA_PRODUCTION_READY_INVENTORY.md,4C0357CC7BA4A9338F34EBCF09A671716FC4A857,456,512,2026-05-23 — SOURCE READY → FULL PRODUCTION READY GAP CLOSURE,FINDING,YES,SPLIT_EXACT_SECTION
LS-MD-0027,audit/FULL_MARKET_DATA_PRODUCTION_READY_INVENTORY.md,4C0357CC7BA4A9338F34EBCF09A671716FC4A857,513,644,2026-05-24 — API Daily Runtime Proof / Final Post-Gap-Closure Validation,FINDING,YES,SPLIT_EXACT_SECTION
LS-MD-0027,audit/FULL_MARKET_DATA_PRODUCTION_READY_INVENTORY.md,4C0357CC7BA4A9338F34EBCF09A671716FC4A857,645,662,2026-05-24 — Market Benchmark + Indicator Extension Final Production Ready Re-Lock,CONTEXT,NO,SPLIT_EXACT_SECTION
LS-MD-0028,audit/HASH_SEAL_DATASET_INTEGRITY_INVENTORY.md,C8D94C9D62FC23B2978DB75D31E851645BBF5CCF,1,9,HASH / SEAL / DATASET INTEGRITY INVENTORY,IMPLEMENTATION,YES,SPLIT_EXACT_SECTION
LS-MD-0028,audit/HASH_SEAL_DATASET_INTEGRITY_INVENTORY.md,C8D94C9D62FC23B2978DB75D31E851645BBF5CCF,10,31,Scope,GOVERNANCE,YES,SPLIT_EXACT_SECTION
LS-MD-0028,audit/HASH_SEAL_DATASET_INTEGRITY_INVENTORY.md,C8D94C9D62FC23B2978DB75D31E851645BBF5CCF,32,34,Canonical serialization rule,GOVERNANCE,YES,SPLIT_EXACT_SECTION
LS-MD-0028,audit/HASH_SEAL_DATASET_INTEGRITY_INVENTORY.md,C8D94C9D62FC23B2978DB75D31E851645BBF5CCF,35,42,Hash config rule,GOVERNANCE,YES,SPLIT_EXACT_SECTION
LS-MD-0028,audit/HASH_SEAL_DATASET_INTEGRITY_INVENTORY.md,C8D94C9D62FC23B2978DB75D31E851645BBF5CCF,43,45,Seal rule,GOVERNANCE,YES,SPLIT_EXACT_SECTION
LS-MD-0028,audit/HASH_SEAL_DATASET_INTEGRITY_INVENTORY.md,C8D94C9D62FC23B2978DB75D31E851645BBF5CCF,46,48,Immutability rule,GOVERNANCE,YES,SPLIT_EXACT_SECTION
LS-MD-0028,audit/HASH_SEAL_DATASET_INTEGRITY_INVENTORY.md,C8D94C9D62FC23B2978DB75D31E851645BBF5CCF,49,61,Reason codes added,CONTEXT,NO,SPLIT_EXACT_SECTION
LS-MD-0028,audit/HASH_SEAL_DATASET_INTEGRITY_INVENTORY.md,C8D94C9D62FC23B2978DB75D31E851645BBF5CCF,62,80,Historical manual validation command list,EVIDENCE,YES,SPLIT_EXACT_SECTION
LS-MD-0028,audit/HASH_SEAL_DATASET_INTEGRITY_INVENTORY.md,C8D94C9D62FC23B2978DB75D31E851645BBF5CCF,81,94,Recovery from operator-local PHPUnit failures — 2026-05-07,FINDING,YES,SPLIT_EXACT_SECTION
LS-MD-0028,audit/HASH_SEAL_DATASET_INTEGRITY_INVENTORY.md,C8D94C9D62FC23B2978DB75D31E851645BBF5CCF,95,106,Recovery from operator-local PHPUnit failures — 2026-05-07 / round 2,FINDING,YES,SPLIT_EXACT_SECTION
LS-MD-0028,audit/HASH_SEAL_DATASET_INTEGRITY_INVENTORY.md,C8D94C9D62FC23B2978DB75D31E851645BBF5CCF,107,120,Recovery from operator-local PHPUnit failures — 2026-05-07 / round 3,FINDING,YES,SPLIT_EXACT_SECTION
LS-MD-0028,audit/HASH_SEAL_DATASET_INTEGRITY_INVENTORY.md,C8D94C9D62FC23B2978DB75D31E851645BBF5CCF,121,123,Production-Ready Reconciliation Addendum,RESEARCH,YES,SPLIT_EXACT_SECTION
LS-MD-0029,audit/IMPORT_PROMOTE_SEPARATION_INVENTORY.md,F6D6E4A0D59F66EB903E4C0FA59BB30AC736CBA6,1,38,Import vs Promote Separation Inventory,IMPLEMENTATION,YES,SPLIT_EXACT_SECTION
LS-MD-0029,audit/IMPORT_PROMOTE_SEPARATION_INVENTORY.md,F6D6E4A0D59F66EB903E4C0FA59BB30AC736CBA6,39,52,Production-Ready Reconciliation Addendum,RESEARCH,YES,SPLIT_EXACT_SECTION
LS-MD-0030,audit/LUMEN_CONTRACT_TRACKER.md,88A4CD4C9D12A578A2837DCB275B315C91D1492A,1,2,LUMEN_CONTRACT_TRACKER,CONTEXT,NO,SPLIT_EXACT_SECTION
LS-MD-0030,audit/LUMEN_CONTRACT_TRACKER.md,88A4CD4C9D12A578A2837DCB275B315C91D1492A,3,24,CURRENT CANONICAL AUDIT OVERRIDE — 2026-08-08,CONTEXT,NO,SPLIT_EXACT_SECTION
LS-MD-0030,audit/LUMEN_CONTRACT_TRACKER.md,88A4CD4C9D12A578A2837DCB275B315C91D1492A,25,160,HISTORICAL SESSION RECORD — NON-AUTHORITATIVE UNDER V2,CONTEXT,NO,SPLIT_EXACT_SECTION
LS-MD-0030,audit/LUMEN_CONTRACT_TRACKER.md,88A4CD4C9D12A578A2837DCB275B315C91D1492A,161,178,OPERATIONAL STATUS,DECISION,YES,SPLIT_EXACT_SECTION
LS-MD-0030,audit/LUMEN_CONTRACT_TRACKER.md,88A4CD4C9D12A578A2837DCB275B315C91D1492A,179,2841,CURRENT WORKING CONTRACT,GOVERNANCE,YES,SPLIT_EXACT_SECTION
LS-MD-0030,audit/LUMEN_CONTRACT_TRACKER.md,88A4CD4C9D12A578A2837DCB275B315C91D1492A,2842,2955,RECENT LOCKED CONTRACT,GOVERNANCE,YES,SPLIT_EXACT_SECTION
LS-MD-0030,audit/LUMEN_CONTRACT_TRACKER.md,88A4CD4C9D12A578A2837DCB275B315C91D1492A,2956,3396,VERIFIED CONTRACT ENTRIES,GOVERNANCE,YES,SPLIT_EXACT_SECTION
LS-MD-0030,audit/LUMEN_CONTRACT_TRACKER.md,88A4CD4C9D12A578A2837DCB275B315C91D1492A,3397,3458,Historical 2026-05-01 DB_SCHEMA_AND_MIGRATION_SYNC_CONTRACT Validation,EVIDENCE,YES,SPLIT_EXACT_SECTION
LS-MD-0030,audit/LUMEN_CONTRACT_TRACKER.md,88A4CD4C9D12A578A2837DCB275B315C91D1492A,3459,3465,Recovery-3 malformed fallback pointer fix — Coverage Gate Enforcement / No Coverage Bypass,IMPLEMENTATION,YES,SPLIT_EXACT_SECTION
LS-MD-0030,audit/LUMEN_CONTRACT_TRACKER.md,88A4CD4C9D12A578A2837DCB275B315C91D1492A,3466,3472,Recovery-4 fallback mirror fixture alignment — COVERAGE_GATE_ENFORCEMENT_CONTRACT,IMPLEMENTATION,YES,SPLIT_EXACT_SECTION
LS-MD-0030,audit/LUMEN_CONTRACT_TRACKER.md,88A4CD4C9D12A578A2837DCB275B315C91D1492A,3473,3479,Recovery-5 baseline pointer mismatch message preservation — COVERAGE_GATE_ENFORCEMENT_CONTRACT,IMPLEMENTATION,YES,SPLIT_EXACT_SECTION
LS-MD-0030,audit/LUMEN_CONTRACT_TRACKER.md,88A4CD4C9D12A578A2837DCB275B315C91D1492A,3480,3487,HASH_SEAL_DATASET_INTEGRITY_CONTRACT — Recovery round 3,IMPLEMENTATION,YES,SPLIT_EXACT_SECTION
LS-MD-0030,audit/LUMEN_CONTRACT_TRACKER.md,88A4CD4C9D12A578A2837DCB275B315C91D1492A,3488,3507,COVERAGE_GATE_CANDIDATE_SCOPE_HARDENING — COVERAGE_GATE_ENFORCEMENT_CONTRACT,CONTEXT,NO,SPLIT_EXACT_SECTION
LS-MD-0030,audit/LUMEN_CONTRACT_TRACKER.md,88A4CD4C9D12A578A2837DCB275B315C91D1492A,3508,3529,2026-05-20 Final Lock Patch — Contract Update,IMPLEMENTATION,YES,SPLIT_EXACT_SECTION
LS-MD-0030,audit/LUMEN_CONTRACT_TRACKER.md,88A4CD4C9D12A578A2837DCB275B315C91D1492A,3530,3589,2026-05-21 Production Rollout Validation Runtime Parity Proof,EVIDENCE,YES,SPLIT_EXACT_SECTION
LS-MD-0030,audit/LUMEN_CONTRACT_TRACKER.md,88A4CD4C9D12A578A2837DCB275B315C91D1492A,3590,3658,2026-05-21 — OPS_RUNTIME_PARITY_COMPLETION_SCHEDULER_PROVIDER_SMOKE,CONTEXT,NO,SPLIT_EXACT_SECTION
LS-MD-0030,audit/LUMEN_CONTRACT_TRACKER.md,88A4CD4C9D12A578A2837DCB275B315C91D1492A,3659,3698,2026-05-21 — PROVIDER RATE-LIMIT + SCHEDULER DUE-RUN PROOF RECONCILIATION,EVIDENCE,YES,SPLIT_EXACT_SECTION
LS-MD-0030,audit/LUMEN_CONTRACT_TRACKER.md,88A4CD4C9D12A578A2837DCB275B315C91D1492A,3699,3755,2026-05-22 — FINAL PROVIDER SMOKE PASSED / OPS RUNTIME PARITY LOCK,CONTEXT,NO,SPLIT_EXACT_SECTION
LS-MD-0030,audit/LUMEN_CONTRACT_TRACKER.md,88A4CD4C9D12A578A2837DCB275B315C91D1492A,3756,3779,2026-05-23 — Final Provider Smoke / Full PHPUnit PASS Document Reconciliation,EVIDENCE,YES,SPLIT_EXACT_SECTION
LS-MD-0030,audit/LUMEN_CONTRACT_TRACKER.md,88A4CD4C9D12A578A2837DCB275B315C91D1492A,3780,3836,2026-05-23 — SOURCE READY → FULL PRODUCTION READY GAP CLOSURE,FINDING,YES,SPLIT_EXACT_SECTION
LS-MD-0030,audit/LUMEN_CONTRACT_TRACKER.md,88A4CD4C9D12A578A2837DCB275B315C91D1492A,3837,3970,2026-05-24 — API Daily Runtime Proof / Final Post-Gap-Closure Validation,FINDING,YES,SPLIT_EXACT_SECTION
LS-MD-0030,audit/LUMEN_CONTRACT_TRACKER.md,88A4CD4C9D12A578A2837DCB275B315C91D1492A,3971,4005,2026-05-25 - API BACKFILL RANGE LIFECYCLE CONTRACT UPDATE,GOVERNANCE,YES,SPLIT_EXACT_SECTION
LS-MD-0030,audit/LUMEN_CONTRACT_TRACKER.md,88A4CD4C9D12A578A2837DCB275B315C91D1492A,4006,4042,2026-05-25 - API BACKFILL SOURCE ACQUISITION FAILURE CLASSIFICATION + DIAGNOSTIC OUTPUT CONTRACT UPDATE,FINDING,YES,SPLIT_EXACT_SECTION
LS-MD-0030,audit/LUMEN_CONTRACT_TRACKER.md,88A4CD4C9D12A578A2837DCB275B315C91D1492A,4043,4080,2026-05-25 - API BACKFILL CHECKPOINT + RESUME TELEMETRY CLEANUP CONTRACT UPDATE,IMPLEMENTATION,YES,SPLIT_EXACT_SECTION
LS-MD-0030,audit/LUMEN_CONTRACT_TRACKER.md,88A4CD4C9D12A578A2837DCB275B315C91D1492A,4081,4116,2026-05-25 - API BACKFILL CHECKPOINT + RESUME MINOR NOTES CONTRACT UPDATE,GOVERNANCE,YES,SPLIT_EXACT_SECTION
LS-MD-0030,audit/LUMEN_CONTRACT_TRACKER.md,88A4CD4C9D12A578A2837DCB275B315C91D1492A,4117,4133,2026-05-26 - API BACKFILL CHECKPOINT + RESUME FINAL FULL-SUITE CONTRACT LOCK,GOVERNANCE,YES,SPLIT_EXACT_SECTION
LS-MD-0030,audit/LUMEN_CONTRACT_TRACKER.md,88A4CD4C9D12A578A2837DCB275B315C91D1492A,4134,4166,2026-05-26 - OUT-OF-ORDER IMPORT MUTATION IMPACT CONTRACT UPDATE,GOVERNANCE,YES,SPLIT_EXACT_SECTION
LS-MD-0030,audit/LUMEN_CONTRACT_TRACKER.md,88A4CD4C9D12A578A2837DCB275B315C91D1492A,4167,4207,2026-05-27 - OUT-OF-ORDER IMPORT IMPACT EXECUTION CONTRACT UPDATE,GOVERNANCE,YES,SPLIT_EXACT_SECTION
LS-MD-0030,audit/LUMEN_CONTRACT_TRACKER.md,88A4CD4C9D12A578A2837DCB275B315C91D1492A,4208,4225,2026-05-27 - OUT-OF-ORDER IMPORT IMPACT EXECUTION FINAL VALIDATION,EVIDENCE,YES,SPLIT_EXACT_SECTION
LS-MD-0030,audit/LUMEN_CONTRACT_TRACKER.md,88A4CD4C9D12A578A2837DCB275B315C91D1492A,4226,4249,2026-05-27 - OUT-OF-ORDER IMPORT PUBLICATION LIFECYCLE CONTRACT BOUNDARY,GOVERNANCE,YES,SPLIT_EXACT_SECTION
LS-MD-0030,audit/LUMEN_CONTRACT_TRACKER.md,88A4CD4C9D12A578A2837DCB275B315C91D1492A,4250,4285,2026-05-27 - OUT-OF-ORDER IMPORT HASH/SEAL/PUBLICATION REPROCESS CONTRACT,IMPLEMENTATION,YES,SPLIT_EXACT_SECTION
LS-MD-0030,audit/LUMEN_CONTRACT_TRACKER.md,88A4CD4C9D12A578A2837DCB275B315C91D1492A,4286,4328,2026-05-27 - IMPORT-ONLY BACKFILL REPROCESS OUTPUT + READABLE AUTO-CORRECTION CONTRACT,IMPLEMENTATION,YES,SPLIT_EXACT_SECTION
LS-MD-0030,audit/LUMEN_CONTRACT_TRACKER.md,88A4CD4C9D12A578A2837DCB275B315C91D1492A,4329,4348,2026-05-27 - FINAL LOCK: IMPORT-ONLY BACKFILL OUTPUT + READABLE AUTO-CORRECTION,CONTEXT,NO,SPLIT_EXACT_SECTION
LS-MD-0030,audit/LUMEN_CONTRACT_TRACKER.md,88A4CD4C9D12A578A2837DCB275B315C91D1492A,4349,4367,2026-06-05 - PROVIDER SMOKE PROOF ARTIFACT RECONCILIATION,EVIDENCE,YES,SPLIT_EXACT_SECTION
LS-MD-0030,audit/LUMEN_CONTRACT_TRACKER.md,88A4CD4C9D12A578A2837DCB275B315C91D1492A,4368,4389,MARKET_DATA_DATABASE_DICTIONARY_REQUIRED_CONTRACT,CONTEXT,NO,SPLIT_EXACT_SECTION
LS-MD-0030,audit/LUMEN_CONTRACT_TRACKER.md,88A4CD4C9D12A578A2837DCB275B315C91D1492A,4390,4425,IMPORT_ONLY_COMPLETED_NON_READABLE_RUN_CLOSURE_CONTRACT,CONTEXT,NO,SPLIT_EXACT_SECTION
LS-MD-0030,audit/LUMEN_CONTRACT_TRACKER.md,88A4CD4C9D12A578A2837DCB275B315C91D1492A,4426,4455,STALE_ACTIVE_RUN_RECOVERY_CONTRACT,CONTEXT,NO,SPLIT_EXACT_SECTION
LS-MD-0031,audit/LUMEN_IMPLEMENTATION_STATUS.md,3FDDFFF0B53D431DAA71A8545F87173445A616F7,1,2,LUMEN_IMPLEMENTATION_STATUS,CONTEXT,NO,SPLIT_EXACT_SECTION
LS-MD-0031,audit/LUMEN_IMPLEMENTATION_STATUS.md,3FDDFFF0B53D431DAA71A8545F87173445A616F7,3,15,CURRENT CANONICAL OVERRIDE — 2026-08-08,CONTEXT,NO,SPLIT_EXACT_SECTION
LS-MD-0031,audit/LUMEN_IMPLEMENTATION_STATUS.md,3FDDFFF0B53D431DAA71A8545F87173445A616F7,16,161,HISTORICAL SESSION RECORD — NON-AUTHORITATIVE UNDER V2,CONTEXT,NO,SPLIT_EXACT_SECTION
LS-MD-0031,audit/LUMEN_IMPLEMENTATION_STATUS.md,3FDDFFF0B53D431DAA71A8545F87173445A616F7,162,179,OPERATIONAL STATUS,DECISION,YES,SPLIT_EXACT_SECTION
LS-MD-0031,audit/LUMEN_IMPLEMENTATION_STATUS.md,3FDDFFF0B53D431DAA71A8545F87173445A616F7,180,3026,CURRENT WORKING ENTRY,CONTEXT,NO,SPLIT_EXACT_SECTION
LS-MD-0031,audit/LUMEN_IMPLEMENTATION_STATUS.md,3FDDFFF0B53D431DAA71A8545F87173445A616F7,3027,3134,RECENT LOCKED ENTRY,CONTEXT,NO,SPLIT_EXACT_SECTION
LS-MD-0031,audit/LUMEN_IMPLEMENTATION_STATUS.md,3FDDFFF0B53D431DAA71A8545F87173445A616F7,3135,3553,VERIFIED IMPLEMENTATION ENTRIES,IMPLEMENTATION,YES,SPLIT_EXACT_SECTION
LS-MD-0031,audit/LUMEN_IMPLEMENTATION_STATUS.md,3FDDFFF0B53D431DAA71A8545F87173445A616F7,3554,3618,Historical 2026-05-01 DB Schema & Migration Sync Validation,EVIDENCE,YES,SPLIT_EXACT_SECTION
LS-MD-0031,audit/LUMEN_IMPLEMENTATION_STATUS.md,3FDDFFF0B53D431DAA71A8545F87173445A616F7,3619,3625,Recovery-3 malformed fallback pointer fix — Coverage Gate Enforcement / No Coverage Bypass,IMPLEMENTATION,YES,SPLIT_EXACT_SECTION
LS-MD-0031,audit/LUMEN_IMPLEMENTATION_STATUS.md,3FDDFFF0B53D431DAA71A8545F87173445A616F7,3626,3633,Recovery-4 fallback mirror fixture alignment — Coverage Gate Enforcement / No Coverage Bypass,IMPLEMENTATION,YES,SPLIT_EXACT_SECTION
LS-MD-0031,audit/LUMEN_IMPLEMENTATION_STATUS.md,3FDDFFF0B53D431DAA71A8545F87173445A616F7,3634,3640,Recovery-5 baseline pointer mismatch message preservation — Coverage Gate Enforcement / No Coverage Bypass,IMPLEMENTATION,YES,SPLIT_EXACT_SECTION
LS-MD-0031,audit/LUMEN_IMPLEMENTATION_STATUS.md,3FDDFFF0B53D431DAA71A8545F87173445A616F7,3641,3652,Hash / Seal / Dataset Integrity — Recovery round 3,IMPLEMENTATION,YES,SPLIT_EXACT_SECTION
LS-MD-0031,audit/LUMEN_IMPLEMENTATION_STATUS.md,3FDDFFF0B53D431DAA71A8545F87173445A616F7,3653,3690,2026-05-20 Final Lock Patch — Unchanged Correction Evidence Consistency,EVIDENCE,YES,SPLIT_EXACT_SECTION
LS-MD-0031,audit/LUMEN_IMPLEMENTATION_STATUS.md,3FDDFFF0B53D431DAA71A8545F87173445A616F7,3691,3750,2026-05-21 Production Rollout Validation Runtime Parity Proof,EVIDENCE,YES,SPLIT_EXACT_SECTION
LS-MD-0031,audit/LUMEN_IMPLEMENTATION_STATUS.md,3FDDFFF0B53D431DAA71A8545F87173445A616F7,3751,3819,2026-05-21 — OPS_RUNTIME_PARITY_COMPLETION_SCHEDULER_PROVIDER_SMOKE,CONTEXT,NO,SPLIT_EXACT_SECTION
LS-MD-0031,audit/LUMEN_IMPLEMENTATION_STATUS.md,3FDDFFF0B53D431DAA71A8545F87173445A616F7,3820,3859,2026-05-21 — PROVIDER RATE-LIMIT + SCHEDULER DUE-RUN PROOF RECONCILIATION,EVIDENCE,YES,SPLIT_EXACT_SECTION
LS-MD-0031,audit/LUMEN_IMPLEMENTATION_STATUS.md,3FDDFFF0B53D431DAA71A8545F87173445A616F7,3860,3916,2026-05-22 — FINAL PROVIDER SMOKE PASSED / OPS RUNTIME PARITY LOCK,CONTEXT,NO,SPLIT_EXACT_SECTION
LS-MD-0031,audit/LUMEN_IMPLEMENTATION_STATUS.md,3FDDFFF0B53D431DAA71A8545F87173445A616F7,3917,3940,2026-05-23 — Final Provider Smoke / Full PHPUnit PASS Document Reconciliation,EVIDENCE,YES,SPLIT_EXACT_SECTION
LS-MD-0031,audit/LUMEN_IMPLEMENTATION_STATUS.md,3FDDFFF0B53D431DAA71A8545F87173445A616F7,3941,3997,2026-05-23 — SOURCE READY → FULL PRODUCTION READY GAP CLOSURE,FINDING,YES,SPLIT_EXACT_SECTION
LS-MD-0031,audit/LUMEN_IMPLEMENTATION_STATUS.md,3FDDFFF0B53D431DAA71A8545F87173445A616F7,3998,4131,2026-05-24 — API Daily Runtime Proof / Final Post-Gap-Closure Validation,FINDING,YES,SPLIT_EXACT_SECTION
LS-MD-0031,audit/LUMEN_IMPLEMENTATION_STATUS.md,3FDDFFF0B53D431DAA71A8545F87173445A616F7,4132,4181,2026-05-25 - API BACKFILL RANGE FULL LIFECYCLE ORCHESTRATION,CONTEXT,NO,SPLIT_EXACT_SECTION
LS-MD-0031,audit/LUMEN_IMPLEMENTATION_STATUS.md,3FDDFFF0B53D431DAA71A8545F87173445A616F7,4182,4245,2026-05-25 - API BACKFILL SOURCE ACQUISITION FAILURE CLASSIFICATION + DIAGNOSTICS,FINDING,YES,SPLIT_EXACT_SECTION
LS-MD-0031,audit/LUMEN_IMPLEMENTATION_STATUS.md,3FDDFFF0B53D431DAA71A8545F87173445A616F7,4246,4288,2026-05-25 - API BACKFILL CHECKPOINT + RESUME TELEMETRY CLEANUP,IMPLEMENTATION,YES,SPLIT_EXACT_SECTION
LS-MD-0031,audit/LUMEN_IMPLEMENTATION_STATUS.md,3FDDFFF0B53D431DAA71A8545F87173445A616F7,4289,4341,2026-05-25 - API BACKFILL CHECKPOINT + RESUME MINOR NOTES CLEANUP,IMPLEMENTATION,YES,SPLIT_EXACT_SECTION
LS-MD-0031,audit/LUMEN_IMPLEMENTATION_STATUS.md,3FDDFFF0B53D431DAA71A8545F87173445A616F7,4342,4364,2026-05-26 - API BACKFILL CHECKPOINT + RESUME MINOR NOTES FINAL FULL-SUITE LOCK,CONTEXT,NO,SPLIT_EXACT_SECTION
LS-MD-0031,audit/LUMEN_IMPLEMENTATION_STATUS.md,3FDDFFF0B53D431DAA71A8545F87173445A616F7,4365,4410,2026-05-26 - OUT-OF-ORDER IMPORT INDICATOR DEPENDENCY IMPACT PATCH,IMPLEMENTATION,YES,SPLIT_EXACT_SECTION
LS-MD-0031,audit/LUMEN_IMPLEMENTATION_STATUS.md,3FDDFFF0B53D431DAA71A8545F87173445A616F7,4411,4452,2026-05-27 - OUT-OF-ORDER IMPORT IMPACT EXECUTION + RECOVERED ROW APPLY,CONTEXT,NO,SPLIT_EXACT_SECTION
LS-MD-0031,audit/LUMEN_IMPLEMENTATION_STATUS.md,3FDDFFF0B53D431DAA71A8545F87173445A616F7,4453,4472,2026-05-27 - OUT-OF-ORDER IMPORT IMPACT EXECUTION FINAL FULL-SUITE PROOF,EVIDENCE,YES,SPLIT_EXACT_SECTION
LS-MD-0031,audit/LUMEN_IMPLEMENTATION_STATUS.md,3FDDFFF0B53D431DAA71A8545F87173445A616F7,4473,4495,2026-05-27 - OUT-OF-ORDER IMPORT IMPACT PUBLICATION LIFECYCLE AUDIT CORRECTION,CONTEXT,NO,SPLIT_EXACT_SECTION
LS-MD-0031,audit/LUMEN_IMPLEMENTATION_STATUS.md,3FDDFFF0B53D431DAA71A8545F87173445A616F7,4496,4534,2026-05-27 - OUT-OF-ORDER IMPORT HASH SEAL REPUBLICATION EXECUTION,CONTEXT,NO,SPLIT_EXACT_SECTION
LS-MD-0031,audit/LUMEN_IMPLEMENTATION_STATUS.md,3FDDFFF0B53D431DAA71A8545F87173445A616F7,4535,4581,2026-05-27 - IMPORT-ONLY BACKFILL REPROCESS OUTPUT SURFACE CLEANUP + READABLE AUTO-CORRECTION,IMPLEMENTATION,YES,SPLIT_EXACT_SECTION
LS-MD-0031,audit/LUMEN_IMPLEMENTATION_STATUS.md,3FDDFFF0B53D431DAA71A8545F87173445A616F7,4582,4607,2026-05-27 - FINAL LOCAL VALIDATION LOCK: IMPORT-ONLY BACKFILL OUTPUT + READABLE AUTO-CORRECTION,EVIDENCE,YES,SPLIT_EXACT_SECTION
LS-MD-0031,audit/LUMEN_IMPLEMENTATION_STATUS.md,3FDDFFF0B53D431DAA71A8545F87173445A616F7,4608,4633,2026-06-05 - PROVIDER SMOKE ARTIFACT REFRESH + FULL MARKETDATA SUITE RE-RUN,CONTEXT,NO,SPLIT_EXACT_SECTION
LS-MD-0031,audit/LUMEN_IMPLEMENTATION_STATUS.md,3FDDFFF0B53D431DAA71A8545F87173445A616F7,4634,4661,Database Dictionary and Field Usage Governance,CONTEXT,NO,SPLIT_EXACT_SECTION
LS-MD-0031,audit/LUMEN_IMPLEMENTATION_STATUS.md,3FDDFFF0B53D431DAA71A8545F87173445A616F7,4662,4722,2026-07-05 - IMPORT-ONLY RUN CLOSURE + STALE ACTIVE RUN RECOVERY,IMPLEMENTATION,YES,SPLIT_EXACT_SECTION
LS-MD-0032,audit/MARKET_BENCHMARK_INDICATOR_EXTENSION_INVENTORY.md,D0BE40DBBA4BFF89D35ED251D64531E8EF56FC39,1,5,MARKET BENCHMARK + INDICATOR EXTENSION INVENTORY,IMPLEMENTATION,YES,SPLIT_EXACT_SECTION
LS-MD-0032,audit/MARKET_BENCHMARK_INDICATOR_EXTENSION_INVENTORY.md,D0BE40DBBA4BFF89D35ED251D64531E8EF56FC39,6,33,2026-06-02 Addendum - Weekly Swing Priority 1 Extension,CONTEXT,NO,SPLIT_EXACT_SECTION
LS-MD-0032,audit/MARKET_BENCHMARK_INDICATOR_EXTENSION_INVENTORY.md,D0BE40DBBA4BFF89D35ED251D64531E8EF56FC39,34,40,Session Scope,GOVERNANCE,YES,SPLIT_EXACT_SECTION
LS-MD-0032,audit/MARKET_BENCHMARK_INDICATOR_EXTENSION_INVENTORY.md,D0BE40DBBA4BFF89D35ED251D64531E8EF56FC39,41,46,Baseline Production-Ready Status,DECISION,YES,SPLIT_EXACT_SECTION
LS-MD-0032,audit/MARKET_BENCHMARK_INDICATOR_EXTENSION_INVENTORY.md,D0BE40DBBA4BFF89D35ED251D64531E8EF56FC39,47,59,Schema Changes,IMPLEMENTATION,YES,SPLIT_EXACT_SECTION
LS-MD-0032,audit/MARKET_BENCHMARK_INDICATOR_EXTENSION_INVENTORY.md,D0BE40DBBA4BFF89D35ED251D64531E8EF56FC39,60,72,Benchmark Contract,GOVERNANCE,YES,SPLIT_EXACT_SECTION
LS-MD-0032,audit/MARKET_BENCHMARK_INDICATOR_EXTENSION_INVENTORY.md,D0BE40DBBA4BFF89D35ED251D64531E8EF56FC39,73,80,Provider Symbol Contract,GOVERNANCE,YES,SPLIT_EXACT_SECTION
LS-MD-0032,audit/MARKET_BENCHMARK_INDICATOR_EXTENSION_INVENTORY.md,D0BE40DBBA4BFF89D35ED251D64531E8EF56FC39,81,94,Indicator Formulas,CONTEXT,NO,SPLIT_EXACT_SECTION
LS-MD-0032,audit/MARKET_BENCHMARK_INDICATOR_EXTENSION_INVENTORY.md,D0BE40DBBA4BFF89D35ED251D64531E8EF56FC39,95,105,"Affected Commands, Services, Repositories",IMPLEMENTATION,YES,SPLIT_EXACT_SECTION
LS-MD-0032,audit/MARKET_BENCHMARK_INDICATOR_EXTENSION_INVENTORY.md,D0BE40DBBA4BFF89D35ED251D64531E8EF56FC39,106,112,Read-Side / Publication Contract Impact,GOVERNANCE,YES,SPLIT_EXACT_SECTION
LS-MD-0032,audit/MARKET_BENCHMARK_INDICATOR_EXTENSION_INVENTORY.md,D0BE40DBBA4BFF89D35ED251D64531E8EF56FC39,113,122,Tests Added / Updated,CONTEXT,NO,SPLIT_EXACT_SECTION
LS-MD-0032,audit/MARKET_BENCHMARK_INDICATOR_EXTENSION_INVENTORY.md,D0BE40DBBA4BFF89D35ED251D64531E8EF56FC39,123,131,Runtime Validation Commands,EVIDENCE,YES,SPLIT_EXACT_SECTION
LS-MD-0032,audit/MARKET_BENCHMARK_INDICATOR_EXTENSION_INVENTORY.md,D0BE40DBBA4BFF89D35ED251D64531E8EF56FC39,132,150,Manual Database Checks,CONTEXT,NO,SPLIT_EXACT_SECTION
LS-MD-0032,audit/MARKET_BENCHMARK_INDICATOR_EXTENSION_INVENTORY.md,D0BE40DBBA4BFF89D35ED251D64531E8EF56FC39,151,154,Evidence Export Status,EVIDENCE,YES,SPLIT_EXACT_SECTION
LS-MD-0032,audit/MARKET_BENCHMARK_INDICATOR_EXTENSION_INVENTORY.md,D0BE40DBBA4BFF89D35ED251D64531E8EF56FC39,155,158,Replay Verify Status,CONTEXT,NO,SPLIT_EXACT_SECTION
LS-MD-0032,audit/MARKET_BENCHMARK_INDICATOR_EXTENSION_INVENTORY.md,D0BE40DBBA4BFF89D35ED251D64531E8EF56FC39,159,163,Config / ENV Governance,CONTEXT,NO,SPLIT_EXACT_SECTION
LS-MD-0032,audit/MARKET_BENCHMARK_INDICATOR_EXTENSION_INVENTORY.md,D0BE40DBBA4BFF89D35ED251D64531E8EF56FC39,164,168,Remaining Risks,FINDING,YES,SPLIT_EXACT_SECTION
LS-MD-0032,audit/MARKET_BENCHMARK_INDICATOR_EXTENSION_INVENTORY.md,D0BE40DBBA4BFF89D35ED251D64531E8EF56FC39,169,180,Done Criteria,GOVERNANCE,YES,SPLIT_EXACT_SECTION
LS-MD-0032,audit/MARKET_BENCHMARK_INDICATOR_EXTENSION_INVENTORY.md,D0BE40DBBA4BFF89D35ED251D64531E8EF56FC39,181,216,2026-05-24 — Final Runtime Proof Lock,EVIDENCE,YES,SPLIT_EXACT_SECTION
LS-MD-0032,audit/MARKET_BENCHMARK_INDICATOR_EXTENSION_INVENTORY.md,D0BE40DBBA4BFF89D35ED251D64531E8EF56FC39,217,245,2026-06-10 Addendum - Backfill Lifecycle Benchmark Non-Blocking Recovery,IMPLEMENTATION,YES,SPLIT_EXACT_SECTION
LS-MD-0033,audit/MARKET_DATA_CONSUMER_READ_MODEL_INVENTORY.md,A63ADB11787063B5198FC2AB1A3E1DA244D95EC8,1,5,MARKET DATA CONSUMER READ MODEL INVENTORY,IMPLEMENTATION,YES,SPLIT_EXACT_SECTION
LS-MD-0033,audit/MARKET_DATA_CONSUMER_READ_MODEL_INVENTORY.md,A63ADB11787063B5198FC2AB1A3E1DA244D95EC8,6,17,SESSION SCOPE,GOVERNANCE,YES,SPLIT_EXACT_SECTION
LS-MD-0033,audit/MARKET_DATA_CONSUMER_READ_MODEL_INVENTORY.md,A63ADB11787063B5198FC2AB1A3E1DA244D95EC8,18,33,BASELINE PRODUCTION-READY STATUS,DECISION,YES,SPLIT_EXACT_SECTION
LS-MD-0033,audit/MARKET_DATA_CONSUMER_READ_MODEL_INVENTORY.md,A63ADB11787063B5198FC2AB1A3E1DA244D95EC8,34,44,CONSUMER READ BOUNDARY,GOVERNANCE,YES,SPLIT_EXACT_SECTION
LS-MD-0033,audit/MARKET_DATA_CONSUMER_READ_MODEL_INVENTORY.md,A63ADB11787063B5198FC2AB1A3E1DA244D95EC8,45,61,WATCHLIST READ MODEL CONTRACT,GOVERNANCE,YES,SPLIT_EXACT_SECTION
LS-MD-0033,audit/MARKET_DATA_CONSUMER_READ_MODEL_INVENTORY.md,A63ADB11787063B5198FC2AB1A3E1DA244D95EC8,62,78,PORTFOLIO PRICE READ MODEL CONTRACT,GOVERNANCE,YES,SPLIT_EXACT_SECTION
LS-MD-0033,audit/MARKET_DATA_CONSUMER_READ_MODEL_INVENTORY.md,A63ADB11787063B5198FC2AB1A3E1DA244D95EC8,79,93,BENCHMARK READ MODEL CONTRACT,GOVERNANCE,YES,SPLIT_EXACT_SECTION
LS-MD-0033,audit/MARKET_DATA_CONSUMER_READ_MODEL_INVENTORY.md,A63ADB11787063B5198FC2AB1A3E1DA244D95EC8,94,118,FRESHNESS / READINESS CONTRACT,GOVERNANCE,YES,SPLIT_EXACT_SECTION
LS-MD-0033,audit/MARKET_DATA_CONSUMER_READ_MODEL_INVENTORY.md,A63ADB11787063B5198FC2AB1A3E1DA244D95EC8,119,135,AFFECTED REPOSITORIES / SERVICES,IMPLEMENTATION,YES,SPLIT_EXACT_SECTION
LS-MD-0033,audit/MARKET_DATA_CONSUMER_READ_MODEL_INVENTORY.md,A63ADB11787063B5198FC2AB1A3E1DA244D95EC8,136,154,NO RAW / STAGING / LATEST / MAX(DATE) ENFORCEMENT,CONTEXT,NO,SPLIT_EXACT_SECTION
LS-MD-0033,audit/MARKET_DATA_CONSUMER_READ_MODEL_INVENTORY.md,A63ADB11787063B5198FC2AB1A3E1DA244D95EC8,155,179,TESTS ADDED / UPDATED,CONTEXT,NO,SPLIT_EXACT_SECTION
LS-MD-0033,audit/MARKET_DATA_CONSUMER_READ_MODEL_INVENTORY.md,A63ADB11787063B5198FC2AB1A3E1DA244D95EC8,180,292,RUNTIME VALIDATION COMMANDS,EVIDENCE,YES,SPLIT_EXACT_SECTION
LS-MD-0033,audit/MARKET_DATA_CONSUMER_READ_MODEL_INVENTORY.md,A63ADB11787063B5198FC2AB1A3E1DA244D95EC8,293,299,EVIDENCE / REPLAY IMPACT,EVIDENCE,YES,SPLIT_EXACT_SECTION
LS-MD-0033,audit/MARKET_DATA_CONSUMER_READ_MODEL_INVENTORY.md,A63ADB11787063B5198FC2AB1A3E1DA244D95EC8,300,306,REMAINING RISKS,FINDING,YES,SPLIT_EXACT_SECTION
LS-MD-0033,audit/MARKET_DATA_CONSUMER_READ_MODEL_INVENTORY.md,A63ADB11787063B5198FC2AB1A3E1DA244D95EC8,307,319,DONE CRITERIA,GOVERNANCE,YES,SPLIT_EXACT_SECTION
LS-MD-0033,audit/MARKET_DATA_CONSUMER_READ_MODEL_INVENTORY.md,A63ADB11787063B5198FC2AB1A3E1DA244D95EC8,320,334,FINAL STATUS PLACEHOLDERS,DECISION,YES,SPLIT_EXACT_SECTION
LS-MD-0034,audit/MARKET_DATA_IMPLEMENTATION_LEDGER.md,53F8C0BDBA19E2AB4F630A31731FDB2210E19CEF,1,2,Market-Data Implementation Ledger,IMPLEMENTATION,YES,SPLIT_EXACT_SECTION
LS-MD-0034,audit/MARKET_DATA_IMPLEMENTATION_LEDGER.md,53F8C0BDBA19E2AB4F630A31731FDB2210E19CEF,3,6,2026-08-08 strict strategy-sync correction,CONTEXT,NO,SPLIT_EXACT_SECTION
LS-MD-0034,audit/MARKET_DATA_IMPLEMENTATION_LEDGER.md,53F8C0BDBA19E2AB4F630A31731FDB2210E19CEF,7,22,Current-state role,CONTEXT,NO,SPLIT_EXACT_SECTION
LS-MD-0034,audit/MARKET_DATA_IMPLEMENTATION_LEDGER.md,53F8C0BDBA19E2AB4F630A31731FDB2210E19CEF,23,28,State interpretation,CONTEXT,NO,SPLIT_EXACT_SECTION
LS-MD-0034,audit/MARKET_DATA_IMPLEMENTATION_LEDGER.md,53F8C0BDBA19E2AB4F630A31731FDB2210E19CEF,29,44,Current controller state,CONTEXT,NO,SPLIT_EXACT_SECTION
LS-MD-0034,audit/MARKET_DATA_IMPLEMENTATION_LEDGER.md,53F8C0BDBA19E2AB4F630A31731FDB2210E19CEF,45,50,Documentation / implementation revalidation note — 2026-08-08,IMPLEMENTATION,YES,SPLIT_EXACT_SECTION
LS-MD-0034,audit/MARKET_DATA_IMPLEMENTATION_LEDGER.md,53F8C0BDBA19E2AB4F630A31731FDB2210E19CEF,51,79,"W18 remediation `F-028`, `F-029`, `F-030` — 2026-08-11",CONTEXT,NO,SPLIT_EXACT_SECTION
LS-MD-0034,audit/MARKET_DATA_IMPLEMENTATION_LEDGER.md,53F8C0BDBA19E2AB4F630A31731FDB2210E19CEF,80,96,"`MD-REAUDIT W18` keenam — 2026-08-11, verdict `BLOCKED`",DECISION,YES,SPLIT_EXACT_SECTION
LS-MD-0034,audit/MARKET_DATA_IMPLEMENTATION_LEDGER.md,53F8C0BDBA19E2AB4F630A31731FDB2210E19CEF,97,106,W18 remediation `F-037` — 2026-08-11,CONTEXT,NO,SPLIT_EXACT_SECTION
LS-MD-0034,audit/MARKET_DATA_IMPLEMENTATION_LEDGER.md,53F8C0BDBA19E2AB4F630A31731FDB2210E19CEF,107,116,"W18 remediation `F-035`, `F-036` — 2026-08-11",CONTEXT,NO,SPLIT_EXACT_SECTION
LS-MD-0034,audit/MARKET_DATA_IMPLEMENTATION_LEDGER.md,53F8C0BDBA19E2AB4F630A31731FDB2210E19CEF,117,126,W18 remediation `F-034` — 2026-08-11,CONTEXT,NO,SPLIT_EXACT_SECTION
LS-MD-0034,audit/MARKET_DATA_IMPLEMENTATION_LEDGER.md,53F8C0BDBA19E2AB4F630A31731FDB2210E19CEF,127,145,W18 remediation `F-025` — 2026-08-11,CONTEXT,NO,SPLIT_EXACT_SECTION
LS-MD-0034,audit/MARKET_DATA_IMPLEMENTATION_LEDGER.md,53F8C0BDBA19E2AB4F630A31731FDB2210E19CEF,146,159,W18 remediation `F-033` — 2026-08-11,CONTEXT,NO,SPLIT_EXACT_SECTION
LS-MD-0034,audit/MARKET_DATA_IMPLEMENTATION_LEDGER.md,53F8C0BDBA19E2AB4F630A31731FDB2210E19CEF,160,178,"`MD-REAUDIT W15` — 2026-08-11 keempat — HISTORICAL, SUPERSEDED UNTUK `F-045`",CONTEXT,NO,SPLIT_EXACT_SECTION
LS-MD-0034,audit/MARKET_DATA_IMPLEMENTATION_LEDGER.md,53F8C0BDBA19E2AB4F630A31731FDB2210E19CEF,179,198,"W15 remediation `F-043`, `F-044` — 2026-08-11, setelah `F-017` dipecah",CONTEXT,NO,SPLIT_EXACT_SECTION
LS-MD-0034,audit/MARKET_DATA_IMPLEMENTATION_LEDGER.md,53F8C0BDBA19E2AB4F630A31731FDB2210E19CEF,199,218,"`MD-REAUDIT W15` — 2026-08-11 ketiga, penutup siklus W15",CONTEXT,NO,SPLIT_EXACT_SECTION
LS-MD-0034,audit/MARKET_DATA_IMPLEMENTATION_LEDGER.md,53F8C0BDBA19E2AB4F630A31731FDB2210E19CEF,219,238,"W15 remediation `F-017` — 2026-08-11, `UNKNOWN` menjadi terukur",CONTEXT,NO,SPLIT_EXACT_SECTION
LS-MD-0034,audit/MARKET_DATA_IMPLEMENTATION_LEDGER.md,53F8C0BDBA19E2AB4F630A31731FDB2210E19CEF,239,259,"`MD-REAUDIT W15` — 2026-08-11 kedua, diaudit terhadap rencana",CONTEXT,NO,SPLIT_EXACT_SECTION
LS-MD-0034,audit/MARKET_DATA_IMPLEMENTATION_LEDGER.md,53F8C0BDBA19E2AB4F630A31731FDB2210E19CEF,260,283,"W15 remediation `F-017` — 2026-08-11, dengan dua koreksi atas diri sendiri",CONTEXT,NO,SPLIT_EXACT_SECTION
LS-MD-0034,audit/MARKET_DATA_IMPLEMENTATION_LEDGER.md,53F8C0BDBA19E2AB4F630A31731FDB2210E19CEF,284,299,"`MD-REAUDIT W15` — 2026-08-11, penutupan `F-017` dibatalkan",CONTEXT,NO,SPLIT_EXACT_SECTION
LS-MD-0034,audit/MARKET_DATA_IMPLEMENTATION_LEDGER.md,53F8C0BDBA19E2AB4F630A31731FDB2210E19CEF,300,325,"W15 remediation `F-006`, `F-017` — 2026-08-11",CONTEXT,NO,SPLIT_EXACT_SECTION
LS-MD-0034,audit/MARKET_DATA_IMPLEMENTATION_LEDGER.md,53F8C0BDBA19E2AB4F630A31731FDB2210E19CEF,326,345,"`MD-REAUDIT W12` — 2026-08-11, rantai remediasi berhenti",CONTEXT,NO,SPLIT_EXACT_SECTION
LS-MD-0034,audit/MARKET_DATA_IMPLEMENTATION_LEDGER.md,53F8C0BDBA19E2AB4F630A31731FDB2210E19CEF,346,357,W12 remediation `F-042` — 2026-08-11,CONTEXT,NO,SPLIT_EXACT_SECTION
LS-MD-0034,audit/MARKET_DATA_IMPLEMENTATION_LEDGER.md,53F8C0BDBA19E2AB4F630A31731FDB2210E19CEF,358,371,W12 remediation `F-041` — 2026-08-11,CONTEXT,NO,SPLIT_EXACT_SECTION
LS-MD-0034,audit/MARKET_DATA_IMPLEMENTATION_LEDGER.md,53F8C0BDBA19E2AB4F630A31731FDB2210E19CEF,372,391,W12 remediation `F-040` — 2026-08-11,CONTEXT,NO,SPLIT_EXACT_SECTION
LS-MD-0034,audit/MARKET_DATA_IMPLEMENTATION_LEDGER.md,53F8C0BDBA19E2AB4F630A31731FDB2210E19CEF,392,429,"HISTORICAL, SUPERSEDED — W12 remediation `F-027` — 2026-08-11",CONTEXT,NO,SPLIT_EXACT_SECTION
LS-MD-0034,audit/MARKET_DATA_IMPLEMENTATION_LEDGER.md,53F8C0BDBA19E2AB4F630A31731FDB2210E19CEF,430,445,Jalur masuk faktor korporasi otoritatif — 2026-08-11,CONTEXT,NO,SPLIT_EXACT_SECTION
LS-MD-0034,audit/MARKET_DATA_IMPLEMENTATION_LEDGER.md,53F8C0BDBA19E2AB4F630A31731FDB2210E19CEF,446,457,"HISTORICAL, SUPERSEDED — W12 remediation `F-026` — 2026-08-11",CONTEXT,NO,SPLIT_EXACT_SECTION
LS-MD-0034,audit/MARKET_DATA_IMPLEMENTATION_LEDGER.md,53F8C0BDBA19E2AB4F630A31731FDB2210E19CEF,458,474,W12 remediation `F-024` — 2026-08-11,CONTEXT,NO,SPLIT_EXACT_SECTION
LS-MD-0034,audit/MARKET_DATA_IMPLEMENTATION_LEDGER.md,53F8C0BDBA19E2AB4F630A31731FDB2210E19CEF,475,501,Sector IDX-IC authority work — 2026-08-10,GOVERNANCE,YES,SPLIT_EXACT_SECTION
LS-MD-0034,audit/MARKET_DATA_IMPLEMENTATION_LEDGER.md,53F8C0BDBA19E2AB4F630A31731FDB2210E19CEF,502,529,Work-order ledger — executed history with current revalidation overrides,CONTEXT,NO,SPLIT_EXACT_SECTION
LS-MD-0034,audit/MARKET_DATA_IMPLEMENTATION_LEDGER.md,53F8C0BDBA19E2AB4F630A31731FDB2210E19CEF,530,597,W00 baseline — direkam 2026-08-03,CONTEXT,NO,SPLIT_EXACT_SECTION
LS-MD-0034,audit/MARKET_DATA_IMPLEMENTATION_LEDGER.md,53F8C0BDBA19E2AB4F630A31731FDB2210E19CEF,598,627,"W01 record — stage 1 dan 2, ditutup 2026-08-03",CONTEXT,NO,SPLIT_EXACT_SECTION
LS-MD-0034,audit/MARKET_DATA_IMPLEMENTATION_LEDGER.md,53F8C0BDBA19E2AB4F630A31731FDB2210E19CEF,628,662,"W02 record — stage 3, ditutup 2026-08-03",CONTEXT,NO,SPLIT_EXACT_SECTION
LS-MD-0034,audit/MARKET_DATA_IMPLEMENTATION_LEDGER.md,53F8C0BDBA19E2AB4F630A31731FDB2210E19CEF,663,702,"W03 record — skeleton fondasi stage 4-21, ditutup 2026-08-03",CONTEXT,NO,SPLIT_EXACT_SECTION
LS-MD-0034,audit/MARKET_DATA_IMPLEMENTATION_LEDGER.md,53F8C0BDBA19E2AB4F630A31731FDB2210E19CEF,703,741,"W04 record — fondasi config snapshot stage 16, ditutup 2026-08-03",CONTEXT,NO,SPLIT_EXACT_SECTION
LS-MD-0034,audit/MARKET_DATA_IMPLEMENTATION_LEDGER.md,53F8C0BDBA19E2AB4F630A31731FDB2210E19CEF,742,777,"W05 record — identitas temporal stage 6, ditutup 2026-08-03",CONTEXT,NO,SPLIT_EXACT_SECTION
LS-MD-0034,audit/MARKET_DATA_IMPLEMENTATION_LEDGER.md,53F8C0BDBA19E2AB4F630A31731FDB2210E19CEF,778,812,"W06 record — kalender, sesi, dan trading status stage 7, ditutup 2026-08-03",CONTEXT,NO,SPLIT_EXACT_SECTION
LS-MD-0034,audit/MARKET_DATA_IMPLEMENTATION_LEDGER.md,53F8C0BDBA19E2AB4F630A31731FDB2210E19CEF,813,839,"W07 record — immutable source observations stage 4, ditutup 2026-08-03",CONTEXT,NO,SPLIT_EXACT_SECTION
LS-MD-0034,audit/MARKET_DATA_IMPLEMENTATION_LEDGER.md,53F8C0BDBA19E2AB4F630A31731FDB2210E19CEF,840,873,"W08 record — resilience, manual recovery, dan failure taxonomy stage 5, ditutup 2026-08-06",FINDING,YES,SPLIT_EXACT_SECTION
LS-MD-0034,audit/MARKET_DATA_IMPLEMENTATION_LEDGER.md,53F8C0BDBA19E2AB4F630A31731FDB2210E19CEF,874,928,"W09 record — import-only dan canonical RAW stage 8, ditutup 2026-08-06",CONTEXT,NO,SPLIT_EXACT_SECTION
LS-MD-0034,audit/MARKET_DATA_IMPLEMENTATION_LEDGER.md,53F8C0BDBA19E2AB4F630A31731FDB2210E19CEF,929,980,"W10 record — publication, seal, pointer, dan correction lifecycle stage 9, ditutup 2026-08-06",CONTEXT,NO,SPLIT_EXACT_SECTION
LS-MD-0034,audit/MARKET_DATA_IMPLEMENTATION_LEDGER.md,53F8C0BDBA19E2AB4F630A31731FDB2210E19CEF,981,1027,"HISTORICAL EXECUTION RECORD — W11 corporate-action event dan factor lifecycle stage 10, ditutup 2026-08-06",CONTEXT,NO,SPLIT_EXACT_SECTION
LS-MD-0034,audit/MARKET_DATA_IMPLEMENTATION_LEDGER.md,53F8C0BDBA19E2AB4F630A31731FDB2210E19CEF,1028,1065,"W12 record — coherent analytical price products stage 11, ditutup 2026-08-06",CONTEXT,NO,SPLIT_EXACT_SECTION
LS-MD-0034,audit/MARKET_DATA_IMPLEMENTATION_LEDGER.md,53F8C0BDBA19E2AB4F630A31731FDB2210E19CEF,1066,1109,"W13 record — actual dan proxy daily market metrics stage 14, ditutup 2026-08-06",CONTEXT,NO,SPLIT_EXACT_SECTION
LS-MD-0034,audit/MARKET_DATA_IMPLEMENTATION_LEDGER.md,53F8C0BDBA19E2AB4F630A31731FDB2210E19CEF,1110,1155,"W14 record — deterministic indicators dan dependency graph stage 15, ditutup 2026-08-06",CONTEXT,NO,SPLIT_EXACT_SECTION
LS-MD-0034,audit/MARKET_DATA_IMPLEMENTATION_LEDGER.md,53F8C0BDBA19E2AB4F630A31731FDB2210E19CEF,1156,1199,"W15 record — temporal coverage expectation dan delivery stage 12, ditutup 2026-08-06",CONTEXT,NO,SPLIT_EXACT_SECTION
LS-MD-0034,audit/MARKET_DATA_IMPLEMENTATION_LEDGER.md,53F8C0BDBA19E2AB4F630A31731FDB2210E19CEF,1200,1229,"W16 record — explainable data usability stage 13, ditutup 2026-08-06",CONTEXT,NO,SPLIT_EXACT_SECTION
LS-MD-0034,audit/MARKET_DATA_IMPLEMENTATION_LEDGER.md,53F8C0BDBA19E2AB4F630A31731FDB2210E19CEF,1230,1255,"W17 record — versioned market-data read product stage 17 core, ditutup 2026-08-06",CONTEXT,NO,SPLIT_EXACT_SECTION
LS-MD-0034,audit/MARKET_DATA_IMPLEMENTATION_LEDGER.md,53F8C0BDBA19E2AB4F630A31731FDB2210E19CEF,1256,1297,"W18 record — exact dan as-known replay stage 18, ditutup 2026-08-06",CONTEXT,NO,SPLIT_EXACT_SECTION
LS-MD-0034,audit/MARKET_DATA_IMPLEMENTATION_LEDGER.md,53F8C0BDBA19E2AB4F630A31731FDB2210E19CEF,1298,1335,"W19 record — operational lifecycle, commands, observability, dan evidence stage 19, ditutup 2026-08-06",EVIDENCE,YES,SPLIT_EXACT_SECTION
LS-MD-0034,audit/MARKET_DATA_IMPLEMENTATION_LEDGER.md,53F8C0BDBA19E2AB4F630A31731FDB2210E19CEF,1336,1367,"W20 record — session snapshot opsional stage 17/19, ditutup 2026-08-06",CONTEXT,NO,SPLIT_EXACT_SECTION
LS-MD-0034,audit/MARKET_DATA_IMPLEMENTATION_LEDGER.md,53F8C0BDBA19E2AB4F630A31731FDB2210E19CEF,1368,1407,"W15 remediasi dan re-audit — `F-022`, ditutup 2026-08-06",CONTEXT,NO,SPLIT_EXACT_SECTION
LS-MD-0034,audit/MARKET_DATA_IMPLEMENTATION_LEDGER.md,53F8C0BDBA19E2AB4F630A31731FDB2210E19CEF,1408,1449,"W21 record — konvergensi global stage 20 dan 21, `PARTIAL` 2026-08-06",CONTEXT,NO,SPLIT_EXACT_SECTION
LS-MD-0034,audit/MARKET_DATA_IMPLEMENTATION_LEDGER.md,53F8C0BDBA19E2AB4F630A31731FDB2210E19CEF,1450,1483,W21 remediasi `F-023` — 2026-08-06,CONTEXT,NO,SPLIT_EXACT_SECTION
LS-MD-0034,audit/MARKET_DATA_IMPLEMENTATION_LEDGER.md,53F8C0BDBA19E2AB4F630A31731FDB2210E19CEF,1484,1532,"W22 record — audit, sinkronisasi dokumentasi, dan penetapan claim level, ditutup 2026-08-06",CONTEXT,NO,SPLIT_EXACT_SECTION
LS-MD-0034,audit/MARKET_DATA_IMPLEMENTATION_LEDGER.md,53F8C0BDBA19E2AB4F630A31731FDB2210E19CEF,1533,1568,"W21 remediasi `F-023`, putaran kedua — 2026-08-06",CONTEXT,NO,SPLIT_EXACT_SECTION
LS-MD-0034,audit/MARKET_DATA_IMPLEMENTATION_LEDGER.md,53F8C0BDBA19E2AB4F630A31731FDB2210E19CEF,1569,1610,HISTORICAL finding register — superseded by the current table below,CONTEXT,NO,SPLIT_EXACT_SECTION
LS-MD-0034,audit/MARKET_DATA_IMPLEMENTATION_LEDGER.md,53F8C0BDBA19E2AB4F630A31731FDB2210E19CEF,1611,1625,Active findings,FINDING,YES,SPLIT_EXACT_SECTION
LS-MD-0034,audit/MARKET_DATA_IMPLEMENTATION_LEDGER.md,53F8C0BDBA19E2AB4F630A31731FDB2210E19CEF,1626,1640,Ledger update transaction (LOCKED),CONTEXT,NO,SPLIT_EXACT_SECTION
LS-MD-0034,audit/MARKET_DATA_IMPLEMENTATION_LEDGER.md,53F8C0BDBA19E2AB4F630A31731FDB2210E19CEF,1641,1650,Pass and advance rule,GOVERNANCE,YES,SPLIT_EXACT_SECTION
LS-MD-0034,audit/MARKET_DATA_IMPLEMENTATION_LEDGER.md,53F8C0BDBA19E2AB4F630A31731FDB2210E19CEF,1651,1657,Current next command,IMPLEMENTATION,YES,SPLIT_EXACT_SECTION
LS-MD-0034,audit/MARKET_DATA_IMPLEMENTATION_LEDGER.md,53F8C0BDBA19E2AB4F630A31731FDB2210E19CEF,1658,1703,2026-08-12 — Konsolidasi akar penyebab atas 17 temuan terbuka — HISTORICAL SNAPSHOT,CONTEXT,NO,SPLIT_EXACT_SECTION
LS-MD-0034,audit/MARKET_DATA_IMPLEMENTATION_LEDGER.md,53F8C0BDBA19E2AB4F630A31731FDB2210E19CEF,1704,1756,"2026-08-12 — Urutan pengerjaan: tiap tahap dapat dinyatakan selesai sendiri — HISTORICAL, SUPERSEDED MULAI TAHAP 4",CONTEXT,NO,SPLIT_EXACT_SECTION
LS-MD-0034,audit/MARKET_DATA_IMPLEMENTATION_LEDGER.md,53F8C0BDBA19E2AB4F630A31731FDB2210E19CEF,1757,1890,"Tahap 1 — `F-006` ditutup, 2026-08-12",CONTEXT,NO,SPLIT_EXACT_SECTION
LS-MD-0034,audit/MARKET_DATA_IMPLEMENTATION_LEDGER.md,53F8C0BDBA19E2AB4F630A31731FDB2210E19CEF,1891,1914,Impact review alignment kontrak sebelum Tahap 2 — BUKAN EXIT EVIDENCE,EVIDENCE,YES,SPLIT_EXACT_SECTION
LS-MD-0034,audit/MARKET_DATA_IMPLEMENTATION_LEDGER.md,53F8C0BDBA19E2AB4F630A31731FDB2210E19CEF,1915,2018,"Tahap 2 — `F-045` ditutup, 2026-08-12",CONTEXT,NO,SPLIT_EXACT_SECTION
LS-MD-0034,audit/MARKET_DATA_IMPLEMENTATION_LEDGER.md,53F8C0BDBA19E2AB4F630A31731FDB2210E19CEF,2019,2104,Tahap 3 — Bekukan populasi cacat — SELESAI 2026-08-13,CONTEXT,NO,SPLIT_EXACT_SECTION
LS-MD-0034,audit/MARKET_DATA_IMPLEMENTATION_LEDGER.md,53F8C0BDBA19E2AB4F630A31731FDB2210E19CEF,2105,2218,2026-08-13 — CURRENT AUTHORITATIVE SEQUENCE mulai Tahap 4,CONTEXT,NO,SPLIT_EXACT_SECTION
LS-MD-0034,audit/MARKET_DATA_IMPLEMENTATION_LEDGER.md,53F8C0BDBA19E2AB4F630A31731FDB2210E19CEF,2219,2308,Tahap 4 — Keputusan makna `RAW` — SELESAI 2026-08-13,CONTEXT,NO,SPLIT_EXACT_SECTION
LS-MD-0034,audit/MARKET_DATA_IMPLEMENTATION_LEDGER.md,53F8C0BDBA19E2AB4F630A31731FDB2210E19CEF,2309,2389,Tahap 5 — Keputusan batas baca bar tak beridentitas — SELESAI 2026-08-13,CONTEXT,NO,SPLIT_EXACT_SECTION
LS-MD-0034,audit/MARKET_DATA_IMPLEMENTATION_LEDGER.md,53F8C0BDBA19E2AB4F630A31731FDB2210E19CEF,2390,2515,Tahap 6 — Rekam terms corporate action otoritatif — SELESAI 2026-08-13,CONTEXT,NO,SPLIT_EXACT_SECTION
LS-MD-0034,audit/MARKET_DATA_IMPLEMENTATION_LEDGER.md,53F8C0BDBA19E2AB4F630A31731FDB2210E19CEF,2516,2672,Tahap 7 — Rekam tier struktur pasar IDX — SELESAI 2026-08-13,CONTEXT,NO,SPLIT_EXACT_SECTION
LS-MD-0034,audit/MARKET_DATA_IMPLEMENTATION_LEDGER.md,53F8C0BDBA19E2AB4F630A31731FDB2210E19CEF,2673,2860,Tahap 8 — Rekonstruksi korpus aktif satu kali — SELESAI 2026-08-14,CONTEXT,NO,SPLIT_EXACT_SECTION
LS-MD-0034,audit/MARKET_DATA_IMPLEMENTATION_LEDGER.md,53F8C0BDBA19E2AB4F630A31731FDB2210E19CEF,2861,2957,"Tahap 1 direvisi pemilik — analisis ulang, 2026-08-17",CONTEXT,NO,SPLIT_EXACT_SECTION
LS-MD-0034,audit/MARKET_DATA_IMPLEMENTATION_LEDGER.md,53F8C0BDBA19E2AB4F630A31731FDB2210E19CEF,2958,3119,Audit independen Tahap 1–8 — 2026-08-17,CONTEXT,NO,SPLIT_EXACT_SECTION
LS-MD-0034,audit/MARKET_DATA_IMPLEMENTATION_LEDGER.md,53F8C0BDBA19E2AB4F630A31731FDB2210E19CEF,3120,3183,"Tahap 1 — penutupan celah Invariant 14, 2026-08-17",CONTEXT,NO,SPLIT_EXACT_SECTION
LS-MD-0035,audit/MARKET_DATA_PRODUCTION_PROOF_PACK.md,9D1E95DE0523A6EFF6B7E31DF54056B51CB33F26,1,16,Market-Data Production Proof Pack,EVIDENCE,YES,SPLIT_EXACT_SECTION
LS-MD-0035,audit/MARKET_DATA_PRODUCTION_PROOF_PACK.md,9D1E95DE0523A6EFF6B7E31DF54056B51CB33F26,17,37,Current admission notice — 2026-08-02,GOVERNANCE,YES,SPLIT_EXACT_SECTION
LS-MD-0035,audit/MARKET_DATA_PRODUCTION_PROOF_PACK.md,9D1E95DE0523A6EFF6B7E31DF54056B51CB33F26,38,56,2026-06-10 Backfill Lifecycle Benchmark Recovery Proof,EVIDENCE,YES,SPLIT_EXACT_SECTION
LS-MD-0035,audit/MARKET_DATA_PRODUCTION_PROOF_PACK.md,9D1E95DE0523A6EFF6B7E31DF54056B51CB33F26,57,71,1. Environment Baseline,EVIDENCE,YES,SPLIT_EXACT_SECTION
LS-MD-0035,audit/MARKET_DATA_PRODUCTION_PROOF_PACK.md,9D1E95DE0523A6EFF6B7E31DF54056B51CB33F26,72,85,2. Production Validation Matrix,EVIDENCE,YES,SPLIT_EXACT_SECTION
LS-MD-0035,audit/MARKET_DATA_PRODUCTION_PROOF_PACK.md,9D1E95DE0523A6EFF6B7E31DF54056B51CB33F26,86,108,3. Test Proof,EVIDENCE,YES,SPLIT_EXACT_SECTION
LS-MD-0035,audit/MARKET_DATA_PRODUCTION_PROOF_PACK.md,9D1E95DE0523A6EFF6B7E31DF54056B51CB33F26,109,136,4. Command Registry Proof,EVIDENCE,YES,SPLIT_EXACT_SECTION
LS-MD-0035,audit/MARKET_DATA_PRODUCTION_PROOF_PACK.md,9D1E95DE0523A6EFF6B7E31DF54056B51CB33F26,137,147,5. Command Runtime Matrix Summary,IMPLEMENTATION,YES,SPLIT_EXACT_SECTION
LS-MD-0035,audit/MARKET_DATA_PRODUCTION_PROOF_PACK.md,9D1E95DE0523A6EFF6B7E31DF54056B51CB33F26,148,151,6. Schema Proof,EVIDENCE,YES,SPLIT_EXACT_SECTION
LS-MD-0035,audit/MARKET_DATA_PRODUCTION_PROOF_PACK.md,9D1E95DE0523A6EFF6B7E31DF54056B51CB33F26,152,165,7. Coverage Proof,EVIDENCE,YES,SPLIT_EXACT_SECTION
LS-MD-0035,audit/MARKET_DATA_PRODUCTION_PROOF_PACK.md,9D1E95DE0523A6EFF6B7E31DF54056B51CB33F26,166,169,8. Read-Side Proof,EVIDENCE,YES,SPLIT_EXACT_SECTION
LS-MD-0035,audit/MARKET_DATA_PRODUCTION_PROOF_PACK.md,9D1E95DE0523A6EFF6B7E31DF54056B51CB33F26,170,183,9. Evidence Export Proof,EVIDENCE,YES,SPLIT_EXACT_SECTION
LS-MD-0035,audit/MARKET_DATA_PRODUCTION_PROOF_PACK.md,9D1E95DE0523A6EFF6B7E31DF54056B51CB33F26,184,201,10. Replay Proof,EVIDENCE,YES,SPLIT_EXACT_SECTION
LS-MD-0035,audit/MARKET_DATA_PRODUCTION_PROOF_PACK.md,9D1E95DE0523A6EFF6B7E31DF54056B51CB33F26,202,211,11. Correction Proof,EVIDENCE,YES,SPLIT_EXACT_SECTION
LS-MD-0035,audit/MARKET_DATA_PRODUCTION_PROOF_PACK.md,9D1E95DE0523A6EFF6B7E31DF54056B51CB33F26,212,221,12. Hash / Seal Proof,EVIDENCE,YES,SPLIT_EXACT_SECTION
LS-MD-0035,audit/MARKET_DATA_PRODUCTION_PROOF_PACK.md,9D1E95DE0523A6EFF6B7E31DF54056B51CB33F26,222,236,13. Artifact Presence Proof,EVIDENCE,YES,SPLIT_EXACT_SECTION
LS-MD-0035,audit/MARKET_DATA_PRODUCTION_PROOF_PACK.md,9D1E95DE0523A6EFF6B7E31DF54056B51CB33F26,237,245,14. Audit Ledger Readiness,EVIDENCE,YES,SPLIT_EXACT_SECTION
LS-MD-0035,audit/MARKET_DATA_PRODUCTION_PROOF_PACK.md,9D1E95DE0523A6EFF6B7E31DF54056B51CB33F26,246,253,15. Remaining Risk Register,FINDING,YES,SPLIT_EXACT_SECTION
LS-MD-0035,audit/MARKET_DATA_PRODUCTION_PROOF_PACK.md,9D1E95DE0523A6EFF6B7E31DF54056B51CB33F26,254,262,16. Final Decision,DECISION,YES,SPLIT_EXACT_SECTION
LS-MD-0035,audit/MARKET_DATA_PRODUCTION_PROOF_PACK.md,9D1E95DE0523A6EFF6B7E31DF54056B51CB33F26,263,305,17. 2026-05-21 Ops Runtime Parity Revalidation,EVIDENCE,YES,SPLIT_EXACT_SECTION
LS-MD-0035,audit/MARKET_DATA_PRODUCTION_PROOF_PACK.md,9D1E95DE0523A6EFF6B7E31DF54056B51CB33F26,306,340,18. 2026-05-21 Testing DB Isolation / Safe Migration Guard,IMPLEMENTATION,YES,SPLIT_EXACT_SECTION
LS-MD-0035,audit/MARKET_DATA_PRODUCTION_PROOF_PACK.md,9D1E95DE0523A6EFF6B7E31DF54056B51CB33F26,341,373,19. 2026-05-21 Production Scheduler / Cron Deployment Proof,EVIDENCE,YES,SPLIT_EXACT_SECTION
LS-MD-0035,audit/MARKET_DATA_PRODUCTION_PROOF_PACK.md,9D1E95DE0523A6EFF6B7E31DF54056B51CB33F26,374,399,20. 2026-05-21 Scheduler Runtime Artifact Synchronization Reconciliation,RESEARCH,YES,SPLIT_EXACT_SECTION
LS-MD-0035,audit/MARKET_DATA_PRODUCTION_PROOF_PACK.md,9D1E95DE0523A6EFF6B7E31DF54056B51CB33F26,400,419,2026-05-21 Runtime Parity Evidence Encoding Cleanup,EVIDENCE,YES,SPLIT_EXACT_SECTION
LS-MD-0035,audit/MARKET_DATA_PRODUCTION_PROOF_PACK.md,9D1E95DE0523A6EFF6B7E31DF54056B51CB33F26,420,489,2026-05-21 — OPS_RUNTIME_PARITY_COMPLETION_SCHEDULER_PROVIDER_SMOKE,CONTEXT,NO,SPLIT_EXACT_SECTION
LS-MD-0035,audit/MARKET_DATA_PRODUCTION_PROOF_PACK.md,9D1E95DE0523A6EFF6B7E31DF54056B51CB33F26,490,524,2026-05-21 Final Proof Pack / Ops Runtime Parity Reconciliation,EVIDENCE,YES,SPLIT_EXACT_SECTION
LS-MD-0035,audit/MARKET_DATA_PRODUCTION_PROOF_PACK.md,9D1E95DE0523A6EFF6B7E31DF54056B51CB33F26,525,564,2026-05-21 — PROVIDER RATE-LIMIT + SCHEDULER DUE-RUN PROOF RECONCILIATION,EVIDENCE,YES,SPLIT_EXACT_SECTION
LS-MD-0035,audit/MARKET_DATA_PRODUCTION_PROOF_PACK.md,9D1E95DE0523A6EFF6B7E31DF54056B51CB33F26,565,607,2026-05-22 — YAHOO_PROVIDER_SMOKE_REQUEST_CONTEXT_HARDENING,CONTEXT,NO,SPLIT_EXACT_SECTION
LS-MD-0035,audit/MARKET_DATA_PRODUCTION_PROOF_PACK.md,9D1E95DE0523A6EFF6B7E31DF54056B51CB33F26,608,632,2026-05-22 - Audit Docs Static Guard Rate-Limit Reconciliation,RESEARCH,YES,SPLIT_EXACT_SECTION
LS-MD-0035,audit/MARKET_DATA_PRODUCTION_PROOF_PACK.md,9D1E95DE0523A6EFF6B7E31DF54056B51CB33F26,633,689,2026-05-22 - Final Provider Smoke Passed / Ops Runtime Parity Lock,CONTEXT,NO,SPLIT_EXACT_SECTION
LS-MD-0035,audit/MARKET_DATA_PRODUCTION_PROOF_PACK.md,9D1E95DE0523A6EFF6B7E31DF54056B51CB33F26,690,713,2026-05-23 — Final Provider Smoke / Full PHPUnit PASS Document Reconciliation,EVIDENCE,YES,SPLIT_EXACT_SECTION
LS-MD-0035,audit/MARKET_DATA_PRODUCTION_PROOF_PACK.md,9D1E95DE0523A6EFF6B7E31DF54056B51CB33F26,714,764,2026-05-23 — SOURCE READY → FULL PRODUCTION READY GAP CLOSURE,FINDING,YES,SPLIT_EXACT_SECTION
LS-MD-0035,audit/MARKET_DATA_PRODUCTION_PROOF_PACK.md,9D1E95DE0523A6EFF6B7E31DF54056B51CB33F26,765,800,2026-05-23 — Final Provider Runtime PASS Wording Reconciliation,RESEARCH,YES,SPLIT_EXACT_SECTION
LS-MD-0035,audit/MARKET_DATA_PRODUCTION_PROOF_PACK.md,9D1E95DE0523A6EFF6B7E31DF54056B51CB33F26,801,932,2026-05-24 — API Daily Runtime Proof / Final Post-Gap-Closure Validation,FINDING,YES,SPLIT_EXACT_SECTION
LS-MD-0035,audit/MARKET_DATA_PRODUCTION_PROOF_PACK.md,9D1E95DE0523A6EFF6B7E31DF54056B51CB33F26,933,953,2026-05-24 — Market Benchmark + Indicator Extension Final Production Ready Re-Lock,CONTEXT,NO,SPLIT_EXACT_SECTION
LS-MD-0035,audit/MARKET_DATA_PRODUCTION_PROOF_PACK.md,9D1E95DE0523A6EFF6B7E31DF54056B51CB33F26,954,973,2026-06-05 - Provider Smoke Artifact Refresh and Full MarketData Suite Proof,EVIDENCE,YES,SPLIT_EXACT_SECTION
LS-MD-0035,audit/MARKET_DATA_PRODUCTION_PROOF_PACK.md,9D1E95DE0523A6EFF6B7E31DF54056B51CB33F26,974,988,2026-06-05 - Full Global Current-Readable Market-Data Lock,CONTEXT,NO,SPLIT_EXACT_SECTION
LS-MD-0036,audit/OPERATIONAL_READINESS_INVENTORY.md,5052578CFB667B3B0F992126B669430E12EFBA12,1,31,Operational Readiness Inventory,IMPLEMENTATION,YES,SPLIT_EXACT_SECTION
LS-MD-0036,audit/OPERATIONAL_READINESS_INVENTORY.md,5052578CFB667B3B0F992126B669430E12EFBA12,32,35,Current decision,DECISION,YES,SPLIT_EXACT_SECTION
LS-MD-0036,audit/OPERATIONAL_READINESS_INVENTORY.md,5052578CFB667B3B0F992126B669430E12EFBA12,36,39,Regression reconciliation,RESEARCH,YES,SPLIT_EXACT_SECTION
LS-MD-0036,audit/OPERATIONAL_READINESS_INVENTORY.md,5052578CFB667B3B0F992126B669430E12EFBA12,40,54,Manual validation completed,EVIDENCE,YES,SPLIT_EXACT_SECTION
LS-MD-0036,audit/OPERATIONAL_READINESS_INVENTORY.md,5052578CFB667B3B0F992126B669430E12EFBA12,55,67,Final local validation evidence,EVIDENCE,YES,SPLIT_EXACT_SECTION
LS-MD-0036,audit/OPERATIONAL_READINESS_INVENTORY.md,5052578CFB667B3B0F992126B669430E12EFBA12,68,73,2026-05-08 Replay fixture generation update,CONTEXT,NO,SPLIT_EXACT_SECTION
LS-MD-0037,audit/OPS_COMMAND_SURFACE_RUNTIME_MATRIX_INVENTORY.md,D6E40A3FC4141C4D0798627BD21A5F34418206F8,1,12,Ops Command Surface Runtime Matrix Inventory,IMPLEMENTATION,YES,SPLIT_EXACT_SECTION
LS-MD-0037,audit/OPS_COMMAND_SURFACE_RUNTIME_MATRIX_INVENTORY.md,D6E40A3FC4141C4D0798627BD21A5F34418206F8,13,24,Runtime Environment,CONTEXT,NO,SPLIT_EXACT_SECTION
LS-MD-0037,audit/OPS_COMMAND_SURFACE_RUNTIME_MATRIX_INVENTORY.md,D6E40A3FC4141C4D0798627BD21A5F34418206F8,25,35,Decision,DECISION,YES,SPLIT_EXACT_SECTION
LS-MD-0037,audit/OPS_COMMAND_SURFACE_RUNTIME_MATRIX_INVENTORY.md,D6E40A3FC4141C4D0798627BD21A5F34418206F8,36,73,Command Registry Proof,EVIDENCE,YES,SPLIT_EXACT_SECTION
LS-MD-0037,audit/OPS_COMMAND_SURFACE_RUNTIME_MATRIX_INVENTORY.md,D6E40A3FC4141C4D0798627BD21A5F34418206F8,74,115,Provider-Smoke Safe-Mode Overlay,CONTEXT,NO,SPLIT_EXACT_SECTION
LS-MD-0037,audit/OPS_COMMAND_SURFACE_RUNTIME_MATRIX_INVENTORY.md,D6E40A3FC4141C4D0798627BD21A5F34418206F8,116,151,Help Proof Matrix,EVIDENCE,YES,SPLIT_EXACT_SECTION
LS-MD-0037,audit/OPS_COMMAND_SURFACE_RUNTIME_MATRIX_INVENTORY.md,D6E40A3FC4141C4D0798627BD21A5F34418206F8,152,177,Invalid Input Runtime Matrix,CONTEXT,NO,SPLIT_EXACT_SECTION
LS-MD-0037,audit/OPS_COMMAND_SURFACE_RUNTIME_MATRIX_INVENTORY.md,D6E40A3FC4141C4D0798627BD21A5F34418206F8,178,208,Production-Ready Runtime Matrix,CONTEXT,NO,SPLIT_EXACT_SECTION
LS-MD-0037,audit/OPS_COMMAND_SURFACE_RUNTIME_MATRIX_INVENTORY.md,D6E40A3FC4141C4D0798627BD21A5F34418206F8,209,230,Seeded Runtime Matrix,CONTEXT,NO,SPLIT_EXACT_SECTION
LS-MD-0037,audit/OPS_COMMAND_SURFACE_RUNTIME_MATRIX_INVENTORY.md,D6E40A3FC4141C4D0798627BD21A5F34418206F8,231,244,Previously Blocked Cases Closed,CONTEXT,NO,SPLIT_EXACT_SECTION
LS-MD-0037,audit/OPS_COMMAND_SURFACE_RUNTIME_MATRIX_INVENTORY.md,D6E40A3FC4141C4D0798627BD21A5F34418206F8,245,253,Patch Summary,IMPLEMENTATION,YES,SPLIT_EXACT_SECTION
LS-MD-0037,audit/OPS_COMMAND_SURFACE_RUNTIME_MATRIX_INVENTORY.md,D6E40A3FC4141C4D0798627BD21A5F34418206F8,254,276,Validation Matrix,EVIDENCE,YES,SPLIT_EXACT_SECTION
LS-MD-0037,audit/OPS_COMMAND_SURFACE_RUNTIME_MATRIX_INVENTORY.md,D6E40A3FC4141C4D0798627BD21A5F34418206F8,277,288,Lock Condition,CONTEXT,NO,SPLIT_EXACT_SECTION
LS-MD-0037,audit/OPS_COMMAND_SURFACE_RUNTIME_MATRIX_INVENTORY.md,D6E40A3FC4141C4D0798627BD21A5F34418206F8,289,294,Next Action,CONTEXT,NO,SPLIT_EXACT_SECTION
LS-MD-0037,audit/OPS_COMMAND_SURFACE_RUNTIME_MATRIX_INVENTORY.md,D6E40A3FC4141C4D0798627BD21A5F34418206F8,295,324,2026-05-22 Provider Smoke PASS Reconciliation,RESEARCH,YES,SPLIT_EXACT_SECTION
LS-MD-0037,audit/OPS_COMMAND_SURFACE_RUNTIME_MATRIX_INVENTORY.md,D6E40A3FC4141C4D0798627BD21A5F34418206F8,325,348,2026-05-23 — Final Provider Smoke / Full PHPUnit PASS Document Reconciliation,EVIDENCE,YES,SPLIT_EXACT_SECTION
LS-MD-0037,audit/OPS_COMMAND_SURFACE_RUNTIME_MATRIX_INVENTORY.md,D6E40A3FC4141C4D0798627BD21A5F34418206F8,349,403,2026-05-23 — SOURCE READY → FULL PRODUCTION READY GAP CLOSURE,FINDING,YES,SPLIT_EXACT_SECTION
LS-MD-0037,audit/OPS_COMMAND_SURFACE_RUNTIME_MATRIX_INVENTORY.md,D6E40A3FC4141C4D0798627BD21A5F34418206F8,404,422,2026-05-24 — Market Benchmark + Indicator Extension Runtime Matrix Re-Check,CONTEXT,NO,SPLIT_EXACT_SECTION
LS-MD-0037,audit/OPS_COMMAND_SURFACE_RUNTIME_MATRIX_INVENTORY.md,D6E40A3FC4141C4D0798627BD21A5F34418206F8,423,437,2026-06-07 — Current Indicator Recompute Runtime Matrix Closure,CONTEXT,NO,SPLIT_EXACT_SECTION
LS-MD-0038,audit/OPS_ENVIRONMENT_BASELINE_INVENTORY.md,C4C8EC75AF93028E3F6AEFEF6E52E82B376969D5,1,17,Ops Environment Baseline Inventory,IMPLEMENTATION,YES,SPLIT_EXACT_SECTION
LS-MD-0038,audit/OPS_ENVIRONMENT_BASELINE_INVENTORY.md,C4C8EC75AF93028E3F6AEFEF6E52E82B376969D5,18,23,Scope,GOVERNANCE,YES,SPLIT_EXACT_SECTION
LS-MD-0038,audit/OPS_ENVIRONMENT_BASELINE_INVENTORY.md,C4C8EC75AF93028E3F6AEFEF6E52E82B376969D5,24,36,Existing contract / test / doc matrix,GOVERNANCE,YES,SPLIT_EXACT_SECTION
LS-MD-0038,audit/OPS_ENVIRONMENT_BASELINE_INVENTORY.md,C4C8EC75AF93028E3F6AEFEF6E52E82B376969D5,37,51,Runtime environment baseline matrix,CONTEXT,NO,SPLIT_EXACT_SECTION
LS-MD-0038,audit/OPS_ENVIRONMENT_BASELINE_INVENTORY.md,C4C8EC75AF93028E3F6AEFEF6E52E82B376969D5,52,62,Command output matrix,IMPLEMENTATION,YES,SPLIT_EXACT_SECTION
LS-MD-0038,audit/OPS_ENVIRONMENT_BASELINE_INVENTORY.md,C4C8EC75AF93028E3F6AEFEF6E52E82B376969D5,63,76,Patch matrix,IMPLEMENTATION,YES,SPLIT_EXACT_SECTION
LS-MD-0038,audit/OPS_ENVIRONMENT_BASELINE_INVENTORY.md,C4C8EC75AF93028E3F6AEFEF6E52E82B376969D5,77,85,Composer / platform decision matrix,DECISION,YES,SPLIT_EXACT_SECTION
LS-MD-0038,audit/OPS_ENVIRONMENT_BASELINE_INVENTORY.md,C4C8EC75AF93028E3F6AEFEF6E52E82B376969D5,86,114,Validation matrix,EVIDENCE,YES,SPLIT_EXACT_SECTION
LS-MD-0038,audit/OPS_ENVIRONMENT_BASELINE_INVENTORY.md,C4C8EC75AF93028E3F6AEFEF6E52E82B376969D5,115,147,Final local validation completed,EVIDENCE,YES,SPLIT_EXACT_SECTION
LS-MD-0038,audit/OPS_ENVIRONMENT_BASELINE_INVENTORY.md,C4C8EC75AF93028E3F6AEFEF6E52E82B376969D5,148,156,Final status,DECISION,YES,SPLIT_EXACT_SECTION
LS-MD-0038,audit/OPS_ENVIRONMENT_BASELINE_INVENTORY.md,C4C8EC75AF93028E3F6AEFEF6E52E82B376969D5,157,191,2026-05-21 Production Rollout Runtime Parity Environment Check,CONTEXT,NO,SPLIT_EXACT_SECTION
LS-MD-0038,audit/OPS_ENVIRONMENT_BASELINE_INVENTORY.md,C4C8EC75AF93028E3F6AEFEF6E52E82B376969D5,192,215,2026-05-21 Testing DB Isolation Follow-Up,CONTEXT,NO,SPLIT_EXACT_SECTION
LS-MD-0038,audit/OPS_ENVIRONMENT_BASELINE_INVENTORY.md,C4C8EC75AF93028E3F6AEFEF6E52E82B376969D5,216,243,2026-05-21 Scheduler/Cron Deployment Follow-Up,CONTEXT,NO,SPLIT_EXACT_SECTION
LS-MD-0038,audit/OPS_ENVIRONMENT_BASELINE_INVENTORY.md,C4C8EC75AF93028E3F6AEFEF6E52E82B376969D5,244,255,2026-05-21 Scheduler Runtime Artifact Synchronization Reconciliation,RESEARCH,YES,SPLIT_EXACT_SECTION
LS-MD-0038,audit/OPS_ENVIRONMENT_BASELINE_INVENTORY.md,C4C8EC75AF93028E3F6AEFEF6E52E82B376969D5,256,275,2026-05-21 Runtime Parity Evidence Encoding Cleanup,EVIDENCE,YES,SPLIT_EXACT_SECTION
LS-MD-0038,audit/OPS_ENVIRONMENT_BASELINE_INVENTORY.md,C4C8EC75AF93028E3F6AEFEF6E52E82B376969D5,276,344,2026-05-21 — OPS_RUNTIME_PARITY_COMPLETION_SCHEDULER_PROVIDER_SMOKE,CONTEXT,NO,SPLIT_EXACT_SECTION
LS-MD-0038,audit/OPS_ENVIRONMENT_BASELINE_INVENTORY.md,C4C8EC75AF93028E3F6AEFEF6E52E82B376969D5,345,365,2026-05-21 Final Proof Pack / Ops Runtime Parity Reconciliation,EVIDENCE,YES,SPLIT_EXACT_SECTION
LS-MD-0038,audit/OPS_ENVIRONMENT_BASELINE_INVENTORY.md,C4C8EC75AF93028E3F6AEFEF6E52E82B376969D5,366,405,2026-05-21 — PROVIDER RATE-LIMIT + SCHEDULER DUE-RUN PROOF RECONCILIATION,EVIDENCE,YES,SPLIT_EXACT_SECTION
LS-MD-0038,audit/OPS_ENVIRONMENT_BASELINE_INVENTORY.md,C4C8EC75AF93028E3F6AEFEF6E52E82B376969D5,406,441,2026-05-22 — YAHOO_PROVIDER_SMOKE_REQUEST_CONTEXT_HARDENING,CONTEXT,NO,SPLIT_EXACT_SECTION
LS-MD-0038,audit/OPS_ENVIRONMENT_BASELINE_INVENTORY.md,C4C8EC75AF93028E3F6AEFEF6E52E82B376969D5,442,498,2026-05-22 — FINAL PROVIDER SMOKE PASSED / OPS RUNTIME PARITY LOCK,CONTEXT,NO,SPLIT_EXACT_SECTION
LS-MD-0038,audit/OPS_ENVIRONMENT_BASELINE_INVENTORY.md,C4C8EC75AF93028E3F6AEFEF6E52E82B376969D5,499,522,2026-05-23 — Final Provider Smoke / Full PHPUnit PASS Document Reconciliation,EVIDENCE,YES,SPLIT_EXACT_SECTION
LS-MD-0038,audit/OPS_ENVIRONMENT_BASELINE_INVENTORY.md,C4C8EC75AF93028E3F6AEFEF6E52E82B376969D5,523,579,2026-05-23 — SOURCE READY → FULL PRODUCTION READY GAP CLOSURE,FINDING,YES,SPLIT_EXACT_SECTION
LS-MD-0038,audit/OPS_ENVIRONMENT_BASELINE_INVENTORY.md,C4C8EC75AF93028E3F6AEFEF6E52E82B376969D5,580,711,2026-05-24 — API Daily Runtime Proof / Final Post-Gap-Closure Validation,FINDING,YES,SPLIT_EXACT_SECTION
LS-MD-0038,audit/OPS_ENVIRONMENT_BASELINE_INVENTORY.md,C4C8EC75AF93028E3F6AEFEF6E52E82B376969D5,712,729,2026-05-24 — Market Benchmark + Indicator Extension Environment Proof Re-Check,EVIDENCE,YES,SPLIT_EXACT_SECTION
LS-MD-0039,audit/PRODUCTION_VALIDATION_INVENTORY.md,A8D8B95268BF27AB2D2EE5D169FEE87AFCAF4EB7,1,24,Production Validation Inventory,EVIDENCE,YES,SPLIT_EXACT_SECTION
LS-MD-0039,audit/PRODUCTION_VALIDATION_INVENTORY.md,A8D8B95268BF27AB2D2EE5D169FEE87AFCAF4EB7,25,33,Runtime proof categories,EVIDENCE,YES,SPLIT_EXACT_SECTION
LS-MD-0039,audit/PRODUCTION_VALIDATION_INVENTORY.md,A8D8B95268BF27AB2D2EE5D169FEE87AFCAF4EB7,34,41,Closed production validation proof statuses,EVIDENCE,YES,SPLIT_EXACT_SECTION
LS-MD-0039,audit/PRODUCTION_VALIDATION_INVENTORY.md,A8D8B95268BF27AB2D2EE5D169FEE87AFCAF4EB7,42,62,Fix ledger / runtime findings after fix2,FINDING,YES,SPLIT_EXACT_SECTION
LS-MD-0039,audit/PRODUCTION_VALIDATION_INVENTORY.md,A8D8B95268BF27AB2D2EE5D169FEE87AFCAF4EB7,63,84,Production validation inventory,EVIDENCE,YES,SPLIT_EXACT_SECTION
LS-MD-0039,audit/PRODUCTION_VALIDATION_INVENTORY.md,A8D8B95268BF27AB2D2EE5D169FEE87AFCAF4EB7,85,98,Required PHPUnit validation commands,EVIDENCE,YES,SPLIT_EXACT_SECTION
LS-MD-0039,audit/PRODUCTION_VALIDATION_INVENTORY.md,A8D8B95268BF27AB2D2EE5D169FEE87AFCAF4EB7,99,135,Required artisan command validation,EVIDENCE,YES,SPLIT_EXACT_SECTION
LS-MD-0039,audit/PRODUCTION_VALIDATION_INVENTORY.md,A8D8B95268BF27AB2D2EE5D169FEE87AFCAF4EB7,136,156,Local runtime proof recorded after fix1,EVIDENCE,YES,SPLIT_EXACT_SECTION
LS-MD-0039,audit/PRODUCTION_VALIDATION_INVENTORY.md,A8D8B95268BF27AB2D2EE5D169FEE87AFCAF4EB7,157,184,Evidence export runtime proof checklist,EVIDENCE,YES,SPLIT_EXACT_SECTION
LS-MD-0039,audit/PRODUCTION_VALIDATION_INVENTORY.md,A8D8B95268BF27AB2D2EE5D169FEE87AFCAF4EB7,185,217,Replay runtime proof checklist,EVIDENCE,YES,SPLIT_EXACT_SECTION
LS-MD-0039,audit/PRODUCTION_VALIDATION_INVENTORY.md,A8D8B95268BF27AB2D2EE5D169FEE87AFCAF4EB7,218,239,Daily / import / promote / finalize runtime proof checklist,EVIDENCE,YES,SPLIT_EXACT_SECTION
LS-MD-0039,audit/PRODUCTION_VALIDATION_INVENTORY.md,A8D8B95268BF27AB2D2EE5D169FEE87AFCAF4EB7,240,257,Failure scenario validation matrix,FINDING,YES,SPLIT_EXACT_SECTION
LS-MD-0039,audit/PRODUCTION_VALIDATION_INVENTORY.md,A8D8B95268BF27AB2D2EE5D169FEE87AFCAF4EB7,258,268,Audit docs synchronization rule,GOVERNANCE,YES,SPLIT_EXACT_SECTION
LS-MD-0039,audit/PRODUCTION_VALIDATION_INVENTORY.md,A8D8B95268BF27AB2D2EE5D169FEE87AFCAF4EB7,269,304,Manual validation command block,EVIDENCE,YES,SPLIT_EXACT_SECTION
LS-MD-0039,audit/PRODUCTION_VALIDATION_INVENTORY.md,A8D8B95268BF27AB2D2EE5D169FEE87AFCAF4EB7,305,328,Regression reconciliation summary,RESEARCH,YES,SPLIT_EXACT_SECTION
LS-MD-0039,audit/PRODUCTION_VALIDATION_INVENTORY.md,A8D8B95268BF27AB2D2EE5D169FEE87AFCAF4EB7,329,332,Current decision,DECISION,YES,SPLIT_EXACT_SECTION
LS-MD-0039,audit/PRODUCTION_VALIDATION_INVENTORY.md,A8D8B95268BF27AB2D2EE5D169FEE87AFCAF4EB7,333,364,2026-05-20 Ops Command Surface Runtime Matrix Update,IMPLEMENTATION,YES,SPLIT_EXACT_SECTION
LS-MD-0039,audit/PRODUCTION_VALIDATION_INVENTORY.md,A8D8B95268BF27AB2D2EE5D169FEE87AFCAF4EB7,365,390,2026-05-20 Ops Command Surface Runtime Matrix Lock Update,IMPLEMENTATION,YES,SPLIT_EXACT_SECTION
LS-MD-0039,audit/PRODUCTION_VALIDATION_INVENTORY.md,A8D8B95268BF27AB2D2EE5D169FEE87AFCAF4EB7,391,420,Replay fixture generation fix checklist,CONTEXT,NO,SPLIT_EXACT_SECTION
LS-MD-0039,audit/PRODUCTION_VALIDATION_INVENTORY.md,A8D8B95268BF27AB2D2EE5D169FEE87AFCAF4EB7,421,450,2026-05-20 Final Audit Docs Synchronization Lock Update,CONTEXT,NO,SPLIT_EXACT_SECTION
LS-MD-0039,audit/PRODUCTION_VALIDATION_INVENTORY.md,A8D8B95268BF27AB2D2EE5D169FEE87AFCAF4EB7,451,498,2026-05-21 Production Rollout Validation Runtime Parity Proof,EVIDENCE,YES,SPLIT_EXACT_SECTION
LS-MD-0039,audit/PRODUCTION_VALIDATION_INVENTORY.md,A8D8B95268BF27AB2D2EE5D169FEE87AFCAF4EB7,499,542,2026-05-21 Testing DB Isolation / Safe Migration Guard,IMPLEMENTATION,YES,SPLIT_EXACT_SECTION
LS-MD-0039,audit/PRODUCTION_VALIDATION_INVENTORY.md,A8D8B95268BF27AB2D2EE5D169FEE87AFCAF4EB7,543,587,2026-05-21 Production Scheduler / Cron Deployment Proof,EVIDENCE,YES,SPLIT_EXACT_SECTION
LS-MD-0039,audit/PRODUCTION_VALIDATION_INVENTORY.md,A8D8B95268BF27AB2D2EE5D169FEE87AFCAF4EB7,588,604,2026-05-21 Scheduler Runtime Artifact Synchronization Reconciliation,RESEARCH,YES,SPLIT_EXACT_SECTION
LS-MD-0039,audit/PRODUCTION_VALIDATION_INVENTORY.md,A8D8B95268BF27AB2D2EE5D169FEE87AFCAF4EB7,605,624,2026-05-21 Runtime Parity Evidence Encoding Cleanup,EVIDENCE,YES,SPLIT_EXACT_SECTION
LS-MD-0039,audit/PRODUCTION_VALIDATION_INVENTORY.md,A8D8B95268BF27AB2D2EE5D169FEE87AFCAF4EB7,625,693,2026-05-21 — OPS_RUNTIME_PARITY_COMPLETION_SCHEDULER_PROVIDER_SMOKE,CONTEXT,NO,SPLIT_EXACT_SECTION
LS-MD-0039,audit/PRODUCTION_VALIDATION_INVENTORY.md,A8D8B95268BF27AB2D2EE5D169FEE87AFCAF4EB7,694,720,2026-05-21 Final Proof Pack / Ops Runtime Parity Reconciliation,EVIDENCE,YES,SPLIT_EXACT_SECTION
LS-MD-0039,audit/PRODUCTION_VALIDATION_INVENTORY.md,A8D8B95268BF27AB2D2EE5D169FEE87AFCAF4EB7,721,760,2026-05-21 — PROVIDER RATE-LIMIT + SCHEDULER DUE-RUN PROOF RECONCILIATION,EVIDENCE,YES,SPLIT_EXACT_SECTION
LS-MD-0039,audit/PRODUCTION_VALIDATION_INVENTORY.md,A8D8B95268BF27AB2D2EE5D169FEE87AFCAF4EB7,761,798,2026-05-22 — YAHOO_PROVIDER_SMOKE_REQUEST_CONTEXT_HARDENING,CONTEXT,NO,SPLIT_EXACT_SECTION
LS-MD-0039,audit/PRODUCTION_VALIDATION_INVENTORY.md,A8D8B95268BF27AB2D2EE5D169FEE87AFCAF4EB7,799,855,2026-05-22 — FINAL PROVIDER SMOKE PASSED / OPS RUNTIME PARITY LOCK,CONTEXT,NO,SPLIT_EXACT_SECTION
LS-MD-0039,audit/PRODUCTION_VALIDATION_INVENTORY.md,A8D8B95268BF27AB2D2EE5D169FEE87AFCAF4EB7,856,879,2026-05-23 — Final Provider Smoke / Full PHPUnit PASS Document Reconciliation,EVIDENCE,YES,SPLIT_EXACT_SECTION
LS-MD-0039,audit/PRODUCTION_VALIDATION_INVENTORY.md,A8D8B95268BF27AB2D2EE5D169FEE87AFCAF4EB7,880,936,2026-05-23 — SOURCE READY → FULL PRODUCTION READY GAP CLOSURE,FINDING,YES,SPLIT_EXACT_SECTION
LS-MD-0039,audit/PRODUCTION_VALIDATION_INVENTORY.md,A8D8B95268BF27AB2D2EE5D169FEE87AFCAF4EB7,937,1068,2026-05-24 — API Daily Runtime Proof / Final Post-Gap-Closure Validation,FINDING,YES,SPLIT_EXACT_SECTION
LS-MD-0039,audit/PRODUCTION_VALIDATION_INVENTORY.md,A8D8B95268BF27AB2D2EE5D169FEE87AFCAF4EB7,1069,1088,2026-05-24 — Market Benchmark + Indicator Extension Runtime Proof Re-Lock,EVIDENCE,YES,SPLIT_EXACT_SECTION
LS-MD-0039,audit/PRODUCTION_VALIDATION_INVENTORY.md,A8D8B95268BF27AB2D2EE5D169FEE87AFCAF4EB7,1089,1105,2026-06-07 — Current Indicator Recompute Final Runtime Lock,CONTEXT,NO,SPLIT_EXACT_SECTION
LS-MD-0039,audit/PRODUCTION_VALIDATION_INVENTORY.md,A8D8B95268BF27AB2D2EE5D169FEE87AFCAF4EB7,1106,1110,2026-06-08 - Docs-Review Full PHPUnit Refresh,EVIDENCE,YES,SPLIT_EXACT_SECTION
LS-MD-0040,audit/READ_SIDE_CONSUMER_SURFACE_FINAL_SWEEP_INVENTORY.md,89C4B1A3A221C2A0F9B52AA735566CF5C0F8B107,1,12,READ SIDE CONSUMER SURFACE FINAL SWEEP INVENTORY,IMPLEMENTATION,YES,SPLIT_EXACT_SECTION
LS-MD-0040,audit/READ_SIDE_CONSUMER_SURFACE_FINAL_SWEEP_INVENTORY.md,89C4B1A3A221C2A0F9B52AA735566CF5C0F8B107,13,22,Pre-check summary,CONTEXT,NO,SPLIT_EXACT_SECTION
LS-MD-0040,audit/READ_SIDE_CONSUMER_SURFACE_FINAL_SWEEP_INVENTORY.md,89C4B1A3A221C2A0F9B52AA735566CF5C0F8B107,23,34,Runtime Environment Baseline,CONTEXT,NO,SPLIT_EXACT_SECTION
LS-MD-0040,audit/READ_SIDE_CONSUMER_SURFACE_FINAL_SWEEP_INVENTORY.md,89C4B1A3A221C2A0F9B52AA735566CF5C0F8B107,35,42,Audit / governance baseline,FINDING,YES,SPLIT_EXACT_SECTION
LS-MD-0040,audit/READ_SIDE_CONSUMER_SURFACE_FINAL_SWEEP_INVENTORY.md,89C4B1A3A221C2A0F9B52AA735566CF5C0F8B107,43,58,Candidate surface baseline,CONTEXT,NO,SPLIT_EXACT_SECTION
LS-MD-0040,audit/READ_SIDE_CONSUMER_SURFACE_FINAL_SWEEP_INVENTORY.md,89C4B1A3A221C2A0F9B52AA735566CF5C0F8B107,59,72,Consumer Surface Matrix,CONTEXT,NO,SPLIT_EXACT_SECTION
LS-MD-0040,audit/READ_SIDE_CONSUMER_SURFACE_FINAL_SWEEP_INVENTORY.md,89C4B1A3A221C2A0F9B52AA735566CF5C0F8B107,73,87,Raw/Latest Scan Matrix,CONTEXT,NO,SPLIT_EXACT_SECTION
LS-MD-0040,audit/READ_SIDE_CONSUMER_SURFACE_FINAL_SWEEP_INVENTORY.md,89C4B1A3A221C2A0F9B52AA735566CF5C0F8B107,88,96,Consumer end-to-end trace summary,CONTEXT,NO,SPLIT_EXACT_SECTION
LS-MD-0040,audit/READ_SIDE_CONSUMER_SURFACE_FINAL_SWEEP_INVENTORY.md,89C4B1A3A221C2A0F9B52AA735566CF5C0F8B107,97,105,Patch Matrix,IMPLEMENTATION,YES,SPLIT_EXACT_SECTION
LS-MD-0040,audit/READ_SIDE_CONSUMER_SURFACE_FINAL_SWEEP_INVENTORY.md,89C4B1A3A221C2A0F9B52AA735566CF5C0F8B107,106,128,Static proof / validation matrix,EVIDENCE,YES,SPLIT_EXACT_SECTION
LS-MD-0040,audit/READ_SIDE_CONSUMER_SURFACE_FINAL_SWEEP_INVENTORY.md,89C4B1A3A221C2A0F9B52AA735566CF5C0F8B107,129,150,Operator-local final validation received,EVIDENCE,YES,SPLIT_EXACT_SECTION
LS-MD-0040,audit/READ_SIDE_CONSUMER_SURFACE_FINAL_SWEEP_INVENTORY.md,89C4B1A3A221C2A0F9B52AA735566CF5C0F8B107,151,171,Manual validation command block,EVIDENCE,YES,SPLIT_EXACT_SECTION
LS-MD-0040,audit/READ_SIDE_CONSUMER_SURFACE_FINAL_SWEEP_INVENTORY.md,89C4B1A3A221C2A0F9B52AA735566CF5C0F8B107,172,181,Final result for this container run,FINDING,YES,SPLIT_EXACT_SECTION
LS-MD-0040,audit/READ_SIDE_CONSUMER_SURFACE_FINAL_SWEEP_INVENTORY.md,89C4B1A3A221C2A0F9B52AA735566CF5C0F8B107,182,191,Audit-Doc Correction / Historical Baseline Preservation,CONTEXT,NO,SPLIT_EXACT_SECTION
LS-MD-0040,audit/READ_SIDE_CONSUMER_SURFACE_FINAL_SWEEP_INVENTORY.md,89C4B1A3A221C2A0F9B52AA735566CF5C0F8B107,192,201,2026-05-19 Read-Side Consumer Surface Completion Addendum,CONTEXT,NO,SPLIT_EXACT_SECTION
LS-MD-0040,audit/READ_SIDE_CONSUMER_SURFACE_FINAL_SWEEP_INVENTORY.md,89C4B1A3A221C2A0F9B52AA735566CF5C0F8B107,202,211,Completion Decisions,CONTEXT,NO,SPLIT_EXACT_SECTION
LS-MD-0040,audit/READ_SIDE_CONSUMER_SURFACE_FINAL_SWEEP_INVENTORY.md,89C4B1A3A221C2A0F9B52AA735566CF5C0F8B107,212,230,Completion Consumer Surface Matrix,CONTEXT,NO,SPLIT_EXACT_SECTION
LS-MD-0040,audit/READ_SIDE_CONSUMER_SURFACE_FINAL_SWEEP_INVENTORY.md,89C4B1A3A221C2A0F9B52AA735566CF5C0F8B107,231,245,Completion Answers,CONTEXT,NO,SPLIT_EXACT_SECTION
LS-MD-0040,audit/READ_SIDE_CONSUMER_SURFACE_FINAL_SWEEP_INVENTORY.md,89C4B1A3A221C2A0F9B52AA735566CF5C0F8B107,246,269,Completion Validation Matrix,EVIDENCE,YES,SPLIT_EXACT_SECTION
LS-MD-0040,audit/READ_SIDE_CONSUMER_SURFACE_FINAL_SWEEP_INVENTORY.md,89C4B1A3A221C2A0F9B52AA735566CF5C0F8B107,270,273,Completion Remaining Risk,FINDING,YES,SPLIT_EXACT_SECTION
LS-MD-0041,audit/README.md,E4EFE44CA0015983A64B6E04FF5940BFFB91E11C,1,4,Market Data Audit README,HISTORY,YES,RETAIN_SINGLE_PRIMARY_ROLE_NO_SECONDARY_AUTHORITY
LS-MD-0041,audit/README.md,E4EFE44CA0015983A64B6E04FF5940BFFB91E11C,5,7,Purpose,HISTORY,YES,RETAIN_SINGLE_PRIMARY_ROLE_NO_SECONDARY_AUTHORITY
LS-MD-0041,audit/README.md,E4EFE44CA0015983A64B6E04FF5940BFFB91E11C,8,16,What this audit does,HISTORY,YES,RETAIN_SINGLE_PRIMARY_ROLE_NO_SECONDARY_AUTHORITY
LS-MD-0041,audit/README.md,E4EFE44CA0015983A64B6E04FF5940BFFB91E11C,17,21,Layers,HISTORY,YES,RETAIN_SINGLE_PRIMARY_ROLE_NO_SECONDARY_AUTHORITY
LS-MD-0041,audit/README.md,E4EFE44CA0015983A64B6E04FF5940BFFB91E11C,22,30,Expected output of every audit,HISTORY,YES,RETAIN_SINGLE_PRIMARY_ROLE_NO_SECONDARY_AUTHORITY
LS-MD-0041,audit/README.md,E4EFE44CA0015983A64B6E04FF5940BFFB91E11C,31,40,Audit-output state rule,HISTORY,YES,RETAIN_SINGLE_PRIMARY_ROLE_NO_SECONDARY_AUTHORITY
LS-MD-0041,audit/README.md,E4EFE44CA0015983A64B6E04FF5940BFFB91E11C,41,61,How to use this folder,HISTORY,YES,RETAIN_SINGLE_PRIMARY_ROLE_NO_SECONDARY_AUTHORITY
LS-MD-0041,audit/README.md,E4EFE44CA0015983A64B6E04FF5940BFFB91E11C,62,70,Relationship to other folders,HISTORY,YES,RETAIN_SINGLE_PRIMARY_ROLE_NO_SECONDARY_AUTHORITY
LS-MD-0041,audit/README.md,E4EFE44CA0015983A64B6E04FF5940BFFB91E11C,71,74,Important rule,HISTORY,YES,RETAIN_SINGLE_PRIMARY_ROLE_NO_SECONDARY_AUTHORITY
LS-MD-0041,audit/README.md,E4EFE44CA0015983A64B6E04FF5940BFFB91E11C,75,81,Checkpoint rule,HISTORY,YES,RETAIN_SINGLE_PRIMARY_ROLE_NO_SECONDARY_AUTHORITY
LS-MD-0041,audit/README.md,E4EFE44CA0015983A64B6E04FF5940BFFB91E11C,82,94,Current checkpoint summary,HISTORY,YES,RETAIN_SINGLE_PRIMARY_ROLE_NO_SECONDARY_AUTHORITY
LS-MD-0041,audit/README.md,E4EFE44CA0015983A64B6E04FF5940BFFB91E11C,95,101,Runtime-state separation,HISTORY,YES,RETAIN_SINGLE_PRIMARY_ROLE_NO_SECONDARY_AUTHORITY
LS-MD-0042,audit/REPLAY_DETERMINISM_RUNTIME_PROOF_INVENTORY.md,7E5FB7DE9A03E174497EC8911DE7215EE2F3EEEC,1,7,Replay Determinism Runtime Proof Inventory,EVIDENCE,YES,SPLIT_EXACT_SECTION
LS-MD-0042,audit/REPLAY_DETERMINISM_RUNTIME_PROOF_INVENTORY.md,7E5FB7DE9A03E174497EC8911DE7215EE2F3EEEC,8,13,Decision,DECISION,YES,SPLIT_EXACT_SECTION
LS-MD-0042,audit/REPLAY_DETERMINISM_RUNTIME_PROOF_INVENTORY.md,7E5FB7DE9A03E174497EC8911DE7215EE2F3EEEC,14,27,Runtime Proof,EVIDENCE,YES,SPLIT_EXACT_SECTION
LS-MD-0042,audit/REPLAY_DETERMINISM_RUNTIME_PROOF_INVENTORY.md,7E5FB7DE9A03E174497EC8911DE7215EE2F3EEEC,28,41,Fixture Identity,CONTEXT,NO,SPLIT_EXACT_SECTION
LS-MD-0042,audit/REPLAY_DETERMINISM_RUNTIME_PROOF_INVENTORY.md,7E5FB7DE9A03E174497EC8911DE7215EE2F3EEEC,42,69,Replay Area Mapping,CONTEXT,NO,SPLIT_EXACT_SECTION
LS-MD-0042,audit/REPLAY_DETERMINISM_RUNTIME_PROOF_INVENTORY.md,7E5FB7DE9A03E174497EC8911DE7215EE2F3EEEC,70,86,Validation,EVIDENCE,YES,SPLIT_EXACT_SECTION
LS-MD-0042,audit/REPLAY_DETERMINISM_RUNTIME_PROOF_INVENTORY.md,7E5FB7DE9A03E174497EC8911DE7215EE2F3EEEC,87,93,Remaining Risk,FINDING,YES,SPLIT_EXACT_SECTION
LS-MD-0042,audit/REPLAY_DETERMINISM_RUNTIME_PROOF_INVENTORY.md,7E5FB7DE9A03E174497EC8911DE7215EE2F3EEEC,94,124,Final Historical Non-Current Replay Runtime Proof Closure,EVIDENCE,YES,SPLIT_EXACT_SECTION
LS-MD-0043,audit/REPLAY_HISTORICAL_DETERMINISM_HARDENING_INVENTORY.md,6831E28FEFD55DC99E3BEA0B303AC2A439016C86,1,25,REPLAY HISTORICAL DETERMINISM HARDENING INVENTORY,IMPLEMENTATION,YES,SPLIT_EXACT_SECTION
LS-MD-0043,audit/REPLAY_HISTORICAL_DETERMINISM_HARDENING_INVENTORY.md,6831E28FEFD55DC99E3BEA0B303AC2A439016C86,26,35,Replay Actual Resolver Matrix,CONTEXT,NO,SPLIT_EXACT_SECTION
LS-MD-0043,audit/REPLAY_HISTORICAL_DETERMINISM_HARDENING_INVENTORY.md,6831E28FEFD55DC99E3BEA0B303AC2A439016C86,36,44,Current vs Historical Replay Context Matrix,CONTEXT,NO,SPLIT_EXACT_SECTION
LS-MD-0043,audit/REPLAY_HISTORICAL_DETERMINISM_HARDENING_INVENTORY.md,6831E28FEFD55DC99E3BEA0B303AC2A439016C86,45,53,Historical Replay Risk Matrix,CONTEXT,NO,SPLIT_EXACT_SECTION
LS-MD-0043,audit/REPLAY_HISTORICAL_DETERMINISM_HARDENING_INVENTORY.md,6831E28FEFD55DC99E3BEA0B303AC2A439016C86,54,62,Artifact Scope Matrix,GOVERNANCE,YES,SPLIT_EXACT_SECTION
LS-MD-0043,audit/REPLAY_HISTORICAL_DETERMINISM_HARDENING_INVENTORY.md,6831E28FEFD55DC99E3BEA0B303AC2A439016C86,63,71,Evidence Historical Reuse Matrix,EVIDENCE,YES,SPLIT_EXACT_SECTION
LS-MD-0043,audit/REPLAY_HISTORICAL_DETERMINISM_HARDENING_INVENTORY.md,6831E28FEFD55DC99E3BEA0B303AC2A439016C86,72,85,Reason Code Matrix,CONTEXT,NO,SPLIT_EXACT_SECTION
LS-MD-0043,audit/REPLAY_HISTORICAL_DETERMINISM_HARDENING_INVENTORY.md,6831E28FEFD55DC99E3BEA0B303AC2A439016C86,86,94,Patch Matrix,IMPLEMENTATION,YES,SPLIT_EXACT_SECTION
LS-MD-0043,audit/REPLAY_HISTORICAL_DETERMINISM_HARDENING_INVENTORY.md,6831E28FEFD55DC99E3BEA0B303AC2A439016C86,95,108,Validation Matrix,EVIDENCE,YES,SPLIT_EXACT_SECTION
LS-MD-0043,audit/REPLAY_HISTORICAL_DETERMINISM_HARDENING_INVENTORY.md,6831E28FEFD55DC99E3BEA0B303AC2A439016C86,109,119,Local Feedback Follow-up Patch - 2026-05-17,IMPLEMENTATION,YES,SPLIT_EXACT_SECTION
LS-MD-0044,audit/reports/AUDIT_FINAL_STATE.md,4F88A2D91FB7215D7D64C2F3ACFED4764964CB20,1,2,Audit Final State — Market-Data Data-Readiness Strategy,CONTEXT,NO,SPLIT_EXACT_SECTION
LS-MD-0044,audit/reports/AUDIT_FINAL_STATE.md,4F88A2D91FB7215D7D64C2F3ACFED4764964CB20,3,40,Document role,CONTEXT,NO,SPLIT_EXACT_SECTION
LS-MD-0044,audit/reports/AUDIT_FINAL_STATE.md,4F88A2D91FB7215D7D64C2F3ACFED4764964CB20,41,83,Dataset time boundary and development-phase interpretation,GOVERNANCE,YES,SPLIT_EXACT_SECTION
LS-MD-0044,audit/reports/AUDIT_FINAL_STATE.md,4F88A2D91FB7215D7D64C2F3ACFED4764964CB20,84,117,Executive conclusion,CONTEXT,NO,SPLIT_EXACT_SECTION
LS-MD-0044,audit/reports/AUDIT_FINAL_STATE.md,4F88A2D91FB7215D7D64C2F3ACFED4764964CB20,118,137,Correct strategic target,RESEARCH,YES,SPLIT_EXACT_SECTION
LS-MD-0044,audit/reports/AUDIT_FINAL_STATE.md,4F88A2D91FB7215D7D64C2F3ACFED4764964CB20,138,172,Scope boundary,GOVERNANCE,YES,SPLIT_EXACT_SECTION
LS-MD-0044,audit/reports/AUDIT_FINAL_STATE.md,4F88A2D91FB7215D7D64C2F3ACFED4764964CB20,173,221,Documentation-strategy audit result,RESEARCH,YES,SPLIT_EXACT_SECTION
LS-MD-0044,audit/reports/AUDIT_FINAL_STATE.md,4F88A2D91FB7215D7D64C2F3ACFED4764964CB20,222,267,Strengths that must be preserved,CONTEXT,NO,SPLIT_EXACT_SECTION
LS-MD-0044,audit/reports/AUDIT_FINAL_STATE.md,4F88A2D91FB7215D7D64C2F3ACFED4764964CB20,268,297,Correct target architecture,RESEARCH,YES,SPLIT_EXACT_SECTION
LS-MD-0044,audit/reports/AUDIT_FINAL_STATE.md,4F88A2D91FB7215D7D64C2F3ACFED4764964CB20,298,408,Strategic invariants to lock in owner documents,GOVERNANCE,YES,SPLIT_EXACT_SECTION
LS-MD-0044,audit/reports/AUDIT_FINAL_STATE.md,4F88A2D91FB7215D7D64C2F3ACFED4764964CB20,409,414,Strict strategy synchronization re-audit — 2026-08-08,CONTEXT,NO,SPLIT_EXACT_SECTION
LS-MD-0044,audit/reports/AUDIT_FINAL_STATE.md,4F88A2D91FB7215D7D64C2F3ACFED4764964CB20,415,455,Prioritized findings,FINDING,YES,SPLIT_EXACT_SECTION
LS-MD-0044,audit/reports/AUDIT_FINAL_STATE.md,4F88A2D91FB7215D7D64C2F3ACFED4764964CB20,456,478,Known bugs and future bug risks,FINDING,YES,SPLIT_EXACT_SECTION
LS-MD-0044,audit/reports/AUDIT_FINAL_STATE.md,4F88A2D91FB7215D7D64C2F3ACFED4764964CB20,479,1034,Document-by-document strategy update order,CONTEXT,NO,SPLIT_EXACT_SECTION
LS-MD-0044,audit/reports/AUDIT_FINAL_STATE.md,4F88A2D91FB7215D7D64C2F3ACFED4764964CB20,1035,1136,Implementation roadmap,IMPLEMENTATION,YES,SPLIT_EXACT_SECTION
LS-MD-0044,audit/reports/AUDIT_FINAL_STATE.md,4F88A2D91FB7215D7D64C2F3ACFED4764964CB20,1137,1185,Minimum versioned market-data read product (initial consumer profile),CONTEXT,NO,SPLIT_EXACT_SECTION
LS-MD-0044,audit/reports/AUDIT_FINAL_STATE.md,4F88A2D91FB7215D7D64C2F3ACFED4764964CB20,1186,1229,Future implementation-audit gates before any production relock,IMPLEMENTATION,YES,SPLIT_EXACT_SECTION
LS-MD-0044,audit/reports/AUDIT_FINAL_STATE.md,4F88A2D91FB7215D7D64C2F3ACFED4764964CB20,1230,1247,Yahoo Finance decision within this roadmap,DECISION,YES,SPLIT_EXACT_SECTION
LS-MD-0044,audit/reports/AUDIT_FINAL_STATE.md,4F88A2D91FB7215D7D64C2F3ACFED4764964CB20,1248,1278,Previous implementation evidence snapshot — non-normative handoff,EVIDENCE,YES,SPLIT_EXACT_SECTION
LS-MD-0044,audit/reports/AUDIT_FINAL_STATE.md,4F88A2D91FB7215D7D64C2F3ACFED4764964CB20,1279,1290,External real-market references used by the audit,RESEARCH,YES,SPLIT_EXACT_SECTION
LS-MD-0044,audit/reports/AUDIT_FINAL_STATE.md,4F88A2D91FB7215D7D64C2F3ACFED4764964CB20,1291,1309,Final prioritized conclusion,CONTEXT,NO,SPLIT_EXACT_SECTION
LS-MD-0045,audit/reports/ORDERS_01_04_IMPLEMENTATION_EVIDENCE_2026-08-03.md,9EC579890FB2FB4256FE012CF3BD1CF68D55E90E,1,10,Orders 01-04 Implementation Evidence,EVIDENCE,YES,SPLIT_EXACT_SECTION
LS-MD-0045,audit/reports/ORDERS_01_04_IMPLEMENTATION_EVIDENCE_2026-08-03.md,9EC579890FB2FB4256FE012CF3BD1CF68D55E90E,11,20,Owner contracts implemented,GOVERNANCE,YES,SPLIT_EXACT_SECTION
LS-MD-0045,audit/reports/ORDERS_01_04_IMPLEMENTATION_EVIDENCE_2026-08-03.md,9EC579890FB2FB4256FE012CF3BD1CF68D55E90E,21,64,Implemented result,IMPLEMENTATION,YES,SPLIT_EXACT_SECTION
LS-MD-0045,audit/reports/ORDERS_01_04_IMPLEMENTATION_EVIDENCE_2026-08-03.md,9EC579890FB2FB4256FE012CF3BD1CF68D55E90E,65,73,Fixed obligations carried by orders 1-4,CONTEXT,NO,SPLIT_EXACT_SECTION
LS-MD-0045,audit/reports/ORDERS_01_04_IMPLEMENTATION_EVIDENCE_2026-08-03.md,9EC579890FB2FB4256FE012CF3BD1CF68D55E90E,74,101,Proof,EVIDENCE,YES,SPLIT_EXACT_SECTION
LS-MD-0045,audit/reports/ORDERS_01_04_IMPLEMENTATION_EVIDENCE_2026-08-03.md,9EC579890FB2FB4256FE012CF3BD1CF68D55E90E,102,111,Claims deliberately not made,CONTEXT,NO,SPLIT_EXACT_SECTION
LS-MD-0046,audit/reports/README.md,849DF272AA5696C64A45AC9C0F99868B9012DCC7,1,4,Audit Reports README,HISTORY,YES,RETAIN_SINGLE_PRIMARY_ROLE_NO_SECONDARY_AUTHORITY
LS-MD-0046,audit/reports/README.md,849DF272AA5696C64A45AC9C0F99868B9012DCC7,5,13,Report state model,HISTORY,YES,RETAIN_SINGLE_PRIMARY_ROLE_NO_SECONDARY_AUTHORITY
LS-MD-0046,audit/reports/README.md,849DF272AA5696C64A45AC9C0F99868B9012DCC7,14,27,Canonical current-state rule,HISTORY,YES,RETAIN_SINGLE_PRIMARY_ROLE_NO_SECONDARY_AUTHORITY
LS-MD-0046,audit/reports/README.md,849DF272AA5696C64A45AC9C0F99868B9012DCC7,28,34,What is allowed in this folder,HISTORY,YES,RETAIN_SINGLE_PRIMARY_ROLE_NO_SECONDARY_AUTHORITY
LS-MD-0046,audit/reports/README.md,849DF272AA5696C64A45AC9C0F99868B9012DCC7,35,43,What is not allowed in the active package,HISTORY,YES,RETAIN_SINGLE_PRIMARY_ROLE_NO_SECONDARY_AUTHORITY
LS-MD-0046,audit/reports/README.md,849DF272AA5696C64A45AC9C0F99868B9012DCC7,44,60,Minimum report contents,HISTORY,YES,RETAIN_SINGLE_PRIMARY_ROLE_NO_SECONDARY_AUTHORITY
LS-MD-0046,audit/reports/README.md,849DF272AA5696C64A45AC9C0F99868B9012DCC7,61,62,Operational rule,HISTORY,YES,RETAIN_SINGLE_PRIMARY_ROLE_NO_SECONDARY_AUTHORITY
LS-MD-0047,audit/SECTOR_IDXIC_AUTHORITY_RECONCILIATION_INVENTORY.md,405198AE0F209FD905AFE44C54D94E86B5512783,1,4,Sector IDX-IC Authority Reconciliation Inventory,IMPLEMENTATION,YES,SPLIT_EXACT_SECTION
LS-MD-0047,audit/SECTOR_IDXIC_AUTHORITY_RECONCILIATION_INVENTORY.md,405198AE0F209FD905AFE44C54D94E86B5512783,5,10,Tujuan,CONTEXT,NO,SPLIT_EXACT_SECTION
LS-MD-0047,audit/SECTOR_IDXIC_AUTHORITY_RECONCILIATION_INVENTORY.md,405198AE0F209FD905AFE44C54D94E86B5512783,11,28,Artefak resmi yang dimiliki,CONTEXT,NO,SPLIT_EXACT_SECTION
LS-MD-0047,audit/SECTOR_IDXIC_AUTHORITY_RECONCILIATION_INVENTORY.md,405198AE0F209FD905AFE44C54D94E86B5512783,29,40,Yang ditetapkan pengumuman resmi,CONTEXT,NO,SPLIT_EXACT_SECTION
LS-MD-0047,audit/SECTOR_IDXIC_AUTHORITY_RECONCILIATION_INVENTORY.md,405198AE0F209FD905AFE44C54D94E86B5512783,41,65,Hasil rekonsiliasi dua arah,RESEARCH,YES,SPLIT_EXACT_SECTION
LS-MD-0047,audit/SECTOR_IDXIC_AUTHORITY_RECONCILIATION_INVENTORY.md,405198AE0F209FD905AFE44C54D94E86B5512783,66,77,Provenance CSV: lebih kuat dari yang diperkirakan,CONTEXT,NO,SPLIT_EXACT_SECTION
LS-MD-0047,audit/SECTOR_IDXIC_AUTHORITY_RECONCILIATION_INVENTORY.md,405198AE0F209FD905AFE44C54D94E86B5512783,78,88,Kadens terkonfirmasi dua kali,CONTEXT,NO,SPLIT_EXACT_SECTION
LS-MD-0047,audit/SECTOR_IDXIC_AUTHORITY_RECONCILIATION_INVENTORY.md,405198AE0F209FD905AFE44C54D94E86B5512783,89,108,Empat belas reklasifikasi yang dimiliki,CONTEXT,NO,SPLIT_EXACT_SECTION
LS-MD-0047,audit/SECTOR_IDXIC_AUTHORITY_RECONCILIATION_INVENTORY.md,405198AE0F209FD905AFE44C54D94E86B5512783,109,130,Verifikasi terhadap dokumen sumber reklasifikasi,RESEARCH,YES,SPLIT_EXACT_SECTION
LS-MD-0047,audit/SECTOR_IDXIC_AUTHORITY_RECONCILIATION_INVENTORY.md,405198AE0F209FD905AFE44C54D94E86B5512783,131,153,Siklus yang hilang: seluruhnya di dalam jendela dataset,RESEARCH,YES,SPLIT_EXACT_SECTION
LS-MD-0047,audit/SECTOR_IDXIC_AUTHORITY_RECONCILIATION_INVENTORY.md,405198AE0F209FD905AFE44C54D94E86B5512783,154,185,Dua berkas baseline: peran yang saling melengkapi,CONTEXT,NO,SPLIT_EXACT_SECTION
LS-MD-0047,audit/SECTOR_IDXIC_AUTHORITY_RECONCILIATION_INVENTORY.md,405198AE0F209FD905AFE44C54D94E86B5512783,186,191,Celah kedua: 243 baris tanpa sumber,CONTEXT,NO,SPLIT_EXACT_SECTION
LS-MD-0047,audit/SECTOR_IDXIC_AUTHORITY_RECONCILIATION_INVENTORY.md,405198AE0F209FD905AFE44C54D94E86B5512783,192,222,"Hasil dry-run impor, `2026-08-10`",EVIDENCE,YES,SPLIT_EXACT_SECTION
LS-MD-0047,audit/SECTOR_IDXIC_AUTHORITY_RECONCILIATION_INVENTORY.md,405198AE0F209FD905AFE44C54D94E86B5512783,223,260,"Penandaan baris legacy, `2026-08-10`",IMPLEMENTATION,YES,SPLIT_EXACT_SECTION
LS-MD-0047,audit/SECTOR_IDXIC_AUTHORITY_RECONCILIATION_INVENTORY.md,405198AE0F209FD905AFE44C54D94E86B5512783,261,303,"Koreksi tanggal berlaku 190 baris, `2026-08-10`",CONTEXT,NO,SPLIT_EXACT_SECTION
LS-MD-0047,audit/SECTOR_IDXIC_AUTHORITY_RECONCILIATION_INVENTORY.md,405198AE0F209FD905AFE44C54D94E86B5512783,304,318,Keadaan database saat ini,CONTEXT,NO,SPLIT_EXACT_SECTION
LS-MD-0047,audit/SECTOR_IDXIC_AUTHORITY_RECONCILIATION_INVENTORY.md,405198AE0F209FD905AFE44C54D94E86B5512783,319,326,Yang harus diperoleh dari IDX,CONTEXT,NO,SPLIT_EXACT_SECTION
LS-MD-0047,audit/SECTOR_IDXIC_AUTHORITY_RECONCILIATION_INVENTORY.md,405198AE0F209FD905AFE44C54D94E86B5512783,327,334,Urutan yang sah setelah dokumen diperoleh,CONTEXT,NO,SPLIT_EXACT_SECTION
LS-MD-0047,audit/SECTOR_IDXIC_AUTHORITY_RECONCILIATION_INVENTORY.md,405198AE0F209FD905AFE44C54D94E86B5512783,335,339,Batas kapabilitas,CONTEXT,NO,SPLIT_EXACT_SECTION
LS-MD-0048,audit/templates/FILE_REVIEW_TEMPLATE.md,D695C493A0ED19D2FC67BAA77EB02569503D4004,1,12,File Review Template,HISTORY,YES,RETAIN_SINGLE_PRIMARY_ROLE_NO_SECONDARY_AUTHORITY
LS-MD-0049,audit/templates/FINAL_VERDICT_TEMPLATE.md,978C0842322832C8DB01F6EEB691421E01859686,1,11,Final Verdict Template,HISTORY,YES,RETAIN_SINGLE_PRIMARY_ROLE_NO_SECONDARY_AUTHORITY
LS-MD-0050,audit/templates/FINDINGS_REPORT_TEMPLATE.md,342CC9185810C8255A6E8240F63936CEEC8DDDC0,1,2,Findings Report Template,HISTORY,YES,RETAIN_SINGLE_PRIMARY_ROLE_NO_SECONDARY_AUTHORITY
LS-MD-0050,audit/templates/FINDINGS_REPORT_TEMPLATE.md,342CC9185810C8255A6E8240F63936CEEC8DDDC0,3,12,Finding,HISTORY,YES,RETAIN_SINGLE_PRIMARY_ROLE_NO_SECONDARY_AUTHORITY
LS-MD-0051,audit/templates/PACKAGE_INTAKE_TEMPLATE.md,F274AA4704F2DBD7CECDAA62F59C8C8073CBBF76,1,13,Package Intake Template,HISTORY,YES,RETAIN_SINGLE_PRIMARY_ROLE_NO_SECONDARY_AUTHORITY
LS-MD-0052,audit/templates/REMEDIATION_PLAN_TEMPLATE.md,41FD8E0911C02DE0376D6021720D0F35013B719F,1,9,Remediation Plan Template,HISTORY,YES,RETAIN_SINGLE_PRIMARY_ROLE_NO_SECONDARY_AUTHORITY
LS-MD-0053,audit/WEEKLY_SWING_PRIORITY1_INDICATOR_EXTENSION_INVENTORY.md,7DE98BB33121A3E580DB11E5BEE81D00CEC53353,1,5,WEEKLY SWING PRIORITY 1 INDICATOR EXTENSION INVENTORY,IMPLEMENTATION,YES,SPLIT_EXACT_SECTION
LS-MD-0053,audit/WEEKLY_SWING_PRIORITY1_INDICATOR_EXTENSION_INVENTORY.md,7DE98BB33121A3E580DB11E5BEE81D00CEC53353,6,13,Status,DECISION,YES,SPLIT_EXACT_SECTION
LS-MD-0053,audit/WEEKLY_SWING_PRIORITY1_INDICATOR_EXTENSION_INVENTORY.md,7DE98BB33121A3E580DB11E5BEE81D00CEC53353,14,22,Scope,GOVERNANCE,YES,SPLIT_EXACT_SECTION
LS-MD-0053,audit/WEEKLY_SWING_PRIORITY1_INDICATOR_EXTENSION_INVENTORY.md,7DE98BB33121A3E580DB11E5BEE81D00CEC53353,23,28,Explicit Non-Scope,GOVERNANCE,YES,SPLIT_EXACT_SECTION
LS-MD-0053,audit/WEEKLY_SWING_PRIORITY1_INDICATOR_EXTENSION_INVENTORY.md,7DE98BB33121A3E580DB11E5BEE81D00CEC53353,29,42,Schema / Storage,IMPLEMENTATION,YES,SPLIT_EXACT_SECTION
LS-MD-0053,audit/WEEKLY_SWING_PRIORITY1_INDICATOR_EXTENSION_INVENTORY.md,7DE98BB33121A3E580DB11E5BEE81D00CEC53353,43,53,Runtime Owners,IMPLEMENTATION,YES,SPLIT_EXACT_SECTION
LS-MD-0053,audit/WEEKLY_SWING_PRIORITY1_INDICATOR_EXTENSION_INVENTORY.md,7DE98BB33121A3E580DB11E5BEE81D00CEC53353,54,69,Formula Definitions,GOVERNANCE,YES,SPLIT_EXACT_SECTION
LS-MD-0053,audit/WEEKLY_SWING_PRIORITY1_INDICATOR_EXTENSION_INVENTORY.md,7DE98BB33121A3E580DB11E5BEE81D00CEC53353,70,78,Fail-Safe Behavior,GOVERNANCE,YES,SPLIT_EXACT_SECTION
LS-MD-0053,audit/WEEKLY_SWING_PRIORITY1_INDICATOR_EXTENSION_INVENTORY.md,7DE98BB33121A3E580DB11E5BEE81D00CEC53353,79,112,Validation,EVIDENCE,YES,SPLIT_EXACT_SECTION
LS-MD-0053,audit/WEEKLY_SWING_PRIORITY1_INDICATOR_EXTENSION_INVENTORY.md,7DE98BB33121A3E580DB11E5BEE81D00CEC53353,113,119,Scope Notes (Non-Blocking),GOVERNANCE,YES,SPLIT_EXACT_SECTION
LS-MD-0053,audit/WEEKLY_SWING_PRIORITY1_INDICATOR_EXTENSION_INVENTORY.md,7DE98BB33121A3E580DB11E5BEE81D00CEC53353,120,122,Verdict,DECISION,YES,SPLIT_EXACT_SECTION
LS-MD-0054,backtest/Backtest_Metrics_and_Acceptance_Criteria_LOCKED.md,461A5B4AE488B75D48BD43D1A7E31E6B28D76AE8,1,16,Replay and Data-Quality Acceptance Criteria (STRATEGY LOCKED),STRATEGY,YES,RETAIN_SINGLE_PRIMARY_ROLE_NO_SECONDARY_AUTHORITY
LS-MD-0054,backtest/Backtest_Metrics_and_Acceptance_Criteria_LOCKED.md,461A5B4AE488B75D48BD43D1A7E31E6B28D76AE8,17,27,Capability boundary (LOCKED),STRATEGY,YES,RETAIN_SINGLE_PRIMARY_ROLE_NO_SECONDARY_AUTHORITY
LS-MD-0055,backtest/Historical_Replay_and_Data_Quality_Backtest.md,81934283651529E5145B569089DB9D5E3585396F,1,2,Historical Replay and Data-Quality Verification (STRATEGY LOCKED),STRATEGY,YES,RETAIN_SINGLE_PRIMARY_ROLE_NO_SECONDARY_AUTHORITY
LS-MD-0055,backtest/Historical_Replay_and_Data_Quality_Backtest.md,81934283651529E5145B569089DB9D5E3585396F,3,6,Purpose,STRATEGY,YES,RETAIN_SINGLE_PRIMARY_ROLE_NO_SECONDARY_AUTHORITY
LS-MD-0055,backtest/Historical_Replay_and_Data_Quality_Backtest.md,81934283651529E5145B569089DB9D5E3585396F,7,47,Required scenario families,STRATEGY,YES,RETAIN_SINGLE_PRIMARY_ROLE_NO_SECONDARY_AUTHORITY
LS-MD-0055,backtest/Historical_Replay_and_Data_Quality_Backtest.md,81934283651529E5145B569089DB9D5E3585396F,48,53,Per-run evidence,STRATEGY,YES,RETAIN_SINGLE_PRIMARY_ROLE_NO_SECONDARY_AUTHORITY
LS-MD-0055,backtest/Historical_Replay_and_Data_Quality_Backtest.md,81934283651529E5145B569089DB9D5E3585396F,54,57,Acceptance,STRATEGY,YES,RETAIN_SINGLE_PRIMARY_ROLE_NO_SECONDARY_AUTHORITY
LS-MD-0055,backtest/Historical_Replay_and_Data_Quality_Backtest.md,81934283651529E5145B569089DB9D5E3585396F,58,68,Capability boundary (LOCKED),STRATEGY,YES,RETAIN_SINGLE_PRIMARY_ROLE_NO_SECONDARY_AUTHORITY
LS-MD-0056,backtest/Point_In_Time_Backtest_Input_Contract_LOCKED.md,1429599447ABFB901C9CF9F0A5E1273229CD3284,1,2,Point-in-Time Backtest Input Contract (STRATEGY LOCKED),STRATEGY,YES,RETAIN_SINGLE_PRIMARY_ROLE_NO_SECONDARY_AUTHORITY
LS-MD-0056,backtest/Point_In_Time_Backtest_Input_Contract_LOCKED.md,1429599447ABFB901C9CF9F0A5E1273229CD3284,3,6,Boundary,STRATEGY,YES,RETAIN_SINGLE_PRIMARY_ROLE_NO_SECONDARY_AUTHORITY
LS-MD-0056,backtest/Point_In_Time_Backtest_Input_Contract_LOCKED.md,1429599447ABFB901C9CF9F0A5E1273229CD3284,7,12,Knowledge-time rule,STRATEGY,YES,RETAIN_SINGLE_PRIMARY_ROLE_NO_SECONDARY_AUTHORITY
LS-MD-0056,backtest/Point_In_Time_Backtest_Input_Contract_LOCKED.md,1429599447ABFB901C9CF9F0A5E1273229CD3284,13,16,Required input identity,STRATEGY,YES,RETAIN_SINGLE_PRIMARY_ROLE_NO_SECONDARY_AUTHORITY
LS-MD-0056,backtest/Point_In_Time_Backtest_Input_Contract_LOCKED.md,1429599447ABFB901C9CF9F0A5E1273229CD3284,17,22,Survivorship and revisions,STRATEGY,YES,RETAIN_SINGLE_PRIMARY_ROLE_NO_SECONDARY_AUTHORITY
LS-MD-0056,backtest/Point_In_Time_Backtest_Input_Contract_LOCKED.md,1429599447ABFB901C9CF9F0A5E1273229CD3284,23,26,Price and execution boundary,STRATEGY,YES,RETAIN_SINGLE_PRIMARY_ROLE_NO_SECONDARY_AUTHORITY
LS-MD-0056,backtest/Point_In_Time_Backtest_Input_Contract_LOCKED.md,1429599447ABFB901C9CF9F0A5E1273229CD3284,27,30,Acceptance fixtures,STRATEGY,YES,RETAIN_SINGLE_PRIMARY_ROLE_NO_SECONDARY_AUTHORITY
LS-MD-0056,backtest/Point_In_Time_Backtest_Input_Contract_LOCKED.md,1429599447ABFB901C9CF9F0A5E1273229CD3284,31,41,Capability boundary (LOCKED),STRATEGY,YES,RETAIN_SINGLE_PRIMARY_ROLE_NO_SECONDARY_AUTHORITY
LS-MD-0058,book/Audit_Hash_and_Reproducibility_Contract_LOCKED.md,B907B13F18250A94A033F4C03E2A69B0D58C4AFB,1,2,Audit Hash and Reproducibility Contract (LOCKED),STRATEGY,YES,RETAIN_SINGLE_PRIMARY_ROLE_NO_SECONDARY_AUTHORITY
LS-MD-0058,book/Audit_Hash_and_Reproducibility_Contract_LOCKED.md,B907B13F18250A94A033F4C03E2A69B0D58C4AFB,3,6,Purpose,STRATEGY,YES,RETAIN_SINGLE_PRIMARY_ROLE_NO_SECONDARY_AUTHORITY
LS-MD-0058,book/Audit_Hash_and_Reproducibility_Contract_LOCKED.md,B907B13F18250A94A033F4C03E2A69B0D58C4AFB,7,18,Required hashes,STRATEGY,YES,RETAIN_SINGLE_PRIMARY_ROLE_NO_SECONDARY_AUTHORITY
LS-MD-0058,book/Audit_Hash_and_Reproducibility_Contract_LOCKED.md,B907B13F18250A94A033F4C03E2A69B0D58C4AFB,19,34,Algorithm and canonical serialization,STRATEGY,YES,RETAIN_SINGLE_PRIMARY_ROLE_NO_SECONDARY_AUTHORITY
LS-MD-0058,book/Audit_Hash_and_Reproducibility_Contract_LOCKED.md,B907B13F18250A94A033F4C03E2A69B0D58C4AFB,35,49,Stable identity rule,STRATEGY,YES,RETAIN_SINGLE_PRIMARY_ROLE_NO_SECONDARY_AUTHORITY
LS-MD-0058,book/Audit_Hash_and_Reproducibility_Contract_LOCKED.md,B907B13F18250A94A033F4C03E2A69B0D58C4AFB,50,66,Bars artifact payload,STRATEGY,YES,RETAIN_SINGLE_PRIMARY_ROLE_NO_SECONDARY_AUTHORITY
LS-MD-0058,book/Audit_Hash_and_Reproducibility_Contract_LOCKED.md,B907B13F18250A94A033F4C03E2A69B0D58C4AFB,67,82,Indicators artifact payload,STRATEGY,YES,RETAIN_SINGLE_PRIMARY_ROLE_NO_SECONDARY_AUTHORITY
LS-MD-0058,book/Audit_Hash_and_Reproducibility_Contract_LOCKED.md,B907B13F18250A94A033F4C03E2A69B0D58C4AFB,83,96,Eligibility artifact payload,STRATEGY,YES,RETAIN_SINGLE_PRIMARY_ROLE_NO_SECONDARY_AUTHORITY
LS-MD-0058,book/Audit_Hash_and_Reproducibility_Contract_LOCKED.md,B907B13F18250A94A033F4C03E2A69B0D58C4AFB,97,102,Observation manifest,STRATEGY,YES,RETAIN_SINGLE_PRIMARY_ROLE_NO_SECONDARY_AUTHORITY
LS-MD-0058,book/Audit_Hash_and_Reproducibility_Contract_LOCKED.md,B907B13F18250A94A033F4C03E2A69B0D58C4AFB,103,118,Publication manifest binding,STRATEGY,YES,RETAIN_SINGLE_PRIMARY_ROLE_NO_SECONDARY_AUTHORITY
LS-MD-0058,book/Audit_Hash_and_Reproducibility_Contract_LOCKED.md,B907B13F18250A94A033F4C03E2A69B0D58C4AFB,119,137,Included versus excluded data,STRATEGY,YES,RETAIN_SINGLE_PRIMARY_ROLE_NO_SECONDARY_AUTHORITY
LS-MD-0058,book/Audit_Hash_and_Reproducibility_Contract_LOCKED.md,B907B13F18250A94A033F4C03E2A69B0D58C4AFB,138,144,Correction and rerun rules,STRATEGY,YES,RETAIN_SINGLE_PRIMARY_ROLE_NO_SECONDARY_AUTHORITY
LS-MD-0058,book/Audit_Hash_and_Reproducibility_Contract_LOCKED.md,B907B13F18250A94A033F4C03E2A69B0D58C4AFB,145,157,Required proof,STRATEGY,YES,RETAIN_SINGLE_PRIMARY_ROLE_NO_SECONDARY_AUTHORITY
LS-MD-0058,book/Audit_Hash_and_Reproducibility_Contract_LOCKED.md,B907B13F18250A94A033F4C03E2A69B0D58C4AFB,158,166,Cross-contract alignment,STRATEGY,YES,RETAIN_SINGLE_PRIMARY_ROLE_NO_SECONDARY_AUTHORITY
LS-MD-0058,book/Audit_Hash_and_Reproducibility_Contract_LOCKED.md,B907B13F18250A94A033F4C03E2A69B0D58C4AFB,167,169,Acceptance criterion,STRATEGY,YES,RETAIN_SINGLE_PRIMARY_ROLE_NO_SECONDARY_AUTHORITY
LS-MD-0059,book/Canonical_Row_History_and_Versioning_Policy_LOCKED.md,5CD4CA78786DA8194EB746C1A6818ACDD2FB50FA,1,2,Canonical Row History and Versioning Policy (LOCKED),STRATEGY,YES,RETAIN_SINGLE_PRIMARY_ROLE_NO_SECONDARY_AUTHORITY
LS-MD-0059,book/Canonical_Row_History_and_Versioning_Policy_LOCKED.md,5CD4CA78786DA8194EB746C1A6818ACDD2FB50FA,3,12,Purpose,STRATEGY,YES,RETAIN_SINGLE_PRIMARY_ROLE_NO_SECONDARY_AUTHORITY
LS-MD-0059,book/Canonical_Row_History_and_Versioning_Policy_LOCKED.md,5CD4CA78786DA8194EB746C1A6818ACDD2FB50FA,13,15,Core principle (LOCKED),STRATEGY,YES,RETAIN_SINGLE_PRIMARY_ROLE_NO_SECONDARY_AUTHORITY
LS-MD-0059,book/Canonical_Row_History_and_Versioning_Policy_LOCKED.md,5CD4CA78786DA8194EB746C1A6818ACDD2FB50FA,16,29,Official production-grade strategy (LOCKED),STRATEGY,YES,RETAIN_SINGLE_PRIMARY_ROLE_NO_SECONDARY_AUTHORITY
LS-MD-0059,book/Canonical_Row_History_and_Versioning_Policy_LOCKED.md,5CD4CA78786DA8194EB746C1A6818ACDD2FB50FA,30,39,Strategy B status,STRATEGY,YES,RETAIN_SINGLE_PRIMARY_ROLE_NO_SECONDARY_AUTHORITY
LS-MD-0059,book/Canonical_Row_History_and_Versioning_Policy_LOCKED.md,5CD4CA78786DA8194EB746C1A6818ACDD2FB50FA,40,51,Strategy A rules (LOCKED),STRATEGY,YES,RETAIN_SINGLE_PRIMARY_ROLE_NO_SECONDARY_AUTHORITY
LS-MD-0059,book/Canonical_Row_History_and_Versioning_Policy_LOCKED.md,5CD4CA78786DA8194EB746C1A6818ACDD2FB50FA,52,58,Required history-table semantics,STRATEGY,YES,RETAIN_SINGLE_PRIMARY_ROLE_NO_SECONDARY_AUTHORITY
LS-MD-0059,book/Canonical_Row_History_and_Versioning_Policy_LOCKED.md,5CD4CA78786DA8194EB746C1A6818ACDD2FB50FA,59,77,Current-state vs history-state distinction,STRATEGY,YES,RETAIN_SINGLE_PRIMARY_ROLE_NO_SECONDARY_AUTHORITY
LS-MD-0059,book/Canonical_Row_History_and_Versioning_Policy_LOCKED.md,5CD4CA78786DA8194EB746C1A6818ACDD2FB50FA,78,84,Correction rule,STRATEGY,YES,RETAIN_SINGLE_PRIMARY_ROLE_NO_SECONDARY_AUTHORITY
LS-MD-0059,book/Canonical_Row_History_and_Versioning_Policy_LOCKED.md,5CD4CA78786DA8194EB746C1A6818ACDD2FB50FA,85,92,Minimum audit questions this policy must support,STRATEGY,YES,RETAIN_SINGLE_PRIMARY_ROLE_NO_SECONDARY_AUTHORITY
LS-MD-0059,book/Canonical_Row_History_and_Versioning_Policy_LOCKED.md,5CD4CA78786DA8194EB746C1A6818ACDD2FB50FA,93,99,Required schema alignment,STRATEGY,YES,RETAIN_SINGLE_PRIMARY_ROLE_NO_SECONDARY_AUTHORITY
LS-MD-0059,book/Canonical_Row_History_and_Versioning_Policy_LOCKED.md,5CD4CA78786DA8194EB746C1A6818ACDD2FB50FA,100,106,Required evidence alignment,STRATEGY,YES,RETAIN_SINGLE_PRIMARY_ROLE_NO_SECONDARY_AUTHORITY
LS-MD-0059,book/Canonical_Row_History_and_Versioning_Policy_LOCKED.md,5CD4CA78786DA8194EB746C1A6818ACDD2FB50FA,107,111,Anti-ambiguity rule (LOCKED),STRATEGY,YES,RETAIN_SINGLE_PRIMARY_ROLE_NO_SECONDARY_AUTHORITY
LS-MD-0059,book/Canonical_Row_History_and_Versioning_Policy_LOCKED.md,5CD4CA78786DA8194EB746C1A6818ACDD2FB50FA,112,114,Capability boundary scope (LOCKED),STRATEGY,YES,RETAIN_SINGLE_PRIMARY_ROLE_NO_SECONDARY_AUTHORITY
LS-MD-0060,book/Canonicalization_Contract_EOD_Bars.md,FDB0BEFBC83DBB6ADC03B99D8BB60EDF26F3353B,1,2,Canonicalization Contract — EOD Bars (LOCKED),STRATEGY,YES,RETAIN_SINGLE_PRIMARY_ROLE_NO_SECONDARY_AUTHORITY
LS-MD-0060,book/Canonicalization_Contract_EOD_Bars.md,FDB0BEFBC83DBB6ADC03B99D8BB60EDF26F3353B,3,6,Purpose,STRATEGY,YES,RETAIN_SINGLE_PRIMARY_ROLE_NO_SECONDARY_AUTHORITY
LS-MD-0060,book/Canonicalization_Contract_EOD_Bars.md,FDB0BEFBC83DBB6ADC03B99D8BB60EDF26F3353B,7,17,Layer boundary (LOCKED),STRATEGY,YES,RETAIN_SINGLE_PRIMARY_ROLE_NO_SECONDARY_AUTHORITY
LS-MD-0060,book/Canonicalization_Contract_EOD_Bars.md,FDB0BEFBC83DBB6ADC03B99D8BB60EDF26F3353B,18,35,Source field mapping targets (LOCKED),STRATEGY,YES,RETAIN_SINGLE_PRIMARY_ROLE_NO_SECONDARY_AUTHORITY
LS-MD-0060,book/Canonicalization_Contract_EOD_Bars.md,FDB0BEFBC83DBB6ADC03B99D8BB60EDF26F3353B,36,60,Canonical field model (LOCKED),STRATEGY,YES,RETAIN_SINGLE_PRIMARY_ROLE_NO_SECONDARY_AUTHORITY
LS-MD-0060,book/Canonicalization_Contract_EOD_Bars.md,FDB0BEFBC83DBB6ADC03B99D8BB60EDF26F3353B,61,72,Canonicalization pipeline (LOCKED),STRATEGY,YES,RETAIN_SINGLE_PRIMARY_ROLE_NO_SECONDARY_AUTHORITY
LS-MD-0060,book/Canonicalization_Contract_EOD_Bars.md,FDB0BEFBC83DBB6ADC03B99D8BB60EDF26F3353B,73,81,Missing versus invalid model (LOCKED),STRATEGY,YES,RETAIN_SINGLE_PRIMARY_ROLE_NO_SECONDARY_AUTHORITY
LS-MD-0060,book/Canonicalization_Contract_EOD_Bars.md,FDB0BEFBC83DBB6ADC03B99D8BB60EDF26F3353B,82,88,Duplicate/conflict rule (LOCKED),STRATEGY,YES,RETAIN_SINGLE_PRIMARY_ROLE_NO_SECONDARY_AUTHORITY
LS-MD-0060,book/Canonicalization_Contract_EOD_Bars.md,FDB0BEFBC83DBB6ADC03B99D8BB60EDF26F3353B,89,99,Economic-value preservation (LOCKED),STRATEGY,YES,RETAIN_SINGLE_PRIMARY_ROLE_NO_SECONDARY_AUTHORITY
LS-MD-0060,book/Canonicalization_Contract_EOD_Bars.md,FDB0BEFBC83DBB6ADC03B99D8BB60EDF26F3353B,100,112,Rejection evidence,STRATEGY,YES,RETAIN_SINGLE_PRIMARY_ROLE_NO_SECONDARY_AUTHORITY
LS-MD-0060,book/Canonicalization_Contract_EOD_Bars.md,FDB0BEFBC83DBB6ADC03B99D8BB60EDF26F3353B,113,118,Idempotency and publication safety (LOCKED),STRATEGY,YES,RETAIN_SINGLE_PRIMARY_ROLE_NO_SECONDARY_AUTHORITY
LS-MD-0060,book/Canonicalization_Contract_EOD_Bars.md,FDB0BEFBC83DBB6ADC03B99D8BB60EDF26F3353B,119,135,Capability boundary (LOCKED),STRATEGY,YES,RETAIN_SINGLE_PRIMARY_ROLE_NO_SECONDARY_AUTHORITY
LS-MD-0060,book/Canonicalization_Contract_EOD_Bars.md,FDB0BEFBC83DBB6ADC03B99D8BB60EDF26F3353B,136,139,Acceptance criterion (LOCKED),STRATEGY,YES,RETAIN_SINGLE_PRIMARY_ROLE_NO_SECONDARY_AUTHORITY
LS-MD-0060,book/Canonicalization_Contract_EOD_Bars.md,FDB0BEFBC83DBB6ADC03B99D8BB60EDF26F3353B,140,147,Cross-contract alignment,STRATEGY,YES,RETAIN_SINGLE_PRIMARY_ROLE_NO_SECONDARY_AUTHORITY
LS-MD-0061,book/CONSUMER_READ_CONTRACT_LOCKED.md,8C7559A9B0758EE6593D926ACCD16B7E0C27DBB1,1,2,Consumer Read Contract (STRATEGY LOCKED),STRATEGY,YES,RETAIN_SINGLE_PRIMARY_ROLE_NO_SECONDARY_AUTHORITY
LS-MD-0061,book/CONSUMER_READ_CONTRACT_LOCKED.md,8C7559A9B0758EE6593D926ACCD16B7E0C27DBB1,3,8,Allowed input surface,STRATEGY,YES,RETAIN_SINGLE_PRIMARY_ROLE_NO_SECONDARY_AUTHORITY
LS-MD-0061,book/CONSUMER_READ_CONTRACT_LOCKED.md,8C7559A9B0758EE6593D926ACCD16B7E0C27DBB1,9,12,Request,STRATEGY,YES,RETAIN_SINGLE_PRIMARY_ROLE_NO_SECONDARY_AUTHORITY
LS-MD-0061,book/CONSUMER_READ_CONTRACT_LOCKED.md,8C7559A9B0758EE6593D926ACCD16B7E0C27DBB1,13,25,Resolution order,STRATEGY,YES,RETAIN_SINGLE_PRIMARY_ROLE_NO_SECONDARY_AUTHORITY
LS-MD-0061,book/CONSUMER_READ_CONTRACT_LOCKED.md,8C7559A9B0758EE6593D926ACCD16B7E0C27DBB1,26,31,Response invariant,STRATEGY,YES,RETAIN_SINGLE_PRIMARY_ROLE_NO_SECONDARY_AUTHORITY
LS-MD-0061,book/CONSUMER_READ_CONTRACT_LOCKED.md,8C7559A9B0758EE6593D926ACCD16B7E0C27DBB1,32,37,Corrections and repeatability,STRATEGY,YES,RETAIN_SINGLE_PRIMARY_ROLE_NO_SECONDARY_AUTHORITY
LS-MD-0061,book/CONSUMER_READ_CONTRACT_LOCKED.md,8C7559A9B0758EE6593D926ACCD16B7E0C27DBB1,38,48,Forbidden behavior,STRATEGY,YES,RETAIN_SINGLE_PRIMARY_ROLE_NO_SECONDARY_AUTHORITY
LS-MD-0061,book/CONSUMER_READ_CONTRACT_LOCKED.md,8C7559A9B0758EE6593D926ACCD16B7E0C27DBB1,49,54,Enforcement,STRATEGY,YES,RETAIN_SINGLE_PRIMARY_ROLE_NO_SECONDARY_AUTHORITY
LS-MD-0061,book/CONSUMER_READ_CONTRACT_LOCKED.md,8C7559A9B0758EE6593D926ACCD16B7E0C27DBB1,55,65,Capability boundary (LOCKED),STRATEGY,YES,RETAIN_SINGLE_PRIMARY_ROLE_NO_SECONDARY_AUTHORITY
LS-MD-0062,book/Consumer_Readability_Decision_Table_LOCKED.md,E2DFB224B21707E4FD4055FEBC104B2C3D636A42,1,2,Consumer Readability Decision Table (STRATEGY LOCKED),STRATEGY,YES,RETAIN_SINGLE_PRIMARY_ROLE_NO_SECONDARY_AUTHORITY
LS-MD-0062,book/Consumer_Readability_Decision_Table_LOCKED.md,E2DFB224B21707E4FD4055FEBC104B2C3D636A42,3,17,Decision table,STRATEGY,YES,RETAIN_SINGLE_PRIMARY_ROLE_NO_SECONDARY_AUTHORITY
LS-MD-0062,book/Consumer_Readability_Decision_Table_LOCKED.md,E2DFB224B21707E4FD4055FEBC104B2C3D636A42,18,25,Required interpretation,STRATEGY,YES,RETAIN_SINGLE_PRIMARY_ROLE_NO_SECONDARY_AUTHORITY
LS-MD-0062,book/Consumer_Readability_Decision_Table_LOCKED.md,E2DFB224B21707E4FD4055FEBC104B2C3D636A42,26,29,Correction concurrency,STRATEGY,YES,RETAIN_SINGLE_PRIMARY_ROLE_NO_SECONDARY_AUTHORITY
LS-MD-0062,book/Consumer_Readability_Decision_Table_LOCKED.md,E2DFB224B21707E4FD4055FEBC104B2C3D636A42,30,33,Fail-safe default,STRATEGY,YES,RETAIN_SINGLE_PRIMARY_ROLE_NO_SECONDARY_AUTHORITY
LS-MD-0062,book/Consumer_Readability_Decision_Table_LOCKED.md,E2DFB224B21707E4FD4055FEBC104B2C3D636A42,34,44,Capability boundary (LOCKED),STRATEGY,YES,RETAIN_SINGLE_PRIMARY_ROLE_NO_SECONDARY_AUTHORITY
LS-MD-0063,book/Corporate_Action_and_Adjustment_Policy.md,AA4CB754D7027CD30E9F9E1CF95F9B7ADD6BEB0C,1,2,Corporate Action Event and Adjustment Policy (LOCKED),STRATEGY,YES,RETAIN_SINGLE_PRIMARY_ROLE_NO_SECONDARY_AUTHORITY
LS-MD-0063,book/Corporate_Action_and_Adjustment_Policy.md,AA4CB754D7027CD30E9F9E1CF95F9B7ADD6BEB0C,3,8,Purpose,STRATEGY,YES,RETAIN_SINGLE_PRIMARY_ROLE_NO_SECONDARY_AUTHORITY
LS-MD-0063,book/Corporate_Action_and_Adjustment_Policy.md,AA4CB754D7027CD30E9F9E1CF95F9B7ADD6BEB0C,9,14,Core safety rule (LOCKED),STRATEGY,YES,RETAIN_SINGLE_PRIMARY_ROLE_NO_SECONDARY_AUTHORITY
LS-MD-0063,book/Corporate_Action_and_Adjustment_Policy.md,AA4CB754D7027CD30E9F9E1CF95F9B7ADD6BEB0C,15,31,Required event identity and lifecycle,STRATEGY,YES,RETAIN_SINGLE_PRIMARY_ROLE_NO_SECONDARY_AUTHORITY
LS-MD-0063,book/Corporate_Action_and_Adjustment_Policy.md,AA4CB754D7027CD30E9F9E1CF95F9B7ADD6BEB0C,32,43,Verification hierarchy (LOCKED),STRATEGY,YES,RETAIN_SINGLE_PRIMARY_ROLE_NO_SECONDARY_AUTHORITY
LS-MD-0063,book/Corporate_Action_and_Adjustment_Policy.md,AA4CB754D7027CD30E9F9E1CF95F9B7ADD6BEB0C,44,82,Continuity verdicts (LOCKED),STRATEGY,YES,RETAIN_SINGLE_PRIMARY_ROLE_NO_SECONDARY_AUTHORITY
LS-MD-0063,book/Corporate_Action_and_Adjustment_Policy.md,AA4CB754D7027CD30E9F9E1CF95F9B7ADD6BEB0C,83,91,Effective-date hierarchy (LOCKED),STRATEGY,YES,RETAIN_SINGLE_PRIMARY_ROLE_NO_SECONDARY_AUTHORITY
LS-MD-0063,book/Corporate_Action_and_Adjustment_Policy.md,AA4CB754D7027CD30E9F9E1CF95F9B7ADD6BEB0C,92,99,Event revision and publication binding,STRATEGY,YES,RETAIN_SINGLE_PRIMARY_ROLE_NO_SECONDARY_AUTHORITY
LS-MD-0063,book/Corporate_Action_and_Adjustment_Policy.md,AA4CB754D7027CD30E9F9E1CF95F9B7ADD6BEB0C,100,105,Candidate-break linkage (LOCKED),STRATEGY,YES,RETAIN_SINGLE_PRIMARY_ROLE_NO_SECONDARY_AUTHORITY
LS-MD-0063,book/Corporate_Action_and_Adjustment_Policy.md,AA4CB754D7027CD30E9F9E1CF95F9B7ADD6BEB0C,106,112,Product boundary,STRATEGY,YES,RETAIN_SINGLE_PRIMARY_ROLE_NO_SECONDARY_AUTHORITY
LS-MD-0063,book/Corporate_Action_and_Adjustment_Policy.md,AA4CB754D7027CD30E9F9E1CF95F9B7ADD6BEB0C,113,116,Event-risk boundary,STRATEGY,YES,RETAIN_SINGLE_PRIMARY_ROLE_NO_SECONDARY_AUTHORITY
LS-MD-0063,book/Corporate_Action_and_Adjustment_Policy.md,AA4CB754D7027CD30E9F9E1CF95F9B7ADD6BEB0C,117,131,Forbidden behavior (LOCKED),STRATEGY,YES,RETAIN_SINGLE_PRIMARY_ROLE_NO_SECONDARY_AUTHORITY
LS-MD-0063,book/Corporate_Action_and_Adjustment_Policy.md,AA4CB754D7027CD30E9F9E1CF95F9B7ADD6BEB0C,132,157,Capability boundary (LOCKED),STRATEGY,YES,RETAIN_SINGLE_PRIMARY_ROLE_NO_SECONDARY_AUTHORITY
LS-MD-0063,book/Corporate_Action_and_Adjustment_Policy.md,AA4CB754D7027CD30E9F9E1CF95F9B7ADD6BEB0C,158,161,Acceptance criterion (LOCKED),STRATEGY,YES,RETAIN_SINGLE_PRIMARY_ROLE_NO_SECONDARY_AUTHORITY
LS-MD-0063,book/Corporate_Action_and_Adjustment_Policy.md,AA4CB754D7027CD30E9F9E1CF95F9B7ADD6BEB0C,162,169,Cross-contract alignment,STRATEGY,YES,RETAIN_SINGLE_PRIMARY_ROLE_NO_SECONDARY_AUTHORITY
LS-MD-0064,book/Corporate_Action_and_Adjustment_Policy_Selected_Defaults_LOCKED.md,F96A93051816DF8F153F56B98FD1DB8F7293F2CB,1,2,Corporate Action and Adjustment Policy — Selected Defaults (LOCKED),STRATEGY,YES,RETAIN_SINGLE_PRIMARY_ROLE_NO_SECONDARY_AUTHORITY
LS-MD-0064,book/Corporate_Action_and_Adjustment_Policy_Selected_Defaults_LOCKED.md,F96A93051816DF8F153F56B98FD1DB8F7293F2CB,3,6,Status,STRATEGY,YES,RETAIN_SINGLE_PRIMARY_ROLE_NO_SECONDARY_AUTHORITY
LS-MD-0064,book/Corporate_Action_and_Adjustment_Policy_Selected_Defaults_LOCKED.md,F96A93051816DF8F153F56B98FD1DB8F7293F2CB,7,14,Selected analytical defaults,STRATEGY,YES,RETAIN_SINGLE_PRIMARY_ROLE_NO_SECONDARY_AUTHORITY
LS-MD-0064,book/Corporate_Action_and_Adjustment_Policy_Selected_Defaults_LOCKED.md,F96A93051816DF8F153F56B98FD1DB8F7293F2CB,15,45,One-basis-per-run rule (LOCKED),STRATEGY,YES,RETAIN_SINGLE_PRIMARY_ROLE_NO_SECONDARY_AUTHORITY
LS-MD-0064,book/Corporate_Action_and_Adjustment_Policy_Selected_Defaults_LOCKED.md,F96A93051816DF8F153F56B98FD1DB8F7293F2CB,46,57,Coherence rule,STRATEGY,YES,RETAIN_SINGLE_PRIMARY_ROLE_NO_SECONDARY_AUTHORITY
LS-MD-0064,book/Corporate_Action_and_Adjustment_Policy_Selected_Defaults_LOCKED.md,F96A93051816DF8F153F56B98FD1DB8F7293F2CB,58,67,Version/change rule,STRATEGY,YES,RETAIN_SINGLE_PRIMARY_ROLE_NO_SECONDARY_AUTHORITY
LS-MD-0064,book/Corporate_Action_and_Adjustment_Policy_Selected_Defaults_LOCKED.md,F96A93051816DF8F153F56B98FD1DB8F7293F2CB,68,71,Consumer boundary,STRATEGY,YES,RETAIN_SINGLE_PRIMARY_ROLE_NO_SECONDARY_AUTHORITY
LS-MD-0064,book/Corporate_Action_and_Adjustment_Policy_Selected_Defaults_LOCKED.md,F96A93051816DF8F153F56B98FD1DB8F7293F2CB,72,77,Capability boundary scope (LOCKED),STRATEGY,YES,RETAIN_SINGLE_PRIMARY_ROLE_NO_SECONDARY_AUTHORITY
LS-MD-0064,book/Corporate_Action_and_Adjustment_Policy_Selected_Defaults_LOCKED.md,F96A93051816DF8F153F56B98FD1DB8F7293F2CB,78,83,Acceptance criterion (LOCKED),STRATEGY,YES,RETAIN_SINGLE_PRIMARY_ROLE_NO_SECONDARY_AUTHORITY
LS-MD-0064,book/Corporate_Action_and_Adjustment_Policy_Selected_Defaults_LOCKED.md,F96A93051816DF8F153F56B98FD1DB8F7293F2CB,84,89,Cross-contract alignment,STRATEGY,YES,RETAIN_SINGLE_PRIMARY_ROLE_NO_SECONDARY_AUTHORITY
LS-MD-0065,book/Corporate_Action_Impact_Flags_Contract.md,8C0BDE74471A9D4D7CBAE6736DAC81C97DCFBFCD,1,2,Corporate Action Impact Flags Contract (LOCKED),STRATEGY,YES,RETAIN_SINGLE_PRIMARY_ROLE_NO_SECONDARY_AUTHORITY
LS-MD-0065,book/Corporate_Action_Impact_Flags_Contract.md,8C0BDE74471A9D4D7CBAE6736DAC81C97DCFBFCD,3,6,Purpose,STRATEGY,YES,RETAIN_SINGLE_PRIMARY_ROLE_NO_SECONDARY_AUTHORITY
LS-MD-0065,book/Corporate_Action_Impact_Flags_Contract.md,8C0BDE74471A9D4D7CBAE6736DAC81C97DCFBFCD,7,20,Required fields,STRATEGY,YES,RETAIN_SINGLE_PRIMARY_ROLE_NO_SECONDARY_AUTHORITY
LS-MD-0065,book/Corporate_Action_Impact_Flags_Contract.md,8C0BDE74471A9D4D7CBAE6736DAC81C97DCFBFCD,21,28,Window rules (LOCKED),STRATEGY,YES,RETAIN_SINGLE_PRIMARY_ROLE_NO_SECONDARY_AUTHORITY
LS-MD-0065,book/Corporate_Action_Impact_Flags_Contract.md,8C0BDE74471A9D4D7CBAE6736DAC81C97DCFBFCD,29,35,Flag semantics,STRATEGY,YES,RETAIN_SINGLE_PRIMARY_ROLE_NO_SECONDARY_AUTHORITY
LS-MD-0065,book/Corporate_Action_Impact_Flags_Contract.md,8C0BDE74471A9D4D7CBAE6736DAC81C97DCFBFCD,36,42,Forbidden behavior,STRATEGY,YES,RETAIN_SINGLE_PRIMARY_ROLE_NO_SECONDARY_AUTHORITY
LS-MD-0065,book/Corporate_Action_Impact_Flags_Contract.md,8C0BDE74471A9D4D7CBAE6736DAC81C97DCFBFCD,43,46,Acceptance criterion,STRATEGY,YES,RETAIN_SINGLE_PRIMARY_ROLE_NO_SECONDARY_AUTHORITY
LS-MD-0065,book/Corporate_Action_Impact_Flags_Contract.md,8C0BDE74471A9D4D7CBAE6736DAC81C97DCFBFCD,47,57,Capability boundary (LOCKED),STRATEGY,YES,RETAIN_SINGLE_PRIMARY_ROLE_NO_SECONDARY_AUTHORITY
LS-MD-0066,book/Correction_Lifecycle_Safety_Contract.md,65E031D21C262AA99CFDD7DF69937E82DAA55F99,1,4,Correction Lifecycle Safety Contract,STRATEGY,YES,RETAIN_SINGLE_PRIMARY_ROLE_NO_SECONDARY_AUTHORITY
LS-MD-0066,book/Correction_Lifecycle_Safety_Contract.md,65E031D21C262AA99CFDD7DF69937E82DAA55F99,5,8,Scope,STRATEGY,YES,RETAIN_SINGLE_PRIMARY_ROLE_NO_SECONDARY_AUTHORITY
LS-MD-0066,book/Correction_Lifecycle_Safety_Contract.md,65E031D21C262AA99CFDD7DF69937E82DAA55F99,9,14,Final Rule,STRATEGY,YES,RETAIN_SINGLE_PRIMARY_ROLE_NO_SECONDARY_AUTHORITY
LS-MD-0066,book/Correction_Lifecycle_Safety_Contract.md,65E031D21C262AA99CFDD7DF69937E82DAA55F99,15,20,Request And Baseline Rule,STRATEGY,YES,RETAIN_SINGLE_PRIMARY_ROLE_NO_SECONDARY_AUTHORITY
LS-MD-0066,book/Correction_Lifecycle_Safety_Contract.md,65E031D21C262AA99CFDD7DF69937E82DAA55F99,21,24,Approval And Execution Rule,STRATEGY,YES,RETAIN_SINGLE_PRIMARY_ROLE_NO_SECONDARY_AUTHORITY
LS-MD-0066,book/Correction_Lifecycle_Safety_Contract.md,65E031D21C262AA99CFDD7DF69937E82DAA55F99,25,28,Unchanged Artifact Rule,STRATEGY,YES,RETAIN_SINGLE_PRIMARY_ROLE_NO_SECONDARY_AUTHORITY
LS-MD-0066,book/Correction_Lifecycle_Safety_Contract.md,65E031D21C262AA99CFDD7DF69937E82DAA55F99,29,32,Changed / Reseal Rule,STRATEGY,YES,RETAIN_SINGLE_PRIMARY_ROLE_NO_SECONDARY_AUTHORITY
LS-MD-0066,book/Correction_Lifecycle_Safety_Contract.md,65E031D21C262AA99CFDD7DF69937E82DAA55F99,33,36,Linkage Rule,STRATEGY,YES,RETAIN_SINGLE_PRIMARY_ROLE_NO_SECONDARY_AUTHORITY
LS-MD-0066,book/Correction_Lifecycle_Safety_Contract.md,65E031D21C262AA99CFDD7DF69937E82DAA55F99,37,40,Replay / Evidence Rule,STRATEGY,YES,RETAIN_SINGLE_PRIMARY_ROLE_NO_SECONDARY_AUTHORITY
LS-MD-0066,book/Correction_Lifecycle_Safety_Contract.md,65E031D21C262AA99CFDD7DF69937E82DAA55F99,41,46,Repair / Force Guard Rule,STRATEGY,YES,RETAIN_SINGLE_PRIMARY_ROLE_NO_SECONDARY_AUTHORITY
LS-MD-0066,book/Correction_Lifecycle_Safety_Contract.md,65E031D21C262AA99CFDD7DF69937E82DAA55F99,47,50,Fail-safe Rule,STRATEGY,YES,RETAIN_SINGLE_PRIMARY_ROLE_NO_SECONDARY_AUTHORITY
LS-MD-0066,book/Correction_Lifecycle_Safety_Contract.md,65E031D21C262AA99CFDD7DF69937E82DAA55F99,51,57,Locked Runtime Proof,STRATEGY,YES,RETAIN_SINGLE_PRIMARY_ROLE_NO_SECONDARY_AUTHORITY
LS-MD-0066,book/Correction_Lifecycle_Safety_Contract.md,65E031D21C262AA99CFDD7DF69937E82DAA55F99,58,67,Amendment 2026-05-26 - Affected readable publication impact,STRATEGY,YES,RETAIN_SINGLE_PRIMARY_ROLE_NO_SECONDARY_AUTHORITY
LS-MD-0066,book/Correction_Lifecycle_Safety_Contract.md,65E031D21C262AA99CFDD7DF69937E82DAA55F99,68,79,Amendment 2026-05-27 - Correction-safe impact execution,STRATEGY,YES,RETAIN_SINGLE_PRIMARY_ROLE_NO_SECONDARY_AUTHORITY
LS-MD-0066,book/Correction_Lifecycle_Safety_Contract.md,65E031D21C262AA99CFDD7DF69937E82DAA55F99,80,97,Amendment 2026-05-27 - Automated impact correction for already-readable affected dates,STRATEGY,YES,RETAIN_SINGLE_PRIMARY_ROLE_NO_SECONDARY_AUTHORITY
LS-MD-0066,book/Correction_Lifecycle_Safety_Contract.md,65E031D21C262AA99CFDD7DF69937E82DAA55F99,98,113,Amendment 2026-05-27 - Final lock for automated impact correction,STRATEGY,YES,RETAIN_SINGLE_PRIMARY_ROLE_NO_SECONDARY_AUTHORITY
LS-MD-0066,book/Correction_Lifecycle_Safety_Contract.md,65E031D21C262AA99CFDD7DF69937E82DAA55F99,114,125,Capability boundary (LOCKED),STRATEGY,YES,RETAIN_SINGLE_PRIMARY_ROLE_NO_SECONDARY_AUTHORITY
LS-MD-0067,book/Coverage_Edge_Cases_Contract_LOCKED.md,08EF896C0C5F865E1260B8C719E20670DBB97327,1,6,Coverage Edge Cases Contract LOCKED,STRATEGY,YES,RETAIN_SINGLE_PRIMARY_ROLE_NO_SECONDARY_AUTHORITY
LS-MD-0067,book/Coverage_Edge_Cases_Contract_LOCKED.md,08EF896C0C5F865E1260B8C719E20670DBB97327,7,14,1. Core Rule,STRATEGY,YES,RETAIN_SINGLE_PRIMARY_ROLE_NO_SECONDARY_AUTHORITY
LS-MD-0067,book/Coverage_Edge_Cases_Contract_LOCKED.md,08EF896C0C5F865E1260B8C719E20670DBB97327,15,28,2. Multi-Source Rule,STRATEGY,YES,RETAIN_SINGLE_PRIMARY_ROLE_NO_SECONDARY_AUTHORITY
LS-MD-0067,book/Coverage_Edge_Cases_Contract_LOCKED.md,08EF896C0C5F865E1260B8C719E20670DBB97327,29,42,3. Partial Dataset Rule,STRATEGY,YES,RETAIN_SINGLE_PRIMARY_ROLE_NO_SECONDARY_AUTHORITY
LS-MD-0067,book/Coverage_Edge_Cases_Contract_LOCKED.md,08EF896C0C5F865E1260B8C719E20670DBB97327,43,59,4. Delayed Data Rule,STRATEGY,YES,RETAIN_SINGLE_PRIMARY_ROLE_NO_SECONDARY_AUTHORITY
LS-MD-0067,book/Coverage_Edge_Cases_Contract_LOCKED.md,08EF896C0C5F865E1260B8C719E20670DBB97327,60,77,5. Retry Window Rule,STRATEGY,YES,RETAIN_SINGLE_PRIMARY_ROLE_NO_SECONDARY_AUTHORITY
LS-MD-0067,book/Coverage_Edge_Cases_Contract_LOCKED.md,08EF896C0C5F865E1260B8C719E20670DBB97327,78,88,6. Stale Data Rule,STRATEGY,YES,RETAIN_SINGLE_PRIMARY_ROLE_NO_SECONDARY_AUTHORITY
LS-MD-0067,book/Coverage_Edge_Cases_Contract_LOCKED.md,08EF896C0C5F865E1260B8C719E20670DBB97327,89,110,7. Reason Code Contract,STRATEGY,YES,RETAIN_SINGLE_PRIMARY_ROLE_NO_SECONDARY_AUTHORITY
LS-MD-0067,book/Coverage_Edge_Cases_Contract_LOCKED.md,08EF896C0C5F865E1260B8C719E20670DBB97327,111,121,8. Finalize Behavior,STRATEGY,YES,RETAIN_SINGLE_PRIMARY_ROLE_NO_SECONDARY_AUTHORITY
LS-MD-0067,book/Coverage_Edge_Cases_Contract_LOCKED.md,08EF896C0C5F865E1260B8C719E20670DBB97327,122,138,9. Fallback Rule,STRATEGY,YES,RETAIN_SINGLE_PRIMARY_ROLE_NO_SECONDARY_AUTHORITY
LS-MD-0067,book/Coverage_Edge_Cases_Contract_LOCKED.md,08EF896C0C5F865E1260B8C719E20670DBB97327,139,149,10. Implementation Mapping,STRATEGY,YES,RETAIN_SINGLE_PRIMARY_ROLE_NO_SECONDARY_AUTHORITY
LS-MD-0067,book/Coverage_Edge_Cases_Contract_LOCKED.md,08EF896C0C5F865E1260B8C719E20670DBB97327,150,153,11. Non-Negotiable Invariant,STRATEGY,YES,RETAIN_SINGLE_PRIMARY_ROLE_NO_SECONDARY_AUTHORITY
LS-MD-0067,book/Coverage_Edge_Cases_Contract_LOCKED.md,08EF896C0C5F865E1260B8C719E20670DBB97327,154,161,"12. Dormancy, zero-volume, and provider-outage correction (LOCKED)",STRATEGY,YES,RETAIN_SINGLE_PRIMARY_ROLE_NO_SECONDARY_AUTHORITY
LS-MD-0067,book/Coverage_Edge_Cases_Contract_LOCKED.md,08EF896C0C5F865E1260B8C719E20670DBB97327,162,172,Capability boundary (LOCKED),STRATEGY,YES,RETAIN_SINGLE_PRIMARY_ROLE_NO_SECONDARY_AUTHORITY
LS-MD-0068,book/Coverage_Gate_Enforcement_Contract_LOCKED.md,F4E8BD159DEC8EE87578D98DBA8F05483ECEB997,1,6,Coverage Gate Enforcement Contract LOCKED,STRATEGY,YES,RETAIN_SINGLE_PRIMARY_ROLE_NO_SECONDARY_AUTHORITY
LS-MD-0068,book/Coverage_Gate_Enforcement_Contract_LOCKED.md,F4E8BD159DEC8EE87578D98DBA8F05483ECEB997,7,10,Purpose,STRATEGY,YES,RETAIN_SINGLE_PRIMARY_ROLE_NO_SECONDARY_AUTHORITY
LS-MD-0068,book/Coverage_Gate_Enforcement_Contract_LOCKED.md,F4E8BD159DEC8EE87578D98DBA8F05483ECEB997,11,46,Coverage Inputs,STRATEGY,YES,RETAIN_SINGLE_PRIMARY_ROLE_NO_SECONDARY_AUTHORITY
LS-MD-0068,book/Coverage_Gate_Enforcement_Contract_LOCKED.md,F4E8BD159DEC8EE87578D98DBA8F05483ECEB997,47,66,Calculation Rules,STRATEGY,YES,RETAIN_SINGLE_PRIMARY_ROLE_NO_SECONDARY_AUTHORITY
LS-MD-0068,book/Coverage_Gate_Enforcement_Contract_LOCKED.md,F4E8BD159DEC8EE87578D98DBA8F05483ECEB997,67,76,Gate Status,STRATEGY,YES,RETAIN_SINGLE_PRIMARY_ROLE_NO_SECONDARY_AUTHORITY
LS-MD-0068,book/Coverage_Gate_Enforcement_Contract_LOCKED.md,F4E8BD159DEC8EE87578D98DBA8F05483ECEB997,77,82,Reason Code Mapping,STRATEGY,YES,RETAIN_SINGLE_PRIMARY_ROLE_NO_SECONDARY_AUTHORITY
LS-MD-0068,book/Coverage_Gate_Enforcement_Contract_LOCKED.md,F4E8BD159DEC8EE87578D98DBA8F05483ECEB997,83,92,Finalize Enforcement,STRATEGY,YES,RETAIN_SINGLE_PRIMARY_ROLE_NO_SECONDARY_AUTHORITY
LS-MD-0068,book/Coverage_Gate_Enforcement_Contract_LOCKED.md,F4E8BD159DEC8EE87578D98DBA8F05483ECEB997,93,100,Publishability Enforcement,STRATEGY,YES,RETAIN_SINGLE_PRIMARY_ROLE_NO_SECONDARY_AUTHORITY
LS-MD-0068,book/Coverage_Gate_Enforcement_Contract_LOCKED.md,F4E8BD159DEC8EE87578D98DBA8F05483ECEB997,101,106,Pointer Enforcement,STRATEGY,YES,RETAIN_SINGLE_PRIMARY_ROLE_NO_SECONDARY_AUTHORITY
LS-MD-0068,book/Coverage_Gate_Enforcement_Contract_LOCKED.md,F4E8BD159DEC8EE87578D98DBA8F05483ECEB997,107,121,Evidence Enforcement,STRATEGY,YES,RETAIN_SINGLE_PRIMARY_ROLE_NO_SECONDARY_AUTHORITY
LS-MD-0068,book/Coverage_Gate_Enforcement_Contract_LOCKED.md,F4E8BD159DEC8EE87578D98DBA8F05483ECEB997,122,151,Replay Enforcement,STRATEGY,YES,RETAIN_SINGLE_PRIMARY_ROLE_NO_SECONDARY_AUTHORITY
LS-MD-0068,book/Coverage_Gate_Enforcement_Contract_LOCKED.md,F4E8BD159DEC8EE87578D98DBA8F05483ECEB997,152,155,Command Enforcement,STRATEGY,YES,RETAIN_SINGLE_PRIMARY_ROLE_NO_SECONDARY_AUTHORITY
LS-MD-0068,book/Coverage_Gate_Enforcement_Contract_LOCKED.md,F4E8BD159DEC8EE87578D98DBA8F05483ECEB997,156,167,Anti-Bypass Rules,STRATEGY,YES,RETAIN_SINGLE_PRIMARY_ROLE_NO_SECONDARY_AUTHORITY
LS-MD-0068,book/Coverage_Gate_Enforcement_Contract_LOCKED.md,F4E8BD159DEC8EE87578D98DBA8F05483ECEB997,168,178,Capability boundary (LOCKED),STRATEGY,YES,RETAIN_SINGLE_PRIMARY_ROLE_NO_SECONDARY_AUTHORITY
LS-MD-0069,book/Coverage_Universe_Definition_LOCKED.md,2AEE0B5C853562F9EB9A0EA6098CD36F20C5DEC1,1,2,Coverage Universe and Bar Expectation Definition (LOCKED),STRATEGY,YES,RETAIN_SINGLE_PRIMARY_ROLE_NO_SECONDARY_AUTHORITY
LS-MD-0069,book/Coverage_Universe_Definition_LOCKED.md,2AEE0B5C853562F9EB9A0EA6098CD36F20C5DEC1,3,6,Purpose,STRATEGY,YES,RETAIN_SINGLE_PRIMARY_ROLE_NO_SECONDARY_AUTHORITY
LS-MD-0069,book/Coverage_Universe_Definition_LOCKED.md,2AEE0B5C853562F9EB9A0EA6098CD36F20C5DEC1,7,12,Temporal universe (LOCKED),STRATEGY,YES,RETAIN_SINGLE_PRIMARY_ROLE_NO_SECONDARY_AUTHORITY
LS-MD-0069,book/Coverage_Universe_Definition_LOCKED.md,2AEE0B5C853562F9EB9A0EA6098CD36F20C5DEC1,13,22,Bar expectation states,STRATEGY,YES,RETAIN_SINGLE_PRIMARY_ROLE_NO_SECONDARY_AUTHORITY
LS-MD-0069,book/Coverage_Universe_Definition_LOCKED.md,2AEE0B5C853562F9EB9A0EA6098CD36F20C5DEC1,23,32,Valid `NOT_EXPECTED` evidence,STRATEGY,YES,RETAIN_SINGLE_PRIMARY_ROLE_NO_SECONDARY_AUTHORITY
LS-MD-0069,book/Coverage_Universe_Definition_LOCKED.md,2AEE0B5C853562F9EB9A0EA6098CD36F20C5DEC1,33,46,Forbidden expectation exclusions (LOCKED),STRATEGY,YES,RETAIN_SINGLE_PRIMARY_ROLE_NO_SECONDARY_AUTHORITY
LS-MD-0069,book/Coverage_Universe_Definition_LOCKED.md,2AEE0B5C853562F9EB9A0EA6098CD36F20C5DEC1,47,58,Counts and evidence,STRATEGY,YES,RETAIN_SINGLE_PRIMARY_ROLE_NO_SECONDARY_AUTHORITY
LS-MD-0069,book/Coverage_Universe_Definition_LOCKED.md,2AEE0B5C853562F9EB9A0EA6098CD36F20C5DEC1,59,62,Re-entry behavior,STRATEGY,YES,RETAIN_SINGLE_PRIMARY_ROLE_NO_SECONDARY_AUTHORITY
LS-MD-0069,book/Coverage_Universe_Definition_LOCKED.md,2AEE0B5C853562F9EB9A0EA6098CD36F20C5DEC1,63,66,Acceptance criterion (LOCKED),STRATEGY,YES,RETAIN_SINGLE_PRIMARY_ROLE_NO_SECONDARY_AUTHORITY
LS-MD-0069,book/Coverage_Universe_Definition_LOCKED.md,2AEE0B5C853562F9EB9A0EA6098CD36F20C5DEC1,67,70,Ownership boundary,STRATEGY,YES,RETAIN_SINGLE_PRIMARY_ROLE_NO_SECONDARY_AUTHORITY
LS-MD-0069,book/Coverage_Universe_Definition_LOCKED.md,2AEE0B5C853562F9EB9A0EA6098CD36F20C5DEC1,71,77,Cross-contract alignment,STRATEGY,YES,RETAIN_SINGLE_PRIMARY_ROLE_NO_SECONDARY_AUTHORITY
LS-MD-0069,book/Coverage_Universe_Definition_LOCKED.md,2AEE0B5C853562F9EB9A0EA6098CD36F20C5DEC1,78,88,Capability boundary (LOCKED),STRATEGY,YES,RETAIN_SINGLE_PRIMARY_ROLE_NO_SECONDARY_AUTHORITY
LS-MD-0070,book/Current_Indicator_Recompute_Command_Contract.md,92E4BA3EC57565F9CFE8F707EE87B164D14A0DB8,1,6,Current Indicator Recompute Command Contract,STRATEGY,YES,RETAIN_SINGLE_PRIMARY_ROLE_NO_SECONDARY_AUTHORITY
LS-MD-0070,book/Current_Indicator_Recompute_Command_Contract.md,92E4BA3EC57565F9CFE8F707EE87B164D14A0DB8,7,15,Purpose,STRATEGY,YES,RETAIN_SINGLE_PRIMARY_ROLE_NO_SECONDARY_AUTHORITY
LS-MD-0070,book/Current_Indicator_Recompute_Command_Contract.md,92E4BA3EC57565F9CFE8F707EE87B164D14A0DB8,16,35,Command,STRATEGY,YES,RETAIN_SINGLE_PRIMARY_ROLE_NO_SECONDARY_AUTHORITY
LS-MD-0070,book/Current_Indicator_Recompute_Command_Contract.md,92E4BA3EC57565F9CFE8F707EE87B164D14A0DB8,36,59,Read/write boundary,STRATEGY,YES,RETAIN_SINGLE_PRIMARY_ROLE_NO_SECONDARY_AUTHORITY
LS-MD-0070,book/Current_Indicator_Recompute_Command_Contract.md,92E4BA3EC57565F9CFE8F707EE87B164D14A0DB8,60,79,Indicator field behavior,STRATEGY,YES,RETAIN_SINGLE_PRIMARY_ROLE_NO_SECONDARY_AUTHORITY
LS-MD-0070,book/Current_Indicator_Recompute_Command_Contract.md,92E4BA3EC57565F9CFE8F707EE87B164D14A0DB8,80,90,Nullability rule,STRATEGY,YES,RETAIN_SINGLE_PRIMARY_ROLE_NO_SECONDARY_AUTHORITY
LS-MD-0070,book/Current_Indicator_Recompute_Command_Contract.md,92E4BA3EC57565F9CFE8F707EE87B164D14A0DB8,91,97,Lifecycle rule,STRATEGY,YES,RETAIN_SINGLE_PRIMARY_ROLE_NO_SECONDARY_AUTHORITY
LS-MD-0070,book/Current_Indicator_Recompute_Command_Contract.md,92E4BA3EC57565F9CFE8F707EE87B164D14A0DB8,98,103,Evidence behavior,STRATEGY,YES,RETAIN_SINGLE_PRIMARY_ROLE_NO_SECONDARY_AUTHORITY
LS-MD-0070,book/Current_Indicator_Recompute_Command_Contract.md,92E4BA3EC57565F9CFE8F707EE87B164D14A0DB8,104,139,Validation,STRATEGY,YES,RETAIN_SINGLE_PRIMARY_ROLE_NO_SECONDARY_AUTHORITY
LS-MD-0070,book/Current_Indicator_Recompute_Command_Contract.md,92E4BA3EC57565F9CFE8F707EE87B164D14A0DB8,140,142,Operational rerun rule,STRATEGY,YES,RETAIN_SINGLE_PRIMARY_ROLE_NO_SECONDARY_AUTHORITY
LS-MD-0071,book/Dataset_Seal_and_Freeze_Contract_LOCKED.md,8CA7FF9C2096326E0D6D2F12D5A62FFFD2ECA63A,1,2,Dataset Seal and Freeze Contract (LOCKED),STRATEGY,YES,RETAIN_SINGLE_PRIMARY_ROLE_NO_SECONDARY_AUTHORITY
LS-MD-0071,book/Dataset_Seal_and_Freeze_Contract_LOCKED.md,8CA7FF9C2096326E0D6D2F12D5A62FFFD2ECA63A,3,5,Purpose,STRATEGY,YES,RETAIN_SINGLE_PRIMARY_ROLE_NO_SECONDARY_AUTHORITY
LS-MD-0071,book/Dataset_Seal_and_Freeze_Contract_LOCKED.md,8CA7FF9C2096326E0D6D2F12D5A62FFFD2ECA63A,6,17,Seal preconditions (LOCKED),STRATEGY,YES,RETAIN_SINGLE_PRIMARY_ROLE_NO_SECONDARY_AUTHORITY
LS-MD-0071,book/Dataset_Seal_and_Freeze_Contract_LOCKED.md,8CA7FF9C2096326E0D6D2F12D5A62FFFD2ECA63A,18,24,Freeze rule (LOCKED),STRATEGY,YES,RETAIN_SINGLE_PRIMARY_ROLE_NO_SECONDARY_AUTHORITY
LS-MD-0071,book/Dataset_Seal_and_Freeze_Contract_LOCKED.md,8CA7FF9C2096326E0D6D2F12D5A62FFFD2ECA63A,25,28,Consumer dependency (LOCKED),STRATEGY,YES,RETAIN_SINGLE_PRIMARY_ROLE_NO_SECONDARY_AUTHORITY
LS-MD-0071,book/Dataset_Seal_and_Freeze_Contract_LOCKED.md,8CA7FF9C2096326E0D6D2F12D5A62FFFD2ECA63A,29,34,Anti-drift rule (LOCKED),STRATEGY,YES,RETAIN_SINGLE_PRIMARY_ROLE_NO_SECONDARY_AUTHORITY
LS-MD-0071,book/Dataset_Seal_and_Freeze_Contract_LOCKED.md,8CA7FF9C2096326E0D6D2F12D5A62FFFD2ECA63A,35,46,Capability boundary (LOCKED),STRATEGY,YES,RETAIN_SINGLE_PRIMARY_ROLE_NO_SECONDARY_AUTHORITY
LS-MD-0071,book/Dataset_Seal_and_Freeze_Contract_LOCKED.md,8CA7FF9C2096326E0D6D2F12D5A62FFFD2ECA63A,47,51,Protected content scope (LOCKED),STRATEGY,YES,RETAIN_SINGLE_PRIMARY_ROLE_NO_SECONDARY_AUTHORITY
LS-MD-0072,book/Determinism_Invariants_LOCKED.md,4A2C80642D64993B0E17A7489E6E24A5E1415ADE,1,2,Determinism Invariants (LOCKED),STRATEGY,YES,RETAIN_SINGLE_PRIMARY_ROLE_NO_SECONDARY_AUTHORITY
LS-MD-0072,book/Determinism_Invariants_LOCKED.md,4A2C80642D64993B0E17A7489E6E24A5E1415ADE,3,9,Purpose,STRATEGY,YES,RETAIN_SINGLE_PRIMARY_ROLE_NO_SECONDARY_AUTHORITY
LS-MD-0072,book/Determinism_Invariants_LOCKED.md,4A2C80642D64993B0E17A7489E6E24A5E1415ADE,10,140,Core invariant set (LOCKED),STRATEGY,YES,RETAIN_SINGLE_PRIMARY_ROLE_NO_SECONDARY_AUTHORITY
LS-MD-0072,book/Determinism_Invariants_LOCKED.md,4A2C80642D64993B0E17A7489E6E24A5E1415ADE,141,149,What these invariants protect,STRATEGY,YES,RETAIN_SINGLE_PRIMARY_ROLE_NO_SECONDARY_AUTHORITY
LS-MD-0072,book/Determinism_Invariants_LOCKED.md,4A2C80642D64993B0E17A7489E6E24A5E1415ADE,150,159,Required cross-contract alignment,STRATEGY,YES,RETAIN_SINGLE_PRIMARY_ROLE_NO_SECONDARY_AUTHORITY
LS-MD-0072,book/Determinism_Invariants_LOCKED.md,4A2C80642D64993B0E17A7489E6E24A5E1415ADE,160,162,Anti-ambiguity rule (LOCKED),STRATEGY,YES,RETAIN_SINGLE_PRIMARY_ROLE_NO_SECONDARY_AUTHORITY
LS-MD-0072,book/Determinism_Invariants_LOCKED.md,4A2C80642D64993B0E17A7489E6E24A5E1415ADE,163,168,See also,STRATEGY,YES,RETAIN_SINGLE_PRIMARY_ROLE_NO_SECONDARY_AUTHORITY
LS-MD-0073,book/Domain_Boundary_Invariants_LOCKED.md,5637ED5D917635066E8F94C2E7C65C53DAE299F9,1,2,Domain Boundary Invariants (LOCKED),STRATEGY,YES,RETAIN_SINGLE_PRIMARY_ROLE_NO_SECONDARY_AUTHORITY
LS-MD-0073,book/Domain_Boundary_Invariants_LOCKED.md,5637ED5D917635066E8F94C2E7C65C53DAE299F9,3,10,Purpose,STRATEGY,YES,RETAIN_SINGLE_PRIMARY_ROLE_NO_SECONDARY_AUTHORITY
LS-MD-0073,book/Domain_Boundary_Invariants_LOCKED.md,5637ED5D917635066E8F94C2E7C65C53DAE299F9,11,20,Core boundary rule (LOCKED),STRATEGY,YES,RETAIN_SINGLE_PRIMARY_ROLE_NO_SECONDARY_AUTHORITY
LS-MD-0073,book/Domain_Boundary_Invariants_LOCKED.md,5637ED5D917635066E8F94C2E7C65C53DAE299F9,21,34,Data-readiness admission rule (LOCKED),STRATEGY,YES,RETAIN_SINGLE_PRIMARY_ROLE_NO_SECONDARY_AUTHORITY
LS-MD-0073,book/Domain_Boundary_Invariants_LOCKED.md,5637ED5D917635066E8F94C2E7C65C53DAE299F9,35,52,Market-data ownership (LOCKED),STRATEGY,YES,RETAIN_SINGLE_PRIMARY_ROLE_NO_SECONDARY_AUTHORITY
LS-MD-0073,book/Domain_Boundary_Invariants_LOCKED.md,5637ED5D917635066E8F94C2E7C65C53DAE299F9,53,70,Decisions allowed inside market-data,STRATEGY,YES,RETAIN_SINGLE_PRIMARY_ROLE_NO_SECONDARY_AUTHORITY
LS-MD-0073,book/Domain_Boundary_Invariants_LOCKED.md,5637ED5D917635066E8F94C2E7C65C53DAE299F9,71,87,Watchlist-policy ownership (LOCKED),STRATEGY,YES,RETAIN_SINGLE_PRIMARY_ROLE_NO_SECONDARY_AUTHORITY
LS-MD-0073,book/Domain_Boundary_Invariants_LOCKED.md,5637ED5D917635066E8F94C2E7C65C53DAE299F9,88,118,Eligibility boundary rule (LOCKED),STRATEGY,YES,RETAIN_SINGLE_PRIMARY_ROLE_NO_SECONDARY_AUTHORITY
LS-MD-0073,book/Domain_Boundary_Invariants_LOCKED.md,5637ED5D917635066E8F94C2E7C65C53DAE299F9,119,132,Indicator boundary rule (LOCKED),STRATEGY,YES,RETAIN_SINGLE_PRIMARY_ROLE_NO_SECONDARY_AUTHORITY
LS-MD-0073,book/Domain_Boundary_Invariants_LOCKED.md,5637ED5D917635066E8F94C2E7C65C53DAE299F9,133,145,Liquidity boundary rule (LOCKED),STRATEGY,YES,RETAIN_SINGLE_PRIMARY_ROLE_NO_SECONDARY_AUTHORITY
LS-MD-0073,book/Domain_Boundary_Invariants_LOCKED.md,5637ED5D917635066E8F94C2E7C65C53DAE299F9,146,169,Dual-use fact rule (LOCKED),STRATEGY,YES,RETAIN_SINGLE_PRIMARY_ROLE_NO_SECONDARY_AUTHORITY
LS-MD-0073,book/Domain_Boundary_Invariants_LOCKED.md,5637ED5D917635066E8F94C2E7C65C53DAE299F9,170,176,Publication and recency boundary rule (LOCKED),STRATEGY,YES,RETAIN_SINGLE_PRIMARY_ROLE_NO_SECONDARY_AUTHORITY
LS-MD-0073,book/Domain_Boundary_Invariants_LOCKED.md,5637ED5D917635066E8F94C2E7C65C53DAE299F9,177,182,Replay and backtest boundary rule (LOCKED),STRATEGY,YES,RETAIN_SINGLE_PRIMARY_ROLE_NO_SECONDARY_AUTHORITY
LS-MD-0073,book/Domain_Boundary_Invariants_LOCKED.md,5637ED5D917635066E8F94C2E7C65C53DAE299F9,183,193,Session snapshot boundary rule (LOCKED),STRATEGY,YES,RETAIN_SINGLE_PRIMARY_ROLE_NO_SECONDARY_AUTHORITY
LS-MD-0073,book/Domain_Boundary_Invariants_LOCKED.md,5637ED5D917635066E8F94C2E7C65C53DAE299F9,194,209,Consumer dependency rule (LOCKED),STRATEGY,YES,RETAIN_SINGLE_PRIMARY_ROLE_NO_SECONDARY_AUTHORITY
LS-MD-0073,book/Domain_Boundary_Invariants_LOCKED.md,5637ED5D917635066E8F94C2E7C65C53DAE299F9,210,234,"Artifact, command, and configuration naming rule (LOCKED)",STRATEGY,YES,RETAIN_SINGLE_PRIMARY_ROLE_NO_SECONDARY_AUTHORITY
LS-MD-0073,book/Domain_Boundary_Invariants_LOCKED.md,5637ED5D917635066E8F94C2E7C65C53DAE299F9,235,265,Forbidden active semantics,STRATEGY,YES,RETAIN_SINGLE_PRIMARY_ROLE_NO_SECONDARY_AUTHORITY
LS-MD-0073,book/Domain_Boundary_Invariants_LOCKED.md,5637ED5D917635066E8F94C2E7C65C53DAE299F9,266,282,Boundary invariants,STRATEGY,YES,RETAIN_SINGLE_PRIMARY_ROLE_NO_SECONDARY_AUTHORITY
LS-MD-0073,book/Domain_Boundary_Invariants_LOCKED.md,5637ED5D917635066E8F94C2E7C65C53DAE299F9,283,294,Boundary acceptance test (LOCKED),STRATEGY,YES,RETAIN_SINGLE_PRIMARY_ROLE_NO_SECONDARY_AUTHORITY
LS-MD-0073,book/Domain_Boundary_Invariants_LOCKED.md,5637ED5D917635066E8F94C2E7C65C53DAE299F9,295,308,Required cross-contract alignment,STRATEGY,YES,RETAIN_SINGLE_PRIMARY_ROLE_NO_SECONDARY_AUTHORITY
LS-MD-0073,book/Domain_Boundary_Invariants_LOCKED.md,5637ED5D917635066E8F94C2E7C65C53DAE299F9,309,311,Anti-domain-leak rule (LOCKED),STRATEGY,YES,RETAIN_SINGLE_PRIMARY_ROLE_NO_SECONDARY_AUTHORITY
LS-MD-0074,book/Downstream_Consumer_Read_Model_Contract_LOCKED.md,8717EB02874AAD084062C9C93D6E3E08AA14B29E,1,2,Downstream Consumer Read Model Contract (STRATEGY LOCKED),STRATEGY,YES,RETAIN_SINGLE_PRIMARY_ROLE_NO_SECONDARY_AUTHORITY
LS-MD-0074,book/Downstream_Consumer_Read_Model_Contract_LOCKED.md,8717EB02874AAD084062C9C93D6E3E08AA14B29E,3,8,Purpose,STRATEGY,YES,RETAIN_SINGLE_PRIMARY_ROLE_NO_SECONDARY_AUTHORITY
LS-MD-0074,book/Downstream_Consumer_Read_Model_Contract_LOCKED.md,8717EB02874AAD084062C9C93D6E3E08AA14B29E,9,20,Product grain and identity,STRATEGY,YES,RETAIN_SINGLE_PRIMARY_ROLE_NO_SECONDARY_AUTHORITY
LS-MD-0074,book/Downstream_Consumer_Read_Model_Contract_LOCKED.md,8717EB02874AAD084062C9C93D6E3E08AA14B29E,21,59,Minimum market-data fields for read-model V1,STRATEGY,YES,RETAIN_SINGLE_PRIMARY_ROLE_NO_SECONDARY_AUTHORITY
LS-MD-0074,book/Downstream_Consumer_Read_Model_Contract_LOCKED.md,8717EB02874AAD084062C9C93D6E3E08AA14B29E,60,65,Read surface,STRATEGY,YES,RETAIN_SINGLE_PRIMARY_ROLE_NO_SECONDARY_AUTHORITY
LS-MD-0074,book/Downstream_Consumer_Read_Model_Contract_LOCKED.md,8717EB02874AAD084062C9C93D6E3E08AA14B29E,66,77,Forbidden shortcuts,STRATEGY,YES,RETAIN_SINGLE_PRIMARY_ROLE_NO_SECONDARY_AUTHORITY
LS-MD-0074,book/Downstream_Consumer_Read_Model_Contract_LOCKED.md,8717EB02874AAD084062C9C93D6E3E08AA14B29E,78,83,Versioning and compatibility,STRATEGY,YES,RETAIN_SINGLE_PRIMARY_ROLE_NO_SECONDARY_AUTHORITY
LS-MD-0074,book/Downstream_Consumer_Read_Model_Contract_LOCKED.md,8717EB02874AAD084062C9C93D6E3E08AA14B29E,84,94,Capability boundary (LOCKED),STRATEGY,YES,RETAIN_SINGLE_PRIMARY_ROLE_NO_SECONDARY_AUTHORITY
LS-MD-0075,book/Downstream_Data_Readiness_Guarantee_LOCKED.md,DBB771D9A74BE99A1D3C3293A39F1B3FB29020DE,1,2,Downstream Data Readiness Guarantee (STRATEGY LOCKED),STRATEGY,YES,RETAIN_SINGLE_PRIMARY_ROLE_NO_SECONDARY_AUTHORITY
LS-MD-0075,book/Downstream_Data_Readiness_Guarantee_LOCKED.md,DBB771D9A74BE99A1D3C3293A39F1B3FB29020DE,3,6,Guarantee,STRATEGY,YES,RETAIN_SINGLE_PRIMARY_ROLE_NO_SECONDARY_AUTHORITY
LS-MD-0075,book/Downstream_Data_Readiness_Guarantee_LOCKED.md,DBB771D9A74BE99A1D3C3293A39F1B3FB29020DE,7,16,Dates tracked independently,STRATEGY,YES,RETAIN_SINGLE_PRIMARY_ROLE_NO_SECONDARY_AUTHORITY
LS-MD-0075,book/Downstream_Data_Readiness_Guarantee_LOCKED.md,DBB771D9A74BE99A1D3C3293A39F1B3FB29020DE,17,27,Readiness states,STRATEGY,YES,RETAIN_SINGLE_PRIMARY_ROLE_NO_SECONDARY_AUTHORITY
LS-MD-0075,book/Downstream_Data_Readiness_Guarantee_LOCKED.md,DBB771D9A74BE99A1D3C3293A39F1B3FB29020DE,28,36,Freshness states,STRATEGY,YES,RETAIN_SINGLE_PRIMARY_ROLE_NO_SECONDARY_AUTHORITY
LS-MD-0075,book/Downstream_Data_Readiness_Guarantee_LOCKED.md,DBB771D9A74BE99A1D3C3293A39F1B3FB29020DE,37,51,`READABLE` conditions,STRATEGY,YES,RETAIN_SINGLE_PRIMARY_ROLE_NO_SECONDARY_AUTHORITY
LS-MD-0075,book/Downstream_Data_Readiness_Guarantee_LOCKED.md,DBB771D9A74BE99A1D3C3293A39F1B3FB29020DE,52,57,Fallback policy,STRATEGY,YES,RETAIN_SINGLE_PRIMARY_ROLE_NO_SECONDARY_AUTHORITY
LS-MD-0075,book/Downstream_Data_Readiness_Guarantee_LOCKED.md,DBB771D9A74BE99A1D3C3293A39F1B3FB29020DE,58,61,Correction behavior,STRATEGY,YES,RETAIN_SINGLE_PRIMARY_ROLE_NO_SECONDARY_AUTHORITY
LS-MD-0075,book/Downstream_Data_Readiness_Guarantee_LOCKED.md,DBB771D9A74BE99A1D3C3293A39F1B3FB29020DE,62,65,Acceptance proof,STRATEGY,YES,RETAIN_SINGLE_PRIMARY_ROLE_NO_SECONDARY_AUTHORITY
LS-MD-0075,book/Downstream_Data_Readiness_Guarantee_LOCKED.md,DBB771D9A74BE99A1D3C3293A39F1B3FB29020DE,66,76,Capability boundary (LOCKED),STRATEGY,YES,RETAIN_SINGLE_PRIMARY_ROLE_NO_SECONDARY_AUTHORITY
LS-MD-0076,book/Effective_Trade_Date_Contract_LOCKED.md,7D3C3EDAEC7CE8D5550F92CE9EA2A8F02C481134,1,2,Effective Trade Date Contract (STRATEGY LOCKED),STRATEGY,YES,RETAIN_SINGLE_PRIMARY_ROLE_NO_SECONDARY_AUTHORITY
LS-MD-0076,book/Effective_Trade_Date_Contract_LOCKED.md,7D3C3EDAEC7CE8D5550F92CE9EA2A8F02C481134,3,10,Date meanings,STRATEGY,YES,RETAIN_SINGLE_PRIMARY_ROLE_NO_SECONDARY_AUTHORITY
LS-MD-0076,book/Effective_Trade_Date_Contract_LOCKED.md,7D3C3EDAEC7CE8D5550F92CE9EA2A8F02C481134,11,20,Rules,STRATEGY,YES,RETAIN_SINGLE_PRIMARY_ROLE_NO_SECONDARY_AUTHORITY
LS-MD-0076,book/Effective_Trade_Date_Contract_LOCKED.md,7D3C3EDAEC7CE8D5550F92CE9EA2A8F02C481134,21,24,Cache and audit invariant,STRATEGY,YES,RETAIN_SINGLE_PRIMARY_ROLE_NO_SECONDARY_AUTHORITY
LS-MD-0076,book/Effective_Trade_Date_Contract_LOCKED.md,7D3C3EDAEC7CE8D5550F92CE9EA2A8F02C481134,25,27,No-good-fallback rule,STRATEGY,YES,RETAIN_SINGLE_PRIMARY_ROLE_NO_SECONDARY_AUTHORITY
LS-MD-0077,book/Eligibility_Partial_Data_Behavior_LOCKED.md,79067C60B394D1F7493F7790B1CE24E0952205FA,1,2,Eligibility Partial and Degraded Data Behavior (LOCKED),STRATEGY,YES,RETAIN_SINGLE_PRIMARY_ROLE_NO_SECONDARY_AUTHORITY
LS-MD-0077,book/Eligibility_Partial_Data_Behavior_LOCKED.md,79067C60B394D1F7493F7790B1CE24E0952205FA,3,6,Purpose,STRATEGY,YES,RETAIN_SINGLE_PRIMARY_ROLE_NO_SECONDARY_AUTHORITY
LS-MD-0077,book/Eligibility_Partial_Data_Behavior_LOCKED.md,79067C60B394D1F7493F7790B1CE24E0952205FA,7,10,Core rule (LOCKED),STRATEGY,YES,RETAIN_SINGLE_PRIMARY_ROLE_NO_SECONDARY_AUTHORITY
LS-MD-0077,book/Eligibility_Partial_Data_Behavior_LOCKED.md,79067C60B394D1F7493F7790B1CE24E0952205FA,11,21,Required degraded behavior,STRATEGY,YES,RETAIN_SINGLE_PRIMARY_ROLE_NO_SECONDARY_AUTHORITY
LS-MD-0077,book/Eligibility_Partial_Data_Behavior_LOCKED.md,79067C60B394D1F7493F7790B1CE24E0952205FA,22,27,Multiple-reason behavior,STRATEGY,YES,RETAIN_SINGLE_PRIMARY_ROLE_NO_SECONDARY_AUTHORITY
LS-MD-0077,book/Eligibility_Partial_Data_Behavior_LOCKED.md,79067C60B394D1F7493F7790B1CE24E0952205FA,28,36,Run-level distinction,STRATEGY,YES,RETAIN_SINGLE_PRIMARY_ROLE_NO_SECONDARY_AUTHORITY
LS-MD-0077,book/Eligibility_Partial_Data_Behavior_LOCKED.md,79067C60B394D1F7493F7790B1CE24E0952205FA,37,40,Fail-safe absence rule,STRATEGY,YES,RETAIN_SINGLE_PRIMARY_ROLE_NO_SECONDARY_AUTHORITY
LS-MD-0077,book/Eligibility_Partial_Data_Behavior_LOCKED.md,79067C60B394D1F7493F7790B1CE24E0952205FA,41,44,Determinism and immutability,STRATEGY,YES,RETAIN_SINGLE_PRIMARY_ROLE_NO_SECONDARY_AUTHORITY
LS-MD-0077,book/Eligibility_Partial_Data_Behavior_LOCKED.md,79067C60B394D1F7493F7790B1CE24E0952205FA,45,56,Capability boundary (LOCKED),STRATEGY,YES,RETAIN_SINGLE_PRIMARY_ROLE_NO_SECONDARY_AUTHORITY
LS-MD-0077,book/Eligibility_Partial_Data_Behavior_LOCKED.md,79067C60B394D1F7493F7790B1CE24E0952205FA,57,59,Acceptance criterion (LOCKED),STRATEGY,YES,RETAIN_SINGLE_PRIMARY_ROLE_NO_SECONDARY_AUTHORITY
LS-MD-0078,book/EOD_Bars_Contract.md,19F64F20E9B38E3D45C79E97862B1884157A7B50,1,2,EOD Bars Contract — Canonical Regular-Market `RAW` OHLCV (LOCKED),STRATEGY,YES,RETAIN_SINGLE_PRIMARY_ROLE_NO_SECONDARY_AUTHORITY
LS-MD-0078,book/EOD_Bars_Contract.md,19F64F20E9B38E3D45C79E97862B1884157A7B50,3,6,Purpose,STRATEGY,YES,RETAIN_SINGLE_PRIMARY_ROLE_NO_SECONDARY_AUTHORITY
LS-MD-0078,book/EOD_Bars_Contract.md,19F64F20E9B38E3D45C79E97862B1884157A7B50,7,18,Product meaning (LOCKED),STRATEGY,YES,RETAIN_SINGLE_PRIMARY_ROLE_NO_SECONDARY_AUTHORITY
LS-MD-0078,book/EOD_Bars_Contract.md,19F64F20E9B38E3D45C79E97862B1884157A7B50,19,32,Logical and physical identity (LOCKED),STRATEGY,YES,RETAIN_SINGLE_PRIMARY_ROLE_NO_SECONDARY_AUTHORITY
LS-MD-0078,book/EOD_Bars_Contract.md,19F64F20E9B38E3D45C79E97862B1884157A7B50,33,55,Required fields,STRATEGY,YES,RETAIN_SINGLE_PRIMARY_ROLE_NO_SECONDARY_AUTHORITY
LS-MD-0078,book/EOD_Bars_Contract.md,19F64F20E9B38E3D45C79E97862B1884157A7B50,56,86,Validation rules (LOCKED),STRATEGY,YES,RETAIN_SINGLE_PRIMARY_ROLE_NO_SECONDARY_AUTHORITY
LS-MD-0078,book/EOD_Bars_Contract.md,19F64F20E9B38E3D45C79E97862B1884157A7B50,87,95,Null and missing policy (LOCKED),STRATEGY,YES,RETAIN_SINGLE_PRIMARY_ROLE_NO_SECONDARY_AUTHORITY
LS-MD-0078,book/EOD_Bars_Contract.md,19F64F20E9B38E3D45C79E97862B1884157A7B50,96,101,Invalid-bar handling,STRATEGY,YES,RETAIN_SINGLE_PRIMARY_ROLE_NO_SECONDARY_AUTHORITY
LS-MD-0078,book/EOD_Bars_Contract.md,19F64F20E9B38E3D45C79E97862B1884157A7B50,102,109,Publication and mutation rule (LOCKED),STRATEGY,YES,RETAIN_SINGLE_PRIMARY_ROLE_NO_SECONDARY_AUTHORITY
LS-MD-0078,book/EOD_Bars_Contract.md,19F64F20E9B38E3D45C79E97862B1884157A7B50,110,113,Historical impact rule,STRATEGY,YES,RETAIN_SINGLE_PRIMARY_ROLE_NO_SECONDARY_AUTHORITY
LS-MD-0078,book/EOD_Bars_Contract.md,19F64F20E9B38E3D45C79E97862B1884157A7B50,114,117,Consumer rule,STRATEGY,YES,RETAIN_SINGLE_PRIMARY_ROLE_NO_SECONDARY_AUTHORITY
LS-MD-0078,book/EOD_Bars_Contract.md,19F64F20E9B38E3D45C79E97862B1884157A7B50,118,130,Capability boundary (LOCKED),STRATEGY,YES,RETAIN_SINGLE_PRIMARY_ROLE_NO_SECONDARY_AUTHORITY
LS-MD-0078,book/EOD_Bars_Contract.md,19F64F20E9B38E3D45C79E97862B1884157A7B50,131,134,Acceptance criterion (LOCKED),STRATEGY,YES,RETAIN_SINGLE_PRIMARY_ROLE_NO_SECONDARY_AUTHORITY
LS-MD-0078,book/EOD_Bars_Contract.md,19F64F20E9B38E3D45C79E97862B1884157A7B50,135,141,Cross-contract alignment,STRATEGY,YES,RETAIN_SINGLE_PRIMARY_ROLE_NO_SECONDARY_AUTHORITY
LS-MD-0079,book/EOD_COVERAGE_GATE_CONTRACT_LOCKED.md,9DC7B4144BCB09E0EB0B28F2B41876CDDB227166,1,2,EOD Coverage Delivery Gate Contract (LOCKED),STRATEGY,YES,RETAIN_SINGLE_PRIMARY_ROLE_NO_SECONDARY_AUTHORITY
LS-MD-0079,book/EOD_COVERAGE_GATE_CONTRACT_LOCKED.md,9DC7B4144BCB09E0EB0B28F2B41876CDDB227166,3,8,Purpose,STRATEGY,YES,RETAIN_SINGLE_PRIMARY_ROLE_NO_SECONDARY_AUTHORITY
LS-MD-0079,book/EOD_COVERAGE_GATE_CONTRACT_LOCKED.md,9DC7B4144BCB09E0EB0B28F2B41876CDDB227166,9,19,Separate dimensions (LOCKED),STRATEGY,YES,RETAIN_SINGLE_PRIMARY_ROLE_NO_SECONDARY_AUTHORITY
LS-MD-0079,book/EOD_COVERAGE_GATE_CONTRACT_LOCKED.md,9DC7B4144BCB09E0EB0B28F2B41876CDDB227166,20,27,Denominator (LOCKED),STRATEGY,YES,RETAIN_SINGLE_PRIMARY_ROLE_NO_SECONDARY_AUTHORITY
LS-MD-0079,book/EOD_COVERAGE_GATE_CONTRACT_LOCKED.md,9DC7B4144BCB09E0EB0B28F2B41876CDDB227166,28,43,Numerator and delivery classification (LOCKED),STRATEGY,YES,RETAIN_SINGLE_PRIMARY_ROLE_NO_SECONDARY_AUTHORITY
LS-MD-0079,book/EOD_COVERAGE_GATE_CONTRACT_LOCKED.md,9DC7B4144BCB09E0EB0B28F2B41876CDDB227166,44,59,Formula and threshold,STRATEGY,YES,RETAIN_SINGLE_PRIMARY_ROLE_NO_SECONDARY_AUTHORITY
LS-MD-0079,book/EOD_COVERAGE_GATE_CONTRACT_LOCKED.md,9DC7B4144BCB09E0EB0B28F2B41876CDDB227166,60,67,Gate states,STRATEGY,YES,RETAIN_SINGLE_PRIMARY_ROLE_NO_SECONDARY_AUTHORITY
LS-MD-0079,book/EOD_COVERAGE_GATE_CONTRACT_LOCKED.md,9DC7B4144BCB09E0EB0B28F2B41876CDDB227166,68,73,Date-driven and source behavior,STRATEGY,YES,RETAIN_SINGLE_PRIMARY_ROLE_NO_SECONDARY_AUTHORITY
LS-MD-0079,book/EOD_COVERAGE_GATE_CONTRACT_LOCKED.md,9DC7B4144BCB09E0EB0B28F2B41876CDDB227166,74,83,Required audit-visible fields,STRATEGY,YES,RETAIN_SINGLE_PRIMARY_ROLE_NO_SECONDARY_AUTHORITY
LS-MD-0079,book/EOD_COVERAGE_GATE_CONTRACT_LOCKED.md,9DC7B4144BCB09E0EB0B28F2B41876CDDB227166,84,87,Promote/readability rule,STRATEGY,YES,RETAIN_SINGLE_PRIMARY_ROLE_NO_SECONDARY_AUTHORITY
LS-MD-0079,book/EOD_COVERAGE_GATE_CONTRACT_LOCKED.md,9DC7B4144BCB09E0EB0B28F2B41876CDDB227166,88,107,Evidence validity boundary (LOCKED),STRATEGY,YES,RETAIN_SINGLE_PRIMARY_ROLE_NO_SECONDARY_AUTHORITY
LS-MD-0079,book/EOD_COVERAGE_GATE_CONTRACT_LOCKED.md,9DC7B4144BCB09E0EB0B28F2B41876CDDB227166,108,116,Denominator exclusion path (LOCKED),STRATEGY,YES,RETAIN_SINGLE_PRIMARY_ROLE_NO_SECONDARY_AUTHORITY
LS-MD-0079,book/EOD_COVERAGE_GATE_CONTRACT_LOCKED.md,9DC7B4144BCB09E0EB0B28F2B41876CDDB227166,117,134,Capability boundary (LOCKED),STRATEGY,YES,RETAIN_SINGLE_PRIMARY_ROLE_NO_SECONDARY_AUTHORITY
LS-MD-0079,book/EOD_COVERAGE_GATE_CONTRACT_LOCKED.md,9DC7B4144BCB09E0EB0B28F2B41876CDDB227166,135,138,Acceptance criterion (LOCKED),STRATEGY,YES,RETAIN_SINGLE_PRIMARY_ROLE_NO_SECONDARY_AUTHORITY
LS-MD-0079,book/EOD_COVERAGE_GATE_CONTRACT_LOCKED.md,9DC7B4144BCB09E0EB0B28F2B41876CDDB227166,139,145,Cross-contract alignment,STRATEGY,YES,RETAIN_SINGLE_PRIMARY_ROLE_NO_SECONDARY_AUTHORITY
LS-MD-0080,book/EOD_Cutoff_and_Finalization_Contract_LOCKED.md,8569C53CC6EB4F110B76E3043B522ACBDE73B9B7,1,2,EOD Cutoff and Finalization Contract (LOCKED),STRATEGY,YES,RETAIN_SINGLE_PRIMARY_ROLE_NO_SECONDARY_AUTHORITY
LS-MD-0080,book/EOD_Cutoff_and_Finalization_Contract_LOCKED.md,8569C53CC6EB4F110B76E3043B522ACBDE73B9B7,3,9,Finalization time model,STRATEGY,YES,RETAIN_SINGLE_PRIMARY_ROLE_NO_SECONDARY_AUTHORITY
LS-MD-0080,book/EOD_Cutoff_and_Finalization_Contract_LOCKED.md,8569C53CC6EB4F110B76E3043B522ACBDE73B9B7,10,13,Finalization semantics (LOCKED),STRATEGY,YES,RETAIN_SINGLE_PRIMARY_ROLE_NO_SECONDARY_AUTHORITY
LS-MD-0080,book/EOD_Cutoff_and_Finalization_Contract_LOCKED.md,8569C53CC6EB4F110B76E3043B522ACBDE73B9B7,14,29,Locked rules,STRATEGY,YES,RETAIN_SINGLE_PRIMARY_ROLE_NO_SECONDARY_AUTHORITY
LS-MD-0080,book/EOD_Cutoff_and_Finalization_Contract_LOCKED.md,8569C53CC6EB4F110B76E3043B522ACBDE73B9B7,30,33,Anti-ambiguity rule (LOCKED),STRATEGY,YES,RETAIN_SINGLE_PRIMARY_ROLE_NO_SECONDARY_AUTHORITY
LS-MD-0080,book/EOD_Cutoff_and_Finalization_Contract_LOCKED.md,8569C53CC6EB4F110B76E3043B522ACBDE73B9B7,34,42,Coverage gate alignment (LOCKED),STRATEGY,YES,RETAIN_SINGLE_PRIMARY_ROLE_NO_SECONDARY_AUTHORITY
LS-MD-0080,book/EOD_Cutoff_and_Finalization_Contract_LOCKED.md,8569C53CC6EB4F110B76E3043B522ACBDE73B9B7,43,53,Capability boundary (LOCKED),STRATEGY,YES,RETAIN_SINGLE_PRIMARY_ROLE_NO_SECONDARY_AUTHORITY
LS-MD-0081,book/EOD_Data_Retention_and_History_Rewrite_Policy_LOCKED.md,418920341E7E60F371E46879793441E9607544E2,1,2,EOD DATA RETENTION AND HISTORY REWRITE POLICY (LOCKED),STRATEGY,YES,RETAIN_SINGLE_PRIMARY_ROLE_NO_SECONDARY_AUTHORITY
LS-MD-0081,book/EOD_Data_Retention_and_History_Rewrite_Policy_LOCKED.md,418920341E7E60F371E46879793441E9607544E2,3,7,Purpose,STRATEGY,YES,RETAIN_SINGLE_PRIMARY_ROLE_NO_SECONDARY_AUTHORITY
LS-MD-0081,book/EOD_Data_Retention_and_History_Rewrite_Policy_LOCKED.md,418920341E7E60F371E46879793441E9607544E2,8,34,Retention classes (LOCKED),STRATEGY,YES,RETAIN_SINGLE_PRIMARY_ROLE_NO_SECONDARY_AUTHORITY
LS-MD-0081,book/EOD_Data_Retention_and_History_Rewrite_Policy_LOCKED.md,418920341E7E60F371E46879793441E9607544E2,35,41,Rewrite policy (LOCKED),STRATEGY,YES,RETAIN_SINGLE_PRIMARY_ROLE_NO_SECONDARY_AUTHORITY
LS-MD-0081,book/EOD_Data_Retention_and_History_Rewrite_Policy_LOCKED.md,418920341E7E60F371E46879793441E9607544E2,42,52,Re-computation policy (LOCKED),STRATEGY,YES,RETAIN_SINGLE_PRIMARY_ROLE_NO_SECONDARY_AUTHORITY
LS-MD-0081,book/EOD_Data_Retention_and_History_Rewrite_Policy_LOCKED.md,418920341E7E60F371E46879793441E9607544E2,53,64,Correction impact rule (LOCKED),STRATEGY,YES,RETAIN_SINGLE_PRIMARY_ROLE_NO_SECONDARY_AUTHORITY
LS-MD-0081,book/EOD_Data_Retention_and_History_Rewrite_Policy_LOCKED.md,418920341E7E60F371E46879793441E9607544E2,65,72,Partitioning baseline (LOCKED),STRATEGY,YES,RETAIN_SINGLE_PRIMARY_ROLE_NO_SECONDARY_AUTHORITY
LS-MD-0081,book/EOD_Data_Retention_and_History_Rewrite_Policy_LOCKED.md,418920341E7E60F371E46879793441E9607544E2,73,82,Evidence purge guardrail,STRATEGY,YES,RETAIN_SINGLE_PRIMARY_ROLE_NO_SECONDARY_AUTHORITY
LS-MD-0081,book/EOD_Data_Retention_and_History_Rewrite_Policy_LOCKED.md,418920341E7E60F371E46879793441E9607544E2,83,91,Anti-ambiguity rules,STRATEGY,YES,RETAIN_SINGLE_PRIMARY_ROLE_NO_SECONDARY_AUTHORITY
LS-MD-0081,book/EOD_Data_Retention_and_History_Rewrite_Policy_LOCKED.md,418920341E7E60F371E46879793441E9607544E2,92,98,Cross-contract alignment,STRATEGY,YES,RETAIN_SINGLE_PRIMARY_ROLE_NO_SECONDARY_AUTHORITY
LS-MD-0081,book/EOD_Data_Retention_and_History_Rewrite_Policy_LOCKED.md,418920341E7E60F371E46879793441E9607544E2,99,101,Capability boundary scope (LOCKED),STRATEGY,YES,RETAIN_SINGLE_PRIMARY_ROLE_NO_SECONDARY_AUTHORITY
LS-MD-0082,book/EOD_Eligibility_Snapshot_Contract_LOCKED.md,E0AE7FDFCC7E5B04549A65666EC204739B9251FD,1,2,EOD Eligibility Facts Snapshot Contract (LOCKED),STRATEGY,YES,RETAIN_SINGLE_PRIMARY_ROLE_NO_SECONDARY_AUTHORITY
LS-MD-0082,book/EOD_Eligibility_Snapshot_Contract_LOCKED.md,E0AE7FDFCC7E5B04549A65666EC204739B9251FD,3,8,Purpose,STRATEGY,YES,RETAIN_SINGLE_PRIMARY_ROLE_NO_SECONDARY_AUTHORITY
LS-MD-0082,book/EOD_Eligibility_Snapshot_Contract_LOCKED.md,E0AE7FDFCC7E5B04549A65666EC204739B9251FD,9,14,Row scope and identity (LOCKED),STRATEGY,YES,RETAIN_SINGLE_PRIMARY_ROLE_NO_SECONDARY_AUTHORITY
LS-MD-0082,book/EOD_Eligibility_Snapshot_Contract_LOCKED.md,E0AE7FDFCC7E5B04549A65666EC204739B9251FD,15,63,Required fact dimensions,STRATEGY,YES,RETAIN_SINGLE_PRIMARY_ROLE_NO_SECONDARY_AUTHORITY
LS-MD-0082,book/EOD_Eligibility_Snapshot_Contract_LOCKED.md,E0AE7FDFCC7E5B04549A65666EC204739B9251FD,64,85,Eligibility meaning (LOCKED),STRATEGY,YES,RETAIN_SINGLE_PRIMARY_ROLE_NO_SECONDARY_AUTHORITY
LS-MD-0082,book/EOD_Eligibility_Snapshot_Contract_LOCKED.md,E0AE7FDFCC7E5B04549A65666EC204739B9251FD,86,95,Gate separation,STRATEGY,YES,RETAIN_SINGLE_PRIMARY_ROLE_NO_SECONDARY_AUTHORITY
LS-MD-0082,book/EOD_Eligibility_Snapshot_Contract_LOCKED.md,E0AE7FDFCC7E5B04549A65666EC204739B9251FD,96,112,Reason-code model (LOCKED),STRATEGY,YES,RETAIN_SINGLE_PRIMARY_ROLE_NO_SECONDARY_AUTHORITY
LS-MD-0082,book/EOD_Eligibility_Snapshot_Contract_LOCKED.md,E0AE7FDFCC7E5B04549A65666EC204739B9251FD,113,118,Publication/readability relationship,STRATEGY,YES,RETAIN_SINGLE_PRIMARY_ROLE_NO_SECONDARY_AUTHORITY
LS-MD-0082,book/EOD_Eligibility_Snapshot_Contract_LOCKED.md,E0AE7FDFCC7E5B04549A65666EC204739B9251FD,119,122,Immutability and replay,STRATEGY,YES,RETAIN_SINGLE_PRIMARY_ROLE_NO_SECONDARY_AUTHORITY
LS-MD-0082,book/EOD_Eligibility_Snapshot_Contract_LOCKED.md,E0AE7FDFCC7E5B04549A65666EC204739B9251FD,123,126,Acceptance criterion (LOCKED),STRATEGY,YES,RETAIN_SINGLE_PRIMARY_ROLE_NO_SECONDARY_AUTHORITY
LS-MD-0082,book/EOD_Eligibility_Snapshot_Contract_LOCKED.md,E0AE7FDFCC7E5B04549A65666EC204739B9251FD,127,133,Cross-contract alignment,STRATEGY,YES,RETAIN_SINGLE_PRIMARY_ROLE_NO_SECONDARY_AUTHORITY
LS-MD-0083,book/EOD_Indicators_Contract.md,D70186C635CBB9EF4F54ABD4AE0AB725E5F38FDB,1,2,EOD Indicators Artifact Contract (LOCKED),STRATEGY,YES,RETAIN_SINGLE_PRIMARY_ROLE_NO_SECONDARY_AUTHORITY
LS-MD-0083,book/EOD_Indicators_Contract.md,D70186C635CBB9EF4F54ABD4AE0AB725E5F38FDB,3,8,Purpose,STRATEGY,YES,RETAIN_SINGLE_PRIMARY_ROLE_NO_SECONDARY_AUTHORITY
LS-MD-0083,book/EOD_Indicators_Contract.md,D70186C635CBB9EF4F54ABD4AE0AB725E5F38FDB,9,14,Identity and lineage (LOCKED),STRATEGY,YES,RETAIN_SINGLE_PRIMARY_ROLE_NO_SECONDARY_AUTHORITY
LS-MD-0083,book/EOD_Indicators_Contract.md,D70186C635CBB9EF4F54ABD4AE0AB725E5F38FDB,15,25,Required metadata,STRATEGY,YES,RETAIN_SINGLE_PRIMARY_ROLE_NO_SECONDARY_AUTHORITY
LS-MD-0083,book/EOD_Indicators_Contract.md,D70186C635CBB9EF4F54ABD4AE0AB725E5F38FDB,26,37,Baseline facts,STRATEGY,YES,RETAIN_SINGLE_PRIMARY_ROLE_NO_SECONDARY_AUTHORITY
LS-MD-0083,book/EOD_Indicators_Contract.md,D70186C635CBB9EF4F54ABD4AE0AB725E5F38FDB,38,41,Price basis (LOCKED),STRATEGY,YES,RETAIN_SINGLE_PRIMARY_ROLE_NO_SECONDARY_AUTHORITY
LS-MD-0083,book/EOD_Indicators_Contract.md,D70186C635CBB9EF4F54ABD4AE0AB725E5F38FDB,42,49,Nullability and row validity,STRATEGY,YES,RETAIN_SINGLE_PRIMARY_ROLE_NO_SECONDARY_AUTHORITY
LS-MD-0083,book/EOD_Indicators_Contract.md,D70186C635CBB9EF4F54ABD4AE0AB725E5F38FDB,50,53,Temporal source context,STRATEGY,YES,RETAIN_SINGLE_PRIMARY_ROLE_NO_SECONDARY_AUTHORITY
LS-MD-0083,book/EOD_Indicators_Contract.md,D70186C635CBB9EF4F54ABD4AE0AB725E5F38FDB,54,57,ATR state and mutation impact,STRATEGY,YES,RETAIN_SINGLE_PRIMARY_ROLE_NO_SECONDARY_AUTHORITY
LS-MD-0083,book/EOD_Indicators_Contract.md,D70186C635CBB9EF4F54ABD4AE0AB725E5F38FDB,58,61,Recompute and immutability,STRATEGY,YES,RETAIN_SINGLE_PRIMARY_ROLE_NO_SECONDARY_AUTHORITY
LS-MD-0083,book/EOD_Indicators_Contract.md,D70186C635CBB9EF4F54ABD4AE0AB725E5F38FDB,62,65,Eligibility interaction,STRATEGY,YES,RETAIN_SINGLE_PRIMARY_ROLE_NO_SECONDARY_AUTHORITY
LS-MD-0083,book/EOD_Indicators_Contract.md,D70186C635CBB9EF4F54ABD4AE0AB725E5F38FDB,66,69,Determinism,STRATEGY,YES,RETAIN_SINGLE_PRIMARY_ROLE_NO_SECONDARY_AUTHORITY
LS-MD-0083,book/EOD_Indicators_Contract.md,D70186C635CBB9EF4F54ABD4AE0AB725E5F38FDB,70,77,Capability boundary scope (LOCKED),STRATEGY,YES,RETAIN_SINGLE_PRIMARY_ROLE_NO_SECONDARY_AUTHORITY
LS-MD-0083,book/EOD_Indicators_Contract.md,D70186C635CBB9EF4F54ABD4AE0AB725E5F38FDB,78,81,Acceptance criterion (LOCKED),STRATEGY,YES,RETAIN_SINGLE_PRIMARY_ROLE_NO_SECONDARY_AUTHORITY
LS-MD-0083,book/EOD_Indicators_Contract.md,D70186C635CBB9EF4F54ABD4AE0AB725E5F38FDB,82,88,Cross-contract alignment,STRATEGY,YES,RETAIN_SINGLE_PRIMARY_ROLE_NO_SECONDARY_AUTHORITY
LS-MD-0084,book/EOD_SOURCE_OPERATIONAL_RESILIENCE_CONTRACT_LOCKED.md,041B584C82FDA614B7862CFFF1E949C7EB987A99,1,2,EOD SOURCE OPERATIONAL RESILIENCE CONTRACT (LOCKED),STRATEGY,YES,RETAIN_SINGLE_PRIMARY_ROLE_NO_SECONDARY_AUTHORITY
LS-MD-0084,book/EOD_SOURCE_OPERATIONAL_RESILIENCE_CONTRACT_LOCKED.md,041B584C82FDA614B7862CFFF1E949C7EB987A99,3,9,Current State,STRATEGY,YES,RETAIN_SINGLE_PRIMARY_ROLE_NO_SECONDARY_AUTHORITY
LS-MD-0084,book/EOD_SOURCE_OPERATIONAL_RESILIENCE_CONTRACT_LOCKED.md,041B584C82FDA614B7862CFFF1E949C7EB987A99,10,19,Purpose,STRATEGY,YES,RETAIN_SINGLE_PRIMARY_ROLE_NO_SECONDARY_AUTHORITY
LS-MD-0084,book/EOD_SOURCE_OPERATIONAL_RESILIENCE_CONTRACT_LOCKED.md,041B584C82FDA614B7862CFFF1E949C7EB987A99,20,52,Locked architectural split,STRATEGY,YES,RETAIN_SINGLE_PRIMARY_ROLE_NO_SECONDARY_AUTHORITY
LS-MD-0084,book/EOD_SOURCE_OPERATIONAL_RESILIENCE_CONTRACT_LOCKED.md,041B584C82FDA614B7862CFFF1E949C7EB987A99,53,66,Date-driven capability (LOCKED),STRATEGY,YES,RETAIN_SINGLE_PRIMARY_ROLE_NO_SECONDARY_AUTHORITY
LS-MD-0084,book/EOD_SOURCE_OPERATIONAL_RESILIENCE_CONTRACT_LOCKED.md,041B584C82FDA614B7862CFFF1E949C7EB987A99,67,103,Locked source order and fallback policy,STRATEGY,YES,RETAIN_SINGLE_PRIMARY_ROLE_NO_SECONDARY_AUTHORITY
LS-MD-0084,book/EOD_SOURCE_OPERATIONAL_RESILIENCE_CONTRACT_LOCKED.md,041B584C82FDA614B7862CFFF1E949C7EB987A99,104,118,Acquisition shape locked for active path,STRATEGY,YES,RETAIN_SINGLE_PRIMARY_ROLE_NO_SECONDARY_AUTHORITY
LS-MD-0084,book/EOD_SOURCE_OPERATIONAL_RESILIENCE_CONTRACT_LOCKED.md,041B584C82FDA614B7862CFFF1E949C7EB987A99,119,137,Source access self-protection (LOCKED),STRATEGY,YES,RETAIN_SINGLE_PRIMARY_ROLE_NO_SECONDARY_AUTHORITY
LS-MD-0084,book/EOD_SOURCE_OPERATIONAL_RESILIENCE_CONTRACT_LOCKED.md,041B584C82FDA614B7862CFFF1E949C7EB987A99,138,168,Development-versus-operational boundary (LOCKED),STRATEGY,YES,RETAIN_SINGLE_PRIMARY_ROLE_NO_SECONDARY_AUTHORITY
LS-MD-0084,book/EOD_SOURCE_OPERATIONAL_RESILIENCE_CONTRACT_LOCKED.md,041B584C82FDA614B7862CFFF1E949C7EB987A99,169,184,Operational source state model (LOCKED),STRATEGY,YES,RETAIN_SINGLE_PRIMARY_ROLE_NO_SECONDARY_AUTHORITY
LS-MD-0084,book/EOD_SOURCE_OPERATIONAL_RESILIENCE_CONTRACT_LOCKED.md,041B584C82FDA614B7862CFFF1E949C7EB987A99,185,201,Provider limitation abstraction (LOCKED),STRATEGY,YES,RETAIN_SINGLE_PRIMARY_ROLE_NO_SECONDARY_AUTHORITY
LS-MD-0084,book/EOD_SOURCE_OPERATIONAL_RESILIENCE_CONTRACT_LOCKED.md,041B584C82FDA614B7862CFFF1E949C7EB987A99,202,216,Retry / backoff / handoff decision flow (LOCKED),STRATEGY,YES,RETAIN_SINGLE_PRIMARY_ROLE_NO_SECONDARY_AUTHORITY
LS-MD-0084,book/EOD_SOURCE_OPERATIONAL_RESILIENCE_CONTRACT_LOCKED.md,041B584C82FDA614B7862CFFF1E949C7EB987A99,217,227,Partial-tolerant import rule,STRATEGY,YES,RETAIN_SINGLE_PRIMARY_ROLE_NO_SECONDARY_AUTHORITY
LS-MD-0084,book/EOD_SOURCE_OPERATIONAL_RESILIENCE_CONTRACT_LOCKED.md,041B584C82FDA614B7862CFFF1E949C7EB987A99,228,247,Quarantine and no-auto-repair rule (LOCKED),STRATEGY,YES,RETAIN_SINGLE_PRIMARY_ROLE_NO_SECONDARY_AUTHORITY
LS-MD-0084,book/EOD_SOURCE_OPERATIONAL_RESILIENCE_CONTRACT_LOCKED.md,041B584C82FDA614B7862CFFF1E949C7EB987A99,248,264,Capability boundary (LOCKED),STRATEGY,YES,RETAIN_SINGLE_PRIMARY_ROLE_NO_SECONDARY_AUTHORITY
LS-MD-0084,book/EOD_SOURCE_OPERATIONAL_RESILIENCE_CONTRACT_LOCKED.md,041B584C82FDA614B7862CFFF1E949C7EB987A99,265,278,Conflict resolution (LOCKED),STRATEGY,YES,RETAIN_SINGLE_PRIMARY_ROLE_NO_SECONDARY_AUTHORITY
LS-MD-0084,book/EOD_SOURCE_OPERATIONAL_RESILIENCE_CONTRACT_LOCKED.md,041B584C82FDA614B7862CFFF1E949C7EB987A99,279,294,Selected source and traceability minimum,STRATEGY,YES,RETAIN_SINGLE_PRIMARY_ROLE_NO_SECONDARY_AUTHORITY
LS-MD-0084,book/EOD_SOURCE_OPERATIONAL_RESILIENCE_CONTRACT_LOCKED.md,041B584C82FDA614B7862CFFF1E949C7EB987A99,295,305,Retry budget boundary,STRATEGY,YES,RETAIN_SINGLE_PRIMARY_ROLE_NO_SECONDARY_AUTHORITY
LS-MD-0084,book/EOD_SOURCE_OPERATIONAL_RESILIENCE_CONTRACT_LOCKED.md,041B584C82FDA614B7862CFFF1E949C7EB987A99,306,316,Final interpretation boundary,STRATEGY,YES,RETAIN_SINGLE_PRIMARY_ROLE_NO_SECONDARY_AUTHORITY
LS-MD-0084,book/EOD_SOURCE_OPERATIONAL_RESILIENCE_CONTRACT_LOCKED.md,041B584C82FDA614B7862CFFF1E949C7EB987A99,317,335,Required audit-visible fields,STRATEGY,YES,RETAIN_SINGLE_PRIMARY_ROLE_NO_SECONDARY_AUTHORITY
LS-MD-0084,book/EOD_SOURCE_OPERATIONAL_RESILIENCE_CONTRACT_LOCKED.md,041B584C82FDA614B7862CFFF1E949C7EB987A99,336,352,Anti-ambiguity rules,STRATEGY,YES,RETAIN_SINGLE_PRIMARY_ROLE_NO_SECONDARY_AUTHORITY
LS-MD-0084,book/EOD_SOURCE_OPERATIONAL_RESILIENCE_CONTRACT_LOCKED.md,041B584C82FDA614B7862CFFF1E949C7EB987A99,353,360,Cross-contract alignment,STRATEGY,YES,RETAIN_SINGLE_PRIMARY_ROLE_NO_SECONDARY_AUTHORITY
LS-MD-0085,book/Finalize_Lock_And_Pointer_Behavior_LOCKED.md,270FE0D2D095D4FD1A70B750DDDC0F82600A9DFB,1,8,Finalize Lock And Pointer Behavior Contract LOCKED,STRATEGY,YES,RETAIN_SINGLE_PRIMARY_ROLE_NO_SECONDARY_AUTHORITY
LS-MD-0085,book/Finalize_Lock_And_Pointer_Behavior_LOCKED.md,270FE0D2D095D4FD1A70B750DDDC0F82600A9DFB,9,18,1. Policy Decision,STRATEGY,YES,RETAIN_SINGLE_PRIMARY_ROLE_NO_SECONDARY_AUTHORITY
LS-MD-0085,book/Finalize_Lock_And_Pointer_Behavior_LOCKED.md,270FE0D2D095D4FD1A70B750DDDC0F82600A9DFB,19,41,2. Finalize Contract,STRATEGY,YES,RETAIN_SINGLE_PRIMARY_ROLE_NO_SECONDARY_AUTHORITY
LS-MD-0085,book/Finalize_Lock_And_Pointer_Behavior_LOCKED.md,270FE0D2D095D4FD1A70B750DDDC0F82600A9DFB,42,68,3. Lock Behavior Contract,STRATEGY,YES,RETAIN_SINGLE_PRIMARY_ROLE_NO_SECONDARY_AUTHORITY
LS-MD-0085,book/Finalize_Lock_And_Pointer_Behavior_LOCKED.md,270FE0D2D095D4FD1A70B750DDDC0F82600A9DFB,69,99,4. Pointer Switch Contract,STRATEGY,YES,RETAIN_SINGLE_PRIMARY_ROLE_NO_SECONDARY_AUTHORITY
LS-MD-0085,book/Finalize_Lock_And_Pointer_Behavior_LOCKED.md,270FE0D2D095D4FD1A70B750DDDC0F82600A9DFB,100,113,5. Relationship To Existing Contracts,STRATEGY,YES,RETAIN_SINGLE_PRIMARY_ROLE_NO_SECONDARY_AUTHORITY
LS-MD-0085,book/Finalize_Lock_And_Pointer_Behavior_LOCKED.md,270FE0D2D095D4FD1A70B750DDDC0F82600A9DFB,114,124,6. Evidence Requirements,STRATEGY,YES,RETAIN_SINGLE_PRIMARY_ROLE_NO_SECONDARY_AUTHORITY
LS-MD-0085,book/Finalize_Lock_And_Pointer_Behavior_LOCKED.md,270FE0D2D095D4FD1A70B750DDDC0F82600A9DFB,125,135,7. Capability Boundary (LOCKED),STRATEGY,YES,RETAIN_SINGLE_PRIMARY_ROLE_NO_SECONDARY_AUTHORITY
LS-MD-0086,book/Force_Replace_Operator_Control_Policy_LOCKED.md,AEEB8CEE15370DFE9D675C580FA83D8A846A705C,1,8,Force Replace Operator Control Policy LOCKED,STRATEGY,YES,RETAIN_SINGLE_PRIMARY_ROLE_NO_SECONDARY_AUTHORITY
LS-MD-0086,book/Force_Replace_Operator_Control_Policy_LOCKED.md,AEEB8CEE15370DFE9D675C580FA83D8A846A705C,9,16,1. Purpose,STRATEGY,YES,RETAIN_SINGLE_PRIMARY_ROLE_NO_SECONDARY_AUTHORITY
LS-MD-0086,book/Force_Replace_Operator_Control_Policy_LOCKED.md,AEEB8CEE15370DFE9D675C580FA83D8A846A705C,17,28,2. Definition,STRATEGY,YES,RETAIN_SINGLE_PRIMARY_ROLE_NO_SECONDARY_AUTHORITY
LS-MD-0086,book/Force_Replace_Operator_Control_Policy_LOCKED.md,AEEB8CEE15370DFE9D675C580FA83D8A846A705C,29,48,3. Activation Rule,STRATEGY,YES,RETAIN_SINGLE_PRIMARY_ROLE_NO_SECONDARY_AUTHORITY
LS-MD-0086,book/Force_Replace_Operator_Control_Policy_LOCKED.md,AEEB8CEE15370DFE9D675C580FA83D8A846A705C,49,65,4. Replacement Rule,STRATEGY,YES,RETAIN_SINGLE_PRIMARY_ROLE_NO_SECONDARY_AUTHORITY
LS-MD-0086,book/Force_Replace_Operator_Control_Policy_LOCKED.md,AEEB8CEE15370DFE9D675C580FA83D8A846A705C,66,86,5. Safety Rule,STRATEGY,YES,RETAIN_SINGLE_PRIMARY_ROLE_NO_SECONDARY_AUTHORITY
LS-MD-0086,book/Force_Replace_Operator_Control_Policy_LOCKED.md,AEEB8CEE15370DFE9D675C580FA83D8A846A705C,87,104,6. Pointer Rule,STRATEGY,YES,RETAIN_SINGLE_PRIMARY_ROLE_NO_SECONDARY_AUTHORITY
LS-MD-0086,book/Force_Replace_Operator_Control_Policy_LOCKED.md,AEEB8CEE15370DFE9D675C580FA83D8A846A705C,105,124,7. Audit Trail Rule,STRATEGY,YES,RETAIN_SINGLE_PRIMARY_ROLE_NO_SECONDARY_AUTHORITY
LS-MD-0086,book/Force_Replace_Operator_Control_Policy_LOCKED.md,AEEB8CEE15370DFE9D675C580FA83D8A846A705C,125,132,8. Idempotency Rule,STRATEGY,YES,RETAIN_SINGLE_PRIMARY_ROLE_NO_SECONDARY_AUTHORITY
LS-MD-0086,book/Force_Replace_Operator_Control_Policy_LOCKED.md,AEEB8CEE15370DFE9D675C580FA83D8A846A705C,133,146,9. Operator Contract,STRATEGY,YES,RETAIN_SINGLE_PRIMARY_ROLE_NO_SECONDARY_AUTHORITY
LS-MD-0086,book/Force_Replace_Operator_Control_Policy_LOCKED.md,AEEB8CEE15370DFE9D675C580FA83D8A846A705C,147,158,10. Done Criteria,STRATEGY,YES,RETAIN_SINGLE_PRIMARY_ROLE_NO_SECONDARY_AUTHORITY
LS-MD-0086,book/Force_Replace_Operator_Control_Policy_LOCKED.md,AEEB8CEE15370DFE9D675C580FA83D8A846A705C,159,161,Capability boundary scope (LOCKED),STRATEGY,YES,RETAIN_SINGLE_PRIMARY_ROLE_NO_SECONDARY_AUTHORITY
LS-MD-0087,book/Hash_Number_Formatting_LOCKED.md,EBEB8BC26F5624EE230207CEF89C1E4AC49B256A,1,6,Hash Number Formatting Rules (LOCKED),STRATEGY,YES,RETAIN_SINGLE_PRIMARY_ROLE_NO_SECONDARY_AUTHORITY
LS-MD-0087,book/Hash_Number_Formatting_LOCKED.md,EBEB8BC26F5624EE230207CEF89C1E4AC49B256A,7,22,Fixed formats,STRATEGY,YES,RETAIN_SINGLE_PRIMARY_ROLE_NO_SECONDARY_AUTHORITY
LS-MD-0087,book/Hash_Number_Formatting_LOCKED.md,EBEB8BC26F5624EE230207CEF89C1E4AC49B256A,23,29,Examples,STRATEGY,YES,RETAIN_SINGLE_PRIMARY_ROLE_NO_SECONDARY_AUTHORITY
LS-MD-0087,book/Hash_Number_Formatting_LOCKED.md,EBEB8BC26F5624EE230207CEF89C1E4AC49B256A,30,32,Locked rule,STRATEGY,YES,RETAIN_SINGLE_PRIMARY_ROLE_NO_SECONDARY_AUTHORITY
LS-MD-0087,book/Hash_Number_Formatting_LOCKED.md,EBEB8BC26F5624EE230207CEF89C1E4AC49B256A,33,39,Cross-contract alignment,STRATEGY,YES,RETAIN_SINGLE_PRIMARY_ROLE_NO_SECONDARY_AUTHORITY
LS-MD-0088,book/Historical_Correction_and_Reseal_Contract_LOCKED.md,3E6C8B81F391A848822415981C9DED121148EE80,1,2,Historical Correction and Reseal Contract (LOCKED),STRATEGY,YES,RETAIN_SINGLE_PRIMARY_ROLE_NO_SECONDARY_AUTHORITY
LS-MD-0088,book/Historical_Correction_and_Reseal_Contract_LOCKED.md,3E6C8B81F391A848822415981C9DED121148EE80,3,15,Purpose,STRATEGY,YES,RETAIN_SINGLE_PRIMARY_ROLE_NO_SECONDARY_AUTHORITY
LS-MD-0088,book/Historical_Correction_and_Reseal_Contract_LOCKED.md,3E6C8B81F391A848822415981C9DED121148EE80,16,27,Core principle (LOCKED),STRATEGY,YES,RETAIN_SINGLE_PRIMARY_ROLE_NO_SECONDARY_AUTHORITY
LS-MD-0088,book/Historical_Correction_and_Reseal_Contract_LOCKED.md,3E6C8B81F391A848822415981C9DED121148EE80,28,36,What counts as a correction,STRATEGY,YES,RETAIN_SINGLE_PRIMARY_ROLE_NO_SECONDARY_AUTHORITY
LS-MD-0088,book/Historical_Correction_and_Reseal_Contract_LOCKED.md,3E6C8B81F391A848822415981C9DED121148EE80,37,47,What does not count as a correction,STRATEGY,YES,RETAIN_SINGLE_PRIMARY_ROLE_NO_SECONDARY_AUTHORITY
LS-MD-0088,book/Historical_Correction_and_Reseal_Contract_LOCKED.md,3E6C8B81F391A848822415981C9DED121148EE80,48,59,Controlled correction flow states (LOCKED),STRATEGY,YES,RETAIN_SINGLE_PRIMARY_ROLE_NO_SECONDARY_AUTHORITY
LS-MD-0088,book/Historical_Correction_and_Reseal_Contract_LOCKED.md,3E6C8B81F391A848822415981C9DED121148EE80,60,71,Correction request minimum metadata,STRATEGY,YES,RETAIN_SINGLE_PRIMARY_ROLE_NO_SECONDARY_AUTHORITY
LS-MD-0088,book/Historical_Correction_and_Reseal_Contract_LOCKED.md,3E6C8B81F391A848822415981C9DED121148EE80,72,83,Publication resolution rule after correction (LOCKED),STRATEGY,YES,RETAIN_SINGLE_PRIMARY_ROLE_NO_SECONDARY_AUTHORITY
LS-MD-0088,book/Historical_Correction_and_Reseal_Contract_LOCKED.md,3E6C8B81F391A848822415981C9DED121148EE80,84,95,Publication version rule (LOCKED),STRATEGY,YES,RETAIN_SINGLE_PRIMARY_ROLE_NO_SECONDARY_AUTHORITY
LS-MD-0088,book/Historical_Correction_and_Reseal_Contract_LOCKED.md,3E6C8B81F391A848822415981C9DED121148EE80,96,106,Unchanged-content rerun rule (LOCKED),STRATEGY,YES,RETAIN_SINGLE_PRIMARY_ROLE_NO_SECONDARY_AUTHORITY
LS-MD-0088,book/Historical_Correction_and_Reseal_Contract_LOCKED.md,3E6C8B81F391A848822415981C9DED121148EE80,107,115,Supersession rule (LOCKED),STRATEGY,YES,RETAIN_SINGLE_PRIMARY_ROLE_NO_SECONDARY_AUTHORITY
LS-MD-0088,book/Historical_Correction_and_Reseal_Contract_LOCKED.md,3E6C8B81F391A848822415981C9DED121148EE80,116,123,Consumer read rule (LOCKED),STRATEGY,YES,RETAIN_SINGLE_PRIMARY_ROLE_NO_SECONDARY_AUTHORITY
LS-MD-0088,book/Historical_Correction_and_Reseal_Contract_LOCKED.md,3E6C8B81F391A848822415981C9DED121148EE80,124,136,Reseal rule (LOCKED),STRATEGY,YES,RETAIN_SINGLE_PRIMARY_ROLE_NO_SECONDARY_AUTHORITY
LS-MD-0088,book/Historical_Correction_and_Reseal_Contract_LOCKED.md,3E6C8B81F391A848822415981C9DED121148EE80,137,147,Minimum comparison evidence for correction (LOCKED),STRATEGY,YES,RETAIN_SINGLE_PRIMARY_ROLE_NO_SECONDARY_AUTHORITY
LS-MD-0088,book/Historical_Correction_and_Reseal_Contract_LOCKED.md,3E6C8B81F391A848822415981C9DED121148EE80,148,157,Minimum questions correction evidence must answer,STRATEGY,YES,RETAIN_SINGLE_PRIMARY_ROLE_NO_SECONDARY_AUTHORITY
LS-MD-0088,book/Historical_Correction_and_Reseal_Contract_LOCKED.md,3E6C8B81F391A848822415981C9DED121148EE80,158,166,Failed correction rule (LOCKED),STRATEGY,YES,RETAIN_SINGLE_PRIMARY_ROLE_NO_SECONDARY_AUTHORITY
LS-MD-0088,book/Historical_Correction_and_Reseal_Contract_LOCKED.md,3E6C8B81F391A848822415981C9DED121148EE80,167,174,Historical replay requirement (LOCKED),STRATEGY,YES,RETAIN_SINGLE_PRIMARY_ROLE_NO_SECONDARY_AUTHORITY
LS-MD-0088,book/Historical_Correction_and_Reseal_Contract_LOCKED.md,3E6C8B81F391A848822415981C9DED121148EE80,175,184,Audit requirement (LOCKED),STRATEGY,YES,RETAIN_SINGLE_PRIMARY_ROLE_NO_SECONDARY_AUTHORITY
LS-MD-0088,book/Historical_Correction_and_Reseal_Contract_LOCKED.md,3E6C8B81F391A848822415981C9DED121148EE80,185,187,Anti-drift rule (LOCKED),STRATEGY,YES,RETAIN_SINGLE_PRIMARY_ROLE_NO_SECONDARY_AUTHORITY
LS-MD-0088,book/Historical_Correction_and_Reseal_Contract_LOCKED.md,3E6C8B81F391A848822415981C9DED121148EE80,188,199,Capability boundary (LOCKED),STRATEGY,YES,RETAIN_SINGLE_PRIMARY_ROLE_NO_SECONDARY_AUTHORITY
LS-MD-0088,book/Historical_Correction_and_Reseal_Contract_LOCKED.md,3E6C8B81F391A848822415981C9DED121148EE80,200,208,See also,STRATEGY,YES,RETAIN_SINGLE_PRIMARY_ROLE_NO_SECONDARY_AUTHORITY
LS-MD-0088,book/Historical_Correction_and_Reseal_Contract_LOCKED.md,3E6C8B81F391A848822415981C9DED121148EE80,209,221,Amendment 2026-05-27 - Out-of-order import impact execution,STRATEGY,YES,RETAIN_SINGLE_PRIMARY_ROLE_NO_SECONDARY_AUTHORITY
LS-MD-0088,book/Historical_Correction_and_Reseal_Contract_LOCKED.md,3E6C8B81F391A848822415981C9DED121148EE80,222,226,Amendment 2026-05-27 - Non-readable impact publication reprocess,STRATEGY,YES,RETAIN_SINGLE_PRIMARY_ROLE_NO_SECONDARY_AUTHORITY
LS-MD-0089,book/Import_Promote_Separation_Contract.md,F79FF1A3D106029F9A76793BDB1FFD9E1941FF4A,1,6,Import vs Promote Separation Contract,STRATEGY,YES,RETAIN_SINGLE_PRIMARY_ROLE_NO_SECONDARY_AUTHORITY
LS-MD-0089,book/Import_Promote_Separation_Contract.md,F79FF1A3D106029F9A76793BDB1FFD9E1941FF4A,7,10,Final rule,STRATEGY,YES,RETAIN_SINGLE_PRIMARY_ROLE_NO_SECONDARY_AUTHORITY
LS-MD-0089,book/Import_Promote_Separation_Contract.md,F79FF1A3D106029F9A76793BDB1FFD9E1941FF4A,11,17,Runtime ownership,STRATEGY,YES,RETAIN_SINGLE_PRIMARY_ROLE_NO_SECONDARY_AUTHORITY
LS-MD-0089,book/Import_Promote_Separation_Contract.md,F79FF1A3D106029F9A76793BDB1FFD9E1941FF4A,18,27,Allowed request modes,STRATEGY,YES,RETAIN_SINGLE_PRIMARY_ROLE_NO_SECONDARY_AUTHORITY
LS-MD-0089,book/Import_Promote_Separation_Contract.md,F79FF1A3D106029F9A76793BDB1FFD9E1941FF4A,28,52,Import-only side-effect boundary,STRATEGY,YES,RETAIN_SINGLE_PRIMARY_ROLE_NO_SECONDARY_AUTHORITY
LS-MD-0089,book/Import_Promote_Separation_Contract.md,F79FF1A3D106029F9A76793BDB1FFD9E1941FF4A,53,56,Promote gate boundary,STRATEGY,YES,RETAIN_SINGLE_PRIMARY_ROLE_NO_SECONDARY_AUTHORITY
LS-MD-0089,book/Import_Promote_Separation_Contract.md,F79FF1A3D106029F9A76793BDB1FFD9E1941FF4A,57,60,Evidence and replay boundary,STRATEGY,YES,RETAIN_SINGLE_PRIMARY_ROLE_NO_SECONDARY_AUTHORITY
LS-MD-0089,book/Import_Promote_Separation_Contract.md,F79FF1A3D106029F9A76793BDB1FFD9E1941FF4A,61,63,Capability boundary scope (LOCKED),STRATEGY,YES,RETAIN_SINGLE_PRIMARY_ROLE_NO_SECONDARY_AUTHORITY
LS-MD-0090,book/INDEX.md,7449D43B52C0652DC2279843BEBD9B1A56ECE3B8,1,2,Book Index — Market Data Platform (EOD),HISTORY,YES,RETAIN_SINGLE_PRIMARY_ROLE_NO_SECONDARY_AUTHORITY
LS-MD-0090,book/INDEX.md,7449D43B52C0652DC2279843BEBD9B1A56ECE3B8,3,11,"Core scope, terminology, and boundary invariants",HISTORY,YES,RETAIN_SINGLE_PRIMARY_ROLE_NO_SECONDARY_AUTHORITY
LS-MD-0090,book/INDEX.md,7449D43B52C0652DC2279843BEBD9B1A56ECE3B8,12,17,"Consumer readability, publication, and determinism",HISTORY,YES,RETAIN_SINGLE_PRIMARY_ROLE_NO_SECONDARY_AUTHORITY
LS-MD-0090,book/INDEX.md,7449D43B52C0652DC2279843BEBD9B1A56ECE3B8,18,23,"Publication identity, pointer integrity, switch safety, and correction integrity",HISTORY,YES,RETAIN_SINGLE_PRIMARY_ROLE_NO_SECONDARY_AUTHORITY
LS-MD-0090,book/INDEX.md,7449D43B52C0652DC2279843BEBD9B1A56ECE3B8,24,31,Core dependencies and universe foundations,HISTORY,YES,RETAIN_SINGLE_PRIMARY_ROLE_NO_SECONDARY_AUTHORITY
LS-MD-0090,book/INDEX.md,7449D43B52C0652DC2279843BEBD9B1A56ECE3B8,32,42,Source acquisition and canonical data,HISTORY,YES,RETAIN_SINGLE_PRIMARY_ROLE_NO_SECONDARY_AUTHORITY
LS-MD-0090,book/INDEX.md,7449D43B52C0652DC2279843BEBD9B1A56ECE3B8,43,56,Indicators and adjustments,HISTORY,YES,RETAIN_SINGLE_PRIMARY_ROLE_NO_SECONDARY_AUTHORITY
LS-MD-0090,book/INDEX.md,7449D43B52C0652DC2279843BEBD9B1A56ECE3B8,57,70,"Run readiness, effective date, and consumer safety",HISTORY,YES,RETAIN_SINGLE_PRIMARY_ROLE_NO_SECONDARY_AUTHORITY
LS-MD-0090,book/INDEX.md,7449D43B52C0652DC2279843BEBD9B1A56ECE3B8,71,73,Supporting datasets,HISTORY,YES,RETAIN_SINGLE_PRIMARY_ROLE_NO_SECONDARY_AUTHORITY
LS-MD-0090,book/INDEX.md,7449D43B52C0652DC2279843BEBD9B1A56ECE3B8,74,80,Replay and semantic proof,HISTORY,YES,RETAIN_SINGLE_PRIMARY_ROLE_NO_SECONDARY_AUTHORITY
LS-MD-0090,book/INDEX.md,7449D43B52C0652DC2279843BEBD9B1A56ECE3B8,81,92,Normative companion folders,HISTORY,YES,RETAIN_SINGLE_PRIMARY_ROLE_NO_SECONDARY_AUTHORITY
LS-MD-0090,book/INDEX.md,7449D43B52C0652DC2279843BEBD9B1A56ECE3B8,93,97,Companion review folders,HISTORY,YES,RETAIN_SINGLE_PRIMARY_ROLE_NO_SECONDARY_AUTHORITY
LS-MD-0090,book/INDEX.md,7449D43B52C0652DC2279843BEBD9B1A56ECE3B8,98,100,Freeze note,HISTORY,YES,RETAIN_SINGLE_PRIMARY_ROLE_NO_SECONDARY_AUTHORITY
LS-MD-0090,book/INDEX.md,7449D43B52C0652DC2279843BEBD9B1A56ECE3B8,101,111,Evidence note,HISTORY,YES,RETAIN_SINGLE_PRIMARY_ROLE_NO_SECONDARY_AUTHORITY
LS-MD-0091,book/Indicator_Nullability_And_OHLCV_Gap_Contract.md,3A4EAC7F640B4340F0030AB6AA16C37F988810D7,1,2,Indicator Nullability and OHLCV Gap Contract (LOCKED),STRATEGY,YES,RETAIN_SINGLE_PRIMARY_ROLE_NO_SECONDARY_AUTHORITY
LS-MD-0091,book/Indicator_Nullability_And_OHLCV_Gap_Contract.md,3A4EAC7F640B4340F0030AB6AA16C37F988810D7,3,13,Core rules,STRATEGY,YES,RETAIN_SINGLE_PRIMARY_ROLE_NO_SECONDARY_AUTHORITY
LS-MD-0091,book/Indicator_Nullability_And_OHLCV_Gap_Contract.md,3A4EAC7F640B4340F0030AB6AA16C37F988810D7,14,19,Reason separation,STRATEGY,YES,RETAIN_SINGLE_PRIMARY_ROLE_NO_SECONDARY_AUTHORITY
LS-MD-0091,book/Indicator_Nullability_And_OHLCV_Gap_Contract.md,3A4EAC7F640B4340F0030AB6AA16C37F988810D7,20,25,Publication behavior,STRATEGY,YES,RETAIN_SINGLE_PRIMARY_ROLE_NO_SECONDARY_AUTHORITY
LS-MD-0091,book/Indicator_Nullability_And_OHLCV_Gap_Contract.md,3A4EAC7F640B4340F0030AB6AA16C37F988810D7,26,29,Acceptance criterion,STRATEGY,YES,RETAIN_SINGLE_PRIMARY_ROLE_NO_SECONDARY_AUTHORITY
LS-MD-0091,book/Indicator_Nullability_And_OHLCV_Gap_Contract.md,3A4EAC7F640B4340F0030AB6AA16C37F988810D7,30,40,Capability boundary (LOCKED),STRATEGY,YES,RETAIN_SINGLE_PRIMARY_ROLE_NO_SECONDARY_AUTHORITY
LS-MD-0092,book/Indicator_Recompute_Source_Scope_Contract.md,7A87F7F50F6095965AC35F12AC1656139BD6B262,1,2,Indicator Recompute Source Scope Contract (LOCKED),STRATEGY,YES,RETAIN_SINGLE_PRIMARY_ROLE_NO_SECONDARY_AUTHORITY
LS-MD-0092,book/Indicator_Recompute_Source_Scope_Contract.md,7A87F7F50F6095965AC35F12AC1656139BD6B262,3,10,Purpose,STRATEGY,YES,RETAIN_SINGLE_PRIMARY_ROLE_NO_SECONDARY_AUTHORITY
LS-MD-0092,book/Indicator_Recompute_Source_Scope_Contract.md,7A87F7F50F6095965AC35F12AC1656139BD6B262,11,24,Source/master read-only rule,STRATEGY,YES,RETAIN_SINGLE_PRIMARY_ROLE_NO_SECONDARY_AUTHORITY
LS-MD-0092,book/Indicator_Recompute_Source_Scope_Contract.md,7A87F7F50F6095965AC35F12AC1656139BD6B262,25,41,Publication-bound recompute rule,STRATEGY,YES,RETAIN_SINGLE_PRIMARY_ROLE_NO_SECONDARY_AUTHORITY
LS-MD-0092,book/Indicator_Recompute_Source_Scope_Contract.md,7A87F7F50F6095965AC35F12AC1656139BD6B262,42,46,Technical-only mode boundary,STRATEGY,YES,RETAIN_SINGLE_PRIMARY_ROLE_NO_SECONDARY_AUTHORITY
LS-MD-0092,book/Indicator_Recompute_Source_Scope_Contract.md,7A87F7F50F6095965AC35F12AC1656139BD6B262,47,57,Current command surface rule,STRATEGY,YES,RETAIN_SINGLE_PRIMARY_ROLE_NO_SECONDARY_AUTHORITY
LS-MD-0092,book/Indicator_Recompute_Source_Scope_Contract.md,7A87F7F50F6095965AC35F12AC1656139BD6B262,58,60,Non-error indicator rule,STRATEGY,YES,RETAIN_SINGLE_PRIMARY_ROLE_NO_SECONDARY_AUTHORITY
LS-MD-0092,book/Indicator_Recompute_Source_Scope_Contract.md,7A87F7F50F6095965AC35F12AC1656139BD6B262,61,72,Runtime lock evidence,STRATEGY,YES,RETAIN_SINGLE_PRIMARY_ROLE_NO_SECONDARY_AUTHORITY
LS-MD-0093,book/Invalid_Bar_Storage_Policy_LOCKED.md,B7EAFDFBF4378902E5BB6B6AA4B0B87AB6C4AAB3,1,7,Invalid Bar Storage Policy (LOCKED),STRATEGY,YES,RETAIN_SINGLE_PRIMARY_ROLE_NO_SECONDARY_AUTHORITY
LS-MD-0093,book/Invalid_Bar_Storage_Policy_LOCKED.md,B7EAFDFBF4378902E5BB6B6AA4B0B87AB6C4AAB3,8,10,Capability boundary scope (LOCKED),STRATEGY,YES,RETAIN_SINGLE_PRIMARY_ROLE_NO_SECONDARY_AUTHORITY
LS-MD-0094,book/Manual_File_Publishability_Policy_LOCKED.md,6D9134E20165BA0E5586E965E3BA00E60B7E1E23,1,8,Manual File Publishability Policy LOCKED,STRATEGY,YES,RETAIN_SINGLE_PRIMARY_ROLE_NO_SECONDARY_AUTHORITY
LS-MD-0094,book/Manual_File_Publishability_Policy_LOCKED.md,6D9134E20165BA0E5586E965E3BA00E60B7E1E23,9,25,1. Final Policy,STRATEGY,YES,RETAIN_SINGLE_PRIMARY_ROLE_NO_SECONDARY_AUTHORITY
LS-MD-0094,book/Manual_File_Publishability_Policy_LOCKED.md,6D9134E20165BA0E5586E965E3BA00E60B7E1E23,26,73,2. Policy Options Reviewed,STRATEGY,YES,RETAIN_SINGLE_PRIMARY_ROLE_NO_SECONDARY_AUTHORITY
LS-MD-0094,book/Manual_File_Publishability_Policy_LOCKED.md,6D9134E20165BA0E5586E965E3BA00E60B7E1E23,74,86,3. Publishability State Contract,STRATEGY,YES,RETAIN_SINGLE_PRIMARY_ROLE_NO_SECONDARY_AUTHORITY
LS-MD-0094,book/Manual_File_Publishability_Policy_LOCKED.md,6D9134E20165BA0E5586E965E3BA00E60B7E1E23,87,104,4. Coverage Interaction,STRATEGY,YES,RETAIN_SINGLE_PRIMARY_ROLE_NO_SECONDARY_AUTHORITY
LS-MD-0094,book/Manual_File_Publishability_Policy_LOCKED.md,6D9134E20165BA0E5586E965E3BA00E60B7E1E23,105,141,5. Manual File Behavior,STRATEGY,YES,RETAIN_SINGLE_PRIMARY_ROLE_NO_SECONDARY_AUTHORITY
LS-MD-0094,book/Manual_File_Publishability_Policy_LOCKED.md,6D9134E20165BA0E5586E965E3BA00E60B7E1E23,142,152,6. Current Publication Integrity,STRATEGY,YES,RETAIN_SINGLE_PRIMARY_ROLE_NO_SECONDARY_AUTHORITY
LS-MD-0094,book/Manual_File_Publishability_Policy_LOCKED.md,6D9134E20165BA0E5586E965E3BA00E60B7E1E23,153,170,7. Evidence and Replay Contract,STRATEGY,YES,RETAIN_SINGLE_PRIMARY_ROLE_NO_SECONDARY_AUTHORITY
LS-MD-0094,book/Manual_File_Publishability_Policy_LOCKED.md,6D9134E20165BA0E5586E965E3BA00E60B7E1E23,171,177,8. Done Criteria,STRATEGY,YES,RETAIN_SINGLE_PRIMARY_ROLE_NO_SECONDARY_AUTHORITY
LS-MD-0095,book/Market_Calendar_Requirements_Contract.md,677C75EA4A2E50934D7003585393A85D67AB2D45,1,2,Market Calendar Requirements Contract (LOCKED),STRATEGY,YES,RETAIN_SINGLE_PRIMARY_ROLE_NO_SECONDARY_AUTHORITY
LS-MD-0095,book/Market_Calendar_Requirements_Contract.md,677C75EA4A2E50934D7003585393A85D67AB2D45,3,6,Purpose,STRATEGY,YES,RETAIN_SINGLE_PRIMARY_ROLE_NO_SECONDARY_AUTHORITY
LS-MD-0095,book/Market_Calendar_Requirements_Contract.md,677C75EA4A2E50934D7003585393A85D67AB2D45,7,10,Ownership note,STRATEGY,YES,RETAIN_SINGLE_PRIMARY_ROLE_NO_SECONDARY_AUTHORITY
LS-MD-0095,book/Market_Calendar_Requirements_Contract.md,677C75EA4A2E50934D7003585393A85D67AB2D45,11,16,Market scope (LOCKED),STRATEGY,YES,RETAIN_SINGLE_PRIMARY_ROLE_NO_SECONDARY_AUTHORITY
LS-MD-0095,book/Market_Calendar_Requirements_Contract.md,677C75EA4A2E50934D7003585393A85D67AB2D45,17,31,Required calendar fields,STRATEGY,YES,RETAIN_SINGLE_PRIMARY_ROLE_NO_SECONDARY_AUTHORITY
LS-MD-0095,book/Market_Calendar_Requirements_Contract.md,677C75EA4A2E50934D7003585393A85D67AB2D45,32,52,Calendar provenance tiers (LOCKED),STRATEGY,YES,RETAIN_SINGLE_PRIMARY_ROLE_NO_SECONDARY_AUTHORITY
LS-MD-0095,book/Market_Calendar_Requirements_Contract.md,677C75EA4A2E50934D7003585393A85D67AB2D45,53,65,Session-completion rule (LOCKED),STRATEGY,YES,RETAIN_SINGLE_PRIMARY_ROLE_NO_SECONDARY_AUTHORITY
LS-MD-0095,book/Market_Calendar_Requirements_Contract.md,677C75EA4A2E50934D7003585393A85D67AB2D45,66,77,Expected-bar decision (LOCKED),STRATEGY,YES,RETAIN_SINGLE_PRIMARY_ROLE_NO_SECONDARY_AUTHORITY
LS-MD-0095,book/Market_Calendar_Requirements_Contract.md,677C75EA4A2E50934D7003585393A85D67AB2D45,78,98,Shortened-session semantics (LOCKED),STRATEGY,YES,RETAIN_SINGLE_PRIMARY_ROLE_NO_SECONDARY_AUTHORITY
LS-MD-0095,book/Market_Calendar_Requirements_Contract.md,677C75EA4A2E50934D7003585393A85D67AB2D45,99,107,Trading-window rules (LOCKED),STRATEGY,YES,RETAIN_SINGLE_PRIMARY_ROLE_NO_SECONDARY_AUTHORITY
LS-MD-0095,book/Market_Calendar_Requirements_Contract.md,677C75EA4A2E50934D7003585393A85D67AB2D45,108,118,Latest trade-date resolution,STRATEGY,YES,RETAIN_SINGLE_PRIMARY_ROLE_NO_SECONDARY_AUTHORITY
LS-MD-0095,book/Market_Calendar_Requirements_Contract.md,677C75EA4A2E50934D7003585393A85D67AB2D45,119,125,Calendar/status dependency failure,STRATEGY,YES,RETAIN_SINGLE_PRIMARY_ROLE_NO_SECONDARY_AUTHORITY
LS-MD-0095,book/Market_Calendar_Requirements_Contract.md,677C75EA4A2E50934D7003585393A85D67AB2D45,126,149,Capability boundary (LOCKED),STRATEGY,YES,RETAIN_SINGLE_PRIMARY_ROLE_NO_SECONDARY_AUTHORITY
LS-MD-0095,book/Market_Calendar_Requirements_Contract.md,677C75EA4A2E50934D7003585393A85D67AB2D45,150,153,Acceptance criterion (LOCKED),STRATEGY,YES,RETAIN_SINGLE_PRIMARY_ROLE_NO_SECONDARY_AUTHORITY
LS-MD-0095,book/Market_Calendar_Requirements_Contract.md,677C75EA4A2E50934D7003585393A85D67AB2D45,154,160,Cross-contract alignment,STRATEGY,YES,RETAIN_SINGLE_PRIMARY_ROLE_NO_SECONDARY_AUTHORITY
LS-MD-0096,book/Market_Daily_Metrics_Contract.md,3F8B40E65FBFD735C47979CFF922E54B11A1CB01,1,2,Market Daily Metrics Contract (LOCKED),STRATEGY,YES,RETAIN_SINGLE_PRIMARY_ROLE_NO_SECONDARY_AUTHORITY
LS-MD-0096,book/Market_Daily_Metrics_Contract.md,3F8B40E65FBFD735C47979CFF922E54B11A1CB01,3,6,Purpose,STRATEGY,YES,RETAIN_SINGLE_PRIMARY_ROLE_NO_SECONDARY_AUTHORITY
LS-MD-0096,book/Market_Daily_Metrics_Contract.md,3F8B40E65FBFD735C47979CFF922E54B11A1CB01,7,10,Dataset identity,STRATEGY,YES,RETAIN_SINGLE_PRIMARY_ROLE_NO_SECONDARY_AUTHORITY
LS-MD-0096,book/Market_Daily_Metrics_Contract.md,3F8B40E65FBFD735C47979CFF922E54B11A1CB01,11,19,Permitted factual metrics,STRATEGY,YES,RETAIN_SINGLE_PRIMARY_ROLE_NO_SECONDARY_AUTHORITY
LS-MD-0096,book/Market_Daily_Metrics_Contract.md,3F8B40E65FBFD735C47979CFF922E54B11A1CB01,20,25,Actual/proxy rule (LOCKED),STRATEGY,YES,RETAIN_SINGLE_PRIMARY_ROLE_NO_SECONDARY_AUTHORITY
LS-MD-0096,book/Market_Daily_Metrics_Contract.md,3F8B40E65FBFD735C47979CFF922E54B11A1CB01,26,32,Temporal and publication rules,STRATEGY,YES,RETAIN_SINGLE_PRIMARY_ROLE_NO_SECONDARY_AUTHORITY
LS-MD-0096,book/Market_Daily_Metrics_Contract.md,3F8B40E65FBFD735C47979CFF922E54B11A1CB01,33,36,Domain boundary,STRATEGY,YES,RETAIN_SINGLE_PRIMARY_ROLE_NO_SECONDARY_AUTHORITY
LS-MD-0096,book/Market_Daily_Metrics_Contract.md,3F8B40E65FBFD735C47979CFF922E54B11A1CB01,37,39,Acceptance criterion,STRATEGY,YES,RETAIN_SINGLE_PRIMARY_ROLE_NO_SECONDARY_AUTHORITY
LS-MD-0097,book/Market_Data_Implementation_Command_Protocol_LOCKED.md,04D7D01CCDB819D7006D7EED9C03A0CE3290C13F,1,2,Market-Data Implementation Command Protocol (LOCKED),HISTORY,YES,RETAIN_SINGLE_PRIMARY_ROLE_NO_SECONDARY_AUTHORITY
LS-MD-0097,book/Market_Data_Implementation_Command_Protocol_LOCKED.md,04D7D01CCDB819D7006D7EED9C03A0CE3290C13F,3,13,Purpose,HISTORY,YES,RETAIN_SINGLE_PRIMARY_ROLE_NO_SECONDARY_AUTHORITY
LS-MD-0097,book/Market_Data_Implementation_Command_Protocol_LOCKED.md,04D7D01CCDB819D7006D7EED9C03A0CE3290C13F,14,23,Authorities,HISTORY,YES,RETAIN_SINGLE_PRIMARY_ROLE_NO_SECONDARY_AUTHORITY
LS-MD-0097,book/Market_Data_Implementation_Command_Protocol_LOCKED.md,04D7D01CCDB819D7006D7EED9C03A0CE3290C13F,24,128,Command vocabulary (LOCKED),HISTORY,YES,RETAIN_SINGLE_PRIMARY_ROLE_NO_SECONDARY_AUTHORITY
LS-MD-0097,book/Market_Data_Implementation_Command_Protocol_LOCKED.md,04D7D01CCDB819D7006D7EED9C03A0CE3290C13F,129,145,Command admission rules (LOCKED),HISTORY,YES,RETAIN_SINGLE_PRIMARY_ROLE_NO_SECONDARY_AUTHORITY
LS-MD-0097,book/Market_Data_Implementation_Command_Protocol_LOCKED.md,04D7D01CCDB819D7006D7EED9C03A0CE3290C13F,146,189,Required `WORK_ORDER_RESULT` format (LOCKED),HISTORY,YES,RETAIN_SINGLE_PRIMARY_ROLE_NO_SECONDARY_AUTHORITY
LS-MD-0097,book/Market_Data_Implementation_Command_Protocol_LOCKED.md,04D7D01CCDB819D7006D7EED9C03A0CE3290C13F,190,238,Verdict rules (LOCKED),HISTORY,YES,RETAIN_SINGLE_PRIMARY_ROLE_NO_SECONDARY_AUTHORITY
LS-MD-0097,book/Market_Data_Implementation_Command_Protocol_LOCKED.md,04D7D01CCDB819D7006D7EED9C03A0CE3290C13F,239,255,Deterministic next-command table — manual mode,HISTORY,YES,RETAIN_SINGLE_PRIMARY_ROLE_NO_SECONDARY_AUTHORITY
LS-MD-0097,book/Market_Data_Implementation_Command_Protocol_LOCKED.md,04D7D01CCDB819D7006D7EED9C03A0CE3290C13F,256,285,Sequential stage command catalog (LOCKED),HISTORY,YES,RETAIN_SINGLE_PRIMARY_ROLE_NO_SECONDARY_AUTHORITY
LS-MD-0097,book/Market_Data_Implementation_Command_Protocol_LOCKED.md,04D7D01CCDB819D7006D7EED9C03A0CE3290C13F,286,301,Standard stage-by-stage lifecycle example,HISTORY,YES,RETAIN_SINGLE_PRIMARY_ROLE_NO_SECONDARY_AUTHORITY
LS-MD-0097,book/Market_Data_Implementation_Command_Protocol_LOCKED.md,04D7D01CCDB819D7006D7EED9C03A0CE3290C13F,302,315,Terminal command and evidence rule,HISTORY,YES,RETAIN_SINGLE_PRIMARY_ROLE_NO_SECONDARY_AUTHORITY
LS-MD-0097,book/Market_Data_Implementation_Command_Protocol_LOCKED.md,04D7D01CCDB819D7006D7EED9C03A0CE3290C13F,316,325,Final completion rule,HISTORY,YES,RETAIN_SINGLE_PRIMARY_ROLE_NO_SECONDARY_AUTHORITY
LS-MD-0098,book/Market_Data_Implementation_Conformance_Matrix_LOCKED.md,AB3DDE5B2DF64DC21D14AE5F4871DF6F5DA7F099,1,2,Market-Data Implementation Conformance Matrix (LOCKED),HISTORY,YES,RETAIN_SINGLE_PRIMARY_ROLE_NO_SECONDARY_AUTHORITY
LS-MD-0098,book/Market_Data_Implementation_Conformance_Matrix_LOCKED.md,AB3DDE5B2DF64DC21D14AE5F4871DF6F5DA7F099,3,12,Status and role,HISTORY,YES,RETAIN_SINGLE_PRIMARY_ROLE_NO_SECONDARY_AUTHORITY
LS-MD-0098,book/Market_Data_Implementation_Conformance_Matrix_LOCKED.md,AB3DDE5B2DF64DC21D14AE5F4871DF6F5DA7F099,13,31,How to use this matrix (LOCKED),HISTORY,YES,RETAIN_SINGLE_PRIMARY_ROLE_NO_SECONDARY_AUTHORITY
LS-MD-0098,book/Market_Data_Implementation_Conformance_Matrix_LOCKED.md,AB3DDE5B2DF64DC21D14AE5F4871DF6F5DA7F099,32,43,Status vocabulary (LOCKED),HISTORY,YES,RETAIN_SINGLE_PRIMARY_ROLE_NO_SECONDARY_AUTHORITY
LS-MD-0098,book/Market_Data_Implementation_Conformance_Matrix_LOCKED.md,AB3DDE5B2DF64DC21D14AE5F4871DF6F5DA7F099,44,70,Global no-omission gates (LOCKED),HISTORY,YES,RETAIN_SINGLE_PRIMARY_ROLE_NO_SECONDARY_AUTHORITY
LS-MD-0098,book/Market_Data_Implementation_Conformance_Matrix_LOCKED.md,AB3DDE5B2DF64DC21D14AE5F4871DF6F5DA7F099,71,520,Contract-area assignments and exit gates,HISTORY,YES,RETAIN_SINGLE_PRIMARY_ROLE_NO_SECONDARY_AUTHORITY
LS-MD-0098,book/Market_Data_Implementation_Conformance_Matrix_LOCKED.md,AB3DDE5B2DF64DC21D14AE5F4871DF6F5DA7F099,521,531,Non-authoritative folder disposition,HISTORY,YES,RETAIN_SINGLE_PRIMARY_ROLE_NO_SECONDARY_AUTHORITY
LS-MD-0098,book/Market_Data_Implementation_Conformance_Matrix_LOCKED.md,AB3DDE5B2DF64DC21D14AE5F4871DF6F5DA7F099,532,545,Pull-request and release usage,HISTORY,YES,RETAIN_SINGLE_PRIMARY_ROLE_NO_SECONDARY_AUTHORITY
LS-MD-0098,book/Market_Data_Implementation_Conformance_Matrix_LOCKED.md,AB3DDE5B2DF64DC21D14AE5F4871DF6F5DA7F099,546,556,Change control,HISTORY,YES,RETAIN_SINGLE_PRIMARY_ROLE_NO_SECONDARY_AUTHORITY
LS-MD-0099,book/Market_Data_Strategy_Implementation_Blueprint_LOCKED.md,4C9A34F77420D08222315973E7EE84ADC8080106,1,2,Market-Data Strategy Implementation Blueprint (LOCKED),HISTORY,YES,RETAIN_SINGLE_PRIMARY_ROLE_NO_SECONDARY_AUTHORITY
LS-MD-0099,book/Market_Data_Strategy_Implementation_Blueprint_LOCKED.md,4C9A34F77420D08222315973E7EE84ADC8080106,3,12,Status and purpose,HISTORY,YES,RETAIN_SINGLE_PRIMARY_ROLE_NO_SECONDARY_AUTHORITY
LS-MD-0099,book/Market_Data_Strategy_Implementation_Blueprint_LOCKED.md,4C9A34F77420D08222315973E7EE84ADC8080106,13,31,Target yang dikunci,HISTORY,YES,RETAIN_SINGLE_PRIMARY_ROLE_NO_SECONDARY_AUTHORITY
LS-MD-0099,book/Market_Data_Strategy_Implementation_Blueprint_LOCKED.md,4C9A34F77420D08222315973E7EE84ADC8080106,32,49,Authority and conflict rule,HISTORY,YES,RETAIN_SINGLE_PRIMARY_ROLE_NO_SECONDARY_AUTHORITY
LS-MD-0099,book/Market_Data_Strategy_Implementation_Blueprint_LOCKED.md,4C9A34F77420D08222315973E7EE84ADC8080106,50,61,Three completion states,HISTORY,YES,RETAIN_SINGLE_PRIMARY_ROLE_NO_SECONDARY_AUTHORITY
LS-MD-0099,book/Market_Data_Strategy_Implementation_Blueprint_LOCKED.md,4C9A34F77420D08222315973E7EE84ADC8080106,62,83,Mandatory data-product flow,HISTORY,YES,RETAIN_SINGLE_PRIMARY_ROLE_NO_SECONDARY_AUTHORITY
LS-MD-0099,book/Market_Data_Strategy_Implementation_Blueprint_LOCKED.md,4C9A34F77420D08222315973E7EE84ADC8080106,84,154,Executable work order (LOCKED),HISTORY,YES,RETAIN_SINGLE_PRIMARY_ROLE_NO_SECONDARY_AUTHORITY
LS-MD-0099,book/Market_Data_Strategy_Implementation_Blueprint_LOCKED.md,4C9A34F77420D08222315973E7EE84ADC8080106,155,397,Contract-area closure requirements,HISTORY,YES,RETAIN_SINGLE_PRIMARY_ROLE_NO_SECONDARY_AUTHORITY
LS-MD-0099,book/Market_Data_Strategy_Implementation_Blueprint_LOCKED.md,4C9A34F77420D08222315973E7EE84ADC8080106,398,415,Documentation closure checklist,HISTORY,YES,RETAIN_SINGLE_PRIMARY_ROLE_NO_SECONDARY_AUTHORITY
LS-MD-0099,book/Market_Data_Strategy_Implementation_Blueprint_LOCKED.md,4C9A34F77420D08222315973E7EE84ADC8080106,416,426,Implementation handoff rule,HISTORY,YES,RETAIN_SINGLE_PRIMARY_ROLE_NO_SECONDARY_AUTHORITY
LS-MD-0099,book/Market_Data_Strategy_Implementation_Blueprint_LOCKED.md,4C9A34F77420D08222315973E7EE84ADC8080106,427,436,Change control,HISTORY,YES,RETAIN_SINGLE_PRIMARY_ROLE_NO_SECONDARY_AUTHORITY
LS-MD-0100,book/Publication_Current_Pointer_Integrity_Contract_LOCKED.md,A11D1140FD155F133F6659B19CD588969DDB1052,1,2,Publication Current Pointer Integrity Contract (LOCKED),STRATEGY,YES,RETAIN_SINGLE_PRIMARY_ROLE_NO_SECONDARY_AUTHORITY
LS-MD-0100,book/Publication_Current_Pointer_Integrity_Contract_LOCKED.md,A11D1140FD155F133F6659B19CD588969DDB1052,3,7,Normative ownership (LOCKED),STRATEGY,YES,RETAIN_SINGLE_PRIMARY_ROLE_NO_SECONDARY_AUTHORITY
LS-MD-0100,book/Publication_Current_Pointer_Integrity_Contract_LOCKED.md,A11D1140FD155F133F6659B19CD588969DDB1052,8,12,Purpose,STRATEGY,YES,RETAIN_SINGLE_PRIMARY_ROLE_NO_SECONDARY_AUTHORITY
LS-MD-0100,book/Publication_Current_Pointer_Integrity_Contract_LOCKED.md,A11D1140FD155F133F6659B19CD588969DDB1052,13,23,Production stance (LOCKED),STRATEGY,YES,RETAIN_SINGLE_PRIMARY_ROLE_NO_SECONDARY_AUTHORITY
LS-MD-0100,book/Publication_Current_Pointer_Integrity_Contract_LOCKED.md,A11D1140FD155F133F6659B19CD588969DDB1052,24,30,Core rule (LOCKED),STRATEGY,YES,RETAIN_SINGLE_PRIMARY_ROLE_NO_SECONDARY_AUTHORITY
LS-MD-0100,book/Publication_Current_Pointer_Integrity_Contract_LOCKED.md,A11D1140FD155F133F6659B19CD588969DDB1052,31,40,Why this exists,STRATEGY,YES,RETAIN_SINGLE_PRIMARY_ROLE_NO_SECONDARY_AUTHORITY
LS-MD-0100,book/Publication_Current_Pointer_Integrity_Contract_LOCKED.md,A11D1140FD155F133F6659B19CD588969DDB1052,41,49,Required invariants,STRATEGY,YES,RETAIN_SINGLE_PRIMARY_ROLE_NO_SECONDARY_AUTHORITY
LS-MD-0100,book/Publication_Current_Pointer_Integrity_Contract_LOCKED.md,A11D1140FD155F133F6659B19CD588969DDB1052,50,61,Source-of-truth precedence hierarchy (LOCKED),STRATEGY,YES,RETAIN_SINGLE_PRIMARY_ROLE_NO_SECONDARY_AUTHORITY
LS-MD-0100,book/Publication_Current_Pointer_Integrity_Contract_LOCKED.md,A11D1140FD155F133F6659B19CD588969DDB1052,62,69,Read-resolution rule (LOCKED),STRATEGY,YES,RETAIN_SINGLE_PRIMARY_ROLE_NO_SECONDARY_AUTHORITY
LS-MD-0100,book/Publication_Current_Pointer_Integrity_Contract_LOCKED.md,A11D1140FD155F133F6659B19CD588969DDB1052,70,81,Mismatch handling rule (LOCKED),STRATEGY,YES,RETAIN_SINGLE_PRIMARY_ROLE_NO_SECONDARY_AUTHORITY
LS-MD-0100,book/Publication_Current_Pointer_Integrity_Contract_LOCKED.md,A11D1140FD155F133F6659B19CD588969DDB1052,82,88,Failure rule,STRATEGY,YES,RETAIN_SINGLE_PRIMARY_ROLE_NO_SECONDARY_AUTHORITY
LS-MD-0100,book/Publication_Current_Pointer_Integrity_Contract_LOCKED.md,A11D1140FD155F133F6659B19CD588969DDB1052,89,93,Derived implementation documents,STRATEGY,YES,RETAIN_SINGLE_PRIMARY_ROLE_NO_SECONDARY_AUTHORITY
LS-MD-0100,book/Publication_Current_Pointer_Integrity_Contract_LOCKED.md,A11D1140FD155F133F6659B19CD588969DDB1052,94,100,Cross-contract alignment,STRATEGY,YES,RETAIN_SINGLE_PRIMARY_ROLE_NO_SECONDARY_AUTHORITY
LS-MD-0100,book/Publication_Current_Pointer_Integrity_Contract_LOCKED.md,A11D1140FD155F133F6659B19CD588969DDB1052,101,106,Anti-ambiguity rule (LOCKED),STRATEGY,YES,RETAIN_SINGLE_PRIMARY_ROLE_NO_SECONDARY_AUTHORITY
LS-MD-0100,book/Publication_Current_Pointer_Integrity_Contract_LOCKED.md,A11D1140FD155F133F6659B19CD588969DDB1052,107,113,Legacy-compatibility demotion rule (LOCKED),STRATEGY,YES,RETAIN_SINGLE_PRIMARY_ROLE_NO_SECONDARY_AUTHORITY
LS-MD-0100,book/Publication_Current_Pointer_Integrity_Contract_LOCKED.md,A11D1140FD155F133F6659B19CD588969DDB1052,114,119,Amendment 2026-05-27 - Impact reprocess pointer safety,STRATEGY,YES,RETAIN_SINGLE_PRIMARY_ROLE_NO_SECONDARY_AUTHORITY
LS-MD-0100,book/Publication_Current_Pointer_Integrity_Contract_LOCKED.md,A11D1140FD155F133F6659B19CD588969DDB1052,120,125,Amendment 2026-05-27 - Impact-triggered promote pointer rule,STRATEGY,YES,RETAIN_SINGLE_PRIMARY_ROLE_NO_SECONDARY_AUTHORITY
LS-MD-0100,book/Publication_Current_Pointer_Integrity_Contract_LOCKED.md,A11D1140FD155F133F6659B19CD588969DDB1052,126,136,Capability boundary (LOCKED),STRATEGY,YES,RETAIN_SINGLE_PRIMARY_ROLE_NO_SECONDARY_AUTHORITY
LS-MD-0101,book/Publication_Lock_And_Replacement_Policy_LOCKED.md,E5475522309AE686724CBECE33D9E29C1FE5EE2D,1,8,Publication Lock & Replacement Policy LOCKED,STRATEGY,YES,RETAIN_SINGLE_PRIMARY_ROLE_NO_SECONDARY_AUTHORITY
LS-MD-0101,book/Publication_Lock_And_Replacement_Policy_LOCKED.md,E5475522309AE686724CBECE33D9E29C1FE5EE2D,9,23,1. Purpose,STRATEGY,YES,RETAIN_SINGLE_PRIMARY_ROLE_NO_SECONDARY_AUTHORITY
LS-MD-0101,book/Publication_Lock_And_Replacement_Policy_LOCKED.md,E5475522309AE686724CBECE33D9E29C1FE5EE2D,24,37,2. Source-of-truth relationship,STRATEGY,YES,RETAIN_SINGLE_PRIMARY_ROLE_NO_SECONDARY_AUTHORITY
LS-MD-0101,book/Publication_Lock_And_Replacement_Policy_LOCKED.md,E5475522309AE686724CBECE33D9E29C1FE5EE2D,38,55,3. Final policy selection,STRATEGY,YES,RETAIN_SINGLE_PRIMARY_ROLE_NO_SECONDARY_AUTHORITY
LS-MD-0101,book/Publication_Lock_And_Replacement_Policy_LOCKED.md,E5475522309AE686724CBECE33D9E29C1FE5EE2D,56,78,4. Lock definition,STRATEGY,YES,RETAIN_SINGLE_PRIMARY_ROLE_NO_SECONDARY_AUTHORITY
LS-MD-0101,book/Publication_Lock_And_Replacement_Policy_LOCKED.md,E5475522309AE686724CBECE33D9E29C1FE5EE2D,79,94,5. Conflict decision table,STRATEGY,YES,RETAIN_SINGLE_PRIMARY_ROLE_NO_SECONDARY_AUTHORITY
LS-MD-0101,book/Publication_Lock_And_Replacement_Policy_LOCKED.md,E5475522309AE686724CBECE33D9E29C1FE5EE2D,95,111,6. Replacement rule,STRATEGY,YES,RETAIN_SINGLE_PRIMARY_ROLE_NO_SECONDARY_AUTHORITY
LS-MD-0101,book/Publication_Lock_And_Replacement_Policy_LOCKED.md,E5475522309AE686724CBECE33D9E29C1FE5EE2D,112,138,7. Manual-file rule,STRATEGY,YES,RETAIN_SINGLE_PRIMARY_ROLE_NO_SECONDARY_AUTHORITY
LS-MD-0101,book/Publication_Lock_And_Replacement_Policy_LOCKED.md,E5475522309AE686724CBECE33D9E29C1FE5EE2D,139,160,8. Pointer rule,STRATEGY,YES,RETAIN_SINGLE_PRIMARY_ROLE_NO_SECONDARY_AUTHORITY
LS-MD-0101,book/Publication_Lock_And_Replacement_Policy_LOCKED.md,E5475522309AE686724CBECE33D9E29C1FE5EE2D,161,173,9. Idempotency rule,STRATEGY,YES,RETAIN_SINGLE_PRIMARY_ROLE_NO_SECONDARY_AUTHORITY
LS-MD-0101,book/Publication_Lock_And_Replacement_Policy_LOCKED.md,E5475522309AE686724CBECE33D9E29C1FE5EE2D,174,183,10. Multi-run rule,STRATEGY,YES,RETAIN_SINGLE_PRIMARY_ROLE_NO_SECONDARY_AUTHORITY
LS-MD-0101,book/Publication_Lock_And_Replacement_Policy_LOCKED.md,E5475522309AE686724CBECE33D9E29C1FE5EE2D,184,197,11. Required evidence,STRATEGY,YES,RETAIN_SINGLE_PRIMARY_ROLE_NO_SECONDARY_AUTHORITY
LS-MD-0101,book/Publication_Lock_And_Replacement_Policy_LOCKED.md,E5475522309AE686724CBECE33D9E29C1FE5EE2D,198,210,12. Current implementation note,STRATEGY,YES,RETAIN_SINGLE_PRIMARY_ROLE_NO_SECONDARY_AUTHORITY
LS-MD-0101,book/Publication_Lock_And_Replacement_Policy_LOCKED.md,E5475522309AE686724CBECE33D9E29C1FE5EE2D,211,220,13. Done criteria,STRATEGY,YES,RETAIN_SINGLE_PRIMARY_ROLE_NO_SECONDARY_AUTHORITY
LS-MD-0101,book/Publication_Lock_And_Replacement_Policy_LOCKED.md,E5475522309AE686724CBECE33D9E29C1FE5EE2D,221,223,Capability boundary scope (LOCKED),STRATEGY,YES,RETAIN_SINGLE_PRIMARY_ROLE_NO_SECONDARY_AUTHORITY
LS-MD-0102,book/Publication_Manifest_Contract_LOCKED.md,F6F41F6C1B4450AE8248E675EF4A7F383ED88227,1,2,Publication Manifest Contract (LOCKED),STRATEGY,YES,RETAIN_SINGLE_PRIMARY_ROLE_NO_SECONDARY_AUTHORITY
LS-MD-0102,book/Publication_Manifest_Contract_LOCKED.md,F6F41F6C1B4450AE8248E675EF4A7F383ED88227,3,20,Purpose,STRATEGY,YES,RETAIN_SINGLE_PRIMARY_ROLE_NO_SECONDARY_AUTHORITY
LS-MD-0102,book/Publication_Manifest_Contract_LOCKED.md,F6F41F6C1B4450AE8248E675EF4A7F383ED88227,21,23,Core rule (LOCKED),STRATEGY,YES,RETAIN_SINGLE_PRIMARY_ROLE_NO_SECONDARY_AUTHORITY
LS-MD-0102,book/Publication_Manifest_Contract_LOCKED.md,F6F41F6C1B4450AE8248E675EF4A7F383ED88227,24,59,Minimum publication manifest fields,STRATEGY,YES,RETAIN_SINGLE_PRIMARY_ROLE_NO_SECONDARY_AUTHORITY
LS-MD-0102,book/Publication_Manifest_Contract_LOCKED.md,F6F41F6C1B4450AE8248E675EF4A7F383ED88227,60,73,Required meanings,STRATEGY,YES,RETAIN_SINGLE_PRIMARY_ROLE_NO_SECONDARY_AUTHORITY
LS-MD-0102,book/Publication_Manifest_Contract_LOCKED.md,F6F41F6C1B4450AE8248E675EF4A7F383ED88227,74,83,Manifest rules (LOCKED),STRATEGY,YES,RETAIN_SINGLE_PRIMARY_ROLE_NO_SECONDARY_AUTHORITY
LS-MD-0102,book/Publication_Manifest_Contract_LOCKED.md,F6F41F6C1B4450AE8248E675EF4A7F383ED88227,84,87,Relationship to current publication,STRATEGY,YES,RETAIN_SINGLE_PRIMARY_ROLE_NO_SECONDARY_AUTHORITY
LS-MD-0102,book/Publication_Manifest_Contract_LOCKED.md,F6F41F6C1B4450AE8248E675EF4A7F383ED88227,88,94,Relationship to row-history strategy,STRATEGY,YES,RETAIN_SINGLE_PRIMARY_ROLE_NO_SECONDARY_AUTHORITY
LS-MD-0102,book/Publication_Manifest_Contract_LOCKED.md,F6F41F6C1B4450AE8248E675EF4A7F383ED88227,95,106,Minimum questions a manifest must answer,STRATEGY,YES,RETAIN_SINGLE_PRIMARY_ROLE_NO_SECONDARY_AUTHORITY
LS-MD-0102,book/Publication_Manifest_Contract_LOCKED.md,F6F41F6C1B4450AE8248E675EF4A7F383ED88227,107,113,Recommended storage options,STRATEGY,YES,RETAIN_SINGLE_PRIMARY_ROLE_NO_SECONDARY_AUTHORITY
LS-MD-0102,book/Publication_Manifest_Contract_LOCKED.md,F6F41F6C1B4450AE8248E675EF4A7F383ED88227,114,123,Cross-contract alignment,STRATEGY,YES,RETAIN_SINGLE_PRIMARY_ROLE_NO_SECONDARY_AUTHORITY
LS-MD-0102,book/Publication_Manifest_Contract_LOCKED.md,F6F41F6C1B4450AE8248E675EF4A7F383ED88227,124,126,Anti-ambiguity rule (LOCKED),STRATEGY,YES,RETAIN_SINGLE_PRIMARY_ROLE_NO_SECONDARY_AUTHORITY
LS-MD-0102,book/Publication_Manifest_Contract_LOCKED.md,F6F41F6C1B4450AE8248E675EF4A7F383ED88227,127,129,Capability boundary scope (LOCKED),STRATEGY,YES,RETAIN_SINGLE_PRIMARY_ROLE_NO_SECONDARY_AUTHORITY
LS-MD-0103,book/Publication_Traceability_Immutability_Lineage_LOCKED.md,CEFF98397CB096EBB3C34C75138DE0830763EF0A,1,2,"Publication Traceability, Immutability, and Lineage Contract — LOCKED",STRATEGY,YES,RETAIN_SINGLE_PRIMARY_ROLE_NO_SECONDARY_AUTHORITY
LS-MD-0103,book/Publication_Traceability_Immutability_Lineage_LOCKED.md,CEFF98397CB096EBB3C34C75138DE0830763EF0A,3,14,Status,STRATEGY,YES,RETAIN_SINGLE_PRIMARY_ROLE_NO_SECONDARY_AUTHORITY
LS-MD-0103,book/Publication_Traceability_Immutability_Lineage_LOCKED.md,CEFF98397CB096EBB3C34C75138DE0830763EF0A,15,23,Scope,STRATEGY,YES,RETAIN_SINGLE_PRIMARY_ROLE_NO_SECONDARY_AUTHORITY
LS-MD-0103,book/Publication_Traceability_Immutability_Lineage_LOCKED.md,CEFF98397CB096EBB3C34C75138DE0830763EF0A,24,45,1. Source File Identity Contract,STRATEGY,YES,RETAIN_SINGLE_PRIMARY_ROLE_NO_SECONDARY_AUTHORITY
LS-MD-0103,book/Publication_Traceability_Immutability_Lineage_LOCKED.md,CEFF98397CB096EBB3C34C75138DE0830763EF0A,46,73,2. SEALED Publication Immutability Contract,STRATEGY,YES,RETAIN_SINGLE_PRIMARY_ROLE_NO_SECONDARY_AUTHORITY
LS-MD-0103,book/Publication_Traceability_Immutability_Lineage_LOCKED.md,CEFF98397CB096EBB3C34C75138DE0830763EF0A,74,96,3. Publication Lineage Contract,STRATEGY,YES,RETAIN_SINGLE_PRIMARY_ROLE_NO_SECONDARY_AUTHORITY
LS-MD-0103,book/Publication_Traceability_Immutability_Lineage_LOCKED.md,CEFF98397CB096EBB3C34C75138DE0830763EF0A,97,116,4. Projection Reconciliation Contract (LOCKED),STRATEGY,YES,RETAIN_SINGLE_PRIMARY_ROLE_NO_SECONDARY_AUTHORITY
LS-MD-0103,book/Publication_Traceability_Immutability_Lineage_LOCKED.md,CEFF98397CB096EBB3C34C75138DE0830763EF0A,117,129,5. Capability Boundary (LOCKED),STRATEGY,YES,RETAIN_SINGLE_PRIMARY_ROLE_NO_SECONDARY_AUTHORITY
LS-MD-0103,book/Publication_Traceability_Immutability_Lineage_LOCKED.md,CEFF98397CB096EBB3C34C75138DE0830763EF0A,130,141,Done Criteria,STRATEGY,YES,RETAIN_SINGLE_PRIMARY_ROLE_NO_SECONDARY_AUTHORITY
LS-MD-0104,book/Publishability_Coverage_Fallback_Cross_Consistency_Contract_LOCKED.md,C1763EB9910748576EC53F2A0E4F9F1C3A9D48E0,1,2,Publishability Coverage Fallback Cross-Consistency Contract (LOCKED),STRATEGY,YES,RETAIN_SINGLE_PRIMARY_ROLE_NO_SECONDARY_AUTHORITY
LS-MD-0104,book/Publishability_Coverage_Fallback_Cross_Consistency_Contract_LOCKED.md,C1763EB9910748576EC53F2A0E4F9F1C3A9D48E0,3,10,Purpose,STRATEGY,YES,RETAIN_SINGLE_PRIMARY_ROLE_NO_SECONDARY_AUTHORITY
LS-MD-0104,book/Publishability_Coverage_Fallback_Cross_Consistency_Contract_LOCKED.md,C1763EB9910748576EC53F2A0E4F9F1C3A9D48E0,11,34,Authority,STRATEGY,YES,RETAIN_SINGLE_PRIMARY_ROLE_NO_SECONDARY_AUTHORITY
LS-MD-0104,book/Publishability_Coverage_Fallback_Cross_Consistency_Contract_LOCKED.md,C1763EB9910748576EC53F2A0E4F9F1C3A9D48E0,35,58,Locked hierarchy,STRATEGY,YES,RETAIN_SINGLE_PRIMARY_ROLE_NO_SECONDARY_AUTHORITY
LS-MD-0104,book/Publishability_Coverage_Fallback_Cross_Consistency_Contract_LOCKED.md,C1763EB9910748576EC53F2A0E4F9F1C3A9D48E0,59,79,Coverage rule,STRATEGY,YES,RETAIN_SINGLE_PRIMARY_ROLE_NO_SECONDARY_AUTHORITY
LS-MD-0104,book/Publishability_Coverage_Fallback_Cross_Consistency_Contract_LOCKED.md,C1763EB9910748576EC53F2A0E4F9F1C3A9D48E0,80,101,Finalize decision rule,STRATEGY,YES,RETAIN_SINGLE_PRIMARY_ROLE_NO_SECONDARY_AUTHORITY
LS-MD-0104,book/Publishability_Coverage_Fallback_Cross_Consistency_Contract_LOCKED.md,C1763EB9910748576EC53F2A0E4F9F1C3A9D48E0,102,123,Publishability rule,STRATEGY,YES,RETAIN_SINGLE_PRIMARY_ROLE_NO_SECONDARY_AUTHORITY
LS-MD-0104,book/Publishability_Coverage_Fallback_Cross_Consistency_Contract_LOCKED.md,C1763EB9910748576EC53F2A0E4F9F1C3A9D48E0,124,152,Fallback rule,STRATEGY,YES,RETAIN_SINGLE_PRIMARY_ROLE_NO_SECONDARY_AUTHORITY
LS-MD-0104,book/Publishability_Coverage_Fallback_Cross_Consistency_Contract_LOCKED.md,C1763EB9910748576EC53F2A0E4F9F1C3A9D48E0,153,174,Pointer rule,STRATEGY,YES,RETAIN_SINGLE_PRIMARY_ROLE_NO_SECONDARY_AUTHORITY
LS-MD-0104,book/Publishability_Coverage_Fallback_Cross_Consistency_Contract_LOCKED.md,C1763EB9910748576EC53F2A0E4F9F1C3A9D48E0,175,191,Consistency invariants,STRATEGY,YES,RETAIN_SINGLE_PRIMARY_ROLE_NO_SECONDARY_AUTHORITY
LS-MD-0104,book/Publishability_Coverage_Fallback_Cross_Consistency_Contract_LOCKED.md,C1763EB9910748576EC53F2A0E4F9F1C3A9D48E0,192,208,Edge-case decision table,STRATEGY,YES,RETAIN_SINGLE_PRIMARY_ROLE_NO_SECONDARY_AUTHORITY
LS-MD-0104,book/Publishability_Coverage_Fallback_Cross_Consistency_Contract_LOCKED.md,C1763EB9910748576EC53F2A0E4F9F1C3A9D48E0,209,226,Command/evidence visibility rule,STRATEGY,YES,RETAIN_SINGLE_PRIMARY_ROLE_NO_SECONDARY_AUTHORITY
LS-MD-0104,book/Publishability_Coverage_Fallback_Cross_Consistency_Contract_LOCKED.md,C1763EB9910748576EC53F2A0E4F9F1C3A9D48E0,227,239,Implementation lock,STRATEGY,YES,RETAIN_SINGLE_PRIMARY_ROLE_NO_SECONDARY_AUTHORITY
LS-MD-0104,book/Publishability_Coverage_Fallback_Cross_Consistency_Contract_LOCKED.md,C1763EB9910748576EC53F2A0E4F9F1C3A9D48E0,240,250,Capability boundary (LOCKED),STRATEGY,YES,RETAIN_SINGLE_PRIMARY_ROLE_NO_SECONDARY_AUTHORITY
LS-MD-0105,book/Publishability_State_Integrity_Contract_LOCKED.md,6499797446AD0EF829411737A54D43FC3EAB5594,1,2,Publishability State Integrity Contract LOCKED,STRATEGY,YES,RETAIN_SINGLE_PRIMARY_ROLE_NO_SECONDARY_AUTHORITY
LS-MD-0105,book/Publishability_State_Integrity_Contract_LOCKED.md,6499797446AD0EF829411737A54D43FC3EAB5594,3,6,Status,STRATEGY,YES,RETAIN_SINGLE_PRIMARY_ROLE_NO_SECONDARY_AUTHORITY
LS-MD-0105,book/Publishability_State_Integrity_Contract_LOCKED.md,6499797446AD0EF829411737A54D43FC3EAB5594,7,16,Purpose,STRATEGY,YES,RETAIN_SINGLE_PRIMARY_ROLE_NO_SECONDARY_AUTHORITY
LS-MD-0105,book/Publishability_State_Integrity_Contract_LOCKED.md,6499797446AD0EF829411737A54D43FC3EAB5594,17,26,Single Source of Truth,STRATEGY,YES,RETAIN_SINGLE_PRIMARY_ROLE_NO_SECONDARY_AUTHORITY
LS-MD-0105,book/Publishability_State_Integrity_Contract_LOCKED.md,6499797446AD0EF829411737A54D43FC3EAB5594,27,37,State Matrix,STRATEGY,YES,RETAIN_SINGLE_PRIMARY_ROLE_NO_SECONDARY_AUTHORITY
LS-MD-0105,book/Publishability_State_Integrity_Contract_LOCKED.md,6499797446AD0EF829411737A54D43FC3EAB5594,38,49,Invariants,STRATEGY,YES,RETAIN_SINGLE_PRIMARY_ROLE_NO_SECONDARY_AUTHORITY
LS-MD-0105,book/Publishability_State_Integrity_Contract_LOCKED.md,6499797446AD0EF829411737A54D43FC3EAB5594,50,69,Pointer Rule,STRATEGY,YES,RETAIN_SINGLE_PRIMARY_ROLE_NO_SECONDARY_AUTHORITY
LS-MD-0105,book/Publishability_State_Integrity_Contract_LOCKED.md,6499797446AD0EF829411737A54D43FC3EAB5594,70,75,Publication Rule,STRATEGY,YES,RETAIN_SINGLE_PRIMARY_ROLE_NO_SECONDARY_AUTHORITY
LS-MD-0105,book/Publishability_State_Integrity_Contract_LOCKED.md,6499797446AD0EF829411737A54D43FC3EAB5594,76,93,Fallback Rule,STRATEGY,YES,RETAIN_SINGLE_PRIMARY_ROLE_NO_SECONDARY_AUTHORITY
LS-MD-0105,book/Publishability_State_Integrity_Contract_LOCKED.md,6499797446AD0EF829411737A54D43FC3EAB5594,94,102,Enforcement Points,STRATEGY,YES,RETAIN_SINGLE_PRIMARY_ROLE_NO_SECONDARY_AUTHORITY
LS-MD-0105,book/Publishability_State_Integrity_Contract_LOCKED.md,6499797446AD0EF829411737A54D43FC3EAB5594,103,117,Reason Code Requirement,STRATEGY,YES,RETAIN_SINGLE_PRIMARY_ROLE_NO_SECONDARY_AUTHORITY
LS-MD-0105,book/Publishability_State_Integrity_Contract_LOCKED.md,6499797446AD0EF829411737A54D43FC3EAB5594,118,128,Done Criteria,STRATEGY,YES,RETAIN_SINGLE_PRIMARY_ROLE_NO_SECONDARY_AUTHORITY
LS-MD-0105,book/Publishability_State_Integrity_Contract_LOCKED.md,6499797446AD0EF829411737A54D43FC3EAB5594,129,138,Amendment 2026-05-27 - Reprocess does not imply readability,STRATEGY,YES,RETAIN_SINGLE_PRIMARY_ROLE_NO_SECONDARY_AUTHORITY
LS-MD-0105,book/Publishability_State_Integrity_Contract_LOCKED.md,6499797446AD0EF829411737A54D43FC3EAB5594,139,144,Amendment 2026-05-27 - REPUBLISHED state boundary,STRATEGY,YES,RETAIN_SINGLE_PRIMARY_ROLE_NO_SECONDARY_AUTHORITY
LS-MD-0105,book/Publishability_State_Integrity_Contract_LOCKED.md,6499797446AD0EF829411737A54D43FC3EAB5594,145,155,Capability boundary (LOCKED),STRATEGY,YES,RETAIN_SINGLE_PRIMARY_ROLE_NO_SECONDARY_AUTHORITY
LS-MD-0106,book/Read_Side_Enforcement_Anti_Bypass_Contract_LOCKED.md,30A0FDCED846A812D39B7064CA1BFC31995CD6A0,1,4,Read-Side Enforcement Anti-Bypass Contract (STRATEGY LOCKED),STRATEGY,YES,RETAIN_SINGLE_PRIMARY_ROLE_NO_SECONDARY_AUTHORITY
LS-MD-0106,book/Read_Side_Enforcement_Anti_Bypass_Contract_LOCKED.md,30A0FDCED846A812D39B7064CA1BFC31995CD6A0,5,8,Authority,STRATEGY,YES,RETAIN_SINGLE_PRIMARY_ROLE_NO_SECONDARY_AUTHORITY
LS-MD-0106,book/Read_Side_Enforcement_Anti_Bypass_Contract_LOCKED.md,30A0FDCED846A812D39B7064CA1BFC31995CD6A0,9,16,Pointer-only resolution,STRATEGY,YES,RETAIN_SINGLE_PRIMARY_ROLE_NO_SECONDARY_AUTHORITY
LS-MD-0106,book/Read_Side_Enforcement_Anti_Bypass_Contract_LOCKED.md,30A0FDCED846A812D39B7064CA1BFC31995CD6A0,17,20,Forbidden Bypass Rule,STRATEGY,YES,RETAIN_SINGLE_PRIMARY_ROLE_NO_SECONDARY_AUTHORITY
LS-MD-0106,book/Read_Side_Enforcement_Anti_Bypass_Contract_LOCKED.md,30A0FDCED846A812D39B7064CA1BFC31995CD6A0,21,28,Defense in depth,STRATEGY,YES,RETAIN_SINGLE_PRIMARY_ROLE_NO_SECONDARY_AUTHORITY
LS-MD-0106,book/Read_Side_Enforcement_Anti_Bypass_Contract_LOCKED.md,30A0FDCED846A812D39B7064CA1BFC31995CD6A0,29,32,Audit access,STRATEGY,YES,RETAIN_SINGLE_PRIMARY_ROLE_NO_SECONDARY_AUTHORITY
LS-MD-0106,book/Read_Side_Enforcement_Anti_Bypass_Contract_LOCKED.md,30A0FDCED846A812D39B7064CA1BFC31995CD6A0,33,36,Failure behavior,STRATEGY,YES,RETAIN_SINGLE_PRIMARY_ROLE_NO_SECONDARY_AUTHORITY
LS-MD-0106,book/Read_Side_Enforcement_Anti_Bypass_Contract_LOCKED.md,30A0FDCED846A812D39B7064CA1BFC31995CD6A0,37,40,Fail-Safe Rule,STRATEGY,YES,RETAIN_SINGLE_PRIMARY_ROLE_NO_SECONDARY_AUTHORITY
LS-MD-0106,book/Read_Side_Enforcement_Anti_Bypass_Contract_LOCKED.md,30A0FDCED846A812D39B7064CA1BFC31995CD6A0,41,46,Acceptance evidence,STRATEGY,YES,RETAIN_SINGLE_PRIMARY_ROLE_NO_SECONDARY_AUTHORITY
LS-MD-0106,book/Read_Side_Enforcement_Anti_Bypass_Contract_LOCKED.md,30A0FDCED846A812D39B7064CA1BFC31995CD6A0,47,57,Capability boundary (LOCKED),STRATEGY,YES,RETAIN_SINGLE_PRIMARY_ROLE_NO_SECONDARY_AUTHORITY
LS-MD-0107,book/Replay_Verification_Contract_LOCKED.md,F46285AD7A15F11D255C34EE93577C77AA8424C0,1,2,Replay Verification Contract (STRATEGY LOCKED),STRATEGY,YES,RETAIN_SINGLE_PRIMARY_ROLE_NO_SECONDARY_AUTHORITY
LS-MD-0107,book/Replay_Verification_Contract_LOCKED.md,F46285AD7A15F11D255C34EE93577C77AA8424C0,3,18,Two replay modes,STRATEGY,YES,RETAIN_SINGLE_PRIMARY_ROLE_NO_SECONDARY_AUTHORITY
LS-MD-0107,book/Replay_Verification_Contract_LOCKED.md,F46285AD7A15F11D255C34EE93577C77AA8424C0,19,34,Required bound inputs,STRATEGY,YES,RETAIN_SINGLE_PRIMARY_ROLE_NO_SECONDARY_AUTHORITY
LS-MD-0107,book/Replay_Verification_Contract_LOCKED.md,F46285AD7A15F11D255C34EE93577C77AA8424C0,35,49,Anti-future and anti-survivorship rules,STRATEGY,YES,RETAIN_SINGLE_PRIMARY_ROLE_NO_SECONDARY_AUTHORITY
LS-MD-0107,book/Replay_Verification_Contract_LOCKED.md,F46285AD7A15F11D255C34EE93577C77AA8424C0,50,55,Resolution rules,STRATEGY,YES,RETAIN_SINGLE_PRIMARY_ROLE_NO_SECONDARY_AUTHORITY
LS-MD-0107,book/Replay_Verification_Contract_LOCKED.md,F46285AD7A15F11D255C34EE93577C77AA8424C0,56,65,Result and evidence,STRATEGY,YES,RETAIN_SINGLE_PRIMARY_ROLE_NO_SECONDARY_AUTHORITY
LS-MD-0107,book/Replay_Verification_Contract_LOCKED.md,F46285AD7A15F11D255C34EE93577C77AA8424C0,66,81,Mode recording and single-mode implementation (LOCKED),STRATEGY,YES,RETAIN_SINGLE_PRIMARY_ROLE_NO_SECONDARY_AUTHORITY
LS-MD-0107,book/Replay_Verification_Contract_LOCKED.md,F46285AD7A15F11D255C34EE93577C77AA8424C0,82,104,Capability boundary (LOCKED),STRATEGY,YES,RETAIN_SINGLE_PRIMARY_ROLE_NO_SECONDARY_AUTHORITY
LS-MD-0107,book/Replay_Verification_Contract_LOCKED.md,F46285AD7A15F11D255C34EE93577C77AA8424C0,105,109,Trading backtest boundary,STRATEGY,YES,RETAIN_SINGLE_PRIMARY_ROLE_NO_SECONDARY_AUTHORITY
LS-MD-0108,book/Run_Status_and_Quality_Gates_LOCKED.md,93CDB6BED7C0DC7E593551550C1F22863D5697E9,1,2,RUN STATUS AND QUALITY GATES (LOCKED),STRATEGY,YES,RETAIN_SINGLE_PRIMARY_ROLE_NO_SECONDARY_AUTHORITY
LS-MD-0108,book/Run_Status_and_Quality_Gates_LOCKED.md,93CDB6BED7C0DC7E593551550C1F22863D5697E9,3,9,Purpose,STRATEGY,YES,RETAIN_SINGLE_PRIMARY_ROLE_NO_SECONDARY_AUTHORITY
LS-MD-0108,book/Run_Status_and_Quality_Gates_LOCKED.md,93CDB6BED7C0DC7E593551550C1F22863D5697E9,10,36,Phase ownership (LOCKED),STRATEGY,YES,RETAIN_SINGLE_PRIMARY_ROLE_NO_SECONDARY_AUTHORITY
LS-MD-0108,book/Run_Status_and_Quality_Gates_LOCKED.md,93CDB6BED7C0DC7E593551550C1F22863D5697E9,37,46,Allowed terminal status,STRATEGY,YES,RETAIN_SINGLE_PRIMARY_ROLE_NO_SECONDARY_AUTHORITY
LS-MD-0108,book/Run_Status_and_Quality_Gates_LOCKED.md,93CDB6BED7C0DC7E593551550C1F22863D5697E9,47,55,Publishability state,STRATEGY,YES,RETAIN_SINGLE_PRIMARY_ROLE_NO_SECONDARY_AUTHORITY
LS-MD-0108,book/Run_Status_and_Quality_Gates_LOCKED.md,93CDB6BED7C0DC7E593551550C1F22863D5697E9,56,70,Promote preconditions for readable success (LOCKED),STRATEGY,YES,RETAIN_SINGLE_PRIMARY_ROLE_NO_SECONDARY_AUTHORITY
LS-MD-0108,book/Run_Status_and_Quality_Gates_LOCKED.md,93CDB6BED7C0DC7E593551550C1F22863D5697E9,71,83,HELD,STRATEGY,YES,RETAIN_SINGLE_PRIMARY_ROLE_NO_SECONDARY_AUTHORITY
LS-MD-0108,book/Run_Status_and_Quality_Gates_LOCKED.md,93CDB6BED7C0DC7E593551550C1F22863D5697E9,84,94,FAILED,STRATEGY,YES,RETAIN_SINGLE_PRIMARY_ROLE_NO_SECONDARY_AUTHORITY
LS-MD-0108,book/Run_Status_and_Quality_Gates_LOCKED.md,93CDB6BED7C0DC7E593551550C1F22863D5697E9,95,106,Coverage interaction (LOCKED),STRATEGY,YES,RETAIN_SINGLE_PRIMARY_ROLE_NO_SECONDARY_AUTHORITY
LS-MD-0108,book/Run_Status_and_Quality_Gates_LOCKED.md,93CDB6BED7C0DC7E593551550C1F22863D5697E9,107,117,Source-blocker interpretation after split,STRATEGY,YES,RETAIN_SINGLE_PRIMARY_ROLE_NO_SECONDARY_AUTHORITY
LS-MD-0108,book/Run_Status_and_Quality_Gates_LOCKED.md,93CDB6BED7C0DC7E593551550C1F22863D5697E9,118,129,Required audit-visible final fields,STRATEGY,YES,RETAIN_SINGLE_PRIMARY_ROLE_NO_SECONDARY_AUTHORITY
LS-MD-0108,book/Run_Status_and_Quality_Gates_LOCKED.md,93CDB6BED7C0DC7E593551550C1F22863D5697E9,130,146,Date-level anomaly checks (LOCKED),STRATEGY,YES,RETAIN_SINGLE_PRIMARY_ROLE_NO_SECONDARY_AUTHORITY
LS-MD-0108,book/Run_Status_and_Quality_Gates_LOCKED.md,93CDB6BED7C0DC7E593551550C1F22863D5697E9,147,159,Capability boundary (LOCKED),STRATEGY,YES,RETAIN_SINGLE_PRIMARY_ROLE_NO_SECONDARY_AUTHORITY
LS-MD-0108,book/Run_Status_and_Quality_Gates_LOCKED.md,93CDB6BED7C0DC7E593551550C1F22863D5697E9,160,168,Anti-ambiguity rules,STRATEGY,YES,RETAIN_SINGLE_PRIMARY_ROLE_NO_SECONDARY_AUTHORITY
LS-MD-0108,book/Run_Status_and_Quality_Gates_LOCKED.md,93CDB6BED7C0DC7E593551550C1F22863D5697E9,169,174,Cross-contract alignment,STRATEGY,YES,RETAIN_SINGLE_PRIMARY_ROLE_NO_SECONDARY_AUTHORITY
LS-MD-0109,book/Sector_Classification_Contract_LOCKED.md,853D9CE2EFF062041BAB1065C897F5D949E37213,1,2,Sector Classification and Membership Contract (LOCKED),STRATEGY,YES,RETAIN_SINGLE_PRIMARY_ROLE_NO_SECONDARY_AUTHORITY
LS-MD-0109,book/Sector_Classification_Contract_LOCKED.md,853D9CE2EFF062041BAB1065C897F5D949E37213,3,12,Scope decision (LOCKED),STRATEGY,YES,RETAIN_SINGLE_PRIMARY_ROLE_NO_SECONDARY_AUTHORITY
LS-MD-0109,book/Sector_Classification_Contract_LOCKED.md,853D9CE2EFF062041BAB1065C897F5D949E37213,13,30,Authority (LOCKED),STRATEGY,YES,RETAIN_SINGLE_PRIMARY_ROLE_NO_SECONDARY_AUTHORITY
LS-MD-0109,book/Sector_Classification_Contract_LOCKED.md,853D9CE2EFF062041BAB1065C897F5D949E37213,31,49,Membership as a temporal fact (LOCKED),STRATEGY,YES,RETAIN_SINGLE_PRIMARY_ROLE_NO_SECONDARY_AUTHORITY
LS-MD-0109,book/Sector_Classification_Contract_LOCKED.md,853D9CE2EFF062041BAB1065C897F5D949E37213,50,62,Sector index bars versus sector-derived measures (LOCKED),STRATEGY,YES,RETAIN_SINGLE_PRIMARY_ROLE_NO_SECONDARY_AUTHORITY
LS-MD-0109,book/Sector_Classification_Contract_LOCKED.md,853D9CE2EFF062041BAB1065C897F5D949E37213,63,75,Capability boundary (LOCKED),STRATEGY,YES,RETAIN_SINGLE_PRIMARY_ROLE_NO_SECONDARY_AUTHORITY
LS-MD-0109,book/Sector_Classification_Contract_LOCKED.md,853D9CE2EFF062041BAB1065C897F5D949E37213,76,86,Completeness is verified externally (LOCKED),STRATEGY,YES,RETAIN_SINGLE_PRIMARY_ROLE_NO_SECONDARY_AUTHORITY
LS-MD-0109,book/Sector_Classification_Contract_LOCKED.md,853D9CE2EFF062041BAB1065C897F5D949E37213,87,90,Dependency order (LOCKED),STRATEGY,YES,RETAIN_SINGLE_PRIMARY_ROLE_NO_SECONDARY_AUTHORITY
LS-MD-0109,book/Sector_Classification_Contract_LOCKED.md,853D9CE2EFF062041BAB1065C897F5D949E37213,91,94,Acceptance criterion (LOCKED),STRATEGY,YES,RETAIN_SINGLE_PRIMARY_ROLE_NO_SECONDARY_AUTHORITY
LS-MD-0109,book/Sector_Classification_Contract_LOCKED.md,853D9CE2EFF062041BAB1065C897F5D949E37213,95,102,Cross-contract alignment,STRATEGY,YES,RETAIN_SINGLE_PRIMARY_ROLE_NO_SECONDARY_AUTHORITY
LS-MD-0110,book/Source_Data_Acquisition_Contract_LOCKED.md,C20DDA589CF00B113BC055AD127537DA80347A62,1,2,SOURCE DATA ACQUISITION CONTRACT (LOCKED),STRATEGY,YES,RETAIN_SINGLE_PRIMARY_ROLE_NO_SECONDARY_AUTHORITY
LS-MD-0110,book/Source_Data_Acquisition_Contract_LOCKED.md,C20DDA589CF00B113BC055AD127537DA80347A62,3,12,Purpose,STRATEGY,YES,RETAIN_SINGLE_PRIMARY_ROLE_NO_SECONDARY_AUTHORITY
LS-MD-0110,book/Source_Data_Acquisition_Contract_LOCKED.md,C20DDA589CF00B113BC055AD127537DA80347A62,13,37,Phase boundary (LOCKED),STRATEGY,YES,RETAIN_SINGLE_PRIMARY_ROLE_NO_SECONDARY_AUTHORITY
LS-MD-0110,book/Source_Data_Acquisition_Contract_LOCKED.md,C20DDA589CF00B113BC055AD127537DA80347A62,38,51,Allowed source modes,STRATEGY,YES,RETAIN_SINGLE_PRIMARY_ROLE_NO_SECONDARY_AUTHORITY
LS-MD-0110,book/Source_Data_Acquisition_Contract_LOCKED.md,C20DDA589CF00B113BC055AD127537DA80347A62,52,64,Date-driven input contract (LOCKED),STRATEGY,YES,RETAIN_SINGLE_PRIMARY_ROLE_NO_SECONDARY_AUTHORITY
LS-MD-0110,book/Source_Data_Acquisition_Contract_LOCKED.md,C20DDA589CF00B113BC055AD127537DA80347A62,65,80,Allowed acquisition strategies,STRATEGY,YES,RETAIN_SINGLE_PRIMARY_ROLE_NO_SECONDARY_AUTHORITY
LS-MD-0110,book/Source_Data_Acquisition_Contract_LOCKED.md,C20DDA589CF00B113BC055AD127537DA80347A62,81,102,Source order and acquisition winner (LOCKED),STRATEGY,YES,RETAIN_SINGLE_PRIMARY_ROLE_NO_SECONDARY_AUTHORITY
LS-MD-0110,book/Source_Data_Acquisition_Contract_LOCKED.md,C20DDA589CF00B113BC055AD127537DA80347A62,103,126,Immutable observation envelope (LOCKED),STRATEGY,YES,RETAIN_SINGLE_PRIMARY_ROLE_NO_SECONDARY_AUTHORITY
LS-MD-0110,book/Source_Data_Acquisition_Contract_LOCKED.md,C20DDA589CF00B113BC055AD127537DA80347A62,127,134,Observation immutability and revision rule (LOCKED),STRATEGY,YES,RETAIN_SINGLE_PRIMARY_ROLE_NO_SECONDARY_AUTHORITY
LS-MD-0110,book/Source_Data_Acquisition_Contract_LOCKED.md,C20DDA589CF00B113BC055AD127537DA80347A62,135,140,Provider-neutral normalization boundary (LOCKED),STRATEGY,YES,RETAIN_SINGLE_PRIMARY_ROLE_NO_SECONDARY_AUTHORITY
LS-MD-0110,book/Source_Data_Acquisition_Contract_LOCKED.md,C20DDA589CF00B113BC055AD127537DA80347A62,141,156,Schema and payload validation (LOCKED),STRATEGY,YES,RETAIN_SINGLE_PRIMARY_ROLE_NO_SECONDARY_AUTHORITY
LS-MD-0110,book/Source_Data_Acquisition_Contract_LOCKED.md,C20DDA589CF00B113BC055AD127537DA80347A62,157,166,Stale and requested-date validation (LOCKED),STRATEGY,YES,RETAIN_SINGLE_PRIMARY_ROLE_NO_SECONDARY_AUTHORITY
LS-MD-0110,book/Source_Data_Acquisition_Contract_LOCKED.md,C20DDA589CF00B113BC055AD127537DA80347A62,167,185,Observation revision visibility (LOCKED),STRATEGY,YES,RETAIN_SINGLE_PRIMARY_ROLE_NO_SECONDARY_AUTHORITY
LS-MD-0110,book/Source_Data_Acquisition_Contract_LOCKED.md,C20DDA589CF00B113BC055AD127537DA80347A62,186,200,Capability boundary (LOCKED),STRATEGY,YES,RETAIN_SINGLE_PRIMARY_ROLE_NO_SECONDARY_AUTHORITY
LS-MD-0110,book/Source_Data_Acquisition_Contract_LOCKED.md,C20DDA589CF00B113BC055AD127537DA80347A62,201,212,Row acceptance rule,STRATEGY,YES,RETAIN_SINGLE_PRIMARY_ROLE_NO_SECONDARY_AUTHORITY
LS-MD-0110,book/Source_Data_Acquisition_Contract_LOCKED.md,C20DDA589CF00B113BC055AD127537DA80347A62,213,223,Minimum storage outputs,STRATEGY,YES,RETAIN_SINGLE_PRIMARY_ROLE_NO_SECONDARY_AUTHORITY
LS-MD-0110,book/Source_Data_Acquisition_Contract_LOCKED.md,C20DDA589CF00B113BC055AD127537DA80347A62,224,232,Coverage handoff rule,STRATEGY,YES,RETAIN_SINGLE_PRIMARY_ROLE_NO_SECONDARY_AUTHORITY
LS-MD-0110,book/Source_Data_Acquisition_Contract_LOCKED.md,C20DDA589CF00B113BC055AD127537DA80347A62,233,251,Minimum telemetry / evidence,STRATEGY,YES,RETAIN_SINGLE_PRIMARY_ROLE_NO_SECONDARY_AUTHORITY
LS-MD-0110,book/Source_Data_Acquisition_Contract_LOCKED.md,C20DDA589CF00B113BC055AD127537DA80347A62,252,262,Conflict handling (LOCKED),STRATEGY,YES,RETAIN_SINGLE_PRIMARY_ROLE_NO_SECONDARY_AUTHORITY
LS-MD-0110,book/Source_Data_Acquisition_Contract_LOCKED.md,C20DDA589CF00B113BC055AD127537DA80347A62,263,276,Anti-ambiguity rules,STRATEGY,YES,RETAIN_SINGLE_PRIMARY_ROLE_NO_SECONDARY_AUTHORITY
LS-MD-0110,book/Source_Data_Acquisition_Contract_LOCKED.md,C20DDA589CF00B113BC055AD127537DA80347A62,277,287,Cross-contract alignment,STRATEGY,YES,RETAIN_SINGLE_PRIMARY_ROLE_NO_SECONDARY_AUTHORITY
LS-MD-0110,book/Source_Data_Acquisition_Contract_LOCKED.md,C20DDA589CF00B113BC055AD127537DA80347A62,288,320,API range-window acquisition addendum,STRATEGY,YES,RETAIN_SINGLE_PRIMARY_ROLE_NO_SECONDARY_AUTHORITY
LS-MD-0110,book/Source_Data_Acquisition_Contract_LOCKED.md,C20DDA589CF00B113BC055AD127537DA80347A62,321,343,API range-window checkpoint/resume addendum,STRATEGY,YES,RETAIN_SINGLE_PRIMARY_ROLE_NO_SECONDARY_AUTHORITY
LS-MD-0110,book/Source_Data_Acquisition_Contract_LOCKED.md,C20DDA589CF00B113BC055AD127537DA80347A62,344,358,API range-window market-calendar warmup addendum,STRATEGY,YES,RETAIN_SINGLE_PRIMARY_ROLE_NO_SECONDARY_AUTHORITY
LS-MD-0111,book/Source_Mapping_Contract_LOCKED.md,44559844825D7E2AB556123C97DD192A32408BB7,1,2,Source Mapping Contract — Provider Adapters (STRATEGY LOCKED),STRATEGY,YES,RETAIN_SINGLE_PRIMARY_ROLE_NO_SECONDARY_AUTHORITY
LS-MD-0111,book/Source_Mapping_Contract_LOCKED.md,44559844825D7E2AB556123C97DD192A32408BB7,3,6,Boundary,STRATEGY,YES,RETAIN_SINGLE_PRIMARY_ROLE_NO_SECONDARY_AUTHORITY
LS-MD-0111,book/Source_Mapping_Contract_LOCKED.md,44559844825D7E2AB556123C97DD192A32408BB7,7,20,Common normalized fields,STRATEGY,YES,RETAIN_SINGLE_PRIMARY_ROLE_NO_SECONDARY_AUTHORITY
LS-MD-0111,book/Source_Mapping_Contract_LOCKED.md,44559844825D7E2AB556123C97DD192A32408BB7,21,30,Mapping rules,STRATEGY,YES,RETAIN_SINGLE_PRIMARY_ROLE_NO_SECONDARY_AUTHORITY
LS-MD-0111,book/Source_Mapping_Contract_LOCKED.md,44559844825D7E2AB556123C97DD192A32408BB7,31,34,Missing versus not expected,STRATEGY,YES,RETAIN_SINGLE_PRIMARY_ROLE_NO_SECONDARY_AUTHORITY
LS-MD-0111,book/Source_Mapping_Contract_LOCKED.md,44559844825D7E2AB556123C97DD192A32408BB7,35,37,Correction,STRATEGY,YES,RETAIN_SINGLE_PRIMARY_ROLE_NO_SECONDARY_AUTHORITY
LS-MD-0112,book/Symbol_Lifecycle_and_Mapping_Contract.md,5A12D46592E1415401B8BCF707026CBD9C44CA05,1,2,Symbol Lifecycle and Mapping Contract (LOCKED),STRATEGY,YES,RETAIN_SINGLE_PRIMARY_ROLE_NO_SECONDARY_AUTHORITY
LS-MD-0112,book/Symbol_Lifecycle_and_Mapping_Contract.md,5A12D46592E1415401B8BCF707026CBD9C44CA05,3,6,Purpose,STRATEGY,YES,RETAIN_SINGLE_PRIMARY_ROLE_NO_SECONDARY_AUTHORITY
LS-MD-0112,book/Symbol_Lifecycle_and_Mapping_Contract.md,5A12D46592E1415401B8BCF707026CBD9C44CA05,7,10,Core rule (LOCKED),STRATEGY,YES,RETAIN_SINGLE_PRIMARY_ROLE_NO_SECONDARY_AUTHORITY
LS-MD-0112,book/Symbol_Lifecycle_and_Mapping_Contract.md,5A12D46592E1415401B8BCF707026CBD9C44CA05,11,25,Required mapping record,STRATEGY,YES,RETAIN_SINGLE_PRIMARY_ROLE_NO_SECONDARY_AUTHORITY
LS-MD-0112,book/Symbol_Lifecycle_and_Mapping_Contract.md,5A12D46592E1415401B8BCF707026CBD9C44CA05,26,34,Lifecycle rules (LOCKED),STRATEGY,YES,RETAIN_SINGLE_PRIMARY_ROLE_NO_SECONDARY_AUTHORITY
LS-MD-0112,book/Symbol_Lifecycle_and_Mapping_Contract.md,5A12D46592E1415401B8BCF707026CBD9C44CA05,35,43,Uniqueness and ambiguity rules (LOCKED),STRATEGY,YES,RETAIN_SINGLE_PRIMARY_ROLE_NO_SECONDARY_AUTHORITY
LS-MD-0112,book/Symbol_Lifecycle_and_Mapping_Contract.md,5A12D46592E1415401B8BCF707026CBD9C44CA05,44,47,Observation and publication binding,STRATEGY,YES,RETAIN_SINGLE_PRIMARY_ROLE_NO_SECONDARY_AUTHORITY
LS-MD-0112,book/Symbol_Lifecycle_and_Mapping_Contract.md,5A12D46592E1415401B8BCF707026CBD9C44CA05,48,51,Historical replay rule (LOCKED),STRATEGY,YES,RETAIN_SINGLE_PRIMARY_ROLE_NO_SECONDARY_AUTHORITY
LS-MD-0112,book/Symbol_Lifecycle_and_Mapping_Contract.md,5A12D46592E1415401B8BCF707026CBD9C44CA05,52,58,Failure behavior,STRATEGY,YES,RETAIN_SINGLE_PRIMARY_ROLE_NO_SECONDARY_AUTHORITY
LS-MD-0112,book/Symbol_Lifecycle_and_Mapping_Contract.md,5A12D46592E1415401B8BCF707026CBD9C44CA05,59,70,Capability boundary (LOCKED),STRATEGY,YES,RETAIN_SINGLE_PRIMARY_ROLE_NO_SECONDARY_AUTHORITY
LS-MD-0112,book/Symbol_Lifecycle_and_Mapping_Contract.md,5A12D46592E1415401B8BCF707026CBD9C44CA05,71,76,Acceptance criterion (LOCKED),STRATEGY,YES,RETAIN_SINGLE_PRIMARY_ROLE_NO_SECONDARY_AUTHORITY
LS-MD-0112,book/Symbol_Lifecycle_and_Mapping_Contract.md,5A12D46592E1415401B8BCF707026CBD9C44CA05,77,82,Cross-contract alignment,STRATEGY,YES,RETAIN_SINGLE_PRIMARY_ROLE_NO_SECONDARY_AUTHORITY
LS-MD-0113,book/Terminology_and_Scope.md,A2FD4CCF6D8FEE0A3308D5B188BCA8AA8AE098EE,1,2,Terminology and Scope,STRATEGY,YES,RETAIN_SINGLE_PRIMARY_ROLE_NO_SECONDARY_AUTHORITY
LS-MD-0113,book/Terminology_and_Scope.md,A2FD4CCF6D8FEE0A3308D5B188BCA8AA8AE098EE,3,10,Purpose,STRATEGY,YES,RETAIN_SINGLE_PRIMARY_ROLE_NO_SECONDARY_AUTHORITY
LS-MD-0113,book/Terminology_and_Scope.md,A2FD4CCF6D8FEE0A3308D5B188BCA8AA8AE098EE,11,25,`decision-grade` (LOCKED),STRATEGY,YES,RETAIN_SINGLE_PRIMARY_ROLE_NO_SECONDARY_AUTHORITY
LS-MD-0113,book/Terminology_and_Scope.md,A2FD4CCF6D8FEE0A3308D5B188BCA8AA8AE098EE,26,61,"Market, horizon, and session scope (LOCKED)",STRATEGY,YES,RETAIN_SINGLE_PRIMARY_ROLE_NO_SECONDARY_AUTHORITY
LS-MD-0113,book/Terminology_and_Scope.md,A2FD4CCF6D8FEE0A3308D5B188BCA8AA8AE098EE,62,99,Dataset and operational time boundaries (LOCKED),STRATEGY,YES,RETAIN_SINGLE_PRIMARY_ROLE_NO_SECONDARY_AUTHORITY
LS-MD-0113,book/Terminology_and_Scope.md,A2FD4CCF6D8FEE0A3308D5B188BCA8AA8AE098EE,100,123,Scope of Market Data Platform (LOCKED),STRATEGY,YES,RETAIN_SINGLE_PRIMARY_ROLE_NO_SECONDARY_AUTHORITY
LS-MD-0113,book/Terminology_and_Scope.md,A2FD4CCF6D8FEE0A3308D5B188BCA8AA8AE098EE,124,145,Price-product terminology (LOCKED),STRATEGY,YES,RETAIN_SINGLE_PRIMARY_ROLE_NO_SECONDARY_AUTHORITY
LS-MD-0113,book/Terminology_and_Scope.md,A2FD4CCF6D8FEE0A3308D5B188BCA8AA8AE098EE,146,212,Phase terminology (LOCKED),STRATEGY,YES,RETAIN_SINGLE_PRIMARY_ROLE_NO_SECONDARY_AUTHORITY
LS-MD-0113,book/Terminology_and_Scope.md,A2FD4CCF6D8FEE0A3308D5B188BCA8AA8AE098EE,213,238,"Coverage, quality, and eligibility terminology (LOCKED)",STRATEGY,YES,RETAIN_SINGLE_PRIMARY_ROLE_NO_SECONDARY_AUTHORITY
LS-MD-0113,book/Terminology_and_Scope.md,A2FD4CCF6D8FEE0A3308D5B188BCA8AA8AE098EE,239,276,Publication and date terminology (LOCKED),STRATEGY,YES,RETAIN_SINGLE_PRIMARY_ROLE_NO_SECONDARY_AUTHORITY
LS-MD-0113,book/Terminology_and_Scope.md,A2FD4CCF6D8FEE0A3308D5B188BCA8AA8AE098EE,277,298,Locked interpretation rules,STRATEGY,YES,RETAIN_SINGLE_PRIMARY_ROLE_NO_SECONDARY_AUTHORITY
LS-MD-0113,book/Terminology_and_Scope.md,A2FD4CCF6D8FEE0A3308D5B188BCA8AA8AE098EE,299,320,Term ownership register (LOCKED),STRATEGY,YES,RETAIN_SINGLE_PRIMARY_ROLE_NO_SECONDARY_AUTHORITY
LS-MD-0113,book/Terminology_and_Scope.md,A2FD4CCF6D8FEE0A3308D5B188BCA8AA8AE098EE,321,331,Anti-domain-leak rule (LOCKED),STRATEGY,YES,RETAIN_SINGLE_PRIMARY_ROLE_NO_SECONDARY_AUTHORITY
LS-MD-0114,book/Tickers_and_Identity_Dependency_Contract_LOCKED.md,0B0FA8C60D6547675456838E771894D65FF31B1E,1,2,Tickers and Identity Dependency Contract (LOCKED),STRATEGY,YES,RETAIN_SINGLE_PRIMARY_ROLE_NO_SECONDARY_AUTHORITY
LS-MD-0114,book/Tickers_and_Identity_Dependency_Contract_LOCKED.md,0B0FA8C60D6547675456838E771894D65FF31B1E,3,6,Purpose,STRATEGY,YES,RETAIN_SINGLE_PRIMARY_ROLE_NO_SECONDARY_AUTHORITY
LS-MD-0114,book/Tickers_and_Identity_Dependency_Contract_LOCKED.md,0B0FA8C60D6547675456838E771894D65FF31B1E,7,10,Ownership note,STRATEGY,YES,RETAIN_SINGLE_PRIMARY_ROLE_NO_SECONDARY_AUTHORITY
LS-MD-0114,book/Tickers_and_Identity_Dependency_Contract_LOCKED.md,0B0FA8C60D6547675456838E771894D65FF31B1E,11,22,Required identity layers (LOCKED),STRATEGY,YES,RETAIN_SINGLE_PRIMARY_ROLE_NO_SECONDARY_AUTHORITY
LS-MD-0114,book/Tickers_and_Identity_Dependency_Contract_LOCKED.md,0B0FA8C60D6547675456838E771894D65FF31B1E,23,35,Temporal fields (LOCKED),STRATEGY,YES,RETAIN_SINGLE_PRIMARY_ROLE_NO_SECONDARY_AUTHORITY
LS-MD-0114,book/Tickers_and_Identity_Dependency_Contract_LOCKED.md,0B0FA8C60D6547675456838E771894D65FF31B1E,36,48,Historical universe rule (LOCKED),STRATEGY,YES,RETAIN_SINGLE_PRIMARY_ROLE_NO_SECONDARY_AUTHORITY
LS-MD-0114,book/Tickers_and_Identity_Dependency_Contract_LOCKED.md,0B0FA8C60D6547675456838E771894D65FF31B1E,49,54,`is_active` boundary (LOCKED),STRATEGY,YES,RETAIN_SINGLE_PRIMARY_ROLE_NO_SECONDARY_AUTHORITY
LS-MD-0114,book/Tickers_and_Identity_Dependency_Contract_LOCKED.md,0B0FA8C60D6547675456838E771894D65FF31B1E,55,63,Stable-key rules (LOCKED),STRATEGY,YES,RETAIN_SINGLE_PRIMARY_ROLE_NO_SECONDARY_AUTHORITY
LS-MD-0114,book/Tickers_and_Identity_Dependency_Contract_LOCKED.md,0B0FA8C60D6547675456838E771894D65FF31B1E,64,78,Required point-in-time resolution output,STRATEGY,YES,RETAIN_SINGLE_PRIMARY_ROLE_NO_SECONDARY_AUTHORITY
LS-MD-0114,book/Tickers_and_Identity_Dependency_Contract_LOCKED.md,0B0FA8C60D6547675456838E771894D65FF31B1E,79,85,Failure behavior (LOCKED),STRATEGY,YES,RETAIN_SINGLE_PRIMARY_ROLE_NO_SECONDARY_AUTHORITY
LS-MD-0114,book/Tickers_and_Identity_Dependency_Contract_LOCKED.md,0B0FA8C60D6547675456838E771894D65FF31B1E,86,89,Consumer impact,STRATEGY,YES,RETAIN_SINGLE_PRIMARY_ROLE_NO_SECONDARY_AUTHORITY
LS-MD-0114,book/Tickers_and_Identity_Dependency_Contract_LOCKED.md,0B0FA8C60D6547675456838E771894D65FF31B1E,90,114,Capability boundary (LOCKED),STRATEGY,YES,RETAIN_SINGLE_PRIMARY_ROLE_NO_SECONDARY_AUTHORITY
LS-MD-0114,book/Tickers_and_Identity_Dependency_Contract_LOCKED.md,0B0FA8C60D6547675456838E771894D65FF31B1E,115,124,Legacy `ticker_id` retirement (LOCKED),STRATEGY,YES,RETAIN_SINGLE_PRIMARY_ROLE_NO_SECONDARY_AUTHORITY
LS-MD-0114,book/Tickers_and_Identity_Dependency_Contract_LOCKED.md,0B0FA8C60D6547675456838E771894D65FF31B1E,125,130,Acceptance criterion (LOCKED),STRATEGY,YES,RETAIN_SINGLE_PRIMARY_ROLE_NO_SECONDARY_AUTHORITY
LS-MD-0114,book/Tickers_and_Identity_Dependency_Contract_LOCKED.md,0B0FA8C60D6547675456838E771894D65FF31B1E,131,136,Cross-contract alignment,STRATEGY,YES,RETAIN_SINGLE_PRIMARY_ROLE_NO_SECONDARY_AUTHORITY
LS-MD-0115,book/Trading_Status_Source_Contract_LOCKED.md,AB4F6A09AE650981626ACD9D352210417FE6B429,1,2,Trading Status Source Contract (LOCKED),STRATEGY,YES,RETAIN_SINGLE_PRIMARY_ROLE_NO_SECONDARY_AUTHORITY
LS-MD-0115,book/Trading_Status_Source_Contract_LOCKED.md,AB4F6A09AE650981626ACD9D352210417FE6B429,3,6,Purpose,STRATEGY,YES,RETAIN_SINGLE_PRIMARY_ROLE_NO_SECONDARY_AUTHORITY
LS-MD-0115,book/Trading_Status_Source_Contract_LOCKED.md,AB4F6A09AE650981626ACD9D352210417FE6B429,7,10,Core rule (LOCKED),STRATEGY,YES,RETAIN_SINGLE_PRIMARY_ROLE_NO_SECONDARY_AUTHORITY
LS-MD-0115,book/Trading_Status_Source_Contract_LOCKED.md,AB4F6A09AE650981626ACD9D352210417FE6B429,11,27,Required status record,STRATEGY,YES,RETAIN_SINGLE_PRIMARY_ROLE_NO_SECONDARY_AUTHORITY
LS-MD-0115,book/Trading_Status_Source_Contract_LOCKED.md,AB4F6A09AE650981626ACD9D352210417FE6B429,28,59,Source authority (LOCKED),STRATEGY,YES,RETAIN_SINGLE_PRIMARY_ROLE_NO_SECONDARY_AUTHORITY
LS-MD-0115,book/Trading_Status_Source_Contract_LOCKED.md,AB4F6A09AE650981626ACD9D352210417FE6B429,60,68,Temporal state resolution (LOCKED),STRATEGY,YES,RETAIN_SINGLE_PRIMARY_ROLE_NO_SECONDARY_AUTHORITY
LS-MD-0115,book/Trading_Status_Source_Contract_LOCKED.md,AB4F6A09AE650981626ACD9D352210417FE6B429,69,80,Expected-bar interaction (LOCKED),STRATEGY,YES,RETAIN_SINGLE_PRIMARY_ROLE_NO_SECONDARY_AUTHORITY
LS-MD-0115,book/Trading_Status_Source_Contract_LOCKED.md,AB4F6A09AE650981626ACD9D352210417FE6B429,81,87,"Quality, event-risk, and eligibility interaction",STRATEGY,YES,RETAIN_SINGLE_PRIMARY_ROLE_NO_SECONDARY_AUTHORITY
LS-MD-0115,book/Trading_Status_Source_Contract_LOCKED.md,AB4F6A09AE650981626ACD9D352210417FE6B429,88,94,Source and revision safety,STRATEGY,YES,RETAIN_SINGLE_PRIMARY_ROLE_NO_SECONDARY_AUTHORITY
LS-MD-0115,book/Trading_Status_Source_Contract_LOCKED.md,AB4F6A09AE650981626ACD9D352210417FE6B429,95,101,Failure behavior,STRATEGY,YES,RETAIN_SINGLE_PRIMARY_ROLE_NO_SECONDARY_AUTHORITY
LS-MD-0115,book/Trading_Status_Source_Contract_LOCKED.md,AB4F6A09AE650981626ACD9D352210417FE6B429,102,125,Capability boundary (LOCKED),STRATEGY,YES,RETAIN_SINGLE_PRIMARY_ROLE_NO_SECONDARY_AUTHORITY
LS-MD-0115,book/Trading_Status_Source_Contract_LOCKED.md,AB4F6A09AE650981626ACD9D352210417FE6B429,126,129,Acceptance criterion (LOCKED),STRATEGY,YES,RETAIN_SINGLE_PRIMARY_ROLE_NO_SECONDARY_AUTHORITY
LS-MD-0115,book/Trading_Status_Source_Contract_LOCKED.md,AB4F6A09AE650981626ACD9D352210417FE6B429,130,136,Cross-contract alignment,STRATEGY,YES,RETAIN_SINGLE_PRIMARY_ROLE_NO_SECONDARY_AUTHORITY
LS-MD-0116,book/Yahoo_Finance_Bootstrap_Source_Strategy.md,B0D717413191F6C7585328A724F5C6133BCBFDFA,1,2,YAHOO FINANCE BOOTSTRAP SOURCE STRATEGY,STRATEGY,YES,RETAIN_SINGLE_PRIMARY_ROLE_NO_SECONDARY_AUTHORITY
LS-MD-0116,book/Yahoo_Finance_Bootstrap_Source_Strategy.md,B0D717413191F6C7585328A724F5C6133BCBFDFA,3,13,Status,STRATEGY,YES,RETAIN_SINGLE_PRIMARY_ROLE_NO_SECONDARY_AUTHORITY
LS-MD-0116,book/Yahoo_Finance_Bootstrap_Source_Strategy.md,B0D717413191F6C7585328A724F5C6133BCBFDFA,14,32,Decision statement,STRATEGY,YES,RETAIN_SINGLE_PRIMARY_ROLE_NO_SECONDARY_AUTHORITY
LS-MD-0116,book/Yahoo_Finance_Bootstrap_Source_Strategy.md,B0D717413191F6C7585328A724F5C6133BCBFDFA,33,42,Current source roles (LOCKED),STRATEGY,YES,RETAIN_SINGLE_PRIMARY_ROLE_NO_SECONDARY_AUTHORITY
LS-MD-0116,book/Yahoo_Finance_Bootstrap_Source_Strategy.md,B0D717413191F6C7585328A724F5C6133BCBFDFA,43,59,Why Yahoo Finance is appropriate for the current phase,STRATEGY,YES,RETAIN_SINGLE_PRIMARY_ROLE_NO_SECONDARY_AUTHORITY
LS-MD-0116,book/Yahoo_Finance_Bootstrap_Source_Strategy.md,B0D717413191F6C7585328A724F5C6133BCBFDFA,60,75,Current-phase objective,STRATEGY,YES,RETAIN_SINGLE_PRIMARY_ROLE_NO_SECONDARY_AUTHORITY
LS-MD-0116,book/Yahoo_Finance_Bootstrap_Source_Strategy.md,B0D717413191F6C7585328A724F5C6133BCBFDFA,76,96,Non-negotiable safeguards while Yahoo Finance is active,STRATEGY,YES,RETAIN_SINGLE_PRIMARY_ROLE_NO_SECONDARY_AUTHORITY
LS-MD-0116,book/Yahoo_Finance_Bootstrap_Source_Strategy.md,B0D717413191F6C7585328A724F5C6133BCBFDFA,97,114,What is explicitly not required now,STRATEGY,YES,RETAIN_SINGLE_PRIMARY_ROLE_NO_SECONDARY_AUTHORITY
LS-MD-0116,book/Yahoo_Finance_Bootstrap_Source_Strategy.md,B0D717413191F6C7585328A724F5C6133BCBFDFA,115,152,Source continuity exposure (LOCKED),STRATEGY,YES,RETAIN_SINGLE_PRIMARY_ROLE_NO_SECONDARY_AUTHORITY
LS-MD-0116,book/Yahoo_Finance_Bootstrap_Source_Strategy.md,B0D717413191F6C7585328A724F5C6133BCBFDFA,153,183,Licensing basis (LOCKED),STRATEGY,YES,RETAIN_SINGLE_PRIMARY_ROLE_NO_SECONDARY_AUTHORITY
LS-MD-0116,book/Yahoo_Finance_Bootstrap_Source_Strategy.md,B0D717413191F6C7585328A724F5C6133BCBFDFA,184,199,Evidence that may justify a later paid-data decision,STRATEGY,YES,RETAIN_SINGLE_PRIMARY_ROLE_NO_SECONDARY_AUTHORITY
LS-MD-0116,book/Yahoo_Finance_Bootstrap_Source_Strategy.md,B0D717413191F6C7585328A724F5C6133BCBFDFA,200,207,Development and operational-activation boundary,STRATEGY,YES,RETAIN_SINGLE_PRIMARY_ROLE_NO_SECONDARY_AUTHORITY
LS-MD-0116,book/Yahoo_Finance_Bootstrap_Source_Strategy.md,B0D717413191F6C7585328A724F5C6133BCBFDFA,208,223,"Future continuation direction, not current implementation scope",STRATEGY,YES,RETAIN_SINGLE_PRIMARY_ROLE_NO_SECONDARY_AUTHORITY
LS-MD-0116,book/Yahoo_Finance_Bootstrap_Source_Strategy.md,B0D717413191F6C7585328A724F5C6133BCBFDFA,224,263,Source capability matrix (LOCKED),STRATEGY,YES,RETAIN_SINGLE_PRIMARY_ROLE_NO_SECONDARY_AUTHORITY
LS-MD-0116,book/Yahoo_Finance_Bootstrap_Source_Strategy.md,B0D717413191F6C7585328A724F5C6133BCBFDFA,264,281,Strategy acceptance criteria (LOCKED),STRATEGY,YES,RETAIN_SINGLE_PRIMARY_ROLE_NO_SECONDARY_AUTHORITY
LS-MD-0116,book/Yahoo_Finance_Bootstrap_Source_Strategy.md,B0D717413191F6C7585328A724F5C6133BCBFDFA,282,292,Interpretation boundary,STRATEGY,YES,RETAIN_SINGLE_PRIMARY_ROLE_NO_SECONDARY_AUTHORITY
LS-MD-0117,db/Database_Schema_Contracts_MariaDB.md,AE7623C05C452252B58A0E742F729E64336B1927,1,2,Database Schema Contract — MariaDB (STRATEGY LOCKED),IMPLEMENTATION,YES,RETAIN_SINGLE_PRIMARY_ROLE_NO_SECONDARY_AUTHORITY
LS-MD-0117,db/Database_Schema_Contracts_MariaDB.md,AE7623C05C452252B58A0E742F729E64336B1927,3,8,Authority and rollout state,IMPLEMENTATION,YES,RETAIN_SINGLE_PRIMARY_ROLE_NO_SECONDARY_AUTHORITY
LS-MD-0117,db/Database_Schema_Contracts_MariaDB.md,AE7623C05C452252B58A0E742F729E64336B1927,9,106,Required model families,IMPLEMENTATION,YES,RETAIN_SINGLE_PRIMARY_ROLE_NO_SECONDARY_AUTHORITY
LS-MD-0117,db/Database_Schema_Contracts_MariaDB.md,AE7623C05C452252B58A0E742F729E64336B1927,107,120,Required integrity,IMPLEMENTATION,YES,RETAIN_SINGLE_PRIMARY_ROLE_NO_SECONDARY_AUTHORITY
LS-MD-0117,db/Database_Schema_Contracts_MariaDB.md,AE7623C05C452252B58A0E742F729E64336B1927,121,124,MariaDB/SQLite compatibility,IMPLEMENTATION,YES,RETAIN_SINGLE_PRIMARY_ROLE_NO_SECONDARY_AUTHORITY
LS-MD-0117,db/Database_Schema_Contracts_MariaDB.md,AE7623C05C452252B58A0E742F729E64336B1927,125,127,Migration acceptance,IMPLEMENTATION,YES,RETAIN_SINGLE_PRIMARY_ROLE_NO_SECONDARY_AUTHORITY
LS-MD-0119,db/DB_FIELDS_AND_METADATA.md,CC6C88F572DB9675B9A81EA5F3E59BFCDE9E1F2F,1,2,DB Fields & Metadata (Coverage Gate),IMPLEMENTATION,YES,RETAIN_SINGLE_PRIMARY_ROLE_NO_SECONDARY_AUTHORITY
LS-MD-0119,db/DB_FIELDS_AND_METADATA.md,CC6C88F572DB9675B9A81EA5F3E59BFCDE9E1F2F,3,4,Purpose,IMPLEMENTATION,YES,RETAIN_SINGLE_PRIMARY_ROLE_NO_SECONDARY_AUTHORITY
LS-MD-0119,db/DB_FIELDS_AND_METADATA.md,CC6C88F572DB9675B9A81EA5F3E59BFCDE9E1F2F,5,13,V2 strategy synchronization boundary (LOCKED 2026-08-08),IMPLEMENTATION,YES,RETAIN_SINGLE_PRIMARY_ROLE_NO_SECONDARY_AUTHORITY
LS-MD-0119,db/DB_FIELDS_AND_METADATA.md,CC6C88F572DB9675B9A81EA5F3E59BFCDE9E1F2F,14,53,Required eod_runs fields (LOCKED minimum),IMPLEMENTATION,YES,RETAIN_SINGLE_PRIMARY_ROLE_NO_SECONDARY_AUTHORITY
LS-MD-0119,db/DB_FIELDS_AND_METADATA.md,CC6C88F572DB9675B9A81EA5F3E59BFCDE9E1F2F,54,60,Why these fields are required,IMPLEMENTATION,YES,RETAIN_SINGLE_PRIMARY_ROLE_NO_SECONDARY_AUTHORITY
LS-MD-0119,db/DB_FIELDS_AND_METADATA.md,CC6C88F572DB9675B9A81EA5F3E59BFCDE9E1F2F,61,67,Required config metadata linkage,IMPLEMENTATION,YES,RETAIN_SINGLE_PRIMARY_ROLE_NO_SECONDARY_AUTHORITY
LS-MD-0119,db/DB_FIELDS_AND_METADATA.md,CC6C88F572DB9675B9A81EA5F3E59BFCDE9E1F2F,68,70,Replay / evidence mirror,IMPLEMENTATION,YES,RETAIN_SINGLE_PRIMARY_ROLE_NO_SECONDARY_AUTHORITY
LS-MD-0119,db/DB_FIELDS_AND_METADATA.md,CC6C88F572DB9675B9A81EA5F3E59BFCDE9E1F2F,71,79,Anti-ambiguity notes,IMPLEMENTATION,YES,RETAIN_SINGLE_PRIMARY_ROLE_NO_SECONDARY_AUTHORITY
LS-MD-0119,db/DB_FIELDS_AND_METADATA.md,CC6C88F572DB9675B9A81EA5F3E59BFCDE9E1F2F,80,102,Required eod_runs source traceability fields (session hardening minimum),IMPLEMENTATION,YES,RETAIN_SINGLE_PRIMARY_ROLE_NO_SECONDARY_AUTHORITY
LS-MD-0119,db/DB_FIELDS_AND_METADATA.md,CC6C88F572DB9675B9A81EA5F3E59BFCDE9E1F2F,103,115,Required eod_runs linkage/publishability fields (session hardening minimum),IMPLEMENTATION,YES,RETAIN_SINGLE_PRIMARY_ROLE_NO_SECONDARY_AUTHORITY
LS-MD-0119,db/DB_FIELDS_AND_METADATA.md,CC6C88F572DB9675B9A81EA5F3E59BFCDE9E1F2F,116,125,Required analytical product identity,IMPLEMENTATION,YES,RETAIN_SINGLE_PRIMARY_ROLE_NO_SECONDARY_AUTHORITY
LS-MD-0119,db/DB_FIELDS_AND_METADATA.md,CC6C88F572DB9675B9A81EA5F3E59BFCDE9E1F2F,126,151,Required exchange-market-structure metadata,IMPLEMENTATION,YES,RETAIN_SINGLE_PRIMARY_ROLE_NO_SECONDARY_AUTHORITY
LS-MD-0119,db/DB_FIELDS_AND_METADATA.md,CC6C88F572DB9675B9A81EA5F3E59BFCDE9E1F2F,152,204,Required Stage 8 reconstruction metadata,IMPLEMENTATION,YES,RETAIN_SINGLE_PRIMARY_ROLE_NO_SECONDARY_AUTHORITY
LS-MD-0119,db/DB_FIELDS_AND_METADATA.md,CC6C88F572DB9675B9A81EA5F3E59BFCDE9E1F2F,205,485,2026-04-26 — DB Schema Sync Metadata Addendum,IMPLEMENTATION,YES,RETAIN_SINGLE_PRIMARY_ROLE_NO_SECONDARY_AUTHORITY
LS-MD-0119,db/DB_FIELDS_AND_METADATA.md,CC6C88F572DB9675B9A81EA5F3E59BFCDE9E1F2F,486,495,Database Dictionary Cross-Reference,IMPLEMENTATION,YES,RETAIN_SINGLE_PRIMARY_ROLE_NO_SECONDARY_AUTHORITY
LS-MD-0120,db/DB_Schema_And_Migration_Sync_Contract_LOCKED.md,A9023806E44659DF8A51BFE79968D95DDC2E5241,1,4,DB Schema and Migration Sync Contract (STRATEGY LOCKED),IMPLEMENTATION,YES,RETAIN_SINGLE_PRIMARY_ROLE_NO_SECONDARY_AUTHORITY
LS-MD-0120,db/DB_Schema_And_Migration_Sync_Contract_LOCKED.md,A9023806E44659DF8A51BFE79968D95DDC2E5241,5,15,Authority order,IMPLEMENTATION,YES,RETAIN_SINGLE_PRIMARY_ROLE_NO_SECONDARY_AUTHORITY
LS-MD-0120,db/DB_Schema_And_Migration_Sync_Contract_LOCKED.md,A9023806E44659DF8A51BFE79968D95DDC2E5241,16,23,Synchronization rule,IMPLEMENTATION,YES,RETAIN_SINGLE_PRIMARY_ROLE_NO_SECONDARY_AUTHORITY
LS-MD-0120,db/DB_Schema_And_Migration_Sync_Contract_LOCKED.md,A9023806E44659DF8A51BFE79968D95DDC2E5241,24,41,Drift detection is required (LOCKED),IMPLEMENTATION,YES,RETAIN_SINGLE_PRIMARY_ROLE_NO_SECONDARY_AUTHORITY
LS-MD-0120,db/DB_Schema_And_Migration_Sync_Contract_LOCKED.md,A9023806E44659DF8A51BFE79968D95DDC2E5241,42,57,V2 rollout matrix,IMPLEMENTATION,YES,RETAIN_SINGLE_PRIMARY_ROLE_NO_SECONDARY_AUTHORITY
LS-MD-0120,db/DB_Schema_And_Migration_Sync_Contract_LOCKED.md,A9023806E44659DF8A51BFE79968D95DDC2E5241,58,63,SQLite mirror,IMPLEMENTATION,YES,RETAIN_SINGLE_PRIMARY_ROLE_NO_SECONDARY_AUTHORITY
LS-MD-0120,db/DB_Schema_And_Migration_Sync_Contract_LOCKED.md,A9023806E44659DF8A51BFE79968D95DDC2E5241,64,74,Migration policy,IMPLEMENTATION,YES,RETAIN_SINGLE_PRIMARY_ROLE_NO_SECONDARY_AUTHORITY
LS-MD-0120,db/DB_Schema_And_Migration_Sync_Contract_LOCKED.md,A9023806E44659DF8A51BFE79968D95DDC2E5241,75,77,Acceptance evidence,IMPLEMENTATION,YES,RETAIN_SINGLE_PRIMARY_ROLE_NO_SECONDARY_AUTHORITY
LS-MD-0123,db/Indices_and_Constraints_Contract_LOCKED.md,1D6C0663CD9918E5D5123C7A303CB5063FF5192F,1,2,Indices and Constraints Contract (LOCKED),IMPLEMENTATION,YES,RETAIN_SINGLE_PRIMARY_ROLE_NO_SECONDARY_AUTHORITY
LS-MD-0123,db/Indices_and_Constraints_Contract_LOCKED.md,1D6C0663CD9918E5D5123C7A303CB5063FF5192F,3,9,Purpose,IMPLEMENTATION,YES,RETAIN_SINGLE_PRIMARY_ROLE_NO_SECONDARY_AUTHORITY
LS-MD-0123,db/Indices_and_Constraints_Contract_LOCKED.md,1D6C0663CD9918E5D5123C7A303CB5063FF5192F,10,33,Required unique-key semantics (LOCKED),IMPLEMENTATION,YES,RETAIN_SINGLE_PRIMARY_ROLE_NO_SECONDARY_AUTHORITY
LS-MD-0123,db/Indices_and_Constraints_Contract_LOCKED.md,1D6C0663CD9918E5D5123C7A303CB5063FF5192F,34,81,Required supporting indexes,IMPLEMENTATION,YES,RETAIN_SINGLE_PRIMARY_ROLE_NO_SECONDARY_AUTHORITY
LS-MD-0123,db/Indices_and_Constraints_Contract_LOCKED.md,1D6C0663CD9918E5D5123C7A303CB5063FF5192F,82,90,Integrity semantics that may require application enforcement,IMPLEMENTATION,YES,RETAIN_SINGLE_PRIMARY_ROLE_NO_SECONDARY_AUTHORITY
LS-MD-0123,db/Indices_and_Constraints_Contract_LOCKED.md,1D6C0663CD9918E5D5123C7A303CB5063FF5192F,91,102,Foreign-key guidance,IMPLEMENTATION,YES,RETAIN_SINGLE_PRIMARY_ROLE_NO_SECONDARY_AUTHORITY
LS-MD-0123,db/Indices_and_Constraints_Contract_LOCKED.md,1D6C0663CD9918E5D5123C7A303CB5063FF5192F,103,110,Queryability rule (LOCKED),IMPLEMENTATION,YES,RETAIN_SINGLE_PRIMARY_ROLE_NO_SECONDARY_AUTHORITY
LS-MD-0123,db/Indices_and_Constraints_Contract_LOCKED.md,1D6C0663CD9918E5D5123C7A303CB5063FF5192F,111,115,Anti-ambiguity rule (LOCKED),IMPLEMENTATION,YES,RETAIN_SINGLE_PRIMARY_ROLE_NO_SECONDARY_AUTHORITY
LS-MD-0123,db/Indices_and_Constraints_Contract_LOCKED.md,1D6C0663CD9918E5D5123C7A303CB5063FF5192F,116,129,2026-04-26 — Schema Sync Index Addendum,IMPLEMENTATION,YES,RETAIN_SINGLE_PRIMARY_ROLE_NO_SECONDARY_AUTHORITY
LS-MD-0123,db/Indices_and_Constraints_Contract_LOCKED.md,1D6C0663CD9918E5D5123C7A303CB5063FF5192F,130,164,2026-05-19 - DB Schema / Migration Sync Addendum,IMPLEMENTATION,YES,RETAIN_SINGLE_PRIMARY_ROLE_NO_SECONDARY_AUTHORITY
LS-MD-0124,db/MARKET_DATA_DICTIONARY.md,C0513D183E680F5B20F41F654EBA4D46589999AA,1,4,Market Data Database Dictionary,IMPLEMENTATION,YES,RETAIN_SINGLE_PRIMARY_ROLE_NO_SECONDARY_AUTHORITY
LS-MD-0124,db/MARKET_DATA_DICTIONARY.md,C0513D183E680F5B20F41F654EBA4D46589999AA,5,10,Reading rule,IMPLEMENTATION,YES,RETAIN_SINGLE_PRIMARY_ROLE_NO_SECONDARY_AUTHORITY
LS-MD-0124,db/MARKET_DATA_DICTIONARY.md,C0513D183E680F5B20F41F654EBA4D46589999AA,11,19,Time vocabulary,IMPLEMENTATION,YES,RETAIN_SINGLE_PRIMARY_ROLE_NO_SECONDARY_AUTHORITY
LS-MD-0124,db/MARKET_DATA_DICTIONARY.md,C0513D183E680F5B20F41F654EBA4D46589999AA,20,47,Acquisition and configuration,IMPLEMENTATION,YES,RETAIN_SINGLE_PRIMARY_ROLE_NO_SECONDARY_AUTHORITY
LS-MD-0124,db/MARKET_DATA_DICTIONARY.md,C0513D183E680F5B20F41F654EBA4D46589999AA,48,73,Temporal identity,IMPLEMENTATION,YES,RETAIN_SINGLE_PRIMARY_ROLE_NO_SECONDARY_AUTHORITY
LS-MD-0124,db/MARKET_DATA_DICTIONARY.md,C0513D183E680F5B20F41F654EBA4D46589999AA,74,95,"Calendar, status, sector, and benchmarks",IMPLEMENTATION,YES,RETAIN_SINGLE_PRIMARY_ROLE_NO_SECONDARY_AUTHORITY
LS-MD-0124,db/MARKET_DATA_DICTIONARY.md,C0513D183E680F5B20F41F654EBA4D46589999AA,96,119,Corporate actions and price products,IMPLEMENTATION,YES,RETAIN_SINGLE_PRIMARY_ROLE_NO_SECONDARY_AUTHORITY
LS-MD-0124,db/MARKET_DATA_DICTIONARY.md,C0513D183E680F5B20F41F654EBA4D46589999AA,120,137,Canonical bar artifacts,IMPLEMENTATION,YES,RETAIN_SINGLE_PRIMARY_ROLE_NO_SECONDARY_AUTHORITY
LS-MD-0124,db/MARKET_DATA_DICTIONARY.md,C0513D183E680F5B20F41F654EBA4D46589999AA,138,153,Indicators and daily metrics,IMPLEMENTATION,YES,RETAIN_SINGLE_PRIMARY_ROLE_NO_SECONDARY_AUTHORITY
LS-MD-0124,db/MARKET_DATA_DICTIONARY.md,C0513D183E680F5B20F41F654EBA4D46589999AA,154,165,Eligibility,IMPLEMENTATION,YES,RETAIN_SINGLE_PRIMARY_ROLE_NO_SECONDARY_AUTHORITY
LS-MD-0124,db/MARKET_DATA_DICTIONARY.md,C0513D183E680F5B20F41F654EBA4D46589999AA,166,219,"Runs, publications, and lineage",IMPLEMENTATION,YES,RETAIN_SINGLE_PRIMARY_ROLE_NO_SECONDARY_AUTHORITY
LS-MD-0124,db/MARKET_DATA_DICTIONARY.md,C0513D183E680F5B20F41F654EBA4D46589999AA,220,223,Replay and evidence tables,IMPLEMENTATION,YES,RETAIN_SINGLE_PRIMARY_ROLE_NO_SECONDARY_AUTHORITY
LS-MD-0124,db/MARKET_DATA_DICTIONARY.md,C0513D183E680F5B20F41F654EBA4D46589999AA,224,227,Consumer mapping,IMPLEMENTATION,YES,RETAIN_SINGLE_PRIMARY_ROLE_NO_SECONDARY_AUTHORITY
LS-MD-0124,db/MARKET_DATA_DICTIONARY.md,C0513D183E680F5B20F41F654EBA4D46589999AA,228,230,Synchronization gate,IMPLEMENTATION,YES,RETAIN_SINGLE_PRIMARY_ROLE_NO_SECONDARY_AUTHORITY
LS-MD-0125,db/Migration_Policy_LOCKED.md,21CE67A8635AC3697D1F676497FD50DB7806DC1A,1,6,Database Migration Policy (LOCKED),IMPLEMENTATION,YES,RETAIN_SINGLE_PRIMARY_ROLE_NO_SECONDARY_AUTHORITY
LS-MD-0127,db/Optional_Fetch_Failures_Table.md,08FC81AED7FD7F8DB166D6CBDC76055E49A06136,1,2,Optional Fetch Failures Table,IMPLEMENTATION,YES,RETAIN_SINGLE_PRIMARY_ROLE_NO_SECONDARY_AUTHORITY
LS-MD-0127,db/Optional_Fetch_Failures_Table.md,08FC81AED7FD7F8DB166D6CBDC76055E49A06136,3,14,Purpose,IMPLEMENTATION,YES,RETAIN_SINGLE_PRIMARY_ROLE_NO_SECONDARY_AUTHORITY
LS-MD-0127,db/Optional_Fetch_Failures_Table.md,08FC81AED7FD7F8DB166D6CBDC76055E49A06136,15,21,When to use,IMPLEMENTATION,YES,RETAIN_SINGLE_PRIMARY_ROLE_NO_SECONDARY_AUTHORITY
LS-MD-0127,db/Optional_Fetch_Failures_Table.md,08FC81AED7FD7F8DB166D6CBDC76055E49A06136,22,27,Minimum semantic role,IMPLEMENTATION,YES,RETAIN_SINGLE_PRIMARY_ROLE_NO_SECONDARY_AUTHORITY
LS-MD-0127,db/Optional_Fetch_Failures_Table.md,08FC81AED7FD7F8DB166D6CBDC76055E49A06136,28,41,Recommended columns,IMPLEMENTATION,YES,RETAIN_SINGLE_PRIMARY_ROLE_NO_SECONDARY_AUTHORITY
LS-MD-0127,db/Optional_Fetch_Failures_Table.md,08FC81AED7FD7F8DB166D6CBDC76055E49A06136,42,49,Reason-code rule (LOCKED),IMPLEMENTATION,YES,RETAIN_SINGLE_PRIMARY_ROLE_NO_SECONDARY_AUTHORITY
LS-MD-0127,db/Optional_Fetch_Failures_Table.md,08FC81AED7FD7F8DB166D6CBDC76055E49A06136,50,58,Non-blocking-table rule,IMPLEMENTATION,YES,RETAIN_SINGLE_PRIMARY_ROLE_NO_SECONDARY_AUTHORITY
LS-MD-0127,db/Optional_Fetch_Failures_Table.md,08FC81AED7FD7F8DB166D6CBDC76055E49A06136,59,71,Run-level distinction,IMPLEMENTATION,YES,RETAIN_SINGLE_PRIMARY_ROLE_NO_SECONDARY_AUTHORITY
LS-MD-0127,db/Optional_Fetch_Failures_Table.md,08FC81AED7FD7F8DB166D6CBDC76055E49A06136,72,74,Anti-ambiguity rule,IMPLEMENTATION,YES,RETAIN_SINGLE_PRIMARY_ROLE_NO_SECONDARY_AUTHORITY
LS-MD-0131,db/README.md,47708F02975C4C5F5BF8CA05471CC15DC15014E4,1,26,Market Data Database Documentation Index,IMPLEMENTATION,YES,RETAIN_SINGLE_PRIMARY_ROLE_NO_SECONDARY_AUTHORITY
LS-MD-0132,db/Schema_Enforcement_Notes_LOCKED.md,2A8D3FBE29C66A935B11DEFA6B7762B350278E6E,1,2,Schema Enforcement Notes (LOCKED),IMPLEMENTATION,YES,RETAIN_SINGLE_PRIMARY_ROLE_NO_SECONDARY_AUTHORITY
LS-MD-0132,db/Schema_Enforcement_Notes_LOCKED.md,2A8D3FBE29C66A935B11DEFA6B7762B350278E6E,3,12,Purpose,IMPLEMENTATION,YES,RETAIN_SINGLE_PRIMARY_ROLE_NO_SECONDARY_AUTHORITY
LS-MD-0132,db/Schema_Enforcement_Notes_LOCKED.md,2A8D3FBE29C66A935B11DEFA6B7762B350278E6E,13,21,Direct DB-enforced invariants,IMPLEMENTATION,YES,RETAIN_SINGLE_PRIMARY_ROLE_NO_SECONDARY_AUTHORITY
LS-MD-0132,db/Schema_Enforcement_Notes_LOCKED.md,2A8D3FBE29C66A935B11DEFA6B7762B350278E6E,22,32,Procedure/application-enforced invariants,IMPLEMENTATION,YES,RETAIN_SINGLE_PRIMARY_ROLE_NO_SECONDARY_AUTHORITY
LS-MD-0132,db/Schema_Enforcement_Notes_LOCKED.md,2A8D3FBE29C66A935B11DEFA6B7762B350278E6E,33,36,Why this distinction exists,IMPLEMENTATION,YES,RETAIN_SINGLE_PRIMARY_ROLE_NO_SECONDARY_AUTHORITY
LS-MD-0132,db/Schema_Enforcement_Notes_LOCKED.md,2A8D3FBE29C66A935B11DEFA6B7762B350278E6E,37,43,Required enforcement transparency (LOCKED),IMPLEMENTATION,YES,RETAIN_SINGLE_PRIMARY_ROLE_NO_SECONDARY_AUTHORITY
LS-MD-0132,db/Schema_Enforcement_Notes_LOCKED.md,2A8D3FBE29C66A935B11DEFA6B7762B350278E6E,44,56,Current mapping,IMPLEMENTATION,YES,RETAIN_SINGLE_PRIMARY_ROLE_NO_SECONDARY_AUTHORITY
LS-MD-0132,db/Schema_Enforcement_Notes_LOCKED.md,2A8D3FBE29C66A935B11DEFA6B7762B350278E6E,57,64,Required evidence sources,IMPLEMENTATION,YES,RETAIN_SINGLE_PRIMARY_ROLE_NO_SECONDARY_AUTHORITY
LS-MD-0132,db/Schema_Enforcement_Notes_LOCKED.md,2A8D3FBE29C66A935B11DEFA6B7762B350278E6E,65,70,Cross-contract alignment,IMPLEMENTATION,YES,RETAIN_SINGLE_PRIMARY_ROLE_NO_SECONDARY_AUTHORITY
LS-MD-0132,db/Schema_Enforcement_Notes_LOCKED.md,2A8D3FBE29C66A935B11DEFA6B7762B350278E6E,71,72,Anti-ambiguity rule (LOCKED),IMPLEMENTATION,YES,RETAIN_SINGLE_PRIMARY_ROLE_NO_SECONDARY_AUTHORITY
LS-MD-0141,evidence/README.md,B860FEE49ADB246B224A794CCB9E4F6D2376BA2B,1,2,Evidence Archive,HISTORY,YES,RETAIN_SINGLE_PRIMARY_ROLE_NO_SECONDARY_AUTHORITY
LS-MD-0141,evidence/README.md,B860FEE49ADB246B224A794CCB9E4F6D2376BA2B,3,7,Purpose,HISTORY,YES,RETAIN_SINGLE_PRIMARY_ROLE_NO_SECONDARY_AUTHORITY
LS-MD-0141,evidence/README.md,B860FEE49ADB246B224A794CCB9E4F6D2376BA2B,8,10,V2 interpretation rule,HISTORY,YES,RETAIN_SINGLE_PRIMARY_ROLE_NO_SECONDARY_AUTHORITY
LS-MD-0141,evidence/README.md,B860FEE49ADB246B224A794CCB9E4F6D2376BA2B,11,16,Evidence classes,HISTORY,YES,RETAIN_SINGLE_PRIMARY_ROLE_NO_SECONDARY_AUTHORITY
LS-MD-0141,evidence/README.md,B860FEE49ADB246B224A794CCB9E4F6D2376BA2B,17,23,Admission rule,HISTORY,YES,RETAIN_SINGLE_PRIMARY_ROLE_NO_SECONDARY_AUTHORITY
LS-MD-0141,evidence/README.md,B860FEE49ADB246B224A794CCB9E4F6D2376BA2B,24,35,Actual archived evidence only,HISTORY,YES,RETAIN_SINGLE_PRIMARY_ROLE_NO_SECONDARY_AUTHORITY
LS-MD-0141,evidence/README.md,B860FEE49ADB246B224A794CCB9E4F6D2376BA2B,36,47,Required bundle metadata,HISTORY,YES,RETAIN_SINGLE_PRIMARY_ROLE_NO_SECONDARY_AUTHORITY
LS-MD-0141,evidence/README.md,B860FEE49ADB246B224A794CCB9E4F6D2376BA2B,48,52,Evidence placement rule,HISTORY,YES,RETAIN_SINGLE_PRIMARY_ROLE_NO_SECONDARY_AUTHORITY
LS-MD-0141,evidence/README.md,B860FEE49ADB246B224A794CCB9E4F6D2376BA2B,53,60,Cross-contract alignment,HISTORY,YES,RETAIN_SINGLE_PRIMARY_ROLE_NO_SECONDARY_AUTHORITY
LS-MD-0141,evidence/README.md,B860FEE49ADB246B224A794CCB9E4F6D2376BA2B,61,68,Amendment 2026-05-26 - Mutation impact evidence,HISTORY,YES,RETAIN_SINGLE_PRIMARY_ROLE_NO_SECONDARY_AUTHORITY
LS-MD-0141,evidence/README.md,B860FEE49ADB246B224A794CCB9E4F6D2376BA2B,69,77,Amendment 2026-05-27 - Reprocess execution evidence,HISTORY,YES,RETAIN_SINGLE_PRIMARY_ROLE_NO_SECONDARY_AUTHORITY
LS-MD-0141,evidence/README.md,B860FEE49ADB246B224A794CCB9E4F6D2376BA2B,78,84,2026-05-27 - Publication Reprocess Evidence,HISTORY,YES,RETAIN_SINGLE_PRIMARY_ROLE_NO_SECONDARY_AUTHORITY
LS-MD-0141,evidence/README.md,B860FEE49ADB246B224A794CCB9E4F6D2376BA2B,85,98,Amendment 2026-05-27 - Final readable auto-correction evidence rule,HISTORY,YES,RETAIN_SINGLE_PRIMARY_ROLE_NO_SECONDARY_AUTHORITY
LS-MD-0145,evidence/runs/run_8124/anomaly_report.md,4530DD5050EB86611B25514ED0175A87BA3E6A35,1,11,Anomaly Report — run_8124,EVIDENCE,YES,RETAIN_SINGLE_PRIMARY_ROLE_NO_SECONDARY_AUTHORITY
LS-MD-0153,evidence/runs/run_8131_requested_date_failed/failure_report.md,5E109993D80A782BEC3D848E9B1A1F81B18BEF73,1,11,Failure Report — run_8131_requested_date_failed,EVIDENCE,YES,RETAIN_SINGLE_PRIMARY_ROLE_NO_SECONDARY_AUTHORITY
LS-MD-0161,examples/ARCHIVED_EVIDENCE_FOLDER_STRUCTURE_LOCKED.md,0747973DD748927D6E1C17BC3A9E113303CA2088,1,5,Archived Evidence Folder Structure (LOCKED),IMPLEMENTATION,YES,RETAIN_SINGLE_PRIMARY_ROLE_NO_SECONDARY_AUTHORITY
LS-MD-0161,examples/ARCHIVED_EVIDENCE_FOLDER_STRUCTURE_LOCKED.md,0747973DD748927D6E1C17BC3A9E113303CA2088,6,10,Purpose,IMPLEMENTATION,YES,RETAIN_SINGLE_PRIMARY_ROLE_NO_SECONDARY_AUTHORITY
LS-MD-0161,examples/ARCHIVED_EVIDENCE_FOLDER_STRUCTURE_LOCKED.md,0747973DD748927D6E1C17BC3A9E113303CA2088,11,18,Recommended top-level structure,IMPLEMENTATION,YES,RETAIN_SINGLE_PRIMARY_ROLE_NO_SECONDARY_AUTHORITY
LS-MD-0161,examples/ARCHIVED_EVIDENCE_FOLDER_STRUCTURE_LOCKED.md,0747973DD748927D6E1C17BC3A9E113303CA2088,19,60,Recommended structure by class,IMPLEMENTATION,YES,RETAIN_SINGLE_PRIMARY_ROLE_NO_SECONDARY_AUTHORITY
LS-MD-0161,examples/ARCHIVED_EVIDENCE_FOLDER_STRUCTURE_LOCKED.md,0747973DD748927D6E1C17BC3A9E113303CA2088,61,67,Required labeling,IMPLEMENTATION,YES,RETAIN_SINGLE_PRIMARY_ROLE_NO_SECONDARY_AUTHORITY
LS-MD-0161,examples/ARCHIVED_EVIDENCE_FOLDER_STRUCTURE_LOCKED.md,0747973DD748927D6E1C17BC3A9E113303CA2088,68,73,Redaction rule,IMPLEMENTATION,YES,RETAIN_SINGLE_PRIMARY_ROLE_NO_SECONDARY_AUTHORITY
LS-MD-0161,examples/ARCHIVED_EVIDENCE_FOLDER_STRUCTURE_LOCKED.md,0747973DD748927D6E1C17BC3A9E113303CA2088,74,81,Relationship to examples,IMPLEMENTATION,YES,RETAIN_SINGLE_PRIMARY_ROLE_NO_SECONDARY_AUTHORITY
LS-MD-0161,examples/ARCHIVED_EVIDENCE_FOLDER_STRUCTURE_LOCKED.md,0747973DD748927D6E1C17BC3A9E113303CA2088,82,88,Cross-contract alignment,IMPLEMENTATION,YES,RETAIN_SINGLE_PRIMARY_ROLE_NO_SECONDARY_AUTHORITY
LS-MD-0161,examples/ARCHIVED_EVIDENCE_FOLDER_STRUCTURE_LOCKED.md,0747973DD748927D6E1C17BC3A9E113303CA2088,89,90,Anti-ambiguity rule (LOCKED),IMPLEMENTATION,YES,RETAIN_SINGLE_PRIMARY_ROLE_NO_SECONDARY_AUTHORITY
LS-MD-0161,examples/ARCHIVED_EVIDENCE_FOLDER_STRUCTURE_LOCKED.md,0747973DD748927D6E1C17BC3A9E113303CA2088,91,93,Canonical artifact-name rule,IMPLEMENTATION,YES,RETAIN_SINGLE_PRIMARY_ROLE_NO_SECONDARY_AUTHORITY
LS-MD-0162,examples/Executed_Correction_Diff_Example_LOCKED.md,1F6536676CCFF853D81B8AE312F94BD462009036,1,5,Executed Correction Diff Example (LOCKED),IMPLEMENTATION,YES,RETAIN_SINGLE_PRIMARY_ROLE_NO_SECONDARY_AUTHORITY
LS-MD-0162,examples/Executed_Correction_Diff_Example_LOCKED.md,1F6536676CCFF853D81B8AE312F94BD462009036,6,8,Purpose,IMPLEMENTATION,YES,RETAIN_SINGLE_PRIMARY_ROLE_NO_SECONDARY_AUTHORITY
LS-MD-0162,examples/Executed_Correction_Diff_Example_LOCKED.md,1F6536676CCFF853D81B8AE312F94BD462009036,9,32,Example — Executed correction diff,IMPLEMENTATION,YES,RETAIN_SINGLE_PRIMARY_ROLE_NO_SECONDARY_AUTHORITY
LS-MD-0162,examples/Executed_Correction_Diff_Example_LOCKED.md,1F6536676CCFF853D81B8AE312F94BD462009036,33,39,Supporting note,IMPLEMENTATION,YES,RETAIN_SINGLE_PRIMARY_ROLE_NO_SECONDARY_AUTHORITY
LS-MD-0162,examples/Executed_Correction_Diff_Example_LOCKED.md,1F6536676CCFF853D81B8AE312F94BD462009036,40,43,What this proves,IMPLEMENTATION,YES,RETAIN_SINGLE_PRIMARY_ROLE_NO_SECONDARY_AUTHORITY
LS-MD-0163,examples/Executed_Publication_Manifest_Example_LOCKED.md,9B3E5CEFC7EFCD9747A8CC0BA7234505B2EF6084,1,5,Executed Publication Manifest Example (LOCKED),IMPLEMENTATION,YES,RETAIN_SINGLE_PRIMARY_ROLE_NO_SECONDARY_AUTHORITY
LS-MD-0163,examples/Executed_Publication_Manifest_Example_LOCKED.md,9B3E5CEFC7EFCD9747A8CC0BA7234505B2EF6084,6,8,Purpose,IMPLEMENTATION,YES,RETAIN_SINGLE_PRIMARY_ROLE_NO_SECONDARY_AUTHORITY
LS-MD-0163,examples/Executed_Publication_Manifest_Example_LOCKED.md,9B3E5CEFC7EFCD9747A8CC0BA7234505B2EF6084,9,29,Example — Current publication manifest,IMPLEMENTATION,YES,RETAIN_SINGLE_PRIMARY_ROLE_NO_SECONDARY_AUTHORITY
LS-MD-0163,examples/Executed_Publication_Manifest_Example_LOCKED.md,9B3E5CEFC7EFCD9747A8CC0BA7234505B2EF6084,30,50,Example — Superseded publication manifest,IMPLEMENTATION,YES,RETAIN_SINGLE_PRIMARY_ROLE_NO_SECONDARY_AUTHORITY
LS-MD-0163,examples/Executed_Publication_Manifest_Example_LOCKED.md,9B3E5CEFC7EFCD9747A8CC0BA7234505B2EF6084,51,55,What this proves,IMPLEMENTATION,YES,RETAIN_SINGLE_PRIMARY_ROLE_NO_SECONDARY_AUTHORITY
LS-MD-0164,examples/Executed_Replay_Evidence_Example_LOCKED.md,3ABBA7451A677E45997570F2C790D08B70AED6E1,1,5,Executed Replay Evidence Example (LOCKED),IMPLEMENTATION,YES,RETAIN_SINGLE_PRIMARY_ROLE_NO_SECONDARY_AUTHORITY
LS-MD-0164,examples/Executed_Replay_Evidence_Example_LOCKED.md,3ABBA7451A677E45997570F2C790D08B70AED6E1,6,8,Purpose,IMPLEMENTATION,YES,RETAIN_SINGLE_PRIMARY_ROLE_NO_SECONDARY_AUTHORITY
LS-MD-0164,examples/Executed_Replay_Evidence_Example_LOCKED.md,3ABBA7451A677E45997570F2C790D08B70AED6E1,9,33,Example — Executed `replay_result.json`,IMPLEMENTATION,YES,RETAIN_SINGLE_PRIMARY_ROLE_NO_SECONDARY_AUTHORITY
LS-MD-0164,examples/Executed_Replay_Evidence_Example_LOCKED.md,3ABBA7451A677E45997570F2C790D08B70AED6E1,34,40,What this proves,IMPLEMENTATION,YES,RETAIN_SINGLE_PRIMARY_ROLE_NO_SECONDARY_AUTHORITY
LS-MD-0164,examples/Executed_Replay_Evidence_Example_LOCKED.md,3ABBA7451A677E45997570F2C790D08B70AED6E1,41,45,Locked note,IMPLEMENTATION,YES,RETAIN_SINGLE_PRIMARY_ROLE_NO_SECONDARY_AUTHORITY
LS-MD-0165,examples/Executed_Run_Evidence_Bundle_Example_LOCKED.md,4B56A967C1CFC88A1E0A14C5FB1708DA2E0EC6D6,1,5,Executed Run Evidence Bundle Example (LOCKED),IMPLEMENTATION,YES,RETAIN_SINGLE_PRIMARY_ROLE_NO_SECONDARY_AUTHORITY
LS-MD-0165,examples/Executed_Run_Evidence_Bundle_Example_LOCKED.md,4B56A967C1CFC88A1E0A14C5FB1708DA2E0EC6D6,6,8,Purpose,IMPLEMENTATION,YES,RETAIN_SINGLE_PRIMARY_ROLE_NO_SECONDARY_AUTHORITY
LS-MD-0165,examples/Executed_Run_Evidence_Bundle_Example_LOCKED.md,4B56A967C1CFC88A1E0A14C5FB1708DA2E0EC6D6,9,67,Example bundle contents,IMPLEMENTATION,YES,RETAIN_SINGLE_PRIMARY_ROLE_NO_SECONDARY_AUTHORITY
LS-MD-0165,examples/Executed_Run_Evidence_Bundle_Example_LOCKED.md,4B56A967C1CFC88A1E0A14C5FB1708DA2E0EC6D6,68,74,What this bundle proves,IMPLEMENTATION,YES,RETAIN_SINGLE_PRIMARY_ROLE_NO_SECONDARY_AUTHORITY
LS-MD-0165,examples/Executed_Run_Evidence_Bundle_Example_LOCKED.md,4B56A967C1CFC88A1E0A14C5FB1708DA2E0EC6D6,75,76,Locked note,IMPLEMENTATION,YES,RETAIN_SINGLE_PRIMARY_ROLE_NO_SECONDARY_AUTHORITY
LS-MD-0166,examples/Executed_Test_Run_Example_LOCKED.md,E522346D7BF4A12FB61223ABEC95DA9CAB33E12E,1,5,Executed Test Run Example (LOCKED),IMPLEMENTATION,YES,RETAIN_SINGLE_PRIMARY_ROLE_NO_SECONDARY_AUTHORITY
LS-MD-0166,examples/Executed_Test_Run_Example_LOCKED.md,E522346D7BF4A12FB61223ABEC95DA9CAB33E12E,6,8,Purpose,IMPLEMENTATION,YES,RETAIN_SINGLE_PRIMARY_ROLE_NO_SECONDARY_AUTHORITY
LS-MD-0166,examples/Executed_Test_Run_Example_LOCKED.md,E522346D7BF4A12FB61223ABEC95DA9CAB33E12E,9,28,Example — Executed contract test output,IMPLEMENTATION,YES,RETAIN_SINGLE_PRIMARY_ROLE_NO_SECONDARY_AUTHORITY
LS-MD-0166,examples/Executed_Test_Run_Example_LOCKED.md,E522346D7BF4A12FB61223ABEC95DA9CAB33E12E,29,47,Example — Executed negative test output,IMPLEMENTATION,YES,RETAIN_SINGLE_PRIMARY_ROLE_NO_SECONDARY_AUTHORITY
LS-MD-0166,examples/Executed_Test_Run_Example_LOCKED.md,E522346D7BF4A12FB61223ABEC95DA9CAB33E12E,48,51,Naming note,IMPLEMENTATION,YES,RETAIN_SINGLE_PRIMARY_ROLE_NO_SECONDARY_AUTHORITY
LS-MD-0166,examples/Executed_Test_Run_Example_LOCKED.md,E522346D7BF4A12FB61223ABEC95DA9CAB33E12E,52,55,What this proves,IMPLEMENTATION,YES,RETAIN_SINGLE_PRIMARY_ROLE_NO_SECONDARY_AUTHORITY
LS-MD-0167,examples/README.md,D1933D72EB261D7A6CD37FE37D68675DDF986CFD,1,5,Market Data Examples — Illustrative Only,IMPLEMENTATION,YES,RETAIN_SINGLE_PRIMARY_ROLE_NO_SECONDARY_AUTHORITY
LS-MD-0168,indicators/EOD_Indicators_Formula_Spec.md,F72C7BFD4657D1450A50D710C8CE6C7BB6E9696A,1,2,EOD Indicators Formula Specification (LOCKED),STRATEGY,YES,RETAIN_SINGLE_PRIMARY_ROLE_NO_SECONDARY_AUTHORITY
LS-MD-0168,indicators/EOD_Indicators_Formula_Spec.md,F72C7BFD4657D1450A50D710C8CE6C7BB6E9696A,3,6,Purpose,STRATEGY,YES,RETAIN_SINGLE_PRIMARY_ROLE_NO_SECONDARY_AUTHORITY
LS-MD-0168,indicators/EOD_Indicators_Formula_Spec.md,F72C7BFD4657D1450A50D710C8CE6C7BB6E9696A,7,20,Input identity (LOCKED),STRATEGY,YES,RETAIN_SINGLE_PRIMARY_ROLE_NO_SECONDARY_AUTHORITY
LS-MD-0168,indicators/EOD_Indicators_Formula_Spec.md,F72C7BFD4657D1450A50D710C8CE6C7BB6E9696A,21,28,Trading-day and precision rules,STRATEGY,YES,RETAIN_SINGLE_PRIMARY_ROLE_NO_SECONDARY_AUTHORITY
LS-MD-0168,indicators/EOD_Indicators_Formula_Spec.md,F72C7BFD4657D1450A50D710C8CE6C7BB6E9696A,29,46,Liquidity metrics,STRATEGY,YES,RETAIN_SINGLE_PRIMARY_ROLE_NO_SECONDARY_AUTHORITY
LS-MD-0168,indicators/EOD_Indicators_Formula_Spec.md,F72C7BFD4657D1450A50D710C8CE6C7BB6E9696A,47,74,ATR14 Wilder (LOCKED),STRATEGY,YES,RETAIN_SINGLE_PRIMARY_ROLE_NO_SECONDARY_AUTHORITY
LS-MD-0168,indicators/EOD_Indicators_Formula_Spec.md,F72C7BFD4657D1450A50D710C8CE6C7BB6E9696A,75,80,Volume ratio,STRATEGY,YES,RETAIN_SINGLE_PRIMARY_ROLE_NO_SECONDARY_AUTHORITY
LS-MD-0168,indicators/EOD_Indicators_Formula_Spec.md,F72C7BFD4657D1450A50D710C8CE6C7BB6E9696A,81,88,Rate of change,STRATEGY,YES,RETAIN_SINGLE_PRIMARY_ROLE_NO_SECONDARY_AUTHORITY
LS-MD-0168,indicators/EOD_Indicators_Formula_Spec.md,F72C7BFD4657D1450A50D710C8CE6C7BB6E9696A,89,98,Moving averages,STRATEGY,YES,RETAIN_SINGLE_PRIMARY_ROLE_NO_SECONDARY_AUTHORITY
LS-MD-0168,indicators/EOD_Indicators_Formula_Spec.md,F72C7BFD4657D1450A50D710C8CE6C7BB6E9696A,99,114,Range structure,STRATEGY,YES,RETAIN_SINGLE_PRIMARY_ROLE_NO_SECONDARY_AUTHORITY
LS-MD-0168,indicators/EOD_Indicators_Formula_Spec.md,F72C7BFD4657D1450A50D710C8CE6C7BB6E9696A,115,124,Sector/benchmark context,STRATEGY,YES,RETAIN_SINGLE_PRIMARY_ROLE_NO_SECONDARY_AUTHORITY
LS-MD-0168,indicators/EOD_Indicators_Formula_Spec.md,F72C7BFD4657D1450A50D710C8CE6C7BB6E9696A,125,138,Nullability and reasons,STRATEGY,YES,RETAIN_SINGLE_PRIMARY_ROLE_NO_SECONDARY_AUTHORITY
LS-MD-0168,indicators/EOD_Indicators_Formula_Spec.md,F72C7BFD4657D1450A50D710C8CE6C7BB6E9696A,139,142,Versioning and corrections,STRATEGY,YES,RETAIN_SINGLE_PRIMARY_ROLE_NO_SECONDARY_AUTHORITY
LS-MD-0168,indicators/EOD_Indicators_Formula_Spec.md,F72C7BFD4657D1450A50D710C8CE6C7BB6E9696A,143,152,Forbidden behavior,STRATEGY,YES,RETAIN_SINGLE_PRIMARY_ROLE_NO_SECONDARY_AUTHORITY
LS-MD-0168,indicators/EOD_Indicators_Formula_Spec.md,F72C7BFD4657D1450A50D710C8CE6C7BB6E9696A,153,156,Acceptance criterion (LOCKED),STRATEGY,YES,RETAIN_SINGLE_PRIMARY_ROLE_NO_SECONDARY_AUTHORITY
LS-MD-0168,indicators/EOD_Indicators_Formula_Spec.md,F72C7BFD4657D1450A50D710C8CE6C7BB6E9696A,157,167,Capability boundary (LOCKED),STRATEGY,YES,RETAIN_SINGLE_PRIMARY_ROLE_NO_SECONDARY_AUTHORITY
LS-MD-0169,indicators/Indicator_Computation_Specification.md,9837A0212E672292EBA55755B70B59892AC6B097,1,2,Indicator Computation Specification (LOCKED IMPLEMENTATION ORDER),STRATEGY,YES,RETAIN_SINGLE_PRIMARY_ROLE_NO_SECONDARY_AUTHORITY
LS-MD-0169,indicators/Indicator_Computation_Specification.md,9837A0212E672292EBA55755B70B59892AC6B097,3,6,Role,STRATEGY,YES,RETAIN_SINGLE_PRIMARY_ROLE_NO_SECONDARY_AUTHORITY
LS-MD-0169,indicators/Indicator_Computation_Specification.md,9837A0212E672292EBA55755B70B59892AC6B097,7,21,Bound inputs,STRATEGY,YES,RETAIN_SINGLE_PRIMARY_ROLE_NO_SECONDARY_AUTHORITY
LS-MD-0169,indicators/Indicator_Computation_Specification.md,9837A0212E672292EBA55755B70B59892AC6B097,22,34,Computation order (LOCKED),STRATEGY,YES,RETAIN_SINGLE_PRIMARY_ROLE_NO_SECONDARY_AUTHORITY
LS-MD-0169,indicators/Indicator_Computation_Specification.md,9837A0212E672292EBA55755B70B59892AC6B097,35,40,Window loading,STRATEGY,YES,RETAIN_SINGLE_PRIMARY_ROLE_NO_SECONDARY_AUTHORITY
LS-MD-0169,indicators/Indicator_Computation_Specification.md,9837A0212E672292EBA55755B70B59892AC6B097,41,49,Gaps and invalid inputs,STRATEGY,YES,RETAIN_SINGLE_PRIMARY_ROLE_NO_SECONDARY_AUTHORITY
LS-MD-0169,indicators/Indicator_Computation_Specification.md,9837A0212E672292EBA55755B70B59892AC6B097,50,53,Rounding and serialization,STRATEGY,YES,RETAIN_SINGLE_PRIMARY_ROLE_NO_SECONDARY_AUTHORITY
LS-MD-0169,indicators/Indicator_Computation_Specification.md,9837A0212E672292EBA55755B70B59892AC6B097,54,59,Recompute safety,STRATEGY,YES,RETAIN_SINGLE_PRIMARY_ROLE_NO_SECONDARY_AUTHORITY
LS-MD-0169,indicators/Indicator_Computation_Specification.md,9837A0212E672292EBA55755B70B59892AC6B097,60,63,Runtime proof boundary,STRATEGY,YES,RETAIN_SINGLE_PRIMARY_ROLE_NO_SECONDARY_AUTHORITY
LS-MD-0169,indicators/Indicator_Computation_Specification.md,9837A0212E672292EBA55755B70B59892AC6B097,64,67,Acceptance criterion,STRATEGY,YES,RETAIN_SINGLE_PRIMARY_ROLE_NO_SECONDARY_AUTHORITY
LS-MD-0169,indicators/Indicator_Computation_Specification.md,9837A0212E672292EBA55755B70B59892AC6B097,68,78,Capability boundary (LOCKED),STRATEGY,YES,RETAIN_SINGLE_PRIMARY_ROLE_NO_SECONDARY_AUTHORITY
LS-MD-0170,ops/Archived_Actual_Execution_Evidence_Contract_LOCKED.md,A4F20DDC13F3B552646DADB3798CC9D50374594E,1,2,Archived Actual Execution Evidence Contract (LOCKED),STRATEGY,YES,RETAIN_SINGLE_PRIMARY_ROLE_NO_SECONDARY_AUTHORITY
LS-MD-0170,ops/Archived_Actual_Execution_Evidence_Contract_LOCKED.md,A4F20DDC13F3B552646DADB3798CC9D50374594E,3,10,Purpose,STRATEGY,YES,RETAIN_SINGLE_PRIMARY_ROLE_NO_SECONDARY_AUTHORITY
LS-MD-0170,ops/Archived_Actual_Execution_Evidence_Contract_LOCKED.md,A4F20DDC13F3B552646DADB3798CC9D50374594E,11,21,Core rule (LOCKED),STRATEGY,YES,RETAIN_SINGLE_PRIMARY_ROLE_NO_SECONDARY_AUTHORITY
LS-MD-0170,ops/Archived_Actual_Execution_Evidence_Contract_LOCKED.md,A4F20DDC13F3B552646DADB3798CC9D50374594E,22,56,Required archived evidence classes,STRATEGY,YES,RETAIN_SINGLE_PRIMARY_ROLE_NO_SECONDARY_AUTHORITY
LS-MD-0170,ops/Archived_Actual_Execution_Evidence_Contract_LOCKED.md,A4F20DDC13F3B552646DADB3798CC9D50374594E,57,63,Archived evidence admission rule (LOCKED),STRATEGY,YES,RETAIN_SINGLE_PRIMARY_ROLE_NO_SECONDARY_AUTHORITY
LS-MD-0170,ops/Archived_Actual_Execution_Evidence_Contract_LOCKED.md,A4F20DDC13F3B552646DADB3798CC9D50374594E,64,68,Minimum retention expectation,STRATEGY,YES,RETAIN_SINGLE_PRIMARY_ROLE_NO_SECONDARY_AUTHORITY
LS-MD-0170,ops/Archived_Actual_Execution_Evidence_Contract_LOCKED.md,A4F20DDC13F3B552646DADB3798CC9D50374594E,69,76,Relationship to examples,STRATEGY,YES,RETAIN_SINGLE_PRIMARY_ROLE_NO_SECONDARY_AUTHORITY
LS-MD-0170,ops/Archived_Actual_Execution_Evidence_Contract_LOCKED.md,A4F20DDC13F3B552646DADB3798CC9D50374594E,77,85,Recommended archive locations,STRATEGY,YES,RETAIN_SINGLE_PRIMARY_ROLE_NO_SECONDARY_AUTHORITY
LS-MD-0170,ops/Archived_Actual_Execution_Evidence_Contract_LOCKED.md,A4F20DDC13F3B552646DADB3798CC9D50374594E,86,93,Cross-contract alignment,STRATEGY,YES,RETAIN_SINGLE_PRIMARY_ROLE_NO_SECONDARY_AUTHORITY
LS-MD-0170,ops/Archived_Actual_Execution_Evidence_Contract_LOCKED.md,A4F20DDC13F3B552646DADB3798CC9D50374594E,94,95,Anti-ambiguity rule (LOCKED),STRATEGY,YES,RETAIN_SINGLE_PRIMARY_ROLE_NO_SECONDARY_AUTHORITY
LS-MD-0171,ops/Audit_Evidence_Pack_Contract_LOCKED.md,0B1739489EA556F9607AF0B962348E9EA6199876,1,2,Audit Evidence Pack Contract (LOCKED),STRATEGY,YES,RETAIN_SINGLE_PRIMARY_ROLE_NO_SECONDARY_AUTHORITY
LS-MD-0171,ops/Audit_Evidence_Pack_Contract_LOCKED.md,0B1739489EA556F9607AF0B962348E9EA6199876,3,10,Purpose,STRATEGY,YES,RETAIN_SINGLE_PRIMARY_ROLE_NO_SECONDARY_AUTHORITY
LS-MD-0171,ops/Audit_Evidence_Pack_Contract_LOCKED.md,0B1739489EA556F9607AF0B962348E9EA6199876,11,20,Core principle (LOCKED),STRATEGY,YES,RETAIN_SINGLE_PRIMARY_ROLE_NO_SECONDARY_AUTHORITY
LS-MD-0171,ops/Audit_Evidence_Pack_Contract_LOCKED.md,0B1739489EA556F9607AF0B962348E9EA6199876,21,28,Evidence-pack categories,STRATEGY,YES,RETAIN_SINGLE_PRIMARY_ROLE_NO_SECONDARY_AUTHORITY
LS-MD-0171,ops/Audit_Evidence_Pack_Contract_LOCKED.md,0B1739489EA556F9607AF0B962348E9EA6199876,29,84,1. Requested-date run evidence pack,STRATEGY,YES,RETAIN_SINGLE_PRIMARY_ROLE_NO_SECONDARY_AUTHORITY
LS-MD-0171,ops/Audit_Evidence_Pack_Contract_LOCKED.md,0B1739489EA556F9607AF0B962348E9EA6199876,85,148,2. Historical correction evidence pack,STRATEGY,YES,RETAIN_SINGLE_PRIMARY_ROLE_NO_SECONDARY_AUTHORITY
LS-MD-0171,ops/Audit_Evidence_Pack_Contract_LOCKED.md,0B1739489EA556F9607AF0B962348E9EA6199876,149,211,3. Replay result evidence pack,STRATEGY,YES,RETAIN_SINGLE_PRIMARY_ROLE_NO_SECONDARY_AUTHORITY
LS-MD-0171,ops/Audit_Evidence_Pack_Contract_LOCKED.md,0B1739489EA556F9607AF0B962348E9EA6199876,212,218,Evidence preservation rules (LOCKED),STRATEGY,YES,RETAIN_SINGLE_PRIMARY_ROLE_NO_SECONDARY_AUTHORITY
LS-MD-0171,ops/Audit_Evidence_Pack_Contract_LOCKED.md,0B1739489EA556F9607AF0B962348E9EA6199876,219,227,Relationship to run artifacts,STRATEGY,YES,RETAIN_SINGLE_PRIMARY_ROLE_NO_SECONDARY_AUTHORITY
LS-MD-0171,ops/Audit_Evidence_Pack_Contract_LOCKED.md,0B1739489EA556F9607AF0B962348E9EA6199876,228,235,Cross-contract alignment,STRATEGY,YES,RETAIN_SINGLE_PRIMARY_ROLE_NO_SECONDARY_AUTHORITY
LS-MD-0171,ops/Audit_Evidence_Pack_Contract_LOCKED.md,0B1739489EA556F9607AF0B962348E9EA6199876,236,237,Anti-ambiguity rule (LOCKED),STRATEGY,YES,RETAIN_SINGLE_PRIMARY_ROLE_NO_SECONDARY_AUTHORITY
LS-MD-0172,ops/Audit_Query_Cookbook_LOCKED.md,968D6A1E6F55CE346F309A18D8DC58596D5FFF41,1,2,Audit Query Cookbook (LOCKED),IMPLEMENTATION,YES,RETAIN_SINGLE_PRIMARY_ROLE_NO_SECONDARY_AUTHORITY
LS-MD-0172,ops/Audit_Query_Cookbook_LOCKED.md,968D6A1E6F55CE346F309A18D8DC58596D5FFF41,3,6,Corrected-strategy query rule,IMPLEMENTATION,YES,RETAIN_SINGLE_PRIMARY_ROLE_NO_SECONDARY_AUTHORITY
LS-MD-0172,ops/Audit_Query_Cookbook_LOCKED.md,968D6A1E6F55CE346F309A18D8DC58596D5FFF41,7,11,Purpose,IMPLEMENTATION,YES,RETAIN_SINGLE_PRIMARY_ROLE_NO_SECONDARY_AUTHORITY
LS-MD-0172,ops/Audit_Query_Cookbook_LOCKED.md,968D6A1E6F55CE346F309A18D8DC58596D5FFF41,12,33,Query 1 — Current publication for one trade date D,IMPLEMENTATION,YES,RETAIN_SINGLE_PRIMARY_ROLE_NO_SECONDARY_AUTHORITY
LS-MD-0172,ops/Audit_Query_Cookbook_LOCKED.md,968D6A1E6F55CE346F309A18D8DC58596D5FFF41,34,46,Query 2 — Prior superseded publications for one trade date D,IMPLEMENTATION,YES,RETAIN_SINGLE_PRIMARY_ROLE_NO_SECONDARY_AUTHORITY
LS-MD-0172,ops/Audit_Query_Cookbook_LOCKED.md,968D6A1E6F55CE346F309A18D8DC58596D5FFF41,47,63,Query 3 — Run summary for one run_id,IMPLEMENTATION,YES,RETAIN_SINGLE_PRIMARY_ROLE_NO_SECONDARY_AUTHORITY
LS-MD-0172,ops/Audit_Query_Cookbook_LOCKED.md,968D6A1E6F55CE346F309A18D8DC58596D5FFF41,64,76,Query 4 — Event trail for one run_id,IMPLEMENTATION,YES,RETAIN_SINGLE_PRIMARY_ROLE_NO_SECONDARY_AUTHORITY
LS-MD-0172,ops/Audit_Query_Cookbook_LOCKED.md,968D6A1E6F55CE346F309A18D8DC58596D5FFF41,77,89,Query 5 — Invalid bar evidence for one requested date,IMPLEMENTATION,YES,RETAIN_SINGLE_PRIMARY_ROLE_NO_SECONDARY_AUTHORITY
LS-MD-0172,ops/Audit_Query_Cookbook_LOCKED.md,968D6A1E6F55CE346F309A18D8DC58596D5FFF41,90,101,Query 6 — Eligibility blocking counts by reason for one date,IMPLEMENTATION,YES,RETAIN_SINGLE_PRIMARY_ROLE_NO_SECONDARY_AUTHORITY
LS-MD-0172,ops/Audit_Query_Cookbook_LOCKED.md,968D6A1E6F55CE346F309A18D8DC58596D5FFF41,102,116,Query 7 — Correction before/after proof for one correction_id,IMPLEMENTATION,YES,RETAIN_SINGLE_PRIMARY_ROLE_NO_SECONDARY_AUTHORITY
LS-MD-0172,ops/Audit_Query_Cookbook_LOCKED.md,968D6A1E6F55CE346F309A18D8DC58596D5FFF41,117,130,Query 8 — Old/new hash comparison for corrected date D,IMPLEMENTATION,YES,RETAIN_SINGLE_PRIMARY_ROLE_NO_SECONDARY_AUTHORITY
LS-MD-0172,ops/Audit_Query_Cookbook_LOCKED.md,968D6A1E6F55CE346F309A18D8DC58596D5FFF41,131,144,Query 9 — Replay result for one replayed date,IMPLEMENTATION,YES,RETAIN_SINGLE_PRIMARY_ROLE_NO_SECONDARY_AUTHORITY
LS-MD-0172,ops/Audit_Query_Cookbook_LOCKED.md,968D6A1E6F55CE346F309A18D8DC58596D5FFF41,145,155,Query 10 — Replay reason-code distribution,IMPLEMENTATION,YES,RETAIN_SINGLE_PRIMARY_ROLE_NO_SECONDARY_AUTHORITY
LS-MD-0172,ops/Audit_Query_Cookbook_LOCKED.md,968D6A1E6F55CE346F309A18D8DC58596D5FFF41,156,166,Query 11 — Publication-bound row history,IMPLEMENTATION,YES,RETAIN_SINGLE_PRIMARY_ROLE_NO_SECONDARY_AUTHORITY
LS-MD-0172,ops/Audit_Query_Cookbook_LOCKED.md,968D6A1E6F55CE346F309A18D8DC58596D5FFF41,167,181,Query 12 — Config identity used by a readable publication,IMPLEMENTATION,YES,RETAIN_SINGLE_PRIMARY_ROLE_NO_SECONDARY_AUTHORITY
LS-MD-0172,ops/Audit_Query_Cookbook_LOCKED.md,968D6A1E6F55CE346F309A18D8DC58596D5FFF41,182,184,Usage rule (LOCKED),IMPLEMENTATION,YES,RETAIN_SINGLE_PRIMARY_ROLE_NO_SECONDARY_AUTHORITY
LS-MD-0172,ops/Audit_Query_Cookbook_LOCKED.md,968D6A1E6F55CE346F309A18D8DC58596D5FFF41,185,192,Cross-contract alignment,IMPLEMENTATION,YES,RETAIN_SINGLE_PRIMARY_ROLE_NO_SECONDARY_AUTHORITY
LS-MD-0172,ops/Audit_Query_Cookbook_LOCKED.md,968D6A1E6F55CE346F309A18D8DC58596D5FFF41,193,194,Anti-ambiguity rule (LOCKED),IMPLEMENTATION,YES,RETAIN_SINGLE_PRIMARY_ROLE_NO_SECONDARY_AUTHORITY
LS-MD-0172,ops/Audit_Query_Cookbook_LOCKED.md,968D6A1E6F55CE346F309A18D8DC58596D5FFF41,195,197,Build-safety rule (LOCKED),IMPLEMENTATION,YES,RETAIN_SINGLE_PRIMARY_ROLE_NO_SECONDARY_AUTHORITY
LS-MD-0173,ops/Bootstrap_and_Backfill_Runbook_LOCKED.md,F951ADF91550A083E6DC09FA0EBB2BFF1896E155,1,2,Bootstrap and Backfill Runbook (STRATEGY LOCKED),IMPLEMENTATION,YES,RETAIN_SINGLE_PRIMARY_ROLE_NO_SECONDARY_AUTHORITY
LS-MD-0173,ops/Bootstrap_and_Backfill_Runbook_LOCKED.md,F951ADF91550A083E6DC09FA0EBB2BFF1896E155,3,8,Scope,IMPLEMENTATION,YES,RETAIN_SINGLE_PRIMARY_ROLE_NO_SECONDARY_AUTHORITY
LS-MD-0173,ops/Bootstrap_and_Backfill_Runbook_LOCKED.md,F951ADF91550A083E6DC09FA0EBB2BFF1896E155,9,14,Planning,IMPLEMENTATION,YES,RETAIN_SINGLE_PRIMARY_ROLE_NO_SECONDARY_AUTHORITY
LS-MD-0173,ops/Bootstrap_and_Backfill_Runbook_LOCKED.md,F951ADF91550A083E6DC09FA0EBB2BFF1896E155,15,23,Execution,IMPLEMENTATION,YES,RETAIN_SINGLE_PRIMARY_ROLE_NO_SECONDARY_AUTHORITY
LS-MD-0173,ops/Bootstrap_and_Backfill_Runbook_LOCKED.md,F951ADF91550A083E6DC09FA0EBB2BFF1896E155,24,27,Safety,IMPLEMENTATION,YES,RETAIN_SINGLE_PRIMARY_ROLE_NO_SECONDARY_AUTHORITY
LS-MD-0173,ops/Bootstrap_and_Backfill_Runbook_LOCKED.md,F951ADF91550A083E6DC09FA0EBB2BFF1896E155,28,30,Completion evidence,IMPLEMENTATION,YES,RETAIN_SINGLE_PRIMARY_ROLE_NO_SECONDARY_AUTHORITY
LS-MD-0174,ops/COMMAND_SURFACE_SAFETY_INVENTORY.md,4A1D5DF36286F6499A44A9A6E49E45976F3253D1,1,56,Command Surface Safety Inventory,IMPLEMENTATION,YES,SPLIT_EXACT_SECTION
LS-MD-0174,ops/COMMAND_SURFACE_SAFETY_INVENTORY.md,4A1D5DF36286F6499A44A9A6E49E45976F3253D1,57,63,Final policy,CONTEXT,NO,SPLIT_EXACT_SECTION
LS-MD-0174,ops/COMMAND_SURFACE_SAFETY_INVENTORY.md,4A1D5DF36286F6499A44A9A6E49E45976F3253D1,64,82,Validation,EVIDENCE,YES,SPLIT_EXACT_SECTION
LS-MD-0174,ops/COMMAND_SURFACE_SAFETY_INVENTORY.md,4A1D5DF36286F6499A44A9A6E49E45976F3253D1,83,104,2026-05-23 — Final Provider Smoke / Full PHPUnit PASS Document Reconciliation,EVIDENCE,YES,SPLIT_EXACT_SECTION
LS-MD-0174,ops/COMMAND_SURFACE_SAFETY_INVENTORY.md,4A1D5DF36286F6499A44A9A6E49E45976F3253D1,105,111,2026-05-23 — Source Ready Gap Closure Safety Reconciliation,FINDING,YES,SPLIT_EXACT_SECTION
LS-MD-0174,ops/COMMAND_SURFACE_SAFETY_INVENTORY.md,4A1D5DF36286F6499A44A9A6E49E45976F3253D1,112,116,Source/master read-only recompute boundary,GOVERNANCE,YES,SPLIT_EXACT_SECTION
LS-MD-0174,ops/COMMAND_SURFACE_SAFETY_INVENTORY.md,4A1D5DF36286F6499A44A9A6E49E45976F3253D1,117,128,2026-06-07 recompute-current safety proof,EVIDENCE,YES,SPLIT_EXACT_SECTION
LS-MD-0175,ops/commands/01_DAILY_PIPELINE.md,DAB5198E14C3C211FC44D2B7BF7B86A8758096D0,1,2,`market-data:daily`,IMPLEMENTATION,YES,RETAIN_SINGLE_PRIMARY_ROLE_NO_SECONDARY_AUTHORITY
LS-MD-0175,ops/commands/01_DAILY_PIPELINE.md,DAB5198E14C3C211FC44D2B7BF7B86A8758096D0,3,5,Official role,IMPLEMENTATION,YES,RETAIN_SINGLE_PRIMARY_ROLE_NO_SECONDARY_AUTHORITY
LS-MD-0175,ops/commands/01_DAILY_PIPELINE.md,DAB5198E14C3C211FC44D2B7BF7B86A8758096D0,6,8,Date-driven contract,IMPLEMENTATION,YES,RETAIN_SINGLE_PRIMARY_ROLE_NO_SECONDARY_AUTHORITY
LS-MD-0175,ops/commands/01_DAILY_PIPELINE.md,DAB5198E14C3C211FC44D2B7BF7B86A8758096D0,9,11,V2 strategy boundary,IMPLEMENTATION,YES,RETAIN_SINGLE_PRIMARY_ROLE_NO_SECONDARY_AUTHORITY
LS-MD-0175,ops/commands/01_DAILY_PIPELINE.md,DAB5198E14C3C211FC44D2B7BF7B86A8758096D0,12,28,Contract,IMPLEMENTATION,YES,RETAIN_SINGLE_PRIMARY_ROLE_NO_SECONDARY_AUTHORITY
LS-MD-0175,ops/commands/01_DAILY_PIPELINE.md,DAB5198E14C3C211FC44D2B7BF7B86A8758096D0,29,33,Operator meaning,IMPLEMENTATION,YES,RETAIN_SINGLE_PRIMARY_ROLE_NO_SECONDARY_AUTHORITY
LS-MD-0175,ops/commands/01_DAILY_PIPELINE.md,DAB5198E14C3C211FC44D2B7BF7B86A8758096D0,34,51,Historical runtime telemetry amendment 2026-05-26 — compatibility only,IMPLEMENTATION,YES,RETAIN_SINGLE_PRIMARY_ROLE_NO_SECONDARY_AUTHORITY
LS-MD-0175,ops/commands/01_DAILY_PIPELINE.md,DAB5198E14C3C211FC44D2B7BF7B86A8758096D0,52,63,Historical runtime telemetry amendment 2026-05-27 — compatibility only,IMPLEMENTATION,YES,RETAIN_SINGLE_PRIMARY_ROLE_NO_SECONDARY_AUTHORITY
LS-MD-0175,ops/commands/01_DAILY_PIPELINE.md,DAB5198E14C3C211FC44D2B7BF7B86A8758096D0,64,69,Historical runtime full-publish amendment 2026-05-27 — governed by V2 publication/correction contracts,IMPLEMENTATION,YES,RETAIN_SINGLE_PRIMARY_ROLE_NO_SECONDARY_AUTHORITY
LS-MD-0176,ops/commands/02_IMPORT_DATA.md,EB63C6C735DD89924E693115DE22D45AE3DB0927,1,2,`market-data:eod-bars:ingest`,IMPLEMENTATION,YES,RETAIN_SINGLE_PRIMARY_ROLE_NO_SECONDARY_AUTHORITY
LS-MD-0176,ops/commands/02_IMPORT_DATA.md,EB63C6C735DD89924E693115DE22D45AE3DB0927,3,5,Official role,IMPLEMENTATION,YES,RETAIN_SINGLE_PRIMARY_ROLE_NO_SECONDARY_AUTHORITY
LS-MD-0176,ops/commands/02_IMPORT_DATA.md,EB63C6C735DD89924E693115DE22D45AE3DB0927,6,8,V2 strategy boundary,IMPLEMENTATION,YES,RETAIN_SINGLE_PRIMARY_ROLE_NO_SECONDARY_AUTHORITY
LS-MD-0176,ops/commands/02_IMPORT_DATA.md,EB63C6C735DD89924E693115DE22D45AE3DB0927,9,19,Scope,IMPLEMENTATION,YES,RETAIN_SINGLE_PRIMARY_ROLE_NO_SECONDARY_AUTHORITY
LS-MD-0176,ops/commands/02_IMPORT_DATA.md,EB63C6C735DD89924E693115DE22D45AE3DB0927,20,27,Boundary,IMPLEMENTATION,YES,RETAIN_SINGLE_PRIMARY_ROLE_NO_SECONDARY_AUTHORITY
LS-MD-0176,ops/commands/02_IMPORT_DATA.md,EB63C6C735DD89924E693115DE22D45AE3DB0927,28,41,Runtime request mode,IMPLEMENTATION,YES,RETAIN_SINGLE_PRIMARY_ROLE_NO_SECONDARY_AUTHORITY
LS-MD-0177,ops/commands/03_PROCESS_DATASET.md,6A7457278256D9BC6943A268545D87F042BC9817,1,2,PROCESS DATASET COMMAND FAMILY,IMPLEMENTATION,YES,RETAIN_SINGLE_PRIMARY_ROLE_NO_SECONDARY_AUTHORITY
LS-MD-0177,ops/commands/03_PROCESS_DATASET.md,6A7457278256D9BC6943A268545D87F042BC9817,3,11,Official role after split,IMPLEMENTATION,YES,RETAIN_SINGLE_PRIMARY_ROLE_NO_SECONDARY_AUTHORITY
LS-MD-0177,ops/commands/03_PROCESS_DATASET.md,6A7457278256D9BC6943A268545D87F042BC9817,12,15,Boundary,IMPLEMENTATION,YES,RETAIN_SINGLE_PRIMARY_ROLE_NO_SECONDARY_AUTHORITY
LS-MD-0177,ops/commands/03_PROCESS_DATASET.md,6A7457278256D9BC6943A268545D87F042BC9817,16,21,Current indicator recompute command,IMPLEMENTATION,YES,RETAIN_SINGLE_PRIMARY_ROLE_NO_SECONDARY_AUTHORITY
LS-MD-0177,ops/commands/03_PROCESS_DATASET.md,6A7457278256D9BC6943A268545D87F042BC9817,22,26,Historical runtime proof boundary,IMPLEMENTATION,YES,RETAIN_SINGLE_PRIMARY_ROLE_NO_SECONDARY_AUTHORITY
LS-MD-0178,ops/commands/04_FINALIZE_AND_PUBLISH.md,8D25208FE3B3E05BA02B1BD9548C02EE54CF2160,1,4,FINALIZE AND PUBLISH COMMAND FAMILY,IMPLEMENTATION,YES,RETAIN_SINGLE_PRIMARY_ROLE_NO_SECONDARY_AUTHORITY
LS-MD-0178,ops/commands/04_FINALIZE_AND_PUBLISH.md,8D25208FE3B3E05BA02B1BD9548C02EE54CF2160,5,7,Official command,IMPLEMENTATION,YES,RETAIN_SINGLE_PRIMARY_ROLE_NO_SECONDARY_AUTHORITY
LS-MD-0178,ops/commands/04_FINALIZE_AND_PUBLISH.md,8D25208FE3B3E05BA02B1BD9548C02EE54CF2160,8,18,Promote-owned stages,IMPLEMENTATION,YES,RETAIN_SINGLE_PRIMARY_ROLE_NO_SECONDARY_AUTHORITY
LS-MD-0178,ops/commands/04_FINALIZE_AND_PUBLISH.md,8D25208FE3B3E05BA02B1BD9548C02EE54CF2160,19,20,Boundary rule,IMPLEMENTATION,YES,RETAIN_SINGLE_PRIMARY_ROLE_NO_SECONDARY_AUTHORITY
LS-MD-0179,ops/commands/05_BACKFILL.md,7D024D1A49999C8FD30899BF32AC78581D6AE221,1,2,`market-data:backfill`,IMPLEMENTATION,YES,SPLIT_EXACT_SECTION
LS-MD-0179,ops/commands/05_BACKFILL.md,7D024D1A49999C8FD30899BF32AC78581D6AE221,3,5,Official role,CONTEXT,NO,SPLIT_EXACT_SECTION
LS-MD-0179,ops/commands/05_BACKFILL.md,7D024D1A49999C8FD30899BF32AC78581D6AE221,6,11,Date-driven contract,GOVERNANCE,YES,SPLIT_EXACT_SECTION
LS-MD-0179,ops/commands/05_BACKFILL.md,7D024D1A49999C8FD30899BF32AC78581D6AE221,12,14,V2 import boundary,GOVERNANCE,YES,SPLIT_EXACT_SECTION
LS-MD-0179,ops/commands/05_BACKFILL.md,7D024D1A49999C8FD30899BF32AC78581D6AE221,15,30,Contract,GOVERNANCE,YES,SPLIT_EXACT_SECTION
LS-MD-0179,ops/commands/05_BACKFILL.md,7D024D1A49999C8FD30899BF32AC78581D6AE221,31,38,Operator meaning,CONTEXT,NO,SPLIT_EXACT_SECTION
LS-MD-0179,ops/commands/05_BACKFILL.md,7D024D1A49999C8FD30899BF32AC78581D6AE221,39,40,`market-data:backfill:lifecycle`,IMPLEMENTATION,YES,SPLIT_EXACT_SECTION
LS-MD-0179,ops/commands/05_BACKFILL.md,7D024D1A49999C8FD30899BF32AC78581D6AE221,41,47,Official role,CONTEXT,NO,SPLIT_EXACT_SECTION
LS-MD-0179,ops/commands/05_BACKFILL.md,7D024D1A49999C8FD30899BF32AC78581D6AE221,48,75,API range acquisition,CONTEXT,NO,SPLIT_EXACT_SECTION
LS-MD-0179,ops/commands/05_BACKFILL.md,7D024D1A49999C8FD30899BF32AC78581D6AE221,76,88,Manual file historical range acquisition,CONTEXT,NO,SPLIT_EXACT_SECTION
LS-MD-0179,ops/commands/05_BACKFILL.md,7D024D1A49999C8FD30899BF32AC78581D6AE221,89,103,Lifecycle order,CONTEXT,NO,SPLIT_EXACT_SECTION
LS-MD-0179,ops/commands/05_BACKFILL.md,7D024D1A49999C8FD30899BF32AC78581D6AE221,104,117,Resume/checkpoint,CONTEXT,NO,SPLIT_EXACT_SECTION
LS-MD-0179,ops/commands/05_BACKFILL.md,7D024D1A49999C8FD30899BF32AC78581D6AE221,118,120,Runtime validation status,EVIDENCE,YES,SPLIT_EXACT_SECTION
LS-MD-0179,ops/commands/05_BACKFILL.md,7D024D1A49999C8FD30899BF32AC78581D6AE221,121,147,Source retry diagnostics,CONTEXT,NO,SPLIT_EXACT_SECTION
LS-MD-0179,ops/commands/05_BACKFILL.md,7D024D1A49999C8FD30899BF32AC78581D6AE221,148,164,Source cache format,CONTEXT,NO,SPLIT_EXACT_SECTION
LS-MD-0179,ops/commands/05_BACKFILL.md,7D024D1A49999C8FD30899BF32AC78581D6AE221,165,166,`market-data:backfill:missing-tickers`,IMPLEMENTATION,YES,SPLIT_EXACT_SECTION
LS-MD-0179,ops/commands/05_BACKFILL.md,7D024D1A49999C8FD30899BF32AC78581D6AE221,167,183,Official role,CONTEXT,NO,SPLIT_EXACT_SECTION
LS-MD-0179,ops/commands/05_BACKFILL.md,7D024D1A49999C8FD30899BF32AC78581D6AE221,184,190,Lifecycle behavior,CONTEXT,NO,SPLIT_EXACT_SECTION
LS-MD-0179,ops/commands/05_BACKFILL.md,7D024D1A49999C8FD30899BF32AC78581D6AE221,191,195,Operator meaning,CONTEXT,NO,SPLIT_EXACT_SECTION
LS-MD-0179,ops/commands/05_BACKFILL.md,7D024D1A49999C8FD30899BF32AC78581D6AE221,196,220,Historical mutation telemetry compatibility,CONTEXT,NO,SPLIT_EXACT_SECTION
LS-MD-0179,ops/commands/05_BACKFILL.md,7D024D1A49999C8FD30899BF32AC78581D6AE221,221,240,Amendment 2026-05-27 - Recovered apply and execution summary,CONTEXT,NO,SPLIT_EXACT_SECTION
LS-MD-0179,ops/commands/05_BACKFILL.md,7D024D1A49999C8FD30899BF32AC78581D6AE221,241,245,Amendment 2026-05-27 - Hash/seal/finalize for affected non-readable dates,CONTEXT,NO,SPLIT_EXACT_SECTION
LS-MD-0179,ops/commands/05_BACKFILL.md,7D024D1A49999C8FD30899BF32AC78581D6AE221,246,271,Amendment 2026-05-27 - Import-only execution output and readable auto-correction,CONTEXT,NO,SPLIT_EXACT_SECTION
LS-MD-0179,ops/commands/05_BACKFILL.md,7D024D1A49999C8FD30899BF32AC78581D6AE221,272,288,Amendment 2026-05-27 - Final validation lock for import-only output and readable auto-correction,EVIDENCE,YES,SPLIT_EXACT_SECTION
LS-MD-0179,ops/commands/05_BACKFILL.md,7D024D1A49999C8FD30899BF32AC78581D6AE221,289,300,Amendment 2026-06-05 - Market-calendar lifecycle warmup,CONTEXT,NO,SPLIT_EXACT_SECTION
LS-MD-0180,ops/commands/06_CORRECTION.md,ACE96468A4193A1B93A69CAFAFD4DAEE4144D903,1,2,CORRECTION,IMPLEMENTATION,YES,RETAIN_SINGLE_PRIMARY_ROLE_NO_SECONDARY_AUTHORITY
LS-MD-0180,ops/commands/06_CORRECTION.md,ACE96468A4193A1B93A69CAFAFD4DAEE4144D903,3,7,Commands,IMPLEMENTATION,YES,RETAIN_SINGLE_PRIMARY_ROLE_NO_SECONDARY_AUTHORITY
LS-MD-0180,ops/commands/06_CORRECTION.md,ACE96468A4193A1B93A69CAFAFD4DAEE4144D903,8,16,2026-05-20 hardening,IMPLEMENTATION,YES,RETAIN_SINGLE_PRIMARY_ROLE_NO_SECONDARY_AUTHORITY
LS-MD-0181,ops/commands/07_REPLAY_AND_EVIDENCE.md,69ACD8C419949E186A34113EFB82E20FF9E2C0CD,1,2,REPLAY DAN EVIDENCE,IMPLEMENTATION,YES,RETAIN_SINGLE_PRIMARY_ROLE_NO_SECONDARY_AUTHORITY
LS-MD-0181,ops/commands/07_REPLAY_AND_EVIDENCE.md,69ACD8C419949E186A34113EFB82E20FF9E2C0CD,3,11,Commands,IMPLEMENTATION,YES,RETAIN_SINGLE_PRIMARY_ROLE_NO_SECONDARY_AUTHORITY
LS-MD-0181,ops/commands/07_REPLAY_AND_EVIDENCE.md,69ACD8C419949E186A34113EFB82E20FF9E2C0CD,12,19,V2 replay-mode boundary,IMPLEMENTATION,YES,RETAIN_SINGLE_PRIMARY_ROLE_NO_SECONDARY_AUTHORITY
LS-MD-0181,ops/commands/07_REPLAY_AND_EVIDENCE.md,69ACD8C419949E186A34113EFB82E20FF9E2C0CD,20,43,Runtime MATCH fixture generation,IMPLEMENTATION,YES,RETAIN_SINGLE_PRIMARY_ROLE_NO_SECONDARY_AUTHORITY
LS-MD-0182,ops/commands/08_SESSION_SNAPSHOT.md,9BA58A88F2700119830D4E006D2F97BB5DFAF8E7,1,2,SESSION SNAPSHOT,IMPLEMENTATION,YES,RETAIN_SINGLE_PRIMARY_ROLE_NO_SECONDARY_AUTHORITY
LS-MD-0182,ops/commands/08_SESSION_SNAPSHOT.md,9BA58A88F2700119830D4E006D2F97BB5DFAF8E7,3,7,Commands,IMPLEMENTATION,YES,RETAIN_SINGLE_PRIMARY_ROLE_NO_SECONDARY_AUTHORITY
LS-MD-0182,ops/commands/08_SESSION_SNAPSHOT.md,9BA58A88F2700119830D4E006D2F97BB5DFAF8E7,8,15,Capture policy,IMPLEMENTATION,YES,RETAIN_SINGLE_PRIMARY_ROLE_NO_SECONDARY_AUTHORITY
LS-MD-0182,ops/commands/08_SESSION_SNAPSHOT.md,9BA58A88F2700119830D4E006D2F97BB5DFAF8E7,16,62,Purge policy,IMPLEMENTATION,YES,RETAIN_SINGLE_PRIMARY_ROLE_NO_SECONDARY_AUTHORITY
LS-MD-0183,ops/commands/README.md,A062A30EBA5E4C426F3E0BD2DEAF7BB0B5109556,1,8,COMMAND DOCUMENTATION INDEX,IMPLEMENTATION,YES,RETAIN_SINGLE_PRIMARY_ROLE_NO_SECONDARY_AUTHORITY
LS-MD-0183,ops/commands/README.md,A062A30EBA5E4C426F3E0BD2DEAF7BB0B5109556,9,13,Import commands,IMPLEMENTATION,YES,RETAIN_SINGLE_PRIMARY_ROLE_NO_SECONDARY_AUTHORITY
LS-MD-0183,ops/commands/README.md,A062A30EBA5E4C426F3E0BD2DEAF7BB0B5109556,14,16,Promote commands,IMPLEMENTATION,YES,RETAIN_SINGLE_PRIMARY_ROLE_NO_SECONDARY_AUTHORITY
LS-MD-0183,ops/commands/README.md,A062A30EBA5E4C426F3E0BD2DEAF7BB0B5109556,17,21,"Evidence, replay, correction, and session snapshot commands",IMPLEMENTATION,YES,RETAIN_SINGLE_PRIMARY_ROLE_NO_SECONDARY_AUTHORITY
LS-MD-0183,ops/commands/README.md,A062A30EBA5E4C426F3E0BD2DEAF7BB0B5109556,22,69,Detected runtime command surface,IMPLEMENTATION,YES,RETAIN_SINGLE_PRIMARY_ROLE_NO_SECONDARY_AUTHORITY
LS-MD-0183,ops/commands/README.md,A062A30EBA5E4C426F3E0BD2DEAF7BB0B5109556,70,78,Notes,IMPLEMENTATION,YES,RETAIN_SINGLE_PRIMARY_ROLE_NO_SECONDARY_AUTHORITY
LS-MD-0183,ops/commands/README.md,A062A30EBA5E4C426F3E0BD2DEAF7BB0B5109556,79,81,Current indicator recompute lock,IMPLEMENTATION,YES,RETAIN_SINGLE_PRIMARY_ROLE_NO_SECONDARY_AUTHORITY
LS-MD-0184,ops/Commands_and_Runbook_LOCKED.md,4428F3611A536ECB6BAED4FB00D59A5031B0AA74,1,2,Commands and Operator Surface (STRATEGY LOCKED),STRATEGY,YES,RETAIN_SINGLE_PRIMARY_ROLE_NO_SECONDARY_AUTHORITY
LS-MD-0184,ops/Commands_and_Runbook_LOCKED.md,4428F3611A536ECB6BAED4FB00D59A5031B0AA74,3,6,Rule,STRATEGY,YES,RETAIN_SINGLE_PRIMARY_ROLE_NO_SECONDARY_AUTHORITY
LS-MD-0184,ops/Commands_and_Runbook_LOCKED.md,4428F3611A536ECB6BAED4FB00D59A5031B0AA74,7,19,Required command families,STRATEGY,YES,RETAIN_SINGLE_PRIMARY_ROLE_NO_SECONDARY_AUTHORITY
LS-MD-0184,ops/Commands_and_Runbook_LOCKED.md,4428F3611A536ECB6BAED4FB00D59A5031B0AA74,20,27,Mutating-command controls,STRATEGY,YES,RETAIN_SINGLE_PRIMARY_ROLE_NO_SECONDARY_AUTHORITY
LS-MD-0184,ops/Commands_and_Runbook_LOCKED.md,4428F3611A536ECB6BAED4FB00D59A5031B0AA74,28,33,Exit and retry semantics,STRATEGY,YES,RETAIN_SINGLE_PRIMARY_ROLE_NO_SECONDARY_AUTHORITY
LS-MD-0184,ops/Commands_and_Runbook_LOCKED.md,4428F3611A536ECB6BAED4FB00D59A5031B0AA74,34,36,Proof gate,STRATEGY,YES,RETAIN_SINGLE_PRIMARY_ROLE_NO_SECONDARY_AUTHORITY
LS-MD-0185,ops/Config_Change_Protocol_LOCKED.md,FBAC0291FEA9C1C4B073C44A62BF46D6198BA0CC,1,4,Config Change Protocol (LOCKED),STRATEGY,YES,RETAIN_SINGLE_PRIMARY_ROLE_NO_SECONDARY_AUTHORITY
LS-MD-0185,ops/Config_Change_Protocol_LOCKED.md,FBAC0291FEA9C1C4B073C44A62BF46D6198BA0CC,5,9,Locked rules,STRATEGY,YES,RETAIN_SINGLE_PRIMARY_ROLE_NO_SECONDARY_AUTHORITY
LS-MD-0186,ops/Credentials_and_Secrets_Contract.md,BD75710F5EE9183EEE6F98EF243C47E3AF078BFA,1,4,Credentials and Secrets Contract,STRATEGY,YES,RETAIN_SINGLE_PRIMARY_ROLE_NO_SECONDARY_AUTHORITY
LS-MD-0187,ops/Daily_Pipeline_Execution_and_Sealing_Runbook_LOCKED.md,2FEE94EE5FDE6C2CE29C54E60DD423B9E2070171,1,2,Daily Pipeline Execution and Sealing Runbook (STRATEGY LOCKED; ACTIVATION NOT YET PROVEN),IMPLEMENTATION,YES,RETAIN_SINGLE_PRIMARY_ROLE_NO_SECONDARY_AUTHORITY
LS-MD-0187,ops/Daily_Pipeline_Execution_and_Sealing_Runbook_LOCKED.md,2FEE94EE5FDE6C2CE29C54E60DD423B9E2070171,3,8,Preflight,IMPLEMENTATION,YES,RETAIN_SINGLE_PRIMARY_ROLE_NO_SECONDARY_AUTHORITY
LS-MD-0187,ops/Daily_Pipeline_Execution_and_Sealing_Runbook_LOCKED.md,2FEE94EE5FDE6C2CE29C54E60DD423B9E2070171,9,22,Execution order,IMPLEMENTATION,YES,RETAIN_SINGLE_PRIMARY_ROLE_NO_SECONDARY_AUTHORITY
LS-MD-0187,ops/Daily_Pipeline_Execution_and_Sealing_Runbook_LOCKED.md,2FEE94EE5FDE6C2CE29C54E60DD423B9E2070171,23,28,Failure behavior,IMPLEMENTATION,YES,RETAIN_SINGLE_PRIMARY_ROLE_NO_SECONDARY_AUTHORITY
LS-MD-0187,ops/Daily_Pipeline_Execution_and_Sealing_Runbook_LOCKED.md,2FEE94EE5FDE6C2CE29C54E60DD423B9E2070171,29,37,Post-run checks,IMPLEMENTATION,YES,RETAIN_SINGLE_PRIMARY_ROLE_NO_SECONDARY_AUTHORITY
LS-MD-0187,ops/Daily_Pipeline_Execution_and_Sealing_Runbook_LOCKED.md,2FEE94EE5FDE6C2CE29C54E60DD423B9E2070171,38,40,Operational proof gate,IMPLEMENTATION,YES,RETAIN_SINGLE_PRIMARY_ROLE_NO_SECONDARY_AUTHORITY
LS-MD-0188,ops/Error_Taxonomy_and_Run_Status_Decision_Table_LOCKED.md,92B4154C9DBD2CB2C3CC1DE625152F2A13F8D0DE,1,2,Error Taxonomy and Run-Status Decision Table (STRATEGY LOCKED),STRATEGY,YES,RETAIN_SINGLE_PRIMARY_ROLE_NO_SECONDARY_AUTHORITY
LS-MD-0188,ops/Error_Taxonomy_and_Run_Status_Decision_Table_LOCKED.md,92B4154C9DBD2CB2C3CC1DE625152F2A13F8D0DE,3,17,Independent dimensions,STRATEGY,YES,RETAIN_SINGLE_PRIMARY_ROLE_NO_SECONDARY_AUTHORITY
LS-MD-0188,ops/Error_Taxonomy_and_Run_Status_Decision_Table_LOCKED.md,92B4154C9DBD2CB2C3CC1DE625152F2A13F8D0DE,18,30,Terminal run status,STRATEGY,YES,RETAIN_SINGLE_PRIMARY_ROLE_NO_SECONDARY_AUTHORITY
LS-MD-0188,ops/Error_Taxonomy_and_Run_Status_Decision_Table_LOCKED.md,92B4154C9DBD2CB2C3CC1DE625152F2A13F8D0DE,31,34,Required reason families,STRATEGY,YES,RETAIN_SINGLE_PRIMARY_ROLE_NO_SECONDARY_AUTHORITY
LS-MD-0188,ops/Error_Taxonomy_and_Run_Status_Decision_Table_LOCKED.md,92B4154C9DBD2CB2C3CC1DE625152F2A13F8D0DE,35,37,Retry classification,STRATEGY,YES,RETAIN_SINGLE_PRIMARY_ROLE_NO_SECONDARY_AUTHORITY
LS-MD-0189,ops/Executed_Run_Admission_Criteria_LOCKED.md,16A5B0AEBC4157FF3414FD1CCF06235D85B5DFF3,1,2,Executed Run Admission Criteria (LOCKED),STRATEGY,YES,RETAIN_SINGLE_PRIMARY_ROLE_NO_SECONDARY_AUTHORITY
LS-MD-0189,ops/Executed_Run_Admission_Criteria_LOCKED.md,16A5B0AEBC4157FF3414FD1CCF06235D85B5DFF3,3,5,Purpose,STRATEGY,YES,RETAIN_SINGLE_PRIMARY_ROLE_NO_SECONDARY_AUTHORITY
LS-MD-0189,ops/Executed_Run_Admission_Criteria_LOCKED.md,16A5B0AEBC4157FF3414FD1CCF06235D85B5DFF3,6,8,Core rule (LOCKED),STRATEGY,YES,RETAIN_SINGLE_PRIMARY_ROLE_NO_SECONDARY_AUTHORITY
LS-MD-0189,ops/Executed_Run_Admission_Criteria_LOCKED.md,16A5B0AEBC4157FF3414FD1CCF06235D85B5DFF3,9,32,Admission criteria,STRATEGY,YES,RETAIN_SINGLE_PRIMARY_ROLE_NO_SECONDARY_AUTHORITY
LS-MD-0189,ops/Executed_Run_Admission_Criteria_LOCKED.md,16A5B0AEBC4157FF3414FD1CCF06235D85B5DFF3,33,39,Recommended labeling,STRATEGY,YES,RETAIN_SINGLE_PRIMARY_ROLE_NO_SECONDARY_AUTHORITY
LS-MD-0189,ops/Executed_Run_Admission_Criteria_LOCKED.md,16A5B0AEBC4157FF3414FD1CCF06235D85B5DFF3,40,45,Non-admissible examples,STRATEGY,YES,RETAIN_SINGLE_PRIMARY_ROLE_NO_SECONDARY_AUTHORITY
LS-MD-0189,ops/Executed_Run_Admission_Criteria_LOCKED.md,16A5B0AEBC4157FF3414FD1CCF06235D85B5DFF3,46,51,Cross-contract alignment,STRATEGY,YES,RETAIN_SINGLE_PRIMARY_ROLE_NO_SECONDARY_AUTHORITY
LS-MD-0189,ops/Executed_Run_Admission_Criteria_LOCKED.md,16A5B0AEBC4157FF3414FD1CCF06235D85B5DFF3,52,53,Anti-ambiguity rule (LOCKED),STRATEGY,YES,RETAIN_SINGLE_PRIMARY_ROLE_NO_SECONDARY_AUTHORITY
LS-MD-0189,ops/Executed_Run_Admission_Criteria_LOCKED.md,16A5B0AEBC4157FF3414FD1CCF06235D85B5DFF3,54,64,Capability boundary (LOCKED),STRATEGY,YES,RETAIN_SINGLE_PRIMARY_ROLE_NO_SECONDARY_AUTHORITY
LS-MD-0190,ops/Failure_Playbook_LOCKED.md,4F901F134DC7B5E82CEE174CE11F773F2ECFC63C,1,2,Market Data Failure Playbook (STRATEGY LOCKED),IMPLEMENTATION,YES,RETAIN_SINGLE_PRIMARY_ROLE_NO_SECONDARY_AUTHORITY
LS-MD-0190,ops/Failure_Playbook_LOCKED.md,4F901F134DC7B5E82CEE174CE11F773F2ECFC63C,3,10,First response,IMPLEMENTATION,YES,RETAIN_SINGLE_PRIMARY_ROLE_NO_SECONDARY_AUTHORITY
LS-MD-0190,ops/Failure_Playbook_LOCKED.md,4F901F134DC7B5E82CEE174CE11F773F2ECFC63C,11,26,Response matrix,IMPLEMENTATION,YES,RETAIN_SINGLE_PRIMARY_ROLE_NO_SECONDARY_AUTHORITY
LS-MD-0190,ops/Failure_Playbook_LOCKED.md,4F901F134DC7B5E82CEE174CE11F773F2ECFC63C,27,30,Correction rule,IMPLEMENTATION,YES,RETAIN_SINGLE_PRIMARY_ROLE_NO_SECONDARY_AUTHORITY
LS-MD-0190,ops/Failure_Playbook_LOCKED.md,4F901F134DC7B5E82CEE174CE11F773F2ECFC63C,31,33,Closure,IMPLEMENTATION,YES,RETAIN_SINGLE_PRIMARY_ROLE_NO_SECONDARY_AUTHORITY
LS-MD-0191,ops/Historical_Correction_Runbook_LOCKED.md,54C0625ECFF018B30CB5A67FDE87DA54CF025B46,1,2,Historical Correction Runbook (LOCKED),IMPLEMENTATION,YES,RETAIN_SINGLE_PRIMARY_ROLE_NO_SECONDARY_AUTHORITY
LS-MD-0191,ops/Historical_Correction_Runbook_LOCKED.md,54C0625ECFF018B30CB5A67FDE87DA54CF025B46,3,11,Purpose,IMPLEMENTATION,YES,RETAIN_SINGLE_PRIMARY_ROLE_NO_SECONDARY_AUTHORITY
LS-MD-0191,ops/Historical_Correction_Runbook_LOCKED.md,54C0625ECFF018B30CB5A67FDE87DA54CF025B46,12,19,Operator goals,IMPLEMENTATION,YES,RETAIN_SINGLE_PRIMARY_ROLE_NO_SECONDARY_AUTHORITY
LS-MD-0191,ops/Historical_Correction_Runbook_LOCKED.md,54C0625ECFF018B30CB5A67FDE87DA54CF025B46,20,33,When this runbook must be used,IMPLEMENTATION,YES,RETAIN_SINGLE_PRIMARY_ROLE_NO_SECONDARY_AUTHORITY
LS-MD-0191,ops/Historical_Correction_Runbook_LOCKED.md,54C0625ECFF018B30CB5A67FDE87DA54CF025B46,34,42,Required preconditions,IMPLEMENTATION,YES,RETAIN_SINGLE_PRIMARY_ROLE_NO_SECONDARY_AUTHORITY
LS-MD-0191,ops/Historical_Correction_Runbook_LOCKED.md,54C0625ECFF018B30CB5A67FDE87DA54CF025B46,43,56,High-level flow (LOCKED),IMPLEMENTATION,YES,RETAIN_SINGLE_PRIMARY_ROLE_NO_SECONDARY_AUTHORITY
LS-MD-0191,ops/Historical_Correction_Runbook_LOCKED.md,54C0625ECFF018B30CB5A67FDE87DA54CF025B46,57,142,Step-by-step operator flow,IMPLEMENTATION,YES,RETAIN_SINGLE_PRIMARY_ROLE_NO_SECONDARY_AUTHORITY
LS-MD-0191,ops/Historical_Correction_Runbook_LOCKED.md,54C0625ECFF018B30CB5A67FDE87DA54CF025B46,143,156,Pre-publication switch checklist (LOCKED),IMPLEMENTATION,YES,RETAIN_SINGLE_PRIMARY_ROLE_NO_SECONDARY_AUTHORITY
LS-MD-0191,ops/Historical_Correction_Runbook_LOCKED.md,54C0625ECFF018B30CB5A67FDE87DA54CF025B46,157,165,Post-publication switch checklist (LOCKED),IMPLEMENTATION,YES,RETAIN_SINGLE_PRIMARY_ROLE_NO_SECONDARY_AUTHORITY
LS-MD-0191,ops/Historical_Correction_Runbook_LOCKED.md,54C0625ECFF018B30CB5A67FDE87DA54CF025B46,166,175,Failed correction recovery checklist (LOCKED),IMPLEMENTATION,YES,RETAIN_SINGLE_PRIMARY_ROLE_NO_SECONDARY_AUTHORITY
LS-MD-0191,ops/Historical_Correction_Runbook_LOCKED.md,54C0625ECFF018B30CB5A67FDE87DA54CF025B46,176,225,Decision outcomes,IMPLEMENTATION,YES,RETAIN_SINGLE_PRIMARY_ROLE_NO_SECONDARY_AUTHORITY
LS-MD-0191,ops/Historical_Correction_Runbook_LOCKED.md,54C0625ECFF018B30CB5A67FDE87DA54CF025B46,226,235,Forbidden operator shortcuts (LOCKED),IMPLEMENTATION,YES,RETAIN_SINGLE_PRIMARY_ROLE_NO_SECONDARY_AUTHORITY
LS-MD-0191,ops/Historical_Correction_Runbook_LOCKED.md,54C0625ECFF018B30CB5A67FDE87DA54CF025B46,236,249,Minimum evidence checklist,IMPLEMENTATION,YES,RETAIN_SINGLE_PRIMARY_ROLE_NO_SECONDARY_AUTHORITY
LS-MD-0191,ops/Historical_Correction_Runbook_LOCKED.md,54C0625ECFF018B30CB5A67FDE87DA54CF025B46,250,256,Rollback rule (LOCKED),IMPLEMENTATION,YES,RETAIN_SINGLE_PRIMARY_ROLE_NO_SECONDARY_AUTHORITY
LS-MD-0191,ops/Historical_Correction_Runbook_LOCKED.md,54C0625ECFF018B30CB5A67FDE87DA54CF025B46,257,263,Consumer safety check,IMPLEMENTATION,YES,RETAIN_SINGLE_PRIMARY_ROLE_NO_SECONDARY_AUTHORITY
LS-MD-0191,ops/Historical_Correction_Runbook_LOCKED.md,54C0625ECFF018B30CB5A67FDE87DA54CF025B46,264,271,Replay proof requirement,IMPLEMENTATION,YES,RETAIN_SINGLE_PRIMARY_ROLE_NO_SECONDARY_AUTHORITY
LS-MD-0191,ops/Historical_Correction_Runbook_LOCKED.md,54C0625ECFF018B30CB5A67FDE87DA54CF025B46,272,274,Anti-ambiguity rule (LOCKED),IMPLEMENTATION,YES,RETAIN_SINGLE_PRIMARY_ROLE_NO_SECONDARY_AUTHORITY
LS-MD-0191,ops/Historical_Correction_Runbook_LOCKED.md,54C0625ECFF018B30CB5A67FDE87DA54CF025B46,275,280,See also,IMPLEMENTATION,YES,RETAIN_SINGLE_PRIMARY_ROLE_NO_SECONDARY_AUTHORITY
LS-MD-0191,ops/Historical_Correction_Runbook_LOCKED.md,54C0625ECFF018B30CB5A67FDE87DA54CF025B46,281,283,Capability boundary scope (LOCKED),IMPLEMENTATION,YES,RETAIN_SINGLE_PRIMARY_ROLE_NO_SECONDARY_AUTHORITY
LS-MD-0193,ops/IMPLEMENTATION_GUIDE.md,B1C243C0495F656521E520460BA2D8DB0473686A,1,2,IMPLEMENTATION GUIDE,IMPLEMENTATION,YES,RETAIN_SINGLE_PRIMARY_ROLE_NO_SECONDARY_AUTHORITY
LS-MD-0193,ops/IMPLEMENTATION_GUIDE.md,B1C243C0495F656521E520460BA2D8DB0473686A,3,9,Service,IMPLEMENTATION,YES,RETAIN_SINGLE_PRIMARY_ROLE_NO_SECONDARY_AUTHORITY
LS-MD-0193,ops/IMPLEMENTATION_GUIDE.md,B1C243C0495F656521E520460BA2D8DB0473686A,10,14,Finalize,IMPLEMENTATION,YES,RETAIN_SINGLE_PRIMARY_ROLE_NO_SECONDARY_AUTHORITY
LS-MD-0193,ops/IMPLEMENTATION_GUIDE.md,B1C243C0495F656521E520460BA2D8DB0473686A,15,16,Logging,IMPLEMENTATION,YES,RETAIN_SINGLE_PRIMARY_ROLE_NO_SECONDARY_AUTHORITY
LS-MD-0194,ops/Incident_Classification_and_Response_Matrix_LOCKED.md,4807F1AC422E996EC04951E7CA0BE6BBBE9B1FEB,1,2,Incident Classification and Response Matrix (STRATEGY LOCKED),STRATEGY,YES,RETAIN_SINGLE_PRIMARY_ROLE_NO_SECONDARY_AUTHORITY
LS-MD-0194,ops/Incident_Classification_and_Response_Matrix_LOCKED.md,4807F1AC422E996EC04951E7CA0BE6BBBE9B1FEB,3,19,Activation rule,STRATEGY,YES,RETAIN_SINGLE_PRIMARY_ROLE_NO_SECONDARY_AUTHORITY
LS-MD-0194,ops/Incident_Classification_and_Response_Matrix_LOCKED.md,4807F1AC422E996EC04951E7CA0BE6BBBE9B1FEB,20,30,Capability boundary (LOCKED),STRATEGY,YES,RETAIN_SINGLE_PRIMARY_ROLE_NO_SECONDARY_AUTHORITY
LS-MD-0195,ops/Locking_Implementation_Standard_LOCKED.md,68C4D47E37CEC7426C8DB16BB6F9FD6A79AC2D1D,1,4,Locking Implementation Standard (LOCKED),IMPLEMENTATION,YES,RETAIN_SINGLE_PRIMARY_ROLE_NO_SECONDARY_AUTHORITY
LS-MD-0195,ops/Locking_Implementation_Standard_LOCKED.md,68C4D47E37CEC7426C8DB16BB6F9FD6A79AC2D1D,5,9,Locked rules,IMPLEMENTATION,YES,RETAIN_SINGLE_PRIMARY_ROLE_NO_SECONDARY_AUTHORITY
LS-MD-0196,ops/Logging_Schema_JSON_LOCKED.md,174C13F5F636C59D3A454FA8E4EAEBD761D902BE,1,2,Logging Schema JSON (LOCKED),IMPLEMENTATION,YES,RETAIN_SINGLE_PRIMARY_ROLE_NO_SECONDARY_AUTHORITY
LS-MD-0196,ops/Logging_Schema_JSON_LOCKED.md,174C13F5F636C59D3A454FA8E4EAEBD761D902BE,3,5,Purpose,IMPLEMENTATION,YES,RETAIN_SINGLE_PRIMARY_ROLE_NO_SECONDARY_AUTHORITY
LS-MD-0196,ops/Logging_Schema_JSON_LOCKED.md,174C13F5F636C59D3A454FA8E4EAEBD761D902BE,6,9,Storage,IMPLEMENTATION,YES,RETAIN_SINGLE_PRIMARY_ROLE_NO_SECONDARY_AUTHORITY
LS-MD-0196,ops/Logging_Schema_JSON_LOCKED.md,174C13F5F636C59D3A454FA8E4EAEBD761D902BE,10,19,Minimum top-level fields,IMPLEMENTATION,YES,RETAIN_SINGLE_PRIMARY_ROLE_NO_SECONDARY_AUTHORITY
LS-MD-0196,ops/Logging_Schema_JSON_LOCKED.md,174C13F5F636C59D3A454FA8E4EAEBD761D902BE,20,33,Recommended payload fields,IMPLEMENTATION,YES,RETAIN_SINGLE_PRIMARY_ROLE_NO_SECONDARY_AUTHORITY
LS-MD-0196,ops/Logging_Schema_JSON_LOCKED.md,174C13F5F636C59D3A454FA8E4EAEBD761D902BE,34,38,Locked rules,IMPLEMENTATION,YES,RETAIN_SINGLE_PRIMARY_ROLE_NO_SECONDARY_AUTHORITY
LS-MD-0197,ops/LOGGING_TRACEABILITY_REASON_CODES_INVENTORY.md,A1940E4465EB5BE5C45139CB797981907401A453,1,3,[preamble/title],IMPLEMENTATION,YES,SPLIT_EXACT_SECTION
LS-MD-0197,ops/LOGGING_TRACEABILITY_REASON_CODES_INVENTORY.md,A1940E4465EB5BE5C45139CB797981907401A453,4,11,Logging / Traceability / Reason Codes Inventory,IMPLEMENTATION,YES,SPLIT_EXACT_SECTION
LS-MD-0197,ops/LOGGING_TRACEABILITY_REASON_CODES_INVENTORY.md,A1940E4465EB5BE5C45139CB797981907401A453,12,15,Final rule,GOVERNANCE,YES,SPLIT_EXACT_SECTION
LS-MD-0197,ops/LOGGING_TRACEABILITY_REASON_CODES_INVENTORY.md,A1940E4465EB5BE5C45139CB797981907401A453,16,40,Inventory,IMPLEMENTATION,YES,SPLIT_EXACT_SECTION
LS-MD-0197,ops/LOGGING_TRACEABILITY_REASON_CODES_INVENTORY.md,A1940E4465EB5BE5C45139CB797981907401A453,41,46,Gap status after this patch,FINDING,YES,SPLIT_EXACT_SECTION
LS-MD-0198,ops/Observability_Minimum_Contract_LOCKED.md,D4603CC806C63DA66F926BC34165F94252045542,1,2,Observability Minimum Contract (LOCKED),STRATEGY,YES,RETAIN_SINGLE_PRIMARY_ROLE_NO_SECONDARY_AUTHORITY
LS-MD-0198,ops/Observability_Minimum_Contract_LOCKED.md,D4603CC806C63DA66F926BC34165F94252045542,3,5,Purpose,STRATEGY,YES,RETAIN_SINGLE_PRIMARY_ROLE_NO_SECONDARY_AUTHORITY
LS-MD-0198,ops/Observability_Minimum_Contract_LOCKED.md,D4603CC806C63DA66F926BC34165F94252045542,6,14,Minimum observable artifacts per requested date T,STRATEGY,YES,RETAIN_SINGLE_PRIMARY_ROLE_NO_SECONDARY_AUTHORITY
LS-MD-0198,ops/Observability_Minimum_Contract_LOCKED.md,D4603CC806C63DA66F926BC34165F94252045542,15,24,Minimum observability questions that must be answerable,STRATEGY,YES,RETAIN_SINGLE_PRIMARY_ROLE_NO_SECONDARY_AUTHORITY
LS-MD-0198,ops/Observability_Minimum_Contract_LOCKED.md,D4603CC806C63DA66F926BC34165F94252045542,25,29,Locked rules,STRATEGY,YES,RETAIN_SINGLE_PRIMARY_ROLE_NO_SECONDARY_AUTHORITY
LS-MD-0199,ops/OPERATIONAL_RUNBOOK.md,2C25F532C2559924577739109EA36A9DE7267112,1,6,Market Data Operational Runbook,IMPLEMENTATION,YES,RETAIN_SINGLE_PRIMARY_ROLE_NO_SECONDARY_AUTHORITY
LS-MD-0199,ops/OPERATIONAL_RUNBOOK.md,2C25F532C2559924577739109EA36A9DE7267112,7,16,Capability boundary scope for ops documents (LOCKED),IMPLEMENTATION,YES,RETAIN_SINGLE_PRIMARY_ROLE_NO_SECONDARY_AUTHORITY
LS-MD-0199,ops/OPERATIONAL_RUNBOOK.md,2C25F532C2559924577739109EA36A9DE7267112,17,23,Operating modes,IMPLEMENTATION,YES,RETAIN_SINGLE_PRIMARY_ROLE_NO_SECONDARY_AUTHORITY
LS-MD-0199,ops/OPERATIONAL_RUNBOOK.md,2C25F532C2559924577739109EA36A9DE7267112,24,44,Activation checklist,IMPLEMENTATION,YES,RETAIN_SINGLE_PRIMARY_ROLE_NO_SECONDARY_AUTHORITY
LS-MD-0199,ops/OPERATIONAL_RUNBOOK.md,2C25F532C2559924577739109EA36A9DE7267112,45,53,Daily operator flow,IMPLEMENTATION,YES,RETAIN_SINGLE_PRIMARY_ROLE_NO_SECONDARY_AUTHORITY
LS-MD-0199,ops/OPERATIONAL_RUNBOOK.md,2C25F532C2559924577739109EA36A9DE7267112,54,63,Absolute safety rules,IMPLEMENTATION,YES,RETAIN_SINGLE_PRIMARY_ROLE_NO_SECONDARY_AUTHORITY
LS-MD-0199,ops/OPERATIONAL_RUNBOOK.md,2C25F532C2559924577739109EA36A9DE7267112,64,67,Evidence per operation,IMPLEMENTATION,YES,RETAIN_SINGLE_PRIMARY_ROLE_NO_SECONDARY_AUTHORITY
LS-MD-0199,ops/OPERATIONAL_RUNBOOK.md,2C25F532C2559924577739109EA36A9DE7267112,68,80,Supporting documents,IMPLEMENTATION,YES,RETAIN_SINGLE_PRIMARY_ROLE_NO_SECONDARY_AUTHORITY
LS-MD-0199,ops/OPERATIONAL_RUNBOOK.md,2C25F532C2559924577739109EA36A9DE7267112,81,264,OPERATIONAL_READINESS_CONTRACT compatibility operator appendix,IMPLEMENTATION,YES,RETAIN_SINGLE_PRIMARY_ROLE_NO_SECONDARY_AUTHORITY
LS-MD-0200,ops/Operator_Decision_Trees_LOCKED.md,FCB64429D4A520D95127800A9EBB87F100030B4E,1,2,Operator Decision Trees (LOCKED),STRATEGY,YES,RETAIN_SINGLE_PRIMARY_ROLE_NO_SECONDARY_AUTHORITY
LS-MD-0200,ops/Operator_Decision_Trees_LOCKED.md,FCB64429D4A520D95127800A9EBB87F100030B4E,3,5,Purpose,STRATEGY,YES,RETAIN_SINGLE_PRIMARY_ROLE_NO_SECONDARY_AUTHORITY
LS-MD-0200,ops/Operator_Decision_Trees_LOCKED.md,FCB64429D4A520D95127800A9EBB87F100030B4E,6,15,Decision Tree A — Source schema drift,STRATEGY,YES,RETAIN_SINGLE_PRIMARY_ROLE_NO_SECONDARY_AUTHORITY
LS-MD-0200,ops/Operator_Decision_Trees_LOCKED.md,FCB64429D4A520D95127800A9EBB87F100030B4E,16,26,Decision Tree B — Hash failure,STRATEGY,YES,RETAIN_SINGLE_PRIMARY_ROLE_NO_SECONDARY_AUTHORITY
LS-MD-0200,ops/Operator_Decision_Trees_LOCKED.md,FCB64429D4A520D95127800A9EBB87F100030B4E,27,36,Decision Tree C — Seal write failure,STRATEGY,YES,RETAIN_SINGLE_PRIMARY_ROLE_NO_SECONDARY_AUTHORITY
LS-MD-0200,ops/Operator_Decision_Trees_LOCKED.md,FCB64429D4A520D95127800A9EBB87F100030B4E,37,45,Decision Tree D — Publication ambiguity,STRATEGY,YES,RETAIN_SINGLE_PRIMARY_ROLE_NO_SECONDARY_AUTHORITY
LS-MD-0200,ops/Operator_Decision_Trees_LOCKED.md,FCB64429D4A520D95127800A9EBB87F100030B4E,46,55,Decision Tree E — Correction reseal failure,STRATEGY,YES,RETAIN_SINGLE_PRIMARY_ROLE_NO_SECONDARY_AUTHORITY
LS-MD-0200,ops/Operator_Decision_Trees_LOCKED.md,FCB64429D4A520D95127800A9EBB87F100030B4E,56,65,Decision Tree F — Replay mismatch,STRATEGY,YES,RETAIN_SINGLE_PRIMARY_ROLE_NO_SECONDARY_AUTHORITY
LS-MD-0200,ops/Operator_Decision_Trees_LOCKED.md,FCB64429D4A520D95127800A9EBB87F100030B4E,66,71,Cross-contract alignment,STRATEGY,YES,RETAIN_SINGLE_PRIMARY_ROLE_NO_SECONDARY_AUTHORITY
LS-MD-0200,ops/Operator_Decision_Trees_LOCKED.md,FCB64429D4A520D95127800A9EBB87F100030B4E,72,73,Anti-ambiguity rule (LOCKED),STRATEGY,YES,RETAIN_SINGLE_PRIMARY_ROLE_NO_SECONDARY_AUTHORITY
LS-MD-0201,ops/OPS_ENVIRONMENT_BASELINE.md,4CD43340DAE04A7BB47B9DBDD430FACBC6FCAEF5,1,6,Ops Environment Baseline,IMPLEMENTATION,YES,SPLIT_EXACT_SECTION
LS-MD-0201,ops/OPS_ENVIRONMENT_BASELINE.md,4CD43340DAE04A7BB47B9DBDD430FACBC6FCAEF5,7,21,Baseline decision,DECISION,YES,SPLIT_EXACT_SECTION
LS-MD-0201,ops/OPS_ENVIRONMENT_BASELINE.md,4CD43340DAE04A7BB47B9DBDD430FACBC6FCAEF5,22,38,Clean-output policy,CONTEXT,NO,SPLIT_EXACT_SECTION
LS-MD-0201,ops/OPS_ENVIRONMENT_BASELINE.md,4CD43340DAE04A7BB47B9DBDD430FACBC6FCAEF5,39,48,Runtime guard,CONTEXT,NO,SPLIT_EXACT_SECTION
LS-MD-0201,ops/OPS_ENVIRONMENT_BASELINE.md,4CD43340DAE04A7BB47B9DBDD430FACBC6FCAEF5,49,87,Manual operator validation,EVIDENCE,YES,SPLIT_EXACT_SECTION
LS-MD-0201,ops/OPS_ENVIRONMENT_BASELINE.md,4CD43340DAE04A7BB47B9DBDD430FACBC6FCAEF5,88,98,Container observation for this session,EVIDENCE,YES,SPLIT_EXACT_SECTION
LS-MD-0201,ops/OPS_ENVIRONMENT_BASELINE.md,4CD43340DAE04A7BB47B9DBDD430FACBC6FCAEF5,99,120,Operator-local proof received for this session,EVIDENCE,YES,SPLIT_EXACT_SECTION
LS-MD-0201,ops/OPS_ENVIRONMENT_BASELINE.md,4CD43340DAE04A7BB47B9DBDD430FACBC6FCAEF5,121,127,Final rule,GOVERNANCE,YES,SPLIT_EXACT_SECTION
LS-MD-0201,ops/OPS_ENVIRONMENT_BASELINE.md,4CD43340DAE04A7BB47B9DBDD430FACBC6FCAEF5,128,136,Final closure proof,EVIDENCE,YES,SPLIT_EXACT_SECTION
LS-MD-0202,ops/Performance_SLO_and_Limits_LOCKED.md,29B65C554AF9BEA3742E11823A82D41DFBA11208,1,2,"Performance, Freshness, and Capacity SLO (STRATEGY LOCKED)",STRATEGY,YES,RETAIN_SINGLE_PRIMARY_ROLE_NO_SECONDARY_AUTHORITY
LS-MD-0202,ops/Performance_SLO_and_Limits_LOCKED.md,29B65C554AF9BEA3742E11823A82D41DFBA11208,3,6,Measurement boundary,STRATEGY,YES,RETAIN_SINGLE_PRIMARY_ROLE_NO_SECONDARY_AUTHORITY
LS-MD-0202,ops/Performance_SLO_and_Limits_LOCKED.md,29B65C554AF9BEA3742E11823A82D41DFBA11208,7,19,Freshness clock,STRATEGY,YES,RETAIN_SINGLE_PRIMARY_ROLE_NO_SECONDARY_AUTHORITY
LS-MD-0202,ops/Performance_SLO_and_Limits_LOCKED.md,29B65C554AF9BEA3742E11823A82D41DFBA11208,20,50,Horizon-derived targets (LOCKED),STRATEGY,YES,RETAIN_SINGLE_PRIMARY_ROLE_NO_SECONDARY_AUTHORITY
LS-MD-0202,ops/Performance_SLO_and_Limits_LOCKED.md,29B65C554AF9BEA3742E11823A82D41DFBA11208,51,56,SLO registry,STRATEGY,YES,RETAIN_SINGLE_PRIMARY_ROLE_NO_SECONDARY_AUTHORITY
LS-MD-0202,ops/Performance_SLO_and_Limits_LOCKED.md,29B65C554AF9BEA3742E11823A82D41DFBA11208,57,60,Capacity and limits,STRATEGY,YES,RETAIN_SINGLE_PRIMARY_ROLE_NO_SECONDARY_AUTHORITY
LS-MD-0202,ops/Performance_SLO_and_Limits_LOCKED.md,29B65C554AF9BEA3742E11823A82D41DFBA11208,61,69,Alert states,STRATEGY,YES,RETAIN_SINGLE_PRIMARY_ROLE_NO_SECONDARY_AUTHORITY
LS-MD-0202,ops/Performance_SLO_and_Limits_LOCKED.md,29B65C554AF9BEA3742E11823A82D41DFBA11208,70,80,Capability boundary (LOCKED),STRATEGY,YES,RETAIN_SINGLE_PRIMARY_ROLE_NO_SECONDARY_AUTHORITY
LS-MD-0203,ops/Release_Gates_LOCKED.md,E2C5D627AAC62E1C58735DEA7433DCC336B1DD98,1,8,Release Gates (LOCKED),STRATEGY,YES,RETAIN_SINGLE_PRIMARY_ROLE_NO_SECONDARY_AUTHORITY
LS-MD-0203,ops/Release_Gates_LOCKED.md,E2C5D627AAC62E1C58735DEA7433DCC336B1DD98,9,19,Capability boundary (LOCKED),STRATEGY,YES,RETAIN_SINGLE_PRIMARY_ROLE_NO_SECONDARY_AUTHORITY
LS-MD-0204,ops/Resumable_Backfill_Contract_LOCKED.md,689572A8815FC6D9FB6894A3E252CC6FB6A70F4B,1,4,Resumable Backfill Contract (LOCKED),STRATEGY,YES,RETAIN_SINGLE_PRIMARY_ROLE_NO_SECONDARY_AUTHORITY
LS-MD-0204,ops/Resumable_Backfill_Contract_LOCKED.md,689572A8815FC6D9FB6894A3E252CC6FB6A70F4B,5,10,V2 immutable-observation / candidate-projection boundary (LOCKED),STRATEGY,YES,RETAIN_SINGLE_PRIMARY_ROLE_NO_SECONDARY_AUTHORITY
LS-MD-0204,ops/Resumable_Backfill_Contract_LOCKED.md,689572A8815FC6D9FB6894A3E252CC6FB6A70F4B,11,18,Locked rules,STRATEGY,YES,RETAIN_SINGLE_PRIMARY_ROLE_NO_SECONDARY_AUTHORITY
LS-MD-0204,ops/Resumable_Backfill_Contract_LOCKED.md,689572A8815FC6D9FB6894A3E252CC6FB6A70F4B,19,31,Amendment 2026-05-27 - Failed checkpoint recovery apply,STRATEGY,YES,RETAIN_SINGLE_PRIMARY_ROLE_NO_SECONDARY_AUTHORITY
LS-MD-0204,ops/Resumable_Backfill_Contract_LOCKED.md,689572A8815FC6D9FB6894A3E252CC6FB6A70F4B,32,36,Amendment 2026-05-27 - Publication reprocess after recovered rows,STRATEGY,YES,RETAIN_SINGLE_PRIMARY_ROLE_NO_SECONDARY_AUTHORITY
LS-MD-0205,ops/Run_Artifacts_Format_LOCKED.md,4D5A48BCAE4046BE1385B941DFE566CF5B9672A9,1,2,Run Artifacts Format (LOCKED),STRATEGY,YES,RETAIN_SINGLE_PRIMARY_ROLE_NO_SECONDARY_AUTHORITY
LS-MD-0205,ops/Run_Artifacts_Format_LOCKED.md,4D5A48BCAE4046BE1385B941DFE566CF5B9672A9,3,8,Purpose,STRATEGY,YES,RETAIN_SINGLE_PRIMARY_ROLE_NO_SECONDARY_AUTHORITY
LS-MD-0205,ops/Run_Artifacts_Format_LOCKED.md,4D5A48BCAE4046BE1385B941DFE566CF5B9672A9,9,12,Corrected-strategy binding rule (LOCKED),STRATEGY,YES,RETAIN_SINGLE_PRIMARY_ROLE_NO_SECONDARY_AUTHORITY
LS-MD-0205,ops/Run_Artifacts_Format_LOCKED.md,4D5A48BCAE4046BE1385B941DFE566CF5B9672A9,13,19,Artifact categories,STRATEGY,YES,RETAIN_SINGLE_PRIMARY_ROLE_NO_SECONDARY_AUTHORITY
LS-MD-0205,ops/Run_Artifacts_Format_LOCKED.md,4D5A48BCAE4046BE1385B941DFE566CF5B9672A9,20,36,Minimum artifact set per requested-date run,STRATEGY,YES,RETAIN_SINGLE_PRIMARY_ROLE_NO_SECONDARY_AUTHORITY
LS-MD-0205,ops/Run_Artifacts_Format_LOCKED.md,4D5A48BCAE4046BE1385B941DFE566CF5B9672A9,37,101,1. `run_summary.json`,STRATEGY,YES,RETAIN_SINGLE_PRIMARY_ROLE_NO_SECONDARY_AUTHORITY
LS-MD-0205,ops/Run_Artifacts_Format_LOCKED.md,4D5A48BCAE4046BE1385B941DFE566CF5B9672A9,102,146,2. `publication_manifest.json`,STRATEGY,YES,RETAIN_SINGLE_PRIMARY_ROLE_NO_SECONDARY_AUTHORITY
LS-MD-0205,ops/Run_Artifacts_Format_LOCKED.md,4D5A48BCAE4046BE1385B941DFE566CF5B9672A9,147,177,3. `run_event_summary.json`,STRATEGY,YES,RETAIN_SINGLE_PRIMARY_ROLE_NO_SECONDARY_AUTHORITY
LS-MD-0205,ops/Run_Artifacts_Format_LOCKED.md,4D5A48BCAE4046BE1385B941DFE566CF5B9672A9,178,200,4. `eligibility_export.csv`,STRATEGY,YES,RETAIN_SINGLE_PRIMARY_ROLE_NO_SECONDARY_AUTHORITY
LS-MD-0205,ops/Run_Artifacts_Format_LOCKED.md,4D5A48BCAE4046BE1385B941DFE566CF5B9672A9,201,223,5. `invalid_bars_export.csv`,STRATEGY,YES,RETAIN_SINGLE_PRIMARY_ROLE_NO_SECONDARY_AUTHORITY
LS-MD-0205,ops/Run_Artifacts_Format_LOCKED.md,4D5A48BCAE4046BE1385B941DFE566CF5B9672A9,224,249,6. `anomaly_report.md`,STRATEGY,YES,RETAIN_SINGLE_PRIMARY_ROLE_NO_SECONDARY_AUTHORITY
LS-MD-0205,ops/Run_Artifacts_Format_LOCKED.md,4D5A48BCAE4046BE1385B941DFE566CF5B9672A9,250,295,7. `source_attempt_telemetry.json`,STRATEGY,YES,RETAIN_SINGLE_PRIMARY_ROLE_NO_SECONDARY_AUTHORITY
LS-MD-0205,ops/Run_Artifacts_Format_LOCKED.md,4D5A48BCAE4046BE1385B941DFE566CF5B9672A9,296,330,7. `correction_evidence.json`,STRATEGY,YES,RETAIN_SINGLE_PRIMARY_ROLE_NO_SECONDARY_AUTHORITY
LS-MD-0205,ops/Run_Artifacts_Format_LOCKED.md,4D5A48BCAE4046BE1385B941DFE566CF5B9672A9,331,374,8. `replay_result.json`,STRATEGY,YES,RETAIN_SINGLE_PRIMARY_ROLE_NO_SECONDARY_AUTHORITY
LS-MD-0205,ops/Run_Artifacts_Format_LOCKED.md,4D5A48BCAE4046BE1385B941DFE566CF5B9672A9,375,398,9. `replay_expected_state.json`,STRATEGY,YES,RETAIN_SINGLE_PRIMARY_ROLE_NO_SECONDARY_AUTHORITY
LS-MD-0205,ops/Run_Artifacts_Format_LOCKED.md,4D5A48BCAE4046BE1385B941DFE566CF5B9672A9,399,422,10. `replay_actual_state.json`,STRATEGY,YES,RETAIN_SINGLE_PRIMARY_ROLE_NO_SECONDARY_AUTHORITY
LS-MD-0205,ops/Run_Artifacts_Format_LOCKED.md,4D5A48BCAE4046BE1385B941DFE566CF5B9672A9,423,426,Artifact timestamp rule,STRATEGY,YES,RETAIN_SINGLE_PRIMARY_ROLE_NO_SECONDARY_AUTHORITY
LS-MD-0205,ops/Run_Artifacts_Format_LOCKED.md,4D5A48BCAE4046BE1385B941DFE566CF5B9672A9,427,433,Artifact secrecy rule,STRATEGY,YES,RETAIN_SINGLE_PRIMARY_ROLE_NO_SECONDARY_AUTHORITY
LS-MD-0205,ops/Run_Artifacts_Format_LOCKED.md,4D5A48BCAE4046BE1385B941DFE566CF5B9672A9,434,441,Cross-contract alignment,STRATEGY,YES,RETAIN_SINGLE_PRIMARY_ROLE_NO_SECONDARY_AUTHORITY
LS-MD-0205,ops/Run_Artifacts_Format_LOCKED.md,4D5A48BCAE4046BE1385B941DFE566CF5B9672A9,442,444,Anti-ambiguity rule (LOCKED),STRATEGY,YES,RETAIN_SINGLE_PRIMARY_ROLE_NO_SECONDARY_AUTHORITY
LS-MD-0205,ops/Run_Artifacts_Format_LOCKED.md,4D5A48BCAE4046BE1385B941DFE566CF5B9672A9,445,452,See also,STRATEGY,YES,RETAIN_SINGLE_PRIMARY_ROLE_NO_SECONDARY_AUTHORITY
LS-MD-0205,ops/Run_Artifacts_Format_LOCKED.md,4D5A48BCAE4046BE1385B941DFE566CF5B9672A9,453,486,Amendment 2026-05-26 - Import mutation and impact fields,STRATEGY,YES,RETAIN_SINGLE_PRIMARY_ROLE_NO_SECONDARY_AUTHORITY
LS-MD-0205,ops/Run_Artifacts_Format_LOCKED.md,4D5A48BCAE4046BE1385B941DFE566CF5B9672A9,487,524,Amendment 2026-05-27 - Impact execution artifact fields,STRATEGY,YES,RETAIN_SINGLE_PRIMARY_ROLE_NO_SECONDARY_AUTHORITY
LS-MD-0205,ops/Run_Artifacts_Format_LOCKED.md,4D5A48BCAE4046BE1385B941DFE566CF5B9672A9,525,552,Amendment 2026-05-27 - Publication reprocess execution fields,STRATEGY,YES,RETAIN_SINGLE_PRIMARY_ROLE_NO_SECONDARY_AUTHORITY
LS-MD-0205,ops/Run_Artifacts_Format_LOCKED.md,4D5A48BCAE4046BE1385B941DFE566CF5B9672A9,553,561,Amendment 2026-05-27 - Final publication reprocess execution proof fields,STRATEGY,YES,RETAIN_SINGLE_PRIMARY_ROLE_NO_SECONDARY_AUTHORITY
LS-MD-0206,ops/Run_Execution_Evidence_Pack_Contract_LOCKED.md,FFA1C871D67F76E0171FD9FD40AB5083A13DC18F,1,2,Run Execution Evidence Pack Contract (LOCKED),STRATEGY,YES,RETAIN_SINGLE_PRIMARY_ROLE_NO_SECONDARY_AUTHORITY
LS-MD-0206,ops/Run_Execution_Evidence_Pack_Contract_LOCKED.md,FFA1C871D67F76E0171FD9FD40AB5083A13DC18F,3,10,Purpose,STRATEGY,YES,RETAIN_SINGLE_PRIMARY_ROLE_NO_SECONDARY_AUTHORITY
LS-MD-0206,ops/Run_Execution_Evidence_Pack_Contract_LOCKED.md,FFA1C871D67F76E0171FD9FD40AB5083A13DC18F,11,19,Core rule (LOCKED),STRATEGY,YES,RETAIN_SINGLE_PRIMARY_ROLE_NO_SECONDARY_AUTHORITY
LS-MD-0206,ops/Run_Execution_Evidence_Pack_Contract_LOCKED.md,FFA1C871D67F76E0171FD9FD40AB5083A13DC18F,20,30,Minimum executed evidence pack for one requested-date run,STRATEGY,YES,RETAIN_SINGLE_PRIMARY_ROLE_NO_SECONDARY_AUTHORITY
LS-MD-0206,ops/Run_Execution_Evidence_Pack_Contract_LOCKED.md,FFA1C871D67F76E0171FD9FD40AB5083A13DC18F,31,39,Minimum executed correction evidence pack,STRATEGY,YES,RETAIN_SINGLE_PRIMARY_ROLE_NO_SECONDARY_AUTHORITY
LS-MD-0206,ops/Run_Execution_Evidence_Pack_Contract_LOCKED.md,FFA1C871D67F76E0171FD9FD40AB5083A13DC18F,40,47,Minimum executed replay evidence pack,STRATEGY,YES,RETAIN_SINGLE_PRIMARY_ROLE_NO_SECONDARY_AUTHORITY
LS-MD-0206,ops/Run_Execution_Evidence_Pack_Contract_LOCKED.md,FFA1C871D67F76E0171FD9FD40AB5083A13DC18F,48,59,Minimum executed test evidence pack,STRATEGY,YES,RETAIN_SINGLE_PRIMARY_ROLE_NO_SECONDARY_AUTHORITY
LS-MD-0206,ops/Run_Execution_Evidence_Pack_Contract_LOCKED.md,FFA1C871D67F76E0171FD9FD40AB5083A13DC18F,60,65,Executed-evidence distinction (LOCKED),STRATEGY,YES,RETAIN_SINGLE_PRIMARY_ROLE_NO_SECONDARY_AUTHORITY
LS-MD-0206,ops/Run_Execution_Evidence_Pack_Contract_LOCKED.md,FFA1C871D67F76E0171FD9FD40AB5083A13DC18F,66,72,Recommended storage locations,STRATEGY,YES,RETAIN_SINGLE_PRIMARY_ROLE_NO_SECONDARY_AUTHORITY
LS-MD-0206,ops/Run_Execution_Evidence_Pack_Contract_LOCKED.md,FFA1C871D67F76E0171FD9FD40AB5083A13DC18F,73,79,Cross-contract alignment,STRATEGY,YES,RETAIN_SINGLE_PRIMARY_ROLE_NO_SECONDARY_AUTHORITY
LS-MD-0206,ops/Run_Execution_Evidence_Pack_Contract_LOCKED.md,FFA1C871D67F76E0171FD9FD40AB5083A13DC18F,80,81,Anti-ambiguity rule (LOCKED),STRATEGY,YES,RETAIN_SINGLE_PRIMARY_ROLE_NO_SECONDARY_AUTHORITY
LS-MD-0207,ops/Run_Ownership_and_Recovery_LOCKED.md,2E16C17FDBC4E916FE9E57C3508CCC27A123E0BC,1,2,Run Ownership and Recovery (LOCKED),STRATEGY,YES,RETAIN_SINGLE_PRIMARY_ROLE_NO_SECONDARY_AUTHORITY
LS-MD-0207,ops/Run_Ownership_and_Recovery_LOCKED.md,2E16C17FDBC4E916FE9E57C3508CCC27A123E0BC,3,5,Purpose,STRATEGY,YES,RETAIN_SINGLE_PRIMARY_ROLE_NO_SECONDARY_AUTHORITY
LS-MD-0207,ops/Run_Ownership_and_Recovery_LOCKED.md,2E16C17FDBC4E916FE9E57C3508CCC27A123E0BC,6,16,Core ownership rule (LOCKED),STRATEGY,YES,RETAIN_SINGLE_PRIMARY_ROLE_NO_SECONDARY_AUTHORITY
LS-MD-0207,ops/Run_Ownership_and_Recovery_LOCKED.md,2E16C17FDBC4E916FE9E57C3508CCC27A123E0BC,17,27,Allowed ownership model,STRATEGY,YES,RETAIN_SINGLE_PRIMARY_ROLE_NO_SECONDARY_AUTHORITY
LS-MD-0207,ops/Run_Ownership_and_Recovery_LOCKED.md,2E16C17FDBC4E916FE9E57C3508CCC27A123E0BC,28,35,Owner responsibilities,STRATEGY,YES,RETAIN_SINGLE_PRIMARY_ROLE_NO_SECONDARY_AUTHORITY
LS-MD-0207,ops/Run_Ownership_and_Recovery_LOCKED.md,2E16C17FDBC4E916FE9E57C3508CCC27A123E0BC,36,47,Non-owner behavior,STRATEGY,YES,RETAIN_SINGLE_PRIMARY_ROLE_NO_SECONDARY_AUTHORITY
LS-MD-0207,ops/Run_Ownership_and_Recovery_LOCKED.md,2E16C17FDBC4E916FE9E57C3508CCC27A123E0BC,48,53,Recovery rule,STRATEGY,YES,RETAIN_SINGLE_PRIMARY_ROLE_NO_SECONDARY_AUTHORITY
LS-MD-0207,ops/Run_Ownership_and_Recovery_LOCKED.md,2E16C17FDBC4E916FE9E57C3508CCC27A123E0BC,54,59,Takeover rule,STRATEGY,YES,RETAIN_SINGLE_PRIMARY_ROLE_NO_SECONDARY_AUTHORITY
LS-MD-0207,ops/Run_Ownership_and_Recovery_LOCKED.md,2E16C17FDBC4E916FE9E57C3508CCC27A123E0BC,60,62,Anti-double-finalize rule (LOCKED),STRATEGY,YES,RETAIN_SINGLE_PRIMARY_ROLE_NO_SECONDARY_AUTHORITY
LS-MD-0207,ops/Run_Ownership_and_Recovery_LOCKED.md,2E16C17FDBC4E916FE9E57C3508CCC27A123E0BC,63,65,Anti-double-seal rule (LOCKED),STRATEGY,YES,RETAIN_SINGLE_PRIMARY_ROLE_NO_SECONDARY_AUTHORITY
LS-MD-0207,ops/Run_Ownership_and_Recovery_LOCKED.md,2E16C17FDBC4E916FE9E57C3508CCC27A123E0BC,66,71,Minimum evidence,STRATEGY,YES,RETAIN_SINGLE_PRIMARY_ROLE_NO_SECONDARY_AUTHORITY
LS-MD-0208,ops/RUN_PUBLICATION_POINTER_LINKAGE_INVENTORY.md,D27A829A793A182A7BEF9796B85546AC7329B73A,1,34,RUN / PUBLICATION / POINTER LINKAGE INVENTORY,IMPLEMENTATION,YES,SPLIT_EXACT_SECTION
LS-MD-0208,ops/RUN_PUBLICATION_POINTER_LINKAGE_INVENTORY.md,D27A829A793A182A7BEF9796B85546AC7329B73A,35,47,Final enforced rules,GOVERNANCE,YES,SPLIT_EXACT_SECTION
LS-MD-0208,ops/RUN_PUBLICATION_POINTER_LINKAGE_INVENTORY.md,D27A829A793A182A7BEF9796B85546AC7329B73A,48,54,Validation status,EVIDENCE,YES,SPLIT_EXACT_SECTION
LS-MD-0209,ops/Scheduling_and_Locking_Contract_LOCKED.md,A20EB0B337834E2CB896F871B0DA97456FE9446B,1,2,Scheduling and Locking Contract (STRATEGY LOCKED),STRATEGY,YES,RETAIN_SINGLE_PRIMARY_ROLE_NO_SECONDARY_AUTHORITY
LS-MD-0209,ops/Scheduling_and_Locking_Contract_LOCKED.md,A20EB0B337834E2CB896F871B0DA97456FE9446B,3,8,Daily target,STRATEGY,YES,RETAIN_SINGLE_PRIMARY_ROLE_NO_SECONDARY_AUTHORITY
LS-MD-0209,ops/Scheduling_and_Locking_Contract_LOCKED.md,A20EB0B337834E2CB896F871B0DA97456FE9446B,9,14,Idempotency and locks,STRATEGY,YES,RETAIN_SINGLE_PRIMARY_ROLE_NO_SECONDARY_AUTHORITY
LS-MD-0209,ops/Scheduling_and_Locking_Contract_LOCKED.md,A20EB0B337834E2CB896F871B0DA97456FE9446B,15,18,Scheduler outcomes,STRATEGY,YES,RETAIN_SINGLE_PRIMARY_ROLE_NO_SECONDARY_AUTHORITY
LS-MD-0209,ops/Scheduling_and_Locking_Contract_LOCKED.md,A20EB0B337834E2CB896F871B0DA97456FE9446B,19,24,Activation boundary,STRATEGY,YES,RETAIN_SINGLE_PRIMARY_ROLE_NO_SECONDARY_AUTHORITY
LS-MD-0209,ops/Scheduling_and_Locking_Contract_LOCKED.md,A20EB0B337834E2CB896F871B0DA97456FE9446B,25,33,Prohibited scheduling behavior,STRATEGY,YES,RETAIN_SINGLE_PRIMARY_ROLE_NO_SECONDARY_AUTHORITY
LS-MD-0209,ops/Scheduling_and_Locking_Contract_LOCKED.md,A20EB0B337834E2CB896F871B0DA97456FE9446B,34,44,Capability boundary (LOCKED),STRATEGY,YES,RETAIN_SINGLE_PRIMARY_ROLE_NO_SECONDARY_AUTHORITY
LS-MD-0210,patches/README.md,BB5EBE47ACC0D12B4B54A92F3E6ED4DC53B92143,1,5,Market Data Historical Patches,HISTORY,YES,RETAIN_SINGLE_PRIMARY_ROLE_NO_SECONDARY_AUTHORITY
LS-MD-0211,patches/TRADING_STATUS_NON_EXCLUSION_CLEAR_PATCH.md,D7FA2DA1E496AD9DA1448E9736FD87DDADE28E6C,1,10,Trading Status Non-Exclusion Clear Patch,IMPLEMENTATION,YES,SPLIT_EXACT_SECTION
LS-MD-0211,patches/TRADING_STATUS_NON_EXCLUSION_CLEAR_PATCH.md,D7FA2DA1E496AD9DA1448E9736FD87DDADE28E6C,11,14,Purpose,GOVERNANCE,YES,SPLIT_EXACT_SECTION
LS-MD-0211,patches/TRADING_STATUS_NON_EXCLUSION_CLEAR_PATCH.md,D7FA2DA1E496AD9DA1448E9736FD87DDADE28E6C,15,23,Domain rule,GOVERNANCE,YES,SPLIT_EXACT_SECTION
LS-MD-0211,patches/TRADING_STATUS_NON_EXCLUSION_CLEAR_PATCH.md,D7FA2DA1E496AD9DA1448E9736FD87DDADE28E6C,24,28,Changed files,IMPLEMENTATION,YES,SPLIT_EXACT_SECTION
LS-MD-0211,patches/TRADING_STATUS_NON_EXCLUSION_CLEAR_PATCH.md,D7FA2DA1E496AD9DA1448E9736FD87DDADE28E6C,29,34,Validation performed in this sandbox,EVIDENCE,YES,SPLIT_EXACT_SECTION
LS-MD-0211,patches/TRADING_STATUS_NON_EXCLUSION_CLEAR_PATCH.md,D7FA2DA1E496AD9DA1448E9736FD87DDADE28E6C,35,58,Required local validation,EVIDENCE,YES,SPLIT_EXACT_SECTION
LS-MD-0211,patches/TRADING_STATUS_NON_EXCLUSION_CLEAR_PATCH.md,D7FA2DA1E496AD9DA1448E9736FD87DDADE28E6C,59,87,Final closure evidence,EVIDENCE,YES,SPLIT_EXACT_SECTION
LS-MD-0212,patches/TRADING_STATUS_SEMANTICS_LONG_SUSPENSION_CLOSURE_2026_07_02.md,A26CB394EAA179AFC224499200FE3C7B5AAE0E7B,1,10,Trading Status Semantics + Long Suspension Coverage Closure,CONTEXT,NO,SPLIT_EXACT_SECTION
LS-MD-0212,patches/TRADING_STATUS_SEMANTICS_LONG_SUSPENSION_CLOSURE_2026_07_02.md,A26CB394EAA179AFC224499200FE3C7B5AAE0E7B,11,14,Status,DECISION,YES,SPLIT_EXACT_SECTION
LS-MD-0212,patches/TRADING_STATUS_SEMANTICS_LONG_SUSPENSION_CLOSURE_2026_07_02.md,A26CB394EAA179AFC224499200FE3C7B5AAE0E7B,15,24,Scope,GOVERNANCE,YES,SPLIT_EXACT_SECTION
LS-MD-0212,patches/TRADING_STATUS_SEMANTICS_LONG_SUSPENSION_CLOSURE_2026_07_02.md,A26CB394EAA179AFC224499200FE3C7B5AAE0E7B,25,34,Final domain rules,GOVERNANCE,YES,SPLIT_EXACT_SECTION
LS-MD-0212,patches/TRADING_STATUS_SEMANTICS_LONG_SUSPENSION_CLOSURE_2026_07_02.md,A26CB394EAA179AFC224499200FE3C7B5AAE0E7B,35,52,Code validation,EVIDENCE,YES,SPLIT_EXACT_SECTION
LS-MD-0212,patches/TRADING_STATUS_SEMANTICS_LONG_SUSPENSION_CLOSURE_2026_07_02.md,A26CB394EAA179AFC224499200FE3C7B5AAE0E7B,53,84,Long-suspension source import proof,EVIDENCE,YES,SPLIT_EXACT_SECTION
LS-MD-0212,patches/TRADING_STATUS_SEMANTICS_LONG_SUSPENSION_CLOSURE_2026_07_02.md,A26CB394EAA179AFC224499200FE3C7B5AAE0E7B,85,158,2026-06-29 final lifecycle proof,EVIDENCE,YES,SPLIT_EXACT_SECTION
LS-MD-0212,patches/TRADING_STATUS_SEMANTICS_LONG_SUSPENSION_CLOSURE_2026_07_02.md,A26CB394EAA179AFC224499200FE3C7B5AAE0E7B,159,167,Evidence caution,FINDING,YES,SPLIT_EXACT_SECTION
LS-MD-0212,patches/TRADING_STATUS_SEMANTICS_LONG_SUSPENSION_CLOSURE_2026_07_02.md,A26CB394EAA179AFC224499200FE3C7B5AAE0E7B,168,172,Closure verdict,DECISION,YES,SPLIT_EXACT_SECTION
LS-MD-0213,patches/TRADING_STATUS_SOURCE_MODEL_SIMPLIFICATION_2026_07_02.md,3A438F772827F234842C4CCDEBFE8AB9A783C588,1,5,Trading Status Source Model Simplification — 2026-07-02,CONTEXT,NO,SPLIT_EXACT_SECTION
LS-MD-0213,patches/TRADING_STATUS_SOURCE_MODEL_SIMPLIFICATION_2026_07_02.md,3A438F772827F234842C4CCDEBFE8AB9A783C588,6,9,Decision,DECISION,YES,SPLIT_EXACT_SECTION
LS-MD-0213,patches/TRADING_STATUS_SOURCE_MODEL_SIMPLIFICATION_2026_07_02.md,3A438F772827F234842C4CCDEBFE8AB9A783C588,10,38,Canonical event table,CONTEXT,NO,SPLIT_EXACT_SECTION
LS-MD-0213,patches/TRADING_STATUS_SOURCE_MODEL_SIMPLIFICATION_2026_07_02.md,3A438F772827F234842C4CCDEBFE8AB9A783C588,39,51,Dictionary owner,GOVERNANCE,YES,SPLIT_EXACT_SECTION
LS-MD-0213,patches/TRADING_STATUS_SOURCE_MODEL_SIMPLIFICATION_2026_07_02.md,3A438F772827F234842C4CCDEBFE8AB9A783C588,52,62,Runtime rule,GOVERNANCE,YES,SPLIT_EXACT_SECTION
LS-MD-0213,patches/TRADING_STATUS_SOURCE_MODEL_SIMPLIFICATION_2026_07_02.md,3A438F772827F234842C4CCDEBFE8AB9A783C588,63,70,Impacted implementation,IMPLEMENTATION,YES,SPLIT_EXACT_SECTION
LS-MD-0213,patches/TRADING_STATUS_SOURCE_MODEL_SIMPLIFICATION_2026_07_02.md,3A438F772827F234842C4CCDEBFE8AB9A783C588,71,77,2026-07-04 final clarification,CONTEXT,NO,SPLIT_EXACT_SECTION
LS-MD-0213,patches/TRADING_STATUS_SOURCE_MODEL_SIMPLIFICATION_2026_07_02.md,3A438F772827F234842C4CCDEBFE8AB9A783C588,78,95,2026-07-04 EOD indicator projection normalization,CONTEXT,NO,SPLIT_EXACT_SECTION
LS-MD-0213,patches/TRADING_STATUS_SOURCE_MODEL_SIMPLIFICATION_2026_07_02.md,3A438F772827F234842C4CCDEBFE8AB9A783C588,96,123,2026-07-05 final runtime closure,CONTEXT,NO,SPLIT_EXACT_SECTION
LS-MD-0214,README.md,654D3D246A56C8BF587B40FF6D275D31F30FDC9B,1,2,MARKET DATA PLATFORM (EOD),STRATEGY,YES,RETAIN_SINGLE_PRIMARY_ROLE_NO_SECONDARY_AUTHORITY
LS-MD-0214,README.md,654D3D246A56C8BF587B40FF6D275D31F30FDC9B,3,13,Purpose,STRATEGY,YES,RETAIN_SINGLE_PRIMARY_ROLE_NO_SECONDARY_AUTHORITY
LS-MD-0214,README.md,654D3D246A56C8BF587B40FF6D275D31F30FDC9B,14,29,Market and product scope (LOCKED),STRATEGY,YES,RETAIN_SINGLE_PRIMARY_ROLE_NO_SECONDARY_AUTHORITY
LS-MD-0214,README.md,654D3D246A56C8BF587B40FF6D275D31F30FDC9B,30,64,Official architecture split,STRATEGY,YES,RETAIN_SINGLE_PRIMARY_ROLE_NO_SECONDARY_AUTHORITY
LS-MD-0214,README.md,654D3D246A56C8BF587B40FF6D275D31F30FDC9B,65,78,Date-driven capability (LOCKED),STRATEGY,YES,RETAIN_SINGLE_PRIMARY_ROLE_NO_SECONDARY_AUTHORITY
LS-MD-0214,README.md,654D3D246A56C8BF587B40FF6D275D31F30FDC9B,79,97,"Consumer horizon, dataset boundary, dan operating phase",STRATEGY,YES,RETAIN_SINGLE_PRIMARY_ROLE_NO_SECONDARY_AUTHORITY
LS-MD-0214,README.md,654D3D246A56C8BF587B40FF6D275D31F30FDC9B,98,118,Data-product terminology,STRATEGY,YES,RETAIN_SINGLE_PRIMARY_ROLE_NO_SECONDARY_AUTHORITY
LS-MD-0214,README.md,654D3D246A56C8BF587B40FF6D275D31F30FDC9B,119,132,Deterministic platform decisions now locked,STRATEGY,YES,RETAIN_SINGLE_PRIMARY_ROLE_NO_SECONDARY_AUTHORITY
LS-MD-0214,README.md,654D3D246A56C8BF587B40FF6D275D31F30FDC9B,133,144,Yahoo Finance current-phase decision,STRATEGY,YES,RETAIN_SINGLE_PRIMARY_ROLE_NO_SECONDARY_AUTHORITY
LS-MD-0214,README.md,654D3D246A56C8BF587B40FF6D275D31F30FDC9B,145,162,Provider limitation abstraction (LOCKED),STRATEGY,YES,RETAIN_SINGLE_PRIMARY_ROLE_NO_SECONDARY_AUTHORITY
LS-MD-0214,README.md,654D3D246A56C8BF587B40FF6D275D31F30FDC9B,163,171,Storage and maintenance policy summary (LOCKED),STRATEGY,YES,RETAIN_SINGLE_PRIMARY_ROLE_NO_SECONDARY_AUTHORITY
LS-MD-0214,README.md,654D3D246A56C8BF587B40FF6D275D31F30FDC9B,172,186,Consumer safety summary (LOCKED),STRATEGY,YES,RETAIN_SINGLE_PRIMARY_ROLE_NO_SECONDARY_AUTHORITY
LS-MD-0214,README.md,654D3D246A56C8BF587B40FF6D275D31F30FDC9B,187,201,What this domain owns,STRATEGY,YES,RETAIN_SINGLE_PRIMARY_ROLE_NO_SECONDARY_AUTHORITY
LS-MD-0214,README.md,654D3D246A56C8BF587B40FF6D275D31F30FDC9B,202,224,Reading order,STRATEGY,YES,RETAIN_SINGLE_PRIMARY_ROLE_NO_SECONDARY_AUTHORITY
LS-MD-0214,README.md,654D3D246A56C8BF587B40FF6D275D31F30FDC9B,225,248,Anti-assumption rules (LOCKED),STRATEGY,YES,RETAIN_SINGLE_PRIMARY_ROLE_NO_SECONDARY_AUTHORITY
LS-MD-0214,README.md,654D3D246A56C8BF587B40FF6D275D31F30FDC9B,249,270,Documentation and implementation state,STRATEGY,YES,RETAIN_SINGLE_PRIMARY_ROLE_NO_SECONDARY_AUTHORITY
LS-MD-0215,registry/Corporate_Action_Type_Registry_LOCKED.md,A96DFA722A9480CE0D499EA54673C0B637DE8ADB,1,2,Corporate Action Type Registry (LOCKED),STRATEGY,YES,RETAIN_SINGLE_PRIMARY_ROLE_NO_SECONDARY_AUTHORITY
LS-MD-0215,registry/Corporate_Action_Type_Registry_LOCKED.md,A96DFA722A9480CE0D499EA54673C0B637DE8ADB,3,21,Purpose,STRATEGY,YES,RETAIN_SINGLE_PRIMARY_ROLE_NO_SECONDARY_AUTHORITY
LS-MD-0215,registry/Corporate_Action_Type_Registry_LOCKED.md,A96DFA722A9480CE0D499EA54673C0B637DE8ADB,22,37,Dictionary table contract (LOCKED),STRATEGY,YES,RETAIN_SINGLE_PRIMARY_ROLE_NO_SECONDARY_AUTHORITY
LS-MD-0215,registry/Corporate_Action_Type_Registry_LOCKED.md,A96DFA722A9480CE0D499EA54673C0B637DE8ADB,38,73,Continuity impact semantics (LOCKED),STRATEGY,YES,RETAIN_SINGLE_PRIMARY_ROLE_NO_SECONDARY_AUTHORITY
LS-MD-0215,registry/Corporate_Action_Type_Registry_LOCKED.md,A96DFA722A9480CE0D499EA54673C0B637DE8ADB,74,146,Canonical action types (LOCKED),STRATEGY,YES,RETAIN_SINGLE_PRIMARY_ROLE_NO_SECONDARY_AUTHORITY
LS-MD-0215,registry/Corporate_Action_Type_Registry_LOCKED.md,A96DFA722A9480CE0D499EA54673C0B637DE8ADB,147,181,Known modelling gap — risk semantics are not represented here,STRATEGY,YES,RETAIN_SINGLE_PRIMARY_ROLE_NO_SECONDARY_AUTHORITY
LS-MD-0215,registry/Corporate_Action_Type_Registry_LOCKED.md,A96DFA722A9480CE0D499EA54673C0B637DE8ADB,182,201,Unknown action type policy (LOCKED),STRATEGY,YES,RETAIN_SINGLE_PRIMARY_ROLE_NO_SECONDARY_AUTHORITY
LS-MD-0215,registry/Corporate_Action_Type_Registry_LOCKED.md,A96DFA722A9480CE0D499EA54673C0B637DE8ADB,202,217,Relationship to existing event-risk context (LOCKED),STRATEGY,YES,RETAIN_SINGLE_PRIMARY_ROLE_NO_SECONDARY_AUTHORITY
LS-MD-0215,registry/Corporate_Action_Type_Registry_LOCKED.md,A96DFA722A9480CE0D499EA54673C0B637DE8ADB,218,230,Forbidden behavior (LOCKED),STRATEGY,YES,RETAIN_SINGLE_PRIMARY_ROLE_NO_SECONDARY_AUTHORITY
LS-MD-0215,registry/Corporate_Action_Type_Registry_LOCKED.md,A96DFA722A9480CE0D499EA54673C0B637DE8ADB,231,243,Capability boundary (LOCKED),STRATEGY,YES,RETAIN_SINGLE_PRIMARY_ROLE_NO_SECONDARY_AUTHORITY
LS-MD-0215,registry/Corporate_Action_Type_Registry_LOCKED.md,A96DFA722A9480CE0D499EA54673C0B637DE8ADB,244,261,Known limitation and planned follow-up,STRATEGY,YES,RETAIN_SINGLE_PRIMARY_ROLE_NO_SECONDARY_AUTHORITY
LS-MD-0215,registry/Corporate_Action_Type_Registry_LOCKED.md,A96DFA722A9480CE0D499EA54673C0B637DE8ADB,262,272,Current event-lifecycle strategy correction (LOCKED),STRATEGY,YES,RETAIN_SINGLE_PRIMARY_ROLE_NO_SECONDARY_AUTHORITY
LS-MD-0216,registry/Exchange_Market_Structure_Facts_LOCKED.md,9941E7163806F1B985AF1BA6D5028081B1D082AF,1,2,Exchange Market Structure Facts (LOCKED),STRATEGY,YES,RETAIN_SINGLE_PRIMARY_ROLE_NO_SECONDARY_AUTHORITY
LS-MD-0216,registry/Exchange_Market_Structure_Facts_LOCKED.md,9941E7163806F1B985AF1BA6D5028081B1D082AF,3,6,Purpose,STRATEGY,YES,RETAIN_SINGLE_PRIMARY_ROLE_NO_SECONDARY_AUTHORITY
LS-MD-0216,registry/Exchange_Market_Structure_Facts_LOCKED.md,9941E7163806F1B985AF1BA6D5028081B1D082AF,7,17,Scope boundary (LOCKED),STRATEGY,YES,RETAIN_SINGLE_PRIMARY_ROLE_NO_SECONDARY_AUTHORITY
LS-MD-0216,registry/Exchange_Market_Structure_Facts_LOCKED.md,9941E7163806F1B985AF1BA6D5028081B1D082AF,18,56,Facts owned here,STRATEGY,YES,RETAIN_SINGLE_PRIMARY_ROLE_NO_SECONDARY_AUTHORITY
LS-MD-0216,registry/Exchange_Market_Structure_Facts_LOCKED.md,9941E7163806F1B985AF1BA6D5028081B1D082AF,57,73,Recorded authority scope and unresolved legacy inputs,STRATEGY,YES,RETAIN_SINGLE_PRIMARY_ROLE_NO_SECONDARY_AUTHORITY
LS-MD-0216,registry/Exchange_Market_Structure_Facts_LOCKED.md,9941E7163806F1B985AF1BA6D5028081B1D082AF,74,83,Consumers,STRATEGY,YES,RETAIN_SINGLE_PRIMARY_ROLE_NO_SECONDARY_AUTHORITY
LS-MD-0216,registry/Exchange_Market_Structure_Facts_LOCKED.md,9941E7163806F1B985AF1BA6D5028081B1D082AF,84,91,Prohibited use (LOCKED),STRATEGY,YES,RETAIN_SINGLE_PRIMARY_ROLE_NO_SECONDARY_AUTHORITY
LS-MD-0216,registry/Exchange_Market_Structure_Facts_LOCKED.md,9941E7163806F1B985AF1BA6D5028081B1D082AF,92,107,Capability boundary (LOCKED),STRATEGY,YES,RETAIN_SINGLE_PRIMARY_ROLE_NO_SECONDARY_AUTHORITY
LS-MD-0216,registry/Exchange_Market_Structure_Facts_LOCKED.md,9941E7163806F1B985AF1BA6D5028081B1D082AF,108,111,Acceptance criterion (LOCKED),STRATEGY,YES,RETAIN_SINGLE_PRIMARY_ROLE_NO_SECONDARY_AUTHORITY
LS-MD-0216,registry/Exchange_Market_Structure_Facts_LOCKED.md,9941E7163806F1B985AF1BA6D5028081B1D082AF,112,118,Cross-contract alignment,STRATEGY,YES,RETAIN_SINGLE_PRIMARY_ROLE_NO_SECONDARY_AUTHORITY
LS-MD-0217,registry/Indicator_Registry_Baseline_LOCKED.md,3A19AB8F61FD1788B2FAE29D1F1ADE429DB9FE40,1,2,Indicator Registry — Baseline (STRATEGY LOCKED),STRATEGY,YES,RETAIN_SINGLE_PRIMARY_ROLE_NO_SECONDARY_AUTHORITY
LS-MD-0217,registry/Indicator_Registry_Baseline_LOCKED.md,3A19AB8F61FD1788B2FAE29D1F1ADE429DB9FE40,3,8,Purpose and boundary,STRATEGY,YES,RETAIN_SINGLE_PRIMARY_ROLE_NO_SECONDARY_AUTHORITY
LS-MD-0217,registry/Indicator_Registry_Baseline_LOCKED.md,3A19AB8F61FD1788B2FAE29D1F1ADE429DB9FE40,9,14,Artifact-wide binding,STRATEGY,YES,RETAIN_SINGLE_PRIMARY_ROLE_NO_SECONDARY_AUTHORITY
LS-MD-0217,registry/Indicator_Registry_Baseline_LOCKED.md,3A19AB8F61FD1788B2FAE29D1F1ADE429DB9FE40,15,44,Required baseline fields,STRATEGY,YES,RETAIN_SINGLE_PRIMARY_ROLE_NO_SECONDARY_AUTHORITY
LS-MD-0217,registry/Indicator_Registry_Baseline_LOCKED.md,3A19AB8F61FD1788B2FAE29D1F1ADE429DB9FE40,45,55,ATR state and dependency graph,STRATEGY,YES,RETAIN_SINGLE_PRIMARY_ROLE_NO_SECONDARY_AUTHORITY
LS-MD-0217,registry/Indicator_Registry_Baseline_LOCKED.md,3A19AB8F61FD1788B2FAE29D1F1ADE429DB9FE40,56,63,Corporate-action and contamination rules,STRATEGY,YES,RETAIN_SINGLE_PRIMARY_ROLE_NO_SECONDARY_AUTHORITY
LS-MD-0217,registry/Indicator_Registry_Baseline_LOCKED.md,3A19AB8F61FD1788B2FAE29D1F1ADE429DB9FE40,64,78,Contamination radius (LOCKED),STRATEGY,YES,RETAIN_SINGLE_PRIMARY_ROLE_NO_SECONDARY_AUTHORITY
LS-MD-0217,registry/Indicator_Registry_Baseline_LOCKED.md,3A19AB8F61FD1788B2FAE29D1F1ADE429DB9FE40,79,96,Capability boundary (LOCKED),STRATEGY,YES,RETAIN_SINGLE_PRIMARY_ROLE_NO_SECONDARY_AUTHORITY
LS-MD-0217,registry/Indicator_Registry_Baseline_LOCKED.md,3A19AB8F61FD1788B2FAE29D1F1ADE429DB9FE40,97,110,"Nullability, precision, and reasons",STRATEGY,YES,RETAIN_SINGLE_PRIMARY_ROLE_NO_SECONDARY_AUTHORITY
LS-MD-0217,registry/Indicator_Registry_Baseline_LOCKED.md,3A19AB8F61FD1788B2FAE29D1F1ADE429DB9FE40,111,116,Artifact hash,STRATEGY,YES,RETAIN_SINGLE_PRIMARY_ROLE_NO_SECONDARY_AUTHORITY
LS-MD-0217,registry/Indicator_Registry_Baseline_LOCKED.md,3A19AB8F61FD1788B2FAE29D1F1ADE429DB9FE40,117,130,Acceptance proof,STRATEGY,YES,RETAIN_SINGLE_PRIMARY_ROLE_NO_SECONDARY_AUTHORITY
LS-MD-0218,registry/Platform_Config_Registry_LOCKED.md,6B61EE4D591054BAF3F44BFE7AD159AD09DF1E36,1,2,Platform Configuration Registry (STRATEGY LOCKED),STRATEGY,YES,RETAIN_SINGLE_PRIMARY_ROLE_NO_SECONDARY_AUTHORITY
LS-MD-0218,registry/Platform_Config_Registry_LOCKED.md,6B61EE4D591054BAF3F44BFE7AD159AD09DF1E36,3,8,Purpose,STRATEGY,YES,RETAIN_SINGLE_PRIMARY_ROLE_NO_SECONDARY_AUTHORITY
LS-MD-0218,registry/Platform_Config_Registry_LOCKED.md,6B61EE4D591054BAF3F44BFE7AD159AD09DF1E36,9,38,Snapshot object,STRATEGY,YES,RETAIN_SINGLE_PRIMARY_ROLE_NO_SECONDARY_AUTHORITY
LS-MD-0218,registry/Platform_Config_Registry_LOCKED.md,6B61EE4D591054BAF3F44BFE7AD159AD09DF1E36,39,113,Output-affecting key families,STRATEGY,YES,RETAIN_SINGLE_PRIMARY_ROLE_NO_SECONDARY_AUTHORITY
LS-MD-0218,registry/Platform_Config_Registry_LOCKED.md,6B61EE4D591054BAF3F44BFE7AD159AD09DF1E36,114,259,Resolved key register (LOCKED),STRATEGY,YES,RETAIN_SINGLE_PRIMARY_ROLE_NO_SECONDARY_AUTHORITY
LS-MD-0218,registry/Platform_Config_Registry_LOCKED.md,6B61EE4D591054BAF3F44BFE7AD159AD09DF1E36,260,274,Registry metadata,STRATEGY,YES,RETAIN_SINGLE_PRIMARY_ROLE_NO_SECONDARY_AUTHORITY
LS-MD-0218,registry/Platform_Config_Registry_LOCKED.md,6B61EE4D591054BAF3F44BFE7AD159AD09DF1E36,275,282,Environment and secret handling,STRATEGY,YES,RETAIN_SINGLE_PRIMARY_ROLE_NO_SECONDARY_AUTHORITY
LS-MD-0218,registry/Platform_Config_Registry_LOCKED.md,6B61EE4D591054BAF3F44BFE7AD159AD09DF1E36,283,291,Effective-time and replay rules,STRATEGY,YES,RETAIN_SINGLE_PRIMARY_ROLE_NO_SECONDARY_AUTHORITY
LS-MD-0218,registry/Platform_Config_Registry_LOCKED.md,6B61EE4D591054BAF3F44BFE7AD159AD09DF1E36,292,304,Validation and acceptance proof,STRATEGY,YES,RETAIN_SINGLE_PRIMARY_ROLE_NO_SECONDARY_AUTHORITY
LS-MD-0219,registry/Price_Adjustment_Contract_LOCKED.md,303A8523DDC42DF2A3E7BDD22BEBC5547D99D7FF,1,2,Price Adjustment Contract (LOCKED),STRATEGY,YES,RETAIN_SINGLE_PRIMARY_ROLE_NO_SECONDARY_AUTHORITY
LS-MD-0219,registry/Price_Adjustment_Contract_LOCKED.md,303A8523DDC42DF2A3E7BDD22BEBC5547D99D7FF,3,6,Purpose,STRATEGY,YES,RETAIN_SINGLE_PRIMARY_ROLE_NO_SECONDARY_AUTHORITY
LS-MD-0219,registry/Price_Adjustment_Contract_LOCKED.md,303A8523DDC42DF2A3E7BDD22BEBC5547D99D7FF,7,14,Product separation (LOCKED),STRATEGY,YES,RETAIN_SINGLE_PRIMARY_ROLE_NO_SECONDARY_AUTHORITY
LS-MD-0219,registry/Price_Adjustment_Contract_LOCKED.md,303A8523DDC42DF2A3E7BDD22BEBC5547D99D7FF,15,38,Factor provenance vocabulary (LOCKED),STRATEGY,YES,RETAIN_SINGLE_PRIMARY_ROLE_NO_SECONDARY_AUTHORITY
LS-MD-0219,registry/Price_Adjustment_Contract_LOCKED.md,303A8523DDC42DF2A3E7BDD22BEBC5547D99D7FF,39,52,Factor revision model,STRATEGY,YES,RETAIN_SINGLE_PRIMARY_ROLE_NO_SECONDARY_AUTHORITY
LS-MD-0219,registry/Price_Adjustment_Contract_LOCKED.md,303A8523DDC42DF2A3E7BDD22BEBC5547D99D7FF,53,64,Eligibility for adjustment (LOCKED),STRATEGY,YES,RETAIN_SINGLE_PRIMARY_ROLE_NO_SECONDARY_AUTHORITY
LS-MD-0219,registry/Price_Adjustment_Contract_LOCKED.md,303A8523DDC42DF2A3E7BDD22BEBC5547D99D7FF,65,72,Structural-adjustment formula (LOCKED),STRATEGY,YES,RETAIN_SINGLE_PRIMARY_ROLE_NO_SECONDARY_AUTHORITY
LS-MD-0219,registry/Price_Adjustment_Contract_LOCKED.md,303A8523DDC42DF2A3E7BDD22BEBC5547D99D7FF,73,76,Total-return boundary,STRATEGY,YES,RETAIN_SINGLE_PRIMARY_ROLE_NO_SECONDARY_AUTHORITY
LS-MD-0219,registry/Price_Adjustment_Contract_LOCKED.md,303A8523DDC42DF2A3E7BDD22BEBC5547D99D7FF,77,87,Price-break detector boundary (LOCKED),STRATEGY,YES,RETAIN_SINGLE_PRIMARY_ROLE_NO_SECONDARY_AUTHORITY
LS-MD-0219,registry/Price_Adjustment_Contract_LOCKED.md,303A8523DDC42DF2A3E7BDD22BEBC5547D99D7FF,88,95,Contamination behavior,STRATEGY,YES,RETAIN_SINGLE_PRIMARY_ROLE_NO_SECONDARY_AUTHORITY
LS-MD-0219,registry/Price_Adjustment_Contract_LOCKED.md,303A8523DDC42DF2A3E7BDD22BEBC5547D99D7FF,96,99,Determinism,STRATEGY,YES,RETAIN_SINGLE_PRIMARY_ROLE_NO_SECONDARY_AUTHORITY
LS-MD-0219,registry/Price_Adjustment_Contract_LOCKED.md,303A8523DDC42DF2A3E7BDD22BEBC5547D99D7FF,100,111,Forbidden behavior (LOCKED),STRATEGY,YES,RETAIN_SINGLE_PRIMARY_ROLE_NO_SECONDARY_AUTHORITY
LS-MD-0219,registry/Price_Adjustment_Contract_LOCKED.md,303A8523DDC42DF2A3E7BDD22BEBC5547D99D7FF,112,123,Capability boundary (LOCKED),STRATEGY,YES,RETAIN_SINGLE_PRIMARY_ROLE_NO_SECONDARY_AUTHORITY
LS-MD-0219,registry/Price_Adjustment_Contract_LOCKED.md,303A8523DDC42DF2A3E7BDD22BEBC5547D99D7FF,124,127,Acceptance criterion (LOCKED),STRATEGY,YES,RETAIN_SINGLE_PRIMARY_ROLE_NO_SECONDARY_AUTHORITY
LS-MD-0219,registry/Price_Adjustment_Contract_LOCKED.md,303A8523DDC42DF2A3E7BDD22BEBC5547D99D7FF,128,133,Cross-contract alignment,STRATEGY,YES,RETAIN_SINGLE_PRIMARY_ROLE_NO_SECONDARY_AUTHORITY
LS-MD-0220,registry/Price_Scale_Break_Detection_LOCKED.md,653297FE2D3C79E3376549918B6FC6A2EE796F77,1,2,Price Scale Break Detection Contract (LOCKED),STRATEGY,YES,RETAIN_SINGLE_PRIMARY_ROLE_NO_SECONDARY_AUTHORITY
LS-MD-0220,registry/Price_Scale_Break_Detection_LOCKED.md,653297FE2D3C79E3376549918B6FC6A2EE796F77,3,6,Purpose,STRATEGY,YES,RETAIN_SINGLE_PRIMARY_ROLE_NO_SECONDARY_AUTHORITY
LS-MD-0220,registry/Price_Scale_Break_Detection_LOCKED.md,653297FE2D3C79E3376549918B6FC6A2EE796F77,7,17,Detector-only boundary (LOCKED),STRATEGY,YES,RETAIN_SINGLE_PRIMARY_ROLE_NO_SECONDARY_AUTHORITY
LS-MD-0220,registry/Price_Scale_Break_Detection_LOCKED.md,653297FE2D3C79E3376549918B6FC6A2EE796F77,18,42,Capability boundary — detection sensitivity (LOCKED),STRATEGY,YES,RETAIN_SINGLE_PRIMARY_ROLE_NO_SECONDARY_AUTHORITY
LS-MD-0220,registry/Price_Scale_Break_Detection_LOCKED.md,653297FE2D3C79E3376549918B6FC6A2EE796F77,43,57,Candidate evidence,STRATEGY,YES,RETAIN_SINGLE_PRIMARY_ROLE_NO_SECONDARY_AUTHORITY
LS-MD-0220,registry/Price_Scale_Break_Detection_LOCKED.md,653297FE2D3C79E3376549918B6FC6A2EE796F77,58,63,Candidate classifications,STRATEGY,YES,RETAIN_SINGLE_PRIMARY_ROLE_NO_SECONDARY_AUTHORITY
LS-MD-0220,registry/Price_Scale_Break_Detection_LOCKED.md,653297FE2D3C79E3376549918B6FC6A2EE796F77,64,70,Linkage and verification (LOCKED),STRATEGY,YES,RETAIN_SINGLE_PRIMARY_ROLE_NO_SECONDARY_AUTHORITY
LS-MD-0220,registry/Price_Scale_Break_Detection_LOCKED.md,653297FE2D3C79E3376549918B6FC6A2EE796F77,71,82,Quarantine behavior,STRATEGY,YES,RETAIN_SINGLE_PRIMARY_ROLE_NO_SECONDARY_AUTHORITY
LS-MD-0220,registry/Price_Scale_Break_Detection_LOCKED.md,653297FE2D3C79E3376549918B6FC6A2EE796F77,83,90,No-repair rule (LOCKED),STRATEGY,YES,RETAIN_SINGLE_PRIMARY_ROLE_NO_SECONDARY_AUTHORITY
LS-MD-0220,registry/Price_Scale_Break_Detection_LOCKED.md,653297FE2D3C79E3376549918B6FC6A2EE796F77,91,94,Idempotency,STRATEGY,YES,RETAIN_SINGLE_PRIMARY_ROLE_NO_SECONDARY_AUTHORITY
LS-MD-0220,registry/Price_Scale_Break_Detection_LOCKED.md,653297FE2D3C79E3376549918B6FC6A2EE796F77,95,104,Forbidden behavior,STRATEGY,YES,RETAIN_SINGLE_PRIMARY_ROLE_NO_SECONDARY_AUTHORITY
LS-MD-0220,registry/Price_Scale_Break_Detection_LOCKED.md,653297FE2D3C79E3376549918B6FC6A2EE796F77,105,108,Acceptance criterion (LOCKED),STRATEGY,YES,RETAIN_SINGLE_PRIMARY_ROLE_NO_SECONDARY_AUTHORITY
LS-MD-0220,registry/Price_Scale_Break_Detection_LOCKED.md,653297FE2D3C79E3376549918B6FC6A2EE796F77,109,115,Cross-contract alignment,STRATEGY,YES,RETAIN_SINGLE_PRIMARY_ROLE_NO_SECONDARY_AUTHORITY
LS-MD-0221,registry/Reason_Codes_Registry.md,19E607D87B1A5E493DEB2756426746022681EC38,1,2,Reason Codes Registry (LOCKED),STRATEGY,YES,RETAIN_SINGLE_PRIMARY_ROLE_NO_SECONDARY_AUTHORITY
LS-MD-0221,registry/Reason_Codes_Registry.md,19E607D87B1A5E493DEB2756426746022681EC38,3,14,Purpose,STRATEGY,YES,RETAIN_SINGLE_PRIMARY_ROLE_NO_SECONDARY_AUTHORITY
LS-MD-0221,registry/Reason_Codes_Registry.md,19E607D87B1A5E493DEB2756426746022681EC38,15,21,Registry rules (LOCKED),STRATEGY,YES,RETAIN_SINGLE_PRIMARY_ROLE_NO_SECONDARY_AUTHORITY
LS-MD-0221,registry/Reason_Codes_Registry.md,19E607D87B1A5E493DEB2756426746022681EC38,22,457,Canonical registry,STRATEGY,YES,RETAIN_SINGLE_PRIMARY_ROLE_NO_SECONDARY_AUTHORITY
LS-MD-0221,registry/Reason_Codes_Registry.md,19E607D87B1A5E493DEB2756426746022681EC38,458,468,Locked usage notes,STRATEGY,YES,RETAIN_SINGLE_PRIMARY_ROLE_NO_SECONDARY_AUTHORITY
LS-MD-0221,registry/Reason_Codes_Registry.md,19E607D87B1A5E493DEB2756426746022681EC38,469,474,Amendment 2026-05-26 - Out-of-order import impact reason,STRATEGY,YES,RETAIN_SINGLE_PRIMARY_ROLE_NO_SECONDARY_AUTHORITY
LS-MD-0221,registry/Reason_Codes_Registry.md,19E607D87B1A5E493DEB2756426746022681EC38,475,478,Amendment 2026-05-27 - Impact execution states,STRATEGY,YES,RETAIN_SINGLE_PRIMARY_ROLE_NO_SECONDARY_AUTHORITY
LS-MD-0221,registry/Reason_Codes_Registry.md,19E607D87B1A5E493DEB2756426746022681EC38,479,491,Amendment 2026-05-27 - Publication reprocess reason-like codes,STRATEGY,YES,RETAIN_SINGLE_PRIMARY_ROLE_NO_SECONDARY_AUTHORITY
LS-MD-0223,registry/Volume_and_Turnover_Normalization_LOCKED.md,8863399D0A5EDB40CDEC2594B29EDCEA1A5A9B00,1,2,"Volume, Traded Value, and Turnover Proxy Normalization (LOCKED)",STRATEGY,YES,RETAIN_SINGLE_PRIMARY_ROLE_NO_SECONDARY_AUTHORITY
LS-MD-0223,registry/Volume_and_Turnover_Normalization_LOCKED.md,8863399D0A5EDB40CDEC2594B29EDCEA1A5A9B00,3,6,Purpose,STRATEGY,YES,RETAIN_SINGLE_PRIMARY_ROLE_NO_SECONDARY_AUTHORITY
LS-MD-0223,registry/Volume_and_Turnover_Normalization_LOCKED.md,8863399D0A5EDB40CDEC2594B29EDCEA1A5A9B00,7,14,Canonical volume,STRATEGY,YES,RETAIN_SINGLE_PRIMARY_ROLE_NO_SECONDARY_AUTHORITY
LS-MD-0223,registry/Volume_and_Turnover_Normalization_LOCKED.md,8863399D0A5EDB40CDEC2594B29EDCEA1A5A9B00,15,22,Actual traded value (LOCKED),STRATEGY,YES,RETAIN_SINGLE_PRIMARY_ROLE_NO_SECONDARY_AUTHORITY
LS-MD-0223,registry/Volume_and_Turnover_Normalization_LOCKED.md,8863399D0A5EDB40CDEC2594B29EDCEA1A5A9B00,23,32,Close-times-volume proxy (LOCKED),STRATEGY,YES,RETAIN_SINGLE_PRIMARY_ROLE_NO_SECONDARY_AUTHORITY
LS-MD-0223,registry/Volume_and_Turnover_Normalization_LOCKED.md,8863399D0A5EDB40CDEC2594B29EDCEA1A5A9B00,33,59,Rolling metrics,STRATEGY,YES,RETAIN_SINGLE_PRIMARY_ROLE_NO_SECONDARY_AUTHORITY
LS-MD-0223,registry/Volume_and_Turnover_Normalization_LOCKED.md,8863399D0A5EDB40CDEC2594B29EDCEA1A5A9B00,60,63,Lot-size boundary,STRATEGY,YES,RETAIN_SINGLE_PRIMARY_ROLE_NO_SECONDARY_AUTHORITY
LS-MD-0223,registry/Volume_and_Turnover_Normalization_LOCKED.md,8863399D0A5EDB40CDEC2594B29EDCEA1A5A9B00,64,70,Precision and correction,STRATEGY,YES,RETAIN_SINGLE_PRIMARY_ROLE_NO_SECONDARY_AUTHORITY
LS-MD-0223,registry/Volume_and_Turnover_Normalization_LOCKED.md,8863399D0A5EDB40CDEC2594B29EDCEA1A5A9B00,71,83,Capability boundary (LOCKED),STRATEGY,YES,RETAIN_SINGLE_PRIMARY_ROLE_NO_SECONDARY_AUTHORITY
LS-MD-0223,registry/Volume_and_Turnover_Normalization_LOCKED.md,8863399D0A5EDB40CDEC2594B29EDCEA1A5A9B00,84,87,Acceptance criterion (LOCKED),STRATEGY,YES,RETAIN_SINGLE_PRIMARY_ROLE_NO_SECONDARY_AUTHORITY
LS-MD-0223,registry/Volume_and_Turnover_Normalization_LOCKED.md,8863399D0A5EDB40CDEC2594B29EDCEA1A5A9B00,88,93,Cross-contract alignment,STRATEGY,YES,RETAIN_SINGLE_PRIMARY_ROLE_NO_SECONDARY_AUTHORITY
LS-MD-0224,session_snapshot/Session_Snapshot_Contract_LOCKED.md,805DB06F231E40AB8C501370F200239F06FEBD08,1,2,Session Snapshot Contract (LOCKED),STRATEGY,YES,RETAIN_SINGLE_PRIMARY_ROLE_NO_SECONDARY_AUTHORITY
LS-MD-0224,session_snapshot/Session_Snapshot_Contract_LOCKED.md,805DB06F231E40AB8C501370F200239F06FEBD08,3,7,Scope,STRATEGY,YES,RETAIN_SINGLE_PRIMARY_ROLE_NO_SECONDARY_AUTHORITY
LS-MD-0224,session_snapshot/Session_Snapshot_Contract_LOCKED.md,805DB06F231E40AB8C501370F200239F06FEBD08,8,12,Important semantic rule (LOCKED),STRATEGY,YES,RETAIN_SINGLE_PRIMARY_ROLE_NO_SECONDARY_AUTHORITY
LS-MD-0224,session_snapshot/Session_Snapshot_Contract_LOCKED.md,805DB06F231E40AB8C501370F200239F06FEBD08,13,17,Default slots,STRATEGY,YES,RETAIN_SINGLE_PRIMARY_ROLE_NO_SECONDARY_AUTHORITY
LS-MD-0224,session_snapshot/Session_Snapshot_Contract_LOCKED.md,805DB06F231E40AB8C501370F200239F06FEBD08,18,21,Scope rule (LOCKED),STRATEGY,YES,RETAIN_SINGLE_PRIMARY_ROLE_NO_SECONDARY_AUTHORITY
LS-MD-0224,session_snapshot/Session_Snapshot_Contract_LOCKED.md,805DB06F231E40AB8C501370F200239F06FEBD08,22,37,Minimum fields,STRATEGY,YES,RETAIN_SINGLE_PRIMARY_ROLE_NO_SECONDARY_AUTHORITY
LS-MD-0224,session_snapshot/Session_Snapshot_Contract_LOCKED.md,805DB06F231E40AB8C501370F200239F06FEBD08,38,47,Locked rules,STRATEGY,YES,RETAIN_SINGLE_PRIMARY_ROLE_NO_SECONDARY_AUTHORITY
LS-MD-0225,session_snapshot/Session_Snapshot_Date_Alignment_with_Effective_Date_LOCKED.md,14E373EDB6D1CA53A8550EDF0BAD53D77B514113,1,2,Session Snapshot Date Alignment with Effective Trade Date (LOCKED),STRATEGY,YES,RETAIN_SINGLE_PRIMARY_ROLE_NO_SECONDARY_AUTHORITY
LS-MD-0225,session_snapshot/Session_Snapshot_Date_Alignment_with_Effective_Date_LOCKED.md,14E373EDB6D1CA53A8550EDF0BAD53D77B514113,3,7,Locked rules,STRATEGY,YES,RETAIN_SINGLE_PRIMARY_ROLE_NO_SECONDARY_AUTHORITY
LS-MD-0225,session_snapshot/Session_Snapshot_Date_Alignment_with_Effective_Date_LOCKED.md,14E373EDB6D1CA53A8550EDF0BAD53D77B514113,8,14,Interpretation example (LOCKED),STRATEGY,YES,RETAIN_SINGLE_PRIMARY_ROLE_NO_SECONDARY_AUTHORITY
LS-MD-0226,session_snapshot/Session_Snapshot_Retention_Defaults_LOCKED.md,DE89005539719AD5058094599436342A53628714,1,6,Session Snapshot Retention Defaults (LOCKED),STRATEGY,YES,RETAIN_SINGLE_PRIMARY_ROLE_NO_SECONDARY_AUTHORITY
LS-MD-0227,session_snapshot/Session_Snapshot_Scope_Selection_and_Dependencies_LOCKED.md,E0EAD95D45259C4069739EECB7439B03039E11D9,1,2,Session Snapshot Scope Selection and Dependencies (LOCKED),STRATEGY,YES,RETAIN_SINGLE_PRIMARY_ROLE_NO_SECONDARY_AUTHORITY
LS-MD-0227,session_snapshot/Session_Snapshot_Scope_Selection_and_Dependencies_LOCKED.md,E0EAD95D45259C4069739EECB7439B03039E11D9,3,5,Purpose,STRATEGY,YES,RETAIN_SINGLE_PRIMARY_ROLE_NO_SECONDARY_AUTHORITY
LS-MD-0227,session_snapshot/Session_Snapshot_Scope_Selection_and_Dependencies_LOCKED.md,E0EAD95D45259C4069739EECB7439B03039E11D9,6,10,Scope principle (LOCKED),STRATEGY,YES,RETAIN_SINGLE_PRIMARY_ROLE_NO_SECONDARY_AUTHORITY
LS-MD-0227,session_snapshot/Session_Snapshot_Scope_Selection_and_Dependencies_LOCKED.md,E0EAD95D45259C4069739EECB7439B03039E11D9,11,19,Default scope,STRATEGY,YES,RETAIN_SINGLE_PRIMARY_ROLE_NO_SECONDARY_AUTHORITY
LS-MD-0227,session_snapshot/Session_Snapshot_Scope_Selection_and_Dependencies_LOCKED.md,E0EAD95D45259C4069739EECB7439B03039E11D9,20,29,Important semantic note (LOCKED),STRATEGY,YES,RETAIN_SINGLE_PRIMARY_ROLE_NO_SECONDARY_AUTHORITY
LS-MD-0227,session_snapshot/Session_Snapshot_Scope_Selection_and_Dependencies_LOCKED.md,E0EAD95D45259C4069739EECB7439B03039E11D9,30,35,Allowed narrowing inputs,STRATEGY,YES,RETAIN_SINGLE_PRIMARY_ROLE_NO_SECONDARY_AUTHORITY
LS-MD-0227,session_snapshot/Session_Snapshot_Scope_Selection_and_Dependencies_LOCKED.md,E0EAD95D45259C4069739EECB7439B03039E11D9,36,44,Forbidden narrowing inputs,STRATEGY,YES,RETAIN_SINGLE_PRIMARY_ROLE_NO_SECONDARY_AUTHORITY
LS-MD-0227,session_snapshot/Session_Snapshot_Scope_Selection_and_Dependencies_LOCKED.md,E0EAD95D45259C4069739EECB7439B03039E11D9,45,52,Dependency rules,STRATEGY,YES,RETAIN_SINGLE_PRIMARY_ROLE_NO_SECONDARY_AUTHORITY
LS-MD-0227,session_snapshot/Session_Snapshot_Scope_Selection_and_Dependencies_LOCKED.md,E0EAD95D45259C4069739EECB7439B03039E11D9,53,58,Failure behavior,STRATEGY,YES,RETAIN_SINGLE_PRIMARY_ROLE_NO_SECONDARY_AUTHORITY
LS-MD-0227,session_snapshot/Session_Snapshot_Scope_Selection_and_Dependencies_LOCKED.md,E0EAD95D45259C4069739EECB7439B03039E11D9,59,61,Anti-domain-leak rule (LOCKED),STRATEGY,YES,RETAIN_SINGLE_PRIMARY_ROLE_NO_SECONDARY_AUTHORITY
LS-MD-0228,session_snapshot/Snapshot_Slot_Tolerances_and_Session_Rules_LOCKED.md,0DFD74697D1D8A7CCBED1528E81D3F9091BED393,1,5,Session Snapshot Slot Tolerances and Session Rules (LOCKED),STRATEGY,YES,RETAIN_SINGLE_PRIMARY_ROLE_NO_SECONDARY_AUTHORITY
LS-MD-0229,system/README.md,79F56CCA21C43E5B9DCAD658BD234D0192508EFB,1,2,Market Data System README,IMPLEMENTATION,YES,RETAIN_SINGLE_PRIMARY_ROLE_NO_SECONDARY_AUTHORITY
LS-MD-0229,system/README.md,79F56CCA21C43E5B9DCAD658BD234D0192508EFB,3,5,Purpose,IMPLEMENTATION,YES,RETAIN_SINGLE_PRIMARY_ROLE_NO_SECONDARY_AUTHORITY
LS-MD-0229,system/README.md,79F56CCA21C43E5B9DCAD658BD234D0192508EFB,6,18,Important limitation,IMPLEMENTATION,YES,RETAIN_SINGLE_PRIMARY_ROLE_NO_SECONDARY_AUTHORITY
LS-MD-0229,system/README.md,79F56CCA21C43E5B9DCAD658BD234D0192508EFB,19,28,What belongs here,IMPLEMENTATION,YES,RETAIN_SINGLE_PRIMARY_ROLE_NO_SECONDARY_AUTHORITY
LS-MD-0229,system/README.md,79F56CCA21C43E5B9DCAD658BD234D0192508EFB,29,37,What does not belong here,IMPLEMENTATION,YES,RETAIN_SINGLE_PRIMARY_ROLE_NO_SECONDARY_AUTHORITY
LS-MD-0229,system/README.md,79F56CCA21C43E5B9DCAD658BD234D0192508EFB,38,44,Repo-aware scope,IMPLEMENTATION,YES,RETAIN_SINGLE_PRIMARY_ROLE_NO_SECONDARY_AUTHORITY
LS-MD-0229,system/README.md,79F56CCA21C43E5B9DCAD658BD234D0192508EFB,45,54,Read order inside system folder,IMPLEMENTATION,YES,RETAIN_SINGLE_PRIMARY_ROLE_NO_SECONDARY_AUTHORITY
LS-MD-0230,system/SYSTEM_ARTIFACT_MAP.md,DE8DA91F4288D5DF0926135CC5F7B2BC60CD7B3F,1,2,System Artifact Map,IMPLEMENTATION,YES,RETAIN_SINGLE_PRIMARY_ROLE_NO_SECONDARY_AUTHORITY
LS-MD-0230,system/SYSTEM_ARTIFACT_MAP.md,DE8DA91F4288D5DF0926135CC5F7B2BC60CD7B3F,3,8,Purpose,IMPLEMENTATION,YES,RETAIN_SINGLE_PRIMARY_ROLE_NO_SECONDARY_AUTHORITY
LS-MD-0230,system/SYSTEM_ARTIFACT_MAP.md,DE8DA91F4288D5DF0926135CC5F7B2BC60CD7B3F,9,25,Artifact map,IMPLEMENTATION,YES,RETAIN_SINGLE_PRIMARY_ROLE_NO_SECONDARY_AUTHORITY
LS-MD-0230,system/SYSTEM_ARTIFACT_MAP.md,DE8DA91F4288D5DF0926135CC5F7B2BC60CD7B3F,26,32,Authority reminders,IMPLEMENTATION,YES,RETAIN_SINGLE_PRIMARY_ROLE_NO_SECONDARY_AUTHORITY
LS-MD-0230,system/SYSTEM_ARTIFACT_MAP.md,DE8DA91F4288D5DF0926135CC5F7B2BC60CD7B3F,33,37,Layer reading notes,IMPLEMENTATION,YES,RETAIN_SINGLE_PRIMARY_ROLE_NO_SECONDARY_AUTHORITY
LS-MD-0230,system/SYSTEM_ARTIFACT_MAP.md,DE8DA91F4288D5DF0926135CC5F7B2BC60CD7B3F,38,45,Practical audit route,IMPLEMENTATION,YES,RETAIN_SINGLE_PRIMARY_ROLE_NO_SECONDARY_AUTHORITY
LS-MD-0230,system/SYSTEM_ARTIFACT_MAP.md,DE8DA91F4288D5DF0926135CC5F7B2BC60CD7B3F,46,47,Evidence reading note,IMPLEMENTATION,YES,RETAIN_SINGLE_PRIMARY_ROLE_NO_SECONDARY_AUTHORITY
LS-MD-0231,system/SYSTEM_BOUNDARY.md,3A05A2016E17444C4CB65234315C472C4EDA6AA0,1,2,System Boundary,IMPLEMENTATION,YES,RETAIN_SINGLE_PRIMARY_ROLE_NO_SECONDARY_AUTHORITY
LS-MD-0231,system/SYSTEM_BOUNDARY.md,3A05A2016E17444C4CB65234315C472C4EDA6AA0,3,5,Upstream boundary,IMPLEMENTATION,YES,RETAIN_SINGLE_PRIMARY_ROLE_NO_SECONDARY_AUTHORITY
LS-MD-0231,system/SYSTEM_BOUNDARY.md,3A05A2016E17444C4CB65234315C472C4EDA6AA0,6,19,Internal boundary,IMPLEMENTATION,YES,RETAIN_SINGLE_PRIMARY_ROLE_NO_SECONDARY_AUTHORITY
LS-MD-0231,system/SYSTEM_BOUNDARY.md,3A05A2016E17444C4CB65234315C472C4EDA6AA0,20,22,Downstream boundary,IMPLEMENTATION,YES,RETAIN_SINGLE_PRIMARY_ROLE_NO_SECONDARY_AUTHORITY
LS-MD-0231,system/SYSTEM_BOUNDARY.md,3A05A2016E17444C4CB65234315C472C4EDA6AA0,23,30,Out of scope,IMPLEMENTATION,YES,RETAIN_SINGLE_PRIMARY_ROLE_NO_SECONDARY_AUTHORITY
LS-MD-0231,system/SYSTEM_BOUNDARY.md,3A05A2016E17444C4CB65234315C472C4EDA6AA0,31,32,Boundary rule,IMPLEMENTATION,YES,RETAIN_SINGLE_PRIMARY_ROLE_NO_SECONDARY_AUTHORITY
LS-MD-0232,system/SYSTEM_CONTEXT_AND_DEPENDENCIES.md,C033FF82E11FB607DA79720E2456112C1A021837,1,2,System Context and Dependencies,IMPLEMENTATION,YES,RETAIN_SINGLE_PRIMARY_ROLE_NO_SECONDARY_AUTHORITY
LS-MD-0232,system/SYSTEM_CONTEXT_AND_DEPENDENCIES.md,C033FF82E11FB607DA79720E2456112C1A021837,3,5,Purpose,IMPLEMENTATION,YES,RETAIN_SINGLE_PRIMARY_ROLE_NO_SECONDARY_AUTHORITY
LS-MD-0232,system/SYSTEM_CONTEXT_AND_DEPENDENCIES.md,C033FF82E11FB607DA79720E2456112C1A021837,6,24,External and shared-foundation dependencies,IMPLEMENTATION,YES,RETAIN_SINGLE_PRIMARY_ROLE_NO_SECONDARY_AUTHORITY
LS-MD-0232,system/SYSTEM_CONTEXT_AND_DEPENDENCIES.md,C033FF82E11FB607DA79720E2456112C1A021837,25,33,Platform-internal dependencies,IMPLEMENTATION,YES,RETAIN_SINGLE_PRIMARY_ROLE_NO_SECONDARY_AUTHORITY
LS-MD-0232,system/SYSTEM_CONTEXT_AND_DEPENDENCIES.md,C033FF82E11FB607DA79720E2456112C1A021837,34,47,Operating model note,IMPLEMENTATION,YES,RETAIN_SINGLE_PRIMARY_ROLE_NO_SECONDARY_AUTHORITY
LS-MD-0232,system/SYSTEM_CONTEXT_AND_DEPENDENCIES.md,C033FF82E11FB607DA79720E2456112C1A021837,48,57,Date-driven interpretation note,IMPLEMENTATION,YES,RETAIN_SINGLE_PRIMARY_ROLE_NO_SECONDARY_AUTHORITY
LS-MD-0232,system/SYSTEM_CONTEXT_AND_DEPENDENCIES.md,C033FF82E11FB607DA79720E2456112C1A021837,58,66,Dependency reading pointers,IMPLEMENTATION,YES,RETAIN_SINGLE_PRIMARY_ROLE_NO_SECONDARY_AUTHORITY
LS-MD-0232,system/SYSTEM_CONTEXT_AND_DEPENDENCIES.md,C033FF82E11FB607DA79720E2456112C1A021837,67,76,Downstream consumer dependency direction,IMPLEMENTATION,YES,RETAIN_SINGLE_PRIMARY_ROLE_NO_SECONDARY_AUTHORITY
LS-MD-0232,system/SYSTEM_CONTEXT_AND_DEPENDENCIES.md,C033FF82E11FB607DA79720E2456112C1A021837,77,84,Downstream intake anchor pointers,IMPLEMENTATION,YES,RETAIN_SINGLE_PRIMARY_ROLE_NO_SECONDARY_AUTHORITY
LS-MD-0233,system/SYSTEM_DATA_PRODUCT_MAP.md,79CB34A0E4B5C718A9FD4F61D83B3385F3F5EA84,1,2,System Data Product Map,IMPLEMENTATION,YES,RETAIN_SINGLE_PRIMARY_ROLE_NO_SECONDARY_AUTHORITY
LS-MD-0233,system/SYSTEM_DATA_PRODUCT_MAP.md,79CB34A0E4B5C718A9FD4F61D83B3385F3F5EA84,3,5,Purpose,IMPLEMENTATION,YES,RETAIN_SINGLE_PRIMARY_ROLE_NO_SECONDARY_AUTHORITY
LS-MD-0233,system/SYSTEM_DATA_PRODUCT_MAP.md,79CB34A0E4B5C718A9FD4F61D83B3385F3F5EA84,6,13,Product-class rule,IMPLEMENTATION,YES,RETAIN_SINGLE_PRIMARY_ROLE_NO_SECONDARY_AUTHORITY
LS-MD-0233,system/SYSTEM_DATA_PRODUCT_MAP.md,79CB34A0E4B5C718A9FD4F61D83B3385F3F5EA84,14,30,Quick intake matrix,IMPLEMENTATION,YES,RETAIN_SINGLE_PRIMARY_ROLE_NO_SECONDARY_AUTHORITY
LS-MD-0233,system/SYSTEM_DATA_PRODUCT_MAP.md,79CB34A0E4B5C718A9FD4F61D83B3385F3F5EA84,31,118,Main fact and product families,IMPLEMENTATION,YES,RETAIN_SINGLE_PRIMARY_ROLE_NO_SECONDARY_AUTHORITY
LS-MD-0233,system/SYSTEM_DATA_PRODUCT_MAP.md,79CB34A0E4B5C718A9FD4F61D83B3385F3F5EA84,119,121,Downstream intake note,IMPLEMENTATION,YES,RETAIN_SINGLE_PRIMARY_ROLE_NO_SECONDARY_AUTHORITY
LS-MD-0233,system/SYSTEM_DATA_PRODUCT_MAP.md,79CB34A0E4B5C718A9FD4F61D83B3385F3F5EA84,122,123,Readability rule,IMPLEMENTATION,YES,RETAIN_SINGLE_PRIMARY_ROLE_NO_SECONDARY_AUTHORITY
LS-MD-0234,system/SYSTEM_OVERVIEW.md,F1FE58A76373DD291835D22E07279CDD0B252FF6,1,2,System Overview,IMPLEMENTATION,YES,RETAIN_SINGLE_PRIMARY_ROLE_NO_SECONDARY_AUTHORITY
LS-MD-0234,system/SYSTEM_OVERVIEW.md,F1FE58A76373DD291835D22E07279CDD0B252FF6,3,5,System purpose,IMPLEMENTATION,YES,RETAIN_SINGLE_PRIMARY_ROLE_NO_SECONDARY_AUTHORITY
LS-MD-0234,system/SYSTEM_OVERVIEW.md,F1FE58A76373DD291835D22E07279CDD0B252FF6,6,18,High-level responsibilities,IMPLEMENTATION,YES,RETAIN_SINGLE_PRIMARY_ROLE_NO_SECONDARY_AUTHORITY
LS-MD-0234,system/SYSTEM_OVERVIEW.md,F1FE58A76373DD291835D22E07279CDD0B252FF6,19,24,Main actors,IMPLEMENTATION,YES,RETAIN_SINGLE_PRIMARY_ROLE_NO_SECONDARY_AUTHORITY
LS-MD-0234,system/SYSTEM_OVERVIEW.md,F1FE58A76373DD291835D22E07279CDD0B252FF6,25,35,Main lifecycle,IMPLEMENTATION,YES,RETAIN_SINGLE_PRIMARY_ROLE_NO_SECONDARY_AUTHORITY
LS-MD-0234,system/SYSTEM_OVERVIEW.md,F1FE58A76373DD291835D22E07279CDD0B252FF6,36,44,Non-responsibilities,IMPLEMENTATION,YES,RETAIN_SINGLE_PRIMARY_ROLE_NO_SECONDARY_AUTHORITY
LS-MD-0234,system/SYSTEM_OVERVIEW.md,F1FE58A76373DD291835D22E07279CDD0B252FF6,45,46,Authority note,IMPLEMENTATION,YES,RETAIN_SINGLE_PRIMARY_ROLE_NO_SECONDARY_AUTHORITY
LS-MD-0235,system/SYSTEM_OWNERSHIP_MAP.md,36ED5710A68ED464C1E2CC7DD066AF755D6170F0,1,2,System Ownership Map,IMPLEMENTATION,YES,RETAIN_SINGLE_PRIMARY_ROLE_NO_SECONDARY_AUTHORITY
LS-MD-0235,system/SYSTEM_OWNERSHIP_MAP.md,36ED5710A68ED464C1E2CC7DD066AF755D6170F0,3,5,Purpose,IMPLEMENTATION,YES,RETAIN_SINGLE_PRIMARY_ROLE_NO_SECONDARY_AUTHORITY
LS-MD-0235,system/SYSTEM_OWNERSHIP_MAP.md,36ED5710A68ED464C1E2CC7DD066AF755D6170F0,6,28,Ownership categories,IMPLEMENTATION,YES,RETAIN_SINGLE_PRIMARY_ROLE_NO_SECONDARY_AUTHORITY
LS-MD-0235,system/SYSTEM_OWNERSHIP_MAP.md,36ED5710A68ED464C1E2CC7DD066AF755D6170F0,29,36,Authority rule,IMPLEMENTATION,YES,RETAIN_SINGLE_PRIMARY_ROLE_NO_SECONDARY_AUTHORITY
LS-MD-0235,system/SYSTEM_OWNERSHIP_MAP.md,36ED5710A68ED464C1E2CC7DD066AF755D6170F0,37,43,Practical reading rule,IMPLEMENTATION,YES,RETAIN_SINGLE_PRIMARY_ROLE_NO_SECONDARY_AUTHORITY
LS-MD-0235,system/SYSTEM_OWNERSHIP_MAP.md,36ED5710A68ED464C1E2CC7DD066AF755D6170F0,44,49,Misread prevention,IMPLEMENTATION,YES,RETAIN_SINGLE_PRIMARY_ROLE_NO_SECONDARY_AUTHORITY
LS-MD-0236,system/SYSTEM_PUBLICATION_AND_CORRECTION_OVERVIEW.md,16730123BA314C68A83164A4B51E562AB954E563,1,2,System Publication and Correction Overview,IMPLEMENTATION,YES,RETAIN_SINGLE_PRIMARY_ROLE_NO_SECONDARY_AUTHORITY
LS-MD-0236,system/SYSTEM_PUBLICATION_AND_CORRECTION_OVERVIEW.md,16730123BA314C68A83164A4B51E562AB954E563,3,5,Publication principle,IMPLEMENTATION,YES,RETAIN_SINGLE_PRIMARY_ROLE_NO_SECONDARY_AUTHORITY
LS-MD-0236,system/SYSTEM_PUBLICATION_AND_CORRECTION_OVERVIEW.md,16730123BA314C68A83164A4B51E562AB954E563,6,8,Correction principle,IMPLEMENTATION,YES,RETAIN_SINGLE_PRIMARY_ROLE_NO_SECONDARY_AUTHORITY
LS-MD-0236,system/SYSTEM_PUBLICATION_AND_CORRECTION_OVERVIEW.md,16730123BA314C68A83164A4B51E562AB954E563,9,15,Consumer impact principle,IMPLEMENTATION,YES,RETAIN_SINGLE_PRIMARY_ROLE_NO_SECONDARY_AUTHORITY
LS-MD-0236,system/SYSTEM_PUBLICATION_AND_CORRECTION_OVERVIEW.md,16730123BA314C68A83164A4B51E562AB954E563,16,17,Detail authority,IMPLEMENTATION,YES,RETAIN_SINGLE_PRIMARY_ROLE_NO_SECONDARY_AUTHORITY
LS-MD-0237,system/SYSTEM_READ_ORDER.md,4D54B05B88918B10DB33F4A2FC6CFC5AE996888D,1,2,System Read Order,IMPLEMENTATION,YES,RETAIN_SINGLE_PRIMARY_ROLE_NO_SECONDARY_AUTHORITY
LS-MD-0237,system/SYSTEM_READ_ORDER.md,4D54B05B88918B10DB33F4A2FC6CFC5AE996888D,3,5,Principle,IMPLEMENTATION,YES,RETAIN_SINGLE_PRIMARY_ROLE_NO_SECONDARY_AUTHORITY
LS-MD-0237,system/SYSTEM_READ_ORDER.md,4D54B05B88918B10DB33F4A2FC6CFC5AE996888D,6,17,Mandatory outer read order,IMPLEMENTATION,YES,RETAIN_SINGLE_PRIMARY_ROLE_NO_SECONDARY_AUTHORITY
LS-MD-0237,system/SYSTEM_READ_ORDER.md,4D54B05B88918B10DB33F4A2FC6CFC5AE996888D,18,43,Recommended repo-shaped read order,IMPLEMENTATION,YES,RETAIN_SINGLE_PRIMARY_ROLE_NO_SECONDARY_AUTHORITY
LS-MD-0237,system/SYSTEM_READ_ORDER.md,4D54B05B88918B10DB33F4A2FC6CFC5AE996888D,44,60,Downstream consumer read path,IMPLEMENTATION,YES,RETAIN_SINGLE_PRIMARY_ROLE_NO_SECONDARY_AUTHORITY
LS-MD-0237,system/SYSTEM_READ_ORDER.md,4D54B05B88918B10DB33F4A2FC6CFC5AE996888D,61,81,Read path by audit layer,IMPLEMENTATION,YES,RETAIN_SINGLE_PRIMARY_ROLE_NO_SECONDARY_AUTHORITY
LS-MD-0237,system/SYSTEM_READ_ORDER.md,4D54B05B88918B10DB33F4A2FC6CFC5AE996888D,82,85,Prohibited shortcut,IMPLEMENTATION,YES,RETAIN_SINGLE_PRIMARY_ROLE_NO_SECONDARY_AUTHORITY
LS-MD-0237,system/SYSTEM_READ_ORDER.md,4D54B05B88918B10DB33F4A2FC6CFC5AE996888D,86,87,Prohibited downstream shortcut,IMPLEMENTATION,YES,RETAIN_SINGLE_PRIMARY_ROLE_NO_SECONDARY_AUTHORITY
LS-MD-0238,system/SYSTEM_RUNTIME_FLOW.md,39728B686D03C376850E70825211C7F08905D11B,1,2,System Runtime Flow,IMPLEMENTATION,YES,RETAIN_SINGLE_PRIMARY_ROLE_NO_SECONDARY_AUTHORITY
LS-MD-0238,system/SYSTEM_RUNTIME_FLOW.md,39728B686D03C376850E70825211C7F08905D11B,3,5,Purpose,IMPLEMENTATION,YES,RETAIN_SINGLE_PRIMARY_ROLE_NO_SECONDARY_AUTHORITY
LS-MD-0238,system/SYSTEM_RUNTIME_FLOW.md,39728B686D03C376850E70825211C7F08905D11B,6,19,High-level flow,IMPLEMENTATION,YES,RETAIN_SINGLE_PRIMARY_ROLE_NO_SECONDARY_AUTHORITY
LS-MD-0238,system/SYSTEM_RUNTIME_FLOW.md,39728B686D03C376850E70825211C7F08905D11B,20,83,Owner pointers by stage,IMPLEMENTATION,YES,RETAIN_SINGLE_PRIMARY_ROLE_NO_SECONDARY_AUTHORITY
LS-MD-0238,system/SYSTEM_RUNTIME_FLOW.md,39728B686D03C376850E70825211C7F08905D11B,84,85,Reminder,IMPLEMENTATION,YES,RETAIN_SINGLE_PRIMARY_ROLE_NO_SECONDARY_AUTHORITY
LS-MD-0239,tests/Behavioral_Test_Coverage_Inventory.md,742C746586E0501E4D5B9983BCDE37F7B3DFC30F,1,4,Behavioral Test Coverage Inventory,IMPLEMENTATION,YES,SPLIT_EXACT_SECTION
LS-MD-0239,tests/Behavioral_Test_Coverage_Inventory.md,742C746586E0501E4D5B9983BCDE37F7B3DFC30F,5,15,Status,DECISION,YES,SPLIT_EXACT_SECTION
LS-MD-0239,tests/Behavioral_Test_Coverage_Inventory.md,742C746586E0501E4D5B9983BCDE37F7B3DFC30F,16,19,Rule,GOVERNANCE,YES,SPLIT_EXACT_SECTION
LS-MD-0239,tests/Behavioral_Test_Coverage_Inventory.md,742C746586E0501E4D5B9983BCDE37F7B3DFC30F,20,41,Behavioral coverage inventory,IMPLEMENTATION,YES,SPLIT_EXACT_SECTION
LS-MD-0239,tests/Behavioral_Test_Coverage_Inventory.md,742C746586E0501E4D5B9983BCDE37F7B3DFC30F,42,52,Existing behavioral proof source,EVIDENCE,YES,SPLIT_EXACT_SECTION
LS-MD-0239,tests/Behavioral_Test_Coverage_Inventory.md,742C746586E0501E4D5B9983BCDE37F7B3DFC30F,53,63,Mock-heavy tests that must not be counted as lifecycle proof,EVIDENCE,YES,SPLIT_EXACT_SECTION
LS-MD-0239,tests/Behavioral_Test_Coverage_Inventory.md,742C746586E0501E4D5B9983BCDE37F7B3DFC30F,64,80,Final mock policy,CONTEXT,NO,SPLIT_EXACT_SECTION
LS-MD-0239,tests/Behavioral_Test_Coverage_Inventory.md,742C746586E0501E4D5B9983BCDE37F7B3DFC30F,81,89,Final validation status,EVIDENCE,YES,SPLIT_EXACT_SECTION
LS-MD-0240,tests/Contract_Test_Matrix_LOCKED.md,1D581BF5714A80FC0B36C7CD99B137367F4CA48E,1,21,Contract Test Matrix (STRATEGY LOCKED; V2 PROOF OPEN),IMPLEMENTATION,YES,RETAIN_SINGLE_PRIMARY_ROLE_NO_SECONDARY_AUTHORITY
LS-MD-0241,tests/Contract_Tests_Specification.md,AC585FDD0F64F74D1BDDB9F511D8D24A57C87147,1,2,Contract Tests Specification (STRATEGY LOCKED),IMPLEMENTATION,YES,SPLIT_EXACT_SECTION
LS-MD-0241,tests/Contract_Tests_Specification.md,AC585FDD0F64F74D1BDDB9F511D8D24A57C87147,3,6,Proof rule,EVIDENCE,YES,SPLIT_EXACT_SECTION
LS-MD-0241,tests/Contract_Tests_Specification.md,AC585FDD0F64F74D1BDDB9F511D8D24A57C87147,7,17,What a source-text assertion proves (LOCKED),CONTEXT,NO,SPLIT_EXACT_SECTION
LS-MD-0241,tests/Contract_Tests_Specification.md,AC585FDD0F64F74D1BDDB9F511D8D24A57C87147,18,27,Fixtures must exist as artifacts (LOCKED),CONTEXT,NO,SPLIT_EXACT_SECTION
LS-MD-0241,tests/Contract_Tests_Specification.md,AC585FDD0F64F74D1BDDB9F511D8D24A57C87147,28,41,Required test groups,CONTEXT,NO,SPLIT_EXACT_SECTION
LS-MD-0241,tests/Contract_Tests_Specification.md,AC585FDD0F64F74D1BDDB9F511D8D24A57C87147,42,45,Assertion layers,CONTEXT,NO,SPLIT_EXACT_SECTION
LS-MD-0241,tests/Contract_Tests_Specification.md,AC585FDD0F64F74D1BDDB9F511D8D24A57C87147,46,49,Database requirement,CONTEXT,NO,SPLIT_EXACT_SECTION
LS-MD-0241,tests/Contract_Tests_Specification.md,AC585FDD0F64F74D1BDDB9F511D8D24A57C87147,50,52,Current closure state,EVIDENCE,YES,SPLIT_EXACT_SECTION
LS-MD-0242,tests/Correction_Lifecycle_Safety_Test_Matrix.md,EEE9521E90D6D9E06BFB7093235F4E97353D4310,1,39,Correction Lifecycle Safety Test Matrix,IMPLEMENTATION,YES,RETAIN_SINGLE_PRIMARY_ROLE_NO_SECONDARY_AUTHORITY
LS-MD-0243,tests/Db_Integrity_Constraint_Inventory.md,F8EC0B923A05E4141D9FEF6A1E71E132AA698D5B,1,8,DB Integrity & Constraint Enforcement Inventory,IMPLEMENTATION,YES,SPLIT_EXACT_SECTION
LS-MD-0243,tests/Db_Integrity_Constraint_Inventory.md,F8EC0B923A05E4141D9FEF6A1E71E132AA698D5B,9,12,Final rule,GOVERNANCE,YES,SPLIT_EXACT_SECTION
LS-MD-0243,tests/Db_Integrity_Constraint_Inventory.md,F8EC0B923A05E4141D9FEF6A1E71E132AA698D5B,13,38,Inventory,IMPLEMENTATION,YES,SPLIT_EXACT_SECTION
LS-MD-0243,tests/Db_Integrity_Constraint_Inventory.md,F8EC0B923A05E4141D9FEF6A1E71E132AA698D5B,39,58,Validation policy,EVIDENCE,YES,SPLIT_EXACT_SECTION
LS-MD-0243,tests/Db_Integrity_Constraint_Inventory.md,F8EC0B923A05E4141D9FEF6A1E71E132AA698D5B,59,73,Final validation result,EVIDENCE,YES,SPLIT_EXACT_SECTION
LS-MD-0243,tests/Db_Integrity_Constraint_Inventory.md,F8EC0B923A05E4141D9FEF6A1E71E132AA698D5B,74,82,DB Integrity FK / Implicit Integrity Decision hardening — 2026-05-17,DECISION,YES,SPLIT_EXACT_SECTION
LS-MD-0244,tests/Executed_Proof_Admission_Criteria_LOCKED.md,6C8B093EFB0D6FD007AE21BC2BBCDF4E1C84BF21,1,2,Executed Proof Admission Criteria (LOCKED),IMPLEMENTATION,YES,RETAIN_SINGLE_PRIMARY_ROLE_NO_SECONDARY_AUTHORITY
LS-MD-0244,tests/Executed_Proof_Admission_Criteria_LOCKED.md,6C8B093EFB0D6FD007AE21BC2BBCDF4E1C84BF21,3,5,Purpose,IMPLEMENTATION,YES,RETAIN_SINGLE_PRIMARY_ROLE_NO_SECONDARY_AUTHORITY
LS-MD-0244,tests/Executed_Proof_Admission_Criteria_LOCKED.md,6C8B093EFB0D6FD007AE21BC2BBCDF4E1C84BF21,6,17,Core rule (LOCKED),IMPLEMENTATION,YES,RETAIN_SINGLE_PRIMARY_ROLE_NO_SECONDARY_AUTHORITY
LS-MD-0244,tests/Executed_Proof_Admission_Criteria_LOCKED.md,6C8B093EFB0D6FD007AE21BC2BBCDF4E1C84BF21,18,46,Required conditions,IMPLEMENTATION,YES,RETAIN_SINGLE_PRIMARY_ROLE_NO_SECONDARY_AUTHORITY
LS-MD-0244,tests/Executed_Proof_Admission_Criteria_LOCKED.md,6C8B093EFB0D6FD007AE21BC2BBCDF4E1C84BF21,47,53,Prohibited weak claims,IMPLEMENTATION,YES,RETAIN_SINGLE_PRIMARY_ROLE_NO_SECONDARY_AUTHORITY
LS-MD-0244,tests/Executed_Proof_Admission_Criteria_LOCKED.md,6C8B093EFB0D6FD007AE21BC2BBCDF4E1C84BF21,54,56,Relationship to examples,IMPLEMENTATION,YES,RETAIN_SINGLE_PRIMARY_ROLE_NO_SECONDARY_AUTHORITY
LS-MD-0244,tests/Executed_Proof_Admission_Criteria_LOCKED.md,6C8B093EFB0D6FD007AE21BC2BBCDF4E1C84BF21,57,62,Cross-contract alignment,IMPLEMENTATION,YES,RETAIN_SINGLE_PRIMARY_ROLE_NO_SECONDARY_AUTHORITY
LS-MD-0244,tests/Executed_Proof_Admission_Criteria_LOCKED.md,6C8B093EFB0D6FD007AE21BC2BBCDF4E1C84BF21,63,64,Anti-ambiguity rule (LOCKED),IMPLEMENTATION,YES,RETAIN_SINGLE_PRIMARY_ROLE_NO_SECONDARY_AUTHORITY
LS-MD-0245,tests/Fixture_Package_Manifest_LOCKED.md,055D00113312642F65B30EBEB7CB23650308E660,1,2,Fixture Package Manifest (LOCKED),IMPLEMENTATION,YES,RETAIN_SINGLE_PRIMARY_ROLE_NO_SECONDARY_AUTHORITY
LS-MD-0245,tests/Fixture_Package_Manifest_LOCKED.md,055D00113312642F65B30EBEB7CB23650308E660,3,8,Purpose,IMPLEMENTATION,YES,RETAIN_SINGLE_PRIMARY_ROLE_NO_SECONDARY_AUTHORITY
LS-MD-0245,tests/Fixture_Package_Manifest_LOCKED.md,055D00113312642F65B30EBEB7CB23650308E660,9,56,Minimum manifest shape,IMPLEMENTATION,YES,RETAIN_SINGLE_PRIMARY_ROLE_NO_SECONDARY_AUTHORITY
LS-MD-0245,tests/Fixture_Package_Manifest_LOCKED.md,055D00113312642F65B30EBEB7CB23650308E660,57,65,Mandatory manifest rules,IMPLEMENTATION,YES,RETAIN_SINGLE_PRIMARY_ROLE_NO_SECONDARY_AUTHORITY
LS-MD-0245,tests/Fixture_Package_Manifest_LOCKED.md,055D00113312642F65B30EBEB7CB23650308E660,66,72,Required manifest fields,IMPLEMENTATION,YES,RETAIN_SINGLE_PRIMARY_ROLE_NO_SECONDARY_AUTHORITY
LS-MD-0245,tests/Fixture_Package_Manifest_LOCKED.md,055D00113312642F65B30EBEB7CB23650308E660,73,80,Assertion layer values,IMPLEMENTATION,YES,RETAIN_SINGLE_PRIMARY_ROLE_NO_SECONDARY_AUTHORITY
LS-MD-0245,tests/Fixture_Package_Manifest_LOCKED.md,055D00113312642F65B30EBEB7CB23650308E660,81,83,Locked rule,IMPLEMENTATION,YES,RETAIN_SINGLE_PRIMARY_ROLE_NO_SECONDARY_AUTHORITY
LS-MD-0245,tests/Fixture_Package_Manifest_LOCKED.md,055D00113312642F65B30EBEB7CB23650308E660,84,95,Package filesystem minimum (LOCKED),IMPLEMENTATION,YES,RETAIN_SINGLE_PRIMARY_ROLE_NO_SECONDARY_AUTHORITY
LS-MD-0246,tests/Golden_Fixture_Catalog_LOCKED.md,A8B066831AF122E436D973046A48DE4166C5D642,1,25,Golden Fixture Catalog (STRATEGY LOCKED; EXECUTION GAPS OPEN),IMPLEMENTATION,YES,SPLIT_EXACT_SECTION
LS-MD-0246,tests/Golden_Fixture_Catalog_LOCKED.md,A8B066831AF122E436D973046A48DE4166C5D642,26,38,Artifact existence status (LOCKED),EVIDENCE,YES,SPLIT_EXACT_SECTION
LS-MD-0247,tests/Golden_Fixture_Examples_LOCKED.md,3EEC1C7EA4D097844457225A9F313C989DF26E31,1,2,Golden Fixture Examples (LOCKED),IMPLEMENTATION,YES,RETAIN_SINGLE_PRIMARY_ROLE_NO_SECONDARY_AUTHORITY
LS-MD-0247,tests/Golden_Fixture_Examples_LOCKED.md,3EEC1C7EA4D097844457225A9F313C989DF26E31,3,10,Purpose,IMPLEMENTATION,YES,RETAIN_SINGLE_PRIMARY_ROLE_NO_SECONDARY_AUTHORITY
LS-MD-0247,tests/Golden_Fixture_Examples_LOCKED.md,3EEC1C7EA4D097844457225A9F313C989DF26E31,11,35,Example 1 — `fixture_hash_payload`,IMPLEMENTATION,YES,RETAIN_SINGLE_PRIMARY_ROLE_NO_SECONDARY_AUTHORITY
LS-MD-0247,tests/Golden_Fixture_Examples_LOCKED.md,3EEC1C7EA4D097844457225A9F313C989DF26E31,36,69,Example 2 — `fixture_bars_atr_seed`,IMPLEMENTATION,YES,RETAIN_SINGLE_PRIMARY_ROLE_NO_SECONDARY_AUTHORITY
LS-MD-0247,tests/Golden_Fixture_Examples_LOCKED.md,3EEC1C7EA4D097844457225A9F313C989DF26E31,70,99,Example 3 — `fixture_bars_short_history`,IMPLEMENTATION,YES,RETAIN_SINGLE_PRIMARY_ROLE_NO_SECONDARY_AUTHORITY
LS-MD-0247,tests/Golden_Fixture_Examples_LOCKED.md,3EEC1C7EA4D097844457225A9F313C989DF26E31,100,114,Example 4 — `fixture_missing_dependency_bar`,IMPLEMENTATION,YES,RETAIN_SINGLE_PRIMARY_ROLE_NO_SECONDARY_AUTHORITY
LS-MD-0247,tests/Golden_Fixture_Examples_LOCKED.md,3EEC1C7EA4D097844457225A9F313C989DF26E31,115,135,Example 5 — `fixture_effective_date_fallback`,IMPLEMENTATION,YES,RETAIN_SINGLE_PRIMARY_ROLE_NO_SECONDARY_AUTHORITY
LS-MD-0247,tests/Golden_Fixture_Examples_LOCKED.md,3EEC1C7EA4D097844457225A9F313C989DF26E31,136,184,Example 6 — `fixture_controlled_correction`,IMPLEMENTATION,YES,RETAIN_SINGLE_PRIMARY_ROLE_NO_SECONDARY_AUTHORITY
LS-MD-0247,tests/Golden_Fixture_Examples_LOCKED.md,3EEC1C7EA4D097844457225A9F313C989DF26E31,185,210,Example 7 — `fixture_unchanged_rerun`,IMPLEMENTATION,YES,RETAIN_SINGLE_PRIMARY_ROLE_NO_SECONDARY_AUTHORITY
LS-MD-0247,tests/Golden_Fixture_Examples_LOCKED.md,3EEC1C7EA4D097844457225A9F313C989DF26E31,211,232,Example 8 — `fixture_correction_reseal_fail`,IMPLEMENTATION,YES,RETAIN_SINGLE_PRIMARY_ROLE_NO_SECONDARY_AUTHORITY
LS-MD-0247,tests/Golden_Fixture_Examples_LOCKED.md,3EEC1C7EA4D097844457225A9F313C989DF26E31,233,254,Example 9 — `fixture_replay_degraded_input`,IMPLEMENTATION,YES,RETAIN_SINGLE_PRIMARY_ROLE_NO_SECONDARY_AUTHORITY
LS-MD-0247,tests/Golden_Fixture_Examples_LOCKED.md,3EEC1C7EA4D097844457225A9F313C989DF26E31,255,294,Example 10 — Expected run summary shape,IMPLEMENTATION,YES,RETAIN_SINGLE_PRIMARY_ROLE_NO_SECONDARY_AUTHORITY
LS-MD-0247,tests/Golden_Fixture_Examples_LOCKED.md,3EEC1C7EA4D097844457225A9F313C989DF26E31,295,302,Example 11 — Expected replay mismatch summary,IMPLEMENTATION,YES,RETAIN_SINGLE_PRIMARY_ROLE_NO_SECONDARY_AUTHORITY
LS-MD-0247,tests/Golden_Fixture_Examples_LOCKED.md,3EEC1C7EA4D097844457225A9F313C989DF26E31,303,305,Locked rule,IMPLEMENTATION,YES,RETAIN_SINGLE_PRIMARY_ROLE_NO_SECONDARY_AUTHORITY
LS-MD-0248,tests/Golden_Fixtures_Specification.md,E477B4291D088BC2B7604C24348FFC83D9218CFB,1,2,Golden Fixtures Specification (STRATEGY LOCKED),IMPLEMENTATION,YES,RETAIN_SINGLE_PRIMARY_ROLE_NO_SECONDARY_AUTHORITY
LS-MD-0248,tests/Golden_Fixtures_Specification.md,E477B4291D088BC2B7604C24348FFC83D9218CFB,3,8,Package,IMPLEMENTATION,YES,RETAIN_SINGLE_PRIMARY_ROLE_NO_SECONDARY_AUTHORITY
LS-MD-0248,tests/Golden_Fixtures_Specification.md,E477B4291D088BC2B7604C24348FFC83D9218CFB,9,21,Mandatory families,IMPLEMENTATION,YES,RETAIN_SINGLE_PRIMARY_ROLE_NO_SECONDARY_AUTHORITY
LS-MD-0248,tests/Golden_Fixtures_Specification.md,E477B4291D088BC2B7604C24348FFC83D9218CFB,22,27,Oracle discipline,IMPLEMENTATION,YES,RETAIN_SINGLE_PRIMARY_ROLE_NO_SECONDARY_AUTHORITY
LS-MD-0248,tests/Golden_Fixtures_Specification.md,E477B4291D088BC2B7604C24348FFC83D9218CFB,28,31,Change rule,IMPLEMENTATION,YES,RETAIN_SINGLE_PRIMARY_ROLE_NO_SECONDARY_AUTHORITY
LS-MD-0248,tests/Golden_Fixtures_Specification.md,E477B4291D088BC2B7604C24348FFC83D9218CFB,32,34,Admission,IMPLEMENTATION,YES,RETAIN_SINGLE_PRIMARY_ROLE_NO_SECONDARY_AUTHORITY
LS-MD-0249,tests/Indicator_Expected_Output_Oracle_LOCKED.md,373E60F861147D65825EF62A8040596BB02CB0ED,1,2,Indicator Expected Output Oracle (STRATEGY LOCKED),IMPLEMENTATION,YES,RETAIN_SINGLE_PRIMARY_ROLE_NO_SECONDARY_AUTHORITY
LS-MD-0249,tests/Indicator_Expected_Output_Oracle_LOCKED.md,373E60F861147D65825EF62A8040596BB02CB0ED,3,6,Purpose,IMPLEMENTATION,YES,RETAIN_SINGLE_PRIMARY_ROLE_NO_SECONDARY_AUTHORITY
LS-MD-0249,tests/Indicator_Expected_Output_Oracle_LOCKED.md,373E60F861147D65825EF62A8040596BB02CB0ED,7,19,Input identity,IMPLEMENTATION,YES,RETAIN_SINGLE_PRIMARY_ROLE_NO_SECONDARY_AUTHORITY
LS-MD-0249,tests/Indicator_Expected_Output_Oracle_LOCKED.md,373E60F861147D65825EF62A8040596BB02CB0ED,20,32,Compact oracle table,IMPLEMENTATION,YES,RETAIN_SINGLE_PRIMARY_ROLE_NO_SECONDARY_AUTHORITY
LS-MD-0249,tests/Indicator_Expected_Output_Oracle_LOCKED.md,373E60F861147D65825EF62A8040596BB02CB0ED,33,52,Exact calculations,IMPLEMENTATION,YES,RETAIN_SINGLE_PRIMARY_ROLE_NO_SECONDARY_AUTHORITY
LS-MD-0249,tests/Indicator_Expected_Output_Oracle_LOCKED.md,373E60F861147D65825EF62A8040596BB02CB0ED,53,65,Mandatory long-chain artifact,IMPLEMENTATION,YES,RETAIN_SINGLE_PRIMARY_ROLE_NO_SECONDARY_AUTHORITY
LS-MD-0249,tests/Indicator_Expected_Output_Oracle_LOCKED.md,373E60F861147D65825EF62A8040596BB02CB0ED,66,72,Precision,IMPLEMENTATION,YES,RETAIN_SINGLE_PRIMARY_ROLE_NO_SECONDARY_AUTHORITY
LS-MD-0249,tests/Indicator_Expected_Output_Oracle_LOCKED.md,373E60F861147D65825EF62A8040596BB02CB0ED,73,84,Acceptance,IMPLEMENTATION,YES,RETAIN_SINGLE_PRIMARY_ROLE_NO_SECONDARY_AUTHORITY
LS-MD-0249,tests/Indicator_Expected_Output_Oracle_LOCKED.md,373E60F861147D65825EF62A8040596BB02CB0ED,85,91,Cross-contract alignment,IMPLEMENTATION,YES,RETAIN_SINGLE_PRIMARY_ROLE_NO_SECONDARY_AUTHORITY
LS-MD-0250,tests/Indicator_Test_Vectors_LOCKED.md,C87062FC05E604353D61071688573115D33FBB8B,1,2,Indicator Test Vectors (STRATEGY LOCKED),IMPLEMENTATION,YES,RETAIN_SINGLE_PRIMARY_ROLE_NO_SECONDARY_AUTHORITY
LS-MD-0250,tests/Indicator_Test_Vectors_LOCKED.md,C87062FC05E604353D61071688573115D33FBB8B,3,6,Price basis,IMPLEMENTATION,YES,RETAIN_SINGLE_PRIMARY_ROLE_NO_SECONDARY_AUTHORITY
LS-MD-0250,tests/Indicator_Test_Vectors_LOCKED.md,C87062FC05E604353D61071688573115D33FBB8B,7,24,ATR14 vectors,IMPLEMENTATION,YES,RETAIN_SINGLE_PRIMARY_ROLE_NO_SECONDARY_AUTHORITY
LS-MD-0250,tests/Indicator_Test_Vectors_LOCKED.md,C87062FC05E604353D61071688573115D33FBB8B,25,33,Fixed-window vectors,IMPLEMENTATION,YES,RETAIN_SINGLE_PRIMARY_ROLE_NO_SECONDARY_AUTHORITY
LS-MD-0250,tests/Indicator_Test_Vectors_LOCKED.md,C87062FC05E604353D61071688573115D33FBB8B,34,37,Nullability and context,IMPLEMENTATION,YES,RETAIN_SINGLE_PRIMARY_ROLE_NO_SECONDARY_AUTHORITY
LS-MD-0250,tests/Indicator_Test_Vectors_LOCKED.md,C87062FC05E604353D61071688573115D33FBB8B,38,40,Acceptance,IMPLEMENTATION,YES,RETAIN_SINGLE_PRIMARY_ROLE_NO_SECONDARY_AUTHORITY
LS-MD-0251,tests/Negative_Test_Catalog_LOCKED.md,1A8A5F74D03C5A689EDC37964ACBDD04075E0C25,1,25,Negative Test Catalog (STRATEGY LOCKED),IMPLEMENTATION,YES,RETAIN_SINGLE_PRIMARY_ROLE_NO_SECONDARY_AUTHORITY
LS-MD-0252,tests/PHPUNIT_TEST_MATRIX.md,FEC9F51F5D950AD3C0DB1B40F3E0D3C4CD966FFA,1,4,TEST MATRIX COVERAGE GATE,IMPLEMENTATION,YES,SPLIT_EXACT_SECTION
LS-MD-0252,tests/PHPUNIT_TEST_MATRIX.md,FEC9F51F5D950AD3C0DB1B40F3E0D3C4CD966FFA,5,19,UNIT / SERVICE LEVEL,CONTEXT,NO,SPLIT_EXACT_SECTION
LS-MD-0252,tests/PHPUNIT_TEST_MATRIX.md,FEC9F51F5D950AD3C0DB1B40F3E0D3C4CD966FFA,20,25,FINALIZE DECISION,DECISION,YES,SPLIT_EXACT_SECTION
LS-MD-0252,tests/PHPUNIT_TEST_MATRIX.md,FEC9F51F5D950AD3C0DB1B40F3E0D3C4CD966FFA,26,57,INTEGRATION / END-TO-END PROOF,EVIDENCE,YES,SPLIT_EXACT_SECTION
LS-MD-0252,tests/PHPUNIT_TEST_MATRIX.md,FEC9F51F5D950AD3C0DB1B40F3E0D3C4CD966FFA,58,78,OUT-OF-ORDER IMPORT IMPACT,CONTEXT,NO,SPLIT_EXACT_SECTION
LS-MD-0252,tests/PHPUNIT_TEST_MATRIX.md,FEC9F51F5D950AD3C0DB1B40F3E0D3C4CD966FFA,79,109,OUT-OF-ORDER IMPORT IMPACT EXECUTION,CONTEXT,NO,SPLIT_EXACT_SECTION
LS-MD-0252,tests/PHPUNIT_TEST_MATRIX.md,FEC9F51F5D950AD3C0DB1B40F3E0D3C4CD966FFA,110,139,OUT-OF-ORDER IMPORT HASH/SEAL/PUBLICATION REPROCESS,IMPLEMENTATION,YES,SPLIT_EXACT_SECTION
LS-MD-0252,tests/PHPUNIT_TEST_MATRIX.md,FEC9F51F5D950AD3C0DB1B40F3E0D3C4CD966FFA,140,153,FINAL VALIDATION - IMPORT-ONLY BACKFILL OUTPUT + READABLE AUTO-CORRECTION,EVIDENCE,YES,SPLIT_EXACT_SECTION
LS-MD-0253,tests/README.md,5A6196F7917994AF02140A03ED7C401287420EE2,1,2,Market-Data Test and Fixture Specifications,IMPLEMENTATION,YES,RETAIN_SINGLE_PRIMARY_ROLE_NO_SECONDARY_AUTHORITY
LS-MD-0253,tests/README.md,5A6196F7917994AF02140A03ED7C401287420EE2,3,10,Role,IMPLEMENTATION,YES,RETAIN_SINGLE_PRIMARY_ROLE_NO_SECONDARY_AUTHORITY
LS-MD-0253,tests/README.md,5A6196F7917994AF02140A03ED7C401287420EE2,11,24,Authority and reading order,IMPLEMENTATION,YES,RETAIN_SINGLE_PRIMARY_ROLE_NO_SECONDARY_AUTHORITY
LS-MD-0253,tests/README.md,5A6196F7917994AF02140A03ED7C401287420EE2,25,42,Required semantic families,IMPLEMENTATION,YES,RETAIN_SINGLE_PRIMARY_ROLE_NO_SECONDARY_AUTHORITY
LS-MD-0253,tests/README.md,5A6196F7917994AF02140A03ED7C401287420EE2,43,54,Historical/superseded companions,IMPLEMENTATION,YES,RETAIN_SINGLE_PRIMARY_ROLE_NO_SECONDARY_AUTHORITY
LS-MD-0253,tests/README.md,5A6196F7917994AF02140A03ED7C401287420EE2,55,57,Closure rule,IMPLEMENTATION,YES,RETAIN_SINGLE_PRIMARY_ROLE_NO_SECONDARY_AUTHORITY
LS-MD-0254,tests/Test_Coverage_Closure_Contract_LOCKED.md,F1A2827D69129D70DD89CB99331D047E0A9D3435,1,2,Test Coverage Closure Contract (STRATEGY LOCKED),IMPLEMENTATION,YES,RETAIN_SINGLE_PRIMARY_ROLE_NO_SECONDARY_AUTHORITY
LS-MD-0254,tests/Test_Coverage_Closure_Contract_LOCKED.md,F1A2827D69129D70DD89CB99331D047E0A9D3435,3,12,Allowed states,IMPLEMENTATION,YES,RETAIN_SINGLE_PRIMARY_ROLE_NO_SECONDARY_AUTHORITY
LS-MD-0254,tests/Test_Coverage_Closure_Contract_LOCKED.md,F1A2827D69129D70DD89CB99331D047E0A9D3435,13,16,Closure row,IMPLEMENTATION,YES,RETAIN_SINGLE_PRIMARY_ROLE_NO_SECONDARY_AUTHORITY
LS-MD-0254,tests/Test_Coverage_Closure_Contract_LOCKED.md,F1A2827D69129D70DD89CB99331D047E0A9D3435,17,21,Release gate,IMPLEMENTATION,YES,RETAIN_SINGLE_PRIMARY_ROLE_NO_SECONDARY_AUTHORITY
LS-MD-0255,tests/Test_Implementation_Guidance_LOCKED.md,1AE9555072B8E7C55BC77F082E2FB861D50706D2,1,2,Test Implementation Guidance (LOCKED),IMPLEMENTATION,YES,RETAIN_SINGLE_PRIMARY_ROLE_NO_SECONDARY_AUTHORITY
LS-MD-0255,tests/Test_Implementation_Guidance_LOCKED.md,1AE9555072B8E7C55BC77F082E2FB861D50706D2,3,10,Purpose,IMPLEMENTATION,YES,RETAIN_SINGLE_PRIMARY_ROLE_NO_SECONDARY_AUTHORITY
LS-MD-0255,tests/Test_Implementation_Guidance_LOCKED.md,1AE9555072B8E7C55BC77F082E2FB861D50706D2,11,24,Core implementation rule (LOCKED),IMPLEMENTATION,YES,RETAIN_SINGLE_PRIMARY_ROLE_NO_SECONDARY_AUTHORITY
LS-MD-0255,tests/Test_Implementation_Guidance_LOCKED.md,1AE9555072B8E7C55BC77F082E2FB861D50706D2,25,77,Required assertion layers,IMPLEMENTATION,YES,RETAIN_SINGLE_PRIMARY_ROLE_NO_SECONDARY_AUTHORITY
LS-MD-0255,tests/Test_Implementation_Guidance_LOCKED.md,1AE9555072B8E7C55BC77F082E2FB861D50706D2,78,87,Fixture-to-test mapping rule (LOCKED),IMPLEMENTATION,YES,RETAIN_SINGLE_PRIMARY_ROLE_NO_SECONDARY_AUTHORITY
LS-MD-0255,tests/Test_Implementation_Guidance_LOCKED.md,1AE9555072B8E7C55BC77F082E2FB861D50706D2,88,98,Minimum implementation structure,IMPLEMENTATION,YES,RETAIN_SINGLE_PRIMARY_ROLE_NO_SECONDARY_AUTHORITY
LS-MD-0255,tests/Test_Implementation_Guidance_LOCKED.md,1AE9555072B8E7C55BC77F082E2FB861D50706D2,99,109,No fake-proof rule (LOCKED),IMPLEMENTATION,YES,RETAIN_SINGLE_PRIMARY_ROLE_NO_SECONDARY_AUTHORITY
LS-MD-0255,tests/Test_Implementation_Guidance_LOCKED.md,1AE9555072B8E7C55BC77F082E2FB861D50706D2,110,118,Fixture versioning rule,IMPLEMENTATION,YES,RETAIN_SINGLE_PRIMARY_ROLE_NO_SECONDARY_AUTHORITY
LS-MD-0255,tests/Test_Implementation_Guidance_LOCKED.md,1AE9555072B8E7C55BC77F082E2FB861D50706D2,119,127,When to create a new fixture family,IMPLEMENTATION,YES,RETAIN_SINGLE_PRIMARY_ROLE_NO_SECONDARY_AUTHORITY
LS-MD-0255,tests/Test_Implementation_Guidance_LOCKED.md,1AE9555072B8E7C55BC77F082E2FB861D50706D2,128,133,When to reuse an existing fixture family,IMPLEMENTATION,YES,RETAIN_SINGLE_PRIMARY_ROLE_NO_SECONDARY_AUTHORITY
LS-MD-0255,tests/Test_Implementation_Guidance_LOCKED.md,1AE9555072B8E7C55BC77F082E2FB861D50706D2,134,142,Publication-aware test rule,IMPLEMENTATION,YES,RETAIN_SINGLE_PRIMARY_ROLE_NO_SECONDARY_AUTHORITY
LS-MD-0255,tests/Test_Implementation_Guidance_LOCKED.md,1AE9555072B8E7C55BC77F082E2FB861D50706D2,143,145,Hash-aware test rule,IMPLEMENTATION,YES,RETAIN_SINGLE_PRIMARY_ROLE_NO_SECONDARY_AUTHORITY
LS-MD-0255,tests/Test_Implementation_Guidance_LOCKED.md,1AE9555072B8E7C55BC77F082E2FB861D50706D2,146,157,Negative test rule,IMPLEMENTATION,YES,RETAIN_SINGLE_PRIMARY_ROLE_NO_SECONDARY_AUTHORITY
LS-MD-0255,tests/Test_Implementation_Guidance_LOCKED.md,1AE9555072B8E7C55BC77F082E2FB861D50706D2,158,167,Evidence preservation rule,IMPLEMENTATION,YES,RETAIN_SINGLE_PRIMARY_ROLE_NO_SECONDARY_AUTHORITY
LS-MD-0255,tests/Test_Implementation_Guidance_LOCKED.md,1AE9555072B8E7C55BC77F082E2FB861D50706D2,168,175,Cross-contract alignment,IMPLEMENTATION,YES,RETAIN_SINGLE_PRIMARY_ROLE_NO_SECONDARY_AUTHORITY
LS-MD-0255,tests/Test_Implementation_Guidance_LOCKED.md,1AE9555072B8E7C55BC77F082E2FB861D50706D2,176,177,Anti-ambiguity rule (LOCKED),IMPLEMENTATION,YES,RETAIN_SINGLE_PRIMARY_ROLE_NO_SECONDARY_AUTHORITY
