rule_id,active,strategy_stage,rule_class,coverage_requirement,applicability,strategy_owner,source_heading,source_line,rule_text,rule_fingerprint_sha1,verification_build_stage,implementation_ref,test_ref,evidence_ref,residue_state,coverage_status,proof_or_runtime_verdict,open_finding,notes
WS-S02-CLASS-R001,YES,WS-S02,CORE_BEHAVIOR,REFERENCE_ONLY,MANDATORY,authority/strategy/WS_CANDIDATE_CLASSIFICATION.md,Purpose,5,Dokumen ini menetapkan candidate-state classification setelah absolute Weekly Swing eligibility diterapkan. Classification tidak membuat quota recommendation dan tidak menjadi second ranking engine.,4567CB622A545E2D2029C7489A4B90B3779FF6EE,WS-B03,N/A,N/A,N/A,N/A,REFERENCE_ONLY,N/A,,
WS-S02-CLASS-R002,YES,WS-S02,CORE_BEHAVIOR,REFERENCE_ONLY,MANDATORY,authority/strategy/WS_CANDIDATE_CLASSIFICATION.md,Lifecycle Position,9,**Stage:** `WS-S02` — Eligibility and Candidate Classification.,9A4D4BF49E83D349BA20B5CA26A4DA69D3D6BFB6,WS-B03,N/A,N/A,N/A,N/A,REFERENCE_ONLY,N/A,,
WS-S02-CLASS-R003,YES,WS-S02,CORE_BEHAVIOR,REFERENCE_ONLY,MANDATORY,authority/strategy/WS_CANDIDATE_CLASSIFICATION.md,Lifecycle Position,10,**Consumes:** absolute eligibility/setup outcomes from `WS_CANDIDATE_ELIGIBILITY_AND_SETUP.md`.,A576EF61B0FA49E49522AB074CA68B6144F50A7A,WS-B03,N/A,N/A,N/A,N/A,REFERENCE_ONLY,N/A,,
WS-S02-CLASS-R004,YES,WS-S02,CORE_BEHAVIOR,REFERENCE_ONLY,MANDATORY,authority/strategy/WS_CANDIDATE_CLASSIFICATION.md,Lifecycle Position,11,"**Produces:** exactly one state per ticker: `RECOMMENDATION_CANDIDATES`, `WATCH_ONLY`, or `AVOID`.",C5EDEA1A36C3E7A02DAFEFEFAB33657E64149128,WS-B03,N/A,N/A,N/A,N/A,REFERENCE_ONLY,N/A,,
WS-S02-CLASS-R005,YES,WS-S02,CORE_BEHAVIOR,REFERENCE_ONLY,MANDATORY,authority/strategy/WS_CANDIDATE_CLASSIFICATION.md,Lifecycle Position,12,**Next:** only `RECOMMENDATION_CANDIDATES` enter `WS-S03` PLAN scoring.,C31B55C6CD98231359D6B212E727B3DA4552AD6E,WS-B03,N/A,N/A,N/A,N/A,REFERENCE_ONLY,N/A,,
WS-S02-CLASS-R006,YES,WS-S02,CORE_BEHAVIOR,REFERENCE_ONLY,MANDATORY,authority/strategy/WS_CANDIDATE_CLASSIFICATION.md,Qualification and Classification Order,16,Urutan wajib:,8B90A77B8446649D8AB83C48778E33FD58EDBF79,WS-B03,N/A,N/A,N/A,N/A,REFERENCE_ONLY,N/A,,
WS-S02-CLASS-R007,YES,WS-S02,CORE_BEHAVIOR,REQUIRED,MANDATORY,authority/strategy/WS_CANDIDATE_CLASSIFICATION.md,Qualification and Classification Order,18,authoritative data/readiness check;,7A601EBA314367E6451E93E05C3F7FCF6C69B349,WS-B03,TBD,TBD,TBD,NOT_ASSESSED,NOT_ASSESSED,N/A,,
WS-S02-CLASS-R008,YES,WS-S02,CORE_BEHAVIOR,REQUIRED,MANDATORY,authority/strategy/WS_CANDIDATE_CLASSIFICATION.md,Qualification and Classification Order,19,mandatory absolute eligibility/setup/risk gates;,1EE86F3DF687D87E647BABBCA8317A7AD54D7694,WS-B03,TBD,TBD,TBD,NOT_ASSESSED,NOT_ASSESSED,N/A,,
WS-S02-CLASS-R009,YES,WS-S02,CORE_BEHAVIOR,REQUIRED,MANDATORY,authority/strategy/WS_CANDIDATE_CLASSIFICATION.md,Qualification and Classification Order,20,verify complete active features yang diwajibkan candidate/scoring path;,4EB0FCEA52AA49D71B1995485B6B243A782172D4,WS-B03,TBD,TBD,TBD,NOT_ASSESSED,NOT_ASSESSED,N/A,,
WS-S02-CLASS-R010,YES,WS-S02,CORE_BEHAVIOR,REQUIRED,MANDATORY,authority/strategy/WS_CANDIDATE_CLASSIFICATION.md,Qualification and Classification Order,21,deterministic candidate-state classification;,48E8EBEBF0F3181254D919008A74B9A9E77B8EF1,WS-B03,TBD,TBD,TBD,NOT_ASSESSED,NOT_ASSESSED,N/A,,
WS-S02-CLASS-R011,YES,WS-S02,CORE_BEHAVIOR,REQUIRED,MANDATORY,authority/strategy/WS_CANDIDATE_CLASSIFICATION.md,Qualification and Classification Order,22,hanya `RECOMMENDATION_CANDIDATES` diteruskan ke deterministic scoring dan ordering di PLAN.,4E2DE5E76F50A63BA4C8F4EE20BAFE00295EC8D2,WS-B03,TBD,TBD,TBD,NOT_ASSESSED,NOT_ASSESSED,N/A,,
WS-S02-CLASS-R012,YES,WS-S02,CORE_BEHAVIOR,REQUIRED,MANDATORY,authority/strategy/WS_CANDIDATE_CLASSIFICATION.md,Qualification and Classification Order,24,Candidate-state classification terjadi setelah seluruh absolute candidacy requirement lengkap tetapi **mendahului scoring**. Relative ranking tidak boleh membuat ticker yang gagal absolute quality menjadi recommendation candidate hanya karena ticker tersebut lebih baik daripada market yang sedang buruk.,14A432A0388EF2950E2DFF7FBB79F9676FC07530,WS-B03,TBD,TBD,TBD,NOT_ASSESSED,NOT_ASSESSED,N/A,,
WS-S02-CLASS-R013,YES,WS-S02,CORE_BEHAVIOR,REQUIRED,MANDATORY,authority/strategy/WS_CANDIDATE_CLASSIFICATION.md,Candidate-State Semantics,28,`RECOMMENDATION_CANDIDATES` = ticker yang memenuhi seluruh candidate-level hard gate dan boleh dievaluasi oleh final recommendation algorithm;,75B3C7825412D42D7E8C078C30C9EB62E71B31FB,WS-B03,TBD,TBD,TBD,NOT_ASSESSED,NOT_ASSESSED,N/A,,
WS-S02-CLASS-R039,YES,WS-S02,CORE_BEHAVIOR,REQUIRED,MANDATORY,authority/strategy/WS_CANDIDATE_CLASSIFICATION.md,Candidate-State Semantics,29,"`WATCH_ONLY` = ticker yang **tidak mempunyai hard safety/executability disqualifier**, tetapi belum recommendation-eligible karena quality/setup sufficiency belum lulus, required alpha/score feature belum lengkap, atau conditional quality rule aktif belum terpenuhi; ticker ini hanya monitoring/diagnostic dan tidak boleh dipromosikan pada run yang sama;",079FA56AA64C484002B92B5FEE905ECC7F9B6E4C,WS-B03,TBD,TBD,TBD,NOT_ASSESSED,NOT_ASSESSED,N/A,,Added by D-WS-20260819-05 high-trust strategy strengthening.
WS-S02-CLASS-R040,YES,WS-S02,CORE_BEHAVIOR,REQUIRED,MANDATORY,authority/strategy/WS_CANDIDATE_CLASSIFICATION.md,Candidate-State Semantics,30,"`AVOID` = ticker yang mempunyai **hard disqualifying condition** seperti data unusable untuk candidate path, known non-executable/suspended state, hard liquidity/price/risk exclusion, atau explicit active safety/event rule yang melarang new entry.",E9DC6D33F116508699AB9FDE7608E5EEF7C7AFAE,WS-B03,TBD,TBD,TBD,NOT_ASSESSED,NOT_ASSESSED,N/A,,Added by D-WS-20260819-05 high-trust strategy strengthening.
WS-S02-CLASS-R016,YES,WS-S02,CORE_BEHAVIOR,REQUIRED,MANDATORY,authority/strategy/WS_CANDIDATE_CLASSIFICATION.md,Candidate-State Semantics,32,Tidak ada `PRIMARY` atau `SECONDARY` fallback tier pada canonical strategy.,1F56CC127327BFB12163902CD32E6DE202B417D2,WS-B03,TBD,TBD,TBD,NOT_ASSESSED,NOT_ASSESSED,N/A,,
WS-S02-CLASS-R041,YES,WS-S02,CORE_BEHAVIOR,REQUIRED,MANDATORY,authority/strategy/WS_CANDIDATE_CLASSIFICATION.md,WATCH_ONLY vs AVOID Deterministic Boundary,36,Classification wajib mengikuti severity berikut:,1F3F64DE157D3ECEE85749AF8A11A877059E5213,WS-B03,TBD,TBD,TBD,NOT_ASSESSED,NOT_ASSESSED,N/A,,Added by D-WS-20260819-05 high-trust strategy strengthening.
WS-S02-CLASS-R042,YES,WS-S02,CORE_BEHAVIOR,REQUIRED,MANDATORY,authority/strategy/WS_CANDIDATE_CLASSIFICATION.md,WATCH_ONLY vs AVOID Deterministic Boundary,38,bila ada hard safety/data/executability/disqualifying condition → `AVOID`;,F2246856FE7E9AFFEC2E585BEB27273DD881910A,WS-B03,TBD,TBD,TBD,NOT_ASSESSED,NOT_ASSESSED,N/A,,Added by D-WS-20260819-05 high-trust strategy strengthening.
WS-S02-CLASS-R043,YES,WS-S02,CORE_BEHAVIOR,REQUIRED,MANDATORY,authority/strategy/WS_CANDIDATE_CLASSIFICATION.md,WATCH_ONLY vs AVOID Deterministic Boundary,39,bila tidak ada hard disqualifier tetapi recommendation-quality/setup/feature sufficiency belum lengkap → `WATCH_ONLY`;,0C6A557EDC451D3279A67F6894FAF96D59D62149,WS-B03,TBD,TBD,TBD,NOT_ASSESSED,NOT_ASSESSED,N/A,,Added by D-WS-20260819-05 high-trust strategy strengthening.
WS-S02-CLASS-R044,YES,WS-S02,CORE_BEHAVIOR,REQUIRED,MANDATORY,authority/strategy/WS_CANDIDATE_CLASSIFICATION.md,WATCH_ONLY vs AVOID Deterministic Boundary,40,hanya bila seluruh hard gate dan recommendation-candidacy prerequisites lengkap → `RECOMMENDATION_CANDIDATES`.,4B8F247F36CAB4A9AB598EF52EB31EFAD9B3E04E,WS-B03,TBD,TBD,TBD,NOT_ASSESSED,NOT_ASSESSED,N/A,,Added by D-WS-20260819-05 high-trust strategy strengthening.
WS-S02-CLASS-R045,YES,WS-S02,CORE_BEHAVIOR,REQUIRED,MANDATORY,authority/strategy/WS_CANDIDATE_CLASSIFICATION.md,WATCH_ONLY vs AVOID Deterministic Boundary,42,"`WATCH_ONLY` bukan near-buy tier, fallback queue, atau lower-confidence recommendation. `AVOID` bukan prediction bahwa harga pasti turun. Keduanya adalah deterministic eligibility states untuk run tersebut.",B66738E0EDA511215A15C2E28F2CD4FDBA170ACD,WS-B03,TBD,TBD,TBD,NOT_ASSESSED,NOT_ASSESSED,N/A,,Added by D-WS-20260819-05 high-trust strategy strengthening.
WS-S02-CLASS-R017,YES,WS-S02,CORE_BEHAVIOR,REQUIRED,MANDATORY,authority/strategy/WS_CANDIDATE_CLASSIFICATION.md,Count Rule,46,Tidak ada state yang wajib mempunyai minimum non-zero count.,B2E36774715EF85CE9BE7DD1DCB2AC9DA679BF3E,WS-B03,TBD,TBD,TBD,NOT_ASSESSED,NOT_ASSESSED,N/A,,
WS-S02-CLASS-R018,YES,WS-S02,CORE_BEHAVIOR,REFERENCE_ONLY,MANDATORY,authority/strategy/WS_CANDIDATE_CLASSIFICATION.md,Count Rule,48,Strategy harus menerima kondisi:,7DC0269A3B741F53B2C3D3FA4646270D8FB51413,WS-B03,N/A,N/A,N/A,N/A,REFERENCE_ONLY,N/A,,
WS-S02-CLASS-R019,YES,WS-S02,CORE_BEHAVIOR,REQUIRED,MANDATORY,authority/strategy/WS_CANDIDATE_CLASSIFICATION.md,Count Rule,49,recommendation candidate pool kosong;,7C58F81759ABDE98B3439C16AF33AE086275D87A,WS-B03,TBD,TBD,TBD,NOT_ASSESSED,NOT_ASSESSED,N/A,,
WS-S02-CLASS-R020,YES,WS-S02,CORE_BEHAVIOR,REQUIRED,MANDATORY,authority/strategy/WS_CANDIDATE_CLASSIFICATION.md,Count Rule,50,hanya sedikit recommendation candidates tersedia;,C0B732732ACD226C633C99B101CDB306E20398FE,WS-B03,TBD,TBD,TBD,NOT_ASSESSED,NOT_ASSESSED,N/A,,
WS-S02-CLASS-R021,YES,WS-S02,CORE_BEHAVIOR,REQUIRED,MANDATORY,authority/strategy/WS_CANDIDATE_CLASSIFICATION.md,Count Rule,51,WATCH_ONLY/AVOID mendominasi market;,6B6763624B885FC3A3570643C084C5A2C87BFF96,WS-B03,TBD,TBD,TBD,NOT_ASSESSED,NOT_ASSESSED,N/A,,
WS-S02-CLASS-R022,YES,WS-S02,CORE_BEHAVIOR,REQUIRED,MANDATORY,authority/strategy/WS_CANDIDATE_CLASSIFICATION.md,Count Rule,52,final Top Picks kosong.,059EDD6DA11E0EA7BF3AFDFE96D7DB3DA241FB19,WS-B03,TBD,TBD,TBD,NOT_ASSESSED,NOT_ASSESSED,N/A,,
WS-S02-CLASS-R023,YES,WS-S02,CORE_BEHAVIOR,REQUIRED,MANDATORY,authority/strategy/WS_CANDIDATE_CLASSIFICATION.md,Count Rule,54,"Target count, minimum-count override, quantile quota, atau presentation cap tidak boleh memaksa ticker melewati absolute qualification floor.",8B5EDBEFD126362F37CCAE9CC09C002758F491C8,WS-B03,TBD,TBD,TBD,NOT_ASSESSED,NOT_ASSESSED,N/A,,
WS-S02-CLASS-R024,YES,WS-S02,CORE_BEHAVIOR,REFERENCE_ONLY,CONDITIONAL_ACTIVE,authority/strategy/WS_CANDIDATE_CLASSIFICATION.md,Relative Measures,58,"Quantile/percentile boleh dipakai **di dalam versioned score transform** bila diperlukan, tetapi:",3FCCC4833B3603DA53F3C567C63D9C5B97D7BA67,WS-B03,N/A,N/A,N/A,N/A,REFERENCE_ONLY,N/A,,
WS-S02-CLASS-R025,YES,WS-S02,CORE_BEHAVIOR,REQUIRED,MANDATORY,authority/strategy/WS_CANDIDATE_CLASSIFICATION.md,Relative Measures,59,hanya memakai same-date causal universe;,C8CA2BD63DE81D3B78C060D09F21DAF1D03CDA68,WS-B03,TBD,TBD,TBD,NOT_ASSESSED,NOT_ASSESSED,N/A,,
WS-S02-CLASS-R026,YES,WS-S02,CORE_BEHAVIOR,REQUIRED,MANDATORY,authority/strategy/WS_CANDIDATE_CLASSIFICATION.md,Relative Measures,60,tidak menggantikan absolute eligibility/setup floor;,85849829CA789EA68553D4F29E500A560CB77119,WS-B03,TBD,TBD,TBD,NOT_ASSESSED,NOT_ASSESSED,N/A,,
WS-S02-CLASS-R027,YES,WS-S02,CORE_BEHAVIOR,REQUIRED,MANDATORY,authority/strategy/WS_CANDIDATE_CLASSIFICATION.md,Relative Measures,61,tidak menentukan jumlah Top Picks;,34DC6CD99609A8A382D1EC844AF2BAB6C8974B2C,WS-B03,TBD,TBD,TBD,NOT_ASSESSED,NOT_ASSESSED,N/A,,
WS-S02-CLASS-R028,YES,WS-S02,CORE_BEHAVIOR,REQUIRED,MANDATORY,authority/strategy/WS_CANDIDATE_CLASSIFICATION.md,Relative Measures,62,deterministic pada replay.,4C3A3D20DD0A9BB51D76DB80CD543B7E09328AB0,WS-B03,TBD,TBD,TBD,NOT_ASSESSED,NOT_ASSESSED,N/A,,
WS-S02-CLASS-R029,YES,WS-S02,CORE_BEHAVIOR,REQUIRED,MANDATORY,authority/strategy/WS_CANDIDATE_CLASSIFICATION.md,Relationship to PLAN and Recommendation,66,`RECOMMENDATION_CANDIDATES` menentukan ticker yang boleh menerima canonical PLAN score dan menjadi source universe final recommendation.,7840F10E12D4B6252792747993D4028A4BF26AF9,WS-B03,TBD,TBD,TBD,NOT_ASSESSED,NOT_ASSESSED,N/A,,
WS-S02-CLASS-R030,YES,WS-S02,CORE_BEHAVIOR,REQUIRED,MANDATORY,authority/strategy/WS_CANDIDATE_CLASSIFICATION.md,Relationship to PLAN and Recommendation,68,`WATCH_ONLY` dan `AVOID` tidak menerima jalur scoring untuk memperebutkan final Top Picks pada run yang sama.,E0590B326C21E3D259AA3FD81498E1121CEAE3AD,WS-B03,TBD,TBD,TBD,NOT_ASSESSED,NOT_ASSESSED,N/A,,
WS-S02-CLASS-R031,YES,WS-S02,CORE_BEHAVIOR,REQUIRED,MANDATORY,authority/strategy/WS_CANDIDATE_CLASSIFICATION.md,Relationship to PLAN and Recommendation,70,Final Top Picks tetap membutuhkan seluruh final recommendation gates dan absolute recommendation quality floor.,DC1C911B8F5032049CA9F54C700CBF94E9FEC5EA,WS-B03,TBD,TBD,TBD,NOT_ASSESSED,NOT_ASSESSED,N/A,,
WS-S02-CLASS-R032,YES,WS-S02,CORE_BEHAVIOR,REQUIRED,MANDATORY,authority/strategy/WS_CANDIDATE_CLASSIFICATION.md,Final Rules,74,Candidate-state classification terjadi setelah absolute eligibility dan sebelum PLAN scoring.,FDFF19CFF89780F12C39E2D378CB8553050F664C,WS-B03,TBD,TBD,TBD,NOT_ASSESSED,NOT_ASSESSED,N/A,,
WS-S02-CLASS-R033,YES,WS-S02,CORE_BEHAVIOR,REQUIRED,MANDATORY,authority/strategy/WS_CANDIDATE_CLASSIFICATION.md,Final Rules,75,"PLAN classification adalah candidate state, bukan final recommendation.",4F8897DE0AB4BA6FCECBA7A91E148CC460469A9A,WS-B03,TBD,TBD,TBD,NOT_ASSESSED,NOT_ASSESSED,N/A,,
WS-S02-CLASS-R034,YES,WS-S02,CORE_BEHAVIOR,REQUIRED,MANDATORY,authority/strategy/WS_CANDIDATE_CLASSIFICATION.md,Final Rules,76,Hanya `RECOMMENDATION_CANDIDATES` masuk canonical scoring/recommendation path.,E1E467D74CE66FDDD17533171D88AFD8E1B8ED69,WS-B03,TBD,TBD,TBD,NOT_ASSESSED,NOT_ASSESSED,N/A,,
WS-S02-CLASS-R035,YES,WS-S02,CORE_BEHAVIOR,REQUIRED,MANDATORY,authority/strategy/WS_CANDIDATE_CLASSIFICATION.md,Final Rules,77,Tidak ada forced minimum candidate count.,2B0B5BE974A56B55DF021494776B5B034544E9F2,WS-B03,TBD,TBD,TBD,NOT_ASSESSED,NOT_ASSESSED,N/A,,
WS-S02-CLASS-R036,YES,WS-S02,CORE_BEHAVIOR,REQUIRED,MANDATORY,authority/strategy/WS_CANDIDATE_CLASSIFICATION.md,Final Rules,78,Tidak ada PRIMARY/SECONDARY fallback path.,39E0A44BF51F66B267E7E5D3BDBB9645508E9B7B,WS-B03,TBD,TBD,TBD,NOT_ASSESSED,NOT_ASSESSED,N/A,,
WS-S02-CLASS-R037,YES,WS-S02,CORE_BEHAVIOR,REQUIRED,MANDATORY,authority/strategy/WS_CANDIDATE_CLASSIFICATION.md,Final Rules,79,Relative measures tidak boleh menggantikan absolute quality floor.,7E60B0B7F297ED94D579D4BA144384DF03A59887,WS-B03,TBD,TBD,TBD,NOT_ASSESSED,NOT_ASSESSED,N/A,,
WS-S02-CLASS-R038,YES,WS-S02,CORE_BEHAVIOR,REQUIRED,MANDATORY,authority/strategy/WS_CANDIDATE_CLASSIFICATION.md,Final Rules,80,Final Top Picks count boleh nol atau sebanyak candidate yang benar-benar lulus final qualification.,1266C30A191B0EEE9AADED162C02D2FF8D80A2B1,WS-B03,TBD,TBD,TBD,NOT_ASSESSED,NOT_ASSESSED,N/A,,
WS-S02-ELIG-R001,YES,WS-S02,CORE_BEHAVIOR,REFERENCE_ONLY,MANDATORY,authority/strategy/WS_CANDIDATE_ELIGIBILITY_AND_SETUP.md,Purpose,5,"Dokumen ini menetapkan kualitas minimum sebuah saham agar boleh masuk **Weekly Swing recommendation-candidate pool**. Tujuannya bukan memperbanyak kandidat, tetapi memastikan hanya saham dengan data, likuiditas, setup, dan risk profile yang layak yang dapat diteruskan ke final Top Picks qualification.",472E4F089792036918018011C09076F3DD0A09D3,WS-B03,N/A,N/A,N/A,N/A,REFERENCE_ONLY,N/A,,
WS-S02-ELIG-R002,YES,WS-S02,CORE_BEHAVIOR,REFERENCE_ONLY,MANDATORY,authority/strategy/WS_CANDIDATE_ELIGIBILITY_AND_SETUP.md,Lifecycle Position,9,**Stages:** `WS-S01` trusted data readiness and `WS-S02` absolute eligibility.,982E6A94734914E50DE8A894AC512241647016AF,WS-B03,N/A,N/A,N/A,N/A,REFERENCE_ONLY,N/A,,
WS-S02-ELIG-R003,YES,WS-S02,CORE_BEHAVIOR,REFERENCE_ONLY,MANDATORY,authority/strategy/WS_CANDIDATE_ELIGIBILITY_AND_SETUP.md,Lifecycle Position,10,**Consumes:** authoritative same-date point-in-time Market Data.,8A982B04F0CE3D91AC4EDED1E910201D4C81346E,WS-B03,N/A,N/A,N/A,N/A,REFERENCE_ONLY,N/A,,
WS-S02-ELIG-R004,YES,WS-S02,CORE_BEHAVIOR,REFERENCE_ONLY,MANDATORY,authority/strategy/WS_CANDIDATE_ELIGIBILITY_AND_SETUP.md,Lifecycle Position,11,**Produces:** eligibility facts required for deterministic candidate-state assignment.,BCB35B1D012120E9366BF805264C527578A83CC5,WS-B03,N/A,N/A,N/A,N/A,REFERENCE_ONLY,N/A,,
WS-S02-ELIG-R005,YES,WS-S02,CORE_BEHAVIOR,REFERENCE_ONLY,MANDATORY,authority/strategy/WS_CANDIDATE_ELIGIBILITY_AND_SETUP.md,Lifecycle Position,12,**Next:** complete `WS-S02` deterministic candidate-state assignment.,91496F536B923B930322E1D30FCC5700C0921B32,WS-B03,N/A,N/A,N/A,N/A,REFERENCE_ONLY,N/A,,
WS-S01-ELIG-R001,YES,WS-S01,CORE_BEHAVIOR,REQUIRED,MANDATORY,authority/strategy/WS_CANDIDATE_ELIGIBILITY_AND_SETUP.md,A. Authoritative Market Data Requirement,16,"Seluruh intake mengikuti `WS_MARKET_DATA_INPUT_REQUIREMENTS.md`. Untuk new current PLAN, Market Data read product harus `READABLE`, `FRESH`, publication-coherent, dan `effective_trade_date` harus sama dengan requested `asof_eod_date`.",B99F92AC997D3645A9A3C9F25FC7B8E95F73B446,WS-B01,TBD,TBD,TBD,NOT_ASSESSED,NOT_ASSESSED,N/A,,
WS-S01-ELIG-R002,YES,WS-S01,CORE_BEHAVIOR,REFERENCE_ONLY,MANDATORY,authority/strategy/WS_CANDIDATE_ELIGIBILITY_AND_SETUP.md,A. Authoritative Market Data Requirement,18,"Per ticker, `data_usable=true` adalah prerequisite upstream, bukan strategy approval. Candidate harus fail-closed dari recommendation-candidate pool bila:",5155D29AE853C98CEB196C041AE84F8F7D09DEC0,WS-B01,N/A,N/A,N/A,N/A,REFERENCE_ONLY,N/A,,
WS-S01-ELIG-R003,YES,WS-S01,CORE_BEHAVIOR,REQUIRED,MANDATORY,authority/strategy/WS_CANDIDATE_ELIGIBILITY_AND_SETUP.md,A. Authoritative Market Data Requirement,19,producer-facing read product/run-level binding tidak sah untuk current PLAN;,B3ABCD5FD13C070FA54C20BD566608EEBAD1D7C8,WS-B01,TBD,TBD,TBD,NOT_ASSESSED,NOT_ASSESSED,N/A,,
WS-S01-ELIG-R004,YES,WS-S01,CORE_BEHAVIOR,REQUIRED,MANDATORY,authority/strategy/WS_CANDIDATE_ELIGIBILITY_AND_SETUP.md,A. Authoritative Market Data Requirement,20,`data_usable=false`;,B3E309220F6B033FA880B5B2ADE35DCA3041018D,WS-B01,TBD,TBD,TBD,NOT_ASSESSED,NOT_ASSESSED,N/A,,
WS-S01-ELIG-R005,YES,WS-S01,CORE_BEHAVIOR,REQUIRED,MANDATORY,authority/strategy/WS_CANDIDATE_ELIGIBILITY_AND_SETUP.md,A. Authoritative Market Data Requirement,21,"field yang dipakai active hard gate, active score component, atau trade-plan derivation hilang/invalid;",CC6A8CED5F81529E3F06821C066D2763F34AE4D1,WS-B01,TBD,TBD,TBD,NOT_ASSESSED,NOT_ASSESSED,N/A,,
WS-S01-ELIG-R006,YES,WS-S01,CORE_BEHAVIOR,REQUIRED,MANDATORY,authority/strategy/WS_CANDIDATE_ELIGIBILITY_AND_SETUP.md,A. Authoritative Market Data Requirement,22,temporal market facts yang diketahui menunjukkan normal Regular-Market entry tidak dapat dilakukan; atau,0E5E4D2977BF063BE6C232936D1DDD31E6FF11A3,WS-B01,TBD,TBD,TBD,NOT_ASSESSED,NOT_ASSESSED,N/A,,
WS-S01-ELIG-R007,YES,WS-S01,CORE_BEHAVIOR,REQUIRED,MANDATORY,authority/strategy/WS_CANDIDATE_ELIGIBILITY_AND_SETUP.md,A. Authoritative Market Data Requirement,23,active Weekly Swing rule secara eksplisit memetakan factual status/event context menjadi disqualifying state.,A9C66FCBE68E46C7E165719302FB407247EF7E9B,WS-B01,TBD,TBD,TBD,NOT_ASSESSED,NOT_ASSESSED,N/A,,
WS-S01-ELIG-R008,YES,WS-S01,CORE_BEHAVIOR,REQUIRED,MANDATORY,authority/strategy/WS_CANDIDATE_ELIGIBILITY_AND_SETUP.md,A. Authoritative Market Data Requirement,25,Known `is_suspended=true` atau status lain yang secara faktual mencegah normal Regular-Market entry harus berakhir `AVOID`. UMA/event-risk/corporate-action flags yang tidak dengan sendirinya memblokir Market Data usability tetap merupakan fakta; efeknya pada WATCH_ONLY/AVOID hanya boleh datang dari active Weekly Swing rule.,1CFA33B2969F93FFCE98142F5FF08E1CA0E075C2,WS-B01,TBD,TBD,TBD,NOT_ASSESSED,NOT_ASSESSED,N/A,,
WS-S01-ELIG-R009,YES,WS-S01,CORE_BEHAVIOR,REQUIRED,MANDATORY,authority/strategy/WS_CANDIDATE_ELIGIBILITY_AND_SETUP.md,A. Authoritative Market Data Requirement,27,"Watchlist tidak boleh menebak, zero-fill, mengisi synthetic value, menghitung ulang indikator/adjustment/status/sector, atau membaca producer internals untuk menyelamatkan candidate.",400DA2BBB08CF925589CAAE4B666038DE947C23C,WS-B01,TBD,TBD,TBD,NOT_ASSESSED,NOT_ASSESSED,N/A,,
WS-S02-ELIG-R006,YES,WS-S02,CORE_BEHAVIOR,REQUIRED,MANDATORY,authority/strategy/WS_CANDIDATE_ELIGIBILITY_AND_SETUP.md,B. Weekly Swing Eligibility Dimensions,31,Recommendation-candidate harus melewati seluruh active hard gate pada dimensi berikut.,380DBD91AAB79FE4DB64279B511E0588B2261C9B,WS-B03,TBD,TBD,TBD,NOT_ASSESSED,NOT_ASSESSED,N/A,,
WS-S02-ELIG-R007,YES,WS-S02,CORE_BEHAVIOR,REQUIRED,MANDATORY,authority/strategy/WS_CANDIDATE_ELIGIBILITY_AND_SETUP.md,1. Liquidity / Executability,35,Candidate harus mempunyai likuiditas yang memadai agar next-open entry dan exit Weekly Swing realistis untuk dieksekusi.,BCA646D3FADAB9671F7B6DD0270A6D3740DD58AA,WS-B03,TBD,TBD,TBD,NOT_ASSESSED,NOT_ASSESSED,N/A,,
WS-S02-ELIG-R008,YES,WS-S02,CORE_BEHAVIOR,REQUIRED,MANDATORY,authority/strategy/WS_CANDIDATE_ELIGIBILITY_AND_SETUP.md,1. Liquidity / Executability,37,Canonical bootstrap liquidity measure adalah Market Data `adv20_close_volume_proxy_idr`. Legacy `dv20_idr` hanya boleh dibaca sebagai compatibility alias untuk proxy yang sama dan tidak boleh disebut actual turnover. Beralih ke `adv20_traded_value_idr_actual` sebagai selection metric adalah strategy/proof identity baru. Absolute floor diterapkan sebelum relative ranking.,D387BFE35A801795C49BB901A0625C1730B246D6,WS-B03,TBD,TBD,TBD,NOT_ASSESSED,NOT_ASSESSED,N/A,,
WS-S02-ELIG-R049,YES,WS-S02,CORE_BEHAVIOR,REQUIRED,MANDATORY,authority/strategy/WS_CANDIDATE_ELIGIBILITY_AND_SETUP.md,1A. Product Capacity / Reference Notional,41,"Selain absolute liquidity floor, active strategy identity harus membekukan **product-level execution capacity parameters** sebelum outcome dibaca:",7A10B1160819387595828CE26D07B457E8B9D990,WS-B03,TBD,TBD,TBD,NOT_ASSESSED,NOT_ASSESSED,N/A,,Added by D-WS-20260819-05 high-trust strategy strengthening.
WS-S02-ELIG-R050,YES,WS-S02,CORE_BEHAVIOR,REQUIRED,MANDATORY,authority/strategy/WS_CANDIDATE_ELIGIBILITY_AND_SETUP.md,1A. Product Capacity / Reference Notional,43,`reference_order_notional_idr` — standardized proof notional per Top Pick;,AA89885E9EBAD2BB7E7604E6E92242ABAA01E136,WS-B03,TBD,TBD,TBD,NOT_ASSESSED,NOT_ASSESSED,N/A,,Added by D-WS-20260819-05 high-trust strategy strengthening.
WS-S02-ELIG-R051,YES,WS-S02,CORE_BEHAVIOR,REQUIRED,MANDATORY,authority/strategy/WS_CANDIDATE_ELIGIBILITY_AND_SETUP.md,1A. Product Capacity / Reference Notional,44,`max_adv20_participation_rate` — maximum allowed fraction of canonical ADV20 liquidity proxy for that reference order;,89CAC3FAC705A162E26A1A3F9C82B4D535F93F8A,WS-B03,TBD,TBD,TBD,NOT_ASSESSED,NOT_ASSESSED,N/A,,Added by D-WS-20260819-05 high-trust strategy strengthening.
WS-S02-ELIG-R052,YES,WS-S02,CORE_BEHAVIOR,REQUIRED,MANDATORY,authority/strategy/WS_CANDIDATE_ELIGIBILITY_AND_SETUP.md,1A. Product Capacity / Reference Notional,45,lot/tick feasibility rule yang menggunakan effective-dated market-structure facts.,E2164853667FAA5C683FE26DADF312A6B26CB1A7,WS-B03,TBD,TBD,TBD,NOT_ASSESSED,NOT_ASSESSED,N/A,,Added by D-WS-20260819-05 high-trust strategy strengthening.
WS-S02-ELIG-R053,YES,WS-S02,CORE_BEHAVIOR,REQUIRED,MANDATORY,authority/strategy/WS_CANDIDATE_ELIGIBILITY_AND_SETUP.md,1A. Product Capacity / Reference Notional,47,"Reference notional adalah product proof parameter, bukan modal pengguna dan tidak boleh mengubah ranking berdasarkan affordability individual. Candidate yang tidak mampu mendukung reference notional di bawah frozen participation cap tidak boleh menjadi recommendation candidate untuk identity tersebut.",B75E3FEE0A18553B31B982C547270D8D628DC117,WS-B03,TBD,TBD,TBD,NOT_ASSESSED,NOT_ASSESSED,N/A,,Added by D-WS-20260819-05 high-trust strategy strengthening.
WS-S02-ELIG-R054,YES,WS-S02,CORE_BEHAVIOR,REQUIRED,MANDATORY,authority/strategy/WS_CANDIDATE_ELIGIBILITY_AND_SETUP.md,1A. Product Capacity / Reference Notional,49,Production evidence juga harus melaporkan `supported_notional_per_pick` / capacity headroom agar consumer memahami skala eksekusi yang masih konsisten dengan tested liquidity assumption.,DB5BA3FB86A2227EC9B640EBBDA62E40DB759A64,WS-B03,TBD,TBD,TBD,NOT_ASSESSED,NOT_ASSESSED,N/A,,Added by D-WS-20260819-05 high-trust strategy strengthening.
WS-S02-ELIG-R009,YES,WS-S02,CORE_BEHAVIOR,REQUIRED,CONDITIONAL_ACTIVE,authority/strategy/WS_CANDIDATE_ELIGIBILITY_AND_SETUP.md,2. Participation / Volume Quality,53,Candidate harus mempunyai participation/volume behavior yang cukup untuk mendukung setup Weekly Swing. Baseline producer semantic adalah `vol_ratio_20`; serialization alias lama hanya boleh dipetakan bila producer contract/version membuktikan formula yang sama.,7F3C34C570719656FE9622E32075980968BBDDCB,WS-B03,TBD,TBD,TBD,NOT_ASSESSED,NOT_ASSESSED,N/A,,
WS-S02-ELIG-R010,YES,WS-S02,CORE_BEHAVIOR,REQUIRED,CONDITIONAL_ACTIVE,authority/strategy/WS_CANDIDATE_ELIGIBILITY_AND_SETUP.md,2. Participation / Volume Quality,55,"Volume confirmation adalah kualitas signal, bukan alasan untuk mengejar anomaly ekstrem. Bila upper-bound digunakan untuk menghindari abnormal participation, bound harus preregistered dan dibuktikan pada evaluation identity yang sama.",A83D914E08C84707DB932B1D12BD6CFE1C4F6A4A,WS-B03,TBD,TBD,TBD,NOT_ASSESSED,NOT_ASSESSED,N/A,,
WS-S02-ELIG-R011,YES,WS-S02,CORE_BEHAVIOR,REQUIRED,MANDATORY,authority/strategy/WS_CANDIDATE_ELIGIBILITY_AND_SETUP.md,3. Volatility / Risk Quality,59,Candidate harus berada pada volatility range yang masih kompatibel dengan holding horizon maksimum 5 trading day dan active exit/risk policy. Baseline producer risk metric adalah `atr14_pct`.,96639D980AD8E401502E6102C6A04FADADCA93D2,WS-B03,TBD,TBD,TBD,NOT_ASSESSED,NOT_ASSESSED,N/A,,
WS-S02-ELIG-R012,YES,WS-S02,CORE_BEHAVIOR,REQUIRED,MANDATORY,authority/strategy/WS_CANDIDATE_ELIGIBILITY_AND_SETUP.md,3. Volatility / Risk Quality,61,Volatility yang terlalu rendah atau terlalu tinggi dapat ditolak melalui versioned absolute guard. Risk quality harus semakin baik ketika karakteristik candidate semakin sesuai dengan desired Weekly Swing risk band; raw volatility yang lebih tinggi tidak otomatis berarti score lebih tinggi.,AAF2557455BD6237312CF1BE32F56C868704F9A2,WS-B03,TBD,TBD,TBD,NOT_ASSESSED,NOT_ASSESSED,N/A,,
WS-S02-ELIG-R013,YES,WS-S02,CORE_BEHAVIOR,REQUIRED,CONDITIONAL_ACTIVE,authority/strategy/WS_CANDIDATE_ELIGIBILITY_AND_SETUP.md,4. Momentum Persistence,65,"Candidate harus menunjukkan momentum yang cukup kuat untuk mendukung continuation dalam horizon Weekly Swing, tetapi strategy boleh membatasi kondisi yang terlalu lemah maupun terlalu extended. Baseline momentum metric adalah producer `roc20`; `roc5`/`roc10` menjadi required hanya bila frozen strategy identity memakainya.",2CBD9BCD8C82F8B5BC44F3C81589E4A587857DF6,WS-B03,TBD,TBD,TBD,NOT_ASSESSED,NOT_ASSESSED,N/A,,
WS-S02-ELIG-R014,YES,WS-S02,CORE_BEHAVIOR,REQUIRED,MANDATORY,authority/strategy/WS_CANDIDATE_ELIGIBILITY_AND_SETUP.md,4. Momentum Persistence,67,Exact momentum measure dan bounds adalah bagian dari active strategy/paramset identity dan harus dibekukan sebelum outcome evaluation dibaca.,8BC2783D603B16AB963F881973A746326A3057E6,WS-B03,TBD,TBD,TBD,NOT_ASSESSED,NOT_ASSESSED,N/A,,
WS-S02-ELIG-R015,YES,WS-S02,CORE_BEHAVIOR,REQUIRED,CONDITIONAL_ACTIVE,authority/strategy/WS_CANDIDATE_ELIGIBILITY_AND_SETUP.md,5. Breakout / Setup Integrity,71,"Candidate harus mempunyai setup yang cukup dekat atau cukup kuat terhadap canonical breakout/reference structure sehingga recommendation tidak berasal dari saham yang sudah kehilangan setup atau terlalu jauh dari intended entry context. Baseline breakout proximity adalah producer `close_to_hh20_pct`; `hh20`, `range_position_20_pct`, atau field range lain menjadi required hanya bila active identity memakainya.",CB11F13F5D84EECB4405DE8A7530EE5B153BF1E0,WS-B03,TBD,TBD,TBD,NOT_ASSESSED,NOT_ASSESSED,N/A,,
WS-S02-ELIG-R016,YES,WS-S02,CORE_BEHAVIOR,REQUIRED,MANDATORY,authority/strategy/WS_CANDIDATE_ELIGIBILITY_AND_SETUP.md,5. Breakout / Setup Integrity,73,"Exact setup measure, trigger mode, proximity/integrity floor, dan maximum extension adalah versioned strategy parameters.",48D857772D2B1D11E2CEE4FCD257D4B55C0EF52D,WS-B03,TBD,TBD,TBD,NOT_ASSESSED,NOT_ASSESSED,N/A,,
WS-S02-ELIG-R017,YES,WS-S02,CORE_BEHAVIOR,REQUIRED,CONDITIONAL_ACTIVE,authority/strategy/WS_CANDIDATE_ELIGIBILITY_AND_SETUP.md,6. Market-Regime Compatibility,77,Market regime boleh menjadi hard gate atau explicit score context bila preregistered. Regime hanya boleh menggunakan informasi yang sudah tersedia pada signal date dan tidak boleh ditentukan dari future path.,9B54EEDE3F421AAA64FEAFAB0F9A95C9E08F5308,WS-B03,TBD,TBD,TBD,NOT_ASSESSED,NOT_ASSESSED,N/A,,
WS-S02-ELIG-R018,YES,WS-S02,CORE_BEHAVIOR,REQUIRED,MANDATORY,authority/strategy/WS_CANDIDATE_ELIGIBILITY_AND_SETUP.md,6. Market-Regime Compatibility,79,Baseline real-use strategy tidak boleh mengubah regime rule setelah melihat OOS/shadow outcome tanpa proof identity baru.,5B246245B84BEA2507B3302E19422775C33B1E55,WS-B03,TBD,TBD,TBD,NOT_ASSESSED,NOT_ASSESSED,N/A,,
WS-S02-ELIG-R019,YES,WS-S02,CORE_BEHAVIOR,REQUIRED,MANDATORY,authority/strategy/WS_CANDIDATE_ELIGIBILITY_AND_SETUP.md,C. Required Active Features,83,Semua feature yang benar-benar dipakai oleh active hard gate atau active score formula adalah **required for recommendation candidacy**.,996594986843FA1F4CB5AA3E8EADD978F2990493,WS-B03,TBD,TBD,TBD,NOT_ASSESSED,NOT_ASSESSED,N/A,,
WS-S02-ELIG-R020,YES,WS-S02,CORE_BEHAVIOR,REFERENCE_ONLY,CONDITIONAL_ACTIVE,authority/strategy/WS_CANDIDATE_ELIGIBILITY_AND_SETUP.md,C. Required Active Features,85,Jika salah satu required active feature missing/invalid:,6EB3756A00C26120FAAEA29C1633E8BE3958E808,WS-B03,N/A,N/A,N/A,N/A,REFERENCE_ONLY,N/A,,
WS-S02-ELIG-R021,YES,WS-S02,CORE_BEHAVIOR,REQUIRED,MANDATORY,authority/strategy/WS_CANDIDATE_ELIGIBILITY_AND_SETUP.md,C. Required Active Features,86,ticker tidak boleh memperoleh synthetic neutral/zero score untuk tetap recommendation-eligible;,7494F51505229786E901C9F0C6A8B4AD83F13692,WS-B03,TBD,TBD,TBD,NOT_ASSESSED,NOT_ASSESSED,N/A,,
WS-S02-ELIG-R022,YES,WS-S02,CORE_BEHAVIOR,REQUIRED,MANDATORY,authority/strategy/WS_CANDIDATE_ELIGIBILITY_AND_SETUP.md,C. Required Active Features,87,ticker dapat tetap dicatat sebagai diagnostic/watch-only item;,336B656915ED1997C2A8B11A4098F5021FE4EED2,WS-B03,TBD,TBD,TBD,NOT_ASSESSED,NOT_ASSESSED,N/A,,
WS-S02-ELIG-R023,YES,WS-S02,CORE_BEHAVIOR,REQUIRED,MANDATORY,authority/strategy/WS_CANDIDATE_ELIGIBILITY_AND_SETUP.md,C. Required Active Features,88,ticker tidak dapat menjadi final Top Pick pada run tersebut.,BC95B6E0D61D752C3B6093056736BD1193C1D750,WS-B03,TBD,TBD,TBD,NOT_ASSESSED,NOT_ASSESSED,N/A,,
WS-S02-ELIG-R024,YES,WS-S02,CORE_BEHAVIOR,REQUIRED,MANDATORY,authority/strategy/WS_CANDIDATE_ELIGIBILITY_AND_SETUP.md,C. Required Active Features,90,Aturan ini menjaga agar ranking membandingkan candidate dengan informasi kualitas yang setara.,FD7FF12A48EEFD4D1157A73DE74FE0C192184DA5,WS-B03,TBD,TBD,TBD,NOT_ASSESSED,NOT_ASSESSED,N/A,,
WS-S02-ELIG-R025,YES,WS-S02,CORE_BEHAVIOR,REQUIRED,MANDATORY,authority/strategy/WS_CANDIDATE_ELIGIBILITY_AND_SETUP.md,D. Absolute Quality Before Relative Ranking,94,"Absolute eligibility/setup floor selalu diterapkan sebelum quantile, percentile, atau relative ordering.",C61622C7F07A31CFBEAB4B9265D87E143DC33575,WS-B03,TBD,TBD,TBD,NOT_ASSESSED,NOT_ASSESSED,N/A,,
WS-S02-ELIG-R026,YES,WS-S02,CORE_BEHAVIOR,REQUIRED,MANDATORY,authority/strategy/WS_CANDIDATE_ELIGIBILITY_AND_SETUP.md,D. Absolute Quality Before Relative Ranking,96,Relative ranking tidak boleh mengubah saham yang gagal absolute quality menjadi recommendation candidate hanya karena seluruh market sedang lebih buruk.,2E7B12AF49B71850E7B9EEB714B3FD929591F9D9,WS-B03,TBD,TBD,TBD,NOT_ASSESSED,NOT_ASSESSED,N/A,,
WS-S02-ELIG-R027,YES,WS-S02,CORE_BEHAVIOR,REFERENCE_ONLY,MANDATORY,authority/strategy/WS_CANDIDATE_ELIGIBILITY_AND_SETUP.md,E. Anti-Overfit Boundary,100,Canonical candidate selection tidak boleh memakai:,B5835069963657ACD48C85B675910D284F6FF9EE,WS-B03,N/A,N/A,N/A,N/A,REFERENCE_ONLY,N/A,,
WS-S02-ELIG-R028,YES,WS-S02,CORE_BEHAVIOR,REQUIRED,MANDATORY,authority/strategy/WS_CANDIDATE_ELIGIBILITY_AND_SETUP.md,E. Anti-Overfit Boundary,101,realized future return;,0C1C8B7A453B95EBB71B1AAD7DE7C8C6EDCA37EF,WS-B03,TBD,TBD,TBD,NOT_ASSESSED,NOT_ASSESSED,N/A,,
WS-S02-ELIG-R029,YES,WS-S02,CORE_BEHAVIOR,REQUIRED,MANDATORY,authority/strategy/WS_CANDIDATE_ELIGIBILITY_AND_SETUP.md,E. Anti-Overfit Boundary,102,OOS/shadow outcome untuk mengubah rule yang sedang diuji;,40FDCAAB7B18962749A3A766068C3E04A1A14C1B,WS-B03,TBD,TBD,TBD,NOT_ASSESSED,NOT_ASSESSED,N/A,,
WS-S02-ELIG-R030,YES,WS-S02,CORE_BEHAVIOR,REQUIRED,MANDATORY,authority/strategy/WS_CANDIDATE_ELIGIBILITY_AND_SETUP.md,E. Anti-Overfit Boundary,103,"post-hoc ticker, sector, atau month blacklist yang dipilih karena outcome buruk;",2C72661C4D661E0B26697AB5A92A0D8859E4C39B,WS-B03,TBD,TBD,TBD,NOT_ASSESSED,NOT_ASSESSED,N/A,,
WS-S02-ELIG-R031,YES,WS-S02,CORE_BEHAVIOR,REQUIRED,MANDATORY,authority/strategy/WS_CANDIDATE_ELIGIBILITY_AND_SETUP.md,E. Anti-Overfit Boundary,104,future corporate-action/status/sector knowledge;,2A1E27FEAA433F0B4DFE4AF935E930EA8E237199,WS-B03,TBD,TBD,TBD,NOT_ASSESSED,NOT_ASSESSED,N/A,,
WS-S02-ELIG-R032,YES,WS-S02,CORE_BEHAVIOR,REQUIRED,MANDATORY,authority/strategy/WS_CANDIDATE_ELIGIBILITY_AND_SETUP.md,E. Anti-Overfit Boundary,105,target jumlah candidate sebagai alasan melonggarkan guard.,9EB712D4D40ECAD790A8E546130A020114A80577,WS-B03,TBD,TBD,TBD,NOT_ASSESSED,NOT_ASSESSED,N/A,,
WS-S02-ELIG-R033,YES,WS-S02,CORE_BEHAVIOR,REQUIRED,CONDITIONAL_ACTIVE,authority/strategy/WS_CANDIDATE_ELIGIBILITY_AND_SETUP.md,E. Anti-Overfit Boundary,107,"Pre-trade exclusion yang mempunyai alasan operasional/market-fact yang sah hanya boleh dipakai bila rule tersebut explicit, causal, versioned, dan dievaluasi dengan identity yang sama.",A4D4FD621B43DD6F6B1DAF38426DEE8DDF246DB1,WS-B03,TBD,TBD,TBD,NOT_ASSESSED,NOT_ASSESSED,N/A,,
WS-S02-ELIG-R034,YES,WS-S02,CORE_BEHAVIOR,REQUIRED,MANDATORY,authority/strategy/WS_CANDIDATE_ELIGIBILITY_AND_SETUP.md,F. Eligibility Outcome Handoff,111,"Setelah seluruh hard gate dan required-feature checks diterapkan, eligibility menghasilkan fakta yang cukup untuk deterministic `WS-S02` candidate-state classification.",879609A1098B29679F68EFA04ED8ADBD0EC66E21,WS-B03,TBD,TBD,TBD,NOT_ASSESSED,NOT_ASSESSED,N/A,,
WS-S02-ELIG-R035,YES,WS-S02,CORE_BEHAVIOR,REFERENCE_ONLY,MANDATORY,authority/strategy/WS_CANDIDATE_ELIGIBILITY_AND_SETUP.md,F. Eligibility Outcome Handoff,113,Handoff invariants:,3FF9B5F0DBCAAB4B3E5A78A26DD5FB2963FF5C28,WS-B03,N/A,N/A,N/A,N/A,REFERENCE_ONLY,N/A,,
WS-S02-ELIG-R036,YES,WS-S02,CORE_BEHAVIOR,REQUIRED,MANDATORY,authority/strategy/WS_CANDIDATE_ELIGIBILITY_AND_SETUP.md,F. Eligibility Outcome Handoff,114,ticker yang memenuhi seluruh recommendation-candidacy requirement dapat diteruskan sebagai `RECOMMENDATION_CANDIDATES`;,555A6D341D358A0D6DD31AC2EFCB315F0BFEF027,WS-B03,TBD,TBD,TBD,NOT_ASSESSED,NOT_ASSESSED,N/A,,
WS-S02-ELIG-R037,YES,WS-S02,CORE_BEHAVIOR,REQUIRED,MANDATORY,authority/strategy/WS_CANDIDATE_ELIGIBILITY_AND_SETUP.md,F. Eligibility Outcome Handoff,115,ticker yang gagal recommendation candidacy tidak boleh menerima relative-rank rescue;,F75C353678D7B7C38B2AEF7D342F148E9978A6C3,WS-B03,TBD,TBD,TBD,NOT_ASSESSED,NOT_ASSESSED,N/A,,
WS-S02-ELIG-R038,YES,WS-S02,CORE_BEHAVIOR,REQUIRED,MANDATORY,authority/strategy/WS_CANDIDATE_ELIGIBILITY_AND_SETUP.md,F. Eligibility Outcome Handoff,116,non-candidate outcome hanya dapat berakhir sebagai `WATCH_ONLY` atau `AVOID`;,F5FF62D34B46FFE91F19F98518FCBC879FBFA002,WS-B03,TBD,TBD,TBD,NOT_ASSESSED,NOT_ASSESSED,N/A,,
WS-S02-ELIG-R039,YES,WS-S02,CORE_BEHAVIOR,REQUIRED,MANDATORY,authority/strategy/WS_CANDIDATE_ELIGIBILITY_AND_SETUP.md,F. Eligibility Outcome Handoff,117,tidak ada PRIMARY/SECONDARY fallback dan tidak ada forced minimum candidate count.,6E06A450A0EA8024EB8265934F1ABD3866B2DF6C,WS-B03,TBD,TBD,TBD,NOT_ASSESSED,NOT_ASSESSED,N/A,,
WS-S02-ELIG-R040,YES,WS-S02,CORE_BEHAVIOR,REQUIRED,MANDATORY,authority/strategy/WS_CANDIDATE_ELIGIBILITY_AND_SETUP.md,F. Eligibility Outcome Handoff,119,Exact state assignment semantics tetap harus konsisten pada seluruh run dan replay.,38E8EE3094BD01BE2D7E02D360AE0B32B343ADF2,WS-B03,TBD,TBD,TBD,NOT_ASSESSED,NOT_ASSESSED,N/A,,
WS-S02-ELIG-R041,YES,WS-S02,CORE_BEHAVIOR,REQUIRED,CONDITIONAL_ACTIVE,authority/strategy/WS_CANDIDATE_ELIGIBILITY_AND_SETUP.md,G. Empty Opportunity Set,123,"Jika tidak ada ticker yang memenuhi recommendation-candidate eligibility, hasil yang benar adalah candidate pool kosong dan final **NO QUALIFIED TOP PICKS**.",E71CE576DFF223AE09BE5CAF9AD2C2052CDD2938,WS-B03,TBD,TBD,TBD,NOT_ASSESSED,NOT_ASSESSED,N/A,,
WS-S02-ELIG-R042,YES,WS-S02,CORE_BEHAVIOR,REQUIRED,MANDATORY,authority/strategy/WS_CANDIDATE_ELIGIBILITY_AND_SETUP.md,G. Empty Opportunity Set,125,"Breadth/count market boleh dilaporkan sebagai context, tetapi jumlah candidate yang sedikit tidak boleh otomatis membatalkan candidate berkualitas atau memaksa candidate tambahan kecuali market-breadth gate itu sendiri telah menjadi explicit, evidence-backed canonical strategy rule.",F36AFF469A92DFF951ABA1C8E6B1486467FB7733,WS-B03,TBD,TBD,TBD,NOT_ASSESSED,NOT_ASSESSED,N/A,,
WS-S02-ELIG-R043,YES,WS-S02,CORE_BEHAVIOR,REQUIRED,MANDATORY,authority/strategy/WS_CANDIDATE_ELIGIBILITY_AND_SETUP.md,Final Rules,129,Recommendation candidacy membutuhkan complete active feature set dan seluruh hard gate lulus.,0EB02BFE8F2FFDB9F99020C625762B10722A9F13,WS-B03,TBD,TBD,TBD,NOT_ASSESSED,NOT_ASSESSED,N/A,,
WS-S02-ELIG-R044,YES,WS-S02,CORE_BEHAVIOR,REQUIRED,MANDATORY,authority/strategy/WS_CANDIDATE_ELIGIBILITY_AND_SETUP.md,Final Rules,130,Absolute quality selalu mendahului relative ranking.,E4B40A255B99A9B5896C28DD074218DADBED5491,WS-B03,TBD,TBD,TBD,NOT_ASSESSED,NOT_ASSESSED,N/A,,
WS-S02-ELIG-R045,YES,WS-S02,CORE_BEHAVIOR,REQUIRED,MANDATORY,authority/strategy/WS_CANDIDATE_ELIGIBILITY_AND_SETUP.md,Final Rules,131,Threshold numeric adalah versioned strategy identity dan tidak dituning dari OOS/shadow.,54920C444E7ED3877C2F52B8963E6248F5D39B1D,WS-B03,TBD,TBD,TBD,NOT_ASSESSED,NOT_ASSESSED,N/A,,
WS-S02-ELIG-R046,YES,WS-S02,CORE_BEHAVIOR,REQUIRED,MANDATORY,authority/strategy/WS_CANDIDATE_ELIGIBILITY_AND_SETUP.md,Final Rules,132,Candidate count tidak menjadi optimization objective.,041C3776F96E6E394411CCD87D36BF66A496FB72,WS-B03,TBD,TBD,TBD,NOT_ASSESSED,NOT_ASSESSED,N/A,,
WS-S02-ELIG-R047,YES,WS-S02,CORE_BEHAVIOR,REQUIRED,MANDATORY,authority/strategy/WS_CANDIDATE_ELIGIBILITY_AND_SETUP.md,Final Rules,133,"PLAN candidate state hanya `RECOMMENDATION_CANDIDATES`, `WATCH_ONLY`, atau `AVOID`.",7411A589F27BD06A43656A9467EAA4300767EDF0,WS-B03,TBD,TBD,TBD,NOT_ASSESSED,NOT_ASSESSED,N/A,,
WS-S02-ELIG-R048,YES,WS-S02,CORE_BEHAVIOR,REQUIRED,MANDATORY,authority/strategy/WS_CANDIDATE_ELIGIBILITY_AND_SETUP.md,Final Rules,134,Missing active scoring/qualification feature fail-closed untuk final recommendation path.,DEED73B8D0B5AC33FD1FBC2EE8339C67BF803B1D,WS-B03,TBD,TBD,TBD,NOT_ASSESSED,NOT_ASSESSED,N/A,,
WS-S05-CONF-R001,YES,WS-S05,OPTIONAL_CAPABILITY,REFERENCE_ONLY,OPTIONAL_CAPABILITY,authority/strategy/WS_D1_CONFIRM_ACTIONABILITY.md,Purpose,5,"CONFIRM adalah **optional non-blocking capability** untuk menilai current actionability dari final Weekly Swing Top Picks ketika pengguna hendak mempertimbangkan entry. CONFIRM bukan selection engine, bukan sumber recommendation baru, dan bukan prerequisite penyelesaian core Weekly Swing.",E67A4ADFF3041E67B2F2F461F6C2CB8F19A9AB19,WS-B07,N/A,N/A,N/A,N/A,REFERENCE_ONLY,N/A,,
WS-S05-CONF-R002,YES,WS-S05,OPTIONAL_CAPABILITY,REFERENCE_ONLY,OPTIONAL_CAPABILITY,authority/strategy/WS_D1_CONFIRM_ACTIONABILITY.md,Lifecycle Position,9,**Stage:** `WS-S05` — Optional D+1 CONFIRM Actionability.,4381171DC216A58D1581A1B99258A1667F184854,WS-B07,N/A,N/A,N/A,N/A,REFERENCE_ONLY,N/A,,
WS-S05-CONF-R003,YES,WS-S05,OPTIONAL_CAPABILITY,REFERENCE_ONLY,OPTIONAL_CAPABILITY,authority/strategy/WS_D1_CONFIRM_ACTIONABILITY.md,Lifecycle Position,10,**Branch point:** setelah final Top Picks `WS-S04` tersedia.,D82746A7B92580B4C3D522F353C8FBA567708FFC,WS-B07,N/A,N/A,N/A,N/A,REFERENCE_ONLY,N/A,,
WS-S05-CONF-R004,YES,WS-S05,OPTIONAL_CAPABILITY,REFERENCE_ONLY,OPTIONAL_CAPABILITY,authority/strategy/WS_D1_CONFIRM_ACTIONABILITY.md,Lifecycle Position,11,**Consumes:** final Top Pick dan decision-time snapshot **bila tersedia** dalam canonical entry window.,4A89E4FA644238BE94B8F6C80E4BE24308A9E123,WS-B07,N/A,N/A,N/A,N/A,REFERENCE_ONLY,N/A,,
WS-S05-CONF-R005,YES,WS-S05,OPTIONAL_CAPABILITY,REFERENCE_ONLY,OPTIONAL_CAPABILITY,authority/strategy/WS_D1_CONFIRM_ACTIONABILITY.md,Lifecycle Position,12,**Produces:** availability/actionability state tanpa mengubah EOD recommendation history.,202B50D960FE9066A86995D3AC3A3C652C8D9738,WS-B07,N/A,N/A,N/A,N/A,REFERENCE_ONLY,N/A,,
WS-S05-CONF-R006,YES,WS-S05,OPTIONAL_CAPABILITY,REFERENCE_ONLY,OPTIONAL_CAPABILITY,authority/strategy/WS_D1_CONFIRM_ACTIONABILITY.md,Lifecycle Position,13,**Core dependency:** NONE — `WS-S06+` core proof tidak menunggu `WS-S05`.,104351B210212F50757FDE473E70B16E072F9E1E,WS-B07,N/A,N/A,N/A,N/A,REFERENCE_ONLY,N/A,,
WS-S05-CONF-R007,YES,WS-S05,OPTIONAL_CAPABILITY,REQUIRED,OPTIONAL_CAPABILITY,authority/strategy/WS_D1_CONFIRM_ACTIONABILITY.md,Eligibility,17,CONFIRM hanya berlaku pada ticker yang berada pada final `TOP_PICKS` untuk PLAN/recommendation binding yang sah.,CFB481D1CA57BF66D626713D888A626AF8C9C963,WS-B07,TBD,TBD,TBD,NOT_ASSESSED,OPTIONAL_NOT_REQUESTED,N/A,,
WS-S05-CONF-R008,YES,WS-S05,OPTIONAL_CAPABILITY,REQUIRED,OPTIONAL_CAPABILITY,authority/strategy/WS_D1_CONFIRM_ACTIONABILITY.md,Eligibility,19,Ticker non-recommended tidak boleh dipromosikan menjadi buy recommendation melalui CONFIRM.,4DDD19EB2C1E83E4411B4ECDACD56395D91CB10B,WS-B07,TBD,TBD,TBD,NOT_ASSESSED,OPTIONAL_NOT_REQUESTED,N/A,,
WS-S05-CONF-R009,YES,WS-S05,OPTIONAL_CAPABILITY,REQUIRED,OPTIONAL_CAPABILITY,authority/strategy/WS_D1_CONFIRM_ACTIONABILITY.md,Canonical Entry Timing,23,Baseline Weekly Swing recommendation dibentuk setelah EOD `D` dan canonical initial-entry session adalah trading day `D+1`.,CFCACF7B5639C0DDEB5C01722289167D375B4D02,WS-B07,TBD,TBD,TBD,NOT_ASSESSED,OPTIONAL_NOT_REQUESTED,N/A,,
WS-S05-CONF-R010,YES,WS-S05,OPTIONAL_CAPABILITY,REQUIRED,OPTIONAL_CAPABILITY,authority/strategy/WS_D1_CONFIRM_ACTIONABILITY.md,Canonical Entry Timing,25,"CONFIRM dapat dipakai selama canonical entry window untuk memeriksa actionability. Bila valid data belum tersedia pada percobaan awal, state harus tetap retryable selama window masih terbuka.",08D616195B622F41E9DE2C4A5D46E52968B00B33,WS-B07,TBD,TBD,TBD,NOT_ASSESSED,OPTIONAL_NOT_REQUESTED,N/A,,
WS-S05-CONF-R011,YES,WS-S05,OPTIONAL_CAPABILITY,REQUIRED,OPTIONAL_CAPABILITY,authority/strategy/WS_D1_CONFIRM_ACTIONABILITY.md,Canonical Entry Timing,27,"Bila entry window berakhir tanpa valid CONFIRM evaluation, recommendation tidak otomatis dibawa sebagai new-entry signal ke hari berikutnya. Carry-forward hanya sah bila active strategy identity secara eksplisit mendefinisikannya dan mempunyai proof terpisah.",A3B09FA0865E06FFD5D88A26ACF89D71D7012FEF,WS-B07,TBD,TBD,TBD,NOT_ASSESSED,OPTIONAL_NOT_REQUESTED,N/A,,
WS-S05-CONF-R012,YES,WS-S05,OPTIONAL_CAPABILITY,REQUIRED,OPTIONAL_CAPABILITY,authority/strategy/WS_D1_CONFIRM_ACTIONABILITY.md,Decision-Time Source Boundary,31,"Current Market Data core contract adalah EOD consumer read product dan **tidak otomatis menjamin D+1 intraday/current decision-time snapshot**. CONFIRM hanya boleh memakai decision-time source yang mempunyai producer-facing contract, timestamp/freshness semantics, dan field validity yang cukup.",E0FF6FF836AC2403D2B65E34FFD91E2C97BC6D36,WS-B07,TBD,TBD,TBD,NOT_ASSESSED,OPTIONAL_NOT_REQUESTED,N/A,,
WS-S05-CONF-R013,YES,WS-S05,OPTIONAL_CAPABILITY,REQUIRED,OPTIONAL_CAPABILITY,authority/strategy/WS_D1_CONFIRM_ACTIONABILITY.md,Decision-Time Source Boundary,33,"Jika source tersebut belum ada, belum ready, atau tidak menyediakan valid data pada saat check, CONFIRM tetap `UNAVAILABLE_RETRYABLE` selama entry window masih terbuka. Watchlist tidak boleh mengubah EOD Market Data row menjadi synthetic current snapshot atau membaca session/internal Market Data artifacts yang belum consumer-facing.",D2CD336D8785FBAB8467A893F7367EF497407545,WS-B07,TBD,TBD,TBD,NOT_ASSESSED,OPTIONAL_NOT_REQUESTED,N/A,,
WS-S05-CONF-R014,YES,WS-S05,OPTIONAL_CAPABILITY,REFERENCE_ONLY,OPTIONAL_CAPABILITY,authority/strategy/WS_D1_CONFIRM_ACTIONABILITY.md,Binding,37,"Ketika CONFIRM dievaluasi, ia harus terikat pada:",3579B93D14BD82FE8C78758318F1F982BB60BC6F,WS-B07,N/A,N/A,N/A,N/A,REFERENCE_ONLY,N/A,,
WS-S05-CONF-R015,YES,WS-S05,OPTIONAL_CAPABILITY,REQUIRED,OPTIONAL_CAPABILITY,authority/strategy/WS_D1_CONFIRM_ACTIONABILITY.md,Binding,38,immutable PLAN yang membentuk recommendation;,AFAA074AE9F4B19FA9A24D774F80C5FA480EFDA0,WS-B07,TBD,TBD,TBD,NOT_ASSESSED,OPTIONAL_NOT_REQUESTED,N/A,,
WS-S05-CONF-R016,YES,WS-S05,OPTIONAL_CAPABILITY,REQUIRED,OPTIONAL_CAPABILITY,authority/strategy/WS_D1_CONFIRM_ACTIONABILITY.md,Binding,39,final Top Pick yang sama;,8221E93C8D862BC0B683BBD8E644EAF7F6C7C3E1,WS-B07,TBD,TBD,TBD,NOT_ASSESSED,OPTIONAL_NOT_REQUESTED,N/A,,
WS-S05-CONF-R017,YES,WS-S05,OPTIONAL_CAPABILITY,REQUIRED,OPTIONAL_CAPABILITY,authority/strategy/WS_D1_CONFIRM_ACTIONABILITY.md,Binding,40,strategy identity yang sama;,3730124D6D4F425F31D30844AE0BDB86BFD1E758,WS-B07,TBD,TBD,TBD,NOT_ASSESSED,OPTIONAL_NOT_REQUESTED,N/A,,
WS-S05-CONF-R018,YES,WS-S05,OPTIONAL_CAPABILITY,REQUIRED,OPTIONAL_CAPABILITY,authority/strategy/WS_D1_CONFIRM_ACTIONABILITY.md,Binding,41,valid current-market snapshot dengan timestamp yang dapat divalidasi.,A306864E09D7359B2A34C81A365BDAA01B7E7A43,WS-B07,TBD,TBD,TBD,NOT_ASSESSED,OPTIONAL_NOT_REQUESTED,N/A,,
WS-S05-CONF-R019,YES,WS-S05,OPTIONAL_CAPABILITY,REQUIRED,OPTIONAL_CAPABILITY,authority/strategy/WS_D1_CONFIRM_ACTIONABILITY.md,Binding,43,CONFIRM tidak boleh menambah ticker dari luar Top Picks.,1847C0B93ADF5F3504B5B1DD98CE2DD427C4F0E2,WS-B07,TBD,TBD,TBD,NOT_ASSESSED,OPTIONAL_NOT_REQUESTED,N/A,,
WS-S05-CONF-R020,YES,WS-S05,OPTIONAL_CAPABILITY,REFERENCE_ONLY,OPTIONAL_CAPABILITY,authority/strategy/WS_D1_CONFIRM_ACTIONABILITY.md,EOD / Current-Snapshot Separation,47,EOD recommendation facts dan D+1 confirmation facts mempunyai time role berbeda:,12D5B29E30A82566707DE331058DDBEF16228EDA,WS-B07,N/A,N/A,N/A,N/A,REFERENCE_ONLY,N/A,,
WS-S05-CONF-R021,YES,WS-S05,OPTIONAL_CAPABILITY,REQUIRED,OPTIONAL_CAPABILITY,authority/strategy/WS_D1_CONFIRM_ACTIONABILITY.md,EOD / Current-Snapshot Separation,48,"EOD snapshot membentuk PLAN, score, recommendation membership, dan rank;",15AC38560FE10228C34B9BD823F008F1F1C06926,WS-B07,TBD,TBD,TBD,NOT_ASSESSED,OPTIONAL_NOT_REQUESTED,N/A,,
WS-S05-CONF-R022,YES,WS-S05,OPTIONAL_CAPABILITY,REQUIRED,OPTIONAL_CAPABILITY,authority/strategy/WS_D1_CONFIRM_ACTIONABILITY.md,EOD / Current-Snapshot Separation,49,D+1 current snapshot hanya menilai actionability dari Top Pick yang sudah terbentuk;,E213A55D370AE62BBECEB51B5489A32443FB5E1F,WS-B07,TBD,TBD,TBD,NOT_ASSESSED,OPTIONAL_NOT_REQUESTED,N/A,,
WS-S05-CONF-R023,YES,WS-S05,OPTIONAL_CAPABILITY,REQUIRED,OPTIONAL_CAPABILITY,authority/strategy/WS_D1_CONFIRM_ACTIONABILITY.md,EOD / Current-Snapshot Separation,50,D+1 information tidak boleh dipakai untuk menulis ulang atau memperbaiki EOD ranking secara retroaktif.,74F5E23397489210DDE4BBA46587A173EF484F85,WS-B07,TBD,TBD,TBD,NOT_ASSESSED,OPTIONAL_NOT_REQUESTED,N/A,,
WS-S05-CONF-R024,YES,WS-S05,OPTIONAL_CAPABILITY,REQUIRED,OPTIONAL_CAPABILITY,authority/strategy/WS_D1_CONFIRM_ACTIONABILITY.md,EOD / Current-Snapshot Separation,52,Tidak tersedianya valid current snapshot **bukan negative evidence** terhadap Top Pick.,98897ECB6566BCC892B1A2A910F10D7482861B45,WS-B07,TBD,TBD,TBD,NOT_ASSESSED,OPTIONAL_NOT_REQUESTED,N/A,,
WS-S05-CONF-R025,YES,WS-S05,OPTIONAL_CAPABILITY,REQUIRED,OPTIONAL_CAPABILITY,authority/strategy/WS_D1_CONFIRM_ACTIONABILITY.md,NOT_REQUESTED,58,CONFIRM belum diminta/dijalankan. Top Pick tetap sah sebagai EOD recommendation.,804CBF83C771FDB874F77B38EEF529E4300359A5,WS-B07,TBD,TBD,TBD,NOT_ASSESSED,OPTIONAL_NOT_REQUESTED,N/A,,
WS-S05-CONF-R026,YES,WS-S05,OPTIONAL_CAPABILITY,REFERENCE_ONLY,OPTIONAL_CAPABILITY,authority/strategy/WS_D1_CONFIRM_ACTIONABILITY.md,UNAVAILABLE_RETRYABLE,62,"CONFIRM diminta, tetapi decision-time data yang cukup dan valid belum tersedia. Kondisi ini:",2B1C7A4C7F790BD6089A099C5492FFA2E78CB11E,WS-B07,N/A,N/A,N/A,N/A,REFERENCE_ONLY,N/A,,
WS-S05-CONF-R027,YES,WS-S05,OPTIONAL_CAPABILITY,REQUIRED,OPTIONAL_CAPABILITY,authority/strategy/WS_D1_CONFIRM_ACTIONABILITY.md,UNAVAILABLE_RETRYABLE,63,bukan strategy failure;,8995C9B6687B9AB4E1BD850E61D13DEB9BCBD043,WS-B07,TBD,TBD,TBD,NOT_ASSESSED,OPTIONAL_NOT_REQUESTED,N/A,,
WS-S05-CONF-R028,YES,WS-S05,OPTIONAL_CAPABILITY,REQUIRED,OPTIONAL_CAPABILITY,authority/strategy/WS_D1_CONFIRM_ACTIONABILITY.md,UNAVAILABLE_RETRYABLE,64,bukan `NOT_ACTIONABLE`;,625C7EAAA94DCB708EE7D7FA8E9CF1AAE15A656C,WS-B07,TBD,TBD,TBD,NOT_ASSESSED,OPTIONAL_NOT_REQUESTED,N/A,,
WS-S05-CONF-R029,YES,WS-S05,OPTIONAL_CAPABILITY,REQUIRED,OPTIONAL_CAPABILITY,authority/strategy/WS_D1_CONFIRM_ACTIONABILITY.md,UNAVAILABLE_RETRYABLE,65,tidak memengaruhi Top Pick membership/rank;,DFF630758AFFEDBC2D5E73B64CFD27FD3EE2110A,WS-B07,TBD,TBD,TBD,NOT_ASSESSED,OPTIONAL_NOT_REQUESTED,N/A,,
WS-S05-CONF-R030,YES,WS-S05,OPTIONAL_CAPABILITY,REQUIRED,OPTIONAL_CAPABILITY,authority/strategy/WS_D1_CONFIRM_ACTIONABILITY.md,UNAVAILABLE_RETRYABLE,66,boleh dievaluasi ulang jika valid data tersedia sebelum entry window berakhir.,C01714F4388CD6C25F73102AA817405AF9E294DB,WS-B07,TBD,TBD,TBD,NOT_ASSESSED,OPTIONAL_NOT_REQUESTED,N/A,,
WS-S05-CONF-R031,YES,WS-S05,OPTIONAL_CAPABILITY,REQUIRED,OPTIONAL_CAPABILITY,authority/strategy/WS_D1_CONFIRM_ACTIONABILITY.md,UNAVAILABLE_RETRYABLE,68,"Missing, stale, incomplete, delayed, atau temporarily unavailable data masuk state ini selama evaluation belum dapat dilakukan secara sah.",58E8272967BB76E537890BF31C66325341403ABE,WS-B07,TBD,TBD,TBD,NOT_ASSESSED,OPTIONAL_NOT_REQUESTED,N/A,,
WS-S05-CONF-R032,YES,WS-S05,OPTIONAL_CAPABILITY,REQUIRED,OPTIONAL_CAPABILITY,authority/strategy/WS_D1_CONFIRM_ACTIONABILITY.md,ACTIONABLE,72,Valid current data tersedia dan seluruh active CONFIRM gate lulus.,421C9AF8F7185B735636BFD588ACF23706E7A9B1,WS-B07,TBD,TBD,TBD,NOT_ASSESSED,OPTIONAL_NOT_REQUESTED,N/A,,
WS-S05-CONF-R033,YES,WS-S05,OPTIONAL_CAPABILITY,REQUIRED,OPTIONAL_CAPABILITY,authority/strategy/WS_D1_CONFIRM_ACTIONABILITY.md,NOT_ACTIONABLE,76,"Valid current data tersedia, active CONFIRM rule dapat dievaluasi secara sah, dan sedikitnya satu actionability gate gagal. User-facing decision support dapat menyatakan **do not enter now** untuk ticker tersebut.",44E17DB21DFAE31BC3D064B61D8523598D41F937,WS-B07,TBD,TBD,TBD,NOT_ASSESSED,OPTIONAL_NOT_REQUESTED,N/A,,
WS-S05-CONF-R034,YES,WS-S05,OPTIONAL_CAPABILITY,REQUIRED,OPTIONAL_CAPABILITY,authority/strategy/WS_D1_CONFIRM_ACTIONABILITY.md,EXPIRED_UNCONFIRMED,80,Canonical entry window berakhir sebelum valid CONFIRM evaluation tersedia. Top Pick tetap tercatat sebagai historical EOD recommendation; current actionability untuk opportunity tersebut tidak pernah terbukti.,B71E704A6F04AC0F85ACC45C230CFF1EEA105B6C,WS-B07,TBD,TBD,TBD,NOT_ASSESSED,OPTIONAL_NOT_REQUESTED,N/A,,
WS-S05-CONF-R035,YES,WS-S05,OPTIONAL_CAPABILITY,REQUIRED,OPTIONAL_CAPABILITY,authority/strategy/WS_D1_CONFIRM_ACTIONABILITY.md,Current-Actionability Checks,84,`ACTIONABLE` hanya dapat diberikan bila seluruh active CONFIRM gate dapat dievaluasi dari valid current data dan semuanya lulus.,D11BC70DC26B4B704E69256B7BE8900ABAC3A6DD,WS-B07,TBD,TBD,TBD,NOT_ASSESSED,OPTIONAL_NOT_REQUESTED,N/A,,
WS-S05-CONF-R036,YES,WS-S05,OPTIONAL_CAPABILITY,REFERENCE_ONLY,OPTIONAL_CAPABILITY,authority/strategy/WS_D1_CONFIRM_ACTIONABILITY.md,Current-Actionability Checks,86,Minimum canonical gates:,1E87B5078E4CA7988E345F1C11BB5FCFB89231D3,WS-B07,N/A,N/A,N/A,N/A,REFERENCE_ONLY,N/A,,
WS-S05-CONF-R037,YES,WS-S05,OPTIONAL_CAPABILITY,REQUIRED,OPTIONAL_CAPABILITY,authority/strategy/WS_D1_CONFIRM_ACTIONABILITY.md,Current-Actionability Checks,88,current snapshot tersedia dan fresh menurut active confirmation freshness limit;,069AB2E194F67C950EC0CC7F56DCAF3A9A3654E0,WS-B07,TBD,TBD,TBD,NOT_ASSESSED,OPTIONAL_NOT_REQUESTED,N/A,,
WS-S05-CONF-R038,YES,WS-S05,OPTIONAL_CAPABILITY,REQUIRED,OPTIONAL_CAPABILITY,authority/strategy/WS_D1_CONFIRM_ACTIONABILITY.md,Current-Actionability Checks,89,ticker tidak memiliki current disqualifying trading/data state yang diketahui;,A20B4908BE054FBBE437B135D4BF15BF5DCD353A,WS-B07,TBD,TBD,TBD,NOT_ASSESSED,OPTIONAL_NOT_REQUESTED,N/A,,
WS-S05-CONF-R039,YES,WS-S05,OPTIONAL_CAPABILITY,REQUIRED,OPTIONAL_CAPABILITY,authority/strategy/WS_D1_CONFIRM_ACTIONABILITY.md,Current-Actionability Checks,90,current executable/indicative price masih berada dalam allowed entry band dan tidak melampaui maximum adverse drift/chase limit dari PLAN entry reference;,A2203A97ABE845465F054210A42DCDC806270E6A,WS-B07,TBD,TBD,TBD,NOT_ASSESSED,OPTIONAL_NOT_REQUESTED,N/A,,
WS-S05-CONF-R040,YES,WS-S05,OPTIONAL_CAPABILITY,REQUIRED,OPTIONAL_CAPABILITY,authority/strategy/WS_D1_CONFIRM_ACTIONABILITY.md,Current-Actionability Checks,91,proposed current entry tidak membuat active trade-plan risk geometry invalid;,02182E9341F8A52A561C6D154386DF1786951AB1,WS-B07,TBD,TBD,TBD,NOT_ASSESSED,OPTIONAL_NOT_REQUESTED,N/A,,
WS-S05-CONF-R041,YES,WS-S05,OPTIONAL_CAPABILITY,REQUIRED,OPTIONAL_CAPABILITY,authority/strategy/WS_D1_CONFIRM_ACTIONABILITY.md,Current-Actionability Checks,92,seluruh field yang diwajibkan active CONFIRM rule valid.,EDACF93D2050144EFD8F4A36060E4BFBE020273A,WS-B07,TBD,TBD,TBD,NOT_ASSESSED,OPTIONAL_NOT_REQUESTED,N/A,,
WS-S05-CONF-R042,YES,WS-S05,OPTIONAL_CAPABILITY,REQUIRED,OPTIONAL_CAPABILITY,authority/strategy/WS_D1_CONFIRM_ACTIONABILITY.md,Current-Actionability Checks,94,"Jika gate tidak dapat dievaluasi karena required data belum valid/tersedia, hasilnya `UNAVAILABLE_RETRYABLE`, bukan `NOT_ACTIONABLE`.",782107F6F6A69C15555F3714BB4EEC7B473E60D3,WS-B07,TBD,TBD,TBD,NOT_ASSESSED,OPTIONAL_NOT_REQUESTED,N/A,,
WS-S05-CONF-R043,YES,WS-S05,OPTIONAL_CAPABILITY,REQUIRED,OPTIONAL_CAPABILITY,authority/strategy/WS_D1_CONFIRM_ACTIONABILITY.md,Current-Actionability Checks,96,"Exact freshness, entry-band, drift, dan exit-policy-specific validity thresholds adalah versioned strategy parameters yang harus dibekukan sebelum capability proof dibaca.",48C865585CCA36B133F5423404D9553B679FEFEB,WS-B07,TBD,TBD,TBD,NOT_ASSESSED,OPTIONAL_NOT_REQUESTED,N/A,,
WS-S05-CONF-R044,YES,WS-S05,OPTIONAL_CAPABILITY,REQUIRED,OPTIONAL_CAPABILITY,authority/strategy/WS_D1_CONFIRM_ACTIONABILITY.md,Retry and Late-Data Rule,100,`UNAVAILABLE_RETRYABLE` adalah non-terminal selama canonical entry window masih terbuka.,1E34C71C0F53691C673159A5D99A0E22376C9DBF,WS-B07,TBD,TBD,TBD,NOT_ASSESSED,OPTIONAL_NOT_REQUESTED,N/A,,
WS-S05-CONF-R045,YES,WS-S05,OPTIONAL_CAPABILITY,REFERENCE_ONLY,OPTIONAL_CAPABILITY,authority/strategy/WS_D1_CONFIRM_ACTIONABILITY.md,Retry and Late-Data Rule,102,Ketika valid decision-time data kemudian tersedia:,F19966716EDEC6C850C92D61FCAC0C674812A2EE,WS-B07,N/A,N/A,N/A,N/A,REFERENCE_ONLY,N/A,,
WS-S05-CONF-R046,YES,WS-S05,OPTIONAL_CAPABILITY,REQUIRED,OPTIONAL_CAPABILITY,authority/strategy/WS_D1_CONFIRM_ACTIONABILITY.md,Retry and Late-Data Rule,103,bind kembali Top Pick/PLAN/strategy identity yang sama;,250E33A7DD26EEDA21B9A29B6C84EC5A1A20B0B6,WS-B07,TBD,TBD,TBD,NOT_ASSESSED,OPTIONAL_NOT_REQUESTED,N/A,,
WS-S05-CONF-R047,YES,WS-S05,OPTIONAL_CAPABILITY,REQUIRED,OPTIONAL_CAPABILITY,authority/strategy/WS_D1_CONFIRM_ACTIONABILITY.md,Retry and Late-Data Rule,104,gunakan snapshot terbaru yang sah pada waktu evaluation;,E752E4C061F22DD79329E8822B8AE700D7F52372,WS-B07,TBD,TBD,TBD,NOT_ASSESSED,OPTIONAL_NOT_REQUESTED,N/A,,
WS-S05-CONF-R048,YES,WS-S05,OPTIONAL_CAPABILITY,REQUIRED,OPTIONAL_CAPABILITY,authority/strategy/WS_D1_CONFIRM_ACTIONABILITY.md,Retry and Late-Data Rule,105,jalankan active CONFIRM gates;,FEB1C8741C5FF0503DE8BFADDD68A19C48C46525,WS-B07,TBD,TBD,TBD,NOT_ASSESSED,OPTIONAL_NOT_REQUESTED,N/A,,
WS-S05-CONF-R049,YES,WS-S05,OPTIONAL_CAPABILITY,REQUIRED,OPTIONAL_CAPABILITY,authority/strategy/WS_D1_CONFIRM_ACTIONABILITY.md,Retry and Late-Data Rule,106,hasil dapat berubah dari `UNAVAILABLE_RETRYABLE` menjadi `ACTIONABLE` atau `NOT_ACTIONABLE`.,0B63A5DE2185B308263672008422C60EA29AA5B0,WS-B07,TBD,TBD,TBD,NOT_ASSESSED,OPTIONAL_NOT_REQUESTED,N/A,,
WS-S05-CONF-R050,YES,WS-S05,OPTIONAL_CAPABILITY,REQUIRED,OPTIONAL_CAPABILITY,authority/strategy/WS_D1_CONFIRM_ACTIONABILITY.md,Retry and Late-Data Rule,108,Tidak boleh membuat synthetic/default PASS hanya agar CONFIRM menghasilkan output.,CF2CC9CC266E2DB8ACB8ED3AE1CBE0C8258D00A5,WS-B07,TBD,TBD,TBD,NOT_ASSESSED,OPTIONAL_NOT_REQUESTED,N/A,,
WS-S05-CONF-R051,YES,WS-S05,OPTIONAL_CAPABILITY,REFERENCE_ONLY,OPTIONAL_CAPABILITY,authority/strategy/WS_D1_CONFIRM_ACTIONABILITY.md,Technical Error Boundary,112,"Kesalahan teknis internal seperti schema corruption, persistence failure, atau exception boleh dicatat sebagai **technical error** oleh implementation, tetapi:",CBC787383497F6D8C959BDDB89A10F67F0262425,WS-B07,N/A,N/A,N/A,N/A,REFERENCE_ONLY,N/A,,
WS-S05-CONF-R052,YES,WS-S05,OPTIONAL_CAPABILITY,REQUIRED,OPTIONAL_CAPABILITY,authority/strategy/WS_D1_CONFIRM_ACTIONABILITY.md,Technical Error Boundary,113,bukan business `NOT_ACTIONABLE`;,41C20CAA80E22484FD44B3BEF75A9E0DB5B64F15,WS-B07,TBD,TBD,TBD,NOT_ASSESSED,OPTIONAL_NOT_REQUESTED,N/A,,
WS-S05-CONF-R053,YES,WS-S05,OPTIONAL_CAPABILITY,REQUIRED,OPTIONAL_CAPABILITY,authority/strategy/WS_D1_CONFIRM_ACTIONABILITY.md,Technical Error Boundary,114,tidak boleh menghapus/menggagalkan Top Picks;,DAF4B057CB7AC8DA28013B54E7F0EAB38F4ADE8A,WS-B07,TBD,TBD,TBD,NOT_ASSESSED,OPTIONAL_NOT_REQUESTED,N/A,,
WS-S05-CONF-R054,YES,WS-S05,OPTIONAL_CAPABILITY,REQUIRED,OPTIONAL_CAPABILITY,authority/strategy/WS_D1_CONFIRM_ACTIONABILITY.md,Technical Error Boundary,115,tidak boleh membuat core PLAN/RECOMMENDATION run gagal setelah Top Picks sudah sah;,DC0A5CDC080ACCE1F5F015C8B5D1183DCF379F4F,WS-B07,TBD,TBD,TBD,NOT_ASSESSED,OPTIONAL_NOT_REQUESTED,N/A,,
WS-S05-CONF-R055,YES,WS-S05,OPTIONAL_CAPABILITY,REQUIRED,OPTIONAL_CAPABILITY,authority/strategy/WS_D1_CONFIRM_ACTIONABILITY.md,Technical Error Boundary,116,harus dapat diretry sesuai operational policy bila entry window masih terbuka.,17DD3EF698AA557C9DD4A59B93EF5BD858083865,WS-B07,TBD,TBD,TBD,NOT_ASSESSED,OPTIONAL_NOT_REQUESTED,N/A,,
WS-S05-CONF-R056,YES,WS-S05,OPTIONAL_CAPABILITY,REQUIRED,OPTIONAL_CAPABILITY,authority/strategy/WS_D1_CONFIRM_ACTIONABILITY.md,Technical Error Boundary,118,Strategy tidak mensyaratkan CONFIRM technical success untuk menyatakan core Weekly Swing runtime complete.,C49A0464F73CA8BDCD55404097C4D6330FAD2CB1,WS-B07,TBD,TBD,TBD,NOT_ASSESSED,OPTIONAL_NOT_REQUESTED,N/A,,
WS-S05-CONF-R057,YES,WS-S05,OPTIONAL_CAPABILITY,REFERENCE_ONLY,OPTIONAL_CAPABILITY,authority/strategy/WS_D1_CONFIRM_ACTIONABILITY.md,Decision-Support Rule,122,Strongest Watchlist state adalah:,BAB135139FB8609E191F5273C4EE7488F213FEAD,WS-B07,N/A,N/A,N/A,N/A,REFERENCE_ONLY,N/A,,
WS-S05-CONF-R058,YES,WS-S05,OPTIONAL_CAPABILITY,REQUIRED,OPTIONAL_CAPABILITY,authority/strategy/WS_D1_CONFIRM_ACTIONABILITY.md,Decision-Support Rule,124,`TOP PICK + ACTIONABLE CONFIRM`,1A0A981BB347724FD00224C3DB9863CC3D075041,WS-B07,TBD,TBD,TBD,NOT_ASSESSED,OPTIONAL_NOT_REQUESTED,N/A,,
WS-S05-CONF-R059,YES,WS-S05,OPTIONAL_CAPABILITY,REQUIRED,OPTIONAL_CAPABILITY,authority/strategy/WS_D1_CONFIRM_ACTIONABILITY.md,Decision-Support Rule,126,Tetapi Top Pick tanpa CONFIRM tetap valid sebagai qualified EOD decision-support. Sistem hanya harus transparan bahwa current actionability belum terbukti.,E5110765DE8AF52A17CB451FC47C6CE09692E2B3,WS-B07,TBD,TBD,TBD,NOT_ASSESSED,OPTIONAL_NOT_REQUESTED,N/A,,
WS-S05-CONF-R060,YES,WS-S05,OPTIONAL_CAPABILITY,REQUIRED,OPTIONAL_CAPABILITY,authority/strategy/WS_D1_CONFIRM_ACTIONABILITY.md,Decision-Support Rule,128,Top Pick dengan valid `NOT_ACTIONABLE` tidak boleh disajikan sebagai actionable entry saat itu.,5D6DE5C7F1526BF8FF5AD727B5987EAA87ABE03F,WS-B07,TBD,TBD,TBD,NOT_ASSESSED,OPTIONAL_NOT_REQUESTED,N/A,,
WS-S05-CONF-R061,YES,WS-S05,OPTIONAL_CAPABILITY,REQUIRED,OPTIONAL_CAPABILITY,authority/strategy/WS_D1_CONFIRM_ACTIONABILITY.md,Strictness Boundary,132,CONFIRM hanya membaca final Top Picks dan binding PLAN-nya.,964339A32656E02EA22C60CA3459AC09294E298D,WS-B07,TBD,TBD,TBD,NOT_ASSESSED,OPTIONAL_NOT_REQUESTED,N/A,,
WS-S05-CONF-R062,YES,WS-S05,OPTIONAL_CAPABILITY,REQUIRED,OPTIONAL_CAPABILITY,authority/strategy/WS_D1_CONFIRM_ACTIONABILITY.md,Strictness Boundary,133,CONFIRM tidak membuat recommendation baru.,4F32EFA85A97F289A23DAD4A1396397737CF4326,WS-B07,TBD,TBD,TBD,NOT_ASSESSED,OPTIONAL_NOT_REQUESTED,N/A,,
WS-S05-CONF-R063,YES,WS-S05,OPTIONAL_CAPABILITY,REQUIRED,OPTIONAL_CAPABILITY,authority/strategy/WS_D1_CONFIRM_ACTIONABILITY.md,Strictness Boundary,134,"CONFIRM tidak mengubah recommendation membership, score, atau rank.",0CC3F876AE5CE65FEE3D269BC47818A46AF63D62,WS-B07,TBD,TBD,TBD,NOT_ASSESSED,OPTIONAL_NOT_REQUESTED,N/A,,
WS-S05-CONF-R064,YES,WS-S05,OPTIONAL_CAPABILITY,REQUIRED,OPTIONAL_CAPABILITY,authority/strategy/WS_D1_CONFIRM_ACTIONABILITY.md,Strictness Boundary,135,CONFIRM optional dan non-blocking terhadap core Weekly Swing.,19CD5A2987ABEC5CAE85D8178F6AE747C8114597,WS-B07,TBD,TBD,TBD,NOT_ASSESSED,OPTIONAL_NOT_REQUESTED,N/A,,
WS-S05-CONF-R065,YES,WS-S05,OPTIONAL_CAPABILITY,REQUIRED,OPTIONAL_CAPABILITY,authority/strategy/WS_D1_CONFIRM_ACTIONABILITY.md,Strictness Boundary,136,Missing/stale/incomplete current data tidak boleh menjadi `NOT_ACTIONABLE` atau core failure.,4EAE364B9DB908F8CD547BC4E2FEBEC6C57AA65D,WS-B07,TBD,TBD,TBD,NOT_ASSESSED,OPTIONAL_NOT_REQUESTED,N/A,,
WS-S05-CONF-R066,YES,WS-S05,OPTIONAL_CAPABILITY,REQUIRED,OPTIONAL_CAPABILITY,authority/strategy/WS_D1_CONFIRM_ACTIONABILITY.md,Strictness Boundary,137,CONFIRM hanya mengubah current-actionability interpretation bila valid data cukup untuk evaluation.,BEFCBDE2427A1047FC3E72CE9293A50A92BC09A1,WS-B07,TBD,TBD,TBD,NOT_ASSESSED,OPTIONAL_NOT_REQUESTED,N/A,,
WS-S05-CONF-R067,YES,WS-S05,OPTIONAL_CAPABILITY,REQUIRED,OPTIONAL_CAPABILITY,authority/strategy/WS_D1_CONFIRM_ACTIONABILITY.md,Strictness Boundary,138,CONFIRM tidak melakukan order placement atau execution.,84B2CF36A218B33E6930A46B9FA1E7B993348ACA,WS-B07,TBD,TBD,TBD,NOT_ASSESSED,OPTIONAL_NOT_REQUESTED,N/A,,
WS-S05-CONF-R068,YES,WS-S05,OPTIONAL_CAPABILITY,REQUIRED,OPTIONAL_CAPABILITY,authority/strategy/WS_D1_CONFIRM_ACTIONABILITY.md,Strictness Boundary,139,CONFIRM tidak menghidupkan kembali recommendation yang sudah melewati canonical entry window.,B2EA9C7CA37247749F0D83F401C867197F6514F1,WS-B07,TBD,TBD,TBD,NOT_ASSESSED,OPTIONAL_NOT_REQUESTED,N/A,,
WS-CROSS-LIFE-R001,YES,CROSS,ORCHESTRATION,REFERENCE_ONLY,MANDATORY,authority/strategy/WS_END_TO_END_STRATEGY_LIFECYCLE.md,Purpose,5,"Dokumen ini adalah canonical orchestration owner untuk **urutan end-to-end Weekly Swing strategy**. Ia menetapkan dependency, handoff, valid stop condition, dan proof path dari trusted Market Data sampai production-use eligibility.",445291D1A62B86227F877DDB050853A090C3D4C7,WS-B12,N/A,N/A,N/A,N/A,REFERENCE_ONLY,N/A,,
WS-CROSS-LIFE-R002,YES,CROSS,ORCHESTRATION,REFERENCE_ONLY,CONDITIONAL_ACTIVE,authority/strategy/WS_END_TO_END_STRATEGY_LIFECYCLE.md,Purpose,7,Stage `WS-S00` sampai `WS-S11` membentuk satu authoritative lifecycle set. Core runtime berjalan `WS-S00..WS-S04`; `WS-S05` adalah optional non-blocking CONFIRM branch; proof core berjalan `WS-S06..WS-S11` tanpa dependency pada availability CONFIRM.,985DA60828B2F165C5D28EBF5CACCACB8B0C9ABD,WS-B12,N/A,N/A,N/A,N/A,REFERENCE_ONLY,N/A,,
WS-CROSS-LIFE-R003,YES,CROSS,ORCHESTRATION,REFERENCE_ONLY,MANDATORY,authority/strategy/WS_END_TO_END_STRATEGY_LIFECYCLE.md,End-to-End Objective,11,Weekly Swing harus mengubah trusted Market Data menjadi decision-support yang dapat dipakai secara nyata melalui alur:,E25327DEAADEDB4C32673205BA46F3BABDF965C0,WS-B12,N/A,N/A,N/A,N/A,REFERENCE_ONLY,N/A,,
WS-CROSS-LIFE-R004,YES,CROSS,ORCHESTRATION,REQUIRED,MANDATORY,authority/strategy/WS_END_TO_END_STRATEGY_LIFECYCLE.md,End-to-End Objective,13,`trusted Market Data → eligible candidates → immutable PLAN → qualified TOP PICKS → manual buy decision support`,96515AA9B644168A7D26AB736C9246BAACFC6522,WS-B12,TBD,TBD,TBD,NOT_ASSESSED,NOT_ASSESSED,N/A,,
WS-CROSS-LIFE-R005,YES,CROSS,ORCHESTRATION,REFERENCE_ONLY,CONDITIONAL_ACTIVE,authority/strategy/WS_END_TO_END_STRATEGY_LIFECYCLE.md,End-to-End Objective,15,Optional enhancement branch:,BB2EED52DD136B98D8594DD6542D671325CD20D2,WS-B12,N/A,N/A,N/A,N/A,REFERENCE_ONLY,N/A,,
WS-CROSS-LIFE-R006,YES,CROSS,ORCHESTRATION,REQUIRED,CONDITIONAL_ACTIVE,authority/strategy/WS_END_TO_END_STRATEGY_LIFECYCLE.md,End-to-End Objective,17,`qualified TOP PICK → optional D+1 CONFIRM → current-actionability evidence`,C3E113E2C9D3028F0AA2B703CB56021DD13ADED4,WS-B12,TBD,TBD,TBD,NOT_ASSESSED,NOT_ASSESSED,N/A,,
WS-CROSS-LIFE-R007,YES,CROSS,ORCHESTRATION,REFERENCE_ONLY,MANDATORY,authority/strategy/WS_END_TO_END_STRATEGY_LIFECYCLE.md,End-to-End Objective,19,Strategy baru boleh dipertimbangkan untuk real use setelah alur recommendation yang sama mempunyai proof:,144A8F9E89DC7E93E270714079A2BA00B9AD9021,WS-B12,N/A,N/A,N/A,N/A,REFERENCE_ONLY,N/A,,
WS-CROSS-LIFE-R008,YES,CROSS,ORCHESTRATION,REQUIRED,MANDATORY,authority/strategy/WS_END_TO_END_STRATEGY_LIFECYCLE.md,End-to-End Objective,21,`IS PASS → untouched OOS PASS → adverse-friction PASS → forward-shadow PASS → production-use review`,C8DD47962480FCC7D2C2287A9AFB3FB729C9564B,WS-B12,TBD,TBD,TBD,NOT_ASSESSED,NOT_ASSESSED,N/A,,
WS-CROSS-LIFE-R009,YES,CROSS,ORCHESTRATION,REQUIRED,MANDATORY,authority/strategy/WS_END_TO_END_STRATEGY_LIFECYCLE.md,End-to-End Objective,23,Tidak ada **required core/proof stage** yang boleh dilewati hanya karena hasil stage sebelumnya terlihat baik. `WS-S05` tidak termasuk required core/proof chain dan boleh tidak dijalankan ketika decision-time data tidak tersedia.,14254A6A31C71DC88B5F9123625EE0EA4649D6BB,WS-B12,TBD,TBD,TBD,NOT_ASSESSED,NOT_ASSESSED,N/A,,
WS-CROSS-LIFE-R010,YES,CROSS,ORCHESTRATION,REFERENCE_ONLY,MANDATORY,authority/strategy/WS_END_TO_END_STRATEGY_LIFECYCLE.md,Canonical Stage Map,27,| Stage | Purpose | Required input | Normative output | Exit condition |,6CB884A1023B5360F14B3073C2DA0C5527BEF7D3,WS-B12,N/A,N/A,N/A,N/A,REFERENCE_ONLY,N/A,,
WS-CROSS-LIFE-R011,YES,CROSS,ORCHESTRATION,REQUIRED,MANDATORY,authority/strategy/WS_END_TO_END_STRATEGY_LIFECYCLE.md,Canonical Stage Map,29,"| `WS-S00` | lock product objective, scope, success meaning, dan boundary | Weekly Swing product intent | frozen Weekly Swing scope + Top Picks meaning | tidak ada ambiguity tentang apa yang direkomendasikan dan apa yang out-of-scope |",FA70D8D70FCBD944678E0F5F99B3C04788ABD792,WS-B12,TBD,TBD,TBD,NOT_ASSESSED,NOT_ASSESSED,N/A,,
WS-CROSS-LIFE-R012,YES,CROSS,ORCHESTRATION,REQUIRED,MANDATORY,authority/strategy/WS_END_TO_END_STRATEGY_LIFECYCLE.md,Canonical Stage Map,30,| `WS-S01` | bind trusted same-date market facts | authoritative point-in-time Market Data | evaluation-ready market context atau fail-closed outcome | seluruh required market facts tersedia/valid untuk candidate path |,BEADEB220EC8E3191501BEFC6E977515E1F8C425,WS-B12,TBD,TBD,TBD,NOT_ASSESSED,NOT_ASSESSED,N/A,,
WS-CROSS-LIFE-R013,YES,CROSS,ORCHESTRATION,REQUIRED,MANDATORY,authority/strategy/WS_END_TO_END_STRATEGY_LIFECYCLE.md,Canonical Stage Map,31,"| `WS-S02` | determine absolute eligibility dan candidate state | `WS-S01` market context | `RECOMMENDATION_CANDIDATES`, `WATCH_ONLY`, `AVOID` | setiap ticker mempunyai deterministic state; tidak ada forced candidate quota |",F44B8A1B165BA990ACDB555A60D4D614EC4B3EE7,WS-B12,TBD,TBD,TBD,NOT_ASSESSED,NOT_ASSESSED,N/A,,
WS-CROSS-LIFE-R014,YES,CROSS,ORCHESTRATION,REQUIRED,MANDATORY,authority/strategy/WS_END_TO_END_STRATEGY_LIFECYCLE.md,Canonical Stage Map,32,"| `WS-S03` | score/order recommendation candidates dan freeze trade plan | `RECOMMENDATION_CANDIDATES` + active strategy identity | immutable PLAN dengan `score_total`, ordering, entry reference, dan predeclared risk/exit plan | PLAN complete dan immutable untuk `trade_date` |",910FCB044D2C0C7AA33D65D86864765FBB7B9856,WS-B12,TBD,TBD,TBD,NOT_ASSESSED,NOT_ASSESSED,N/A,,
WS-CROSS-LIFE-R015,YES,CROSS,ORCHESTRATION,REQUIRED,MANDATORY,authority/strategy/WS_END_TO_END_STRATEGY_LIFECYCLE.md,Canonical Stage Map,33,"| `WS-S04` | apply final quality qualification dan form ranked Top Picks | immutable PLAN | final `TOP_PICKS` rank `1..N`, termasuk valid `N=0` | seluruh dan hanya qualified candidates menjadi ranked Top Picks |",BCB31B42D83917D5E30113527F77606E118F18D3,WS-B12,TBD,TBD,TBD,NOT_ASSESSED,NOT_ASSESSED,N/A,,
WS-CROSS-LIFE-R016,YES,CROSS,ORCHESTRATION,REQUIRED,CONDITIONAL_ACTIVE,authority/strategy/WS_END_TO_END_STRATEGY_LIFECYCLE.md,Canonical Stage Map,34,"| `WS-S05` | optionally determine current D+1 actionability | final Top Pick; valid current-entry snapshot when available | `NOT_REQUESTED`, `UNAVAILABLE_RETRYABLE`, `ACTIONABLE`, `NOT_ACTIONABLE`, atau `EXPIRED_UNCONFIRMED` | optional branch never blocks core runtime/proof; valid data may be retried within entry window |",0983B40E77EE494D60269FE92F9EF3FC1B764D58,WS-B12,TBD,TBD,TBD,NOT_ASSESSED,NOT_ASSESSED,N/A,,
WS-CROSS-LIFE-R017,YES,CROSS,ORCHESTRATION,REQUIRED,MANDATORY,authority/strategy/WS_END_TO_END_STRATEGY_LIFECYCLE.md,Canonical Stage Map,35,| `WS-S06` | define causal historical evaluation model | frozen strategy identity + historical authoritative Market Data | reproducible executable Top-Pick trade outcomes dan calibration dataset | exact final recommendation can be replayed and evaluated net of baseline friction |,164EB8C76ECAF556F411734CA687DBA1F5499B2D,WS-B12,TBD,TBD,TBD,NOT_ASSESSED,NOT_ASSESSED,N/A,,
WS-CROSS-LIFE-R018,YES,CROSS,ORCHESTRATION,REQUIRED,CONDITIONAL_ACTIVE,authority/strategy/WS_END_TO_END_STRATEGY_LIFECYCLE.md,Canonical Stage Map,36,"| `WS-S07` | establish IS sufficiency dan freeze one best-IS binding | `WS-S06` IS outcomes | `IS PASS + frozen winner`, `IS FAIL`, atau `INSUFFICIENT EVIDENCE` | hanya one frozen binding boleh diteruskan bila seluruh IS floor lulus |",77102392BC3E53162A18410776B82AB9C6F9ACBC,WS-B12,TBD,TBD,TBD,NOT_ASSESSED,NOT_ASSESSED,N/A,,
WS-CROSS-LIFE-R019,YES,CROSS,ORCHESTRATION,REQUIRED,MANDATORY,authority/strategy/WS_END_TO_END_STRATEGY_LIFECYCLE.md,Canonical Stage Map,37,"| `WS-S08` | test frozen winner on untouched OOS | frozen best-IS binding + untouched OOS suffix | OOS verdict | sample, return, downside, stability, dan ranking-usefulness OOS gates lulus |",87C473F0446748B926898C3C69292A6CAB1AE198,WS-B12,TBD,TBD,TBD,NOT_ASSESSED,NOT_ASSESSED,N/A,,
WS-CROSS-LIFE-R020,YES,CROSS,ORCHESTRATION,REQUIRED,MANDATORY,authority/strategy/WS_END_TO_END_STRATEGY_LIFECYCLE.md,Canonical Stage Map,38,| `WS-S09` | test edge under worse realistic friction | exact frozen OOS recommendation set | adverse-friction verdict | positive net edge tetap bertahan pada stress profile |,F59BD03CFD68BD54F573398A844ACC32121ADB21,WS-B12,TBD,TBD,TBD,NOT_ASSESSED,NOT_ASSESSED,N/A,,
WS-CROSS-LIFE-R021,YES,CROSS,ORCHESTRATION,REQUIRED,CONDITIONAL_ACTIVE,authority/strategy/WS_END_TO_END_STRATEGY_LIFECYCLE.md,Canonical Stage Map,39,| `WS-S10` | validate live-available core Top-Picks flow; optionally observe CONFIRM | exact frozen strategy + forward-only Market Data; optional D+1 data when available | core forward-shadow verdict + optional CONFIRM capability evidence | core duration/sample/return/no-leakage gates lulus; missing CONFIRM data is not a core failure |,F4D7318B09314A592AA06E525F3CD0BC1740E4B6,WS-B12,TBD,TBD,TBD,NOT_ASSESSED,NOT_ASSESSED,N/A,,
WS-CROSS-LIFE-R022,YES,CROSS,ORCHESTRATION,REQUIRED,MANDATORY,authority/strategy/WS_END_TO_END_STRATEGY_LIFECYCLE.md,Canonical Stage Map,40,| `WS-S11` | determine whether exact core strategy identity may enter production-use review | PASS core outcomes from `WS-S07..WS-S10` | production-use eligible-for-review atau rejected/not-ready; separate CONFIRM proof status | all required core proof stages PASS; CONFIRM availability does not block core review |,45F75F80AB452BDBBCFC993F76E72A0BB7699567,WS-B12,TBD,TBD,TBD,NOT_ASSESSED,NOT_ASSESSED,N/A,,
WS-S00-LIFE-R001,YES,WS-S00,ORCHESTRATION,REFERENCE_ONLY,MANDATORY,authority/strategy/WS_END_TO_END_STRATEGY_LIFECYCLE.md,WS-S00 — Scope and Success Lock,46,**Consumes:** product intent untuk Weekly Swing IDX.,5EBF68CEBC378F473000E2F7A378E56D57771634,WS-B00,N/A,N/A,N/A,N/A,REFERENCE_ONLY,N/A,,
WS-S00-LIFE-R002,YES,WS-S00,ORCHESTRATION,REQUIRED,MANDATORY,authority/strategy/WS_END_TO_END_STRATEGY_LIFECYCLE.md,WS-S00 — Scope and Success Lock,48,**Must establish:**,5F9360A2A2B1E2C97D90EC001027CF36876461A8,WS-B00,TBD,TBD,TBD,NOT_ASSESSED,NOT_ASSESSED,N/A,,
WS-S00-LIFE-R003,YES,WS-S00,ORCHESTRATION,REQUIRED,MANDATORY,authority/strategy/WS_END_TO_END_STRATEGY_LIFECYCLE.md,WS-S00 — Scope and Success Lock,49,only `weekly_swing` active policy;,3F2965D2344526C3CC5DA8B15A89E18DCE1C415C,WS-B00,TBD,TBD,TBD,NOT_ASSESSED,NOT_ASSESSED,N/A,,
WS-S00-LIFE-R004,YES,WS-S00,ORCHESTRATION,REQUIRED,MANDATORY,authority/strategy/WS_END_TO_END_STRATEGY_LIFECYCLE.md,WS-S00 — Scope and Success Lock,50,"decision-support only, bukan execution/portfolio system;",F45BCC862B43931118AA67BF4449756F13388932,WS-B00,TBD,TBD,TBD,NOT_ASSESSED,NOT_ASSESSED,N/A,,
WS-S00-LIFE-R005,YES,WS-S00,ORCHESTRATION,REQUIRED,MANDATORY,authority/strategy/WS_END_TO_END_STRATEGY_LIFECYCLE.md,WS-S00 — Scope and Success Lock,51,"final `TOP_PICKS` = qualified recommendations, bukan PLAN group;",34D5C266A2BA5614F5D36D8D602B5533E3A65D51,WS-B00,TBD,TBD,TBD,NOT_ASSESSED,NOT_ASSESSED,N/A,,
WS-S00-LIFE-R006,YES,WS-S00,ORCHESTRATION,REQUIRED,MANDATORY,authority/strategy/WS_END_TO_END_STRATEGY_LIFECYCLE.md,WS-S00 — Scope and Success Lock,52,quality over quantity dan valid zero-pick outcome;,442B99041E6C9C4551E931EDEF7D6FD810008CA5,WS-B00,TBD,TBD,TBD,NOT_ASSESSED,NOT_ASSESSED,N/A,,
WS-S00-LIFE-R007,YES,WS-S00,ORCHESTRATION,REQUIRED,MANDATORY,authority/strategy/WS_END_TO_END_STRATEGY_LIFECYCLE.md,WS-S00 — Scope and Success Lock,53,"objective = positive expected net return after realistic friction dengan controlled downside, bukan guaranteed profit.",AE380652746495EE526DD5E9CA8B4F63733E9B56,WS-B00,TBD,TBD,TBD,NOT_ASSESSED,NOT_ASSESSED,N/A,,
WS-S00-LIFE-R008,YES,WS-S00,ORCHESTRATION,REFERENCE_ONLY,MANDATORY,authority/strategy/WS_END_TO_END_STRATEGY_LIFECYCLE.md,WS-S00 — Scope and Success Lock,55,**Produces:** stable strategic boundary yang menjadi constraint seluruh stage berikutnya.,E4A7862521148B0048333301375ABA16F69E9C32,WS-B00,N/A,N/A,N/A,N/A,REFERENCE_ONLY,N/A,,
WS-S00-LIFE-R009,YES,WS-S00,ORCHESTRATION,REQUIRED,MANDATORY,authority/strategy/WS_END_TO_END_STRATEGY_LIFECYCLE.md,WS-S00 — Scope and Success Lock,57,"**May advance when:** objective, naming, scope, dan out-of-scope tidak ambigu.",BAC6C5C74B00C8D4A222C2A0872819310D7E23A6,WS-B00,TBD,TBD,TBD,NOT_ASSESSED,NOT_ASSESSED,N/A,,
WS-S01-LIFE-R001,YES,WS-S01,ORCHESTRATION,REFERENCE_ONLY,MANDATORY,authority/strategy/WS_END_TO_END_STRATEGY_LIFECYCLE.md,WS-S01 — Trusted Market Data Binding,61,**Owner detail:** `WS_MARKET_DATA_INPUT_REQUIREMENTS.md`.,1CBF0B3B11DB01DF8F2F6638382B8D2CDE880A10,WS-B01,N/A,N/A,N/A,N/A,REFERENCE_ONLY,N/A,,
WS-S01-LIFE-R002,YES,WS-S01,ORCHESTRATION,REFERENCE_ONLY,MANDATORY,authority/strategy/WS_END_TO_END_STRATEGY_LIFECYCLE.md,WS-S01 — Trusted Market Data Binding,63,"**Consumes:** one producer-facing, publication-aware Market Data read product for requested `asof_eod_date`, or an explicit exact/as-known replay identity for historical proof.",7CE8440C916349865AEA25FD22FFCC49DC40D914,WS-B01,N/A,N/A,N/A,N/A,REFERENCE_ONLY,N/A,,
WS-S01-LIFE-R003,YES,WS-S01,ORCHESTRATION,REQUIRED,MANDATORY,authority/strategy/WS_END_TO_END_STRATEGY_LIFECYCLE.md,WS-S01 — Trusted Market Data Binding,65,**Must establish for a new current PLAN:**,626AD6B4439B05AB344A32A2E984740B850FFF7E,WS-B01,TBD,TBD,TBD,NOT_ASSESSED,NOT_ASSESSED,N/A,,
WS-S01-LIFE-R004,YES,WS-S01,ORCHESTRATION,REQUIRED,MANDATORY,authority/strategy/WS_END_TO_END_STRATEGY_LIFECYCLE.md,WS-S01 — Trusted Market Data Binding,66,`readiness_state = READABLE`;,416B6D8C7F660859190E67DD59033C04DC8B2183,WS-B01,TBD,TBD,TBD,NOT_ASSESSED,NOT_ASSESSED,N/A,,
WS-S01-LIFE-R005,YES,WS-S01,ORCHESTRATION,REQUIRED,MANDATORY,authority/strategy/WS_END_TO_END_STRATEGY_LIFECYCLE.md,WS-S01 — Trusted Market Data Binding,67,`freshness_state = FRESH`;,E16BBF67669C2F8111A74D16719B125A2B825DD6,WS-B01,TBD,TBD,TBD,NOT_ASSESSED,NOT_ASSESSED,N/A,,
WS-S01-LIFE-R006,YES,WS-S01,ORCHESTRATION,REQUIRED,MANDATORY,authority/strategy/WS_END_TO_END_STRATEGY_LIFECYCLE.md,WS-S01 — Trusted Market Data Binding,68,`effective_trade_date = requested_trade_date`;,6B4FCBB8250BBF70E3B15ABF341FF53DA137DCDA,WS-B01,TBD,TBD,TBD,NOT_ASSESSED,NOT_ASSESSED,N/A,,
WS-S01-LIFE-R007,YES,WS-S01,ORCHESTRATION,REQUIRED,MANDATORY,authority/strategy/WS_END_TO_END_STRATEGY_LIFECYCLE.md,WS-S01 — Trusted Market Data Binding,69,one coherent publication/read-model/config/formula identity;,28D9FAFF1EE2C14609F21C780477582CB40E54D7,WS-B01,TBD,TBD,TBD,NOT_ASSESSED,NOT_ASSESSED,N/A,,
WS-S01-LIFE-R008,YES,WS-S01,ORCHESTRATION,REQUIRED,MANDATORY,authority/strategy/WS_END_TO_END_STRATEGY_LIFECYCLE.md,WS-S01 — Trusted Market Data Binding,70,stable listing identity and upstream `data_usable` facts;,F229EFB37EA89F3FF065A3C8EE01F1FCC7A14C18,WS-B01,TBD,TBD,TBD,NOT_ASSESSED,NOT_ASSESSED,N/A,,
WS-S01-LIFE-R009,YES,WS-S01,ORCHESTRATION,REQUIRED,MANDATORY,authority/strategy/WS_END_TO_END_STRATEGY_LIFECYCLE.md,WS-S01 — Trusted Market Data Binding,71,every field used by the active Weekly Swing gate/score/trade-plan rule is valid.,F55CAE8553BDA25E3C2DCA9F1AADEB14D19AB096,WS-B01,TBD,TBD,TBD,NOT_ASSESSED,NOT_ASSESSED,N/A,,
WS-S01-LIFE-R010,YES,WS-S01,ORCHESTRATION,REQUIRED,MANDATORY,authority/strategy/WS_END_TO_END_STRATEGY_LIFECYCLE.md,WS-S01 — Trusted Market Data Binding,73,"Explicit prior-date `STALE/DEGRADED` fallback may be observed as stale context but cannot be relabelled into a new PLAN for the requested date. `data_usable` is an upstream prerequisite, not Weekly Swing strategy eligibility.",48B4EA0F53653CD56C62E9205C13895694BB71F1,WS-B01,TBD,TBD,TBD,NOT_ASSESSED,NOT_ASSESSED,N/A,,
WS-S01-LIFE-R011,YES,WS-S01,ORCHESTRATION,REFERENCE_ONLY,MANDATORY,authority/strategy/WS_END_TO_END_STRATEGY_LIFECYCLE.md,WS-S01 — Trusted Market Data Binding,75,"**Produces:** trusted intake context plus per-ticker producer facts for `WS-S02`, or an explicit market-data availability/no-output state without direct-table fallback.",5FE0C6364B462D7C573CD72B3A2D5159A97C9908,WS-B01,N/A,N/A,N/A,N/A,REFERENCE_ONLY,N/A,,
WS-S01-LIFE-R012,YES,WS-S01,ORCHESTRATION,REQUIRED,MANDATORY,authority/strategy/WS_END_TO_END_STRATEGY_LIFECYCLE.md,WS-S01 — Trusted Market Data Binding,77,**May advance when:** required market facts are available through the single producer-facing contract and Watchlist does not reconstruct producer meaning.,45EA407366F13A427B97BAA24B55736CB8B27778,WS-B01,TBD,TBD,TBD,NOT_ASSESSED,NOT_ASSESSED,N/A,,
WS-S02-LIFE-R001,YES,WS-S02,ORCHESTRATION,REFERENCE_ONLY,MANDATORY,authority/strategy/WS_END_TO_END_STRATEGY_LIFECYCLE.md,WS-S02 — Eligibility and Candidate Classification,81,**Consumes:** trusted market context.,130C361FA0663F7F87E8E2C11BDBC647457B6F8F,WS-B03,N/A,N/A,N/A,N/A,REFERENCE_ONLY,N/A,,
WS-S02-LIFE-R002,YES,WS-S02,ORCHESTRATION,REQUIRED,MANDATORY,authority/strategy/WS_END_TO_END_STRATEGY_LIFECYCLE.md,WS-S02 — Eligibility and Candidate Classification,83,**Must apply before scoring:**,B2417209A0342360BE8B087FFAC1277309766A75,WS-B03,TBD,TBD,TBD,NOT_ASSESSED,NOT_ASSESSED,N/A,,
WS-S02-LIFE-R003,YES,WS-S02,ORCHESTRATION,REQUIRED,MANDATORY,authority/strategy/WS_END_TO_END_STRATEGY_LIFECYCLE.md,WS-S02 — Eligibility and Candidate Classification,84,liquidity/executability floor;,815673A2B9F81FC463D782FB703F4D1B8D762F49,WS-B03,TBD,TBD,TBD,NOT_ASSESSED,NOT_ASSESSED,N/A,,
WS-S02-LIFE-R004,YES,WS-S02,ORCHESTRATION,REQUIRED,MANDATORY,authority/strategy/WS_END_TO_END_STRATEGY_LIFECYCLE.md,WS-S02 — Eligibility and Candidate Classification,85,participation/volume rule;,07EB972B70669848FF5FEC87062E044E0C1AC122,WS-B03,TBD,TBD,TBD,NOT_ASSESSED,NOT_ASSESSED,N/A,,
WS-S02-LIFE-R005,YES,WS-S02,ORCHESTRATION,REQUIRED,MANDATORY,authority/strategy/WS_END_TO_END_STRATEGY_LIFECYCLE.md,WS-S02 — Eligibility and Candidate Classification,86,volatility/risk rule;,41CB9CA7B5974B5BA4966D7A0A398ED256572774,WS-B03,TBD,TBD,TBD,NOT_ASSESSED,NOT_ASSESSED,N/A,,
WS-S02-LIFE-R006,YES,WS-S02,ORCHESTRATION,REQUIRED,MANDATORY,authority/strategy/WS_END_TO_END_STRATEGY_LIFECYCLE.md,WS-S02 — Eligibility and Candidate Classification,87,momentum/setup requirements;,7EB1286DCA201178B081DF94654585E5708AFEFC,WS-B03,TBD,TBD,TBD,NOT_ASSESSED,NOT_ASSESSED,N/A,,
WS-S02-LIFE-R007,YES,WS-S02,ORCHESTRATION,REQUIRED,CONDITIONAL_ACTIVE,authority/strategy/WS_END_TO_END_STRATEGY_LIFECYCLE.md,WS-S02 — Eligibility and Candidate Classification,88,regime compatibility bila active;,07B4D6F82C2FAD5BAB65666B8C5852E60557E3BB,WS-B03,TBD,TBD,TBD,NOT_ASSESSED,NOT_ASSESSED,N/A,,
WS-S02-LIFE-R008,YES,WS-S02,ORCHESTRATION,REQUIRED,MANDATORY,authority/strategy/WS_END_TO_END_STRATEGY_LIFECYCLE.md,WS-S02 — Eligibility and Candidate Classification,89,complete active feature requirement.,03D0C3460B63E462B553D382218ED8DA9F8DEA24,WS-B03,TBD,TBD,TBD,NOT_ASSESSED,NOT_ASSESSED,N/A,,
WS-S02-LIFE-R009,YES,WS-S02,ORCHESTRATION,REQUIRED,MANDATORY,authority/strategy/WS_END_TO_END_STRATEGY_LIFECYCLE.md,WS-S02 — Eligibility and Candidate Classification,91,**Produces exactly one state per evaluated ticker:**,80194151D2D15422D58A3957D52EF3496EFD70BF,WS-B03,TBD,TBD,TBD,NOT_ASSESSED,NOT_ASSESSED,N/A,,
WS-S02-LIFE-R010,YES,WS-S02,ORCHESTRATION,REQUIRED,MANDATORY,authority/strategy/WS_END_TO_END_STRATEGY_LIFECYCLE.md,WS-S02 — Eligibility and Candidate Classification,92,`RECOMMENDATION_CANDIDATES`;,543BA99C5B958E8910B76A7EF603C2B17EF87A6A,WS-B03,TBD,TBD,TBD,NOT_ASSESSED,NOT_ASSESSED,N/A,,
WS-S02-LIFE-R011,YES,WS-S02,ORCHESTRATION,REQUIRED,MANDATORY,authority/strategy/WS_END_TO_END_STRATEGY_LIFECYCLE.md,WS-S02 — Eligibility and Candidate Classification,93,`WATCH_ONLY`;,3C39B429F1DADA11E8730EC9C95A1FA9257E05C1,WS-B03,TBD,TBD,TBD,NOT_ASSESSED,NOT_ASSESSED,N/A,,
WS-S02-LIFE-R012,YES,WS-S02,ORCHESTRATION,REQUIRED,MANDATORY,authority/strategy/WS_END_TO_END_STRATEGY_LIFECYCLE.md,WS-S02 — Eligibility and Candidate Classification,94,`AVOID`.,BF3997386BD8634831E47D45BA8ECADD378FC98F,WS-B03,TBD,TBD,TBD,NOT_ASSESSED,NOT_ASSESSED,N/A,,
WS-S02-LIFE-R013,YES,WS-S02,ORCHESTRATION,REQUIRED,MANDATORY,authority/strategy/WS_END_TO_END_STRATEGY_LIFECYCLE.md,WS-S02 — Eligibility and Candidate Classification,96,Only `RECOMMENDATION_CANDIDATES` may enter scoring/final-recommendation path.,2E277CF2B114AEC4B8E3E42BEFE3036C7EB10FD2,WS-B03,TBD,TBD,TBD,NOT_ASSESSED,NOT_ASSESSED,N/A,,
WS-S02-LIFE-R014,YES,WS-S02,ORCHESTRATION,REQUIRED,MANDATORY,authority/strategy/WS_END_TO_END_STRATEGY_LIFECYCLE.md,WS-S02 — Eligibility and Candidate Classification,98,**May advance when:** state assignment deterministic dan tidak memakai relative quota untuk menyelamatkan ticker yang gagal absolute quality.,02016718A27251C23BCF7411F23A8537EEDA1DDE,WS-B03,TBD,TBD,TBD,NOT_ASSESSED,NOT_ASSESSED,N/A,,
WS-S03-LIFE-R001,YES,WS-S03,ORCHESTRATION,REFERENCE_ONLY,MANDATORY,authority/strategy/WS_END_TO_END_STRATEGY_LIFECYCLE.md,"WS-S03 — PLAN Scoring, Ordering, and Trade-Plan Freeze",102,**Consumes:** `RECOMMENDATION_CANDIDATES` dari `WS-S02`.,449291091720C1F1715178426C1E15A90C12C149,WS-B04,N/A,N/A,N/A,N/A,REFERENCE_ONLY,N/A,,
WS-S03-LIFE-R002,YES,WS-S03,ORCHESTRATION,REQUIRED,MANDATORY,authority/strategy/WS_END_TO_END_STRATEGY_LIFECYCLE.md,"WS-S03 — PLAN Scoring, Ordering, and Trade-Plan Freeze",104,**Must produce:**,49E630A0F34EDD76C3C73970C12B27E1A8E593B8,WS-B04,TBD,TBD,TBD,NOT_ASSESSED,NOT_ASSESSED,N/A,,
WS-S03-LIFE-R003,YES,WS-S03,ORCHESTRATION,REQUIRED,MANDATORY,authority/strategy/WS_END_TO_END_STRATEGY_LIFECYCLE.md,"WS-S03 — PLAN Scoring, Ordering, and Trade-Plan Freeze",105,valid normalized component scores;,7F183F358207576DC661546251F803506F2D6C3D,WS-B04,TBD,TBD,TBD,NOT_ASSESSED,NOT_ASSESSED,N/A,,
WS-S03-LIFE-R004,YES,WS-S03,ORCHESTRATION,REQUIRED,MANDATORY,authority/strategy/WS_END_TO_END_STRATEGY_LIFECYCLE.md,"WS-S03 — PLAN Scoring, Ordering, and Trade-Plan Freeze",106,canonical `score_total`;,04C27021A287DF34662728B5A86731A013EB8515,WS-B04,TBD,TBD,TBD,NOT_ASSESSED,NOT_ASSESSED,N/A,,
WS-S03-LIFE-R005,YES,WS-S03,ORCHESTRATION,REQUIRED,MANDATORY,authority/strategy/WS_END_TO_END_STRATEGY_LIFECYCLE.md,"WS-S03 — PLAN Scoring, Ordering, and Trade-Plan Freeze",107,deterministic candidate ordering;,405DD369BA2864D37CA85C10AA88FEF066F55F43,WS-B04,TBD,TBD,TBD,NOT_ASSESSED,NOT_ASSESSED,N/A,,
WS-S03-LIFE-R006,YES,WS-S03,ORCHESTRATION,REQUIRED,MANDATORY,authority/strategy/WS_END_TO_END_STRATEGY_LIFECYCLE.md,"WS-S03 — PLAN Scoring, Ordering, and Trade-Plan Freeze",108,causal entry reference/band;,A555042F72FD6A47F616B28FE4B38A3F842EA590,WS-B04,TBD,TBD,TBD,NOT_ASSESSED,NOT_ASSESSED,N/A,,
WS-S03-LIFE-R007,YES,WS-S03,ORCHESTRATION,REQUIRED,MANDATORY,authority/strategy/WS_END_TO_END_STRATEGY_LIFECYCLE.md,"WS-S03 — PLAN Scoring, Ordering, and Trade-Plan Freeze",109,one active predeclared exit/risk-policy binding;,C5D303339410E661C1B0C20390CCA427384E5C7C,WS-B04,TBD,TBD,TBD,NOT_ASSESSED,NOT_ASSESSED,N/A,,
WS-S03-LIFE-R008,YES,WS-S03,ORCHESTRATION,REQUIRED,MANDATORY,authority/strategy/WS_END_TO_END_STRATEGY_LIFECYCLE.md,"WS-S03 — PLAN Scoring, Ordering, and Trade-Plan Freeze",110,immutable PLAN.,F4794C05C7598E613C9C2152973A28EACF0B9179,WS-B04,TBD,TBD,TBD,NOT_ASSESSED,NOT_ASSESSED,N/A,,
WS-S03-LIFE-R009,YES,WS-S03,ORCHESTRATION,REQUIRED,MANDATORY,authority/strategy/WS_END_TO_END_STRATEGY_LIFECYCLE.md,"WS-S03 — PLAN Scoring, Ordering, and Trade-Plan Freeze",112,PLAN **does not** create final Top Picks.,0E2A973620626E21544A6A36803F304B0C3E577A,WS-B04,TBD,TBD,TBD,NOT_ASSESSED,NOT_ASSESSED,N/A,,
WS-S03-LIFE-R010,YES,WS-S03,ORCHESTRATION,REQUIRED,MANDATORY,authority/strategy/WS_END_TO_END_STRATEGY_LIFECYCLE.md,"WS-S03 — PLAN Scoring, Ordering, and Trade-Plan Freeze",114,"**May advance when:** PLAN untuk `trade_date` complete, deterministic, replayable, dan immutable.",D4C2B1EF42DCAB1C93B3379A99E15C81034A4A62,WS-B04,TBD,TBD,TBD,NOT_ASSESSED,NOT_ASSESSED,N/A,,
WS-S04-LIFE-R001,YES,WS-S04,ORCHESTRATION,REFERENCE_ONLY,MANDATORY,authority/strategy/WS_END_TO_END_STRATEGY_LIFECYCLE.md,WS-S04 — Final Recommendation and Top Picks,118,**Consumes:** immutable PLAN only.,757885D1C932BEA2D14B818ACFC48CDBFB6AE7D4,WS-B05,N/A,N/A,N/A,N/A,REFERENCE_ONLY,N/A,,
WS-S04-LIFE-R002,YES,WS-S04,ORCHESTRATION,REQUIRED,MANDATORY,authority/strategy/WS_END_TO_END_STRATEGY_LIFECYCLE.md,WS-S04 — Final Recommendation and Top Picks,120,**Must apply:**,25E8D3DF612D8E1F48B33752137D0C3ECD5CEC33,WS-B05,TBD,TBD,TBD,NOT_ASSESSED,NOT_ASSESSED,N/A,,
WS-S04-LIFE-R003,YES,WS-S04,ORCHESTRATION,REQUIRED,MANDATORY,authority/strategy/WS_END_TO_END_STRATEGY_LIFECYCLE.md,WS-S04 — Final Recommendation and Top Picks,121,final mandatory quality/risk gates;,76FDA3293BB5B02F4F5294AABF9F9225999D71DE,WS-B05,TBD,TBD,TBD,NOT_ASSESSED,NOT_ASSESSED,N/A,,
WS-S04-LIFE-R004,YES,WS-S04,ORCHESTRATION,REQUIRED,MANDATORY,authority/strategy/WS_END_TO_END_STRATEGY_LIFECYCLE.md,WS-S04 — Final Recommendation and Top Picks,122,absolute recommendation quality floor;,FEF27D1955EE42D7168FA76A2A4E75E5E033C30E,WS-B05,TBD,TBD,TBD,NOT_ASSESSED,NOT_ASSESSED,N/A,,
WS-S04-LIFE-R005,YES,WS-S04,ORCHESTRATION,REQUIRED,MANDATORY,authority/strategy/WS_END_TO_END_STRATEGY_LIFECYCLE.md,WS-S04 — Final Recommendation and Top Picks,123,canonical score-based deterministic ordering.,727EC75167A579C283DB3BAFFBAE80D9F89A23D8,WS-B05,TBD,TBD,TBD,NOT_ASSESSED,NOT_ASSESSED,N/A,,
WS-S04-LIFE-R006,YES,WS-S04,ORCHESTRATION,REFERENCE_ONLY,MANDATORY,authority/strategy/WS_END_TO_END_STRATEGY_LIFECYCLE.md,WS-S04 — Final Recommendation and Top Picks,125,**Produces:** all and only qualified candidates as `TOP_PICKS` rank `1..N`.,E46DE70EC3BBAB17ABF9FEC6CD6767AE52AD80F3,WS-B05,N/A,N/A,N/A,N/A,REFERENCE_ONLY,N/A,,
WS-S04-LIFE-R007,YES,WS-S04,ORCHESTRATION,REQUIRED,MANDATORY,authority/strategy/WS_END_TO_END_STRATEGY_LIFECYCLE.md,WS-S04 — Final Recommendation and Top Picks,127,`N` has no quota and may be zero.,EB2F49F53D38D8264024639D9ABE7DF3FB0764D7,WS-B05,TBD,TBD,TBD,NOT_ASSESSED,NOT_ASSESSED,N/A,,
WS-S04-LIFE-R008,YES,WS-S04,ORCHESTRATION,REQUIRED,MANDATORY,authority/strategy/WS_END_TO_END_STRATEGY_LIFECYCLE.md,WS-S04 — Final Recommendation and Top Picks,129,**May advance when:** membership/rank reproducible and capital-independent.,DE40E2564131BF40B4A7D37774FF33E4A45D1C21,WS-B05,TBD,TBD,TBD,NOT_ASSESSED,NOT_ASSESSED,N/A,,
WS-S05-LIFE-R001,YES,WS-S05,ORCHESTRATION,REQUIRED,OPTIONAL_CAPABILITY,authority/strategy/WS_END_TO_END_STRATEGY_LIFECYCLE.md,WS-S05 — Optional D+1 CONFIRM Actionability,133,`WS-S05` is an **optional non-blocking branch** from final Top Picks. `WS-S06` core proof does not depend on completion of `WS-S05`.,A10BF5F1B43D5190BE59812465D639FF97C7BEC7,WS-B07,TBD,TBD,TBD,NOT_ASSESSED,OPTIONAL_NOT_REQUESTED,N/A,,
WS-S05-LIFE-R002,YES,WS-S05,ORCHESTRATION,REFERENCE_ONLY,OPTIONAL_CAPABILITY,authority/strategy/WS_END_TO_END_STRATEGY_LIFECYCLE.md,WS-S05 — Optional D+1 CONFIRM Actionability,135,**Consumes:** final Top Pick and a valid current-entry snapshot **when available** during canonical entry window. The D+1 snapshot is a decision-time input distinct from the EOD snapshot used to form the recommendation and cannot be used retroactively in EOD scoring/ranking.,F75F6B5927A90AEE231A9978E9D9DFE35E298293,WS-B07,N/A,N/A,N/A,N/A,REFERENCE_ONLY,N/A,,
WS-S05-LIFE-R003,YES,WS-S05,ORCHESTRATION,REQUIRED,OPTIONAL_CAPABILITY,authority/strategy/WS_END_TO_END_STRATEGY_LIFECYCLE.md,WS-S05 — Optional D+1 CONFIRM Actionability,137,**May produce:**,37FF3686D32ABB3BA1FEEAF12C6E5E7BF7DC24B3,WS-B07,TBD,TBD,TBD,NOT_ASSESSED,OPTIONAL_NOT_REQUESTED,N/A,,
WS-S05-LIFE-R004,YES,WS-S05,ORCHESTRATION,REQUIRED,OPTIONAL_CAPABILITY,authority/strategy/WS_END_TO_END_STRATEGY_LIFECYCLE.md,WS-S05 — Optional D+1 CONFIRM Actionability,138,`NOT_REQUESTED`;,C797FD12A8B348974A7DF9960DD97EA0400CD9B9,WS-B07,TBD,TBD,TBD,NOT_ASSESSED,OPTIONAL_NOT_REQUESTED,N/A,,
WS-S05-LIFE-R005,YES,WS-S05,ORCHESTRATION,REQUIRED,OPTIONAL_CAPABILITY,authority/strategy/WS_END_TO_END_STRATEGY_LIFECYCLE.md,WS-S05 — Optional D+1 CONFIRM Actionability,139,`UNAVAILABLE_RETRYABLE`;,CC1CF6F99A85747657D32686CEA2E3C78A457934,WS-B07,TBD,TBD,TBD,NOT_ASSESSED,OPTIONAL_NOT_REQUESTED,N/A,,
WS-S05-LIFE-R006,YES,WS-S05,ORCHESTRATION,REQUIRED,OPTIONAL_CAPABILITY,authority/strategy/WS_END_TO_END_STRATEGY_LIFECYCLE.md,WS-S05 — Optional D+1 CONFIRM Actionability,140,`ACTIONABLE`;,6E8F167B3C7E01F003A1D8605BFBF93BEA949C99,WS-B07,TBD,TBD,TBD,NOT_ASSESSED,OPTIONAL_NOT_REQUESTED,N/A,,
WS-S05-LIFE-R007,YES,WS-S05,ORCHESTRATION,REQUIRED,OPTIONAL_CAPABILITY,authority/strategy/WS_END_TO_END_STRATEGY_LIFECYCLE.md,WS-S05 — Optional D+1 CONFIRM Actionability,141,`NOT_ACTIONABLE`;,7FE1F7A1AD83FA22573DCAA84219C72EE6F4F918,WS-B07,TBD,TBD,TBD,NOT_ASSESSED,OPTIONAL_NOT_REQUESTED,N/A,,
WS-S05-LIFE-R008,YES,WS-S05,ORCHESTRATION,REQUIRED,OPTIONAL_CAPABILITY,authority/strategy/WS_END_TO_END_STRATEGY_LIFECYCLE.md,WS-S05 — Optional D+1 CONFIRM Actionability,142,`EXPIRED_UNCONFIRMED`.,D5DEFBADBC8EBA46481EB3BB4CDED7614A9B482A,WS-B07,TBD,TBD,TBD,NOT_ASSESSED,OPTIONAL_NOT_REQUESTED,N/A,,
WS-S05-LIFE-R009,YES,WS-S05,ORCHESTRATION,REQUIRED,OPTIONAL_CAPABILITY,authority/strategy/WS_END_TO_END_STRATEGY_LIFECYCLE.md,WS-S05 — Optional D+1 CONFIRM Actionability,144,"`NOT_ACTIONABLE` requires valid decision-time data and an actually evaluated failed gate. Missing, stale, incomplete, delayed, or temporarily unavailable data must produce `UNAVAILABLE_RETRYABLE`, not a negative decision.",79C1122C17B43A2D59D2B263CBAC5103576564A6,WS-B07,TBD,TBD,TBD,NOT_ASSESSED,OPTIONAL_NOT_REQUESTED,N/A,,
WS-S05-LIFE-R010,YES,WS-S05,ORCHESTRATION,REQUIRED,OPTIONAL_CAPABILITY,authority/strategy/WS_END_TO_END_STRATEGY_LIFECYCLE.md,WS-S05 — Optional D+1 CONFIRM Actionability,146,`UNAVAILABLE_RETRYABLE` may be reevaluated when valid data arrives while the canonical entry window remains open.,577886DE41034686613F2DCE4764480DBA704D08,WS-B07,TBD,TBD,TBD,NOT_ASSESSED,OPTIONAL_NOT_REQUESTED,N/A,,
WS-S05-LIFE-R011,YES,WS-S05,ORCHESTRATION,REQUIRED,OPTIONAL_CAPABILITY,authority/strategy/WS_END_TO_END_STRATEGY_LIFECYCLE.md,WS-S05 — Optional D+1 CONFIRM Actionability,148,"CONFIRM cannot add a ticker, rescore, rerank, rewrite EOD recommendation history, or turn core Top Picks into a failed run.",2B72BBF593EC0BB9923BF243E04D8DCF71AFD8D5,WS-B07,TBD,TBD,TBD,NOT_ASSESSED,OPTIONAL_NOT_REQUESTED,N/A,,
WS-S05-LIFE-R012,YES,WS-S05,ORCHESTRATION,REQUIRED,OPTIONAL_CAPABILITY,authority/strategy/WS_END_TO_END_STRATEGY_LIFECYCLE.md,WS-S05 — Optional D+1 CONFIRM Actionability,150,**Valid outcomes:**,5145501497FC27092ACB6FDBB9DA188E66623E5E,WS-B07,TBD,TBD,TBD,NOT_ASSESSED,OPTIONAL_NOT_REQUESTED,N/A,,
WS-S05-LIFE-R013,YES,WS-S05,ORCHESTRATION,REQUIRED,OPTIONAL_CAPABILITY,authority/strategy/WS_END_TO_END_STRATEGY_LIFECYCLE.md,WS-S05 — Optional D+1 CONFIRM Actionability,151,no Top Picks → valid `NO QUALIFIED TOP PICKS`; CONFIRM not needed;,E6C1C85D3B0D08C1EA03AC77E572F4D13805477F,WS-B07,TBD,TBD,TBD,NOT_ASSESSED,OPTIONAL_NOT_REQUESTED,N/A,,
WS-S05-LIFE-R014,YES,WS-S05,ORCHESTRATION,REQUIRED,OPTIONAL_CAPABILITY,authority/strategy/WS_END_TO_END_STRATEGY_LIFECYCLE.md,WS-S05 — Optional D+1 CONFIRM Actionability,152,no CONFIRM request/data → Top Picks remain valid EOD recommendations;,EB4E7A9D8DD8175E2A16163C9D7AB2A8B618FE9D,WS-B07,TBD,TBD,TBD,NOT_ASSESSED,OPTIONAL_NOT_REQUESTED,N/A,,
WS-S05-LIFE-R015,YES,WS-S05,ORCHESTRATION,REQUIRED,OPTIONAL_CAPABILITY,authority/strategy/WS_END_TO_END_STRATEGY_LIFECYCLE.md,WS-S05 — Optional D+1 CONFIRM Actionability,153,Top Pick validly evaluates not actionable → `DO NOT ENTER NOW` for that ticker;,AA83EE767F122D2EAF0B01107CB3FE239E710A17,WS-B07,TBD,TBD,TBD,NOT_ASSESSED,OPTIONAL_NOT_REQUESTED,N/A,,
WS-S05-LIFE-R016,YES,WS-S05,ORCHESTRATION,REQUIRED,OPTIONAL_CAPABILITY,authority/strategy/WS_END_TO_END_STRATEGY_LIFECYCLE.md,WS-S05 — Optional D+1 CONFIRM Actionability,154,"expired entry window without valid evaluation → `EXPIRED_UNCONFIRMED`, no automatic carry-forward and no core failure.",2037B8B35C05DD26058F71A7C75C7662F4059A99,WS-B07,TBD,TBD,TBD,NOT_ASSESSED,OPTIONAL_NOT_REQUESTED,N/A,,
WS-S06-LIFE-R001,YES,WS-S06,ORCHESTRATION,REFERENCE_ONLY,MANDATORY,authority/strategy/WS_END_TO_END_STRATEGY_LIFECYCLE.md,WS-S06 — Historical Evaluation Model,158,**Consumes:** exact frozen EOD selection/trade-plan semantics and historical point-in-time Market Data.,CDE396F33C2BE24F3453A0CB0BAF51BCA02A3D4F,WS-B08,N/A,N/A,N/A,N/A,REFERENCE_ONLY,N/A,,
WS-S06-LIFE-R002,YES,WS-S06,ORCHESTRATION,REQUIRED,MANDATORY,authority/strategy/WS_END_TO_END_STRATEGY_LIFECYCLE.md,WS-S06 — Historical Evaluation Model,160,**Must replay:** candidate eligibility → PLAN → final Top Picks → causal executable entry/exit → realistic net return.,D9B6FBEDD3FBE7DAC1DACD2713B9B6A8D656E729,WS-B08,TBD,TBD,TBD,NOT_ASSESSED,NOT_ASSESSED,N/A,,
WS-S06-LIFE-R003,YES,WS-S06,ORCHESTRATION,REQUIRED,CONDITIONAL_ACTIVE,authority/strategy/WS_END_TO_END_STRATEGY_LIFECYCLE.md,WS-S06 — Historical Evaluation Model,162,"Only final Top Picks are canonical evaluated recommendations. Canonical historical evaluation proves EOD recommendation/ranking edge; it does not fabricate unavailable D+1 CONFIRM observations. Optional CONFIRM capability may be evaluated in `WS-S10` using actually available decision-time information, but its data availability is not required for core proof.",C1F0578BE12816C31E7B8BD9B030FDB28456FDD6,WS-B08,TBD,TBD,TBD,NOT_ASSESSED,NOT_ASSESSED,N/A,,
WS-S06-LIFE-R004,YES,WS-S06,ORCHESTRATION,REFERENCE_ONLY,MANDATORY,authority/strategy/WS_END_TO_END_STRATEGY_LIFECYCLE.md,WS-S06 — Historical Evaluation Model,164,"**Produces:** deterministic IS/OOS-ready outcomes, including valid no-recommendation dates and skipped non-executable trades.",F333C0F90E54ADB9B8C55BED64A350C83AAA9D89,WS-B08,N/A,N/A,N/A,N/A,REFERENCE_ONLY,N/A,,
WS-S07-LIFE-R001,YES,WS-S07,ORCHESTRATION,REFERENCE_ONLY,MANDATORY,authority/strategy/WS_END_TO_END_STRATEGY_LIFECYCLE.md,WS-S07 — IS Sufficiency and Winner Freeze,168,**Consumes:** IS outcomes from one preregistered candidate grid.,C47E6CBDEF6DD558AEE85E9235184C6386F97607,WS-B09,N/A,N/A,N/A,N/A,REFERENCE_ONLY,N/A,,
WS-S07-LIFE-R002,YES,WS-S07,ORCHESTRATION,REQUIRED,MANDATORY,authority/strategy/WS_END_TO_END_STRATEGY_LIFECYCLE.md,WS-S07 — IS Sufficiency and Winner Freeze,170,"**Must evaluate:** sample sufficiency, coverage, net-return distribution, downside, period stability, and ranking usefulness.",ED0D755908CF2096EA0FD4F0627AEE6D59F485CC,WS-B09,TBD,TBD,TBD,NOT_ASSESSED,NOT_ASSESSED,N/A,,
WS-S07-LIFE-R003,YES,WS-S07,ORCHESTRATION,REQUIRED,MANDATORY,authority/strategy/WS_END_TO_END_STRATEGY_LIFECYCLE.md,WS-S07 — IS Sufficiency and Winner Freeze,172,**Produces one of:**,9A97CA9D511E0A1858B02738185CAB1C5C76EBAF,WS-B09,TBD,TBD,TBD,NOT_ASSESSED,NOT_ASSESSED,N/A,,
WS-S07-LIFE-R004,YES,WS-S07,ORCHESTRATION,REQUIRED,MANDATORY,authority/strategy/WS_END_TO_END_STRATEGY_LIFECYCLE.md,WS-S07 — IS Sufficiency and Winner Freeze,173,`IS PASS` and exactly one frozen best-IS identity;,380DC3B703AE1B206A2C65007EC3C02D7E8FACC7,WS-B09,TBD,TBD,TBD,NOT_ASSESSED,NOT_ASSESSED,N/A,,
WS-S07-LIFE-R005,YES,WS-S07,ORCHESTRATION,REQUIRED,MANDATORY,authority/strategy/WS_END_TO_END_STRATEGY_LIFECYCLE.md,WS-S07 — IS Sufficiency and Winner Freeze,174,`IS FAIL`;,086EBFB32636C4697CC1DD656EF3D6D52E46F2DB,WS-B09,TBD,TBD,TBD,NOT_ASSESSED,NOT_ASSESSED,N/A,,
WS-S07-LIFE-R006,YES,WS-S07,ORCHESTRATION,REQUIRED,MANDATORY,authority/strategy/WS_END_TO_END_STRATEGY_LIFECYCLE.md,WS-S07 — IS Sufficiency and Winner Freeze,175,`INSUFFICIENT EVIDENCE`.,1FB40D23D40DE212B7E9F6D1E765684239AFA435,WS-B09,TBD,TBD,TBD,NOT_ASSESSED,NOT_ASSESSED,N/A,,
WS-S07-LIFE-R007,YES,WS-S07,ORCHESTRATION,REQUIRED,MANDATORY,authority/strategy/WS_END_TO_END_STRATEGY_LIFECYCLE.md,WS-S07 — IS Sufficiency and Winner Freeze,177,Only the frozen winner may enter untouched OOS.,D37187C0D89E159A3E431686242C0DA8EF65EEE5,WS-B09,TBD,TBD,TBD,NOT_ASSESSED,NOT_ASSESSED,N/A,,
WS-S08-LIFE-R001,YES,WS-S08,ORCHESTRATION,REFERENCE_ONLY,MANDATORY,authority/strategy/WS_END_TO_END_STRATEGY_LIFECYCLE.md,WS-S08 — Untouched OOS Proof,181,**Consumes:** exact frozen best-IS identity and untouched chronological OOS suffix.,66D75471ED19BD903AB45104C63D46D3E7ED621F,WS-B10,N/A,N/A,N/A,N/A,REFERENCE_ONLY,N/A,,
WS-S08-LIFE-R002,YES,WS-S08,ORCHESTRATION,REQUIRED,MANDATORY,authority/strategy/WS_END_TO_END_STRATEGY_LIFECYCLE.md,WS-S08 — Untouched OOS Proof,183,"No threshold, score transform, weight, cost assumption, recommendation rule, or exit rule may be retuned after OOS outcome is read.",B2954824EA325AB8F191AA5B90ABC7F3B9A3585A,WS-B10,TBD,TBD,TBD,NOT_ASSESSED,NOT_ASSESSED,N/A,,
WS-S08-LIFE-R003,YES,WS-S08,ORCHESTRATION,REFERENCE_ONLY,MANDATORY,authority/strategy/WS_END_TO_END_STRATEGY_LIFECYCLE.md,WS-S08 — Untouched OOS Proof,185,**Produces:** OOS PASS/FAIL/INSUFFICIENT verdict on exact final Top Picks.,4A35A8FF53EE155E59C51A7688F615F2EB9AEDA6,WS-B10,N/A,N/A,N/A,N/A,REFERENCE_ONLY,N/A,,
WS-S09-LIFE-R001,YES,WS-S09,ORCHESTRATION,REFERENCE_ONLY,MANDATORY,authority/strategy/WS_END_TO_END_STRATEGY_LIFECYCLE.md,WS-S09 — Adverse-Friction Robustness,189,**Consumes:** exact frozen OOS recommendations; recommendation membership and rank stay unchanged.,6DB87F3ED74C5B117BDA4F1D75CC57C351B94D30,WS-B10,N/A,N/A,N/A,N/A,REFERENCE_ONLY,N/A,,
WS-S09-LIFE-R002,YES,WS-S09,ORCHESTRATION,REQUIRED,MANDATORY,authority/strategy/WS_END_TO_END_STRATEGY_LIFECYCLE.md,WS-S09 — Adverse-Friction Robustness,191,Only execution-return assumptions become more conservative.,AFD346E1B46702F79F5E4279B01C1F27091EADD1,WS-B10,TBD,TBD,TBD,NOT_ASSESSED,NOT_ASSESSED,N/A,,
WS-S09-LIFE-R003,YES,WS-S09,ORCHESTRATION,REFERENCE_ONLY,MANDATORY,authority/strategy/WS_END_TO_END_STRATEGY_LIFECYCLE.md,WS-S09 — Adverse-Friction Robustness,193,**Produces:** stress PASS/FAIL.,CD51615D928FA6C3E171FC9D4A3B604AF861C59A,WS-B10,N/A,N/A,N/A,N/A,REFERENCE_ONLY,N/A,,
WS-S09-LIFE-R004,YES,WS-S09,ORCHESTRATION,REQUIRED,MANDATORY,authority/strategy/WS_END_TO_END_STRATEGY_LIFECYCLE.md,WS-S09 — Adverse-Friction Robustness,195,"If positive net edge disappears under realistic adverse friction, strategy is not production-use eligible.",77818F7FAB0363857A211D5DD7808318411DEA12,WS-B10,TBD,TBD,TBD,NOT_ASSESSED,NOT_ASSESSED,N/A,,
WS-S10-LIFE-R001,YES,WS-S10,ORCHESTRATION,REFERENCE_ONLY,OPTIONAL_CAPABILITY,authority/strategy/WS_END_TO_END_STRATEGY_LIFECYCLE.md,WS-S10 — Forward Shadow Core Flow + Optional CONFIRM Observation,199,**Consumes:** exact frozen strategy identity using only information actually available forward in time.,5ED2F7213D50EE2DFBE55FBD7D49D94CE28EAB14,WS-B11,N/A,N/A,N/A,N/A,REFERENCE_ONLY,N/A,,
WS-S10-LIFE-R002,YES,WS-S10,ORCHESTRATION,REQUIRED,OPTIONAL_CAPABILITY,authority/strategy/WS_END_TO_END_STRATEGY_LIFECYCLE.md,WS-S10 — Forward Shadow Core Flow + Optional CONFIRM Observation,201,**Required core observation:**,3F0348F06157A1A35A88D2A8E668F8EB462FD969,WS-B11,TBD,TBD,TBD,NOT_ASSESSED,OPTIONAL_NOT_REQUESTED,N/A,,
WS-S10-LIFE-R003,YES,WS-S10,ORCHESTRATION,REQUIRED,OPTIONAL_CAPABILITY,authority/strategy/WS_END_TO_END_STRATEGY_LIFECYCLE.md,WS-S10 — Forward Shadow Core Flow + Optional CONFIRM Observation,202,`Market Data → PLAN → TOP PICKS → causal realized outcome`,622A71B608D3AA6EAFA99D9F1D1CDAF3B5663615,WS-B11,TBD,TBD,TBD,NOT_ASSESSED,OPTIONAL_NOT_REQUESTED,N/A,,
WS-S10-LIFE-R004,YES,WS-S10,ORCHESTRATION,REQUIRED,OPTIONAL_CAPABILITY,authority/strategy/WS_END_TO_END_STRATEGY_LIFECYCLE.md,WS-S10 — Forward Shadow Core Flow + Optional CONFIRM Observation,204,**Optional CONFIRM observation when valid D+1 data is available:**,47497C7CFC7F0F95BC17D88D06E7826314731FCE,WS-B11,TBD,TBD,TBD,NOT_ASSESSED,OPTIONAL_NOT_REQUESTED,N/A,,
WS-S10-LIFE-R005,YES,WS-S10,ORCHESTRATION,REQUIRED,OPTIONAL_CAPABILITY,authority/strategy/WS_END_TO_END_STRATEGY_LIFECYCLE.md,WS-S10 — Forward Shadow Core Flow + Optional CONFIRM Observation,205,`TOP PICK → CONFIRM → ACTIONABLE/NOT_ACTIONABLE`,E0383B3E3ABDBB438A43ECD8ADA5E8A0A37289D0,WS-B11,TBD,TBD,TBD,NOT_ASSESSED,OPTIONAL_NOT_REQUESTED,N/A,,
WS-S10-LIFE-R006,YES,WS-S10,ORCHESTRATION,REQUIRED,OPTIONAL_CAPABILITY,authority/strategy/WS_END_TO_END_STRATEGY_LIFECYCLE.md,WS-S10 — Forward Shadow Core Flow + Optional CONFIRM Observation,207,"If CONFIRM data is absent, delayed, stale, or incomplete, record the applicable availability state and continue core shadow. Do not synthesize CONFIRM and do not fail core shadow because optional data is unavailable.",89FED03AD7B2DCF6CE86EC8A4E2A6AED521E8F2D,WS-B11,TBD,TBD,TBD,NOT_ASSESSED,OPTIONAL_NOT_REQUESTED,N/A,,
WS-S10-LIFE-R007,YES,WS-S10,ORCHESTRATION,REQUIRED,OPTIONAL_CAPABILITY,authority/strategy/WS_END_TO_END_STRATEGY_LIFECYCLE.md,WS-S10 — Forward Shadow Core Flow + Optional CONFIRM Observation,209,No automated trade is required or permitted by this strategy stage.,C20A8B20A3E725C96BED6A7EEF827719A1E50816,WS-B11,TBD,TBD,TBD,NOT_ASSESSED,OPTIONAL_NOT_REQUESTED,N/A,,
WS-S10-LIFE-R008,YES,WS-S10,ORCHESTRATION,REFERENCE_ONLY,OPTIONAL_CAPABILITY,authority/strategy/WS_END_TO_END_STRATEGY_LIFECYCLE.md,WS-S10 — Forward Shadow Core Flow + Optional CONFIRM Observation,211,**Produces:**,864B06824CF518B73C11795AAB97CDBDEDFBF6CE,WS-B11,N/A,N/A,N/A,N/A,REFERENCE_ONLY,N/A,,
WS-S10-LIFE-R009,YES,WS-S10,ORCHESTRATION,REQUIRED,OPTIONAL_CAPABILITY,authority/strategy/WS_END_TO_END_STRATEGY_LIFECYCLE.md,WS-S10 — Forward Shadow Core Flow + Optional CONFIRM Observation,212,core forward-shadow `PASS/FAIL/INSUFFICIENT` verdict;,BE2CB6D9B0965B712E953277671E7CEF131581B8,WS-B11,TBD,TBD,TBD,NOT_ASSESSED,OPTIONAL_NOT_REQUESTED,N/A,,
WS-S10-LIFE-R010,YES,WS-S10,ORCHESTRATION,REQUIRED,OPTIONAL_CAPABILITY,authority/strategy/WS_END_TO_END_STRATEGY_LIFECYCLE.md,WS-S10 — Forward Shadow Core Flow + Optional CONFIRM Observation,213,separate optional CONFIRM capability evidence/status when enough valid observations exist.,B80918E8EA5FB67A67DB01CAD1DA510CA2F2875F,WS-B11,TBD,TBD,TBD,NOT_ASSESSED,OPTIONAL_NOT_REQUESTED,N/A,,
WS-S11-LIFE-R001,YES,WS-S11,ORCHESTRATION,REFERENCE_ONLY,CONDITIONAL_ACTIVE,authority/strategy/WS_END_TO_END_STRATEGY_LIFECYCLE.md,WS-S11 — Production-Use Boundary,217,Core production-use review may begin only when the **same material core strategy identity** has:,3B1DC6C60FE8BC822697F4A03A2ED133688240F8,WS-B12,N/A,N/A,N/A,N/A,REFERENCE_ONLY,N/A,,
WS-S11-LIFE-R002,YES,WS-S11,ORCHESTRATION,REQUIRED,MANDATORY,authority/strategy/WS_END_TO_END_STRATEGY_LIFECYCLE.md,WS-S11 — Production-Use Boundary,219,`IS PASS + OOS PASS + adverse-friction PASS + core forward-shadow PASS`,5E01BC65F3D91B4284C6A96A148FCDAA7CA8E1EA,WS-B12,TBD,TBD,TBD,NOT_ASSESSED,NOT_ASSESSED,N/A,,
WS-S11-LIFE-R003,YES,WS-S11,ORCHESTRATION,REFERENCE_ONLY,MANDATORY,authority/strategy/WS_END_TO_END_STRATEGY_LIFECYCLE.md,WS-S11 — Production-Use Boundary,221,CONFIRM is assessed separately:,633C7EC34867481D11CFFC16C9B76685561245C7,WS-B12,N/A,N/A,N/A,N/A,REFERENCE_ONLY,N/A,,
WS-S11-LIFE-R004,YES,WS-S11,ORCHESTRATION,REQUIRED,CONDITIONAL_ACTIVE,authority/strategy/WS_END_TO_END_STRATEGY_LIFECYCLE.md,WS-S11 — Production-Use Boundary,222,sufficient valid optional CONFIRM shadow evidence may support `CONFIRM_PROVEN`;,AD61C0150B26CBB5AEBE9E3B9974E9A6D1CCEAAC,WS-B12,TBD,TBD,TBD,NOT_ASSESSED,NOT_ASSESSED,N/A,,
WS-S11-LIFE-R005,YES,WS-S11,ORCHESTRATION,REQUIRED,MANDATORY,authority/strategy/WS_END_TO_END_STRATEGY_LIFECYCLE.md,WS-S11 — Production-Use Boundary,223,insufficient/unavailable CONFIRM data yields `CONFIRM_UNPROVEN` / `CONFIRM_EVIDENCE_INSUFFICIENT` and does **not** invalidate core Top Picks production-use review.,20EB8DB7F813D95AD7685134CED866A613BA2C28,WS-B12,TBD,TBD,TBD,NOT_ASSESSED,NOT_ASSESSED,N/A,,
WS-S11-LIFE-R006,YES,WS-S11,ORCHESTRATION,REQUIRED,MANDATORY,authority/strategy/WS_END_TO_END_STRATEGY_LIFECYCLE.md,WS-S11 — Production-Use Boundary,225,"This stage does not authorize broker execution, portfolio management, or automatic deployment. It only establishes that the decision-support strategy has sufficient proof to be considered for real user-facing use.",5E05A314AC24B8A381D58DEDF163D287156F204C,WS-B12,TBD,TBD,TBD,NOT_ASSESSED,NOT_ASSESSED,N/A,,
WS-CROSS-LIFE-R059,YES,CROSS,ORCHESTRATION,REFERENCE_ONLY,MANDATORY,authority/strategy/WS_END_TO_END_STRATEGY_LIFECYCLE.md,High-Trust Proof Controls Across WS-S06..WS-S11,229,The required proof chain additionally enforces:,940BCD7EDB904FAD4CA8B4E14BBAD43069621AB8,WS-B12,N/A,N/A,N/A,N/A,REFERENCE_ONLY,N/A,,Added by D-WS-20260819-05 high-trust strategy strengthening.
WS-S06-LIFE-R005,YES,WS-S06,ORCHESTRATION,REQUIRED,MANDATORY,authority/strategy/WS_END_TO_END_STRATEGY_LIFECYCLE.md,High-Trust Proof Controls Across WS-S06..WS-S11,231,"`WS-S06`: operational recommendation-availability timestamping, committed post-entry exposure resolution, benchmark/excess-return inputs, tail/path-risk metrics, capacity metrics, and date-clustered statistical inputs;",1669BC97A662B021A008C014912BA971E9B50CD8,WS-B08,TBD,TBD,TBD,NOT_ASSESSED,NOT_ASSESSED,N/A,,Added by D-WS-20260819-05 high-trust strategy strengthening.
WS-S07-LIFE-R008,YES,WS-S07,ORCHESTRATION,REQUIRED,MANDATORY,authority/strategy/WS_END_TO_END_STRATEGY_LIFECYCLE.md,High-Trust Proof Controls Across WS-S06..WS-S11,232,"`WS-S07`: complete trial ledger, selection-bias/multiple-testing control, DSR, PBO when computable, robust parameter-plateau review, economic-significance floor, benchmark uplift, tail-risk and Top-K acceptance;",65E3E10D2D6EF708ED166AF0F0BBF6DDF28CFC47,WS-B09,TBD,TBD,TBD,NOT_ASSESSED,NOT_ASSESSED,N/A,,Added by D-WS-20260819-05 high-trust strategy strengthening.
WS-S08-LIFE-R004,YES,WS-S08,ORCHESTRATION,REQUIRED,MANDATORY,authority/strategy/WS_END_TO_END_STRATEGY_LIFECYCLE.md,High-Trust Proof Controls Across WS-S06..WS-S11,233,`WS-S08`: purged IS/OOS boundary and protected OOS suffix; once OOS outcome is read it becomes consumed and cannot be reused as untouched proof for a materially changed identity;,EEB5BC872A3ED9A1A3C89C20BB4097583996EC90,WS-B10,TBD,TBD,TBD,NOT_ASSESSED,NOT_ASSESSED,N/A,,Added by D-WS-20260819-05 high-trust strategy strengthening.
WS-S09-LIFE-R005,YES,WS-S09,ORCHESTRATION,REQUIRED,MANDATORY,authority/strategy/WS_END_TO_END_STRATEGY_LIFECYCLE.md,High-Trust Proof Controls Across WS-S06..WS-S11,234,`WS-S09`: exact membership/rank stress under more adverse friction plus reference-notional/capacity assumptions;,5EBBA0CE5AFE0728D807610898B4B0FEF7D5245C,WS-B10,TBD,TBD,TBD,NOT_ASSESSED,NOT_ASSESSED,N/A,,Added by D-WS-20260819-05 high-trust strategy strengthening.
WS-S10-LIFE-R011,YES,WS-S10,ORCHESTRATION,REQUIRED,MANDATORY,authority/strategy/WS_END_TO_END_STRATEGY_LIFECYCLE.md,High-Trust Proof Controls Across WS-S06..WS-S11,235,"`WS-S10`: live-available publication timing, minimum decision lead time, causal executable outcomes including exit delays, and live-equivalent ranking/capacity/tail behavior;",DDD5093A03D40020450DFEB55AD5F5372E804E62,WS-B11,TBD,TBD,TBD,NOT_ASSESSED,NOT_ASSESSED,N/A,,Added by D-WS-20260819-05 high-trust strategy strengthening.
WS-S11-LIFE-R007,YES,WS-S11,ORCHESTRATION,REQUIRED,MANDATORY,authority/strategy/WS_END_TO_END_STRATEGY_LIFECYCLE.md,High-Trust Proof Controls Across WS-S06..WS-S11,236,`WS-S11`: production-use review plus continuing 20/60-trading-day health monitoring and deterministic suspension/revalidation boundary.,98D181FB78D9CE03A312750A0908AA8C12D9EAAC,WS-B12,TBD,TBD,TBD,NOT_ASSESSED,NOT_ASSESSED,N/A,,Added by D-WS-20260819-05 high-trust strategy strengthening.
WS-CROSS-LIFE-R060,YES,CROSS,ORCHESTRATION,REQUIRED,MANDATORY,authority/strategy/WS_END_TO_END_STRATEGY_LIFECYCLE.md,High-Trust Proof Controls Across WS-S06..WS-S11,238,None of these controls may be relaxed after seeing a negative downstream outcome merely to preserve progression.,62B3B34D9F7A7CCB31D2C2D30CFC71C4FC83C4A0,WS-B12,TBD,TBD,TBD,NOT_ASSESSED,NOT_ASSESSED,N/A,,Added by D-WS-20260819-05 high-trust strategy strengthening.
WS-CROSS-LIFE-R023,YES,CROSS,ORCHESTRATION,REFERENCE_ONLY,MANDATORY,authority/strategy/WS_END_TO_END_STRATEGY_LIFECYCLE.md,Canonical Stop / Failure Routing,242,Required core lifecycle must fail closed where evidence is actually required:,0660AD2D2CA496219CA0119D289A938713B529F8,WS-B12,N/A,N/A,N/A,N/A,REFERENCE_ONLY,N/A,,
WS-CROSS-LIFE-R024,YES,CROSS,ORCHESTRATION,REQUIRED,MANDATORY,authority/strategy/WS_END_TO_END_STRATEGY_LIFECYCLE.md,Canonical Stop / Failure Routing,244,invalid/untrusted required EOD Market Data → do not create recommendation from affected path;,C14C1524F128D0F067E6E81CC00D89B7CFC9575D,WS-B12,TBD,TBD,TBD,NOT_ASSESSED,NOT_ASSESSED,N/A,,
WS-CROSS-LIFE-R025,YES,CROSS,ORCHESTRATION,REQUIRED,MANDATORY,authority/strategy/WS_END_TO_END_STRATEGY_LIFECYCLE.md,Canonical Stop / Failure Routing,245,zero eligible candidates → `NO QUALIFIED TOP PICKS`;,FC7A5D1A08C37278F2FBA0D2A468D1B7B187E11E,WS-B12,TBD,TBD,TBD,NOT_ASSESSED,NOT_ASSESSED,N/A,,
WS-CROSS-LIFE-R026,YES,CROSS,ORCHESTRATION,REQUIRED,MANDATORY,authority/strategy/WS_END_TO_END_STRATEGY_LIFECYCLE.md,Canonical Stop / Failure Routing,246,zero final qualified candidates → `NO QUALIFIED TOP PICKS`;,994160858DB3F3F1E0A7E2ABCF65E317E9F22C21,WS-B12,TBD,TBD,TBD,NOT_ASSESSED,NOT_ASSESSED,N/A,,
WS-CROSS-LIFE-R027,YES,CROSS,ORCHESTRATION,REQUIRED,MANDATORY,authority/strategy/WS_END_TO_END_STRATEGY_LIFECYCLE.md,Canonical Stop / Failure Routing,247,"missing/stale/incomplete CONFIRM data → `UNAVAILABLE_RETRYABLE` (or `EXPIRED_UNCONFIRMED` after window closes), **not core failure**;",C449FBB586EE49386F4B4CBAD14A2193ACCE6B9B,WS-B12,TBD,TBD,TBD,NOT_ASSESSED,NOT_ASSESSED,N/A,,
WS-CROSS-LIFE-R028,YES,CROSS,ORCHESTRATION,REQUIRED,MANDATORY,authority/strategy/WS_END_TO_END_STRATEGY_LIFECYCLE.md,Canonical Stop / Failure Routing,248,"validly evaluated Top Pick fails CONFIRM → `NOT_ACTIONABLE`, no fallback ticker promotion;",89B18A5DBA7851FA4A5AAEB4D75D0BD907A8287A,WS-B12,TBD,TBD,TBD,NOT_ASSESSED,NOT_ASSESSED,N/A,,
WS-CROSS-LIFE-R029,YES,CROSS,ORCHESTRATION,REQUIRED,MANDATORY,authority/strategy/WS_END_TO_END_STRATEGY_LIFECYCLE.md,Canonical Stop / Failure Routing,249,"insufficient required IS/OOS/core-shadow sample → `INSUFFICIENT EVIDENCE`, not PASS;",B29FCAD63B313DA31CA7519B570E1E2E36650F25,WS-B12,TBD,TBD,TBD,NOT_ASSESSED,NOT_ASSESSED,N/A,,
WS-CROSS-LIFE-R030,YES,CROSS,ORCHESTRATION,REQUIRED,MANDATORY,authority/strategy/WS_END_TO_END_STRATEGY_LIFECYCLE.md,Canonical Stop / Failure Routing,250,any required core proof gate fails → core production-use path stops;,220C88F9EE18D1AC5E50342A3A0640B0AFBA3840,WS-B12,TBD,TBD,TBD,NOT_ASSESSED,NOT_ASSESSED,N/A,,
WS-CROSS-LIFE-R031,YES,CROSS,ORCHESTRATION,REQUIRED,CONDITIONAL_ACTIVE,authority/strategy/WS_END_TO_END_STRATEGY_LIFECYCLE.md,Canonical Stop / Failure Routing,251,insufficient optional CONFIRM proof → CONFIRM remains unproven; core proof remains unchanged;,E4A189D4F7B85B3E41B19409F6B1391EA03A9BB5,WS-B12,TBD,TBD,TBD,NOT_ASSESSED,NOT_ASSESSED,N/A,,
WS-CROSS-LIFE-R032,YES,CROSS,ORCHESTRATION,REQUIRED,MANDATORY,authority/strategy/WS_END_TO_END_STRATEGY_LIFECYCLE.md,Canonical Stop / Failure Routing,252,material strategy change after proof → proof identity resets for the affected behavior and required stages must be rerun.,20BD8659075DADE1D93A3696138F81D543A2FAF7,WS-B12,TBD,TBD,TBD,NOT_ASSESSED,NOT_ASSESSED,N/A,,
WS-CROSS-LIFE-R033,YES,CROSS,ORCHESTRATION,REFERENCE_ONLY,CONDITIONAL_ACTIVE,authority/strategy/WS_END_TO_END_STRATEGY_LIFECYCLE.md,Identity Continuity Rule,256,Runtime and proof are comparable only when the material identity remains bound across:,C82651F85DA254932CB01885CE46C880E012FBA3,WS-B12,N/A,N/A,N/A,N/A,REFERENCE_ONLY,N/A,,
WS-CROSS-LIFE-R034,YES,CROSS,ORCHESTRATION,REQUIRED,MANDATORY,authority/strategy/WS_END_TO_END_STRATEGY_LIFECYCLE.md,Identity Continuity Rule,257,candidate eligibility semantics;,66E1BBA8ED6CCD6EB3A7A6357C46ABA0C041085A,WS-B12,TBD,TBD,TBD,NOT_ASSESSED,NOT_ASSESSED,N/A,,
WS-CROSS-LIFE-R035,YES,CROSS,ORCHESTRATION,REQUIRED,MANDATORY,authority/strategy/WS_END_TO_END_STRATEGY_LIFECYCLE.md,Identity Continuity Rule,258,score transforms/weights;,B46B748BC50475FE7C8F8810A1EF6F0CAA7C24E6,WS-B12,TBD,TBD,TBD,NOT_ASSESSED,NOT_ASSESSED,N/A,,
WS-CROSS-LIFE-R036,YES,CROSS,ORCHESTRATION,REQUIRED,MANDATORY,authority/strategy/WS_END_TO_END_STRATEGY_LIFECYCLE.md,Identity Continuity Rule,259,final recommendation qualification/ranking;,EBED3936BEEF8D33F8C4706BFA48BA30F7D16336,WS-B12,TBD,TBD,TBD,NOT_ASSESSED,NOT_ASSESSED,N/A,,
WS-CROSS-LIFE-R037,YES,CROSS,ORCHESTRATION,REQUIRED,MANDATORY,authority/strategy/WS_END_TO_END_STRATEGY_LIFECYCLE.md,Identity Continuity Rule,260,entry/exit/horizon model;,F53049CA3AD9AA6C6061B74E62882366E73A32A3,WS-B12,TBD,TBD,TBD,NOT_ASSESSED,NOT_ASSESSED,N/A,,
WS-CROSS-LIFE-R038,YES,CROSS,ORCHESTRATION,REQUIRED,MANDATORY,authority/strategy/WS_END_TO_END_STRATEGY_LIFECYCLE.md,Identity Continuity Rule,261,transaction-cost/slippage profile for the evaluated proof;,196EFC7746E1BCC6898A849A0F1742F011487DAC,WS-B12,TBD,TBD,TBD,NOT_ASSESSED,NOT_ASSESSED,N/A,,
WS-CROSS-LIFE-R039,YES,CROSS,ORCHESTRATION,REQUIRED,CONDITIONAL_ACTIVE,authority/strategy/WS_END_TO_END_STRATEGY_LIFECYCLE.md,Identity Continuity Rule,262,CONFIRM semantics only when CONFIRM capability proof/status is being claimed;,790F0B6CBCFBCA2449A90E64D9899A516C7A74D4,WS-B12,TBD,TBD,TBD,NOT_ASSESSED,NOT_ASSESSED,N/A,,
WS-CROSS-LIFE-R040,YES,CROSS,ORCHESTRATION,REQUIRED,MANDATORY,authority/strategy/WS_END_TO_END_STRATEGY_LIFECYCLE.md,Identity Continuity Rule,263,"Market Data requested/effective date, publication/read-model/config/formula/factor identity required by the producer-facing read contract.",24AF015F187987EC92664F95075D35711DA69127,WS-B12,TBD,TBD,TBD,NOT_ASSESSED,NOT_ASSESSED,N/A,,
WS-CROSS-LIFE-R041,YES,CROSS,ORCHESTRATION,REQUIRED,MANDATORY,authority/strategy/WS_END_TO_END_STRATEGY_LIFECYCLE.md,Identity Continuity Rule,265,A material change creates a new proof identity. Historical PASS cannot be administratively inherited by behavior that was not actually tested.,F1B06073E6B9B805E35936AE55842823AF0A750E,WS-B12,TBD,TBD,TBD,NOT_ASSESSED,NOT_ASSESSED,N/A,,
WS-CROSS-LIFE-R042,YES,CROSS,ORCHESTRATION,REQUIRED,CONDITIONAL_ACTIVE,authority/strategy/WS_END_TO_END_STRATEGY_LIFECYCLE.md,End-to-End Completion Definition,269,"Weekly Swing **core runtime is complete** when `WS-S00..WS-S04` define an unambiguous deterministic path through final ranked Top Picks, including valid empty output.",3CF21FFC998146D051F4E63C782A076ED38B12E1,WS-B12,TBD,TBD,TBD,NOT_ASSESSED,NOT_ASSESSED,N/A,,
WS-CROSS-LIFE-R043,YES,CROSS,ORCHESTRATION,REQUIRED,CONDITIONAL_ACTIVE,authority/strategy/WS_END_TO_END_STRATEGY_LIFECYCLE.md,End-to-End Completion Definition,271,"`WS-S05` is an optional capability branch. Lack of CONFIRM data, implementation, or successful evaluation does not make the core runtime incomplete.",831D849E78E67DCF168AC96537B915434F35AAC4,WS-B12,TBD,TBD,TBD,NOT_ASSESSED,NOT_ASSESSED,N/A,,
WS-CROSS-LIFE-R044,YES,CROSS,ORCHESTRATION,REQUIRED,CONDITIONAL_ACTIVE,authority/strategy/WS_END_TO_END_STRATEGY_LIFECYCLE.md,End-to-End Completion Definition,273,"Weekly Swing **core proof is complete** when `WS-S06..WS-S11` establish sufficient IS, untouched OOS, friction robustness, and core forward-shadow evidence for the exact final-Top-Picks behavior.",547CCC13DE819F5F014F25E915BFFBF344071AC7,WS-B12,TBD,TBD,TBD,NOT_ASSESSED,NOT_ASSESSED,N/A,,
WS-CROSS-LIFE-R045,YES,CROSS,ORCHESTRATION,REQUIRED,CONDITIONAL_ACTIVE,authority/strategy/WS_END_TO_END_STRATEGY_LIFECYCLE.md,End-to-End Completion Definition,275,CONFIRM is **capability-proven** only when separate forward decision-time evidence is sufficient. `CONFIRM_UNPROVEN` is compatible with core strategy proof-complete status.,10A4D833E6286EBC11FBA91517C19037670D57B5,WS-B12,TBD,TBD,TBD,NOT_ASSESSED,NOT_ASSESSED,N/A,,
WS-CROSS-LIFE-R046,YES,CROSS,ORCHESTRATION,REQUIRED,MANDATORY,authority/strategy/WS_END_TO_END_STRATEGY_LIFECYCLE.md,End-to-End Completion Definition,277,Downstream realization of Weekly Swing must preserve these required-vs-optional dependencies; a different realization structure cannot make CONFIRM a prerequisite for core completion.,0242BCC7B0759B42E23BE422A34719CB784D6669,WS-B12,TBD,TBD,TBD,NOT_ASSESSED,NOT_ASSESSED,N/A,,
WS-S11-LIFE-R008,YES,WS-S11,ORCHESTRATION,REQUIRED,MANDATORY,authority/strategy/WS_END_TO_END_STRATEGY_LIFECYCLE.md,Production Continuation Rule,281,"`WS-S11` approval is a gate into monitored use, not a permanent terminal certificate. While strategy remains user-facing, health monitoring is part of the active strategy contract. Confirmed material degradation can suspend new recommendation publication without rewriting historical recommendations. Restart after suspension requires evidence appropriate to the root cause and any changed strategy identity.",DCD17B629B4E945DC8711D83A60FC498237E9E80,WS-B12,TBD,TBD,TBD,NOT_ASSESSED,NOT_ASSESSED,N/A,,Added by D-WS-20260819-05 high-trust strategy strengthening.
WS-CROSS-LIFE-R047,YES,CROSS,ORCHESTRATION,REQUIRED,CONDITIONAL_ACTIVE,authority/strategy/WS_END_TO_END_STRATEGY_LIFECYCLE.md,Final Invariants,285,Stage IDs `WS-S00..WS-S11` are authoritative; `WS-S05` is explicitly optional and not a required predecessor of `WS-S06`.,2D357C026F7703CD5CF2FC9341CCB9F4AB522F52,WS-B12,TBD,TBD,TBD,NOT_ASSESSED,NOT_ASSESSED,N/A,,
WS-CROSS-LIFE-R048,YES,CROSS,ORCHESTRATION,REQUIRED,MANDATORY,authority/strategy/WS_END_TO_END_STRATEGY_LIFECYCLE.md,Final Invariants,286,Absolute quality and required EOD data validity precede scoring/ranking.,C44D9A3F1929EF68D963334EB3B586FB98D8FAFF,WS-B12,TBD,TBD,TBD,NOT_ASSESSED,NOT_ASSESSED,N/A,,
WS-CROSS-LIFE-R049,YES,CROSS,ORCHESTRATION,REQUIRED,MANDATORY,authority/strategy/WS_END_TO_END_STRATEGY_LIFECYCLE.md,Final Invariants,287,Candidate classification precedes scoring; only `RECOMMENDATION_CANDIDATES` receive the canonical recommendation-path score.,F5A63D9F50BF918A817FFD773AB57D84AA55070A,WS-B12,TBD,TBD,TBD,NOT_ASSESSED,NOT_ASSESSED,N/A,,
WS-CROSS-LIFE-R050,YES,CROSS,ORCHESTRATION,REQUIRED,MANDATORY,authority/strategy/WS_END_TO_END_STRATEGY_LIFECYCLE.md,Final Invariants,288,PLAN precedes and is immutable before final RECOMMENDATION.,215334E340C56FC5FEC0526B5EF4F14D10955434,WS-B12,TBD,TBD,TBD,NOT_ASSESSED,NOT_ASSESSED,N/A,,
WS-CROSS-LIFE-R051,YES,CROSS,ORCHESTRATION,REQUIRED,MANDATORY,authority/strategy/WS_END_TO_END_STRATEGY_LIFECYCLE.md,Final Invariants,289,Final Top Picks come only from final qualification and may be empty.,D011B6F26330D28C3DBAC21379C648D1A7D4D9F0,WS-B12,TBD,TBD,TBD,NOT_ASSESSED,NOT_ASSESSED,N/A,,
WS-CROSS-LIFE-R052,YES,CROSS,ORCHESTRATION,REQUIRED,MANDATORY,authority/strategy/WS_END_TO_END_STRATEGY_LIFECYCLE.md,Final Invariants,290,Core Weekly Swing completes at final Top Picks; CONFIRM availability cannot invalidate that output.,4538DB6AA0AD748EC1DC109764EA28EF6635A6AF,WS-B12,TBD,TBD,TBD,NOT_ASSESSED,NOT_ASSESSED,N/A,,
WS-CROSS-LIFE-R053,YES,CROSS,ORCHESTRATION,REQUIRED,MANDATORY,authority/strategy/WS_END_TO_END_STRATEGY_LIFECYCLE.md,Final Invariants,291,CONFIRM may add actionability evidence but cannot create/reorder recommendations.,64CCBE711704D4618E1E8789040A82493C277CAB,WS-B12,TBD,TBD,TBD,NOT_ASSESSED,NOT_ASSESSED,N/A,,
WS-CROSS-LIFE-R054,YES,CROSS,ORCHESTRATION,REQUIRED,MANDATORY,authority/strategy/WS_END_TO_END_STRATEGY_LIFECYCLE.md,Final Invariants,292,"Missing/stale/incomplete CONFIRM data is availability uncertainty, not `NOT_ACTIONABLE` and not core failure.",F161E2A42DED4BA9B6007146BACC21E7BF0B0D35,WS-B12,TBD,TBD,TBD,NOT_ASSESSED,NOT_ASSESSED,N/A,,
WS-CROSS-LIFE-R055,YES,CROSS,ORCHESTRATION,REQUIRED,MANDATORY,authority/strategy/WS_END_TO_END_STRATEGY_LIFECYCLE.md,Final Invariants,293,"Backtest/OOS proof measures final Top Picks, not a PLAN proxy.",3871E3098E133ADB6A1F1E1161BED88EA776A7A7,WS-B12,TBD,TBD,TBD,NOT_ASSESSED,NOT_ASSESSED,N/A,,
WS-CROSS-LIFE-R056,YES,CROSS,ORCHESTRATION,REQUIRED,MANDATORY,authority/strategy/WS_END_TO_END_STRATEGY_LIFECYCLE.md,Final Invariants,294,Core real-use eligibility requires realistic friction plus core forward-shadow validation; CONFIRM proof is capability-specific.,CB2CBA98CFC06579092DBCA180749500E4F44506,WS-B12,TBD,TBD,TBD,NOT_ASSESSED,NOT_ASSESSED,N/A,,
WS-CROSS-LIFE-R057,YES,CROSS,ORCHESTRATION,REQUIRED,MANDATORY,authority/strategy/WS_END_TO_END_STRATEGY_LIFECYCLE.md,Final Invariants,295,Failure/insufficient required evidence never triggers automatic rule relaxation or fallback promotion.,55AF0C13EF4D7D962835F10651F38F80ED9F7FB6,WS-B12,TBD,TBD,TBD,NOT_ASSESSED,NOT_ASSESSED,N/A,,
WS-CROSS-LIFE-R058,YES,CROSS,ORCHESTRATION,REQUIRED,MANDATORY,authority/strategy/WS_END_TO_END_STRATEGY_LIFECYCLE.md,Final Invariants,296,Material strategy change invalidates inherited proof for affected behavior.,D3229FCC94F7413EF6744307B31480DD477B19D7,WS-B12,TBD,TBD,TBD,NOT_ASSESSED,NOT_ASSESSED,N/A,,
WS-S06-HIST-R001,YES,WS-S06,PROOF_BEHAVIOR,REFERENCE_ONLY,MANDATORY,authority/strategy/WS_HISTORICAL_EVALUATION_STRATEGY.md,Purpose,5,"Backtest dan calibration harus membuktikan behavior yang benar-benar dipakai pengguna: **final qualified RECOMMENDATION/TOP_PICKS**, bukan PLAN candidate state sebagai proxy.",E26CCA05C776724966D656FEA7C99C0973F0A778,WS-B08,N/A,N/A,N/A,N/A,REFERENCE_ONLY,N/A,,
WS-S06-HIST-R002,YES,WS-S06,PROOF_BEHAVIOR,REFERENCE_ONLY,MANDATORY,authority/strategy/WS_HISTORICAL_EVALUATION_STRATEGY.md,Purpose,7,"Evaluation harus point-in-time, reproducible, executable-price aware, dan net of realistic trading friction.",AC1FA9CC0B177B1E9A03940B47F75DB139352F12,WS-B08,N/A,N/A,N/A,N/A,REFERENCE_ONLY,N/A,,
WS-S06-HIST-R003,YES,WS-S06,PROOF_BEHAVIOR,REFERENCE_ONLY,MANDATORY,authority/strategy/WS_HISTORICAL_EVALUATION_STRATEGY.md,Purpose,9,Default evaluation window adalah 2 tahun. Window berbeda harus mempunyai evaluation identity berbeda.,2F13266CF2946BA687550F218E845B8AB01A34F4,WS-B08,N/A,N/A,N/A,N/A,REFERENCE_ONLY,N/A,,
WS-S06-HIST-R004,YES,WS-S06,PROOF_BEHAVIOR,REFERENCE_ONLY,CONDITIONAL_ACTIVE,authority/strategy/WS_HISTORICAL_EVALUATION_STRATEGY.md,Purpose,11,Historical evaluation tidak boleh membuat synthetic historical CONFIRM dari informasi yang tidak tersedia pada decision time. Baseline backtest/OOS dan core forward shadow membuktikan final **EOD Top Picks**. Optional D+1 CONFIRM actionability hanya dibuktikan secara forward bila valid decision-time data tersedia; kekurangan CONFIRM data tidak memengaruhi core proof verdict.,B44E91DDC0E22264AA4C8D95F3E2550D716AF57A,WS-B08,N/A,N/A,N/A,N/A,REFERENCE_ONLY,N/A,,
WS-S06-HIST-R005,YES,WS-S06,PROOF_BEHAVIOR,REFERENCE_ONLY,MANDATORY,authority/strategy/WS_HISTORICAL_EVALUATION_STRATEGY.md,Lifecycle Position,15,**Stage:** `WS-S06` — Historical Evaluation Model.,D15F561A9143881D8AD0B4D6BE0105E93BA627A4,WS-B08,N/A,N/A,N/A,N/A,REFERENCE_ONLY,N/A,,
WS-S06-HIST-R006,YES,WS-S06,PROOF_BEHAVIOR,REFERENCE_ONLY,MANDATORY,authority/strategy/WS_HISTORICAL_EVALUATION_STRATEGY.md,Lifecycle Position,16,**Consumes:** exact frozen EOD selection/trade-plan semantics from `WS-S01..WS-S04` and historical point-in-time Market Data.,866EE76CDE3D26CAF273BB054F4562BA2D89329B,WS-B08,N/A,N/A,N/A,N/A,REFERENCE_ONLY,N/A,,
WS-S06-HIST-R007,YES,WS-S06,PROOF_BEHAVIOR,REFERENCE_ONLY,MANDATORY,authority/strategy/WS_HISTORICAL_EVALUATION_STRATEGY.md,Lifecycle Position,17,**Produces:** causal executable final-Top-Pick outcomes suitable for IS/OOS evaluation.,3E9A2DEF82EDF19537CAAD179E8DE144FCC98E18,WS-B08,N/A,N/A,N/A,N/A,REFERENCE_ONLY,N/A,,
WS-S06-HIST-R008,YES,WS-S06,PROOF_BEHAVIOR,REFERENCE_ONLY,MANDATORY,authority/strategy/WS_HISTORICAL_EVALUATION_STRATEGY.md,Lifecycle Position,18,**Next:** `WS-S07` IS sufficiency and winner freeze.,0DBF8346071B801442C94D56E3941920448B30D0,WS-B08,N/A,N/A,N/A,N/A,REFERENCE_ONLY,N/A,,
WS-S06-HIST-R009,YES,WS-S06,PROOF_BEHAVIOR,REFERENCE_ONLY,MANDATORY,authority/strategy/WS_HISTORICAL_EVALUATION_STRATEGY.md,Inputs,22,Evaluation menggunakan:,90CE6B76D3262FF67B64148DE590C100BCC19EB8,WS-B08,N/A,N/A,N/A,N/A,REFERENCE_ONLY,N/A,,
WS-S06-HIST-R010,YES,WS-S06,PROOF_BEHAVIOR,REQUIRED,MANDATORY,authority/strategy/WS_HISTORICAL_EVALUATION_STRATEGY.md,Inputs,23,historical authoritative Market Data EOD publication/read product under `WS_MARKET_DATA_INPUT_REQUIREMENTS.md`;,E28DFE69375EA344B32E675F5F62C350AE3EF282,WS-B08,TBD,TBD,TBD,NOT_ASSESSED,NOT_ASSESSED,N/A,,
WS-S06-HIST-R011,YES,WS-S06,PROOF_BEHAVIOR,REQUIRED,MANDATORY,authority/strategy/WS_HISTORICAL_EVALUATION_STRATEGY.md,Inputs,24,trading calendar yang sah;,B6EDBB420BFB07F31F912C3F79232BC12ABFA26A,WS-B08,TBD,TBD,TBD,NOT_ASSESSED,NOT_ASSESSED,N/A,,
WS-S06-HIST-R012,YES,WS-S06,PROOF_BEHAVIOR,REQUIRED,MANDATORY,authority/strategy/WS_HISTORICAL_EVALUATION_STRATEGY.md,Inputs,25,exact Weekly Swing strategy identity;,63403E5B6BA24802FD6B8175355E953D6872EC09,WS-B08,TBD,TBD,TBD,NOT_ASSESSED,NOT_ASSESSED,N/A,,
WS-S06-HIST-R013,YES,WS-S06,PROOF_BEHAVIOR,REQUIRED,MANDATORY,authority/strategy/WS_HISTORICAL_EVALUATION_STRATEGY.md,Inputs,26,deterministic paramset/grid yang dibekukan sebelum outcome dibaca.,9103AE7D190107B3C3B9A53FE3347BB078FEC810,WS-B08,TBD,TBD,TBD,NOT_ASSESSED,NOT_ASSESSED,N/A,,
WS-S06-HIST-R014,YES,WS-S06,PROOF_BEHAVIOR,REQUIRED,MANDATORY,authority/strategy/WS_HISTORICAL_EVALUATION_STRATEGY.md,A. Point-in-Time and Universe Rules,30,Universe evaluation mengikuti Weekly Swing eligibility pada historical `asof_eod_date`.,2A4AA4AF859AB80BDED1DBAF7B75D5179F63422E,WS-B08,TBD,TBD,TBD,NOT_ASSESSED,NOT_ASSESSED,N/A,,
WS-S06-HIST-R015,YES,WS-S06,PROOF_BEHAVIOR,REQUIRED,MANDATORY,authority/strategy/WS_HISTORICAL_EVALUATION_STRATEGY.md,A. Point-in-Time and Universe Rules,31,Backtest tidak boleh memakai future identity/status/sector/corporate-action knowledge.,22D0BDA5042545A070456F730499553EF823444B,WS-B08,TBD,TBD,TBD,NOT_ASSESSED,NOT_ASSESSED,N/A,,
WS-S06-HIST-R016,YES,WS-S06,PROOF_BEHAVIOR,REQUIRED,MANDATORY,authority/strategy/WS_HISTORICAL_EVALUATION_STRATEGY.md,A. Point-in-Time and Universe Rules,32,Historical requested date/publication yang tidak tersedia tetap explicit missing/insufficient evidence; tidak boleh diganti current publication atau prior-date fallback tanpa label/identity yang memang menjadi replay request.,2DF35984410A199AEB9EC6AA14AA37F87442ED8E,WS-B08,TBD,TBD,TBD,NOT_ASSESSED,NOT_ASSESSED,N/A,,
WS-S06-HIST-R017,YES,WS-S06,PROOF_BEHAVIOR,REQUIRED,MANDATORY,authority/strategy/WS_HISTORICAL_EVALUATION_STRATEGY.md,A. Point-in-Time and Universe Rules,33,"Watchlist tidak boleh reconstruct indicator, benchmark, status, sector, atau producer data-usability dari Market Data internal tables.",C915C2D810F1149073509F51B89F325FF56F36AE,WS-B08,TBD,TBD,TBD,NOT_ASSESSED,NOT_ASSESSED,N/A,,
WS-S06-HIST-R018,YES,WS-S06,PROOF_BEHAVIOR,REQUIRED,MANDATORY,authority/strategy/WS_HISTORICAL_EVALUATION_STRATEGY.md,A. Point-in-Time and Universe Rules,34,Trading day mengikuti canonical exchange calendar.,4758817811BC95E2A84578B558ECAD190BDC482E,WS-B08,TBD,TBD,TBD,NOT_ASSESSED,NOT_ASSESSED,N/A,,
WS-S06-HIST-R019,YES,WS-S06,PROOF_BEHAVIOR,REQUIRED,MANDATORY,authority/strategy/WS_HISTORICAL_EVALUATION_STRATEGY.md,A. Point-in-Time and Universe Rules,35,Historical source snapshot harus menghasilkan PLAN dan RECOMMENDATION yang sama pada replay.,EA70FE1C0AA0DF04D567C2B52418491200C47909,WS-B08,TBD,TBD,TBD,NOT_ASSESSED,NOT_ASSESSED,N/A,,
WS-S06-HIST-R020,YES,WS-S06,PROOF_BEHAVIOR,REFERENCE_ONLY,MANDATORY,authority/strategy/WS_HISTORICAL_EVALUATION_STRATEGY.md,B. Selection Object Under Test,39,Urutan evaluation per trade date:,8B2EEAAFFA7F3CB7B45710D07A7A3C9A80F9994A,WS-B08,N/A,N/A,N/A,N/A,REFERENCE_ONLY,N/A,,
WS-S06-HIST-R021,YES,WS-S06,PROOF_BEHAVIOR,REQUIRED,MANDATORY,authority/strategy/WS_HISTORICAL_EVALUATION_STRATEGY.md,B. Selection Object Under Test,41,`Market Data → PLAN → final RECOMMENDATION/TOP_PICKS → price evaluation`,C51628309D25C879124F5F56717D3AEA24D7A886,WS-B08,TBD,TBD,TBD,NOT_ASSESSED,NOT_ASSESSED,N/A,,
WS-S06-HIST-R022,YES,WS-S06,PROOF_BEHAVIOR,REQUIRED,MANDATORY,authority/strategy/WS_HISTORICAL_EVALUATION_STRATEGY.md,B. Selection Object Under Test,43,Hanya final Top Picks yang menjadi canonical evaluated trades.,7952F00E9EDEBBB3E5767E68DD1F8F5105F23DA1,WS-B08,TBD,TBD,TBD,NOT_ASSESSED,NOT_ASSESSED,N/A,,
WS-S06-HIST-R023,YES,WS-S06,PROOF_BEHAVIOR,REQUIRED,MANDATORY,authority/strategy/WS_HISTORICAL_EVALUATION_STRATEGY.md,B. Selection Object Under Test,45,`RECOMMENDATION_CANDIDATES` yang tidak lulus final recommendation tidak boleh masuk canonical recommendation return distribution.,79DEA8A5736CAA7705FD8D1750B0812F7FF95D78,WS-B08,TBD,TBD,TBD,NOT_ASSESSED,NOT_ASSESSED,N/A,,
WS-S06-HIST-R024,YES,WS-S06,PROOF_BEHAVIOR,REQUIRED,MANDATORY,authority/strategy/WS_HISTORICAL_EVALUATION_STRATEGY.md,C. Entry Model,49,PLAN dan recommendation dibentuk pada trading day `D` setelah valid EOD input tersedia.,07C46FC1E9E8441B1E6297A75773B830082930EA,WS-B08,TBD,TBD,TBD,NOT_ASSESSED,NOT_ASSESSED,N/A,,
WS-S06-HIST-R025,YES,WS-S06,PROOF_BEHAVIOR,REQUIRED,MANDATORY,authority/strategy/WS_HISTORICAL_EVALUATION_STRATEGY.md,C. Entry Model,50,Earliest canonical entry adalah next trading day `D+1`.,58B3825C9C084EE58389F263314CCBD4B65762A1,WS-B08,TBD,TBD,TBD,NOT_ASSESSED,NOT_ASSESSED,N/A,,
WS-S06-HIST-R026,YES,WS-S06,PROOF_BEHAVIOR,REQUIRED,MANDATORY,authority/strategy/WS_HISTORICAL_EVALUATION_STRATEGY.md,C. Entry Model,51,Canonical entry price adalah executable `open(D+1)`.,16DBBB35A13D01EB486AB5B4F328F0420236EA31,WS-B08,TBD,TBD,TBD,NOT_ASSESSED,NOT_ASSESSED,N/A,,
WS-S06-HIST-R027,YES,WS-S06,PROOF_BEHAVIOR,REQUIRED,CONDITIONAL_ACTIVE,authority/strategy/WS_HISTORICAL_EVALUATION_STRATEGY.md,C. Entry Model,52,"Jika valid executable open tidak tersedia, trade di-skip; fallback ke later close sebagai pengganti open dilarang pada canonical proof.",04E394501562AF07D685277809F86CA8F5695588,WS-B08,TBD,TBD,TBD,NOT_ASSESSED,NOT_ASSESSED,N/A,,
WS-S06-HIST-R028,YES,WS-S06,PROOF_BEHAVIOR,REQUIRED,MANDATORY,authority/strategy/WS_HISTORICAL_EVALUATION_STRATEGY.md,D. Executable-Bar Rule,56,Published/readable EOD row dan executable trading bar adalah konsep berbeda.,2C94B0FF2E4C4B84BD14888C2CC9B752A031D17F,WS-B08,TBD,TBD,TBD,NOT_ASSESSED,NOT_ASSESSED,N/A,,
WS-S06-HIST-R029,YES,WS-S06,PROOF_BEHAVIOR,REQUIRED,MANDATORY,authority/strategy/WS_HISTORICAL_EVALUATION_STRATEGY.md,D. Executable-Bar Rule,57,Entry/exit hanya memakai bar dengan harga sah dan positive tradable volume.,662153574CDBE822389F6D98DAC035FFE2343E05,WS-B08,TBD,TBD,TBD,NOT_ASSESSED,NOT_ASSESSED,N/A,,
WS-S06-HIST-R030,YES,WS-S06,PROOF_BEHAVIOR,REQUIRED,MANDATORY,authority/strategy/WS_HISTORICAL_EVALUATION_STRATEGY.md,D. Executable-Bar Rule,58,Missing/non-executable bar tidak boleh menghasilkan synthetic fill atau synthetic zero return.,7CFD4CD633AF1B1A75F9F48CB2DEE24A1042BC01,WS-B08,TBD,TBD,TBD,NOT_ASSESSED,NOT_ASSESSED,N/A,,
WS-S06-HIST-R099,YES,WS-S06,PROOF_BEHAVIOR,REQUIRED,MANDATORY,authority/strategy/WS_HISTORICAL_EVALUATION_STRATEGY.md,D. Executable-Bar Rule,59,Trade **tanpa valid pre-entry executable fill** boleh di-skip dengan reason yang deterministic; trade yang **sudah mempunyai valid entry fill tidak boleh di-skip** hanya karena exit berikutnya non-executable.,A39BE5DD9AF8F9298F90FB9F476D262BDCBEEBAC,WS-B08,TBD,TBD,TBD,NOT_ASSESSED,NOT_ASSESSED,N/A,,Added by D-WS-20260819-05 high-trust strategy strengthening.
WS-S06-HIST-R032,YES,WS-S06,PROOF_BEHAVIOR,REQUIRED,MANDATORY,authority/strategy/WS_HISTORICAL_EVALUATION_STRATEGY.md,D. Executable-Bar Rule,60,Skip reason harus dapat dihitung dan direplay.,05BAD7EB39A75601E2568CB8E045FB091CA3516E,WS-B08,TBD,TBD,TBD,NOT_ASSESSED,NOT_ASSESSED,N/A,,
WS-S06-HIST-R100,YES,WS-S06,PROOF_BEHAVIOR,REQUIRED,MANDATORY,authority/strategy/WS_HISTORICAL_EVALUATION_STRATEGY.md,D1. Operational Entry-Time Validity,64,Canonical historical `open(D+1)` fill hanya valid bila point-in-time evidence menunjukkan EOD publication/recommendation dapat tersedia sebelum governed `D+1` earliest entry time dengan minimum decision lead time **30 minutes**.,0FDE67FC56B66737565064222915FDC8364930DE,WS-B08,TBD,TBD,TBD,NOT_ASSESSED,NOT_ASSESSED,N/A,,Added by D-WS-20260819-05 high-trust strategy strengthening.
WS-S06-HIST-R101,YES,WS-S06,PROOF_BEHAVIOR,REQUIRED,MANDATORY,authority/strategy/WS_HISTORICAL_EVALUATION_STRATEGY.md,D1. Operational Entry-Time Validity,66,"Jika availability timing tidak dapat dibuktikan pada historical data, historical return proof tetap dapat menilai selection mechanics tetapi **tidak sendirian membuktikan operational D+1-open executability**; operational timing wajib dibuktikan pada forward shadow.",E5997B9822E4E45D743718965E207204940A7D38,WS-B08,TBD,TBD,TBD,NOT_ASSESSED,NOT_ASSESSED,N/A,,Added by D-WS-20260819-05 high-trust strategy strengthening.
WS-S06-HIST-R102,YES,WS-S06,PROOF_BEHAVIOR,REQUIRED,MANDATORY,authority/strategy/WS_HISTORICAL_EVALUATION_STRATEGY.md,D1. Operational Entry-Time Validity,68,"Jika recommendation secara faktual terlambat pada shadow/live-equivalent run, earlier open tidak boleh dipakai sebagai synthetic fill. Later fill hanya boleh dipakai bila separately frozen causal execution rule dan adequate intraday/current data tersedia; otherwise trade adalah pre-entry non-executable.",0600414B96CE8BF71CF23FEEFB43D317B094E57B,WS-B08,TBD,TBD,TBD,NOT_ASSESSED,NOT_ASSESSED,N/A,,Added by D-WS-20260819-05 high-trust strategy strengthening.
WS-S06-HIST-R103,YES,WS-S06,PROOF_BEHAVIOR,REQUIRED,MANDATORY,authority/strategy/WS_HISTORICAL_EVALUATION_STRATEGY.md,D2. Post-Entry Non-Executability / Suspension Resolution,72,"Sekali canonical entry fill terjadi, trade menjadi **committed evaluation exposure** dan wajib tetap berada dalam denominator/result lineage sampai economically resolved.",3349EBDA8A4B5F2918D48ABEBCAF979354E3FED6,WS-B08,TBD,TBD,TBD,NOT_ASSESSED,NOT_ASSESSED,N/A,,Added by D-WS-20260819-05 high-trust strategy strengthening.
WS-S06-HIST-R104,YES,WS-S06,PROOF_BEHAVIOR,REFERENCE_ONLY,MANDATORY,authority/strategy/WS_HISTORICAL_EVALUATION_STRATEGY.md,D2. Post-Entry Non-Executability / Suspension Resolution,74,"Jika predeclared exit jatuh pada bar/session yang tidak executable karena suspension, zero tradable volume, unavailable Regular-Market execution, delisting transition, atau equivalent market constraint:",5B126DF3C8A99716B68D275AEB9D6284EB2B78C3,WS-B08,N/A,N/A,N/A,N/A,REFERENCE_ONLY,N/A,,Added by D-WS-20260819-05 high-trust strategy strengthening.
WS-S06-HIST-R105,YES,WS-S06,PROOF_BEHAVIOR,REQUIRED,MANDATORY,authority/strategy/WS_HISTORICAL_EVALUATION_STRATEGY.md,D2. Post-Entry Non-Executability / Suspension Resolution,76,desired exit timestamp/reason tetap direkam;,5E5ABD5520423F32734E88CDE1788C0CE78CC0C5,WS-B08,TBD,TBD,TBD,NOT_ASSESSED,NOT_ASSESSED,N/A,,Added by D-WS-20260819-05 high-trust strategy strengthening.
WS-S06-HIST-R106,YES,WS-S06,PROOF_BEHAVIOR,REQUIRED,MANDATORY,authority/strategy/WS_HISTORICAL_EVALUATION_STRATEGY.md,D2. Post-Entry Non-Executability / Suspension Resolution,77,"exit execution ditunda ke **first later point-in-time executable Regular-Market opportunity** yang sah, menggunakan first causal executable price sesuai frozen execution rule;",9ED686C8C2B881F309B5F5E07A97CE8EBCACA466,WS-B08,TBD,TBD,TBD,NOT_ASSESSED,NOT_ASSESSED,N/A,,Added by D-WS-20260819-05 high-trust strategy strengthening.
WS-S06-HIST-R107,YES,WS-S06,PROOF_BEHAVIOR,REQUIRED,MANDATORY,authority/strategy/WS_HISTORICAL_EVALUATION_STRATEGY.md,D2. Post-Entry Non-Executability / Suspension Resolution,78,actual holding extension dan `non_executable_exit_days` wajib dilaporkan;,D4C72352EA383E8CFED148AE10A87BA8EC0E810D,WS-B08,TBD,TBD,TBD,NOT_ASSESSED,NOT_ASSESSED,N/A,,Added by D-WS-20260819-05 high-trust strategy strengthening.
WS-S06-HIST-R108,YES,WS-S06,PROOF_BEHAVIOR,REQUIRED,MANDATORY,authority/strategy/WS_HISTORICAL_EVALUATION_STRATEGY.md,D2. Post-Entry Non-Executability / Suspension Resolution,79,"trade tetap masuk return, downside, tail-risk, dan ranking statistics;",D99E194B4C1B2A72EE15BA840FC844DB23B9FC82,WS-B08,TBD,TBD,TBD,NOT_ASSESSED,NOT_ASSESSED,N/A,,Added by D-WS-20260819-05 high-trust strategy strengthening.
WS-S06-HIST-R109,YES,WS-S06,PROOF_BEHAVIOR,REQUIRED,MANDATORY,authority/strategy/WS_HISTORICAL_EVALUATION_STRATEGY.md,D2. Post-Entry Non-Executability / Suspension Resolution,80,official source-backed cash settlement/recovery dapat dipakai bila memang merupakan economic resolution yang causal dan lebih tepat daripada exchange fill.,DC9257F6C800D52A97282BE98ECEFB2B68C60D63,WS-B08,TBD,TBD,TBD,NOT_ASSESSED,NOT_ASSESSED,N/A,,Added by D-WS-20260819-05 high-trust strategy strengthening.
WS-S06-HIST-R110,YES,WS-S06,PROOF_BEHAVIOR,REQUIRED,MANDATORY,authority/strategy/WS_HISTORICAL_EVALUATION_STRATEGY.md,D2. Post-Entry Non-Executability / Suspension Resolution,82,"Jika exposure belum mempunyai executable/official economic resolution sampai evaluation cutoff, trade diberi state `UNRESOLVED_POST_ENTRY_EXPOSURE` dan untuk production-qualification acceptance metrics diperlakukan konservatif sebagai **`ret_net = -100%`**. Unresolved exposure count harus dilaporkan terpisah dan tidak boleh disembunyikan melalui sample exclusion.",3C3CEE96D3356FFFCD516A679246376EB95FAC16,WS-B08,TBD,TBD,TBD,NOT_ASSESSED,NOT_ASSESSED,N/A,,Added by D-WS-20260819-05 high-trust strategy strengthening.
WS-S06-HIST-R111,YES,WS-S06,PROOF_BEHAVIOR,REQUIRED,MANDATORY,authority/strategy/WS_HISTORICAL_EVALUATION_STRATEGY.md,D2. Post-Entry Non-Executability / Suspension Resolution,84,"Maximum holding horizon 5 trading day adalah **strategy intent under normal executability**. Forced extension akibat market non-executability adalah execution-risk outcome, bukan izin untuk strategy memilih holding period baru berdasarkan future return.",673C510B15DDB267A1F429D6292123A407A2571E,WS-B08,TBD,TBD,TBD,NOT_ASSESSED,NOT_ASSESSED,N/A,,Added by D-WS-20260819-05 high-trust strategy strengthening.
WS-S06-HIST-R033,YES,WS-S06,PROOF_BEHAVIOR,REQUIRED,MANDATORY,authority/strategy/WS_HISTORICAL_EVALUATION_STRATEGY.md,E. Weekly Swing Exit Horizon and Causality,88,Maximum holding horizon adalah **5 trading day sejak entry**.,98C917BB121240F5E493F15A2B76C48AC7548C89,WS-B08,TBD,TBD,TBD,NOT_ASSESSED,NOT_ASSESSED,N/A,,
WS-S06-HIST-R034,YES,WS-S06,PROOF_BEHAVIOR,REQUIRED,MANDATORY,authority/strategy/WS_HISTORICAL_EVALUATION_STRATEGY.md,E. Weekly Swing Exit Horizon and Causality,90,Satu evaluation identity harus memakai tepat satu predeclared exit policy. Runtime tidak boleh memilih exit model berdasarkan future outcome.,0780426E9C8ACCF610183E9EB3A49559BC76441F,WS-B08,TBD,TBD,TBD,NOT_ASSESSED,NOT_ASSESSED,N/A,,
WS-S06-HIST-R035,YES,WS-S06,PROOF_BEHAVIOR,REFERENCE_ONLY,MANDATORY,authority/strategy/WS_HISTORICAL_EVALUATION_STRATEGY.md,E. Weekly Swing Exit Horizon and Causality,92,Canonical Weekly Swing membatasi exit policy ke dua causal families yang sudah dapat diuji secara eksplisit:,269B5144088F9CFBC560F90A2B2AE1332A41BBBE,WS-B08,N/A,N/A,N/A,N/A,REFERENCE_ONLY,N/A,,
WS-S06-HIST-R036,YES,WS-S06,PROOF_BEHAVIOR,REQUIRED,MANDATORY,authority/strategy/WS_HISTORICAL_EVALUATION_STRATEGY.md,1. STOP_TARGET_TIME,96,stop dan target ditetapkan sebelum entry;,0C17CC2D0C69E70329F3B62FB22CEFEC92864DE6,WS-B08,TBD,TBD,TBD,NOT_ASSESSED,NOT_ASSESSED,N/A,,
WS-S06-HIST-R037,YES,WS-S06,PROOF_BEHAVIOR,REQUIRED,MANDATORY,authority/strategy/WS_HISTORICAL_EVALUATION_STRATEGY.md,1. STOP_TARGET_TIME,97,opening gap dievaluasi sebelum intraday high/low;,D74C5EC251E9F01C590EB4086BE23D2846259A8D,WS-B08,TBD,TBD,TBD,NOT_ASSESSED,NOT_ASSESSED,N/A,,
WS-S06-HIST-R038,YES,WS-S06,PROOF_BEHAVIOR,REQUIRED,CONDITIONAL_ACTIVE,authority/strategy/WS_HISTORICAL_EVALUATION_STRATEGY.md,1. STOP_TARGET_TIME,98,"jika stop dan target sama-sama tersentuh pada bar yang sama dan urutan tidak observable, assumption harus konservatif;",AAAB5A4A962A8B20EBCCBDA2AC72304E91D5F9F8,WS-B08,TBD,TBD,TBD,NOT_ASSESSED,NOT_ASSESSED,N/A,,
WS-S06-HIST-R039,YES,WS-S06,PROOF_BEHAVIOR,REQUIRED,CONDITIONAL_ACTIVE,authority/strategy/WS_HISTORICAL_EVALUATION_STRATEGY.md,1. STOP_TARGET_TIME,99,"bila tidak ada exit sebelumnya, fallback paling lambat pada executable close hari kelima.",3129205045FE3EA7468D54D168CF5DA956A39C1B,WS-B08,TBD,TBD,TBD,NOT_ASSESSED,NOT_ASSESSED,N/A,,
WS-S06-HIST-R040,YES,WS-S06,PROOF_BEHAVIOR,REQUIRED,MANDATORY,authority/strategy/WS_HISTORICAL_EVALUATION_STRATEGY.md,2. SEQUENTIAL_SIGNAL_NEXT_OPEN,103,profit/loss signal threshold ditetapkan sebelum entry;,ED703427FAD804CC7B4E7294AE404AE1D2889650,WS-B08,TBD,TBD,TBD,NOT_ASSESSED,NOT_ASSESSED,N/A,,
WS-S06-HIST-R041,YES,WS-S06,PROOF_BEHAVIOR,REQUIRED,MANDATORY,authority/strategy/WS_HISTORICAL_EVALUATION_STRATEGY.md,2. SEQUENTIAL_SIGNAL_NEXT_OPEN,104,signal hanya boleh memakai informasi yang sudah published pada close hari tersebut;,64F82AD47F48ABDF4B9B6709F256D172D5386662,WS-B08,TBD,TBD,TBD,NOT_ASSESSED,NOT_ASSESSED,N/A,,
WS-S06-HIST-R042,YES,WS-S06,PROOF_BEHAVIOR,REQUIRED,MANDATORY,authority/strategy/WS_HISTORICAL_EVALUATION_STRATEGY.md,2. SEQUENTIAL_SIGNAL_NEXT_OPEN,105,signal pada close `Dn` paling cepat dieksekusi pada executable open `D(n+1)`;,B4B332202DC8FEBC59ADAAAA12B8F0AB5D9E523D,WS-B08,TBD,TBD,TBD,NOT_ASSESSED,NOT_ASSESSED,N/A,,
WS-S06-HIST-R043,YES,WS-S06,PROOF_BEHAVIOR,REQUIRED,MANDATORY,authority/strategy/WS_HISTORICAL_EVALUATION_STRATEGY.md,2. SEQUENTIAL_SIGNAL_NEXT_OPEN,106,future return tidak boleh dipakai untuk memilih route;,3506BA2C56BA45C0C09707093B8F7E1770D831B8,WS-B08,TBD,TBD,TBD,NOT_ASSESSED,NOT_ASSESSED,N/A,,
WS-S06-HIST-R044,YES,WS-S06,PROOF_BEHAVIOR,REQUIRED,CONDITIONAL_ACTIVE,authority/strategy/WS_HISTORICAL_EVALUATION_STRATEGY.md,2. SEQUENTIAL_SIGNAL_NEXT_OPEN,107,"bila tidak ada signal exit, fallback paling lambat pada executable close hari kelima.",6C7DAA46E794A479D083EAFCD5E8C7C8AF3FD550,WS-B08,TBD,TBD,TBD,NOT_ASSESSED,NOT_ASSESSED,N/A,,
WS-S06-HIST-R045,YES,WS-S06,PROOF_BEHAVIOR,REQUIRED,MANDATORY,authority/strategy/WS_HISTORICAL_EVALUATION_STRATEGY.md,2. SEQUENTIAL_SIGNAL_NEXT_OPEN,109,Hanya satu family boleh menjadi active production strategy identity pada satu waktu. Perubahan family adalah evaluation-breaking change dan membutuhkan proof baru.,901DD713D9157CF8352C830BC14922AF3DAA25AC,WS-B08,TBD,TBD,TBD,NOT_ASSESSED,NOT_ASSESSED,N/A,,
WS-S06-HIST-R046,YES,WS-S06,PROOF_BEHAVIOR,REQUIRED,MANDATORY,authority/strategy/WS_HISTORICAL_EVALUATION_STRATEGY.md,F. Executable Price and IDX Fraction,113,"Entry/exit memakai raw tradable OHLC, bukan adjusted/fractional synthetic prices.",819FED2449DE8499C10B7394981F23C24385EEC9,WS-B08,TBD,TBD,TBD,NOT_ASSESSED,NOT_ASSESSED,N/A,,
WS-S06-HIST-R047,YES,WS-S06,PROOF_BEHAVIOR,REQUIRED,CONDITIONAL_ACTIVE,authority/strategy/WS_HISTORICAL_EVALUATION_STRATEGY.md,F. Executable Price and IDX Fraction,115,"Theoretical price level harus diterjemahkan ke valid executable IDX price fraction secara konservatif bila exit policy membutuhkan level harga. Tick/fraction tier, minimum Regular-Market price, dan price-band fact yang dipakai harus berasal dari effective-dated Market Data market-structure authority valid pada trade date; current exchange tier tidak boleh di-hardcode mundur ke histori.",B1B4E15F71A37E43A34872A21FB05EC0DDD39054,WS-B08,TBD,TBD,TBD,NOT_ASSESSED,NOT_ASSESSED,N/A,,
WS-S06-HIST-R048,YES,WS-S06,PROOF_BEHAVIOR,REQUIRED,MANDATORY,authority/strategy/WS_HISTORICAL_EVALUATION_STRATEGY.md,F. Executable Price and IDX Fraction,117,Market Data memiliki fakta struktur exchange; Watchlist memiliki cara menerapkannya untuk executable-price evaluation. Fakta band/tick tidak boleh dipakai sebagai alpha score kecuali suatu strategy revision secara eksplisit mengadopsinya dengan proof identity baru.,DFDFF4BE57B77F216A3685A1F093D315B50B1F18,WS-B08,TBD,TBD,TBD,NOT_ASSESSED,NOT_ASSESSED,N/A,,
WS-S06-HIST-R112,YES,WS-S06,PROOF_BEHAVIOR,REQUIRED,MANDATORY,authority/strategy/WS_HISTORICAL_EVALUATION_STRATEGY.md,F. Executable Price and IDX Fraction,119,"Jika executable **entry** price tidak dapat dibuktikan, trade fail-closed sebagai pre-entry non-executable. Jika masalah executability muncul setelah valid entry, resolution mengikuti `D2` dan exposure tidak boleh dihapus dari return distribution.",930A540570CA04DF8C5DD5150F6B64ECB286357F,WS-B08,TBD,TBD,TBD,NOT_ASSESSED,NOT_ASSESSED,N/A,,Added by D-WS-20260819-05 high-trust strategy strengthening.
WS-S06-HIST-R050,YES,WS-S06,PROOF_BEHAVIOR,REQUIRED,MANDATORY,authority/strategy/WS_HISTORICAL_EVALUATION_STRATEGY.md,G. Trade-Plan Risk Binding,123,Evaluation memakai exact predeclared trade plan yang terikat pada final recommendation.,078618EAE7A4309120C23F28F98F8B27226EA5B2,WS-B08,TBD,TBD,TBD,NOT_ASSESSED,NOT_ASSESSED,N/A,,
WS-S06-HIST-R051,YES,WS-S06,PROOF_BEHAVIOR,REQUIRED,MANDATORY,authority/strategy/WS_HISTORICAL_EVALUATION_STRATEGY.md,G. Trade-Plan Risk Binding,125,"STOP_TARGET_TIME wajib mempunyai valid stop, target, dan minimum risk/reward.",32063ABC0A129DD2C78F9EF01A0EE5AC81EBE69B,WS-B08,TBD,TBD,TBD,NOT_ASSESSED,NOT_ASSESSED,N/A,,
WS-S06-HIST-R052,YES,WS-S06,PROOF_BEHAVIOR,REQUIRED,MANDATORY,authority/strategy/WS_HISTORICAL_EVALUATION_STRATEGY.md,G. Trade-Plan Risk Binding,126,"SEQUENTIAL_SIGNAL_NEXT_OPEN wajib mempunyai predeclared profit/loss thresholds, next-open routing, dan bounded D5 fallback.",87EB3E06D4474AD8618BBBA803A1252B0C53AD27,WS-B08,TBD,TBD,TBD,NOT_ASSESSED,NOT_ASSESSED,N/A,,
WS-S06-HIST-R053,YES,WS-S06,PROOF_BEHAVIOR,REQUIRED,MANDATORY,authority/strategy/WS_HISTORICAL_EVALUATION_STRATEGY.md,G. Trade-Plan Risk Binding,127,Exit rule tidak boleh dibuat ulang setelah entry atau dipilih berdasarkan realized future path.,41FE48F3F37A23894F2896B35BC6AE4D186C08DD,WS-B08,TBD,TBD,TBD,NOT_ASSESSED,NOT_ASSESSED,N/A,,
WS-S06-HIST-R054,YES,WS-S06,PROOF_BEHAVIOR,REQUIRED,MANDATORY,authority/strategy/WS_HISTORICAL_EVALUATION_STRATEGY.md,H. Trading Cost and Slippage,131,Production qualification tidak boleh menggunakan frictionless assumption.,E6C592F487CFE98B739C2D203CD6A137A865407E,WS-B08,TBD,TBD,TBD,NOT_ASSESSED,NOT_ASSESSED,N/A,,
WS-S06-HIST-R055,YES,WS-S06,PROOF_BEHAVIOR,REFERENCE_ONLY,MANDATORY,authority/strategy/WS_HISTORICAL_EVALUATION_STRATEGY.md,H. Trading Cost and Slippage,133,"Canonical production-use proof harus mempunyai explicit **production cost profile** yang merepresentasikan intended real trading account, minimal:",6EDE1145F9118A1CE471F599B35FCA9E074AD3AF,WS-B08,N/A,N/A,N/A,N/A,REFERENCE_ONLY,N/A,,
WS-S06-HIST-R056,YES,WS-S06,PROOF_BEHAVIOR,REQUIRED,MANDATORY,authority/strategy/WS_HISTORICAL_EVALUATION_STRATEGY.md,H. Trading Cost and Slippage,134,all-in buy transaction cost;,9D59D0B76CD7389E7D2E8BE43744C7F701C1AE58,WS-B08,TBD,TBD,TBD,NOT_ASSESSED,NOT_ASSESSED,N/A,,
WS-S06-HIST-R057,YES,WS-S06,PROOF_BEHAVIOR,REQUIRED,MANDATORY,authority/strategy/WS_HISTORICAL_EVALUATION_STRATEGY.md,H. Trading Cost and Slippage,135,all-in sell transaction cost;,6E66B676372B1B42FCE84D1D878D62A37C8D5D4D,WS-B08,TBD,TBD,TBD,NOT_ASSESSED,NOT_ASSESSED,N/A,,
WS-S06-HIST-R058,YES,WS-S06,PROOF_BEHAVIOR,REQUIRED,MANDATORY,authority/strategy/WS_HISTORICAL_EVALUATION_STRATEGY.md,H. Trading Cost and Slippage,136,non-zero adverse entry slippage;,99FCE5F9D500F2EFDF26A2760BE30844A36C76CC,WS-B08,TBD,TBD,TBD,NOT_ASSESSED,NOT_ASSESSED,N/A,,
WS-S06-HIST-R059,YES,WS-S06,PROOF_BEHAVIOR,REQUIRED,MANDATORY,authority/strategy/WS_HISTORICAL_EVALUATION_STRATEGY.md,H. Trading Cost and Slippage,137,non-zero adverse exit slippage.,F6032BC3892DB549057BDB982EB3A7AC41A2D847,WS-B08,TBD,TBD,TBD,NOT_ASSESSED,NOT_ASSESSED,N/A,,
WS-S06-HIST-R060,YES,WS-S06,PROOF_BEHAVIOR,REQUIRED,MANDATORY,authority/strategy/WS_HISTORICAL_EVALUATION_STRATEGY.md,H. Trading Cost and Slippage,139,Cost/slippage harus dinyatakan dalam deterministic versioned terms dan diterapkan sebelum `ret_net` dihitung.,D08016AA7C1621C15AA7EA85ADD2CF0538EBCA39,WS-B08,TBD,TBD,TBD,NOT_ASSESSED,NOT_ASSESSED,N/A,,
WS-S06-HIST-R061,YES,WS-S06,PROOF_BEHAVIOR,REQUIRED,MANDATORY,authority/strategy/WS_HISTORICAL_EVALUATION_STRATEGY.md,H. Trading Cost and Slippage,141,"Zero-slippage atau simplified fixed-cost run boleh dipertahankan untuk diagnostic/legacy comparison, tetapi **tidak dapat menjadi satu-satunya production qualification proof**.",CB44372BCE438DBC9208AA2FC4289BE2BA7562FC,WS-B08,TBD,TBD,TBD,NOT_ASSESSED,NOT_ASSESSED,N/A,,
WS-S06-HIST-R062,YES,WS-S06,PROOF_BEHAVIOR,REQUIRED,MANDATORY,authority/strategy/WS_HISTORICAL_EVALUATION_STRATEGY.md,H. Trading Cost and Slippage,143,"Selain baseline production cost profile, strategy harus mempunyai adverse-friction stress profile yang lebih konservatif. Candidate untuk real use harus tetap mempunyai positive net-return expectation pada stress proof.",B493F49F673498110111A2EE5B9AC195B7C7C403,WS-B08,TBD,TBD,TBD,NOT_ASSESSED,NOT_ASSESSED,N/A,,
WS-S06-HIST-R063,YES,WS-S06,PROOF_BEHAVIOR,REQUIRED,MANDATORY,authority/strategy/WS_HISTORICAL_EVALUATION_STRATEGY.md,I. Capital Independence,147,"Evaluation notional boleh dibakukan untuk reproducibility dan lot executability, tetapi notional tidak boleh mengubah recommendation membership atau rank.",6E53EB3BF91F02F67E1770D3CA2409782C693B91,WS-B08,TBD,TBD,TBD,NOT_ASSESSED,NOT_ASSESSED,N/A,,
WS-S06-HIST-R064,YES,WS-S06,PROOF_BEHAVIOR,REQUIRED,MANDATORY,authority/strategy/WS_HISTORICAL_EVALUATION_STRATEGY.md,I. Capital Independence,149,Affordability user tertentu bukan bagian dari strategy-selection proof.,6F365FD03410E08F07942A7FB28CDC3DF4ED54FD,WS-B08,TBD,TBD,TBD,NOT_ASSESSED,NOT_ASSESSED,N/A,,
WS-S06-HIST-R065,YES,WS-S06,PROOF_BEHAVIOR,REQUIRED,MANDATORY,authority/strategy/WS_HISTORICAL_EVALUATION_STRATEGY.md,J. Return Semantics,153,`ret_net` dihitung setelah seluruh canonical buy/sell cost dan slippage;,799FC1C37413A45AF15A34108E31F037A9AD763D,WS-B08,TBD,TBD,TBD,NOT_ASSESSED,NOT_ASSESSED,N/A,,
WS-S06-HIST-R066,YES,WS-S06,PROOF_BEHAVIOR,REQUIRED,MANDATORY,authority/strategy/WS_HISTORICAL_EVALUATION_STRATEGY.md,J. Return Semantics,154,win berarti `ret_net > 0`;,A1BFC1CB97A37680968A724EF3D19F671BCE9398,WS-B08,TBD,TBD,TBD,NOT_ASSESSED,NOT_ASSESSED,N/A,,
WS-S06-HIST-R113,YES,WS-S06,PROOF_BEHAVIOR,REQUIRED,MANDATORY,authority/strategy/WS_HISTORICAL_EVALUATION_STRATEGY.md,J. Return Semantics,155,seluruh final Top Pick dengan valid entry fill masuk return distribution sampai economically resolved; hanya pre-entry non-executable trade yang boleh di-skip;,D629340C1150AA0BEF42B87299419FAE9004E4C2,WS-B08,TBD,TBD,TBD,NOT_ASSESSED,NOT_ASSESSED,N/A,,Added by D-WS-20260819-05 high-trust strategy strengthening.
WS-S06-HIST-R068,YES,WS-S06,PROOF_BEHAVIOR,REQUIRED,MANDATORY,authority/strategy/WS_HISTORICAL_EVALUATION_STRATEGY.md,J. Return Semantics,156,no-recommendation date adalah valid strategy outcome dan tidak diberi synthetic trade.,DB6A0008B4C113A84D055B0FE2036088D2FCA09E,WS-B08,TBD,TBD,TBD,NOT_ASSESSED,NOT_ASSESSED,N/A,,
WS-S06-HIST-R114,YES,WS-S06,PROOF_BEHAVIOR,REQUIRED,MANDATORY,authority/strategy/WS_HISTORICAL_EVALUATION_STRATEGY.md,"K. Statistical, Economic, Benchmark, and Tail-Risk Metric Inputs",160,Historical evaluator wajib menghasilkan raw inputs untuk downstream acceptance berikut tanpa memilih winner:,6EF5A5BB1FC2ABECF576DACDAADAF0CCABFAB40C,WS-B08,TBD,TBD,TBD,NOT_ASSESSED,NOT_ASSESSED,N/A,,Added by D-WS-20260819-05 high-trust strategy strengthening.
WS-S06-HIST-R115,YES,WS-S06,PROOF_BEHAVIOR,REQUIRED,MANDATORY,authority/strategy/WS_HISTORICAL_EVALUATION_STRATEGY.md,Statistical uncertainty,164,date-clustered / block-bootstrap distribution yang menjaga picks pada recommendation date yang sama tetap satu dependency cluster;,BBF0FD31A655818F2486D60D3A68CE131FA24AFC,WS-B08,TBD,TBD,TBD,NOT_ASSESSED,NOT_ASSESSED,N/A,,Added by D-WS-20260819-05 high-trust strategy strengthening.
WS-S06-HIST-R116,YES,WS-S06,PROOF_BEHAVIOR,REQUIRED,MANDATORY,authority/strategy/WS_HISTORICAL_EVALUATION_STRATEGY.md,Statistical uncertainty,165,`avg_ret_net` 95% confidence interval;,94E3AAE234B667CACB6308990CE34A23CF010ECF,WS-B08,TBD,TBD,TBD,NOT_ASSESSED,NOT_ASSESSED,N/A,,Added by D-WS-20260819-05 high-trust strategy strengthening.
WS-S06-HIST-R117,YES,WS-S06,PROOF_BEHAVIOR,REQUIRED,MANDATORY,authority/strategy/WS_HISTORICAL_EVALUATION_STRATEGY.md,Statistical uncertainty,166,benchmark-relative mean 95% confidence interval;,5DCA50DB1A4856D742F125BF6453DBB9951818CD,WS-B08,TBD,TBD,TBD,NOT_ASSESSED,NOT_ASSESSED,N/A,,Added by D-WS-20260819-05 high-trust strategy strengthening.
WS-S06-HIST-R118,YES,WS-S06,PROOF_BEHAVIOR,REQUIRED,MANDATORY,authority/strategy/WS_HISTORICAL_EVALUATION_STRATEGY.md,Statistical uncertainty,167,explicit recommendation-day count sebagai independent evidence unit selain raw trade count.,9E65946F1258E96FA2DE3588910964564D6B9CE2,WS-B08,TBD,TBD,TBD,NOT_ASSESSED,NOT_ASSESSED,N/A,,Added by D-WS-20260819-05 high-trust strategy strengthening.
WS-S06-HIST-R119,YES,WS-S06,PROOF_BEHAVIOR,REFERENCE_ONLY,MANDATORY,authority/strategy/WS_HISTORICAL_EVALUATION_STRATEGY.md,Economic significance,171,Canonical minimum economic edge floor untuk baseline production proof adalah:,2C21E4A6E61EF4F47224C041EF3A7907C4807698,WS-B08,N/A,N/A,N/A,N/A,REFERENCE_ONLY,N/A,,Added by D-WS-20260819-05 high-trust strategy strengthening.
WS-S06-HIST-R120,YES,WS-S06,PROOF_BEHAVIOR,REQUIRED,MANDATORY,authority/strategy/WS_HISTORICAL_EVALUATION_STRATEGY.md,Economic significance,173,`avg_ret_net_top >= +0.0025` (**+0.25% net per executable Top Pick**) setelah baseline production friction.,31F0F095655C18CFADC9612988FB458ABE3F8696,WS-B08,TBD,TBD,TBD,NOT_ASSESSED,NOT_ASSESSED,N/A,,Added by D-WS-20260819-05 high-trust strategy strengthening.
WS-S06-HIST-R121,YES,WS-S06,PROOF_BEHAVIOR,REQUIRED,MANDATORY,authority/strategy/WS_HISTORICAL_EVALUATION_STRATEGY.md,Economic significance,175,Floor ini tidak boleh diturunkan setelah outcome dibaca. Strategy tetap harus memenuhi confidence and benchmark tests; average di atas +0.25% saja tidak cukup.,ACEF89AB3E3C55DA132BC12EB9FC360F14E169F2,WS-B08,TBD,TBD,TBD,NOT_ASSESSED,NOT_ASSESSED,N/A,,Added by D-WS-20260819-05 high-trust strategy strengthening.
WS-S06-HIST-R122,YES,WS-S06,PROOF_BEHAVIOR,REQUIRED,MANDATORY,authority/strategy/WS_HISTORICAL_EVALUATION_STRATEGY.md,Benchmark / selection uplift,179,"Untuk setiap executable Top Pick, evaluator harus menghasilkan causal matched-horizon:",39771729F1CB9CFD52BC1FE6B1205076EE24000E,WS-B08,TBD,TBD,TBD,NOT_ASSESSED,NOT_ASSESSED,N/A,,Added by D-WS-20260819-05 high-trust strategy strengthening.
WS-S06-HIST-R123,YES,WS-S06,PROOF_BEHAVIOR,REQUIRED,CONDITIONAL_ACTIVE,authority/strategy/WS_HISTORICAL_EVALUATION_STRATEGY.md,Benchmark / selection uplift,181,`excess_ret_vs_ihsg` menggunakan primary point-in-time IHSG benchmark bila required producer input tersedia;,C3964CB1E311C257B5711DB56E130FAC3EC2412C,WS-B08,TBD,TBD,TBD,NOT_ASSESSED,NOT_ASSESSED,N/A,,Added by D-WS-20260819-05 high-trust strategy strengthening.
WS-S06-HIST-R124,YES,WS-S06,PROOF_BEHAVIOR,REQUIRED,MANDATORY,authority/strategy/WS_HISTORICAL_EVALUATION_STRATEGY.md,Benchmark / selection uplift,182,`selection_uplift_vs_eligible_universe` terhadap deterministic same-date eligible-universe baseline menggunakan exact causal entry/horizon rule.,5645CC04DF0B14F74399089FFB38D0F98D7F12DD,WS-B08,TBD,TBD,TBD,NOT_ASSESSED,NOT_ASSESSED,N/A,,Added by D-WS-20260819-05 high-trust strategy strengthening.
WS-S06-HIST-R125,YES,WS-S06,PROOF_BEHAVIOR,REQUIRED,MANDATORY,authority/strategy/WS_HISTORICAL_EVALUATION_STRATEGY.md,Benchmark / selection uplift,184,Benchmark/universe baseline tidak boleh menggunakan future constituent knowledge atau current universe back-projection.,C87C47C8B0664133E6485BA8484C9F9B8EE124D3,WS-B08,TBD,TBD,TBD,NOT_ASSESSED,NOT_ASSESSED,N/A,,Added by D-WS-20260819-05 high-trust strategy strengthening.
WS-S06-HIST-R126,YES,WS-S06,PROOF_BEHAVIOR,REFERENCE_ONLY,MANDATORY,authority/strategy/WS_HISTORICAL_EVALUATION_STRATEGY.md,Tail and path risk,188,Minimum raw metrics:,F275F144DB82925FDB3536D990315B1560E658EB,WS-B08,N/A,N/A,N/A,N/A,REFERENCE_ONLY,N/A,,Added by D-WS-20260819-05 high-trust strategy strengthening.
WS-S06-HIST-R127,YES,WS-S06,PROOF_BEHAVIOR,REQUIRED,MANDATORY,authority/strategy/WS_HISTORICAL_EVALUATION_STRATEGY.md,Tail and path risk,190,`p05_ret_net_top`;,74DAD03F3189F133432FD5A18188CB0354B2AF55,WS-B08,TBD,TBD,TBD,NOT_ASSESSED,NOT_ASSESSED,N/A,,Added by D-WS-20260819-05 high-trust strategy strengthening.
WS-S06-HIST-R128,YES,WS-S06,PROOF_BEHAVIOR,REQUIRED,MANDATORY,authority/strategy/WS_HISTORICAL_EVALUATION_STRATEGY.md,Tail and path risk,191,`expected_shortfall_05_ret_net_top`;,F5D1FC85A1C3E214E15AB14B9C67DD044450B4D2,WS-B08,TBD,TBD,TBD,NOT_ASSESSED,NOT_ASSESSED,N/A,,Added by D-WS-20260819-05 high-trust strategy strengthening.
WS-S06-HIST-R129,YES,WS-S06,PROOF_BEHAVIOR,REQUIRED,MANDATORY,authority/strategy/WS_HISTORICAL_EVALUATION_STRATEGY.md,Tail and path risk,192,maximum adverse excursion (`MAE`) dan distribution-nya;,D633210260715380096664198627E0A9D81F5FFC,WS-B08,TBD,TBD,TBD,NOT_ASSESSED,NOT_ASSESSED,N/A,,Added by D-WS-20260819-05 high-trust strategy strengthening.
WS-S06-HIST-R130,YES,WS-S06,PROOF_BEHAVIOR,REQUIRED,MANDATORY,authority/strategy/WS_HISTORICAL_EVALUATION_STRATEGY.md,Tail and path risk,193,`max_consecutive_losing_trades` dan `max_consecutive_losing_recommendation_days`;,FE534B7D3D7000DD04B1E7C47E8B97DCAE346547,WS-B08,TBD,TBD,TBD,NOT_ASSESSED,NOT_ASSESSED,N/A,,Added by D-WS-20260819-05 high-trust strategy strengthening.
WS-S06-HIST-R131,YES,WS-S06,PROOF_BEHAVIOR,REQUIRED,MANDATORY,authority/strategy/WS_HISTORICAL_EVALUATION_STRATEGY.md,Tail and path risk,194,date-level equal-reference-notional equity curve maximum drawdown;,F808F07D707C6C85E453FB4A56C334152846335E,WS-B08,TBD,TBD,TBD,NOT_ASSESSED,NOT_ASSESSED,N/A,,Added by D-WS-20260819-05 high-trust strategy strengthening.
WS-S06-HIST-R132,YES,WS-S06,PROOF_BEHAVIOR,REQUIRED,MANDATORY,authority/strategy/WS_HISTORICAL_EVALUATION_STRATEGY.md,Tail and path risk,195,count/duration of post-entry non-executable exit extensions.,7D683DC224B8FEF30507561DFE5331BDB04FDD58,WS-B08,TBD,TBD,TBD,NOT_ASSESSED,NOT_ASSESSED,N/A,,Added by D-WS-20260819-05 high-trust strategy strengthening.
WS-S06-HIST-R133,YES,WS-S06,PROOF_BEHAVIOR,REQUIRED,MANDATORY,authority/strategy/WS_HISTORICAL_EVALUATION_STRATEGY.md,Tail and path risk,197,Date-level equal-reference-notional curve hanya proof diagnostic untuk clustering/downside dan **bukan portfolio-construction recommendation**.,C26A099F3262E805B6430D53BBC1DC92A414F557,WS-B08,TBD,TBD,TBD,NOT_ASSESSED,NOT_ASSESSED,N/A,,Added by D-WS-20260819-05 high-trust strategy strengthening.
WS-S06-HIST-R069,YES,WS-S06,PROOF_BEHAVIOR,REQUIRED,MANDATORY,authority/strategy/WS_HISTORICAL_EVALUATION_STRATEGY.md,L. Ranking Proof,201,Evaluation tidak cukup hanya membuktikan aggregate Top Picks return.,43499D015573FC6A291EEF3769E83DB036A10B92,WS-B08,TBD,TBD,TBD,NOT_ASSESSED,NOT_ASSESSED,N/A,,
WS-S06-HIST-R070,YES,WS-S06,PROOF_BEHAVIOR,REFERENCE_ONLY,MANDATORY,authority/strategy/WS_HISTORICAL_EVALUATION_STRATEGY.md,L. Ranking Proof,203,"Evidence juga harus menunjukkan bahwa canonical recommendation ranking mempunyai utility, minimal:",C5D243BBA76B84A64E33B3A516FB34EA87F6A50F,WS-B08,N/A,N/A,N/A,N/A,REFERENCE_ONLY,N/A,,
WS-S06-HIST-R071,YES,WS-S06,PROOF_BEHAVIOR,REQUIRED,MANDATORY,authority/strategy/WS_HISTORICAL_EVALUATION_STRATEGY.md,L. Ranking Proof,204,rank #1 net-return expectation tidak negatif;,CCAC1F21DEB508AAF62412E87AC7B3C9712C59B0,WS-B08,TBD,TBD,TBD,NOT_ASSESSED,NOT_ASSESSED,N/A,,
WS-S06-HIST-R072,YES,WS-S06,PROOF_BEHAVIOR,REQUIRED,MANDATORY,authority/strategy/WS_HISTORICAL_EVALUATION_STRATEGY.md,L. Ranking Proof,205,rank ordering tidak menunjukkan systematic inversion di mana lower-ranked recommendations secara konsisten lebih baik daripada higher-ranked recommendations;,AFE1BA8AD2A5DDBB2EF4CF7397E63708F7A402AB,WS-B08,TBD,TBD,TBD,NOT_ASSESSED,NOT_ASSESSED,N/A,,
WS-S06-HIST-R073,YES,WS-S06,PROOF_BEHAVIOR,REQUIRED,MANDATORY,authority/strategy/WS_HISTORICAL_EVALUATION_STRATEGY.md,L. Ranking Proof,206,hubungan recommendation score dengan realized net return harus dihitung dan dilaporkan.,2C759217814A8241AB7B5B110B984961F468CCBB,WS-B08,TBD,TBD,TBD,NOT_ASSESSED,NOT_ASSESSED,N/A,,
WS-S06-HIST-R074,YES,WS-S06,PROOF_BEHAVIOR,REQUIRED,MANDATORY,authority/strategy/WS_HISTORICAL_EVALUATION_STRATEGY.md,M. Historical Evaluation Preparation,210,`WS-S06` menyiapkan outcome yang sah untuk downstream proof tanpa memilih winner atau membaca outcome stage berikutnya.,FE8FC23E87DD248F292CED4E79545A1E9FA6FEDC,WS-B08,TBD,TBD,TBD,NOT_ASSESSED,NOT_ASSESSED,N/A,,
WS-S06-HIST-R075,YES,WS-S06,PROOF_BEHAVIOR,REFERENCE_ONLY,MANDATORY,authority/strategy/WS_HISTORICAL_EVALUATION_STRATEGY.md,M. Historical Evaluation Preparation,212,Urutan wajib:,8B90A77B8446649D8AB83C48778E33FD58EDBF79,WS-B08,N/A,N/A,N/A,N/A,REFERENCE_ONLY,N/A,,
WS-S06-HIST-R076,YES,WS-S06,PROOF_BEHAVIOR,REQUIRED,MANDATORY,authority/strategy/WS_HISTORICAL_EVALUATION_STRATEGY.md,M. Historical Evaluation Preparation,214,"freeze historical window, Market Data identity, strategy identity, production cost/slippage baseline, dan deterministic candidate grid sebelum outcome evaluation dimulai;",4E5C191D990E400B42F041C709B5FFDBC017EA8B,WS-B08,TBD,TBD,TBD,NOT_ASSESSED,NOT_ASSESSED,N/A,,
WS-S06-HIST-R077,YES,WS-S06,PROOF_BEHAVIOR,REQUIRED,MANDATORY,authority/strategy/WS_HISTORICAL_EVALUATION_STRATEGY.md,M. Historical Evaluation Preparation,215,replay exact eligibility → PLAN → final RECOMMENDATION logic pada designated historical dates;,BA45E074303DD0A5B0FD8610BBF657AA7DB6C8F0,WS-B08,TBD,TBD,TBD,NOT_ASSESSED,NOT_ASSESSED,N/A,,
WS-S06-HIST-R078,YES,WS-S06,PROOF_BEHAVIOR,REQUIRED,MANDATORY,authority/strategy/WS_HISTORICAL_EVALUATION_STRATEGY.md,M. Historical Evaluation Preparation,216,"menghasilkan executable final-Top-Pick outcomes, no-recommendation dates, skipped-trade facts, dan ranking data yang dibutuhkan acceptance metrics;",B0ABACBB20F3EDB224A8AC94149AB18B213DC4AF,WS-B08,TBD,TBD,TBD,NOT_ASSESSED,NOT_ASSESSED,N/A,,
WS-S06-HIST-R079,YES,WS-S06,PROOF_BEHAVIOR,REQUIRED,MANDATORY,authority/strategy/WS_HISTORICAL_EVALUATION_STRATEGY.md,M. Historical Evaluation Preparation,217,menjaga setiap candidate/evaluation identity terpisah dan reproducible;,A914923BF439E519A8030F1CDED70DDFF9B5F180,WS-B08,TBD,TBD,TBD,NOT_ASSESSED,NOT_ASSESSED,N/A,,
WS-S06-HIST-R080,YES,WS-S06,PROOF_BEHAVIOR,REQUIRED,MANDATORY,authority/strategy/WS_HISTORICAL_EVALUATION_STRATEGY.md,M. Historical Evaluation Preparation,218,"menyerahkan IS outcomes yang lengkap ke `WS-S07` tanpa memilih pemenang berdasarkan OOS, stress, atau shadow information.",906A62B81638C63B5777247E81EAA6956177A4CF,WS-B08,TBD,TBD,TBD,NOT_ASSESSED,NOT_ASSESSED,N/A,,
WS-S06-HIST-R081,YES,WS-S06,PROOF_BEHAVIOR,REQUIRED,MANDATORY,authority/strategy/WS_HISTORICAL_EVALUATION_STRATEGY.md,M. Historical Evaluation Preparation,220,"`WS-S06` tidak memiliki authority untuk menurunkan acceptance floor, memilih best-IS winner, membaca untouched OOS, atau mengubah strategy berdasarkan downstream outcome.",72ED8226B2E06A67FA1DAF8D65C6535AFA3CA1EB,WS-B08,TBD,TBD,TBD,NOT_ASSESSED,NOT_ASSESSED,N/A,,
WS-S06-HIST-R082,YES,WS-S06,PROOF_BEHAVIOR,REQUIRED,MANDATORY,authority/strategy/WS_HISTORICAL_EVALUATION_STRATEGY.md,Evaluation Objective,224,"Calibration mencari robust Weekly Swing behavior, bukan maximum average return tunggal.",9A61CCE1D88EA9EEC8E24CAD5537F4005348D909,WS-B08,TBD,TBD,TBD,NOT_ASSESSED,NOT_ASSESSED,N/A,,
WS-S06-HIST-R083,YES,WS-S06,PROOF_BEHAVIOR,REFERENCE_ONLY,MANDATORY,authority/strategy/WS_HISTORICAL_EVALUATION_STRATEGY.md,Evaluation Objective,226,Objective mencakup:,C5DC457868A4596FCA360A9B86B2F039FF31FA5A,WS-B08,N/A,N/A,N/A,N/A,REFERENCE_ONLY,N/A,,
WS-S06-HIST-R084,YES,WS-S06,PROOF_BEHAVIOR,REQUIRED,MANDATORY,authority/strategy/WS_HISTORICAL_EVALUATION_STRATEGY.md,Evaluation Objective,227,positive net-return expectation after realistic friction;,C95242EFFB645BEEEB04968C8BFAD203A8DB0F6D,WS-B08,TBD,TBD,TBD,NOT_ASSESSED,NOT_ASSESSED,N/A,,
WS-S06-HIST-R085,YES,WS-S06,PROOF_BEHAVIOR,REQUIRED,MANDATORY,authority/strategy/WS_HISTORICAL_EVALUATION_STRATEGY.md,Evaluation Objective,228,robust median/distribution return;,AE8C0F3BBFAD165A5721CA9A220E8860E3EFCBAE,WS-B08,TBD,TBD,TBD,NOT_ASSESSED,NOT_ASSESSED,N/A,,
WS-S06-HIST-R086,YES,WS-S06,PROOF_BEHAVIOR,REQUIRED,MANDATORY,authority/strategy/WS_HISTORICAL_EVALUATION_STRATEGY.md,Evaluation Objective,229,bounded downside;,61C496B994BA89DA99070BE651FB41D4A7138ECB,WS-B08,TBD,TBD,TBD,NOT_ASSESSED,NOT_ASSESSED,N/A,,
WS-S06-HIST-R087,YES,WS-S06,PROOF_BEHAVIOR,REQUIRED,MANDATORY,authority/strategy/WS_HISTORICAL_EVALUATION_STRATEGY.md,Evaluation Objective,230,period stability;,DE833F681B39C269702B54257C4F2E78816E6FEF,WS-B08,TBD,TBD,TBD,NOT_ASSESSED,NOT_ASSESSED,N/A,,
WS-S06-HIST-R088,YES,WS-S06,PROOF_BEHAVIOR,REQUIRED,MANDATORY,authority/strategy/WS_HISTORICAL_EVALUATION_STRATEGY.md,Evaluation Objective,231,sufficient sample/coverage;,99654AC70174315C7256C27221716B63046F15EF,WS-B08,TBD,TBD,TBD,NOT_ASSESSED,NOT_ASSESSED,N/A,,
WS-S06-HIST-R089,YES,WS-S06,PROOF_BEHAVIOR,REQUIRED,MANDATORY,authority/strategy/WS_HISTORICAL_EVALUATION_STRATEGY.md,Evaluation Objective,232,useful recommendation ranking;,6E8B57E0574C61D27323D74C0B6B2BD39B991854,WS-B08,TBD,TBD,TBD,NOT_ASSESSED,NOT_ASSESSED,N/A,,
WS-S06-HIST-R090,YES,WS-S06,PROOF_BEHAVIOR,REQUIRED,MANDATORY,authority/strategy/WS_HISTORICAL_EVALUATION_STRATEGY.md,Evaluation Objective,233,deterministic replay.,0BE39EE58A5759E2EB66BD7433ACE0A4595003F7,WS-B08,TBD,TBD,TBD,NOT_ASSESSED,NOT_ASSESSED,N/A,,
WS-S06-HIST-R091,YES,WS-S06,PROOF_BEHAVIOR,REFERENCE_ONLY,MANDATORY,authority/strategy/WS_HISTORICAL_EVALUATION_STRATEGY.md,Failure Rules,237,Historical evaluation gagal sebagai valid `WS-S06` outcome bila:,7CE8A13D28E25F565825EA98CC4DA8D494988E94,WS-B08,N/A,N/A,N/A,N/A,REFERENCE_ONLY,N/A,,
WS-S06-HIST-R092,YES,WS-S06,PROOF_BEHAVIOR,REQUIRED,MANDATORY,authority/strategy/WS_HISTORICAL_EVALUATION_STRATEGY.md,Failure Rules,238,point-in-time replay tidak valid;,7E8DF3038233F813AECBEF53E6C36579B9D017E4,WS-B08,TBD,TBD,TBD,NOT_ASSESSED,NOT_ASSESSED,N/A,,
WS-S06-HIST-R093,YES,WS-S06,PROOF_BEHAVIOR,REQUIRED,MANDATORY,authority/strategy/WS_HISTORICAL_EVALUATION_STRATEGY.md,Failure Rules,239,exact PLAN/final RECOMMENDATION equivalence tidak dapat dibuktikan;,5EC6B4099CAAA6DBCF593837F311D24AA53E34ED,WS-B08,TBD,TBD,TBD,NOT_ASSESSED,NOT_ASSESSED,N/A,,
WS-S06-HIST-R094,YES,WS-S06,PROOF_BEHAVIOR,REQUIRED,MANDATORY,authority/strategy/WS_HISTORICAL_EVALUATION_STRATEGY.md,Failure Rules,240,required executable entry/exit price tidak dapat divalidasi secara causal;,28E5CCE3BD1C966A22CD70510DB5F2B795D4159A,WS-B08,TBD,TBD,TBD,NOT_ASSESSED,NOT_ASSESSED,N/A,,
WS-S06-HIST-R095,YES,WS-S06,PROOF_BEHAVIOR,REQUIRED,MANDATORY,authority/strategy/WS_HISTORICAL_EVALUATION_STRATEGY.md,Failure Rules,241,production baseline cost/slippage profile tidak terikat secara deterministik;,ACCE00FAAA5F738AD7393CAF98120D6DE06E55D9,WS-B08,TBD,TBD,TBD,NOT_ASSESSED,NOT_ASSESSED,N/A,,
WS-S06-HIST-R096,YES,WS-S06,PROOF_BEHAVIOR,REQUIRED,MANDATORY,authority/strategy/WS_HISTORICAL_EVALUATION_STRATEGY.md,Failure Rules,242,required downstream metric inputs tidak dapat dihasilkan;,3A75B6D4E5348CF2659C198FA2DF8FEBC19C15CC,WS-B08,TBD,TBD,TBD,NOT_ASSESSED,NOT_ASSESSED,N/A,,
WS-S06-HIST-R097,YES,WS-S06,PROOF_BEHAVIOR,REQUIRED,MANDATORY,authority/strategy/WS_HISTORICAL_EVALUATION_STRATEGY.md,Failure Rules,243,evaluation identity berubah di tengah replay tanpa identity baru.,14097369A6823127063E6D066DE5215DDFD9AE2C,WS-B08,TBD,TBD,TBD,NOT_ASSESSED,NOT_ASSESSED,N/A,,
WS-S06-HIST-R098,YES,WS-S06,PROOF_BEHAVIOR,REQUIRED,CONDITIONAL_ACTIVE,authority/strategy/WS_HISTORICAL_EVALUATION_STRATEGY.md,Failure Rules,245,"IS, OOS, adverse-friction, atau required core-shadow gate failure adalah verdict stage berikutnya dan menghentikan core progression; kegagalan tersebut tidak boleh dipakai untuk mengubah historical evaluation rules secara post-hoc. Optional CONFIRM evidence insufficiency hanya membatasi status capability CONFIRM dan tidak menghentikan core Top-Picks proof.",C64590CF71945B8A67E5C96D3C17CCA5A15042B3,WS-B08,TBD,TBD,TBD,NOT_ASSESSED,NOT_ASSESSED,N/A,,
WS-S07-IS-R001,YES,WS-S07,PROOF_BEHAVIOR,REFERENCE_ONLY,MANDATORY,authority/strategy/WS_IS_SUFFICIENCY_AND_WINNER_FREEZE.md,Purpose,5,Dokumen ini mengunci minimum evidence dan acceptance floor untuk menentukan apakah satu Weekly Swing strategy/paramset cukup robust untuk diteruskan dari IS calibration ke OOS proof.,1A09A29F2D84D626357F1E14241D7E31C1BEB4C3,WS-B09,N/A,N/A,N/A,N/A,REFERENCE_ONLY,N/A,,
WS-S07-IS-R002,YES,WS-S07,PROOF_BEHAVIOR,REFERENCE_ONLY,MANDATORY,authority/strategy/WS_IS_SUFFICIENCY_AND_WINNER_FREEZE.md,Purpose,7,"Seluruh return metric mengacu pada **executable final Top Pick trades**, bukan PLAN candidate state.",62EBCA5B3F1A89467ADA371C558B9CDE0C2EB59C,WS-B09,N/A,N/A,N/A,N/A,REFERENCE_ONLY,N/A,,
WS-S07-IS-R003,YES,WS-S07,PROOF_BEHAVIOR,REFERENCE_ONLY,MANDATORY,authority/strategy/WS_IS_SUFFICIENCY_AND_WINNER_FREEZE.md,Lifecycle Position,11,**Stage:** `WS-S07` — IS Sufficiency and Winner Freeze.,C4A010D7AF206A20B767AD60C816D8FEBA217AED,WS-B09,N/A,N/A,N/A,N/A,REFERENCE_ONLY,N/A,,
WS-S07-IS-R004,YES,WS-S07,PROOF_BEHAVIOR,REFERENCE_ONLY,MANDATORY,authority/strategy/WS_IS_SUFFICIENCY_AND_WINNER_FREEZE.md,Lifecycle Position,12,**Consumes:** IS outcomes generated under `WS-S06`.,1DB9F08C66B6C362F1F57873A451F7BED9CDE463,WS-B09,N/A,N/A,N/A,N/A,REFERENCE_ONLY,N/A,,
WS-S07-IS-R005,YES,WS-S07,PROOF_BEHAVIOR,REFERENCE_ONLY,MANDATORY,authority/strategy/WS_IS_SUFFICIENCY_AND_WINNER_FREEZE.md,Lifecycle Position,13,"**Produces:** `IS PASS + one frozen best-IS binding`, `IS FAIL`, or `INSUFFICIENT EVIDENCE`.",49A2873EF9E8C5E0EEEBCAD735D952164731A53E,WS-B09,N/A,N/A,N/A,N/A,REFERENCE_ONLY,N/A,,
WS-S07-IS-R006,YES,WS-S07,PROOF_BEHAVIOR,REFERENCE_ONLY,MANDATORY,authority/strategy/WS_IS_SUFFICIENCY_AND_WINNER_FREEZE.md,Lifecycle Position,14,**Next:** only one frozen PASS binding may enter `WS-S08` untouched OOS.,271C2A9D1F579D16F139A47D75D4200FAED4C64F,WS-B09,N/A,N/A,N/A,N/A,REFERENCE_ONLY,N/A,,
WS-S07-IS-R007,YES,WS-S07,PROOF_BEHAVIOR,REQUIRED,MANDATORY,authority/strategy/WS_IS_SUFFICIENCY_AND_WINNER_FREEZE.md,Evaluation Binding,18,"Selection, entry, exit, holding horizon, cost, slippage, dan executable-bar semantics mengikuti `../WS_HISTORICAL_EVALUATION_STRATEGY.md`.",3C8B4FC578C45DE93373DC76AC48CDF0103A375B,WS-B09,TBD,TBD,TBD,NOT_ASSESSED,NOT_ASSESSED,N/A,,
WS-S07-IS-R008,YES,WS-S07,PROOF_BEHAVIOR,REFERENCE_ONLY,MANDATORY,authority/strategy/WS_IS_SUFFICIENCY_AND_WINNER_FREEZE.md,Evaluation Binding,20,Satu evaluation identity harus mengikat:,8B494E4EFE91C8783AB6F1EDF75E919498096156,WS-B09,N/A,N/A,N/A,N/A,REFERENCE_ONLY,N/A,,
WS-S07-IS-R009,YES,WS-S07,PROOF_BEHAVIOR,REQUIRED,MANDATORY,authority/strategy/WS_IS_SUFFICIENCY_AND_WINNER_FREEZE.md,Evaluation Binding,21,strategy/paramset identity;,C604EED412AC3E19B5E5C7D5846AEDD1645B93E8,WS-B09,TBD,TBD,TBD,NOT_ASSESSED,NOT_ASSESSED,N/A,,
WS-S07-IS-R010,YES,WS-S07,PROOF_BEHAVIOR,REQUIRED,MANDATORY,authority/strategy/WS_IS_SUFFICIENCY_AND_WINNER_FREEZE.md,Evaluation Binding,22,historical Market Data identity;,696D94FCA14403006162B4A75940E363E511DE98,WS-B09,TBD,TBD,TBD,NOT_ASSESSED,NOT_ASSESSED,N/A,,
WS-S07-IS-R011,YES,WS-S07,PROOF_BEHAVIOR,REQUIRED,MANDATORY,authority/strategy/WS_IS_SUFFICIENCY_AND_WINNER_FREEZE.md,Evaluation Binding,23,evaluation window;,CE69D89666E3B21FBC25CD094EE84A8511A1C16C,WS-B09,TBD,TBD,TBD,NOT_ASSESSED,NOT_ASSESSED,N/A,,
WS-S07-IS-R012,YES,WS-S07,PROOF_BEHAVIOR,REQUIRED,MANDATORY,authority/strategy/WS_IS_SUFFICIENCY_AND_WINNER_FREEZE.md,Evaluation Binding,24,transaction-cost profile;,711DA5302B092D81D01BEAD2C8B2623355007DA5,WS-B09,TBD,TBD,TBD,NOT_ASSESSED,NOT_ASSESSED,N/A,,
WS-S07-IS-R013,YES,WS-S07,PROOF_BEHAVIOR,REQUIRED,MANDATORY,authority/strategy/WS_IS_SUFFICIENCY_AND_WINNER_FREEZE.md,Evaluation Binding,25,slippage profile;,EFBF39AF3205CAA9A30D6559B84D603FBB8F35E7,WS-B09,TBD,TBD,TBD,NOT_ASSESSED,NOT_ASSESSED,N/A,,
WS-S07-IS-R014,YES,WS-S07,PROOF_BEHAVIOR,REQUIRED,MANDATORY,authority/strategy/WS_IS_SUFFICIENCY_AND_WINNER_FREEZE.md,Evaluation Binding,26,entry/exit model;,70B816B287B9748B96AEC7622DA97B6703B5974C,WS-B09,TBD,TBD,TBD,NOT_ASSESSED,NOT_ASSESSED,N/A,,
WS-S07-IS-R015,YES,WS-S07,PROOF_BEHAVIOR,REQUIRED,MANDATORY,authority/strategy/WS_IS_SUFFICIENCY_AND_WINNER_FREEZE.md,Evaluation Binding,27,final recommendation algorithm identity.,781C0694A4CD172B156152F467466981B9967EF2,WS-B09,TBD,TBD,TBD,NOT_ASSESSED,NOT_ASSESSED,N/A,,
WS-S07-IS-R016,YES,WS-S07,PROOF_BEHAVIOR,REQUIRED,MANDATORY,authority/strategy/WS_IS_SUFFICIENCY_AND_WINNER_FREEZE.md,Evaluation Binding,29,Identity berbeda tidak boleh dibandingkan seolah evaluation yang sama.,D9928B042645D18FE0718E867BF892D36CF4EDAD,WS-B09,TBD,TBD,TBD,NOT_ASSESSED,NOT_ASSESSED,N/A,,
WS-S07-IS-R017,YES,WS-S07,PROOF_BEHAVIOR,REFERENCE_ONLY,MANDATORY,authority/strategy/WS_IS_SUFFICIENCY_AND_WINNER_FREEZE.md,A. Coverage and recommendation activity,35,Minimum:,C99B1D8FA2651EEC4FE345B04159450698E33498,WS-B09,N/A,N/A,N/A,N/A,REFERENCE_ONLY,N/A,,
WS-S07-IS-R018,YES,WS-S07,PROOF_BEHAVIOR,REQUIRED,MANDATORY,authority/strategy/WS_IS_SUFFICIENCY_AND_WINNER_FREEZE.md,A. Coverage and recommendation activity,36,`picks_count` — executable final Top Pick trades;,368C952E6050BC6C987C48D131A21308474B8973,WS-B09,TBD,TBD,TBD,NOT_ASSESSED,NOT_ASSESSED,N/A,,
WS-S07-IS-R019,YES,WS-S07,PROOF_BEHAVIOR,REQUIRED,MANDATORY,authority/strategy/WS_IS_SUFFICIENCY_AND_WINNER_FREEZE.md,A. Coverage and recommendation activity,37,`days_covered` — trading dates yang strategy evaluation-nya selesai secara sah;,B7A77579F9A1760A66D1E9E3E4D5FF19A426E00E,WS-B09,TBD,TBD,TBD,NOT_ASSESSED,NOT_ASSESSED,N/A,,
WS-S07-IS-R020,YES,WS-S07,PROOF_BEHAVIOR,REQUIRED,MANDATORY,authority/strategy/WS_IS_SUFFICIENCY_AND_WINNER_FREEZE.md,A. Coverage and recommendation activity,38,`recommendation_days` — tanggal dengan minimal satu final Top Pick;,3FCD400B8BDC37B94CAB76565BBDC5CF1C0A5C33,WS-B09,TBD,TBD,TBD,NOT_ASSESSED,NOT_ASSESSED,N/A,,
WS-S07-IS-R021,YES,WS-S07,PROOF_BEHAVIOR,REQUIRED,MANDATORY,authority/strategy/WS_IS_SUFFICIENCY_AND_WINNER_FREEZE.md,A. Coverage and recommendation activity,39,`no_recommendation_days` — valid evaluation dates dengan zero Top Picks;,E411DAE70C221EB4140F767CA170ADEF8E9102FD,WS-B09,TBD,TBD,TBD,NOT_ASSESSED,NOT_ASSESSED,N/A,,
WS-S07-IS-R022,YES,WS-S07,PROOF_BEHAVIOR,REQUIRED,MANDATORY,authority/strategy/WS_IS_SUFFICIENCY_AND_WINNER_FREEZE.md,A. Coverage and recommendation activity,40,`avg_ret_net_top`;,DBE7B1E79D9AB635AAD8B1188EA26438E89755CA,WS-B09,TBD,TBD,TBD,NOT_ASSESSED,NOT_ASSESSED,N/A,,
WS-S07-IS-R023,YES,WS-S07,PROOF_BEHAVIOR,REQUIRED,MANDATORY,authority/strategy/WS_IS_SUFFICIENCY_AND_WINNER_FREEZE.md,A. Coverage and recommendation activity,41,`win_rate_top`.,52B9BF82BF25A6F401FABBA6819F77E552EB3998,WS-B09,TBD,TBD,TBD,NOT_ASSESSED,NOT_ASSESSED,N/A,,
WS-S07-IS-R024,YES,WS-S07,PROOF_BEHAVIOR,REQUIRED,MANDATORY,authority/strategy/WS_IS_SUFFICIENCY_AND_WINNER_FREEZE.md,A. Coverage and recommendation activity,43,No-recommendation date adalah outcome valid dan tidak boleh diubah menjadi synthetic trade hanya untuk menaikkan sample count.,9A40A0D13476E4791E72310F8B5611BC870422CD,WS-B09,TBD,TBD,TBD,NOT_ASSESSED,NOT_ASSESSED,N/A,,
WS-S07-IS-R025,YES,WS-S07,PROOF_BEHAVIOR,REFERENCE_ONLY,MANDATORY,authority/strategy/WS_IS_SUFFICIENCY_AND_WINNER_FREEZE.md,B. Return distribution and downside,47,Minimum:,C99B1D8FA2651EEC4FE345B04159450698E33498,WS-B09,N/A,N/A,N/A,N/A,REFERENCE_ONLY,N/A,,
WS-S07-IS-R026,YES,WS-S07,PROOF_BEHAVIOR,REQUIRED,MANDATORY,authority/strategy/WS_IS_SUFFICIENCY_AND_WINNER_FREEZE.md,B. Return distribution and downside,48,`median_ret_net_top`;,D715A341BE7071AF57C3E0836E02B7BE257615D5,WS-B09,TBD,TBD,TBD,NOT_ASSESSED,NOT_ASSESSED,N/A,,
WS-S07-IS-R027,YES,WS-S07,PROOF_BEHAVIOR,REQUIRED,MANDATORY,authority/strategy/WS_IS_SUFFICIENCY_AND_WINNER_FREEZE.md,B. Return distribution and downside,49,`p25_ret_net_top`;,9777AB26CDA22963252EFF7EAC3F8B6194631CE1,WS-B09,TBD,TBD,TBD,NOT_ASSESSED,NOT_ASSESSED,N/A,,
WS-S07-IS-R028,YES,WS-S07,PROOF_BEHAVIOR,REQUIRED,MANDATORY,authority/strategy/WS_IS_SUFFICIENCY_AND_WINNER_FREEZE.md,B. Return distribution and downside,50,`p75_ret_net_top`;,EABB41964D5C63CD60C2621E2549C544C83DADE5,WS-B09,TBD,TBD,TBD,NOT_ASSESSED,NOT_ASSESSED,N/A,,
WS-S07-IS-R029,YES,WS-S07,PROOF_BEHAVIOR,REQUIRED,MANDATORY,authority/strategy/WS_IS_SUFFICIENCY_AND_WINNER_FREEZE.md,B. Return distribution and downside,51,`min_ret_net_top`;,DDEAF07EFCB1C078CA32871881972C4C77FEC984,WS-B09,TBD,TBD,TBD,NOT_ASSESSED,NOT_ASSESSED,N/A,,
WS-S07-IS-R030,YES,WS-S07,PROOF_BEHAVIOR,REQUIRED,MANDATORY,authority/strategy/WS_IS_SUFFICIENCY_AND_WINNER_FREEZE.md,B. Return distribution and downside,52,`max_ret_net_top`.,BD5FE6A720555680885F1727A7CA7FF7A218FF63,WS-B09,TBD,TBD,TBD,NOT_ASSESSED,NOT_ASSESSED,N/A,,
WS-S07-IS-R031,YES,WS-S07,PROOF_BEHAVIOR,REFERENCE_ONLY,MANDATORY,authority/strategy/WS_IS_SUFFICIENCY_AND_WINNER_FREEZE.md,C. Period stability,56,Minimum:,C99B1D8FA2651EEC4FE345B04159450698E33498,WS-B09,N/A,N/A,N/A,N/A,REFERENCE_ONLY,N/A,,
WS-S07-IS-R032,YES,WS-S07,PROOF_BEHAVIOR,REQUIRED,MANDATORY,authority/strategy/WS_IS_SUFFICIENCY_AND_WINNER_FREEZE.md,C. Period stability,57,`month_win_rate_min`;,42DF8D6F665D32669CB9BA2EC0143BE2AF754959,WS-B09,TBD,TBD,TBD,NOT_ASSESSED,NOT_ASSESSED,N/A,,
WS-S07-IS-R033,YES,WS-S07,PROOF_BEHAVIOR,REQUIRED,MANDATORY,authority/strategy/WS_IS_SUFFICIENCY_AND_WINNER_FREEZE.md,C. Period stability,58,`month_avg_ret_net_min`;,C07779DD27D7187574BBD287701A275E0259E5C2,WS-B09,TBD,TBD,TBD,NOT_ASSESSED,NOT_ASSESSED,N/A,,
WS-S07-IS-R034,YES,WS-S07,PROOF_BEHAVIOR,REQUIRED,MANDATORY,authority/strategy/WS_IS_SUFFICIENCY_AND_WINNER_FREEZE.md,C. Period stability,59,jumlah periode yang dievaluasi;,9D6CA58ACFA70E145E92FAF66C38CCB7F9B4FF1B,WS-B09,TBD,TBD,TBD,NOT_ASSESSED,NOT_ASSESSED,N/A,,
WS-S07-IS-R035,YES,WS-S07,PROOF_BEHAVIOR,REQUIRED,MANDATORY,authority/strategy/WS_IS_SUFFICIENCY_AND_WINNER_FREEZE.md,C. Period stability,60,jumlah periode yang gagal floor.,1D1E71EFCB9CDB9E67EB85CFFC3AC15E2FA03153,WS-B09,TBD,TBD,TBD,NOT_ASSESSED,NOT_ASSESSED,N/A,,
WS-S07-IS-R036,YES,WS-S07,PROOF_BEHAVIOR,REFERENCE_ONLY,MANDATORY,authority/strategy/WS_IS_SUFFICIENCY_AND_WINNER_FREEZE.md,D. Ranking quality,64,"Karena produk menampilkan ordered Top Picks, evidence minimal juga harus mencakup:",8AC71C2F19A7CA1E40DB2D91CB36F1D817B88918,WS-B09,N/A,N/A,N/A,N/A,REFERENCE_ONLY,N/A,,
WS-S07-IS-R037,YES,WS-S07,PROOF_BEHAVIOR,REQUIRED,MANDATORY,authority/strategy/WS_IS_SUFFICIENCY_AND_WINNER_FREEZE.md,D. Ranking quality,65,`rank1_picks_count`;,5C913A7AF0B7E918F65A8D293BD2BFF6A2E18BBD,WS-B09,TBD,TBD,TBD,NOT_ASSESSED,NOT_ASSESSED,N/A,,
WS-S07-IS-R038,YES,WS-S07,PROOF_BEHAVIOR,REQUIRED,MANDATORY,authority/strategy/WS_IS_SUFFICIENCY_AND_WINNER_FREEZE.md,D. Ranking quality,66,`avg_ret_net_rank1`;,837D09A54B7FB83BFA549E0529B6943827C6FF5C,WS-B09,TBD,TBD,TBD,NOT_ASSESSED,NOT_ASSESSED,N/A,,
WS-S07-IS-R039,YES,WS-S07,PROOF_BEHAVIOR,REQUIRED,MANDATORY,authority/strategy/WS_IS_SUFFICIENCY_AND_WINNER_FREEZE.md,D. Ranking quality,67,`median_ret_net_rank1`;,3084817B89A5ECB88891BD1BBF8193AC2B8EAAA7,WS-B09,TBD,TBD,TBD,NOT_ASSESSED,NOT_ASSESSED,N/A,,
WS-S07-IS-R040,YES,WS-S07,PROOF_BEHAVIOR,REQUIRED,MANDATORY,authority/strategy/WS_IS_SUFFICIENCY_AND_WINNER_FREEZE.md,D. Ranking quality,68,"canonical score-vs-return rank correlation, menggunakan deterministic metric yang sama pada seluruh candidate;",169D78262E61B3FD467BECDD4B9828732B14657B,WS-B09,TBD,TBD,TBD,NOT_ASSESSED,NOT_ASSESSED,N/A,,
WS-S07-IS-R041,YES,WS-S07,PROOF_BEHAVIOR,REQUIRED,MANDATORY,authority/strategy/WS_IS_SUFFICIENCY_AND_WINNER_FREEZE.md,D. Ranking quality,69,comparison return higher-ranked vs lower-ranked recommendation bucket.,1C36285BA28AAD0D723114C95508B35E152F3564,WS-B09,TBD,TBD,TBD,NOT_ASSESSED,NOT_ASSESSED,N/A,,
WS-S07-IS-R042,YES,WS-S07,PROOF_BEHAVIOR,REQUIRED,MANDATORY,authority/strategy/WS_IS_SUFFICIENCY_AND_WINNER_FREEZE.md,D. Ranking quality,71,Ranking metric definition dan bucket split harus dibekukan sebelum outcome dibaca.,C0F8299BCB3BE09BB87CA7088B57F5208DDBF99B,WS-B09,TBD,TBD,TBD,NOT_ASSESSED,NOT_ASSESSED,N/A,,
WS-S07-IS-R081,YES,WS-S07,PROOF_BEHAVIOR,REQUIRED,MANDATORY,authority/strategy/WS_IS_SUFFICIENCY_AND_WINNER_FREEZE.md,Statistical Reliability and Multiple-Testing Inputs,75,"IS evaluation harus memperlakukan parameter search sebagai experiment family, bukan kumpulan hasil terbaik yang boleh dipilih tanpa penalty.",3977C6D6FA7EEA6FF0954FA4EAEE06DE6E361266,WS-B09,TBD,TBD,TBD,NOT_ASSESSED,NOT_ASSESSED,N/A,,Added by D-WS-20260819-05 high-trust strategy strengthening.
WS-S07-IS-R082,YES,WS-S07,PROOF_BEHAVIOR,REQUIRED,MANDATORY,authority/strategy/WS_IS_SUFFICIENCY_AND_WINNER_FREEZE.md,Statistical Reliability and Multiple-Testing Inputs,77,Wajib direkam sebelum winner freeze:,5601D8543ED25E499C72595E2A8CD842523BD9F4,WS-B09,TBD,TBD,TBD,NOT_ASSESSED,NOT_ASSESSED,N/A,,Added by D-WS-20260819-05 high-trust strategy strengthening.
WS-S07-IS-R083,YES,WS-S07,PROOF_BEHAVIOR,REQUIRED,MANDATORY,authority/strategy/WS_IS_SUFFICIENCY_AND_WINNER_FREEZE.md,Statistical Reliability and Multiple-Testing Inputs,79,complete preregistered candidate grid/search space;,6212186A476AF3975C49485CE11A6DF8CD262D59,WS-B09,TBD,TBD,TBD,NOT_ASSESSED,NOT_ASSESSED,N/A,,Added by D-WS-20260819-05 high-trust strategy strengthening.
WS-S07-IS-R084,YES,WS-S07,PROOF_BEHAVIOR,REQUIRED,MANDATORY,authority/strategy/WS_IS_SUFFICIENCY_AND_WINNER_FREEZE.md,Statistical Reliability and Multiple-Testing Inputs,80,"total candidate/trial count yang benar-benar dievaluasi, termasuk failed/abandoned trials dalam research lineage yang relevan;",3B9BDF8C296B9469947721AC002EB05452F30604,WS-B09,TBD,TBD,TBD,NOT_ASSESSED,NOT_ASSESSED,N/A,,Added by D-WS-20260819-05 high-trust strategy strengthening.
WS-S07-IS-R085,YES,WS-S07,PROOF_BEHAVIOR,REQUIRED,MANDATORY,authority/strategy/WS_IS_SUFFICIENCY_AND_WINNER_FREEZE.md,Statistical Reliability and Multiple-Testing Inputs,81,exact metric selection policy;,6BA6EEDE74F3EB8CC04D6A041BA8B8D87630ABE2,WS-B09,TBD,TBD,TBD,NOT_ASSESSED,NOT_ASSESSED,N/A,,Added by D-WS-20260819-05 high-trust strategy strengthening.
WS-S07-IS-R086,YES,WS-S07,PROOF_BEHAVIOR,REQUIRED,MANDATORY,authority/strategy/WS_IS_SUFFICIENCY_AND_WINNER_FREEZE.md,Statistical Reliability and Multiple-Testing Inputs,82,date-clustered 95% confidence interval untuk average net return;,7C67BBBD202C42CC332DD2F887C588481ACE8D87,WS-B09,TBD,TBD,TBD,NOT_ASSESSED,NOT_ASSESSED,N/A,,Added by D-WS-20260819-05 high-trust strategy strengthening.
WS-S07-IS-R087,YES,WS-S07,PROOF_BEHAVIOR,REQUIRED,MANDATORY,authority/strategy/WS_IS_SUFFICIENCY_AND_WINNER_FREEZE.md,Statistical Reliability and Multiple-Testing Inputs,83,Deflated Sharpe Ratio (`DSR`) atau equivalent selection-bias-adjusted performance statistic yang memperhitungkan number of trials dan non-normality;,2CDF032ADF9B1CB302DA100D9721323D8F6FD43D,WS-B09,TBD,TBD,TBD,NOT_ASSESSED,NOT_ASSESSED,N/A,,Added by D-WS-20260819-05 high-trust strategy strengthening.
WS-S07-IS-R088,YES,WS-S07,PROOF_BEHAVIOR,REQUIRED,MANDATORY,authority/strategy/WS_IS_SUFFICIENCY_AND_WINNER_FREEZE.md,Statistical Reliability and Multiple-Testing Inputs,84,Probability of Backtest Overfitting (`PBO`) menggunakan purged/combinatorial time-respecting partitions ketika sample/grid mencukupi untuk perhitungan yang sah.,37F7EDBE14822DFB73DB08ABDA9A735D0CC57B20,WS-B09,TBD,TBD,TBD,NOT_ASSESSED,NOT_ASSESSED,N/A,,Added by D-WS-20260819-05 high-trust strategy strengthening.
WS-S07-IS-R089,YES,WS-S07,PROOF_BEHAVIOR,REFERENCE_ONLY,MANDATORY,authority/strategy/WS_IS_SUFFICIENCY_AND_WINNER_FREEZE.md,Statistical Reliability and Multiple-Testing Inputs,86,Canonical acceptance:,B22EC4A02936A28125A1EDE3A01E1D9C9553E6C3,WS-B09,N/A,N/A,N/A,N/A,REFERENCE_ONLY,N/A,,Added by D-WS-20260819-05 high-trust strategy strengthening.
WS-S07-IS-R090,YES,WS-S07,PROOF_BEHAVIOR,REQUIRED,MANDATORY,authority/strategy/WS_IS_SUFFICIENCY_AND_WINNER_FREEZE.md,Statistical Reliability and Multiple-Testing Inputs,88,`lower_95ci_avg_ret_net_top > 0`;,63DE6604B58D2F89B6FC4F2356B396C95A923C03,WS-B09,TBD,TBD,TBD,NOT_ASSESSED,NOT_ASSESSED,N/A,,Added by D-WS-20260819-05 high-trust strategy strengthening.
WS-S07-IS-R091,YES,WS-S07,PROOF_BEHAVIOR,REQUIRED,MANDATORY,authority/strategy/WS_IS_SUFFICIENCY_AND_WINNER_FREEZE.md,Statistical Reliability and Multiple-Testing Inputs,89,`DSR_probability > 0.95`;,3A634F07AD17CD2D5D3F5B0933C220D4EE3B1E4D,WS-B09,TBD,TBD,TBD,NOT_ASSESSED,NOT_ASSESSED,N/A,,Added by D-WS-20260819-05 high-trust strategy strengthening.
WS-S07-IS-R092,YES,WS-S07,PROOF_BEHAVIOR,REQUIRED,CONDITIONAL_ACTIVE,authority/strategy/WS_IS_SUFFICIENCY_AND_WINNER_FREEZE.md,Statistical Reliability and Multiple-Testing Inputs,90,"bila PBO computable, `PBO <= 0.20`;",DE5CD87B5B914BF9584B6C636D63895746F820F3,WS-B09,TBD,TBD,TBD,NOT_ASSESSED,NOT_ASSESSED,N/A,,Added by D-WS-20260819-05 high-trust strategy strengthening.
WS-S07-IS-R093,YES,WS-S07,PROOF_BEHAVIOR,REQUIRED,CONDITIONAL_ACTIVE,authority/strategy/WS_IS_SUFFICIENCY_AND_WINNER_FREEZE.md,Statistical Reliability and Multiple-Testing Inputs,91,"bila PBO tidak computable karena grid/sample terlalu kecil, state harus explicit `PBO_NOT_COMPUTABLE`; hal tersebut tidak menghapus kewajiban DSR/trial ledger dan tidak boleh dipresentasikan sebagai PBO PASS.",709DF6F4A40DAC613A02C1AF4CF673E3FA6FF618,WS-B09,TBD,TBD,TBD,NOT_ASSESSED,NOT_ASSESSED,N/A,,Added by D-WS-20260819-05 high-trust strategy strengthening.
WS-S07-IS-R094,YES,WS-S07,PROOF_BEHAVIOR,REQUIRED,MANDATORY,authority/strategy/WS_IS_SUFFICIENCY_AND_WINNER_FREEZE.md,Robust Parameter Plateau Rule,95,"Winner tidak boleh dipilih hanya karena menjadi isolated numerical spike. Untuk parameter dimensions yang mempunyai meaningful ordered neighbors, immediate preregistered neighbors harus diperiksa.",16F939776D7EB428971C69976656FBDF4C9B13A0,WS-B09,TBD,TBD,TBD,NOT_ASSESSED,NOT_ASSESSED,N/A,,Added by D-WS-20260819-05 high-trust strategy strengthening.
WS-S07-IS-R095,YES,WS-S07,PROOF_BEHAVIOR,REQUIRED,CONDITIONAL_ACTIVE,authority/strategy/WS_IS_SUFFICIENCY_AND_WINNER_FREEZE.md,Robust Parameter Plateau Rule,97,"Winner gagal robustness review bila nearest reasonable parameter neighbors secara konsisten kehilangan positive net edge, mengalami severe ranking inversion, atau tail-risk breakdown sehingga winner tampak bergantung pada satu titik tuning yang rapuh. Jika parameter bersifat categorical dan neighborhood tidak bermakna, evidence harus menulis `NOT_APPLICABLE` dengan rationale.",88B028E3F3B6744E9BF1134FF14E8BD7FD543C98,WS-B09,TBD,TBD,TBD,NOT_ASSESSED,NOT_ASSESSED,N/A,,Added by D-WS-20260819-05 high-trust strategy strengthening.
WS-S07-IS-R096,YES,WS-S07,PROOF_BEHAVIOR,REFERENCE_ONLY,CONDITIONAL_ACTIVE,authority/strategy/WS_IS_SUFFICIENCY_AND_WINNER_FREEZE.md,Baseline-vs-Challenger Incremental Proof,101,Feature-family challenger hanya dapat menggantikan canonical baseline bila pada same IS dates/friction:,72748861211CEAAE57033858B3086D9D19E07ED3,WS-B09,N/A,N/A,N/A,N/A,REFERENCE_ONLY,N/A,,Added by D-WS-20260819-05 high-trust strategy strengthening.
WS-S07-IS-R097,YES,WS-S07,PROOF_BEHAVIOR,REQUIRED,MANDATORY,authority/strategy/WS_IS_SUFFICIENCY_AND_WINNER_FREEZE.md,Baseline-vs-Challenger Incremental Proof,103,challenger melewati seluruh acceptance floor sendiri;,0231CFB412BC7D02EE74F5CBBB5BC962F99C68F0,WS-B09,TBD,TBD,TBD,NOT_ASSESSED,NOT_ASSESSED,N/A,,Added by D-WS-20260819-05 high-trust strategy strengthening.
WS-S07-IS-R098,YES,WS-S07,PROOF_BEHAVIOR,REQUIRED,MANDATORY,authority/strategy/WS_IS_SUFFICIENCY_AND_WINNER_FREEZE.md,Baseline-vs-Challenger Incremental Proof,104,incremental net edge/ranking utility terhadap baseline positif dan bukan hanya hasil satu subperiod;,3F1DB5F656C713A330FE533CB0ED85E568E07233,WS-B09,TBD,TBD,TBD,NOT_ASSESSED,NOT_ASSESSED,N/A,,Added by D-WS-20260819-05 high-trust strategy strengthening.
WS-S07-IS-R099,YES,WS-S07,PROOF_BEHAVIOR,REQUIRED,MANDATORY,authority/strategy/WS_IS_SUFFICIENCY_AND_WINNER_FREEZE.md,Baseline-vs-Challenger Incremental Proof,105,additional complexity tercatat sebagai additional selection trial;,227E5C0A9F4C5CBF484408FA3B311933E4EAFE81,WS-B09,TBD,TBD,TBD,NOT_ASSESSED,NOT_ASSESSED,N/A,,Added by D-WS-20260819-05 high-trust strategy strengthening.
WS-S07-IS-R100,YES,WS-S07,PROOF_BEHAVIOR,REQUIRED,MANDATORY,authority/strategy/WS_IS_SUFFICIENCY_AND_WINNER_FREEZE.md,Baseline-vs-Challenger Incremental Proof,106,winner freeze memilih satu identity; unsuccessful challengers tidak boleh disembunyikan dari trial count.,70232D3C83E0D1B2C715B978E2358C809DC85DFE,WS-B09,TBD,TBD,TBD,NOT_ASSESSED,NOT_ASSESSED,N/A,,Added by D-WS-20260819-05 high-trust strategy strengthening.
WS-S07-IS-R043,YES,WS-S07,PROOF_BEHAVIOR,REQUIRED,MANDATORY,authority/strategy/WS_IS_SUFFICIENCY_AND_WINNER_FREEZE.md,IS Acceptance Floors,110,Seluruh floor berikut harus lulus sebelum candidate dapat masuk best-IS ranking.,14E19E5F79A4D7CF64DF289E6357ED7C61319DC5,WS-B09,TBD,TBD,TBD,NOT_ASSESSED,NOT_ASSESSED,N/A,,
WS-S07-IS-R044,YES,WS-S07,PROOF_BEHAVIOR,REFERENCE_ONLY,MANDATORY,authority/strategy/WS_IS_SUFFICIENCY_AND_WINNER_FREEZE.md,1. Sample sufficiency,114,Untuk default 2-year baseline:,7FA07B3AFB5C4C80E3A180BAEB80DFD27FA41C41,WS-B09,N/A,N/A,N/A,N/A,REFERENCE_ONLY,N/A,,
WS-S07-IS-R045,YES,WS-S07,PROOF_BEHAVIOR,REQUIRED,MANDATORY,authority/strategy/WS_IS_SUFFICIENCY_AND_WINNER_FREEZE.md,1. Sample sufficiency,115,`picks_count >= 120`;,27962E0A22FEFFD962B920F6C8AE2609EF5BB260,WS-B09,TBD,TBD,TBD,NOT_ASSESSED,NOT_ASSESSED,N/A,,
WS-S07-IS-R046,YES,WS-S07,PROOF_BEHAVIOR,REQUIRED,MANDATORY,authority/strategy/WS_IS_SUFFICIENCY_AND_WINNER_FREEZE.md,1. Sample sufficiency,116,`recommendation_days >= 40`.,4A3B292071543E5FFFE460CDC5805E244777FEAE,WS-B09,TBD,TBD,TBD,NOT_ASSESSED,NOT_ASSESSED,N/A,,
WS-S07-IS-R047,YES,WS-S07,PROOF_BEHAVIOR,REQUIRED,MANDATORY,authority/strategy/WS_IS_SUFFICIENCY_AND_WINNER_FREEZE.md,1. Sample sufficiency,118,`recommendation_days` mencegah sample terlihat besar hanya karena banyak picks terkonsentrasi pada sedikit tanggal.,3018FE5070B0D54DD9BADC64040E6F94288AE421,WS-B09,TBD,TBD,TBD,NOT_ASSESSED,NOT_ASSESSED,N/A,,
WS-S07-IS-R048,YES,WS-S07,PROOF_BEHAVIOR,REQUIRED,CONDITIONAL_ACTIVE,authority/strategy/WS_IS_SUFFICIENCY_AND_WINNER_FREEZE.md,1. Sample sufficiency,120,"Jika strategy yang sangat selektif tidak mencapai minimum sample, hasilnya adalah **INSUFFICIENT EVIDENCE**, bukan alasan menurunkan recommendation quality floor.",1023E005B78E0241F3CB7122C21FD8A3AC62A43B,WS-B09,TBD,TBD,TBD,NOT_ASSESSED,NOT_ASSESSED,N/A,,
WS-S07-IS-R049,YES,WS-S07,PROOF_BEHAVIOR,REQUIRED,MANDATORY,authority/strategy/WS_IS_SUFFICIENCY_AND_WINNER_FREEZE.md,2. Coverage,124,`days_covered >= ceil(0.70 * total_trading_days_in_window)`.,40EB6C60B78BC28611CA8953C0944DA2676F6C6C,WS-B09,TBD,TBD,TBD,NOT_ASSESSED,NOT_ASSESSED,N/A,,
WS-S07-IS-R050,YES,WS-S07,PROOF_BEHAVIOR,REQUIRED,CONDITIONAL_ACTIVE,authority/strategy/WS_IS_SUFFICIENCY_AND_WINNER_FREEZE.md,2. Coverage,126,Valid no-recommendation day boleh dihitung covered bila seluruh strategy evaluation selesai secara sah.,E4882250293DF2BB3E0535B1B5A35E1DB6361FAB,WS-B09,TBD,TBD,TBD,NOT_ASSESSED,NOT_ASSESSED,N/A,,
WS-S07-IS-R051,YES,WS-S07,PROOF_BEHAVIOR,REQUIRED,MANDATORY,authority/strategy/WS_IS_SUFFICIENCY_AND_WINNER_FREEZE.md,3. Robust net return,130,`avg_ret_net_top > 0`;,506898B061AD4A9FFEAAC77A0D3FAC111BBB24E0,WS-B09,TBD,TBD,TBD,NOT_ASSESSED,NOT_ASSESSED,N/A,,
WS-S07-IS-R052,YES,WS-S07,PROOF_BEHAVIOR,REQUIRED,MANDATORY,authority/strategy/WS_IS_SUFFICIENCY_AND_WINNER_FREEZE.md,3. Robust net return,131,`median_ret_net_top > 0`.,44C736A5BE86D88BF7361D284FAF45B51BFE0150,WS-B09,TBD,TBD,TBD,NOT_ASSESSED,NOT_ASSESSED,N/A,,
WS-S07-IS-R053,YES,WS-S07,PROOF_BEHAVIOR,REQUIRED,MANDATORY,authority/strategy/WS_IS_SUFFICIENCY_AND_WINNER_FREEZE.md,3. Robust net return,133,Return selalu net of baseline production cost/slippage profile yang dibekukan untuk evaluation identity.,0D1E0B3B8ABA61CF3A8FC51AAC50E5EF5FF24731,WS-B09,TBD,TBD,TBD,NOT_ASSESSED,NOT_ASSESSED,N/A,,
WS-S07-IS-R054,YES,WS-S07,PROOF_BEHAVIOR,REQUIRED,MANDATORY,authority/strategy/WS_IS_SUFFICIENCY_AND_WINNER_FREEZE.md,4. Downside bound,137,`p25_ret_net_top >= -0.03`.,CA7ED2F6429D7145CDA2C26AFFC7DDABF34A4148,WS-B09,TBD,TBD,TBD,NOT_ASSESSED,NOT_ASSESSED,N/A,,
WS-S07-IS-R055,YES,WS-S07,PROOF_BEHAVIOR,REQUIRED,MANDATORY,authority/strategy/WS_IS_SUFFICIENCY_AND_WINNER_FREEZE.md,4. Downside bound,139,`min_ret_net_top` wajib dilaporkan tetapi tidak menggantikan distribution/downside analysis.,F2CB2ED9A24363FCCEBB7B2A1F2131588301CAD5,WS-B09,TBD,TBD,TBD,NOT_ASSESSED,NOT_ASSESSED,N/A,,
WS-S07-IS-R056,YES,WS-S07,PROOF_BEHAVIOR,REQUIRED,MANDATORY,authority/strategy/WS_IS_SUFFICIENCY_AND_WINNER_FREEZE.md,5. Period stability,143,`month_win_rate_min >= 0.45`;,3DA9F0CCC84BFA88B24F0D5A0F95E6237DE079D9,WS-B09,TBD,TBD,TBD,NOT_ASSESSED,NOT_ASSESSED,N/A,,
WS-S07-IS-R057,YES,WS-S07,PROOF_BEHAVIOR,REQUIRED,MANDATORY,authority/strategy/WS_IS_SUFFICIENCY_AND_WINNER_FREEZE.md,5. Period stability,144,`month_avg_ret_net_min >= -0.01`.,7895936260D1AB425BEA98984DAD2A0AF4DB4E09,WS-B09,TBD,TBD,TBD,NOT_ASSESSED,NOT_ASSESSED,N/A,,
WS-S07-IS-R058,YES,WS-S07,PROOF_BEHAVIOR,REQUIRED,MANDATORY,authority/strategy/WS_IS_SUFFICIENCY_AND_WINNER_FREEZE.md,6. Ranking usefulness,148,`avg_ret_net_rank1 > 0`;,7061668381D3987924DC7F51013C29E88D27FC93,WS-B09,TBD,TBD,TBD,NOT_ASSESSED,NOT_ASSESSED,N/A,,
WS-S07-IS-R059,YES,WS-S07,PROOF_BEHAVIOR,REQUIRED,MANDATORY,authority/strategy/WS_IS_SUFFICIENCY_AND_WINNER_FREEZE.md,6. Ranking usefulness,149,`median_ret_net_rank1 >= 0`;,5069900D6B84F6716A7DDD610DE84CE5094D4DDA,WS-B09,TBD,TBD,TBD,NOT_ASSESSED,NOT_ASSESSED,N/A,,
WS-S07-IS-R060,YES,WS-S07,PROOF_BEHAVIOR,REQUIRED,MANDATORY,authority/strategy/WS_IS_SUFFICIENCY_AND_WINNER_FREEZE.md,6. Ranking usefulness,150,canonical score-vs-return rank correlation **MUST NOT** negatif;,3D52B6D135378DEA749BA07B379C0AE4A40CD6DD,WS-B09,TBD,TBD,TBD,NOT_ASSESSED,NOT_ASSESSED,N/A,,
WS-S07-IS-R061,YES,WS-S07,PROOF_BEHAVIOR,REQUIRED,MANDATORY,authority/strategy/WS_IS_SUFFICIENCY_AND_WINNER_FREEZE.md,6. Ranking usefulness,151,higher-ranked recommendation bucket **MUST NOT** menunjukkan persistent return inversion terhadap lower-ranked bucket.,255B4EAEE134431D0934B990D379E1B2BB6C7680,WS-B09,TBD,TBD,TBD,NOT_ASSESSED,NOT_ASSESSED,N/A,,
WS-S07-IS-R062,YES,WS-S07,PROOF_BEHAVIOR,REQUIRED,CONDITIONAL_ACTIVE,authority/strategy/WS_IS_SUFFICIENCY_AND_WINNER_FREEZE.md,6. Ranking usefulness,153,"Jika ranking gate gagal, strategy boleh tetap menunjukkan aggregate edge tetapi belum terbukti mampu mengurutkan **Top Picks terbaik**.",36571BED779D5CCA3FA7B3466ECDEA3AEAF46C65,WS-B09,TBD,TBD,TBD,NOT_ASSESSED,NOT_ASSESSED,N/A,,
WS-S07-IS-R101,YES,WS-S07,PROOF_BEHAVIOR,REFERENCE_ONLY,MANDATORY,authority/strategy/WS_IS_SUFFICIENCY_AND_WINNER_FREEZE.md,"Additional IS Acceptance Floors — Economic, Benchmark, Tail, and Top-K",157,Selain floor yang sudah ada:,A16C8130A023862FE05094326832F8E29E656552,WS-B09,N/A,N/A,N/A,N/A,REFERENCE_ONLY,N/A,,Added by D-WS-20260819-05 high-trust strategy strengthening.
WS-S07-IS-R102,YES,WS-S07,PROOF_BEHAVIOR,REQUIRED,MANDATORY,authority/strategy/WS_IS_SUFFICIENCY_AND_WINNER_FREEZE.md,Economic significance and uncertainty,161,`avg_ret_net_top >= 0.0025`;,0DB87174191B9D65C261A61C76D7AED506147B9E,WS-B09,TBD,TBD,TBD,NOT_ASSESSED,NOT_ASSESSED,N/A,,Added by D-WS-20260819-05 high-trust strategy strengthening.
WS-S07-IS-R103,YES,WS-S07,PROOF_BEHAVIOR,REQUIRED,MANDATORY,authority/strategy/WS_IS_SUFFICIENCY_AND_WINNER_FREEZE.md,Economic significance and uncertainty,162,`lower_95ci_avg_ret_net_top > 0`.,0FF09941D374118DBCEF194E9A5562CC9CC893C9,WS-B09,TBD,TBD,TBD,NOT_ASSESSED,NOT_ASSESSED,N/A,,Added by D-WS-20260819-05 high-trust strategy strengthening.
WS-S07-IS-R104,YES,WS-S07,PROOF_BEHAVIOR,REFERENCE_ONLY,CONDITIONAL_ACTIVE,authority/strategy/WS_IS_SUFFICIENCY_AND_WINNER_FREEZE.md,Benchmark-relative edge,166,Bila primary benchmark proof input tersedia dan production qualification dituju:,19566297414151D30BBBF3099E7D4E4708C9D8F9,WS-B09,N/A,N/A,N/A,N/A,REFERENCE_ONLY,N/A,,Added by D-WS-20260819-05 high-trust strategy strengthening.
WS-S07-IS-R105,YES,WS-S07,PROOF_BEHAVIOR,REQUIRED,MANDATORY,authority/strategy/WS_IS_SUFFICIENCY_AND_WINNER_FREEZE.md,Benchmark-relative edge,168,`avg_excess_ret_vs_ihsg > 0`;,1A7277E793601016C844CA45EAAB3F46084D776C,WS-B09,TBD,TBD,TBD,NOT_ASSESSED,NOT_ASSESSED,N/A,,Added by D-WS-20260819-05 high-trust strategy strengthening.
WS-S07-IS-R106,YES,WS-S07,PROOF_BEHAVIOR,REQUIRED,MANDATORY,authority/strategy/WS_IS_SUFFICIENCY_AND_WINNER_FREEZE.md,Benchmark-relative edge,169,`lower_95ci_avg_excess_ret_vs_ihsg > 0`;,84C7C2B329E900001A32619F3B2B0E0C37A9EC86,WS-B09,TBD,TBD,TBD,NOT_ASSESSED,NOT_ASSESSED,N/A,,Added by D-WS-20260819-05 high-trust strategy strengthening.
WS-S07-IS-R107,YES,WS-S07,PROOF_BEHAVIOR,REQUIRED,MANDATORY,authority/strategy/WS_IS_SUFFICIENCY_AND_WINNER_FREEZE.md,Benchmark-relative edge,170,`avg_selection_uplift_vs_eligible_universe > 0`.,6E327B1A6118B93444A401D69A0657591D98779D,WS-B09,TBD,TBD,TBD,NOT_ASSESSED,NOT_ASSESSED,N/A,,Added by D-WS-20260819-05 high-trust strategy strengthening.
WS-S07-IS-R108,YES,WS-S07,PROOF_BEHAVIOR,REQUIRED,MANDATORY,authority/strategy/WS_IS_SUFFICIENCY_AND_WINNER_FREEZE.md,Benchmark-relative edge,172,"Tidak tersedianya required benchmark input menghasilkan **INSUFFICIENT EVIDENCE** untuk benchmark-relative production proof, bukan synthetic benchmark PASS.",0038471C70250A0B534BE759971975AC7F061439,WS-B09,TBD,TBD,TBD,NOT_ASSESSED,NOT_ASSESSED,N/A,,Added by D-WS-20260819-05 high-trust strategy strengthening.
WS-S07-IS-R109,YES,WS-S07,PROOF_BEHAVIOR,REQUIRED,MANDATORY,authority/strategy/WS_IS_SUFFICIENCY_AND_WINNER_FREEZE.md,Tail-risk floor,176,`p05_ret_net_top >= -0.08`;,119713611C73353BB41937C8F9B682C74B2E2F79,WS-B09,TBD,TBD,TBD,NOT_ASSESSED,NOT_ASSESSED,N/A,,Added by D-WS-20260819-05 high-trust strategy strengthening.
WS-S07-IS-R110,YES,WS-S07,PROOF_BEHAVIOR,REQUIRED,MANDATORY,authority/strategy/WS_IS_SUFFICIENCY_AND_WINNER_FREEZE.md,Tail-risk floor,177,`expected_shortfall_05_ret_net_top >= -0.10`;,36D175B8EAC583978ED829DA95271B84CCE5B351,WS-B09,TBD,TBD,TBD,NOT_ASSESSED,NOT_ASSESSED,N/A,,Added by D-WS-20260819-05 high-trust strategy strengthening.
WS-S07-IS-R111,YES,WS-S07,PROOF_BEHAVIOR,REQUIRED,MANDATORY,authority/strategy/WS_IS_SUFFICIENCY_AND_WINNER_FREEZE.md,Tail-risk floor,178,date-level equal-reference-notional `max_drawdown <= 0.20`;,13912305A9CACC7043F80E0BA368B6DA5C7FE770,WS-B09,TBD,TBD,TBD,NOT_ASSESSED,NOT_ASSESSED,N/A,,Added by D-WS-20260819-05 high-trust strategy strengthening.
WS-S07-IS-R112,YES,WS-S07,PROOF_BEHAVIOR,REQUIRED,MANDATORY,authority/strategy/WS_IS_SUFFICIENCY_AND_WINNER_FREEZE.md,Tail-risk floor,179,post-entry unresolved exposure count harus `0` untuk IS PASS kecuali exposure telah diberi conservative terminal-loss treatment dan acceptance tetap lulus dengan treatment tersebut.,1D630251C70988B6A22A625DB5958848627208AA,WS-B09,TBD,TBD,TBD,NOT_ASSESSED,NOT_ASSESSED,N/A,,Added by D-WS-20260819-05 high-trust strategy strengthening.
WS-S07-IS-R113,YES,WS-S07,PROOF_BEHAVIOR,REQUIRED,MANDATORY,authority/strategy/WS_IS_SUFFICIENCY_AND_WINNER_FREEZE.md,Tail-risk floor,181,MAE dan losing-streak metrics wajib dilaporkan dan dibandingkan dengan declared trade-plan risk; material unexplained breach menghasilkan finding sebelum winner freeze.,A283C56ED3C1460392970EB629048D8D945B2760,WS-B09,TBD,TBD,TBD,NOT_ASSESSED,NOT_ASSESSED,N/A,,Added by D-WS-20260819-05 high-trust strategy strengthening.
WS-S07-IS-R114,YES,WS-S07,PROOF_BEHAVIOR,REFERENCE_ONLY,CONDITIONAL_ACTIVE,authority/strategy/WS_IS_SUFFICIENCY_AND_WINNER_FREEZE.md,Top-K ranking utility,185,"Untuk Top-1, Top-3, Top-5 bila sample tersedia:",B9E641002327BE613D67A85EF99BF0D7EF3E1870,WS-B09,N/A,N/A,N/A,N/A,REFERENCE_ONLY,N/A,,Added by D-WS-20260819-05 high-trust strategy strengthening.
WS-S07-IS-R115,YES,WS-S07,PROOF_BEHAVIOR,REQUIRED,MANDATORY,authority/strategy/WS_IS_SUFFICIENCY_AND_WINNER_FREEZE.md,Top-K ranking utility,187,average net return masing-masing harus `> 0`;,D3327F08CC3DF0706A7B35C4DA0FE78D313F977F,WS-B09,TBD,TBD,TBD,NOT_ASSESSED,NOT_ASSESSED,N/A,,Added by D-WS-20260819-05 high-trust strategy strengthening.
WS-S07-IS-R116,YES,WS-S07,PROOF_BEHAVIOR,REQUIRED,MANDATORY,authority/strategy/WS_IS_SUFFICIENCY_AND_WINNER_FREEZE.md,Top-K ranking utility,188,Top-1 dan Top-3 tidak boleh menunjukkan persistent underperformance terhadap `ALL_QUALIFIED`;,CC4AB282FB2FED3AD32F19DCDBC2CDBC78A11B2B,WS-B09,TBD,TBD,TBD,NOT_ASSESSED,NOT_ASSESSED,N/A,,Added by D-WS-20260819-05 high-trust strategy strengthening.
WS-S07-IS-R117,YES,WS-S07,PROOF_BEHAVIOR,REQUIRED,MANDATORY,authority/strategy/WS_IS_SUFFICIENCY_AND_WINNER_FREEZE.md,Top-K ranking utility,189,insufficient Top-K sample harus dilaporkan dan tidak boleh diisi synthetic observations.,A735CE455DCFB2A46B04F52EB03D2B2D17B255BA,WS-B09,TBD,TBD,TBD,NOT_ASSESSED,NOT_ASSESSED,N/A,,Added by D-WS-20260819-05 high-trust strategy strengthening.
WS-S07-IS-R063,YES,WS-S07,PROOF_BEHAVIOR,REFERENCE_ONLY,MANDATORY,authority/strategy/WS_IS_SUFFICIENCY_AND_WINNER_FREEZE.md,Best-IS Ranking Policy,193,"Setelah seluruh acceptance floor lulus, candidate strategy/paramset diurutkan berdasarkan:",02D96110DC771B40AF40D483AA7A068436FFEBCC,WS-B09,N/A,N/A,N/A,N/A,REFERENCE_ONLY,N/A,,
WS-S07-IS-R064,YES,WS-S07,PROOF_BEHAVIOR,REQUIRED,MANDATORY,authority/strategy/WS_IS_SUFFICIENCY_AND_WINNER_FREEZE.md,Best-IS Ranking Policy,195,lebih tinggi `avg_ret_net_top`;,84F40E632DBC81A38496F306022948E6A9D40D22,WS-B09,TBD,TBD,TBD,NOT_ASSESSED,NOT_ASSESSED,N/A,,
WS-S07-IS-R065,YES,WS-S07,PROOF_BEHAVIOR,REQUIRED,MANDATORY,authority/strategy/WS_IS_SUFFICIENCY_AND_WINNER_FREEZE.md,Best-IS Ranking Policy,196,lebih tinggi `median_ret_net_top`;,FFAF3A0E4CF1156C204EA3D89FF124F78F53C90A,WS-B09,TBD,TBD,TBD,NOT_ASSESSED,NOT_ASSESSED,N/A,,
WS-S07-IS-R066,YES,WS-S07,PROOF_BEHAVIOR,REQUIRED,MANDATORY,authority/strategy/WS_IS_SUFFICIENCY_AND_WINNER_FREEZE.md,Best-IS Ranking Policy,197,lebih tinggi `avg_ret_net_rank1`;,17697A525704B31138A659216ABA2A3051B600E9,WS-B09,TBD,TBD,TBD,NOT_ASSESSED,NOT_ASSESSED,N/A,,
WS-S07-IS-R067,YES,WS-S07,PROOF_BEHAVIOR,REQUIRED,MANDATORY,authority/strategy/WS_IS_SUFFICIENCY_AND_WINNER_FREEZE.md,Best-IS Ranking Policy,198,lebih tinggi `month_win_rate_min`;,E05DBC16AAE0AFB39481575AEB5A1AFD9519A62B,WS-B09,TBD,TBD,TBD,NOT_ASSESSED,NOT_ASSESSED,N/A,,
WS-S07-IS-R068,YES,WS-S07,PROOF_BEHAVIOR,REQUIRED,MANDATORY,authority/strategy/WS_IS_SUFFICIENCY_AND_WINNER_FREEZE.md,Best-IS Ranking Policy,199,lebih tinggi `p25_ret_net_top`;,C1911F031A1D76B766CF8EC5878833FA488FCFBC,WS-B09,TBD,TBD,TBD,NOT_ASSESSED,NOT_ASSESSED,N/A,,
WS-S07-IS-R069,YES,WS-S07,PROOF_BEHAVIOR,REQUIRED,MANDATORY,authority/strategy/WS_IS_SUFFICIENCY_AND_WINNER_FREEZE.md,Best-IS Ranking Policy,200,lebih baik ranking-quality metric;,FF6F3D30558EFEA0EAD2DD95E99555E6A8D8E0E7,WS-B09,TBD,TBD,TBD,NOT_ASSESSED,NOT_ASSESSED,N/A,,
WS-S07-IS-R070,YES,WS-S07,PROOF_BEHAVIOR,REQUIRED,MANDATORY,authority/strategy/WS_IS_SUFFICIENCY_AND_WINNER_FREEZE.md,Best-IS Ranking Policy,201,stable candidate identity sebagai deterministic final tie-break.,5AF6A188B413281EB9B6A2CC9D5A7CEAF600771E,WS-B09,TBD,TBD,TBD,NOT_ASSESSED,NOT_ASSESSED,N/A,,
WS-S07-IS-R071,YES,WS-S07,PROOF_BEHAVIOR,REQUIRED,MANDATORY,authority/strategy/WS_IS_SUFFICIENCY_AND_WINNER_FREEZE.md,Best-IS Ranking Policy,203,Average return tidak boleh menjadi satu-satunya optimization objective.,DD4DA06A3B990E6DF9DA74D62B65EFA23571D570,WS-B09,TBD,TBD,TBD,NOT_ASSESSED,NOT_ASSESSED,N/A,,
WS-S07-IS-R072,YES,WS-S07,PROOF_BEHAVIOR,REFERENCE_ONLY,MANDATORY,authority/strategy/WS_IS_SUFFICIENCY_AND_WINNER_FREEZE.md,Evidence Sufficiency Rule,207,Evidence harus cukup untuk:,222434A0B62F12CD26692097350A93803C74909E,WS-B09,N/A,N/A,N/A,N/A,REFERENCE_ONLY,N/A,,
WS-S07-IS-R073,YES,WS-S07,PROOF_BEHAVIOR,REQUIRED,MANDATORY,authority/strategy/WS_IS_SUFFICIENCY_AND_WINNER_FREEZE.md,Evidence Sufficiency Rule,208,merecompute seluruh metric;,114523D09AFFDD5F1AB27F63710AD798C5702569,WS-B09,TBD,TBD,TBD,NOT_ASSESSED,NOT_ASSESSED,N/A,,
WS-S07-IS-R074,YES,WS-S07,PROOF_BEHAVIOR,REQUIRED,MANDATORY,authority/strategy/WS_IS_SUFFICIENCY_AND_WINNER_FREEZE.md,Evidence Sufficiency Rule,209,membuktikan exact final recommendation membership per date;,1FDA5AA68BD8B498265C78D5B379EEC67A066EF4,WS-B09,TBD,TBD,TBD,NOT_ASSESSED,NOT_ASSESSED,N/A,,
WS-S07-IS-R075,YES,WS-S07,PROOF_BEHAVIOR,REQUIRED,MANDATORY,authority/strategy/WS_IS_SUFFICIENCY_AND_WINNER_FREEZE.md,Evidence Sufficiency Rule,210,membedakan recommendation dari PLAN candidate yang tidak recommended;,AC28FC3A4A4C445C8E0D22044C89700A558CEC60,WS-B09,TBD,TBD,TBD,NOT_ASSESSED,NOT_ASSESSED,N/A,,
WS-S07-IS-R076,YES,WS-S07,PROOF_BEHAVIOR,REQUIRED,MANDATORY,authority/strategy/WS_IS_SUFFICIENCY_AND_WINNER_FREEZE.md,Evidence Sufficiency Rule,211,membedakan executable trade dari skipped trade;,2770D627C6693B530EB0849A117E2FED4EA23573,WS-B09,TBD,TBD,TBD,NOT_ASSESSED,NOT_ASSESSED,N/A,,
WS-S07-IS-R077,YES,WS-S07,PROOF_BEHAVIOR,REQUIRED,MANDATORY,authority/strategy/WS_IS_SUFFICIENCY_AND_WINNER_FREEZE.md,Evidence Sufficiency Rule,212,membuktikan no-recommendation dates;,A70F31B0FC32B35A9522E17528673517F1D292DD,WS-B09,TBD,TBD,TBD,NOT_ASSESSED,NOT_ASSESSED,N/A,,
WS-S07-IS-R078,YES,WS-S07,PROOF_BEHAVIOR,REQUIRED,MANDATORY,authority/strategy/WS_IS_SUFFICIENCY_AND_WINNER_FREEZE.md,Evidence Sufficiency Rule,213,merecompute ranking-quality metrics;,81E9A2A26F484C7E45FA3BDBBE115EFAAB7ECCAC,WS-B09,TBD,TBD,TBD,NOT_ASSESSED,NOT_ASSESSED,N/A,,
WS-S07-IS-R079,YES,WS-S07,PROOF_BEHAVIOR,REQUIRED,MANDATORY,authority/strategy/WS_IS_SUFFICIENCY_AND_WINNER_FREEZE.md,Evidence Sufficiency Rule,214,mengikat hasil ke exact strategy/evaluation identity;,5B649932FEB3EF96590DEE2E38082A4E2A30243B,WS-B09,TBD,TBD,TBD,NOT_ASSESSED,NOT_ASSESSED,N/A,,
WS-S07-IS-R080,YES,WS-S07,PROOF_BEHAVIOR,REQUIRED,MANDATORY,authority/strategy/WS_IS_SUFFICIENCY_AND_WINNER_FREEZE.md,Evidence Sufficiency Rule,215,menghasilkan outcome sama pada replay.,D0694012E586FF6EC153C78082AD7A9B3DF1B656,WS-B09,TBD,TBD,TBD,NOT_ASSESSED,NOT_ASSESSED,N/A,,
WS-S01-MD-R001,YES,WS-S01,DATA_CONTRACT,REFERENCE_ONLY,MANDATORY,authority/strategy/WS_MARKET_DATA_INPUT_REQUIREMENTS.md,Purpose,5,"Dokumen ini mengunci apa yang **Weekly Swing butuhkan** dari Market Data dan apa yang **Weekly Swing lakukan** setelah fakta upstream diterima. Dokumen ini tidak mendefinisikan ulang formula, publication mechanics, status semantics, sector classification, corporate action, atau arti field Market Data. Semua meaning tersebut tetap dimiliki producer.",A8FBB7A7D51849403C612046E48CFBF1C6340DAB,WS-B01,N/A,N/A,N/A,N/A,REFERENCE_ONLY,N/A,,
WS-S01-MD-R002,YES,WS-S01,DATA_CONTRACT,REFERENCE_ONLY,MANDATORY,authority/strategy/WS_MARKET_DATA_INPUT_REQUIREMENTS.md,Lifecycle Position,9,**Stage:** `WS-S01` — Trusted Market Data Binding.,C1C5F5FA07BF9FC6AF9EAE6FAA98DA8B05007819,WS-B01,N/A,N/A,N/A,N/A,REFERENCE_ONLY,N/A,,
WS-S01-MD-R003,YES,WS-S01,DATA_CONTRACT,REFERENCE_ONLY,MANDATORY,authority/strategy/WS_MARKET_DATA_INPUT_REQUIREMENTS.md,Lifecycle Position,10,**Producer:** `docs/market_data/`.,C2BAC1271EFC3DF4DCFA8FCA17F9872321173A55,WS-B01,N/A,N/A,N/A,N/A,REFERENCE_ONLY,N/A,,
WS-S01-MD-R004,YES,WS-S01,DATA_CONTRACT,REFERENCE_ONLY,MANDATORY,authority/strategy/WS_MARKET_DATA_INPUT_REQUIREMENTS.md,Lifecycle Position,11,**Consumer:** `docs/watchlist/authority/strategy/`.,73B42D19228A0D07B794BCEFB715823ACBAEB6FE,WS-B01,N/A,N/A,N/A,N/A,REFERENCE_ONLY,N/A,,
WS-S01-MD-R005,YES,WS-S01,DATA_CONTRACT,REFERENCE_ONLY,MANDATORY,authority/strategy/WS_MARKET_DATA_INPUT_REQUIREMENTS.md,Lifecycle Position,12,**Consumes:** satu producer-facing versioned Market Data read product untuk requested EOD date atau explicit replay identity.,278451F38B4FE817C17B5FF9A8B0A0CB2CBAEF38,WS-B01,N/A,N/A,N/A,N/A,REFERENCE_ONLY,N/A,,
WS-S01-MD-R006,YES,WS-S01,DATA_CONTRACT,REFERENCE_ONLY,MANDATORY,authority/strategy/WS_MARKET_DATA_INPUT_REQUIREMENTS.md,Lifecycle Position,13,**Produces:** trusted Weekly Swing intake context + per-ticker facts yang boleh masuk `WS-S02`.,A3108D6BBBC7D80E8B98C9C0FECF48E3F55FDDAF,WS-B01,N/A,N/A,N/A,N/A,REFERENCE_ONLY,N/A,,
WS-S01-MD-R007,YES,WS-S01,DATA_CONTRACT,REFERENCE_ONLY,MANDATORY,authority/strategy/WS_MARKET_DATA_INPUT_REQUIREMENTS.md,Single Allowed Meaning of Intake,17,"Weekly Swing hanya boleh membangun core EOD intake dari consumer-facing Market Data contracts, terutama:",54CF491933CEF61F6F779B0CCC0D3BB444DB23F5,WS-B01,N/A,N/A,N/A,N/A,REFERENCE_ONLY,N/A,,
WS-S01-MD-R008,YES,WS-S01,DATA_CONTRACT,REQUIRED,MANDATORY,authority/strategy/WS_MARKET_DATA_INPUT_REQUIREMENTS.md,Single Allowed Meaning of Intake,19,`../../../market_data/book/CONSUMER_READ_CONTRACT_LOCKED.md`;,F0E22651030D369B4866C4F4075C662EAB484CDC,WS-B01,TBD,TBD,TBD,NOT_ASSESSED,NOT_ASSESSED,N/A,,
WS-S01-MD-R009,YES,WS-S01,DATA_CONTRACT,REQUIRED,MANDATORY,authority/strategy/WS_MARKET_DATA_INPUT_REQUIREMENTS.md,Single Allowed Meaning of Intake,20,`../../../market_data/book/Downstream_Consumer_Read_Model_Contract_LOCKED.md`;,15A0469F781F2DBF67A120AFAB0B2EFFA5987E2D,WS-B01,TBD,TBD,TBD,NOT_ASSESSED,NOT_ASSESSED,N/A,,
WS-S01-MD-R010,YES,WS-S01,DATA_CONTRACT,REQUIRED,MANDATORY,authority/strategy/WS_MARKET_DATA_INPUT_REQUIREMENTS.md,Single Allowed Meaning of Intake,21,`../../../market_data/book/Downstream_Data_Readiness_Guarantee_LOCKED.md`;,EACF03456F9502559F6088849D1C8589B1035D5D,WS-B01,TBD,TBD,TBD,NOT_ASSESSED,NOT_ASSESSED,N/A,,
WS-S01-MD-R011,YES,WS-S01,DATA_CONTRACT,REQUIRED,MANDATORY,authority/strategy/WS_MARKET_DATA_INPUT_REQUIREMENTS.md,Single Allowed Meaning of Intake,22,`../../../market_data/book/EOD_Eligibility_Snapshot_Contract_LOCKED.md`;,F4D5FA59948706F05818AD4650C5C64328ED775E,WS-B01,TBD,TBD,TBD,NOT_ASSESSED,NOT_ASSESSED,N/A,,
WS-S01-MD-R012,YES,WS-S01,DATA_CONTRACT,REQUIRED,MANDATORY,authority/strategy/WS_MARKET_DATA_INPUT_REQUIREMENTS.md,Single Allowed Meaning of Intake,23,`../../../market_data/book/Market_Calendar_Requirements_Contract.md`;,5EF3A5DBB9B49DFE15DDFC46B9393AC6B474427A,WS-B01,TBD,TBD,TBD,NOT_ASSESSED,NOT_ASSESSED,N/A,,
WS-S01-MD-R013,YES,WS-S01,DATA_CONTRACT,REQUIRED,MANDATORY,authority/strategy/WS_MARKET_DATA_INPUT_REQUIREMENTS.md,Single Allowed Meaning of Intake,24,`../../../market_data/book/Tickers_and_Identity_Dependency_Contract_LOCKED.md`;,F7BFB6924282354B75EA23A51476D806CDEC6854,WS-B01,TBD,TBD,TBD,NOT_ASSESSED,NOT_ASSESSED,N/A,,
WS-S01-MD-R014,YES,WS-S01,DATA_CONTRACT,REQUIRED,MANDATORY,authority/strategy/WS_MARKET_DATA_INPUT_REQUIREMENTS.md,Single Allowed Meaning of Intake,25,`../../../market_data/book/Trading_Status_Source_Contract_LOCKED.md`;,8B652FE05B598B37180CDDE6E0E73ABD9F12FA2E,WS-B01,TBD,TBD,TBD,NOT_ASSESSED,NOT_ASSESSED,N/A,,
WS-S01-MD-R015,YES,WS-S01,DATA_CONTRACT,REQUIRED,MANDATORY,authority/strategy/WS_MARKET_DATA_INPUT_REQUIREMENTS.md,Single Allowed Meaning of Intake,26,`../../../market_data/registry/Indicator_Registry_Baseline_LOCKED.md`;,0EBC58BF273F36652BB333898ED0F5FB30A1A690,WS-B01,TBD,TBD,TBD,NOT_ASSESSED,NOT_ASSESSED,N/A,,
WS-S01-MD-R016,YES,WS-S01,DATA_CONTRACT,REQUIRED,MANDATORY,authority/strategy/WS_MARKET_DATA_INPUT_REQUIREMENTS.md,Single Allowed Meaning of Intake,27,`../../../market_data/registry/Volume_and_Turnover_Normalization_LOCKED.md`;,34C5636E6A34313BD62EE102444B2B2D0C784D34,WS-B01,TBD,TBD,TBD,NOT_ASSESSED,NOT_ASSESSED,N/A,,
WS-S01-MD-R017,YES,WS-S01,DATA_CONTRACT,REQUIRED,MANDATORY,authority/strategy/WS_MARKET_DATA_INPUT_REQUIREMENTS.md,Single Allowed Meaning of Intake,28,`../../../market_data/registry/Exchange_Market_Structure_Facts_LOCKED.md`;,D49A7D058C86B6FAAC24751671DEE0F0AD181176,WS-B01,TBD,TBD,TBD,NOT_ASSESSED,NOT_ASSESSED,N/A,,
WS-S01-MD-R018,YES,WS-S01,DATA_CONTRACT,REQUIRED,MANDATORY,authority/strategy/WS_MARKET_DATA_INPUT_REQUIREMENTS.md,Single Allowed Meaning of Intake,29,owner producer lain yang dirujuk oleh contracts tersebut.,9ECC54E7166C9AB98E1AB411E1A23960C25909BC,WS-B01,TBD,TBD,TBD,NOT_ASSESSED,NOT_ASSESSED,N/A,,
WS-S01-MD-R019,YES,WS-S01,DATA_CONTRACT,REQUIRED,MANDATORY,authority/strategy/WS_MARKET_DATA_INPUT_REQUIREMENTS.md,Single Allowed Meaning of Intake,31,"Watchlist tidak boleh menjadikan raw/canonical/current/history table Market Data, `MAX(trade_date)`, current master/status, benchmark table, publication pointer table, run table, atau reconstruction query lokal sebagai kontrak intake paralel.",D95612C9D1A2F02193B65B1935A9531599B7FA83,WS-B01,TBD,TBD,TBD,NOT_ASSESSED,NOT_ASSESSED,N/A,,
WS-S01-MD-R020,YES,WS-S01,DATA_CONTRACT,REFERENCE_ONLY,MANDATORY,authority/strategy/WS_MARKET_DATA_INPUT_REQUIREMENTS.md,Current EOD Run Acceptance,35,"Untuk membentuk **new current Weekly Swing PLAN** pada requested EOD date `D`, intake harus memenuhi seluruh run-level condition berikut:",BD07F952021E65F5E21F53F637FF357F9DDACEE9,WS-B01,N/A,N/A,N/A,N/A,REFERENCE_ONLY,N/A,,
WS-S01-MD-R021,YES,WS-S01,DATA_CONTRACT,REQUIRED,MANDATORY,authority/strategy/WS_MARKET_DATA_INPUT_REQUIREMENTS.md,Current EOD Run Acceptance,37,producer read response berhasil di-resolve melalui consumer contract;,4156A5BF95C187BADEC322C870292B45811B2C14,WS-B01,TBD,TBD,TBD,NOT_ASSESSED,NOT_ASSESSED,N/A,,
WS-S01-MD-R022,YES,WS-S01,DATA_CONTRACT,REQUIRED,MANDATORY,authority/strategy/WS_MARKET_DATA_INPUT_REQUIREMENTS.md,Current EOD Run Acceptance,38,`readiness_state = READABLE`;,416B6D8C7F660859190E67DD59033C04DC8B2183,WS-B01,TBD,TBD,TBD,NOT_ASSESSED,NOT_ASSESSED,N/A,,
WS-S01-MD-R023,YES,WS-S01,DATA_CONTRACT,REQUIRED,MANDATORY,authority/strategy/WS_MARKET_DATA_INPUT_REQUIREMENTS.md,Current EOD Run Acceptance,39,`freshness_state = FRESH`;,E16BBF67669C2F8111A74D16719B125A2B825DD6,WS-B01,TBD,TBD,TBD,NOT_ASSESSED,NOT_ASSESSED,N/A,,
WS-S01-MD-R024,YES,WS-S01,DATA_CONTRACT,REQUIRED,MANDATORY,authority/strategy/WS_MARKET_DATA_INPUT_REQUIREMENTS.md,Current EOD Run Acceptance,40,`effective_trade_date = requested_trade_date = D`;,F93C6C0C181D7E4C9090EECDCB449473A6D04E07,WS-B01,TBD,TBD,TBD,NOT_ASSESSED,NOT_ASSESSED,N/A,,
WS-S01-MD-R025,YES,WS-S01,DATA_CONTRACT,REQUIRED,MANDATORY,authority/strategy/WS_MARKET_DATA_INPUT_REQUIREMENTS.md,Current EOD Run Acceptance,41,seluruh row/fact family berasal dari publication identity yang sama;,5F00F497618D54F9EE35A5B454DA589E73D33862,WS-B01,TBD,TBD,TBD,NOT_ASSESSED,NOT_ASSESSED,N/A,,
WS-S01-MD-R026,YES,WS-S01,DATA_CONTRACT,REQUIRED,MANDATORY,authority/strategy/WS_MARKET_DATA_INPUT_REQUIREMENTS.md,Current EOD Run Acceptance,42,publication/read-model/config/formula/factor identity yang diwajibkan response tersedia untuk binding/replay.,32F9861DD0FE3D34119E9CE7BBEA8A7C65BCFCDF,WS-B01,TBD,TBD,TBD,NOT_ASSESSED,NOT_ASSESSED,N/A,,
WS-S01-MD-R027,YES,WS-S01,DATA_CONTRACT,REQUIRED,CONDITIONAL_ACTIVE,authority/strategy/WS_MARKET_DATA_INPUT_REQUIREMENTS.md,Current EOD Run Acceptance,44,"Jika Market Data secara sah mengembalikan prior effective date dengan `STALE`/`DEGRADED`, data tersebut boleh dibaca sebagai **explicit stale context**, tetapi **tidak boleh diberi label sebagai PLAN baru untuk requested date D**. Weekly Swing menunggu data D atau menghasilkan current-run availability/no-output state; ia tidak memindahkan tanggal secara diam-diam.",21ED84ECAA9DCF33A60B385ABE67D85CC7460413,WS-B01,TBD,TBD,TBD,NOT_ASSESSED,NOT_ASSESSED,N/A,,
WS-S01-MD-R028,YES,WS-S01,DATA_CONTRACT,REQUIRED,MANDATORY,authority/strategy/WS_MARKET_DATA_INPUT_REQUIREMENTS.md,Current EOD Run Acceptance,46,"`HELD`, `FAILED`, `BUILDING`, `SUPERSEDED`, atau `NOT_AVAILABLE` tidak dapat membentuk new current PLAN. Kondisi availability upstream bukan alasan untuk mengganti producer contract dengan direct table read.",C90F37533127E8D38B729D9E3E45BF90C4F168AE,WS-B01,TBD,TBD,TBD,NOT_ASSESSED,NOT_ASSESSED,N/A,,
WS-S01-MD-R029,YES,WS-S01,DATA_CONTRACT,REQUIRED,MANDATORY,authority/strategy/WS_MARKET_DATA_INPUT_REQUIREMENTS.md,Row-Level Data Usability Versus Strategy Eligibility,50,Market Data `data_usable=true` berarti upstream declared integrity/readiness gates tidak menemukan blocking objection. Itu **bukan** Weekly Swing candidate approval.,F361EB8B394765CB9D854495276A0C5BCF707FEE,WS-B01,TBD,TBD,TBD,NOT_ASSESSED,NOT_ASSESSED,N/A,,
WS-S01-MD-R030,YES,WS-S01,DATA_CONTRACT,REFERENCE_ONLY,MANDATORY,authority/strategy/WS_MARKET_DATA_INPUT_REQUIREMENTS.md,Row-Level Data Usability Versus Strategy Eligibility,52,Urutan canonical:,69466D7C7FA9D92908021928EE20C0E5CD29C817,WS-B01,N/A,N/A,N/A,N/A,REFERENCE_ONLY,N/A,,
WS-S01-MD-R031,YES,WS-S01,DATA_CONTRACT,REQUIRED,MANDATORY,authority/strategy/WS_MARKET_DATA_INPUT_REQUIREMENTS.md,Row-Level Data Usability Versus Strategy Eligibility,54,`Market Data data_usable` → `Weekly Swing absolute eligibility` → `candidate classification` → `score/rank`,E069DA58CFE63254E542AFD3134FB933E40C8578,WS-B01,TBD,TBD,TBD,NOT_ASSESSED,NOT_ASSESSED,N/A,,
WS-S01-MD-R032,YES,WS-S01,DATA_CONTRACT,REFERENCE_ONLY,MANDATORY,authority/strategy/WS_MARKET_DATA_INPUT_REQUIREMENTS.md,Row-Level Data Usability Versus Strategy Eligibility,56,Rules:,D6AE0C8A03B925DCD947A7945F0C8BB74C796E3A,WS-B01,N/A,N/A,N/A,N/A,REFERENCE_ONLY,N/A,,
WS-S01-MD-R033,YES,WS-S01,DATA_CONTRACT,REQUIRED,MANDATORY,authority/strategy/WS_MARKET_DATA_INPUT_REQUIREMENTS.md,Row-Level Data Usability Versus Strategy Eligibility,58,`data_usable=false` → ticker tidak boleh masuk recommendation-candidate path pada run tersebut;,E5408BBEA1E403222183ED403914697A65997F03,WS-B01,TBD,TBD,TBD,NOT_ASSESSED,NOT_ASSESSED,N/A,,
WS-S01-MD-R034,YES,WS-S01,DATA_CONTRACT,REQUIRED,MANDATORY,authority/strategy/WS_MARKET_DATA_INPUT_REQUIREMENTS.md,Row-Level Data Usability Versus Strategy Eligibility,59,"`data_usable=true` → ticker baru **boleh dievaluasi**, belum otomatis layak direkomendasikan;",B77295D903B3653E334D019B4186CF498A7AA838,WS-B01,TBD,TBD,TBD,NOT_ASSESSED,NOT_ASSESSED,N/A,,
WS-S01-MD-R035,YES,WS-S01,DATA_CONTRACT,REQUIRED,CONDITIONAL_ACTIVE,authority/strategy/WS_MARKET_DATA_INPUT_REQUIREMENTS.md,Row-Level Data Usability Versus Strategy Eligibility,60,"compatibility field `eligible` dari Market Data, bila masih ada, dibaca hanya sebagai alias upstream `data_usable`, tidak pernah sebagai `strategy_eligible`;",A220D9A222F4DEACA12E4C1960899F85B96E7DB9,WS-B01,TBD,TBD,TBD,NOT_ASSESSED,NOT_ASSESSED,N/A,,
WS-S01-MD-R036,YES,WS-S01,DATA_CONTRACT,REQUIRED,MANDATORY,authority/strategy/WS_MARKET_DATA_INPUT_REQUIREMENTS.md,Row-Level Data Usability Versus Strategy Eligibility,61,Watchlist tidak boleh recompute producer-side data usability.,E3DFEC64F5B4CBA4AA60B32F170A52E07C46AA21,WS-B01,TBD,TBD,TBD,NOT_ASSESSED,NOT_ASSESSED,N/A,,
WS-S01-MD-R037,YES,WS-S01,DATA_CONTRACT,REQUIRED,MANDATORY,authority/strategy/WS_MARKET_DATA_INPUT_REQUIREMENTS.md,Weekly Swing Need → Market Data Authority → WS Behavior,65,| Weekly Swing need | Market Data authority / semantic input | Requirement class | Weekly Swing behavior |,AE59C0D72A8A0D41BACA6AD515C019B452CCBDA3,WS-B01,TBD,TBD,TBD,NOT_ASSESSED,NOT_ASSESSED,N/A,,
WS-S01-MD-R038,YES,WS-S01,DATA_CONTRACT,REQUIRED,MANDATORY,authority/strategy/WS_MARKET_DATA_INPUT_REQUIREMENTS.md,Weekly Swing Need → Market Data Authority → WS Behavior,67,"| Publication/read identity | consumer read contract; `publication_id`, read-model/version, requested/effective dates, lineage/config/formula/factor identities | always required | bind ke PLAN/replay; jangan campur publication/version |",2037A9FFB683879F346F89B635C76073CA8A45C2,WS-B01,TBD,TBD,TBD,NOT_ASSESSED,NOT_ASSESSED,N/A,,
WS-S01-MD-R039,YES,WS-S01,DATA_CONTRACT,REQUIRED,MANDATORY,authority/strategy/WS_MARKET_DATA_INPUT_REQUIREMENTS.md,Weekly Swing Need → Market Data Authority → WS Behavior,68,| Trading calendar / completed session | producer Regular-Market calendar + session-completion semantics | always required | requested date harus merupakan completed governed trading session; jangan menebak weekday/libur sendiri |,54E5337ED96CB3C88552437B3AAC9D7111AE2B5A,WS-B01,TBD,TBD,TBD,NOT_ASSESSED,NOT_ASSESSED,N/A,,
WS-S01-MD-R040,YES,WS-S01,DATA_CONTRACT,REQUIRED,MANDATORY,authority/strategy/WS_MARKET_DATA_INPUT_REQUIREMENTS.md,Weekly Swing Need → Market Data Authority → WS Behavior,69,"| Temporal universe / listing membership | publication-bound temporal universe, listing interval, board/segment identity, stable `listing_id` | always required | hanya listing yang expected/in-universe pada D dievaluasi; current ticker/master tidak boleh diproyeksikan ke histori |",6B639905E73275E61681B93A17EC63CD91D1413A,WS-B01,TBD,TBD,TBD,NOT_ASSESSED,NOT_ASSESSED,N/A,,
WS-S01-MD-R041,YES,WS-S01,DATA_CONTRACT,REQUIRED,MANDATORY,authority/strategy/WS_MARKET_DATA_INPUT_REQUIREMENTS.md,Weekly Swing Need → Market Data Authority → WS Behavior,70,"| Current EOD readiness | `readiness_state`, `freshness_state`, requested/effective-date relation | always required for current PLAN | hanya `READABLE + FRESH + same-date` membentuk new current PLAN |",2A101D5B97934ACF191A9AD7B064FBF2899C838B,WS-B01,TBD,TBD,TBD,NOT_ASSESSED,NOT_ASSESSED,N/A,,
WS-S01-MD-R042,YES,WS-S01,DATA_CONTRACT,REQUIRED,MANDATORY,authority/strategy/WS_MARKET_DATA_INPUT_REQUIREMENTS.md,Weekly Swing Need → Market Data Authority → WS Behavior,71,| Stable instrument identity | publication-bound `listing_id` / stable instrument identity; symbol hanya presentation | always required | persistence/replay pakai stable identity; ticker text bukan historical key |,4931D9F5353C0EA8AECD6BCFBAF67BA897BC7CCF,WS-B01,TBD,TBD,TBD,NOT_ASSESSED,NOT_ASSESSED,N/A,,
WS-S01-MD-R043,YES,WS-S01,DATA_CONTRACT,REQUIRED,MANDATORY,authority/strategy/WS_MARKET_DATA_INPUT_REQUIREMENTS.md,Weekly Swing Need → Market Data Authority → WS Behavior,72,| Upstream row usability | `data_usable` + complete upstream reason set | always required | false = keluar dari recommendation path; true = lanjut ke WS eligibility |,C82872CAC4E58962535DD6D1DA330E3A40D98DAF,WS-B01,TBD,TBD,TBD,NOT_ASSESSED,NOT_ASSESSED,N/A,,
WS-S01-MD-R044,YES,WS-S01,DATA_CONTRACT,REQUIRED,CONDITIONAL_ACTIVE,authority/strategy/WS_MARKET_DATA_INPUT_REQUIREMENTS.md,Weekly Swing Need → Market Data Authority → WS Behavior,73,"| Executable EOD price context | consumer-exposed Regular-Market `RAW` OHLCV | required when price/trade-plan/evaluation uses it | price floor, display/trade reference, dan historical executable-price logic memakai declared RAW basis; jangan memakai adjusted price sebagai actual order price |",654C7AA241AAB3C8E1B224F07D033ABD1DF841A3,WS-B01,TBD,TBD,TBD,NOT_ASSESSED,NOT_ASSESSED,N/A,,
WS-S01-MD-R045,YES,WS-S01,DATA_CONTRACT,REQUIRED,MANDATORY,authority/strategy/WS_MARKET_DATA_INPUT_REQUIREMENTS.md,Weekly Swing Need → Market Data Authority → WS Behavior,74,| Analytical technical basis | producer indicator artifact on declared `STRUCTURAL_ADJUSTED` basis | required through indicators | Watchlist memakai published indicator value; tidak recompute adjustment/indicator |,71A2F79BFFA7ED9B8661C19F3E2D7D023A48B5C8,WS-B01,TBD,TBD,TBD,NOT_ASSESSED,NOT_ASSESSED,N/A,,
WS-S01-MD-R046,YES,WS-S01,DATA_CONTRACT,REQUIRED,MANDATORY,authority/strategy/WS_MARKET_DATA_INPUT_REQUIREMENTS.md,Weekly Swing Need → Market Data Authority → WS Behavior,75,| Liquidity floor | **bootstrap canonical:** `adv20_close_volume_proxy_idr`; legacy `dv20_idr` hanya compatibility alias untuk metric yang sama | active hard-gate required | threshold Weekly Swing diterapkan ke proxy yang explicitly named; jangan menyebutnya actual turnover |,7ED91012B99C757BDAB9B4E5EF446B833A7C62EE,WS-B01,TBD,TBD,TBD,NOT_ASSESSED,NOT_ASSESSED,N/A,,
WS-S01-MD-R047,YES,WS-S01,DATA_CONTRACT,REQUIRED,CONDITIONAL_ACTIVE,authority/strategy/WS_MARKET_DATA_INPUT_REQUIREMENTS.md,Weekly Swing Need → Market Data Authority → WS Behavior,76,| Actual traded-value context | `adv20_traded_value_idr_actual` bila source-backed complete | optional until separately adopted | boleh ditampilkan/audit context; menjadi selection metric hanya melalui strategy identity + re-proof baru |,E1EDD90E9D5FBF6D9B3F8ABE365F506F254898F9,WS-B01,TBD,TBD,TBD,NOT_ASSESSED,NOT_ASSESSED,N/A,,
WS-S01-MD-R048,YES,WS-S01,DATA_CONTRACT,REQUIRED,CONDITIONAL_ACTIVE,authority/strategy/WS_MARKET_DATA_INPUT_REQUIREMENTS.md,Weekly Swing Need → Market Data Authority → WS Behavior,77,| Participation/volume quality | registry semantic `vol_ratio_20`; producer serialization alias hanya boleh dipetakan bila semantik/formula sama | active score/gate required | missing/invalid saat aktif → ticker tidak dapat menjadi recommendation candidate |,6CAFEFC3FC2FC9B2AC3428822E9F4F6D2D6B6E55,WS-B01,TBD,TBD,TBD,NOT_ASSESSED,NOT_ASSESSED,N/A,,
WS-S01-MD-R049,YES,WS-S01,DATA_CONTRACT,REQUIRED,MANDATORY,authority/strategy/WS_MARKET_DATA_INPUT_REQUIREMENTS.md,Weekly Swing Need → Market Data Authority → WS Behavior,78,| Volatility/risk quality | `atr14_pct` | active score/gate required | digunakan sebagai risk guard/component sesuai frozen strategy identity |,F1CE105A8DD768FCEF6372602BBEEEE8258D2600,WS-B01,TBD,TBD,TBD,NOT_ASSESSED,NOT_ASSESSED,N/A,,
WS-S01-MD-R050,YES,WS-S01,DATA_CONTRACT,REQUIRED,CONDITIONAL_ACTIVE,authority/strategy/WS_MARKET_DATA_INPUT_REQUIREMENTS.md,Weekly Swing Need → Market Data Authority → WS Behavior,79,| Momentum | baseline `roc20`; `roc5`/`roc10` hanya bila active identity memakainya | strategy-dependent required | active metric missing → fail-closed candidate path; tidak zero-fill |,4F7CB0FA56125F56E95C6342CF9CDBF4C3FA2B3D,WS-B01,TBD,TBD,TBD,NOT_ASSESSED,NOT_ASSESSED,N/A,,
WS-S01-MD-R051,YES,WS-S01,DATA_CONTRACT,REQUIRED,CONDITIONAL_ACTIVE,authority/strategy/WS_MARKET_DATA_INPUT_REQUIREMENTS.md,Weekly Swing Need → Market Data Authority → WS Behavior,80,"| Breakout/setup | baseline `close_to_hh20_pct`; `hh20`, `range_position_20_pct`, range facts bila active | strategy-dependent required | hanya metric active yang menjadi required; no consumer recompute from hidden producer internals |",397B5D21D47554C06385128EDFF55A194E0FB490,WS-B01,TBD,TBD,TBD,NOT_ASSESSED,NOT_ASSESSED,N/A,,
WS-S01-MD-R052,YES,WS-S01,DATA_CONTRACT,REQUIRED,MANDATORY,authority/strategy/WS_MARKET_DATA_INPUT_REQUIREMENTS.md,Weekly Swing Need → Market Data Authority → WS Behavior,81,| Price floor | current-date consumer-exposed `RAW close` | strategy-dependent required | threshold harga adalah WS policy; Market Data hanya memberi fakta harga |,659A6420C982C86AA60DFC499D115F87FC1CB23D,WS-B01,TBD,TBD,TBD,NOT_ASSESSED,NOT_ASSESSED,N/A,,
WS-S01-MD-R053,YES,WS-S01,DATA_CONTRACT,REQUIRED,CONDITIONAL_ACTIVE,authority/strategy/WS_MARKET_DATA_INPUT_REQUIREMENTS.md,Weekly Swing Need → Market Data Authority → WS Behavior,82,"| Exchange market-structure facts | effective-dated Regular-Market minimum-price, tick/fraction ladder, upper/lower auto-rejection band + revision/source identity | required only when active trade-plan/evaluation needs executable-price validation | Watchlist menerapkan rounding/execution feasibility secara causal; tidak hardcode current tier ke histori dan tidak mengubah fakta exchange menjadi scoring alpha |",B2959E0653C6DAF5027137591F556EA5F41C20FA,WS-B01,TBD,TBD,TBD,NOT_ASSESSED,NOT_ASSESSED,N/A,,
WS-S01-MD-R054,YES,WS-S01,DATA_CONTRACT,REQUIRED,CONDITIONAL_ACTIVE,authority/strategy/WS_MARKET_DATA_INPUT_REQUIREMENTS.md,Weekly Swing Need → Market Data Authority → WS Behavior,83,"| Market regime / benchmark context | consumer-exposed point-in-time benchmark context with producer-owned revision/lineage; exact benchmark fields are frozen by the active WS identity | required only when active strategy uses regime | tidak boleh reconstruct IHSG dari `market_benchmark_*` tables; jika active identity membutuhkan mis. IHSG ROC20/MA-slope tetapi producer contract belum mengeksposnya, capability itu `UNAVAILABLE` dan candidate path tidak boleh menebak/recompute |",6DF587F5A999A893F9FA8C59C9C035F10ADC8F18,WS-B01,TBD,TBD,TBD,NOT_ASSESSED,NOT_ASSESSED,N/A,,
WS-S01-MD-R055,YES,WS-S01,DATA_CONTRACT,REQUIRED,CONDITIONAL_ACTIVE,authority/strategy/WS_MARKET_DATA_INPUT_REQUIREMENTS.md,Weekly Swing Need → Market Data Authority → WS Behavior,84,"| Sector context / rotation | `sector_code`, `sector_roc20`, `rs_20_vs_sector`, `sector_rs_20_vs_ihsg` with temporal membership/revisions | optional unless active | missing optional sector context tidak menggagalkan unrelated indicators; bila active gate/score memakai field, field menjadi required |",AC3FB8275E67905DB6CF074BC122C24AFA015354,WS-B01,TBD,TBD,TBD,NOT_ASSESSED,NOT_ASSESSED,N/A,,
WS-S01-MD-R056,YES,WS-S01,DATA_CONTRACT,REQUIRED,MANDATORY,authority/strategy/WS_MARKET_DATA_INPUT_REQUIREMENTS.md,Weekly Swing Need → Market Data Authority → WS Behavior,85,"| Trading status | `trading_status_code`, `is_suspended`, source revision | execution safety fact | known state yang mencegah normal Regular-Market entry → `AVOID`; non-blocking status facts tidak otomatis menjadi Market Data failure |",1BD69483B17A20C8068CEF41C73F9EB0006152FA,WS-B01,TBD,TBD,TBD,NOT_ASSESSED,NOT_ASSESSED,N/A,,
WS-S01-MD-R057,YES,WS-S01,DATA_CONTRACT,REQUIRED,MANDATORY,authority/strategy/WS_MARKET_DATA_INPUT_REQUIREMENTS.md,Weekly Swing Need → Market Data Authority → WS Behavior,86,"| UMA / event-risk facts | `is_uma`, `event_risk_flag`, ordered reasons | strategy-dependent | fakta tidak diubah; hanya active WS risk rule yang boleh memetakan ke WATCH_ONLY/AVOID/penalty |",B12FE61CDDA5D658E707CD6E983A2F6BA8C18030,WS-B01,TBD,TBD,TBD,NOT_ASSESSED,NOT_ASSESSED,N/A,,
WS-S01-MD-R058,YES,WS-S01,DATA_CONTRACT,REQUIRED,CONDITIONAL_ACTIVE,authority/strategy/WS_MARKET_DATA_INPUT_REQUIREMENTS.md,Weekly Swing Need → Market Data Authority → WS Behavior,87,| Corporate-action / contamination | producer event/factor/contamination state and field-level validity | required when it affects active fields | affected required field invalid → candidate path fail-closed; event flag sendiri bukan alasan post-hoc tanpa active rule |,A537AAFED9D0A18FFBD7EEE99082966686CD8758,WS-B01,TBD,TBD,TBD,NOT_ASSESSED,NOT_ASSESSED,N/A,,
WS-S01-MD-R059,YES,WS-S01,DATA_CONTRACT,REQUIRED,CONDITIONAL_ACTIVE,authority/strategy/WS_MARKET_DATA_INPUT_REQUIREMENTS.md,Weekly Swing Need → Market Data Authority → WS Behavior,88,| Per-field null/reasons | indicator/read-model field validity + null reason | always respected | required field null/invalid → ticker tidak discore; optional field null hanya menonaktifkan dependent optional behavior |,E820BCD84383C5A87C450EB4F1BDBB09BC19D163,WS-B01,TBD,TBD,TBD,NOT_ASSESSED,NOT_ASSESSED,N/A,,
WS-S01-MD-R060,YES,WS-S01,DATA_CONTRACT,REQUIRED,MANDATORY,authority/strategy/WS_MARKET_DATA_INPUT_REQUIREMENTS.md,Weekly Swing Need → Market Data Authority → WS Behavior,89,| Historical point-in-time replay | exact/as-known consumer replay/publication identity | required for backtest/OOS | tidak memakai current master/status/sector; tidak substitute prior date silently |,D1980707ECAA6CB2EC3CA3C2A5AB1C40111CC7CB,WS-B01,TBD,TBD,TBD,NOT_ASSESSED,NOT_ASSESSED,N/A,,
WS-S01-MD-R061,YES,WS-S01,DATA_CONTRACT,REQUIRED,CONDITIONAL_ACTIVE,authority/strategy/WS_MARKET_DATA_INPUT_REQUIREMENTS.md,Weekly Swing Need → Market Data Authority → WS Behavior,90,| D+1 decision-time CONFIRM | **tidak dijamin oleh current EOD read contract** kecuali producer-facing decision-time contract tersedia | optional | tanpa source yang governed → `UNAVAILABLE_RETRYABLE`; tidak menghambat core Top Picks |,211874C5BF7C54447A33B2F1604E2186A49B05BC,WS-B01,TBD,TBD,TBD,NOT_ASSESSED,NOT_ASSESSED,N/A,,
WS-S01-MD-R101,YES,WS-S01,DATA_CONTRACT,REQUIRED,MANDATORY,authority/strategy/WS_MARKET_DATA_INPUT_REQUIREMENTS.md,Operational Publication-Time and Benchmark-Proof Inputs,94,"Untuk membuktikan real-use executability, Watchlist membutuhkan producer-facing timestamps/identity yang memungkinkan penentuan kapan EOD facts benar-benar readable. Watchlist tidak boleh mengarang publication completion time untuk membuat D+1 open terlihat executable.",9742F9FCB820633D2114EA8AEC5660E0AB0AB1B9,WS-B01,TBD,TBD,TBD,NOT_ASSESSED,NOT_ASSESSED,N/A,,Added by D-WS-20260819-05 high-trust strategy strengthening.
WS-S01-MD-R102,YES,WS-S01,DATA_CONTRACT,REQUIRED,MANDATORY,authority/strategy/WS_MARKET_DATA_INPUT_REQUIREMENTS.md,Operational Publication-Time and Benchmark-Proof Inputs,96,"Untuk benchmark-relative proof yang aktif, producer contract harus menyediakan point-in-time benchmark series/facts yang cukup untuk menghitung causal matched-horizon benchmark return. Canonical primary benchmark adalah IHSG/IDX Composite bila producer contract mengekspos authoritative point-in-time series tersebut. Jika required benchmark input tidak tersedia, benchmark-relative production proof adalah `INSUFFICIENT EVIDENCE`; Watchlist tidak boleh merekonstruksi benchmark dari hidden producer internals.",AFDA70F0E6EAE5818F4EC982F36E235FCD6D86FA,WS-B01,TBD,TBD,TBD,NOT_ASSESSED,NOT_ASSESSED,N/A,,Added by D-WS-20260819-05 high-trust strategy strengthening.
WS-S01-MD-R062,YES,WS-S01,DATA_CONTRACT,REFERENCE_ONLY,MANDATORY,authority/strategy/WS_MARKET_DATA_INPUT_REQUIREMENTS.md,Weekly Swing Needs That Market Data Does Not Own,100,"Agar boundary tidak melebar, kebutuhan berikut tetap milik Watchlist walaupun memakai fakta upstream:",5E187C9B2C6A853FBA9E18BD87B3028734AB378D,WS-B01,N/A,N/A,N/A,N/A,REFERENCE_ONLY,N/A,,
WS-S01-MD-R063,YES,WS-S01,DATA_CONTRACT,REQUIRED,MANDATORY,authority/strategy/WS_MARKET_DATA_INPUT_REQUIREMENTS.md,Weekly Swing Needs That Market Data Does Not Own,102,| Weekly Swing need | Market Data role | Weekly Swing ownership |,F69701874FDA261733AF7FC5BC0ED1A6F8814495,WS-B01,TBD,TBD,TBD,NOT_ASSESSED,NOT_ASSESSED,N/A,,
WS-S01-MD-R064,YES,WS-S01,DATA_CONTRACT,REQUIRED,MANDATORY,authority/strategy/WS_MARKET_DATA_INPUT_REQUIREMENTS.md,Weekly Swing Needs That Market Data Does Not Own,104,| liquidity threshold / risk band / momentum bounds / setup threshold | supplies versioned facts only | threshold dan active paramset identity |,5A1C33065EC1241F10874E13B34686D3E6E79D80,WS-B01,TBD,TBD,TBD,NOT_ASSESSED,NOT_ASSESSED,N/A,,
WS-S01-MD-R065,YES,WS-S01,DATA_CONTRACT,REQUIRED,MANDATORY,authority/strategy/WS_MARKET_DATA_INPUT_REQUIREMENTS.md,Weekly Swing Needs That Market Data Does Not Own,105,"| score weights, final quality floor, rank/tie-break, jumlah Top Picks | none beyond supplying facts | full strategy authority |",D35EA63323AD2FB030080557D4DD0FB0549D5AEA,WS-B01,TBD,TBD,TBD,NOT_ASSESSED,NOT_ASSESSED,N/A,,
WS-S01-MD-R066,YES,WS-S01,DATA_CONTRACT,REQUIRED,MANDATORY,authority/strategy/WS_MARKET_DATA_INPUT_REQUIREMENTS.md,Weekly Swing Needs That Market Data Does Not Own,106,"| entry/exit family, stop/target/signal thresholds, holding horizon | may supply RAW bars + exchange structure facts | full trade-plan/evaluation authority |",EA89CD875DCFF300CB1B6C08A77819B37D628FE8,WS-B01,TBD,TBD,TBD,NOT_ASSESSED,NOT_ASSESSED,N/A,,
WS-S01-MD-R067,YES,WS-S01,DATA_CONTRACT,REQUIRED,MANDATORY,authority/strategy/WS_MARKET_DATA_INPUT_REQUIREMENTS.md,Weekly Swing Needs That Market Data Does Not Own,107,"| fee, slippage, adverse-friction stress | none | evaluation/proof authority |",A94D1621C752E59E143BF894EDF71A5F8FDFCDE5,WS-B01,TBD,TBD,TBD,NOT_ASSESSED,NOT_ASSESSED,N/A,,
WS-S01-MD-R068,YES,WS-S01,DATA_CONTRACT,REQUIRED,CONDITIONAL_ACTIVE,authority/strategy/WS_MARKET_DATA_INPUT_REQUIREMENTS.md,Weekly Swing Needs That Market Data Does Not Own,108,| user capital/affordability | none | optional presentation only; tidak mengubah recommendation/rank |,ED89A90A08CAE52EB051F111F392A18F38517BC0,WS-B01,TBD,TBD,TBD,NOT_ASSESSED,NOT_ASSESSED,N/A,,
WS-S01-MD-R069,YES,WS-S01,DATA_CONTRACT,REQUIRED,CONDITIONAL_ACTIVE,authority/strategy/WS_MARKET_DATA_INPUT_REQUIREMENTS.md,Weekly Swing Needs That Market Data Does Not Own,109,| D+1 CONFIRM decision | EOD contract does not guarantee decision-time data | optional Watchlist capability using a separately governed source |,391244FA2563B4D6BECF817E8C6B6EA576C7A87F,WS-B01,TBD,TBD,TBD,NOT_ASSESSED,NOT_ASSESSED,N/A,,
WS-S01-MD-R070,YES,WS-S01,DATA_CONTRACT,REQUIRED,CONDITIONAL_ACTIVE,authority/strategy/WS_MARKET_DATA_INPUT_REQUIREMENTS.md,Weekly Swing Needs That Market Data Does Not Own,111,Tidak adanya owner Market Data untuk policy di atas bukan gap. Gap baru ada bila Watchlist membutuhkan **fakta pasar** tetapi tidak ada producer-facing contract yang mengekspos fakta tersebut secara point-in-time.,4E35C6A81A0BC86AC6E742FB0633A941D2D55501,WS-B01,TBD,TBD,TBD,NOT_ASSESSED,NOT_ASSESSED,N/A,,
WS-S01-MD-R071,YES,WS-S01,DATA_CONTRACT,REQUIRED,MANDATORY,authority/strategy/WS_MARKET_DATA_INPUT_REQUIREMENTS.md,Liquidity Basis Lock,115,Current Weekly Swing bootstrap uses `adv20_close_volume_proxy_idr` as the canonical liquidity selection measure because it is explicitly identified by Market Data as the `RAW close × RAW volume` 20-session proxy and is compatible with existing historical `dv20_idr` evidence.,2F0E12187EFF5B5723DAB502F5AF805C61FB7E45,WS-B01,TBD,TBD,TBD,NOT_ASSESSED,NOT_ASSESSED,N/A,,
WS-S01-MD-R072,YES,WS-S01,DATA_CONTRACT,REFERENCE_ONLY,MANDATORY,authority/strategy/WS_MARKET_DATA_INPUT_REQUIREMENTS.md,Liquidity Basis Lock,117,Hard rules:,E595E8408E8B34B2839C2273A42ADD802B05EE13,WS-B01,N/A,N/A,N/A,N/A,REFERENCE_ONLY,N/A,,
WS-S01-MD-R073,YES,WS-S01,DATA_CONTRACT,REQUIRED,MANDATORY,authority/strategy/WS_MARKET_DATA_INPUT_REQUIREMENTS.md,Liquidity Basis Lock,119,`dv20_idr` may be accepted only as a compatibility alias of `adv20_close_volume_proxy_idr`;,FFFF4D2CB0CA023EA1EF2127431FB04EF5B66D3C,WS-B01,TBD,TBD,TBD,NOT_ASSESSED,NOT_ASSESSED,N/A,,
WS-S01-MD-R074,YES,WS-S01,DATA_CONTRACT,REQUIRED,MANDATORY,authority/strategy/WS_MARKET_DATA_INPUT_REQUIREMENTS.md,Liquidity Basis Lock,120,it must never be described as actual exchange traded value;,1C9AC3256A2081012FB4BC1A51CDEE8451DBD177,WS-B01,TBD,TBD,TBD,NOT_ASSESSED,NOT_ASSESSED,N/A,,
WS-S01-MD-R075,YES,WS-S01,DATA_CONTRACT,REQUIRED,MANDATORY,authority/strategy/WS_MARKET_DATA_INPUT_REQUIREMENTS.md,Liquidity Basis Lock,121,`adv20_traded_value_idr_actual` must not silently replace the proxy under the same paramset/proof identity;,AA0EF23DEC70D70F9FE9147DE2392EE2610C2CAD,WS-B01,TBD,TBD,TBD,NOT_ASSESSED,NOT_ASSESSED,N/A,,
WS-S01-MD-R076,YES,WS-S01,DATA_CONTRACT,REQUIRED,MANDATORY,authority/strategy/WS_MARKET_DATA_INPUT_REQUIREMENTS.md,Liquidity Basis Lock,122,adopting actual traded value for selection is a new strategy identity and requires new IS/OOS/friction proof.,8035EDD476F3FC40E13F59770CEE5ECF364E0932,WS-B01,TBD,TBD,TBD,NOT_ASSESSED,NOT_ASSESSED,N/A,,
WS-S01-MD-R077,YES,WS-S01,DATA_CONTRACT,REFERENCE_ONLY,MANDATORY,authority/strategy/WS_MARKET_DATA_INPUT_REQUIREMENTS.md,Required-Field Rule,126,Field requiredness is the intersection of:,C6EB46F46A12E8B305C78B2A9F66427F5EAC215C,WS-B01,N/A,N/A,N/A,N/A,REFERENCE_ONLY,N/A,,
WS-S01-MD-R078,YES,WS-S01,DATA_CONTRACT,REQUIRED,MANDATORY,authority/strategy/WS_MARKET_DATA_INPUT_REQUIREMENTS.md,Required-Field Rule,128,producer read-model minimum requirements; and,532EFAD4F105980E27B8C401ABEC5F6C9D97B3B8,WS-B01,TBD,TBD,TBD,NOT_ASSESSED,NOT_ASSESSED,N/A,,
WS-S01-MD-R079,YES,WS-S01,DATA_CONTRACT,REQUIRED,MANDATORY,authority/strategy/WS_MARKET_DATA_INPUT_REQUIREMENTS.md,Required-Field Rule,129,"fields actually used by the active Weekly Swing hard gates, score components, trade-plan derivation, or final qualification.",81425010C0436ACFDFB9DB47DB068E453FC4C329,WS-B01,TBD,TBD,TBD,NOT_ASSESSED,NOT_ASSESSED,N/A,,
WS-S01-MD-R080,YES,WS-S01,DATA_CONTRACT,REQUIRED,CONDITIONAL_ACTIVE,authority/strategy/WS_MARKET_DATA_INPUT_REQUIREMENTS.md,Required-Field Rule,131,Missing optional producer context does not fail the whole Weekly Swing run. Missing active required field removes only the affected ticker from recommendation candidacy unless the missing fact is run-level publication/readiness identity.,258A8446A92A76D17DB011DAA02785D3A9949EC9,WS-B01,TBD,TBD,TBD,NOT_ASSESSED,NOT_ASSESSED,N/A,,
WS-S01-MD-R081,YES,WS-S01,DATA_CONTRACT,REFERENCE_ONLY,MANDATORY,authority/strategy/WS_MARKET_DATA_INPUT_REQUIREMENTS.md,No Consumer Recalculation Rule,135,Watchlist must not reconstruct or recompute:,6F868B0D9486725E8EFCBA070D466193E45490BE,WS-B01,N/A,N/A,N/A,N/A,REFERENCE_ONLY,N/A,,
WS-S01-MD-R082,YES,WS-S01,DATA_CONTRACT,REQUIRED,MANDATORY,authority/strategy/WS_MARKET_DATA_INPUT_REQUIREMENTS.md,No Consumer Recalculation Rule,137,adjustments/factors;,65ED4124CD583B22CC5164938E384140D220A1BA,WS-B01,TBD,TBD,TBD,NOT_ASSESSED,NOT_ASSESSED,N/A,,
WS-S01-MD-R083,YES,WS-S01,DATA_CONTRACT,REQUIRED,MANDATORY,authority/strategy/WS_MARKET_DATA_INPUT_REQUIREMENTS.md,No Consumer Recalculation Rule,138,ATR/ROC/MA/range/volume-ratio;,52692802F69F7A01C3E28ED3245E2D171D08FDEC,WS-B01,TBD,TBD,TBD,NOT_ASSESSED,NOT_ASSESSED,N/A,,
WS-S01-MD-R084,YES,WS-S01,DATA_CONTRACT,REQUIRED,MANDATORY,authority/strategy/WS_MARKET_DATA_INPUT_REQUIREMENTS.md,No Consumer Recalculation Rule,139,sector membership or benchmark series;,B164DBB3F1F2CE702CAD9D0CBEDEB2D43BB8014E,WS-B01,TBD,TBD,TBD,NOT_ASSESSED,NOT_ASSESSED,N/A,,
WS-S01-MD-R085,YES,WS-S01,DATA_CONTRACT,REQUIRED,MANDATORY,authority/strategy/WS_MARKET_DATA_INPUT_REQUIREMENTS.md,No Consumer Recalculation Rule,140,trading-status history;,181765D5737E9DFA2DFDF251CDE0F60A6E8F6C70,WS-B01,TBD,TBD,TBD,NOT_ASSESSED,NOT_ASSESSED,N/A,,
WS-S01-MD-R086,YES,WS-S01,DATA_CONTRACT,REQUIRED,MANDATORY,authority/strategy/WS_MARKET_DATA_INPUT_REQUIREMENTS.md,No Consumer Recalculation Rule,141,producer coverage/data-usability verdict;,8727D961894184A757C491BE93372B16E8A70342,WS-B01,TBD,TBD,TBD,NOT_ASSESSED,NOT_ASSESSED,N/A,,
WS-S01-MD-R087,YES,WS-S01,DATA_CONTRACT,REQUIRED,MANDATORY,authority/strategy/WS_MARKET_DATA_INPUT_REQUIREMENTS.md,No Consumer Recalculation Rule,142,publication freshness/readability.,4E4FC9BFAAC85C587F83D1C314B3256D21539667,WS-B01,TBD,TBD,TBD,NOT_ASSESSED,NOT_ASSESSED,N/A,,
WS-S01-MD-R088,YES,WS-S01,DATA_CONTRACT,REQUIRED,MANDATORY,authority/strategy/WS_MARKET_DATA_INPUT_REQUIREMENTS.md,No Consumer Recalculation Rule,144,"Thresholds, score transforms, ranking, risk preference, and recommendation membership remain Watchlist-owned downstream policy.",1A1D86FDEEEDAE67CC8DE8C5A89E394345A5579C,WS-B01,TBD,TBD,TBD,NOT_ASSESSED,NOT_ASSESSED,N/A,,
WS-S01-MD-R089,YES,WS-S01,DATA_CONTRACT,REQUIRED,MANDATORY,authority/strategy/WS_MARKET_DATA_INPUT_REQUIREMENTS.md,Historical Evaluation Rule,148,Historical evaluation binds the exact/as-known Market Data identity available under the replay mode. A missing requested historical publication/date is explicit missing evidence; it is never replaced by a newer corrected/current state or an unlabeled prior date.,03C03064F074426CE91BC4A84BC4AA92D69B3F8B,WS-B01,TBD,TBD,TBD,NOT_ASSESSED,NOT_ASSESSED,N/A,,
WS-S01-MD-R090,YES,WS-S01,DATA_CONTRACT,REQUIRED,CONDITIONAL_ACTIVE,authority/strategy/WS_MARKET_DATA_INPUT_REQUIREMENTS.md,CONFIRM Boundary,152,"The current Market Data core contract is EOD-oriented. Weekly Swing must not assume that it provides D+1 intraday/current decision-time data. CONFIRM may consume a future governed producer-facing source when such a contract exists. Until then, the correct state is availability uncertainty, not core strategy failure.",92566B1E44C0CA989D7771B9BA10A323226B3556,WS-B01,TBD,TBD,TBD,NOT_ASSESSED,NOT_ASSESSED,N/A,,
WS-S01-MD-R091,YES,WS-S01,DATA_CONTRACT,REQUIRED,MANDATORY,authority/strategy/WS_MARKET_DATA_INPUT_REQUIREMENTS.md,Final Invariants,156,Market Data owns fact meaning; Watchlist owns decision policy.,E4CECF878DE37638934163C4B76149D50DEDCA95,WS-B01,TBD,TBD,TBD,NOT_ASSESSED,NOT_ASSESSED,N/A,,
WS-S01-MD-R092,YES,WS-S01,DATA_CONTRACT,REQUIRED,MANDATORY,authority/strategy/WS_MARKET_DATA_INPUT_REQUIREMENTS.md,Final Invariants,157,"One producer-facing read path, no normal direct-table intake.",4D6E5B9FD0F2830798201B1F7D6D0C0EAFA14E99,WS-B01,TBD,TBD,TBD,NOT_ASSESSED,NOT_ASSESSED,N/A,,
WS-S01-MD-R093,YES,WS-S01,DATA_CONTRACT,REQUIRED,MANDATORY,authority/strategy/WS_MARKET_DATA_INPUT_REQUIREMENTS.md,Final Invariants,158,"Current PLAN requires readable, fresh, same-date EOD data.",889265FFDAA7AAECDEF8767D477C7C39471974CD,WS-B01,TBD,TBD,TBD,NOT_ASSESSED,NOT_ASSESSED,N/A,,
WS-S01-MD-R094,YES,WS-S01,DATA_CONTRACT,REQUIRED,MANDATORY,authority/strategy/WS_MARKET_DATA_INPUT_REQUIREMENTS.md,Final Invariants,159,"`data_usable` is upstream usability, never strategy eligibility.",397290D243D9C0299E21BE67E893798B9EEB12AF,WS-B01,TBD,TBD,TBD,NOT_ASSESSED,NOT_ASSESSED,N/A,,
WS-S01-MD-R095,YES,WS-S01,DATA_CONTRACT,REQUIRED,MANDATORY,authority/strategy/WS_MARKET_DATA_INPUT_REQUIREMENTS.md,Final Invariants,160,"Required active field missing means no recommendation candidacy for that ticker, not synthetic zero/default.",248396D87EE97ECBF49FF494A0543C22470B14AD,WS-B01,TBD,TBD,TBD,NOT_ASSESSED,NOT_ASSESSED,N/A,,
WS-S01-MD-R096,YES,WS-S01,DATA_CONTRACT,REQUIRED,MANDATORY,authority/strategy/WS_MARKET_DATA_INPUT_REQUIREMENTS.md,Final Invariants,161,Liquidity basis is explicit and cannot switch actual/proxy under one proof identity.,DD58DFD1834E2C16CBF9E458092A2F0102882C99,WS-B01,TBD,TBD,TBD,NOT_ASSESSED,NOT_ASSESSED,N/A,,
WS-S01-MD-R097,YES,WS-S01,DATA_CONTRACT,REQUIRED,MANDATORY,authority/strategy/WS_MARKET_DATA_INPUT_REQUIREMENTS.md,Final Invariants,162,Historical replay is exact/as-known and no-lookahead.,50803489F811BE2FCF5B62D1E289A864309655C3,WS-B01,TBD,TBD,TBD,NOT_ASSESSED,NOT_ASSESSED,N/A,,
WS-S01-MD-R098,YES,WS-S01,DATA_CONTRACT,REQUIRED,MANDATORY,authority/strategy/WS_MARKET_DATA_INPUT_REQUIREMENTS.md,Final Invariants,163,"Calendar, temporal universe/listing, board/status, and exchange market-structure facts are resolved point-in-time; current reference state is never back-projected.",79A95B5C01F3AD5343B5B2843C89671A51DFB70D,WS-B01,TBD,TBD,TBD,NOT_ASSESSED,NOT_ASSESSED,N/A,,
WS-S01-MD-R099,YES,WS-S01,DATA_CONTRACT,REQUIRED,MANDATORY,authority/strategy/WS_MARKET_DATA_INPUT_REQUIREMENTS.md,Final Invariants,164,"A benchmark/regime dependency that is not exposed by the selected producer contract is unavailable, never locally reconstructed.",A67444F34F85F6C6A4ED7E1A7FC1ED048E01EBC9,WS-B01,TBD,TBD,TBD,NOT_ASSESSED,NOT_ASSESSED,N/A,,
WS-S01-MD-R100,YES,WS-S01,DATA_CONTRACT,REQUIRED,CONDITIONAL_ACTIVE,authority/strategy/WS_MARKET_DATA_INPUT_REQUIREMENTS.md,Final Invariants,165,Optional CONFIRM does not create a hidden requirement for an intraday Market Data product.,2DEB74A2EA46897A3A4DEA55CE0489380CA60237,WS-B01,TBD,TBD,TBD,NOT_ASSESSED,NOT_ASSESSED,N/A,,
WS-S11-PROOF-R001,YES,WS-S11,PROOF_BEHAVIOR,REFERENCE_ONLY,MANDATORY,authority/strategy/WS_OOS_STRESS_SHADOW_AND_PRODUCTION_PROOF.md,Purpose,5,"Dokumen ini mengunci minimum proof bahwa frozen Weekly Swing strategy yang dipilih pada IS tetap menghasilkan qualified Top Picks dengan positive net edge, acceptable downside, dan useful ranking pada data OOS yang tidak dipakai untuk tuning.",691122F32DD9E744B5586026AFCFE89E39A64B67,WS-B12,N/A,N/A,N/A,N/A,REFERENCE_ONLY,N/A,,
WS-S11-PROOF-R002,YES,WS-S11,PROOF_BEHAVIOR,REFERENCE_ONLY,CONDITIONAL_ACTIVE,authority/strategy/WS_OOS_STRESS_SHADOW_AND_PRODUCTION_PROOF.md,Purpose,7,Core production proof membuktikan **final EOD Top Picks**. Optional D+1 CONFIRM mempunyai capability-specific proof terpisah dan tidak boleh menjadi dependency yang membuat core Top Picks gagal hanya karena decision-time data CONFIRM belum tersedia.,CBCAFFB97E47799E40178719E43135145849CEF5,WS-B12,N/A,N/A,N/A,N/A,REFERENCE_ONLY,N/A,,
WS-S11-PROOF-R003,YES,WS-S11,PROOF_BEHAVIOR,REFERENCE_ONLY,CONDITIONAL_ACTIVE,authority/strategy/WS_OOS_STRESS_SHADOW_AND_PRODUCTION_PROOF.md,Lifecycle Position,11,**Stages:** `WS-S08` untouched OOS → `WS-S09` adverse-friction stress → `WS-S10` core forward shadow (+ optional CONFIRM observation) → `WS-S11` production-use boundary.,7CB76BA331489B7277CA8F2E63A81814C28A0166,WS-B12,N/A,N/A,N/A,N/A,REFERENCE_ONLY,N/A,,
WS-S11-PROOF-R004,YES,WS-S11,PROOF_BEHAVIOR,REFERENCE_ONLY,MANDATORY,authority/strategy/WS_OOS_STRESS_SHADOW_AND_PRODUCTION_PROOF.md,Lifecycle Position,12,**Consumes:** exactly one frozen best-IS strategy identity.,BFA4E6F2A25D25212DC0E7A3E17A94050A6754F5,WS-B12,N/A,N/A,N/A,N/A,REFERENCE_ONLY,N/A,,
WS-S11-PROOF-R005,YES,WS-S11,PROOF_BEHAVIOR,REFERENCE_ONLY,CONDITIONAL_ACTIVE,authority/strategy/WS_OOS_STRESS_SHADOW_AND_PRODUCTION_PROOF.md,Lifecycle Position,13,"**Produces:** proof verdicts for the same material core strategy identity, plus optional CONFIRM capability proof status bila evidence tersedia.",31E12DADB1A4487076DFC8F409E682C1AF9A6820,WS-B12,N/A,N/A,N/A,N/A,REFERENCE_ONLY,N/A,,
WS-S11-PROOF-R006,YES,WS-S11,PROOF_BEHAVIOR,REFERENCE_ONLY,MANDATORY,authority/strategy/WS_OOS_STRESS_SHADOW_AND_PRODUCTION_PROOF.md,Lifecycle Position,14,**Terminal rule:** core production-use review membutuhkan seluruh required core proof stages PASS; CONFIRM availability bukan required core gate.,36494950C510AA553E7CC2D5FA7F8AABC7064944,WS-B12,N/A,N/A,N/A,N/A,REFERENCE_ONLY,N/A,,
WS-S08-PROOF-R001,YES,WS-S08,PROOF_BEHAVIOR,REQUIRED,MANDATORY,authority/strategy/WS_OOS_STRESS_SHADOW_AND_PRODUCTION_PROOF.md,Deterministic Split,18,"Evaluation menggunakan explicit chronological `(from_date, to_date)` range.",E6308EB67984EE678BD14A12529E093BBB62A5FC,WS-B10,TBD,TBD,TBD,NOT_ASSESSED,NOT_ASSESSED,N/A,,
WS-S08-PROOF-R002,YES,WS-S08,PROOF_BEHAVIOR,REFERENCE_ONLY,MANDATORY,authority/strategy/WS_OOS_STRESS_SHADOW_AND_PRODUCTION_PROOF.md,Deterministic Split,20,Canonical minimum split:,65C88567DA04525B2C2DA93530205F0D06D9CCD0,WS-B10,N/A,N/A,N/A,N/A,REFERENCE_ONLY,N/A,,
WS-S08-PROOF-R003,YES,WS-S08,PROOF_BEHAVIOR,REQUIRED,MANDATORY,authority/strategy/WS_OOS_STRESS_SHADOW_AND_PRODUCTION_PROOF.md,Deterministic Split,21,IS = 70% awal ordered trading dates;,79750F12DE989E371F259873E25B3E8A0C4E6916,WS-B10,TBD,TBD,TBD,NOT_ASSESSED,NOT_ASSESSED,N/A,,
WS-S08-PROOF-R004,YES,WS-S08,PROOF_BEHAVIOR,REQUIRED,MANDATORY,authority/strategy/WS_OOS_STRESS_SHADOW_AND_PRODUCTION_PROOF.md,Deterministic Split,22,OOS = 30% sisanya;,6FAACFF1EBF65F327F82C2DA733B3A3EB4A3E52D,WS-B10,TBD,TBD,TBD,NOT_ASSESSED,NOT_ASSESSED,N/A,,
WS-S08-PROOF-R005,YES,WS-S08,PROOF_BEHAVIOR,REQUIRED,MANDATORY,authority/strategy/WS_OOS_STRESS_SHADOW_AND_PRODUCTION_PROOF.md,Deterministic Split,23,"split berbasis waktu, bukan random.",BD0AD4E0DF415C4105FD5C9152A0F9B302DEBEEE,WS-B10,TBD,TBD,TBD,NOT_ASSESSED,NOT_ASSESSED,N/A,,
WS-S08-PROOF-R006,YES,WS-S08,PROOF_BEHAVIOR,REFERENCE_ONLY,MANDATORY,authority/strategy/WS_OOS_STRESS_SHADOW_AND_PRODUCTION_PROOF.md,Deterministic Split,25,Untuk `N` ordered trading dates:,6CD1CE1920E44D1B4C012039E07C224CC4897B46,WS-B10,N/A,N/A,N/A,N/A,REFERENCE_ONLY,N/A,,
WS-S08-PROOF-R007,YES,WS-S08,PROOF_BEHAVIOR,REQUIRED,MANDATORY,authority/strategy/WS_OOS_STRESS_SHADOW_AND_PRODUCTION_PROOF.md,Deterministic Split,26,`is_count = floor(0.70 * N)`;,792A6D26543D883B160B50F0AF56DA725DBFADB9,WS-B10,TBD,TBD,TBD,NOT_ASSESSED,NOT_ASSESSED,N/A,,
WS-S08-PROOF-R008,YES,WS-S08,PROOF_BEHAVIOR,REQUIRED,MANDATORY,authority/strategy/WS_OOS_STRESS_SHADOW_AND_PRODUCTION_PROOF.md,Deterministic Split,27,`oos_count = N - is_count`;,6B88CF56DEF20DC7B0E15A97121F398F279D46B7,WS-B10,TBD,TBD,TBD,NOT_ASSESSED,NOT_ASSESSED,N/A,,
WS-S08-PROOF-R009,YES,WS-S08,PROOF_BEHAVIOR,REQUIRED,MANDATORY,authority/strategy/WS_OOS_STRESS_SHADOW_AND_PRODUCTION_PROOF.md,Deterministic Split,28,IS adalah prefix;,C1161C475A76DAB80DD8480D143BC9B5ABF27BCB,WS-B10,TBD,TBD,TBD,NOT_ASSESSED,NOT_ASSESSED,N/A,,
WS-S08-PROOF-R010,YES,WS-S08,PROOF_BEHAVIOR,REQUIRED,MANDATORY,authority/strategy/WS_OOS_STRESS_SHADOW_AND_PRODUCTION_PROOF.md,Deterministic Split,29,OOS adalah untouched suffix;,7A46543129F1947D30A1B1BE0927D45EA354DDF5,WS-B10,TBD,TBD,TBD,NOT_ASSESSED,NOT_ASSESSED,N/A,,
WS-S08-PROOF-R031,YES,WS-S08,PROOF_BEHAVIOR,REQUIRED,MANDATORY,authority/strategy/WS_OOS_STRESS_SHADOW_AND_PRODUCTION_PROOF.md,Deterministic Split,30,"tidak boleh overlap, randomization, **undeclared/hidden gap**, atau post-result date removal; explicit predeclared purge interval untuk mencegah outcome-overlap leakage justru wajib diterapkan.",4224C498A73A2A5B23435B4281D75D41137747CF,WS-B10,TBD,TBD,TBD,NOT_ASSESSED,NOT_ASSESSED,N/A,,Added by D-WS-20260819-05 high-trust strategy strengthening.
WS-S08-PROOF-R032,YES,WS-S08,PROOF_BEHAVIOR,REQUIRED,MANDATORY,authority/strategy/WS_OOS_STRESS_SHADOW_AND_PRODUCTION_PROOF.md,Purged Boundary and OOS Contamination Control,34,Chronological split harus melindungi OOS dari IS outcome dependency.,D6B9F8FB18F8EC6ED67132B633BBBAEBDCD099CA,WS-B10,TBD,TBD,TBD,NOT_ASSESSED,NOT_ASSESSED,N/A,,Added by D-WS-20260819-05 high-trust strategy strengthening.
WS-S08-PROOF-R033,YES,WS-S08,PROOF_BEHAVIOR,REQUIRED,MANDATORY,authority/strategy/WS_OOS_STRESS_SHADOW_AND_PRODUCTION_PROOF.md,Purged Boundary and OOS Contamination Control,36,"Setelah nominal 70/30 boundary ditentukan, setiap IS recommendation yang maximum possible entry/exit/outcome dependency interval menyentuh atau melewati first OOS signal date harus **dipurge dari IS selection metrics**. Purge rule dihitung dari frozen maximum strategy horizon/execution dependency sebelum returns dibaca dan dicatat sebagai explicit split metadata; purge tidak menggeser atau mengecilkan protected OOS suffix setelah outcome terlihat.",3A046BA1F07CB9243A8BDA7A85630D3959FBE598,WS-B10,TBD,TBD,TBD,NOT_ASSESSED,NOT_ASSESSED,N/A,,Added by D-WS-20260819-05 high-trust strategy strengthening.
WS-S08-PROOF-R034,YES,WS-S08,PROOF_BEHAVIOR,REQUIRED,MANDATORY,authority/strategy/WS_OOS_STRESS_SHADOW_AND_PRODUCTION_PROOF.md,Purged Boundary and OOS Contamination Control,38,Protected OOS tidak boleh dipakai untuk:,A8EB0C4082BA3BA6314BBE3793791E156B57C39D,WS-B10,TBD,TBD,TBD,NOT_ASSESSED,NOT_ASSESSED,N/A,,Added by D-WS-20260819-05 high-trust strategy strengthening.
WS-S08-PROOF-R035,YES,WS-S08,PROOF_BEHAVIOR,REQUIRED,MANDATORY,authority/strategy/WS_OOS_STRESS_SHADOW_AND_PRODUCTION_PROOF.md,Purged Boundary and OOS Contamination Control,40,parameter selection;,9E0393A9FF092FB8A5F39D4617D61C2908200338,WS-B10,TBD,TBD,TBD,NOT_ASSESSED,NOT_ASSESSED,N/A,,Added by D-WS-20260819-05 high-trust strategy strengthening.
WS-S08-PROOF-R036,YES,WS-S08,PROOF_BEHAVIOR,REQUIRED,MANDATORY,authority/strategy/WS_OOS_STRESS_SHADOW_AND_PRODUCTION_PROOF.md,Purged Boundary and OOS Contamination Control,41,threshold/weight/feature choice;,4FB25AE35578BD173A9ACEA4BFC14F5441D08BAA,WS-B10,TBD,TBD,TBD,NOT_ASSESSED,NOT_ASSESSED,N/A,,Added by D-WS-20260819-05 high-trust strategy strengthening.
WS-S08-PROOF-R037,YES,WS-S08,PROOF_BEHAVIOR,REQUIRED,MANDATORY,authority/strategy/WS_OOS_STRESS_SHADOW_AND_PRODUCTION_PROOF.md,Purged Boundary and OOS Contamination Control,42,deciding which IS rule to keep/remove;,32EED23AAA1528E483A4919BD11A46C9AA0F6C29,WS-B10,TBD,TBD,TBD,NOT_ASSESSED,NOT_ASSESSED,N/A,,Added by D-WS-20260819-05 high-trust strategy strengthening.
WS-S08-PROOF-R038,YES,WS-S08,PROOF_BEHAVIOR,REQUIRED,MANDATORY,authority/strategy/WS_OOS_STRESS_SHADOW_AND_PRODUCTION_PROOF.md,Purged Boundary and OOS Contamination Control,43,debugging strategy quality dengan outcome-specific changes lalu dianggap masih untouched.,1F762D3BD21755551B4D468F8926026BFD6DC499,WS-B10,TBD,TBD,TBD,NOT_ASSESSED,NOT_ASSESSED,N/A,,Added by D-WS-20260819-05 high-trust strategy strengthening.
WS-S08-PROOF-R039,YES,WS-S08,PROOF_BEHAVIOR,REQUIRED,MANDATORY,authority/strategy/WS_OOS_STRESS_SHADOW_AND_PRODUCTION_PROOF.md,OOS Consumption / Burn Rule,47,"Saat first OOS performance result, trade-level outcome, summary, atau diagnostic yang dapat mengungkap strategy quality telah dibaca oleh research/implementation process, OOS identity tersebut menjadi **CONSUMED_OOS**.",377E20961D6662D1194035A936C3AADD1EB512E9,WS-B10,TBD,TBD,TBD,NOT_ASSESSED,NOT_ASSESSED,N/A,,Added by D-WS-20260819-05 high-trust strategy strengthening.
WS-S08-PROOF-R040,YES,WS-S08,PROOF_BEHAVIOR,REQUIRED,MANDATORY,authority/strategy/WS_OOS_STRESS_SHADOW_AND_PRODUCTION_PROOF.md,OOS Consumption / Burn Rule,49,"Jika setelah itu terjadi material strategy change, consumed OOS tetap historical validation evidence tetapi **tidak boleh disebut untouched OOS untuk identity baru**. Identity baru membutuhkan fresh untouched later holdout bila tersedia; jika tidak ada historical holdout yang benar-benar belum dilihat, fresh proof harus datang dari forward shadow/forward validation. Tidak boleh mereset label OOS hanya dengan mengganti campaign/paramset name.",4059114B31B0F49EC47ABFFE77326AA62304DD45,WS-B10,TBD,TBD,TBD,NOT_ASSESSED,NOT_ASSESSED,N/A,,Added by D-WS-20260819-05 high-trust strategy strengthening.
WS-S08-PROOF-R012,YES,WS-S08,PROOF_BEHAVIOR,REQUIRED,MANDATORY,authority/strategy/WS_OOS_STRESS_SHADOW_AND_PRODUCTION_PROOF.md,Prerequisite — Frozen IS Winner,55,Stage ini hanya boleh dimulai setelah `WS-S07` menghasilkan exactly one frozen best-IS strategy/paramset binding yang telah lulus seluruh IS acceptance floor.,D9773663E0AC35E651E9B70F13F787527134FDE2,WS-B10,TBD,TBD,TBD,NOT_ASSESSED,NOT_ASSESSED,N/A,,
WS-S08-PROOF-R013,YES,WS-S08,PROOF_BEHAVIOR,REQUIRED,MANDATORY,authority/strategy/WS_OOS_STRESS_SHADOW_AND_PRODUCTION_PROOF.md,Prerequisite — Frozen IS Winner,57,IS winner tidak boleh dipilih ulang setelah OOS suffix dibaca.,7E0B7991CE8C4E8E2831CE4A34184F09E388827F,WS-B10,TBD,TBD,TBD,NOT_ASSESSED,NOT_ASSESSED,N/A,,
WS-S08-PROOF-R014,YES,WS-S08,PROOF_BEHAVIOR,REQUIRED,MANDATORY,authority/strategy/WS_OOS_STRESS_SHADOW_AND_PRODUCTION_PROOF.md,Step 1 — Evaluate Frozen Binding on Untouched OOS (`WS-S08`),61,"replay exact frozen candidate eligibility, PLAN, final recommendation, entry/exit, dan baseline friction logic pada complete OOS suffix;",25DD9E6DB29E10F2CE6594B1F4A0C9FA15DCA475,WS-B10,TBD,TBD,TBD,NOT_ASSESSED,NOT_ASSESSED,N/A,,
WS-S08-PROOF-R015,YES,WS-S08,PROOF_BEHAVIOR,REQUIRED,MANDATORY,authority/strategy/WS_OOS_STRESS_SHADOW_AND_PRODUCTION_PROOF.md,Step 1 — Evaluate Frozen Binding on Untouched OOS (`WS-S08`),62,"tidak boleh retuning recommendation threshold, component transform, score weights, ranking rule, cost assumption, exit rule, atau parameter lain setelah OOS outcome dibaca;",DD822FA8440048389721649498FF28D5E6C32A3D,WS-B10,TBD,TBD,TBD,NOT_ASSESSED,NOT_ASSESSED,N/A,,
WS-S08-PROOF-R016,YES,WS-S08,PROOF_BEHAVIOR,REQUIRED,MANDATORY,authority/strategy/WS_OOS_STRESS_SHADOW_AND_PRODUCTION_PROOF.md,Step 1 — Evaluate Frozen Binding on Untouched OOS (`WS-S08`),63,hanya final Top Picks menjadi canonical evaluated trades.,0D4028DB3E052BD2767C8ED6B450A3C1EA4E684F,WS-B10,TBD,TBD,TBD,NOT_ASSESSED,NOT_ASSESSED,N/A,,
WS-S09-PROOF-R001,YES,WS-S09,PROOF_BEHAVIOR,REQUIRED,MANDATORY,authority/strategy/WS_OOS_STRESS_SHADOW_AND_PRODUCTION_PROOF.md,Step 2 — Adverse-Friction Stress (`WS-S09`),67,Exact frozen OOS recommendation set harus dievaluasi kembali dengan adverse transaction-cost/slippage profile yang lebih konservatif daripada baseline production profile.,14578177BE60274DFE58162412AFB829C23D7DC7,WS-B10,TBD,TBD,TBD,NOT_ASSESSED,NOT_ASSESSED,N/A,,
WS-S09-PROOF-R002,YES,WS-S09,PROOF_BEHAVIOR,REQUIRED,MANDATORY,authority/strategy/WS_OOS_STRESS_SHADOW_AND_PRODUCTION_PROOF.md,Step 2 — Adverse-Friction Stress (`WS-S09`),69,Stress evaluation tidak boleh mengubah recommendation membership atau rank; hanya execution-return outcome yang berubah.,27B171A6C86BD49A7B838852E075F3FF92C1072F,WS-B10,TBD,TBD,TBD,NOT_ASSESSED,NOT_ASSESSED,N/A,,
WS-S10-PROOF-R001,YES,WS-S10,PROOF_BEHAVIOR,REQUIRED,MANDATORY,authority/strategy/WS_OOS_STRESS_SHADOW_AND_PRODUCTION_PROOF.md,Step 3 — Core Forward Shadow (`WS-S10`),73,Strategy yang lulus OOS + stress harus menjalani forward shadow pada exact frozen strategy identity sebelum core production-use review.,78367EE5CA0732F6BC02CB5DFE1940449BC78CA4,WS-B11,TBD,TBD,TBD,NOT_ASSESSED,NOT_ASSESSED,N/A,,
WS-S10-PROOF-R002,YES,WS-S10,PROOF_BEHAVIOR,REFERENCE_ONLY,MANDATORY,authority/strategy/WS_OOS_STRESS_SHADOW_AND_PRODUCTION_PROOF.md,Step 3 — Core Forward Shadow (`WS-S10`),75,Required core shadow flow:,78AFB01A2AD978F8D3122394641CA0C2877F2D4A,WS-B11,N/A,N/A,N/A,N/A,REFERENCE_ONLY,N/A,,
WS-S10-PROOF-R003,YES,WS-S10,PROOF_BEHAVIOR,REQUIRED,MANDATORY,authority/strategy/WS_OOS_STRESS_SHADOW_AND_PRODUCTION_PROOF.md,Step 3 — Core Forward Shadow (`WS-S10`),77,`Market Data → PLAN → TOP PICKS → causal executable outcome`,3C970A849664C7A636B9443E3918A5A65F06F0CA,WS-B11,TBD,TBD,TBD,NOT_ASSESSED,NOT_ASSESSED,N/A,,
WS-S10-PROOF-R004,YES,WS-S10,PROOF_BEHAVIOR,REFERENCE_ONLY,MANDATORY,authority/strategy/WS_OOS_STRESS_SHADOW_AND_PRODUCTION_PROOF.md,Step 3 — Core Forward Shadow (`WS-S10`),79,Core shadow:,D92B083DE0024076A4A3A5DC7127F4225E7EF4DE,WS-B11,N/A,N/A,N/A,N/A,REFERENCE_ONLY,N/A,,
WS-S10-PROOF-R005,YES,WS-S10,PROOF_BEHAVIOR,REQUIRED,MANDATORY,authority/strategy/WS_OOS_STRESS_SHADOW_AND_PRODUCTION_PROOF.md,Step 3 — Core Forward Shadow (`WS-S10`),80,tidak melakukan transaksi otomatis;,B98CDCB8F08A47D495881DDF889F4BE0C164F6C1,WS-B11,TBD,TBD,TBD,NOT_ASSESSED,NOT_ASSESSED,N/A,,
WS-S10-PROOF-R006,YES,WS-S10,PROOF_BEHAVIOR,REQUIRED,MANDATORY,authority/strategy/WS_OOS_STRESS_SHADOW_AND_PRODUCTION_PROOF.md,Step 3 — Core Forward Shadow (`WS-S10`),81,hanya memakai data yang benar-benar tersedia pada waktunya;,139988B835D842529D33ACD3DC63597668BA8E03,WS-B11,TBD,TBD,TBD,NOT_ASSESSED,NOT_ASSESSED,N/A,,
WS-S10-PROOF-R007,YES,WS-S10,PROOF_BEHAVIOR,REQUIRED,MANDATORY,authority/strategy/WS_OOS_STRESS_SHADOW_AND_PRODUCTION_PROOF.md,Step 3 — Core Forward Shadow (`WS-S10`),82,tidak boleh retuning selama validation window;,BA82B67C96EA629D6C530CDD80B97BB107DC1CFC,WS-B11,TBD,TBD,TBD,NOT_ASSESSED,NOT_ASSESSED,N/A,,
WS-S10-PROOF-R008,YES,WS-S10,PROOF_BEHAVIOR,REQUIRED,MANDATORY,authority/strategy/WS_OOS_STRESS_SHADOW_AND_PRODUCTION_PROOF.md,Step 3 — Core Forward Shadow (`WS-S10`),83,merekam seluruh EOD Top Picks dan causal realized executable outcomes;,265065EECE4820A4B550C0C7114CCF8B36272728,WS-B11,TBD,TBD,TBD,NOT_ASSESSED,NOT_ASSESSED,N/A,,
WS-S10-PROOF-R009,YES,WS-S10,PROOF_BEHAVIOR,REQUIRED,MANDATORY,authority/strategy/WS_OOS_STRESS_SHADOW_AND_PRODUCTION_PROOF.md,Step 3 — Core Forward Shadow (`WS-S10`),84,membuktikan bahwa live-available EOD pipeline menghasilkan output yang sama secara deterministic tanpa future leakage;,055A0C523CB75A14BE33291525F4B83F84454847,WS-B11,TBD,TBD,TBD,NOT_ASSESSED,NOT_ASSESSED,N/A,,
WS-S10-PROOF-R010,YES,WS-S10,PROOF_BEHAVIOR,REQUIRED,MANDATORY,authority/strategy/WS_OOS_STRESS_SHADOW_AND_PRODUCTION_PROOF.md,Step 3 — Core Forward Shadow (`WS-S10`),85,tidak bergantung pada ketersediaan CONFIRM.,8B98E11AA34270C63F6F11438B676FF98A100D45,WS-B11,TBD,TBD,TBD,NOT_ASSESSED,NOT_ASSESSED,N/A,,
WS-S10-PROOF-R011,YES,WS-S10,PROOF_BEHAVIOR,REQUIRED,CONDITIONAL_ACTIVE,authority/strategy/WS_OOS_STRESS_SHADOW_AND_PRODUCTION_PROOF.md,Step 3 — Core Forward Shadow (`WS-S10`),87,"Minimum core shadow duration adalah **40 trading days** dan tidak boleh dipersingkat setelah outcome terlihat. Minimum core Top-Pick observation untuk acceptance adalah `top_picks_count_shadow >= 20`. Jika sample belum tercapai setelah 40 trading days, core shadow harus diperpanjang; kekurangan required core sample tidak boleh dianggap PASS.",673ADD302CFE32826C7E049C4DE322C90E7ED247,WS-B11,TBD,TBD,TBD,NOT_ASSESSED,NOT_ASSESSED,N/A,,
WS-S10-PROOF-R012,YES,WS-S10,PROOF_BEHAVIOR,REFERENCE_ONLY,OPTIONAL_CAPABILITY,authority/strategy/WS_OOS_STRESS_SHADOW_AND_PRODUCTION_PROOF.md,Optional CONFIRM Observation During Shadow,91,"Bila valid D+1 decision-time data tersedia, shadow **boleh dan sebaiknya** merekam optional CONFIRM branch:",BC73A9D4813F13465117E402D369DDCDD82A9C97,WS-B11,N/A,N/A,N/A,N/A,REFERENCE_ONLY,N/A,,
WS-S10-PROOF-R013,YES,WS-S10,PROOF_BEHAVIOR,REQUIRED,OPTIONAL_CAPABILITY,authority/strategy/WS_OOS_STRESS_SHADOW_AND_PRODUCTION_PROOF.md,Optional CONFIRM Observation During Shadow,93,`TOP PICK → CONFIRM → ACTIONABLE / NOT_ACTIONABLE`,53E726357A36436AB23F6568E92F4E951C4786B7,WS-B11,TBD,TBD,TBD,NOT_ASSESSED,OPTIONAL_NOT_REQUESTED,N/A,,
WS-S10-PROOF-R014,YES,WS-S10,PROOF_BEHAVIOR,REFERENCE_ONLY,OPTIONAL_CAPABILITY,authority/strategy/WS_OOS_STRESS_SHADOW_AND_PRODUCTION_PROOF.md,Optional CONFIRM Observation During Shadow,95,Canonical handling:,378FAB3BC7DDFE2CC4475AA4FF5956275DFEB2E5,WS-B11,N/A,N/A,N/A,N/A,REFERENCE_ONLY,N/A,,
WS-S10-PROOF-R015,YES,WS-S10,PROOF_BEHAVIOR,REQUIRED,OPTIONAL_CAPABILITY,authority/strategy/WS_OOS_STRESS_SHADOW_AND_PRODUCTION_PROOF.md,Optional CONFIRM Observation During Shadow,96,valid CONFIRM data tersedia → evaluate active gates;,D657364BEEA2E2870881BAEFCB92AD600371CE35,WS-B11,TBD,TBD,TBD,NOT_ASSESSED,OPTIONAL_NOT_REQUESTED,N/A,,
WS-S10-PROOF-R016,YES,WS-S10,PROOF_BEHAVIOR,REQUIRED,OPTIONAL_CAPABILITY,authority/strategy/WS_OOS_STRESS_SHADOW_AND_PRODUCTION_PROOF.md,Optional CONFIRM Observation During Shadow,97,data belum tersedia/stale/incomplete → `UNAVAILABLE_RETRYABLE` dan core shadow tetap berjalan;,591C577F4B618096A2453738AF207BEBF28D2D8B,WS-B11,TBD,TBD,TBD,NOT_ASSESSED,OPTIONAL_NOT_REQUESTED,N/A,,
WS-S10-PROOF-R017,YES,WS-S10,PROOF_BEHAVIOR,REQUIRED,OPTIONAL_CAPABILITY,authority/strategy/WS_OOS_STRESS_SHADOW_AND_PRODUCTION_PROOF.md,Optional CONFIRM Observation During Shadow,98,valid data datang kemudian saat entry window masih terbuka → CONFIRM boleh dievaluasi ulang;,EBE2B079CD0326835B64323E212AC2DC7626B546,WS-B11,TBD,TBD,TBD,NOT_ASSESSED,OPTIONAL_NOT_REQUESTED,N/A,,
WS-S10-PROOF-R018,YES,WS-S10,PROOF_BEHAVIOR,REQUIRED,OPTIONAL_CAPABILITY,authority/strategy/WS_OOS_STRESS_SHADOW_AND_PRODUCTION_PROOF.md,Optional CONFIRM Observation During Shadow,99,entry window berakhir tanpa valid evaluation → `EXPIRED_UNCONFIRMED`;,C2E569A50D67F8DA29DBFDFC24E1DCA7CC790C90,WS-B11,TBD,TBD,TBD,NOT_ASSESSED,OPTIONAL_NOT_REQUESTED,N/A,,
WS-S10-PROOF-R019,YES,WS-S10,PROOF_BEHAVIOR,REQUIRED,OPTIONAL_CAPABILITY,authority/strategy/WS_OOS_STRESS_SHADOW_AND_PRODUCTION_PROOF.md,Optional CONFIRM Observation During Shadow,100,tidak boleh membuat synthetic/default PASS atau synthetic `NOT_ACTIONABLE` dari missing data.,218453A76DC48D5581DB617C6B595CCD2AA5266F,WS-B11,TBD,TBD,TBD,NOT_ASSESSED,OPTIONAL_NOT_REQUESTED,N/A,,
WS-S10-PROOF-R020,YES,WS-S10,PROOF_BEHAVIOR,REQUIRED,OPTIONAL_CAPABILITY,authority/strategy/WS_OOS_STRESS_SHADOW_AND_PRODUCTION_PROOF.md,Optional CONFIRM Observation During Shadow,102,"Jika CONFIRM capability ingin dinyatakan **proven**, minimum evaluated CONFIRM sample adalah `confirm_evaluated_picks_count_shadow >= 20` dan hanya observation dengan valid decision-time data yang masuk denominator capability proof. Jika sample tidak cukup, status adalah `CONFIRM_EVIDENCE_INSUFFICIENT`, bukan core shadow FAIL.",8C3D539F95B6FB77ED72AB88F9EBB825CE44F874,WS-B11,TBD,TBD,TBD,NOT_ASSESSED,OPTIONAL_NOT_REQUESTED,N/A,,
WS-S10-PROOF-R021,YES,WS-S10,PROOF_BEHAVIOR,REQUIRED,OPTIONAL_CAPABILITY,authority/strategy/WS_OOS_STRESS_SHADOW_AND_PRODUCTION_PROOF.md,Optional CONFIRM Observation During Shadow,104,"Untuk `ACTIONABLE` outcome, causal executable entry price harus tersedia **pada atau setelah CONFIRM timestamp**. Earlier D+1 open tidak boleh dipakai sebagai synthetic fill bila CONFIRM terjadi kemudian.",0DD42FDC4CF27A3D587959F6BA0AF62E58EBB0D2,WS-B11,TBD,TBD,TBD,NOT_ASSESSED,OPTIONAL_NOT_REQUESTED,N/A,,
WS-S08-PROOF-R041,YES,WS-S08,PROOF_BEHAVIOR,REQUIRED,MANDATORY,authority/strategy/WS_OOS_STRESS_SHADOW_AND_PRODUCTION_PROOF.md,Operational and Capacity Proof Requirements,108,OOS/shadow production proof harus mengikat:,6D7575A58DF871D407E61B03A6B1C6CA1BED0B05,WS-B10,TBD,TBD,TBD,NOT_ASSESSED,NOT_ASSESSED,N/A,,Added by D-WS-20260819-05 high-trust strategy strengthening.
WS-S08-PROOF-R042,YES,WS-S08,PROOF_BEHAVIOR,REQUIRED,MANDATORY,authority/strategy/WS_OOS_STRESS_SHADOW_AND_PRODUCTION_PROOF.md,Operational and Capacity Proof Requirements,110,`recommendation_available_at` dan minimum 30-minute decision lead-time compliance untuk canonical D+1 open claim;,68352B3630834090AA59682B562F72241CEEC339,WS-B10,TBD,TBD,TBD,NOT_ASSESSED,NOT_ASSESSED,N/A,,Added by D-WS-20260819-05 high-trust strategy strengthening.
WS-S08-PROOF-R043,YES,WS-S08,PROOF_BEHAVIOR,REQUIRED,MANDATORY,authority/strategy/WS_OOS_STRESS_SHADOW_AND_PRODUCTION_PROOF.md,Operational and Capacity Proof Requirements,111,frozen `reference_order_notional_idr` dan `max_adv20_participation_rate`;,70B17198E6D6D9455F0AECFF68AE57C5FD5C6950,WS-B10,TBD,TBD,TBD,NOT_ASSESSED,NOT_ASSESSED,N/A,,Added by D-WS-20260819-05 high-trust strategy strengthening.
WS-S08-PROOF-R044,YES,WS-S08,PROOF_BEHAVIOR,REQUIRED,MANDATORY,authority/strategy/WS_OOS_STRESS_SHADOW_AND_PRODUCTION_PROOF.md,Operational and Capacity Proof Requirements,112,supported notional/capacity headroom per Top Pick;,EBAEB93ED1BFF17C435FFA28DCCDBD372A6D27CC,WS-B10,TBD,TBD,TBD,NOT_ASSESSED,NOT_ASSESSED,N/A,,Added by D-WS-20260819-05 high-trust strategy strengthening.
WS-S08-PROOF-R045,YES,WS-S08,PROOF_BEHAVIOR,REQUIRED,MANDATORY,authority/strategy/WS_OOS_STRESS_SHADOW_AND_PRODUCTION_PROOF.md,Operational and Capacity Proof Requirements,113,"count of late publications, pre-entry non-executable trades, post-entry delayed exits, dan unresolved exposures.",66D6442D04EE542E53D0DB1715EF3FA3580ED0E9,WS-B10,TBD,TBD,TBD,NOT_ASSESSED,NOT_ASSESSED,N/A,,Added by D-WS-20260819-05 high-trust strategy strengthening.
WS-S08-PROOF-R046,YES,WS-S08,PROOF_BEHAVIOR,REQUIRED,MANDATORY,authority/strategy/WS_OOS_STRESS_SHADOW_AND_PRODUCTION_PROOF.md,Operational and Capacity Proof Requirements,115,"Recommendation selection/rank tetap capital-independent, tetapi production-use proof gagal bila reference notional yang dideklarasikan tidak dapat dieksekusi secara konsisten dengan frozen liquidity/participation assumptions.",1BA042DE09634C4E40C85B7589566B5C697D8D37,WS-B10,TBD,TBD,TBD,NOT_ASSESSED,NOT_ASSESSED,N/A,,Added by D-WS-20260819-05 high-trust strategy strengthening.
WS-S08-PROOF-R017,YES,WS-S08,PROOF_BEHAVIOR,REQUIRED,MANDATORY,authority/strategy/WS_OOS_STRESS_SHADOW_AND_PRODUCTION_PROOF.md,OOS Acceptance Criteria,119,Seluruh kriteria berikut wajib lulus untuk core strategy.,2D8EB0AAE0C484661C8A9F9230E95E64EF9EBB84,WS-B10,TBD,TBD,TBD,NOT_ASSESSED,NOT_ASSESSED,N/A,,
WS-S08-PROOF-R018,YES,WS-S08,PROOF_BEHAVIOR,REFERENCE_ONLY,MANDATORY,authority/strategy/WS_OOS_STRESS_SHADOW_AND_PRODUCTION_PROOF.md,A. Sample sufficiency,123,Untuk default 2-year 70/30 baseline:,4F2F0DAA79DE9B1E7AD961B12FE1E2927AC02791,WS-B10,N/A,N/A,N/A,N/A,REFERENCE_ONLY,N/A,,
WS-S08-PROOF-R019,YES,WS-S08,PROOF_BEHAVIOR,REQUIRED,MANDATORY,authority/strategy/WS_OOS_STRESS_SHADOW_AND_PRODUCTION_PROOF.md,A. Sample sufficiency,124,`picks_count_oos >= 40`;,342AEC853A04285359757533447842BF0B3F67CF,WS-B10,TBD,TBD,TBD,NOT_ASSESSED,NOT_ASSESSED,N/A,,
WS-S08-PROOF-R020,YES,WS-S08,PROOF_BEHAVIOR,REQUIRED,MANDATORY,authority/strategy/WS_OOS_STRESS_SHADOW_AND_PRODUCTION_PROOF.md,A. Sample sufficiency,125,`recommendation_days_oos >= 20`.,2C051DD0BCBC2821A0219D3D68AF2F4052EE335B,WS-B10,TBD,TBD,TBD,NOT_ASSESSED,NOT_ASSESSED,N/A,,
WS-S08-PROOF-R021,YES,WS-S08,PROOF_BEHAVIOR,REQUIRED,CONDITIONAL_ACTIVE,authority/strategy/WS_OOS_STRESS_SHADOW_AND_PRODUCTION_PROOF.md,A. Sample sufficiency,127,"Jika sample tidak cukup, status adalah **INSUFFICIENT OOS EVIDENCE**, bukan PASS.",771A9B65C4058E40AEB7D1FEED6CDCA111DFAD36,WS-B10,TBD,TBD,TBD,NOT_ASSESSED,NOT_ASSESSED,N/A,,
WS-S08-PROOF-R022,YES,WS-S08,PROOF_BEHAVIOR,REQUIRED,MANDATORY,authority/strategy/WS_OOS_STRESS_SHADOW_AND_PRODUCTION_PROOF.md,B. Robust net return,131,`avg_ret_net_top_oos > 0`;,56A513515DD156AA410D6D53FB11E69A01D0A084,WS-B10,TBD,TBD,TBD,NOT_ASSESSED,NOT_ASSESSED,N/A,,
WS-S08-PROOF-R023,YES,WS-S08,PROOF_BEHAVIOR,REQUIRED,MANDATORY,authority/strategy/WS_OOS_STRESS_SHADOW_AND_PRODUCTION_PROOF.md,B. Robust net return,132,`median_ret_net_top_oos >= 0`.,B26EE78FC087A0BAE1DBB5B56011B358A6420F25,WS-B10,TBD,TBD,TBD,NOT_ASSESSED,NOT_ASSESSED,N/A,,
WS-S08-PROOF-R024,YES,WS-S08,PROOF_BEHAVIOR,REQUIRED,MANDATORY,authority/strategy/WS_OOS_STRESS_SHADOW_AND_PRODUCTION_PROOF.md,C. Period stability,136,`month_win_rate_min_oos >= 0.45`;,9EBC0FD6E9C0CCB63F43D35D25C78BD1E5E5B878,WS-B10,TBD,TBD,TBD,NOT_ASSESSED,NOT_ASSESSED,N/A,,
WS-S08-PROOF-R025,YES,WS-S08,PROOF_BEHAVIOR,REQUIRED,MANDATORY,authority/strategy/WS_OOS_STRESS_SHADOW_AND_PRODUCTION_PROOF.md,C. Period stability,137,`month_avg_ret_net_min_oos >= -0.01`.,532DCB71ABA1C8B6E3031032379388AC06DFE088,WS-B10,TBD,TBD,TBD,NOT_ASSESSED,NOT_ASSESSED,N/A,,
WS-S08-PROOF-R026,YES,WS-S08,PROOF_BEHAVIOR,REQUIRED,MANDATORY,authority/strategy/WS_OOS_STRESS_SHADOW_AND_PRODUCTION_PROOF.md,D. Downside bound,141,`p25_ret_net_top_oos >= -0.03`.,89C10D44D0AA41FE687B70742AE4D3CCD635C179,WS-B10,TBD,TBD,TBD,NOT_ASSESSED,NOT_ASSESSED,N/A,,
WS-S08-PROOF-R027,YES,WS-S08,PROOF_BEHAVIOR,REQUIRED,MANDATORY,authority/strategy/WS_OOS_STRESS_SHADOW_AND_PRODUCTION_PROOF.md,E. Ranking usefulness,145,`avg_ret_net_rank1_oos > 0`;,494E6096F728C0E22E4DFF57074CC1A8C207367A,WS-B10,TBD,TBD,TBD,NOT_ASSESSED,NOT_ASSESSED,N/A,,
WS-S08-PROOF-R028,YES,WS-S08,PROOF_BEHAVIOR,REQUIRED,MANDATORY,authority/strategy/WS_OOS_STRESS_SHADOW_AND_PRODUCTION_PROOF.md,E. Ranking usefulness,146,`median_ret_net_rank1_oos >= 0`;,E40F12717924FE90F84BC5EBF13F04B8B4AEA21F,WS-B10,TBD,TBD,TBD,NOT_ASSESSED,NOT_ASSESSED,N/A,,
WS-S08-PROOF-R029,YES,WS-S08,PROOF_BEHAVIOR,REQUIRED,MANDATORY,authority/strategy/WS_OOS_STRESS_SHADOW_AND_PRODUCTION_PROOF.md,E. Ranking usefulness,147,score-vs-return rank correlation OOS **MUST NOT** negatif;,BBD75AF44E82A990DF4E6FBA77B50052A9F95357,WS-B10,TBD,TBD,TBD,NOT_ASSESSED,NOT_ASSESSED,N/A,,
WS-S08-PROOF-R030,YES,WS-S08,PROOF_BEHAVIOR,REQUIRED,MANDATORY,authority/strategy/WS_OOS_STRESS_SHADOW_AND_PRODUCTION_PROOF.md,E. Ranking usefulness,148,higher-ranked bucket tidak boleh menunjukkan persistent inversion terhadap lower-ranked bucket.,177E0778EBBD7857ED6E938496857F5679DE715F,WS-B10,TBD,TBD,TBD,NOT_ASSESSED,NOT_ASSESSED,N/A,,
WS-S08-PROOF-R047,YES,WS-S08,PROOF_BEHAVIOR,REQUIRED,MANDATORY,authority/strategy/WS_OOS_STRESS_SHADOW_AND_PRODUCTION_PROOF.md,"E1. Statistical confidence, economic significance, benchmark, and Top-K",152,`avg_ret_net_top_oos >= 0.0025`;,C938431DAE43A2914D2EB46817ADF09CB192F3D0,WS-B10,TBD,TBD,TBD,NOT_ASSESSED,NOT_ASSESSED,N/A,,Added by D-WS-20260819-05 high-trust strategy strengthening.
WS-S08-PROOF-R048,YES,WS-S08,PROOF_BEHAVIOR,REQUIRED,MANDATORY,authority/strategy/WS_OOS_STRESS_SHADOW_AND_PRODUCTION_PROOF.md,"E1. Statistical confidence, economic significance, benchmark, and Top-K",153,`lower_95ci_avg_ret_net_top_oos > 0` using date-clustered/block bootstrap;,ABDCD2A5CDC6EB2C5494F6EDA8644EBBAEE33C40,WS-B10,TBD,TBD,TBD,NOT_ASSESSED,NOT_ASSESSED,N/A,,Added by D-WS-20260819-05 high-trust strategy strengthening.
WS-S08-PROOF-R049,YES,WS-S08,PROOF_BEHAVIOR,REQUIRED,MANDATORY,authority/strategy/WS_OOS_STRESS_SHADOW_AND_PRODUCTION_PROOF.md,"E1. Statistical confidence, economic significance, benchmark, and Top-K",154,`avg_excess_ret_vs_ihsg_oos > 0` and `lower_95ci_avg_excess_ret_vs_ihsg_oos > 0` when required benchmark input is available;,14C21D81A4791E3C736DBEC5B786F4D0896DFA7D,WS-B10,TBD,TBD,TBD,NOT_ASSESSED,NOT_ASSESSED,N/A,,Added by D-WS-20260819-05 high-trust strategy strengthening.
WS-S08-PROOF-R050,YES,WS-S08,PROOF_BEHAVIOR,REQUIRED,MANDATORY,authority/strategy/WS_OOS_STRESS_SHADOW_AND_PRODUCTION_PROOF.md,"E1. Statistical confidence, economic significance, benchmark, and Top-K",155,`avg_selection_uplift_vs_eligible_universe_oos > 0`;,BA223325E9C66FB3EC2A276160FE6AA19137630A,WS-B10,TBD,TBD,TBD,NOT_ASSESSED,NOT_ASSESSED,N/A,,Added by D-WS-20260819-05 high-trust strategy strengthening.
WS-S08-PROOF-R051,YES,WS-S08,PROOF_BEHAVIOR,REQUIRED,CONDITIONAL_ACTIVE,authority/strategy/WS_OOS_STRESS_SHADOW_AND_PRODUCTION_PROOF.md,"E1. Statistical confidence, economic significance, benchmark, and Top-K",156,"Top-1, Top-3, and Top-5 average net return must be positive when their minimum sample is available;",8CF032B522020D6F64E519208F0743C4009309A9,WS-B10,TBD,TBD,TBD,NOT_ASSESSED,NOT_ASSESSED,N/A,,Added by D-WS-20260819-05 high-trust strategy strengthening.
WS-S08-PROOF-R052,YES,WS-S08,PROOF_BEHAVIOR,REQUIRED,MANDATORY,authority/strategy/WS_OOS_STRESS_SHADOW_AND_PRODUCTION_PROOF.md,"E1. Statistical confidence, economic significance, benchmark, and Top-K",157,Top-1/Top-3 must not show persistent underperformance versus `ALL_QUALIFIED`;,DF37619D2EFB6431306181995E0BD8168CCC75EF,WS-B10,TBD,TBD,TBD,NOT_ASSESSED,NOT_ASSESSED,N/A,,Added by D-WS-20260819-05 high-trust strategy strengthening.
WS-S08-PROOF-R053,YES,WS-S08,PROOF_BEHAVIOR,REQUIRED,MANDATORY,authority/strategy/WS_OOS_STRESS_SHADOW_AND_PRODUCTION_PROOF.md,"E1. Statistical confidence, economic significance, benchmark, and Top-K",158,OOS must not show material contradiction to IS multiple-testing/plateau robustness conclusion.,FE54C82E9612893AD54989A4CEA2FBAA923DFFF9,WS-B10,TBD,TBD,TBD,NOT_ASSESSED,NOT_ASSESSED,N/A,,Added by D-WS-20260819-05 high-trust strategy strengthening.
WS-S08-PROOF-R054,YES,WS-S08,PROOF_BEHAVIOR,REQUIRED,MANDATORY,authority/strategy/WS_OOS_STRESS_SHADOW_AND_PRODUCTION_PROOF.md,E2. Tail-risk and execution-risk acceptance,162,`p05_ret_net_top_oos >= -0.08`;,9717B0EC680DEB05C70F9EFA87B56AFAFEB6824C,WS-B10,TBD,TBD,TBD,NOT_ASSESSED,NOT_ASSESSED,N/A,,Added by D-WS-20260819-05 high-trust strategy strengthening.
WS-S08-PROOF-R055,YES,WS-S08,PROOF_BEHAVIOR,REQUIRED,MANDATORY,authority/strategy/WS_OOS_STRESS_SHADOW_AND_PRODUCTION_PROOF.md,E2. Tail-risk and execution-risk acceptance,163,`expected_shortfall_05_ret_net_top_oos >= -0.10`;,8E31966C4CCB759140E1E1EAE3733AB0742F821A,WS-B10,TBD,TBD,TBD,NOT_ASSESSED,NOT_ASSESSED,N/A,,Added by D-WS-20260819-05 high-trust strategy strengthening.
WS-S08-PROOF-R056,YES,WS-S08,PROOF_BEHAVIOR,REQUIRED,MANDATORY,authority/strategy/WS_OOS_STRESS_SHADOW_AND_PRODUCTION_PROOF.md,E2. Tail-risk and execution-risk acceptance,164,date-level equal-reference-notional `max_drawdown_oos <= 0.20`;,8BA4534E4BB3E7F66AE659F8D71CF8CDFBCA042D,WS-B10,TBD,TBD,TBD,NOT_ASSESSED,NOT_ASSESSED,N/A,,Added by D-WS-20260819-05 high-trust strategy strengthening.
WS-S08-PROOF-R057,YES,WS-S08,PROOF_BEHAVIOR,REQUIRED,MANDATORY,authority/strategy/WS_OOS_STRESS_SHADOW_AND_PRODUCTION_PROOF.md,E2. Tail-risk and execution-risk acceptance,165,all post-entry non-executable exposures remain counted; none may be skipped from return distribution;,C931312C937A99A98C9034EB15A01AB3DA76DACF,WS-B10,TBD,TBD,TBD,NOT_ASSESSED,NOT_ASSESSED,N/A,,Added by D-WS-20260819-05 high-trust strategy strengthening.
WS-S08-PROOF-R058,YES,WS-S08,PROOF_BEHAVIOR,REQUIRED,MANDATORY,authority/strategy/WS_OOS_STRESS_SHADOW_AND_PRODUCTION_PROOF.md,E2. Tail-risk and execution-risk acceptance,166,unresolved post-entry exposure must use conservative terminal-loss treatment and any material concentration triggers FAIL/review rather than sample deletion;,EF42FB98DA738557939E10883BCA6A0BC1F1F8AF,WS-B10,TBD,TBD,TBD,NOT_ASSESSED,NOT_ASSESSED,N/A,,Added by D-WS-20260819-05 high-trust strategy strengthening.
WS-S08-PROOF-R059,YES,WS-S08,PROOF_BEHAVIOR,REQUIRED,MANDATORY,authority/strategy/WS_OOS_STRESS_SHADOW_AND_PRODUCTION_PROOF.md,E2. Tail-risk and execution-risk acceptance,167,"MAE, loss-streak, exit-delay, and capacity metrics must not show material breakdown versus frozen IS risk profile.",E56296845A16A4A59E1F0ADC35E9F3A42A180E93,WS-B10,TBD,TBD,TBD,NOT_ASSESSED,NOT_ASSESSED,N/A,,Added by D-WS-20260819-05 high-trust strategy strengthening.
WS-S09-PROOF-R003,YES,WS-S09,PROOF_BEHAVIOR,REFERENCE_ONLY,MANDATORY,authority/strategy/WS_OOS_STRESS_SHADOW_AND_PRODUCTION_PROOF.md,F. Adverse-friction robustness,171,Pada stress profile:,A8C42367484E2AA1A70FD45168BA76BC445BE823,WS-B10,N/A,N/A,N/A,N/A,REFERENCE_ONLY,N/A,,
WS-S09-PROOF-R004,YES,WS-S09,PROOF_BEHAVIOR,REQUIRED,MANDATORY,authority/strategy/WS_OOS_STRESS_SHADOW_AND_PRODUCTION_PROOF.md,F. Adverse-friction robustness,172,`avg_ret_net_top_oos_stress > 0`;,609F7A1D25503D5CB8018F74462CF8C424FFB81C,WS-B10,TBD,TBD,TBD,NOT_ASSESSED,NOT_ASSESSED,N/A,,
WS-S09-PROOF-R005,YES,WS-S09,PROOF_BEHAVIOR,REQUIRED,MANDATORY,authority/strategy/WS_OOS_STRESS_SHADOW_AND_PRODUCTION_PROOF.md,F. Adverse-friction robustness,173,`median_ret_net_top_oos_stress >= 0`.,1B48BF4FC767FCD088131978CFA18D58B9370C9C,WS-B10,TBD,TBD,TBD,NOT_ASSESSED,NOT_ASSESSED,N/A,,
WS-S09-PROOF-R006,YES,WS-S09,PROOF_BEHAVIOR,REQUIRED,CONDITIONAL_ACTIVE,authority/strategy/WS_OOS_STRESS_SHADOW_AND_PRODUCTION_PROOF.md,F. Adverse-friction robustness,175,"Jika edge hilang pada realistic adverse friction, strategy belum layak digunakan sebagai production Top Picks walaupun zero/low-friction backtest terlihat positif.",E81E09DFBE85EBDBDC3A655DABCCD1E5156A310D,WS-B10,TBD,TBD,TBD,NOT_ASSESSED,NOT_ASSESSED,N/A,,
WS-S10-PROOF-R022,YES,WS-S10,PROOF_BEHAVIOR,REFERENCE_ONLY,MANDATORY,authority/strategy/WS_OOS_STRESS_SHADOW_AND_PRODUCTION_PROOF.md,Core Shadow Acceptance,179,Core forward shadow harus membuktikan:,EE7F09189E179EC11F9E104084251013C4155953,WS-B11,N/A,N/A,N/A,N/A,REFERENCE_ONLY,N/A,,
WS-S10-PROOF-R023,YES,WS-S10,PROOF_BEHAVIOR,REQUIRED,MANDATORY,authority/strategy/WS_OOS_STRESS_SHADOW_AND_PRODUCTION_PROOF.md,Core Shadow Acceptance,180,strategy menghasilkan recommendation secara reproducible dari live-available EOD information;,666F9AFFB8D44FCD9F4275634430F6422EBE0561,WS-B11,TBD,TBD,TBD,NOT_ASSESSED,NOT_ASSESSED,N/A,,
WS-S10-PROOF-R024,YES,WS-S10,PROOF_BEHAVIOR,REQUIRED,MANDATORY,authority/strategy/WS_OOS_STRESS_SHADOW_AND_PRODUCTION_PROOF.md,Core Shadow Acceptance,181,no future leakage;,1055155690C2C646B73529ECDC0D63110354E94A,WS-B11,TBD,TBD,TBD,NOT_ASSESSED,NOT_ASSESSED,N/A,,
WS-S10-PROOF-R025,YES,WS-S10,PROOF_BEHAVIOR,REQUIRED,MANDATORY,authority/strategy/WS_OOS_STRESS_SHADOW_AND_PRODUCTION_PROOF.md,Core Shadow Acceptance,182,recommendation count tetap quality-driven dan dapat nol;,7ED504686A21F59B2DB1C59057EB43B1082A8DF6,WS-B11,TBD,TBD,TBD,NOT_ASSESSED,NOT_ASSESSED,N/A,,
WS-S10-PROOF-R026,YES,WS-S10,PROOF_BEHAVIOR,REQUIRED,MANDATORY,authority/strategy/WS_OOS_STRESS_SHADOW_AND_PRODUCTION_PROOF.md,Core Shadow Acceptance,183,`top_picks_count_shadow >= 20`;,E7AADFD93C6295535102F8510E754B1B6F6198F4,WS-B11,TBD,TBD,TBD,NOT_ASSESSED,NOT_ASSESSED,N/A,,
WS-S10-PROOF-R027,YES,WS-S10,PROOF_BEHAVIOR,REQUIRED,MANDATORY,authority/strategy/WS_OOS_STRESS_SHADOW_AND_PRODUCTION_PROOF.md,Core Shadow Acceptance,184,realized Top-Pick outcomes dapat dihitung secara causal menggunakan exact frozen entry/exit/friction identity;,A99105191B94069B47DEA10002F2B7A3E030EA6F,WS-B11,TBD,TBD,TBD,NOT_ASSESSED,NOT_ASSESSED,N/A,,
WS-S10-PROOF-R028,YES,WS-S10,PROOF_BEHAVIOR,REQUIRED,MANDATORY,authority/strategy/WS_OOS_STRESS_SHADOW_AND_PRODUCTION_PROOF.md,Core Shadow Acceptance,185,aggregate/ranking behavior tidak menunjukkan material breakdown terhadap OOS expectation;,92225EF6B4FCA333565DB876A56AE300A3C66711,WS-B11,TBD,TBD,TBD,NOT_ASSESSED,NOT_ASSESSED,N/A,,
WS-S10-PROOF-R029,YES,WS-S10,PROOF_BEHAVIOR,REQUIRED,MANDATORY,authority/strategy/WS_OOS_STRESS_SHADOW_AND_PRODUCTION_PROOF.md,Core Shadow Acceptance,186,ranking tidak menunjukkan systematic inversion baru;,EE0636FD257B116EC93102B183BD71DD12652CFA,WS-B11,TBD,TBD,TBD,NOT_ASSESSED,NOT_ASSESSED,N/A,,
WS-S10-PROOF-R030,YES,WS-S10,PROOF_BEHAVIOR,REQUIRED,MANDATORY,authority/strategy/WS_OOS_STRESS_SHADOW_AND_PRODUCTION_PROOF.md,Core Shadow Acceptance,187,no-trade outcome diterima tanpa fallback candidate.,C433D9FA10BD5A945DC3504F9BA1E7C79FB5AAFB,WS-B11,TBD,TBD,TBD,NOT_ASSESSED,NOT_ASSESSED,N/A,,
WS-S10-PROOF-R031,YES,WS-S10,PROOF_BEHAVIOR,REQUIRED,MANDATORY,authority/strategy/WS_OOS_STRESS_SHADOW_AND_PRODUCTION_PROOF.md,Core Shadow Acceptance,189,Material breakdown menghasilkan finding dan review. Strategy tidak boleh otomatis dituning menggunakan shadow outcome lalu dianggap masih memiliki proof lama.,BB92C1E78C38680510AA9F24993BCADBE9863A37,WS-B11,TBD,TBD,TBD,NOT_ASSESSED,NOT_ASSESSED,N/A,,
WS-S10-PROOF-R032,YES,WS-S10,PROOF_BEHAVIOR,REFERENCE_ONLY,OPTIONAL_CAPABILITY,authority/strategy/WS_OOS_STRESS_SHADOW_AND_PRODUCTION_PROOF.md,Optional CONFIRM Capability Acceptance,193,CONFIRM capability dapat diberi status `CONFIRM_PROVEN` hanya bila:,AB5FF3973CFA438A24417763E66BADB73663732B,WS-B11,N/A,N/A,N/A,N/A,REFERENCE_ONLY,N/A,,
WS-S10-PROOF-R033,YES,WS-S10,PROOF_BEHAVIOR,REQUIRED,OPTIONAL_CAPABILITY,authority/strategy/WS_OOS_STRESS_SHADOW_AND_PRODUCTION_PROOF.md,Optional CONFIRM Capability Acceptance,194,hanya final Top Picks dievaluasi;,9EA5EEAB1F4B75A8B978BAF1C42D05DE1ECEB6D3,WS-B11,TBD,TBD,TBD,NOT_ASSESSED,OPTIONAL_NOT_REQUESTED,N/A,,
WS-S10-PROOF-R034,YES,WS-S10,PROOF_BEHAVIOR,REQUIRED,OPTIONAL_CAPABILITY,authority/strategy/WS_OOS_STRESS_SHADOW_AND_PRODUCTION_PROOF.md,Optional CONFIRM Capability Acceptance,195,valid decision-time data tersedia secara causal;,402DCF17EAD7B84522ED7161198B223AFFEBC7A8,WS-B11,TBD,TBD,TBD,NOT_ASSESSED,OPTIONAL_NOT_REQUESTED,N/A,,
WS-S10-PROOF-R035,YES,WS-S10,PROOF_BEHAVIOR,REQUIRED,OPTIONAL_CAPABILITY,authority/strategy/WS_OOS_STRESS_SHADOW_AND_PRODUCTION_PROOF.md,Optional CONFIRM Capability Acceptance,196,missing/stale/incomplete data tidak dihitung sebagai `NOT_ACTIONABLE`;,22CDE1BC0BD88FFE52B34A40429E6BA7110B13DE,WS-B11,TBD,TBD,TBD,NOT_ASSESSED,OPTIONAL_NOT_REQUESTED,N/A,,
WS-S10-PROOF-R036,YES,WS-S10,PROOF_BEHAVIOR,REQUIRED,OPTIONAL_CAPABILITY,authority/strategy/WS_OOS_STRESS_SHADOW_AND_PRODUCTION_PROOF.md,Optional CONFIRM Capability Acceptance,197,`confirm_evaluated_picks_count_shadow >= 20`;,50C5460CDB664346469B63A7C0381B7AEED9B4D4,WS-B11,TBD,TBD,TBD,NOT_ASSESSED,OPTIONAL_NOT_REQUESTED,N/A,,
WS-S10-PROOF-R037,YES,WS-S10,PROOF_BEHAVIOR,REQUIRED,OPTIONAL_CAPABILITY,authority/strategy/WS_OOS_STRESS_SHADOW_AND_PRODUCTION_PROOF.md,Optional CONFIRM Capability Acceptance,198,`avg_ret_net_actionable_shadow > 0`;,BB5669D6D66415A990FF8CA912D15141DB51C900,WS-B11,TBD,TBD,TBD,NOT_ASSESSED,OPTIONAL_NOT_REQUESTED,N/A,,
WS-S10-PROOF-R038,YES,WS-S10,PROOF_BEHAVIOR,REQUIRED,OPTIONAL_CAPABILITY,authority/strategy/WS_OOS_STRESS_SHADOW_AND_PRODUCTION_PROOF.md,Optional CONFIRM Capability Acceptance,199,`median_ret_net_actionable_shadow >= 0`;,DC26E3CA198EFFD405AB9B708D3162D96A090E5D,WS-B11,TBD,TBD,TBD,NOT_ASSESSED,OPTIONAL_NOT_REQUESTED,N/A,,
WS-S10-PROOF-R039,YES,WS-S10,PROOF_BEHAVIOR,REQUIRED,OPTIONAL_CAPABILITY,authority/strategy/WS_OOS_STRESS_SHADOW_AND_PRODUCTION_PROOF.md,Optional CONFIRM Capability Acceptance,200,actionable-confirm subset tidak menunjukkan material breakdown terhadap core/OOS expectation;,0BA4FEB97C50753EFB5C959DC69DB24B711315DD,WS-B11,TBD,TBD,TBD,NOT_ASSESSED,OPTIONAL_NOT_REQUESTED,N/A,,
WS-S10-PROOF-R040,YES,WS-S10,PROOF_BEHAVIOR,REQUIRED,OPTIONAL_CAPABILITY,authority/strategy/WS_OOS_STRESS_SHADOW_AND_PRODUCTION_PROOF.md,Optional CONFIRM Capability Acceptance,201,no-actionable outcome diterima tanpa fallback candidate.,3CEEBB8E5D73EE639A0B0D1E70D4246F0B778652,WS-B11,TBD,TBD,TBD,NOT_ASSESSED,OPTIONAL_NOT_REQUESTED,N/A,,
WS-S10-PROOF-R041,YES,WS-S10,PROOF_BEHAVIOR,REQUIRED,OPTIONAL_CAPABILITY,authority/strategy/WS_OOS_STRESS_SHADOW_AND_PRODUCTION_PROOF.md,Optional CONFIRM Capability Acceptance,203,"Jika valid CONFIRM sample tidak cukup atau source data belum tersedia, capability status adalah `CONFIRM_UNPROVEN` / `CONFIRM_EVIDENCE_INSUFFICIENT`. Status tersebut **tidak mengubah** core OOS/stress/shadow verdict dan tidak memblokir core production-use review.",C73AC7A41AE76950BA61301C541E7FCD2246BF41,WS-B11,TBD,TBD,TBD,NOT_ASSESSED,OPTIONAL_NOT_REQUESTED,N/A,,
WS-S11-PROOF-R027,YES,WS-S11,PROOF_BEHAVIOR,REQUIRED,MANDATORY,authority/strategy/WS_OOS_STRESS_SHADOW_AND_PRODUCTION_PROOF.md,Post-Production Strategy Health and Automatic Safety Boundary,207,"Production-use approval is not permanent proof. Exact active strategy identity must continue a **live-equivalent causal monitoring stream** using the same recommendation, execution-model, friction, benchmark, ranking, capacity, and tail-risk semantics.",45D5CCA66607373060FDE5F151ECBB967F195DA8,WS-B12,TBD,TBD,TBD,NOT_ASSESSED,NOT_ASSESSED,N/A,,Added by D-WS-20260819-05 high-trust strategy strengthening.
WS-S11-PROOF-R028,YES,WS-S11,PROOF_BEHAVIOR,REFERENCE_ONLY,MANDATORY,authority/strategy/WS_OOS_STRESS_SHADOW_AND_PRODUCTION_PROOF.md,Post-Production Strategy Health and Automatic Safety Boundary,209,Canonical health states:,694C9F90D99B22F611B71BDB2018F90C3DE1FBF0,WS-B12,N/A,N/A,N/A,N/A,REFERENCE_ONLY,N/A,,Added by D-WS-20260819-05 high-trust strategy strengthening.
WS-S11-PROOF-R029,YES,WS-S11,PROOF_BEHAVIOR,REQUIRED,MANDATORY,authority/strategy/WS_OOS_STRESS_SHADOW_AND_PRODUCTION_PROOF.md,Post-Production Strategy Health and Automatic Safety Boundary,211,`HEALTHY` — no material degradation signal;,3CC82D923C7AEEFA53BBC512DD122CDB24DC86CD,WS-B12,TBD,TBD,TBD,NOT_ASSESSED,NOT_ASSESSED,N/A,,Added by D-WS-20260819-05 high-trust strategy strengthening.
WS-S11-PROOF-R030,YES,WS-S11,PROOF_BEHAVIOR,REQUIRED,MANDATORY,authority/strategy/WS_OOS_STRESS_SHADOW_AND_PRODUCTION_PROOF.md,Post-Production Strategy Health and Automatic Safety Boundary,212,`WATCH` — short-window degradation exists but confirmation threshold not yet met;,4C4B607932A19F634C9E55F2AF281282C72AEA3B,WS-B12,TBD,TBD,TBD,NOT_ASSESSED,NOT_ASSESSED,N/A,,Added by D-WS-20260819-05 high-trust strategy strengthening.
WS-S11-PROOF-R031,YES,WS-S11,PROOF_BEHAVIOR,REQUIRED,MANDATORY,authority/strategy/WS_OOS_STRESS_SHADOW_AND_PRODUCTION_PROOF.md,Post-Production Strategy Health and Automatic Safety Boundary,213,`SUSPEND_NEW_RECOMMENDATIONS_REVIEW_REQUIRED` — material degradation is confirmed; new Top Picks publication for real-use must stop while diagnosis/revalidation runs;,D6B8D92DEBBB0B3E9659F9C3F696528FC73494F4,WS-B12,TBD,TBD,TBD,NOT_ASSESSED,NOT_ASSESSED,N/A,,Added by D-WS-20260819-05 high-trust strategy strengthening.
WS-S11-PROOF-R032,YES,WS-S11,PROOF_BEHAVIOR,REQUIRED,MANDATORY,authority/strategy/WS_OOS_STRESS_SHADOW_AND_PRODUCTION_PROOF.md,Post-Production Strategy Health and Automatic Safety Boundary,214,`REVALIDATION_REQUIRED` — strategy/material assumption changed or proof identity can no longer be relied upon.,B9792B05435B3CF7ED2FAE3ADA1A29CBA0833230,WS-B12,TBD,TBD,TBD,NOT_ASSESSED,NOT_ASSESSED,N/A,,Added by D-WS-20260819-05 high-trust strategy strengthening.
WS-S11-PROOF-R033,YES,WS-S11,PROOF_BEHAVIOR,REFERENCE_ONLY,MANDATORY,authority/strategy/WS_OOS_STRESS_SHADOW_AND_PRODUCTION_PROOF.md,Post-Production Strategy Health and Automatic Safety Boundary,216,Minimum monitoring windows:,D4E637B6724A1B679F2C9192BDD443ACAB951F19,WS-B12,N/A,N/A,N/A,N/A,REFERENCE_ONLY,N/A,,Added by D-WS-20260819-05 high-trust strategy strengthening.
WS-S11-PROOF-R034,YES,WS-S11,PROOF_BEHAVIOR,REQUIRED,MANDATORY,authority/strategy/WS_OOS_STRESS_SHADOW_AND_PRODUCTION_PROOF.md,Post-Production Strategy Health and Automatic Safety Boundary,218,**20 trading days** = early-warning window;,0B5BCD6C46827299E0005DD29A0BE35D9F6879BE,WS-B12,TBD,TBD,TBD,NOT_ASSESSED,NOT_ASSESSED,N/A,,Added by D-WS-20260819-05 high-trust strategy strengthening.
WS-S11-PROOF-R035,YES,WS-S11,PROOF_BEHAVIOR,REQUIRED,MANDATORY,authority/strategy/WS_OOS_STRESS_SHADOW_AND_PRODUCTION_PROOF.md,Post-Production Strategy Health and Automatic Safety Boundary,219,"**60 trading days** = confirmation window, extended when sample is insufficient.",DEE19314FE648120CBCE449913C49FD46375EB76,WS-B12,TBD,TBD,TBD,NOT_ASSESSED,NOT_ASSESSED,N/A,,Added by D-WS-20260819-05 high-trust strategy strengthening.
WS-S11-PROOF-R036,YES,WS-S11,PROOF_BEHAVIOR,REFERENCE_ONLY,MANDATORY,authority/strategy/WS_OOS_STRESS_SHADOW_AND_PRODUCTION_PROOF.md,Post-Production Strategy Health and Automatic Safety Boundary,221,Material degradation indicators include at minimum:,788335956AB7987909650FACA77FE7B5820A350F,WS-B12,N/A,N/A,N/A,N/A,REFERENCE_ONLY,N/A,,Added by D-WS-20260819-05 high-trust strategy strengthening.
WS-S11-PROOF-R037,YES,WS-S11,PROOF_BEHAVIOR,REQUIRED,MANDATORY,authority/strategy/WS_OOS_STRESS_SHADOW_AND_PRODUCTION_PROOF.md,Post-Production Strategy Health and Automatic Safety Boundary,223,rolling net edge at/below zero or below the +0.25% economic-edge objective for a sustained confirmation window;,1623CD1EABF74D7E87CE5C39FAE82289C4898EAA,WS-B12,TBD,TBD,TBD,NOT_ASSESSED,NOT_ASSESSED,N/A,,Added by D-WS-20260819-05 high-trust strategy strengthening.
WS-S11-PROOF-R038,YES,WS-S11,PROOF_BEHAVIOR,REQUIRED,MANDATORY,authority/strategy/WS_OOS_STRESS_SHADOW_AND_PRODUCTION_PROOF.md,Post-Production Strategy Health and Automatic Safety Boundary,224,rolling benchmark-relative edge at/below zero;,9CA93F56432E2355254CBBC6E232863AC2B54AD1,WS-B12,TBD,TBD,TBD,NOT_ASSESSED,NOT_ASSESSED,N/A,,Added by D-WS-20260819-05 high-trust strategy strengthening.
WS-S11-PROOF-R039,YES,WS-S11,PROOF_BEHAVIOR,REQUIRED,MANDATORY,authority/strategy/WS_OOS_STRESS_SHADOW_AND_PRODUCTION_PROOF.md,Post-Production Strategy Health and Automatic Safety Boundary,225,persistent Top-K/rank inversion;,2AE180A9D7CD9A94CBA2F67E6EA727476F3D98E1,WS-B12,TBD,TBD,TBD,NOT_ASSESSED,NOT_ASSESSED,N/A,,Added by D-WS-20260819-05 high-trust strategy strengthening.
WS-S11-PROOF-R040,YES,WS-S11,PROOF_BEHAVIOR,REQUIRED,MANDATORY,authority/strategy/WS_OOS_STRESS_SHADOW_AND_PRODUCTION_PROOF.md,Post-Production Strategy Health and Automatic Safety Boundary,226,realized/model execution friction materially exceeding tested stress assumptions;,3BE68B58BE74E4FC979F48CDD38B22CCA292816C,WS-B12,TBD,TBD,TBD,NOT_ASSESSED,NOT_ASSESSED,N/A,,Added by D-WS-20260819-05 high-trust strategy strengthening.
WS-S11-PROOF-R041,YES,WS-S11,PROOF_BEHAVIOR,REQUIRED,MANDATORY,authority/strategy/WS_OOS_STRESS_SHADOW_AND_PRODUCTION_PROOF.md,Post-Production Strategy Health and Automatic Safety Boundary,227,tail-risk or drawdown breach of production acceptance floor;,EAB2E77C32461B86FFD79C2133B6A5464A153963,WS-B12,TBD,TBD,TBD,NOT_ASSESSED,NOT_ASSESSED,N/A,,Added by D-WS-20260819-05 high-trust strategy strengthening.
WS-S11-PROOF-R042,YES,WS-S11,PROOF_BEHAVIOR,REQUIRED,MANDATORY,authority/strategy/WS_OOS_STRESS_SHADOW_AND_PRODUCTION_PROOF.md,Post-Production Strategy Health and Automatic Safety Boundary,228,repeated late recommendation publication / insufficient decision lead time;,5631F55F7272AC778A4676BFE89B8FA8F55B2CAB,WS-B12,TBD,TBD,TBD,NOT_ASSESSED,NOT_ASSESSED,N/A,,Added by D-WS-20260819-05 high-trust strategy strengthening.
WS-S11-PROOF-R043,YES,WS-S11,PROOF_BEHAVIOR,REQUIRED,MANDATORY,authority/strategy/WS_OOS_STRESS_SHADOW_AND_PRODUCTION_PROOF.md,Post-Production Strategy Health and Automatic Safety Boundary,229,liquidity/capacity deterioration that violates frozen reference-notional participation assumptions;,9187D0376BC3D62006087F59C823731357F0D880,WS-B12,TBD,TBD,TBD,NOT_ASSESSED,NOT_ASSESSED,N/A,,Added by D-WS-20260819-05 high-trust strategy strengthening.
WS-S11-PROOF-R044,YES,WS-S11,PROOF_BEHAVIOR,REQUIRED,MANDATORY,authority/strategy/WS_OOS_STRESS_SHADOW_AND_PRODUCTION_PROOF.md,Post-Production Strategy Health and Automatic Safety Boundary,230,systematic Market Data/readiness degradation that prevents trustworthy production behavior.,79933D3922A7DBE5D99F3F22184B1883DFFB05D8,WS-B12,TBD,TBD,TBD,NOT_ASSESSED,NOT_ASSESSED,N/A,,Added by D-WS-20260819-05 high-trust strategy strengthening.
WS-S11-PROOF-R045,YES,WS-S11,PROOF_BEHAVIOR,REFERENCE_ONLY,MANDATORY,authority/strategy/WS_OOS_STRESS_SHADOW_AND_PRODUCTION_PROOF.md,Post-Production Strategy Health and Automatic Safety Boundary,232,Deterministic health transitions untuk baseline monitoring adalah:,03C9906276B532606639C3AA0B35ADF2F8664677,WS-B12,N/A,N/A,N/A,N/A,REFERENCE_ONLY,N/A,,Added by D-WS-20260819-05 high-trust strategy strengthening.
WS-S11-PROOF-R046,YES,WS-S11,PROOF_BEHAVIOR,REQUIRED,MANDATORY,authority/strategy/WS_OOS_STRESS_SHADOW_AND_PRODUCTION_PROOF.md,Post-Production Strategy Health and Automatic Safety Boundary,234,"`WATCH` bila 20-trading-day window mempunyai `avg_ret_net < 0.0025`, benchmark-relative mean `<= 0`, persistent Top-3-vs-All inversion, atau operational/capacity warning yang berulang;",8532A092B8409E2F664967D7E053A182F5DEE5D3,WS-B12,TBD,TBD,TBD,NOT_ASSESSED,NOT_ASSESSED,N/A,,Added by D-WS-20260819-05 high-trust strategy strengthening.
WS-S11-PROOF-R047,YES,WS-S11,PROOF_BEHAVIOR,REQUIRED,MANDATORY,authority/strategy/WS_OOS_STRESS_SHADOW_AND_PRODUCTION_PROOF.md,Post-Production Strategy Health and Automatic Safety Boundary,235,"`SUSPEND_NEW_RECOMMENDATIONS_REVIEW_REQUIRED` bila 60-trading-day confirmation window mempunyai `avg_ret_net <= 0`, `avg_excess_ret_vs_ihsg <= 0`, `p05 < -0.08`, `expected_shortfall_05 < -0.10`, date-level max drawdown `> 0.20`, reference-notional capacity violation pada `>= 10%` recommendation days, atau late-publication lead-time failure pada `>= 5%` recommendation days;",92AE5DA57545075FC0512A95F5CF25ACA5A580A2,WS-B12,TBD,TBD,TBD,NOT_ASSESSED,NOT_ASSESSED,N/A,,Added by D-WS-20260819-05 high-trust strategy strengthening.
WS-S11-PROOF-R048,YES,WS-S11,PROOF_BEHAVIOR,REQUIRED,MANDATORY,authority/strategy/WS_OOS_STRESS_SHADOW_AND_PRODUCTION_PROOF.md,Post-Production Strategy Health and Automatic Safety Boundary,236,"immediate `REVALIDATION_REQUIRED` bila material strategy/data/execution identity berubah, OOS/proof contamination ditemukan, atau monitoring calculation tidak lagi comparable dengan production identity.",51D5FCF85947DB449BBFE7880327935AA02D37ED,WS-B12,TBD,TBD,TBD,NOT_ASSESSED,NOT_ASSESSED,N/A,,Added by D-WS-20260819-05 high-trust strategy strengthening.
WS-S11-PROOF-R049,YES,WS-S11,PROOF_BEHAVIOR,REQUIRED,MANDATORY,authority/strategy/WS_OOS_STRESS_SHADOW_AND_PRODUCTION_PROOF.md,Post-Production Strategy Health and Automatic Safety Boundary,238,"Jika required 60-day sample belum cukup, state tidak boleh dinaikkan menjadi `HEALTHY` hanya karena calendar window selesai; monitoring diperpanjang sampai evidence cukup. A single noisy short-window observation dapat memindahkan state ke `WATCH`, tetapi tidak mengizinkan retuning.",406A9643E13EC5C7E3F7A9B90329AD89834A62D3,WS-B12,TBD,TBD,TBD,NOT_ASSESSED,NOT_ASSESSED,N/A,,Added by D-WS-20260819-05 high-trust strategy strengthening.
WS-S11-PROOF-R050,YES,WS-S11,PROOF_BEHAVIOR,REQUIRED,MANDATORY,authority/strategy/WS_OOS_STRESS_SHADOW_AND_PRODUCTION_PROOF.md,Post-Production Strategy Health and Automatic Safety Boundary,240,"**No automatic retuning:** production/shadow outcome may open finding/research, but threshold/feature/weight/ranking/exit changes create a new strategy identity and require the applicable IS/OOS/stress/shadow proof again. Old production proof cannot be administratively inherited.",2BFF58B1D41F80850B24A4F03F82D735CDF98FDA,WS-B12,TBD,TBD,TBD,NOT_ASSESSED,NOT_ASSESSED,N/A,,Added by D-WS-20260819-05 high-trust strategy strengthening.
WS-S11-PROOF-R007,YES,WS-S11,PROOF_BEHAVIOR,REFERENCE_ONLY,CONDITIONAL_ACTIVE,authority/strategy/WS_OOS_STRESS_SHADOW_AND_PRODUCTION_PROOF.md,Production-Use Boundary,244,Core production-use approval hanya dapat dipertimbangkan bila exact core strategy identity telah mempunyai:,CF578673D37E6B7E47173CFF2441B84AC73C70EE,WS-B12,N/A,N/A,N/A,N/A,REFERENCE_ONLY,N/A,,
WS-S11-PROOF-R008,YES,WS-S11,PROOF_BEHAVIOR,REQUIRED,MANDATORY,authority/strategy/WS_OOS_STRESS_SHADOW_AND_PRODUCTION_PROOF.md,Production-Use Boundary,246,`IS PASS → OOS PASS → adverse-friction PASS → core forward-shadow PASS`,04CDC4A39F58E355D99B50CC2E72E1326E8C34F0,WS-B12,TBD,TBD,TBD,NOT_ASSESSED,NOT_ASSESSED,N/A,,
WS-S11-PROOF-R009,YES,WS-S11,PROOF_BEHAVIOR,REQUIRED,CONDITIONAL_ACTIVE,authority/strategy/WS_OOS_STRESS_SHADOW_AND_PRODUCTION_PROOF.md,Production-Use Boundary,248,"CONFIRM bukan prerequisite core approval. Jika product ingin menampilkan explicit current-entry label `ACTIONABLE`, CONFIRM capability harus mempunyai valid capability-specific proof atau tetap ditampilkan sebagai unproven/availability-only sesuai statusnya.",10F0CF9C0690DD153F82DC623A1F3832A23DC513,WS-B12,TBD,TBD,TBD,NOT_ASSESSED,NOT_ASSESSED,N/A,,
WS-S11-PROOF-R010,YES,WS-S11,PROOF_BEHAVIOR,REQUIRED,MANDATORY,authority/strategy/WS_OOS_STRESS_SHADOW_AND_PRODUCTION_PROOF.md,Production-Use Boundary,250,"Historical proof yang memakai PLAN proxy, different recommendation semantics, atau zero-slippage-only identity tidak boleh dipromosikan secara administratif menjadi proof untuk strategy baru.",EE7C80288925C6EC8985A15D9174B5BF4F8C5805,WS-B12,TBD,TBD,TBD,NOT_ASSESSED,NOT_ASSESSED,N/A,,
WS-S11-PROOF-R011,YES,WS-S11,PROOF_BEHAVIOR,REFERENCE_ONLY,MANDATORY,authority/strategy/WS_OOS_STRESS_SHADOW_AND_PRODUCTION_PROOF.md,Evaluation Identity Requirement,254,Core OOS/shadow proof harus mengikat minimal:,9C18DA75F723E9AB3448209F7B3615627D8EC6EF,WS-B12,N/A,N/A,N/A,N/A,REFERENCE_ONLY,N/A,,
WS-S11-PROOF-R012,YES,WS-S11,PROOF_BEHAVIOR,REQUIRED,MANDATORY,authority/strategy/WS_OOS_STRESS_SHADOW_AND_PRODUCTION_PROOF.md,Evaluation Identity Requirement,255,strategy/paramset identity;,C604EED412AC3E19B5E5C7D5846AEDD1645B93E8,WS-B12,TBD,TBD,TBD,NOT_ASSESSED,NOT_ASSESSED,N/A,,
WS-S11-PROOF-R013,YES,WS-S11,PROOF_BEHAVIOR,REQUIRED,MANDATORY,authority/strategy/WS_OOS_STRESS_SHADOW_AND_PRODUCTION_PROOF.md,Evaluation Identity Requirement,256,exact candidate eligibility and score formula identity;,9DFC33466DC6128BDD580C20845FEBDAA052AFB9,WS-B12,TBD,TBD,TBD,NOT_ASSESSED,NOT_ASSESSED,N/A,,
WS-S11-PROOF-R014,YES,WS-S11,PROOF_BEHAVIOR,REQUIRED,MANDATORY,authority/strategy/WS_OOS_STRESS_SHADOW_AND_PRODUCTION_PROOF.md,Evaluation Identity Requirement,257,exact recommendation algorithm;,EBAB01C994CDDEC9191933E3819AD28F8F20C08F,WS-B12,TBD,TBD,TBD,NOT_ASSESSED,NOT_ASSESSED,N/A,,
WS-S11-PROOF-R015,YES,WS-S11,PROOF_BEHAVIOR,REQUIRED,MANDATORY,authority/strategy/WS_OOS_STRESS_SHADOW_AND_PRODUCTION_PROOF.md,Evaluation Identity Requirement,258,entry/exit/horizon model;,F53049CA3AD9AA6C6061B74E62882366E73A32A3,WS-B12,TBD,TBD,TBD,NOT_ASSESSED,NOT_ASSESSED,N/A,,
WS-S11-PROOF-R016,YES,WS-S11,PROOF_BEHAVIOR,REQUIRED,MANDATORY,authority/strategy/WS_OOS_STRESS_SHADOW_AND_PRODUCTION_PROOF.md,Evaluation Identity Requirement,259,transaction-cost profile;,711DA5302B092D81D01BEAD2C8B2623355007DA5,WS-B12,TBD,TBD,TBD,NOT_ASSESSED,NOT_ASSESSED,N/A,,
WS-S11-PROOF-R017,YES,WS-S11,PROOF_BEHAVIOR,REQUIRED,MANDATORY,authority/strategy/WS_OOS_STRESS_SHADOW_AND_PRODUCTION_PROOF.md,Evaluation Identity Requirement,260,slippage profile;,EFBF39AF3205CAA9A30D6559B84D603FBB8F35E7,WS-B12,TBD,TBD,TBD,NOT_ASSESSED,NOT_ASSESSED,N/A,,
WS-S11-PROOF-R018,YES,WS-S11,PROOF_BEHAVIOR,REQUIRED,MANDATORY,authority/strategy/WS_OOS_STRESS_SHADOW_AND_PRODUCTION_PROOF.md,Evaluation Identity Requirement,261,executable-price rule;,E0A38A361E66266CA692DC5B3D0E3E373C089B4C,WS-B12,TBD,TBD,TBD,NOT_ASSESSED,NOT_ASSESSED,N/A,,
WS-S11-PROOF-R019,YES,WS-S11,PROOF_BEHAVIOR,REQUIRED,MANDATORY,authority/strategy/WS_OOS_STRESS_SHADOW_AND_PRODUCTION_PROOF.md,Evaluation Identity Requirement,262,Market Data publication/knowledge identity;,FA7694067E8F9ED9CF2F010EDF15EB07B2D26A48,WS-B12,TBD,TBD,TBD,NOT_ASSESSED,NOT_ASSESSED,N/A,,
WS-S11-PROOF-R020,YES,WS-S11,PROOF_BEHAVIOR,REQUIRED,MANDATORY,authority/strategy/WS_OOS_STRESS_SHADOW_AND_PRODUCTION_PROOF.md,Evaluation Identity Requirement,263,deterministic split identity.,007AE7CD59166137AE4682E11CDB34088828F19F,WS-B12,TBD,TBD,TBD,NOT_ASSESSED,NOT_ASSESSED,N/A,,
WS-S11-PROOF-R021,YES,WS-S11,PROOF_BEHAVIOR,REQUIRED,CONDITIONAL_ACTIVE,authority/strategy/WS_OOS_STRESS_SHADOW_AND_PRODUCTION_PROOF.md,Evaluation Identity Requirement,265,CONFIRM semantics/threshold identity hanya menjadi tambahan proof identity bila `CONFIRM_PROVEN` sedang diklaim. Perubahan CONFIRM tidak otomatis membatalkan core Top-Picks proof selama core selection/ranking/trade identity tidak berubah.,AE5841F0294EE947C268CA9EB5E45133270D9ECC,WS-B12,TBD,TBD,TBD,NOT_ASSESSED,NOT_ASSESSED,N/A,,
WS-S11-PROOF-R022,YES,WS-S11,PROOF_BEHAVIOR,REQUIRED,MANDATORY,authority/strategy/WS_OOS_STRESS_SHADOW_AND_PRODUCTION_PROOF.md,Evaluation Identity Requirement,267,Perubahan material pada core component menghasilkan core proof identity baru.,94859008A14DECFB02A22BD903A9CD21F187FB7B,WS-B12,TBD,TBD,TBD,NOT_ASSESSED,NOT_ASSESSED,N/A,,
WS-S11-PROOF-R023,YES,WS-S11,PROOF_BEHAVIOR,REQUIRED,MANDATORY,authority/strategy/WS_OOS_STRESS_SHADOW_AND_PRODUCTION_PROOF.md,Single-Window Integrity Rule,271,Satu chronological 70/30 proof tidak boleh dibentuk dari beberapa independently calibrated windows yang digabung setelah outcome diketahui.,4B1E20BBBEFCCEC6A279921E0929FB71CF3D1B8D,WS-B12,TBD,TBD,TBD,NOT_ASSESSED,NOT_ASSESSED,N/A,,
WS-S11-PROOF-R024,YES,WS-S11,PROOF_BEHAVIOR,REFERENCE_ONLY,MANDATORY,authority/strategy/WS_OOS_STRESS_SHADOW_AND_PRODUCTION_PROOF.md,Single-Window Integrity Rule,273,Canonical core order:,AF146B5ACB02E87D08AD40EFA8E5EF93B323EFA7,WS-B12,N/A,N/A,N/A,N/A,REFERENCE_ONLY,N/A,,
WS-S11-PROOF-R025,YES,WS-S11,PROOF_BEHAVIOR,REQUIRED,MANDATORY,authority/strategy/WS_OOS_STRESS_SHADOW_AND_PRODUCTION_PROOF.md,Single-Window Integrity Rule,275,`freeze dates → split IS/OOS → calibrate IS → freeze one winner → evaluate OOS → stress exact OOS trades → core forward shadow`,49522707259E257E201C0A28A70433F51DCC94EA,WS-B12,TBD,TBD,TBD,NOT_ASSESSED,NOT_ASSESSED,N/A,,
WS-S11-PROOF-R026,YES,WS-S11,PROOF_BEHAVIOR,REQUIRED,CONDITIONAL_ACTIVE,authority/strategy/WS_OOS_STRESS_SHADOW_AND_PRODUCTION_PROOF.md,Single-Window Integrity Rule,277,"Optional CONFIRM capability proof dapat berjalan pada forward shadow yang sama bila valid decision-time data tersedia, tetapi tidak menjadi prerequisite urutan core tersebut.",E7CEEE08AE1AE6D945A87A6673D3CED01F7D0A5C,WS-B12,TBD,TBD,TBD,NOT_ASSESSED,NOT_ASSESSED,N/A,,
WS-S03-PLAN-R001,YES,WS-S03,CORE_BEHAVIOR,REFERENCE_ONLY,MANDATORY,authority/strategy/WS_PLAN_SCORING_AND_TRADE_PLAN.md,Purpose,5,"PLAN membentuk Weekly Swing candidate pool yang bersih, terukur, dan mempunyai deterministic quality ordering serta predeclared trade plan. PLAN adalah feeder untuk final RECOMMENDATION, bukan final buy recommendation.",011D81ACE5D144178E1BAE9C2DAB08E23A53C3CF,WS-B04,N/A,N/A,N/A,N/A,REFERENCE_ONLY,N/A,,
WS-S03-PLAN-R002,YES,WS-S03,CORE_BEHAVIOR,REFERENCE_ONLY,MANDATORY,authority/strategy/WS_PLAN_SCORING_AND_TRADE_PLAN.md,Lifecycle Position,9,"**Stage:** `WS-S03` — PLAN Scoring, Ordering, and Trade-Plan Freeze.",8B62B590119CF5C5106EB476762FE57DC715FB1A,WS-B04,N/A,N/A,N/A,N/A,REFERENCE_ONLY,N/A,,
WS-S03-PLAN-R003,YES,WS-S03,CORE_BEHAVIOR,REFERENCE_ONLY,MANDATORY,authority/strategy/WS_PLAN_SCORING_AND_TRADE_PLAN.md,Lifecycle Position,10,**Consumes:** candidate states from `WS-S02`.,67EB36B3E212FD007D6A174D4CD5AEC4899C12D4,WS-B04,N/A,N/A,N/A,N/A,REFERENCE_ONLY,N/A,,
WS-S03-PLAN-R004,YES,WS-S03,CORE_BEHAVIOR,REFERENCE_ONLY,MANDATORY,authority/strategy/WS_PLAN_SCORING_AND_TRADE_PLAN.md,Lifecycle Position,11,**Produces:** immutable PLAN with canonical score/order and predeclared trade plan.,795B4A31C2EA28455522EC06EBA8F50A3C08612A,WS-B04,N/A,N/A,N/A,N/A,REFERENCE_ONLY,N/A,,
WS-S03-PLAN-R005,YES,WS-S03,CORE_BEHAVIOR,REFERENCE_ONLY,MANDATORY,authority/strategy/WS_PLAN_SCORING_AND_TRADE_PLAN.md,Lifecycle Position,12,**Next:** `WS-S04` final recommendation qualification.,9200BDE2354D3D5A3D5C876BA66358E893A770BF,WS-B04,N/A,N/A,N/A,N/A,REFERENCE_ONLY,N/A,,
WS-S03-PLAN-R006,YES,WS-S03,CORE_BEHAVIOR,REQUIRED,MANDATORY,authority/strategy/WS_PLAN_SCORING_AND_TRADE_PLAN.md,Canonical PLAN Pipeline,16,"bind trusted Market Data intake from `WS_MARKET_DATA_INPUT_REQUIREMENTS.md`, including requested/effective date and publication/read-model identity;",327A2B480C4FFE29B4DB660F54FFA856C2EEBAE0,WS-B04,TBD,TBD,TBD,NOT_ASSESSED,NOT_ASSESSED,N/A,,
WS-S03-PLAN-R007,YES,WS-S03,CORE_BEHAVIOR,REQUIRED,MANDATORY,authority/strategy/WS_PLAN_SCORING_AND_TRADE_PLAN.md,Canonical PLAN Pipeline,17,verify required active features dan data usability;,6DCA99408918EE40AC4955A4A6CE4E39F51F7976,WS-B04,TBD,TBD,TBD,NOT_ASSESSED,NOT_ASSESSED,N/A,,
WS-S03-PLAN-R008,YES,WS-S03,CORE_BEHAVIOR,REQUIRED,MANDATORY,authority/strategy/WS_PLAN_SCORING_AND_TRADE_PLAN.md,Canonical PLAN Pipeline,18,apply candidate eligibility/setup strategy;,E7CA9605C9CC3548A81881B877493957A5A7A5D0,WS-B04,TBD,TBD,TBD,NOT_ASSESSED,NOT_ASSESSED,N/A,,
WS-S03-PLAN-R009,YES,WS-S03,CORE_BEHAVIOR,REQUIRED,MANDATORY,authority/strategy/WS_PLAN_SCORING_AND_TRADE_PLAN.md,Canonical PLAN Pipeline,19,assign deterministic candidate state under canonical `WS-S02` classification rules;,48E200267C1503CC55359FBED8A1D3BE0D206AB2,WS-B04,TBD,TBD,TBD,NOT_ASSESSED,NOT_ASSESSED,N/A,,
WS-S03-PLAN-R010,YES,WS-S03,CORE_BEHAVIOR,REQUIRED,MANDATORY,authority/strategy/WS_PLAN_SCORING_AND_TRADE_PLAN.md,Canonical PLAN Pipeline,20,verify complete active scoring features untuk `RECOMMENDATION_CANDIDATES`;,B005D11C80136DF17284AAC0BDD6D8FAA658D7C6,WS-B04,TBD,TBD,TBD,NOT_ASSESSED,NOT_ASSESSED,N/A,,
WS-S03-PLAN-R011,YES,WS-S03,CORE_BEHAVIOR,REQUIRED,MANDATORY,authority/strategy/WS_PLAN_SCORING_AND_TRADE_PLAN.md,Canonical PLAN Pipeline,21,compute deterministic score components hanya untuk `RECOMMENDATION_CANDIDATES`;,B9643041E61BB9AC3126619436F84C045563FC52,WS-B04,TBD,TBD,TBD,NOT_ASSESSED,NOT_ASSESSED,N/A,,
WS-S03-PLAN-R012,YES,WS-S03,CORE_BEHAVIOR,REQUIRED,MANDATORY,authority/strategy/WS_PLAN_SCORING_AND_TRADE_PLAN.md,Canonical PLAN Pipeline,22,compute canonical `score_total`;,49FE3460942E58ABCA6D71A015F1673B4735E060,WS-B04,TBD,TBD,TBD,NOT_ASSESSED,NOT_ASSESSED,N/A,,
WS-S03-PLAN-R013,YES,WS-S03,CORE_BEHAVIOR,REQUIRED,MANDATORY,authority/strategy/WS_PLAN_SCORING_AND_TRADE_PLAN.md,Canonical PLAN Pipeline,23,order recommendation candidates secara deterministik;,98F5A92BA5D944BBB19630DC17176A4F51D5A592,WS-B04,TBD,TBD,TBD,NOT_ASSESSED,NOT_ASSESSED,N/A,,
WS-S03-PLAN-R014,YES,WS-S03,CORE_BEHAVIOR,REQUIRED,MANDATORY,authority/strategy/WS_PLAN_SCORING_AND_TRADE_PLAN.md,Canonical PLAN Pipeline,24,derive entry reference/band dan predeclared exit/risk plan;,B8F98FEE4DFC87B1F26D0F5B343C730516ABA6FB,WS-B04,TBD,TBD,TBD,NOT_ASSESSED,NOT_ASSESSED,N/A,,
WS-S03-PLAN-R015,YES,WS-S03,CORE_BEHAVIOR,REQUIRED,MANDATORY,authority/strategy/WS_PLAN_SCORING_AND_TRADE_PLAN.md,Canonical PLAN Pipeline,25,freeze final PLAN.,C2D5C374CCA0CC5F63EEB5CAAD4C2055366A3558,WS-B04,TBD,TBD,TBD,NOT_ASSESSED,NOT_ASSESSED,N/A,,
WS-S03-PLAN-R016,YES,WS-S03,CORE_BEHAVIOR,REQUIRED,MANDATORY,authority/strategy/WS_PLAN_SCORING_AND_TRADE_PLAN.md,Candidate Eligibility,29,Candidate eligibility mengikuti `WS_CANDIDATE_ELIGIBILITY_AND_SETUP.md`.,344018E8A8638E8D9A871A1BBC3E7B80C7D770C0,WS-B04,TBD,TBD,TBD,NOT_ASSESSED,NOT_ASSESSED,N/A,,
WS-S03-PLAN-R017,YES,WS-S03,CORE_BEHAVIOR,REQUIRED,MANDATORY,authority/strategy/WS_PLAN_SCORING_AND_TRADE_PLAN.md,Candidate Eligibility,31,"Ticker yang gagal mandatory data, liquidity, participation, volatility, setup, regime, atau risk guard yang aktif tidak boleh menjadi `RECOMMENDATION_CANDIDATES`.",1E28637FD6A33AE26F71D56D2A7FFA5DD031534B,WS-B04,TBD,TBD,TBD,NOT_ASSESSED,NOT_ASSESSED,N/A,,
WS-S03-PLAN-R018,YES,WS-S03,CORE_BEHAVIOR,REQUIRED,MANDATORY,authority/strategy/WS_PLAN_SCORING_AND_TRADE_PLAN.md,Candidate Eligibility,33,Hard guard tidak boleh dilonggarkan hanya untuk menambah jumlah kandidat.,777762B088C0A3E3370D0E7EDB5A97E3301BF02A,WS-B04,TBD,TBD,TBD,NOT_ASSESSED,NOT_ASSESSED,N/A,,
WS-S03-PLAN-R019,YES,WS-S03,CORE_BEHAVIOR,REFERENCE_ONLY,MANDATORY,authority/strategy/WS_PLAN_SCORING_AND_TRADE_PLAN.md,PLAN Scoring,37,Canonical PLAN quality score dibentuk dari empat quality dimensions:,D5B4BD011DF02E35D7BDF34BBB280B93127BAF0D,WS-B04,N/A,N/A,N/A,N/A,REFERENCE_ONLY,N/A,,
WS-S03-PLAN-R020,YES,WS-S03,CORE_BEHAVIOR,REQUIRED,MANDATORY,authority/strategy/WS_PLAN_SCORING_AND_TRADE_PLAN.md,PLAN Scoring,38,momentum quality;,0F0124888EF0655872ACDE031285171F41D0D471,WS-B04,TBD,TBD,TBD,NOT_ASSESSED,NOT_ASSESSED,N/A,,
WS-S03-PLAN-R021,YES,WS-S03,CORE_BEHAVIOR,REQUIRED,MANDATORY,authority/strategy/WS_PLAN_SCORING_AND_TRADE_PLAN.md,PLAN Scoring,39,breakout/setup quality;,4F1FB283026C7538505A52186A4FB10C869DD2F8,WS-B04,TBD,TBD,TBD,NOT_ASSESSED,NOT_ASSESSED,N/A,,
WS-S03-PLAN-R022,YES,WS-S03,CORE_BEHAVIOR,REQUIRED,MANDATORY,authority/strategy/WS_PLAN_SCORING_AND_TRADE_PLAN.md,PLAN Scoring,40,participation/volume quality;,16CDD0D98558B0666A9295619C7E1F06D6CD48C2,WS-B04,TBD,TBD,TBD,NOT_ASSESSED,NOT_ASSESSED,N/A,,
WS-S03-PLAN-R023,YES,WS-S03,CORE_BEHAVIOR,REQUIRED,MANDATORY,authority/strategy/WS_PLAN_SCORING_AND_TRADE_PLAN.md,PLAN Scoring,41,risk quality.,F7DEABC331BE72A87D4A9B9AA5F44623CA0354EA,WS-B04,TBD,TBD,TBD,NOT_ASSESSED,NOT_ASSESSED,N/A,,
WS-S03-PLAN-R024,YES,WS-S03,CORE_BEHAVIOR,REFERENCE_ONLY,MANDATORY,authority/strategy/WS_PLAN_SCORING_AND_TRADE_PLAN.md,PLAN Scoring,43,Setiap component score harus:,54FF5580E7A5B376FE2B580E41285F2098967304,WS-B04,N/A,N/A,N/A,N/A,REFERENCE_ONLY,N/A,,
WS-S03-PLAN-R025,YES,WS-S03,CORE_BEHAVIOR,REQUIRED,MANDATORY,authority/strategy/WS_PLAN_SCORING_AND_TRADE_PLAN.md,PLAN Scoring,44,"berada pada normalized range `[0,1]` dengan `1` = kualitas lebih baik;",1155867AE9CEDDD48DF88553DB815146E7E00796,WS-B04,TBD,TBD,TBD,NOT_ASSESSED,NOT_ASSESSED,N/A,,
WS-S03-PLAN-R026,YES,WS-S03,CORE_BEHAVIOR,REQUIRED,MANDATORY,authority/strategy/WS_PLAN_SCORING_AND_TRADE_PLAN.md,PLAN Scoring,45,berasal hanya dari information available pada signal date;,E0860616C507BA3E41F2085F0EC6CB6210AA52ED,WS-B04,TBD,TBD,TBD,NOT_ASSESSED,NOT_ASSESSED,N/A,,
WS-S03-PLAN-R027,YES,WS-S03,CORE_BEHAVIOR,REQUIRED,MANDATORY,authority/strategy/WS_PLAN_SCORING_AND_TRADE_PLAN.md,PLAN Scoring,46,menggunakan deterministic versioned transform;,19B07F7AE97B4D806B74221DEB6123686CC82AF7,WS-B04,TBD,TBD,TBD,NOT_ASSESSED,NOT_ASSESSED,N/A,,
WS-S03-PLAN-R028,YES,WS-S03,CORE_BEHAVIOR,REQUIRED,MANDATORY,authority/strategy/WS_PLAN_SCORING_AND_TRADE_PLAN.md,PLAN Scoring,47,mempunyai active feature yang valid; missing active component tidak boleh diganti synthetic zero untuk recommendation candidate.,26A89174F40C05022404F81B8E842CC271E2C2A9,WS-B04,TBD,TBD,TBD,NOT_ASSESSED,NOT_ASSESSED,N/A,,
WS-S03-PLAN-R029,YES,WS-S03,CORE_BEHAVIOR,REFERENCE_ONLY,MANDATORY,authority/strategy/WS_PLAN_SCORING_AND_TRADE_PLAN.md,PLAN Scoring,49,Canonical combine semantics adalah normalized weighted sum:,49D24D28CA842BB19BD2B6AD002F9CC7CAF7E24B,WS-B04,N/A,N/A,N/A,N/A,REFERENCE_ONLY,N/A,,
WS-S03-PLAN-R030,YES,WS-S03,CORE_BEHAVIOR,REQUIRED,MANDATORY,authority/strategy/WS_PLAN_SCORING_AND_TRADE_PLAN.md,PLAN Scoring,51,`score_total = clamp01(w_momentum*S_momentum + w_breakout*S_breakout + w_volume*S_volume + w_risk*S_risk)`,0384B1179CE7FBD1AD908539C6EF840A33D99D6E,WS-B04,TBD,TBD,TBD,NOT_ASSESSED,NOT_ASSESSED,N/A,,
WS-S03-PLAN-R031,YES,WS-S03,CORE_BEHAVIOR,REFERENCE_ONLY,MANDATORY,authority/strategy/WS_PLAN_SCORING_AND_TRADE_PLAN.md,PLAN Scoring,53,dengan:,BAAAE3DA7B457139003DCAF1DB9CDFFA7D36C0FF,WS-B04,N/A,N/A,N/A,N/A,REFERENCE_ONLY,N/A,,
WS-S03-PLAN-R032,YES,WS-S03,CORE_BEHAVIOR,REQUIRED,MANDATORY,authority/strategy/WS_PLAN_SCORING_AND_TRADE_PLAN.md,PLAN Scoring,54,seluruh weight `>= 0`;,B5F0998983859A3735EEFCA0FF38E54721D370C5,WS-B04,TBD,TBD,TBD,NOT_ASSESSED,NOT_ASSESSED,N/A,,
WS-S03-PLAN-R033,YES,WS-S03,CORE_BEHAVIOR,REQUIRED,MANDATORY,authority/strategy/WS_PLAN_SCORING_AND_TRADE_PLAN.md,PLAN Scoring,55,total weight `= 1`;,63DC5E73FE75A61BA5355A03D2FC2A8F9ED83C0E,WS-B04,TBD,TBD,TBD,NOT_ASSESSED,NOT_ASSESSED,N/A,,
WS-S03-PLAN-R034,YES,WS-S03,CORE_BEHAVIOR,REQUIRED,MANDATORY,authority/strategy/WS_PLAN_SCORING_AND_TRADE_PLAN.md,PLAN Scoring,56,exact component transform dan weights menjadi bagian dari frozen active strategy/paramset identity;,54EB4FA028CFBF5DA40F4006E0FFBD6192E2E674,WS-B04,TBD,TBD,TBD,NOT_ASSESSED,NOT_ASSESSED,N/A,,
WS-S03-PLAN-R035,YES,WS-S03,CORE_BEHAVIOR,REQUIRED,MANDATORY,authority/strategy/WS_PLAN_SCORING_AND_TRADE_PLAN.md,PLAN Scoring,57,weights/transform tidak boleh diubah setelah evaluation outcome dibaca.,3A17A2377BE57F69AFE3D996E558725000B967E4,WS-B04,TBD,TBD,TBD,NOT_ASSESSED,NOT_ASSESSED,N/A,,
WS-S03-PLAN-R036,YES,WS-S03,CORE_BEHAVIOR,REQUIRED,MANDATORY,authority/strategy/WS_PLAN_SCORING_AND_TRADE_PLAN.md,PLAN Scoring,59,`score_total` adalah canonical quality score yang dipakai downstream untuk final recommendation qualification dan ranking. Baseline Weekly Swing tidak membuat second opaque score yang tidak mempunyai hubungan jelas dengan PLAN quality.,424E7B071F0B98BC5D3230C05815715B380B97C5,WS-B04,TBD,TBD,TBD,NOT_ASSESSED,NOT_ASSESSED,N/A,,
WS-S03-PLAN-R062,YES,WS-S03,CORE_BEHAVIOR,REQUIRED,MANDATORY,authority/strategy/WS_PLAN_SCORING_AND_TRADE_PLAN.md,Score Interpretation Boundary,63,"`score_total` mengukur relative/canonical setup quality dan **bukan calibrated probability of profit, target return, atau certainty score**. Monotonic ordering harus dibuktikan downstream melalui realized ranking utility; nilai score sendiri tidak boleh dipakai untuk mengklaim probabilitas kemenangan.",64380B1AC986A0616950D5E5E0162D1AC08FFBCD,WS-B04,TBD,TBD,TBD,NOT_ASSESSED,NOT_ASSESSED,N/A,,Added by D-WS-20260819-05 high-trust strategy strengthening.
WS-S03-PLAN-R063,YES,WS-S03,CORE_BEHAVIOR,REQUIRED,MANDATORY,authority/strategy/WS_PLAN_SCORING_AND_TRADE_PLAN.md,Feature-Family Expansion / Challenger Rule,67,"Canonical baseline tetap empat quality dimensions di atas. Penambahan feature family seperti relative strength vs IHSG, sector relative strength, trend structure, atau regime-specific score **tidak boleh masuk diam-diam** ke baseline.",2635B0D407FC5E022E073F0D81F835C9A5EECDBE,WS-B04,TBD,TBD,TBD,NOT_ASSESSED,NOT_ASSESSED,N/A,,Added by D-WS-20260819-05 high-trust strategy strengthening.
WS-S03-PLAN-R064,YES,WS-S03,CORE_BEHAVIOR,REQUIRED,MANDATORY,authority/strategy/WS_PLAN_SCORING_AND_TRADE_PLAN.md,Feature-Family Expansion / Challenger Rule,69,Setiap feature-family addition harus:,1C883A584F059BE7A02BDD57B854BFEECF1A8E9D,WS-B04,TBD,TBD,TBD,NOT_ASSESSED,NOT_ASSESSED,N/A,,Added by D-WS-20260819-05 high-trust strategy strengthening.
WS-S03-PLAN-R065,YES,WS-S03,CORE_BEHAVIOR,REQUIRED,MANDATORY,authority/strategy/WS_PLAN_SCORING_AND_TRADE_PLAN.md,Feature-Family Expansion / Challenger Rule,71,menjadi preregistered challenger identity;,80229662A0D4F66EDEC8E01FE630B5BC95ED9A72,WS-B04,TBD,TBD,TBD,NOT_ASSESSED,NOT_ASSESSED,N/A,,Added by D-WS-20260819-05 high-trust strategy strengthening.
WS-S03-PLAN-R066,YES,WS-S03,CORE_BEHAVIOR,REQUIRED,MANDATORY,authority/strategy/WS_PLAN_SCORING_AND_TRADE_PLAN.md,Feature-Family Expansion / Challenger Rule,72,memakai same-date causal producer facts;,FA26878C8C99EBAA7862F2D675A9E7E660916F02,WS-B04,TBD,TBD,TBD,NOT_ASSESSED,NOT_ASSESSED,N/A,,Added by D-WS-20260819-05 high-trust strategy strengthening.
WS-S03-PLAN-R067,YES,WS-S03,CORE_BEHAVIOR,REQUIRED,MANDATORY,authority/strategy/WS_PLAN_SCORING_AND_TRADE_PLAN.md,Feature-Family Expansion / Challenger Rule,73,"dibandingkan dengan canonical baseline pada dates, friction, dan evaluation semantics yang sama;",96EAA8E911ABBCFF85EAA62625C006B48D265F09,WS-B04,TBD,TBD,TBD,NOT_ASSESSED,NOT_ASSESSED,N/A,,Added by D-WS-20260819-05 high-trust strategy strengthening.
WS-S03-PLAN-R068,YES,WS-S03,CORE_BEHAVIOR,REQUIRED,MANDATORY,authority/strategy/WS_PLAN_SCORING_AND_TRADE_PLAN.md,Feature-Family Expansion / Challenger Rule,74,menunjukkan incremental edge/ranking utility yang bukan hanya isolated best return;,A83DB5881480F308758C09DED07888EBE759B7BA,WS-B04,TBD,TBD,TBD,NOT_ASSESSED,NOT_ASSESSED,N/A,,Added by D-WS-20260819-05 high-trust strategy strengthening.
WS-S03-PLAN-R069,YES,WS-S03,CORE_BEHAVIOR,REQUIRED,MANDATORY,authority/strategy/WS_PLAN_SCORING_AND_TRADE_PLAN.md,Feature-Family Expansion / Challenger Rule,75,"melewati multiple-testing, IS robustness, untouched OOS, stress, dan shadow proof sebagai identity baru sebelum dapat menggantikan baseline.",2933D1295C1DEE89AEFD6BFFC3C7F82A7301015D,WS-B04,TBD,TBD,TBD,NOT_ASSESSED,NOT_ASSESSED,N/A,,Added by D-WS-20260819-05 high-trust strategy strengthening.
WS-S03-PLAN-R070,YES,WS-S03,CORE_BEHAVIOR,REQUIRED,MANDATORY,authority/strategy/WS_PLAN_SCORING_AND_TRADE_PLAN.md,Feature-Family Expansion / Challenger Rule,77,Feature yang gagal menambah robust evidence tidak dipertahankan hanya karena terlihat intuitif.,9F7E4B9C65A22CEA3C28D6DAB0991EB6136E63DB,WS-B04,TBD,TBD,TBD,NOT_ASSESSED,NOT_ASSESSED,N/A,,Added by D-WS-20260819-05 high-trust strategy strengthening.
WS-S03-PLAN-R037,YES,WS-S03,CORE_BEHAVIOR,REFERENCE_ONLY,MANDATORY,authority/strategy/WS_PLAN_SCORING_AND_TRADE_PLAN.md,Canonical PLAN Ordering,81,`RECOMMENDATION_CANDIDATES` diurutkan dengan prioritas:,2F6C0B9B50F4AB17674C7A6E4777A757EB32EDD1,WS-B04,N/A,N/A,N/A,N/A,REFERENCE_ONLY,N/A,,
WS-S03-PLAN-R038,YES,WS-S03,CORE_BEHAVIOR,REQUIRED,MANDATORY,authority/strategy/WS_PLAN_SCORING_AND_TRADE_PLAN.md,Canonical PLAN Ordering,83,`score_total` lebih tinggi;,92AD1C878F74AC4D9FE49083C048AE64FFBC3D6C,WS-B04,TBD,TBD,TBD,NOT_ASSESSED,NOT_ASSESSED,N/A,,
WS-S03-PLAN-R039,YES,WS-S03,CORE_BEHAVIOR,REQUIRED,MANDATORY,authority/strategy/WS_PLAN_SCORING_AND_TRADE_PLAN.md,Canonical PLAN Ordering,84,breakout quality lebih tinggi;,B3B94F94156907BB1D6035C113E0DAE2EDE67E4E,WS-B04,TBD,TBD,TBD,NOT_ASSESSED,NOT_ASSESSED,N/A,,
WS-S03-PLAN-R040,YES,WS-S03,CORE_BEHAVIOR,REQUIRED,MANDATORY,authority/strategy/WS_PLAN_SCORING_AND_TRADE_PLAN.md,Canonical PLAN Ordering,85,momentum quality lebih tinggi;,9DFCB74EDEA9A81C5BF9000E954873AD1330B5EF,WS-B04,TBD,TBD,TBD,NOT_ASSESSED,NOT_ASSESSED,N/A,,
WS-S03-PLAN-R041,YES,WS-S03,CORE_BEHAVIOR,REQUIRED,MANDATORY,authority/strategy/WS_PLAN_SCORING_AND_TRADE_PLAN.md,Canonical PLAN Ordering,86,canonical liquidity metric (`adv20_close_volume_proxy_idr` for current bootstrap identity) lebih tinggi;,353D319FD764B233AF0DE80641CDEE89F92DE1F1,WS-B04,TBD,TBD,TBD,NOT_ASSESSED,NOT_ASSESSED,N/A,,
WS-S03-PLAN-R042,YES,WS-S03,CORE_BEHAVIOR,REQUIRED,MANDATORY,authority/strategy/WS_PLAN_SCORING_AND_TRADE_PLAN.md,Canonical PLAN Ordering,87,ATR lebih rendah sebagai risk tie-break;,976F14A16A21E1572FA291380F41448BEFE9CCA4,WS-B04,TBD,TBD,TBD,NOT_ASSESSED,NOT_ASSESSED,N/A,,
WS-S03-PLAN-R043,YES,WS-S03,CORE_BEHAVIOR,REQUIRED,MANDATORY,authority/strategy/WS_PLAN_SCORING_AND_TRADE_PLAN.md,Canonical PLAN Ordering,88,stable ticker identity sebagai final deterministic tie-break.,7465EA3B8F3573F989F9C30C8F179A267E35010D,WS-B04,TBD,TBD,TBD,NOT_ASSESSED,NOT_ASSESSED,N/A,,
WS-S03-PLAN-R044,YES,WS-S03,CORE_BEHAVIOR,REQUIRED,MANDATORY,authority/strategy/WS_PLAN_SCORING_AND_TRADE_PLAN.md,Canonical PLAN Ordering,90,Ordering ini belum otomatis membuat candidate menjadi Top Pick.,E9744B4266397338CBB05515948D911B3F99A23F,WS-B04,TBD,TBD,TBD,NOT_ASSESSED,NOT_ASSESSED,N/A,,
WS-S03-PLAN-R045,YES,WS-S03,CORE_BEHAVIOR,REQUIRED,MANDATORY,authority/strategy/WS_PLAN_SCORING_AND_TRADE_PLAN.md,RECOMMENDATION_CANDIDATES,96,"Candidate yang telah melewati seluruh mandatory candidate gate, mempunyai complete active score features, dan boleh masuk final recommendation qualification.",7647142DBD23452D767C18D77D7ECCFDF2D966E6,WS-B04,TBD,TBD,TBD,NOT_ASSESSED,NOT_ASSESSED,N/A,,
WS-S03-PLAN-R046,YES,WS-S03,CORE_BEHAVIOR,REQUIRED,MANDATORY,authority/strategy/WS_PLAN_SCORING_AND_TRADE_PLAN.md,WATCH_ONLY,100,Ticker yang masih berguna untuk monitoring/diagnostic tetapi tidak memenuhi syarat untuk menjadi final recommendation pada run tersebut.,2A3ADAC0CA761A76CE87790D24A2E154399853DC,WS-B04,TBD,TBD,TBD,NOT_ASSESSED,NOT_ASSESSED,N/A,,
WS-S03-PLAN-R047,YES,WS-S03,CORE_BEHAVIOR,REQUIRED,MANDATORY,authority/strategy/WS_PLAN_SCORING_AND_TRADE_PLAN.md,AVOID,104,Ticker yang gagal mandatory Weekly Swing rule atau secara eksplisit dilarang oleh active strategy identity.,14E1EFB334BC34F74FDFBC27D3E1855831038FA6,WS-B04,TBD,TBD,TBD,NOT_ASSESSED,NOT_ASSESSED,N/A,,
WS-S03-PLAN-R048,YES,WS-S03,CORE_BEHAVIOR,REQUIRED,MANDATORY,authority/strategy/WS_PLAN_SCORING_AND_TRADE_PLAN.md,Plan-Derived Trade Plan,108,Candidate yang dapat diteruskan ke recommendation harus mempunyai trade plan yang lengkap untuk active Weekly Swing evaluation identity.,32ABE1B09CD0C4C354FD6C25BB6F10A089957B1E,WS-B04,TBD,TBD,TBD,NOT_ASSESSED,NOT_ASSESSED,N/A,,
WS-S03-PLAN-R049,YES,WS-S03,CORE_BEHAVIOR,REFERENCE_ONLY,MANDATORY,authority/strategy/WS_PLAN_SCORING_AND_TRADE_PLAN.md,Plan-Derived Trade Plan,110,Minimal:,908AF42796C72BADADF034629DCD4ADF80229DCD,WS-B04,N/A,N/A,N/A,N/A,REFERENCE_ONLY,N/A,,
WS-S03-PLAN-R050,YES,WS-S03,CORE_BEHAVIOR,REQUIRED,MANDATORY,authority/strategy/WS_PLAN_SCORING_AND_TRADE_PLAN.md,Plan-Derived Trade Plan,111,causal entry rule/reference;,0D579430499B5D630F8F5A57AC86BD5EA121DEA6,WS-B04,TBD,TBD,TBD,NOT_ASSESSED,NOT_ASSESSED,N/A,,
WS-S03-PLAN-R051,YES,WS-S03,CORE_BEHAVIOR,REQUIRED,MANDATORY,authority/strategy/WS_PLAN_SCORING_AND_TRADE_PLAN.md,Plan-Derived Trade Plan,112,maximum holding horizon;,5B7F36EC6AB7FE2D97921B5E4B3214A7553D3E44,WS-B04,TBD,TBD,TBD,NOT_ASSESSED,NOT_ASSESSED,N/A,,
WS-S03-PLAN-R052,YES,WS-S03,CORE_BEHAVIOR,REQUIRED,MANDATORY,authority/strategy/WS_PLAN_SCORING_AND_TRADE_PLAN.md,Plan-Derived Trade Plan,113,active exit-policy binding;,AC23A8735548F6E9C687E9241C0B4788F39C6CA6,WS-B04,TBD,TBD,TBD,NOT_ASSESSED,NOT_ASSESSED,N/A,,
WS-S03-PLAN-R053,YES,WS-S03,CORE_BEHAVIOR,REQUIRED,MANDATORY,authority/strategy/WS_PLAN_SCORING_AND_TRADE_PLAN.md,Plan-Derived Trade Plan,114,risk/downside control yang sesuai exit policy.,F80AC8128A7191C89B2D5AFC8444E08F091D010F,WS-B04,TBD,TBD,TBD,NOT_ASSESSED,NOT_ASSESSED,N/A,,
WS-S03-PLAN-R054,YES,WS-S03,CORE_BEHAVIOR,REQUIRED,CONDITIONAL_ACTIVE,authority/strategy/WS_PLAN_SCORING_AND_TRADE_PLAN.md,Plan-Derived Trade Plan,116,"Jika active exit policy memakai stop/target, PLAN wajib mempunyai stop, target, dan minimum risk/reward yang sah.",2CFDC2D99D8E14D6384CBB9118BBEBCC8DF8F60B,WS-B04,TBD,TBD,TBD,NOT_ASSESSED,NOT_ASSESSED,N/A,,
WS-S03-PLAN-R055,YES,WS-S03,CORE_BEHAVIOR,REQUIRED,CONDITIONAL_ACTIVE,authority/strategy/WS_PLAN_SCORING_AND_TRADE_PLAN.md,Plan-Derived Trade Plan,118,"Jika active exit policy memakai sequential close-signal → next-open exit, PLAN wajib mengikat seluruh profit/loss signal threshold dan fallback exit sebelum entry.",323E57EC98C8FB4BF135CDA1B8B8A0D3713998F9,WS-B04,TBD,TBD,TBD,NOT_ASSESSED,NOT_ASSESSED,N/A,,
WS-S03-PLAN-R056,YES,WS-S03,CORE_BEHAVIOR,REQUIRED,MANDATORY,authority/strategy/WS_PLAN_SCORING_AND_TRADE_PLAN.md,Plan-Derived Trade Plan,120,"PLAN adalah planning information, bukan order instruction.",DD3B7A6EC2E6B9B09F5907918C2E9E99FE24465D,WS-B04,TBD,TBD,TBD,NOT_ASSESSED,NOT_ASSESSED,N/A,,
WS-S03-PLAN-R057,YES,WS-S03,CORE_BEHAVIOR,REQUIRED,MANDATORY,authority/strategy/WS_PLAN_SCORING_AND_TRADE_PLAN.md,Final Rules,124,PLAN tidak memiliki final Top Picks.,BE715E3E62CC380021A93961AA10E306489CD117,WS-B04,TBD,TBD,TBD,NOT_ASSESSED,NOT_ASSESSED,N/A,,
WS-S03-PLAN-R058,YES,WS-S03,CORE_BEHAVIOR,REQUIRED,MANDATORY,authority/strategy/WS_PLAN_SCORING_AND_TRADE_PLAN.md,Final Rules,125,Hanya `RECOMMENDATION_CANDIDATES` yang dapat diteruskan ke final recommendation qualification.,D0CF44F896867799691D309543BF69D75CA549AA,WS-B04,TBD,TBD,TBD,NOT_ASSESSED,NOT_ASSESSED,N/A,,
WS-S03-PLAN-R059,YES,WS-S03,CORE_BEHAVIOR,REQUIRED,MANDATORY,authority/strategy/WS_PLAN_SCORING_AND_TRADE_PLAN.md,Final Rules,126,`WATCH_ONLY` dan `AVOID` tidak dapat menjadi Top Picks pada run yang sama.,DB82EDEDCFFA7BF5DA7862DB010074AF768111E4,WS-B04,TBD,TBD,TBD,NOT_ASSESSED,NOT_ASSESSED,N/A,,
WS-S03-PLAN-R060,YES,WS-S03,CORE_BEHAVIOR,REQUIRED,MANDATORY,authority/strategy/WS_PLAN_SCORING_AND_TRADE_PLAN.md,Final Rules,127,`score_total` adalah canonical downstream quality score dengan explicit weighted-sum semantics.,4A15A17BE23C24F559CF793E746747CFDE782F63,WS-B04,TBD,TBD,TBD,NOT_ASSESSED,NOT_ASSESSED,N/A,,
WS-S03-PLAN-R061,YES,WS-S03,CORE_BEHAVIOR,REQUIRED,MANDATORY,authority/strategy/WS_PLAN_SCORING_AND_TRADE_PLAN.md,Final Rules,128,Candidate count tidak boleh dipaksa untuk memenuhi kebutuhan output.,6281373CD23DD530ADA5FD2FA8368E6E35E91E27,WS-B04,TBD,TBD,TBD,NOT_ASSESSED,NOT_ASSESSED,N/A,,
WS-S00-PRODUCT-R001,YES,WS-S00,SCOPE_OR_PRODUCT_CONTRACT,REFERENCE_ONLY,MANDATORY,authority/strategy/WS_PRODUCT_OBJECTIVE_AND_LAYERS.md,Purpose,5,"Weekly Swing watchlist bertujuan mengubah Market Data EOD yang dapat dipercaya menjadi daftar saham yang benar-benar layak dipertimbangkan untuk pembelian swing, lalu mengurutkan kandidat yang lulus menjadi **Top Picks** dari kualitas tertinggi ke terendah.",257204DB5BE45B923B629CAEEEA067E756A60712,WS-B00,N/A,N/A,N/A,N/A,REFERENCE_ONLY,N/A,,
WS-S00-PRODUCT-R002,YES,WS-S00,SCOPE_OR_PRODUCT_CONTRACT,REFERENCE_ONLY,CONDITIONAL_ACTIVE,authority/strategy/WS_PRODUCT_OBJECTIVE_AND_LAYERS.md,Purpose,7,Weekly Swing mempunyai dua core layer dan satu optional enhancement:,A23894C64B75EB52052B002F8A171CFB18DFCFE8,WS-B00,N/A,N/A,N/A,N/A,REFERENCE_ONLY,N/A,,
WS-S00-PRODUCT-R003,YES,WS-S00,SCOPE_OR_PRODUCT_CONTRACT,REFERENCE_ONLY,MANDATORY,authority/strategy/WS_PRODUCT_OBJECTIVE_AND_LAYERS.md,Purpose,9,**PLAN** — membentuk dan memprioritaskan candidate setup;,85D155D8948F97BE847913187DBD12B2BC901F17,WS-B00,N/A,N/A,N/A,N/A,REFERENCE_ONLY,N/A,,
WS-S00-PRODUCT-R004,YES,WS-S00,SCOPE_OR_PRODUCT_CONTRACT,REFERENCE_ONLY,MANDATORY,authority/strategy/WS_PRODUCT_OBJECTIVE_AND_LAYERS.md,Purpose,10,**RECOMMENDATION** — menetapkan qualified recommendation dan final Top Picks ranking;,403144647AB024EBB74A51E1C41F0A6D90FA2798,WS-B00,N/A,N/A,N/A,N/A,REFERENCE_ONLY,N/A,,
WS-S00-PRODUCT-R005,YES,WS-S00,SCOPE_OR_PRODUCT_CONTRACT,REFERENCE_ONLY,CONDITIONAL_ACTIVE,authority/strategy/WS_PRODUCT_OBJECTIVE_AND_LAYERS.md,Purpose,11,"**CONFIRM (optional)** — bila valid decision-time data tersedia, memeriksa apakah Top Pick masih actionable ketika pengguna hendak mengambil keputusan beli.",7CA436C2B119901927E1BDA35A04637B62728F7D,WS-B00,N/A,N/A,N/A,N/A,REFERENCE_ONLY,N/A,,
WS-S00-PRODUCT-R006,YES,WS-S00,SCOPE_OR_PRODUCT_CONTRACT,REFERENCE_ONLY,MANDATORY,authority/strategy/WS_PRODUCT_OBJECTIVE_AND_LAYERS.md,Lifecycle Position,15,**Stage:** `WS-S00` — Scope and Success Lock.,6CFB8CAB9B4D9C36DFC581C78B40BB8A1CC4851A,WS-B00,N/A,N/A,N/A,N/A,REFERENCE_ONLY,N/A,,
WS-S00-PRODUCT-R007,YES,WS-S00,SCOPE_OR_PRODUCT_CONTRACT,REFERENCE_ONLY,MANDATORY,authority/strategy/WS_PRODUCT_OBJECTIVE_AND_LAYERS.md,Lifecycle Position,16,**Consumes:** Weekly Swing product intent under the scope lock.,E098A83411A70C438DCF7AA484F442EC39B226A9,WS-B00,N/A,N/A,N/A,N/A,REFERENCE_ONLY,N/A,,
WS-S00-PRODUCT-R008,YES,WS-S00,SCOPE_OR_PRODUCT_CONTRACT,REFERENCE_ONLY,MANDATORY,authority/strategy/WS_PRODUCT_OBJECTIVE_AND_LAYERS.md,Lifecycle Position,17,"**Produces:** canonical product objective, layer meaning, dan final recommendation semantics.",E2CB24923511DF28E3A86C12891B601A3EE654A7,WS-B00,N/A,N/A,N/A,N/A,REFERENCE_ONLY,N/A,,
WS-S00-PRODUCT-R009,YES,WS-S00,SCOPE_OR_PRODUCT_CONTRACT,REFERENCE_ONLY,MANDATORY,authority/strategy/WS_PRODUCT_OBJECTIVE_AND_LAYERS.md,Lifecycle Position,18,**Next:** `WS-S01` trusted Market Data binding.,04AD41B1884A222B280F15A9E27733BE5A36ACCB,WS-B00,N/A,N/A,N/A,N/A,REFERENCE_ONLY,N/A,,
WS-S01-PRODUCT-R001,YES,WS-S01,SCOPE_OR_PRODUCT_CONTRACT,REQUIRED,MANDATORY,authority/strategy/WS_PRODUCT_OBJECTIVE_AND_LAYERS.md,Upstream Contract Boundary,22,"Weekly Swing does not own market-fact meaning. `WS-S01` is governed by `WS_MARKET_DATA_INPUT_REQUIREMENTS.md`: current EOD Top Picks may only originate from a readable, fresh, same-date producer-facing Market Data read product. Market Data `data_usable` is only an upstream integrity prerequisite; candidate eligibility, thresholds, score, rank, and recommendation remain Weekly Swing policy.",98EA3311DB7355781F7A6C5AB64693CD3843E569,WS-B01,TBD,TBD,TBD,NOT_ASSESSED,NOT_ASSESSED,N/A,,
WS-S00-PRODUCT-R010,YES,WS-S00,SCOPE_OR_PRODUCT_CONTRACT,REQUIRED,MANDATORY,authority/strategy/WS_PRODUCT_OBJECTIVE_AND_LAYERS.md,Product Objective,26,Strategy mengutamakan **quality over quantity**.,0528AEE0ACCCE75643788C3BB90AE293CE675C3F,WS-B00,TBD,TBD,TBD,NOT_ASSESSED,NOT_ASSESSED,N/A,,
WS-S00-PRODUCT-R011,YES,WS-S00,SCOPE_OR_PRODUCT_CONTRACT,REFERENCE_ONLY,MANDATORY,authority/strategy/WS_PRODUCT_OBJECTIVE_AND_LAYERS.md,Product Objective,28,"Keberhasilan Weekly Swing tidak diukur dari banyaknya saham yang muncul, tetapi dari kemampuan strategy untuk:",97B181A6D91C59A8256C91F5A1D84984F17F6F2D,WS-B00,N/A,N/A,N/A,N/A,REFERENCE_ONLY,N/A,,
WS-S00-PRODUCT-R012,YES,WS-S00,SCOPE_OR_PRODUCT_CONTRACT,REQUIRED,MANDATORY,authority/strategy/WS_PRODUCT_OBJECTIVE_AND_LAYERS.md,Product Objective,29,menolak kandidat yang tidak cukup layak;,F359732570D963C2993AE72800B52553B3B56622,WS-B00,TBD,TBD,TBD,NOT_ASSESSED,NOT_ASSESSED,N/A,,
WS-S00-PRODUCT-R013,YES,WS-S00,SCOPE_OR_PRODUCT_CONTRACT,REQUIRED,MANDATORY,authority/strategy/WS_PRODUCT_OBJECTIVE_AND_LAYERS.md,Product Objective,30,menghasilkan recommendation dengan positive expected net return setelah realistic trading friction;,21E7F01E5926FBDE3007F2473CA67885CA0BBED5,WS-B00,TBD,TBD,TBD,NOT_ASSESSED,NOT_ASSESSED,N/A,,
WS-S00-PRODUCT-R014,YES,WS-S00,SCOPE_OR_PRODUCT_CONTRACT,REQUIRED,MANDATORY,authority/strategy/WS_PRODUCT_OBJECTIVE_AND_LAYERS.md,Product Objective,31,menjaga downside dan period stability;,F1468287522763A642131F5915153AF8039A37C6,WS-B00,TBD,TBD,TBD,NOT_ASSESSED,NOT_ASSESSED,N/A,,
WS-S00-PRODUCT-R015,YES,WS-S00,SCOPE_OR_PRODUCT_CONTRACT,REQUIRED,MANDATORY,authority/strategy/WS_PRODUCT_OBJECTIVE_AND_LAYERS.md,Product Objective,32,membuat rank lebih tinggi merepresentasikan kualitas yang setidaknya tidak lebih buruk daripada rank lebih rendah;,F7C7A38810DB55294755491A6169A584EE36452A,WS-B00,TBD,TBD,TBD,NOT_ASSESSED,NOT_ASSESSED,N/A,,
WS-S00-PRODUCT-R016,YES,WS-S00,SCOPE_OR_PRODUCT_CONTRACT,REQUIRED,MANDATORY,authority/strategy/WS_PRODUCT_OBJECTIVE_AND_LAYERS.md,Product Objective,33,menghasilkan output deterministik dan dapat direplay;,A4D5E1E14C62DBBE0355125A6C15FF5E5C5D2F3C,WS-B00,TBD,TBD,TBD,NOT_ASSESSED,NOT_ASSESSED,N/A,,
WS-S00-PRODUCT-R017,YES,WS-S00,SCOPE_OR_PRODUCT_CONTRACT,REQUIRED,MANDATORY,authority/strategy/WS_PRODUCT_OBJECTIVE_AND_LAYERS.md,Product Objective,34,mengizinkan no-trade ketika market tidak menyediakan peluang yang cukup baik;,67C8734B5B887F5B987817769087C4A67AD13C48,WS-B00,TBD,TBD,TBD,NOT_ASSESSED,NOT_ASSESSED,N/A,,
WS-S00-PRODUCT-R018,YES,WS-S00,SCOPE_OR_PRODUCT_CONTRACT,REQUIRED,CONDITIONAL_ACTIVE,authority/strategy/WS_PRODUCT_OBJECTIVE_AND_LAYERS.md,Product Objective,35,tetap menyelesaikan core Top Picks walaupun optional CONFIRM belum tersedia.,474EBE96C3FEF8090968331F0BF8FB1312E81365,WS-B00,TBD,TBD,TBD,NOT_ASSESSED,NOT_ASSESSED,N/A,,
WS-S00-PRODUCT-R019,YES,WS-S00,SCOPE_OR_PRODUCT_CONTRACT,REQUIRED,MANDATORY,authority/strategy/WS_PRODUCT_OBJECTIVE_AND_LAYERS.md,Canonical Naming,39,Istilah **TOP PICKS** hanya digunakan untuk **final qualified RECOMMENDATION**.,2A90B9B20B5B4515C388C6221AF8D687D1DEECB6,WS-B00,TBD,TBD,TBD,NOT_ASSESSED,NOT_ASSESSED,N/A,,
WS-S00-PRODUCT-R020,YES,WS-S00,SCOPE_OR_PRODUCT_CONTRACT,REFERENCE_ONLY,MANDATORY,authority/strategy/WS_PRODUCT_OBJECTIVE_AND_LAYERS.md,Canonical Naming,41,PLAN menggunakan candidate states:,16527CC5E25C63022E87F2F1E9122C4F1B18C220,WS-B00,N/A,N/A,N/A,N/A,REFERENCE_ONLY,N/A,,
WS-S00-PRODUCT-R021,YES,WS-S00,SCOPE_OR_PRODUCT_CONTRACT,REQUIRED,MANDATORY,authority/strategy/WS_PRODUCT_OBJECTIVE_AND_LAYERS.md,Canonical Naming,42,`RECOMMENDATION_CANDIDATES`;,543BA99C5B958E8910B76A7EF603C2B17EF87A6A,WS-B00,TBD,TBD,TBD,NOT_ASSESSED,NOT_ASSESSED,N/A,,
WS-S00-PRODUCT-R022,YES,WS-S00,SCOPE_OR_PRODUCT_CONTRACT,REQUIRED,MANDATORY,authority/strategy/WS_PRODUCT_OBJECTIVE_AND_LAYERS.md,Canonical Naming,43,`WATCH_ONLY`;,3C39B429F1DADA11E8730EC9C95A1FA9257E05C1,WS-B00,TBD,TBD,TBD,NOT_ASSESSED,NOT_ASSESSED,N/A,,
WS-S00-PRODUCT-R023,YES,WS-S00,SCOPE_OR_PRODUCT_CONTRACT,REQUIRED,MANDATORY,authority/strategy/WS_PRODUCT_OBJECTIVE_AND_LAYERS.md,Canonical Naming,44,`AVOID`.,BF3997386BD8634831E47D45BA8ECADD378FC98F,WS-B00,TBD,TBD,TBD,NOT_ASSESSED,NOT_ASSESSED,N/A,,
WS-S00-PRODUCT-R024,YES,WS-S00,SCOPE_OR_PRODUCT_CONTRACT,REQUIRED,MANDATORY,authority/strategy/WS_PRODUCT_OBJECTIVE_AND_LAYERS.md,Canonical Naming,46,PLAN candidate state tidak boleh dibaca sebagai final buy recommendation.,1F8A3825E805B944C4C0FFA573C8ED1DDA2C108A,WS-B00,TBD,TBD,TBD,NOT_ASSESSED,NOT_ASSESSED,N/A,,
WS-S00-PRODUCT-R025,YES,WS-S00,SCOPE_OR_PRODUCT_CONTRACT,REFERENCE_ONLY,MANDATORY,authority/strategy/WS_PRODUCT_OBJECTIVE_AND_LAYERS.md,Weekly Swing Architecture,50,Core sequence:,92EB175ECBAE57130E8D1ED848981CBE252DF573,WS-B00,N/A,N/A,N/A,N/A,REFERENCE_ONLY,N/A,,
WS-S00-PRODUCT-R026,YES,WS-S00,SCOPE_OR_PRODUCT_CONTRACT,REQUIRED,MANDATORY,authority/strategy/WS_PRODUCT_OBJECTIVE_AND_LAYERS.md,Weekly Swing Architecture,52,PLAN dibentuk dari authoritative EOD input dan candidate eligibility/setup strategy;,B5054EF1DB7B11C840C4F9AEF0031D6F29F121A6,WS-B00,TBD,TBD,TBD,NOT_ASSESSED,NOT_ASSESSED,N/A,,
WS-S00-PRODUCT-R027,YES,WS-S00,SCOPE_OR_PRODUCT_CONTRACT,REQUIRED,MANDATORY,authority/strategy/WS_PRODUCT_OBJECTIVE_AND_LAYERS.md,Weekly Swing Architecture,53,PLAN menjadi immutable;,CCB70D7993064D678B747222236F82B3518AFE18,WS-B00,TBD,TBD,TBD,NOT_ASSESSED,NOT_ASSESSED,N/A,,
WS-S00-PRODUCT-R028,YES,WS-S00,SCOPE_OR_PRODUCT_CONTRACT,REQUIRED,MANDATORY,authority/strategy/WS_PRODUCT_OBJECTIVE_AND_LAYERS.md,Weekly Swing Architecture,54,RECOMMENDATION mengevaluasi candidate PLAN dan menghasilkan seluruh qualified Top Picks;,42E8447F28844C4B70339889121764705351CCE3,WS-B00,TBD,TBD,TBD,NOT_ASSESSED,NOT_ASSESSED,N/A,,
WS-S00-PRODUCT-R029,YES,WS-S00,SCOPE_OR_PRODUCT_CONTRACT,REQUIRED,MANDATORY,authority/strategy/WS_PRODUCT_OBJECTIVE_AND_LAYERS.md,Weekly Swing Architecture,55,Top Picks diurutkan secara deterministik berdasarkan canonical quality score.,A3EE1E81A2404EA597FE265EC70F855D133CC43D,WS-B00,TBD,TBD,TBD,NOT_ASSESSED,NOT_ASSESSED,N/A,,
WS-S00-PRODUCT-R030,YES,WS-S00,SCOPE_OR_PRODUCT_CONTRACT,REFERENCE_ONLY,CONDITIONAL_ACTIVE,authority/strategy/WS_PRODUCT_OBJECTIVE_AND_LAYERS.md,Weekly Swing Architecture,57,Optional current-actionability branch:,7749AE3E9A2A3B0BF239A52FCB95593566BF2660,WS-B00,N/A,N/A,N/A,N/A,REFERENCE_ONLY,N/A,,
WS-S00-PRODUCT-R031,YES,WS-S00,SCOPE_OR_PRODUCT_CONTRACT,REQUIRED,CONDITIONAL_ACTIVE,authority/strategy/WS_PRODUCT_OBJECTIVE_AND_LAYERS.md,Weekly Swing Architecture,59,"pada intended next-trading-day entry session, CONFIRM **dapat** mengevaluasi current actionability dari Top Pick bila valid current data tersedia, tanpa menulis ulang historical EOD recommendation.",76872F088F22213970E4142C93DF6F2447B91C4A,WS-B00,TBD,TBD,TBD,NOT_ASSESSED,NOT_ASSESSED,N/A,,
WS-S00-PRODUCT-R032,YES,WS-S00,SCOPE_OR_PRODUCT_CONTRACT,REQUIRED,MANDATORY,authority/strategy/WS_PRODUCT_OBJECTIVE_AND_LAYERS.md,Weekly Swing Architecture,61,Tidak adanya CONFIRM tidak mengubah core sequence menjadi gagal atau incomplete.,9E2B1CC981A0A1A909AA8D818C794E3EDC831530,WS-B00,TBD,TBD,TBD,NOT_ASSESSED,NOT_ASSESSED,N/A,,
WS-S04-PRODUCT-R001,YES,WS-S04,SCOPE_OR_PRODUCT_CONTRACT,REFERENCE_ONLY,CONDITIONAL_ACTIVE,authority/strategy/WS_PRODUCT_OBJECTIVE_AND_LAYERS.md,Recommendation Meaning,65,Sebuah ticker hanya disebut **Top Pick** bila ticker tersebut:,6407FBEF517964FE1CAE2CBE21A1A6151455C40A,WS-B05,N/A,N/A,N/A,N/A,REFERENCE_ONLY,N/A,,
WS-S04-PRODUCT-R002,YES,WS-S04,SCOPE_OR_PRODUCT_CONTRACT,REQUIRED,MANDATORY,authority/strategy/WS_PRODUCT_OBJECTIVE_AND_LAYERS.md,Recommendation Meaning,66,berasal dari PLAN candidate yang sah;,832984665C83AFFC63D17B6DF60040C9A4857417,WS-B05,TBD,TBD,TBD,NOT_ASSESSED,NOT_ASSESSED,N/A,,
WS-S04-PRODUCT-R003,YES,WS-S04,SCOPE_OR_PRODUCT_CONTRACT,REQUIRED,MANDATORY,authority/strategy/WS_PRODUCT_OBJECTIVE_AND_LAYERS.md,Recommendation Meaning,67,melewati seluruh hard eligibility/risk/data gate;,AE9D70589D126C758D9A8932A1CED1C1EE313503,WS-B05,TBD,TBD,TBD,NOT_ASSESSED,NOT_ASSESSED,N/A,,
WS-S04-PRODUCT-R004,YES,WS-S04,SCOPE_OR_PRODUCT_CONTRACT,REQUIRED,MANDATORY,authority/strategy/WS_PRODUCT_OBJECTIVE_AND_LAYERS.md,Recommendation Meaning,68,melewati final recommendation quality floor;,9FF81A670A1E3868FCD6B6AF8EE471FE0614E0D2,WS-B05,TBD,TBD,TBD,NOT_ASSESSED,NOT_ASSESSED,N/A,,
WS-S04-PRODUCT-R005,YES,WS-S04,SCOPE_OR_PRODUCT_CONTRACT,REQUIRED,MANDATORY,authority/strategy/WS_PRODUCT_OBJECTIVE_AND_LAYERS.md,Recommendation Meaning,69,memiliki predeclared trade plan yang sah;,9E821E9314091E611B3BF2BB63E016D4DF23EA72,WS-B05,TBD,TBD,TBD,NOT_ASSESSED,NOT_ASSESSED,N/A,,
WS-S04-PRODUCT-R006,YES,WS-S04,SCOPE_OR_PRODUCT_CONTRACT,REQUIRED,MANDATORY,authority/strategy/WS_PRODUCT_OBJECTIVE_AND_LAYERS.md,Recommendation Meaning,70,memenuhi exit-policy-specific risk requirement;,8F1C5886E389934A3E083032C6678E4AE46A84D6,WS-B05,TBD,TBD,TBD,NOT_ASSESSED,NOT_ASSESSED,N/A,,
WS-S04-PRODUCT-R007,YES,WS-S04,SCOPE_OR_PRODUCT_CONTRACT,REQUIRED,MANDATORY,authority/strategy/WS_PRODUCT_OBJECTIVE_AND_LAYERS.md,Recommendation Meaning,71,kemudian diurutkan menggunakan canonical recommendation ranking.,AD65EF294641CD37E19704A03DF4309B4843F437,WS-B05,TBD,TBD,TBD,NOT_ASSESSED,NOT_ASSESSED,N/A,,
WS-S04-PRODUCT-R008,YES,WS-S04,SCOPE_OR_PRODUCT_CONTRACT,REQUIRED,MANDATORY,authority/strategy/WS_PRODUCT_OBJECTIVE_AND_LAYERS.md,Recommendation Meaning,73,Jumlah Top Picks adalah jumlah aktual ticker yang lulus seluruh gate. Tidak ada kewajiban mengisi jumlah minimum atau maksimum hanya untuk kebutuhan tampilan.,B69CE9117E746BACCAC1A61CF4AD3149699F807D,WS-B05,TBD,TBD,TBD,NOT_ASSESSED,NOT_ASSESSED,N/A,,
WS-S05-PRODUCT-R001,YES,WS-S05,SCOPE_OR_PRODUCT_CONTRACT,REQUIRED,OPTIONAL_CAPABILITY,authority/strategy/WS_PRODUCT_OBJECTIVE_AND_LAYERS.md,Confirm Meaning,77,CONFIRM tidak memilih saham baru dan tidak mengubah EOD Top Picks ranking.,9F6519C95BD089033C1C9FF2EE9FE399DE34979C,WS-B07,TBD,TBD,TBD,NOT_ASSESSED,OPTIONAL_NOT_REQUESTED,N/A,,
WS-S05-PRODUCT-R002,YES,WS-S05,SCOPE_OR_PRODUCT_CONTRACT,REFERENCE_ONLY,OPTIONAL_CAPABILITY,authority/strategy/WS_PRODUCT_OBJECTIVE_AND_LAYERS.md,Confirm Meaning,79,CONFIRM hanya menjawab pertanyaan tambahan:,439FCF56C152F33927EED92B31105E2B1E6CD403,WS-B07,N/A,N/A,N/A,N/A,REFERENCE_ONLY,N/A,,
WS-S00-PRODUCT-R041,YES,WS-S00,SCOPE_OR_PRODUCT_CONTRACT,REQUIRED,MANDATORY,authority/strategy/WS_PRODUCT_OBJECTIVE_AND_LAYERS.md,Confirm Meaning,81,"> bila decision-time data yang sah tersedia, apakah Top Pick yang sudah direkomendasikan masih memenuhi current-entry conditions?",D3A5B5458333B762CFA41AE566A90607EC92286D,WS-B00,TBD,TBD,TBD,NOT_ASSESSED,NOT_ASSESSED,N/A,,Added by D-WS-20260819-05 high-trust strategy strengthening.
WS-S05-PRODUCT-R003,YES,WS-S05,SCOPE_OR_PRODUCT_CONTRACT,REFERENCE_ONLY,OPTIONAL_CAPABILITY,authority/strategy/WS_PRODUCT_OBJECTIVE_AND_LAYERS.md,Confirm Meaning,83,Top Pick tetap merupakan qualified EOD recommendation ketika CONFIRM:,5A916942F21A010D2E89ECE23621A15B46F4D8F4,WS-B07,N/A,N/A,N/A,N/A,REFERENCE_ONLY,N/A,,
WS-S05-PRODUCT-R004,YES,WS-S05,SCOPE_OR_PRODUCT_CONTRACT,REQUIRED,OPTIONAL_CAPABILITY,authority/strategy/WS_PRODUCT_OBJECTIVE_AND_LAYERS.md,Confirm Meaning,84,belum diminta (`NOT_REQUESTED`);,54906D35F18FEA4C88142E1334FBE15D02F73F72,WS-B07,TBD,TBD,TBD,NOT_ASSESSED,OPTIONAL_NOT_REQUESTED,N/A,,
WS-S05-PRODUCT-R005,YES,WS-S05,SCOPE_OR_PRODUCT_CONTRACT,REQUIRED,OPTIONAL_CAPABILITY,authority/strategy/WS_PRODUCT_OBJECTIVE_AND_LAYERS.md,Confirm Meaning,85,belum dapat dievaluasi karena data belum tersedia (`UNAVAILABLE_RETRYABLE`);,DFE3C1C466973192435336D0FB8E400E773DE509,WS-B07,TBD,TBD,TBD,NOT_ASSESSED,OPTIONAL_NOT_REQUESTED,N/A,,
WS-S05-PRODUCT-R006,YES,WS-S05,SCOPE_OR_PRODUCT_CONTRACT,REQUIRED,OPTIONAL_CAPABILITY,authority/strategy/WS_PRODUCT_OBJECTIVE_AND_LAYERS.md,Confirm Meaning,86,entry window selesai sebelum valid evaluation tersedia (`EXPIRED_UNCONFIRMED`).,7E8537FB38ED3106A006A610DB268787C7EB03A5,WS-B07,TBD,TBD,TBD,NOT_ASSESSED,OPTIONAL_NOT_REQUESTED,N/A,,
WS-S05-PRODUCT-R007,YES,WS-S05,SCOPE_OR_PRODUCT_CONTRACT,REQUIRED,OPTIONAL_CAPABILITY,authority/strategy/WS_PRODUCT_OBJECTIVE_AND_LAYERS.md,Confirm Meaning,88,`NOT_ACTIONABLE` hanya sah bila valid current data tersedia dan active actionability rule benar-benar gagal.,F9CCDAE429C09D17FFEAF5515B54A48226EA18FC,WS-B07,TBD,TBD,TBD,NOT_ASSESSED,OPTIONAL_NOT_REQUESTED,N/A,,
WS-S05-PRODUCT-R008,YES,WS-S05,SCOPE_OR_PRODUCT_CONTRACT,REQUIRED,OPTIONAL_CAPABILITY,authority/strategy/WS_PRODUCT_OBJECTIVE_AND_LAYERS.md,Confirm Meaning,90,"`UNAVAILABLE_RETRYABLE` bersifat non-terminal selama canonical entry window masih terbuka. Ketika valid data kemudian tersedia, CONFIRM dapat dievaluasi ulang dan menghasilkan `ACTIONABLE` atau `NOT_ACTIONABLE`.",C3099830230A18992E88447C0A41A5A1227AC397,WS-B07,TBD,TBD,TBD,NOT_ASSESSED,OPTIONAL_NOT_REQUESTED,N/A,,
WS-S05-PRODUCT-R009,YES,WS-S05,SCOPE_OR_PRODUCT_CONTRACT,REQUIRED,OPTIONAL_CAPABILITY,authority/strategy/WS_PRODUCT_OBJECTIVE_AND_LAYERS.md,Confirm Meaning,92,"CONFIRM menambah keyakinan current-entry; ia bukan prerequisite untuk membentuk, menyimpan, menilai, atau membuktikan core EOD Top Picks.",37B08489462874E22B529CED4DF431C852BD2C6B,WS-B07,TBD,TBD,TBD,NOT_ASSESSED,OPTIONAL_NOT_REQUESTED,N/A,,
WS-S00-PRODUCT-R042,YES,WS-S00,SCOPE_OR_PRODUCT_CONTRACT,REQUIRED,MANDATORY,authority/strategy/WS_PRODUCT_OBJECTIVE_AND_LAYERS.md,Score and User-Facing Confidence Semantics,96,"Canonical `score_total` / `recommendation_score` adalah **ordinal quality score**, bukan probability of profit. Nilai `0.80` tidak boleh ditampilkan atau ditafsirkan sebagai peluang untung `80%`.",337F918C66663E1CA15D6248B841C3DE91DF590E,WS-B00,TBD,TBD,TBD,NOT_ASSESSED,NOT_ASSESSED,N/A,,Added by D-WS-20260819-05 high-trust strategy strengthening.
WS-S00-PRODUCT-R043,YES,WS-S00,SCOPE_OR_PRODUCT_CONTRACT,REQUIRED,CONDITIONAL_ACTIVE,authority/strategy/WS_PRODUCT_OBJECTIVE_AND_LAYERS.md,Score and User-Facing Confidence Semantics,98,"Jika product kelak ingin menampilkan probability/confidence percentage, capability tersebut harus mempunyai separately versioned calibration identity dan dibuktikan pada untouched OOS/forward data dengan reliability/calibration evidence. Probability display tidak boleh dibuat dengan transform kosmetik dari `score_total`.",45865A9BEBE11A448687422ECCA40A05986E7505,WS-B00,TBD,TBD,TBD,NOT_ASSESSED,NOT_ASSESSED,N/A,,Added by D-WS-20260819-05 high-trust strategy strengthening.
WS-S00-PRODUCT-R044,YES,WS-S00,SCOPE_OR_PRODUCT_CONTRACT,REQUIRED,MANDATORY,authority/strategy/WS_PRODUCT_OBJECTIVE_AND_LAYERS.md,User-Visible Top-K Semantics,102,"Strategy membership tetap seluruh qualified Top Picks `1..N`. UI boleh menonjolkan Top-1, Top-3, atau Top-5, tetapi subset yang secara rutin menjadi fokus pengguna harus mempunyai proof tersendiri pada exact ranking yang sama. Presentation subset tidak boleh dipilih setelah return outcome diketahui.",4614782DD855D3735BDBB00CCD8FD476CDE8FCD7,WS-B00,TBD,TBD,TBD,NOT_ASSESSED,NOT_ASSESSED,N/A,,Added by D-WS-20260819-05 high-trust strategy strengthening.
WS-S00-PRODUCT-R045,YES,WS-S00,SCOPE_OR_PRODUCT_CONTRACT,REQUIRED,MANDATORY,authority/strategy/WS_PRODUCT_OBJECTIVE_AND_LAYERS.md,Operational Entry Availability Principle,106,"Qualified EOD recommendation baru dapat dianggap mempunyai canonical `D+1 open` execution opportunity bila recommendation telah dipublikasikan sebelum effective-dated market entry cutoff dengan minimum decision lead time yang dipersyaratkan strategy. Recommendation yang terlambat tetap merupakan EOD information record, tetapi tidak boleh diberi synthetic historical/live fill pada harga yang sudah tidak dapat dicapai pengguna.",5A89F10D4728B33323FC6060C1256E7803672316,WS-B00,TBD,TBD,TBD,NOT_ASSESSED,NOT_ASSESSED,N/A,,Added by D-WS-20260819-05 high-trust strategy strengthening.
WS-S00-PRODUCT-R033,YES,WS-S00,SCOPE_OR_PRODUCT_CONTRACT,REQUIRED,MANDATORY,authority/strategy/WS_PRODUCT_OBJECTIVE_AND_LAYERS.md,Final Rules,110,"PLAN menghasilkan candidates, bukan final Top Picks.",2A0FDD9E6F1964B96700C46A655F94DFA6DB458C,WS-B00,TBD,TBD,TBD,NOT_ASSESSED,NOT_ASSESSED,N/A,,
WS-S00-PRODUCT-R034,YES,WS-S00,SCOPE_OR_PRODUCT_CONTRACT,REQUIRED,MANDATORY,authority/strategy/WS_PRODUCT_OBJECTIVE_AND_LAYERS.md,Final Rules,111,RECOMMENDATION adalah owner final Top Picks.,7C2376D1AF55E30E06334C3942155B228945BC6E,WS-B00,TBD,TBD,TBD,NOT_ASSESSED,NOT_ASSESSED,N/A,,
WS-S00-PRODUCT-R035,YES,WS-S00,SCOPE_OR_PRODUCT_CONTRACT,REQUIRED,MANDATORY,authority/strategy/WS_PRODUCT_OBJECTIVE_AND_LAYERS.md,Final Rules,112,Top Picks boleh kosong dan jumlahnya tidak dipaksa oleh quota.,C658D693FF9716D919C563428355EC981CEF4BE6,WS-B00,TBD,TBD,TBD,NOT_ASSESSED,NOT_ASSESSED,N/A,,
WS-S00-PRODUCT-R036,YES,WS-S00,SCOPE_OR_PRODUCT_CONTRACT,REQUIRED,MANDATORY,authority/strategy/WS_PRODUCT_OBJECTIVE_AND_LAYERS.md,Final Rules,113,"Rank #1 adalah qualified recommendation dengan canonical quality ordering tertinggi, bukan sekadar item pertama dari PLAN.",2DA17189C41085726EC1CC6A124B3B59EBA0D0C8,WS-B00,TBD,TBD,TBD,NOT_ASSESSED,NOT_ASSESSED,N/A,,
WS-S00-PRODUCT-R037,YES,WS-S00,SCOPE_OR_PRODUCT_CONTRACT,REQUIRED,MANDATORY,authority/strategy/WS_PRODUCT_OBJECTIVE_AND_LAYERS.md,Final Rules,114,"Capital/affordability tidak menentukan kualitas, membership, atau rank Top Picks.",DD10B05F2E9AB92BEB2450E7BD8E9E67E7C8E802,WS-B00,TBD,TBD,TBD,NOT_ASSESSED,NOT_ASSESSED,N/A,,
WS-S00-PRODUCT-R038,YES,WS-S00,SCOPE_OR_PRODUCT_CONTRACT,REQUIRED,CONDITIONAL_ACTIVE,authority/strategy/WS_PRODUCT_OBJECTIVE_AND_LAYERS.md,Final Rules,115,"CONFIRM optional dan tidak mengubah recommendation history, membership, score, atau rank.",5B5CAAF75249B115FAC2B5D2C6FDA24568B3BB89,WS-B00,TBD,TBD,TBD,NOT_ASSESSED,NOT_ASSESSED,N/A,,
WS-S00-PRODUCT-R039,YES,WS-S00,SCOPE_OR_PRODUCT_CONTRACT,REQUIRED,MANDATORY,authority/strategy/WS_PRODUCT_OBJECTIVE_AND_LAYERS.md,Final Rules,116,"Missing/stale/incomplete CONFIRM data menghasilkan availability state, bukan strategy failure atau synthetic `NOT_ACTIONABLE`.",95BA8335882CE607C8E5B8E966A0E5FE07EE342A,WS-B00,TBD,TBD,TBD,NOT_ASSESSED,NOT_ASSESSED,N/A,,
WS-S00-PRODUCT-R040,YES,WS-S00,SCOPE_OR_PRODUCT_CONTRACT,REQUIRED,MANDATORY,authority/strategy/WS_PRODUCT_OBJECTIVE_AND_LAYERS.md,Final Rules,117,Recommendation yang tidak dieksekusi pada canonical entry window tidak otomatis menjadi new-entry signal pada hari berikutnya.,C4CD81CA283AEEE9D0FD78D56105BF4747CFD2C9,WS-B00,TBD,TBD,TBD,NOT_ASSESSED,NOT_ASSESSED,N/A,,
WS-S05-FLOW-R001,YES,WS-S05,CORE_BEHAVIOR,REFERENCE_ONLY,OPTIONAL_CAPABILITY,authority/strategy/WS_RUNTIME_FLOW.md,Purpose,5,"Dokumen ini menetapkan urutan canonical Weekly Swing dari EOD candidate generation sampai final ranked Top Picks, dengan optional CONFIRM sebagai current-actionability overlay yang tidak memblokir core product.",8C470D0C271DAC936560782B1B9E7522CE07A7D5,WS-B07,N/A,N/A,N/A,N/A,REFERENCE_ONLY,N/A,,
WS-S04-FLOW-R001,YES,WS-S04,CORE_BEHAVIOR,REFERENCE_ONLY,MANDATORY,authority/strategy/WS_RUNTIME_FLOW.md,Lifecycle Position,9,**Core runtime:** `WS-S01..WS-S04`.,889CC514FBCB269B925A56B0B0858FF6E4B2ACB9,WS-B05,N/A,N/A,N/A,N/A,REFERENCE_ONLY,N/A,,
WS-S05-FLOW-R002,YES,WS-S05,CORE_BEHAVIOR,REFERENCE_ONLY,OPTIONAL_CAPABILITY,authority/strategy/WS_RUNTIME_FLOW.md,Lifecycle Position,10,**Optional branch:** `WS-S05` CONFIRM.,AEEB14CA694E574949C707CA1DE8F844FAEC8EEA,WS-B07,N/A,N/A,N/A,N/A,REFERENCE_ONLY,N/A,,
WS-S04-FLOW-R002,YES,WS-S04,CORE_BEHAVIOR,REFERENCE_ONLY,MANDATORY,authority/strategy/WS_RUNTIME_FLOW.md,Lifecycle Position,11,**Consumes:** frozen `WS-S00` scope/objective.,D7AD6684A7B9D1BBD26E89776A514D74821EDE56,WS-B05,N/A,N/A,N/A,N/A,REFERENCE_ONLY,N/A,,
WS-S05-FLOW-R003,YES,WS-S05,CORE_BEHAVIOR,REFERENCE_ONLY,OPTIONAL_CAPABILITY,authority/strategy/WS_RUNTIME_FLOW.md,Lifecycle Position,12,"**Produces:** canonical dependency `Market Data → PLAN → RECOMMENDATION/TOP PICKS`, lalu optional `→ CONFIRM` bila valid decision-time data tersedia.",9DC07244C3491CB705862192B2AD873154D4E029,WS-B07,N/A,N/A,N/A,N/A,REFERENCE_ONLY,N/A,,
WS-S04-FLOW-R003,YES,WS-S04,CORE_BEHAVIOR,REFERENCE_ONLY,MANDATORY,authority/strategy/WS_RUNTIME_FLOW.md,Lifecycle Position,13,"**Core completion:** setiap valid trade date mempunyai deterministic EOD outcome termasuk valid no-pick state, tanpa membutuhkan CONFIRM.",9F5D01D35B19EF73E624A40B1C27D65B4232C1C0,WS-B05,N/A,N/A,N/A,N/A,REFERENCE_ONLY,N/A,,
WS-S03-FLOW-R001,YES,WS-S03,CORE_BEHAVIOR,REQUIRED,MANDATORY,authority/strategy/WS_RUNTIME_FLOW.md,A. PLAN — EOD Candidate Formation,17,"Pada akhir EOD untuk `trade_date`, Weekly Swing membentuk PLAN hanya dari intake yang lulus `WS_MARKET_DATA_INPUT_REQUIREMENTS.md`. Untuk new current PLAN, producer response harus readable, fresh, dan mempunyai `effective_trade_date` yang sama dengan requested `trade_date`. Explicit stale/prior-date fallback tidak boleh disamarkan sebagai PLAN tanggal baru.",994A141951BC51E811FF6743B1813A2EDE7582C6,WS-B04,TBD,TBD,TBD,NOT_ASSESSED,NOT_ASSESSED,N/A,,
WS-S03-FLOW-R002,YES,WS-S03,CORE_BEHAVIOR,REQUIRED,MANDATORY,authority/strategy/WS_RUNTIME_FLOW.md,A. PLAN — EOD Candidate Formation,19,PLAN harus mengikat publication/read-model identity yang diterima dan final/immutable sebelum RECOMMENDATION dibentuk.,5605C03404CF824C0B46F755DF8D6ED22F5A02F8,WS-B04,TBD,TBD,TBD,NOT_ASSESSED,NOT_ASSESSED,N/A,,
WS-S03-FLOW-R003,YES,WS-S03,CORE_BEHAVIOR,REQUIRED,MANDATORY,authority/strategy/WS_RUNTIME_FLOW.md,A. PLAN — EOD Candidate Formation,21,"PLAN berisi `RECOMMENDATION_CANDIDATES`, `WATCH_ONLY`, `AVOID`, serta plan-derived levels. PLAN tidak memiliki final Top Picks.",D50A5B7B2C2BA2354571F2E1D7CEB70EAAACECB4,WS-B04,TBD,TBD,TBD,NOT_ASSESSED,NOT_ASSESSED,N/A,,
WS-S04-FLOW-R004,YES,WS-S04,CORE_BEHAVIOR,REFERENCE_ONLY,MANDATORY,authority/strategy/WS_RUNTIME_FLOW.md,B. RECOMMENDATION — Final Qualified Top Picks,25,"Setelah PLAN immutable tersedia, RECOMMENDATION harus:",2ABF0347C73D865FA0B31042C5AD36397F24D97A,WS-B05,N/A,N/A,N/A,N/A,REFERENCE_ONLY,N/A,,
WS-S04-FLOW-R005,YES,WS-S04,CORE_BEHAVIOR,REQUIRED,MANDATORY,authority/strategy/WS_RUNTIME_FLOW.md,B. RECOMMENDATION — Final Qualified Top Picks,27,membaca candidate PLAN untuk `trade_date` yang sama;,2BDEF14C737E1CF5FF035632BC5ADF8A873A5D80,WS-B05,TBD,TBD,TBD,NOT_ASSESSED,NOT_ASSESSED,N/A,,
WS-S04-FLOW-R006,YES,WS-S04,CORE_BEHAVIOR,REQUIRED,MANDATORY,authority/strategy/WS_RUNTIME_FLOW.md,B. RECOMMENDATION — Final Qualified Top Picks,28,menerapkan final recommendation qualification gates;,D3537058FC5EBF71966E95E26FCCF9ADFD6E1852,WS-B05,TBD,TBD,TBD,NOT_ASSESSED,NOT_ASSESSED,N/A,,
WS-S04-FLOW-R007,YES,WS-S04,CORE_BEHAVIOR,REQUIRED,MANDATORY,authority/strategy/WS_RUNTIME_FLOW.md,B. RECOMMENDATION — Final Qualified Top Picks,29,mempertahankan semua candidate yang lulus dan menolak semua candidate yang gagal;,5FA577CF779B7E108E0E6F19673EA6A16AADB479,WS-B05,TBD,TBD,TBD,NOT_ASSESSED,NOT_ASSESSED,N/A,,
WS-S04-FLOW-R008,YES,WS-S04,CORE_BEHAVIOR,REQUIRED,MANDATORY,authority/strategy/WS_RUNTIME_FLOW.md,B. RECOMMENDATION — Final Qualified Top Picks,30,mengurutkan seluruh candidate yang lulus menjadi `TOP_PICKS` rank `1..N`;,94B6942D214E2A0937C643EA84CCC749F898E0DD,WS-B05,TBD,TBD,TBD,NOT_ASSESSED,NOT_ASSESSED,N/A,,
WS-S04-FLOW-R009,YES,WS-S04,CORE_BEHAVIOR,REQUIRED,MANDATORY,authority/strategy/WS_RUNTIME_FLOW.md,B. RECOMMENDATION — Final Qualified Top Picks,31,mengizinkan `N = 0`.,2FDF936375E346E57EE7278044F883318F78A149,WS-B05,TBD,TBD,TBD,NOT_ASSESSED,NOT_ASSESSED,N/A,,
WS-S04-FLOW-R010,YES,WS-S04,CORE_BEHAVIOR,REQUIRED,MANDATORY,authority/strategy/WS_RUNTIME_FLOW.md,B. RECOMMENDATION — Final Qualified Top Picks,33,Recommendation tidak membaca CONFIRM dan tidak bergantung pada capital input untuk menentukan membership atau rank.,2E87DFB137F9542E10B19ABEE18451E0E9615271,WS-B05,TBD,TBD,TBD,NOT_ASSESSED,NOT_ASSESSED,N/A,,
WS-S04-FLOW-R011,YES,WS-S04,CORE_BEHAVIOR,REQUIRED,MANDATORY,authority/strategy/WS_RUNTIME_FLOW.md,B. RECOMMENDATION — Final Qualified Top Picks,35,"Setelah final Top Picks terbentuk, **core Weekly Swing runtime untuk trade date tersebut selesai**. CONFIRM bukan prerequisite untuk menyimpan, mempublikasikan, membaca, atau membuktikan recommendation EOD.",77442111601E5C1004FD2783A5D89B9087A646E4,WS-B05,TBD,TBD,TBD,NOT_ASSESSED,NOT_ASSESSED,N/A,,
WS-S04-FLOW-R040,YES,WS-S04,CORE_BEHAVIOR,REQUIRED,MANDATORY,authority/strategy/WS_RUNTIME_FLOW.md,B1. Recommendation Availability and Entry Cutoff,39,Final Top Picks runtime record wajib menyimpan `recommendation_available_at` dan effective-dated intended entry session.,094B6E11B5AC7EEE2D1D113509F1733391BA6660,WS-B05,TBD,TBD,TBD,NOT_ASSESSED,NOT_ASSESSED,N/A,,Added by D-WS-20260819-05 high-trust strategy strengthening.
WS-S04-FLOW-R041,YES,WS-S04,CORE_BEHAVIOR,REFERENCE_ONLY,MANDATORY,authority/strategy/WS_RUNTIME_FLOW.md,B1. Recommendation Availability and Entry Cutoff,41,Canonical `D+1 open` opportunity hanya sah bila:,18B615D9AAC018C17F213C779C089F0F16FC5BA0,WS-B05,N/A,N/A,N/A,N/A,REFERENCE_ONLY,N/A,,Added by D-WS-20260819-05 high-trust strategy strengthening.
WS-S04-FLOW-R042,YES,WS-S04,CORE_BEHAVIOR,REQUIRED,MANDATORY,authority/strategy/WS_RUNTIME_FLOW.md,B1. Recommendation Availability and Entry Cutoff,43,`recommendation_available_at <= earliest_entry_time(D+1) - 30 minutes`,560E4C735E1889E7FE77F45D350474CE2F10A3B8,WS-B05,TBD,TBD,TBD,NOT_ASSESSED,NOT_ASSESSED,N/A,,Added by D-WS-20260819-05 high-trust strategy strengthening.
WS-S04-FLOW-R043,YES,WS-S04,CORE_BEHAVIOR,REQUIRED,MANDATORY,authority/strategy/WS_RUNTIME_FLOW.md,B1. Recommendation Availability and Entry Cutoff,45,"`earliest_entry_time(D+1)` harus berasal dari governed effective-dated exchange session/calendar fact, bukan hardcoded current clock schedule.",161F2E4A28C774F07DE4F8014E0391A3B638A5C1,WS-B05,TBD,TBD,TBD,NOT_ASSESSED,NOT_ASSESSED,N/A,,Added by D-WS-20260819-05 high-trust strategy strengthening.
WS-S04-FLOW-R044,YES,WS-S04,CORE_BEHAVIOR,REFERENCE_ONLY,MANDATORY,authority/strategy/WS_RUNTIME_FLOW.md,B1. Recommendation Availability and Entry Cutoff,47,Jika SLA tersebut gagal:,712EECC93BF449947FD3D9654DD55359668C0FBC,WS-B05,N/A,N/A,N/A,N/A,REFERENCE_ONLY,N/A,,Added by D-WS-20260819-05 high-trust strategy strengthening.
WS-S04-FLOW-R045,YES,WS-S04,CORE_BEHAVIOR,REQUIRED,MANDATORY,authority/strategy/WS_RUNTIME_FLOW.md,B1. Recommendation Availability and Entry Cutoff,49,Top Picks tetap disimpan sebagai EOD recommendation history;,99ECA70F21A50DE97CF51E88D83A69A109C0234F,WS-B05,TBD,TBD,TBD,NOT_ASSESSED,NOT_ASSESSED,N/A,,Added by D-WS-20260819-05 high-trust strategy strengthening.
WS-S04-FLOW-R046,YES,WS-S04,CORE_BEHAVIOR,REQUIRED,MANDATORY,authority/strategy/WS_RUNTIME_FLOW.md,B1. Recommendation Availability and Entry Cutoff,50,system tidak boleh mengklaim bahwa user masih dapat memperoleh canonical D+1 open;,83528DB2E4F7F975445653E57C5A743541A25B2D,WS-B05,TBD,TBD,TBD,NOT_ASSESSED,NOT_ASSESSED,N/A,,Added by D-WS-20260819-05 high-trust strategy strengthening.
WS-S04-FLOW-R047,YES,WS-S04,CORE_BEHAVIOR,REQUIRED,MANDATORY,authority/strategy/WS_RUNTIME_FLOW.md,B1. Recommendation Availability and Entry Cutoff,51,production monitoring mencatat `LATE_RECOMMENDATION_PUBLICATION`;,1B3E1327871347F8DD57D3CFE250DAD407DD29DE,WS-B05,TBD,TBD,TBD,NOT_ASSESSED,NOT_ASSESSED,N/A,,Added by D-WS-20260819-05 high-trust strategy strengthening.
WS-S04-FLOW-R048,YES,WS-S04,CORE_BEHAVIOR,REQUIRED,MANDATORY,authority/strategy/WS_RUNTIME_FLOW.md,B1. Recommendation Availability and Entry Cutoff,52,historical/shadow evaluation hanya boleh memakai later causal fill rule bila data dan strategy identity memang mendukungnya; otherwise canonical entry dinyatakan non-executable.,45E740B3C97CED6ADC126679CDCEDD820B0DEAE8,WS-B05,TBD,TBD,TBD,NOT_ASSESSED,NOT_ASSESSED,N/A,,Added by D-WS-20260819-05 high-trust strategy strengthening.
WS-S04-FLOW-R049,YES,WS-S04,CORE_BEHAVIOR,REQUIRED,MANDATORY,authority/strategy/WS_RUNTIME_FLOW.md,B1. Recommendation Availability and Entry Cutoff,54,Operational lateness tidak boleh disembunyikan dengan backdating `recommendation_available_at`.,1A5C2C1819695B0E32254807CA77FD67F7037BAA,WS-B05,TBD,TBD,TBD,NOT_ASSESSED,NOT_ASSESSED,N/A,,Added by D-WS-20260819-05 high-trust strategy strengthening.
WS-S05-FLOW-R004,YES,WS-S05,CORE_BEHAVIOR,REQUIRED,OPTIONAL_CAPABILITY,authority/strategy/WS_RUNTIME_FLOW.md,C. CONFIRM — Optional Current Actionability Overlay,58,Canonical initial-entry session adalah next trading day setelah EOD recommendation. CONFIRM hanya berlaku pada ticker yang berada pada final Top Picks untuk entry window yang masih sah.,3B2E03792A7B132FC77EA4ADC8DD96FEE41DB844,WS-B07,TBD,TBD,TBD,NOT_ASSESSED,OPTIONAL_NOT_REQUESTED,N/A,,
WS-S05-FLOW-R005,YES,WS-S05,CORE_BEHAVIOR,REFERENCE_ONLY,OPTIONAL_CAPABILITY,authority/strategy/WS_RUNTIME_FLOW.md,C. CONFIRM — Optional Current Actionability Overlay,60,CONFIRM:,A1DE6A821C36A07EAD08ABF55F9F9E4ECAAA6B75,WS-B07,N/A,N/A,N/A,N/A,REFERENCE_ONLY,N/A,,
WS-S05-FLOW-R006,YES,WS-S05,CORE_BEHAVIOR,REQUIRED,OPTIONAL_CAPABILITY,authority/strategy/WS_RUNTIME_FLOW.md,C. CONFIRM — Optional Current Actionability Overlay,61,membaca binding recommendation dan PLAN yang sama;,F8CE3D0DF68EAF8EFD900EB73C32B6D2F228CFFD,WS-B07,TBD,TBD,TBD,NOT_ASSESSED,OPTIONAL_NOT_REQUESTED,N/A,,
WS-S05-FLOW-R007,YES,WS-S05,CORE_BEHAVIOR,REQUIRED,OPTIONAL_CAPABILITY,authority/strategy/WS_RUNTIME_FLOW.md,C. CONFIRM — Optional Current Actionability Overlay,62,tidak menambah ticker baru;,B68D9C19D7A58D5A84ADF8F4E53F56FA97F9D5CE,WS-B07,TBD,TBD,TBD,NOT_ASSESSED,OPTIONAL_NOT_REQUESTED,N/A,,
WS-S05-FLOW-R008,YES,WS-S05,CORE_BEHAVIOR,REQUIRED,OPTIONAL_CAPABILITY,authority/strategy/WS_RUNTIME_FLOW.md,C. CONFIRM — Optional Current Actionability Overlay,63,tidak mengubah recommendation score atau rank;,A49EDB977536863C2BA8054178E9189F2AA0B3C2,WS-B07,TBD,TBD,TBD,NOT_ASSESSED,OPTIONAL_NOT_REQUESTED,N/A,,
WS-S05-FLOW-R009,YES,WS-S05,CORE_BEHAVIOR,REQUIRED,OPTIONAL_CAPABILITY,authority/strategy/WS_RUNTIME_FLOW.md,C. CONFIRM — Optional Current Actionability Overlay,64,mengevaluasi current-entry condition hanya bila valid decision-time data tersedia.,8FF91D70625F35360C5D372C3530DEEAF8423E58,WS-B07,TBD,TBD,TBD,NOT_ASSESSED,OPTIONAL_NOT_REQUESTED,N/A,,
WS-S05-FLOW-R010,YES,WS-S05,CORE_BEHAVIOR,REFERENCE_ONLY,OPTIONAL_CAPABILITY,authority/strategy/WS_RUNTIME_FLOW.md,C. CONFIRM — Optional Current Actionability Overlay,66,Canonical product-level states:,B1AAE6CDD853611EF1FC8DC6D77E40F8E6081C43,WS-B07,N/A,N/A,N/A,N/A,REFERENCE_ONLY,N/A,,
WS-S05-FLOW-R011,YES,WS-S05,CORE_BEHAVIOR,REQUIRED,OPTIONAL_CAPABILITY,authority/strategy/WS_RUNTIME_FLOW.md,C. CONFIRM — Optional Current Actionability Overlay,67,**NOT_REQUESTED** — CONFIRM belum diminta/dijalankan;,3760E3F1B3148B8626544B37575A5DF47F82398D,WS-B07,TBD,TBD,TBD,NOT_ASSESSED,OPTIONAL_NOT_REQUESTED,N/A,,
WS-S05-FLOW-R012,YES,WS-S05,CORE_BEHAVIOR,REQUIRED,OPTIONAL_CAPABILITY,authority/strategy/WS_RUNTIME_FLOW.md,C. CONFIRM — Optional Current Actionability Overlay,68,**UNAVAILABLE_RETRYABLE** — valid current data belum tersedia; bukan failure dan boleh dicoba lagi selama entry window;,39F9D7D45C4D62A9214C66C380BF7693C514606F,WS-B07,TBD,TBD,TBD,NOT_ASSESSED,OPTIONAL_NOT_REQUESTED,N/A,,
WS-S05-FLOW-R013,YES,WS-S05,CORE_BEHAVIOR,REQUIRED,OPTIONAL_CAPABILITY,authority/strategy/WS_RUNTIME_FLOW.md,C. CONFIRM — Optional Current Actionability Overlay,69,**ACTIONABLE** — valid current data tersedia dan seluruh active gate lulus;,12306FD08B3FA34072E1D90298B5CA7E64358013,WS-B07,TBD,TBD,TBD,NOT_ASSESSED,OPTIONAL_NOT_REQUESTED,N/A,,
WS-S05-FLOW-R014,YES,WS-S05,CORE_BEHAVIOR,REQUIRED,OPTIONAL_CAPABILITY,authority/strategy/WS_RUNTIME_FLOW.md,C. CONFIRM — Optional Current Actionability Overlay,70,**NOT_ACTIONABLE** — valid current data tersedia dan sedikitnya satu active actionability gate gagal;,7EB29A2BAF6ECB9F0A843326DD5AB09C960F4270,WS-B07,TBD,TBD,TBD,NOT_ASSESSED,OPTIONAL_NOT_REQUESTED,N/A,,
WS-S05-FLOW-R015,YES,WS-S05,CORE_BEHAVIOR,REQUIRED,OPTIONAL_CAPABILITY,authority/strategy/WS_RUNTIME_FLOW.md,C. CONFIRM — Optional Current Actionability Overlay,71,**EXPIRED_UNCONFIRMED** — entry window berakhir sebelum valid CONFIRM dapat dievaluasi.,AE7B335DAFE621235945F73AFBCF1694BBEC610C,WS-B07,TBD,TBD,TBD,NOT_ASSESSED,OPTIONAL_NOT_REQUESTED,N/A,,
WS-S05-FLOW-R016,YES,WS-S05,CORE_BEHAVIOR,REQUIRED,OPTIONAL_CAPABILITY,authority/strategy/WS_RUNTIME_FLOW.md,C. CONFIRM — Optional Current Actionability Overlay,73,"Missing, stale, incomplete, delayed, atau temporarily unavailable current data **tidak boleh** dipetakan menjadi `NOT_ACTIONABLE` dan tidak boleh menggagalkan core Weekly Swing.",49E9706CA8FA0441EAE3CEAB41017830148A1EC8,WS-B07,TBD,TBD,TBD,NOT_ASSESSED,OPTIONAL_NOT_REQUESTED,N/A,,
WS-S05-FLOW-R017,YES,WS-S05,CORE_BEHAVIOR,REQUIRED,OPTIONAL_CAPABILITY,authority/strategy/WS_RUNTIME_FLOW.md,C. CONFIRM — Optional Current Actionability Overlay,75,"Jika state masih `UNAVAILABLE_RETRYABLE` dan valid data kemudian tersedia sebelum entry window berakhir, CONFIRM dapat dievaluasi ulang untuk menghasilkan `ACTIONABLE` atau `NOT_ACTIONABLE`.",9EA309BB4A6B3719A2AA9B8F67F5FB7B50D8396D,WS-B07,TBD,TBD,TBD,NOT_ASSESSED,OPTIONAL_NOT_REQUESTED,N/A,,
WS-S04-FLOW-R012,YES,WS-S04,CORE_BEHAVIOR,REFERENCE_ONLY,MANDATORY,authority/strategy/WS_RUNTIME_FLOW.md,D. Consumer Decision Semantics,79,Untuk keputusan beli manual:,8FA4A6964CFCF4C337ADED7E06AE0B8106FCB92A,WS-B05,N/A,N/A,N/A,N/A,REFERENCE_ONLY,N/A,,
WS-S04-FLOW-R013,YES,WS-S04,CORE_BEHAVIOR,REQUIRED,MANDATORY,authority/strategy/WS_RUNTIME_FLOW.md,D. Consumer Decision Semantics,81,`TOP_PICK` adalah qualified EOD recommendation yang sah;,81DEA85DB4D891BD2D86900694B30BD66E5C49FA,WS-B05,TBD,TBD,TBD,NOT_ASSESSED,NOT_ASSESSED,N/A,,
WS-S04-FLOW-R014,YES,WS-S04,CORE_BEHAVIOR,REQUIRED,MANDATORY,authority/strategy/WS_RUNTIME_FLOW.md,D. Consumer Decision Semantics,82,`TOP_PICK + ACTIONABLE` adalah Top Pick dengan tambahan current-actionability evidence;,B74ABAA057A89DA71222755541231DB9D5A20E99,WS-B05,TBD,TBD,TBD,NOT_ASSESSED,NOT_ASSESSED,N/A,,
WS-S04-FLOW-R015,YES,WS-S04,CORE_BEHAVIOR,REQUIRED,MANDATORY,authority/strategy/WS_RUNTIME_FLOW.md,D. Consumer Decision Semantics,83,`TOP_PICK + NOT_ACTIONABLE` berarti valid EOD recommendation yang current-entry conditions-nya telah terbukti tidak layak pada saat CONFIRM;,767E51FA7CA3FFDFBE07E4067755400F27760172,WS-B05,TBD,TBD,TBD,NOT_ASSESSED,NOT_ASSESSED,N/A,,
WS-S04-FLOW-R016,YES,WS-S04,CORE_BEHAVIOR,REQUIRED,MANDATORY,authority/strategy/WS_RUNTIME_FLOW.md,D. Consumer Decision Semantics,84,"`TOP_PICK + NOT_REQUESTED/UNAVAILABLE_RETRYABLE/EXPIRED_UNCONFIRMED` tetap merupakan recommendation EOD, tetapi current actionability **unknown / not proven**, bukan negative decision;",DE63791DF3AC7ED4A6B188E5C4ACFAD449C0FF73,WS-B05,TBD,TBD,TBD,NOT_ASSESSED,NOT_ASSESSED,N/A,,
WS-S04-FLOW-R017,YES,WS-S04,CORE_BEHAVIOR,REQUIRED,MANDATORY,authority/strategy/WS_RUNTIME_FLOW.md,D. Consumer Decision Semantics,85,ticker non-recommended tidak boleh dipromosikan oleh CONFIRM menjadi alternatif buy recommendation.,133AD179C650DCD55E79418D9E0B19CDD7F40CA7,WS-B05,TBD,TBD,TBD,NOT_ASSESSED,NOT_ASSESSED,N/A,,
WS-S04-FLOW-R018,YES,WS-S04,CORE_BEHAVIOR,REQUIRED,MANDATORY,authority/strategy/WS_RUNTIME_FLOW.md,D. Consumer Decision Semantics,87,"Sistem tidak boleh mengklaim `ACTIONABLE` tanpa valid CONFIRM, tetapi ketiadaan label `ACTIONABLE` tidak membuat Top Pick menjadi gagal atau tidak valid sebagai EOD decision-support.",6D1D317E6137EDE5BB76573F35807E9CB8C6369B,WS-B05,TBD,TBD,TBD,NOT_ASSESSED,NOT_ASSESSED,N/A,,
WS-S04-FLOW-R019,YES,WS-S04,CORE_BEHAVIOR,REFERENCE_ONLY,MANDATORY,authority/strategy/WS_RUNTIME_FLOW.md,E. Canonical Output Relationship,91,Core relationship:,DB8A93F2BDD27488BA1569733D63881F2459E335,WS-B05,N/A,N/A,N/A,N/A,REFERENCE_ONLY,N/A,,
WS-S04-FLOW-R020,YES,WS-S04,CORE_BEHAVIOR,REQUIRED,MANDATORY,authority/strategy/WS_RUNTIME_FLOW.md,E. Canonical Output Relationship,93,`PLAN → RECOMMENDATION/TOP_PICKS`,6C9C2B8711BA96A59F98DF017BBAFE5DCC8FEF18,WS-B05,TBD,TBD,TBD,NOT_ASSESSED,NOT_ASSESSED,N/A,,
WS-S04-FLOW-R021,YES,WS-S04,CORE_BEHAVIOR,REFERENCE_ONLY,CONDITIONAL_ACTIVE,authority/strategy/WS_RUNTIME_FLOW.md,E. Canonical Output Relationship,95,Optional relationship:,B2898D7B5BA353DD78376233AA75BA08B69D9B50,WS-B05,N/A,N/A,N/A,N/A,REFERENCE_ONLY,N/A,,
WS-S04-FLOW-R022,YES,WS-S04,CORE_BEHAVIOR,REQUIRED,CONDITIONAL_ACTIVE,authority/strategy/WS_RUNTIME_FLOW.md,E. Canonical Output Relationship,97,`TOP_PICKS → optional CONFIRM actionability`,83875B4A6EA407234EB2E9F85716EEC933EACC3B,WS-B05,TBD,TBD,TBD,NOT_ASSESSED,NOT_ASSESSED,N/A,,
WS-S04-FLOW-R023,YES,WS-S04,CORE_BEHAVIOR,REFERENCE_ONLY,MANDATORY,authority/strategy/WS_RUNTIME_FLOW.md,E. Canonical Output Relationship,99,Invalid relationship:,4AF631A2A7AFB7C5DE667B0E6D56CC33F82DA5D4,WS-B05,N/A,N/A,N/A,N/A,REFERENCE_ONLY,N/A,,
WS-S04-FLOW-R024,YES,WS-S04,CORE_BEHAVIOR,REQUIRED,MANDATORY,authority/strategy/WS_RUNTIME_FLOW.md,E. Canonical Output Relationship,100,RECOMMENDATION dari ticker di luar PLAN;,E1579BEE758AC80420F5E62C319B5457FA05E149,WS-B05,TBD,TBD,TBD,NOT_ASSESSED,NOT_ASSESSED,N/A,,
WS-S04-FLOW-R025,YES,WS-S04,CORE_BEHAVIOR,REQUIRED,MANDATORY,authority/strategy/WS_RUNTIME_FLOW.md,E. Canonical Output Relationship,101,TOP PICKS dibentuk langsung dari PLAN candidate state tanpa final qualification;,49D272E0B5E36D1F3728D018811E1D66D9CA00E0,WS-B05,TBD,TBD,TBD,NOT_ASSESSED,NOT_ASSESSED,N/A,,
WS-S04-FLOW-R026,YES,WS-S04,CORE_BEHAVIOR,REQUIRED,MANDATORY,authority/strategy/WS_RUNTIME_FLOW.md,E. Canonical Output Relationship,102,CONFIRM menjadi prerequisite untuk membentuk atau mempublikasikan Top Picks;,6FDABF51DFFD29141B6E82636167B19E3AC20809,WS-B05,TBD,TBD,TBD,NOT_ASSESSED,NOT_ASSESSED,N/A,,
WS-S04-FLOW-R027,YES,WS-S04,CORE_BEHAVIOR,REQUIRED,MANDATORY,authority/strategy/WS_RUNTIME_FLOW.md,E. Canonical Output Relationship,103,missing CONFIRM data menggagalkan PLAN/RECOMMENDATION;,79BBD7CBEBA315F9D13977FAD9B4863CFF639A0E,WS-B05,TBD,TBD,TBD,NOT_ASSESSED,NOT_ASSESSED,N/A,,
WS-S04-FLOW-R028,YES,WS-S04,CORE_BEHAVIOR,REQUIRED,MANDATORY,authority/strategy/WS_RUNTIME_FLOW.md,E. Canonical Output Relationship,104,CONFIRM menambah recommendation baru;,15D465AF211E3FFC6AA0D7C7E9CCC1BDA6E430D1,WS-B05,TBD,TBD,TBD,NOT_ASSESSED,NOT_ASSESSED,N/A,,
WS-S04-FLOW-R029,YES,WS-S04,CORE_BEHAVIOR,REQUIRED,MANDATORY,authority/strategy/WS_RUNTIME_FLOW.md,E. Canonical Output Relationship,105,CONFIRM mengubah historical recommendation membership/rank;,486FE3F27B6E9B30B4710007ED2A99DE46DC0E99,WS-B05,TBD,TBD,TBD,NOT_ASSESSED,NOT_ASSESSED,N/A,,
WS-S04-FLOW-R030,YES,WS-S04,CORE_BEHAVIOR,REQUIRED,MANDATORY,authority/strategy/WS_RUNTIME_FLOW.md,E. Canonical Output Relationship,106,capital mengubah recommendation quality ordering.,673205589E769E2EDC782147D5C692ABD5066E1A,WS-B05,TBD,TBD,TBD,NOT_ASSESSED,NOT_ASSESSED,N/A,,
WS-S04-FLOW-R031,YES,WS-S04,CORE_BEHAVIOR,REQUIRED,MANDATORY,authority/strategy/WS_RUNTIME_FLOW.md,Final Invariants,110,PLAN harus immutable sebelum recommendation.,78BBF569CA03D328530471D0C3C6FAF8A086FE3B,WS-B05,TBD,TBD,TBD,NOT_ASSESSED,NOT_ASSESSED,N/A,,
WS-S04-FLOW-R032,YES,WS-S04,CORE_BEHAVIOR,REQUIRED,MANDATORY,authority/strategy/WS_RUNTIME_FLOW.md,Final Invariants,111,Final Top Picks hanya dimiliki RECOMMENDATION.,4178EAED411921162A862BFB563519575A775FA7,WS-B05,TBD,TBD,TBD,NOT_ASSESSED,NOT_ASSESSED,N/A,,
WS-S04-FLOW-R033,YES,WS-S04,CORE_BEHAVIOR,REQUIRED,MANDATORY,authority/strategy/WS_RUNTIME_FLOW.md,Final Invariants,112,Recommendation count sama dengan jumlah candidate yang benar-benar lulus qualification gate dan boleh nol.,402135B06D5545A7D6A18CA6E3FE4C85582DB76D,WS-B05,TBD,TBD,TBD,NOT_ASSESSED,NOT_ASSESSED,N/A,,
WS-S04-FLOW-R034,YES,WS-S04,CORE_BEHAVIOR,REQUIRED,MANDATORY,authority/strategy/WS_RUNTIME_FLOW.md,Final Invariants,113,Recommendation ranking harus deterministic dan capital-independent.,D7AB8D35CA2021C6C56B0617B5E34930142CA174,WS-B05,TBD,TBD,TBD,NOT_ASSESSED,NOT_ASSESSED,N/A,,
WS-S04-FLOW-R035,YES,WS-S04,CORE_BEHAVIOR,REQUIRED,MANDATORY,authority/strategy/WS_RUNTIME_FLOW.md,Final Invariants,114,Core runtime selesai pada final Top Picks dan tidak bergantung pada CONFIRM.,45485EB777B07397E24BCC94399DF83D8F54111B,WS-B05,TBD,TBD,TBD,NOT_ASSESSED,NOT_ASSESSED,N/A,,
WS-S05-FLOW-R018,YES,WS-S05,CORE_BEHAVIOR,REQUIRED,OPTIONAL_CAPABILITY,authority/strategy/WS_RUNTIME_FLOW.md,Final Invariants,115,CONFIRM hanya mengevaluasi final Top Picks sebagai optional overlay.,EA5B58435539CD9A5E22115D19FFE44A42265B62,WS-B07,TBD,TBD,TBD,NOT_ASSESSED,OPTIONAL_NOT_REQUESTED,N/A,,
WS-S04-FLOW-R036,YES,WS-S04,CORE_BEHAVIOR,REQUIRED,MANDATORY,authority/strategy/WS_RUNTIME_FLOW.md,Final Invariants,116,"Data CONFIRM yang belum tersedia menghasilkan non-terminal availability state, bukan business failure.",C03F3EBA5A0D6118A945969F3D613E15A74BC2F5,WS-B05,TBD,TBD,TBD,NOT_ASSESSED,NOT_ASSESSED,N/A,,
WS-S04-FLOW-R037,YES,WS-S04,CORE_BEHAVIOR,REQUIRED,MANDATORY,authority/strategy/WS_RUNTIME_FLOW.md,Final Invariants,117,`NOT_ACTIONABLE` memerlukan valid evaluated current data.,E2DFB48F4AD118A565A73D7644831FF9785C0F3F,WS-B05,TBD,TBD,TBD,NOT_ASSESSED,NOT_ASSESSED,N/A,,
WS-S04-FLOW-R038,YES,WS-S04,CORE_BEHAVIOR,REQUIRED,MANDATORY,authority/strategy/WS_RUNTIME_FLOW.md,Final Invariants,118,CONFIRM dapat mengubah current-actionability interpretation tetapi tidak historical recommendation state.,F17A3E2EC33B125B8563AB84DC06DD5A6EE00EF0,WS-B05,TBD,TBD,TBD,NOT_ASSESSED,NOT_ASSESSED,N/A,,
WS-S04-FLOW-R039,YES,WS-S04,CORE_BEHAVIOR,REQUIRED,MANDATORY,authority/strategy/WS_RUNTIME_FLOW.md,Final Invariants,119,Expired entry window tidak boleh dihidupkan kembali tanpa explicit carry-forward strategy identity dan proof baru.,517975E78451360BE0F52D533498DEFEFA09B06E,WS-B05,TBD,TBD,TBD,NOT_ASSESSED,NOT_ASSESSED,N/A,,
WS-S00-SCOPE-R001,YES,WS-S00,SCOPE_OR_PRODUCT_CONTRACT,REFERENCE_ONLY,MANDATORY,authority/strategy/WS_SCOPE_AND_SUCCESS_CRITERIA.md,Lifecycle Position,5,**Stage:** `WS-S00` — Scope and Success Lock.,6CFB8CAB9B4D9C36DFC581C78B40BB8A1CC4851A,WS-B00,N/A,N/A,N/A,N/A,REFERENCE_ONLY,N/A,,
WS-S00-SCOPE-R002,YES,WS-S00,SCOPE_OR_PRODUCT_CONTRACT,REFERENCE_ONLY,MANDATORY,authority/strategy/WS_SCOPE_AND_SUCCESS_CRITERIA.md,Lifecycle Position,6,"**Produces:** frozen product boundary, success meaning, Top Picks semantics, dan out-of-scope guard.",FDD1599DB29EBBBCDC30E73C82299605FD773EC8,WS-B00,N/A,N/A,N/A,N/A,REFERENCE_ONLY,N/A,,
WS-S00-SCOPE-R003,YES,WS-S00,SCOPE_OR_PRODUCT_CONTRACT,REFERENCE_ONLY,MANDATORY,authority/strategy/WS_SCOPE_AND_SUCCESS_CRITERIA.md,Lifecycle Position,7,**Next:** `WS-S01` trusted Market Data binding.,04AD41B1884A222B280F15A9E27733BE5A36ACCB,WS-B00,N/A,N/A,N/A,N/A,REFERENCE_ONLY,N/A,,
WS-S00-SCOPE-R004,YES,WS-S00,SCOPE_OR_PRODUCT_CONTRACT,REQUIRED,MANDATORY,authority/strategy/WS_SCOPE_AND_SUCCESS_CRITERIA.md,Current Active Scope,11,domain: `watchlist`,6433DEAA3445767231D625B55FA7D69C7CB9A09B,WS-B00,TBD,TBD,TBD,NOT_ASSESSED,NOT_ASSESSED,N/A,,
WS-S00-SCOPE-R005,YES,WS-S00,SCOPE_OR_PRODUCT_CONTRACT,REQUIRED,MANDATORY,authority/strategy/WS_SCOPE_AND_SUCCESS_CRITERIA.md,Current Active Scope,12,active policy: `weekly_swing`,0D6F21EDFD0BE75F48D8CA7F05F56A44D0434FB1,WS-B00,TBD,TBD,TBD,NOT_ASSESSED,NOT_ASSESSED,N/A,,
WS-S00-SCOPE-R006,YES,WS-S00,SCOPE_OR_PRODUCT_CONTRACT,REQUIRED,MANDATORY,authority/strategy/WS_SCOPE_AND_SUCCESS_CRITERIA.md,Current Active Scope,13,"core layers: `PLAN`, `RECOMMENDATION`",1583E9034D30749E1807DBD431030A859B8C0048,WS-B00,TBD,TBD,TBD,NOT_ASSESSED,NOT_ASSESSED,N/A,,
WS-S00-SCOPE-R007,YES,WS-S00,SCOPE_OR_PRODUCT_CONTRACT,REQUIRED,CONDITIONAL_ACTIVE,authority/strategy/WS_SCOPE_AND_SUCCESS_CRITERIA.md,Current Active Scope,14,optional enhancement: `CONFIRM`,380002BF5E1F726A7A029B014E14FAA7D0F8047F,WS-B00,TBD,TBD,TBD,NOT_ASSESSED,NOT_ASSESSED,N/A,,
WS-S00-SCOPE-R008,YES,WS-S00,SCOPE_OR_PRODUCT_CONTRACT,REQUIRED,MANDATORY,authority/strategy/WS_SCOPE_AND_SUCCESS_CRITERIA.md,Product Scope,18,Weekly Swing hanya berfungsi sebagai decision-support watchlist untuk memilih saham IDX yang paling layak dipertimbangkan untuk pembelian swing dengan maximum holding horizon 5 trading day.,0612A8474E45E12B0A0171BEB1B96657F7386F70,WS-B00,TBD,TBD,TBD,NOT_ASSESSED,NOT_ASSESSED,N/A,,
WS-S00-SCOPE-R009,YES,WS-S00,SCOPE_OR_PRODUCT_CONTRACT,REQUIRED,MANDATORY,authority/strategy/WS_SCOPE_AND_SUCCESS_CRITERIA.md,Product Scope,20,Output utama produk adalah **qualified recommendations yang diurutkan sebagai TOP PICKS**. Jumlah Top Picks mengikuti kualitas kandidat yang tersedia dan boleh bernilai nol.,6CB9A68A4F08E525FD60C5E9D11B424653875721,WS-B00,TBD,TBD,TBD,NOT_ASSESSED,NOT_ASSESSED,N/A,,
WS-S00-SCOPE-R010,YES,WS-S00,SCOPE_OR_PRODUCT_CONTRACT,REQUIRED,MANDATORY,authority/strategy/WS_SCOPE_AND_SUCCESS_CRITERIA.md,In Scope,24,"konsumsi Market Data EOD yang sah, konsisten, point-in-time, dan dapat direplay;",562DEEDD0C3BAF96AFA86015C4F799EACB58DF24,WS-B00,TBD,TBD,TBD,NOT_ASSESSED,NOT_ASSESSED,N/A,,
WS-S00-SCOPE-R011,YES,WS-S00,SCOPE_OR_PRODUCT_CONTRACT,REQUIRED,MANDATORY,authority/strategy/WS_SCOPE_AND_SUCCESS_CRITERIA.md,In Scope,25,pembentukan candidate PLAN Weekly Swing;,57DC6B3C6616E81067D9936662F50F8EE7F14EB1,WS-B00,TBD,TBD,TBD,NOT_ASSESSED,NOT_ASSESSED,N/A,,
WS-S00-SCOPE-R012,YES,WS-S00,SCOPE_OR_PRODUCT_CONTRACT,REQUIRED,MANDATORY,authority/strategy/WS_SCOPE_AND_SUCCESS_CRITERIA.md,In Scope,26,"eligibility, setup, risk, scoring, dan ranking kandidat;",FF41984F72FF61ABA962AA3EB988CAC286D716B5,WS-B00,TBD,TBD,TBD,NOT_ASSESSED,NOT_ASSESSED,N/A,,
WS-S00-SCOPE-R013,YES,WS-S00,SCOPE_OR_PRODUCT_CONTRACT,REQUIRED,MANDATORY,authority/strategy/WS_SCOPE_AND_SUCCESS_CRITERIA.md,In Scope,27,final recommendation qualification;,477BBF9883C252E449AE24A9A462974643248256,WS-B00,TBD,TBD,TBD,NOT_ASSESSED,NOT_ASSESSED,N/A,,
WS-S00-SCOPE-R014,YES,WS-S00,SCOPE_OR_PRODUCT_CONTRACT,REQUIRED,MANDATORY,authority/strategy/WS_SCOPE_AND_SUCCESS_CRITERIA.md,In Scope,28,ranked Top Picks;,83178A4958FA94E77A45895E8D405795371D1892,WS-B00,TBD,TBD,TBD,NOT_ASSESSED,NOT_ASSESSED,N/A,,
WS-S00-SCOPE-R015,YES,WS-S00,SCOPE_OR_PRODUCT_CONTRACT,REQUIRED,MANDATORY,authority/strategy/WS_SCOPE_AND_SUCCESS_CRITERIA.md,In Scope,29,PLAN-derived entry dan predeclared exit/risk plan information;,FC774F69E8CECA72E66A266D0009D49F0E2B66D3,WS-B00,TBD,TBD,TBD,NOT_ASSESSED,NOT_ASSESSED,N/A,,
WS-S00-SCOPE-R016,YES,WS-S00,SCOPE_OR_PRODUCT_CONTRACT,REQUIRED,CONDITIONAL_ACTIVE,authority/strategy/WS_SCOPE_AND_SUCCESS_CRITERIA.md,In Scope,30,optional CONFIRM sebagai pemeriksaan current actionability terhadap Top Picks ketika decision-time data tersedia;,78F97FB01D0DAB349A905EFD95601E1657705867,WS-B00,TBD,TBD,TBD,NOT_ASSESSED,NOT_ASSESSED,N/A,,
WS-S00-SCOPE-R017,YES,WS-S00,SCOPE_OR_PRODUCT_CONTRACT,REQUIRED,MANDATORY,authority/strategy/WS_SCOPE_AND_SUCCESS_CRITERIA.md,In Scope,31,IS/OOS/core-shadow proof untuk membuktikan bahwa strategy mempunyai positive expected net return setelah realistic trading friction dan downside yang terkendali;,D1D63B4C1674BB4B3842B3DEF1D71283A4DD9F68,WS-B00,TBD,TBD,TBD,NOT_ASSESSED,NOT_ASSESSED,N/A,,
WS-S00-SCOPE-R018,YES,WS-S00,SCOPE_OR_PRODUCT_CONTRACT,REQUIRED,CONDITIONAL_ACTIVE,authority/strategy/WS_SCOPE_AND_SUCCESS_CRITERIA.md,In Scope,32,optional CONFIRM proof bila capability current-actionability ingin dinyatakan proven.,3B4F709C81499D36A2A386CBB4D55526A4A41A5A,WS-B00,TBD,TBD,TBD,NOT_ASSESSED,NOT_ASSESSED,N/A,,
WS-S00-SCOPE-R019,YES,WS-S00,SCOPE_OR_PRODUCT_CONTRACT,REQUIRED,MANDATORY,authority/strategy/WS_SCOPE_AND_SUCCESS_CRITERIA.md,Out of Scope,36,portfolio construction atau portfolio optimization;,B53505E924D9D6B5A24269E79A69249B15451E20,WS-B00,TBD,TBD,TBD,NOT_ASSESSED,NOT_ASSESSED,N/A,,
WS-S00-SCOPE-R020,YES,WS-S00,SCOPE_OR_PRODUCT_CONTRACT,REQUIRED,MANDATORY,authority/strategy/WS_SCOPE_AND_SUCCESS_CRITERIA.md,Out of Scope,37,broker execution atau automatic order placement;,D68563899EEAD631C923675E219CFBE3D1ACBF4E,WS-B00,TBD,TBD,TBD,NOT_ASSESSED,NOT_ASSESSED,N/A,,
WS-S00-SCOPE-R021,YES,WS-S00,SCOPE_OR_PRODUCT_CONTRACT,REQUIRED,MANDATORY,authority/strategy/WS_SCOPE_AND_SUCCESS_CRITERIA.md,Out of Scope,38,order lifecycle;,D361997A8265C4A8024786697D0CFB3596D8AA6C,WS-B00,TBD,TBD,TBD,NOT_ASSESSED,NOT_ASSESSED,N/A,,
WS-S00-SCOPE-R022,YES,WS-S00,SCOPE_OR_PRODUCT_CONTRACT,REQUIRED,MANDATORY,authority/strategy/WS_SCOPE_AND_SUCCESS_CRITERIA.md,Out of Scope,39,position management setelah pembelian;,10E1312E63B4A62095AAC4C7B22806FDA72E0D74,WS-B00,TBD,TBD,TBD,NOT_ASSESSED,NOT_ASSESSED,N/A,,
WS-S00-SCOPE-R023,YES,WS-S00,SCOPE_OR_PRODUCT_CONTRACT,REQUIRED,MANDATORY,authority/strategy/WS_SCOPE_AND_SUCCESS_CRITERIA.md,Out of Scope,40,holdings / realized-unrealized PnL / trade journal;,2F48ACBFCEACF799B1057EDF8EF3C6D44856B0A5,WS-B00,TBD,TBD,TBD,NOT_ASSESSED,NOT_ASSESSED,N/A,,
WS-S00-SCOPE-R024,YES,WS-S00,SCOPE_OR_PRODUCT_CONTRACT,REQUIRED,MANDATORY,authority/strategy/WS_SCOPE_AND_SUCCESS_CRITERIA.md,Out of Scope,41,Market Data acquisition/internal processing;,30F1550343DB501636BB66F418A0A4125F8699B4,WS-B00,TBD,TBD,TBD,NOT_ASSESSED,NOT_ASSESSED,N/A,,
WS-S00-SCOPE-R025,YES,WS-S00,SCOPE_OR_PRODUCT_CONTRACT,REQUIRED,MANDATORY,authority/strategy/WS_SCOPE_AND_SUCCESS_CRITERIA.md,Out of Scope,42,provider-specific acquisition logic;,DF13B48BACA9764FCB7C45F9D43755C3172E4258,WS-B00,TBD,TBD,TBD,NOT_ASSESSED,NOT_ASSESSED,N/A,,
WS-S00-SCOPE-R026,YES,WS-S00,SCOPE_OR_PRODUCT_CONTRACT,REQUIRED,MANDATORY,authority/strategy/WS_SCOPE_AND_SUCCESS_CRITERIA.md,Out of Scope,43,policy trading selain `weekly_swing`.,00BA9C3A756685D1FC87FC3E69675121B4BE3CA8,WS-B00,TBD,TBD,TBD,NOT_ASSESSED,NOT_ASSESSED,N/A,,
WS-S00-SCOPE-R036,YES,WS-S00,SCOPE_OR_PRODUCT_CONTRACT,REFERENCE_ONLY,MANDATORY,authority/strategy/WS_SCOPE_AND_SUCCESS_CRITERIA.md,High-Trust Success Standard,47,Weekly Swing hanya dapat disebut **high-trust** bila proof untuk exact strategy identity menunjukkan seluruh hal berikut secara bersamaan:,891235F901248F495771A106BDCBFC88244209C8,WS-B00,N/A,N/A,N/A,N/A,REFERENCE_ONLY,N/A,,Added by D-WS-20260819-05 high-trust strategy strengthening.
WS-S00-SCOPE-R037,YES,WS-S00,SCOPE_OR_PRODUCT_CONTRACT,REQUIRED,MANDATORY,authority/strategy/WS_SCOPE_AND_SUCCESS_CRITERIA.md,High-Trust Success Standard,49,recommendation terbentuk secara point-in-time dan causal tanpa leakage;,28B474223600154876EF4D101263F2162C1FFC3E,WS-B00,TBD,TBD,TBD,NOT_ASSESSED,NOT_ASSESSED,N/A,,Added by D-WS-20260819-05 high-trust strategy strengthening.
WS-S00-SCOPE-R038,YES,WS-S00,SCOPE_OR_PRODUCT_CONTRACT,REQUIRED,MANDATORY,authority/strategy/WS_SCOPE_AND_SUCCESS_CRITERIA.md,High-Trust Success Standard,50,recommendation tersedia cukup awal untuk keputusan manual sebelum canonical entry opportunity;,227BA64349582DA349E591BAD64B00F6419CABA0,WS-B00,TBD,TBD,TBD,NOT_ASSESSED,NOT_ASSESSED,N/A,,Added by D-WS-20260819-05 high-trust strategy strengthening.
WS-S00-SCOPE-R039,YES,WS-S00,SCOPE_OR_PRODUCT_CONTRACT,REQUIRED,MANDATORY,authority/strategy/WS_SCOPE_AND_SUCCESS_CRITERIA.md,High-Trust Success Standard,51,executed trade tidak dapat menghilang dari statistik hanya karena exit kemudian tidak executable;,D08DC7E9E259F8301CD83BA676887E3E12172378,WS-B00,TBD,TBD,TBD,NOT_ASSESSED,NOT_ASSESSED,N/A,,Added by D-WS-20260819-05 high-trust strategy strengthening.
WS-S00-SCOPE-R040,YES,WS-S00,SCOPE_OR_PRODUCT_CONTRACT,REQUIRED,MANDATORY,authority/strategy/WS_SCOPE_AND_SUCCESS_CRITERIA.md,High-Trust Success Standard,52,"positive expected net edge tetap ada setelah realistic friction, statistical uncertainty, dan multiple-testing/selection-bias control;",1D4BB6EE70D6FEBF8FB776F1EFB3B2BE8F22F74C,WS-B00,TBD,TBD,TBD,NOT_ASSESSED,NOT_ASSESSED,N/A,,Added by D-WS-20260819-05 high-trust strategy strengthening.
WS-S00-SCOPE-R041,YES,WS-S00,SCOPE_OR_PRODUCT_CONTRACT,REQUIRED,MANDATORY,authority/strategy/WS_SCOPE_AND_SUCCESS_CRITERIA.md,High-Trust Success Standard,53,"edge mempunyai economic significance dan positive benchmark-relative/selection uplift, bukan sekadar nilai rata-rata yang infinitesimal di atas nol;",AD69F0AAD3260BCE4CE890B4B6619E9F2D88D655,WS-B00,TBD,TBD,TBD,NOT_ASSESSED,NOT_ASSESSED,N/A,,Added by D-WS-20260819-05 high-trust strategy strengthening.
WS-S00-SCOPE-R042,YES,WS-S00,SCOPE_OR_PRODUCT_CONTRACT,REQUIRED,MANDATORY,authority/strategy/WS_SCOPE_AND_SUCCESS_CRITERIA.md,High-Trust Success Standard,54,Top-1/Top-3/Top-5 presentation subsets menunjukkan ranking utility yang konsisten dengan final ordered Top Picks;,022451FB849CAC99E116EE6C2A3462392D48AAAC,WS-B00,TBD,TBD,TBD,NOT_ASSESSED,NOT_ASSESSED,N/A,,Added by D-WS-20260819-05 high-trust strategy strengthening.
WS-S00-SCOPE-R043,YES,WS-S00,SCOPE_OR_PRODUCT_CONTRACT,REQUIRED,MANDATORY,authority/strategy/WS_SCOPE_AND_SUCCESS_CRITERIA.md,High-Trust Success Standard,55,"downside/tail risk, execution delay, liquidity/capacity, dan adverse friction berada dalam bounded production-use limits;",61EE3F16107FA7B72D5CDBFAF36508230DDC520F,WS-B00,TBD,TBD,TBD,NOT_ASSESSED,NOT_ASSESSED,N/A,,Added by D-WS-20260819-05 high-trust strategy strengthening.
WS-S00-SCOPE-R044,YES,WS-S00,SCOPE_OR_PRODUCT_CONTRACT,REQUIRED,MANDATORY,authority/strategy/WS_SCOPE_AND_SUCCESS_CRITERIA.md,High-Trust Success Standard,56,untouched OOS benar-benar protected dan tidak dipakai ulang sebagai tuning set setelah outcome dibaca;,847F06C3AE819F17D68FECD7444EEDC328FE47CB,WS-B00,TBD,TBD,TBD,NOT_ASSESSED,NOT_ASSESSED,N/A,,Added by D-WS-20260819-05 high-trust strategy strengthening.
WS-S00-SCOPE-R045,YES,WS-S00,SCOPE_OR_PRODUCT_CONTRACT,REQUIRED,MANDATORY,authority/strategy/WS_SCOPE_AND_SUCCESS_CRITERIA.md,High-Trust Success Standard,57,"forward shadow membuktikan operational availability, causal execution, dan live-equivalent behavior;",2F5EF1155022E8D1A1AE1F1F4CE2F3F98353C1F6,WS-B00,TBD,TBD,TBD,NOT_ASSESSED,NOT_ASSESSED,N/A,,Added by D-WS-20260819-05 high-trust strategy strengthening.
WS-S00-SCOPE-R046,YES,WS-S00,SCOPE_OR_PRODUCT_CONTRACT,REQUIRED,MANDATORY,authority/strategy/WS_SCOPE_AND_SUCCESS_CRITERIA.md,High-Trust Success Standard,58,"setelah real use dimulai, rolling strategy-health monitoring dapat menghentikan new recommendation publication ketika material degradation terdeteksi sampai revalidation selesai.",111121066CCCE248B537E478C638F3C8788FC6F6,WS-B00,TBD,TBD,TBD,NOT_ASSESSED,NOT_ASSESSED,N/A,,Added by D-WS-20260819-05 high-trust strategy strengthening.
WS-S00-SCOPE-R047,YES,WS-S00,SCOPE_OR_PRODUCT_CONTRACT,REQUIRED,MANDATORY,authority/strategy/WS_SCOPE_AND_SUCCESS_CRITERIA.md,High-Trust Success Standard,60,"High-trust proof tidak menjamin setiap Top Pick untung. Ia berarti positive edge dan downside control telah dibuktikan melalui conservative, reproducible, contamination-resistant evaluation.",24E0ED932856E5C1BB7BAAD7A95E98857FB47684,WS-B00,TBD,TBD,TBD,NOT_ASSESSED,NOT_ASSESSED,N/A,,Added by D-WS-20260819-05 high-trust strategy strengthening.
WS-S00-SCOPE-R027,YES,WS-S00,SCOPE_OR_PRODUCT_CONTRACT,REQUIRED,MANDATORY,authority/strategy/WS_SCOPE_AND_SUCCESS_CRITERIA.md,Hard Boundary Rules,64,Watchlist hanya memberi decision-support dan tidak melakukan transaksi.,576731C655061FC30456359A88FCDF6B0F72BDFB,WS-B00,TBD,TBD,TBD,NOT_ASSESSED,NOT_ASSESSED,N/A,,
WS-S00-SCOPE-R028,YES,WS-S00,SCOPE_OR_PRODUCT_CONTRACT,REQUIRED,MANDATORY,authority/strategy/WS_SCOPE_AND_SUCCESS_CRITERIA.md,Hard Boundary Rules,65,`weekly_swing` adalah satu-satunya active watchlist policy.,509CDAE3AA7BAB3AE4D6C371B9AA9524DF3C04AD,WS-B00,TBD,TBD,TBD,NOT_ASSESSED,NOT_ASSESSED,N/A,,
WS-S00-SCOPE-R029,YES,WS-S00,SCOPE_OR_PRODUCT_CONTRACT,REQUIRED,MANDATORY,authority/strategy/WS_SCOPE_AND_SUCCESS_CRITERIA.md,Hard Boundary Rules,66,Watchlist hanya mengonsumsi authoritative Market Data product dan tidak mendefinisikan ulang fakta pasar upstream.,2939DB4B4801792C3979AB1A28E15054D707E0F7,WS-B00,TBD,TBD,TBD,NOT_ASSESSED,NOT_ASSESSED,N/A,,
WS-S00-SCOPE-R030,YES,WS-S00,SCOPE_OR_PRODUCT_CONTRACT,REQUIRED,MANDATORY,authority/strategy/WS_SCOPE_AND_SUCCESS_CRITERIA.md,Hard Boundary Rules,67,Recommendation quality tidak boleh dikorbankan untuk memenuhi jumlah picks tertentu.,A11F5C374FC858C17DD88400C8E290CC07DFAB24,WS-B00,TBD,TBD,TBD,NOT_ASSESSED,NOT_ASSESSED,N/A,,
WS-S00-SCOPE-R031,YES,WS-S00,SCOPE_OR_PRODUCT_CONTRACT,REQUIRED,CONDITIONAL_ACTIVE,authority/strategy/WS_SCOPE_AND_SUCCESS_CRITERIA.md,Hard Boundary Rules,68,"Bila tidak ada kandidat yang melewati seluruh qualification gate, output yang benar adalah **NO QUALIFIED TOP PICKS**.",FD23189A337C4678AD3281497BA1F62A818443EC,WS-B00,TBD,TBD,TBD,NOT_ASSESSED,NOT_ASSESSED,N/A,,
WS-S00-SCOPE-R032,YES,WS-S00,SCOPE_OR_PRODUCT_CONTRACT,REQUIRED,MANDATORY,authority/strategy/WS_SCOPE_AND_SUCCESS_CRITERIA.md,Hard Boundary Rules,69,Final Top Picks adalah output core Weekly Swing yang sah walaupun CONFIRM belum diminta atau current-entry data belum tersedia.,3A1E02E8C4A365705A44643D088D8A93956FA57D,WS-B00,TBD,TBD,TBD,NOT_ASSESSED,NOT_ASSESSED,N/A,,
WS-S00-SCOPE-R033,YES,WS-S00,SCOPE_OR_PRODUCT_CONTRACT,REQUIRED,MANDATORY,authority/strategy/WS_SCOPE_AND_SUCCESS_CRITERIA.md,Hard Boundary Rules,70,"CONFIRM hanya menambah current-actionability evidence ketika data yang sah tersedia; ketidaktersediaan CONFIRM tidak boleh menggagalkan, menghapus, atau mererank Top Picks.",C1EA12E2E528E9574A2BBFD212A115734794B0E6,WS-B00,TBD,TBD,TBD,NOT_ASSESSED,NOT_ASSESSED,N/A,,
WS-S00-SCOPE-R034,YES,WS-S00,SCOPE_OR_PRODUCT_CONTRACT,REQUIRED,CONDITIONAL_ACTIVE,authority/strategy/WS_SCOPE_AND_SUCCESS_CRITERIA.md,Hard Boundary Rules,71,`NOT_ACTIONABLE` hanya boleh dihasilkan bila valid CONFIRM data tersedia dan active gate benar-benar dapat dievaluasi; missing/stale/incomplete data bukan negative decision.,0AE7DF3F94E4E7DFAF432A536332FD4A0A7AADE7,WS-B00,TBD,TBD,TBD,NOT_ASSESSED,NOT_ASSESSED,N/A,,
WS-S00-SCOPE-R035,YES,WS-S00,SCOPE_OR_PRODUCT_CONTRACT,REQUIRED,MANDATORY,authority/strategy/WS_SCOPE_AND_SUCCESS_CRITERIA.md,Hard Boundary Rules,72,Target strategy adalah positive expected net return setelah biaya dan slippage yang realistis dengan downside terkontrol; target ini bukan jaminan bahwa setiap trade akan untung.,CC8899A0915521169844EEB1819CB750209EB552,WS-B00,TBD,TBD,TBD,NOT_ASSESSED,NOT_ASSESSED,N/A,,
WS-S04-RANK-R001,YES,WS-S04,CORE_BEHAVIOR,REFERENCE_ONLY,MANDATORY,authority/strategy/WS_TOP_PICKS_QUALIFICATION_AND_RANKING.md,Purpose,5,"Dokumen ini menetapkan final qualification dan ranking yang menghasilkan **Weekly Swing Top Picks**. Recommendation adalah quality gate setelah PLAN, bukan quota filler dan bukan second independent scoring engine.",D5C8BBE3CE3E8D752674A3A9C8D0AC1E1D551EE6,WS-B05,N/A,N/A,N/A,N/A,REFERENCE_ONLY,N/A,,
WS-S04-RANK-R002,YES,WS-S04,CORE_BEHAVIOR,REFERENCE_ONLY,MANDATORY,authority/strategy/WS_TOP_PICKS_QUALIFICATION_AND_RANKING.md,Lifecycle Position,9,**Stage:** `WS-S04` — Final Recommendation and Ranked Top Picks.,8F9DECE12A6A082458EAB58E8AAA4F4E93AF726B,WS-B05,N/A,N/A,N/A,N/A,REFERENCE_ONLY,N/A,,
WS-S04-RANK-R003,YES,WS-S04,CORE_BEHAVIOR,REFERENCE_ONLY,MANDATORY,authority/strategy/WS_TOP_PICKS_QUALIFICATION_AND_RANKING.md,Lifecycle Position,10,**Consumes:** immutable PLAN `RECOMMENDATION_CANDIDATES`.,EAC4490ABDB6CF9D8802C09727D6E245CB7EBF87,WS-B05,N/A,N/A,N/A,N/A,REFERENCE_ONLY,N/A,,
WS-S04-RANK-R004,YES,WS-S04,CORE_BEHAVIOR,REFERENCE_ONLY,MANDATORY,authority/strategy/WS_TOP_PICKS_QUALIFICATION_AND_RANKING.md,Lifecycle Position,11,"**Produces:** exact final Top Picks membership, score, and rank `1..N`.",6E856B44D52E81E125A878EE21179DDCBD31DCBA,WS-B05,N/A,N/A,N/A,N/A,REFERENCE_ONLY,N/A,,
WS-S04-RANK-R005,YES,WS-S04,CORE_BEHAVIOR,REFERENCE_ONLY,CONDITIONAL_ACTIVE,authority/strategy/WS_TOP_PICKS_QUALIFICATION_AND_RANKING.md,Lifecycle Position,12,**Next:** `WS-S06+` core proof evaluates this exact output; optional `WS-S05` CONFIRM may evaluate current actionability without blocking the proof path.,83D2A757C7474546703476C2D7FF0F8705D1D02C,WS-B05,N/A,N/A,N/A,N/A,REFERENCE_ONLY,N/A,,
WS-S04-RANK-R006,YES,WS-S04,CORE_BEHAVIOR,REQUIRED,MANDATORY,authority/strategy/WS_TOP_PICKS_QUALIFICATION_AND_RANKING.md,A. Source Universe,16,Source universe hanya terdiri dari immutable PLAN items dengan state `RECOMMENDATION_CANDIDATES`.,24AF2D834A50CB123A5E69BA97D362876E39BE7F,WS-B05,TBD,TBD,TBD,NOT_ASSESSED,NOT_ASSESSED,N/A,,
WS-S04-RANK-R007,YES,WS-S04,CORE_BEHAVIOR,REQUIRED,MANDATORY,authority/strategy/WS_TOP_PICKS_QUALIFICATION_AND_RANKING.md,A. Source Universe,18,`WATCH_ONLY` dan `AVOID` tidak boleh dipromosikan pada run yang sama.,03E88B0395F1390F481BB75135A045EC40E281D7,WS-B05,TBD,TBD,TBD,NOT_ASSESSED,NOT_ASSESSED,N/A,,
WS-S04-RANK-R008,YES,WS-S04,CORE_BEHAVIOR,REFERENCE_ONLY,CONDITIONAL_ACTIVE,authority/strategy/WS_TOP_PICKS_QUALIFICATION_AND_RANKING.md,B. Final Qualification Gates,22,Candidate hanya dapat menjadi Top Pick bila seluruh gate berikut lulus:,38DF56ED29B8C57B29E378C9B0593CC0B8981D41,WS-B05,N/A,N/A,N/A,N/A,REFERENCE_ONLY,N/A,,
WS-S04-RANK-R009,YES,WS-S04,CORE_BEHAVIOR,REQUIRED,MANDATORY,authority/strategy/WS_TOP_PICKS_QUALIFICATION_AND_RANKING.md,B. Final Qualification Gates,24,PLAN binding dan candidate state sah untuk `trade_date` yang sama;,262AA655F4325FE3CB6F7400D128FB2F00BF15B0,WS-B05,TBD,TBD,TBD,NOT_ASSESSED,NOT_ASSESSED,N/A,,
WS-S04-RANK-R010,YES,WS-S04,CORE_BEHAVIOR,REQUIRED,MANDATORY,authority/strategy/WS_TOP_PICKS_QUALIFICATION_AND_RANKING.md,B. Final Qualification Gates,25,seluruh active candidate-level hard gate tetap dinyatakan lulus pada immutable PLAN;,88206004876B827D26DCF067CC22C0C0A3E21080,WS-B05,TBD,TBD,TBD,NOT_ASSESSED,NOT_ASSESSED,N/A,,
WS-S04-RANK-R011,YES,WS-S04,CORE_BEHAVIOR,REQUIRED,MANDATORY,authority/strategy/WS_TOP_PICKS_QUALIFICATION_AND_RANKING.md,B. Final Qualification Gates,26,candidate mempunyai complete valid predeclared trade plan untuk active exit-policy identity;,D1364C8F1F3FB82650A22CD2B328A0E1BF1111B3,WS-B05,TBD,TBD,TBD,NOT_ASSESSED,NOT_ASSESSED,N/A,,
WS-S04-RANK-R012,YES,WS-S04,CORE_BEHAVIOR,REFERENCE_ONLY,MANDATORY,authority/strategy/WS_TOP_PICKS_QUALIFICATION_AND_RANKING.md,B. Final Qualification Gates,27,exit-policy-specific risk requirement terpenuhi:,E21AC9F71E7F6843A4193B683C2B89FF2245BA11,WS-B05,N/A,N/A,N/A,N/A,REFERENCE_ONLY,N/A,,
WS-S04-RANK-R013,YES,WS-S04,CORE_BEHAVIOR,REQUIRED,MANDATORY,authority/strategy/WS_TOP_PICKS_QUALIFICATION_AND_RANKING.md,B. Final Qualification Gates,28,"stop/target mode: valid stop, target, dan minimum risk/reward;",06220ADC5DB2AF89A26C531264843DD703AFD45F,WS-B05,TBD,TBD,TBD,NOT_ASSESSED,NOT_ASSESSED,N/A,,
WS-S04-RANK-R014,YES,WS-S04,CORE_BEHAVIOR,REQUIRED,MANDATORY,authority/strategy/WS_TOP_PICKS_QUALIFICATION_AND_RANKING.md,B. Final Qualification Gates,29,"sequential signal-next-open mode: valid predeclared profit/loss thresholds, next-open routing, dan bounded fallback horizon;",17C46B6216E67489FC6DF67E8E0B8CDA686AF3FA,WS-B05,TBD,TBD,TBD,NOT_ASSESSED,NOT_ASSESSED,N/A,,
WS-S04-RANK-R015,YES,WS-S04,CORE_BEHAVIOR,REQUIRED,MANDATORY,authority/strategy/WS_TOP_PICKS_QUALIFICATION_AND_RANKING.md,B. Final Qualification Gates,30,`score_total` memenuhi **absolute final recommendation quality floor** pada frozen active strategy/paramset identity;,106DA6C64520EB97ED73C918762C8C6D1B03F80A,WS-B05,TBD,TBD,TBD,NOT_ASSESSED,NOT_ASSESSED,N/A,,
WS-S04-RANK-R016,YES,WS-S04,CORE_BEHAVIOR,REQUIRED,CONDITIONAL_ACTIVE,authority/strategy/WS_TOP_PICKS_QUALIFICATION_AND_RANKING.md,B. Final Qualification Gates,31,seluruh optional final dimension floor yang memang aktif pada strategy identity lulus;,E4862A1F4E7FECB9D0B1ED549013DF671F0EA90E,WS-B05,TBD,TBD,TBD,NOT_ASSESSED,NOT_ASSESSED,N/A,,
WS-S04-RANK-R017,YES,WS-S04,CORE_BEHAVIOR,REQUIRED,MANDATORY,authority/strategy/WS_TOP_PICKS_QUALIFICATION_AND_RANKING.md,B. Final Qualification Gates,32,tidak ada active disqualifying rule pada strategy identity yang sama.,9C1358895564EA66BBE50917C52748B4C458CFC5,WS-B05,TBD,TBD,TBD,NOT_ASSESSED,NOT_ASSESSED,N/A,,
WS-S04-RANK-R018,YES,WS-S04,CORE_BEHAVIOR,REQUIRED,MANDATORY,authority/strategy/WS_TOP_PICKS_QUALIFICATION_AND_RANKING.md,B. Final Qualification Gates,34,Final recommendation quality floor harus ditetapkan sebelum evaluation outcome dibaca dan tidak boleh diturunkan hanya untuk memenuhi jumlah Top Picks.,2906987C029AE89C3501BAACA0CCED0510EBD04C,WS-B05,TBD,TBD,TBD,NOT_ASSESSED,NOT_ASSESSED,N/A,,
WS-S04-RANK-R019,YES,WS-S04,CORE_BEHAVIOR,REFERENCE_ONLY,MANDATORY,authority/strategy/WS_TOP_PICKS_QUALIFICATION_AND_RANKING.md,C. Recommendation Score,38,Canonical baseline:,14F661E7CC52BB8B390BD9B19811BDC3A592DD40,WS-B05,N/A,N/A,N/A,N/A,REFERENCE_ONLY,N/A,,
WS-S04-RANK-R020,YES,WS-S04,CORE_BEHAVIOR,REQUIRED,MANDATORY,authority/strategy/WS_TOP_PICKS_QUALIFICATION_AND_RANKING.md,C. Recommendation Score,40,`recommendation_score = PLAN score_total`,69FB7DB6FFA2B1F35415125396893D24F2EB5F15,WS-B05,TBD,TBD,TBD,NOT_ASSESSED,NOT_ASSESSED,N/A,,
WS-S04-RANK-R021,YES,WS-S04,CORE_BEHAVIOR,REQUIRED,MANDATORY,authority/strategy/WS_TOP_PICKS_QUALIFICATION_AND_RANKING.md,C. Recommendation Score,42,`score_total` mengikuti formula dan frozen component transforms/weights di `WS_PLAN_SCORING_AND_TRADE_PLAN.md`.,2D67D5E193E4A12C9A842F00A1ACF77CCC4248F1,WS-B05,TBD,TBD,TBD,NOT_ASSESSED,NOT_ASSESSED,N/A,,
WS-S04-RANK-R022,YES,WS-S04,CORE_BEHAVIOR,REQUIRED,MANDATORY,authority/strategy/WS_TOP_PICKS_QUALIFICATION_AND_RANKING.md,C. Recommendation Score,44,Tidak ada second-stage opaque rescore pada canonical baseline.,443794F9D79BF50F32618BB8EF7C8FC821207FA4,WS-B05,TBD,TBD,TBD,NOT_ASSESSED,NOT_ASSESSED,N/A,,
WS-S04-RANK-R023,YES,WS-S04,CORE_BEHAVIOR,REQUIRED,MANDATORY,authority/strategy/WS_TOP_PICKS_QUALIFICATION_AND_RANKING.md,C. Recommendation Score,46,Perubahan menjadi score formula lain adalah strategy change dan wajib membuktikan ranking utility baru pada IS/OOS tanpa post-OOS retuning.,4C612221A10AE819008FD2A6B975F75FDEB3B571,WS-B05,TBD,TBD,TBD,NOT_ASSESSED,NOT_ASSESSED,N/A,,
WS-S04-RANK-R024,YES,WS-S04,CORE_BEHAVIOR,REFERENCE_ONLY,MANDATORY,authority/strategy/WS_TOP_PICKS_QUALIFICATION_AND_RANKING.md,D. Ranking,50,Seluruh qualified candidates diurutkan secara deterministic:,52FC6A7F7B0C42A30AD987073D916724679D04EE,WS-B05,N/A,N/A,N/A,N/A,REFERENCE_ONLY,N/A,,
WS-S04-RANK-R025,YES,WS-S04,CORE_BEHAVIOR,REQUIRED,MANDATORY,authority/strategy/WS_TOP_PICKS_QUALIFICATION_AND_RANKING.md,D. Ranking,52,`recommendation_score` descending;,604CE8CAD8408A68B2CDDE6882ED95C0E26B6C70,WS-B05,TBD,TBD,TBD,NOT_ASSESSED,NOT_ASSESSED,N/A,,
WS-S04-RANK-R026,YES,WS-S04,CORE_BEHAVIOR,REQUIRED,MANDATORY,authority/strategy/WS_TOP_PICKS_QUALIFICATION_AND_RANKING.md,D. Ranking,53,breakout/setup quality descending;,40F8F528F1E810BB4AAC73A6E92868BA086F029D,WS-B05,TBD,TBD,TBD,NOT_ASSESSED,NOT_ASSESSED,N/A,,
WS-S04-RANK-R027,YES,WS-S04,CORE_BEHAVIOR,REQUIRED,MANDATORY,authority/strategy/WS_TOP_PICKS_QUALIFICATION_AND_RANKING.md,D. Ranking,54,momentum quality descending;,D59DB90ACFE20683A9789A729CB4FBE3E1475EEE,WS-B05,TBD,TBD,TBD,NOT_ASSESSED,NOT_ASSESSED,N/A,,
WS-S04-RANK-R028,YES,WS-S04,CORE_BEHAVIOR,REQUIRED,MANDATORY,authority/strategy/WS_TOP_PICKS_QUALIFICATION_AND_RANKING.md,D. Ranking,55,liquidity descending;,047085A2A61271A3E362E05B2FD76DE4B308B494,WS-B05,TBD,TBD,TBD,NOT_ASSESSED,NOT_ASSESSED,N/A,,
WS-S04-RANK-R029,YES,WS-S04,CORE_BEHAVIOR,REQUIRED,MANDATORY,authority/strategy/WS_TOP_PICKS_QUALIFICATION_AND_RANKING.md,D. Ranking,56,ATR ascending;,C895CE52B1BFB824743E3CB13E557404135C6655,WS-B05,TBD,TBD,TBD,NOT_ASSESSED,NOT_ASSESSED,N/A,,
WS-S04-RANK-R030,YES,WS-S04,CORE_BEHAVIOR,REQUIRED,MANDATORY,authority/strategy/WS_TOP_PICKS_QUALIFICATION_AND_RANKING.md,D. Ranking,57,stable ticker identity ascending.,5F3E5971E60C79D18499A3B4DB2FAAE4CBEDE811,WS-B05,TBD,TBD,TBD,NOT_ASSESSED,NOT_ASSESSED,N/A,,
WS-S04-RANK-R031,YES,WS-S04,CORE_BEHAVIOR,REQUIRED,MANDATORY,authority/strategy/WS_TOP_PICKS_QUALIFICATION_AND_RANKING.md,D. Ranking,59,Hasil urutan menjadi `recommendation_rank = 1..N`.,94993A4781C6EFD1AD3A93B3F0A5143E4DE6F61D,WS-B05,TBD,TBD,TBD,NOT_ASSESSED,NOT_ASSESSED,N/A,,
WS-S04-RANK-R032,YES,WS-S04,CORE_BEHAVIOR,REQUIRED,MANDATORY,authority/strategy/WS_TOP_PICKS_QUALIFICATION_AND_RANKING.md,D. Ranking,61,"Rank #1 harus bermakna **candidate qualified dengan canonical predicted-quality ordering tertinggi**, bukan candidate yang dipilih karena capital, presentation position, atau retrospective return.",8C08D8C22D63F5AAF04F25CFFB762866D5375014,WS-B05,TBD,TBD,TBD,NOT_ASSESSED,NOT_ASSESSED,N/A,,
WS-S04-RANK-R033,YES,WS-S04,CORE_BEHAVIOR,REQUIRED,MANDATORY,authority/strategy/WS_TOP_PICKS_QUALIFICATION_AND_RANKING.md,E. Recommendation Count,65,`N = jumlah candidate yang lulus seluruh final qualification gates`.,ABA03E824819AD5DCD58F8764FF1801DE669D5ED,WS-B05,TBD,TBD,TBD,NOT_ASSESSED,NOT_ASSESSED,N/A,,
WS-S04-RANK-R034,YES,WS-S04,CORE_BEHAVIOR,REQUIRED,MANDATORY,authority/strategy/WS_TOP_PICKS_QUALIFICATION_AND_RANKING.md,E. Recommendation Count,67,"Tidak ada fixed recommendation count, dynamic quota, forced minimum, atau strategy cap yang menghapus candidate qualified.",009DF2E0E5F0E3A0971390E688AACF75FB705BD9,WS-B05,TBD,TBD,TBD,NOT_ASSESSED,NOT_ASSESSED,N/A,,
WS-S04-RANK-R035,YES,WS-S04,CORE_BEHAVIOR,REQUIRED,MANDATORY,authority/strategy/WS_TOP_PICKS_QUALIFICATION_AND_RANKING.md,E. Recommendation Count,69,`N` boleh sama dengan nol.,06662D3ABCE9C7B54C2A87BDBCB18C72DC74906F,WS-B05,TBD,TBD,TBD,NOT_ASSESSED,NOT_ASSESSED,N/A,,
WS-S04-RANK-R036,YES,WS-S04,CORE_BEHAVIOR,REFERENCE_ONLY,CONDITIONAL_ACTIVE,authority/strategy/WS_TOP_PICKS_QUALIFICATION_AND_RANKING.md,F. Empty Set,73,"Jika tidak ada candidate lulus, canonical output adalah:",ADC0B74A0EE4748FB8B80B533B1F311E6F31716D,WS-B05,N/A,N/A,N/A,N/A,REFERENCE_ONLY,N/A,,
WS-S04-RANK-R037,YES,WS-S04,CORE_BEHAVIOR,REQUIRED,MANDATORY,authority/strategy/WS_TOP_PICKS_QUALIFICATION_AND_RANKING.md,F. Empty Set,75,**NO QUALIFIED TOP PICKS**,522A629724D1255B27D2D3AF9BB7F62BFCE76CE1,WS-B05,TBD,TBD,TBD,NOT_ASSESSED,NOT_ASSESSED,N/A,,
WS-S04-RANK-R038,YES,WS-S04,CORE_BEHAVIOR,REQUIRED,MANDATORY,authority/strategy/WS_TOP_PICKS_QUALIFICATION_AND_RANKING.md,F. Empty Set,77,Empty set bukan error dan tidak boleh memicu pelonggaran rule otomatis.,9B1FD964B00DA9993BD4756D3EA2EA37FEC67A79,WS-B05,TBD,TBD,TBD,NOT_ASSESSED,NOT_ASSESSED,N/A,,
WS-S04-RANK-R039,YES,WS-S04,CORE_BEHAVIOR,REQUIRED,MANDATORY,authority/strategy/WS_TOP_PICKS_QUALIFICATION_AND_RANKING.md,G. Capital / Affordability,81,Capital tidak menjadi input selection atau ranking.,959A27347B7546D1CFC242FA499C1073D2113613,WS-B05,TBD,TBD,TBD,NOT_ASSESSED,NOT_ASSESSED,N/A,,
WS-S04-RANK-R040,YES,WS-S04,CORE_BEHAVIOR,REQUIRED,MANDATORY,authority/strategy/WS_TOP_PICKS_QUALIFICATION_AND_RANKING.md,G. Capital / Affordability,83,"Setelah final Top Picks dibentuk, consumer boleh menghitung affordability atau suggested lot sebagai information-only enrichment. Informasi tersebut tidak boleh mengubah recommendation membership, score, rank, atau historical recommendation state.",1DD420E8B8307412256F1650327456F97DDD96BA,WS-B05,TBD,TBD,TBD,NOT_ASSESSED,NOT_ASSESSED,N/A,,
WS-S04-RANK-R041,YES,WS-S04,CORE_BEHAVIOR,REFERENCE_ONLY,MANDATORY,authority/strategy/WS_TOP_PICKS_QUALIFICATION_AND_RANKING.md,H. Explainability,87,Setiap evaluated candidate harus dapat menjelaskan:,0E5E5498C886FC1F81FC51577A9960B357777C77,WS-B05,N/A,N/A,N/A,N/A,REFERENCE_ONLY,N/A,,
WS-S04-RANK-R042,YES,WS-S04,CORE_BEHAVIOR,REQUIRED,MANDATORY,authority/strategy/WS_TOP_PICKS_QUALIFICATION_AND_RANKING.md,H. Explainability,88,candidate-state outcome;,6BE70AE605B9E0C1995FABCF15F36929D2D40B55,WS-B05,TBD,TBD,TBD,NOT_ASSESSED,NOT_ASSESSED,N/A,,
WS-S04-RANK-R043,YES,WS-S04,CORE_BEHAVIOR,REQUIRED,MANDATORY,authority/strategy/WS_TOP_PICKS_QUALIFICATION_AND_RANKING.md,H. Explainability,89,final gate yang lulus/gagal;,8A45A89B3DA23FF7769F5C01FB8FB3A5D74A51F6,WS-B05,TBD,TBD,TBD,NOT_ASSESSED,NOT_ASSESSED,N/A,,
WS-S04-RANK-R044,YES,WS-S04,CORE_BEHAVIOR,REQUIRED,MANDATORY,authority/strategy/WS_TOP_PICKS_QUALIFICATION_AND_RANKING.md,H. Explainability,90,canonical component scores dan `score_total`;,E67E25FE0F6DA0E0AFB7828AAC779A2952D321BA,WS-B05,TBD,TBD,TBD,NOT_ASSESSED,NOT_ASSESSED,N/A,,
WS-S04-RANK-R045,YES,WS-S04,CORE_BEHAVIOR,REQUIRED,MANDATORY,authority/strategy/WS_TOP_PICKS_QUALIFICATION_AND_RANKING.md,H. Explainability,91,reason mengapa masuk/tidak masuk Top Picks;,608B057CB04E38FA7183DDC4C1FF2AE6FA2B78FF,WS-B05,TBD,TBD,TBD,NOT_ASSESSED,NOT_ASSESSED,N/A,,
WS-S04-RANK-R046,YES,WS-S04,CORE_BEHAVIOR,REQUIRED,MANDATORY,authority/strategy/WS_TOP_PICKS_QUALIFICATION_AND_RANKING.md,H. Explainability,92,rank keys yang menentukan urutan ketika score sama.,91E900C1B8DF3D13E11952FFC5CF71DD03A90F9A,WS-B05,TBD,TBD,TBD,NOT_ASSESSED,NOT_ASSESSED,N/A,,
WS-S04-RANK-R047,YES,WS-S04,CORE_BEHAVIOR,REQUIRED,MANDATORY,authority/strategy/WS_TOP_PICKS_QUALIFICATION_AND_RANKING.md,H. Explainability,94,Explainability tidak boleh memperkenalkan post-hoc reason yang tidak ikut active strategy identity.,64ED0916BACEF06896D643153B33821D7603D16E,WS-B05,TBD,TBD,TBD,NOT_ASSESSED,NOT_ASSESSED,N/A,,
WS-S04-RANK-R048,YES,WS-S04,CORE_BEHAVIOR,REQUIRED,MANDATORY,authority/strategy/WS_TOP_PICKS_QUALIFICATION_AND_RANKING.md,I. Determinism,98,"Untuk authoritative PLAN snapshot dan frozen strategy identity yang sama, recommendation membership, score, dan rank harus identik pada replay.",075DEA3239E6538BC3593A09F18165AD94CAA676,WS-B05,TBD,TBD,TBD,NOT_ASSESSED,NOT_ASSESSED,N/A,,
WS-S04-RANK-R058,YES,WS-S04,CORE_BEHAVIOR,REQUIRED,MANDATORY,authority/strategy/WS_TOP_PICKS_QUALIFICATION_AND_RANKING.md,J. User-Visible Top-K Ranking Proof,102,"Karena consumer dapat memusatkan perhatian pada rank teratas, canonical proof harus mengevaluasi presentation subsets tanpa mengubah membership:",939531E0C7FD3F6A9707B2EB3644FF1A1E89A1C8,WS-B05,TBD,TBD,TBD,NOT_ASSESSED,NOT_ASSESSED,N/A,,Added by D-WS-20260819-05 high-trust strategy strengthening.
WS-S04-RANK-R059,YES,WS-S04,CORE_BEHAVIOR,REQUIRED,MANDATORY,authority/strategy/WS_TOP_PICKS_QUALIFICATION_AND_RANKING.md,J. User-Visible Top-K Ranking Proof,104,`TOP_1` = rank `1` pada setiap recommendation date bila tersedia;,328F5444AB9342D0B01BD5037590F4BB2692931B,WS-B05,TBD,TBD,TBD,NOT_ASSESSED,NOT_ASSESSED,N/A,,Added by D-WS-20260819-05 high-trust strategy strengthening.
WS-S04-RANK-R060,YES,WS-S04,CORE_BEHAVIOR,REQUIRED,MANDATORY,authority/strategy/WS_TOP_PICKS_QUALIFICATION_AND_RANKING.md,J. User-Visible Top-K Ranking Proof,105,"`TOP_3` = first `min(3,N)` recommendations;",19842196548F1EFD6973DEF18B13AC40FDED62A9,WS-B05,TBD,TBD,TBD,NOT_ASSESSED,NOT_ASSESSED,N/A,,Added by D-WS-20260819-05 high-trust strategy strengthening.
WS-S04-RANK-R061,YES,WS-S04,CORE_BEHAVIOR,REQUIRED,MANDATORY,authority/strategy/WS_TOP_PICKS_QUALIFICATION_AND_RANKING.md,J. User-Visible Top-K Ranking Proof,106,"`TOP_5` = first `min(5,N)` recommendations;",BE51EE4A6D045A8BA80776DA8E62B6CC33041623,WS-B05,TBD,TBD,TBD,NOT_ASSESSED,NOT_ASSESSED,N/A,,Added by D-WS-20260819-05 high-trust strategy strengthening.
WS-S04-RANK-R062,YES,WS-S04,CORE_BEHAVIOR,REQUIRED,MANDATORY,authority/strategy/WS_TOP_PICKS_QUALIFICATION_AND_RANKING.md,J. User-Visible Top-K Ranking Proof,107,`ALL_QUALIFIED` = seluruh final Top Picks.,1705B0A668DBC823A92367A2EF259ACE8243C93C,WS-B05,TBD,TBD,TBD,NOT_ASSESSED,NOT_ASSESSED,N/A,,Added by D-WS-20260819-05 high-trust strategy strengthening.
WS-S04-RANK-R063,YES,WS-S04,CORE_BEHAVIOR,REQUIRED,MANDATORY,authority/strategy/WS_TOP_PICKS_QUALIFICATION_AND_RANKING.md,J. User-Visible Top-K Ranking Proof,109,"Subset definition dibekukan sebelum outcome dibaca. Proof harus melaporkan sample, net return, downside, dan benchmark-relative behavior untuk Top-1/Top-3/Top-5/All. Higher-ranked subsets harus menunjukkan positive expected net return dan tidak menunjukkan persistent underperformance terhadap all-qualified set yang mengindikasikan ranking tidak berguna.",254F8CB9E1E7E67BB695CC6303448A6178D7A911,WS-B05,TBD,TBD,TBD,NOT_ASSESSED,NOT_ASSESSED,N/A,,Added by D-WS-20260819-05 high-trust strategy strengthening.
WS-S04-RANK-R049,YES,WS-S04,CORE_BEHAVIOR,REQUIRED,MANDATORY,authority/strategy/WS_TOP_PICKS_QUALIFICATION_AND_RANKING.md,K. Proof Binding,113,"Backtest, OOS, adverse-friction stress, dan shadow harus mengukur output algorithm ini secara langsung.",E435CE8545F7082C325FEEB2D8C8E3C5CF7F979F,WS-B05,TBD,TBD,TBD,NOT_ASSESSED,NOT_ASSESSED,N/A,,
WS-S04-RANK-R050,YES,WS-S04,CORE_BEHAVIOR,REQUIRED,MANDATORY,authority/strategy/WS_TOP_PICKS_QUALIFICATION_AND_RANKING.md,K. Proof Binding,115,PLAN candidate state atau historical PLAN priority group tidak boleh dipakai sebagai proxy untuk final Top Picks proof.,DB14F134A28C324842CD181E380D1CA94D235C7E,WS-B05,TBD,TBD,TBD,NOT_ASSESSED,NOT_ASSESSED,N/A,,
WS-S04-RANK-R051,YES,WS-S04,CORE_BEHAVIOR,REQUIRED,MANDATORY,authority/strategy/WS_TOP_PICKS_QUALIFICATION_AND_RANKING.md,Final Rules,119,"final recommendation adalah qualification problem, bukan quota-filling problem;",B9F323231A4698D0EAB2A63EA300EF81DE264BC8,WS-B05,TBD,TBD,TBD,NOT_ASSESSED,NOT_ASSESSED,N/A,,
WS-S04-RANK-R052,YES,WS-S04,CORE_BEHAVIOR,REQUIRED,MANDATORY,authority/strategy/WS_TOP_PICKS_QUALIFICATION_AND_RANKING.md,Final Rules,120,seluruh dan hanya qualified candidates menjadi Top Picks;,58F64155833CCE5786566982D835E83BE580C515,WS-B05,TBD,TBD,TBD,NOT_ASSESSED,NOT_ASSESSED,N/A,,
WS-S04-RANK-R053,YES,WS-S04,CORE_BEHAVIOR,REQUIRED,MANDATORY,authority/strategy/WS_TOP_PICKS_QUALIFICATION_AND_RANKING.md,Final Rules,121,`recommendation_score` sama dengan canonical PLAN `score_total`;,37E86020BFE8DE8C4C9D9E1F8949C2790C76FE6B,WS-B05,TBD,TBD,TBD,NOT_ASSESSED,NOT_ASSESSED,N/A,,
WS-S04-RANK-R054,YES,WS-S04,CORE_BEHAVIOR,REQUIRED,CONDITIONAL_ACTIVE,authority/strategy/WS_TOP_PICKS_QUALIFICATION_AND_RANKING.md,Final Rules,122,ranking tidak dipengaruhi capital atau optional CONFIRM;,08564DAFF721A19C76C84F82B241D9FF6DF720AD,WS-B05,TBD,TBD,TBD,NOT_ASSESSED,NOT_ASSESSED,N/A,,
WS-S04-RANK-R055,YES,WS-S04,CORE_BEHAVIOR,REQUIRED,MANDATORY,authority/strategy/WS_TOP_PICKS_QUALIFICATION_AND_RANKING.md,Final Rules,123,Top Picks boleh kosong;,4FF528A6F97F26AD86242DB16236E4C0E42A496A,WS-B05,TBD,TBD,TBD,NOT_ASSESSED,NOT_ASSESSED,N/A,,
WS-S04-RANK-R056,YES,WS-S04,CORE_BEHAVIOR,REQUIRED,MANDATORY,authority/strategy/WS_TOP_PICKS_QUALIFICATION_AND_RANKING.md,Final Rules,124,quality floor tidak boleh dilonggarkan karena jumlah recommendation sedikit;,40BB8553D1A7D3F1F47F9AC3C624EA70BE8ECA0B,WS-B05,TBD,TBD,TBD,NOT_ASSESSED,NOT_ASSESSED,N/A,,
WS-S04-RANK-R057,YES,WS-S04,CORE_BEHAVIOR,REQUIRED,MANDATORY,authority/strategy/WS_TOP_PICKS_QUALIFICATION_AND_RANKING.md,Final Rules,125,proof harus mengevaluasi exact final recommendation output.,4F53867CE99D9712409C9BECD4F6D536862D680D,WS-B05,TBD,TBD,TBD,NOT_ASSESSED,NOT_ASSESSED,N/A,,
WS-S04-RECO-R001,YES,WS-S04,CORE_BEHAVIOR,REFERENCE_ONLY,MANDATORY,authority/strategy/WS_TOP_PICKS_RECOMMENDATION.md,Purpose,5,RECOMMENDATION adalah final decision-support selection layer Weekly Swing. Layer ini menentukan saham mana yang cukup layak untuk disebut **Top Picks** dan mengurutkannya dari kualitas tertinggi ke terendah.,EF31ABE39CB7AA194D6CF656A5249B9DB64835BE,WS-B05,N/A,N/A,N/A,N/A,REFERENCE_ONLY,N/A,,
WS-S04-RECO-R002,YES,WS-S04,CORE_BEHAVIOR,REFERENCE_ONLY,MANDATORY,authority/strategy/WS_TOP_PICKS_RECOMMENDATION.md,Lifecycle Position,9,**Stage:** `WS-S04` — Final Recommendation and Ranked Top Picks.,8F9DECE12A6A082458EAB58E8AAA4F4E93AF726B,WS-B05,N/A,N/A,N/A,N/A,REFERENCE_ONLY,N/A,,
WS-S04-RECO-R003,YES,WS-S04,CORE_BEHAVIOR,REFERENCE_ONLY,MANDATORY,authority/strategy/WS_TOP_PICKS_RECOMMENDATION.md,Lifecycle Position,10,**Consumes:** immutable PLAN.,36E2465246C842DE8A5B24BC67F68127803D5BF5,WS-B05,N/A,N/A,N/A,N/A,REFERENCE_ONLY,N/A,,
WS-S04-RECO-R004,YES,WS-S04,CORE_BEHAVIOR,REFERENCE_ONLY,MANDATORY,authority/strategy/WS_TOP_PICKS_RECOMMENDATION.md,Lifecycle Position,11,"**Produces:** semantic definition of final qualified `TOP_PICKS`, including valid empty set.",4A5FD441F514096866E80D3332C190421414CF0B,WS-B05,N/A,N/A,N/A,N/A,REFERENCE_ONLY,N/A,,
WS-S04-RECO-R005,YES,WS-S04,CORE_BEHAVIOR,REFERENCE_ONLY,CONDITIONAL_ACTIVE,authority/strategy/WS_TOP_PICKS_RECOMMENDATION.md,Lifecycle Position,12,**Next:** core proof may continue to `WS-S06`; optional `WS-S05` CONFIRM may run independently when valid decision-time data is available.,6837ED34B7A34975C98EA60EFB880FAA4EBF9AFF,WS-B05,N/A,N/A,N/A,N/A,REFERENCE_ONLY,N/A,,
WS-S04-RECO-R006,YES,WS-S04,CORE_BEHAVIOR,REQUIRED,MANDATORY,authority/strategy/WS_TOP_PICKS_RECOMMENDATION.md,Source,16,Recommendation hanya boleh membaca immutable PLAN output untuk `trade_date` yang sama.,BD60F5BFDA3AD61EAC516EBF87A85EB62E1235BA,WS-B05,TBD,TBD,TBD,NOT_ASSESSED,NOT_ASSESSED,N/A,,
WS-S04-RECO-R007,YES,WS-S04,CORE_BEHAVIOR,REQUIRED,MANDATORY,authority/strategy/WS_TOP_PICKS_RECOMMENDATION.md,Source,18,Source candidate hanya `RECOMMENDATION_CANDIDATES`.,DC9769E66357577E4F6AD60EFA72BE1FA39B5277,WS-B05,TBD,TBD,TBD,NOT_ASSESSED,NOT_ASSESSED,N/A,,
WS-S04-RECO-R008,YES,WS-S04,CORE_BEHAVIOR,REQUIRED,MANDATORY,authority/strategy/WS_TOP_PICKS_RECOMMENDATION.md,Source,20,`WATCH_ONLY` dan `AVOID` tidak boleh menjadi final recommendation pada run yang sama.,B280BAC67E4D26457F3DDC5859DF3041B16D7221,WS-B05,TBD,TBD,TBD,NOT_ASSESSED,NOT_ASSESSED,N/A,,
WS-S04-RECO-R009,YES,WS-S04,CORE_BEHAVIOR,REQUIRED,MANDATORY,authority/strategy/WS_TOP_PICKS_RECOMMENDATION.md,Qualified Recommendation Principle,24,"Recommendation memakai **qualification**, bukan quota.",09D03FD30DDBFEAB29512C92BB6F07CE135A292E,WS-B05,TBD,TBD,TBD,NOT_ASSESSED,NOT_ASSESSED,N/A,,
WS-S04-RECO-R010,YES,WS-S04,CORE_BEHAVIOR,REQUIRED,CONDITIONAL_ACTIVE,authority/strategy/WS_TOP_PICKS_RECOMMENDATION.md,Qualified Recommendation Principle,26,"Satu ticker masuk final Top Picks hanya jika seluruh mandatory recommendation gate lulus. Bila 0 ticker lulus, output Top Picks harus kosong. Bila 12 ticker lulus, seluruh 12 ticker tetap qualified recommendations dan diurutkan `1..12`.",C0BD2D651A7467828F280A505E996DC532EDF157,WS-B05,TBD,TBD,TBD,NOT_ASSESSED,NOT_ASSESSED,N/A,,
WS-S04-RECO-R011,YES,WS-S04,CORE_BEHAVIOR,REQUIRED,MANDATORY,authority/strategy/WS_TOP_PICKS_RECOMMENDATION.md,Qualified Recommendation Principle,28,"UI boleh menonjolkan sebagian rank untuk kenyamanan, tetapi presentation limit tidak boleh mengubah strategy membership.",E7D968112E69B3EE44CE7B2407F1289921A5CEA2,WS-B05,TBD,TBD,TBD,NOT_ASSESSED,NOT_ASSESSED,N/A,,
WS-S04-RECO-R012,YES,WS-S04,CORE_BEHAVIOR,REQUIRED,MANDATORY,authority/strategy/WS_TOP_PICKS_RECOMMENDATION.md,Top Picks Meaning,32,`TOP_PICKS` adalah nama final recommendation set dan tidak digunakan untuk PLAN candidate state.,78044827DD476526B254D9D574575A24BD3AC6FC,WS-B05,TBD,TBD,TBD,NOT_ASSESSED,NOT_ASSESSED,N/A,,
WS-S04-RECO-R013,YES,WS-S04,CORE_BEHAVIOR,REFERENCE_ONLY,MANDATORY,authority/strategy/WS_TOP_PICKS_RECOMMENDATION.md,Top Picks Meaning,34,Setiap Top Pick harus mempunyai:,CCD87E8F351077292B02DD284F46EC6CE3BA2491,WS-B05,N/A,N/A,N/A,N/A,REFERENCE_ONLY,N/A,,
WS-S04-RECO-R014,YES,WS-S04,CORE_BEHAVIOR,REQUIRED,MANDATORY,authority/strategy/WS_TOP_PICKS_RECOMMENDATION.md,Top Picks Meaning,35,recommendation rank;,68E54B0DF00B6EEE3F0BF509CFB92013571FED5D,WS-B05,TBD,TBD,TBD,NOT_ASSESSED,NOT_ASSESSED,N/A,,
WS-S04-RECO-R015,YES,WS-S04,CORE_BEHAVIOR,REQUIRED,MANDATORY,authority/strategy/WS_TOP_PICKS_RECOMMENDATION.md,Top Picks Meaning,36,canonical quality score;,EEB74513A5C6D04ED5690FB35E9E50AB65CAE6AE,WS-B05,TBD,TBD,TBD,NOT_ASSESSED,NOT_ASSESSED,N/A,,
WS-S04-RECO-R016,YES,WS-S04,CORE_BEHAVIOR,REQUIRED,MANDATORY,authority/strategy/WS_TOP_PICKS_RECOMMENDATION.md,Top Picks Meaning,37,reason/explanation yang dapat diturunkan dari rule strategy;,A561C1E3D3D3C59191CDF766A1BDFDA65E7CB9A6,WS-B05,TBD,TBD,TBD,NOT_ASSESSED,NOT_ASSESSED,N/A,,
WS-S04-RECO-R017,YES,WS-S04,CORE_BEHAVIOR,REQUIRED,MANDATORY,authority/strategy/WS_TOP_PICKS_RECOMMENDATION.md,Top Picks Meaning,38,PLAN entry dan predeclared exit/risk-plan binding;,8C8FB2A689E7FDCE58729937A9260F67809AFF9E,WS-B05,TBD,TBD,TBD,NOT_ASSESSED,NOT_ASSESSED,N/A,,
WS-S04-RECO-R018,YES,WS-S04,CORE_BEHAVIOR,REQUIRED,CONDITIONAL_ACTIVE,authority/strategy/WS_TOP_PICKS_RECOMMENDATION.md,Top Picks Meaning,39,optional current-actionability state bila CONFIRM tersedia; absence of CONFIRM does not reduce recommendation validity.,68C2DC57AECB99E0A9C7B43AEFE5BB5453279464,WS-B05,TBD,TBD,TBD,NOT_ASSESSED,NOT_ASSESSED,N/A,,
WS-S04-RECO-R031,YES,WS-S04,CORE_BEHAVIOR,REQUIRED,MANDATORY,authority/strategy/WS_TOP_PICKS_RECOMMENDATION.md,Recommendation Publication Binding,43,Setiap final recommendation set harus mengikat minimal:,8B4507EF933ADF248D783C0A5B86F2E9545E2B97,WS-B05,TBD,TBD,TBD,NOT_ASSESSED,NOT_ASSESSED,N/A,,Added by D-WS-20260819-05 high-trust strategy strengthening.
WS-S04-RECO-R032,YES,WS-S04,CORE_BEHAVIOR,REQUIRED,MANDATORY,authority/strategy/WS_TOP_PICKS_RECOMMENDATION.md,Recommendation Publication Binding,45,`recommendation_trade_date`;,5B5AF5F5FAEB734956DE56EF9EF490749A46B549,WS-B05,TBD,TBD,TBD,NOT_ASSESSED,NOT_ASSESSED,N/A,,Added by D-WS-20260819-05 high-trust strategy strengthening.
WS-S04-RECO-R033,YES,WS-S04,CORE_BEHAVIOR,REQUIRED,MANDATORY,authority/strategy/WS_TOP_PICKS_RECOMMENDATION.md,Recommendation Publication Binding,46,`recommendation_available_at`;,805659342278388F00C01BB0C4E808ACE605EEB1,WS-B05,TBD,TBD,TBD,NOT_ASSESSED,NOT_ASSESSED,N/A,,Added by D-WS-20260819-05 high-trust strategy strengthening.
WS-S04-RECO-R034,YES,WS-S04,CORE_BEHAVIOR,REQUIRED,MANDATORY,authority/strategy/WS_TOP_PICKS_RECOMMENDATION.md,Recommendation Publication Binding,47,source EOD publication/read identity;,829B1CE1C3E6F17A30296EAFBC7A962B57528091,WS-B05,TBD,TBD,TBD,NOT_ASSESSED,NOT_ASSESSED,N/A,,Added by D-WS-20260819-05 high-trust strategy strengthening.
WS-S04-RECO-R035,YES,WS-S04,CORE_BEHAVIOR,REQUIRED,MANDATORY,authority/strategy/WS_TOP_PICKS_RECOMMENDATION.md,Recommendation Publication Binding,48,intended canonical entry session;,9E0EE015ED431D47E6696D87D6679265E2127EE0,WS-B05,TBD,TBD,TBD,NOT_ASSESSED,NOT_ASSESSED,N/A,,Added by D-WS-20260819-05 high-trust strategy strengthening.
WS-S04-RECO-R036,YES,WS-S04,CORE_BEHAVIOR,REQUIRED,MANDATORY,authority/strategy/WS_TOP_PICKS_RECOMMENDATION.md,Recommendation Publication Binding,49,applicable `minimum_decision_lead_time_minutes`.,2501956DE3F83E74450C7009C783D7C9F7271E04,WS-B05,TBD,TBD,TBD,NOT_ASSESSED,NOT_ASSESSED,N/A,,Added by D-WS-20260819-05 high-trust strategy strengthening.
WS-S04-RECO-R037,YES,WS-S04,CORE_BEHAVIOR,REQUIRED,MANDATORY,authority/strategy/WS_TOP_PICKS_RECOMMENDATION.md,Recommendation Publication Binding,51,Canonical baseline minimum decision lead time adalah **30 minutes** sebelum earliest intended entry opportunity. Value yang lebih konservatif boleh ditetapkan melalui versioned strategy identity; value tidak boleh dipersingkat setelah melihat outcome.,06C2403239CB75F2196090D4DBD5266C63477896,WS-B05,TBD,TBD,TBD,NOT_ASSESSED,NOT_ASSESSED,N/A,,Added by D-WS-20260819-05 high-trust strategy strengthening.
WS-S04-RECO-R038,YES,WS-S04,CORE_BEHAVIOR,REQUIRED,MANDATORY,authority/strategy/WS_TOP_PICKS_RECOMMENDATION.md,Recommendation Publication Binding,53,"Jika recommendation belum tersedia sebelum cutoff tersebut, system tidak boleh menganggap `open(D+1)` sebagai executable user price. Runtime/evaluation harus memakai later causal executable rule yang memang dibuktikan atau menyatakan entry opportunity non-executable untuk canonical proof.",D971007F55D5A85C0D2A54497A739A01A46D20EB,WS-B05,TBD,TBD,TBD,NOT_ASSESSED,NOT_ASSESSED,N/A,,Added by D-WS-20260819-05 high-trust strategy strengthening.
WS-S04-RECO-R039,YES,WS-S04,CORE_BEHAVIOR,REQUIRED,MANDATORY,authority/strategy/WS_TOP_PICKS_RECOMMENDATION.md,Recommendation Score Meaning,57,`recommendation_score` adalah ordered quality score dan bukan probability of profit. User-facing probability/confidence percentage memerlukan separate calibrated capability proof dan tidak boleh diturunkan langsung dari score.,46152CC0D27FA2508DE853861CA5809C3CE22685,WS-B05,TBD,TBD,TBD,NOT_ASSESSED,NOT_ASSESSED,N/A,,Added by D-WS-20260819-05 high-trust strategy strengthening.
WS-S04-RECO-R019,YES,WS-S04,CORE_BEHAVIOR,REFERENCE_ONLY,MANDATORY,authority/strategy/WS_TOP_PICKS_RECOMMENDATION.md,Capital Independence,61,"Modal pengguna, affordability, atau jumlah lot tidak mengukur kualitas saham dan **tidak boleh**:",A0F81073769B5BFEE67EDE3D95301E77244909D7,WS-B05,N/A,N/A,N/A,N/A,REFERENCE_ONLY,N/A,,
WS-S04-RECO-R020,YES,WS-S04,CORE_BEHAVIOR,REQUIRED,MANDATORY,authority/strategy/WS_TOP_PICKS_RECOMMENDATION.md,Capital Independence,62,menambah atau menghapus Top Pick;,8E89B01129DB75A9F6769AD809DA2D36D0446406,WS-B05,TBD,TBD,TBD,NOT_ASSESSED,NOT_ASSESSED,N/A,,
WS-S04-RECO-R021,YES,WS-S04,CORE_BEHAVIOR,REQUIRED,MANDATORY,authority/strategy/WS_TOP_PICKS_RECOMMENDATION.md,Capital Independence,63,mengubah recommendation score;,882C02E130D1005C8B2C893FADC6F2DA1823F033,WS-B05,TBD,TBD,TBD,NOT_ASSESSED,NOT_ASSESSED,N/A,,
WS-S04-RECO-R022,YES,WS-S04,CORE_BEHAVIOR,REQUIRED,MANDATORY,authority/strategy/WS_TOP_PICKS_RECOMMENDATION.md,Capital Independence,64,mengubah recommendation rank.,A9D99B72156169FFEA7FF43810E5408AFAA3B83D,WS-B05,TBD,TBD,TBD,NOT_ASSESSED,NOT_ASSESSED,N/A,,
WS-S04-RECO-R023,YES,WS-S04,CORE_BEHAVIOR,REQUIRED,CONDITIONAL_ACTIVE,authority/strategy/WS_TOP_PICKS_RECOMMENDATION.md,Capital Independence,66,Optional capital/lot information boleh ditampilkan setelah Top Picks selesai sebagai informational enrichment saja.,607F71629B8D1867D506B393CEB2A7A28EA2376A,WS-B05,TBD,TBD,TBD,NOT_ASSESSED,NOT_ASSESSED,N/A,,
WS-S04-RECO-R024,YES,WS-S04,CORE_BEHAVIOR,REQUIRED,MANDATORY,authority/strategy/WS_TOP_PICKS_RECOMMENDATION.md,Relationship to CONFIRM,70,Recommendation dibentuk tanpa CONFIRM.,F57CAB6E52E136AA9492CDB47D187398A6954DF1,WS-B05,TBD,TBD,TBD,NOT_ASSESSED,NOT_ASSESSED,N/A,,
WS-S04-RECO-R025,YES,WS-S04,CORE_BEHAVIOR,REQUIRED,CONDITIONAL_ACTIVE,authority/strategy/WS_TOP_PICKS_RECOMMENDATION.md,Relationship to CONFIRM,72,CONFIRM tidak mengubah historical recommendation membership atau rank. CONFIRM adalah optional current-actionability overlay. Missing/stale/incomplete CONFIRM data tidak boleh membuat Top Pick gagal atau menjadi `NOT_ACTIONABLE`; Top Pick tetap sah sebagai EOD recommendation dan CONFIRM dapat dicoba lagi bila valid data tersedia dalam entry window.,27282FE38CB1B72CF57C72DE618929FBF1B3A1A1,WS-B05,TBD,TBD,TBD,NOT_ASSESSED,NOT_ASSESSED,N/A,,
WS-S04-RECO-R026,YES,WS-S04,CORE_BEHAVIOR,REQUIRED,MANDATORY,authority/strategy/WS_TOP_PICKS_RECOMMENDATION.md,Final Rules,76,Final Top Picks adalah seluruh dan hanya candidate yang lulus recommendation qualification.,B24F8F727CB0EDF282B7F0D44BE8213FF57F7D80,WS-B05,TBD,TBD,TBD,NOT_ASSESSED,NOT_ASSESSED,N/A,,
WS-S04-RECO-R027,YES,WS-S04,CORE_BEHAVIOR,REQUIRED,MANDATORY,authority/strategy/WS_TOP_PICKS_RECOMMENDATION.md,Final Rules,77,Top Picks count tidak mempunyai fixed quota dan boleh nol.,49E01B54B5BC653C7BF09BC8F49C1E71C4259908,WS-B05,TBD,TBD,TBD,NOT_ASSESSED,NOT_ASSESSED,N/A,,
WS-S04-RECO-R028,YES,WS-S04,CORE_BEHAVIOR,REQUIRED,MANDATORY,authority/strategy/WS_TOP_PICKS_RECOMMENDATION.md,Final Rules,78,Ranking Top Picks harus merepresentasikan canonical PLAN quality ordering setelah final qualification.,C4FD7864C9EF333620068262DC6E04D4AC7312A0,WS-B05,TBD,TBD,TBD,NOT_ASSESSED,NOT_ASSESSED,N/A,,
WS-S04-RECO-R029,YES,WS-S04,CORE_BEHAVIOR,REQUIRED,MANDATORY,authority/strategy/WS_TOP_PICKS_RECOMMENDATION.md,Final Rules,79,Capital tidak memengaruhi kualitas atau ranking recommendation.,22D7BC5A89503BE60F014130B488628E86CDD236,WS-B05,TBD,TBD,TBD,NOT_ASSESSED,NOT_ASSESSED,N/A,,
WS-S04-RECO-R030,YES,WS-S04,CORE_BEHAVIOR,REQUIRED,MANDATORY,authority/strategy/WS_TOP_PICKS_RECOMMENDATION.md,Final Rules,80,Recommendation harus dapat dievaluasi langsung pada backtest/OOS; PLAN candidate state tidak boleh menjadi proxy untuk final recommendation proof.,A7299E8671320A28AC49630038EA7ACC0CAE6847,WS-B05,TBD,TBD,TBD,NOT_ASSESSED,NOT_ASSESSED,N/A,,
WS-S02-CLASS-R014,NO,WS-S02,CORE_BEHAVIOR,REQUIRED,MANDATORY,records/history/archive/H0364_WS_CANDIDATE_CLASSIFICATION_PRE_HIGH_TRUST_PROOF.md,Candidate-State Semantics,29,`WATCH_ONLY` = ticker yang masih layak dipantau/diagnostic tetapi tidak recommendation-eligible pada run tersebut;,49EEC1932E79A4D8813F93125927E1B8DD1FF19A,WS-B03,N/A,N/A,N/A,N/A,SUPERSEDED,N/A,,Superseded by D-WS-20260819-05; prior clause preserved in strategy snapshot.
WS-S02-CLASS-R015,NO,WS-S02,CORE_BEHAVIOR,REQUIRED,MANDATORY,records/history/archive/H0364_WS_CANDIDATE_CLASSIFICATION_PRE_HIGH_TRUST_PROOF.md,Candidate-State Semantics,30,`AVOID` = ticker yang gagal mandatory Weekly Swing rule atau active disqualifying rule.,BE11AD1E055088547AF7B3279F0A808B7400D94E,WS-B03,N/A,N/A,N/A,N/A,SUPERSEDED,N/A,,Superseded by D-WS-20260819-05; prior clause preserved in strategy snapshot.
WS-S06-HIST-R031,NO,WS-S06,PROOF_BEHAVIOR,REQUIRED,MANDATORY,records/history/archive/H0369_WS_HISTORICAL_EVALUATION_STRATEGY_PRE_HIGH_TRUST_PROOF.md,D. Executable-Bar Rule,59,Trade tanpa valid entry atau valid exit di-skip dan tidak masuk return distribution.,6F2B267C926778A60710BB58ED2889006A4B9712,WS-B08,N/A,N/A,N/A,N/A,SUPERSEDED,N/A,,Superseded by D-WS-20260819-05; prior clause preserved in strategy snapshot.
WS-S06-HIST-R049,NO,WS-S06,PROOF_BEHAVIOR,REQUIRED,CONDITIONAL_ACTIVE,records/history/archive/H0369_WS_HISTORICAL_EVALUATION_STRATEGY_PRE_HIGH_TRUST_PROOF.md,F. Executable Price and IDX Fraction,95,"Jika executable price tidak dapat dibuktikan, evaluation fail-closed untuk trade tersebut.",293EC81F5CEC8358F846F3DEA5BB185242EC1600,WS-B08,N/A,N/A,N/A,N/A,SUPERSEDED,N/A,,Superseded by D-WS-20260819-05; prior clause preserved in strategy snapshot.
WS-S06-HIST-R067,NO,WS-S06,PROOF_BEHAVIOR,REQUIRED,MANDATORY,records/history/archive/H0369_WS_HISTORICAL_EVALUATION_STRATEGY_PRE_HIGH_TRUST_PROOF.md,J. Return Semantics,131,only executable final Top Pick trades masuk return distribution;,8363A9F37F00E217842740B4D4270802B3B34AC9,WS-B08,N/A,N/A,N/A,N/A,SUPERSEDED,N/A,,Superseded by D-WS-20260819-05; prior clause preserved in strategy snapshot.
WS-S08-PROOF-R011,NO,WS-S08,PROOF_BEHAVIOR,REQUIRED,MANDATORY,records/history/archive/H0371_WS_OOS_STRESS_SHADOW_AND_PRODUCTION_PROOF_PRE_HIGH_TRUST_PROOF.md,Deterministic Split,30,"tidak boleh overlap, randomization, hidden gap, atau post-result date removal.",77265ADBCA357F12AB63A1935791179E96BA479B,WS-B10,N/A,N/A,N/A,N/A,SUPERSEDED,N/A,,Superseded by D-WS-20260819-05; prior clause preserved in strategy snapshot.
