relationship_id,source_record_id,target_record_id,relationship_type,justification,reviewed_decision_id,issued_at,notes
MD-REL-0001,MD-B01-A002-BL001,MD-B01-A001-BL001,CARRIED_FROM,A002 baseline explicitly identifies A001 baseline as predecessor; carried coverage/proof context crosses baseline and attempt boundaries.,,2026-08-21T01:07:00+07:00,Registry synchronization required by DOC-CHG-20260821-001.
MD-REL-0002,E-MD-B01-A002-001,F-MD-B01-A001-001,DEPENDS_ON,A002 evidence continues current revalidation under the matrix-assignment finding raised by A001.,,2026-08-21T01:07:00+07:00,Cross-attempt finding relationship already declared in WORK_RECORD_REGISTRY.
MD-REL-0003,E-MD-B01-A002-001,E-MD-B01-A001-001,CARRIED_FROM,A002 evidence carries forward the current proof state established by A001.,,2026-08-21T01:07:00+07:00,Cross-attempt evidence relationship already declared in WORK_RECORD_REGISTRY.
MD-REL-0004,MD-B01-A003-BL001,MD-B01-A002-BL001,CARRIED_FROM,A003 baseline explicitly identifies A002 baseline as predecessor; carried coverage/proof context crosses baseline and attempt boundaries.,,2026-08-21T01:07:00+07:00,Registry synchronization required by DOC-CHG-20260821-001.
MD-REL-0005,E-MD-B01-A003-001,F-MD-B01-A001-001,DEPENDS_ON,A003 evidence remains constrained by the matrix-assignment finding raised by A001.,,2026-08-21T01:07:00+07:00,Cross-attempt finding relationship already declared in WORK_RECORD_REGISTRY.
MD-REL-0006,E-MD-B01-A003-001,E-MD-B01-A002-001,CARRIED_FROM,A003 evidence carries forward the current proof state established by A002.,,2026-08-21T01:07:00+07:00,Cross-attempt evidence relationship already declared in WORK_RECORD_REGISTRY.
MD-REL-0007,E-MD-B03-A001-001,F-MD-B00-A001-001,REMEDIATES,MD-B03-A001 performs dependency remediation for the documentation path rebinding finding created by MD-B00-A001.,,2026-08-21T01:07:00+07:00,Cross-stage/cross-attempt remediation relationship already declared in WORK_RECORD_REGISTRY.
MD-REL-0008,E-MD-B03-A001-001,F-MD-B00-A001-002,REMEDIATES,MD-B03-A001 closes the relationship-gate self-test finding created by MD-B00-A001.,,2026-08-21T01:07:00+07:00,Cross-stage/cross-attempt remediation relationship already declared in WORK_RECORD_REGISTRY.
MD-REL-0009,E-MD-B03-A001-001,F-MD-B00-A001-004,REMEDIATES,MD-B03-A001 closes the baseline-lock-tool finding created by MD-B00-A001.,,2026-08-21T01:07:00+07:00,Cross-stage/cross-attempt remediation relationship already declared in WORK_RECORD_REGISTRY.
MD-REL-0010,E-MD-B00-A001-001,D-MD-20260820-01,DEPENDS_ON,MD-B00-A001 baseline inventory depends on the architecture and rebaseline adoption decision that created the epoch it records.,,2026-08-20T20:51:36+02:00,Reconciled by MD-B00-A002 under the revised relationship-completeness invariant.
MD-REL-0011,E-MD-B00-A001-001,D-MD-20260820-02,DEPENDS_ON,MD-B00-A001 baseline inventory depends on the legacy composite normalization decision that produced the split-sealed corpus it classifies.,,2026-08-20T20:51:36+02:00,Reconciled by MD-B00-A002 under the revised relationship-completeness invariant.
MD-REL-0012,F-MD-B00-A001-001,D-MD-20260820-01,DEPENDS_ON,The dead documentation path defect was caused by the relocation performed under this decision.,,2026-08-20T20:51:36+02:00,Reconciled by MD-B00-A002 under the revised relationship-completeness invariant.
MD-REL-0013,F-MD-B00-A001-001,D-MD-20260820-02,DEPENDS_ON,The Class S half of the defect was caused by the composite split-and-seal performed under this decision.,,2026-08-20T20:51:36+02:00,Reconciled by MD-B00-A002 under the revised relationship-completeness invariant.
MD-REL-0014,F-MD-B00-A001-003,D-MD-20260820-02,DEPENDS_ON,The extract seal boundary concerns the split extracts created under this decision.,,2026-08-20T20:51:36+02:00,Reconciled by MD-B00-A002 under the revised relationship-completeness invariant.
MD-REL-0015,SC-MD-B00-A001-001,D-MD-20260820-01,DEPENDS_ON,MD-B00-A001 closure rests on the epoch and architecture established by this decision.,,2026-08-20T20:51:36+02:00,Reconciled by MD-B00-A002 under the revised relationship-completeness invariant.
MD-REL-0016,SC-MD-B00-A001-001,D-MD-20260820-02,DEPENDS_ON,MD-B00-A001 closure rests on the legacy normalization completed by this decision.,,2026-08-20T20:51:36+02:00,Reconciled by MD-B00-A002 under the revised relationship-completeness invariant.
MD-REL-0017,MD-B01-A001-BL001,MD-B00-A001-BL001,CARRIED_FROM,MD-B01-A001 opened against the predecessor stage baseline declared inside its own lock record.,,2026-08-20T20:51:36+02:00,Reconciled by MD-B00-A002 under the revised relationship-completeness invariant.
MD-REL-0018,D-MD-20260820-01,F-MD-20260820-01,DEPENDS_ON,The decision resolves this finding.,,2026-08-20T20:51:36+02:00,Reconciled by MD-B00-A002 under the revised relationship-completeness invariant.
MD-REL-0019,D-MD-20260820-01,E-MD-20260820-01,DEPENDS_ON,The decision is supported by this evidence.,,2026-08-20T20:51:36+02:00,Reconciled by MD-B00-A002 under the revised relationship-completeness invariant.
MD-REL-0020,D-MD-20260820-02,F-MD-20260820-02,DEPENDS_ON,The decision resolves this finding.,,2026-08-20T20:51:36+02:00,Reconciled by MD-B00-A002 under the revised relationship-completeness invariant.
MD-REL-0021,D-MD-20260820-02,E-MD-20260820-02,DEPENDS_ON,The decision is supported by this evidence.,,2026-08-20T20:51:36+02:00,Reconciled by MD-B00-A002 under the revised relationship-completeness invariant.
MD-REL-0022,F-MD-20260820-01,D-MD-20260820-01,DEPENDS_ON,The finding is resolved by this decision; the decision is part of the finding current lifecycle state.,,2026-08-20T20:51:51+02:00,Reconciled by MD-B00-A002 under the revised relationship-completeness invariant.
MD-REL-0023,F-MD-20260820-02,D-MD-20260820-02,DEPENDS_ON,The finding is resolved by this decision; the decision is part of the finding current lifecycle state.,,2026-08-20T20:51:51+02:00,Reconciled by MD-B00-A002 under the revised relationship-completeness invariant.
MD-REL-0024,E-MD-B00-A002-001,E-MD-B00-A001-001,CARRIED_FROM,The A002 re-entry carries forward the A001 baseline inventory rather than re-deriving it; only closure sufficiency under the revised invariants is re-established.,,2026-08-20T20:56:21+02:00,Issued by MD-B00-A002.
MD-REL-0025,E-MD-B00-A002-001,E-MD-B00-A001-002,CARRIED_FROM,The A002 re-entry carries forward the A001 gate and suite proof; the relationship-gate portion is superseded by the completeness-enforcing rewrite proven at A002.,,2026-08-20T20:56:21+02:00,Issued by MD-B00-A002.
MD-REL-0026,SC-MD-B00-A002-001,SC-MD-B00-A001-001,SUPERSEDES,A002 closure supersedes A001 closure for sufficiency under DOC-CHG-20260821-001. The prior manifest remains immutable and historically true.,,2026-08-20T20:56:21+02:00,Issued by MD-B00-A002.
MD-REL-0027,CI-MD-B01-A004-001,F-MD-B01-A001-001,REMEDIATES,The declared change scope is the defect this finding measured: 214 non-predicate required rules and their excluded predicate children.,,2026-08-21T06:13:42+02:00,Issued by MD-B01-A004.
MD-REL-0028,E-MD-B01-A004-001,F-MD-B01-A001-001,REMEDIATES,The evidence proves the predicate-classification half of the finding is corrected; the stage-ownership half stays open.,,2026-08-21T06:13:42+02:00,Issued by MD-B01-A004.
MD-REL-0029,E-MD-B01-A004-001,E-MD-B01-A003-001,CARRIED_FROM,The 21 SATISFIED rows established across MD-B01-A001 to A003 are carried forward unchanged; A003 evidence is the most recent link in that chain.,,2026-08-21T06:13:42+02:00,Issued by MD-B01-A004.
MD-REL-0030,F-MD-20260821-03,D-MD-20260821-03,DEPENDS_ON,The runtime-artifact boundary finding is resolved by this decision.,,2026-08-21T08:01:06+02:00,Reconciled by MD-B01-A005 under the relationship-completeness invariant.
MD-REL-0031,E-MD-20260821-03,F-MD-20260821-03,DEPENDS_ON,The evidence record supports the runtime-artifact boundary finding.,,2026-08-21T08:01:06+02:00,Reconciled by MD-B01-A005 under the relationship-completeness invariant.
MD-REL-0032,D-MD-20260821-03,F-MD-20260821-03,DEPENDS_ON,The decision resolves this finding.,,2026-08-21T08:01:06+02:00,Reconciled by MD-B01-A005 under the relationship-completeness invariant.
MD-REL-0033,D-MD-20260821-03,E-MD-20260821-03,DEPENDS_ON,The decision is supported by this evidence.,,2026-08-21T08:01:06+02:00,Reconciled by MD-B01-A005 under the relationship-completeness invariant.
MD-REL-0034,CI-MD-B01-A005-001,F-MD-B01-A001-001,REMEDIATES,The declared change scope addresses the secondary proof-ownership concern this finding recorded.,,2026-08-21T08:01:06+02:00,Reconciled by MD-B01-A005 under the relationship-completeness invariant.
MD-REL-0035,E-MD-B01-A005-001,F-MD-B01-A001-001,REMEDIATES,The evidence proves MD-B01 ownership is re-derived; other stages remain outside this attempt.,,2026-08-21T08:01:06+02:00,Reconciled by MD-B01-A005 under the relationship-completeness invariant.
MD-REL-0036,E-MD-B01-A005-001,E-MD-B01-A004-001,CARRIED_FROM,A005 operates on the matrix as corrected by A004; the 21 SATISFIED rows and the 2010-rule denominator are carried forward unchanged.,,2026-08-21T08:01:06+02:00,Reconciled by MD-B01-A005 under the relationship-completeness invariant.
MD-REL-0037,E-MD-B01-A006-001,E-MD-B01-A002-001,CARRIED_FROM,"MD-S001-R0033 and MD-S001-R0034 were proven at A002 while still REFERENCE_ONLY; A006 claims them after A004 promoted them, re-executing the same tests at this baseline.",,2026-08-21T09:47:48+02:00,Issued by MD-B01-A006.
MD-REL-0038,E-MD-B01-A006-001,E-MD-B01-A005-001,CARRIED_FROM,A006 operates on the rule set as A005 left it and repaired the A005 registry rows lost between sessions without re-deriving any A005 work.,,2026-08-21T09:47:48+02:00,Issued by MD-B01-A006.
MD-REL-0039,E-MD-B01-A007-001,E-MD-B01-A006-001,CARRIED_FROM,A007 advances the same corrected 155-rule denominator that A006 left at 35 satisfied; the before-figure in the A007 record is A006 after-figure. No A006 proof is reused.,,2026-08-21T11:16:39+02:00,Issued by MD-B01-A007.
MD-REL-0040,E-MD-B01-A008-001,E-MD-B01-A007-001,CARRIED_FROM,A008 advances the same corrected 155-rule denominator that A007 left at 55 satisfied; the before-figure in the A008 record is the A007 after-figure. No A007 proof is reused.,,2026-08-21T12:39:03+02:00,Issued by MD-B01-A008.
MD-REL-0041,E-MD-B01-A009-001,E-MD-B01-A008-001,CARRIED_FROM,A009 advances the same corrected 155-rule denominator that A008 left at 69 satisfied; the before-figure in the A009 record is the A008 after-figure. No A008 proof is reused.,,2026-08-21T12:59:08+02:00,Issued by MD-B01-A009.
MD-REL-0042,E-MD-B01-A010-001,E-MD-B01-A009-001,CARRIED_FROM,"A010 advances the same corrected 155-rule denominator that A009 left at 85 satisfied, and re-executes the A009 dual-use proof over the widened schema surface without reusing its result.",,2026-08-21T13:49:19+02:00,Issued by MD-B01-A010.
MD-REL-0043,E-MD-B01-A010-001,E-MD-B01-A007-001,CARRIED_FROM,A010 corrected the schema-reading instrument the A007 guard used and re-executed its proof over the full surface. The A007 claim was verified unchanged before the instrument was altered; no A007 evidence is edited.,,2026-08-21T13:49:19+02:00,Issued by MD-B01-A010.
MD-REL-0044,E-MD-B01-A011-001,E-MD-B01-A010-001,CARRIED_FROM,"A011 advances the denominator A010 left at 98 satisfied, and depends on the A010 schema-reading correction: two rules deferred at A008 as having no surface were shown provable once the full schema surface was visible.",,2026-08-21T14:10:50+02:00,Issued by MD-B01-A011.
MD-REL-0045,MD-B01-A012-BL001,MD-B01-A011-BL001,CARRIED_FROM,A012 rebaselines MD-B01 after DOC-CHG-20260821-004; the predecessor baseline remains immutable and its nominal coverage is provisional pending semantic revalidation.,,2026-08-21T15:21:24+02:00,Issued at MD-B01-A012 entry.
MD-REL-0046,CI-MD-B01-A012-001,E-MD-B01-A011-001,CARRIED_FROM,The A012 impact scope starts from A011's current proof state but requires each carried SATISFIED row to survive applicability/context revalidation under DOC-CHG-20260821-004.,,2026-08-21T15:21:24+02:00,Issued at MD-B01-A012 entry; carry-forward is conditional on executed revalidation.
MD-REL-0047,E-MD-B01-A012-001,E-MD-B01-A011-001,CARRIED_FROM,A012 re-executed the A001-A011 proof-owning suites and retained only 108 prior proof states that establish the normalized semantic predicates.,,2026-08-21T20:48:34+07:00,Issued by MD-B01-A012; immutable predecessor evidence is unchanged.
MD-REL-0048,E-MD-B01-A012-001,F-MD-B01-A001-001,REMEDIATES,A012 performs the successor-governance applicability/context and ownership revalidation for MD-B01; unopened-stage entry validation remains open.,,2026-08-21T20:48:34+07:00,Partial remediation; the finding is not globally closed.
MD-REL-0049,E-MD-B01-A012-001,F-MD-B01-A003-001,DEPENDS_ON,A012 confirms the eligible wording finding still blocks MD-S020-R0067 and does not substitute implementation wording for frozen strategy.,,2026-08-21T20:48:34+07:00,The finding remains OPEN.
MD-REL-0050,E-MD-B01-A012-001,F-MD-B01-A008-001,DEPENDS_ON,A012 moves all six horizon-role predicates to MD-B14 and preserves the finding as their explicit blocker there.,,2026-08-21T20:48:34+07:00,The finding remains OPEN at its proof-owning stage.
MD-REL-0051,MD-B01-A013-BL001,MD-B01-A012-BL001,CARRIED_FROM,A013 begins at the exact A012 resume point and binds the dirty working-tree state containing the issued A012 proof chain without rewriting it.,,2026-08-21T20:58:05+07:00,Issued at MD-B01-A013 entry.
MD-REL-0052,CI-MD-B01-A013-001,E-MD-B01-A012-001,CARRIED_FROM,The A013 impact scope starts from A012's final 143-row denominator and 111 current proofs; only the 31 unblocked remaining predicates are executable.,,2026-08-21T20:58:05+07:00,Issued before A013 material proof work.
MD-REL-0053,E-MD-B01-A013-001,E-MD-B01-A012-001,CARRIED_FROM,A013 advances the final denominator and current proof state issued by A012; no immutable A012 evidence is edited or treated as proof for the 31 newly bound predicates.,,2026-08-21T21:12:21+07:00,Issued by MD-B01-A013 after current proof execution.
MD-REL-0054,E-MD-B01-A013-001,F-MD-B01-A003-001,DEPENDS_ON,A013 exhausts the locally executable MD-B01 scope and confirms the frozen-strategy wording finding remains the sole block on MD-S020-R0067.,,2026-08-21T21:12:21+07:00,The finding remains OPEN; no strategy authority was changed.
MD-REL-0055,MD-B01-A014-BL001,MD-B01-A013-BL001,CARRIED_FROM,A014 re-enters MD-B01 from the A013 state and binds it without editing any issued A013 record.,,2026-08-21T22:05:00+07:00,"Issued at MD-B01-A014 entry, before material mutation."
MD-REL-0056,CI-MD-B01-A014-001,E-MD-B01-A013-001,CARRIED_FROM,"The A014 impact scope starts from the 142/143 state A013 issued, and opens because the 143 denominator that state rests on is under challenge.",,2026-08-21T22:05:00+07:00,Issued before A014 material mutation.
MD-REL-0057,E-MD-B01-A014-001,E-MD-B01-A013-001,CARRIED_FROM,A014 carries forward all 142 A013/A012 proofs unchanged and corrects only the denominator they were measured against; no immutable evidence is edited.,,2026-08-21T22:05:00+07:00,Issued by MD-B01-A014 after execution.
MD-REL-0058,E-MD-B01-A014-001,F-MD-B01-A001-001,REMEDIATES,A014 measures and partially remediates the exclusion half of the matrix assignment defect that the finding states but never measured.,,2026-08-21T22:05:00+07:00,The finding remains OPEN for the 630 reference-only members in unopened stages.
MD-REL-0059,E-MD-B01-A014-001,F-MD-B01-A003-001,DEPENDS_ON,A014 corrects the finding measurement from ten frozen contracts to one and confirms MD-S020-R0067 stays blocked by frozen strategy wording.,,2026-08-21T22:05:00+07:00,The finding remains OPEN; no strategy byte was changed.
MD-REL-0060,E-MD-B01-A014-001,F-MD-B01-A014-001,DEPENDS_ON,A014 raises the eligibility-export non-conformance it found while proving the alias cluster and hands it to its owning stage rather than fixing it outside its declared impact.,,2026-08-21T22:05:00+07:00,Owner MD-B19; does not block MD-B01.
MD-REL-0061,MD-B01-A015-BL001,MD-B01-A014-BL001,CARRIED_FROM,A015 begins at the exact A014 resume point and binds the corrected denominator without editing any issued A014 record.,,2026-08-21T23:20:00+07:00,"Issued at MD-B01-A015 entry, before material mutation."
MD-REL-0062,CI-MD-B01-A015-001,E-MD-B01-A014-001,CARRIED_FROM,The A015 scope is exactly the 62 rows A014 promoted with a normalized predicate and no proof.,,2026-08-21T23:20:00+07:00,Issued before A015 material proof work.
MD-REL-0063,E-MD-B01-A015-001,E-MD-B01-A014-001,CARRIED_FROM,A015 proves the obligations A014 established and leaves the denominator it corrected unchanged; no immutable A014 evidence is edited.,,2026-08-21T23:20:00+07:00,Issued by MD-B01-A015 after current proof execution.
MD-REL-0064,E-MD-B01-A015-001,F-MD-B01-A003-001,DEPENDS_ON,A015 exhausts the locally executable MD-B01 scope and confirms the frozen-strategy wording finding is the sole remaining block on MD-S020-R0067 and therefore on stage closure.,,2026-08-21T23:20:00+07:00,The finding remains OPEN; no strategy byte was changed.
MD-REL-0065,MD-B03-A002-BL001,MD-B03-A001-BL001,CARRIED_FROM,A002 is the recorded successor remediation attempt for MD-DEP-0003 and begins from the state A001 left; no issued A001 record is edited.,,2026-08-22T10:40:00+07:00,"Issued at MD-B03-A002 entry, before material mutation."
MD-REL-0066,CI-MD-B03-A002-001,E-MD-B03-A001-001,CARRIED_FROM,The A002 scope is exactly the Class S half A001 left open after closing Class R.,,2026-08-22T10:40:00+07:00,Issued before A002 material work.
MD-REL-0067,E-MD-B03-A002-001,E-MD-B03-A001-001,CARRIED_FROM,A002 closes the binding half of the dependency A001 narrowed from 40 test files to 24.,,2026-08-22T10:40:00+07:00,Issued by MD-B03-A002 after execution.
MD-REL-0068,E-MD-B03-A002-001,F-MD-B00-A001-001,REMEDIATES,"A002 removes the 71 Class S bindings the finding identified as unrepointable, leaving only the replacement-guard obligation.",,2026-08-22T10:40:00+07:00,The finding remains OPEN for the replacement guards.
MD-REL-0069,E-MD-B03-A002-001,F-MD-B01-A003-001,DEPENDS_ON,"A002 re-tested the MD-B01 blocker before opening, confirmed it holds, and registered it as MD-DEP-0005 so the blocked stage names its blocker by ID as section 3 requires.",,2026-08-22T10:40:00+07:00,MD-B01 remains the blocked logical stage; return-to after this remediation is MD-B01.
MD-REL-0070,MD-B03-A003-BL001,MD-B03-A002-BL001,CARRIED_FROM,A003 is the closure-evaluation successor to A002 and begins from the state A002 left; no issued A002 record is edited.,,2026-08-22T14:10:00+07:00,"Issued at MD-B03-A003 entry, before material mutation."
MD-REL-0071,CI-MD-B03-A003-001,E-MD-B03-A002-001,CARRIED_FROM,The A003 scope starts from the green suite A002 delivered and addresses the three criteria that still stood between MD-B03 and a verdict.,,2026-08-22T14:10:00+07:00,Issued before A003 material work.
MD-REL-0072,E-MD-B03-A003-001,E-MD-B03-A002-001,CARRIED_FROM,A003 validates the coverage claim and proves both exit criteria on the state A002 established.,,2026-08-22T14:10:00+07:00,Issued by MD-B03-A003 after execution.
MD-REL-0073,E-MD-B03-A003-001,F-MD-B03-A003-001,DEPENDS_ON,"A003 met every closure criterion except the correlated Change Impact Declaration for MD-B03-A001, and withheld the closure manifest rather than closing with it unmet.",,2026-08-22T14:10:00+07:00,The finding remains OPEN; registered as MD-DEP-0006.
MD-REL-0074,MD-B00-A003-BL001,MD-B00-A002-BL001,CARRIED_FROM,"A003 re-enters the DONE stage from the A002 closure state, following the precedent A002 set, without editing any issued A002 record.",,2026-08-22T17:30:00+07:00,"Issued at MD-B00-A003 entry, before material mutation."
MD-REL-0075,CI-MD-B00-A003-001,E-MD-B00-A002-001,CARRIED_FROM,"The A003 scope is the finding A002 closed as deferred, plus two synchronization defects found while confirming that state.",,2026-08-22T17:30:00+07:00,Issued before A003 material work.
MD-REL-0076,E-MD-B00-A003-001,E-MD-B00-A002-001,CARRIED_FROM,"A003 strengthens the documentation integrity gate A002 proved, adding the structural invariant the body hash could not cover.",,2026-08-22T17:30:00+07:00,Issued by MD-B00-A003 after execution.
MD-REL-0077,SC-MD-B00-A003-001,SC-MD-B00-A002-001,SUPERSEDES,A003 re-issues MD-B00 closure sufficiency with F-MD-B00-A001-003 closed by remediation rather than declared deferred; the prior manifest is retained immutable.,,2026-08-22T17:30:00+07:00,Supersedes for sufficiency only.
MD-REL-0078,E-MD-B00-A003-001,F-MD-B00-A001-003,REMEDIATES,"A003 reproduced the seal hole against a real sealed extract and closed it with a structural check over 428 extracts, in the form the finding prescribed.",,2026-08-22T17:30:00+07:00,The finding is now CLOSED by remediation rather than deferred.
MD-REL-0079,SC-MD-B00-A003-001,F-MD-B00-A001-003,DEPENDS_ON,MD-B00 closure sufficiency is re-issued because this finding moved from deferred to closed; the prior manifest recorded it as an accepted open risk.,,2026-08-22T17:30:00+07:00,Supersedes SC-MD-B00-A002-001 for sufficiency only.
MD-REL-0080,D-MD-20260822-04,F-MD-B01-A003-001,REMEDIATES,"The decision resolves the finding by establishing that the alias meaning is discharged through canonical ownership and governed delegation, without a strategy revision.",,2026-08-22T20:15:00+07:00,Finding CLOSED.
MD-REL-0081,D-MD-20260822-05,F-MD-B03-A003-001,REMEDIATES,The decision accepts the A001 timing deviation as historical after confirming every A001 defect has current executed proof under a declared attempt.,,2026-08-22T20:15:00+07:00,Finding CLOSED; deviation recorded permanently.
MD-REL-0082,MD-B01-A016-BL001,MD-B01-A015-BL001,CARRIED_FROM,A016 opens from the A015 state once MD-DEP-0005 is resolved; no issued A015 record is edited.,,2026-08-22T20:15:00+07:00,Issued at MD-B01-A016 entry.
MD-REL-0083,E-MD-B01-A016-001,E-MD-B01-A015-001,CARRIED_FROM,A016 proves the one row A015 left unproven and carries forward its 206 proofs unchanged.,,2026-08-22T20:15:00+07:00,Issued after execution.
MD-REL-0084,E-MD-B01-A016-001,D-MD-20260822-04,DEPENDS_ON,"The proof rests on the decision for its basis and the row records the decision, so the dependency is visible from traceability.",,2026-08-22T20:15:00+07:00,Scope-limited: removing any chain link reopens the rule.
MD-REL-0085,SC-MD-B01-A016-001,E-MD-B01-A016-001,DEPENDS_ON,MD-B01 closure rests on the A016 proof of the final rule and on the 206 rows carried forward.,,2026-08-22T20:15:00+07:00,First MD-B01 closure.
MD-REL-0086,SC-MD-B03-A003-001,E-MD-B03-A003-001,DEPENDS_ON,MD-B03 closure rests on the A003 criteria table and both exit criteria proven by execution.,,2026-08-22T20:15:00+07:00,First MD-B03 closure.
MD-REL-0087,SC-MD-B03-A003-001,D-MD-20260822-05,DEPENDS_ON,The missing A001 Change Impact Declaration blocks DONE under section 3; the decision is what permits closure with the deviation recorded rather than erased.,,2026-08-22T20:15:00+07:00,Not a general waiver.
MD-REL-0088,CI-MD-B01-A016-001,E-MD-B01-A015-001,CARRIED_FROM,The A016 impact scope starts from the 206/207 state A015 issued.,,2026-08-22T20:15:00+07:00,Issued before A016 material work.
MD-REL-0089,CI-MD-B01-A016-001,D-MD-20260822-04,DEPENDS_ON,The attempt exists because the decision resolved MD-DEP-0005; its scope is bounded by what the decision established.,,2026-08-22T20:15:00+07:00,Issued before A016 material work.
MD-REL-0090,E-MD-B01-A016-001,F-MD-B01-A003-001,DEPENDS_ON,A016 proves the rule the finding blocked; the finding closes on the decision plus this proof.,,2026-08-22T20:15:00+07:00,Finding CLOSED.
MD-REL-0091,SC-MD-B01-A016-001,F-MD-B01-A003-001,DEPENDS_ON,MD-B01 closure depends on that finding being closed rather than deferred.,,2026-08-22T20:15:00+07:00,Finding CLOSED before closure was issued.
MD-REL-0092,SC-MD-B03-A003-001,F-MD-B03-A003-001,DEPENDS_ON,"MD-B03 closure depends on the timing-deviation finding being closed by accepted decision, with the deviation recorded.",,2026-08-22T20:15:00+07:00,Finding CLOSED.
MD-REL-0093,D-MD-20260822-04,F-MD-B01-A003-001,DEPENDS_ON,The decision is issued against the finding it resolves.,,2026-08-22T20:15:00+07:00,Correlation edge for the decision record.
MD-REL-0094,D-MD-20260822-05,F-MD-B03-A003-001,DEPENDS_ON,The decision is issued against the finding it resolves.,,2026-08-22T20:15:00+07:00,Correlation edge for the decision record.
MD-REL-0095,SC-MD-B01-A016-001,D-MD-20260822-04,DEPENDS_ON,MD-B01 closure rests on the decision that discharges MD-S020-R0067 through canonical ownership; if the decision basis fails the rule reopens and this closure is no longer sufficient.,,2026-08-22T20:15:00+07:00,Scope-limited dependency recorded on the closure manifest.
MD-REL-0096,MD-B02-A001-BL001,SC-MD-B01-A016-001,DEPENDS_ON,MD-B02-A001 is opened only after the Stage Register's MD-B01 closure precondition is met; the A016 closure manifest is the current governed transition basis.,,2026-08-22T12:01:47+07:00,Issued at MD-B02-A001 entry before material mutation.
MD-REL-0097,CI-MD-B02-A001-001,SC-MD-B01-A016-001,CARRIED_FROM,The B02 impact scope begins from the completed B01 boundary state and must not weaken or reinterpret its provider-neutral domain constraints.,,2026-08-22T12:01:47+07:00,Issued before MD-B02-A001 material work.
MD-REL-0098,E-MD-B02-A001-001,MD-B02-A001-BL001,DEPENDS_ON,Current B02 proof is valid only under the immutable pre-change baseline issued before normalization and test/gate mutation.,,2026-08-22T12:16:00+07:00,Evidence-to-baseline correlation.
MD-REL-0099,E-MD-B02-A001-001,CI-MD-B02-A001-001,DEPENDS_ON,The executed proof and final denominator are bounded by the early Change Impact Declaration.,,2026-08-22T12:16:00+07:00,Evidence-to-change-impact correlation.
MD-REL-0100,E-MD-B02-A001-001,SC-MD-B01-A016-001,CARRIED_FROM,B02 revalidation carries the closed B01 provider-neutral domain boundary forward without reinterpreting it.,,2026-08-22T12:16:00+07:00,Stage-precondition lineage.
MD-REL-0101,SC-MD-B02-A001-001,E-MD-B02-A001-001,DEPENDS_ON,MD-B02 closure requires all 86 mandatory normalized predicates to remain bound to current executed proof.,,2026-08-22T12:18:30+07:00,Closure-to-evidence correlation.
MD-REL-0102,SC-MD-B02-A001-001,MD-B02-A001-BL001,DEPENDS_ON,Closure sufficiency depends on the immutable pre-change baseline and its attempt identity.,,2026-08-22T12:18:30+07:00,Closure-to-baseline correlation.
MD-REL-0103,SC-MD-B02-A001-001,CI-MD-B02-A001-001,DEPENDS_ON,Closure includes the completed early Change Impact Declaration; test PASS alone is insufficient.,,2026-08-22T12:18:30+07:00,Closure-to-change-impact correlation.
MD-REL-0104,MD-B04-A001-BL001,SC-MD-B02-A001-001,DEPENDS_ON,MD-B04 opens after the provider-neutral bootstrap boundary is closed.,,2026-08-22T12:40:00+07:00,Stage-entry prerequisite.
MD-REL-0105,MD-B04-A001-BL001,SC-MD-B03-A003-001,DEPENDS_ON,MD-B04 opens after the migration/schema/test harness foundation is closed.,,2026-08-22T12:40:00+07:00,Stage-entry prerequisite.
MD-REL-0106,CI-MD-B04-A001-001,SC-MD-B02-A001-001,CARRIED_FROM,B04 preserves the closed provider-neutral boundary while adding reusable config/version identities.,,2026-08-22T12:40:00+07:00,Early impact lineage.
MD-REL-0107,CI-MD-B04-A001-001,SC-MD-B03-A003-001,CARRIED_FROM,B04 uses the closed additive schema/test foundation and does not rewrite it historically.,,2026-08-22T12:40:00+07:00,Early impact lineage.
MD-REL-0108,E-MD-B04-A001-001,MD-B04-A001-BL001,DEPENDS_ON,Current B04 proof is valid only under the immutable pre-change baseline issued before material mutation.,,2026-08-22T13:30:00+07:00,Evidence-to-baseline correlation.
MD-REL-0109,E-MD-B04-A001-001,CI-MD-B04-A001-001,DEPENDS_ON,"The executed scope, downstream moves, and partial verdict are bounded by the early Change Impact Declaration.",,2026-08-22T13:30:00+07:00,Evidence-to-change-impact correlation.
MD-REL-0110,E-MD-B04-A001-001,F-MD-B04-A001-001,DEPENDS_ON,The one withheld traceability predicate is explained by the correlated strategy-authority finding.,,2026-08-22T13:30:00+07:00,Finding remains OPEN; no strategy bytes changed.
MD-REL-0111,E-MD-B04-A001-001,SC-MD-B02-A001-001,CARRIED_FROM,B04 carries the closed provider-neutral bootstrap boundary forward without reinterpretation.,,2026-08-22T13:30:00+07:00,Stage-precondition lineage.
MD-REL-0112,E-MD-B04-A001-001,SC-MD-B03-A003-001,CARRIED_FROM,B04 uses the closed schema/test foundation and revalidates its current writer bindings.,,2026-08-22T13:30:00+07:00,Stage-precondition lineage.
MD-REL-0113,D-MD-20260822-06,F-MD-B04-A001-001,REMEDIATES,The reviewed decision establishes the canonical empty-string owner semantics and authorises correction of the contradictory Platform Config row.,D-MD-20260822-06,2026-08-22T14:05:00+07:00,Finding lifecycle may resolve after the correction is logged and refrozen.
MD-REL-0114,D-MD-20260822-06,E-MD-B04-A001-001,DEPENDS_ON,The decision uses the immutable A001 partial evidence as the measured proof boundary and does not rewrite it.,D-MD-20260822-06,2026-08-22T14:05:00+07:00,A001 remains 113/114 historical current-epoch evidence.
MD-REL-0115,D-MD-20260822-06,MD-B04-A001-BL001,DEPENDS_ON,The decision review is correlated to the exact immutable baseline under which the authority conflict was measured.,D-MD-20260822-06,2026-08-22T14:05:00+07:00,No A001 baseline mutation.
MD-REL-0116,MD-B04-A002-BL001,MD-B04-A001-BL001,CARRIED_FROM,A002 begins from the immutable A001 boundary after the separately governed authority correction; no A001 record is rewritten.,D-MD-20260822-06,2026-08-22T14:08:00+07:00,Successor-attempt lineage.
MD-REL-0117,MD-B04-A002-BL001,D-MD-20260822-06,DEPENDS_ON,The successor attempt is valid only because the reviewed decision authorised and bounded the strategy correction before rebaseline.,D-MD-20260822-06,2026-08-22T14:08:00+07:00,Baseline binds the corrected successor freeze.
MD-REL-0118,CI-MD-B04-A002-001,MD-B04-A002-BL001,DEPENDS_ON,The early impact declaration is scoped to the immutable A002 pre-change state.,D-MD-20260822-06,2026-08-22T14:08:00+07:00,Issued before material A002 implementation changes.
MD-REL-0119,CI-MD-B04-A002-001,D-MD-20260822-06,DEPENDS_ON,A002 implementation and proof scope is bounded by the reviewed NULL-token owner/config correction decision.,D-MD-20260822-06,2026-08-22T14:08:00+07:00,No additional strategy change authorised.
MD-REL-0120,CI-MD-B04-A002-001,E-MD-B04-A001-001,CARRIED_FROM,The declaration revalidates the measured 113/114 boundary without inheriting its verdict or editing its immutable evidence.,D-MD-20260822-06,2026-08-22T14:08:00+07:00,All 114 active B04 predicates will receive current A002 proof.
MD-REL-0121,E-MD-B04-A002-001,MD-B04-A002-BL001,DEPENDS_ON,A002 proof is valid only under the immutable pre-change successor baseline.,D-MD-20260822-06,2026-08-22T14:13:11+07:00,Evidence-to-baseline correlation.
MD-REL-0122,E-MD-B04-A002-001,CI-MD-B04-A002-001,DEPENDS_ON,The executed config/hash/metadata scope and residue checks are bounded by the early Change Impact Declaration.,D-MD-20260822-06,2026-08-22T14:13:11+07:00,Evidence-to-change-impact correlation.
MD-REL-0123,E-MD-B04-A002-001,D-MD-20260822-06,DEPENDS_ON,The proof relies on the reviewed canonical-owner decision and its bounded strategy correction.,D-MD-20260822-06,2026-08-22T14:13:11+07:00,Removing the decision basis invalidates the corrected binding.
MD-REL-0124,E-MD-B04-A002-001,E-MD-B04-A001-001,CARRIED_FROM,A002 revalidates the predecessor proof surface under a new freeze/baseline and adds the previously withheld predicate without editing or inheriting A001's verdict.,D-MD-20260822-06,2026-08-22T14:13:11+07:00,Successor evidence lineage.
MD-REL-0125,E-MD-B04-A002-001,F-MD-B04-A001-001,REMEDIATES,"The successor proof demonstrates that runtime config, fail-closed validation, serializer metadata, and traceability now conform after the authority finding was corrected.",D-MD-20260822-06,2026-08-22T14:13:11+07:00,Finding remains resolved; this edge proves the implementation half.
MD-REL-0126,MD-B04-A002-BL001,E-MD-B04-A001-001,CARRIED_FROM,The successor baseline record names the immutable predecessor evidence whose measured 113/114 boundary A002 must revalidate.,D-MD-20260822-06,2026-08-22T14:15:00+07:00,Completes the baseline record's explicit cross-attempt evidence relationship.
MD-REL-0127,SC-MD-B04-A002-001,E-MD-B04-A002-001,DEPENDS_ON,B04 closure requires all 114 mandatory predicates to remain bound to the current A002 implementation evidence.,D-MD-20260822-06,2026-08-22T14:19:42+07:00,Closure-to-evidence correlation.
MD-REL-0128,SC-MD-B04-A002-001,MD-B04-A002-BL001,DEPENDS_ON,Closure sufficiency depends on the immutable successor pre-change baseline and corrected freeze identity.,D-MD-20260822-06,2026-08-22T14:19:42+07:00,Closure-to-baseline correlation.
MD-REL-0129,SC-MD-B04-A002-001,CI-MD-B04-A002-001,DEPENDS_ON,Closure includes the completed early Change Impact Declaration; test output alone is insufficient.,D-MD-20260822-06,2026-08-22T14:19:42+07:00,Closure-to-change-impact correlation.
MD-REL-0130,SC-MD-B04-A002-001,D-MD-20260822-06,DEPENDS_ON,The closure rests on the reviewed owner decision and bounded strategy correction; loss of that basis invalidates the corrected proof chain.,D-MD-20260822-06,2026-08-22T14:19:42+07:00,Closure-to-decision correlation.
MD-REL-0131,SC-MD-B04-A002-001,F-MD-B04-A001-001,REMEDIATES,The closure confirms both the governed authority correction and the successor implementation revalidation for the resolved finding.,D-MD-20260822-06,2026-08-22T14:19:42+07:00,Finding remains resolved; immutable A001 records remain unchanged.
MD-REL-0132,CI-MD-B05-A001-001,MD-B05-A001-BL001,DEPENDS_ON,"The declaration is scoped by the state the baseline locked, and was issued after it and before any material change.",,2026-08-22T23:40:00+07:00,Stage-entry correlation.
MD-REL-0133,MD-B05-A001-BL001,SC-MD-B04-A002-001,DEPENDS_ON,"MD-B05 opens only because MD-B04 closed; the stage precondition is a closure, not a calendar position.",,2026-08-22T23:40:00+07:00,Cross-stage precondition.
MD-REL-0134,E-MD-B05-A001-001,CI-MD-B05-A001-001,DEPENDS_ON,The evidence reports against the declared scope; a result outside that scope would be undeclared impact.,,2026-08-22T23:40:00+07:00,Attempt correlation.
MD-REL-0135,E-MD-B05-A001-001,MD-B05-A001-BL001,DEPENDS_ON,The evidence measures change against the locked pre-change state rather than against an assumed one.,,2026-08-22T23:40:00+07:00,Attempt correlation.
MD-REL-0136,SC-MD-B05-A001-001,E-MD-B05-A001-001,DEPENDS_ON,Closure rests on the A001 proof of all 117 predicates; without it the manifest asserts a coverage nobody executed.,,2026-08-22T23:55:00+07:00,Closure-to-evidence correlation.
MD-REL-0137,SC-MD-B05-A001-001,CI-MD-B05-A001-001,DEPENDS_ON,Closure includes the early Change Impact Declaration required for a material attempt; test output alone is insufficient.,,2026-08-22T23:55:00+07:00,Closure-to-change-impact correlation.
MD-REL-0138,SC-MD-B05-A001-001,MD-B05-A001-BL001,DEPENDS_ON,Closure is measured against the state the baseline locked before any material change.,,2026-08-22T23:55:00+07:00,Closure-to-baseline correlation.
MD-REL-0139,SC-MD-B05-A001-001,SC-MD-B04-A002-001,DEPENDS_ON,"MD-B05 could open only because MD-B04 closed; the closure inherits none of its proof, only its precondition.",,2026-08-22T23:55:00+07:00,Cross-stage precondition; no PASS inherited.
MD-REL-0140,MD-B06-A001-BL001,SC-MD-B05-A001-001,DEPENDS_ON,MD-B06 opens only after the temporal identity and mapping foundation is closed; no MD-B05 proof is inherited.,,2026-08-22T16:50:00+07:00,Stage-entry precondition.
MD-REL-0141,CI-MD-B06-A001-001,MD-B06-A001-BL001,DEPENDS_ON,The early impact declaration is bounded by the immutable pre-change A001 state.,,2026-08-22T16:51:00+07:00,Issued before material MD-B06 mutation.
MD-REL-0142,CI-MD-B06-A001-001,SC-MD-B05-A001-001,CARRIED_FROM,The attempt preserves the closed temporal identity foundation while adding no inherited MD-B05 proof.,,2026-08-22T16:51:00+07:00,Cross-stage precondition lineage.
MD-REL-0143,E-MD-B06-A001-001,CI-MD-B06-A001-001,DEPENDS_ON,The evidence reports the material surfaces and proof methods declared before remediation; undeclared impact cannot close the attempt.,,2026-08-22T17:46:00+07:00,Evidence-to-change-impact correlation.
MD-REL-0144,E-MD-B06-A001-001,MD-B06-A001-BL001,DEPENDS_ON,The evidence measures remediation against the immutable pre-change state rather than a reconstructed baseline.,,2026-08-22T17:46:00+07:00,Evidence-to-baseline correlation.
MD-REL-0145,E-MD-B06-A001-001,SC-MD-B05-A001-001,CARRIED_FROM,The B06 evidence uses the closed temporal identity foundation as a precondition while inheriting none of its predicate proof.,,2026-08-22T17:46:00+07:00,Cross-stage precondition lineage declared by the evidence record.
MD-REL-0146,E-MD-B06-A001-001,F-MD-B00-A001-001,REMEDIATES,The B06 trading-status import and operator-authority surface now has current positive and fail-closed proof; the unrelated downstream guard obligations remain open.,,2026-08-22T17:46:00+07:00,Partial finding remediation only; finding remains PARTIALLY_RESOLVED.
MD-REL-0147,E-MD-B06-A001-001,F-MD-B01-A001-001,REMEDIATES,"The evidence discharges the MD-B06 classification, applicability, context and proof-owner entry obligation without changing the downstream backlog.",,2026-08-22T17:46:00+07:00,Partial finding remediation only; finding remains PARTIALLY_RESOLVED.
MD-REL-0148,SC-MD-B06-A001-001,E-MD-B06-A001-001,DEPENDS_ON,Closure rests on the current proof of all 78 MD-B06 predicates; without it the manifest has no executed basis.,,2026-08-22T17:53:00+07:00,Closure-to-evidence correlation.
MD-REL-0149,SC-MD-B06-A001-001,CI-MD-B06-A001-001,DEPENDS_ON,Closure includes the early and completed Change Impact Declaration required for this material attempt.,,2026-08-22T17:53:00+07:00,Closure-to-change-impact correlation.
MD-REL-0150,SC-MD-B06-A001-001,MD-B06-A001-BL001,DEPENDS_ON,Closure is measured against the immutable pre-change A001 state.,,2026-08-22T17:53:00+07:00,Closure-to-baseline correlation.
MD-REL-0151,SC-MD-B06-A001-001,SC-MD-B05-A001-001,DEPENDS_ON,MD-B06 could open only after MD-B05 closed; no MD-B05 predicate proof is inherited.,,2026-08-22T17:53:00+07:00,Cross-stage closure precondition.
MD-REL-0152,MD-B07-A001-BL001,SC-MD-B06-A001-001,DEPENDS_ON,MD-B07 opens only after the calendar/session/status expectation foundation is closed; no MD-B06 predicate proof is inherited.,,2026-08-22T18:03:37+07:00,Stage-entry precondition.
MD-REL-0153,CI-MD-B07-A001-001,MD-B07-A001-BL001,DEPENDS_ON,The early impact declaration is bounded by the immutable pre-change A001 state.,,2026-08-22T18:05:00+07:00,Issued before material MD-B07 mutation.
MD-REL-0154,CI-MD-B07-A001-001,SC-MD-B06-A001-001,CARRIED_FROM,The B07 impact scope starts from the closed calendar/session/status foundation while inheriting none of its predicate proof.,,2026-08-22T18:07:00+07:00,Cross-stage precondition declared by the CI work record.
MD-REL-0155,E-MD-B07-A001-001,MD-B07-A001-BL001,DEPENDS_ON,The evidence measures change against the state the baseline locked rather than against an assumed one.,,2026-08-23T10:40:00+07:00,Attempt correlation.
MD-REL-0156,E-MD-B07-A001-001,CI-MD-B07-A001-001,DEPENDS_ON,The evidence reports against the declared impact scope; a result outside it would be undeclared impact.,,2026-08-23T10:40:00+07:00,Attempt correlation.
MD-REL-0157,E-MD-B07-A001-001,SC-MD-B06-A001-001,CARRIED_FROM,B07 proof starts from the closed calendar/session/status foundation and inherits none of its predicate proof.,,2026-08-23T10:40:00+07:00,Cross-stage precondition declared by the evidence work record.
MD-REL-0158,E-MD-B07-A001-002,MD-B07-A001-BL001,DEPENDS_ON,Returned local proof is valid only under the immutable A001 pre-change baseline.,,2026-08-23T13:10:00+07:00,Evidence-to-baseline correlation.
MD-REL-0159,E-MD-B07-A001-002,CI-MD-B07-A001-001,DEPENDS_ON,The revalidation executes the closure-control and runtime scope declared by the current A001 Change Impact Declaration.,,2026-08-23T13:10:00+07:00,Evidence-to-change-impact correlation.
MD-REL-0160,E-MD-B07-A001-002,E-MD-B07-A001-001,CARRIED_FROM,The additive evidence revalidates the 115/115 semantic proof and completes the environment-blocked deployed-schema/full-suite chain without rewriting the prior immutable evidence.,,2026-08-23T13:10:00+07:00,Same-attempt additive evidence lineage.
MD-REL-0161,E-MD-B07-A001-002,SC-MD-B06-A001-001,CARRIED_FROM,B07 revalidation retains the closed B06 calendar/session/status foundation only as a precondition; no B06 predicate proof is inherited.,,2026-08-23T13:10:00+07:00,Cross-stage precondition lineage.
MD-REL-0162,SC-MD-B07-A001-001,E-MD-B07-A001-002,DEPENDS_ON,"Closure requires the returned deployed-schema, hardened control-plane, exact B07 and full-suite proof admitted by the additive evidence.",,2026-08-23T13:12:00+07:00,Closure-to-current revalidation evidence.
MD-REL-0163,SC-MD-B07-A001-001,E-MD-B07-A001-001,DEPENDS_ON,Closure also retains the immutable original B07 semantic implementation evidence; it is not rewritten by the later local proof.,,2026-08-23T13:12:00+07:00,Closure-to-original semantic evidence.
MD-REL-0164,SC-MD-B07-A001-001,MD-B07-A001-BL001,DEPENDS_ON,Closure is measured against the immutable pre-change A001 baseline.,,2026-08-23T13:12:00+07:00,Closure-to-baseline correlation.
MD-REL-0165,SC-MD-B07-A001-001,CI-MD-B07-A001-001,DEPENDS_ON,Closure includes the completed A001 Change Impact Declaration and its control-plane reconciliation scope.,,2026-08-23T13:12:00+07:00,Closure-to-change-impact correlation.
MD-REL-0166,SC-MD-B07-A001-001,SC-MD-B06-A001-001,DEPENDS_ON,MD-B07 could open only after MD-B06 closed; no MD-B06 predicate proof is inherited.,,2026-08-23T13:12:00+07:00,Cross-stage closure precondition.
MD-REL-0167,MD-B08-A001-BL001,SC-MD-B07-A001-001,DEPENDS_ON,MD-B08 may open only from the validly closed MD-B07 predecessor; no MD-B07 predicate proof is inherited into B08.,,2026-08-23T13:42:11+07:00,Stage-entry predecessor correlation.
MD-REL-0168,CI-MD-B08-A001-001,MD-B08-A001-BL001,DEPENDS_ON,The B08 impact declaration is bounded by the immutable pre-material A001 baseline.,,2026-08-23T13:45:00+07:00,Attempt correlation.
MD-REL-0169,CI-MD-B08-A001-001,SC-MD-B07-A001-001,CARRIED_FROM,The B08 impact scope starts from the closed B07 acquisition/provenance foundation while inheriting none of its predicate proof.,,2026-08-23T13:45:00+07:00,Cross-stage precondition declared by the CI.
MD-REL-0170,E-MD-B08-A001-001,MD-B08-A001-BL001,DEPENDS_ON,B08 runtime proof is valid only against the immutable A001 pre-material baseline.,,2026-08-23T21:55:00+07:00,Evidence-to-baseline correlation.
MD-REL-0171,E-MD-B08-A001-001,CI-MD-B08-A001-001,DEPENDS_ON,"The final runtime proof executes the source-resilience, telemetry and controlled-recovery impact scope declared by the current A001 Change Impact Declaration.",,2026-08-23T21:55:00+07:00,Evidence-to-change-impact correlation.
MD-REL-0172,E-MD-B08-A001-001,SC-MD-B07-A001-001,CARRIED_FROM,B08 retains the closed B07 immutable acquisition/provenance foundation only as a precondition; no B07 predicate proof is inherited.,,2026-08-23T21:55:00+07:00,Cross-stage precondition lineage.
MD-REL-0173,SC-MD-B08-A001-001,E-MD-B08-A001-001,DEPENDS_ON,Closure requires the final corrected R3 runtime/full-suite proof admitted by the current B08 evidence.,,2026-08-23T22:02:00+07:00,Closure-to-current evidence.
MD-REL-0174,SC-MD-B08-A001-001,MD-B08-A001-BL001,DEPENDS_ON,Closure is measured against the immutable pre-material A001 baseline.,,2026-08-23T22:02:00+07:00,Closure-to-baseline correlation.
MD-REL-0175,SC-MD-B08-A001-001,CI-MD-B08-A001-001,DEPENDS_ON,Closure includes the completed A001 Change Impact Declaration and all in-attempt remediation cycles.,,2026-08-23T22:02:00+07:00,Closure-to-change-impact correlation.
MD-REL-0176,SC-MD-B08-A001-001,SC-MD-B07-A001-001,DEPENDS_ON,MD-B08 opened only after MD-B07 closed; B07 is a stage precondition and contributes no inherited B08 predicate proof.,,2026-08-23T22:02:00+07:00,Cross-stage closure precondition.
MD-REL-0177,MD-B09-A001-BL001,SC-MD-B08-A001-001,DEPENDS_ON,MD-B09 may open only from the validly closed MD-B08 predecessor; no MD-B08 predicate proof is inherited into B09.,,2026-08-23T22:31:00+07:00,Stage-entry predecessor correlation.
MD-REL-0178,CI-MD-B09-A001-001,MD-B09-A001-BL001,DEPENDS_ON,The B09 impact declaration is bounded by the immutable pre-material A001 baseline.,,2026-08-23T22:31:00+07:00,Attempt correlation.
MD-REL-0179,CI-MD-B09-A001-001,SC-MD-B08-A001-001,CARRIED_FROM,B09 starts from the closed B08 resilience foundation while inheriting none of its predicate proof.,,2026-08-23T22:31:00+07:00,Cross-stage precondition declared by the CI.
MD-REL-0180,E-MD-B09-A001-001,MD-B09-A001-BL001,DEPENDS_ON,The B09 static authority proof is valid only against the immutable A001 baseline.,,2026-08-23T22:43:00+07:00,Evidence-to-baseline correlation.
MD-REL-0181,E-MD-B09-A001-001,CI-MD-B09-A001-001,DEPENDS_ON,The partial/static verdict is bounded by the current B09 Change Impact Declaration.,,2026-08-23T22:43:00+07:00,Evidence-to-change-impact correlation.
MD-REL-0182,E-MD-B09-A001-001,F-MD-B09-A001-001,DEPENDS_ON,The withheld executable rule is explained by the correlated current strategy-authority finding.,,2026-08-23T22:43:00+07:00,Finding remains OPEN; no strategy byte changed.
MD-REL-0183,E-MD-B09-A001-001,SC-MD-B08-A001-001,CARRIED_FROM,B09 carries the closed B08 source-resilience foundation only as a precondition; no B08 predicate proof is inherited.,,2026-08-23T22:43:00+07:00,Cross-stage precondition lineage.
MD-REL-0184,D-MD-20260823-01,F-MD-B09-A001-001,DEPENDS_ON,The reviewed decision answers the authority gap measured by the current B09 finding but cannot remediate it until explicit user authorization permits the strategy correction.,D-MD-20260823-01,2026-08-23T22:48:00+07:00,Finding remains OPEN.
MD-REL-0185,D-MD-20260823-01,E-MD-B09-A001-001,DEPENDS_ON,The decision uses the immutable A001 static authority evidence as its measured basis and does not rewrite it.,D-MD-20260823-01,2026-08-23T22:48:00+07:00,A001 remains partial and bound to the prior freeze.
MD-REL-0186,E-MD-B09-A001-002,MD-B09-A001-BL001,DEPENDS_ON,A001 strategy-change evidence preserves the immutable predecessor-freeze baseline against which the authority gap was found.,D-MD-20260823-01,2026-08-23T22:50:00+07:00,No A001 baseline mutation.
MD-REL-0187,E-MD-B09-A001-002,E-MD-B09-A001-001,CARRIED_FROM,The authorization/refreeze evidence carries forward the static authority-gap proof without rewriting it.,D-MD-20260823-01,2026-08-23T22:50:00+07:00,Runtime proof remains absent in A001.
MD-REL-0188,E-MD-B09-A001-002,D-MD-20260823-01,DEPENDS_ON,The strategy correction is bounded by the reviewed decision and explicit user authorization.,D-MD-20260823-01,2026-08-23T22:50:00+07:00,Only BAR_ZERO_VOLUME_PRICE_MOVEMENT is authorised.
MD-REL-0189,E-MD-B09-A001-002,F-MD-B09-A001-001,REMEDIATES,The additive MD-S085 row and successor freeze resolve the authority-completeness finding.,D-MD-20260823-01,2026-08-23T22:50:00+07:00,Implementation proof remains A002 work.
MD-REL-0190,E-MD-B09-A001-002,E-MD-B09-A001-001,SUPERSEDES,"For current orchestration only, E002 supersedes A001 static blocker status with an authorised-refreeze disposition; E001 remains immutable historical current evidence of the contradiction.",D-MD-20260823-01,2026-08-23T22:50:00+07:00,Does not supersede semantic proof; zero B09 predicates were bound by either A001 evidence record.
MD-REL-0191,MD-B09-A002-BL001,MD-B09-A001-BL001,CARRIED_FROM,A002 re-enters the same logical B09 stage after the separately governed strategy refreeze; A001 baseline/evidence remain immutable.,D-MD-20260823-01,2026-08-23T22:49:09+07:00,Successor-attempt lineage.
MD-REL-0192,MD-B09-A002-BL001,E-MD-B09-A001-002,DEPENDS_ON,"Successor baseline is valid only after explicit authorization, controlled correction, affected-proof analysis and A001 non-PASS disposition.",D-MD-20260823-01,2026-08-23T22:49:09+07:00,Binds successor freeze.
MD-REL-0193,MD-B09-A002-BL001,SC-MD-B08-A001-001,DEPENDS_ON,B08 remains the closed predecessor stage; no B08 predicate proof is inherited into B09.,D-MD-20260823-01,2026-08-23T22:49:09+07:00,Cross-stage precondition.
MD-REL-0194,CI-MD-B09-A002-001,MD-B09-A002-BL001,DEPENDS_ON,A002 impact scope is measured against the immutable successor pre-change baseline.,D-MD-20260823-01,2026-08-23T22:51:00+07:00,Issued before executable remediation.
MD-REL-0195,CI-MD-B09-A002-001,D-MD-20260823-01,DEPENDS_ON,A002 reason-code implementation is bounded by the reviewed decision and explicit user-authorised correction.,D-MD-20260823-01,2026-08-23T22:51:00+07:00,No broader strategy change.
MD-REL-0196,CI-MD-B09-A002-001,E-MD-B09-A001-002,CARRIED_FROM,A002 carries the resolved authority boundary and affected-proof analysis without inheriting A001 runtime proof.,D-MD-20260823-01,2026-08-23T22:51:00+07:00,A001 bound zero B09 predicates.
MD-REL-0197,F-MD-B09-A001-001,D-MD-20260823-01,DEPENDS_ON,The resolved authority finding is closed by the reviewed bounded decision plus explicit authorization lineage; the finding document itself remains historical A001 context.,D-MD-20260823-01,2026-08-23T22:55:00+07:00,Resolution relationship added for completeness; no finding history rewrite.
MD-REL-0198,MD-B09-A002-BL001,F-MD-B09-A001-001,DEPENDS_ON,The successor baseline carries the resolved A001 authority finding as the reason re-entry/refreeze was required.,D-MD-20260823-01,2026-08-23T22:55:00+07:00,Finding is resolved before executable A002 mutation.
MD-REL-0199,MD-B09-A002-BL001,D-MD-20260823-01,DEPENDS_ON,The successor baseline is bounded by the reviewed decision and explicit authorization that created the successor strategy freeze.,D-MD-20260823-01,2026-08-23T22:55:00+07:00,No broader strategy authority change.
MD-REL-0200,CI-MD-B09-A002-001,F-MD-B09-A001-001,DEPENDS_ON,A002 executable scope is the direct revalidation/remediation consequence of the resolved A001 authority finding.,D-MD-20260823-01,2026-08-23T22:55:00+07:00,A001 remains immutable/non-PASS.
MD-REL-0201,E-MD-B09-A002-001,MD-B09-A002-BL001,DEPENDS_ON,A002 runtime proof is valid only against the immutable successor baseline under the authorised strategy freeze.,D-MD-20260823-01,2026-08-24T00:05:00+07:00,Evidence-to-baseline correlation.
MD-REL-0202,E-MD-B09-A002-001,CI-MD-B09-A002-001,DEPENDS_ON,The final runtime proof executes the bounded canonical RAW/reason-dictionary/import impact scope declared by the current A002 Change Impact Declaration.,D-MD-20260823-01,2026-08-24T00:05:00+07:00,Evidence-to-change-impact correlation.
MD-REL-0203,E-MD-B09-A002-001,E-MD-B09-A001-002,CARRIED_FROM,A002 carries the resolved authority correction/refreeze lineage without inheriting any A001 runtime predicate proof.,D-MD-20260823-01,2026-08-24T00:05:00+07:00,Cross-attempt strategy-change lineage.
MD-REL-0204,E-MD-B09-A002-001,SC-MD-B08-A001-001,CARRIED_FROM,B09 retains the closed B08 source-resilience foundation only as a stage precondition; no B08 predicate proof is inherited.,D-MD-20260823-01,2026-08-24T00:05:00+07:00,Cross-stage precondition lineage.
MD-REL-0205,E-MD-B09-A002-001,D-MD-20260823-01,DEPENDS_ON,The dedicated zero-volume movement runtime semantics are bounded by the reviewed decision and explicit authorization.,D-MD-20260823-01,2026-08-24T00:05:00+07:00,Decision-to-runtime proof correlation.
MD-REL-0206,E-MD-B09-A002-001,F-MD-B09-A001-001,CARRIED_FROM,The resolved A001 authority finding is retained as historical cause for the successor revalidation; the current A002 proof confirms its remediation rather than rewriting it.,D-MD-20260823-01,2026-08-24T00:05:00+07:00,Resolved-finding lineage.
MD-REL-0207,SC-MD-B09-A002-001,E-MD-B09-A002-001,DEPENDS_ON,"Closure requires the complete A002 deployed-reason, canonical RAW/import, affected-predecessor and full-suite proof admitted by current evidence.",D-MD-20260823-01,2026-08-24T00:08:00+07:00,Closure-to-current evidence.
MD-REL-0208,SC-MD-B09-A002-001,MD-B09-A002-BL001,DEPENDS_ON,Closure is measured against the immutable successor pre-material A002 baseline.,D-MD-20260823-01,2026-08-24T00:08:00+07:00,Closure-to-baseline correlation.
MD-REL-0209,SC-MD-B09-A002-001,CI-MD-B09-A002-001,DEPENDS_ON,Closure includes the completed A002 Change Impact Declaration and all in-attempt R1/R2 remediation cycles.,D-MD-20260823-01,2026-08-24T00:08:00+07:00,Closure-to-change-impact correlation.
MD-REL-0210,SC-MD-B09-A002-001,SC-MD-B08-A001-001,DEPENDS_ON,MD-B09 opened only after MD-B08 closed; B08 remains a stage precondition and contributes no inherited B09 predicate proof.,D-MD-20260823-01,2026-08-24T00:08:00+07:00,Cross-stage closure precondition.
MD-REL-0211,SC-MD-B09-A002-001,D-MD-20260823-01,DEPENDS_ON,Closure retains the bounded reviewed decision and explicit-authorisation lineage for the one strategy vocabulary correction.,D-MD-20260823-01,2026-08-24T00:08:00+07:00,Closure-to-decision correlation.
MD-REL-0212,SC-MD-B09-A002-001,E-MD-B09-A001-002,CARRIED_FROM,Closure carries the immutable A001 strategy-correction/refreeze evidence while inheriting no A001 runtime predicate proof.,D-MD-20260823-01,2026-08-24T00:08:00+07:00,Cross-attempt correction lineage.
MD-REL-0213,SC-MD-B09-A002-001,F-MD-B09-A001-001,CARRIED_FROM,The resolved A001 authority finding remains historical closure context and is not rewritten by A002 success.,D-MD-20260823-01,2026-08-24T00:08:00+07:00,Resolved-finding closure lineage.
MD-REL-0214,MD-B10-A001-BL001,SC-MD-B09-A002-001,CARRIED_FROM,B10 baseline opens only after the immutable B09 closure and inherits no B09 predicate proof.,,2026-08-24T01:54:00+07:00,MD-B10-A001 pre-runtime control-plane synchronization.
MD-REL-0215,CI-MD-B10-A001-001,MD-B10-A001-BL001,DEPENDS_ON,B10 material implementation/proof scope is measured against the immutable A001 pre-material baseline.,,2026-08-24T01:54:00+07:00,MD-B10-A001 pre-runtime control-plane synchronization.
MD-REL-0216,CI-MD-B10-A001-001,SC-MD-B09-A002-001,CARRIED_FROM,B10 uses B09 closure only as predecessor precondition; canonical RAW/source-observation evidence is not inherited as B10 proof.,,2026-08-24T01:54:00+07:00,MD-B10-A001 pre-runtime control-plane synchronization.
MD-REL-0217,E-MD-B10-A001-001,MD-B10-A001-BL001,DEPENDS_ON,B10 runtime/deployed proof is valid only against the immutable pre-material A001 baseline.,,2026-08-25T11:05:00+07:00,Evidence-to-baseline correlation.
MD-REL-0218,E-MD-B10-A001-001,CI-MD-B10-A001-001,DEPENDS_ON,"Final cumulative local proof executes the publication lifecycle, sealed-history, reconciliation and controlled-repair impact scope declared by the current B10 Change Impact Declaration.",,2026-08-25T11:05:00+07:00,Evidence-to-change-impact correlation.
MD-REL-0219,E-MD-B10-A001-001,SC-MD-B09-A002-001,CARRIED_FROM,B10 retains the closed B09 canonical RAW/import foundation only as a predecessor-stage precondition; no B09 predicate proof is inherited into B10.,,2026-08-25T11:05:00+07:00,Cross-stage precondition lineage.
MD-REL-0220,SC-MD-B10-A001-001,E-MD-B10-A001-001,DEPENDS_ON,Closure requires the complete current B10 cumulative runtime/deployed proof admitted by governed evidence.,,2026-08-25T11:06:00+07:00,Closure-to-current-evidence correlation.
MD-REL-0221,SC-MD-B10-A001-001,MD-B10-A001-BL001,DEPENDS_ON,Closure is measured against the immutable pre-material B10 A001 baseline.,,2026-08-25T11:06:00+07:00,Closure-to-baseline correlation.
MD-REL-0222,SC-MD-B10-A001-001,CI-MD-B10-A001-001,DEPENDS_ON,Closure includes the full in-attempt B10 Change Impact scope and R1-R5 remediation/proof lineage.,,2026-08-25T11:06:00+07:00,Closure-to-change-impact correlation.
MD-REL-0223,SC-MD-B10-A001-001,SC-MD-B09-A002-001,DEPENDS_ON,MD-B10 opened only after MD-B09 closed; B09 remains a predecessor-stage precondition and contributes no inherited B10 predicate proof.,,2026-08-25T11:06:00+07:00,Cross-stage closure precondition.
MD-REL-0224,MD-B11-A001-BL001,SC-MD-B10-A001-001,CARRIED_FROM,B11 baseline opens only after immutable B10 closure and inherits no B10 predicate proof.,,2026-08-25T20:40:00+07:00,MD-B11-A001 stage-entry correlation.
MD-REL-0225,CI-MD-B11-A001-001,MD-B11-A001-BL001,DEPENDS_ON,B11 material implementation/proof scope is measured against immutable A001 pre-material baseline.,,2026-08-25T20:41:00+07:00,MD-B11-A001 stage-entry correlation.
MD-REL-0226,CI-MD-B11-A001-001,SC-MD-B10-A001-001,CARRIED_FROM,B11 uses B10 closure only as predecessor precondition; no B10 predicate proof is inherited.,,2026-08-25T20:41:00+07:00,Cross-stage precondition lineage.
MD-REL-0227,E-MD-B11-A001-001,MD-B11-A001-BL001,DEPENDS_ON,B11 runtime/deployed proof is valid only against the immutable pre-material A001 baseline.,,2026-08-26T10:31:00+07:00,Evidence-to-baseline correlation.
MD-REL-0228,E-MD-B11-A001-001,CI-MD-B11-A001-001,DEPENDS_ON,"Final cumulative local proof executes the verified corporate-action lifecycle, anomaly-only detector and external-reconciliation impact scope declared by the current B11 Change Impact Declaration.",,2026-08-26T10:31:00+07:00,Evidence-to-change-impact correlation.
MD-REL-0229,E-MD-B11-A001-001,SC-MD-B10-A001-001,CARRIED_FROM,B11 retains the closed B10 publication foundation only as predecessor-stage precondition; no B10 predicate proof is inherited into B11.,,2026-08-26T10:31:00+07:00,Cross-stage precondition lineage.
MD-REL-0230,SC-MD-B11-A001-001,E-MD-B11-A001-001,DEPENDS_ON,Closure requires the complete current B11 cumulative runtime/deployed proof admitted by governed evidence.,,2026-08-26T10:32:00+07:00,Closure-to-current-evidence correlation.
MD-REL-0231,SC-MD-B11-A001-001,MD-B11-A001-BL001,DEPENDS_ON,Closure is measured against the immutable pre-material B11 A001 baseline.,,2026-08-26T10:32:00+07:00,Closure-to-baseline correlation.
MD-REL-0232,SC-MD-B11-A001-001,CI-MD-B11-A001-001,DEPENDS_ON,Closure includes the full in-attempt B11 Change Impact scope and cycle-1/R1/R2 remediation-proof lineage.,,2026-08-26T10:32:00+07:00,Closure-to-change-impact correlation.
MD-REL-0233,SC-MD-B11-A001-001,SC-MD-B10-A001-001,DEPENDS_ON,MD-B11 opened only after MD-B10 closed; B10 remains a predecessor-stage precondition and contributes no inherited B11 predicate proof.,,2026-08-26T10:32:00+07:00,Cross-stage closure precondition.
MD-REL-0234,MD-B12-A001-BL001,SC-MD-B11-A001-001,CARRIED_FROM,B12 baseline opens only after immutable B11 closure and inherits no B11 predicate proof.,,2026-08-26T12:38:33+07:00,MD-B12-A001 stage-entry correlation.
MD-REL-0235,CI-MD-B12-A001-001,MD-B12-A001-BL001,DEPENDS_ON,B12 material implementation/proof scope is measured against immutable A001 pre-material baseline.,,2026-08-26T12:38:33+07:00,MD-B12-A001 stage-entry correlation.
MD-REL-0236,CI-MD-B12-A001-001,SC-MD-B11-A001-001,CARRIED_FROM,B12 uses B11 closure only as predecessor precondition; no B11 predicate proof is inherited.,,2026-08-26T12:38:33+07:00,Cross-stage precondition lineage.
MD-REL-0237,E-MD-B12-A001-001,MD-B12-A001-BL001,DEPENDS_ON,B12 runtime proof and exact binding are valid only against the immutable pre-material A001 baseline.,,2026-08-26T19:55:00+07:00,Evidence-to-baseline correlation.
MD-REL-0238,E-MD-B12-A001-001,CI-MD-B12-A001-001,DEPENDS_ON,Final cumulative local proof executes the coherent analytical price-product impact scope declared by the current B12 Change Impact Declaration.,,2026-08-26T19:55:00+07:00,Evidence-to-change-impact correlation.
MD-REL-0239,E-MD-B12-A001-001,SC-MD-B11-A001-001,CARRIED_FROM,B12 retains the closed B11 verified event/factor foundation only as predecessor-stage precondition; no B11 predicate proof is inherited into B12.,,2026-08-26T19:55:00+07:00,Cross-stage precondition lineage.
MD-REL-0240,SC-MD-B12-A001-001,E-MD-B12-A001-001,DEPENDS_ON,Closure requires the complete current B12 cumulative runtime proof admitted by governed evidence.,,2026-08-26T19:56:00+07:00,Closure-to-current-evidence correlation.
MD-REL-0241,SC-MD-B12-A001-001,MD-B12-A001-BL001,DEPENDS_ON,Closure is measured against the immutable pre-material B12 A001 baseline.,,2026-08-26T19:56:00+07:00,Closure-to-baseline correlation.
MD-REL-0242,SC-MD-B12-A001-001,CI-MD-B12-A001-001,DEPENDS_ON,Closure includes the full in-attempt B12 Change Impact scope and R1/R2/R3 remediation-proof lineage.,,2026-08-26T19:56:00+07:00,Closure-to-change-impact correlation.
MD-REL-0243,SC-MD-B12-A001-001,SC-MD-B11-A001-001,DEPENDS_ON,MD-B12 opened only after MD-B11 closed; B11 remains a predecessor-stage precondition and contributes no inherited B12 predicate proof.,,2026-08-26T19:56:00+07:00,Cross-stage closure precondition.
MD-REL-0244,MD-B13-A001-BL001,SC-MD-B12-A001-001,CARRIED_FROM,B13 baseline opens only after immutable B12 closure and inherits no B12 predicate proof.,,2026-08-27T08:21:23+07:00,MD-B13-A001 stage-entry correlation.
MD-REL-0245,CI-MD-B13-A001-001,MD-B13-A001-BL001,DEPENDS_ON,B13 material implementation/proof scope is measured against the immutable A001 pre-material baseline.,,2026-08-27T08:21:23+07:00,MD-B13-A001 stage-entry correlation.
MD-REL-0246,CI-MD-B13-A001-001,SC-MD-B12-A001-001,CARRIED_FROM,B13 uses B12 closure only as predecessor precondition; no B12 predicate proof is inherited.,,2026-08-27T08:21:23+07:00,Cross-stage precondition lineage.
MD-REL-0247,E-MD-B13-A001-001,MD-B13-A001-BL001,DEPENDS_ON,B13 runtime proof and exact binding are valid only against the immutable pre-material A001 baseline.,,2026-08-27T09:25:00+07:00,Evidence-to-baseline correlation.
MD-REL-0248,E-MD-B13-A001-001,CI-MD-B13-A001-001,DEPENDS_ON,Executed proof covers the actual/proxy liquidity metric impact scope declared by the current B13 Change Impact Declaration.,,2026-08-27T09:25:00+07:00,Evidence-to-change-impact correlation.
MD-REL-0249,E-MD-B13-A001-001,SC-MD-B12-A001-001,CARRIED_FROM,B13 retains the closed B12 coherent product boundary only as predecessor-stage precondition; no B12 predicate proof is inherited into B13.,,2026-08-27T09:25:00+07:00,Cross-stage precondition lineage.
MD-REL-0250,SC-MD-B13-A001-001,E-MD-B13-A001-001,DEPENDS_ON,Closure requires the complete current B13 runtime proof admitted by governed evidence.,,2026-08-27T09:30:00+07:00,Closure-to-current-evidence correlation.
MD-REL-0251,SC-MD-B13-A001-001,MD-B13-A001-BL001,DEPENDS_ON,Closure is measured against the immutable pre-material B13 A001 baseline.,,2026-08-27T09:30:00+07:00,Closure-to-baseline correlation.
MD-REL-0252,SC-MD-B13-A001-001,CI-MD-B13-A001-001,DEPENDS_ON,Closure includes the full in-attempt B13 Change Impact scope and its recorded scope additions.,,2026-08-27T09:30:00+07:00,Closure-to-change-impact correlation.
MD-REL-0253,SC-MD-B13-A001-001,SC-MD-B12-A001-001,DEPENDS_ON,MD-B13 opened only after MD-B12 closed; B12 remains a predecessor-stage precondition and contributes no inherited B13 predicate proof.,,2026-08-27T09:30:00+07:00,Cross-stage closure precondition.
MD-REL-0254,MD-B07-A002-BL001,SC-MD-B07-A001-001,CARRIED_FROM,The A002 baseline opens against the immutable A001 closure it corrects; no A001 predicate proof is re-derived and E-MD-B07-A001-001 keeps its 115 bindings.,,2026-08-27T13:17:51+07:00,MD-B07-A002 correction correlation.
MD-REL-0255,CI-MD-B07-A002-001,MD-B07-A002-BL001,DEPENDS_ON,The declared correction scope is measured against the immutable A002 pre-material baseline.,,2026-08-27T13:20:00+07:00,MD-B07-A002 stage-entry correlation.
MD-REL-0256,E-MD-B07-A002-001,MD-B07-A002-BL001,DEPENDS_ON,The 116/116 binding and both falsifiability proofs are valid only against the immutable A002 baseline.,,2026-08-27T14:05:00+07:00,Evidence-to-baseline correlation.
MD-REL-0257,E-MD-B07-A002-001,CI-MD-B07-A002-001,DEPENDS_ON,The evidence admits exactly the correction the declaration scoped and nothing beyond it.,,2026-08-27T14:05:00+07:00,Evidence-to-declaration correlation.
MD-REL-0258,E-MD-B07-A002-001,E-MD-B07-A001-001,DERIVED_FROM,The 115 A001 bindings remain current and unedited; this record adds only the 116th predicate.,,2026-08-27T14:05:00+07:00,Additive evidence lineage; no supersession.
MD-REL-0259,CI-MD-B07-A002-001,SC-MD-B07-A001-001,CARRIED_FROM,The declaration names the immutable A001 closure as the stage precondition it corrects; no A001 predicate proof is inherited.,,2026-08-27T13:20:00+07:00,Cross-stage precondition lineage.
MD-REL-0260,SC-MD-B07-A002-001,E-MD-B07-A002-001,CARRIED_FROM,Closure rests on the executed A002 evidence and inherits no unproven claim.,,2026-08-27T14:20:00+07:00,Closure-to-evidence correlation.
MD-REL-0261,MD-B08-A002-BL001,SC-MD-B08-A001-001,CARRIED_FROM,The A002 baseline opens against the immutable A001 closure it corrects; no A001 predicate proof is re-derived.,,2026-08-27T13:56:13+07:00,MD-B08-A002 correction correlation.
MD-REL-0262,CI-MD-B08-A002-001,MD-B08-A002-BL001,DEPENDS_ON,The declared correction scope is measured against the immutable A002 pre-material baseline.,,2026-08-27T14:00:00+07:00,MD-B08-A002 correction correlation.
MD-REL-0263,CI-MD-B08-A002-001,SC-MD-B08-A001-001,CARRIED_FROM,The declaration names the immutable A001 closure as the stage precondition it corrects.,,2026-08-27T14:00:00+07:00,MD-B08-A002 correction correlation.
MD-REL-0264,E-MD-B08-A002-001,MD-B08-A002-BL001,DEPENDS_ON,The 139/139 binding and the falsifiability proof are valid only against the immutable A002 baseline.,,2026-08-27T16:10:00+07:00,MD-B08-A002 correction correlation.
MD-REL-0265,E-MD-B08-A002-001,CI-MD-B08-A002-001,DEPENDS_ON,The evidence admits exactly the correction the declaration scoped.,,2026-08-27T16:10:00+07:00,MD-B08-A002 correction correlation.
MD-REL-0266,E-MD-B08-A002-001,E-MD-B08-A001-001,DERIVED_FROM,The 138 A001 bindings remain current and unedited; this record adds only the 139th predicate.,,2026-08-27T16:10:00+07:00,MD-B08-A002 correction correlation.
MD-REL-0267,SC-MD-B08-A002-001,E-MD-B08-A002-001,CARRIED_FROM,Closure rests on the executed A002 evidence and inherits no unproven claim.,,2026-08-27T16:20:00+07:00,MD-B08-A002 correction correlation.
MD-REL-0268,MD-B00-A004-BL001,SC-MD-B00-A003-001,CARRIED_FROM,The A004 baseline opens against the immutable A003 closure; no A003 proof is re-derived.,,2026-08-27T14:12:57+07:00,MD-B00-A004 control-plane correlation.
MD-REL-0269,CI-MD-B00-A004-001,MD-B00-A004-BL001,DEPENDS_ON,The declared hardening scope is measured against the immutable A004 baseline.,,2026-08-27T14:20:00+07:00,MD-B00-A004 control-plane correlation.
MD-REL-0270,CI-MD-B00-A004-001,SC-MD-B00-A003-001,CARRIED_FROM,The declaration names the immutable A003 closure as its stage precondition.,,2026-08-27T14:20:00+07:00,MD-B00-A004 control-plane correlation.
MD-REL-0271,E-MD-B00-A004-001,MD-B00-A004-BL001,DEPENDS_ON,The gate result and both falsifiability proofs are valid only against the immutable A004 baseline.,,2026-08-27T17:05:00+07:00,MD-B00-A004 control-plane correlation.
MD-REL-0272,E-MD-B00-A004-001,CI-MD-B00-A004-001,DEPENDS_ON,The evidence admits exactly the hardening the declaration scoped.,,2026-08-27T17:05:00+07:00,MD-B00-A004 control-plane correlation.
MD-REL-0273,E-MD-B00-A004-001,SC-MD-B07-A002-001,DERIVED_FROM,The MD-S066-R0002 correction is one of the two hand findings that motivated the check.,,2026-08-27T17:05:00+07:00,MD-B00-A004 control-plane correlation.
MD-REL-0274,E-MD-B00-A004-001,SC-MD-B08-A002-001,DERIVED_FROM,The MD-S067-R0010 correction is the second hand finding that motivated the check.,,2026-08-27T17:05:00+07:00,MD-B00-A004 control-plane correlation.
MD-REL-0275,SC-MD-B00-A004-001,E-MD-B00-A004-001,CARRIED_FROM,Closure rests on the executed A004 evidence and inherits no unproven claim.,,2026-08-27T17:15:00+07:00,MD-B00-A004 control-plane correlation.
MD-REL-0276,MD-B09-A003-BL001,SC-MD-B09-A002-001,CARRIED_FROM,The A003 baseline opens against the immutable A002 closure; no A002 proof is re-derived.,,2026-08-27T14:56:25+07:00,MD-B09-A003 re-check correlation.
MD-REL-0277,CI-MD-B09-A003-001,MD-B09-A003-BL001,DEPENDS_ON,The declared re-check scope is measured against the immutable A003 baseline.,,2026-08-27T15:00:00+07:00,MD-B09-A003 re-check correlation.
MD-REL-0278,CI-MD-B09-A003-001,SC-MD-B09-A002-001,CARRIED_FROM,The declaration names the immutable A002 closure as its stage precondition.,,2026-08-27T15:00:00+07:00,MD-B09-A003 re-check correlation.
MD-REL-0279,E-MD-B09-A003-001,MD-B09-A003-BL001,DEPENDS_ON,The 140/140 binding and the falsifiability proofs are valid only against the immutable A003 baseline.,,2026-08-27T18:05:00+07:00,MD-B09-A003 re-check correlation.
MD-REL-0280,E-MD-B09-A003-001,CI-MD-B09-A003-001,DEPENDS_ON,The evidence admits exactly the correction the declaration scoped.,,2026-08-27T18:05:00+07:00,MD-B09-A003 re-check correlation.
MD-REL-0281,E-MD-B09-A003-001,E-MD-B09-A002-001,DERIVED_FROM,The 139 A002 bindings remain current and unedited; this record adds the 140th.,,2026-08-27T18:05:00+07:00,MD-B09-A003 re-check correlation.
MD-REL-0282,E-MD-B09-A003-001,SC-MD-B00-A004-001,DERIVED_FROM,UNEXPLAINED_REFERENCE named the defect this attempt corrects.,,2026-08-27T18:05:00+07:00,MD-B09-A003 re-check correlation.
MD-REL-0283,SC-MD-B09-A003-001,E-MD-B09-A003-001,CARRIED_FROM,Closure rests on the executed A003 evidence.,,2026-08-27T18:15:00+07:00,MD-B09-A003 re-check correlation.
MD-REL-0284,MD-B12-A002-BL001,SC-MD-B12-A001-001,CARRIED_FROM,The A002 baseline opens against the immutable A001 closure; no A001 proof is re-derived.,,2026-08-27T19:30:00+07:00,MD-B12-A002 scoped re-check correlation.
MD-REL-0285,CI-MD-B12-A002-001,MD-B12-A002-BL001,DEPENDS_ON,The declared scope is measured against the immutable A002 baseline.,,2026-08-27T19:30:00+07:00,MD-B12-A002 scoped re-check correlation.
MD-REL-0286,CI-MD-B12-A002-001,SC-MD-B12-A001-001,CARRIED_FROM,The declaration names the immutable A001 closure as its stage precondition.,,2026-08-27T19:30:00+07:00,MD-B12-A002 scoped re-check correlation.
MD-REL-0287,E-MD-B12-A002-001,MD-B12-A002-BL001,DEPENDS_ON,The 60/60 binding and the falsifiability proofs are valid only against the immutable A002 baseline.,,2026-08-27T19:30:00+07:00,MD-B12-A002 scoped re-check correlation.
MD-REL-0288,E-MD-B12-A002-001,CI-MD-B12-A002-001,DEPENDS_ON,The evidence admits exactly the scope the declaration set.,,2026-08-27T19:30:00+07:00,MD-B12-A002 scoped re-check correlation.
MD-REL-0289,E-MD-B12-A002-001,E-MD-B12-A001-001,DERIVED_FROM,The 45 A001 bindings remain current and unedited; this record adds 15.,,2026-08-27T19:30:00+07:00,MD-B12-A002 scoped re-check correlation.
MD-REL-0290,E-MD-B12-A002-001,SC-MD-B00-A004-001,DERIVED_FROM,UNEXPLAINED_REFERENCE surfaced both promoted blocks.,,2026-08-27T19:30:00+07:00,MD-B12-A002 scoped re-check correlation.
MD-REL-0291,SC-MD-B12-A002-001,E-MD-B12-A002-001,CARRIED_FROM,Closure rests on the executed A002 evidence.,,2026-08-27T19:30:00+07:00,MD-B12-A002 scoped re-check correlation.
MD-REL-0292,MD-B11-A002-BL001,SC-MD-B11-A001-001,CARRIED_FROM,The A002 baseline opens against the immutable A001 closure; no A001 proof is re-derived.,,2026-08-28T03:20:00+07:00,MD-B11-A002 re-check correlation.
MD-REL-0293,CI-MD-B11-A002-001,MD-B11-A002-BL001,DEPENDS_ON,The declared scope is measured against the immutable A002 baseline.,,2026-08-28T03:20:00+07:00,MD-B11-A002 re-check correlation.
MD-REL-0294,CI-MD-B11-A002-001,SC-MD-B11-A001-001,CARRIED_FROM,The declaration names the immutable A001 closure as its stage precondition.,,2026-08-28T03:20:00+07:00,MD-B11-A002 re-check correlation.
MD-REL-0295,E-MD-B11-A002-001,MD-B11-A002-BL001,DEPENDS_ON,The 172/172 binding and the falsifiability proofs are valid only against the immutable A002 baseline.,,2026-08-28T03:20:00+07:00,MD-B11-A002 re-check correlation.
MD-REL-0296,E-MD-B11-A002-001,CI-MD-B11-A002-001,DEPENDS_ON,The evidence admits exactly the scope the declaration set.,,2026-08-28T03:20:00+07:00,MD-B11-A002 re-check correlation.
MD-REL-0297,E-MD-B11-A002-001,E-MD-B11-A001-001,DERIVED_FROM,The 138 A001 bindings remain current and unedited; this record adds 34.,,2026-08-28T03:20:00+07:00,MD-B11-A002 re-check correlation.
MD-REL-0298,E-MD-B11-A002-001,E-MD-B12-A002-001,DERIVED_FROM,MD-S011-R0023 and MD-S083-R0032 are the same invariant in two contracts; the guard was written there first.,,2026-08-28T03:20:00+07:00,MD-B11-A002 re-check correlation.
MD-REL-0299,E-MD-B11-A002-001,SC-MD-B00-A004-001,DERIVED_FROM,UNEXPLAINED_REFERENCE surfaced all four prohibition sections.,,2026-08-28T03:20:00+07:00,MD-B11-A002 re-check correlation.
MD-REL-0300,SC-MD-B11-A002-001,E-MD-B11-A002-001,CARRIED_FROM,Closure rests on the executed A002 evidence.,,2026-08-28T03:20:00+07:00,MD-B11-A002 re-check correlation.
MD-REL-0301,E-MD-B11-A002-002,MD-B11-A002-BL001,DEPENDS_ON,The re-executed proof is valid only against the immutable A002 baseline.,,2026-08-28T16:05:00+07:00,MD-B11-A002 environment discharge correlation.
MD-REL-0302,E-MD-B11-A002-002,CI-MD-B11-A002-001,DEPENDS_ON,The discharge stays inside the impact scope the declaration set.,,2026-08-28T16:05:00+07:00,MD-B11-A002 environment discharge correlation.
MD-REL-0303,E-MD-B11-A002-002,E-MD-B11-A002-001,DERIVED_FROM,Additive lineage; the first evidence record is not edited.,,2026-08-28T16:05:00+07:00,MD-B11-A002 environment discharge correlation.
MD-REL-0304,E-MD-B11-A002-002,SC-MD-B11-A002-001,DERIVED_FROM,Discharges the ENVIRONMENT_UNAVAILABLE control that closure recorded.,,2026-08-28T16:05:00+07:00,MD-B11-A002 environment discharge correlation.
MD-REL-0305,MD-B12-A003-BL001,SC-MD-B12-A002-001,CARRIED_FROM,The A003 baseline opens against the immutable A002 closure; no A002 proof is re-derived.,,2026-08-29T09:55:00+07:00,MD-B12-A003 completion correlation.
MD-REL-0306,CI-MD-B12-A003-001,MD-B12-A003-BL001,DEPENDS_ON,The declared scope is measured against the immutable A003 baseline.,,2026-08-29T09:55:00+07:00,MD-B12-A003 completion correlation.
MD-REL-0307,CI-MD-B12-A003-001,SC-MD-B12-A002-001,CARRIED_FROM,The declaration names the immutable A002 closure as its stage precondition.,,2026-08-29T09:55:00+07:00,MD-B12-A003 completion correlation.
MD-REL-0308,E-MD-B12-A003-001,MD-B12-A003-BL001,DEPENDS_ON,The 75/75 binding and the falsifiability proofs are valid only against the immutable A003 baseline.,,2026-08-29T09:55:00+07:00,MD-B12-A003 completion correlation.
MD-REL-0309,E-MD-B12-A003-001,CI-MD-B12-A003-001,DEPENDS_ON,The evidence admits exactly the scope the declaration set.,,2026-08-29T09:55:00+07:00,MD-B12-A003 completion correlation.
MD-REL-0310,E-MD-B12-A003-001,E-MD-B12-A002-001,DERIVED_FROM,Completes the population A002 left partial; the 45 and 15 prior bindings stand unedited.,,2026-08-29T09:55:00+07:00,MD-B12-A003 completion correlation.
MD-REL-0311,E-MD-B12-A003-001,SC-MD-B00-A004-001,DERIVED_FROM,UNEXPLAINED_REFERENCE counted this population; this attempt drives its MD-B12 count to zero.,,2026-08-29T09:55:00+07:00,MD-B12-A003 completion correlation.
MD-REL-0312,SC-MD-B12-A003-001,E-MD-B12-A003-001,CARRIED_FROM,Closure rests on the executed A003 evidence.,,2026-08-29T09:55:00+07:00,MD-B12-A003 completion correlation.
MD-REL-0313,MD-B11-A003-BL001,SC-MD-B11-A002-001,CARRIED_FROM,The A003 baseline opens against the immutable A002 closure; no A002 proof is re-derived.,,2026-08-29T11:45:00+07:00,MD-B11-A003 completion correlation.
MD-REL-0314,CI-MD-B11-A003-001,MD-B11-A003-BL001,DEPENDS_ON,The declared scope is measured against the immutable A003 baseline.,,2026-08-29T11:45:00+07:00,MD-B11-A003 completion correlation.
MD-REL-0315,CI-MD-B11-A003-001,SC-MD-B11-A002-001,CARRIED_FROM,The declaration names the immutable A002 closure as its stage precondition.,,2026-08-29T11:45:00+07:00,MD-B11-A003 completion correlation.
MD-REL-0316,E-MD-B11-A003-001,MD-B11-A003-BL001,DEPENDS_ON,The 202/202 binding and the falsifiability proofs are valid only against the immutable A003 baseline.,,2026-08-29T11:45:00+07:00,MD-B11-A003 completion correlation.
MD-REL-0317,E-MD-B11-A003-001,CI-MD-B11-A003-001,DEPENDS_ON,The evidence admits exactly the scope the declaration set.,,2026-08-29T11:45:00+07:00,MD-B11-A003 completion correlation.
MD-REL-0318,E-MD-B11-A003-001,E-MD-B11-A002-001,DERIVED_FROM,Completes the population A002 left at 167 rows; the 138 and 34 prior bindings stand unedited.,,2026-08-29T11:45:00+07:00,MD-B11-A003 completion correlation.
MD-REL-0319,E-MD-B11-A003-001,SC-MD-B00-A004-001,DERIVED_FROM,UNEXPLAINED_REFERENCE counted this population and MIXED_RUN reported the eight exception rows once the stage was enforced.,,2026-08-29T11:45:00+07:00,MD-B11-A003 completion correlation.
MD-REL-0320,SC-MD-B11-A003-001,E-MD-B11-A003-001,CARRIED_FROM,Closure rests on the executed A003 evidence.,,2026-08-29T11:45:00+07:00,MD-B11-A003 completion correlation.
MD-REL-0321,MD-B14-A001-BL001,SC-MD-B13-A001-001,CARRIED_FROM,B14 opens only after immutable B13 closure and inherits no B13 predicate proof.,,2026-08-29T09:40:00+07:00,MD-B14-A001 stage-entry correlation.
MD-REL-0322,CI-MD-B14-A001-001,MD-B14-A001-BL001,DEPENDS_ON,B14 material implementation and proof scope are measured against the immutable pre-material baseline.,,2026-08-29T09:40:00+07:00,MD-B14-A001 stage-entry correlation.
MD-REL-0323,CI-MD-B14-A001-001,SC-MD-B13-A001-001,CARRIED_FROM,B13 closure is the stage precondition only; no B13 predicate proof is inherited.,,2026-08-29T09:40:00+07:00,MD-B14-A001 stage-entry correlation.
MD-REL-0324,CI-MD-B14-A001-001,F-MD-B01-A008-001,REMEDIATES,The horizon-role obligation was routed to MD-B14 because the dependency manifest is the surface that must carry it.,,2026-08-29T09:40:00+07:00,MD-B14-A001 stage-entry correlation.
MD-REL-0325,E-MD-B14-A001-001,MD-B14-A001-BL001,DEPENDS_ON,Proof scope is measured against the immutable pre-material baseline this attempt opened under.,,2026-08-29T13:55:00+07:00,MD-B14-A001 evidence issue and binding.
MD-REL-0326,E-MD-B14-A001-001,CI-MD-B14-A001-001,DEPENDS_ON,The evidence discharges the impact envelope the change impact declaration set for this attempt.,,2026-08-29T13:55:00+07:00,MD-B14-A001 evidence issue and binding.
MD-REL-0327,E-MD-B14-A001-001,SC-MD-B13-A001-001,CARRIED_FROM,MD-B13 closure is the stage precondition only; no MD-B13 predicate proof is inherited.,,2026-08-29T13:55:00+07:00,MD-B14-A001 evidence issue and binding.
MD-REL-0328,E-MD-B14-A001-001,F-MD-B01-A008-001,REMEDIATES,"The horizon-role manifest the finding required now exists and is mutation-proven, so the six blocked predicates are bound here.",,2026-08-29T13:55:00+07:00,MD-B14-A001 evidence issue and binding.
MD-REL-0329,F-MD-B14-A001-001,E-MD-B14-A001-001,DERIVED_FROM,Opened by this attempt: the registered INDICATOR reason vocabulary has no code for a field nulled by an absent optional source fact.,,2026-08-29T13:55:00+07:00,MD-B14-A001 evidence issue and binding.
MD-REL-0330,SC-MD-B14-A001-001,E-MD-B14-A001-001,DEPENDS_ON,Closure rests on the governed evidence that binds all 147 predicates and links the raw-artifact manifest.,,2026-08-29T14:35:00+07:00,MD-B14-A001 terminal stage closure.
MD-REL-0331,SC-MD-B14-A001-001,CI-MD-B14-A001-001,DEPENDS_ON,Closure discharges the impact envelope the change impact declaration set for this attempt.,,2026-08-29T14:35:00+07:00,MD-B14-A001 terminal stage closure.
MD-REL-0332,SC-MD-B14-A001-001,MD-B14-A001-BL001,DEPENDS_ON,The terminal denominator is the one fixed by the immutable pre-material baseline; it did not move.,,2026-08-29T14:35:00+07:00,MD-B14-A001 terminal stage closure.
MD-REL-0333,SC-MD-B14-A001-001,SC-MD-B13-A001-001,CARRIED_FROM,MD-B13 closure is the stage precondition; no MD-B13 predicate proof is inherited by MD-B14 or by this closure.,,2026-08-29T14:35:00+07:00,MD-B14-A001 terminal stage closure.
MD-REL-0334,MD-B15-A001-BL001,SC-MD-B14-A001-001,CARRIED_FROM,MD-B15 opens only after immutable MD-B14 closure and inherits no MD-B14 predicate proof.,,2026-08-29T23:40:00+07:00,MD-B15-A001 stage entry.
MD-REL-0335,CI-MD-B15-A001-001,MD-B15-A001-BL001,DEPENDS_ON,Material implementation and proof scope are measured against the immutable pre-material baseline.,,2026-08-29T23:40:00+07:00,MD-B15-A001 stage entry.
MD-REL-0336,CI-MD-B15-A001-001,SC-MD-B14-A001-001,CARRIED_FROM,MD-B14 closure is the stage precondition only; no MD-B14 predicate proof is inherited.,,2026-08-29T23:40:00+07:00,MD-B15-A001 stage entry.
MD-REL-0337,E-MD-B15-A001-001,MD-B15-A001-BL001,DEPENDS_ON,Proof scope is measured against the immutable pre-material baseline this attempt opened under.,,2026-08-30T18:20:00+07:00,MD-B15-A001 evidence issue and binding.
MD-REL-0338,E-MD-B15-A001-001,CI-MD-B15-A001-001,DEPENDS_ON,The evidence discharges the impact envelope the change impact declaration set for this attempt.,,2026-08-30T18:20:00+07:00,MD-B15-A001 evidence issue and binding.
MD-REL-0339,E-MD-B15-A001-001,SC-MD-B14-A001-001,CARRIED_FROM,MD-B14 closure is the stage precondition only; no MD-B14 predicate proof is inherited.,,2026-08-30T18:20:00+07:00,MD-B15-A001 evidence issue and binding.
MD-REL-0340,SC-MD-B15-A001-001,E-MD-B15-A001-001,DEPENDS_ON,Closure rests on the governed evidence that binds all 221 predicates and links the raw-artifact manifest.,,2026-08-30T19:05:00+07:00,MD-B15-A001 terminal stage closure.
MD-REL-0341,SC-MD-B15-A001-001,CI-MD-B15-A001-001,DEPENDS_ON,Closure discharges the impact envelope the change impact declaration set for this attempt.,,2026-08-30T19:05:00+07:00,MD-B15-A001 terminal stage closure.
MD-REL-0342,SC-MD-B15-A001-001,MD-B15-A001-BL001,DEPENDS_ON,The terminal denominator is the one fixed by the immutable pre-material baseline; it did not move.,,2026-08-30T19:05:00+07:00,MD-B15-A001 terminal stage closure.
MD-REL-0343,SC-MD-B15-A001-001,SC-MD-B14-A001-001,CARRIED_FROM,MD-B14 closure is the stage precondition; no MD-B14 predicate proof is inherited.,,2026-08-30T19:05:00+07:00,MD-B15-A001 terminal stage closure.
MD-REL-0344,MD-B16-A001-BL001,SC-MD-B15-A001-001,CARRIED_FROM,B16 opens only after immutable B15 closure and inherits no B15 predicate proof.,,2026-08-31T08:10:00+07:00,MD-B16-A001 stage-entry correlation.
MD-REL-0345,CI-MD-B16-A001-001,MD-B16-A001-BL001,DEPENDS_ON,B16 material implementation and proof scope are measured against the immutable pre-material baseline.,,2026-08-31T08:10:00+07:00,MD-B16-A001 stage-entry correlation.
MD-REL-0346,CI-MD-B16-A001-001,SC-MD-B15-A001-001,CARRIED_FROM,B15 closure is the stage precondition only; no B15 predicate proof is inherited.,,2026-08-31T08:10:00+07:00,MD-B16-A001 stage-entry correlation.
MD-REL-0347,E-MD-B16-A001-001,MD-B16-A001-BL001,DEPENDS_ON,Proof scope is measured against the immutable pre-material baseline this attempt opened under.,,2026-08-31T09:00:00+07:00,MD-B16-A001 evidence issue and binding.
MD-REL-0348,E-MD-B16-A001-001,CI-MD-B16-A001-001,DEPENDS_ON,The evidence discharges the impact envelope the change impact declaration set for this attempt.,,2026-08-31T09:00:00+07:00,MD-B16-A001 evidence issue and binding.
MD-REL-0349,E-MD-B16-A001-001,SC-MD-B15-A001-001,CARRIED_FROM,MD-B15 closure is the stage precondition only; no MD-B15 predicate proof is inherited.,,2026-08-31T09:00:00+07:00,MD-B16-A001 evidence issue and binding.
MD-REL-0350,SC-MD-B16-A001-001,E-MD-B16-A001-001,DEPENDS_ON,Closure rests on the governed evidence that binds all 75 predicates and links the raw-artifact manifest.,,2026-08-31T09:40:00+07:00,MD-B16-A001 terminal stage closure.
MD-REL-0351,SC-MD-B16-A001-001,CI-MD-B16-A001-001,DEPENDS_ON,Closure discharges the impact envelope the change impact declaration set for this attempt.,,2026-08-31T09:40:00+07:00,MD-B16-A001 terminal stage closure.
MD-REL-0352,SC-MD-B16-A001-001,MD-B16-A001-BL001,DEPENDS_ON,The terminal denominator is the one fixed by the immutable pre-material baseline; it did not move.,,2026-08-31T09:40:00+07:00,MD-B16-A001 terminal stage closure.
MD-REL-0353,SC-MD-B16-A001-001,SC-MD-B15-A001-001,CARRIED_FROM,MD-B15 closure is the stage precondition; no MD-B15 predicate proof is inherited.,,2026-08-31T09:40:00+07:00,MD-B16-A001 terminal stage closure.
MD-REL-0354,MD-B17-A001-BL001,SC-MD-B16-A001-001,CARRIED_FROM,B17 opens only after immutable B16 closure and inherits no B16 predicate proof.,,2026-08-31T10:30:00+07:00,MD-B17-A001 stage entry.
MD-REL-0355,F-MD-B17-A001-001,MD-B17-A001-BL001,DERIVED_FROM,Opened by this attempt: the anomaly threshold clause needs a strategy-owned config registry change.,,2026-08-31T10:30:00+07:00,MD-B17-A001 stage entry.
MD-REL-0356,CI-MD-B17-A001-001,MD-B17-A001-BL001,DEPENDS_ON,B17 material implementation and proof scope are measured against the immutable pre-material baseline.,,2026-08-31T11:00:00+07:00,MD-B17-A001 change impact.
MD-REL-0357,CI-MD-B17-A001-001,SC-MD-B16-A001-001,CARRIED_FROM,B16 closure is the stage precondition only; no B16 predicate proof is inherited.,,2026-08-31T11:00:00+07:00,MD-B17-A001 change impact.
MD-REL-0358,CI-MD-B17-A001-001,F-MD-B17-A001-001,REMEDIATES,The declaration carries the finding that blocks closure and states what it leaves unprovable.,,2026-08-31T11:00:00+07:00,MD-B17-A001 change impact.
MD-REL-0359,E-MD-B17-A001-001,MD-B17-A001-BL001,DEPENDS_ON,Every predicate bound by this evidence was proven against the state the baseline locked.,,2026-08-31T11:30:00+07:00,MD-B17-A001 evidence issue.
MD-REL-0360,E-MD-B17-A001-001,CI-MD-B17-A001-001,DERIVED_FROM,"The evidence discharges the impact envelope the declaration set, and no more than it.",,2026-08-31T11:30:00+07:00,MD-B17-A001 evidence issue.
MD-REL-0361,E-MD-B17-A001-001,F-MD-B17-A001-001,DEPENDS_ON,A001 leaves MD-S051-R0070 NOT_ASSESSED and confirms this finding is the sole block on it and therefore on stage closure.,,2026-08-31T11:30:00+07:00,MD-B17-A001 evidence issue.
MD-REL-0362,E-MD-B17-A001-001,SC-MD-B16-A001-001,CARRIED_FROM,B16 closure is a stage precondition only; no B16 predicate proof is inherited.,,2026-08-31T11:30:00+07:00,MD-B17-A001 evidence issue.
MD-REL-0363,D-MD-B17-A001-001,F-MD-B17-A001-001,DEPENDS_ON,The reviewed decision answers the authority incompleteness measured by the current B17 finding but cannot remediate it until explicit user authorization permits the strategy correction.,D-MD-B17-A001-001,2026-09-01T23:24:17+07:00,Finding remains OPEN and blocks closure.
MD-REL-0364,D-MD-B17-A001-001,E-MD-B17-A001-001,DEPENDS_ON,The decision uses immutable A001 evidence as the measured 245/246 proof boundary and does not rewrite or upgrade that evidence.,D-MD-B17-A001-001,2026-09-01T23:24:17+07:00,A001 remains PARTIAL under the predecessor freeze.
MD-REL-0365,E-MD-B17-A001-002,MD-B17-A001-BL001,DEPENDS_ON,A001 strategy-change evidence preserves the immutable predecessor-freeze baseline against which the authority gap was found.,D-MD-B17-A001-001,2026-09-03T21:03:12+07:00,No A001 baseline mutation.
MD-REL-0366,E-MD-B17-A001-002,E-MD-B17-A001-001,CARRIED_FROM,The authorization and refreeze disposition carries the immutable 245/246 proof boundary without inheriting or rewriting its predicate verdict.,D-MD-B17-A001-001,2026-09-03T21:03:12+07:00,A001 runtime evidence remains immutable and partial.
MD-REL-0367,E-MD-B17-A001-002,D-MD-B17-A001-001,DEPENDS_ON,The strategy correction is bounded by the reviewed decision and the explicit user authorization recorded here.,D-MD-B17-A001-001,2026-09-03T21:03:12+07:00,Only the six MD-S082 keys are authorised.
MD-REL-0368,E-MD-B17-A001-002,F-MD-B17-A001-001,REMEDIATES,The additive MD-S082 rows and successor freeze resolve the authority-completeness finding; runtime binding remains successor work.,D-MD-B17-A001-001,2026-09-03T21:03:12+07:00,Finding resolved; B17 stage remains open.
MD-REL-0369,MD-B17-A002-BL001,MD-B17-A001-BL001,CARRIED_FROM,A002 re-enters B17 after the separately governed strategy refreeze; A001 baseline and evidence remain immutable and no A001 verdict is inherited.,D-MD-B17-A001-001,2026-09-03T21:05:30+07:00,Successor-attempt lineage.
MD-REL-0370,MD-B17-A002-BL001,E-MD-B17-A001-002,DEPENDS_ON,The successor baseline is valid only after authorization correction freeze and A001 non-PASS disposition.,D-MD-B17-A001-001,2026-09-03T21:05:30+07:00,Binds the authorised successor freeze.
MD-REL-0371,MD-B17-A002-BL001,D-MD-B17-A001-001,DEPENDS_ON,The successor attempt is bounded by the reviewed six-key strategy decision.,D-MD-B17-A001-001,2026-09-03T21:05:30+07:00,No broader strategy change authorised.
MD-REL-0372,MD-B17-A002-BL001,F-MD-B17-A001-001,DEPENDS_ON,The resolved A001 authority finding is the reason successor rebaseline and runtime remediation are required.,D-MD-B17-A001-001,2026-09-03T21:05:30+07:00,Finding remains historical cause rather than current blocker.
MD-REL-0373,MD-B17-A002-BL001,SC-MD-B16-A001-001,CARRIED_FROM,B16 remains the closed predecessor stage; its predicate proof is not inherited into B17.,D-MD-B17-A001-001,2026-09-03T21:05:30+07:00,Cross-stage precondition.
MD-REL-0374,CI-MD-B17-A002-001,MD-B17-A002-BL001,DEPENDS_ON,A002 material implementation and proof scope are measured against the immutable successor pre-change baseline.,D-MD-B17-A001-001,2026-09-03T21:07:00+07:00,Early change impact declaration.
MD-REL-0375,CI-MD-B17-A002-001,E-MD-B17-A001-002,CARRIED_FROM,The declaration carries the authorised correction and non-PASS disposition without inheriting A001 runtime proof.,D-MD-B17-A001-001,2026-09-03T21:07:00+07:00,Fresh 246-predicate proof required.
MD-REL-0376,CI-MD-B17-A002-001,D-MD-B17-A001-001,DEPENDS_ON,A002 config and runtime scope is bounded by the reviewed six-key decision.,D-MD-B17-A001-001,2026-09-03T21:07:00+07:00,No broader strategy change.
MD-REL-0377,CI-MD-B17-A002-001,F-MD-B17-A001-001,CARRIED_FROM,The resolved authority finding is retained as the cause of the successor executable remediation.,D-MD-B17-A001-001,2026-09-03T21:07:00+07:00,Finding lifecycle is not rewritten into runtime proof.
MD-REL-0378,CI-MD-B17-A002-001,SC-MD-B16-A001-001,CARRIED_FROM,B16 closure remains the stage precondition only; no predecessor predicate proof is inherited.,D-MD-B17-A001-001,2026-09-03T21:07:00+07:00,Cross-stage precondition.
MD-REL-0379,E-MD-B17-A002-001,MD-B17-A002-BL001,DEPENDS_ON,Every current guard and implementation result admitted by this evidence was executed against the successor baseline scope.,D-MD-B17-A001-001,2026-09-03T21:47:00+07:00,Fresh A002 proof only.
MD-REL-0380,E-MD-B17-A002-001,CI-MD-B17-A002-001,DERIVED_FROM,The evidence executes the config snapshot runtime proof and affected-proof envelope declared before mutation.,D-MD-B17-A001-001,2026-09-03T21:47:00+07:00,No undeclared schema or backfill change.
MD-REL-0381,E-MD-B17-A002-001,E-MD-B17-A001-002,CARRIED_FROM,The successor evidence uses the authorised correction and A001 non-PASS disposition without inheriting A001 predicate proof.,D-MD-B17-A001-001,2026-09-03T21:47:00+07:00,A001 raw artifacts are not current proof.
MD-REL-0382,E-MD-B17-A002-001,D-MD-B17-A001-001,DEPENDS_ON,The executable six-key implementation is bounded exactly by the reviewed and authorised strategy decision.,D-MD-B17-A001-001,2026-09-03T21:47:00+07:00,No broader strategy mutation.
MD-REL-0383,E-MD-B17-A002-001,F-MD-B17-A001-001,REMEDIATES,Fresh runtime proof completes the successor implementation portion caused by the resolved authority finding.,D-MD-B17-A001-001,2026-09-03T21:47:00+07:00,Historical finding lifecycle remains RESOLVED.
MD-REL-0384,E-MD-B17-A002-001,SC-MD-B16-A001-001,CARRIED_FROM,B16 closure remains only the B17 stage precondition and supplies no inherited B17 predicate verdict.,D-MD-B17-A001-001,2026-09-03T21:47:00+07:00,Cross-stage precondition.
MD-REL-0385,E-MD-B17-A002-002,E-MD-B17-A002-001,DERIVED_FROM,Post-binding proof is valid only because fresh pre-binding runtime evidence made all 246 predicates bindable.,D-MD-B17-A001-001,2026-09-03T22:35:00+07:00,A002 evidence chain.
MD-REL-0386,E-MD-B17-A002-002,MD-B17-A002-BL001,DEPENDS_ON,Terminal binding and closure proof remain within the successor baseline scope.,D-MD-B17-A001-001,2026-09-03T22:35:00+07:00,No baseline mutation.
MD-REL-0387,E-MD-B17-A002-002,CI-MD-B17-A002-001,DERIVED_FROM,Post-binding proof completes the declared A002 impact envelope.,D-MD-B17-A001-001,2026-09-03T22:35:00+07:00,No undeclared migration or backfill.
MD-REL-0388,E-MD-B17-A002-002,D-MD-B17-A001-001,DEPENDS_ON,Closure proof remains bounded by the authorised six-key decision.,D-MD-B17-A001-001,2026-09-03T22:35:00+07:00,No broader strategy change.
MD-REL-0389,E-MD-B17-A002-002,SC-MD-B16-A001-001,CARRIED_FROM,B16 closure is retained only as the stage precondition.,D-MD-B17-A001-001,2026-09-03T22:35:00+07:00,No B16 proof inheritance.
MD-REL-0390,SC-MD-B17-A002-001,MD-B17-A002-BL001,DEPENDS_ON,The terminal denominator and scope are measured against the immutable A002 baseline.,D-MD-B17-A001-001,2026-09-03T22:37:00+07:00,Terminal B17 closure.
MD-REL-0391,SC-MD-B17-A002-001,E-MD-B17-A002-001,DEPENDS_ON,Closure rests on the fresh runtime evidence that made all 246 predicates bindable and links the pre-binding manifest.,D-MD-B17-A001-001,2026-09-03T22:37:00+07:00,Terminal B17 closure.
MD-REL-0392,SC-MD-B17-A002-001,E-MD-B17-A002-002,DEPENDS_ON,Closure rests on exact binding post-binding regression and closure-condition proof.,D-MD-B17-A001-001,2026-09-03T22:37:00+07:00,Terminal B17 closure.
MD-REL-0393,SC-MD-B17-A002-001,CI-MD-B17-A002-001,DERIVED_FROM,Closure completes the declared config snapshot impact without schema or backfill work.,D-MD-B17-A001-001,2026-09-03T22:37:00+07:00,Change Impact complete.
MD-REL-0394,SC-MD-B17-A002-001,D-MD-B17-A001-001,DEPENDS_ON,The closure's executable scope is exactly the authorised six-key decision.,D-MD-B17-A001-001,2026-09-03T22:37:00+07:00,Controlled correction boundary.
MD-REL-0395,SC-MD-B17-A002-001,SC-MD-B16-A001-001,CARRIED_FROM,B16 closure is the predecessor-stage precondition; no predicate proof crosses the stage boundary.,D-MD-B17-A001-001,2026-09-03T22:37:00+07:00,Successor stage remains unopened.
MD-REL-0396,MD-B18-A001-BL001,SC-MD-B17-A002-001,CARRIED_FROM,B17 terminal closure is the B18 stage-entry precondition only; no B17 predicate verdict or raw artifact is inherited into B18.,,2026-09-04T07:46:23+07:00,Cross-stage precondition for MD-B18-A001.
MD-REL-0397,CI-MD-B18-A001-001,MD-B18-A001-BL001,DEPENDS_ON,B18 material implementation and proof scope are measured against the immutable pre-material B18 baseline.,,2026-09-04T07:47:00+07:00,Current MD-B18-A001 change impact.
MD-REL-0398,CI-MD-B18-A001-001,SC-MD-B17-A002-001,CARRIED_FROM,B17 closure is retained as the stage precondition only; the B18 declaration requires fresh replay proof and inherits no B17 satisfaction.,,2026-09-04T07:47:00+07:00,Current MD-B18-A001 change impact.
MD-REL-0399,F-MD-B18-A001-001,MD-B18-A001-BL001,DERIVED_FROM,Opened by this attempt while building the proof surface the baseline scopes; measured on the current map rather than inferred.,,2026-09-07T09:10:00+07:00,MD-B18-A001 proof-surface finding.
MD-REL-0400,F-MD-B18-A001-001,CI-MD-B18-A001-001,DEPENDS_ON,The declaration requires a complete semantic proof map; this finding records that the map was not semantic and blocks binding until it is.,,2026-09-07T09:10:00+07:00,MD-B18-A001 proof-surface finding.
MD-REL-0401,E-MD-B18-A001-001,MD-B18-A001-BL001,DEPENDS_ON,Every predicate bound by this evidence was proven against the state the baseline locked.,,2026-09-07T09:40:00+07:00,MD-B18-A001 evidence issue.
MD-REL-0402,E-MD-B18-A001-001,CI-MD-B18-A001-001,DERIVED_FROM,The evidence discharges the impact envelope the declaration set and no more than it.,,2026-09-07T09:40:00+07:00,MD-B18-A001 evidence issue.
MD-REL-0403,E-MD-B18-A001-001,F-MD-B18-A001-001,REMEDIATES,The rebuilt proof map and behavioural guards this evidence rests on are the remediation the finding required.,,2026-09-07T09:40:00+07:00,MD-B18-A001 evidence issue.
MD-REL-0404,E-MD-B18-A001-001,SC-MD-B17-A002-001,CARRIED_FROM,B17 closure is a stage precondition only; no B17 predicate proof is inherited.,,2026-09-07T09:40:00+07:00,MD-B18-A001 evidence issue.
MD-REL-0405,SC-MD-B18-A001-001,E-MD-B18-A001-001,DEPENDS_ON,"Closure rests on the single governed evidence record that binds all 121 predicates; if that evidence fails, this closure is no longer sufficient.",,2026-09-09T10:00:00+07:00,MD-B18-A001 stage closure.
MD-REL-0406,SC-MD-B18-A001-001,CI-MD-B18-A001-001,DERIVED_FROM,"Closure discharges the impact envelope the declaration set, including the post-binding controls it required before closure could be evaluated.",,2026-09-09T10:00:00+07:00,MD-B18-A001 stage closure.
MD-REL-0407,SC-MD-B18-A001-001,F-MD-B18-A001-001,REMEDIATES,The proof surface the finding rejected was rebuilt before any binding; the finding is discharged by this closure.,,2026-09-09T10:00:00+07:00,MD-B18-A001 stage closure.
MD-REL-0408,SC-MD-B18-A001-001,SC-MD-B17-A002-001,CARRIED_FROM,B17 closure is the stage precondition only; no B17 predicate proof is inherited.,,2026-09-09T10:00:00+07:00,MD-B18-A001 stage closure.
MD-REL-0409,MD-B19-A001-BL001,SC-MD-B18-A001-001,CARRIED_FROM,B19 opens only after immutable B18 closure and inherits no B18 predicate proof.,,2026-09-09T11:15:00+07:00,MD-B19-A001 stage entry.
MD-REL-0410,CI-MD-B19-A001-001,MD-B19-A001-BL001,DEPENDS_ON,B19 impact and proof scope are measured against the immutable pre-material baseline.,,2026-09-09T11:15:00+07:00,MD-B19-A001 stage entry.
MD-REL-0411,CI-MD-B19-A001-001,SC-MD-B18-A001-001,CARRIED_FROM,B18 closure is the stage precondition only; no B18 predicate proof is inherited.,,2026-09-09T11:15:00+07:00,MD-B19-A001 stage entry.
MD-REL-0412,F-MD-B19-A001-001,MD-B19-A001-BL001,DERIVED_FROM,Measured by exporting a run through the real service and comparing the artifact against the field list parsed from its own contract.,,2026-09-09T14:00:00+07:00,MD-B19-A001 artifact contract finding.
MD-REL-0413,F-MD-B19-A001-001,CI-MD-B19-A001-001,DEPENDS_ON,The declaration scopes artifact generation to this stage; the finding records the part of that scope not yet satisfied.,,2026-09-09T14:00:00+07:00,MD-B19-A001 artifact contract finding.
MD-REL-0414,F-MD-B19-A001-002,F-MD-B18-A001-001,DEPENDS_ON,The earlier finding rebuilt the MD-B18 family map so each predicate reaches a reviewed family; this one measures that family membership was then treated as proof for every member. The remedy for the first is the precondition that made the second visible.,,2026-09-09T06:48:20+02:00,Raised by MD-B19-A001; owner stage MD-B18; remediation needs MD-B18-A002.
MD-REL-0415,MD-B18-A002-BL001,F-MD-B19-A001-002,DEPENDS_ON,"The baseline locks the entry state this finding measured: 121 denominator rows, 36 with a normalized predicate, 11 distinct positive guards at 11.0 predicates per guard.",,2026-09-09T07:01:55+02:00,MD-B18-A002 re-entry baseline.
MD-REL-0416,CI-MD-B18-A002-001,F-MD-B19-A001-002,DEPENDS_ON,"The declaration exists to direct the remediation this finding requires, and accepts that an honest re-close may land below 121/121.",,2026-09-09T07:01:55+02:00,MD-B18-A002 change impact.
MD-REL-0417,F-MD-B18-A002-001,MD-B18-A002-BL001,DERIVED_FROM,Opened by this attempt against the proof surface the baseline scopes; measured on the guard as it stood rather than inferred.,,2026-09-10T00:10:00+07:00,MD-B18-A002 finding registration.
MD-REL-0418,F-MD-B18-A002-001,CI-MD-B18-A002-001,DEPENDS_ON,The declaration requires each predicate to carry proof of the property rather than of its own fixture; this finding records a guard that did the latter.,,2026-09-10T00:10:00+07:00,MD-B18-A002 finding registration.
MD-REL-0419,F-MD-B18-A002-002,MD-B18-A002-BL001,DERIVED_FROM,Opened by this attempt while binding MD-S050-R0040 within the baseline denominator; the two gaps were measured on the schema and the resolvers as they stood.,,2026-09-10T14:20:00+07:00,MD-B18-A002 finding registration.
MD-REL-0420,F-MD-B18-A002-002,CI-MD-B18-A002-001,DEPENDS_ON,"The declaration accepts that an honest re-close may land below 121/121; this finding named one row it would have cost, and was then closed by implementation rather than carried.",,2026-09-10T14:20:00+07:00,MD-B18-A002 finding registration.
MD-REL-0421,F-MD-B18-A002-003,MD-B18-A002-BL001,DERIVED_FROM,Opened by this attempt when the MariaDB substrate added for MD-S003-R0025 refused fixtures the mirror had accepted; the divergence is recorded rather than absorbed into the fixtures.,,2026-09-10T17:40:00+07:00,MD-B18-A002 finding registration.
MD-REL-0422,F-MD-B18-A002-003,CI-MD-B18-A002-001,DEPENDS_ON,The declaration scopes the proof surface this finding measures as weaker than production for referential integrity.,,2026-09-10T17:40:00+07:00,MD-B18-A002 finding registration.
MD-REL-0423,F-MD-B18-A002-004,MD-B18-A002-BL001,DERIVED_FROM,"The runtime/locale/concurrency predicate was evaluated against the baseline toolchain; locale and order were executable, while the declared second runtime was absent.",,2026-09-10T20:10:00+07:00,MD-B18-A002 runtime-determinism finding registration.
MD-REL-0424,F-MD-B18-A002-004,CI-MD-B18-A002-001,DEPENDS_ON,The declaration requires per-predicate proof and accepts an honest unbound result; this finding records the executed dimensions and the missing runtime dimension.,,2026-09-10T20:10:00+07:00,MD-B18-A002 runtime-determinism finding registration.
MD-REL-0425,F-MD-B18-A002-005,MD-B18-A002-BL001,DERIVED_FROM,"The closure gate claimed A002 while admitting the withdrawn A001 evidence and artifact identity, contradicting the current attempt and baseline the gate reports.",,2026-09-13T10:25:23+07:00,MD-B18-A002 closure-admission finding registration.
MD-REL-0426,F-MD-B18-A002-005,CI-MD-B18-A002-001,DEPENDS_ON,The declaration scopes the closure proof surface and forbids inherited A001 proof; this finding records that the gate still admitted it.,,2026-09-13T10:25:23+07:00,MD-B18-A002 closure-admission finding registration.
MD-REL-0427,F-MD-B18-A002-006,MD-B18-A002-BL001,DERIVED_FROM,Parent review uses current A002 scope.,D-MD-B18-A002-001,2026-09-13T11:00:00+07:00,B21/B22 must add future baseline relationships at their own recorded entry.
MD-REL-0428,F-MD-B18-A002-006,CI-MD-B18-A002-001,DEPENDS_ON,Early CI requires complete parent context.,D-MD-B18-A002-001,2026-09-13T11:00:00+07:00,B21/B22 must add future baseline relationships at their own recorded entry.
MD-REL-0429,E-MD-B18-A002-002,MD-B18-A002-BL001,DERIVED_FROM,Document audit carries no inherited runtime proof.,D-MD-B18-A002-001,2026-09-13T11:00:00+07:00,B21/B22 must add future baseline relationships at their own recorded entry.
MD-REL-0430,E-MD-B18-A002-002,F-MD-B18-A002-006,DEPENDS_ON,Records the four children and two omitted siblings.,D-MD-B18-A002-001,2026-09-13T11:00:00+07:00,B21/B22 must add future baseline relationships at their own recorded entry.
MD-REL-0431,D-MD-B18-A002-001,E-MD-B18-A002-002,DEPENDS_ON,Binds approval to complete parent scope.,D-MD-B18-A002-001,2026-09-13T11:00:00+07:00,B21/B22 must add future baseline relationships at their own recorded entry.
MD-REL-0432,D-MD-B18-A002-001,F-MD-B18-A002-003,DEPENDS_ON,Approved B21 deferral through MD-DEP-0010 retains MariaDB proof obligations.,D-MD-B18-A002-001,2026-09-13T11:00:00+07:00,B21/B22 must add future baseline relationships at their own recorded entry.
MD-REL-0433,D-MD-B18-A002-001,F-MD-B18-A002-004,DEPENDS_ON,Approved B22 release proof ownership through MD-DEP-0011 retains B18 support.,D-MD-B18-A002-001,2026-09-13T11:00:00+07:00,B21/B22 must add future baseline relationships at their own recorded entry.
MD-REL-0434,D-MD-B18-A002-001,F-MD-B18-A002-006,DEPENDS_ON,Omitted sibling decision remains pending through MD-DEP-0012.,D-MD-B18-A002-001,2026-09-13T11:00:00+07:00,B21/B22 must add future baseline relationships at their own recorded entry.
MD-REL-0435,D-MD-B18-A002-001,CI-MD-B18-A002-001,DEPENDS_ON,Approved implementation scope follows the existing early declaration.,D-MD-B18-A002-001,2026-09-13T11:00:00+07:00,B21/B22 must add future baseline relationships at their own recorded entry.
MD-REL-0436,F-MD-B18-A002-007,MD-B18-A002-BL001,DERIVED_FROM,Observed outage blocks current A002 runtime verification.,,2026-09-13T14:49:00+07:00,No stage transition or database-recovery authorization.
MD-REL-0437,F-MD-B18-A002-007,CI-MD-B18-A002-001,DEPENDS_ON,Existing declaration requires current executed proof without environment substitution.,,2026-09-13T14:49:00+07:00,No stage transition or database-recovery authorization.
MD-REL-0438,E-MD-B18-A002-003,F-MD-B18-A002-007,DEPENDS_ON,Retains actual full-suite refusal and exact MariaDB error excerpt.,,2026-09-13T14:49:00+07:00,No stage transition or database-recovery authorization.
MD-REL-0439,E-MD-B18-A002-003,F-MD-B18-A002-006,DEPENDS_ON,Records stopped-state gates and marker correction without final applicability.,,2026-09-13T14:49:00+07:00,No stage transition or database-recovery authorization.
MD-REL-0440,E-MD-B18-A002-003,D-MD-B18-A002-001,DERIVED_FROM,Validation follows only approved ownership and deferral scope.,,2026-09-13T14:49:00+07:00,No stage transition or database-recovery authorization.
MD-REL-0441,E-MD-B18-A002-004,E-MD-B18-A002-003,SUPERSEDES,Supersedes current runtime and navigation validation only; retains failed predecessor run and supplies exact-time log excerpt.,,2026-09-13T14:58:00+07:00,No evidence byte rewrite or stage acceptance.
MD-REL-0442,E-MD-B18-A002-004,F-MD-B18-A002-007,DEPENDS_ON,Both database identities and migration status plus full-suite execution remove the runtime availability blocker.,,2026-09-13T14:58:00+07:00,No data-page health or recovery-cause claim.
MD-REL-0443,E-MD-B18-A002-004,F-MD-B18-A002-006,DEPENDS_ON,Four applicability siblings remain pending and no closure or B19 handover is authorized.,,2026-09-13T14:58:00+07:00,Same exact resume point.
MD-REL-0444,D-MD-B18-A002-002,D-MD-B18-A002-001,SUPERSEDES,Successor resolves only the omitted sibling authorization; other D001 decisions remain in force.,D-MD-B18-A002-002,2026-09-13T22:46:00+07:00,Explicit user approval.
MD-REL-0445,D-MD-B18-A002-002,F-MD-B18-A002-006,DERIVED_FROM,Whole-parent scope finding supplies the four-child decision population.,D-MD-B18-A002-002,2026-09-13T22:46:00+07:00,No strategy change.
MD-REL-0446,D-MD-B18-A002-002,E-MD-B18-A002-002,DERIVED_FROM,Document-only audit establishes scope but not the false runtime condition.,D-MD-B18-A002-002,2026-09-13T22:46:00+07:00,Fresh capability proof still required.
MD-REL-0447,E-MD-B18-A002-005,D-MD-B18-A002-002,DERIVED_FROM,Executes approved complete-parent scope with fresh integrated capability proof.,D-MD-B18-A002-002,2026-09-13T22:51:00+07:00,N/A only.
MD-REL-0448,E-MD-B18-A002-005,F-MD-B18-A002-006,DERIVED_FROM,False-condition proof addresses the four-child scope finding.,D-MD-B18-A002-002,2026-09-13T22:51:00+07:00,Counted normalization still required.
MD-REL-0449,E-MD-B18-A002-005,E-MD-B18-A002-002,DERIVED_FROM,Prior document-only audit supplies the frozen parent population; runtime proof is newly executed.,D-MD-B18-A002-002,2026-09-13T22:51:00+07:00,No inherited runtime PASS.
MD-REL-0450,E-MD-B18-A002-006,F-MD-B18-A002-006,DERIVED_FROM,Counted normalization and caught N/A binding probe complete the four-child remediation.,D-MD-B18-A002-002,2026-09-13T23:00:16+07:00,Finding resolved.
MD-REL-0451,E-MD-B18-A002-006,F-MD-B18-A002-008,DERIVED_FROM,Executed one-fixture defect demonstrates the mapped pair cannot establish the complete relock predicate.,,2026-09-13T23:00:16+07:00,New owner decision not made.
MD-REL-0452,E-MD-B18-A002-006,E-MD-B18-A002-005,DERIVED_FROM,Current false-condition proof precedes the exact four-row matrix normalization.,D-MD-B18-A002-002,2026-09-13T23:00:16+07:00,N/A proof only.
MD-REL-0453,E-MD-B18-A002-006,D-MD-B18-A002-002,DERIVED_FROM,Records execution of complete-parent approval without extending it to R0056.,D-MD-B18-A002-002,2026-09-13T23:00:16+07:00,R0056 remains B18 mandatory.
MD-REL-0454,F-MD-B18-A002-009,MD-B18-A002-BL001,DERIVED_FROM,Guard defect observed against the current A002 matrix state.,,2026-09-14T08:14:55+07:00,Late registration: physical record found unregistered by the documentation gate on 2026-09-14.
MD-REL-0455,F-MD-B18-A002-009,CI-MD-B18-A002-001,DEPENDS_ON,The declaration was amended before the guard mutation and scopes the classification repair.,,2026-09-14T08:14:55+07:00,Late registration: physical record found unregistered by the documentation gate on 2026-09-14.
MD-REL-0456,F-MD-B18-A002-009,E-MD-B18-A002-005,DEPENDS_ON,The gate rejected the four evidenced N/A rows bound to this false-condition evidence.,D-MD-B18-A002-002,2026-09-14T08:14:55+07:00,Late registration: physical record found unregistered by the documentation gate on 2026-09-14.
MD-REL-0457,F-MD-B18-A002-010,MD-B18-A002-BL001,DERIVED_FROM,Database crash observed during current A002 stopped-state validation.,,2026-09-14T08:29:32+07:00,"No process, recovery or file action performed."
MD-REL-0458,F-MD-B18-A002-010,CI-MD-B18-A002-001,DEPENDS_ON,The declaration requires current executed proof without environment substitution.,,2026-09-14T08:29:32+07:00,"No process, recovery or file action performed."
MD-REL-0459,F-MD-B18-A002-010,F-MD-B18-A002-007,RELATED,Same future-LSN signature recurs and now ends in a crash; F007 stays RESOLVED for availability only.,,2026-09-14T08:29:32+07:00,Recurrence recorded as a new finding; the resolved record is not reopened.
MD-REL-0460,E-MD-B18-A002-007,F-MD-B18-A002-010,DEPENDS_ON,"Retains the crash log lines, application events and full-suite errors.",,2026-09-14T08:29:32+07:00,BLOCKED evidence.
MD-REL-0461,E-MD-B18-A002-007,F-MD-B18-A002-009,DEPENDS_ON,Records the unregistered-record residue and its append-only registration with gate controls before and after.,,2026-09-14T08:29:32+07:00,F009 lifecycle unchanged.
MD-REL-0462,E-MD-B18-A002-007,F-MD-B18-A002-008,DEPENDS_ON,Revalidates the stopped state at the R0056 owner decision and records decision inputs without deciding.,,2026-09-14T08:29:32+07:00,No ownership change.
MD-REL-0463,E-MD-B18-A002-007,E-MD-B18-A002-006,DERIVED_FROM,Rehashes E006 raw artifacts and continues from its stopped state.,,2026-09-14T08:29:32+07:00,E006 unchanged.
MD-REL-0464,D-MD-B18-A002-003,F-MD-B18-A002-008,DERIVED_FROM,Decides the owner and relock scope the finding left open.,D-MD-B18-A002-003,2026-09-14T10:23:41+07:00,User decision recorded before execution.
MD-REL-0465,D-MD-B18-A002-003,F-MD-B18-A002-010,DERIVED_FROM,Sets the clean-instance path for the crash the finding records.,D-MD-B18-A002-003,2026-09-14T10:23:41+07:00,User decision recorded before execution.
MD-REL-0466,D-MD-B18-A002-003,E-MD-B18-A002-006,DEPENDS_ON,Relies on the executed R0056 counterexample.,D-MD-B18-A002-003,2026-09-14T10:23:41+07:00,User decision recorded before execution.
MD-REL-0467,D-MD-B18-A002-003,E-MD-B18-A002-007,DEPENDS_ON,Relies on the stopped-state revalidation and matrix precedent inputs.,D-MD-B18-A002-003,2026-09-14T10:23:41+07:00,User decision recorded before execution.
MD-REL-0468,D-MD-B18-A002-003,CI-MD-B18-A002-001,DEPENDS_ON,The declaration was amended before this decision was executed.,D-MD-B18-A002-003,2026-09-14T10:23:41+07:00,User decision recorded before execution.
MD-REL-0469,E-MD-B18-A002-008,E-MD-B18-A002-005,SUPERSEDES,Re-executes the same false-condition proof after one tested source changed; E005 stays immutable.,D-MD-B18-A002-002,2026-09-14T10:37:17+07:00,Execution-identity successor; no applicability change.
MD-REL-0470,E-MD-B18-A002-008,D-MD-B18-A002-002,DERIVED_FROM,The complete-parent decision remains the authority for the four N/A children.,D-MD-B18-A002-002,2026-09-14T10:37:17+07:00,Execution-identity successor; no applicability change.
MD-REL-0471,E-MD-B18-A002-008,D-MD-B18-A002-003,DEPENDS_ON,The R0056 guard D003 authorized is the tested-source change that made E005 stale.,D-MD-B18-A002-003,2026-09-14T10:37:17+07:00,Execution-identity successor; no applicability change.
MD-REL-0472,E-MD-B18-A002-008,F-MD-B18-A002-006,DEPENDS_ON,Keeps the whole-parent remediation current.,D-MD-B18-A002-002,2026-09-14T10:37:17+07:00,Execution-identity successor; no applicability change.
MD-REL-0473,E-MD-B18-A002-008,CI-MD-B18-A002-001,DEPENDS_ON,The declaration was amended before this re-execution.,,2026-09-14T10:37:17+07:00,Execution-identity successor; no applicability change.
MD-REL-0474,F-MD-B18-A002-011,MD-B18-A002-BL001,DERIVED_FROM,Observed during current A002 validation on the clean instance.,,2026-09-14T10:49:21+07:00,Recorded 2026-09-14 on the clean instance.
MD-REL-0475,F-MD-B18-A002-011,CI-MD-B18-A002-001,DEPENDS_ON,The declaration requires a green full suite before and after binding.,,2026-09-14T10:49:21+07:00,Recorded 2026-09-14 on the clean instance.
MD-REL-0476,F-MD-B18-A002-011,F-MD-B18-A002-010,RELATED,The clean-instance path chosen for F010 exposes guards coupled to the old deployed database.,D-MD-B18-A002-003,2026-09-14T10:49:21+07:00,Recorded 2026-09-14 on the clean instance.
MD-REL-0477,F-MD-B18-A002-011,D-MD-B18-A002-003,DEPENDS_ON,D003 makes a green full suite a MD-DEP-0015 resolution criterion.,D-MD-B18-A002-003,2026-09-14T10:49:21+07:00,Recorded 2026-09-14 on the clean instance.
MD-REL-0478,E-MD-B18-A002-009,F-MD-B18-A002-008,DEPENDS_ON,Executed-corpus aggregate and six probes resolve the substrate-only proof.,D-MD-B18-A002-003,2026-09-14T10:49:21+07:00,Recorded 2026-09-14 on the clean instance.
MD-REL-0479,E-MD-B18-A002-009,F-MD-B18-A002-009,DEPENDS_ON,Re-probes the classification repair on current code.,,2026-09-14T10:49:21+07:00,Recorded 2026-09-14 on the clean instance.
MD-REL-0480,E-MD-B18-A002-009,F-MD-B18-A002-010,DEPENDS_ON,"Records clean-instance availability, integrity and runtime proof separately.",D-MD-B18-A002-003,2026-09-14T10:49:21+07:00,Recorded 2026-09-14 on the clean instance.
MD-REL-0481,E-MD-B18-A002-009,F-MD-B18-A002-011,DEPENDS_ON,Retains the eight full-suite failures and their environment cause.,,2026-09-14T10:49:21+07:00,Recorded 2026-09-14 on the clean instance.
MD-REL-0482,E-MD-B18-A002-009,D-MD-B18-A002-003,DERIVED_FROM,Executes the reviewed guard design and the clean-instance path.,D-MD-B18-A002-003,2026-09-14T10:49:21+07:00,Recorded 2026-09-14 on the clean instance.
MD-REL-0483,E-MD-B18-A002-009,E-MD-B18-A002-008,DERIVED_FROM,Continues from the false-condition re-execution.,,2026-09-14T10:49:21+07:00,Recorded 2026-09-14 on the clean instance.
MD-REL-0484,E-MD-B18-A002-009,E-MD-B18-A002-007,DERIVED_FROM,Continues from the stopped-state revalidation.,,2026-09-14T10:49:21+07:00,Recorded 2026-09-14 on the clean instance.
MD-REL-0485,D-MD-B18-A002-004,F-MD-B18-A002-011,DERIVED_FROM,Decides the option the finding offered.,D-MD-B18-A002-004,2026-09-14T11:10:18+07:00,Recorded 2026-09-14 after the user chose F-011 option 1 and restarted MariaDB.
MD-REL-0486,D-MD-B18-A002-004,D-MD-B18-A002-003,DEPENDS_ON,Keeps D003 full-suite criterion and states the recovery dependency it now implies.,D-MD-B18-A002-004,2026-09-14T11:10:18+07:00,Recorded 2026-09-14 after the user chose F-011 option 1 and restarted MariaDB.
MD-REL-0487,D-MD-B18-A002-004,CI-MD-B18-A002-001,DEPENDS_ON,The declaration was amended before the test correction.,D-MD-B18-A002-004,2026-09-14T11:10:18+07:00,Recorded 2026-09-14 after the user chose F-011 option 1 and restarted MariaDB.
MD-REL-0488,F-MD-B18-A002-012,MD-B18-A002-BL001,DERIVED_FROM,Observed on the clean instance during current A002 work.,,2026-09-14T11:10:18+07:00,Recorded 2026-09-14 after the user chose F-011 option 1 and restarted MariaDB.
MD-REL-0489,F-MD-B18-A002-012,CI-MD-B18-A002-001,DEPENDS_ON,The declaration requires runtime proof on an instance meeting the D003 criterion.,,2026-09-14T11:10:18+07:00,Recorded 2026-09-14 after the user chose F-011 option 1 and restarted MariaDB.
MD-REL-0490,F-MD-B18-A002-012,F-MD-B18-A002-010,RELATED,The clean instance chosen for F010 reproduced the future-LSN signature after a forced stop.,D-MD-B18-A002-003,2026-09-14T11:10:18+07:00,Recorded 2026-09-14 after the user chose F-011 option 1 and restarted MariaDB.
MD-REL-0491,F-MD-B18-A002-012,F-MD-B18-A002-007,RELATED,Same future-LSN shape as the first incident on the old instance.,,2026-09-14T11:10:18+07:00,Recorded 2026-09-14 after the user chose F-011 option 1 and restarted MariaDB.
MD-REL-0492,F-MD-B18-A002-013,MD-B18-A002-BL001,DERIVED_FROM,Found by per-predicate review inside the current A002 baseline.,,2026-09-14T11:20:36+07:00,Recorded 2026-09-14 by the PAIR 01 per-predicate review.
MD-REL-0493,F-MD-B18-A002-013,CI-MD-B18-A002-001,DEPENDS_ON,The declaration was amended before any proof-basis mutation and holds application changes for contract review.,,2026-09-14T11:20:36+07:00,Recorded 2026-09-14 by the PAIR 01 per-predicate review.
MD-REL-0494,F-MD-B18-A002-013,E-MD-B18-A002-009,RELATED,"E009 recorded 115 bases present; this review moves eight out because their guard proves pass-through, not binding.",,2026-09-14T11:20:36+07:00,Recorded 2026-09-14 by the PAIR 01 per-predicate review.
MD-REL-0495,F-MD-B18-A002-014,MD-B18-A002-BL001,DERIVED_FROM,Found by per-predicate review inside the current A002 baseline.,,2026-09-14T11:25:47+07:00,Recorded 2026-09-14 by the PAIR 05/20 per-predicate review.
MD-REL-0496,F-MD-B18-A002-014,CI-MD-B18-A002-001,DEPENDS_ON,The declaration was amended before the four bases moved.,,2026-09-14T11:25:47+07:00,Recorded 2026-09-14 by the PAIR 05/20 per-predicate review.
MD-REL-0497,F-MD-B18-A002-014,F-MD-B18-A002-013,RELATED,"Both findings move bases out of PROVEN after review of guard bodies; F014 is a mistargeted basis, F013 an executable defect.",,2026-09-14T11:25:47+07:00,Recorded 2026-09-14 by the PAIR 05/20 per-predicate review.
MD-REL-0498,F-MD-B18-A002-015,MD-B18-A002-BL001,DERIVED_FROM,Found by per-predicate review inside the current A002 baseline.,,2026-09-14T14:07:54+07:00,Recorded 2026-09-14 after the owner-rebuilt instance was verified and PAIRS 02-08 were reviewed.
MD-REL-0499,F-MD-B18-A002-015,CI-MD-B18-A002-001,DEPENDS_ON,The declaration was amended before the fifteen bases moved.,,2026-09-14T14:07:54+07:00,Recorded 2026-09-14 after the owner-rebuilt instance was verified and PAIRS 02-08 were reviewed.
MD-REL-0500,F-MD-B18-A002-015,F-MD-B18-A002-013,RELATED,Same review; joins the consolidated remediation package under MD-DEP-0017.,,2026-09-14T14:07:54+07:00,Recorded 2026-09-14 after the owner-rebuilt instance was verified and PAIRS 02-08 were reviewed.
MD-REL-0501,E-MD-B18-A002-010,F-MD-B18-A002-012,DEPENDS_ON,Owner-rebuilt runtime verified read-only and exercised by targeted and full-suite proof.,,2026-09-14T14:07:54+07:00,Recorded 2026-09-14 after the owner-rebuilt instance was verified and PAIRS 02-08 were reviewed.
MD-REL-0502,E-MD-B18-A002-010,F-MD-B18-A002-010,DEPENDS_ON,Runtime restored for MariaDB-backed proof.,,2026-09-14T14:07:54+07:00,Recorded 2026-09-14 after the owner-rebuilt instance was verified and PAIRS 02-08 were reviewed.
MD-REL-0503,E-MD-B18-A002-010,F-MD-B18-A002-011,DEPENDS_ON,Executes F-011(a) probes; full suite now fails only on the (b) corpus oracle.,D-MD-B18-A002-004,2026-09-14T14:07:54+07:00,Recorded 2026-09-14 after the owner-rebuilt instance was verified and PAIRS 02-08 were reviewed.
MD-REL-0504,E-MD-B18-A002-010,F-MD-B18-A002-015,DEPENDS_ON,Carries the retention probes behind the fifteen kept bases.,,2026-09-14T14:07:54+07:00,Recorded 2026-09-14 after the owner-rebuilt instance was verified and PAIRS 02-08 were reviewed.
MD-REL-0505,E-MD-B18-A002-010,E-MD-B18-A002-009,DERIVED_FROM,Continues from the prior clean-runtime evidence.,,2026-09-14T14:07:54+07:00,Recorded 2026-09-14 after the owner-rebuilt instance was verified and PAIRS 02-08 were reviewed.
MD-REL-0506,E-MD-B18-A002-010,D-MD-B18-A002-004,DEPENDS_ON,Executes the orphan subset correction D004 authorized.,D-MD-B18-A002-004,2026-09-14T14:07:54+07:00,Recorded 2026-09-14 after the owner-rebuilt instance was verified and PAIRS 02-08 were reviewed.
MD-REL-0507,F-MD-B18-A002-016,MD-B18-A002-BL001,DERIVED_FROM,Found by per-predicate review inside the current A002 baseline.,,2026-09-14T16:03:59+07:00,Recorded 2026-09-14 after PAIRS 09-13 and 16-19 were reviewed.
MD-REL-0508,F-MD-B18-A002-016,CI-MD-B18-A002-001,DEPENDS_ON,The declaration was amended before the bases moved.,,2026-09-14T16:03:59+07:00,Recorded 2026-09-14 after PAIRS 09-13 and 16-19 were reviewed.
MD-REL-0509,F-MD-B18-A002-016,F-MD-B18-A002-015,RELATED,"Same review, continued; joins the consolidated remediation package under MD-DEP-0017.",,2026-09-14T16:03:59+07:00,Recorded 2026-09-14 after PAIRS 09-13 and 16-19 were reviewed.
MD-REL-0510,F-MD-B18-A002-016,F-MD-B18-A002-013,RELATED,MD-S019-R0074 is carried forward under F-013.,,2026-09-14T16:03:59+07:00,Recorded 2026-09-14 after PAIRS 09-13 and 16-19 were reviewed.
MD-REL-0511,E-MD-B18-A002-011,F-MD-B18-A002-016,DEPENDS_ON,Carries the probes behind the F016 verdicts and the kept bases.,,2026-09-14T16:03:59+07:00,Recorded 2026-09-14 after PAIRS 09-13 and 16-19 were reviewed.
MD-REL-0512,E-MD-B18-A002-011,E-MD-B18-A002-010,DERIVED_FROM,Continues the review on the same verified runtime.,,2026-09-14T16:03:59+07:00,Recorded 2026-09-14 after PAIRS 09-13 and 16-19 were reviewed.
MD-REL-0513,F-MD-B18-A002-017,MD-B18-A002-BL001,DERIVED_FROM,Found by per-predicate review inside the current A002 baseline.,,2026-09-14T23:51:55+07:00,Recorded 2026-09-14 after PAIRS 21-40 were reviewed.
MD-REL-0514,F-MD-B18-A002-017,CI-MD-B18-A002-001,DEPENDS_ON,The declaration was amended before the bases moved.,,2026-09-14T23:51:55+07:00,Recorded 2026-09-14 after PAIRS 21-40 were reviewed.
MD-REL-0515,F-MD-B18-A002-017,F-MD-B18-A002-016,RELATED,"Same review, continued; joins the consolidated remediation package under MD-DEP-0017.",,2026-09-14T23:51:55+07:00,Recorded 2026-09-14 after PAIRS 21-40 were reviewed.
MD-REL-0516,F-MD-B18-A002-017,F-MD-B18-A002-013,RELATED,Four predicates are carried forward and the missing-input gap is remedied under F-013.,,2026-09-14T23:51:55+07:00,Recorded 2026-09-14 after PAIRS 21-40 were reviewed.
MD-REL-0517,E-MD-B18-A002-012,F-MD-B18-A002-017,DEPENDS_ON,Carries the probes behind the F017 verdicts and the kept bases.,,2026-09-14T23:51:55+07:00,Recorded 2026-09-14 after PAIRS 21-40 were reviewed.
MD-REL-0518,E-MD-B18-A002-012,E-MD-B18-A002-011,DERIVED_FROM,Continues the review on the same verified runtime.,,2026-09-14T23:51:55+07:00,Recorded 2026-09-14 after PAIRS 21-40 were reviewed.
MD-REL-0519,F-MD-B18-A002-018,MD-B18-A002-BL001,DERIVED_FROM,Found by per-predicate review inside the current A002 baseline.,,2026-09-15T00:29:04+07:00,"Recorded 2026-09-15 after PAIRS 41-68 were reviewed, completing the per-predicate review."
MD-REL-0520,F-MD-B18-A002-018,CI-MD-B18-A002-001,DEPENDS_ON,The declaration was amended before the bases moved.,,2026-09-15T00:29:04+07:00,"Recorded 2026-09-15 after PAIRS 41-68 were reviewed, completing the per-predicate review."
MD-REL-0521,F-MD-B18-A002-018,F-MD-B18-A002-017,RELATED,"Same review, completed; joins the consolidated remediation package under MD-DEP-0017.",,2026-09-15T00:29:04+07:00,"Recorded 2026-09-15 after PAIRS 41-68 were reviewed, completing the per-predicate review."
MD-REL-0522,F-MD-B18-A002-018,F-MD-B18-A002-013,RELATED,Two predicates are carried forward under F-013.,,2026-09-15T00:29:04+07:00,"Recorded 2026-09-15 after PAIRS 41-68 were reviewed, completing the per-predicate review."
MD-REL-0523,E-MD-B18-A002-013,F-MD-B18-A002-018,DEPENDS_ON,Carries the probes behind the F018 verdicts and the kept bases.,,2026-09-15T00:29:04+07:00,"Recorded 2026-09-15 after PAIRS 41-68 were reviewed, completing the per-predicate review."
MD-REL-0524,E-MD-B18-A002-013,E-MD-B18-A002-012,DERIVED_FROM,Continues the review on the same verified runtime.,,2026-09-15T00:29:04+07:00,"Recorded 2026-09-15 after PAIRS 41-68 were reviewed, completing the per-predicate review."
MD-REL-0525,E-MD-B18-A002-014,F-MD-B18-A002-013,RELATED,"Package review derives its defect, proof, or authorized boundary from this current correlated record.",,2026-09-15T08:10:54+07:00,"Draft only. No new ownership, domain or recovery decision."
MD-REL-0526,E-MD-B18-A002-014,F-MD-B18-A002-014,RELATED,"Package review derives its defect, proof, or authorized boundary from this current correlated record.",,2026-09-15T08:10:54+07:00,"Draft only. No new ownership, domain or recovery decision."
MD-REL-0527,E-MD-B18-A002-014,F-MD-B18-A002-015,RELATED,"Package review derives its defect, proof, or authorized boundary from this current correlated record.",,2026-09-15T08:10:54+07:00,"Draft only. No new ownership, domain or recovery decision."
MD-REL-0528,E-MD-B18-A002-014,F-MD-B18-A002-016,RELATED,"Package review derives its defect, proof, or authorized boundary from this current correlated record.",,2026-09-15T08:10:54+07:00,"Draft only. No new ownership, domain or recovery decision."
MD-REL-0529,E-MD-B18-A002-014,F-MD-B18-A002-017,RELATED,"Package review derives its defect, proof, or authorized boundary from this current correlated record.",,2026-09-15T08:10:54+07:00,"Draft only. No new ownership, domain or recovery decision."
MD-REL-0530,E-MD-B18-A002-014,F-MD-B18-A002-018,RELATED,"Package review derives its defect, proof, or authorized boundary from this current correlated record.",,2026-09-15T08:10:54+07:00,"Draft only. No new ownership, domain or recovery decision."
MD-REL-0531,E-MD-B18-A002-014,E-MD-B18-A002-009,DERIVED_FROM,"Package review derives its defect, proof, or authorized boundary from this current correlated record.",,2026-09-15T08:10:54+07:00,"Draft only. No new ownership, domain or recovery decision."
MD-REL-0532,E-MD-B18-A002-014,E-MD-B18-A002-010,DERIVED_FROM,"Package review derives its defect, proof, or authorized boundary from this current correlated record.",,2026-09-15T08:10:54+07:00,"Draft only. No new ownership, domain or recovery decision."
MD-REL-0533,E-MD-B18-A002-014,E-MD-B18-A002-011,DERIVED_FROM,"Package review derives its defect, proof, or authorized boundary from this current correlated record.",,2026-09-15T08:10:54+07:00,"Draft only. No new ownership, domain or recovery decision."
MD-REL-0534,E-MD-B18-A002-014,E-MD-B18-A002-012,DERIVED_FROM,"Package review derives its defect, proof, or authorized boundary from this current correlated record.",,2026-09-15T08:10:54+07:00,"Draft only. No new ownership, domain or recovery decision."
MD-REL-0535,E-MD-B18-A002-014,E-MD-B18-A002-013,DERIVED_FROM,"Package review derives its defect, proof, or authorized boundary from this current correlated record.",,2026-09-15T08:10:54+07:00,"Draft only. No new ownership, domain or recovery decision."
MD-REL-0536,E-MD-B18-A002-014,D-MD-B18-A002-003,DERIVED_FROM,"Package review derives its defect, proof, or authorized boundary from this current correlated record.",D-MD-B18-A002-003,2026-09-15T08:10:54+07:00,"Draft only. No new ownership, domain or recovery decision."
MD-REL-0537,E-MD-B18-A002-014,D-MD-B18-A002-004,DERIVED_FROM,"Package review derives its defect, proof, or authorized boundary from this current correlated record.",D-MD-B18-A002-004,2026-09-15T08:10:54+07:00,"Draft only. No new ownership, domain or recovery decision."
MD-REL-0538,E-MD-B18-A002-014,MD-B18-A002-BL001,DERIVED_FROM,"Package review derives its defect, proof, or authorized boundary from this current correlated record.",,2026-09-15T08:10:54+07:00,"Draft only. No new ownership, domain or recovery decision."
MD-REL-0539,E-MD-B18-A002-014,CI-MD-B18-A002-001,DERIVED_FROM,"Package review derives its defect, proof, or authorized boundary from this current correlated record.",,2026-09-15T08:10:54+07:00,"Draft only. No new ownership, domain or recovery decision."
MD-REL-0540,E-MD-B18-A002-015,F-MD-B18-A002-005,RELATED,Current package validation remains correlated to the active baseline and previously recorded blocker or boundary.,,2026-09-15T21:37:14+07:00,"No predicate PASS, closure, approval, or recovery implied."
MD-REL-0541,E-MD-B18-A002-015,F-MD-B18-A002-011,RELATED,Current package validation remains correlated to the active baseline and previously recorded blocker or boundary.,,2026-09-15T21:37:14+07:00,"No predicate PASS, closure, approval, or recovery implied."
MD-REL-0542,E-MD-B18-A002-015,E-MD-B18-A002-014,DERIVED_FROM,Current package validation remains correlated to the active baseline and previously recorded blocker or boundary.,,2026-09-15T21:37:14+07:00,"No predicate PASS, closure, approval, or recovery implied."
MD-REL-0543,E-MD-B18-A002-015,CI-MD-B18-A002-001,DERIVED_FROM,Current package validation remains correlated to the active baseline and previously recorded blocker or boundary.,,2026-09-15T21:37:14+07:00,"No predicate PASS, closure, approval, or recovery implied."
MD-REL-0544,E-MD-B18-A002-015,D-MD-B18-A002-004,DERIVED_FROM,Current package validation remains correlated to the active baseline and previously recorded blocker or boundary.,D-MD-B18-A002-004,2026-09-15T21:37:14+07:00,"No predicate PASS, closure, approval, or recovery implied."
MD-REL-0545,E-MD-B18-A002-015,MD-B18-A002-BL001,DERIVED_FROM,Current package validation remains correlated to the active baseline and previously recorded blocker or boundary.,,2026-09-15T21:37:14+07:00,"No predicate PASS, closure, approval, or recovery implied."
MD-REL-0546,F-MD-B18-A002-019,E-MD-B18-A002-016,DEPENDS_ON,Current validation side effect and restoration correlated to the active attempt; no prior record edited or new decision inferred.,,2026-09-15T21:42:47+07:00,Q6 remains pending.
MD-REL-0547,F-MD-B18-A002-019,CI-MD-B18-A002-001,RELATED,Current validation side effect and restoration correlated to the active attempt; no prior record edited or new decision inferred.,,2026-09-15T21:42:47+07:00,Q6 remains pending.
MD-REL-0548,E-MD-B18-A002-016,F-MD-B18-A002-019,RELATED,Current validation side effect and restoration correlated to the active attempt; no prior record edited or new decision inferred.,,2026-09-15T21:42:47+07:00,Q6 remains pending.
MD-REL-0549,E-MD-B18-A002-016,E-MD-B18-A002-014,DERIVED_FROM,Current validation side effect and restoration correlated to the active attempt; no prior record edited or new decision inferred.,,2026-09-15T21:42:47+07:00,Q6 remains pending.
MD-REL-0550,E-MD-B18-A002-016,E-MD-B18-A002-015,DERIVED_FROM,Current validation side effect and restoration correlated to the active attempt; no prior record edited or new decision inferred.,,2026-09-15T21:42:47+07:00,Q6 remains pending.
MD-REL-0551,E-MD-B18-A002-016,CI-MD-B18-A002-001,RELATED,Current validation side effect and restoration correlated to the active attempt; no prior record edited or new decision inferred.,,2026-09-15T21:42:47+07:00,Q6 remains pending.
MD-REL-0552,E-MD-B18-A002-016,MD-B18-A002-BL001,DERIVED_FROM,Current validation side effect and restoration correlated to the active attempt; no prior record edited or new decision inferred.,,2026-09-15T21:42:47+07:00,Q6 remains pending.
MD-REL-0553,D-MD-B18-A002-005,F-MD-B18-A002-013,RELATED,"Explicit user approval applies within these defect, reviewed-package, baseline and prior-decision boundaries; execution proof is separate.",D-MD-B18-A002-005,2026-09-15T21:56:09+07:00,No inferred PASS/resolution or strategy change.
MD-REL-0554,D-MD-B18-A002-005,F-MD-B18-A002-014,RELATED,"Explicit user approval applies within these defect, reviewed-package, baseline and prior-decision boundaries; execution proof is separate.",D-MD-B18-A002-005,2026-09-15T21:56:09+07:00,No inferred PASS/resolution or strategy change.
MD-REL-0555,D-MD-B18-A002-005,F-MD-B18-A002-015,RELATED,"Explicit user approval applies within these defect, reviewed-package, baseline and prior-decision boundaries; execution proof is separate.",D-MD-B18-A002-005,2026-09-15T21:56:09+07:00,No inferred PASS/resolution or strategy change.
MD-REL-0556,D-MD-B18-A002-005,F-MD-B18-A002-016,RELATED,"Explicit user approval applies within these defect, reviewed-package, baseline and prior-decision boundaries; execution proof is separate.",D-MD-B18-A002-005,2026-09-15T21:56:09+07:00,No inferred PASS/resolution or strategy change.
MD-REL-0557,D-MD-B18-A002-005,F-MD-B18-A002-017,RELATED,"Explicit user approval applies within these defect, reviewed-package, baseline and prior-decision boundaries; execution proof is separate.",D-MD-B18-A002-005,2026-09-15T21:56:09+07:00,No inferred PASS/resolution or strategy change.
MD-REL-0558,D-MD-B18-A002-005,F-MD-B18-A002-018,RELATED,"Explicit user approval applies within these defect, reviewed-package, baseline and prior-decision boundaries; execution proof is separate.",D-MD-B18-A002-005,2026-09-15T21:56:09+07:00,No inferred PASS/resolution or strategy change.
MD-REL-0559,D-MD-B18-A002-005,F-MD-B18-A002-019,RELATED,"Explicit user approval applies within these defect, reviewed-package, baseline and prior-decision boundaries; execution proof is separate.",D-MD-B18-A002-005,2026-09-15T21:56:09+07:00,No inferred PASS/resolution or strategy change.
MD-REL-0560,D-MD-B18-A002-005,E-MD-B18-A002-014,RELATED,"Explicit user approval applies within these defect, reviewed-package, baseline and prior-decision boundaries; execution proof is separate.",D-MD-B18-A002-005,2026-09-15T21:56:09+07:00,No inferred PASS/resolution or strategy change.
MD-REL-0561,D-MD-B18-A002-005,E-MD-B18-A002-016,RELATED,"Explicit user approval applies within these defect, reviewed-package, baseline and prior-decision boundaries; execution proof is separate.",D-MD-B18-A002-005,2026-09-15T21:56:09+07:00,No inferred PASS/resolution or strategy change.
MD-REL-0562,D-MD-B18-A002-005,CI-MD-B18-A002-001,RELATED,"Explicit user approval applies within these defect, reviewed-package, baseline and prior-decision boundaries; execution proof is separate.",D-MD-B18-A002-005,2026-09-15T21:56:09+07:00,No inferred PASS/resolution or strategy change.
MD-REL-0563,D-MD-B18-A002-005,MD-B18-A002-BL001,RELATED,"Explicit user approval applies within these defect, reviewed-package, baseline and prior-decision boundaries; execution proof is separate.",D-MD-B18-A002-005,2026-09-15T21:56:09+07:00,No inferred PASS/resolution or strategy change.
MD-REL-0564,D-MD-B18-A002-005,D-MD-B18-A002-001,RELATED,"Explicit user approval applies within these defect, reviewed-package, baseline and prior-decision boundaries; execution proof is separate.",D-MD-B18-A002-005,2026-09-15T21:56:09+07:00,No inferred PASS/resolution or strategy change.
MD-REL-0565,D-MD-B18-A002-005,D-MD-B18-A002-002,RELATED,"Explicit user approval applies within these defect, reviewed-package, baseline and prior-decision boundaries; execution proof is separate.",D-MD-B18-A002-005,2026-09-15T21:56:09+07:00,No inferred PASS/resolution or strategy change.
MD-REL-0566,D-MD-B18-A002-005,D-MD-B18-A002-003,RELATED,"Explicit user approval applies within these defect, reviewed-package, baseline and prior-decision boundaries; execution proof is separate.",D-MD-B18-A002-005,2026-09-15T21:56:09+07:00,No inferred PASS/resolution or strategy change.
MD-REL-0567,D-MD-B18-A002-005,D-MD-B18-A002-004,RELATED,"Explicit user approval applies within these defect, reviewed-package, baseline and prior-decision boundaries; execution proof is separate.",D-MD-B18-A002-005,2026-09-15T21:56:09+07:00,No inferred PASS/resolution or strategy change.
MD-REL-0568,E-MD-B18-A002-017,F-MD-B18-A002-019,RELATED,"Executable proof or approved ownership correction within the correlated finding, decision, CI and baseline; no domain satisfaction inherited.",D-MD-B18-A002-005,2026-09-15T15:22:45.945825+00:00,"Q6 executable scope PASS: immutable preservation and fail-closed gates, not stage or full-suite PASS; seven corpus failures remain."
MD-REL-0569,E-MD-B18-A002-017,E-MD-B18-A002-016,RELATED,"Executable proof or approved ownership correction within the correlated finding, decision, CI and baseline; no domain satisfaction inherited.",D-MD-B18-A002-005,2026-09-15T15:22:45.945825+00:00,"Q6 executable scope PASS: immutable preservation and fail-closed gates, not stage or full-suite PASS; seven corpus failures remain."
MD-REL-0570,E-MD-B18-A002-017,D-MD-B18-A002-005,RELATED,"Executable proof or approved ownership correction within the correlated finding, decision, CI and baseline; no domain satisfaction inherited.",D-MD-B18-A002-005,2026-09-15T15:22:45.945825+00:00,"Q6 executable scope PASS: immutable preservation and fail-closed gates, not stage or full-suite PASS; seven corpus failures remain."
MD-REL-0571,E-MD-B18-A002-017,CI-MD-B18-A002-001,RELATED,"Executable proof or approved ownership correction within the correlated finding, decision, CI and baseline; no domain satisfaction inherited.",D-MD-B18-A002-005,2026-09-15T15:22:45.945825+00:00,"Q6 executable scope PASS: immutable preservation and fail-closed gates, not stage or full-suite PASS; seven corpus failures remain."
MD-REL-0572,E-MD-B18-A002-017,MD-B18-A002-BL001,RELATED,"Executable proof or approved ownership correction within the correlated finding, decision, CI and baseline; no domain satisfaction inherited.",D-MD-B18-A002-005,2026-09-15T15:22:45.945825+00:00,"Q6 executable scope PASS: immutable preservation and fail-closed gates, not stage or full-suite PASS; seven corpus failures remain."
MD-REL-0573,E-MD-B18-A002-018,F-MD-B18-A002-015,RELATED,"Executable proof or approved ownership correction within the correlated finding, decision, CI and baseline; no domain satisfaction inherited.",D-MD-B18-A002-005,2026-09-15T15:22:45.945825+00:00,Q5 authorized ownership correction verified with three probes; mandatory NOT_ASSESSED transferred to B22 with B18/B17 support; no predicate satisfaction.
MD-REL-0574,E-MD-B18-A002-018,E-MD-B18-A002-014,RELATED,"Executable proof or approved ownership correction within the correlated finding, decision, CI and baseline; no domain satisfaction inherited.",D-MD-B18-A002-005,2026-09-15T15:22:45.945825+00:00,Q5 authorized ownership correction verified with three probes; mandatory NOT_ASSESSED transferred to B22 with B18/B17 support; no predicate satisfaction.
MD-REL-0575,E-MD-B18-A002-018,D-MD-B18-A002-005,RELATED,"Executable proof or approved ownership correction within the correlated finding, decision, CI and baseline; no domain satisfaction inherited.",D-MD-B18-A002-005,2026-09-15T15:22:45.945825+00:00,Q5 authorized ownership correction verified with three probes; mandatory NOT_ASSESSED transferred to B22 with B18/B17 support; no predicate satisfaction.
MD-REL-0576,E-MD-B18-A002-018,CI-MD-B18-A002-001,RELATED,"Executable proof or approved ownership correction within the correlated finding, decision, CI and baseline; no domain satisfaction inherited.",D-MD-B18-A002-005,2026-09-15T15:22:45.945825+00:00,Q5 authorized ownership correction verified with three probes; mandatory NOT_ASSESSED transferred to B22 with B18/B17 support; no predicate satisfaction.
MD-REL-0577,E-MD-B18-A002-018,MD-B18-A002-BL001,RELATED,"Executable proof or approved ownership correction within the correlated finding, decision, CI and baseline; no domain satisfaction inherited.",D-MD-B18-A002-005,2026-09-15T15:22:45.945825+00:00,Q5 authorized ownership correction verified with three probes; mandatory NOT_ASSESSED transferred to B22 with B18/B17 support; no predicate satisfaction.
MD-REL-0578,E-MD-B18-A002-019,E-MD-B18-A002-018,SUPERSEDES,"Q5 source-identity successor to E018 after five CRLF-to-LF audit-line corrections; semantic lines identical, ownership probes retained, no domain proof or closure.",D-MD-B18-A002-005,2026-09-15T15:25:26.022454+00:00,E018 ownership delta/probes remain valid; source identity only.
MD-REL-0579,E-MD-B18-A002-019,CI-MD-B18-A002-001,RELATED,"Q5 source-identity successor to E018 after five CRLF-to-LF audit-line corrections; semantic lines identical, ownership probes retained, no domain proof or closure.",D-MD-B18-A002-005,2026-09-15T15:25:26.022454+00:00,E018 ownership delta/probes remain valid; source identity only.
MD-REL-0580,E-MD-B18-A002-019,D-MD-B18-A002-005,RELATED,"Q5 source-identity successor to E018 after five CRLF-to-LF audit-line corrections; semantic lines identical, ownership probes retained, no domain proof or closure.",D-MD-B18-A002-005,2026-09-15T15:25:26.022454+00:00,E018 ownership delta/probes remain valid; source identity only.
MD-REL-0581,E-MD-B18-A002-019,MD-B18-A002-BL001,RELATED,"Q5 source-identity successor to E018 after five CRLF-to-LF audit-line corrections; semantic lines identical, ownership probes retained, no domain proof or closure.",D-MD-B18-A002-005,2026-09-15T15:25:26.022454+00:00,E018 ownership delta/probes remain valid; source identity only.
MD-REL-0582,E-MD-B18-A002-020,F-MD-B18-A002-013,RELATED,"C1 source review is bounded by the existing defect, approved decision, safe governance evidence, CI and baseline; no domain proof carried forward.",D-MD-B18-A002-005,2026-09-16T01:17:31.515180+00:00,Same attempt; contract review ready only.
MD-REL-0583,E-MD-B18-A002-020,F-MD-B18-A002-014,RELATED,"C1 source review is bounded by the existing defect, approved decision, safe governance evidence, CI and baseline; no domain proof carried forward.",D-MD-B18-A002-005,2026-09-16T01:17:31.515180+00:00,Same attempt; contract review ready only.
MD-REL-0584,E-MD-B18-A002-020,F-MD-B18-A002-017,RELATED,"C1 source review is bounded by the existing defect, approved decision, safe governance evidence, CI and baseline; no domain proof carried forward.",D-MD-B18-A002-005,2026-09-16T01:17:31.515180+00:00,Same attempt; contract review ready only.
MD-REL-0585,E-MD-B18-A002-020,F-MD-B18-A002-018,RELATED,"C1 source review is bounded by the existing defect, approved decision, safe governance evidence, CI and baseline; no domain proof carried forward.",D-MD-B18-A002-005,2026-09-16T01:17:31.515180+00:00,Same attempt; contract review ready only.
MD-REL-0586,E-MD-B18-A002-020,E-MD-B18-A002-014,RELATED,"C1 source review is bounded by the existing defect, approved decision, safe governance evidence, CI and baseline; no domain proof carried forward.",D-MD-B18-A002-005,2026-09-16T01:17:31.515180+00:00,Same attempt; contract review ready only.
MD-REL-0587,E-MD-B18-A002-020,E-MD-B18-A002-017,RELATED,"C1 source review is bounded by the existing defect, approved decision, safe governance evidence, CI and baseline; no domain proof carried forward.",D-MD-B18-A002-005,2026-09-16T01:17:31.515180+00:00,Same attempt; contract review ready only.
MD-REL-0588,E-MD-B18-A002-020,E-MD-B18-A002-019,RELATED,"C1 source review is bounded by the existing defect, approved decision, safe governance evidence, CI and baseline; no domain proof carried forward.",D-MD-B18-A002-005,2026-09-16T01:17:31.515180+00:00,Same attempt; contract review ready only.
MD-REL-0589,E-MD-B18-A002-020,D-MD-B18-A002-005,RELATED,"C1 source review is bounded by the existing defect, approved decision, safe governance evidence, CI and baseline; no domain proof carried forward.",D-MD-B18-A002-005,2026-09-16T01:17:31.515180+00:00,Same attempt; contract review ready only.
MD-REL-0590,E-MD-B18-A002-020,CI-MD-B18-A002-001,RELATED,"C1 source review is bounded by the existing defect, approved decision, safe governance evidence, CI and baseline; no domain proof carried forward.",D-MD-B18-A002-005,2026-09-16T01:17:31.515180+00:00,Same attempt; contract review ready only.
MD-REL-0591,E-MD-B18-A002-020,MD-B18-A002-BL001,RELATED,"C1 source review is bounded by the existing defect, approved decision, safe governance evidence, CI and baseline; no domain proof carried forward.",D-MD-B18-A002-005,2026-09-16T01:17:31.515180+00:00,Same attempt; contract review ready only.
MD-REL-0592,E-MD-B18-A002-021,F-MD-B18-A002-013,RELATED,"Partial C1 implementation and runtime proof under accepted contract, same current attempt; no stage closure or predicate credit.",D-MD-B18-A002-005,2026-09-17T02:44:58.660158+00:00,User accepted C1 review; CI precedes material patch.
MD-REL-0593,E-MD-B18-A002-021,E-MD-B18-A002-020,RELATED,"Partial C1 implementation and runtime proof under accepted contract, same current attempt; no stage closure or predicate credit.",D-MD-B18-A002-005,2026-09-17T02:44:58.660158+00:00,User accepted C1 review; CI precedes material patch.
MD-REL-0594,E-MD-B18-A002-021,E-MD-B18-A002-017,RELATED,"Partial C1 implementation and runtime proof under accepted contract, same current attempt; no stage closure or predicate credit.",D-MD-B18-A002-005,2026-09-17T02:44:58.660158+00:00,User accepted C1 review; CI precedes material patch.
MD-REL-0595,E-MD-B18-A002-021,D-MD-B18-A002-005,RELATED,"Partial C1 implementation and runtime proof under accepted contract, same current attempt; no stage closure or predicate credit.",D-MD-B18-A002-005,2026-09-17T02:44:58.660158+00:00,User accepted C1 review; CI precedes material patch.
MD-REL-0596,E-MD-B18-A002-021,CI-MD-B18-A002-001,RELATED,"Partial C1 implementation and runtime proof under accepted contract, same current attempt; no stage closure or predicate credit.",D-MD-B18-A002-005,2026-09-17T02:44:58.660158+00:00,User accepted C1 review; CI precedes material patch.
MD-REL-0597,E-MD-B18-A002-021,MD-B18-A002-BL001,RELATED,"Partial C1 implementation and runtime proof under accepted contract, same current attempt; no stage closure or predicate credit.",D-MD-B18-A002-005,2026-09-17T02:44:58.660158+00:00,User accepted C1 review; CI precedes material patch.
MD-REL-0598,E-MD-B18-A002-022,F-MD-B18-A002-013,RELATED,C1 capture continuation under accepted contract; current source/runtime evidence without closure or predicate credit.,D-MD-B18-A002-005,2026-09-17T16:42:41.024384+00:00,CI continuation declaration preceded material patch; E021 remains immutable prior partial proof.
MD-REL-0599,E-MD-B18-A002-022,E-MD-B18-A002-021,RELATED,C1 capture continuation under accepted contract; current source/runtime evidence without closure or predicate credit.,D-MD-B18-A002-005,2026-09-17T16:42:41.024384+00:00,CI continuation declaration preceded material patch; E021 remains immutable prior partial proof.
MD-REL-0600,E-MD-B18-A002-022,E-MD-B18-A002-017,RELATED,C1 capture continuation under accepted contract; current source/runtime evidence without closure or predicate credit.,D-MD-B18-A002-005,2026-09-17T16:42:41.024384+00:00,CI continuation declaration preceded material patch; E021 remains immutable prior partial proof.
MD-REL-0601,E-MD-B18-A002-022,D-MD-B18-A002-005,RELATED,C1 capture continuation under accepted contract; current source/runtime evidence without closure or predicate credit.,D-MD-B18-A002-005,2026-09-17T16:42:41.024384+00:00,CI continuation declaration preceded material patch; E021 remains immutable prior partial proof.
MD-REL-0602,E-MD-B18-A002-022,CI-MD-B18-A002-001,RELATED,C1 capture continuation under accepted contract; current source/runtime evidence without closure or predicate credit.,D-MD-B18-A002-005,2026-09-17T16:42:41.024384+00:00,CI continuation declaration preceded material patch; E021 remains immutable prior partial proof.
MD-REL-0603,E-MD-B18-A002-022,MD-B18-A002-BL001,RELATED,C1 capture continuation under accepted contract; current source/runtime evidence without closure or predicate credit.,D-MD-B18-A002-005,2026-09-17T16:42:41.024384+00:00,CI continuation declaration preceded material patch; E021 remains immutable prior partial proof.
MD-REL-0604,E-MD-B18-A002-023,E-MD-B18-A002-022,RELATED,"Successor current test source and real-storage completion proof; E022 is retained immutable as prior partial runtime evidence, with its mocked omission test replaced by P18.",D-MD-B18-A002-005,2026-09-18T00:18:35.342848+00:00,No replacement of accepted contract or prior unaffected probes.
MD-REL-0605,E-MD-B18-A002-023,F-MD-B18-A002-013,RELATED,"Successor current test source and real-storage completion proof; E022 is retained immutable as prior partial runtime evidence, with its mocked omission test replaced by P18.",D-MD-B18-A002-005,2026-09-18T00:18:35.342848+00:00,No replacement of accepted contract or prior unaffected probes.
MD-REL-0606,E-MD-B18-A002-023,D-MD-B18-A002-005,RELATED,"Successor current test source and real-storage completion proof; E022 is retained immutable as prior partial runtime evidence, with its mocked omission test replaced by P18.",D-MD-B18-A002-005,2026-09-18T00:18:35.342848+00:00,No replacement of accepted contract or prior unaffected probes.
MD-REL-0607,E-MD-B18-A002-023,CI-MD-B18-A002-001,RELATED,"Successor current test source and real-storage completion proof; E022 is retained immutable as prior partial runtime evidence, with its mocked omission test replaced by P18.",D-MD-B18-A002-005,2026-09-18T00:18:35.342848+00:00,No replacement of accepted contract or prior unaffected probes.
MD-REL-0608,E-MD-B18-A002-023,MD-B18-A002-BL001,RELATED,"Successor current test source and real-storage completion proof; E022 is retained immutable as prior partial runtime evidence, with its mocked omission test replaced by P18.",D-MD-B18-A002-005,2026-09-18T00:18:35.342848+00:00,No replacement of accepted contract or prior unaffected probes.
MD-REL-0609,E-MD-B18-A002-024,E-MD-B18-A002-023,RELATED,"Current C02/C03 source and executed capture proof under accepted C1/D005 scope; previous unaffected proof retained, changed source identity carried by E024.",D-MD-B18-A002-005,2026-09-18T05:50:42.134063+00:00,"No strategy, ownership, binding or closure promotion."
MD-REL-0610,E-MD-B18-A002-024,E-MD-B18-A002-022,RELATED,"Current C02/C03 source and executed capture proof under accepted C1/D005 scope; previous unaffected proof retained, changed source identity carried by E024.",D-MD-B18-A002-005,2026-09-18T05:50:42.134063+00:00,"No strategy, ownership, binding or closure promotion."
MD-REL-0611,E-MD-B18-A002-024,F-MD-B18-A002-013,RELATED,"Current C02/C03 source and executed capture proof under accepted C1/D005 scope; previous unaffected proof retained, changed source identity carried by E024.",D-MD-B18-A002-005,2026-09-18T05:50:42.134063+00:00,"No strategy, ownership, binding or closure promotion."
MD-REL-0612,E-MD-B18-A002-024,D-MD-B18-A002-005,RELATED,"Current C02/C03 source and executed capture proof under accepted C1/D005 scope; previous unaffected proof retained, changed source identity carried by E024.",D-MD-B18-A002-005,2026-09-18T05:50:42.134063+00:00,"No strategy, ownership, binding or closure promotion."
MD-REL-0613,E-MD-B18-A002-024,CI-MD-B18-A002-001,RELATED,"Current C02/C03 source and executed capture proof under accepted C1/D005 scope; previous unaffected proof retained, changed source identity carried by E024.",D-MD-B18-A002-005,2026-09-18T05:50:42.134063+00:00,"No strategy, ownership, binding or closure promotion."
MD-REL-0614,E-MD-B18-A002-024,MD-B18-A002-BL001,RELATED,"Current C02/C03 source and executed capture proof under accepted C1/D005 scope; previous unaffected proof retained, changed source identity carried by E024.",D-MD-B18-A002-005,2026-09-18T05:50:42.134063+00:00,"No strategy, ownership, binding or closure promotion."
MD-REL-0615,E-MD-B18-A002-025,E-MD-B18-A002-024,RELATED,C05 implementation/current source and executed scoped proof under accepted C1 and D005; prior unaffected C02/C03 proof retained.,D-MD-B18-A002-005,2026-09-18T06:43:01.759744+00:00,"No strategy, ownership, binding or closure promotion."
MD-REL-0616,E-MD-B18-A002-025,F-MD-B18-A002-013,RELATED,C05 implementation/current source and executed scoped proof under accepted C1 and D005; prior unaffected C02/C03 proof retained.,D-MD-B18-A002-005,2026-09-18T06:43:01.759744+00:00,"No strategy, ownership, binding or closure promotion."
MD-REL-0617,E-MD-B18-A002-025,D-MD-B18-A002-005,RELATED,C05 implementation/current source and executed scoped proof under accepted C1 and D005; prior unaffected C02/C03 proof retained.,D-MD-B18-A002-005,2026-09-18T06:43:01.759744+00:00,"No strategy, ownership, binding or closure promotion."
MD-REL-0618,E-MD-B18-A002-025,CI-MD-B18-A002-001,RELATED,C05 implementation/current source and executed scoped proof under accepted C1 and D005; prior unaffected C02/C03 proof retained.,D-MD-B18-A002-005,2026-09-18T06:43:01.759744+00:00,"No strategy, ownership, binding or closure promotion."
MD-REL-0619,E-MD-B18-A002-025,MD-B18-A002-BL001,RELATED,C05 implementation/current source and executed scoped proof under accepted C1 and D005; prior unaffected C02/C03 proof retained.,D-MD-B18-A002-005,2026-09-18T06:43:01.759744+00:00,"No strategy, ownership, binding or closure promotion."
MD-REL-0620,E-MD-B18-A002-026,E-MD-B18-A002-025,RELATED,Bounded C06 journal implementation and scoped proof under accepted C1/D005; retain prior unaffected proof.,D-MD-B18-A002-005,2026-09-18T17:25:23.576669+00:00,"No C06 completeness, denominator satisfaction, binding or closure promotion."
MD-REL-0621,E-MD-B18-A002-026,F-MD-B18-A002-013,RELATED,Bounded C06 journal implementation and scoped proof under accepted C1/D005; retain prior unaffected proof.,D-MD-B18-A002-005,2026-09-18T17:25:23.576669+00:00,"No C06 completeness, denominator satisfaction, binding or closure promotion."
MD-REL-0622,E-MD-B18-A002-026,D-MD-B18-A002-005,RELATED,Bounded C06 journal implementation and scoped proof under accepted C1/D005; retain prior unaffected proof.,D-MD-B18-A002-005,2026-09-18T17:25:23.576669+00:00,"No C06 completeness, denominator satisfaction, binding or closure promotion."
MD-REL-0623,E-MD-B18-A002-026,CI-MD-B18-A002-001,RELATED,Bounded C06 journal implementation and scoped proof under accepted C1/D005; retain prior unaffected proof.,D-MD-B18-A002-005,2026-09-18T17:25:23.576669+00:00,"No C06 completeness, denominator satisfaction, binding or closure promotion."
MD-REL-0624,E-MD-B18-A002-026,MD-B18-A002-BL001,RELATED,Bounded C06 journal implementation and scoped proof under accepted C1/D005; retain prior unaffected proof.,D-MD-B18-A002-005,2026-09-18T17:25:23.576669+00:00,"No C06 completeness, denominator satisfaction, binding or closure promotion."
MD-REL-0625,E-MD-B18-A002-027,E-MD-B18-A002-026,RELATED,C06 consumption implementation and scoped completeness proof under accepted C1/D005; retain prior unaffected proof.,D-MD-B18-A002-005,2026-09-19T00:28:01.759740+00:00,"Scoped C06 completeness only; no denominator satisfaction, binding or closure promotion."
MD-REL-0626,E-MD-B18-A002-027,F-MD-B18-A002-013,RELATED,C06 consumption implementation and scoped completeness proof under accepted C1/D005; retain prior unaffected proof.,D-MD-B18-A002-005,2026-09-19T00:28:01.759740+00:00,"Scoped C06 completeness only; no denominator satisfaction, binding or closure promotion."
MD-REL-0627,E-MD-B18-A002-027,D-MD-B18-A002-005,RELATED,C06 consumption implementation and scoped completeness proof under accepted C1/D005; retain prior unaffected proof.,D-MD-B18-A002-005,2026-09-19T00:28:01.759740+00:00,"Scoped C06 completeness only; no denominator satisfaction, binding or closure promotion."
MD-REL-0628,E-MD-B18-A002-027,CI-MD-B18-A002-001,RELATED,C06 consumption implementation and scoped completeness proof under accepted C1/D005; retain prior unaffected proof.,D-MD-B18-A002-005,2026-09-19T00:28:01.759740+00:00,"Scoped C06 completeness only; no denominator satisfaction, binding or closure promotion."
MD-REL-0629,E-MD-B18-A002-027,MD-B18-A002-BL001,RELATED,C06 consumption implementation and scoped completeness proof under accepted C1/D005; retain prior unaffected proof.,D-MD-B18-A002-005,2026-09-19T00:28:01.759740+00:00,"Scoped C06 completeness only; no denominator satisfaction, binding or closure promotion."
MD-REL-0630,E-MD-B18-A002-028,E-MD-B18-A002-027,RELATED,C07 partial RAW lineage implementation and bounded proof under accepted C1/D005; retain prior unaffected proof.,D-MD-B18-A002-005,2026-09-19T17:20:33.971545+00:00,"No C07/whole-C1 completeness, denominator satisfaction, binding or closure promotion."
MD-REL-0631,E-MD-B18-A002-028,F-MD-B18-A002-013,RELATED,C07 partial RAW lineage implementation and bounded proof under accepted C1/D005; retain prior unaffected proof.,D-MD-B18-A002-005,2026-09-19T17:20:33.971545+00:00,"No C07/whole-C1 completeness, denominator satisfaction, binding or closure promotion."
MD-REL-0632,E-MD-B18-A002-028,D-MD-B18-A002-005,RELATED,C07 partial RAW lineage implementation and bounded proof under accepted C1/D005; retain prior unaffected proof.,D-MD-B18-A002-005,2026-09-19T17:20:33.971545+00:00,"No C07/whole-C1 completeness, denominator satisfaction, binding or closure promotion."
MD-REL-0633,E-MD-B18-A002-028,CI-MD-B18-A002-001,RELATED,C07 partial RAW lineage implementation and bounded proof under accepted C1/D005; retain prior unaffected proof.,D-MD-B18-A002-005,2026-09-19T17:20:33.971545+00:00,"No C07/whole-C1 completeness, denominator satisfaction, binding or closure promotion."
MD-REL-0634,E-MD-B18-A002-028,MD-B18-A002-BL001,RELATED,C07 partial RAW lineage implementation and bounded proof under accepted C1/D005; retain prior unaffected proof.,D-MD-B18-A002-005,2026-09-19T17:20:33.971545+00:00,"No C07/whole-C1 completeness, denominator satisfaction, binding or closure promotion."
MD-REL-0635,E-MD-B18-A002-029,E-MD-B18-A002-028,RELATED,C07 independent completeness implementation and falsification under accepted C1/D005; E028 capture/content and unaffected prior proof retained.,D-MD-B18-A002-005,2026-09-20T02:08:59.180545+00:00,"C07 scoped proof only; no whole-C1 completeness, denominator satisfaction, binding or stage closure."
MD-REL-0636,E-MD-B18-A002-029,F-MD-B18-A002-013,RELATED,C07 independent completeness implementation and falsification under accepted C1/D005; E028 capture/content and unaffected prior proof retained.,D-MD-B18-A002-005,2026-09-20T02:08:59.180545+00:00,"C07 scoped proof only; no whole-C1 completeness, denominator satisfaction, binding or stage closure."
MD-REL-0637,E-MD-B18-A002-029,D-MD-B18-A002-005,RELATED,C07 independent completeness implementation and falsification under accepted C1/D005; E028 capture/content and unaffected prior proof retained.,D-MD-B18-A002-005,2026-09-20T02:08:59.180545+00:00,"C07 scoped proof only; no whole-C1 completeness, denominator satisfaction, binding or stage closure."
MD-REL-0638,E-MD-B18-A002-029,CI-MD-B18-A002-001,RELATED,C07 independent completeness implementation and falsification under accepted C1/D005; E028 capture/content and unaffected prior proof retained.,D-MD-B18-A002-005,2026-09-20T02:08:59.180545+00:00,"C07 scoped proof only; no whole-C1 completeness, denominator satisfaction, binding or stage closure."
MD-REL-0639,E-MD-B18-A002-029,MD-B18-A002-BL001,RELATED,C07 independent completeness implementation and falsification under accepted C1/D005; E028 capture/content and unaffected prior proof retained.,D-MD-B18-A002-005,2026-09-20T02:08:59.180545+00:00,"C07 scoped proof only; no whole-C1 completeness, denominator satisfaction, binding or stage closure."
MD-REL-0640,D-MD-B18-A002-011,E-MD-B18-A002-085,RELATED,Owner first-fixture decision is supported by authority-fit and verification-impact review.,D-MD-B18-A002-011,2026-09-27T00:50:07+07:00,No runtime proof or predicate promotion.
MD-REL-0641,D-MD-B18-A002-011,F-MD-B18-A002-017,RELATED,Decision resolves first R0025 fixture admission ambiguity within open F-017.,D-MD-B18-A002-011,2026-09-27T00:50:07+07:00,F-017 remains OPEN.
MD-REL-0642,E-MD-B18-A002-085,F-MD-B18-A002-017,RELATED,Read-only R0024 impact and R0025 admission-gap review for F-017.,D-MD-B18-A002-011,2026-09-27T00:50:07+07:00,R0025 remains INCOMPLETE.
MD-REL-0643,D-MD-B18-A002-011,CI-MD-B18-A002-001,RELATED,Current attempt change-impact declaration bounds the controlled governance revision.,D-MD-B18-A002-011,2026-09-27T00:50:07+07:00,Strategy freeze unchanged.
MD-REL-0644,F-MD-B18-A002-023,F-MD-B18-A002-017,RELATED,B10 hash defect blocks the open F-017 R0025 independent-fixture unit.,,2026-09-27T11:37:01+07:00,No proof transfer or historical evidence rewrite.
MD-REL-0645,F-MD-B18-A002-023,E-MD-B18-A002-086,RELATED,Finding is supported by the current-verification impact evidence.,,2026-09-27T11:37:01+07:00,No proof transfer or historical evidence rewrite.
MD-REL-0646,F-MD-B18-A002-023,E-MD-B10-A001-001,RELATED,Prior B10 evidence retains narrower valid claims; eleven claimed predicate bindings are invalidated.,,2026-09-27T11:37:01+07:00,No proof transfer or historical evidence rewrite.
MD-REL-0647,F-MD-B18-A002-023,SC-MD-B10-A001-001,RELATED,Prior B10 closure remains immutable but is no longer current-sufficient.,,2026-09-27T11:37:01+07:00,No proof transfer or historical evidence rewrite.
MD-REL-0648,E-MD-B18-A002-086,F-MD-B18-A002-023,RELATED,Evidence records the finding and current-verification correction.,,2026-09-27T11:37:01+07:00,No proof transfer or historical evidence rewrite.
MD-REL-0649,E-MD-B18-A002-086,F-MD-B18-A002-017,RELATED,R0025 fixture work is paused on the cross-stage hash dependency.,,2026-09-27T11:37:01+07:00,No proof transfer or historical evidence rewrite.
MD-REL-0650,E-MD-B18-A002-086,E-MD-B05-A001-001,DERIVED_FROM,B05 proof was reviewed on its bounded temporal and alias scope and retained.,,2026-09-27T11:37:01+07:00,No proof transfer or historical evidence rewrite.
MD-REL-0651,E-MD-B18-A002-086,E-MD-B10-A001-001,DERIVED_FROM,B10 audit-hash proof mapping was reviewed and found insufficient for eleven rows.,,2026-09-27T11:37:01+07:00,No proof transfer or historical evidence rewrite.
MD-REL-0652,E-MD-B18-A002-086,SC-MD-B10-A001-001,RELATED,B10 historical closure remains immutable while current sufficiency is withdrawn.,,2026-09-27T11:37:01+07:00,No proof transfer or historical evidence rewrite.
MD-REL-0653,E-MD-B18-A002-086,E-MD-B18-A002-085,RELATED,D011 fixture authority and prior R0025 incomplete state are retained.,,2026-09-27T11:37:01+07:00,No proof transfer or historical evidence rewrite.
MD-REL-0654,MD-B10-A002-BL001,MD-B10-A001-BL001,CARRIED_FROM,Successor B10 attempt carries prior baseline lineage without inheriting invalidated audit-hash proof.,,2026-09-27T11:51:58+07:00,B10 successor stage re-entry; blocked return MD-B18-A002 via MD-DEP-0020.
MD-REL-0655,MD-B10-A002-BL001,F-MD-B18-A002-023,RELATED,Re-entry baseline responds to the cross-stage B10 defect finding.,,2026-09-27T11:51:58+07:00,B10 successor stage re-entry; blocked return MD-B18-A002 via MD-DEP-0020.
MD-REL-0656,MD-B10-A002-BL001,E-MD-B18-A002-086,RELATED,Re-entry baseline starts after the affected-current-verification correction.,,2026-09-27T11:51:58+07:00,B10 successor stage re-entry; blocked return MD-B18-A002 via MD-DEP-0020.
MD-REL-0657,CI-MD-B10-A002-001,MD-B10-A002-BL001,RELATED,Change impact declaration is bound to its immutable A002 baseline.,,2026-09-27T11:51:58+07:00,B10 successor stage re-entry; blocked return MD-B18-A002 via MD-DEP-0020.
MD-REL-0658,CI-MD-B10-A002-001,F-MD-B18-A002-023,RELATED,A002 impact scope is the finding’s B10 implementation and proof remediation.,,2026-09-27T11:51:58+07:00,B10 successor stage re-entry; blocked return MD-B18-A002 via MD-DEP-0020.
MD-REL-0659,CI-MD-B10-A002-001,E-MD-B18-A002-086,RELATED,A002 starts from E086 eleven-row current-verification correction.,,2026-09-27T11:51:58+07:00,B10 successor stage re-entry; blocked return MD-B18-A002 via MD-DEP-0020.
MD-REL-0660,CI-MD-B10-A002-001,SC-MD-B10-A001-001,CARRIED_FROM,A001 closure remains immutable and historically scoped; A002 does not inherit its eleven invalidated bindings.,,2026-09-27T11:51:58+07:00,B10 successor stage re-entry; blocked return MD-B18-A002 via MD-DEP-0020.
MD-REL-0661,E-MD-B10-A002-001,E-MD-B18-A002-086,SUPERSEDES,Corrects incomplete eleven-rule affected scope; retains valid E086 conclusions and immutable bytes.,,2026-09-28T11:55:13+07:00,MD-DEP-0020 remains BLOCKING; return MD-B18-A002 only after B10 proof and successor closure.
MD-REL-0662,E-MD-B10-A002-001,E-MD-B10-A001-001,DERIVED_FROM,"Reviews prior B10 proof bindings; 56 invalidated, 1016 retained on unaffected scope.",,2026-09-28T11:55:13+07:00,MD-DEP-0020 remains BLOCKING; return MD-B18-A002 only after B10 proof and successor closure.
MD-REL-0663,E-MD-B10-A002-001,SC-MD-B10-A001-001,RELATED,Historical closure immutable; current full-coverage sufficiency remains withdrawn.,,2026-09-28T11:55:13+07:00,MD-DEP-0020 remains BLOCKING; return MD-B18-A002 only after B10 proof and successor closure.
MD-REL-0664,E-MD-B10-A002-001,E-MD-B05-A001-001,RELATED,B05 temporal/compatibility scope retained; no cross-allocation hash claim inherited.,,2026-09-28T11:55:13+07:00,MD-DEP-0020 remains BLOCKING; return MD-B18-A002 only after B10 proof and successor closure.
MD-REL-0665,E-MD-B10-A002-001,F-MD-B18-A002-023,RELATED,Records final finding scope in active B10 remediation and blocked return to B18.,,2026-09-28T11:55:13+07:00,MD-DEP-0020 remains BLOCKING; return MD-B18-A002 only after B10 proof and successor closure.
MD-REL-0666,E-MD-B10-A002-001,CI-MD-B10-A002-001,RELATED,Same remediation attempt impact scope updated under CI timing standard.,,2026-09-28T11:55:13+07:00,MD-DEP-0020 remains BLOCKING; return MD-B18-A002 only after B10 proof and successor closure.
MD-REL-0667,E-MD-B10-A002-001,MD-B10-A002-BL001,RELATED,Retains immutable entry baseline; final scope expansion does not rewrite entry facts.,,2026-09-28T11:55:13+07:00,MD-DEP-0020 remains BLOCKING; return MD-B18-A002 only after B10 proof and successor closure.
MD-REL-0668,F-MD-B18-A002-023,E-MD-B10-A002-001,RELATED,Open finding current affected-scope determination corrected.,,2026-09-28T11:55:13+07:00,MD-DEP-0020 remains BLOCKING; return MD-B18-A002 only after B10 proof and successor closure.
MD-REL-0669,CI-MD-B10-A002-001,E-MD-B10-A002-001,RELATED,Mutable declaration updated for final 56 affected predicates.,,2026-09-28T11:55:13+07:00,MD-DEP-0020 remains BLOCKING; return MD-B18-A002 only after B10 proof and successor closure.
MD-REL-0670,E-MD-B10-A002-002,F-MD-B18-A002-023,RELATED,A002 records unavailable shared-foundation delivery for the B18-origin finding.,,2026-09-28T14:51:16+07:00,MD-DEP-0021 blocks artifact integration; MD-DEP-0020/0019 remain BLOCKING. No new attempt/baseline.
MD-REL-0671,E-MD-B10-A002-002,F-MD-B10-A002-001,RELATED,Separate tooling discrepancy diagnosed without widening artifact implementation.,,2026-09-28T14:51:16+07:00,MD-DEP-0021 blocks artifact integration; MD-DEP-0020/0019 remain BLOCKING. No new attempt/baseline.
MD-REL-0672,E-MD-B10-A002-002,E-MD-B10-A002-001,DERIVED_FROM,Final 56-rule scope remains controlling and unchanged; no supersession.,,2026-09-28T14:51:16+07:00,MD-DEP-0021 blocks artifact integration; MD-DEP-0020/0019 remain BLOCKING. No new attempt/baseline.
MD-REL-0673,E-MD-B10-A002-002,MD-B10-A002-BL001,RELATED,Same immutable baseline retained for blocked continuation.,,2026-09-28T14:51:16+07:00,MD-DEP-0021 blocks artifact integration; MD-DEP-0020/0019 remain BLOCKING. No new attempt/baseline.
MD-REL-0674,E-MD-B10-A002-002,CI-MD-B10-A002-001,RELATED,Mutable change impact records dependency disposition with no implementation.,,2026-09-28T14:51:16+07:00,MD-DEP-0021 blocks artifact integration; MD-DEP-0020/0019 remain BLOCKING. No new attempt/baseline.
MD-REL-0675,F-MD-B10-A002-001,E-MD-B10-A002-002,RELATED,Evidence records actual and expected moved count.,,2026-09-28T14:51:16+07:00,MD-DEP-0021 blocks artifact integration; MD-DEP-0020/0019 remain BLOCKING. No new attempt/baseline.
MD-REL-0676,F-MD-B10-A002-001,E-MD-B10-A002-001,RELATED,Prior scope review reported pre-existing tooling discrepancy.,,2026-09-28T14:51:16+07:00,MD-DEP-0021 blocks artifact integration; MD-DEP-0020/0019 remain BLOCKING. No new attempt/baseline.
MD-REL-0677,F-MD-B18-A002-023,E-MD-B10-A002-002,RELATED,Open finding records upstream foundation prerequisite.,,2026-09-28T14:51:16+07:00,MD-DEP-0021 blocks artifact integration; MD-DEP-0020/0019 remain BLOCKING. No new attempt/baseline.
MD-REL-0678,CI-MD-B10-A002-001,E-MD-B10-A002-002,RELATED,Dependency disposition evidence correlated to same attempt.,,2026-09-28T14:51:16+07:00,MD-DEP-0021 blocks artifact integration; MD-DEP-0020/0019 remain BLOCKING. No new attempt/baseline.
MD-REL-0679,CI-MD-B10-A002-001,F-MD-B10-A002-001,RELATED,Separate tooling debt disclosed; no parallel execution track.,,2026-09-28T14:51:16+07:00,MD-DEP-0021 blocks artifact integration; MD-DEP-0020/0019 remain BLOCKING. No new attempt/baseline.
MD-REL-0680,E-MD-B10-A002-003,E-MD-B10-A002-002,DERIVED_FROM,Extends existing dependency diagnosis with repository-wide ownership/delivery search; no correction or supersession.,,2026-09-28T15:30:36+07:00,B18 -> MD-DEP-0020 -> same MD-B10-A002 -> MD-DEP-0021 -> unavailable upstream delivery. No resolution or proof promotion.
MD-REL-0681,E-MD-B10-A002-003,E-MD-B10-A002-001,DERIVED_FROM,Final affected scope remains controlling; no predicate promotion.,,2026-09-28T15:30:36+07:00,B18 -> MD-DEP-0020 -> same MD-B10-A002 -> MD-DEP-0021 -> unavailable upstream delivery. No resolution or proof promotion.
MD-REL-0682,E-MD-B10-A002-003,E-MD-B05-A001-001,RELATED,Reconciles bounded B05 resolver proof with separate upstream identity delivery guarantee.,,2026-09-28T15:30:36+07:00,B18 -> MD-DEP-0020 -> same MD-B10-A002 -> MD-DEP-0021 -> unavailable upstream delivery. No resolution or proof promotion.
MD-REL-0683,E-MD-B10-A002-003,F-MD-B18-A002-023,RELATED,B18-origin finding retains foundation delivery/accountability blocker.,,2026-09-28T15:30:36+07:00,B18 -> MD-DEP-0020 -> same MD-B10-A002 -> MD-DEP-0021 -> unavailable upstream delivery. No resolution or proof promotion.
MD-REL-0684,E-MD-B10-A002-003,CI-MD-B10-A002-001,RELATED,Same mutable declaration records no integration without actual source.,,2026-09-28T15:30:36+07:00,B18 -> MD-DEP-0020 -> same MD-B10-A002 -> MD-DEP-0021 -> unavailable upstream delivery. No resolution or proof promotion.
MD-REL-0685,E-MD-B10-A002-003,MD-B10-A002-BL001,RELATED,Same immutable re-entry baseline retained.,,2026-09-28T15:30:36+07:00,B18 -> MD-DEP-0020 -> same MD-B10-A002 -> MD-DEP-0021 -> unavailable upstream delivery. No resolution or proof promotion.
MD-REL-0686,F-MD-B18-A002-023,E-MD-B10-A002-003,RELATED,Finding incorporates exact upstream delivery prerequisite; B18 remains blocked through 0020.,,2026-09-28T15:30:36+07:00,B18 -> MD-DEP-0020 -> same MD-B10-A002 -> MD-DEP-0021 -> unavailable upstream delivery. No resolution or proof promotion.
MD-REL-0687,CI-MD-B10-A002-001,E-MD-B10-A002-003,RELATED,Same attempt records clarified 0021 owner/source unavailability.,,2026-09-28T15:30:36+07:00,B18 -> MD-DEP-0020 -> same MD-B10-A002 -> MD-DEP-0021 -> unavailable upstream delivery. No resolution or proof promotion.
MD-REL-0688,E-MD-B10-A002-004,E-MD-B10-A002-003,DERIVED_FROM,Clarifies logical versus deployment ownership and factual source prerequisite; prior no-delivery conclusion retained.,,2026-09-28T16:06:44+07:00,"Same A002/BL001. MD-DEP-0021/0020/0019 BLOCKING; no resolution, proof promotion or authority mutation."
MD-REL-0689,E-MD-B10-A002-004,E-MD-B10-A002-002,DERIVED_FROM,Retains foundation unavailable/artifact prerequisite without requiring an external identity service.,,2026-09-28T16:06:44+07:00,"Same A002/BL001. MD-DEP-0021/0020/0019 BLOCKING; no resolution, proof promotion or authority mutation."
MD-REL-0690,E-MD-B10-A002-004,E-MD-B10-A002-001,RELATED,Final 56-rule affected scope unchanged by architecture/source review.,,2026-09-28T16:06:44+07:00,"Same A002/BL001. MD-DEP-0021/0020/0019 BLOCKING; no resolution, proof promotion or authority mutation."
MD-REL-0691,E-MD-B10-A002-004,E-MD-B05-A001-001,RELATED,B05 bounded resolver proof retained; no upstream facts or new runtime proof credited.,,2026-09-28T16:06:44+07:00,"Same A002/BL001. MD-DEP-0021/0020/0019 BLOCKING; no resolution, proof promotion or authority mutation."
MD-REL-0692,E-MD-B10-A002-004,F-MD-B18-A002-023,RELATED,Existing OPEN defect now records same-repository permitted shared delivery and source-data dependency.,,2026-09-28T16:06:44+07:00,"Same A002/BL001. MD-DEP-0021/0020/0019 BLOCKING; no resolution, proof promotion or authority mutation."
MD-REL-0693,E-MD-B10-A002-004,CI-MD-B10-A002-001,RELATED,Same remediation and mutable impact continuation; no production/schema/test changes.,,2026-09-28T16:06:44+07:00,"Same A002/BL001. MD-DEP-0021/0020/0019 BLOCKING; no resolution, proof promotion or authority mutation."
MD-REL-0694,E-MD-B10-A002-004,MD-B10-A002-BL001,RELATED,"Same immutable baseline retained; analysis only, no parallel attempt.",,2026-09-28T16:06:44+07:00,"Same A002/BL001. MD-DEP-0021/0020/0019 BLOCKING; no resolution, proof promotion or authority mutation."
MD-REL-0695,F-MD-B18-A002-023,E-MD-B10-A002-004,RELATED,Finding uses current authority/source dependency clarification.,,2026-09-28T16:06:44+07:00,"Same A002/BL001. MD-DEP-0021/0020/0019 BLOCKING; no resolution, proof promotion or authority mutation."
MD-REL-0696,CI-MD-B10-A002-001,E-MD-B10-A002-004,RELATED,Impact continuation records current dependency and source-first resume.,,2026-09-28T16:06:44+07:00,"Same A002/BL001. MD-DEP-0021/0020/0019 BLOCKING; no resolution, proof promotion or authority mutation."
MD-REL-0697,E-MD-B10-A002-005,E-MD-B10-A002-004,DERIVED_FROM,Extends documentation sufficiency with actual data inventory and bounded admission.,,2026-09-28T23:56:14+07:00,"Same A002/BL001. Foundation partial facts/roles only, no closure or proof; 0021/0020/0019 BLOCKING."
MD-REL-0698,E-MD-B10-A002-005,E-MD-B10-A002-003,RELATED,"Retains historical no-delivery conclusion, resolves current logical accountability/data-basis portion only.",,2026-09-28T23:56:14+07:00,"Same A002/BL001. Foundation partial facts/roles only, no closure or proof; 0021/0020/0019 BLOCKING."
MD-REL-0699,E-MD-B10-A002-005,E-MD-B10-A002-002,RELATED,Foundation implementation and allocation-independent delivery still pending.,,2026-09-28T23:56:14+07:00,"Same A002/BL001. Foundation partial facts/roles only, no closure or proof; 0021/0020/0019 BLOCKING."
MD-REL-0700,E-MD-B10-A002-005,E-MD-B10-A002-001,RELATED,Final 56 current-verification rules unchanged.,,2026-09-28T23:56:14+07:00,"Same A002/BL001. Foundation partial facts/roles only, no closure or proof; 0021/0020/0019 BLOCKING."
MD-REL-0701,E-MD-B10-A002-005,E-MD-B05-A001-001,RELATED,B05 bounded proof unchanged; stored source history not inferred from past proof.,,2026-09-28T23:56:14+07:00,"Same A002/BL001. Foundation partial facts/roles only, no closure or proof; 0021/0020/0019 BLOCKING."
MD-REL-0702,E-MD-B10-A002-005,F-MD-B18-A002-023,RELATED,Existing defect tracks partial factual basis and unresolved implementation delivery.,,2026-09-28T23:56:14+07:00,"Same A002/BL001. Foundation partial facts/roles only, no closure or proof; 0021/0020/0019 BLOCKING."
MD-REL-0703,E-MD-B10-A002-005,CI-MD-B10-A002-001,RELATED,Same attempt current impact covers raw source/admission and governance only.,,2026-09-28T23:56:14+07:00,"Same A002/BL001. Foundation partial facts/roles only, no closure or proof; 0021/0020/0019 BLOCKING."
MD-REL-0704,E-MD-B10-A002-005,MD-B10-A002-BL001,RELATED,Same valid baseline retained; no parallel attempt.,,2026-09-28T23:56:14+07:00,"Same A002/BL001. Foundation partial facts/roles only, no closure or proof; 0021/0020/0019 BLOCKING."
MD-REL-0705,E-MD-B10-A002-005,D-MD-B10-A002-001,RELATED,Shared implementation/data-stewardship roles supplied by bounded ownership decision.,,2026-09-28T23:56:14+07:00,"Same A002/BL001. Foundation partial facts/roles only, no closure or proof; 0021/0020/0019 BLOCKING."
MD-REL-0706,D-MD-B10-A002-001,E-MD-B10-A002-004,DERIVED_FROM,Existing authority permits same-repository shared logical owner assignment.,,2026-09-28T23:56:14+07:00,"Same A002/BL001. Foundation partial facts/roles only, no closure or proof; 0021/0020/0019 BLOCKING."
MD-REL-0707,D-MD-B10-A002-001,E-MD-B10-A002-005,RELATED,Decision routes data-readiness/admission factual scope to correlated evidence.,,2026-09-28T23:56:14+07:00,"Same A002/BL001. Foundation partial facts/roles only, no closure or proof; 0021/0020/0019 BLOCKING."
MD-REL-0708,D-MD-B10-A002-001,F-MD-B18-A002-023,RELATED,Routes upstream prerequisite to actionable shared project role.,,2026-09-28T23:56:14+07:00,"Same A002/BL001. Foundation partial facts/roles only, no closure or proof; 0021/0020/0019 BLOCKING."
MD-REL-0709,D-MD-B10-A002-001,CI-MD-B10-A002-001,RELATED,Ownership continuation within same correlated dependency work.,,2026-09-28T23:56:14+07:00,"Same A002/BL001. Foundation partial facts/roles only, no closure or proof; 0021/0020/0019 BLOCKING."
MD-REL-0710,D-MD-B10-A002-001,MD-B10-A002-BL001,RELATED,No baseline/attempt replacement.,,2026-09-28T23:56:14+07:00,"Same A002/BL001. Foundation partial facts/roles only, no closure or proof; 0021/0020/0019 BLOCKING."
MD-REL-0711,F-MD-B18-A002-023,E-MD-B10-A002-005,RELATED,Current factual source-basis clarification.,,2026-09-28T23:56:14+07:00,"Same A002/BL001. Foundation partial facts/roles only, no closure or proof; 0021/0020/0019 BLOCKING."
MD-REL-0712,F-MD-B18-A002-023,D-MD-B10-A002-001,RELATED,Current accountable shared owner assignment.,,2026-09-28T23:56:14+07:00,"Same A002/BL001. Foundation partial facts/roles only, no closure or proof; 0021/0020/0019 BLOCKING."
MD-REL-0713,CI-MD-B10-A002-001,E-MD-B10-A002-005,RELATED,Actual raw source/admission impact recorded.,,2026-09-28T23:56:14+07:00,"Same A002/BL001. Foundation partial facts/roles only, no closure or proof; 0021/0020/0019 BLOCKING."
MD-REL-0714,CI-MD-B10-A002-001,D-MD-B10-A002-001,RELATED,Same-repository shared role and stewardship boundary recorded.,,2026-09-28T23:56:14+07:00,"Same A002/BL001. Foundation partial facts/roles only, no closure or proof; 0021/0020/0019 BLOCKING."
MD-REL-0715,E-MD-B10-A002-006,E-MD-B10-A002-005,DERIVED_FROM,Bounded shared foundation core evidence/technical decision correlated to the same A002 baseline and cross-stage F023/0021 chain; no inherited B10/B18 proof.,D-MD-B10-A002-001,2026-09-29T00:53:32+07:00,E006/D002 core checkpoint; dependencies remain BLOCKING.
MD-REL-0716,E-MD-B10-A002-006,E-MD-B10-A002-002,RELATED,Bounded shared foundation core evidence/technical decision correlated to the same A002 baseline and cross-stage F023/0021 chain; no inherited B10/B18 proof.,D-MD-B10-A002-001,2026-09-29T00:53:32+07:00,E006/D002 core checkpoint; dependencies remain BLOCKING.
MD-REL-0717,E-MD-B10-A002-006,E-MD-B10-A002-001,RELATED,Bounded shared foundation core evidence/technical decision correlated to the same A002 baseline and cross-stage F023/0021 chain; no inherited B10/B18 proof.,D-MD-B10-A002-001,2026-09-29T00:53:32+07:00,E006/D002 core checkpoint; dependencies remain BLOCKING.
MD-REL-0718,E-MD-B10-A002-006,E-MD-B05-A001-001,RELATED,Bounded shared foundation core evidence/technical decision correlated to the same A002 baseline and cross-stage F023/0021 chain; no inherited B10/B18 proof.,D-MD-B10-A002-001,2026-09-29T00:53:32+07:00,E006/D002 core checkpoint; dependencies remain BLOCKING.
MD-REL-0719,E-MD-B10-A002-006,CI-MD-B10-A002-001,RELATED,Bounded shared foundation core evidence/technical decision correlated to the same A002 baseline and cross-stage F023/0021 chain; no inherited B10/B18 proof.,D-MD-B10-A002-001,2026-09-29T00:53:32+07:00,E006/D002 core checkpoint; dependencies remain BLOCKING.
MD-REL-0720,E-MD-B10-A002-006,MD-B10-A002-BL001,RELATED,Bounded shared foundation core evidence/technical decision correlated to the same A002 baseline and cross-stage F023/0021 chain; no inherited B10/B18 proof.,D-MD-B10-A002-001,2026-09-29T00:53:32+07:00,E006/D002 core checkpoint; dependencies remain BLOCKING.
MD-REL-0721,E-MD-B10-A002-006,D-MD-B10-A002-001,RELATED,Bounded shared foundation core evidence/technical decision correlated to the same A002 baseline and cross-stage F023/0021 chain; no inherited B10/B18 proof.,D-MD-B10-A002-001,2026-09-29T00:53:32+07:00,E006/D002 core checkpoint; dependencies remain BLOCKING.
MD-REL-0722,E-MD-B10-A002-006,D-MD-B10-A002-002,RELATED,Bounded shared foundation core evidence/technical decision correlated to the same A002 baseline and cross-stage F023/0021 chain; no inherited B10/B18 proof.,D-MD-B10-A002-001,2026-09-29T00:53:32+07:00,E006/D002 core checkpoint; dependencies remain BLOCKING.
MD-REL-0723,E-MD-B10-A002-006,F-MD-B18-A002-023,RELATED,Bounded shared foundation core evidence/technical decision correlated to the same A002 baseline and cross-stage F023/0021 chain; no inherited B10/B18 proof.,D-MD-B10-A002-001,2026-09-29T00:53:32+07:00,E006/D002 core checkpoint; dependencies remain BLOCKING.
MD-REL-0724,D-MD-B10-A002-002,D-MD-B10-A002-001,DERIVED_FROM,Bounded shared foundation core evidence/technical decision correlated to the same A002 baseline and cross-stage F023/0021 chain; no inherited B10/B18 proof.,D-MD-B10-A002-001,2026-09-29T00:53:32+07:00,E006/D002 core checkpoint; dependencies remain BLOCKING.
MD-REL-0725,D-MD-B10-A002-002,E-MD-B10-A002-005,RELATED,Bounded shared foundation core evidence/technical decision correlated to the same A002 baseline and cross-stage F023/0021 chain; no inherited B10/B18 proof.,D-MD-B10-A002-001,2026-09-29T00:53:32+07:00,E006/D002 core checkpoint; dependencies remain BLOCKING.
MD-REL-0726,D-MD-B10-A002-002,E-MD-B10-A002-006,RELATED,Bounded shared foundation core evidence/technical decision correlated to the same A002 baseline and cross-stage F023/0021 chain; no inherited B10/B18 proof.,D-MD-B10-A002-001,2026-09-29T00:53:32+07:00,E006/D002 core checkpoint; dependencies remain BLOCKING.
MD-REL-0727,D-MD-B10-A002-002,CI-MD-B10-A002-001,RELATED,Bounded shared foundation core evidence/technical decision correlated to the same A002 baseline and cross-stage F023/0021 chain; no inherited B10/B18 proof.,D-MD-B10-A002-001,2026-09-29T00:53:32+07:00,E006/D002 core checkpoint; dependencies remain BLOCKING.
MD-REL-0728,D-MD-B10-A002-002,MD-B10-A002-BL001,RELATED,Bounded shared foundation core evidence/technical decision correlated to the same A002 baseline and cross-stage F023/0021 chain; no inherited B10/B18 proof.,D-MD-B10-A002-001,2026-09-29T00:53:32+07:00,E006/D002 core checkpoint; dependencies remain BLOCKING.
MD-REL-0729,D-MD-B10-A002-002,F-MD-B18-A002-023,RELATED,Bounded shared foundation core evidence/technical decision correlated to the same A002 baseline and cross-stage F023/0021 chain; no inherited B10/B18 proof.,D-MD-B10-A002-001,2026-09-29T00:53:32+07:00,E006/D002 core checkpoint; dependencies remain BLOCKING.
MD-REL-0730,F-MD-B18-A002-023,E-MD-B10-A002-006,RELATED,Bounded shared foundation core evidence/technical decision correlated to the same A002 baseline and cross-stage F023/0021 chain; no inherited B10/B18 proof.,D-MD-B10-A002-001,2026-09-29T00:53:32+07:00,E006/D002 core checkpoint; dependencies remain BLOCKING.
MD-REL-0731,F-MD-B18-A002-023,D-MD-B10-A002-002,RELATED,Bounded shared foundation core evidence/technical decision correlated to the same A002 baseline and cross-stage F023/0021 chain; no inherited B10/B18 proof.,D-MD-B10-A002-001,2026-09-29T00:53:32+07:00,E006/D002 core checkpoint; dependencies remain BLOCKING.
MD-REL-0732,CI-MD-B10-A002-001,E-MD-B10-A002-006,RELATED,Bounded shared foundation core evidence/technical decision correlated to the same A002 baseline and cross-stage F023/0021 chain; no inherited B10/B18 proof.,D-MD-B10-A002-001,2026-09-29T00:53:32+07:00,E006/D002 core checkpoint; dependencies remain BLOCKING.
MD-REL-0733,CI-MD-B10-A002-001,D-MD-B10-A002-002,RELATED,Bounded shared foundation core evidence/technical decision correlated to the same A002 baseline and cross-stage F023/0021 chain; no inherited B10/B18 proof.,D-MD-B10-A002-001,2026-09-29T00:53:32+07:00,E006/D002 core checkpoint; dependencies remain BLOCKING.
MD-REL-0734,E-MD-B10-A002-007,E-MD-B10-A002-006,DERIVED_FROM,IKPM listing admission extends the proven shared core without rewriting its evidence.,D-MD-B10-A002-001,2026-09-29T07:05:00+07:00,E007 bounded listing checkpoint; dependencies remain BLOCKING.
MD-REL-0735,E-MD-B10-A002-007,E-MD-B10-A002-005,DERIVED_FROM,Successor source package extends the immutable bounded source basis and retains its IKPM issuer/instrument roots.,D-MD-B10-A002-001,2026-09-29T07:05:00+07:00,E007 bounded listing checkpoint; dependencies remain BLOCKING.
MD-REL-0736,E-MD-B10-A002-007,E-MD-B10-A002-001,RELATED,Final 56-rule B10 affected scope remains controlling and unchanged; no predicate promotion.,D-MD-B10-A002-001,2026-09-29T07:05:00+07:00,E007 bounded listing checkpoint; dependencies remain BLOCKING.
MD-REL-0737,E-MD-B10-A002-007,E-MD-B05-A001-001,RELATED,B05 temporal resolver proof remains valid on its bounded scope and is not reopened by shared-foundation admission.,D-MD-B10-A002-001,2026-09-29T07:05:00+07:00,E007 bounded listing checkpoint; dependencies remain BLOCKING.
MD-REL-0738,E-MD-B10-A002-007,CI-MD-B10-A002-001,RELATED,The same A002 change-impact declaration records the bounded listing source/admission surface.,D-MD-B10-A002-001,2026-09-29T07:05:00+07:00,E007 bounded listing checkpoint; dependencies remain BLOCKING.
MD-REL-0739,E-MD-B10-A002-007,MD-B10-A002-BL001,RELATED,The same immutable remediation baseline is retained; no new attempt or baseline.,D-MD-B10-A002-001,2026-09-29T07:05:00+07:00,E007 bounded listing checkpoint; dependencies remain BLOCKING.
MD-REL-0740,E-MD-B10-A002-007,D-MD-B10-A002-001,RELATED,Listing admission remains under the shared foundation ownership and stewardship boundary.,D-MD-B10-A002-001,2026-09-29T07:05:00+07:00,E007 bounded listing checkpoint; dependencies remain BLOCKING.
MD-REL-0741,E-MD-B10-A002-007,D-MD-B10-A002-002,RELATED,Retained assignment and fail-closed consumer mechanics follow the accepted foundation-core technical decision.,D-MD-B10-A002-001,2026-09-29T07:05:00+07:00,E007 bounded listing checkpoint; dependencies remain BLOCKING.
MD-REL-0742,E-MD-B10-A002-007,F-MD-B18-A002-023,RELATED,First real listing progress is recorded against the open B10 semantic-hash prerequisite finding.,D-MD-B10-A002-001,2026-09-29T07:05:00+07:00,E007 bounded listing checkpoint; dependencies remain BLOCKING.
MD-REL-0743,F-MD-B18-A002-023,E-MD-B10-A002-007,RELATED,The open finding records the bounded listing checkpoint and remaining temporal/intake blocker.,D-MD-B10-A002-001,2026-09-29T07:05:00+07:00,E007 bounded listing checkpoint; dependencies remain BLOCKING.
MD-REL-0744,CI-MD-B10-A002-001,E-MD-B10-A002-007,RELATED,The mutable change-impact record identifies actual implementation/tests and preserves the no-promotion boundary.,D-MD-B10-A002-001,2026-09-29T07:05:00+07:00,E007 bounded listing checkpoint; dependencies remain BLOCKING.
MD-REL-0745,E-MD-B10-A002-008,E-MD-B10-A002-007,DERIVED_FROM,The current-window package and proof extend the retained listing/provider checkpoint without rewriting it.,D-MD-B10-A002-001,2026-09-29T07:46:10+07:00,E008 consumer-ready foundation instant; dependencies remain BLOCKING.
MD-REL-0746,E-MD-B10-A002-008,E-MD-B10-A002-006,RELATED,The temporal-window proof reuses the proven shared foundation core and retained registry contract.,D-MD-B10-A002-001,2026-09-29T07:46:10+07:00,E008 consumer-ready foundation instant; dependencies remain BLOCKING.
MD-REL-0747,E-MD-B10-A002-008,E-MD-B10-A002-001,RELATED,Final 56-rule B10 affected scope remains controlling and unchanged; no predicate promotion.,D-MD-B10-A002-001,2026-09-29T07:46:10+07:00,E008 consumer-ready foundation instant; dependencies remain BLOCKING.
MD-REL-0748,E-MD-B10-A002-008,E-MD-B05-A001-001,RELATED,B05 temporal resolver proof remains valid on its bounded scope and is not reopened.,D-MD-B10-A002-001,2026-09-29T07:46:10+07:00,E008 consumer-ready foundation instant; dependencies remain BLOCKING.
MD-REL-0749,E-MD-B10-A002-008,CI-MD-B10-A002-001,RELATED,The same A002 change-impact declaration records the v3 admission and focused proof surface.,D-MD-B10-A002-001,2026-09-29T07:46:10+07:00,E008 consumer-ready foundation instant; dependencies remain BLOCKING.
MD-REL-0750,E-MD-B10-A002-008,MD-B10-A002-BL001,RELATED,The same immutable remediation baseline is retained; no new attempt or baseline.,D-MD-B10-A002-001,2026-09-29T07:46:10+07:00,E008 consumer-ready foundation instant; dependencies remain BLOCKING.
MD-REL-0751,E-MD-B10-A002-008,D-MD-B10-A002-001,RELATED,The bounded temporal admission remains under the accepted shared ownership boundary.,D-MD-B10-A002-001,2026-09-29T07:46:10+07:00,E008 consumer-ready foundation instant; dependencies remain BLOCKING.
MD-REL-0752,E-MD-B10-A002-008,D-MD-B10-A002-002,RELATED,Retained revisions and fail-closed resolution follow the accepted foundation-core technical decision.,D-MD-B10-A002-001,2026-09-29T07:46:10+07:00,E008 consumer-ready foundation instant; dependencies remain BLOCKING.
MD-REL-0753,E-MD-B10-A002-008,F-MD-B18-A002-023,RELATED,The first consumer-ready foundation instant is recorded against the open B10 semantic-hash prerequisite finding.,D-MD-B10-A002-001,2026-09-29T07:46:10+07:00,E008 consumer-ready foundation instant; dependencies remain BLOCKING.
MD-REL-0754,F-MD-B18-A002-023,E-MD-B10-A002-008,RELATED,The open finding records foundation readiness and the remaining Market Data integration blocker.,D-MD-B10-A002-001,2026-09-29T07:46:10+07:00,E008 consumer-ready foundation instant; dependencies remain BLOCKING.
MD-REL-0755,CI-MD-B10-A002-001,E-MD-B10-A002-008,RELATED,The mutable change-impact record identifies the exact v3 implementation/tests and preserves the no-promotion boundary.,D-MD-B10-A002-001,2026-09-29T07:46:10+07:00,E008 consumer-ready foundation instant; dependencies remain BLOCKING.
MD-REL-0756,E-MD-B10-A002-009,E-MD-B10-A002-008,DERIVED_FROM,Market Data consumer integration consumes the exact E008 foundation instant without rewriting its source or proof.,D-MD-B10-A002-001,2026-09-29T12:09:21+07:00,E009 bounded consumer-integration checkpoint; dependencies remain BLOCKING.
MD-REL-0757,E-MD-B10-A002-009,E-MD-B10-A002-007,RELATED,The consumer proof retains the admitted IKPM listing and its temporal limitations.,D-MD-B10-A002-001,2026-09-29T12:09:21+07:00,E009 bounded consumer-integration checkpoint; dependencies remain BLOCKING.
MD-REL-0758,E-MD-B10-A002-009,E-MD-B10-A002-006,RELATED,The integration reuses the proven retained-root foundation core and fail-closed shared contract.,D-MD-B10-A002-001,2026-09-29T12:09:21+07:00,E009 bounded consumer-integration checkpoint; dependencies remain BLOCKING.
MD-REL-0759,E-MD-B10-A002-009,E-MD-B10-A002-001,RELATED,Final 56-rule B10 affected scope remains controlling and unchanged; no predicate promotion.,D-MD-B10-A002-001,2026-09-29T12:09:21+07:00,E009 bounded consumer-integration checkpoint; dependencies remain BLOCKING.
MD-REL-0760,E-MD-B10-A002-009,E-MD-B05-A001-001,RELATED,Legacy B05 temporal projection remains separate and its bounded 117-of-117 proof is retained.,D-MD-B10-A002-001,2026-09-29T12:09:21+07:00,E009 bounded consumer-integration checkpoint; dependencies remain BLOCKING.
MD-REL-0761,E-MD-B10-A002-009,CI-MD-B10-A002-001,RELATED,The same A002 change-impact declaration records the explicit shared resolver boundary and focused proof.,D-MD-B10-A002-001,2026-09-29T12:09:21+07:00,E009 bounded consumer-integration checkpoint; dependencies remain BLOCKING.
MD-REL-0762,E-MD-B10-A002-009,MD-B10-A002-BL001,RELATED,The same immutable remediation baseline is retained; no new attempt or baseline.,D-MD-B10-A002-001,2026-09-29T12:09:21+07:00,E009 bounded consumer-integration checkpoint; dependencies remain BLOCKING.
MD-REL-0763,E-MD-B10-A002-009,D-MD-B10-A002-001,RELATED,The integration preserves the accepted shared foundation ownership and consumer boundary.,D-MD-B10-A002-001,2026-09-29T12:09:21+07:00,E009 bounded consumer-integration checkpoint; dependencies remain BLOCKING.
MD-REL-0764,E-MD-B10-A002-009,D-MD-B10-A002-002,RELATED,Retained roots and fail-closed resolution follow the accepted foundation-core technical decision.,D-MD-B10-A002-001,2026-09-29T12:09:21+07:00,E009 bounded consumer-integration checkpoint; dependencies remain BLOCKING.
MD-REL-0765,E-MD-B10-A002-009,F-MD-B18-A002-023,RELATED,Market Data intake progress is recorded against the open B10 semantic-hash prerequisite finding.,D-MD-B10-A002-001,2026-09-29T12:09:21+07:00,E009 bounded consumer-integration checkpoint; dependencies remain BLOCKING.
MD-REL-0766,F-MD-B18-A002-023,E-MD-B10-A002-009,RELATED,The open finding records proven foundation intake and the remaining artifact semantic-identity remediation.,D-MD-B10-A002-001,2026-09-29T12:09:21+07:00,E009 bounded consumer-integration checkpoint; dependencies remain BLOCKING.
MD-REL-0767,CI-MD-B10-A002-001,E-MD-B10-A002-009,RELATED,The mutable change-impact record identifies the actual consumer integration and preserves the no-promotion boundary.,D-MD-B10-A002-001,2026-09-29T12:09:21+07:00,E009 bounded consumer-integration checkpoint; dependencies remain BLOCKING.
MD-REL-0768,E-MD-B10-A002-010,E-MD-B10-A002-009,DERIVED_FROM,Artifact hashes consume the retained foundation roots exposed by the proven Market Data intake.,D-MD-B10-A002-001,2026-09-29T18:02:56+07:00,E010 bounded artifact checkpoint; dependencies remain BLOCKING and no rule is promoted.
MD-REL-0769,E-MD-B10-A002-010,E-MD-B10-A002-001,RELATED,Final 56-rule affected scope remains controlling; E010 proves only its bounded artifact clauses.,D-MD-B10-A002-001,2026-09-29T18:02:56+07:00,Publication/correction/seal and full reproof remain.
MD-REL-0770,E-MD-B10-A002-010,E-MD-B05-A001-001,RELATED,Legacy B05 identity proof remains valid and separate; V2 uses the new explicit foundation-required path.,D-MD-B10-A002-001,2026-09-29T18:02:56+07:00,B05 remains 117/117.
MD-REL-0771,E-MD-B10-A002-010,CI-MD-B10-A002-001,RELATED,Same A002 change impact records the bounded production/schema/test patch.,D-MD-B10-A002-001,2026-09-29T18:02:56+07:00,No new attempt or baseline.
MD-REL-0772,E-MD-B10-A002-010,MD-B10-A002-BL001,RELATED,The same immutable remediation baseline is retained.,D-MD-B10-A002-001,2026-09-29T18:02:56+07:00,No parallel remediation track.
MD-REL-0773,E-MD-B10-A002-010,D-MD-B10-A002-001,RELATED,The V2 artifact boundary consumes identities under the accepted shared ownership boundary.,D-MD-B10-A002-001,2026-09-29T18:02:56+07:00,No identity issuance semantics added.
MD-REL-0774,E-MD-B10-A002-010,D-MD-B10-A002-002,RELATED,Retained roots and fail-closed resolver behavior follow the accepted foundation technical contract.,D-MD-B10-A002-001,2026-09-29T18:02:56+07:00,No foundation redesign.
MD-REL-0775,E-MD-B10-A002-010,F-MD-B18-A002-023,RELATED,Bounded artifact remediation progress is recorded against the open semantic-hash finding.,D-MD-B10-A002-001,2026-09-29T18:02:56+07:00,Finding remains OPEN.
MD-REL-0776,F-MD-B18-A002-023,E-MD-B10-A002-010,RELATED,The open finding records completed artifact primitives and remaining publication/correction/seal work.,D-MD-B10-A002-001,2026-09-29T18:02:56+07:00,No rule promotion or closure.
MD-REL-0777,CI-MD-B10-A002-001,E-MD-B10-A002-010,RELATED,"Mutable impact declaration identifies actual implementation, migration and focused proof.",D-MD-B10-A002-001,2026-09-29T18:02:56+07:00,Final 56 remain NOT_ASSESSED.
MD-REL-0778,E-MD-B10-A002-011,E-MD-B10-A002-010,DERIVED_FROM,Publication correction and seal V2 consume the three E010 V2 artifact roots.,D-MD-B10-A002-001,2026-09-30T16:11:48+07:00,Same attempt baseline and change impact; no predicate promotion.
MD-REL-0779,E-MD-B10-A002-011,E-MD-B10-A002-001,RELATED,Final 56-rule affected scope remains controlling and E011 proves only bounded successor-profile clauses.,D-MD-B10-A002-001,2026-09-30T16:11:48+07:00,Nested semantic inputs deployment and complete reproof remain.
MD-REL-0780,E-MD-B10-A002-011,E-MD-B05-A001-001,RELATED,Legacy B05 temporal identity proof remains valid and separate.,D-MD-B10-A002-001,2026-09-30T16:11:48+07:00,B05 remains 117/117.
MD-REL-0781,E-MD-B10-A002-011,CI-MD-B10-A002-001,RELATED,Same mutable impact declaration records the additive V2 publication correction and seal patch.,D-MD-B10-A002-001,2026-09-30T16:11:48+07:00,No new attempt or baseline.
MD-REL-0782,E-MD-B10-A002-011,MD-B10-A002-BL001,RELATED,The same immutable remediation baseline is retained.,D-MD-B10-A002-001,2026-09-30T16:11:48+07:00,No parallel remediation track.
MD-REL-0783,E-MD-B10-A002-011,D-MD-B10-A002-001,RELATED,V2 publication identity consumes artifacts under the accepted shared ownership boundary.,D-MD-B10-A002-001,2026-09-30T16:11:48+07:00,No identity semantics added.
MD-REL-0784,E-MD-B10-A002-011,D-MD-B10-A002-002,RELATED,Successor profile consumes retained-root artifact identity under the accepted foundation contract.,D-MD-B10-A002-001,2026-09-30T16:11:48+07:00,No foundation redesign.
MD-REL-0785,E-MD-B10-A002-011,F-MD-B18-A002-023,RELATED,Bounded successor publication progress is recorded against the open semantic-hash finding.,D-MD-B10-A002-001,2026-09-30T16:11:48+07:00,Finding remains OPEN.
MD-REL-0786,F-MD-B18-A002-023,E-MD-B10-A002-011,RELATED,The open finding records completed publication correction and seal primitives and remaining nested/deployment/reproof work.,D-MD-B10-A002-001,2026-09-30T16:11:48+07:00,No rule promotion or closure.
MD-REL-0787,CI-MD-B10-A002-001,E-MD-B10-A002-011,RELATED,Mutable impact declaration identifies actual implementation migration proof and regression classification.,D-MD-B10-A002-001,2026-09-30T16:11:48+07:00,Final 56 remain NOT_ASSESSED.
MD-REL-0788,E-MD-B10-A002-012,E-MD-B10-A002-011,SUPERSEDES,"Corrects E011's env-reader classification, allocation-independence scope, probe provenance, failure labels and epoch; E011's valid conclusions and bytes are retained.",,2026-09-30T23:25:56+07:00,"Same attempt, baseline and change impact; no predicate promotion."
MD-REL-0789,E-MD-B10-A002-012,E-MD-B10-A002-010,DERIVED_FROM,Production-path proof runs on the E010 V2 artifact profile; the env reader fixed here entered with the E010 sub-unit.,,2026-09-30T23:25:56+07:00,"Same attempt, baseline and change impact; no predicate promotion."
MD-REL-0790,E-MD-B10-A002-012,E-MD-B10-A002-001,RELATED,The final 56-rule scope remains controlling; E012 proves bounded publication/correction/seal clauses only.,,2026-09-30T23:25:56+07:00,"Nested semantic inputs, deployment and complete reproof remain."
MD-REL-0791,E-MD-B10-A002-012,CI-MD-B10-A002-001,RELATED,Same mutable impact declaration records the configuration fix and the production-path proof.,,2026-09-30T23:25:56+07:00,No new attempt or baseline.
MD-REL-0792,E-MD-B10-A002-012,MD-B10-A002-BL001,RELATED,The same immutable remediation baseline is retained.,,2026-09-30T23:25:56+07:00,No parallel remediation track.
MD-REL-0793,E-MD-B10-A002-012,F-MD-B18-A002-023,RELATED,Production-path proof and the regression fix are recorded against the open semantic-hash finding.,,2026-09-30T23:25:56+07:00,Finding remains OPEN.
MD-REL-0794,E-MD-B10-A002-012,F-MD-B10-A002-002,RELATED,Classifies four recovered failures as unrecorded regressions from committed units and raises the finding.,,2026-09-30T23:25:56+07:00,Recording only; no guard or source change.
MD-REL-0795,E-MD-B10-A002-012,E-MD-B18-A002-074,RELATED,The last governed full-suite baseline (seven corpus-oracle failures) separates new failures from governed ones.,,2026-09-30T23:25:56+07:00,Baseline evidence unchanged.
MD-REL-0796,E-MD-B10-A002-012,D-MD-B18-A002-004,RELATED,Governs the seven corpus-oracle population failures as the expected clean-instance result.,,2026-09-30T23:25:56+07:00,No recovery authorized.
MD-REL-0797,E-MD-B10-A002-012,E-MD-B05-A001-001,RELATED,Legacy B05 temporal identity proof remains valid and separate.,,2026-09-30T23:25:56+07:00,B05 remains 117/117.
MD-REL-0798,E-MD-B10-A002-012,D-MD-B10-A002-001,RELATED,The configuration fix and proofs stay within the accepted shared ownership boundary.,,2026-09-30T23:25:56+07:00,No identity semantics added.
MD-REL-0799,E-MD-B10-A002-012,D-MD-B10-A002-002,RELATED,Production-path proof consumes retained-root artifact identity under the accepted foundation contract.,,2026-09-30T23:25:56+07:00,No foundation redesign.
MD-REL-0800,F-MD-B18-A002-023,E-MD-B10-A002-012,RELATED,"The open finding records production-path proof and the regression fix; nested inputs, deployment and full reproof remain.",,2026-09-30T23:25:56+07:00,No rule promotion or closure.
MD-REL-0801,CI-MD-B10-A002-001,E-MD-B10-A002-012,RELATED,"Mutable impact declaration identifies the configuration fix, production-path proof and corrected classification.",,2026-09-30T23:25:56+07:00,Final 56 remain NOT_ASSESSED.
MD-REL-0802,CI-MD-B10-A002-001,F-MD-B10-A002-002,RELATED,New finding disclosed; no parallel execution track.,,2026-09-30T23:25:56+07:00,MD-DEP-0021/0020/0019 remain BLOCKING.
MD-REL-0803,F-MD-B10-A002-002,E-MD-B10-A002-012,RELATED,Evidence re-executes the four failures and names their introducing commits.,,2026-09-30T23:20:20+07:00,Recording only.
MD-REL-0804,F-MD-B10-A002-002,E-MD-B10-A002-011,RELATED,E011's raw package classified these failures without a governed record.,,2026-09-30T23:20:20+07:00,E011 bytes unchanged.
MD-REL-0805,F-MD-B10-A002-002,E-MD-B10-A002-001,RELATED,E001 is the document the alias repetition guard flags; it is immutable.,,2026-09-30T23:20:20+07:00,No evidence edit.
MD-REL-0806,F-MD-B10-A002-002,E-MD-B18-A002-074,RELATED,The baseline full suite that did not contain these failures.,,2026-09-30T23:20:20+07:00,Baseline evidence unchanged.
MD-REL-0807,F-MD-B10-A002-002,D-MD-B18-A002-004,RELATED,Defines the governed expected full-suite failures these four are not part of.,,2026-09-30T23:20:20+07:00,No recovery authorized.
MD-REL-0808,D-MD-B10-A002-003,F-MD-B18-A002-023,RELATED,Settles the V2 knowledge-time and manifest reason-set membership the open finding's remaining producers need.,,2026-10-01T06:47:04+07:00,"Same A002/BL001; no proof, promotion or dependency change."
MD-REL-0809,F-MD-B18-A002-023,D-MD-B10-A002-003,RELATED,Remaining nested-producer remediation follows the owner membership decision.,,2026-10-01T06:47:04+07:00,"Same A002/BL001; no proof, promotion or dependency change."
MD-REL-0810,D-MD-B10-A002-003,E-MD-B10-A002-001,DERIVED_FROM,"The predicate review named the nested_factor, nested_temporal and manifest_reasons defects whose membership authority left open.",,2026-10-01T06:47:04+07:00,"Same A002/BL001; no proof, promotion or dependency change."
MD-REL-0811,D-MD-B10-A002-003,CI-MD-B10-A002-001,RELATED,Decision governs the remaining work declared by the same impact declaration.,,2026-10-01T06:47:04+07:00,"Same A002/BL001; no proof, promotion or dependency change."
MD-REL-0812,CI-MD-B10-A002-001,D-MD-B10-A002-003,RELATED,Impact declaration continues under the owner membership decision.,,2026-10-01T06:47:04+07:00,"Same A002/BL001; no proof, promotion or dependency change."
MD-REL-0813,D-MD-B10-A002-003,MD-B10-A002-BL001,RELATED,No attempt or baseline replacement.,,2026-10-01T06:47:04+07:00,"Same A002/BL001; no proof, promotion or dependency change."
MD-REL-0814,E-MD-B10-A002-013,E-MD-B10-A002-012,DERIVED_FROM,Replaces the hand-set nested inputs of the production-path publication proof with real V2 nested producers.,,2026-10-01T11:19:20+07:00,Same A002/BL001; no predicate promotion.
MD-REL-0815,E-MD-B10-A002-013,E-MD-B10-A002-010,RELATED,V2 artifacts now consume only the V2 nested identities; E010 fixtures hand-set them.,,2026-10-01T11:19:20+07:00,Same A002/BL001; no predicate promotion.
MD-REL-0816,E-MD-B10-A002-013,E-MD-B10-A002-001,RELATED,The final 56-rule scope stays controlling; the four nested mechanisms it names are implemented here.,,2026-10-01T11:19:20+07:00,Same A002/BL001; no predicate promotion.
MD-REL-0817,E-MD-B10-A002-013,CI-MD-B10-A002-001,RELATED,Same mutable impact declaration records the nested producers and the reason set.,,2026-10-01T11:19:20+07:00,Same A002/BL001; no predicate promotion.
MD-REL-0818,E-MD-B10-A002-013,MD-B10-A002-BL001,RELATED,The same immutable remediation baseline is retained.,,2026-10-01T11:19:20+07:00,Same A002/BL001; no predicate promotion.
MD-REL-0819,E-MD-B10-A002-013,F-MD-B18-A002-023,RELATED,Nested producer proof is recorded against the open semantic-hash finding.,,2026-10-01T11:19:20+07:00,Same A002/BL001; no predicate promotion.
MD-REL-0820,E-MD-B10-A002-013,F-MD-B10-A002-003,RELATED,Reproduces and raises the fallback exposure decision 1A asked to be recorded.,,2026-10-01T11:19:20+07:00,Same A002/BL001; no predicate promotion.
MD-REL-0821,E-MD-B10-A002-013,F-MD-B10-A002-002,RELATED,Classifies the four guard regressions; this unit adds no member.,,2026-10-01T11:19:20+07:00,Same A002/BL001; no predicate promotion.
MD-REL-0822,E-MD-B10-A002-013,D-MD-B10-A002-003,DERIVED_FROM,Implements the owner membership decision.,,2026-10-01T11:19:20+07:00,Same A002/BL001; no predicate promotion.
MD-REL-0823,E-MD-B10-A002-013,D-MD-B10-A002-002,RELATED,Per-listing sets carry retained roots under the accepted foundation contract.,,2026-10-01T11:19:20+07:00,Same A002/BL001; no predicate promotion.
MD-REL-0824,F-MD-B18-A002-023,E-MD-B10-A002-013,RELATED,The open finding records the completed nested producers; deployment and full reproof remain.,,2026-10-01T11:19:20+07:00,Same A002/BL001; no predicate promotion.
MD-REL-0825,CI-MD-B10-A002-001,E-MD-B10-A002-013,RELATED,"Impact declaration identifies the nested producers, migration and proofs.",,2026-10-01T11:19:20+07:00,Same A002/BL001; no predicate promotion.
MD-REL-0826,CI-MD-B10-A002-001,F-MD-B10-A002-003,RELATED,New finding disclosed; no parallel execution track.,,2026-10-01T11:19:20+07:00,Same A002/BL001; no predicate promotion.
MD-REL-0827,F-MD-B10-A002-003,E-MD-B10-A002-013,RELATED,Evidence carries the executed reproduction.,,2026-10-01T11:19:20+07:00,Same A002/BL001; no predicate promotion.
MD-REL-0828,F-MD-B10-A002-003,D-MD-B10-A002-003,DERIVED_FROM,"Decision 1A asked that this exposure be recorded, not normalized.",,2026-10-01T11:19:20+07:00,Same A002/BL001; no predicate promotion.
MD-REL-0829,F-MD-B10-A002-003,F-MD-B18-A002-023,RELATED,Raised while remediating the open semantic-hash finding; owner MD-B18-A002.,,2026-10-01T11:19:20+07:00,Same A002/BL001; no predicate promotion.
MD-REL-0830,D-MD-B10-A002-004,F-MD-B10-A002-002,RELATED,Governs the alias and domain-ownership guard dispositions the finding requires a decision for.,,2026-10-01T13:07:47+07:00,Same A002/BL001; no predicate promotion.
MD-REL-0831,D-MD-B10-A002-004,E-MD-B10-A002-001,RELATED,Admits the immutable record to the alias measured set at its issued bytes; the record is not edited.,,2026-10-01T13:07:47+07:00,Same A002/BL001; no predicate promotion.
MD-REL-0832,D-MD-B10-A002-004,D-MD-B10-A002-002,DERIVED_FROM,The excluded foundation tables are the canonical persistence this decision names.,,2026-10-01T13:07:47+07:00,Same A002/BL001; no predicate promotion.
MD-REL-0833,D-MD-B10-A002-004,CI-MD-B10-A002-001,RELATED,Decision governs guard changes inside the same impact declaration.,,2026-10-01T13:07:47+07:00,Same A002/BL001; no predicate promotion.
MD-REL-0834,F-MD-B10-A002-002,D-MD-B10-A002-004,RELATED,Alias and domain-ownership members resolved under the decision.,,2026-10-01T13:13:38+07:00,Same A002/BL001; no predicate promotion.
MD-REL-0835,E-MD-B10-A002-014,F-MD-B10-A002-002,REMEDIATES,Records the resolution of all four members and their probes.,,2026-10-01T13:13:38+07:00,Same A002/BL001; no predicate promotion.
MD-REL-0836,E-MD-B10-A002-014,D-MD-B10-A002-004,DERIVED_FROM,Executes the proof the decision requires.,,2026-10-01T13:13:38+07:00,Same A002/BL001; no predicate promotion.
MD-REL-0837,E-MD-B10-A002-014,E-MD-B18-A002-087,RELATED,The lifecycle member is recorded by its owner.,,2026-10-01T13:13:38+07:00,Same A002/BL001; no predicate promotion.
MD-REL-0838,E-MD-B10-A002-014,CI-MD-B10-A002-001,RELATED,Same mutable impact declaration records the resolution.,,2026-10-01T13:13:38+07:00,Same A002/BL001; no predicate promotion.
MD-REL-0839,E-MD-B10-A002-014,MD-B10-A002-BL001,RELATED,The same immutable remediation baseline is retained.,,2026-10-01T13:13:38+07:00,Same A002/BL001; no predicate promotion.
MD-REL-0840,F-MD-B10-A002-002,E-MD-B10-A002-014,RELATED,Resolution evidence for the finding.,,2026-10-01T13:13:38+07:00,Same A002/BL001; no predicate promotion.
MD-REL-0841,CI-MD-B10-A002-001,E-MD-B10-A002-014,RELATED,Impact declaration identifies the guard and reader changes and their proof.,,2026-10-01T13:13:38+07:00,Same A002/BL001; no predicate promotion.
MD-REL-0842,E-MD-B18-A002-087,F-MD-B10-A002-002,REMEDIATES,Resolves the lifecycle mocking member on the MD-B18-A002 surface.,,2026-10-01T13:13:38+07:00,Bounded F-MD-B10-A002-002 member work on the MD-B18-A002 surface; R0025/F-018 not resumed; no predicate change.
MD-REL-0843,F-MD-B10-A002-002,E-MD-B18-A002-087,RELATED,Lifecycle member resolved by its recorded owner.,,2026-10-01T13:13:38+07:00,Bounded F-MD-B10-A002-002 member work on the MD-B18-A002 surface; R0025/F-018 not resumed; no predicate change.
MD-REL-0844,E-MD-B18-A002-087,E-MD-B18-A002-075,RELATED,"Same G01-B proof, harness mocks replaced; the issued record is not edited.",,2026-10-01T13:13:38+07:00,Bounded F-MD-B10-A002-002 member work on the MD-B18-A002 surface; R0025/F-018 not resumed; no predicate change.
MD-REL-0845,E-MD-B18-A002-087,F-MD-B18-A002-017,RELATED,Recorded against the finding that owns the G01-B surface.,,2026-10-01T13:13:38+07:00,Bounded F-MD-B10-A002-002 member work on the MD-B18-A002 surface; R0025/F-018 not resumed; no predicate change.
MD-REL-0846,E-MD-B18-A002-087,E-MD-B10-A002-014,RELATED,The B10 resolution record carries the other three members.,,2026-10-01T13:13:38+07:00,Bounded F-MD-B10-A002-002 member work on the MD-B18-A002 surface; R0025/F-018 not resumed; no predicate change.
MD-REL-0847,E-MD-B18-A002-087,D-MD-B10-A002-004,RELATED,Lifecycle member listed as needing no decision; guard unchanged.,,2026-10-01T13:13:38+07:00,Bounded F-MD-B10-A002-002 member work on the MD-B18-A002 surface; R0025/F-018 not resumed; no predicate change.
MD-REL-0848,E-MD-B18-A002-087,CI-MD-B18-A002-001,RELATED,Same MD-B18-A002 impact declaration.,,2026-10-01T13:13:38+07:00,Bounded F-MD-B10-A002-002 member work on the MD-B18-A002 surface; R0025/F-018 not resumed; no predicate change.
MD-REL-0849,CI-MD-B10-A002-001,E-MD-B18-A002-087,CARRIED_FROM,The impact declaration carries the lifecycle member resolved on the MD-B18-A002 surface.,,2026-10-01T13:13:38+07:00,Same A002/BL001; no predicate promotion.
MD-REL-0850,D-MD-B10-A002-004,D-MD-20260822-04,DEPENDS_ON,The alias meaning stays discharged by that ownership chain; this decision does not touch it.,,2026-10-01T13:07:47+07:00,Same A002/BL001; no predicate promotion.
MD-REL-0851,E-MD-B10-A002-014,F-MD-B18-A002-023,DEPENDS_ON,The resolved guard regressions are the precondition of the full-suite control the open semantic-hash finding needs for closure.,,2026-10-01T13:13:38+07:00,Same A002/BL001; no predicate promotion.
MD-REL-0852,E-MD-B10-A002-014,F-MD-B18-A002-017,DEPENDS_ON,The lifecycle member sits on the G01-B surface this finding owns.,,2026-10-01T13:13:38+07:00,Same A002/BL001; no predicate promotion.
MD-REL-0853,D-MD-B10-A002-005,D-MD-B10-A002-004,RELATED,Owner approval of the issued decision with its bounded interpretation; D-004 is not edited.,,2026-10-01T16:39:17+07:00,Same A002/BL001; no predicate promotion.
MD-REL-0854,D-MD-B10-A002-005,F-MD-B10-A002-002,RELATED,Owner review of the finding resolution.,,2026-10-01T16:39:17+07:00,Same A002/BL001; no predicate promotion.
MD-REL-0855,D-MD-B10-A002-005,E-MD-B18-A002-087,DEPENDS_ON,Reviews the four expectation corrections this evidence recorded.,,2026-10-01T16:39:17+07:00,Same A002/BL001; no predicate promotion.
MD-REL-0856,D-MD-B10-A002-005,CI-MD-B10-A002-001,RELATED,Decision governs work inside the same impact declaration.,,2026-10-01T16:39:17+07:00,Same A002/BL001; no predicate promotion.
MD-REL-0857,F-MD-B10-A002-004,D-MD-B10-A002-005,DERIVED_FROM,Raised by applying the derived-hash rule to the production path.,,2026-10-01T16:39:53+07:00,Same A002/BL001; no predicate promotion.
MD-REL-0858,F-MD-B10-A002-004,E-MD-B18-A002-087,DEPENDS_ON,The rejected expectation was recorded there.,,2026-10-01T16:39:53+07:00,Same A002/BL001; no predicate promotion.
MD-REL-0859,F-MD-B10-A002-004,F-MD-B18-A002-017,DEPENDS_ON,The affected identities belong to the G01-B replay surface this finding owns.,,2026-10-01T16:39:53+07:00,Same A002/BL001; no predicate promotion.
MD-REL-0860,F-MD-B10-A002-004,F-MD-B18-A002-023,DEPENDS_ON,"The residual needs retained foundation roots, delivered on the MD-DEP-0020 path.",,2026-10-01T16:39:53+07:00,Same A002/BL001; no predicate promotion.
MD-REL-0861,F-MD-B10-A002-004,F-MD-B10-A002-002,RELATED,Found during the owner review of the F-002 resolution.,,2026-10-01T16:39:53+07:00,Same A002/BL001; no predicate promotion.
MD-REL-0862,E-MD-B18-A002-088,F-MD-B10-A002-004,REMEDIATES,Removes the run-scope allocation part; the entity-id residual stays open.,,2026-10-01T16:56:55+07:00,Owner-directed review on the MD-B18-A002 replay surface; R0025/F-018 not resumed; no predicate change.
MD-REL-0863,E-MD-B18-A002-088,D-MD-B10-A002-005,DERIVED_FROM,Executes the verification and fix the owner rule requires.,,2026-10-01T16:56:55+07:00,Owner-directed review on the MD-B18-A002 replay surface; R0025/F-018 not resumed; no predicate change.
MD-REL-0864,E-MD-B18-A002-088,E-MD-B18-A002-087,RELATED,Rejects one of its four expectation corrections; the issued record is not edited.,,2026-10-01T16:56:55+07:00,Owner-directed review on the MD-B18-A002 replay surface; R0025/F-018 not resumed; no predicate change.
MD-REL-0865,E-MD-B18-A002-088,E-MD-B18-A002-075,RELATED,Same G01-B proof surface.,,2026-10-01T16:56:55+07:00,Owner-directed review on the MD-B18-A002 replay surface; R0025/F-018 not resumed; no predicate change.
MD-REL-0866,E-MD-B18-A002-088,F-MD-B18-A002-017,RELATED,Recorded against the finding that owns the surface.,,2026-10-01T16:56:55+07:00,Owner-directed review on the MD-B18-A002 replay surface; R0025/F-018 not resumed; no predicate change.
MD-REL-0867,E-MD-B18-A002-088,F-MD-B10-A002-002,RELATED,Owner review of the lifecycle member resolution.,,2026-10-01T16:56:55+07:00,Owner-directed review on the MD-B18-A002 replay surface; R0025/F-018 not resumed; no predicate change.
MD-REL-0868,E-MD-B18-A002-088,D-MD-B10-A002-004,RELATED,Approved together with this review.,,2026-10-01T16:56:55+07:00,Owner-directed review on the MD-B18-A002 replay surface; R0025/F-018 not resumed; no predicate change.
MD-REL-0869,E-MD-B18-A002-088,E-MD-B10-A002-014,RELATED,The B10 resolution record of the same finding.,,2026-10-01T16:56:55+07:00,Owner-directed review on the MD-B18-A002 replay surface; R0025/F-018 not resumed; no predicate change.
MD-REL-0870,E-MD-B18-A002-088,CI-MD-B18-A002-001,RELATED,Same MD-B18-A002 impact declaration.,,2026-10-01T16:56:55+07:00,Owner-directed review on the MD-B18-A002 replay surface; R0025/F-018 not resumed; no predicate change.
MD-REL-0871,F-MD-B10-A002-002,D-MD-B10-A002-005,RELATED,Owner approval of the resolution decision.,,2026-10-01T16:39:17+07:00,Same A002/BL001; no predicate promotion.
MD-REL-0872,CI-MD-B10-A002-001,D-MD-B10-A002-005,RELATED,Impact declaration continues under the owner review.,,2026-10-01T16:39:17+07:00,Same A002/BL001; no predicate promotion.
MD-REL-0873,CI-MD-B10-A002-001,F-MD-B10-A002-004,RELATED,New finding disclosed; no parallel execution track.,,2026-10-01T16:39:53+07:00,Same A002/BL001; no predicate promotion.
MD-REL-0874,CI-MD-B10-A002-001,E-MD-B18-A002-088,CARRIED_FROM,The impact declaration carries the owner-directed fix on the MD-B18-A002 surface.,,2026-10-01T16:56:55+07:00,Same A002/BL001; no predicate promotion.
MD-REL-0875,D-MD-B10-A002-005,E-MD-B18-A002-088,CARRIED_FROM,The decision is applied by the owner-directed review evidence on the MD-B18-A002 surface.,,2026-10-01T16:39:17+07:00,Same A002/BL001; no predicate promotion.
MD-REL-0876,F-MD-B10-A002-004,E-MD-B18-A002-088,CARRIED_FROM,The resolved part and the residual are recorded by that evidence.,,2026-10-01T16:39:53+07:00,Same A002/BL001; no predicate promotion.
MD-REL-0877,E-MD-B10-A002-015,E-MD-B10-A002-014,DERIVED_FROM,Deploys what the F-002 resolution and the nested producers made ready.,,2026-10-01T17:29:42+07:00,Same A002/BL001; no predicate promotion.
MD-REL-0878,E-MD-B10-A002-015,E-MD-B10-A002-013,DERIVED_FROM,Deploys the migration of the nested semantic identity columns.,,2026-10-01T17:29:42+07:00,Same A002/BL001; no predicate promotion.
MD-REL-0879,E-MD-B10-A002-015,E-MD-B10-A002-012,RELATED,"Publication, correction and seal identity migration deployed.",,2026-10-01T17:29:42+07:00,Same A002/BL001; no predicate promotion.
MD-REL-0880,E-MD-B10-A002-015,E-MD-B10-A002-009,RELATED,Foundation consumer contract accepted on the deployed database.,,2026-10-01T17:29:42+07:00,Same A002/BL001; no predicate promotion.
MD-REL-0881,E-MD-B10-A002-015,E-MD-B10-A002-008,RELATED,The consumer-ready instant resolves on the deployed database.,,2026-10-01T17:29:42+07:00,Same A002/BL001; no predicate promotion.
MD-REL-0882,E-MD-B10-A002-015,E-MD-B10-A002-007,RELATED,IKPM listing package bootstrapped on the normal database.,,2026-10-01T17:29:42+07:00,Same A002/BL001; no predicate promotion.
MD-REL-0883,E-MD-B10-A002-015,E-MD-B10-A002-006,RELATED,Foundation core migration and bootstrap deployed.,,2026-10-01T17:29:42+07:00,Same A002/BL001; no predicate promotion.
MD-REL-0884,E-MD-B10-A002-015,D-MD-B10-A002-005,DEPENDS_ON,Executes the next canonical unit after the owner review.,,2026-10-01T17:29:42+07:00,Same A002/BL001; no predicate promotion.
MD-REL-0885,E-MD-B10-A002-015,D-MD-B10-A002-004,RELATED,Foundation table ownership holds in the deployed state.,,2026-10-01T17:29:42+07:00,Same A002/BL001; no predicate promotion.
MD-REL-0886,E-MD-B10-A002-015,D-MD-B10-A002-003,RELATED,Deploys the V2 nested columns it decided.,,2026-10-01T17:29:42+07:00,Same A002/BL001; no predicate promotion.
MD-REL-0887,E-MD-B10-A002-015,D-MD-B10-A002-002,DEPENDS_ON,Deploys the foundation persistence and retained registry it accepted.,,2026-10-01T17:29:42+07:00,Same A002/BL001; no predicate promotion.
MD-REL-0888,E-MD-B10-A002-015,D-MD-B10-A002-001,RELATED,Foundation delivery under the shared-foundation owner.,,2026-10-01T17:29:42+07:00,Same A002/BL001; no predicate promotion.
MD-REL-0889,E-MD-B10-A002-015,F-MD-B10-A002-002,RELATED,Focused members re-run green in the deployed state; successor full-suite closure pending.,,2026-10-01T17:29:42+07:00,Same A002/BL001; no predicate promotion.
MD-REL-0890,E-MD-B10-A002-015,F-MD-B10-A002-003,RELATED,Residual not exposed or remediated by deployment; owner MD-B18-A002.,,2026-10-01T17:29:42+07:00,Same A002/BL001; no predicate promotion.
MD-REL-0891,E-MD-B10-A002-015,F-MD-B10-A002-004,RELATED,Residual not exposed or remediated by deployment; owner MD-B18-A002.,,2026-10-01T17:29:42+07:00,Same A002/BL001; no predicate promotion.
MD-REL-0892,E-MD-B10-A002-015,F-MD-B18-A002-023,DEPENDS_ON,Deployment progress on the open semantic-hash finding.,,2026-10-01T17:29:42+07:00,Same A002/BL001; no predicate promotion.
MD-REL-0893,E-MD-B10-A002-015,E-MD-B18-A002-088,CARRIED_FROM,Deployed state keeps the replay identity fix in force.,,2026-10-01T17:29:42+07:00,Same A002/BL001; no predicate promotion.
MD-REL-0894,E-MD-B10-A002-015,E-MD-B18-A002-087,CARRIED_FROM,The B18 harness members re-run green in the deployed state.,,2026-10-01T17:29:42+07:00,Same A002/BL001; no predicate promotion.
MD-REL-0895,E-MD-B10-A002-015,CI-MD-B10-A002-001,RELATED,Same mutable impact declaration records the deployment.,,2026-10-01T17:29:42+07:00,Same A002/BL001; no predicate promotion.
MD-REL-0896,E-MD-B10-A002-015,MD-B10-A002-BL001,RELATED,The same immutable remediation baseline is retained.,,2026-10-01T17:29:42+07:00,Same A002/BL001; no predicate promotion.
MD-REL-0897,CI-MD-B10-A002-001,E-MD-B10-A002-015,RELATED,"Impact declaration identifies the deployment, bootstrap and acceptance.",,2026-10-01T17:29:42+07:00,Same A002/BL001; no predicate promotion.
MD-REL-0898,F-MD-B18-A002-023,E-MD-B10-A002-015,RELATED,The open finding records the controlled deployment; reproof and closure remain.,,2026-10-01T17:29:42+07:00,Same A002/BL001; no predicate promotion.
MD-REL-0899,E-MD-B10-A002-016,E-MD-B10-A002-001,DERIVED_FROM,Reproves the final 56-predicate affected scope that record fixed.,,2026-10-01T23:25:37+07:00,Same A002/BL001; no predicate promotion.
MD-REL-0900,E-MD-B10-A002-016,E-MD-B10-A002-010,RELATED,Re-derives the artifact identity claims against authority.,,2026-10-01T23:25:37+07:00,Same A002/BL001; no predicate promotion.
MD-REL-0901,E-MD-B10-A002-016,E-MD-B10-A002-011,RELATED,"Re-derives the publication, correction and seal identity claims.",,2026-10-01T23:25:37+07:00,Same A002/BL001; no predicate promotion.
MD-REL-0902,E-MD-B10-A002-016,E-MD-B10-A002-012,RELATED,Uses its production-path proof for allocation independence.,,2026-10-01T23:25:37+07:00,Same A002/BL001; no predicate promotion.
MD-REL-0903,E-MD-B10-A002-016,E-MD-B10-A002-013,RELATED,Re-derives the nested semantic identity claims.,,2026-10-01T23:25:37+07:00,Same A002/BL001; no predicate promotion.
MD-REL-0904,E-MD-B10-A002-016,E-MD-B10-A002-014,RELATED,Confirms the F-002 members in the successor full suite.,,2026-10-01T23:25:37+07:00,Same A002/BL001; no predicate promotion.
MD-REL-0905,E-MD-B10-A002-016,E-MD-B10-A002-015,DERIVED_FROM,Re-verifies the deployed state; no deployment repeated.,,2026-10-01T23:25:37+07:00,Same A002/BL001; no predicate promotion.
MD-REL-0906,E-MD-B10-A002-016,E-MD-B18-A002-087,CARRIED_FROM,The full suite re-runs its harness members.,,2026-10-01T23:25:37+07:00,Same A002/BL001; no predicate promotion.
MD-REL-0907,E-MD-B10-A002-016,E-MD-B18-A002-088,CARRIED_FROM,The full suite re-runs the replay identity fix.,,2026-10-01T23:25:37+07:00,Same A002/BL001; no predicate promotion.
MD-REL-0908,E-MD-B10-A002-016,F-MD-B10-A002-005,RELATED,Records the gaps the reproof found.,,2026-10-01T23:25:37+07:00,Same A002/BL001; no predicate promotion.
MD-REL-0909,E-MD-B10-A002-016,F-MD-B10-A002-002,RELATED,Successor full-suite confirmation of the resolved finding.,,2026-10-01T23:25:37+07:00,Same A002/BL001; no predicate promotion.
MD-REL-0910,E-MD-B10-A002-016,F-MD-B10-A002-003,RELATED,Non-impact on the 56 recorded; owner MD-B18-A002.,,2026-10-01T23:25:37+07:00,Same A002/BL001; no predicate promotion.
MD-REL-0911,E-MD-B10-A002-016,F-MD-B10-A002-004,RELATED,Non-impact on the 56 recorded; owner MD-B18-A002.,,2026-10-01T23:25:37+07:00,Same A002/BL001; no predicate promotion.
MD-REL-0912,E-MD-B10-A002-016,F-MD-B18-A002-023,DEPENDS_ON,Reproof progress on the open semantic-hash finding.,,2026-10-01T23:25:37+07:00,Same A002/BL001; no predicate promotion.
MD-REL-0913,E-MD-B10-A002-016,D-MD-B10-A002-005,DEPENDS_ON,Executes the next canonical unit after the owner review and deployment.,,2026-10-01T23:25:37+07:00,Same A002/BL001; no predicate promotion.
MD-REL-0914,E-MD-B10-A002-016,D-MD-B10-A002-004,RELATED,Guard dispositions hold in the successor suite.,,2026-10-01T23:25:37+07:00,Same A002/BL001; no predicate promotion.
MD-REL-0915,E-MD-B10-A002-016,D-MD-B10-A002-003,RELATED,Membership decisions applied; knowledge-time rule reused for G3.,,2026-10-01T23:25:37+07:00,Same A002/BL001; no predicate promotion.
MD-REL-0916,E-MD-B10-A002-016,D-MD-B18-A002-004,DEPENDS_ON,Governs the seven oracle population controls classified as expected.,,2026-10-01T23:25:37+07:00,Same A002/BL001; no predicate promotion.
MD-REL-0917,E-MD-B10-A002-016,CI-MD-B10-A002-001,RELATED,Same mutable impact declaration records the reproof.,,2026-10-01T23:25:37+07:00,Same A002/BL001; no predicate promotion.
MD-REL-0918,E-MD-B10-A002-016,MD-B10-A002-BL001,RELATED,The same immutable remediation baseline is retained.,,2026-10-01T23:25:37+07:00,Same A002/BL001; no predicate promotion.
MD-REL-0919,F-MD-B10-A002-005,E-MD-B10-A002-016,DERIVED_FROM,Raised by the complete reproof.,,2026-10-01T23:24:15+07:00,Same A002/BL001; no predicate promotion.
MD-REL-0920,F-MD-B10-A002-005,E-MD-B10-A002-001,RELATED,The 56-rule scope it remediates.,,2026-10-01T23:24:15+07:00,Same A002/BL001; no predicate promotion.
MD-REL-0921,F-MD-B10-A002-005,E-MD-B10-A002-010,RELATED,Artifact identity that G1-G4 and the proof gaps extend.,,2026-10-01T23:24:15+07:00,Same A002/BL001; no predicate promotion.
MD-REL-0922,F-MD-B10-A002-005,E-MD-B10-A002-011,RELATED,Comparison and manifest identity that G5 and the proof gaps extend.,,2026-10-01T23:24:15+07:00,Same A002/BL001; no predicate promotion.
MD-REL-0923,F-MD-B10-A002-005,E-MD-B10-A002-013,RELATED,Nested identities the proof gaps cover.,,2026-10-01T23:24:15+07:00,Same A002/BL001; no predicate promotion.
MD-REL-0924,F-MD-B10-A002-005,E-MD-B10-A002-015,RELATED,Deployment is valid and not the cause.,,2026-10-01T23:24:15+07:00,Same A002/BL001; no predicate promotion.
MD-REL-0925,F-MD-B10-A002-005,D-MD-B10-A002-003,DEPENDS_ON,G3 applies its knowledge-time rule to sector membership revisions.,,2026-10-01T23:24:15+07:00,Same A002/BL001; no predicate promotion.
MD-REL-0926,F-MD-B10-A002-005,D-MD-B10-A002-005,DEPENDS_ON,Opened under the semantic-dependency rule and the deployment unit.,,2026-10-01T23:24:15+07:00,Same A002/BL001; no predicate promotion.
MD-REL-0927,F-MD-B10-A002-005,F-MD-B18-A002-023,DEPENDS_ON,Remediation gates the closure of the open semantic-hash finding.,,2026-10-01T23:24:15+07:00,Same A002/BL001; no predicate promotion.
MD-REL-0928,F-MD-B10-A002-005,F-MD-B10-A002-002,RELATED,F-002 stays resolved; this finding is separate.,,2026-10-01T23:24:15+07:00,Same A002/BL001; no predicate promotion.
MD-REL-0929,F-MD-B10-A002-005,CI-MD-B10-A002-001,RELATED,Same impact declaration; no parallel track.,,2026-10-01T23:24:15+07:00,Same A002/BL001; no predicate promotion.
MD-REL-0930,CI-MD-B10-A002-001,E-MD-B10-A002-016,RELATED,Impact declaration identifies the reproof.,,2026-10-01T23:25:37+07:00,Same A002/BL001; no predicate promotion.
MD-REL-0931,CI-MD-B10-A002-001,F-MD-B10-A002-005,RELATED,New finding disclosed; it is the single next executable work.,,2026-10-01T23:24:15+07:00,Same A002/BL001; no predicate promotion.
MD-REL-0932,F-MD-B18-A002-023,E-MD-B10-A002-016,RELATED,The open finding records the reproof; remediation and re-proof remain.,,2026-10-01T23:25:37+07:00,Same A002/BL001; no predicate promotion.
MD-REL-0933,F-MD-B10-A002-002,E-MD-B10-A002-016,RELATED,Successor full-suite confirmation evidence.,,2026-10-01T23:25:37+07:00,Same A002/BL001; no predicate promotion.
MD-REL-0934,E-MD-B10-A002-017,E-MD-B10-A002-016,DERIVED_FROM,Remediates the 25 incomplete rows that reproof found and re-evaluates all 56.,,2026-10-02T03:41:00+07:00,Same A002/BL001; no predicate promotion.
MD-REL-0935,E-MD-B10-A002-017,E-MD-B10-A002-001,DERIVED_FROM,Reproves the final 56-predicate affected scope that record fixed.,,2026-10-02T03:41:00+07:00,Same A002/BL001; no predicate promotion.
MD-REL-0936,E-MD-B10-A002-017,E-MD-B10-A002-010,RELATED,Extends the V2 artifact identity with the G1-G4 members and their negative proof.,,2026-10-02T03:41:00+07:00,Same A002/BL001; no predicate promotion.
MD-REL-0937,E-MD-B10-A002-017,E-MD-B10-A002-011,RELATED,Extends the correction comparison (G5) and proves the manifest members individually.,,2026-10-02T03:41:00+07:00,Same A002/BL001; no predicate promotion.
MD-REL-0938,E-MD-B10-A002-017,E-MD-B10-A002-012,RELATED,Reuses its production-path discipline for the new members.,,2026-10-02T03:41:00+07:00,Same A002/BL001; no predicate promotion.
MD-REL-0939,E-MD-B10-A002-017,E-MD-B10-A002-013,RELATED,Nested identities stay green and are bound by the artifact members proven here.,,2026-10-02T03:41:00+07:00,Same A002/BL001; no predicate promotion.
MD-REL-0940,E-MD-B10-A002-017,E-MD-B10-A002-015,DERIVED_FROM,Re-verifies the deployed state; no deployment repeated and none needed.,,2026-10-02T03:41:00+07:00,Same A002/BL001; no predicate promotion.
MD-REL-0941,E-MD-B10-A002-017,E-MD-B18-A002-087,CARRIED_FROM,The full suite re-runs its harness members.,,2026-10-02T03:41:00+07:00,Same A002/BL001; no predicate promotion.
MD-REL-0942,E-MD-B10-A002-017,E-MD-B18-A002-088,CARRIED_FROM,The full suite re-runs the replay identity fix.,,2026-10-02T03:41:00+07:00,Same A002/BL001; no predicate promotion.
MD-REL-0943,E-MD-B10-A002-017,F-MD-B10-A002-005,RELATED,Resolves the finding that owned the 25 incomplete rows.,,2026-10-02T03:41:00+07:00,Same A002/BL001; no predicate promotion.
MD-REL-0944,E-MD-B10-A002-017,F-MD-B10-A002-006,RELATED,Records the missing promotion mechanism it found.,,2026-10-02T03:41:00+07:00,Same A002/BL001; no predicate promotion.
MD-REL-0945,E-MD-B10-A002-017,F-MD-B10-A002-002,RELATED,Successor full-suite confirmation holds after the remediation.,,2026-10-02T03:41:00+07:00,Same A002/BL001; no predicate promotion.
MD-REL-0946,E-MD-B10-A002-017,F-MD-B10-A002-003,RELATED,Non-impact on the 56 holds; owner MD-B18-A002.,,2026-10-02T03:41:00+07:00,Same A002/BL001; no predicate promotion.
MD-REL-0947,E-MD-B10-A002-017,F-MD-B10-A002-004,RELATED,Non-impact on the 56 holds; owner MD-B18-A002.,,2026-10-02T03:41:00+07:00,Same A002/BL001; no predicate promotion.
MD-REL-0948,E-MD-B10-A002-017,F-MD-B18-A002-023,DEPENDS_ON,Remediation progress on the open semantic-hash finding.,,2026-10-02T03:41:00+07:00,Same A002/BL001; no predicate promotion.
MD-REL-0949,E-MD-B10-A002-017,D-MD-B10-A002-005,DEPENDS_ON,Executes the next canonical unit after the owner review.,,2026-10-02T03:41:00+07:00,Same A002/BL001; no predicate promotion.
MD-REL-0950,E-MD-B10-A002-017,D-MD-B10-A002-004,RELATED,Guard dispositions hold in the successor suite.,,2026-10-02T03:41:00+07:00,Same A002/BL001; no predicate promotion.
MD-REL-0951,E-MD-B10-A002-017,D-MD-B10-A002-003,RELATED,Knowledge-time rule 1B applied to sector membership revisions (G3).,,2026-10-02T03:41:00+07:00,Same A002/BL001; no predicate promotion.
MD-REL-0952,E-MD-B10-A002-017,D-MD-B18-A002-004,DEPENDS_ON,Governs the seven oracle population controls classified as expected.,,2026-10-02T03:41:00+07:00,Same A002/BL001; no predicate promotion.
MD-REL-0953,E-MD-B10-A002-017,CI-MD-B10-A002-001,RELATED,Same mutable impact declaration records the remediation.,,2026-10-02T03:41:00+07:00,Same A002/BL001; no predicate promotion.
MD-REL-0954,E-MD-B10-A002-017,MD-B10-A002-BL001,RELATED,The same immutable remediation baseline is retained.,,2026-10-02T03:41:00+07:00,Same A002/BL001; no predicate promotion.
MD-REL-0955,F-MD-B10-A002-006,E-MD-B10-A002-017,DERIVED_FROM,Raised by the remediation reproof when promotion was attempted read-only.,,2026-10-02T03:38:43+07:00,Same A002/BL001; no predicate promotion.
MD-REL-0956,F-MD-B10-A002-006,F-MD-B10-A002-005,RELATED,Promotion of the proven rows is the work left after that finding.,,2026-10-02T03:38:43+07:00,Same A002/BL001; no predicate promotion.
MD-REL-0957,F-MD-B10-A002-006,F-MD-B18-A002-023,DEPENDS_ON,Gates the closure of the open semantic-hash finding.,,2026-10-02T03:38:43+07:00,Same A002/BL001; no predicate promotion.
MD-REL-0958,F-MD-B10-A002-006,D-MD-B10-A002-005,DEPENDS_ON,Opened under the semantic-dependency rule and the owner review.,,2026-10-02T03:38:43+07:00,Same A002/BL001; no predicate promotion.
MD-REL-0959,F-MD-B10-A002-006,CI-MD-B10-A002-001,RELATED,Same impact declaration; no parallel track.,,2026-10-02T03:38:43+07:00,Same A002/BL001; no predicate promotion.
MD-REL-0960,F-MD-B10-A002-005,E-MD-B10-A002-017,DERIVED_FROM,Resolved by the remediation reproof.,,2026-10-02T03:41:00+07:00,Same A002/BL001; no predicate promotion.
MD-REL-0961,CI-MD-B10-A002-001,E-MD-B10-A002-017,RELATED,Impact declaration identifies the remediation reproof.,,2026-10-02T03:41:00+07:00,Same A002/BL001; no predicate promotion.
MD-REL-0962,CI-MD-B10-A002-001,F-MD-B10-A002-006,RELATED,New finding disclosed; it is the single next executable work.,,2026-10-02T03:38:43+07:00,Same A002/BL001; no predicate promotion.
MD-REL-0963,F-MD-B18-A002-023,E-MD-B10-A002-017,RELATED,The open finding records the remediation; the governed promotion remains.,,2026-10-02T03:41:00+07:00,Same A002/BL001; no predicate promotion.
MD-REL-0964,F-MD-B10-A002-002,E-MD-B10-A002-017,RELATED,Successor full-suite confirmation evidence after remediation.,,2026-10-02T03:41:00+07:00,Same A002/BL001; no predicate promotion.
MD-REL-0965,E-MD-B10-A002-018,E-MD-B10-A002-017,DERIVED_FROM,Promotes exactly the 56 predicates that evidence proved; no new semantic proof.,,2026-10-02T08:27:26+07:00,Same A002/BL001; governed successor promotion and closure.
MD-REL-0966,E-MD-B10-A002-018,E-MD-B10-A002-001,DERIVED_FROM,The scope record fixes the affected set and the retained binding of each unaffected row that the binder enforces.,,2026-10-02T08:27:26+07:00,Same A002/BL001; governed successor promotion and closure.
MD-REL-0967,E-MD-B10-A002-018,E-MD-B10-A001-001,CARRIED_FROM,"The 1016 unaffected rows keep this evidence binding, byte for byte.",,2026-10-02T08:27:26+07:00,Same A002/BL001; governed successor promotion and closure.
MD-REL-0968,E-MD-B10-A002-018,SC-MD-B10-A001-001,RELATED,The predecessor closure stays immutable; its sufficiency for the 56 reopened rows is superseded by the A002 closure.,,2026-10-02T08:27:26+07:00,Same A002/BL001; governed successor promotion and closure.
MD-REL-0969,E-MD-B10-A002-018,F-MD-B10-A002-006,REMEDIATES,"Delivers the governed successor binder, gates and self-test that finding required.",,2026-10-02T08:27:26+07:00,Same A002/BL001; governed successor promotion and closure.
MD-REL-0970,E-MD-B10-A002-018,F-MD-B10-A002-001,REMEDIATES,"Reconciles the moved-row expectation to the measured zero, separately from the binder.",,2026-10-02T08:27:26+07:00,Same A002/BL001; governed successor promotion and closure.
MD-REL-0971,E-MD-B10-A002-018,F-MD-B18-A002-023,REMEDIATES,Completes the revalidation and closure that finding requires of B10.,,2026-10-02T08:27:26+07:00,Same A002/BL001; governed successor promotion and closure.
MD-REL-0972,E-MD-B10-A002-018,F-MD-B10-A002-005,RELATED,Its resolution is the proof that was promoted.,,2026-10-02T08:27:26+07:00,Same A002/BL001; governed successor promotion and closure.
MD-REL-0973,E-MD-B10-A002-018,F-MD-B10-A002-002,RELATED,Successor full-suite confirmation (E017) is the closure control; not rerun.,,2026-10-02T08:27:26+07:00,Same A002/BL001; governed successor promotion and closure.
MD-REL-0974,E-MD-B10-A002-018,F-MD-B10-A002-003,RELATED,Non-impact on the 56 holds; owner MD-B18-A002.,,2026-10-02T08:27:26+07:00,Same A002/BL001; governed successor promotion and closure.
MD-REL-0975,E-MD-B10-A002-018,F-MD-B10-A002-004,RELATED,Non-impact on the 56 holds; owner MD-B18-A002.,,2026-10-02T08:27:26+07:00,Same A002/BL001; governed successor promotion and closure.
MD-REL-0976,E-MD-B10-A002-018,D-MD-B10-A002-005,DEPENDS_ON,Executes the next canonical unit after the owner review.,,2026-10-02T08:27:26+07:00,Same A002/BL001; governed successor promotion and closure.
MD-REL-0977,E-MD-B10-A002-018,CI-MD-B10-A002-001,RELATED,Same mutable impact declaration records the promotion.,,2026-10-02T08:27:26+07:00,Same A002/BL001; governed successor promotion and closure.
MD-REL-0978,E-MD-B10-A002-018,MD-B10-A002-BL001,RELATED,The same immutable remediation baseline is retained.,,2026-10-02T08:27:26+07:00,Same A002/BL001; governed successor promotion and closure.
MD-REL-0979,SC-MD-B10-A002-001,E-MD-B10-A002-018,DEPENDS_ON,Closure rests on the successor promotion evidence.,,2026-10-02T08:28:26+07:00,Same A002/BL001; governed successor promotion and closure.
MD-REL-0980,SC-MD-B10-A002-001,E-MD-B10-A002-017,DEPENDS_ON,Closure rests on the executed proof of the 56 reopened predicates.,,2026-10-02T08:28:26+07:00,Same A002/BL001; governed successor promotion and closure.
MD-REL-0981,SC-MD-B10-A002-001,E-MD-B10-A002-001,DEPENDS_ON,Closure is measured against the final affected scope.,,2026-10-02T08:28:26+07:00,Same A002/BL001; governed successor promotion and closure.
MD-REL-0982,SC-MD-B10-A002-001,E-MD-B10-A001-001,CARRIED_FROM,The 1016 retained rows keep this evidence binding.,,2026-10-02T08:28:26+07:00,Same A002/BL001; governed successor promotion and closure.
MD-REL-0983,SC-MD-B10-A002-001,SC-MD-B10-A001-001,RELATED,Successor closure of the same stage; the predecessor stays immutable.,,2026-10-02T08:28:26+07:00,Same A002/BL001; governed successor promotion and closure.
MD-REL-0984,SC-MD-B10-A002-001,MD-B10-A002-BL001,DEPENDS_ON,Closure is measured against the retained successor baseline.,,2026-10-02T08:28:26+07:00,Same A002/BL001; governed successor promotion and closure.
MD-REL-0985,SC-MD-B10-A002-001,CI-MD-B10-A002-001,DEPENDS_ON,Closure includes the full impact scope and remediation lineage.,,2026-10-02T08:28:26+07:00,Same A002/BL001; governed successor promotion and closure.
MD-REL-0986,SC-MD-B10-A002-001,SC-MD-B09-A003-001,DEPENDS_ON,MD-B10 closure follows the closed MD-B09 predecessor stage; B09 contributes no inherited B10 predicate proof.,,2026-10-02T08:28:26+07:00,Same A002/BL001; governed successor promotion and closure.
MD-REL-0987,F-MD-B10-A002-006,E-MD-B10-A002-018,DERIVED_FROM,Resolved by the successor promotion mechanism.,,2026-10-02T08:27:26+07:00,Same A002/BL001; governed successor promotion and closure.
MD-REL-0988,F-MD-B10-A002-001,E-MD-B10-A002-018,DERIVED_FROM,Resolved by the reconciled moved-row expectation.,,2026-10-02T08:27:26+07:00,Same A002/BL001; governed successor promotion and closure.
MD-REL-0989,F-MD-B18-A002-023,E-MD-B10-A002-018,DERIVED_FROM,Resolved by the governed promotion and the B10 closure.,,2026-10-02T08:27:26+07:00,Same A002/BL001; governed successor promotion and closure.
MD-REL-0990,F-MD-B18-A002-023,SC-MD-B10-A002-001,RELATED,The B10 closure the finding required.,,2026-10-02T08:28:26+07:00,Same A002/BL001; governed successor promotion and closure.
MD-REL-0991,CI-MD-B10-A002-001,E-MD-B10-A002-018,RELATED,Impact declaration identifies the promotion evidence.,,2026-10-02T08:27:26+07:00,Same A002/BL001; governed successor promotion and closure.
MD-REL-0992,CI-MD-B10-A002-001,SC-MD-B10-A002-001,RELATED,Impact declaration identifies the stage closure.,,2026-10-02T08:28:26+07:00,Same A002/BL001; governed successor promotion and closure.
MD-REL-0993,E-MD-B18-A002-089,F-MD-B18-A002-024,RELATED,Records the environment defect the verification found.,,2026-10-02T09:20:42+07:00,Same B18-A002/BL001; MD-DEP-0019 environment verification.
MD-REL-0994,E-MD-B18-A002-089,F-MD-B18-A002-017,RELATED,Environment verification for the finding whose MD-S003-R0025 family proof needs MariaDB; no predicate is promoted.,,2026-10-02T09:20:42+07:00,Same B18-A002/BL001; MD-DEP-0019 environment verification.
MD-REL-0995,E-MD-B18-A002-089,F-MD-B18-A002-012,RELATED,Same instance-integrity family as the owner-rebuilt instance verification.,,2026-10-02T09:20:42+07:00,Same B18-A002/BL001; MD-DEP-0019 environment verification.
MD-REL-0996,E-MD-B18-A002-089,E-MD-B18-A002-082,RELATED,Reruns the R0025 aggregate for the zero-skip condition; the environment now reaches the members.,,2026-10-02T09:20:42+07:00,Same B18-A002/BL001; MD-DEP-0019 environment verification.
MD-REL-0997,E-MD-B18-A002-089,E-MD-B18-A002-085,RELATED,The first-independent-fixture condition it records is the one failing member; unchanged.,,2026-10-02T09:20:42+07:00,Same B18-A002/BL001; MD-DEP-0019 environment verification.
MD-REL-0998,E-MD-B18-A002-089,E-MD-B18-A002-010,RELATED,Compares against the owner-rebuilt instance verification.,,2026-10-02T09:20:42+07:00,Same B18-A002/BL001; MD-DEP-0019 environment verification.
MD-REL-0999,E-MD-B18-A002-089,D-MD-B18-A002-003,DEPENDS_ON,Takes the integrity meaning of the clean instance from this decision.,,2026-10-02T09:20:42+07:00,Same B18-A002/BL001; MD-DEP-0019 environment verification.
MD-REL-1000,E-MD-B18-A002-089,D-MD-B18-A002-011,RELATED,The fixture admission rule that the failing member still lacks an independent package for.,,2026-10-02T09:20:42+07:00,Same B18-A002/BL001; MD-DEP-0019 environment verification.
MD-REL-1001,E-MD-B18-A002-089,CI-MD-B18-A002-001,RELATED,Same impact declaration records the verification.,,2026-10-02T09:20:42+07:00,Same B18-A002/BL001; MD-DEP-0019 environment verification.
MD-REL-1002,E-MD-B18-A002-089,MD-B18-A002-BL001,RELATED,Same B18 baseline; no new attempt.,,2026-10-02T09:20:42+07:00,Same B18-A002/BL001; MD-DEP-0019 environment verification.
MD-REL-1003,E-MD-B18-A002-089,F-MD-B10-A002-003,RELATED,Relationship only: the database verification does not bear on this B18-owned finding.,,2026-10-02T09:20:42+07:00,Same B18-A002/BL001; MD-DEP-0019 environment verification.
MD-REL-1004,E-MD-B18-A002-089,F-MD-B10-A002-004,RELATED,Relationship only: the database verification does not bear on this B18-owned finding.,,2026-10-02T09:20:42+07:00,Same B18-A002/BL001; MD-DEP-0019 environment verification.
MD-REL-1005,E-MD-B18-A002-089,E-MD-B10-A002-018,RELATED,Preservation check only: B10 closure unchanged.,,2026-10-02T09:20:42+07:00,Same B18-A002/BL001; MD-DEP-0019 environment verification.
MD-REL-1006,E-MD-B18-A002-089,SC-MD-B10-A002-001,RELATED,Preservation check only: B10 closure unchanged.,,2026-10-02T09:20:42+07:00,Same B18-A002/BL001; MD-DEP-0019 environment verification.
MD-REL-1007,F-MD-B18-A002-024,E-MD-B18-A002-089,DERIVED_FROM,Raised by the MD-DEP-0019 environment verification.,,2026-10-02T09:19:37+07:00,Same B18-A002/BL001; MD-DEP-0019 environment verification.
MD-REL-1008,F-MD-B18-A002-024,F-MD-B18-A002-017,RELATED,Blocks the MariaDB half of the MD-S003-R0025 family proof through MD-DEP-0019.,,2026-10-02T09:19:37+07:00,Same B18-A002/BL001; MD-DEP-0019 environment verification.
MD-REL-1009,F-MD-B18-A002-024,F-MD-B18-A002-012,RELATED,"Earlier instance-integrity finding, resolved for the instance as rebuilt then.",,2026-10-02T09:19:37+07:00,Same B18-A002/BL001; MD-DEP-0019 environment verification.
MD-REL-1010,F-MD-B18-A002-024,D-MD-B18-A002-003,DEPENDS_ON,The clean-instance criteria come from this decision.,,2026-10-02T09:19:37+07:00,Same B18-A002/BL001; MD-DEP-0019 environment verification.
MD-REL-1011,F-MD-B18-A002-024,CI-MD-B18-A002-001,RELATED,Same impact declaration; no parallel track.,,2026-10-02T09:19:37+07:00,Same B18-A002/BL001; MD-DEP-0019 environment verification.
MD-REL-1012,CI-MD-B18-A002-001,E-MD-B18-A002-089,RELATED,Impact declaration identifies the environment verification.,,2026-10-02T09:20:42+07:00,Same B18-A002/BL001; MD-DEP-0019 environment verification.
MD-REL-1013,CI-MD-B18-A002-001,F-MD-B18-A002-024,RELATED,New environment finding disclosed.,,2026-10-02T09:19:37+07:00,Same B18-A002/BL001; MD-DEP-0019 environment verification.
MD-REL-1014,F-MD-B18-A002-017,E-MD-B18-A002-089,RELATED,The finding records the environment verification; no predicate promoted.,,2026-10-02T09:20:42+07:00,Same B18-A002/BL001; MD-DEP-0019 environment verification.
MD-REL-1015,D-MD-B18-A002-012,E-MD-B18-A002-090,RELATED,The authority derivation that the owner clarification confirms and the evidence applies.,D-MD-B18-A002-012,2026-10-02T11:08:27+07:00,Same B18-A002/BL001; MD-DEP-0019 scope correction.
MD-REL-1016,D-MD-B18-A002-012,E-MD-B18-A002-089,RELATED,Its observations are valid; the decision bounds what they mean for B18.,D-MD-B18-A002-012,2026-10-02T11:08:27+07:00,Same B18-A002/BL001; MD-DEP-0019 scope correction.
MD-REL-1017,D-MD-B18-A002-012,D-MD-B18-A002-003,DEPENDS_ON,Takes the production-path and clean-instance definitions from this decision and keeps its limits.,D-MD-B18-A002-012,2026-10-02T11:08:27+07:00,Same B18-A002/BL001; MD-DEP-0019 scope correction.
MD-REL-1018,D-MD-B18-A002-012,F-MD-B18-A002-024,RELATED,Bounds the finding to local infrastructure outside the proof boundary.,D-MD-B18-A002-012,2026-10-02T11:08:27+07:00,Same B18-A002/BL001; MD-DEP-0019 scope correction.
MD-REL-1019,D-MD-B18-A002-012,F-MD-B18-A002-017,RELATED,Environment boundary for the MariaDB half of the MD-S003-R0025 family proof; no predicate promoted.,D-MD-B18-A002-012,2026-10-02T11:08:27+07:00,Same B18-A002/BL001; MD-DEP-0019 scope correction.
MD-REL-1020,D-MD-B18-A002-012,CI-MD-B18-A002-001,RELATED,Same impact declaration records the clarification.,D-MD-B18-A002-012,2026-10-02T11:08:27+07:00,Same B18-A002/BL001; MD-DEP-0019 scope correction.
MD-REL-1021,E-MD-B18-A002-090,D-MD-B18-A002-012,DEPENDS_ON,Records the owner clarification as context; the verdict rests on authority.,D-MD-B18-A002-012,2026-10-02T11:09:58+07:00,Same B18-A002/BL001; MD-DEP-0019 scope correction.
MD-REL-1022,E-MD-B18-A002-090,E-MD-B18-A002-089,DERIVED_FROM,"Corrects only the conclusion and scope of E089; its raw observations are verified and retained, and the record is not edited.",D-MD-B18-A002-012,2026-10-02T11:09:58+07:00,Same B18-A002/BL001; MD-DEP-0019 scope correction.
MD-REL-1023,E-MD-B18-A002-090,F-MD-B18-A002-024,RELATED,Disposes the finding by scope correction.,D-MD-B18-A002-012,2026-10-02T11:09:58+07:00,Same B18-A002/BL001; MD-DEP-0019 scope correction.
MD-REL-1024,E-MD-B18-A002-090,F-MD-B18-A002-017,RELATED,Resolves the environment dependency of the finding without proving R0025.,D-MD-B18-A002-012,2026-10-02T11:09:58+07:00,Same B18-A002/BL001; MD-DEP-0019 scope correction.
MD-REL-1025,E-MD-B18-A002-090,F-MD-B18-A002-012,RELATED,Same instance-integrity family; E010 precedent for what the integrity check covered.,D-MD-B18-A002-012,2026-10-02T11:09:58+07:00,Same B18-A002/BL001; MD-DEP-0019 scope correction.
MD-REL-1026,E-MD-B18-A002-090,E-MD-B18-A002-082,RELATED,The aggregate it first reported blocked now runs with zero skips.,D-MD-B18-A002-012,2026-10-02T11:09:58+07:00,Same B18-A002/BL001; MD-DEP-0019 scope correction.
MD-REL-1027,E-MD-B18-A002-090,E-MD-B18-A002-010,RELATED,Precedent: accepted the rebuilt instance without a CHECK TABLE of system tables.,D-MD-B18-A002-012,2026-10-02T11:09:58+07:00,Same B18-A002/BL001; MD-DEP-0019 scope correction.
MD-REL-1028,E-MD-B18-A002-090,D-MD-B18-A002-003,DEPENDS_ON,Source of the integrity and clean-provenance criteria.,D-MD-B18-A002-012,2026-10-02T11:09:58+07:00,Same B18-A002/BL001; MD-DEP-0019 scope correction.
MD-REL-1029,E-MD-B18-A002-090,CI-MD-B18-A002-001,RELATED,Same impact declaration records the reassessment.,D-MD-B18-A002-012,2026-10-02T11:09:58+07:00,Same B18-A002/BL001; MD-DEP-0019 scope correction.
MD-REL-1030,E-MD-B18-A002-090,MD-B18-A002-BL001,RELATED,Same B18 baseline; no new attempt.,D-MD-B18-A002-012,2026-10-02T11:09:58+07:00,Same B18-A002/BL001; MD-DEP-0019 scope correction.
MD-REL-1031,E-MD-B18-A002-090,F-MD-B10-A002-003,RELATED,Relationship only: not affected by the database dependency.,D-MD-B18-A002-012,2026-10-02T11:09:58+07:00,Same B18-A002/BL001; MD-DEP-0019 scope correction.
MD-REL-1032,E-MD-B18-A002-090,F-MD-B10-A002-004,RELATED,Relationship only: not affected by the database dependency.,D-MD-B18-A002-012,2026-10-02T11:09:58+07:00,Same B18-A002/BL001; MD-DEP-0019 scope correction.
MD-REL-1033,E-MD-B18-A002-090,E-MD-B10-A002-018,RELATED,Preservation check only: B10 closure unchanged.,D-MD-B18-A002-012,2026-10-02T11:09:58+07:00,Same B18-A002/BL001; MD-DEP-0019 scope correction.
MD-REL-1034,E-MD-B18-A002-090,SC-MD-B10-A002-001,RELATED,Preservation check only: B10 closure unchanged.,D-MD-B18-A002-012,2026-10-02T11:09:58+07:00,Same B18-A002/BL001; MD-DEP-0019 scope correction.
MD-REL-1035,F-MD-B18-A002-024,E-MD-B18-A002-090,RELATED,Resolved by scope correction.,D-MD-B18-A002-012,2026-10-02T11:09:58+07:00,Same B18-A002/BL001; MD-DEP-0019 scope correction.
MD-REL-1036,F-MD-B18-A002-024,D-MD-B18-A002-012,RELATED,Bounded by the local-infrastructure decision.,D-MD-B18-A002-012,2026-10-02T11:08:27+07:00,Same B18-A002/BL001; MD-DEP-0019 scope correction.
MD-REL-1037,CI-MD-B18-A002-001,E-MD-B18-A002-090,RELATED,Impact declaration identifies the reassessment.,D-MD-B18-A002-012,2026-10-02T11:09:58+07:00,Same B18-A002/BL001; MD-DEP-0019 scope correction.
MD-REL-1038,CI-MD-B18-A002-001,D-MD-B18-A002-012,RELATED,Impact declaration identifies the clarification.,D-MD-B18-A002-012,2026-10-02T11:08:27+07:00,Same B18-A002/BL001; MD-DEP-0019 scope correction.
MD-REL-1039,F-MD-B18-A002-017,E-MD-B18-A002-090,RELATED,The finding records the dependency resolution; no predicate promoted.,D-MD-B18-A002-012,2026-10-02T11:09:58+07:00,Same B18-A002/BL001; MD-DEP-0019 scope correction.
MD-REL-1040,F-MD-B18-A002-017,D-MD-B18-A002-012,RELATED,The finding records the environment boundary.,D-MD-B18-A002-012,2026-10-02T11:08:27+07:00,Same B18-A002/BL001; MD-DEP-0019 scope correction.
MD-REL-1041,E-MD-B18-A002-091,F-MD-B18-A002-025,RELATED,Records the fixture-admission gap the assessment found.,,2026-10-02T11:48:07+07:00,Same B18-A002/BL001; R0025 independent-fixture assessment.
MD-REL-1042,E-MD-B18-A002-091,F-MD-B18-A002-017,RELATED,Assessment of the finding's remaining MariaDB predicate; no predicate promoted.,,2026-10-02T11:48:07+07:00,Same B18-A002/BL001; R0025 independent-fixture assessment.
MD-REL-1043,E-MD-B18-A002-091,F-MD-B10-A002-003,RELATED,Non-impact recorded: no R0025 scenario runs the producer reuse path.,,2026-10-02T11:48:07+07:00,Same B18-A002/BL001; R0025 independent-fixture assessment.
MD-REL-1044,E-MD-B18-A002-091,F-MD-B10-A002-004,RELATED,Impact recorded: prerequisite of the independent exact-publication fixture.,,2026-10-02T11:48:07+07:00,Same B18-A002/BL001; R0025 independent-fixture assessment.
MD-REL-1045,E-MD-B18-A002-091,D-MD-B18-A002-011,DEPENDS_ON,Applies the independent-fixture contract it defines; does not weaken it.,,2026-10-02T11:48:07+07:00,Same B18-A002/BL001; R0025 independent-fixture assessment.
MD-REL-1046,E-MD-B18-A002-091,D-MD-B18-A002-012,RELATED,The environment boundary under which the zero-skip run was taken.,,2026-10-02T11:48:07+07:00,Same B18-A002/BL001; R0025 independent-fixture assessment.
MD-REL-1047,E-MD-B18-A002-091,D-MD-B10-A002-005,RELATED,Allocation-independence rule for dependent hashes applied to the expected side.,,2026-10-02T11:48:07+07:00,Same B18-A002/BL001; R0025 independent-fixture assessment.
MD-REL-1048,E-MD-B18-A002-091,E-MD-B18-A002-085,RELATED,Authority fit that this assessment tries to implement.,,2026-10-02T11:48:07+07:00,Same B18-A002/BL001; R0025 independent-fixture assessment.
MD-REL-1049,E-MD-B18-A002-091,E-MD-B18-A002-082,RELATED,Aggregate it first reported blocked; now runs with zero skips.,,2026-10-02T11:48:07+07:00,Same B18-A002/BL001; R0025 independent-fixture assessment.
MD-REL-1050,E-MD-B18-A002-091,E-MD-B18-A002-088,RELATED,Resolved part of the replay identity allocation fix; the residual remains.,,2026-10-02T11:48:07+07:00,Same B18-A002/BL001; R0025 independent-fixture assessment.
MD-REL-1051,E-MD-B18-A002-091,E-MD-B18-A002-089,RELATED,"Environment verification, scope-corrected by E090.",,2026-10-02T11:48:07+07:00,Same B18-A002/BL001; R0025 independent-fixture assessment.
MD-REL-1052,E-MD-B18-A002-091,E-MD-B18-A002-090,RELATED,Resolved the environment dependency this unit builds on.,,2026-10-02T11:48:07+07:00,Same B18-A002/BL001; R0025 independent-fixture assessment.
MD-REL-1053,E-MD-B18-A002-091,CI-MD-B18-A002-001,RELATED,Same impact declaration records the assessment.,,2026-10-02T11:48:07+07:00,Same B18-A002/BL001; R0025 independent-fixture assessment.
MD-REL-1054,E-MD-B18-A002-091,MD-B18-A002-BL001,RELATED,Same B18 baseline; no new attempt.,,2026-10-02T11:48:07+07:00,Same B18-A002/BL001; R0025 independent-fixture assessment.
MD-REL-1055,E-MD-B18-A002-091,E-MD-B10-A002-018,RELATED,Preservation check only: B10 closure unchanged.,,2026-10-02T11:48:07+07:00,Same B18-A002/BL001; R0025 independent-fixture assessment.
MD-REL-1056,E-MD-B18-A002-091,SC-MD-B10-A002-001,RELATED,Preservation check only: B10 closure unchanged.,,2026-10-02T11:48:07+07:00,Same B18-A002/BL001; R0025 independent-fixture assessment.
MD-REL-1057,F-MD-B18-A002-025,E-MD-B18-A002-091,DERIVED_FROM,Raised by the R0025 independent-fixture assessment.,,2026-10-02T11:48:07+07:00,Same B18-A002/BL001; R0025 independent-fixture assessment.
MD-REL-1058,F-MD-B18-A002-025,F-MD-B18-A002-017,RELATED,Blocks the finding's remaining MariaDB predicate from PROVEN.,,2026-10-02T11:48:07+07:00,Same B18-A002/BL001; R0025 independent-fixture assessment.
MD-REL-1059,F-MD-B18-A002-025,F-MD-B10-A002-004,RELATED,Its residual is a prerequisite of the independent fixture.,,2026-10-02T11:48:07+07:00,Same B18-A002/BL001; R0025 independent-fixture assessment.
MD-REL-1060,F-MD-B18-A002-025,F-MD-B10-A002-003,RELATED,Related only: not exercised by R0025.,,2026-10-02T11:48:07+07:00,Same B18-A002/BL001; R0025 independent-fixture assessment.
MD-REL-1061,F-MD-B18-A002-025,E-MD-B18-A002-085,RELATED,Authority-fit review of the independent fixture.,,2026-10-02T11:48:07+07:00,Same B18-A002/BL001; R0025 independent-fixture assessment.
MD-REL-1062,F-MD-B18-A002-025,D-MD-B18-A002-011,DEPENDS_ON,The independent-fixture decision it implements.,,2026-10-02T11:48:07+07:00,Same B18-A002/BL001; R0025 independent-fixture assessment.
MD-REL-1063,F-MD-B18-A002-017,E-MD-B18-A002-091,RELATED,The finding records the assessment.,,2026-10-02T11:48:07+07:00,Same B18-A002/BL001; R0025 independent-fixture assessment.
MD-REL-1064,F-MD-B18-A002-017,F-MD-B18-A002-025,RELATED,The finding records the new fixture-admission gap.,,2026-10-02T11:48:07+07:00,Same B18-A002/BL001; R0025 independent-fixture assessment.
MD-REL-1065,F-MD-B10-A002-003,E-MD-B18-A002-091,RELATED,The finding records the R0025 non-impact.,,2026-10-02T11:48:07+07:00,Same B18-A002/BL001; R0025 independent-fixture assessment.
MD-REL-1066,F-MD-B10-A002-004,E-MD-B18-A002-091,RELATED,The finding records the R0025 impact.,,2026-10-02T11:48:07+07:00,Same B18-A002/BL001; R0025 independent-fixture assessment.
MD-REL-1067,CI-MD-B18-A002-001,E-MD-B18-A002-091,RELATED,Impact declaration identifies the assessment.,,2026-10-02T11:48:07+07:00,Same B18-A002/BL001; R0025 independent-fixture assessment.
MD-REL-1068,CI-MD-B18-A002-001,F-MD-B18-A002-025,RELATED,New finding disclosed.,,2026-10-02T11:48:07+07:00,Same B18-A002/BL001; R0025 independent-fixture assessment.
MD-REL-1069,D-MD-B18-A002-013,E-MD-B18-A002-091,RELATED,Answers the three owner questions that assessment recorded.,D-MD-B18-A002-013,2026-10-02T13:16:45+07:00,Same B18-A002/BL001; first independent R0025 golden candidate.
MD-REL-1070,D-MD-B18-A002-013,E-MD-B18-A002-092,RELATED,The authoring unit that applies the decisions.,D-MD-B18-A002-013,2026-10-02T13:16:45+07:00,Same B18-A002/BL001; first independent R0025 golden candidate.
MD-REL-1071,D-MD-B18-A002-013,F-MD-B18-A002-025,RELATED,"Decides the world, the review model and the F-004 direction the finding waits on.",D-MD-B18-A002-013,2026-10-02T13:16:45+07:00,Same B18-A002/BL001; first independent R0025 golden candidate.
MD-REL-1072,D-MD-B18-A002-013,F-MD-B18-A002-017,RELATED,Direction for the finding's remaining MariaDB predicate; no predicate promoted.,D-MD-B18-A002-013,2026-10-02T13:16:45+07:00,Same B18-A002/BL001; first independent R0025 golden candidate.
MD-REL-1073,D-MD-B18-A002-013,F-MD-B10-A002-004,RELATED,Confirms the V2-only retained-root direction.,D-MD-B18-A002-013,2026-10-02T13:16:45+07:00,Same B18-A002/BL001; first independent R0025 golden candidate.
MD-REL-1074,D-MD-B18-A002-013,D-MD-B18-A002-011,DEPENDS_ON,Applies the independent-fixture admission contract it defines; does not weaken it.,D-MD-B18-A002-013,2026-10-02T13:16:45+07:00,Same B18-A002/BL001; first independent R0025 golden candidate.
MD-REL-1075,D-MD-B18-A002-013,CI-MD-B18-A002-001,RELATED,Same impact declaration records the decision.,D-MD-B18-A002-013,2026-10-02T13:16:45+07:00,Same B18-A002/BL001; first independent R0025 golden candidate.
MD-REL-1076,E-MD-B18-A002-092,D-MD-B18-A002-013,DEPENDS_ON,Authored under the owner decisions.,D-MD-B18-A002-013,2026-10-02T13:45:27+07:00,Same B18-A002/BL001; first independent R0025 golden candidate.
MD-REL-1077,E-MD-B18-A002-092,E-MD-B18-A002-091,DERIVED_FROM,Implements the path that assessment found; the V1 allocation proof is retained there.,D-MD-B18-A002-013,2026-10-02T13:45:27+07:00,Same B18-A002/BL001; first independent R0025 golden candidate.
MD-REL-1078,E-MD-B18-A002-092,F-MD-B18-A002-025,RELATED,Progresses the fixture-admission gap; the finding stays open.,D-MD-B18-A002-013,2026-10-02T13:45:27+07:00,Same B18-A002/BL001; first independent R0025 golden candidate.
MD-REL-1079,E-MD-B18-A002-092,F-MD-B18-A002-026,RELATED,Records the V2 pipeline defect found while building the world.,D-MD-B18-A002-013,2026-10-02T13:45:27+07:00,Same B18-A002/BL001; first independent R0025 golden candidate.
MD-REL-1080,E-MD-B18-A002-092,F-MD-B18-A002-017,RELATED,Candidate for the finding's remaining MariaDB predicate; not proof.,D-MD-B18-A002-013,2026-10-02T13:45:27+07:00,Same B18-A002/BL001; first independent R0025 golden candidate.
MD-REL-1081,E-MD-B18-A002-092,F-MD-B10-A002-004,RELATED,Implements the V2 part of the replay-identity residual.,D-MD-B18-A002-013,2026-10-02T13:45:27+07:00,Same B18-A002/BL001; first independent R0025 golden candidate.
MD-REL-1082,E-MD-B18-A002-092,F-MD-B10-A002-003,RELATED,Non-impact recorded: the world does not exercise the producer reuse path.,D-MD-B18-A002-013,2026-10-02T13:45:27+07:00,Same B18-A002/BL001; first independent R0025 golden candidate.
MD-REL-1083,E-MD-B18-A002-092,E-MD-B18-A002-085,RELATED,Authority fit of the independent fixture that this candidate follows.,D-MD-B18-A002-013,2026-10-02T13:45:27+07:00,Same B18-A002/BL001; first independent R0025 golden candidate.
MD-REL-1084,E-MD-B18-A002-092,E-MD-B18-A002-088,RELATED,Resolved part of the replay identity allocation fix; this extends it for V2.,D-MD-B18-A002-013,2026-10-02T13:45:27+07:00,Same B18-A002/BL001; first independent R0025 golden candidate.
MD-REL-1085,E-MD-B18-A002-092,E-MD-B18-A002-090,RELATED,The environment under which the zero-skip aggregate runs.,D-MD-B18-A002-013,2026-10-02T13:45:27+07:00,Same B18-A002/BL001; first independent R0025 golden candidate.
MD-REL-1086,E-MD-B18-A002-092,E-MD-B10-A002-010,RELATED,Source of the recorded V2 semantic hash contract the oracle transcribes.,D-MD-B18-A002-013,2026-10-02T13:45:27+07:00,Same B18-A002/BL001; first independent R0025 golden candidate.
MD-REL-1087,E-MD-B18-A002-092,D-MD-B18-A002-011,DEPENDS_ON,The independent-fixture admission contract.,D-MD-B18-A002-013,2026-10-02T13:45:27+07:00,Same B18-A002/BL001; first independent R0025 golden candidate.
MD-REL-1088,E-MD-B18-A002-092,D-MD-B18-A002-012,RELATED,The environment boundary of the MariaDB-backed controls.,D-MD-B18-A002-013,2026-10-02T13:45:27+07:00,Same B18-A002/BL001; first independent R0025 golden candidate.
MD-REL-1089,E-MD-B18-A002-092,D-MD-B10-A002-005,RELATED,Allocation-independence rule applied to the expected side.,D-MD-B18-A002-013,2026-10-02T13:45:27+07:00,Same B18-A002/BL001; first independent R0025 golden candidate.
MD-REL-1090,E-MD-B18-A002-092,CI-MD-B18-A002-001,RELATED,Same impact declaration records the candidate.,D-MD-B18-A002-013,2026-10-02T13:45:27+07:00,Same B18-A002/BL001; first independent R0025 golden candidate.
MD-REL-1091,E-MD-B18-A002-092,MD-B18-A002-BL001,RELATED,Same B18 baseline; no new attempt.,D-MD-B18-A002-013,2026-10-02T13:45:27+07:00,Same B18-A002/BL001; first independent R0025 golden candidate.
MD-REL-1092,E-MD-B18-A002-092,E-MD-B10-A002-018,RELATED,Preservation check only: B10 closure unchanged.,D-MD-B18-A002-013,2026-10-02T13:45:27+07:00,Same B18-A002/BL001; first independent R0025 golden candidate.
MD-REL-1093,E-MD-B18-A002-092,SC-MD-B10-A002-001,RELATED,Preservation check only: B10 closure unchanged.,D-MD-B18-A002-013,2026-10-02T13:45:27+07:00,Same B18-A002/BL001; first independent R0025 golden candidate.
MD-REL-1094,F-MD-B18-A002-026,E-MD-B18-A002-092,DERIVED_FROM,Found and resolved in the candidate authoring unit.,D-MD-B18-A002-013,2026-10-02T13:43:54+07:00,Same B18-A002/BL001; first independent R0025 golden candidate.
MD-REL-1095,F-MD-B18-A002-026,F-MD-B10-A002-004,RELATED,Found while building the V2 world the residual needs.,D-MD-B18-A002-013,2026-10-02T13:43:54+07:00,Same B18-A002/BL001; first independent R0025 golden candidate.
MD-REL-1096,F-MD-B18-A002-026,F-MD-B18-A002-025,RELATED,A defect on the way to the independent fixture world.,D-MD-B18-A002-013,2026-10-02T13:43:54+07:00,Same B18-A002/BL001; first independent R0025 golden candidate.
MD-REL-1097,F-MD-B18-A002-026,D-MD-B18-A002-013,RELATED,Found under the synthetic V2 world decision.,D-MD-B18-A002-013,2026-10-02T13:43:54+07:00,Same B18-A002/BL001; first independent R0025 golden candidate.
MD-REL-1098,F-MD-B18-A002-025,E-MD-B18-A002-092,RELATED,Progress recorded.,D-MD-B18-A002-013,2026-10-02T13:45:27+07:00,Same B18-A002/BL001; first independent R0025 golden candidate.
MD-REL-1099,F-MD-B18-A002-025,D-MD-B18-A002-013,RELATED,The owner decisions the finding waited on.,D-MD-B18-A002-013,2026-10-02T13:16:45+07:00,Same B18-A002/BL001; first independent R0025 golden candidate.
MD-REL-1100,F-MD-B18-A002-025,F-MD-B18-A002-026,RELATED,A defect found on the way.,D-MD-B18-A002-013,2026-10-02T13:43:54+07:00,Same B18-A002/BL001; first independent R0025 golden candidate.
MD-REL-1101,F-MD-B10-A002-004,E-MD-B18-A002-092,RELATED,The finding records the V2 implementation.,D-MD-B18-A002-013,2026-10-02T13:45:27+07:00,Same B18-A002/BL001; first independent R0025 golden candidate.
MD-REL-1102,F-MD-B10-A002-004,D-MD-B18-A002-013,RELATED,The finding records the confirmed direction.,D-MD-B18-A002-013,2026-10-02T13:16:45+07:00,Same B18-A002/BL001; first independent R0025 golden candidate.
MD-REL-1103,F-MD-B10-A002-004,F-MD-B18-A002-026,RELATED,A defect found while implementing the V2 world.,D-MD-B18-A002-013,2026-10-02T13:43:54+07:00,Same B18-A002/BL001; first independent R0025 golden candidate.
MD-REL-1104,F-MD-B10-A002-003,E-MD-B18-A002-092,RELATED,The finding records the non-impact.,D-MD-B18-A002-013,2026-10-02T13:45:27+07:00,Same B18-A002/BL001; first independent R0025 golden candidate.
MD-REL-1105,F-MD-B18-A002-017,E-MD-B18-A002-092,RELATED,The finding records the candidate.,D-MD-B18-A002-013,2026-10-02T13:45:27+07:00,Same B18-A002/BL001; first independent R0025 golden candidate.
MD-REL-1106,F-MD-B18-A002-017,D-MD-B18-A002-013,RELATED,The finding records the owner decisions.,D-MD-B18-A002-013,2026-10-02T13:16:45+07:00,Same B18-A002/BL001; first independent R0025 golden candidate.
MD-REL-1107,F-MD-B18-A002-017,F-MD-B18-A002-026,RELATED,A defect found on the way.,D-MD-B18-A002-013,2026-10-02T13:43:54+07:00,Same B18-A002/BL001; first independent R0025 golden candidate.
MD-REL-1108,CI-MD-B18-A002-001,E-MD-B18-A002-092,RELATED,Impact declaration identifies the candidate.,D-MD-B18-A002-013,2026-10-02T13:45:27+07:00,Same B18-A002/BL001; first independent R0025 golden candidate.
MD-REL-1109,CI-MD-B18-A002-001,D-MD-B18-A002-013,RELATED,Impact declaration identifies the decision.,D-MD-B18-A002-013,2026-10-02T13:16:45+07:00,Same B18-A002/BL001; first independent R0025 golden candidate.
MD-REL-1110,CI-MD-B18-A002-001,F-MD-B18-A002-026,RELATED,New finding disclosed.,D-MD-B18-A002-013,2026-10-02T13:43:54+07:00,Same B18-A002/BL001; first independent R0025 golden candidate.
MD-REL-1111,E-MD-B18-A002-093,E-MD-B18-A002-092,DERIVED_FROM,Responds to the independent review of the candidate that record issued; the record is not edited.,D-MD-B18-A002-013,2026-10-03T08:45:44+07:00,Same B18-A002/BL001; review response to candidate-v1.
MD-REL-1112,E-MD-B18-A002-093,E-MD-B18-A002-091,RELATED,The allocation analysis the candidate and its successor rest on.,D-MD-B18-A002-013,2026-10-03T08:45:44+07:00,Same B18-A002/BL001; review response to candidate-v1.
MD-REL-1113,E-MD-B18-A002-093,D-MD-B18-A002-013,DEPENDS_ON,"Worked under the owner decisions on world, review model and V2 direction.",D-MD-B18-A002-013,2026-10-03T08:45:44+07:00,Same B18-A002/BL001; review response to candidate-v1.
MD-REL-1114,E-MD-B18-A002-093,D-MD-B18-A002-011,DEPENDS_ON,The independent-fixture admission contract.,D-MD-B18-A002-013,2026-10-03T08:45:44+07:00,Same B18-A002/BL001; review response to candidate-v1.
MD-REL-1115,E-MD-B18-A002-093,D-MD-B10-A002-005,RELATED,Approved the whole-payload registry identity that blocks independent derivation (Q4).,D-MD-B18-A002-013,2026-10-03T08:45:44+07:00,Same B18-A002/BL001; review response to candidate-v1.
MD-REL-1116,E-MD-B18-A002-093,D-MD-B18-A002-006,RELATED,Authorised no new bound-input field for the registry identities (Q4).,D-MD-B18-A002-013,2026-10-03T08:45:44+07:00,Same B18-A002/BL001; review response to candidate-v1.
MD-REL-1117,E-MD-B18-A002-093,F-MD-B18-A002-025,RELATED,"Progress: candidate-v1 reviewed, candidate-v2 blocked on owner decisions.",D-MD-B18-A002-013,2026-10-03T08:45:44+07:00,Same B18-A002/BL001; review response to candidate-v1.
MD-REL-1118,E-MD-B18-A002-093,F-MD-B18-A002-027,RELATED,Records the provider timestamp trace.,D-MD-B18-A002-013,2026-10-03T08:45:44+07:00,Same B18-A002/BL001; review response to candidate-v1.
MD-REL-1119,E-MD-B18-A002-093,F-MD-B18-A002-028,RELATED,Records the registry and build identity trace.,D-MD-B18-A002-013,2026-10-03T08:45:44+07:00,Same B18-A002/BL001; review response to candidate-v1.
MD-REL-1120,E-MD-B18-A002-093,F-MD-B18-A002-029,RELATED,Records the vacuous control fix and probe P1.,D-MD-B18-A002-013,2026-10-03T08:45:44+07:00,Same B18-A002/BL001; review response to candidate-v1.
MD-REL-1121,E-MD-B18-A002-093,F-MD-B10-A002-004,RELATED,Classifies the V2 event_factor residual exactly (Q7).,D-MD-B18-A002-013,2026-10-03T08:45:44+07:00,Same B18-A002/BL001; review response to candidate-v1.
MD-REL-1122,E-MD-B18-A002-093,F-MD-B18-A002-017,RELATED,Remaining MariaDB predicate; unchanged.,D-MD-B18-A002-013,2026-10-03T08:45:44+07:00,Same B18-A002/BL001; review response to candidate-v1.
MD-REL-1123,E-MD-B18-A002-093,E-MD-B07-A001-001,RELATED,Proof of MD-S053-R0068; not reassessed (Q6).,D-MD-B18-A002-013,2026-10-03T08:45:44+07:00,Same B18-A002/BL001; review response to candidate-v1.
MD-REL-1124,E-MD-B18-A002-093,SC-MD-B10-A002-001,RELATED,Preservation: B10 closure unchanged; no semantic producer touched.,D-MD-B18-A002-013,2026-10-03T08:45:44+07:00,Same B18-A002/BL001; review response to candidate-v1.
MD-REL-1125,E-MD-B18-A002-093,CI-MD-B18-A002-001,RELATED,Same impact declaration records the response.,D-MD-B18-A002-013,2026-10-03T08:45:44+07:00,Same B18-A002/BL001; review response to candidate-v1.
MD-REL-1126,E-MD-B18-A002-093,MD-B18-A002-BL001,RELATED,Same B18 baseline; no new attempt.,D-MD-B18-A002-013,2026-10-03T08:45:44+07:00,Same B18-A002/BL001; review response to candidate-v1.
MD-REL-1127,F-MD-B18-A002-027,E-MD-B18-A002-093,DERIVED_FROM,Raised from the timestamp trace.,D-MD-B18-A002-013,2026-10-03T08:45:44+07:00,Same B18-A002/BL001; review response to candidate-v1.
MD-REL-1128,F-MD-B18-A002-027,F-MD-B18-A002-025,RELATED,Blocks an independent expectation of the bars hash.,D-MD-B18-A002-013,2026-10-03T08:45:44+07:00,Same B18-A002/BL001; review response to candidate-v1.
MD-REL-1129,F-MD-B18-A002-027,E-MD-B07-A001-001,RELATED,Acquisition envelope proof; not reassessed.,D-MD-B18-A002-013,2026-10-03T08:45:44+07:00,Same B18-A002/BL001; review response to candidate-v1.
MD-REL-1130,F-MD-B18-A002-028,E-MD-B18-A002-093,DERIVED_FROM,Raised from the eleven-input trace.,D-MD-B18-A002-013,2026-10-03T08:45:44+07:00,Same B18-A002/BL001; review response to candidate-v1.
MD-REL-1131,F-MD-B18-A002-028,F-MD-B18-A002-025,RELATED,Blocks an independent expectation of three bound inputs.,D-MD-B18-A002-013,2026-10-03T08:45:44+07:00,Same B18-A002/BL001; review response to candidate-v1.
MD-REL-1132,F-MD-B18-A002-028,D-MD-B10-A002-005,RELATED,The approved semantics the finding reports.,D-MD-B18-A002-013,2026-10-03T08:45:44+07:00,Same B18-A002/BL001; review response to candidate-v1.
MD-REL-1133,F-MD-B18-A002-028,D-MD-B18-A002-006,RELATED,The decision that confirmed the whole-payload read.,D-MD-B18-A002-013,2026-10-03T08:45:44+07:00,Same B18-A002/BL001; review response to candidate-v1.
MD-REL-1134,F-MD-B18-A002-028,F-MD-B10-A002-004,RELATED,Same bound-input family; the event/factor member is its residual.,D-MD-B18-A002-013,2026-10-03T08:45:44+07:00,Same B18-A002/BL001; review response to candidate-v1.
MD-REL-1135,F-MD-B18-A002-029,E-MD-B18-A002-093,DERIVED_FROM,Found and fixed in the review response.,D-MD-B18-A002-013,2026-10-03T08:45:44+07:00,Same B18-A002/BL001; review response to candidate-v1.
MD-REL-1136,F-MD-B18-A002-029,E-MD-B18-A002-092,RELATED,The candidate whose control it concerns.,D-MD-B18-A002-013,2026-10-03T08:45:44+07:00,Same B18-A002/BL001; review response to candidate-v1.
MD-REL-1137,F-MD-B18-A002-025,E-MD-B18-A002-093,RELATED,Progress recorded.,D-MD-B18-A002-013,2026-10-03T08:45:44+07:00,Same B18-A002/BL001; review response to candidate-v1.
MD-REL-1138,F-MD-B18-A002-025,F-MD-B18-A002-027,RELATED,A defect found on the way.,D-MD-B18-A002-013,2026-10-03T08:45:44+07:00,Same B18-A002/BL001; review response to candidate-v1.
MD-REL-1139,F-MD-B18-A002-025,F-MD-B18-A002-028,RELATED,An authority gap found on the way.,D-MD-B18-A002-013,2026-10-03T08:45:44+07:00,Same B18-A002/BL001; review response to candidate-v1.
MD-REL-1140,F-MD-B18-A002-025,F-MD-B18-A002-029,RELATED,A control defect found and fixed on the way.,D-MD-B18-A002-013,2026-10-03T08:45:44+07:00,Same B18-A002/BL001; review response to candidate-v1.
MD-REL-1141,F-MD-B10-A002-004,E-MD-B18-A002-093,RELATED,The finding records the exact classification.,D-MD-B18-A002-013,2026-10-03T08:45:44+07:00,Same B18-A002/BL001; review response to candidate-v1.
MD-REL-1142,F-MD-B10-A002-004,F-MD-B18-A002-028,RELATED,Same bound-input family.,D-MD-B18-A002-013,2026-10-03T08:45:44+07:00,Same B18-A002/BL001; review response to candidate-v1.
MD-REL-1143,F-MD-B18-A002-017,E-MD-B18-A002-093,RELATED,The finding records the review response.,D-MD-B18-A002-013,2026-10-03T08:45:44+07:00,Same B18-A002/BL001; review response to candidate-v1.
MD-REL-1144,F-MD-B18-A002-017,F-MD-B18-A002-027,RELATED,A defect found on the way.,D-MD-B18-A002-013,2026-10-03T08:45:44+07:00,Same B18-A002/BL001; review response to candidate-v1.
MD-REL-1145,F-MD-B18-A002-017,F-MD-B18-A002-028,RELATED,An authority gap found on the way.,D-MD-B18-A002-013,2026-10-03T08:45:44+07:00,Same B18-A002/BL001; review response to candidate-v1.
MD-REL-1146,CI-MD-B18-A002-001,E-MD-B18-A002-093,RELATED,Impact declaration identifies the response.,D-MD-B18-A002-013,2026-10-03T08:45:44+07:00,Same B18-A002/BL001; review response to candidate-v1.
MD-REL-1147,CI-MD-B18-A002-001,F-MD-B18-A002-027,RELATED,New finding disclosed.,D-MD-B18-A002-013,2026-10-03T08:45:44+07:00,Same B18-A002/BL001; review response to candidate-v1.
MD-REL-1148,CI-MD-B18-A002-001,F-MD-B18-A002-028,RELATED,New finding disclosed.,D-MD-B18-A002-013,2026-10-03T08:45:44+07:00,Same B18-A002/BL001; review response to candidate-v1.
MD-REL-1149,CI-MD-B18-A002-001,F-MD-B18-A002-029,RELATED,New finding disclosed.,D-MD-B18-A002-013,2026-10-03T08:45:44+07:00,Same B18-A002/BL001; review response to candidate-v1.
MD-REL-1150,D-MD-B18-A002-014,E-MD-B18-A002-093,RELATED,Answers the four owner decisions that record posed.,D-MD-B18-A002-014,2026-10-03T10:25:05+07:00,Same B18-A002/BL001; owner decision for candidate-v2.
MD-REL-1151,D-MD-B18-A002-014,D-MD-B18-A002-013,DEPENDS_ON,Continues the synthetic V2 world and V2-only direction.,D-MD-B18-A002-014,2026-10-03T10:25:05+07:00,Same B18-A002/BL001; owner decision for candidate-v2.
MD-REL-1152,D-MD-B18-A002-014,D-MD-B10-A002-005,RELATED,Q4 supersedes its whole-payload registry identity for V2 only; V1 unchanged.,D-MD-B18-A002-014,2026-10-03T10:25:05+07:00,Same B18-A002/BL001; owner decision for candidate-v2.
MD-REL-1153,D-MD-B18-A002-014,D-MD-B18-A002-006,RELATED,Q4 supersedes its read of the whole registry capture for V2 only; V1 unchanged.,D-MD-B18-A002-014,2026-10-03T10:25:05+07:00,Same B18-A002/BL001; owner decision for candidate-v2.
MD-REL-1154,D-MD-B18-A002-014,F-MD-B18-A002-025,RELATED,Decides the candidate-v2 prerequisites the finding waits on.,D-MD-B18-A002-014,2026-10-03T10:25:05+07:00,Same B18-A002/BL001; owner decision for candidate-v2.
MD-REL-1155,D-MD-B18-A002-014,F-MD-B18-A002-027,RELATED,Q6 authorises the correction of the provider timestamp defect.,D-MD-B18-A002-014,2026-10-03T10:25:05+07:00,Same B18-A002/BL001; owner decision for candidate-v2.
MD-REL-1156,D-MD-B18-A002-014,F-MD-B18-A002-028,RELATED,Q4 and Q5 decide the registry and build identity gap.,D-MD-B18-A002-014,2026-10-03T10:25:05+07:00,Same B18-A002/BL001; owner decision for candidate-v2.
MD-REL-1157,D-MD-B18-A002-014,F-MD-B10-A002-004,RELATED,Q7 decides the V2 event_factor residual direction.,D-MD-B18-A002-014,2026-10-03T10:25:05+07:00,Same B18-A002/BL001; owner decision for candidate-v2.
MD-REL-1158,D-MD-B18-A002-014,CI-MD-B18-A002-001,RELATED,Same impact declaration records the decision.,D-MD-B18-A002-014,2026-10-03T10:25:05+07:00,Same B18-A002/BL001; owner decision for candidate-v2.
MD-REL-1159,E-MD-B18-A002-093,D-MD-B18-A002-014,RELATED,The decision that answers its owner decision package.,D-MD-B18-A002-014,2026-10-03T10:25:05+07:00,Same B18-A002/BL001; owner decision for candidate-v2.
MD-REL-1160,F-MD-B18-A002-025,D-MD-B18-A002-014,RELATED,The decision recorded for the finding.,D-MD-B18-A002-014,2026-10-03T10:25:05+07:00,Same B18-A002/BL001; owner decision for candidate-v2.
MD-REL-1161,F-MD-B18-A002-027,D-MD-B18-A002-014,RELATED,The decision recorded for the finding.,D-MD-B18-A002-014,2026-10-03T10:25:05+07:00,Same B18-A002/BL001; owner decision for candidate-v2.
MD-REL-1162,F-MD-B18-A002-028,D-MD-B18-A002-014,RELATED,The decision recorded for the finding.,D-MD-B18-A002-014,2026-10-03T10:25:05+07:00,Same B18-A002/BL001; owner decision for candidate-v2.
MD-REL-1163,F-MD-B10-A002-004,D-MD-B18-A002-014,RELATED,The decision recorded for the finding.,D-MD-B18-A002-014,2026-10-03T10:25:05+07:00,Same B18-A002/BL001; owner decision for candidate-v2.
MD-REL-1164,CI-MD-B18-A002-001,D-MD-B18-A002-014,RELATED,Impact declaration identifies the decision.,D-MD-B18-A002-014,2026-10-03T10:25:05+07:00,Same B18-A002/BL001; owner decision for candidate-v2.
MD-REL-1165,E-MD-B18-A002-094,D-MD-B18-A002-014,DEPENDS_ON,Applies the owner selections Q4 to Q7.,D-MD-B18-A002-014,2026-10-03T11:47:12+07:00,Same B18-A002/BL001; candidate-v2.
MD-REL-1166,E-MD-B18-A002-094,E-MD-B18-A002-093,DERIVED_FROM,Builds the candidate that record blocked on owner decisions; the record is not edited.,D-MD-B18-A002-014,2026-10-03T11:47:12+07:00,Same B18-A002/BL001; candidate-v2.
MD-REL-1167,E-MD-B18-A002-094,E-MD-B18-A002-092,RELATED,Candidate-v1 that candidate-v2 supersedes; not edited.,D-MD-B18-A002-014,2026-10-03T11:47:12+07:00,Same B18-A002/BL001; candidate-v2.
MD-REL-1168,E-MD-B18-A002-094,E-MD-B18-A002-091,RELATED,The allocation analysis the candidate rests on.,D-MD-B18-A002-014,2026-10-03T11:47:12+07:00,Same B18-A002/BL001; candidate-v2.
MD-REL-1169,E-MD-B18-A002-094,D-MD-B18-A002-013,DEPENDS_ON,"The synthetic world, review model and V2-only direction.",D-MD-B18-A002-014,2026-10-03T11:47:12+07:00,Same B18-A002/BL001; candidate-v2.
MD-REL-1170,E-MD-B18-A002-094,D-MD-B18-A002-011,DEPENDS_ON,The independent-fixture admission contract.,D-MD-B18-A002-014,2026-10-03T11:47:12+07:00,Same B18-A002/BL001; candidate-v2.
MD-REL-1171,E-MD-B18-A002-094,D-MD-B10-A002-005,RELATED,Q4 replaces its whole-payload registry identity for V2 only.,D-MD-B18-A002-014,2026-10-03T11:47:12+07:00,Same B18-A002/BL001; candidate-v2.
MD-REL-1172,E-MD-B18-A002-094,D-MD-B18-A002-006,RELATED,Q4 replaces its whole-capture registry read for V2 only.,D-MD-B18-A002-014,2026-10-03T11:47:12+07:00,Same B18-A002/BL001; candidate-v2.
MD-REL-1173,E-MD-B18-A002-094,F-MD-B18-A002-025,RELATED,Progress: candidate-v2 awaits review.,D-MD-B18-A002-014,2026-10-03T11:47:12+07:00,Same B18-A002/BL001; candidate-v2.
MD-REL-1174,E-MD-B18-A002-094,F-MD-B18-A002-027,RELATED,Resolves the provider timestamp defect.,D-MD-B18-A002-014,2026-10-03T11:47:12+07:00,Same B18-A002/BL001; candidate-v2.
MD-REL-1175,E-MD-B18-A002-094,F-MD-B18-A002-028,RELATED,Implements the registry and build identity decisions.,D-MD-B18-A002-014,2026-10-03T11:47:12+07:00,Same B18-A002/BL001; candidate-v2.
MD-REL-1176,E-MD-B18-A002-094,F-MD-B18-A002-029,RELATED,The IR-3 control fix is retained in the controls.,D-MD-B18-A002-014,2026-10-03T11:47:12+07:00,Same B18-A002/BL001; candidate-v2.
MD-REL-1177,E-MD-B18-A002-094,F-MD-B10-A002-004,RELATED,Reassesses the finding against its closure criterion.,D-MD-B18-A002-014,2026-10-03T11:47:12+07:00,Same B18-A002/BL001; candidate-v2.
MD-REL-1178,E-MD-B18-A002-094,F-MD-B18-A002-017,RELATED,Remaining MariaDB predicate; unchanged.,D-MD-B18-A002-014,2026-10-03T11:47:12+07:00,Same B18-A002/BL001; candidate-v2.
MD-REL-1179,E-MD-B18-A002-094,E-MD-B07-A001-001,RELATED,Proof of MD-S053-R0068; not reassessed.,D-MD-B18-A002-014,2026-10-03T11:47:12+07:00,Same B18-A002/BL001; candidate-v2.
MD-REL-1180,E-MD-B18-A002-094,E-MD-B10-A002-017,RELATED,The 56 predicates whose covering tests were re-executed.,D-MD-B18-A002-014,2026-10-03T11:47:12+07:00,Same B18-A002/BL001; candidate-v2.
MD-REL-1181,E-MD-B18-A002-094,SC-MD-B10-A002-001,RELATED,"Preservation: B10 closure unchanged, impact executed.",D-MD-B18-A002-014,2026-10-03T11:47:12+07:00,Same B18-A002/BL001; candidate-v2.
MD-REL-1182,E-MD-B18-A002-094,CI-MD-B18-A002-001,RELATED,Same impact declaration records the candidate.,D-MD-B18-A002-014,2026-10-03T11:47:12+07:00,Same B18-A002/BL001; candidate-v2.
MD-REL-1183,E-MD-B18-A002-094,MD-B18-A002-BL001,RELATED,Same B18 baseline; no new attempt.,D-MD-B18-A002-014,2026-10-03T11:47:12+07:00,Same B18-A002/BL001; candidate-v2.
MD-REL-1184,F-MD-B18-A002-025,E-MD-B18-A002-094,RELATED,Progress recorded.,D-MD-B18-A002-014,2026-10-03T11:47:12+07:00,Same B18-A002/BL001; candidate-v2.
MD-REL-1185,F-MD-B18-A002-027,E-MD-B18-A002-094,DERIVED_FROM,Resolved by the Q6 correction.,D-MD-B18-A002-014,2026-10-03T11:47:12+07:00,Same B18-A002/BL001; candidate-v2.
MD-REL-1186,F-MD-B18-A002-028,E-MD-B18-A002-094,RELATED,Implemented by Q4 and Q5.,D-MD-B18-A002-014,2026-10-03T11:47:12+07:00,Same B18-A002/BL001; candidate-v2.
MD-REL-1187,F-MD-B10-A002-004,E-MD-B18-A002-094,RELATED,The reassessment is recorded.,D-MD-B18-A002-014,2026-10-03T11:47:12+07:00,Same B18-A002/BL001; candidate-v2.
MD-REL-1188,F-MD-B18-A002-017,E-MD-B18-A002-094,RELATED,The finding records the candidate.,D-MD-B18-A002-014,2026-10-03T11:47:12+07:00,Same B18-A002/BL001; candidate-v2.
MD-REL-1189,CI-MD-B18-A002-001,E-MD-B18-A002-094,RELATED,Impact declaration identifies the candidate.,D-MD-B18-A002-014,2026-10-03T11:47:12+07:00,Same B18-A002/BL001; candidate-v2.
MD-REL-1190,E-MD-B18-A002-095,E-MD-B18-A002-094,DERIVED_FROM,Records the independent review of the candidate that record issued; the record is not edited.,D-MD-B18-A002-014,2026-10-04T23:42:39+07:00,Same B18-A002/BL001; candidate-v2 review.
MD-REL-1191,E-MD-B18-A002-095,F-MD-B18-A002-030,RELATED,Review finding 1.,D-MD-B18-A002-014,2026-10-04T23:42:39+07:00,Same B18-A002/BL001; candidate-v2 review.
MD-REL-1192,E-MD-B18-A002-095,F-MD-B18-A002-031,RELATED,Review finding 2.,D-MD-B18-A002-014,2026-10-04T23:42:39+07:00,Same B18-A002/BL001; candidate-v2 review.
MD-REL-1193,E-MD-B18-A002-095,F-MD-B18-A002-025,RELATED,Progress: candidate-v2 reviewed CHANGES REQUIRED.,D-MD-B18-A002-014,2026-10-04T23:42:39+07:00,Same B18-A002/BL001; candidate-v2 review.
MD-REL-1194,E-MD-B18-A002-095,D-MD-B18-A002-011,DEPENDS_ON,The independent-fixture admission contract the review applies.,D-MD-B18-A002-014,2026-10-04T23:42:39+07:00,Same B18-A002/BL001; candidate-v2 review.
MD-REL-1195,E-MD-B18-A002-095,D-MD-B18-A002-014,RELATED,The owner decisions candidate-v2 applied and candidate-v3 preserves.,D-MD-B18-A002-014,2026-10-04T23:42:39+07:00,Same B18-A002/BL001; candidate-v2 review.
MD-REL-1196,E-MD-B18-A002-095,CI-MD-B18-A002-001,RELATED,Same impact declaration records the review.,D-MD-B18-A002-014,2026-10-04T23:42:39+07:00,Same B18-A002/BL001; candidate-v2 review.
MD-REL-1197,E-MD-B18-A002-095,MD-B18-A002-BL001,RELATED,Same B18 baseline; no new attempt.,D-MD-B18-A002-014,2026-10-04T23:42:39+07:00,Same B18-A002/BL001; candidate-v2 review.
MD-REL-1198,F-MD-B18-A002-030,E-MD-B18-A002-095,DERIVED_FROM,Raised by the review.,D-MD-B18-A002-014,2026-10-04T23:42:39+07:00,Same B18-A002/BL001; candidate-v2 review.
MD-REL-1199,F-MD-B18-A002-030,E-MD-B18-A002-094,RELATED,The candidate whose manifest it concerns.,D-MD-B18-A002-014,2026-10-04T23:42:39+07:00,Same B18-A002/BL001; candidate-v2 review.
MD-REL-1200,F-MD-B18-A002-030,F-MD-B18-A002-025,RELATED,Blocks approval of an independent package.,D-MD-B18-A002-014,2026-10-04T23:42:39+07:00,Same B18-A002/BL001; candidate-v2 review.
MD-REL-1201,F-MD-B18-A002-030,D-MD-B18-A002-011,RELATED,The admission contract.,D-MD-B18-A002-014,2026-10-04T23:42:39+07:00,Same B18-A002/BL001; candidate-v2 review.
MD-REL-1202,F-MD-B18-A002-031,E-MD-B18-A002-095,DERIVED_FROM,Raised by the review.,D-MD-B18-A002-014,2026-10-04T23:42:39+07:00,Same B18-A002/BL001; candidate-v2 review.
MD-REL-1203,F-MD-B18-A002-031,E-MD-B18-A002-094,RELATED,The candidate whose expectations it concerns.,D-MD-B18-A002-014,2026-10-04T23:42:39+07:00,Same B18-A002/BL001; candidate-v2 review.
MD-REL-1204,F-MD-B18-A002-031,F-MD-B18-A002-025,RELATED,Blocks an exact-publication proof.,D-MD-B18-A002-014,2026-10-04T23:42:39+07:00,Same B18-A002/BL001; candidate-v2 review.
MD-REL-1205,F-MD-B18-A002-031,F-MD-B18-A002-017,RELATED,Remaining MariaDB predicate.,D-MD-B18-A002-014,2026-10-04T23:42:39+07:00,Same B18-A002/BL001; candidate-v2 review.
MD-REL-1206,F-MD-B18-A002-031,D-MD-B18-A002-011,RELATED,The admission contract.,D-MD-B18-A002-014,2026-10-04T23:42:39+07:00,Same B18-A002/BL001; candidate-v2 review.
MD-REL-1207,F-MD-B18-A002-025,E-MD-B18-A002-095,RELATED,Progress recorded.,D-MD-B18-A002-014,2026-10-04T23:42:39+07:00,Same B18-A002/BL001; candidate-v2 review.
MD-REL-1208,F-MD-B18-A002-025,F-MD-B18-A002-030,RELATED,A review finding.,D-MD-B18-A002-014,2026-10-04T23:42:39+07:00,Same B18-A002/BL001; candidate-v2 review.
MD-REL-1209,F-MD-B18-A002-025,F-MD-B18-A002-031,RELATED,A review finding.,D-MD-B18-A002-014,2026-10-04T23:42:39+07:00,Same B18-A002/BL001; candidate-v2 review.
MD-REL-1210,CI-MD-B18-A002-001,E-MD-B18-A002-095,RELATED,Impact declaration identifies the review.,D-MD-B18-A002-014,2026-10-04T23:42:39+07:00,Same B18-A002/BL001; candidate-v2 review.
MD-REL-1211,CI-MD-B18-A002-001,F-MD-B18-A002-030,RELATED,New finding disclosed.,D-MD-B18-A002-014,2026-10-04T23:42:39+07:00,Same B18-A002/BL001; candidate-v2 review.
MD-REL-1212,CI-MD-B18-A002-001,F-MD-B18-A002-031,RELATED,New finding disclosed.,D-MD-B18-A002-014,2026-10-04T23:42:39+07:00,Same B18-A002/BL001; candidate-v2 review.
MD-REL-1214,E-MD-B18-A002-096,E-MD-B18-A002-095,DEPENDS_ON,Corrects the two findings of that review.,D-MD-B18-A002-014,2026-10-05T07:38:19+07:00,Same B18-A002/BL001; candidate-v3.
MD-REL-1215,E-MD-B18-A002-096,E-MD-B18-A002-094,DERIVED_FROM,Candidate-v2 that candidate-v3 supersedes; not edited.,D-MD-B18-A002-014,2026-10-05T07:38:19+07:00,Same B18-A002/BL001; candidate-v3.
MD-REL-1216,E-MD-B18-A002-096,E-MD-B18-A002-093,RELATED,The earlier owner decision package.,D-MD-B18-A002-014,2026-10-05T07:38:19+07:00,Same B18-A002/BL001; candidate-v3.
MD-REL-1217,E-MD-B18-A002-096,F-MD-B18-A002-030,RELATED,Corrects review finding 1.,D-MD-B18-A002-014,2026-10-05T07:38:19+07:00,Same B18-A002/BL001; candidate-v3.
MD-REL-1218,E-MD-B18-A002-096,F-MD-B18-A002-031,RELATED,Corrects review finding 2.,D-MD-B18-A002-014,2026-10-05T07:38:19+07:00,Same B18-A002/BL001; candidate-v3.
MD-REL-1219,E-MD-B18-A002-096,F-MD-B18-A002-025,RELATED,Progress: candidate-v3 awaits review.,D-MD-B18-A002-014,2026-10-05T07:38:19+07:00,Same B18-A002/BL001; candidate-v3.
MD-REL-1220,E-MD-B18-A002-096,F-MD-B18-A002-028,RELATED,Q4 and Q5 semantics preserved.,D-MD-B18-A002-014,2026-10-05T07:38:19+07:00,Same B18-A002/BL001; candidate-v3.
MD-REL-1221,E-MD-B18-A002-096,F-MD-B10-A002-004,RELATED,Q7 semantics preserved.,D-MD-B18-A002-014,2026-10-05T07:38:19+07:00,Same B18-A002/BL001; candidate-v3.
MD-REL-1222,E-MD-B18-A002-096,F-MD-B18-A002-017,RELATED,Remaining MariaDB predicate; unchanged.,D-MD-B18-A002-014,2026-10-05T07:38:19+07:00,Same B18-A002/BL001; candidate-v3.
MD-REL-1223,E-MD-B18-A002-096,D-MD-B18-A002-014,DEPENDS_ON,The owner decisions candidate-v3 preserves.,D-MD-B18-A002-014,2026-10-05T07:38:19+07:00,Same B18-A002/BL001; candidate-v3.
MD-REL-1224,E-MD-B18-A002-096,D-MD-B18-A002-013,DEPENDS_ON,The synthetic world and review model.,D-MD-B18-A002-014,2026-10-05T07:38:19+07:00,Same B18-A002/BL001; candidate-v3.
MD-REL-1225,E-MD-B18-A002-096,D-MD-B18-A002-011,DEPENDS_ON,The independent-fixture admission contract.,D-MD-B18-A002-014,2026-10-05T07:38:19+07:00,Same B18-A002/BL001; candidate-v3.
MD-REL-1226,E-MD-B18-A002-096,SC-MD-B10-A002-001,RELATED,"Preservation: B10 closure unchanged, no closed producer changed.",D-MD-B18-A002-014,2026-10-05T07:38:19+07:00,Same B18-A002/BL001; candidate-v3.
MD-REL-1227,E-MD-B18-A002-096,CI-MD-B18-A002-001,RELATED,Same impact declaration records the candidate.,D-MD-B18-A002-014,2026-10-05T07:38:19+07:00,Same B18-A002/BL001; candidate-v3.
MD-REL-1228,E-MD-B18-A002-096,MD-B18-A002-BL001,RELATED,Same B18 baseline; no new attempt.,D-MD-B18-A002-014,2026-10-05T07:38:19+07:00,Same B18-A002/BL001; candidate-v3.
MD-REL-1229,F-MD-B18-A002-030,E-MD-B18-A002-096,RELATED,Corrected in candidate-v3.,D-MD-B18-A002-014,2026-10-05T07:38:19+07:00,Same B18-A002/BL001; candidate-v3.
MD-REL-1230,F-MD-B18-A002-031,E-MD-B18-A002-096,RELATED,Coverage established in candidate-v3.,D-MD-B18-A002-014,2026-10-05T07:38:19+07:00,Same B18-A002/BL001; candidate-v3.
MD-REL-1231,F-MD-B18-A002-025,E-MD-B18-A002-096,RELATED,Progress recorded.,D-MD-B18-A002-014,2026-10-05T07:38:19+07:00,Same B18-A002/BL001; candidate-v3.
MD-REL-1232,F-MD-B18-A002-017,E-MD-B18-A002-096,RELATED,The finding records the candidate.,D-MD-B18-A002-014,2026-10-05T07:38:19+07:00,Same B18-A002/BL001; candidate-v3.
MD-REL-1233,CI-MD-B18-A002-001,E-MD-B18-A002-096,RELATED,Impact declaration identifies the candidate.,D-MD-B18-A002-014,2026-10-05T07:38:19+07:00,Same B18-A002/BL001; candidate-v3.
MD-REL-1234,E-MD-B18-A002-097,E-MD-B18-A002-096,DERIVED_FROM,Records the independent review of the candidate that record issued; the record is not edited.,D-MD-B18-A002-014,2026-10-05T12:24:15+07:00,Same B18-A002/BL001; candidate-v3 review.
MD-REL-1235,E-MD-B18-A002-097,E-MD-B18-A002-095,RELATED,Annotates it as continuity history; not edited.,D-MD-B18-A002-014,2026-10-05T12:24:15+07:00,Same B18-A002/BL001; candidate-v3 review.
MD-REL-1236,E-MD-B18-A002-097,F-MD-B18-A002-032,RELATED,The blocking review finding.,D-MD-B18-A002-014,2026-10-05T12:24:15+07:00,Same B18-A002/BL001; candidate-v3 review.
MD-REL-1237,E-MD-B18-A002-097,F-MD-B18-A002-031,RELATED,Mechanics reviewed PASS; expected hash blocked by the freshness member.,D-MD-B18-A002-014,2026-10-05T12:24:15+07:00,Same B18-A002/BL001; candidate-v3 review.
MD-REL-1238,E-MD-B18-A002-097,F-MD-B18-A002-030,RELATED,Assertion-layer correction reviewed PASS.,D-MD-B18-A002-014,2026-10-05T12:24:15+07:00,Same B18-A002/BL001; candidate-v3 review.
MD-REL-1239,E-MD-B18-A002-097,F-MD-B18-A002-025,RELATED,Progress: candidate-v3 reviewed CHANGES REQUIRED.,D-MD-B18-A002-014,2026-10-05T12:24:15+07:00,Same B18-A002/BL001; candidate-v3 review.
MD-REL-1240,E-MD-B18-A002-097,F-MD-B18-A002-028,RELATED,Q4 and Q5 semantics preserved.,D-MD-B18-A002-014,2026-10-05T12:24:15+07:00,Same B18-A002/BL001; candidate-v3 review.
MD-REL-1241,E-MD-B18-A002-097,F-MD-B18-A002-017,RELATED,Remaining MariaDB predicate; unchanged.,D-MD-B18-A002-014,2026-10-05T12:24:15+07:00,Same B18-A002/BL001; candidate-v3 review.
MD-REL-1242,E-MD-B18-A002-097,D-MD-B18-A002-013,DEPENDS_ON,The review model whose separate-reviewer rule the review is stated to satisfy.,D-MD-B18-A002-014,2026-10-05T12:24:15+07:00,Same B18-A002/BL001; candidate-v3 review.
MD-REL-1243,E-MD-B18-A002-097,D-MD-B18-A002-011,DEPENDS_ON,The independent-fixture admission contract the review applies.,D-MD-B18-A002-014,2026-10-05T12:24:15+07:00,Same B18-A002/BL001; candidate-v3 review.
MD-REL-1244,E-MD-B18-A002-097,D-MD-B18-A002-014,RELATED,The owner decisions candidate-v3 preserved.,D-MD-B18-A002-014,2026-10-05T12:24:15+07:00,Same B18-A002/BL001; candidate-v3 review.
MD-REL-1245,E-MD-B18-A002-097,SC-MD-B10-A002-001,RELATED,Preservation: B10 closure unchanged.,D-MD-B18-A002-014,2026-10-05T12:24:15+07:00,Same B18-A002/BL001; candidate-v3 review.
MD-REL-1246,E-MD-B18-A002-097,CI-MD-B18-A002-001,RELATED,Same impact declaration records the review.,D-MD-B18-A002-014,2026-10-05T12:24:15+07:00,Same B18-A002/BL001; candidate-v3 review.
MD-REL-1247,E-MD-B18-A002-097,MD-B18-A002-BL001,RELATED,Same B18 baseline; no new attempt.,D-MD-B18-A002-014,2026-10-05T12:24:15+07:00,Same B18-A002/BL001; candidate-v3 review.
MD-REL-1248,F-MD-B18-A002-032,E-MD-B18-A002-097,DERIVED_FROM,Raised by the review.,D-MD-B18-A002-014,2026-10-05T12:24:15+07:00,Same B18-A002/BL001; candidate-v3 review.
MD-REL-1249,F-MD-B18-A002-032,E-MD-B18-A002-096,RELATED,The candidate whose manifest member it concerns.,D-MD-B18-A002-014,2026-10-05T12:24:15+07:00,Same B18-A002/BL001; candidate-v3 review.
MD-REL-1250,F-MD-B18-A002-032,F-MD-B18-A002-031,RELATED,Its expected hash depends on the member.,D-MD-B18-A002-014,2026-10-05T12:24:15+07:00,Same B18-A002/BL001; candidate-v3 review.
MD-REL-1251,F-MD-B18-A002-032,F-MD-B18-A002-025,RELATED,Blocks an admissible R0025 independent fixture.,D-MD-B18-A002-014,2026-10-05T12:24:15+07:00,Same B18-A002/BL001; candidate-v3 review.
MD-REL-1252,F-MD-B18-A002-032,D-MD-B18-A002-013,RELATED,The synthetic world whose freshness property is undecided.,D-MD-B18-A002-014,2026-10-05T12:24:15+07:00,Same B18-A002/BL001; candidate-v3 review.
MD-REL-1253,F-MD-B18-A002-032,D-MD-B18-A002-011,RELATED,The admission contract.,D-MD-B18-A002-014,2026-10-05T12:24:15+07:00,Same B18-A002/BL001; candidate-v3 review.
MD-REL-1254,F-MD-B18-A002-031,E-MD-B18-A002-097,RELATED,Review of the coverage mechanics.,D-MD-B18-A002-014,2026-10-05T12:24:15+07:00,Same B18-A002/BL001; candidate-v3 review.
MD-REL-1255,F-MD-B18-A002-031,F-MD-B18-A002-032,RELATED,Blocked by the freshness member.,D-MD-B18-A002-014,2026-10-05T12:24:15+07:00,Same B18-A002/BL001; candidate-v3 review.
MD-REL-1256,F-MD-B18-A002-030,E-MD-B18-A002-097,RELATED,Correction reviewed PASS.,D-MD-B18-A002-014,2026-10-05T12:24:15+07:00,Same B18-A002/BL001; candidate-v3 review.
MD-REL-1257,F-MD-B18-A002-025,E-MD-B18-A002-097,RELATED,Progress recorded.,D-MD-B18-A002-014,2026-10-05T12:24:15+07:00,Same B18-A002/BL001; candidate-v3 review.
MD-REL-1258,F-MD-B18-A002-025,F-MD-B18-A002-032,RELATED,A blocking review finding.,D-MD-B18-A002-014,2026-10-05T12:24:15+07:00,Same B18-A002/BL001; candidate-v3 review.
MD-REL-1259,CI-MD-B18-A002-001,E-MD-B18-A002-097,RELATED,Impact declaration identifies the review.,D-MD-B18-A002-014,2026-10-05T12:24:15+07:00,Same B18-A002/BL001; candidate-v3 review.
MD-REL-1260,CI-MD-B18-A002-001,F-MD-B18-A002-032,RELATED,New finding disclosed.,D-MD-B18-A002-014,2026-10-05T12:24:15+07:00,Same B18-A002/BL001; candidate-v3 review.
MD-REL-1261,D-MD-B18-A002-015,E-MD-B18-A002-097,RELATED,Answers owner decision Q8 posed by that record (alternative D).,D-MD-B18-A002-015,2026-10-05T13:21:08+07:00,Same B18-A002/BL001; owner decision Direction D.
MD-REL-1262,D-MD-B18-A002-015,F-MD-B18-A002-032,RELATED,Decides the direction for the finding it waits on.,D-MD-B18-A002-015,2026-10-05T13:21:08+07:00,Same B18-A002/BL001; owner decision Direction D.
MD-REL-1263,D-MD-B18-A002-015,F-MD-B18-A002-025,RELATED,"Continues the R0025 independent fixture: authority first, candidate-v4 after.",D-MD-B18-A002-015,2026-10-05T13:21:08+07:00,Same B18-A002/BL001; owner decision Direction D.
MD-REL-1264,D-MD-B18-A002-015,D-MD-B18-A002-013,DEPENDS_ON,The synthetic V2 world and review model it continues.,D-MD-B18-A002-015,2026-10-05T13:21:08+07:00,Same B18-A002/BL001; owner decision Direction D.
MD-REL-1265,D-MD-B18-A002-015,D-MD-B18-A002-011,DEPENDS_ON,The independent-fixture admission contract it keeps in force.,D-MD-B18-A002-015,2026-10-05T13:21:08+07:00,Same B18-A002/BL001; owner decision Direction D.
MD-REL-1266,D-MD-B18-A002-015,CI-MD-B18-A002-001,RELATED,Same impact declaration records the decision.,D-MD-B18-A002-015,2026-10-05T13:21:08+07:00,Same B18-A002/BL001; owner decision Direction D.
MD-REL-1267,E-MD-B18-A002-097,D-MD-B18-A002-015,RELATED,The decision that answers its owner decision Q8.,D-MD-B18-A002-015,2026-10-05T13:21:08+07:00,Same B18-A002/BL001; owner decision Direction D.
MD-REL-1268,F-MD-B18-A002-032,D-MD-B18-A002-015,RELATED,The decision recorded for the finding.,D-MD-B18-A002-015,2026-10-05T13:21:08+07:00,Same B18-A002/BL001; owner decision Direction D.
MD-REL-1269,F-MD-B18-A002-025,D-MD-B18-A002-015,RELATED,The decision recorded for the finding.,D-MD-B18-A002-015,2026-10-05T13:21:08+07:00,Same B18-A002/BL001; owner decision Direction D.
MD-REL-1270,CI-MD-B18-A002-001,D-MD-B18-A002-015,RELATED,Impact declaration identifies the decision.,D-MD-B18-A002-015,2026-10-05T13:21:08+07:00,Same B18-A002/BL001; owner decision Direction D.
MD-REL-1271,E-MD-B18-A002-098,E-MD-B18-A002-097,DEPENDS_ON,Resolves the authority question Q8 that record posed.,D-MD-B18-A002-015,2026-10-05T13:30:21+07:00,Same B18-A002/BL001; DOC-CHG-20261005-001.
MD-REL-1272,E-MD-B18-A002-098,D-MD-B18-A002-015,DEPENDS_ON,The owner decision (Direction D) it applies.,D-MD-B18-A002-015,2026-10-05T13:30:21+07:00,Same B18-A002/BL001; DOC-CHG-20261005-001.
MD-REL-1273,E-MD-B18-A002-098,F-MD-B18-A002-032,RELATED,Corrects the authority gap the finding records.,D-MD-B18-A002-015,2026-10-05T13:30:21+07:00,Same B18-A002/BL001; DOC-CHG-20261005-001.
MD-REL-1274,E-MD-B18-A002-098,F-MD-B18-A002-033,RELATED,Raises the implementation non-conformance traced by its impact analysis.,D-MD-B18-A002-015,2026-10-05T13:30:21+07:00,Same B18-A002/BL001; DOC-CHG-20261005-001.
MD-REL-1275,E-MD-B18-A002-098,F-MD-B18-A002-025,RELATED,Progress: authority corrected; candidate-v4 blocked on bounded remediation.,D-MD-B18-A002-015,2026-10-05T13:30:21+07:00,Same B18-A002/BL001; DOC-CHG-20261005-001.
MD-REL-1276,E-MD-B18-A002-098,F-MD-B18-A002-031,RELATED,The expected manifest hash depends on the corrected freshness member.,D-MD-B18-A002-015,2026-10-05T13:30:21+07:00,Same B18-A002/BL001; DOC-CHG-20261005-001.
MD-REL-1277,E-MD-B18-A002-098,F-MD-B18-A002-017,RELATED,Remaining MariaDB predicate; unchanged.,D-MD-B18-A002-015,2026-10-05T13:30:21+07:00,Same B18-A002/BL001; DOC-CHG-20261005-001.
MD-REL-1278,E-MD-B18-A002-098,E-MD-B18-A002-096,RELATED,Candidate-v3 evidence; the candidate is not edited.,D-MD-B18-A002-015,2026-10-05T13:30:21+07:00,Same B18-A002/BL001; DOC-CHG-20261005-001.
MD-REL-1279,E-MD-B18-A002-098,E-MD-B17-A002-001,RELATED,Predecessor basis of the two invalidated B17 rows; kept audit-only.,D-MD-B18-A002-015,2026-10-05T13:30:21+07:00,Same B18-A002/BL001; DOC-CHG-20261005-001.
MD-REL-1280,E-MD-B18-A002-098,E-MD-B10-A002-017,RELATED,Proof of the three B10 predicates whose revalidation is required.,D-MD-B18-A002-015,2026-10-05T13:30:21+07:00,Same B18-A002/BL001; DOC-CHG-20261005-001.
MD-REL-1281,E-MD-B18-A002-098,SC-MD-B10-A002-001,RELATED,B10 closure: no row text changed; closure claim not extended to pre-activation freshness.,D-MD-B18-A002-015,2026-10-05T13:30:21+07:00,Same B18-A002/BL001; DOC-CHG-20261005-001.
MD-REL-1282,E-MD-B18-A002-098,SC-MD-B17-A002-001,RELATED,B17 closure: sufficiency withdrawn for 13 rows; closure kept as immutable history.,D-MD-B18-A002-015,2026-10-05T13:30:21+07:00,Same B18-A002/BL001; DOC-CHG-20261005-001.
MD-REL-1283,E-MD-B18-A002-098,D-MD-B18-A002-013,DEPENDS_ON,The synthetic world whose freshness property this resolves.,D-MD-B18-A002-015,2026-10-05T13:30:21+07:00,Same B18-A002/BL001; DOC-CHG-20261005-001.
MD-REL-1284,E-MD-B18-A002-098,D-MD-B18-A002-011,DEPENDS_ON,The independent-fixture admission contract kept in force.,D-MD-B18-A002-015,2026-10-05T13:30:21+07:00,Same B18-A002/BL001; DOC-CHG-20261005-001.
MD-REL-1285,E-MD-B18-A002-098,CI-MD-B18-A002-001,RELATED,Same impact declaration records the correction.,D-MD-B18-A002-015,2026-10-05T13:30:21+07:00,Same B18-A002/BL001; DOC-CHG-20261005-001.
MD-REL-1286,E-MD-B18-A002-098,MD-B18-A002-BL001,RELATED,Same B18 baseline; no new attempt.,D-MD-B18-A002-015,2026-10-05T13:30:21+07:00,Same B18-A002/BL001; DOC-CHG-20261005-001.
MD-REL-1287,F-MD-B18-A002-033,E-MD-B18-A002-098,DERIVED_FROM,Raised by the impact trace.,D-MD-B18-A002-015,2026-10-05T13:30:21+07:00,Same B18-A002/BL001; DOC-CHG-20261005-001.
MD-REL-1288,F-MD-B18-A002-033,F-MD-B18-A002-032,RELATED,Implementation counterpart of the corrected authority gap.,D-MD-B18-A002-015,2026-10-05T13:30:21+07:00,Same B18-A002/BL001; DOC-CHG-20261005-001.
MD-REL-1289,F-MD-B18-A002-033,F-MD-B18-A002-025,RELATED,Blocks candidate-v4.,D-MD-B18-A002-015,2026-10-05T13:30:21+07:00,Same B18-A002/BL001; DOC-CHG-20261005-001.
MD-REL-1290,F-MD-B18-A002-033,E-MD-B10-A002-017,RELATED,The B10 proof whose pinned mapping is superseded.,D-MD-B18-A002-015,2026-10-05T13:30:21+07:00,Same B18-A002/BL001; DOC-CHG-20261005-001.
MD-REL-1291,F-MD-B18-A002-033,E-MD-B17-A002-001,RELATED,The B17 proof for the read surface.,D-MD-B18-A002-015,2026-10-05T13:30:21+07:00,Same B18-A002/BL001; DOC-CHG-20261005-001.
MD-REL-1292,F-MD-B18-A002-033,D-MD-B18-A002-015,RELATED,The decision that authorises the corrected authority.,D-MD-B18-A002-015,2026-10-05T13:30:21+07:00,Same B18-A002/BL001; DOC-CHG-20261005-001.
MD-REL-1293,F-MD-B18-A002-032,E-MD-B18-A002-098,RELATED,Authority correction recorded.,D-MD-B18-A002-015,2026-10-05T13:30:21+07:00,Same B18-A002/BL001; DOC-CHG-20261005-001.
MD-REL-1294,F-MD-B18-A002-032,F-MD-B18-A002-033,RELATED,Implementation follow-up.,D-MD-B18-A002-015,2026-10-05T13:30:21+07:00,Same B18-A002/BL001; DOC-CHG-20261005-001.
MD-REL-1295,F-MD-B18-A002-025,E-MD-B18-A002-098,RELATED,Progress recorded.,D-MD-B18-A002-015,2026-10-05T13:30:21+07:00,Same B18-A002/BL001; DOC-CHG-20261005-001.
MD-REL-1296,F-MD-B18-A002-025,F-MD-B18-A002-033,RELATED,A blocker of candidate-v4.,D-MD-B18-A002-015,2026-10-05T13:30:21+07:00,Same B18-A002/BL001; DOC-CHG-20261005-001.
MD-REL-1297,CI-MD-B18-A002-001,E-MD-B18-A002-098,RELATED,Impact declaration identifies the correction.,D-MD-B18-A002-015,2026-10-05T13:30:21+07:00,Same B18-A002/BL001; DOC-CHG-20261005-001.
MD-REL-1298,CI-MD-B18-A002-001,F-MD-B18-A002-033,RELATED,New finding disclosed.,D-MD-B18-A002-015,2026-10-05T13:30:21+07:00,Same B18-A002/BL001; DOC-CHG-20261005-001.
MD-REL-1299,D-MD-B18-A002-015,E-MD-B18-A002-098,RELATED,The correction that applies the decision.,D-MD-B18-A002-015,2026-10-05T13:30:21+07:00,Same B18-A002/BL001; DOC-CHG-20261005-001.
MD-REL-1300,MD-B10-A003-BL001,MD-B10-A002-BL001,CARRIED_FROM,Successor B10 attempt carries the prior baseline lineage without inheriting a claim for the three demoted predicates.,MD-DEP-0022,2026-10-05T14:07:12+07:00,MD-B10-A003 entry; blocked return MD-B18-A002 via MD-DEP-0022.
MD-REL-1301,MD-B10-A003-BL001,F-MD-B18-A002-033,RELATED,Entry baseline responds to the cross-stage implementation non-conformance.,MD-DEP-0022,2026-10-05T14:07:12+07:00,MD-B10-A003 entry; blocked return MD-B18-A002 via MD-DEP-0022.
MD-REL-1302,MD-B10-A003-BL001,E-MD-B18-A002-098,RELATED,Entry starts from the impact classification of the authority correction.,MD-DEP-0022,2026-10-05T14:07:12+07:00,MD-B10-A003 entry; blocked return MD-B18-A002 via MD-DEP-0022.
MD-REL-1303,MD-B10-A003-BL001,D-MD-B18-A002-015,RELATED,The owner decision behind the corrected authority.,MD-DEP-0022,2026-10-05T14:07:12+07:00,MD-B10-A003 entry; blocked return MD-B18-A002 via MD-DEP-0022.
MD-REL-1304,CI-MD-B10-A003-001,MD-B10-A003-BL001,RELATED,Change impact declaration is bound to its immutable A003 baseline.,MD-DEP-0022,2026-10-05T14:07:12+07:00,MD-B10-A003 entry; blocked return MD-B18-A002 via MD-DEP-0022.
MD-REL-1305,CI-MD-B10-A003-001,F-MD-B18-A002-033,RELATED,A003 impact scope is the finding implementation remediation.,MD-DEP-0022,2026-10-05T14:07:12+07:00,MD-B10-A003 entry; blocked return MD-B18-A002 via MD-DEP-0022.
MD-REL-1306,CI-MD-B10-A003-001,F-MD-B10-A003-001,RELATED,Governed tooling change declared and tracked.,MD-DEP-0022,2026-10-05T14:07:12+07:00,MD-B10-A003 entry; blocked return MD-B18-A002 via MD-DEP-0022.
MD-REL-1307,CI-MD-B10-A003-001,E-MD-B18-A002-098,RELATED,A003 starts from that impact classification.,MD-DEP-0022,2026-10-05T14:07:12+07:00,MD-B10-A003 entry; blocked return MD-B18-A002 via MD-DEP-0022.
MD-REL-1308,CI-MD-B10-A003-001,SC-MD-B10-A002-001,CARRIED_FROM,A002 closure remains immutable and historically scoped.,MD-DEP-0022,2026-10-05T14:07:12+07:00,MD-B10-A003 entry; blocked return MD-B18-A002 via MD-DEP-0022.
MD-REL-1309,CI-MD-B10-A003-001,E-MD-B10-A002-017,RELATED,Prior proof of two of the three demoted predicates; kept audit-only.,MD-DEP-0022,2026-10-05T14:07:12+07:00,MD-B10-A003 entry; blocked return MD-B18-A002 via MD-DEP-0022.
MD-REL-1310,CI-MD-B10-A003-001,E-MD-B10-A003-001,RELATED,Scope evidence issued at entry.,MD-DEP-0022,2026-10-05T14:07:12+07:00,MD-B10-A003 entry; blocked return MD-B18-A002 via MD-DEP-0022.
MD-REL-1311,CI-MD-B10-A003-001,D-MD-B18-A002-015,RELATED,Owner decision behind the corrected authority.,MD-DEP-0022,2026-10-05T14:07:12+07:00,MD-B10-A003 entry; blocked return MD-B18-A002 via MD-DEP-0022.
MD-REL-1312,E-MD-B10-A003-001,CI-MD-B10-A003-001,RELATED,Scope evidence of the A003 impact declaration.,MD-DEP-0022,2026-10-05T14:07:12+07:00,MD-B10-A003 entry; blocked return MD-B18-A002 via MD-DEP-0022.
MD-REL-1313,E-MD-B10-A003-001,MD-B10-A003-BL001,RELATED,Retains the immutable entry baseline.,MD-DEP-0022,2026-10-05T14:07:12+07:00,MD-B10-A003 entry; blocked return MD-B18-A002 via MD-DEP-0022.
MD-REL-1314,E-MD-B10-A003-001,E-MD-B18-A002-098,DERIVED_FROM,Reviews the denominator the impact classification named; corrects its attribution of MD-S045-R0058.,MD-DEP-0022,2026-10-05T14:07:12+07:00,MD-B10-A003 entry; blocked return MD-B18-A002 via MD-DEP-0022.
MD-REL-1315,E-MD-B10-A003-001,E-MD-B10-A002-017,RELATED,Prior binding of MD-S005-R0056 and MD-S005-R0071.,MD-DEP-0022,2026-10-05T14:07:12+07:00,MD-B10-A003 entry; blocked return MD-B18-A002 via MD-DEP-0022.
MD-REL-1316,E-MD-B10-A003-001,E-MD-B10-A002-018,RELATED,The successor binding mechanism it extends.,MD-DEP-0022,2026-10-05T14:07:12+07:00,MD-B10-A003 entry; blocked return MD-B18-A002 via MD-DEP-0022.
MD-REL-1317,E-MD-B10-A003-001,E-MD-B10-A001-001,RELATED,Prior binding of MD-S045-R0058 and of the retained predicates.,MD-DEP-0022,2026-10-05T14:07:12+07:00,MD-B10-A003 entry; blocked return MD-B18-A002 via MD-DEP-0022.
MD-REL-1318,E-MD-B10-A003-001,SC-MD-B10-A002-001,RELATED,Historical closure retained.,MD-DEP-0022,2026-10-05T14:07:12+07:00,MD-B10-A003 entry; blocked return MD-B18-A002 via MD-DEP-0022.
MD-REL-1319,E-MD-B10-A003-001,SC-MD-B10-A001-001,RELATED,Historical closure retained.,MD-DEP-0022,2026-10-05T14:07:12+07:00,MD-B10-A003 entry; blocked return MD-B18-A002 via MD-DEP-0022.
MD-REL-1320,E-MD-B10-A003-001,F-MD-B18-A002-033,RELATED,Remediation scope of the finding.,MD-DEP-0022,2026-10-05T14:07:12+07:00,MD-B10-A003 entry; blocked return MD-B18-A002 via MD-DEP-0022.
MD-REL-1321,E-MD-B10-A003-001,F-MD-B10-A003-001,RELATED,Tooling finding raised at entry.,MD-DEP-0022,2026-10-05T14:07:12+07:00,MD-B10-A003 entry; blocked return MD-B18-A002 via MD-DEP-0022.
MD-REL-1322,E-MD-B10-A003-001,D-MD-B18-A002-015,RELATED,Owner decision behind the corrected authority.,MD-DEP-0022,2026-10-05T14:07:12+07:00,MD-B10-A003 entry; blocked return MD-B18-A002 via MD-DEP-0022.
MD-REL-1323,F-MD-B10-A003-001,F-MD-B10-A002-006,RELATED,Extends the mechanism that finding delivered.,MD-DEP-0022,2026-10-05T14:07:12+07:00,MD-B10-A003 entry; blocked return MD-B18-A002 via MD-DEP-0022.
MD-REL-1324,F-MD-B10-A003-001,E-MD-B10-A002-018,RELATED,The binder it extends.,MD-DEP-0022,2026-10-05T14:07:12+07:00,MD-B10-A003 entry; blocked return MD-B18-A002 via MD-DEP-0022.
MD-REL-1325,F-MD-B10-A003-001,E-MD-B10-A003-001,RELATED,Scope evidence in which the re-ownership appears.,MD-DEP-0022,2026-10-05T14:07:12+07:00,MD-B10-A003 entry; blocked return MD-B18-A002 via MD-DEP-0022.
MD-REL-1326,F-MD-B10-A003-001,CI-MD-B10-A003-001,RELATED,Declared tooling change.,MD-DEP-0022,2026-10-05T14:07:12+07:00,MD-B10-A003 entry; blocked return MD-B18-A002 via MD-DEP-0022.
MD-REL-1327,F-MD-B18-A002-033,E-MD-B10-A003-001,RELATED,Remediation scope recorded.,MD-DEP-0022,2026-10-05T14:07:12+07:00,MD-B10-A003 entry; blocked return MD-B18-A002 via MD-DEP-0022.
MD-REL-1328,F-MD-B18-A002-033,CI-MD-B10-A003-001,RELATED,Remediation declaration.,MD-DEP-0022,2026-10-05T14:07:12+07:00,MD-B10-A003 entry; blocked return MD-B18-A002 via MD-DEP-0022.
MD-REL-1329,CI-MD-B18-A002-001,CI-MD-B10-A003-001,RELATED,Active remediation declaration of the dependency.,MD-DEP-0022,2026-10-05T14:07:12+07:00,MD-B10-A003 entry; blocked return MD-B18-A002 via MD-DEP-0022.
MD-REL-1330,CI-MD-B18-A002-001,E-MD-B10-A003-001,RELATED,Entry scope evidence of the dependency.,MD-DEP-0022,2026-10-05T14:07:12+07:00,MD-B10-A003 entry; blocked return MD-B18-A002 via MD-DEP-0022.
MD-REL-1331,E-MD-B10-A003-002,MD-B10-A003-BL001,RELATED,Retains the immutable entry baseline.,MD-DEP-0022,2026-10-05T15:13:51+07:00,MD-B10-A003 proof; blocked return MD-B18-A002 via MD-DEP-0022.
MD-REL-1332,E-MD-B10-A003-002,CI-MD-B10-A003-001,RELATED,Proof of the declared remediation.,MD-DEP-0022,2026-10-05T15:13:51+07:00,MD-B10-A003 proof; blocked return MD-B18-A002 via MD-DEP-0022.
MD-REL-1333,E-MD-B10-A003-002,E-MD-B10-A003-001,DERIVED_FROM,Proves exactly the predicates the scope evidence reopened.,MD-DEP-0022,2026-10-05T15:13:51+07:00,MD-B10-A003 proof; blocked return MD-B18-A002 via MD-DEP-0022.
MD-REL-1334,E-MD-B10-A003-002,E-MD-B18-A002-098,RELATED,The impact classification it answers.,MD-DEP-0022,2026-10-05T15:13:51+07:00,MD-B10-A003 proof; blocked return MD-B18-A002 via MD-DEP-0022.
MD-REL-1335,E-MD-B10-A003-002,E-MD-B10-A002-017,RELATED,Prior proof of two of the three predicates; kept audit-only.,MD-DEP-0022,2026-10-05T15:13:51+07:00,MD-B10-A003 proof; blocked return MD-B18-A002 via MD-DEP-0022.
MD-REL-1336,E-MD-B10-A003-002,E-MD-B10-A001-001,RELATED,Prior proof of MD-S045-R0058; kept audit-only.,MD-DEP-0022,2026-10-05T15:13:51+07:00,MD-B10-A003 proof; blocked return MD-B18-A002 via MD-DEP-0022.
MD-REL-1337,E-MD-B10-A003-002,F-MD-B18-A002-033,RELATED,Implements the remediation of the finding.,MD-DEP-0022,2026-10-05T15:13:51+07:00,MD-B10-A003 proof; blocked return MD-B18-A002 via MD-DEP-0022.
MD-REL-1338,E-MD-B10-A003-002,F-MD-B10-A003-001,RELATED,Governed tooling change used for the promotion.,MD-DEP-0022,2026-10-05T15:13:51+07:00,MD-B10-A003 proof; blocked return MD-B18-A002 via MD-DEP-0022.
MD-REL-1339,E-MD-B10-A003-002,F-MD-B10-A003-002,RELATED,Observation made while proving.,MD-DEP-0022,2026-10-05T15:13:51+07:00,MD-B10-A003 proof; blocked return MD-B18-A002 via MD-DEP-0022.
MD-REL-1340,E-MD-B10-A003-002,D-MD-B18-A002-015,RELATED,Owner decision behind the corrected authority.,MD-DEP-0022,2026-10-05T15:13:51+07:00,MD-B10-A003 proof; blocked return MD-B18-A002 via MD-DEP-0022.
MD-REL-1341,F-MD-B10-A003-002,E-MD-B10-A003-002,DERIVED_FROM,Raised while proving.,MD-DEP-0022,2026-10-05T15:13:51+07:00,MD-B10-A003 proof; blocked return MD-B18-A002 via MD-DEP-0022.
MD-REL-1342,F-MD-B10-A003-002,F-MD-B18-A002-033,RELATED,Bounds the activated-world row of the finding.,MD-DEP-0022,2026-10-05T15:13:51+07:00,MD-B10-A003 proof; blocked return MD-B18-A002 via MD-DEP-0022.
MD-REL-1343,F-MD-B18-A002-033,E-MD-B10-A003-002,RELATED,Remediation proof recorded.,MD-DEP-0022,2026-10-05T15:13:51+07:00,MD-B10-A003 proof; blocked return MD-B18-A002 via MD-DEP-0022.
MD-REL-1344,F-MD-B18-A002-033,F-MD-B10-A003-002,RELATED,Observation recorded.,MD-DEP-0022,2026-10-05T15:13:51+07:00,MD-B10-A003 proof; blocked return MD-B18-A002 via MD-DEP-0022.
MD-REL-1345,CI-MD-B10-A003-001,E-MD-B10-A003-002,RELATED,Proof evidence of the declaration.,MD-DEP-0022,2026-10-05T15:13:51+07:00,MD-B10-A003 proof; blocked return MD-B18-A002 via MD-DEP-0022.
MD-REL-1346,CI-MD-B10-A003-001,F-MD-B10-A003-002,RELATED,Observation disclosed.,MD-DEP-0022,2026-10-05T15:13:51+07:00,MD-B10-A003 proof; blocked return MD-B18-A002 via MD-DEP-0022.
MD-REL-1347,E-MD-B10-A003-003,MD-B10-A003-BL001,RELATED,Retains the immutable entry baseline.,MD-DEP-0022,2026-10-05T15:27:49+07:00,MD-B10-A003 promotion and closure; return MD-B18-A002.
MD-REL-1348,E-MD-B10-A003-003,CI-MD-B10-A003-001,RELATED,Promotion and closure of the declared remediation.,MD-DEP-0022,2026-10-05T15:27:49+07:00,MD-B10-A003 promotion and closure; return MD-B18-A002.
MD-REL-1349,E-MD-B10-A003-003,E-MD-B10-A003-002,DEPENDS_ON,Promotes exactly the predicates this proof covers.,MD-DEP-0022,2026-10-05T15:27:49+07:00,MD-B10-A003 promotion and closure; return MD-B18-A002.
MD-REL-1350,E-MD-B10-A003-003,E-MD-B10-A003-001,DEPENDS_ON,Promotion is measured against the entry scope.,MD-DEP-0022,2026-10-05T15:27:49+07:00,MD-B10-A003 promotion and closure; return MD-B18-A002.
MD-REL-1351,E-MD-B10-A003-003,E-MD-B18-A002-098,RELATED,Annotates its supporting-stage listing for MD-S022-R0052.,MD-DEP-0022,2026-10-05T15:27:49+07:00,MD-B10-A003 promotion and closure; return MD-B18-A002.
MD-REL-1352,E-MD-B10-A003-003,E-MD-B10-A002-018,RELATED,The binder it extends.,MD-DEP-0022,2026-10-05T15:27:49+07:00,MD-B10-A003 promotion and closure; return MD-B18-A002.
MD-REL-1353,E-MD-B10-A003-003,E-MD-B10-A002-017,CARRIED_FROM,Binding of 54 rows retained.,MD-DEP-0022,2026-10-05T15:27:49+07:00,MD-B10-A003 promotion and closure; return MD-B18-A002.
MD-REL-1354,E-MD-B10-A003-003,E-MD-B10-A001-001,CARRIED_FROM,Binding of 1015 rows retained.,MD-DEP-0022,2026-10-05T15:27:49+07:00,MD-B10-A003 promotion and closure; return MD-B18-A002.
MD-REL-1355,E-MD-B10-A003-003,SC-MD-B10-A002-001,RELATED,Historical closure retained.,MD-DEP-0022,2026-10-05T15:27:49+07:00,MD-B10-A003 promotion and closure; return MD-B18-A002.
MD-REL-1356,E-MD-B10-A003-003,SC-MD-B10-A001-001,RELATED,Historical closure retained.,MD-DEP-0022,2026-10-05T15:27:49+07:00,MD-B10-A003 promotion and closure; return MD-B18-A002.
MD-REL-1357,E-MD-B10-A003-003,F-MD-B18-A002-033,RELATED,B10 remediation of the finding completed.,MD-DEP-0022,2026-10-05T15:27:49+07:00,MD-B10-A003 promotion and closure; return MD-B18-A002.
MD-REL-1358,E-MD-B10-A003-003,F-MD-B10-A003-001,RELATED,Resolves the tooling finding.,MD-DEP-0022,2026-10-05T15:27:49+07:00,MD-B10-A003 promotion and closure; return MD-B18-A002.
MD-REL-1359,E-MD-B10-A003-003,F-MD-B10-A003-002,RELATED,Observation carried forward.,MD-DEP-0022,2026-10-05T15:27:49+07:00,MD-B10-A003 promotion and closure; return MD-B18-A002.
MD-REL-1360,E-MD-B10-A003-003,D-MD-B18-A002-015,RELATED,Owner decision behind the corrected authority.,MD-DEP-0022,2026-10-05T15:27:49+07:00,MD-B10-A003 promotion and closure; return MD-B18-A002.
MD-REL-1361,SC-MD-B10-A003-001,E-MD-B10-A003-003,DEPENDS_ON,Closure rests on the successor promotion evidence.,MD-DEP-0022,2026-10-05T15:27:49+07:00,MD-B10-A003 promotion and closure; return MD-B18-A002.
MD-REL-1362,SC-MD-B10-A003-001,E-MD-B10-A003-002,DEPENDS_ON,Closure rests on the executed proof of the three predicates.,MD-DEP-0022,2026-10-05T15:27:49+07:00,MD-B10-A003 promotion and closure; return MD-B18-A002.
MD-REL-1363,SC-MD-B10-A003-001,E-MD-B10-A003-001,DEPENDS_ON,Closure is measured against the entry scope.,MD-DEP-0022,2026-10-05T15:27:49+07:00,MD-B10-A003 promotion and closure; return MD-B18-A002.
MD-REL-1364,SC-MD-B10-A003-001,E-MD-B10-A001-001,CARRIED_FROM,The 1015 retained rows keep this evidence binding.,MD-DEP-0022,2026-10-05T15:27:49+07:00,MD-B10-A003 promotion and closure; return MD-B18-A002.
MD-REL-1365,SC-MD-B10-A003-001,E-MD-B10-A002-017,CARRIED_FROM,The 54 retained rows keep this evidence binding.,MD-DEP-0022,2026-10-05T15:27:49+07:00,MD-B10-A003 promotion and closure; return MD-B18-A002.
MD-REL-1366,SC-MD-B10-A003-001,SC-MD-B10-A002-001,RELATED,Successor closure of the same stage; the predecessor stays immutable.,MD-DEP-0022,2026-10-05T15:27:49+07:00,MD-B10-A003 promotion and closure; return MD-B18-A002.
MD-REL-1367,SC-MD-B10-A003-001,SC-MD-B10-A001-001,RELATED,Earlier closure of the same stage; immutable.,MD-DEP-0022,2026-10-05T15:27:49+07:00,MD-B10-A003 promotion and closure; return MD-B18-A002.
MD-REL-1368,SC-MD-B10-A003-001,CI-MD-B10-A003-001,RELATED,Closure under the impact declaration.,MD-DEP-0022,2026-10-05T15:27:49+07:00,MD-B10-A003 promotion and closure; return MD-B18-A002.
MD-REL-1369,SC-MD-B10-A003-001,MD-B10-A003-BL001,DEPENDS_ON,Closure is measured against the entry baseline.,MD-DEP-0022,2026-10-05T15:27:49+07:00,MD-B10-A003 promotion and closure; return MD-B18-A002.
MD-REL-1370,F-MD-B10-A003-001,E-MD-B10-A003-003,RELATED,Resolved by the promotion evidence.,MD-DEP-0022,2026-10-05T15:27:49+07:00,MD-B10-A003 promotion and closure; return MD-B18-A002.
MD-REL-1371,F-MD-B18-A002-033,E-MD-B10-A003-003,RELATED,B10 part conformant.,MD-DEP-0022,2026-10-05T15:27:49+07:00,MD-B10-A003 promotion and closure; return MD-B18-A002.
MD-REL-1372,F-MD-B18-A002-033,SC-MD-B10-A003-001,RELATED,B10 closure under the corrected authority.,MD-DEP-0022,2026-10-05T15:27:49+07:00,MD-B10-A003 promotion and closure; return MD-B18-A002.
MD-REL-1373,CI-MD-B10-A003-001,E-MD-B10-A003-003,RELATED,Promotion evidence of the declaration.,MD-DEP-0022,2026-10-05T15:27:49+07:00,MD-B10-A003 promotion and closure; return MD-B18-A002.
MD-REL-1374,CI-MD-B10-A003-001,SC-MD-B10-A003-001,RELATED,Closure of the declaration.,MD-DEP-0022,2026-10-05T15:27:49+07:00,MD-B10-A003 promotion and closure; return MD-B18-A002.
MD-REL-1375,F-MD-B10-A003-002,E-MD-B10-A003-003,RELATED,Carried forward at closure.,MD-DEP-0022,2026-10-05T15:27:49+07:00,MD-B10-A003 promotion and closure; return MD-B18-A002.
MD-REL-1376,E-MD-B18-A002-099,E-MD-B18-A002-097,DEPENDS_ON,Answers the review of candidate-v3 and its blocker.,D-MD-B18-A002-015,2026-10-05T17:53:57+07:00,Same B18-A002/BL001; candidate-v4.
MD-REL-1377,E-MD-B18-A002-099,E-MD-B18-A002-098,DEPENDS_ON,The corrected authority the freshness derivation applies.,D-MD-B18-A002-015,2026-10-05T17:53:57+07:00,Same B18-A002/BL001; candidate-v4.
MD-REL-1378,E-MD-B18-A002-099,E-MD-B18-A002-096,DERIVED_FROM,Candidate-v3 that candidate-v4 supersedes; not edited.,D-MD-B18-A002-015,2026-10-05T17:53:57+07:00,Same B18-A002/BL001; candidate-v4.
MD-REL-1379,E-MD-B18-A002-099,E-MD-B10-A003-003,DEPENDS_ON,The conformant V2 producers the real target comparison runs against.,D-MD-B18-A002-015,2026-10-05T17:53:57+07:00,Same B18-A002/BL001; candidate-v4.
MD-REL-1380,E-MD-B18-A002-099,SC-MD-B10-A003-001,RELATED,"Preservation: B10 closed 1072/1072, no producer changed.",D-MD-B18-A002-015,2026-10-05T17:53:57+07:00,Same B18-A002/BL001; candidate-v4.
MD-REL-1381,E-MD-B18-A002-099,F-MD-B18-A002-032,RELATED,Answers the freshness blocker; closes with the review.,D-MD-B18-A002-015,2026-10-05T17:53:57+07:00,Same B18-A002/BL001; candidate-v4.
MD-REL-1382,E-MD-B18-A002-099,F-MD-B18-A002-025,RELATED,Progress: candidate-v4 awaits review.,D-MD-B18-A002-015,2026-10-05T17:53:57+07:00,Same B18-A002/BL001; candidate-v4.
MD-REL-1383,E-MD-B18-A002-099,F-MD-B18-A002-033,RELATED,Pre-activation conformance exercised; activated-world rows not touched.,D-MD-B18-A002-015,2026-10-05T17:53:57+07:00,Same B18-A002/BL001; candidate-v4.
MD-REL-1384,E-MD-B18-A002-099,F-MD-B10-A003-002,RELATED,Marker reachability not touched; stays open.,D-MD-B18-A002-015,2026-10-05T17:53:57+07:00,Same B18-A002/BL001; candidate-v4.
MD-REL-1385,E-MD-B18-A002-099,F-MD-B18-A002-031,RELATED,Manifest hash coverage preserved on an independent freshness member.,D-MD-B18-A002-015,2026-10-05T17:53:57+07:00,Same B18-A002/BL001; candidate-v4.
MD-REL-1386,E-MD-B18-A002-099,F-MD-B18-A002-030,RELATED,Locked assertion layers preserved.,D-MD-B18-A002-015,2026-10-05T17:53:57+07:00,Same B18-A002/BL001; candidate-v4.
MD-REL-1387,E-MD-B18-A002-099,F-MD-B18-A002-017,RELATED,Remaining MariaDB predicate; unchanged.,D-MD-B18-A002-015,2026-10-05T17:53:57+07:00,Same B18-A002/BL001; candidate-v4.
MD-REL-1388,E-MD-B18-A002-099,D-MD-B18-A002-015,DEPENDS_ON,The owner decision (Direction D) applied.,D-MD-B18-A002-015,2026-10-05T17:53:57+07:00,Same B18-A002/BL001; candidate-v4.
MD-REL-1389,E-MD-B18-A002-099,D-MD-B18-A002-014,DEPENDS_ON,The owner decisions Q4 to Q7 candidate-v4 preserves.,D-MD-B18-A002-015,2026-10-05T17:53:57+07:00,Same B18-A002/BL001; candidate-v4.
MD-REL-1390,E-MD-B18-A002-099,D-MD-B18-A002-013,DEPENDS_ON,The synthetic world and review model.,D-MD-B18-A002-015,2026-10-05T17:53:57+07:00,Same B18-A002/BL001; candidate-v4.
MD-REL-1391,E-MD-B18-A002-099,D-MD-B18-A002-011,DEPENDS_ON,The independent-fixture admission contract.,D-MD-B18-A002-015,2026-10-05T17:53:57+07:00,Same B18-A002/BL001; candidate-v4.
MD-REL-1392,E-MD-B18-A002-099,CI-MD-B18-A002-001,RELATED,Same impact declaration records the candidate.,D-MD-B18-A002-015,2026-10-05T17:53:57+07:00,Same B18-A002/BL001; candidate-v4.
MD-REL-1393,E-MD-B18-A002-099,MD-B18-A002-BL001,RELATED,Same B18 baseline; no new attempt.,D-MD-B18-A002-015,2026-10-05T17:53:57+07:00,Same B18-A002/BL001; candidate-v4.
MD-REL-1394,F-MD-B18-A002-032,E-MD-B18-A002-099,RELATED,Candidate-v4 answers the finding.,D-MD-B18-A002-015,2026-10-05T17:53:57+07:00,Same B18-A002/BL001; candidate-v4.
MD-REL-1395,F-MD-B18-A002-025,E-MD-B18-A002-099,RELATED,Progress recorded.,D-MD-B18-A002-015,2026-10-05T17:53:57+07:00,Same B18-A002/BL001; candidate-v4.
MD-REL-1396,CI-MD-B18-A002-001,E-MD-B18-A002-099,RELATED,Impact declaration identifies the candidate.,D-MD-B18-A002-015,2026-10-05T17:53:57+07:00,Same B18-A002/BL001; candidate-v4.
MD-REL-1397,E-MD-B18-A002-100,E-MD-B18-A002-099,DEPENDS_ON,Independent review of the author-produced candidate-v4 that record issued; E099 is not edited.,D-MD-B18-A002-013,2026-10-05T19:18:57+07:00,Same B18-A002/BL001; candidate-v4 independent review.
MD-REL-1398,E-MD-B18-A002-100,E-MD-B18-A002-098,RELATED,The corrected authority the reviewed freshness derivation applies.,D-MD-B18-A002-013,2026-10-05T19:18:57+07:00,Same B18-A002/BL001; candidate-v4 independent review.
MD-REL-1399,E-MD-B18-A002-100,E-MD-B18-A002-097,RELATED,The review of candidate-v3 whose blocker candidate-v4 answers.,D-MD-B18-A002-013,2026-10-05T19:18:57+07:00,Same B18-A002/BL001; candidate-v4 independent review.
MD-REL-1400,E-MD-B18-A002-100,E-MD-B10-A003-003,RELATED,"B10 boundary: closed 1072/1072, not reopened.",D-MD-B18-A002-013,2026-10-05T19:18:57+07:00,Same B18-A002/BL001; candidate-v4 independent review.
MD-REL-1401,E-MD-B18-A002-100,SC-MD-B10-A003-001,RELATED,B10 boundary preserved.,D-MD-B18-A002-013,2026-10-05T19:18:57+07:00,Same B18-A002/BL001; candidate-v4 independent review.
MD-REL-1402,E-MD-B18-A002-100,F-MD-B18-A002-032,RELATED,Review PASS recorded; finding open until admission.,D-MD-B18-A002-013,2026-10-05T19:18:57+07:00,Same B18-A002/BL001; candidate-v4 independent review.
MD-REL-1403,E-MD-B18-A002-100,F-MD-B18-A002-025,RELATED,"Progress: reviewed PASS, owner approval outstanding.",D-MD-B18-A002-013,2026-10-05T19:18:57+07:00,Same B18-A002/BL001; candidate-v4 independent review.
MD-REL-1404,E-MD-B18-A002-100,F-MD-B18-A002-031,RELATED,Open until admission.,D-MD-B18-A002-013,2026-10-05T19:18:57+07:00,Same B18-A002/BL001; candidate-v4 independent review.
MD-REL-1405,E-MD-B18-A002-100,F-MD-B18-A002-030,RELATED,Open until admission.,D-MD-B18-A002-013,2026-10-05T19:18:57+07:00,Same B18-A002/BL001; candidate-v4 independent review.
MD-REL-1406,E-MD-B18-A002-100,F-MD-B18-A002-033,RELATED,Activated-world rows not touched.,D-MD-B18-A002-013,2026-10-05T19:18:57+07:00,Same B18-A002/BL001; candidate-v4 independent review.
MD-REL-1407,E-MD-B18-A002-100,F-MD-B10-A003-002,RELATED,Marker reachability not touched.,D-MD-B18-A002-013,2026-10-05T19:18:57+07:00,Same B18-A002/BL001; candidate-v4 independent review.
MD-REL-1408,E-MD-B18-A002-100,F-MD-B18-A002-017,RELATED,Remaining MariaDB predicate; unchanged.,D-MD-B18-A002-013,2026-10-05T19:18:57+07:00,Same B18-A002/BL001; candidate-v4 independent review.
MD-REL-1409,E-MD-B18-A002-100,D-MD-B18-A002-013,DEPENDS_ON,"Review model Q2: author, separate reviewer, owner approver.",D-MD-B18-A002-013,2026-10-05T19:18:57+07:00,Same B18-A002/BL001; candidate-v4 independent review.
MD-REL-1410,E-MD-B18-A002-100,D-MD-B18-A002-011,DEPENDS_ON,Independent-fixture admission contract: review record identifies the reviewer.,D-MD-B18-A002-013,2026-10-05T19:18:57+07:00,Same B18-A002/BL001; candidate-v4 independent review.
MD-REL-1411,E-MD-B18-A002-100,D-MD-B18-A002-015,RELATED,The owner decision whose authority the candidate applies.,D-MD-B18-A002-013,2026-10-05T19:18:57+07:00,Same B18-A002/BL001; candidate-v4 independent review.
MD-REL-1412,E-MD-B18-A002-100,D-MD-B18-A002-014,RELATED,Owner decisions Q4 to Q7 preserved.,D-MD-B18-A002-013,2026-10-05T19:18:57+07:00,Same B18-A002/BL001; candidate-v4 independent review.
MD-REL-1413,E-MD-B18-A002-100,CI-MD-B18-A002-001,RELATED,Same impact declaration records the review.,D-MD-B18-A002-013,2026-10-05T19:18:57+07:00,Same B18-A002/BL001; candidate-v4 independent review.
MD-REL-1414,E-MD-B18-A002-100,MD-B18-A002-BL001,RELATED,Same B18 baseline; no new attempt.,D-MD-B18-A002-013,2026-10-05T19:18:57+07:00,Same B18-A002/BL001; candidate-v4 independent review.
MD-REL-1415,F-MD-B18-A002-032,E-MD-B18-A002-100,RELATED,Review PASS recorded.,D-MD-B18-A002-013,2026-10-05T19:18:57+07:00,Same B18-A002/BL001; candidate-v4 independent review.
MD-REL-1416,F-MD-B18-A002-025,E-MD-B18-A002-100,RELATED,Progress recorded.,D-MD-B18-A002-013,2026-10-05T19:18:57+07:00,Same B18-A002/BL001; candidate-v4 independent review.
MD-REL-1417,CI-MD-B18-A002-001,E-MD-B18-A002-100,RELATED,Impact declaration identifies the review.,D-MD-B18-A002-013,2026-10-05T19:18:57+07:00,Same B18-A002/BL001; candidate-v4 independent review.
MD-REL-1418,D-MD-B18-A002-016,E-MD-B18-A002-100,DEPENDS_ON,Approves the candidate that this independent review passed; the review precedes the approval.,D-MD-B18-A002-016,2026-10-05T19:43:16+07:00,Same B18-A002/BL001; candidate-v4 owner approval.
MD-REL-1419,D-MD-B18-A002-016,E-MD-B18-A002-099,DEPENDS_ON,The candidate authoring record of the approved package.,D-MD-B18-A002-016,2026-10-05T19:43:16+07:00,Same B18-A002/BL001; candidate-v4 owner approval.
MD-REL-1420,D-MD-B18-A002-016,D-MD-B18-A002-011,DEPENDS_ON,Independent-fixture admission contract: owner approval bound to the reviewed fingerprint.,D-MD-B18-A002-016,2026-10-05T19:43:16+07:00,Same B18-A002/BL001; candidate-v4 owner approval.
MD-REL-1421,D-MD-B18-A002-016,D-MD-B18-A002-013,DEPENDS_ON,"Review model Q2: author, separate reviewer, owner approver.",D-MD-B18-A002-016,2026-10-05T19:43:16+07:00,Same B18-A002/BL001; candidate-v4 owner approval.
MD-REL-1422,D-MD-B18-A002-016,D-MD-B18-A002-014,RELATED,Owner decisions Q4 to Q7 the approved candidate preserves.,D-MD-B18-A002-016,2026-10-05T19:43:16+07:00,Same B18-A002/BL001; candidate-v4 owner approval.
MD-REL-1423,D-MD-B18-A002-016,D-MD-B18-A002-015,RELATED,Direction D authority the approved candidate applies.,D-MD-B18-A002-016,2026-10-05T19:43:16+07:00,Same B18-A002/BL001; candidate-v4 owner approval.
MD-REL-1424,D-MD-B18-A002-016,F-MD-B18-A002-025,RELATED,"Progress: approved, admission outstanding; finding stays open.",D-MD-B18-A002-016,2026-10-05T19:43:16+07:00,Same B18-A002/BL001; candidate-v4 owner approval.
MD-REL-1425,D-MD-B18-A002-016,F-MD-B18-A002-032,RELATED,Approved candidate derives the corrected freshness; finding stays open until admission.,D-MD-B18-A002-016,2026-10-05T19:43:16+07:00,Same B18-A002/BL001; candidate-v4 owner approval.
MD-REL-1426,D-MD-B18-A002-016,F-MD-B18-A002-030,RELATED,Stays open until admission.,D-MD-B18-A002-016,2026-10-05T19:43:16+07:00,Same B18-A002/BL001; candidate-v4 owner approval.
MD-REL-1427,D-MD-B18-A002-016,F-MD-B18-A002-031,RELATED,Stays open until admission.,D-MD-B18-A002-016,2026-10-05T19:43:16+07:00,Same B18-A002/BL001; candidate-v4 owner approval.
MD-REL-1428,D-MD-B18-A002-016,CI-MD-B18-A002-001,RELATED,Same impact declaration records the approval.,D-MD-B18-A002-016,2026-10-05T19:43:16+07:00,Same B18-A002/BL001; candidate-v4 owner approval.
MD-REL-1429,E-MD-B18-A002-100,D-MD-B18-A002-016,RELATED,The owner approval that follows this review.,D-MD-B18-A002-016,2026-10-05T19:43:16+07:00,Same B18-A002/BL001; candidate-v4 owner approval.
MD-REL-1430,F-MD-B18-A002-025,D-MD-B18-A002-016,RELATED,The approval recorded for the finding.,D-MD-B18-A002-016,2026-10-05T19:43:16+07:00,Same B18-A002/BL001; candidate-v4 owner approval.
MD-REL-1431,F-MD-B18-A002-032,D-MD-B18-A002-016,RELATED,The approval recorded for the finding.,D-MD-B18-A002-016,2026-10-05T19:43:16+07:00,Same B18-A002/BL001; candidate-v4 owner approval.
MD-REL-1432,CI-MD-B18-A002-001,D-MD-B18-A002-016,RELATED,Impact declaration identifies the approval.,D-MD-B18-A002-016,2026-10-05T19:43:16+07:00,Same B18-A002/BL001; candidate-v4 owner approval.
MD-REL-1433,E-MD-B18-A002-101,D-MD-B18-A002-016,DEPENDS_ON,The owner approval bound to the exact fingerprint that is admitted.,D-MD-B18-A002-016,2026-10-05T21:45:12+07:00,Same B18-A002/BL001; R0025 admission of candidate-v4.
MD-REL-1434,E-MD-B18-A002-101,E-MD-B18-A002-100,DEPENDS_ON,The independent review PASS of the admitted candidate.,D-MD-B18-A002-016,2026-10-05T21:45:12+07:00,Same B18-A002/BL001; R0025 admission of candidate-v4.
MD-REL-1435,E-MD-B18-A002-101,E-MD-B18-A002-099,DEPENDS_ON,The authoring record of the admitted candidate.,D-MD-B18-A002-016,2026-10-05T21:45:12+07:00,Same B18-A002/BL001; R0025 admission of candidate-v4.
MD-REL-1436,E-MD-B18-A002-101,E-MD-B18-A002-098,RELATED,The corrected authority the admitted candidate applies.,D-MD-B18-A002-016,2026-10-05T21:45:12+07:00,Same B18-A002/BL001; R0025 admission of candidate-v4.
MD-REL-1437,E-MD-B18-A002-101,E-MD-B10-A003-003,RELATED,"The conformant producers the admitted verification runs against; B10 closed 1072/1072, unchanged.",D-MD-B18-A002-016,2026-10-05T21:45:12+07:00,Same B18-A002/BL001; R0025 admission of candidate-v4.
MD-REL-1438,E-MD-B18-A002-101,SC-MD-B10-A003-001,RELATED,B10 boundary preserved.,D-MD-B18-A002-016,2026-10-05T21:45:12+07:00,Same B18-A002/BL001; R0025 admission of candidate-v4.
MD-REL-1439,E-MD-B18-A002-101,D-MD-B18-A002-011,DEPENDS_ON,Independent-fixture admission contract applied.,D-MD-B18-A002-016,2026-10-05T21:45:12+07:00,Same B18-A002/BL001; R0025 admission of candidate-v4.
MD-REL-1440,E-MD-B18-A002-101,D-MD-B18-A002-013,DEPENDS_ON,"Review model Q2 satisfied: author, separate reviewer, owner approver.",D-MD-B18-A002-016,2026-10-05T21:45:12+07:00,Same B18-A002/BL001; R0025 admission of candidate-v4.
MD-REL-1441,E-MD-B18-A002-101,D-MD-B18-A002-014,RELATED,Owner decisions Q4 to Q7 preserved in the admitted candidate.,D-MD-B18-A002-016,2026-10-05T21:45:12+07:00,Same B18-A002/BL001; R0025 admission of candidate-v4.
MD-REL-1442,E-MD-B18-A002-101,D-MD-B18-A002-015,RELATED,Direction D authority applied by the admitted candidate.,D-MD-B18-A002-016,2026-10-05T21:45:12+07:00,Same B18-A002/BL001; R0025 admission of candidate-v4.
MD-REL-1443,E-MD-B18-A002-101,F-MD-B18-A002-025,RELATED,Resolved by this admission.,D-MD-B18-A002-016,2026-10-05T21:45:12+07:00,Same B18-A002/BL001; R0025 admission of candidate-v4.
MD-REL-1444,E-MD-B18-A002-101,F-MD-B18-A002-028,RELATED,Resolved by this admission.,D-MD-B18-A002-016,2026-10-05T21:45:12+07:00,Same B18-A002/BL001; R0025 admission of candidate-v4.
MD-REL-1445,E-MD-B18-A002-101,F-MD-B18-A002-030,RELATED,Resolved by this admission.,D-MD-B18-A002-016,2026-10-05T21:45:12+07:00,Same B18-A002/BL001; R0025 admission of candidate-v4.
MD-REL-1446,E-MD-B18-A002-101,F-MD-B18-A002-031,RELATED,Resolved by this admission.,D-MD-B18-A002-016,2026-10-05T21:45:12+07:00,Same B18-A002/BL001; R0025 admission of candidate-v4.
MD-REL-1447,E-MD-B18-A002-101,F-MD-B18-A002-032,RELATED,Resolved by this admission.,D-MD-B18-A002-016,2026-10-05T21:45:12+07:00,Same B18-A002/BL001; R0025 admission of candidate-v4.
MD-REL-1448,E-MD-B18-A002-101,F-MD-B18-A002-017,RELATED,Stays open: MD-S003-R0025 is admitted but not promoted.,D-MD-B18-A002-016,2026-10-05T21:45:12+07:00,Same B18-A002/BL001; R0025 admission of candidate-v4.
MD-REL-1449,E-MD-B18-A002-101,F-MD-B18-A002-033,RELATED,Activated-world rows untouched; stays open.,D-MD-B18-A002-016,2026-10-05T21:45:12+07:00,Same B18-A002/BL001; R0025 admission of candidate-v4.
MD-REL-1450,E-MD-B18-A002-101,F-MD-B10-A003-002,RELATED,Marker reachability untouched; stays open.,D-MD-B18-A002-016,2026-10-05T21:45:12+07:00,Same B18-A002/BL001; R0025 admission of candidate-v4.
MD-REL-1451,E-MD-B18-A002-101,CI-MD-B18-A002-001,RELATED,Same impact declaration records the admission.,D-MD-B18-A002-016,2026-10-05T21:45:12+07:00,Same B18-A002/BL001; R0025 admission of candidate-v4.
MD-REL-1452,E-MD-B18-A002-101,MD-B18-A002-BL001,RELATED,Same B18 baseline; no new attempt.,D-MD-B18-A002-016,2026-10-05T21:45:12+07:00,Same B18-A002/BL001; R0025 admission of candidate-v4.
MD-REL-1453,D-MD-B18-A002-016,E-MD-B18-A002-101,RELATED,The admission that applies this approval.,D-MD-B18-A002-016,2026-10-05T21:45:12+07:00,Same B18-A002/BL001; R0025 admission of candidate-v4.
MD-REL-1454,E-MD-B18-A002-100,E-MD-B18-A002-101,RELATED,The admission that follows this review and the approval.,D-MD-B18-A002-016,2026-10-05T21:45:12+07:00,Same B18-A002/BL001; R0025 admission of candidate-v4.
MD-REL-1455,F-MD-B18-A002-025,E-MD-B18-A002-101,RELATED,Resolution recorded.,D-MD-B18-A002-016,2026-10-05T21:45:12+07:00,Same B18-A002/BL001; R0025 admission of candidate-v4.
MD-REL-1456,F-MD-B18-A002-028,E-MD-B18-A002-101,RELATED,Resolution recorded.,D-MD-B18-A002-016,2026-10-05T21:45:12+07:00,Same B18-A002/BL001; R0025 admission of candidate-v4.
MD-REL-1457,F-MD-B18-A002-030,E-MD-B18-A002-101,RELATED,Resolution recorded.,D-MD-B18-A002-016,2026-10-05T21:45:12+07:00,Same B18-A002/BL001; R0025 admission of candidate-v4.
MD-REL-1458,F-MD-B18-A002-031,E-MD-B18-A002-101,RELATED,Resolution recorded.,D-MD-B18-A002-016,2026-10-05T21:45:12+07:00,Same B18-A002/BL001; R0025 admission of candidate-v4.
MD-REL-1459,F-MD-B18-A002-032,E-MD-B18-A002-101,RELATED,Resolution recorded.,D-MD-B18-A002-016,2026-10-05T21:45:12+07:00,Same B18-A002/BL001; R0025 admission of candidate-v4.
MD-REL-1460,F-MD-B18-A002-017,E-MD-B18-A002-101,RELATED,The finding records the admission.,D-MD-B18-A002-016,2026-10-05T21:45:12+07:00,Same B18-A002/BL001; R0025 admission of candidate-v4.
MD-REL-1461,CI-MD-B18-A002-001,E-MD-B18-A002-101,RELATED,Impact declaration identifies the admission.,D-MD-B18-A002-016,2026-10-05T21:45:12+07:00,Same B18-A002/BL001; R0025 admission of candidate-v4.
MD-REL-1462,E-MD-B18-A002-102,E-MD-B18-A002-101,DEPENDS_ON,The admission of candidate-v4: the exact-publication dimension of the R0025 proof basis; not the whole proof.,D-MD-B18-A002-016,2026-10-06T00:00:45+07:00,Same B18-A002/BL001; R0025 proof basis promotion.
MD-REL-1463,E-MD-B18-A002-102,E-MD-B18-A002-100,DEPENDS_ON,The independent review of the admitted candidate.,D-MD-B18-A002-016,2026-10-06T00:00:45+07:00,Same B18-A002/BL001; R0025 proof basis promotion.
MD-REL-1464,E-MD-B18-A002-102,D-MD-B18-A002-016,DEPENDS_ON,The owner approval of the admitted candidate.,D-MD-B18-A002-016,2026-10-06T00:00:45+07:00,Same B18-A002/BL001; R0025 proof basis promotion.
MD-REL-1465,E-MD-B18-A002-102,E-MD-B18-A002-099,DEPENDS_ON,The authoring record of the admitted candidate.,D-MD-B18-A002-016,2026-10-06T00:00:45+07:00,Same B18-A002/BL001; R0025 proof basis promotion.
MD-REL-1466,E-MD-B18-A002-102,D-MD-B18-A002-011,DEPENDS_ON,Independent-fixture admission contract applied to the exact-publication family.,D-MD-B18-A002-016,2026-10-06T00:00:45+07:00,Same B18-A002/BL001; R0025 proof basis promotion.
MD-REL-1467,E-MD-B18-A002-102,D-MD-B18-A002-013,DEPENDS_ON,Review model Q2.,D-MD-B18-A002-016,2026-10-06T00:00:45+07:00,Same B18-A002/BL001; R0025 proof basis promotion.
MD-REL-1468,E-MD-B18-A002-102,E-MD-B18-A002-082,RELATED,The G05 aggregate whose R0025 member set this record extends with the mirror.,D-MD-B18-A002-016,2026-10-06T00:00:45+07:00,Same B18-A002/BL001; R0025 proof basis promotion.
MD-REL-1469,E-MD-B18-A002-102,E-MD-B18-A002-084,RELATED,The precedent PROVEN promotions of the G05 predicates.,D-MD-B18-A002-016,2026-10-06T00:00:45+07:00,Same B18-A002/BL001; R0025 proof basis promotion.
MD-REL-1470,E-MD-B18-A002-102,F-MD-B18-A002-017,RELATED,R0025 basis PROVEN; the finding stays open on MD-S050-R0005.,D-MD-B18-A002-016,2026-10-06T00:00:45+07:00,Same B18-A002/BL001; R0025 proof basis promotion.
MD-REL-1471,E-MD-B18-A002-102,F-MD-B18-A002-025,RELATED,Already resolved by the admission; the predicate proof is completed here.,D-MD-B18-A002-016,2026-10-06T00:00:45+07:00,Same B18-A002/BL001; R0025 proof basis promotion.
MD-REL-1472,E-MD-B18-A002-102,F-MD-B18-A002-033,RELATED,Activated-world rows untouched; stays open.,D-MD-B18-A002-016,2026-10-06T00:00:45+07:00,Same B18-A002/BL001; R0025 proof basis promotion.
MD-REL-1473,E-MD-B18-A002-102,F-MD-B10-A003-002,RELATED,Marker reachability untouched; stays open.,D-MD-B18-A002-016,2026-10-06T00:00:45+07:00,Same B18-A002/BL001; R0025 proof basis promotion.
MD-REL-1474,E-MD-B18-A002-102,SC-MD-B10-A003-001,RELATED,"B10 boundary preserved: closed 1072/1072, no producer changed.",D-MD-B18-A002-016,2026-10-06T00:00:45+07:00,Same B18-A002/BL001; R0025 proof basis promotion.
MD-REL-1475,E-MD-B18-A002-102,CI-MD-B18-A002-001,RELATED,Same impact declaration records the promotion.,D-MD-B18-A002-016,2026-10-06T00:00:45+07:00,Same B18-A002/BL001; R0025 proof basis promotion.
MD-REL-1476,E-MD-B18-A002-102,MD-B18-A002-BL001,RELATED,Same B18 baseline; no new attempt.,D-MD-B18-A002-016,2026-10-06T00:00:45+07:00,Same B18-A002/BL001; R0025 proof basis promotion.
MD-REL-1477,E-MD-B18-A002-101,E-MD-B18-A002-102,RELATED,The predicate proof basis that completes the admission.,D-MD-B18-A002-016,2026-10-06T00:00:45+07:00,Same B18-A002/BL001; R0025 proof basis promotion.
MD-REL-1478,F-MD-B18-A002-017,E-MD-B18-A002-102,RELATED,The finding records the R0025 basis promotion.,D-MD-B18-A002-016,2026-10-06T00:00:45+07:00,Same B18-A002/BL001; R0025 proof basis promotion.
MD-REL-1479,CI-MD-B18-A002-001,E-MD-B18-A002-102,RELATED,Impact declaration identifies the promotion.,D-MD-B18-A002-016,2026-10-06T00:00:45+07:00,Same B18-A002/BL001; R0025 proof basis promotion.
MD-REL-1480,D-MD-B18-A002-017,E-MD-B18-A002-102,RELATED,The owner decision limits the PROVEN conclusion of this record; the record is not edited.,D-MD-B18-A002-017,2026-10-07T07:28:53+07:00,Same B18-A002/BL001; R0025 supported-mirror policy.
MD-REL-1481,D-MD-B18-A002-017,E-MD-B18-A002-101,RELATED,The admission chain stays valid under the decision.,D-MD-B18-A002-017,2026-10-07T07:28:53+07:00,Same B18-A002/BL001; R0025 supported-mirror policy.
MD-REL-1482,D-MD-B18-A002-017,D-MD-B18-A002-001,DEPENDS_ON,Item 4 is the only existing bounded mirror limitation (referential integrity and production nullability).,D-MD-B18-A002-017,2026-10-07T07:28:53+07:00,Same B18-A002/BL001; R0025 supported-mirror policy.
MD-REL-1483,D-MD-B18-A002-017,D-MD-B18-A002-011,DEPENDS_ON,Independent-fixture admission contract; the exact-publication family proof stays required on the mirror.,D-MD-B18-A002-017,2026-10-07T07:28:53+07:00,Same B18-A002/BL001; R0025 supported-mirror policy.
MD-REL-1484,D-MD-B18-A002-017,D-MD-B18-A002-013,DEPENDS_ON,Review model and synthetic V2 world the mirror must also execute.,D-MD-B18-A002-017,2026-10-07T07:28:53+07:00,Same B18-A002/BL001; R0025 supported-mirror policy.
MD-REL-1485,D-MD-B18-A002-017,D-MD-B18-A002-016,RELATED,Owner approval of candidate-v4 stays valid.,D-MD-B18-A002-017,2026-10-07T07:28:53+07:00,Same B18-A002/BL001; R0025 supported-mirror policy.
MD-REL-1486,D-MD-B18-A002-017,F-MD-B18-A002-017,RELATED,"Decides the supported-mirror policy of MD-S003-R0025, the R0025 basis owned by this finding.",D-MD-B18-A002-017,2026-10-07T07:28:53+07:00,Same B18-A002/BL001; R0025 supported-mirror policy.
MD-REL-1487,D-MD-B18-A002-017,CI-MD-B18-A002-001,RELATED,Same impact declaration records the decision.,D-MD-B18-A002-017,2026-10-07T07:28:53+07:00,Same B18-A002/BL001; R0025 supported-mirror policy.
MD-REL-1488,E-MD-B18-A002-103,E-MD-B18-A002-102,SUPERSEDES,"Supersedes the PROVEN conclusion and the 101/113 count only; execution results, probes and bytes of E102 are retained immutable.",D-MD-B18-A002-017,2026-10-07T07:28:53+07:00,Same B18-A002/BL001; R0025 supported-mirror policy.
MD-REL-1489,E-MD-B18-A002-103,D-MD-B18-A002-017,DEPENDS_ON,The owner decision this correction applies.,D-MD-B18-A002-017,2026-10-07T07:28:53+07:00,Same B18-A002/BL001; R0025 supported-mirror policy.
MD-REL-1490,E-MD-B18-A002-103,E-MD-B18-A002-101,RELATED,The admission stays valid and unchanged.,D-MD-B18-A002-017,2026-10-07T07:28:53+07:00,Same B18-A002/BL001; R0025 supported-mirror policy.
MD-REL-1491,E-MD-B18-A002-103,E-MD-B18-A002-100,RELATED,The independent review of candidate-v4 stays valid.,D-MD-B18-A002-017,2026-10-07T07:28:53+07:00,Same B18-A002/BL001; R0025 supported-mirror policy.
MD-REL-1492,E-MD-B18-A002-103,D-MD-B18-A002-016,RELATED,The owner approval of candidate-v4 stays valid.,D-MD-B18-A002-017,2026-10-07T07:28:53+07:00,Same B18-A002/BL001; R0025 supported-mirror policy.
MD-REL-1493,E-MD-B18-A002-103,D-MD-B18-A002-001,RELATED,Item 4 bounds what may remain a governed mirror exception.,D-MD-B18-A002-017,2026-10-07T07:28:53+07:00,Same B18-A002/BL001; R0025 supported-mirror policy.
MD-REL-1494,E-MD-B18-A002-103,F-MD-B18-A002-017,RELATED,The R0025 basis owned by this finding returns to INCOMPLETE.,D-MD-B18-A002-017,2026-10-07T07:28:53+07:00,Same B18-A002/BL001; R0025 supported-mirror policy.
MD-REL-1495,E-MD-B18-A002-103,CI-MD-B18-A002-001,RELATED,Same impact declaration records the correction.,D-MD-B18-A002-017,2026-10-07T07:28:53+07:00,Same B18-A002/BL001; R0025 supported-mirror policy.
MD-REL-1496,E-MD-B18-A002-103,MD-B18-A002-BL001,RELATED,Same B18 baseline; no new attempt.,D-MD-B18-A002-017,2026-10-07T07:28:53+07:00,Same B18-A002/BL001; R0025 supported-mirror policy.
MD-REL-1497,E-MD-B18-A002-102,E-MD-B18-A002-103,RELATED,The successor correction that limits this record's PROVEN conclusion.,D-MD-B18-A002-017,2026-10-07T07:28:53+07:00,Same B18-A002/BL001; R0025 supported-mirror policy.
MD-REL-1498,F-MD-B18-A002-017,D-MD-B18-A002-017,RELATED,The finding records the mirror policy decision.,D-MD-B18-A002-017,2026-10-07T07:28:53+07:00,Same B18-A002/BL001; R0025 supported-mirror policy.
MD-REL-1499,F-MD-B18-A002-017,E-MD-B18-A002-103,RELATED,The finding records the successor correction.,D-MD-B18-A002-017,2026-10-07T07:28:53+07:00,Same B18-A002/BL001; R0025 supported-mirror policy.
MD-REL-1500,CI-MD-B18-A002-001,D-MD-B18-A002-017,RELATED,Impact declaration identifies the decision.,D-MD-B18-A002-017,2026-10-07T07:28:53+07:00,Same B18-A002/BL001; R0025 supported-mirror policy.
MD-REL-1501,CI-MD-B18-A002-001,E-MD-B18-A002-103,RELATED,Impact declaration identifies the correction.,D-MD-B18-A002-017,2026-10-07T07:28:53+07:00,Same B18-A002/BL001; R0025 supported-mirror policy.
MD-REL-1502,E-MD-B18-A002-104,D-MD-B18-A002-017,DEPENDS_ON,The owner mirror decision this corrected basis implements.,D-MD-B18-A002-017,2026-10-07T09:02:18+07:00,Same B18-A002/BL001; R0025 corrected mirror basis.
MD-REL-1503,E-MD-B18-A002-104,E-MD-B18-A002-103,DEPENDS_ON,The successor correction that restored the basis to INCOMPLETE and fixed the starting state.,D-MD-B18-A002-017,2026-10-07T09:02:18+07:00,Same B18-A002/BL001; R0025 corrected mirror basis.
MD-REL-1504,E-MD-B18-A002-104,E-MD-B18-A002-102,RELATED,The execution evidence whose five blanket exclusions are replaced; retained immutable.,D-MD-B18-A002-017,2026-10-07T09:02:18+07:00,Same B18-A002/BL001; R0025 corrected mirror basis.
MD-REL-1505,E-MD-B18-A002-104,E-MD-B18-A002-101,DEPENDS_ON,"The admission chain, now also executed on the mirror.",D-MD-B18-A002-017,2026-10-07T09:02:18+07:00,Same B18-A002/BL001; R0025 corrected mirror basis.
MD-REL-1506,E-MD-B18-A002-104,E-MD-B18-A002-100,RELATED,The independent review of candidate-v4; unchanged.,D-MD-B18-A002-017,2026-10-07T09:02:18+07:00,Same B18-A002/BL001; R0025 corrected mirror basis.
MD-REL-1507,E-MD-B18-A002-104,E-MD-B18-A002-099,RELATED,The authoring record of candidate-v4; unchanged.,D-MD-B18-A002-017,2026-10-07T09:02:18+07:00,Same B18-A002/BL001; R0025 corrected mirror basis.
MD-REL-1508,E-MD-B18-A002-104,D-MD-B18-A002-016,RELATED,The owner approval of candidate-v4; unchanged.,D-MD-B18-A002-017,2026-10-07T09:02:18+07:00,Same B18-A002/BL001; R0025 corrected mirror basis.
MD-REL-1509,E-MD-B18-A002-104,D-MD-B18-A002-001,DEPENDS_ON,Item 4: the only mirror exception (referential integrity and production nullability).,D-MD-B18-A002-017,2026-10-07T09:02:18+07:00,Same B18-A002/BL001; R0025 corrected mirror basis.
MD-REL-1510,E-MD-B18-A002-104,D-MD-B18-A002-011,DEPENDS_ON,"Independent-fixture admission contract, now proven on both substrates.",D-MD-B18-A002-017,2026-10-07T09:02:18+07:00,Same B18-A002/BL001; R0025 corrected mirror basis.
MD-REL-1511,E-MD-B18-A002-104,D-MD-B18-A002-013,DEPENDS_ON,Review model Q2: the corrected basis needs an independent reviewer who is not its author.,D-MD-B18-A002-017,2026-10-07T09:02:18+07:00,Same B18-A002/BL001; R0025 corrected mirror basis.
MD-REL-1512,E-MD-B18-A002-104,F-MD-B18-A002-017,RELATED,"The R0025 basis owned by this finding: author-produced, awaiting independent review.",D-MD-B18-A002-017,2026-10-07T09:02:18+07:00,Same B18-A002/BL001; R0025 corrected mirror basis.
MD-REL-1513,E-MD-B18-A002-104,CI-MD-B18-A002-001,RELATED,Same impact declaration records the corrected basis.,D-MD-B18-A002-017,2026-10-07T09:02:18+07:00,Same B18-A002/BL001; R0025 corrected mirror basis.
MD-REL-1514,E-MD-B18-A002-104,MD-B18-A002-BL001,RELATED,Same B18 baseline; no new attempt.,D-MD-B18-A002-017,2026-10-07T09:02:18+07:00,Same B18-A002/BL001; R0025 corrected mirror basis.
MD-REL-1515,E-MD-B18-A002-103,E-MD-B18-A002-104,RELATED,The corrected basis that follows this successor correction.,D-MD-B18-A002-017,2026-10-07T09:02:18+07:00,Same B18-A002/BL001; R0025 corrected mirror basis.
MD-REL-1516,D-MD-B18-A002-017,E-MD-B18-A002-104,RELATED,The implementation of this decision.,D-MD-B18-A002-017,2026-10-07T09:02:18+07:00,Same B18-A002/BL001; R0025 corrected mirror basis.
MD-REL-1517,F-MD-B18-A002-017,E-MD-B18-A002-104,RELATED,The finding records the corrected basis.,D-MD-B18-A002-017,2026-10-07T09:02:18+07:00,Same B18-A002/BL001; R0025 corrected mirror basis.
MD-REL-1518,CI-MD-B18-A002-001,E-MD-B18-A002-104,RELATED,Impact declaration identifies the corrected basis.,D-MD-B18-A002-017,2026-10-07T09:02:18+07:00,Same B18-A002/BL001; R0025 corrected mirror basis.
MD-REL-1519,E-MD-B18-A002-105,E-MD-B18-A002-104,DEPENDS_ON,The independent review of this corrected author-produced basis; E104 and its raw package manifest f812cd84…29c7 are not edited.,D-MD-B18-A002-017,2026-10-07T09:32:43+07:00,Same B18-A002/BL001; R0025 corrected basis review.
MD-REL-1520,E-MD-B18-A002-105,D-MD-B18-A002-017,DEPENDS_ON,The owner mirror decision the reviewed basis implements.,D-MD-B18-A002-017,2026-10-07T09:32:43+07:00,Same B18-A002/BL001; R0025 corrected basis review.
MD-REL-1521,E-MD-B18-A002-105,E-MD-B18-A002-103,DEPENDS_ON,The successor correction that restored INCOMPLETE and fixed the starting state.,D-MD-B18-A002-017,2026-10-07T09:32:43+07:00,Same B18-A002/BL001; R0025 corrected basis review.
MD-REL-1522,E-MD-B18-A002-105,E-MD-B18-A002-102,RELATED,History: E102's earlier PROVEN was withdrawn by E103; its execution results stay immutable.,D-MD-B18-A002-017,2026-10-07T09:32:43+07:00,Same B18-A002/BL001; R0025 corrected basis review.
MD-REL-1523,E-MD-B18-A002-105,E-MD-B18-A002-101,DEPENDS_ON,The candidate-v4 admission chain executed on both substrates.,D-MD-B18-A002-017,2026-10-07T09:32:43+07:00,Same B18-A002/BL001; R0025 corrected basis review.
MD-REL-1524,E-MD-B18-A002-105,E-MD-B18-A002-100,RELATED,The independent review of candidate-v4; unchanged.,D-MD-B18-A002-017,2026-10-07T09:32:43+07:00,Same B18-A002/BL001; R0025 corrected basis review.
MD-REL-1525,E-MD-B18-A002-105,D-MD-B18-A002-016,RELATED,The owner approval of candidate-v4; unchanged.,D-MD-B18-A002-017,2026-10-07T09:32:43+07:00,Same B18-A002/BL001; R0025 corrected basis review.
MD-REL-1526,E-MD-B18-A002-105,D-MD-B18-A002-001,DEPENDS_ON,Item 4: the only mirror exception.,D-MD-B18-A002-017,2026-10-07T09:32:43+07:00,Same B18-A002/BL001; R0025 corrected basis review.
MD-REL-1527,E-MD-B18-A002-105,D-MD-B18-A002-013,DEPENDS_ON,Review model Q2 satisfied: the reviewer is not the author.,D-MD-B18-A002-017,2026-10-07T09:32:43+07:00,Same B18-A002/BL001; R0025 corrected basis review.
MD-REL-1528,E-MD-B18-A002-105,D-MD-B18-A002-011,DEPENDS_ON,Independent-fixture admission contract.,D-MD-B18-A002-017,2026-10-07T09:32:43+07:00,Same B18-A002/BL001; R0025 corrected basis review.
MD-REL-1529,E-MD-B18-A002-105,F-MD-B18-A002-017,RELATED,R0025 basis PROVEN; the finding stays open on the other bases it owns.,D-MD-B18-A002-017,2026-10-07T09:32:43+07:00,Same B18-A002/BL001; R0025 corrected basis review.
MD-REL-1530,E-MD-B18-A002-105,CI-MD-B18-A002-001,RELATED,Same impact declaration records the review and promotion.,D-MD-B18-A002-017,2026-10-07T09:32:43+07:00,Same B18-A002/BL001; R0025 corrected basis review.
MD-REL-1531,E-MD-B18-A002-105,MD-B18-A002-BL001,RELATED,Same B18 baseline; no new attempt.,D-MD-B18-A002-017,2026-10-07T09:32:43+07:00,Same B18-A002/BL001; R0025 corrected basis review.
MD-REL-1532,E-MD-B18-A002-104,E-MD-B18-A002-105,RELATED,The independent review of this basis.,D-MD-B18-A002-017,2026-10-07T09:32:43+07:00,Same B18-A002/BL001; R0025 corrected basis review.
MD-REL-1533,D-MD-B18-A002-017,E-MD-B18-A002-105,RELATED,The reviewed implementation of this decision.,D-MD-B18-A002-017,2026-10-07T09:32:43+07:00,Same B18-A002/BL001; R0025 corrected basis review.
MD-REL-1534,F-MD-B18-A002-017,E-MD-B18-A002-105,RELATED,The finding records the review and the R0025 basis promotion.,D-MD-B18-A002-017,2026-10-07T09:32:43+07:00,Same B18-A002/BL001; R0025 corrected basis review.
MD-REL-1535,CI-MD-B18-A002-001,E-MD-B18-A002-105,RELATED,Impact declaration identifies the review.,D-MD-B18-A002-017,2026-10-07T09:32:43+07:00,Same B18-A002/BL001; R0025 corrected basis review.
MD-REL-1536,E-MD-B18-A002-106,F-MD-B18-A002-017,RELATED,"Decision package for MD-S050-R0005, the last basis owned by this finding.",,2026-10-07T09:48:10+07:00,Same B18-A002/BL001; MD-S050-R0005 decision package.
MD-REL-1537,E-MD-B18-A002-106,F-MD-B18-A002-034,RELATED,Raises the root-cause finding.,,2026-10-07T09:48:10+07:00,Same B18-A002/BL001; MD-S050-R0005 decision package.
MD-REL-1538,E-MD-B18-A002-106,E-MD-B18-A002-073,RELATED,Corrects the earlier reading that the gap is an MD-S085 authority gap.,,2026-10-07T09:48:10+07:00,Same B18-A002/BL001; MD-S050-R0005 decision package.
MD-REL-1539,E-MD-B18-A002-106,E-MD-B18-A002-071,RELATED,Gap B2 marker whose cause is traced here.,,2026-10-07T09:48:10+07:00,Same B18-A002/BL001; MD-S050-R0005 decision package.
MD-REL-1540,E-MD-B18-A002-106,E-MD-B18-A002-070,RELATED,The AS_KNOWN reason-identity execution that returned MD-S050-R0014 and MD-S019-R0071.,,2026-10-07T09:48:10+07:00,Same B18-A002/BL001; MD-S050-R0005 decision package.
MD-REL-1541,E-MD-B18-A002-106,E-MD-B04-A002-001,RELATED,The MD-B04 binding of MD-S082-R0036/R0044 on a family proof.,,2026-10-07T09:48:10+07:00,Same B18-A002/BL001; MD-S050-R0005 decision package.
MD-REL-1542,E-MD-B18-A002-106,D-MD-B18-A002-008,RELATED,Precedent: the analogous AS_KNOWN read-model identity was settled by owner decision.,,2026-10-07T09:48:10+07:00,Same B18-A002/BL001; MD-S050-R0005 decision package.
MD-REL-1543,E-MD-B18-A002-106,D-MD-B18-A002-014,RELATED,Q4 = A defines the content identity of the reason registry reused by alternative A.,,2026-10-07T09:48:10+07:00,Same B18-A002/BL001; MD-S050-R0005 decision package.
MD-REL-1544,E-MD-B18-A002-106,D-MD-B18-A002-016,RELATED,Alternative A invalidates the exact-build approval of candidate-v4 for a world built after the change.,,2026-10-07T09:48:10+07:00,Same B18-A002/BL001; MD-S050-R0005 decision package.
MD-REL-1545,E-MD-B18-A002-106,E-MD-B18-A002-105,RELATED,The R0025 basis that alternative A would require to be re-derived.,,2026-10-07T09:48:10+07:00,Same B18-A002/BL001; MD-S050-R0005 decision package.
MD-REL-1546,E-MD-B18-A002-106,CI-MD-B18-A002-001,RELATED,Same impact declaration records the package.,,2026-10-07T09:48:10+07:00,Same B18-A002/BL001; MD-S050-R0005 decision package.
MD-REL-1547,E-MD-B18-A002-106,MD-B18-A002-BL001,RELATED,Same B18 baseline; no new attempt.,,2026-10-07T09:48:10+07:00,Same B18-A002/BL001; MD-S050-R0005 decision package.
MD-REL-1548,F-MD-B18-A002-034,E-MD-B18-A002-106,RELATED,Raised by the decision package.,,2026-10-07T09:48:10+07:00,Same B18-A002/BL001; MD-S050-R0005 decision package.
MD-REL-1549,F-MD-B18-A002-034,E-MD-B04-A002-001,RELATED,The closed-stage binding the finding questions.,,2026-10-07T09:48:10+07:00,Same B18-A002/BL001; MD-S050-R0005 decision package.
MD-REL-1550,F-MD-B18-A002-034,F-MD-B18-A002-017,RELATED,Root cause of its MD-S050-R0005 basis.,,2026-10-07T09:48:10+07:00,Same B18-A002/BL001; MD-S050-R0005 decision package.
MD-REL-1551,F-MD-B18-A002-017,E-MD-B18-A002-106,RELATED,The finding records the decision package.,,2026-10-07T09:48:10+07:00,Same B18-A002/BL001; MD-S050-R0005 decision package.
MD-REL-1552,CI-MD-B18-A002-001,E-MD-B18-A002-106,RELATED,Impact declaration identifies the package.,,2026-10-07T09:48:10+07:00,Same B18-A002/BL001; MD-S050-R0005 decision package.
MD-REL-1553,CI-MD-B18-A002-001,F-MD-B18-A002-034,RELATED,Impact declaration identifies the finding.,,2026-10-07T09:48:10+07:00,Same B18-A002/BL001; MD-S050-R0005 decision package.
MD-REL-1554,D-MD-B18-A002-018,E-MD-B18-A002-106,DEPENDS_ON,Answers owner decision Q9 of that package.,D-MD-B18-A002-018,2026-10-07T10:03:34+07:00,Same B18-A002/BL001; Q9 A1 and impact classification.
MD-REL-1555,D-MD-B18-A002-018,F-MD-B18-A002-034,RELATED,Decides the remediation route of the finding.,D-MD-B18-A002-018,2026-10-07T10:03:34+07:00,Same B18-A002/BL001; Q9 A1 and impact classification.
MD-REL-1556,D-MD-B18-A002-018,F-MD-B18-A002-017,RELATED,"Decides the identity model for MD-S050-R0005, the last basis the finding owns.",D-MD-B18-A002-018,2026-10-07T10:03:34+07:00,Same B18-A002/BL001; Q9 A1 and impact classification.
MD-REL-1557,D-MD-B18-A002-018,D-MD-B18-A002-014,DEPENDS_ON,Q4 = A semantic-content identity reused for the snapshot member.,D-MD-B18-A002-018,2026-10-07T10:03:34+07:00,Same B18-A002/BL001; Q9 A1 and impact classification.
MD-REL-1558,D-MD-B18-A002-018,D-MD-B18-A002-016,RELATED,The candidate-v4 approval does not carry over to the new build or configuration semantics.,D-MD-B18-A002-018,2026-10-07T10:03:34+07:00,Same B18-A002/BL001; Q9 A1 and impact classification.
MD-REL-1559,D-MD-B18-A002-018,D-MD-B18-A002-008,RELATED,Precedent for an owner-decided AS_KNOWN identity.,D-MD-B18-A002-018,2026-10-07T10:03:34+07:00,Same B18-A002/BL001; Q9 A1 and impact classification.
MD-REL-1560,D-MD-B18-A002-018,E-MD-B04-A002-001,RELATED,The MD-B04 closure proof the successor remediation corrects for MD-S082-R0036/R0044.,D-MD-B18-A002-018,2026-10-07T10:03:34+07:00,Same B18-A002/BL001; Q9 A1 and impact classification.
MD-REL-1561,D-MD-B18-A002-018,CI-MD-B18-A002-001,RELATED,Same impact declaration records the decision.,D-MD-B18-A002-018,2026-10-07T10:03:34+07:00,Same B18-A002/BL001; Q9 A1 and impact classification.
MD-REL-1562,E-MD-B18-A002-107,D-MD-B18-A002-018,DEPENDS_ON,The impact classification the decision requires before any mutation.,D-MD-B18-A002-018,2026-10-07T10:03:34+07:00,Same B18-A002/BL001; Q9 A1 and impact classification.
MD-REL-1563,E-MD-B18-A002-107,E-MD-B18-A002-106,DEPENDS_ON,The decision package it follows.,D-MD-B18-A002-018,2026-10-07T10:03:34+07:00,Same B18-A002/BL001; Q9 A1 and impact classification.
MD-REL-1564,E-MD-B18-A002-107,F-MD-B18-A002-034,RELATED,Classifies the MD-B04 rows of the finding.,D-MD-B18-A002-018,2026-10-07T10:03:34+07:00,Same B18-A002/BL001; Q9 A1 and impact classification.
MD-REL-1565,E-MD-B18-A002-107,E-MD-B04-A002-001,RELATED,MD-B04 rows to remediate and revalidate.,D-MD-B18-A002-018,2026-10-07T10:03:34+07:00,Same B18-A002/BL001; Q9 A1 and impact classification.
MD-REL-1566,E-MD-B18-A002-107,SC-MD-B04-A002-001,RELATED,The MD-B04 closure a successor attempt corrects; not reopened here.,D-MD-B18-A002-018,2026-10-07T10:03:34+07:00,Same B18-A002/BL001; Q9 A1 and impact classification.
MD-REL-1567,E-MD-B18-A002-107,E-MD-B18-A002-105,RELATED,"R0025 basis classified B: historically valid, successor required at the first implementation mutation.",D-MD-B18-A002-018,2026-10-07T10:03:34+07:00,Same B18-A002/BL001; Q9 A1 and impact classification.
MD-REL-1568,E-MD-B18-A002-107,E-MD-B18-A002-101,RELATED,Admission chain retained as historical evidence.,D-MD-B18-A002-018,2026-10-07T10:03:34+07:00,Same B18-A002/BL001; Q9 A1 and impact classification.
MD-REL-1569,E-MD-B18-A002-107,E-MD-B18-A002-099,RELATED,Candidate-v4 valid only for its frozen build.,D-MD-B18-A002-018,2026-10-07T10:03:34+07:00,Same B18-A002/BL001; Q9 A1 and impact classification.
MD-REL-1570,E-MD-B18-A002-107,D-MD-B18-A002-016,RELATED,Exact-build approval that does not carry over.,D-MD-B18-A002-018,2026-10-07T10:03:34+07:00,Same B18-A002/BL001; Q9 A1 and impact classification.
MD-REL-1571,E-MD-B18-A002-107,F-MD-B18-A002-017,RELATED,B18 rows of the finding classified.,D-MD-B18-A002-018,2026-10-07T10:03:34+07:00,Same B18-A002/BL001; Q9 A1 and impact classification.
MD-REL-1572,E-MD-B18-A002-107,CI-MD-B18-A002-001,RELATED,Same impact declaration records the classification.,D-MD-B18-A002-018,2026-10-07T10:03:34+07:00,Same B18-A002/BL001; Q9 A1 and impact classification.
MD-REL-1573,E-MD-B18-A002-107,MD-B18-A002-BL001,RELATED,Same B18 baseline; no new attempt.,D-MD-B18-A002-018,2026-10-07T10:03:34+07:00,Same B18-A002/BL001; Q9 A1 and impact classification.
MD-REL-1574,E-MD-B18-A002-106,D-MD-B18-A002-018,RELATED,The owner answer to its Q9.,D-MD-B18-A002-018,2026-10-07T10:03:34+07:00,Same B18-A002/BL001; Q9 A1 and impact classification.
MD-REL-1575,F-MD-B18-A002-034,D-MD-B18-A002-018,RELATED,The decided route.,D-MD-B18-A002-018,2026-10-07T10:03:34+07:00,Same B18-A002/BL001; Q9 A1 and impact classification.
MD-REL-1576,F-MD-B18-A002-034,E-MD-B18-A002-107,RELATED,The impact classification.,D-MD-B18-A002-018,2026-10-07T10:03:34+07:00,Same B18-A002/BL001; Q9 A1 and impact classification.
MD-REL-1577,F-MD-B18-A002-017,D-MD-B18-A002-018,RELATED,The finding records the decision.,D-MD-B18-A002-018,2026-10-07T10:03:34+07:00,Same B18-A002/BL001; Q9 A1 and impact classification.
MD-REL-1578,CI-MD-B18-A002-001,D-MD-B18-A002-018,RELATED,Impact declaration identifies the decision.,D-MD-B18-A002-018,2026-10-07T10:03:34+07:00,Same B18-A002/BL001; Q9 A1 and impact classification.
MD-REL-1579,CI-MD-B18-A002-001,E-MD-B18-A002-107,RELATED,Impact declaration identifies the classification.,D-MD-B18-A002-018,2026-10-07T10:03:34+07:00,Same B18-A002/BL001; Q9 A1 and impact classification.
MD-REL-1580,MD-B04-A003-BL001,MD-B04-A002-BL001,CARRIED_FROM,Successor B04 attempt carries the prior baseline lineage without inheriting a claim for the two demoted predicates.,MD-DEP-0023,2026-10-07T10:17:55+07:00,MD-B04-A003 entry; blocked return MD-B18-A002 via MD-DEP-0023.
MD-REL-1581,MD-B04-A003-BL001,F-MD-B18-A002-034,RELATED,Entry baseline responds to the implementation non-conformance.,MD-DEP-0023,2026-10-07T10:17:55+07:00,MD-B04-A003 entry; blocked return MD-B18-A002 via MD-DEP-0023.
MD-REL-1582,MD-B04-A003-BL001,D-MD-B18-A002-018,RELATED,The owner decision (Q9 = A1) that defines the remediation.,MD-DEP-0023,2026-10-07T10:17:55+07:00,MD-B04-A003 entry; blocked return MD-B18-A002 via MD-DEP-0023.
MD-REL-1583,MD-B04-A003-BL001,E-MD-B18-A002-107,RELATED,Entry starts from the cross-stage impact classification.,MD-DEP-0023,2026-10-07T10:17:55+07:00,MD-B04-A003 entry; blocked return MD-B18-A002 via MD-DEP-0023.
MD-REL-1584,CI-MD-B04-A003-001,MD-B04-A003-BL001,RELATED,Change impact declaration is bound to its immutable A003 baseline.,MD-DEP-0023,2026-10-07T10:17:55+07:00,MD-B04-A003 entry; blocked return MD-B18-A002 via MD-DEP-0023.
MD-REL-1585,CI-MD-B04-A003-001,F-MD-B18-A002-034,RELATED,A003 impact scope is the finding implementation remediation.,MD-DEP-0023,2026-10-07T10:17:55+07:00,MD-B04-A003 entry; blocked return MD-B18-A002 via MD-DEP-0023.
MD-REL-1586,CI-MD-B04-A003-001,D-MD-B18-A002-018,RELATED,Owner decision Q9 = A1.,MD-DEP-0023,2026-10-07T10:17:55+07:00,MD-B04-A003 entry; blocked return MD-B18-A002 via MD-DEP-0023.
MD-REL-1587,CI-MD-B04-A003-001,D-MD-B18-A002-014,RELATED,Q4 = A defines the semantic derivation of the identity.,MD-DEP-0023,2026-10-07T10:17:55+07:00,MD-B04-A003 entry; blocked return MD-B18-A002 via MD-DEP-0023.
MD-REL-1588,CI-MD-B04-A003-001,E-MD-B18-A002-107,RELATED,A003 starts from that impact classification.,MD-DEP-0023,2026-10-07T10:17:55+07:00,MD-B04-A003 entry; blocked return MD-B18-A002 via MD-DEP-0023.
MD-REL-1589,CI-MD-B04-A003-001,E-MD-B18-A002-106,RELATED,Decision package for Q9.,MD-DEP-0023,2026-10-07T10:17:55+07:00,MD-B04-A003 entry; blocked return MD-B18-A002 via MD-DEP-0023.
MD-REL-1590,CI-MD-B04-A003-001,SC-MD-B04-A002-001,CARRIED_FROM,A002 closure remains immutable and historically scoped.,MD-DEP-0023,2026-10-07T10:17:55+07:00,MD-B04-A003 entry; blocked return MD-B18-A002 via MD-DEP-0023.
MD-REL-1591,CI-MD-B04-A003-001,E-MD-B04-A002-001,RELATED,Prior proof of the two demoted predicates; kept audit-only.,MD-DEP-0023,2026-10-07T10:17:55+07:00,MD-B04-A003 entry; blocked return MD-B18-A002 via MD-DEP-0023.
MD-REL-1592,CI-MD-B04-A003-001,E-MD-B04-A003-001,RELATED,Scope evidence issued at entry.,MD-DEP-0023,2026-10-07T10:17:55+07:00,MD-B04-A003 entry; blocked return MD-B18-A002 via MD-DEP-0023.
MD-REL-1593,E-MD-B04-A003-001,CI-MD-B04-A003-001,RELATED,Scope evidence of the A003 impact declaration.,MD-DEP-0023,2026-10-07T10:17:55+07:00,MD-B04-A003 entry; blocked return MD-B18-A002 via MD-DEP-0023.
MD-REL-1594,E-MD-B04-A003-001,MD-B04-A003-BL001,RELATED,Retains the immutable entry baseline.,MD-DEP-0023,2026-10-07T10:17:55+07:00,MD-B04-A003 entry; blocked return MD-B18-A002 via MD-DEP-0023.
MD-REL-1595,E-MD-B04-A003-001,E-MD-B18-A002-107,DERIVED_FROM,Reviews the denominator the impact classification named.,MD-DEP-0023,2026-10-07T10:17:55+07:00,MD-B04-A003 entry; blocked return MD-B18-A002 via MD-DEP-0023.
MD-REL-1596,E-MD-B04-A003-001,E-MD-B04-A002-001,RELATED,Prior binding of all 114 predicates.,MD-DEP-0023,2026-10-07T10:17:55+07:00,MD-B04-A003 entry; blocked return MD-B18-A002 via MD-DEP-0023.
MD-REL-1597,E-MD-B04-A003-001,SC-MD-B04-A002-001,RELATED,Historical closure retained.,MD-DEP-0023,2026-10-07T10:17:55+07:00,MD-B04-A003 entry; blocked return MD-B18-A002 via MD-DEP-0023.
MD-REL-1598,E-MD-B04-A003-001,F-MD-B18-A002-034,RELATED,Remediation scope of the finding.,MD-DEP-0023,2026-10-07T10:17:55+07:00,MD-B04-A003 entry; blocked return MD-B18-A002 via MD-DEP-0023.
MD-REL-1599,E-MD-B04-A003-001,D-MD-B18-A002-018,RELATED,Owner decision Q9 = A1.,MD-DEP-0023,2026-10-07T10:17:55+07:00,MD-B04-A003 entry; blocked return MD-B18-A002 via MD-DEP-0023.
MD-REL-1600,F-MD-B18-A002-034,E-MD-B04-A003-001,RELATED,Remediation scope recorded.,MD-DEP-0023,2026-10-07T10:17:55+07:00,MD-B04-A003 entry; blocked return MD-B18-A002 via MD-DEP-0023.
MD-REL-1601,F-MD-B18-A002-034,CI-MD-B04-A003-001,RELATED,Remediation declaration.,MD-DEP-0023,2026-10-07T10:17:55+07:00,MD-B04-A003 entry; blocked return MD-B18-A002 via MD-DEP-0023.
MD-REL-1602,D-MD-B18-A002-018,CI-MD-B04-A003-001,RELATED,Declaration that implements the decision.,MD-DEP-0023,2026-10-07T10:17:55+07:00,MD-B04-A003 entry; blocked return MD-B18-A002 via MD-DEP-0023.
MD-REL-1603,E-MD-B18-A002-107,E-MD-B04-A003-001,RELATED,Scope evidence of the classified B04 impact.,MD-DEP-0023,2026-10-07T10:17:55+07:00,MD-B04-A003 entry; blocked return MD-B18-A002 via MD-DEP-0023.
MD-REL-1604,CI-MD-B18-A002-001,CI-MD-B04-A003-001,RELATED,Active remediation declaration of the dependency.,MD-DEP-0023,2026-10-07T10:17:55+07:00,MD-B04-A003 entry; blocked return MD-B18-A002 via MD-DEP-0023.
MD-REL-1605,CI-MD-B18-A002-001,E-MD-B04-A003-001,RELATED,Entry scope evidence of the dependency.,MD-DEP-0023,2026-10-07T10:17:55+07:00,MD-B04-A003 entry; blocked return MD-B18-A002 via MD-DEP-0023.
MD-REL-1606,E-MD-B04-A003-001,E-MD-B18-A002-106,CARRIED_FROM,Q9 decision package that the owner decision and this scope review build on.,MD-DEP-0023,2026-10-07T10:19:30+07:00,MD-B04-A003 entry; blocked return MD-B18-A002 via MD-DEP-0023.
MD-REL-1607,E-MD-B04-A003-001,D-MD-B18-A002-014,DEPENDS_ON,Q4 = A defines the semantic derivation of the identity the scope review assumes.,MD-DEP-0023,2026-10-07T10:19:30+07:00,MD-B04-A003 entry; blocked return MD-B18-A002 via MD-DEP-0023.
MD-REL-1608,E-MD-B18-A002-108,E-MD-B18-A002-105,SUPERSEDES,Withdraws the current PROVEN conclusion of the R0025 basis only; the execution and review results of E105 stay as history.,MD-DEP-0023,2026-10-07T10:21:13+07:00,R0025 basis transition at MD-B04-A003; return MD-B18-A002 via MD-DEP-0023.
MD-REL-1609,E-MD-B18-A002-108,E-MD-B18-A002-107,DERIVED_FROM,Applies the R0025 = B classification (basis INCOMPLETE at the first implementation mutation).,MD-DEP-0023,2026-10-07T10:21:13+07:00,R0025 basis transition at MD-B04-A003; return MD-B18-A002 via MD-DEP-0023.
MD-REL-1610,E-MD-B18-A002-108,E-MD-B18-A002-101,RELATED,Admission chain preserved as history.,MD-DEP-0023,2026-10-07T10:21:13+07:00,R0025 basis transition at MD-B04-A003; return MD-B18-A002 via MD-DEP-0023.
MD-REL-1611,E-MD-B18-A002-108,E-MD-B18-A002-100,RELATED,Independent review of candidate-v4 preserved as history.,MD-DEP-0023,2026-10-07T10:21:13+07:00,R0025 basis transition at MD-B04-A003; return MD-B18-A002 via MD-DEP-0023.
MD-REL-1612,E-MD-B18-A002-108,D-MD-B18-A002-018,DEPENDS_ON,Owner decision whose implementation changes the build.,MD-DEP-0023,2026-10-07T10:21:13+07:00,R0025 basis transition at MD-B04-A003; return MD-B18-A002 via MD-DEP-0023.
MD-REL-1613,E-MD-B18-A002-108,D-MD-B18-A002-016,RELATED,Owner approval of candidate-v4 preserved as history.,MD-DEP-0023,2026-10-07T10:21:13+07:00,R0025 basis transition at MD-B04-A003; return MD-B18-A002 via MD-DEP-0023.
MD-REL-1614,E-MD-B18-A002-108,E-MD-B04-A003-001,RELATED,Entry scope evidence of the attempt whose mutation triggers the transition.,MD-DEP-0023,2026-10-07T10:21:13+07:00,R0025 basis transition at MD-B04-A003; return MD-B18-A002 via MD-DEP-0023.
MD-REL-1615,E-MD-B18-A002-108,CI-MD-B04-A003-001,RELATED,The declaration of the transition.,MD-DEP-0023,2026-10-07T10:21:13+07:00,R0025 basis transition at MD-B04-A003; return MD-B18-A002 via MD-DEP-0023.
MD-REL-1616,E-MD-B18-A002-108,F-MD-B18-A002-034,RELATED,Finding whose remediation changes the build.,MD-DEP-0023,2026-10-07T10:21:13+07:00,R0025 basis transition at MD-B04-A003; return MD-B18-A002 via MD-DEP-0023.
MD-REL-1617,E-MD-B18-A002-108,F-MD-B18-A002-017,RELATED,Owner of the R0025 proof basis.,MD-DEP-0023,2026-10-07T10:21:13+07:00,R0025 basis transition at MD-B04-A003; return MD-B18-A002 via MD-DEP-0023.
MD-REL-1618,CI-MD-B04-A003-001,E-MD-B18-A002-108,RELATED,Declared R0025 transition evidence.,MD-DEP-0023,2026-10-07T10:21:13+07:00,R0025 basis transition at MD-B04-A003; return MD-B18-A002 via MD-DEP-0023.
MD-REL-1619,CI-MD-B18-A002-001,E-MD-B18-A002-108,RELATED,B18 impact declaration lists the basis transition.,MD-DEP-0023,2026-10-07T10:21:13+07:00,R0025 basis transition at MD-B04-A003; return MD-B18-A002 via MD-DEP-0023.
MD-REL-1620,E-MD-B04-A003-002,E-MD-B04-A003-001,DERIVED_FROM,Proves the two predicates the scope evidence reopened.,MD-DEP-0023,2026-10-07T16:10:38+07:00,MD-B04-A003 proof; return MD-B18-A002 via MD-DEP-0023.
MD-REL-1621,E-MD-B04-A003-002,CI-MD-B04-A003-001,RELATED,Proof under the A003 impact declaration.,MD-DEP-0023,2026-10-07T16:10:38+07:00,MD-B04-A003 proof; return MD-B18-A002 via MD-DEP-0023.
MD-REL-1622,E-MD-B04-A003-002,MD-B04-A003-BL001,RELATED,Retains the immutable entry baseline.,MD-DEP-0023,2026-10-07T16:10:38+07:00,MD-B04-A003 proof; return MD-B18-A002 via MD-DEP-0023.
MD-REL-1623,E-MD-B04-A003-002,E-MD-B04-A002-001,RELATED,Replaces the A002 binding for MD-S082-R0036 and MD-S082-R0044 only; the A002 record stays audit-only for the other 112 rows.,MD-DEP-0023,2026-10-07T16:10:38+07:00,MD-B04-A003 proof; return MD-B18-A002 via MD-DEP-0023.
MD-REL-1624,E-MD-B04-A003-002,E-MD-B18-A002-108,RELATED,R0025 basis transition recorded before the first implementation mutation.,MD-DEP-0023,2026-10-07T16:10:38+07:00,MD-B04-A003 proof; return MD-B18-A002 via MD-DEP-0023.
MD-REL-1625,E-MD-B04-A003-002,E-MD-B18-A002-107,DERIVED_FROM,Realises the B04 remediation that classification required.,MD-DEP-0023,2026-10-07T16:10:38+07:00,MD-B04-A003 proof; return MD-B18-A002 via MD-DEP-0023.
MD-REL-1626,E-MD-B04-A003-002,F-MD-B18-A002-034,RELATED,Evidence for the B04 part of the finding remediation.,MD-DEP-0023,2026-10-07T16:10:38+07:00,MD-B04-A003 proof; return MD-B18-A002 via MD-DEP-0023.
MD-REL-1627,E-MD-B04-A003-002,D-MD-B18-A002-018,DEPENDS_ON,Owner decision Q9 = A1 defines the proved behaviour.,MD-DEP-0023,2026-10-07T16:10:38+07:00,MD-B04-A003 proof; return MD-B18-A002 via MD-DEP-0023.
MD-REL-1628,E-MD-B04-A003-002,D-MD-B18-A002-014,DEPENDS_ON,Q4 = A defines the semantic derivation.,MD-DEP-0023,2026-10-07T16:10:38+07:00,MD-B04-A003 proof; return MD-B18-A002 via MD-DEP-0023.
MD-REL-1629,F-MD-B18-A002-034,E-MD-B04-A003-002,RELATED,Proof of the B04 part recorded.,MD-DEP-0023,2026-10-07T16:10:38+07:00,MD-B04-A003 proof; return MD-B18-A002 via MD-DEP-0023.
MD-REL-1630,CI-MD-B04-A003-001,E-MD-B04-A003-002,RELATED,Proof record of the declaration.,MD-DEP-0023,2026-10-07T16:10:38+07:00,MD-B04-A003 proof; return MD-B18-A002 via MD-DEP-0023.
MD-REL-1631,E-MD-B04-A003-001,E-MD-B04-A003-002,RELATED,Proof of the scope the entry review reopened.,MD-DEP-0023,2026-10-07T16:10:38+07:00,MD-B04-A003 proof; return MD-B18-A002 via MD-DEP-0023.
MD-REL-1632,E-MD-B04-A003-003,MD-B04-A003-BL001,RELATED,Retains the immutable entry baseline.,MD-DEP-0023,2026-10-07T16:37:11+07:00,MD-B04-A003 promotion and closure; return MD-B18-A002.
MD-REL-1633,E-MD-B04-A003-003,CI-MD-B04-A003-001,RELATED,Promotion and closure of the declared remediation.,MD-DEP-0023,2026-10-07T16:37:11+07:00,MD-B04-A003 promotion and closure; return MD-B18-A002.
MD-REL-1634,E-MD-B04-A003-003,E-MD-B04-A003-002,DEPENDS_ON,Promotes exactly the predicates this proof covers.,MD-DEP-0023,2026-10-07T16:37:11+07:00,MD-B04-A003 promotion and closure; return MD-B18-A002.
MD-REL-1635,E-MD-B04-A003-003,E-MD-B04-A003-001,DEPENDS_ON,Promotion is measured against the entry scope.,MD-DEP-0023,2026-10-07T16:37:11+07:00,MD-B04-A003 promotion and closure; return MD-B18-A002.
MD-REL-1636,E-MD-B04-A003-003,E-MD-B18-A002-108,RELATED,R0025 basis transition preceding the first mutation.,MD-DEP-0023,2026-10-07T16:37:11+07:00,MD-B04-A003 promotion and closure; return MD-B18-A002.
MD-REL-1637,E-MD-B04-A003-003,E-MD-B18-A002-107,RELATED,B10 NO_IMPACT classification confirmed by re-execution.,MD-DEP-0023,2026-10-07T16:37:11+07:00,MD-B04-A003 promotion and closure; return MD-B18-A002.
MD-REL-1638,E-MD-B04-A003-003,E-MD-B04-A002-001,CARRIED_FROM,Binding of 112 rows retained.,MD-DEP-0023,2026-10-07T16:37:11+07:00,MD-B04-A003 promotion and closure; return MD-B18-A002.
MD-REL-1639,E-MD-B04-A003-003,SC-MD-B04-A002-001,RELATED,Historical closure retained.,MD-DEP-0023,2026-10-07T16:37:11+07:00,MD-B04-A003 promotion and closure; return MD-B18-A002.
MD-REL-1640,E-MD-B04-A003-003,F-MD-B18-A002-034,RELATED,B04 part of the finding remediated.,MD-DEP-0023,2026-10-07T16:37:11+07:00,MD-B04-A003 promotion and closure; return MD-B18-A002.
MD-REL-1641,E-MD-B04-A003-003,D-MD-B18-A002-018,RELATED,Owner decision Q9 = A1.,MD-DEP-0023,2026-10-07T16:37:11+07:00,MD-B04-A003 promotion and closure; return MD-B18-A002.
MD-REL-1642,E-MD-B04-A003-003,D-MD-B18-A002-014,RELATED,Q4 = A semantic derivation.,MD-DEP-0023,2026-10-07T16:37:11+07:00,MD-B04-A003 promotion and closure; return MD-B18-A002.
MD-REL-1643,SC-MD-B04-A003-001,E-MD-B04-A003-003,DEPENDS_ON,Closure rests on the promotion evidence.,MD-DEP-0023,2026-10-07T16:37:11+07:00,MD-B04-A003 promotion and closure; return MD-B18-A002.
MD-REL-1644,SC-MD-B04-A003-001,E-MD-B04-A003-002,DEPENDS_ON,Closure rests on the executed proof.,MD-DEP-0023,2026-10-07T16:37:11+07:00,MD-B04-A003 promotion and closure; return MD-B18-A002.
MD-REL-1645,SC-MD-B04-A003-001,E-MD-B04-A003-001,DEPENDS_ON,Closure is measured against the entry scope.,MD-DEP-0023,2026-10-07T16:37:11+07:00,MD-B04-A003 promotion and closure; return MD-B18-A002.
MD-REL-1646,SC-MD-B04-A003-001,E-MD-B04-A002-001,CARRIED_FROM,The 112 retained rows keep this binding.,MD-DEP-0023,2026-10-07T16:37:11+07:00,MD-B04-A003 promotion and closure; return MD-B18-A002.
MD-REL-1647,SC-MD-B04-A003-001,SC-MD-B04-A002-001,RELATED,Successor closure of the same stage; the predecessor stays immutable.,MD-DEP-0023,2026-10-07T16:37:11+07:00,MD-B04-A003 promotion and closure; return MD-B18-A002.
MD-REL-1648,SC-MD-B04-A003-001,CI-MD-B04-A003-001,RELATED,Closure under the impact declaration.,MD-DEP-0023,2026-10-07T16:37:11+07:00,MD-B04-A003 promotion and closure; return MD-B18-A002.
MD-REL-1649,SC-MD-B04-A003-001,MD-B04-A003-BL001,DEPENDS_ON,Closure is measured against the entry baseline.,MD-DEP-0023,2026-10-07T16:37:11+07:00,MD-B04-A003 promotion and closure; return MD-B18-A002.
MD-REL-1650,F-MD-B18-A002-034,E-MD-B04-A003-003,RELATED,B04 part resolved.,MD-DEP-0023,2026-10-07T16:37:11+07:00,MD-B04-A003 promotion and closure; return MD-B18-A002.
MD-REL-1651,F-MD-B18-A002-034,SC-MD-B04-A003-001,RELATED,B04 closure under the owner decision.,MD-DEP-0023,2026-10-07T16:37:11+07:00,MD-B04-A003 promotion and closure; return MD-B18-A002.
MD-REL-1652,CI-MD-B04-A003-001,E-MD-B04-A003-003,RELATED,Promotion evidence of the declaration.,MD-DEP-0023,2026-10-07T16:37:11+07:00,MD-B04-A003 promotion and closure; return MD-B18-A002.
MD-REL-1653,CI-MD-B04-A003-001,SC-MD-B04-A003-001,RELATED,Closure of the declaration.,MD-DEP-0023,2026-10-07T16:37:11+07:00,MD-B04-A003 promotion and closure; return MD-B18-A002.
MD-REL-1654,E-MD-B18-A002-109,D-MD-B18-A002-018,DEPENDS_ON,The verdict applies the owner decision to the live-configuration guard.,MD-DEP-0023,2026-10-07T17:50:53+07:00,MD-B18-A002 reason-registry as-known binding.
MD-REL-1655,E-MD-B18-A002-109,D-MD-B18-A002-014,DEPENDS_ON,Semantic derivation of the identity.,MD-DEP-0023,2026-10-07T17:50:53+07:00,MD-B18-A002 reason-registry as-known binding.
MD-REL-1656,E-MD-B18-A002-109,E-MD-B04-A003-003,DEPENDS_ON,The closure whose consequence is examined.,MD-DEP-0023,2026-10-07T17:50:53+07:00,MD-B18-A002 reason-registry as-known binding.
MD-REL-1657,E-MD-B18-A002-109,E-MD-B18-A002-108,RELATED,R0025 basis transition caused by the same build change.,MD-DEP-0023,2026-10-07T17:50:53+07:00,MD-B18-A002 reason-registry as-known binding.
MD-REL-1658,E-MD-B18-A002-109,E-MD-B18-A002-107,RELATED,Impact classification that named the four rechecked bases.,MD-DEP-0023,2026-10-07T17:50:53+07:00,MD-B18-A002 reason-registry as-known binding.
MD-REL-1659,E-MD-B18-A002-109,E-MD-B18-A002-071,RELATED,Gap B2 marker whose cause is now removed.,MD-DEP-0023,2026-10-07T17:50:53+07:00,MD-B18-A002 reason-registry as-known binding.
MD-REL-1660,E-MD-B18-A002-109,E-MD-B18-A002-070,RELATED,Reopening of R0014 and R0071.,MD-DEP-0023,2026-10-07T17:50:53+07:00,MD-B18-A002 reason-registry as-known binding.
MD-REL-1661,E-MD-B18-A002-109,F-MD-B18-A002-034,RELATED,Finding resolved with the proof.,MD-DEP-0023,2026-10-07T17:50:53+07:00,MD-B18-A002 reason-registry as-known binding.
MD-REL-1662,E-MD-B18-A002-109,F-MD-B18-A002-013,RELATED,Finding resolved with the proof.,MD-DEP-0023,2026-10-07T17:50:53+07:00,MD-B18-A002 reason-registry as-known binding.
MD-REL-1663,E-MD-B18-A002-109,F-MD-B18-A002-017,RELATED,Owner of the R0005 basis.,MD-DEP-0023,2026-10-07T17:50:53+07:00,MD-B18-A002 reason-registry as-known binding.
MD-REL-1664,E-MD-B18-A002-110,E-MD-B18-A002-109,DEPENDS_ON,Proof rests on the authority verdict.,MD-DEP-0023,2026-10-07T17:50:53+07:00,MD-B18-A002 reason-registry as-known binding.
MD-REL-1665,E-MD-B18-A002-110,E-MD-B18-A002-108,RELATED,R0025 stays INCOMPLETE.,MD-DEP-0023,2026-10-07T17:50:53+07:00,MD-B18-A002 reason-registry as-known binding.
MD-REL-1666,E-MD-B18-A002-110,E-MD-B18-A002-107,DERIVED_FROM,Executes the B18 part of the classification and the four rechecks.,MD-DEP-0023,2026-10-07T17:50:53+07:00,MD-B18-A002 reason-registry as-known binding.
MD-REL-1667,E-MD-B18-A002-110,E-MD-B04-A003-003,DEPENDS_ON,The member is produced by the closed B04 remediation.,MD-DEP-0023,2026-10-07T17:50:53+07:00,MD-B18-A002 reason-registry as-known binding.
MD-REL-1668,E-MD-B18-A002-110,E-MD-B18-A002-071,RELATED,Replaces the Gap B2 unavailable-marker state for snapshots that carry the member; E071 stays immutable history.,MD-DEP-0023,2026-10-07T17:50:53+07:00,MD-B18-A002 reason-registry as-known binding.
MD-REL-1669,E-MD-B18-A002-110,E-MD-B18-A002-070,RELATED,Resolves the reopening of R0014 and R0071.,MD-DEP-0023,2026-10-07T17:50:53+07:00,MD-B18-A002 reason-registry as-known binding.
MD-REL-1670,E-MD-B18-A002-110,F-MD-B18-A002-034,RELATED,Resolves the finding.,MD-DEP-0023,2026-10-07T17:50:53+07:00,MD-B18-A002 reason-registry as-known binding.
MD-REL-1671,E-MD-B18-A002-110,F-MD-B18-A002-013,RELATED,Resolves the finding.,MD-DEP-0023,2026-10-07T17:50:53+07:00,MD-B18-A002 reason-registry as-known binding.
MD-REL-1672,E-MD-B18-A002-110,F-MD-B18-A002-017,RELATED,Owner of the R0005 basis.,MD-DEP-0023,2026-10-07T17:50:53+07:00,MD-B18-A002 reason-registry as-known binding.
MD-REL-1673,E-MD-B18-A002-110,D-MD-B18-A002-018,DEPENDS_ON,Owner decision Q9 = A1.,MD-DEP-0023,2026-10-07T17:50:53+07:00,MD-B18-A002 reason-registry as-known binding.
MD-REL-1674,E-MD-B18-A002-110,D-MD-B18-A002-014,DEPENDS_ON,Semantic derivation of the identity.,MD-DEP-0023,2026-10-07T17:50:53+07:00,MD-B18-A002 reason-registry as-known binding.
MD-REL-1675,F-MD-B18-A002-034,E-MD-B18-A002-110,RELATED,Resolved by the proof.,MD-DEP-0023,2026-10-07T17:50:53+07:00,MD-B18-A002 reason-registry as-known binding.
MD-REL-1676,F-MD-B18-A002-013,E-MD-B18-A002-110,RELATED,Resolved by the proof.,MD-DEP-0023,2026-10-07T17:50:53+07:00,MD-B18-A002 reason-registry as-known binding.
MD-REL-1677,CI-MD-B18-A002-001,E-MD-B18-A002-109,RELATED,Verdict recorded under the impact declaration.,MD-DEP-0023,2026-10-07T17:50:53+07:00,MD-B18-A002 reason-registry as-known binding.
MD-REL-1678,CI-MD-B18-A002-001,E-MD-B18-A002-110,RELATED,Proof recorded under the impact declaration.,MD-DEP-0023,2026-10-07T17:50:53+07:00,MD-B18-A002 reason-registry as-known binding.
MD-REL-1679,E-MD-B18-A002-111,F-MD-B18-A002-018,RELATED,Reconstruction of the finding.,MD-DEP-0023,2026-10-07T19:08:35+07:00,MD-B18-A002 F-018 completion.
MD-REL-1680,E-MD-B18-A002-111,F-MD-B18-A002-013,RELATED,Carry-forwards MD-S041-R0032 and MD-S055-R0025.,MD-DEP-0023,2026-10-07T19:08:35+07:00,MD-B18-A002 F-018 completion.
MD-REL-1681,E-MD-B18-A002-111,E-MD-B18-A002-110,DEPENDS_ON,Starts from the 103/113 state.,MD-DEP-0023,2026-10-07T19:08:35+07:00,MD-B18-A002 F-018 completion.
MD-REL-1682,E-MD-B18-A002-111,E-MD-B18-A002-112,RELATED,Classification realised by the proof.,MD-DEP-0023,2026-10-07T19:08:35+07:00,MD-B18-A002 F-018 completion.
MD-REL-1683,E-MD-B18-A002-111,D-MD-B18-A002-018,RELATED,The decision whose binding preceded this unit.,MD-DEP-0023,2026-10-07T19:08:35+07:00,MD-B18-A002 F-018 completion.
MD-REL-1684,E-MD-B18-A002-112,E-MD-B18-A002-111,DEPENDS_ON,Proof rests on the classification.,MD-DEP-0023,2026-10-07T19:08:35+07:00,MD-B18-A002 F-018 completion.
MD-REL-1685,E-MD-B18-A002-112,E-MD-B18-A002-110,RELATED,Previous promotion; 103/113 to 112/113.,MD-DEP-0023,2026-10-07T19:08:35+07:00,MD-B18-A002 F-018 completion.
MD-REL-1686,E-MD-B18-A002-112,E-MD-B18-A002-108,RELATED,R0025 stays INCOMPLETE; build unchanged.,MD-DEP-0023,2026-10-07T19:08:35+07:00,MD-B18-A002 F-018 completion.
MD-REL-1687,E-MD-B18-A002-112,F-MD-B18-A002-018,RELATED,Resolves the finding.,MD-DEP-0023,2026-10-07T19:08:35+07:00,MD-B18-A002 F-018 completion.
MD-REL-1688,E-MD-B18-A002-112,F-MD-B18-A002-013,RELATED,Carry-forwards proven in both modes.,MD-DEP-0023,2026-10-07T19:08:35+07:00,MD-B18-A002 F-018 completion.
MD-REL-1689,E-MD-B18-A002-112,D-MD-B18-A002-018,RELATED,Decision context.,MD-DEP-0023,2026-10-07T19:08:35+07:00,MD-B18-A002 F-018 completion.
MD-REL-1690,F-MD-B18-A002-018,E-MD-B18-A002-111,RELATED,Reconstruction recorded.,MD-DEP-0023,2026-10-07T19:08:35+07:00,MD-B18-A002 F-018 completion.
MD-REL-1691,F-MD-B18-A002-018,E-MD-B18-A002-112,RELATED,Resolved by the proof.,MD-DEP-0023,2026-10-07T19:08:35+07:00,MD-B18-A002 F-018 completion.
MD-REL-1692,F-MD-B18-A002-013,E-MD-B18-A002-112,RELATED,Carry-forwards proven.,MD-DEP-0023,2026-10-07T19:08:35+07:00,MD-B18-A002 F-018 completion.
MD-REL-1693,CI-MD-B18-A002-001,E-MD-B18-A002-111,RELATED,Classification recorded under the impact declaration.,MD-DEP-0023,2026-10-07T19:08:35+07:00,MD-B18-A002 F-018 completion.
MD-REL-1694,CI-MD-B18-A002-001,E-MD-B18-A002-112,RELATED,Proof recorded under the impact declaration.,MD-DEP-0023,2026-10-07T19:08:35+07:00,MD-B18-A002 F-018 completion.
MD-REL-1695,E-MD-B18-A002-113,E-MD-B18-A002-112,DEPENDS_ON,Starts from 112/113 and the unchanged build recorded there.,MD-DEP-0023,2026-10-07T22:20:43+07:00,MD-B18-A002 candidate-v5 authoring.
MD-REL-1696,E-MD-B18-A002-113,E-MD-B18-A002-108,RELATED,Authored because candidate-v4 was invalidated for the current build.,MD-DEP-0023,2026-10-07T22:20:43+07:00,MD-B18-A002 candidate-v5 authoring.
MD-REL-1697,E-MD-B18-A002-113,E-MD-B18-A002-101,RELATED,Candidate-v4 admission; not carried over.,MD-DEP-0023,2026-10-07T22:20:43+07:00,MD-B18-A002 candidate-v5 authoring.
MD-REL-1698,E-MD-B18-A002-113,E-MD-B18-A002-100,RELATED,Candidate-v4 review; does not cover candidate-v5.,MD-DEP-0023,2026-10-07T22:20:43+07:00,MD-B18-A002 candidate-v5 authoring.
MD-REL-1699,E-MD-B18-A002-113,D-MD-B18-A002-018,RELATED,Q9 = A1 snapshot member; items 12 and 13.,MD-DEP-0023,2026-10-07T22:20:43+07:00,MD-B18-A002 candidate-v5 authoring.
MD-REL-1700,E-MD-B18-A002-113,D-MD-B18-A002-016,RELATED,Approval of candidate-v4 only.,MD-DEP-0023,2026-10-07T22:20:43+07:00,MD-B18-A002 candidate-v5 authoring.
MD-REL-1701,E-MD-B18-A002-113,F-MD-B18-A002-018,RELATED,Resolved finding whose completion made the build final.,MD-DEP-0023,2026-10-07T22:20:43+07:00,MD-B18-A002 candidate-v5 authoring.
MD-REL-1702,CI-MD-B18-A002-001,E-MD-B18-A002-113,RELATED,Authoring recorded under the impact declaration.,MD-DEP-0023,2026-10-07T22:20:43+07:00,MD-B18-A002 candidate-v5 authoring.
