record_id,record_type,stage_id,attempt_id,work_id,baseline_id,status,document_path,related_findings,related_evidence,related_decisions,related_dependencies,supersedes,issued_at,notes
MD-B00-A001-BL001,BASELINE_LOCK,MD-B00,MD-B00-A001,MD-B00-A001,MD-B00-A001-BL001,ISSUED,records/evidence/MD-B00-A001-BL001_WORK_BASELINE_LOCK.json,,E-MD-B00-A001-001;E-MD-B00-A001-002,,,,2026-08-20T10:18:07+02:00,"Immutable baseline binding for MD-B00-A001. Augmented beyond tool output to meet WORK_BASELINE_LOCK_STANDARD minimum; see F-MD-B00-A001-004."
E-MD-B00-A001-001,EVIDENCE,MD-B00,MD-B00-A001,MD-B00-A001,MD-B00-A001-BL001,ISSUED,records/evidence/E-MD-B00-A001-001_BASELINE_INVENTORY.md,F-MD-B00-A001-001;F-MD-B00-A001-002;F-MD-B00-A001-003;F-MD-B00-A001-004,E-MD-B00-A001-002,D-MD-20260820-01;D-MD-20260820-02,MD-DEP-0001;MD-DEP-0002;MD-DEP-0003,,2026-08-20T10:18:07+02:00,"Stage attempt record: inventory, classification, and MD-B01..MD-B22 mapping."
E-MD-B00-A001-002,EVIDENCE,MD-B00,MD-B00-A001,MD-B00-A001,MD-B00-A001-BL001,ISSUED,records/evidence/E-MD-B00-A001-002_GATE_AND_SUITE_PROOF.json,F-MD-B00-A001-001;F-MD-B00-A001-002;F-MD-B00-A001-003;F-MD-B00-A001-004,E-MD-B00-A001-001,,MD-DEP-0001;MD-DEP-0002;MD-DEP-0003,,2026-08-20T10:18:07+02:00,"Executed gate, negative-gate, PHPUnit, and deployed-corpus proof."
F-MD-B00-A001-001,FINDING,MD-B00,MD-B00-A001,MD-B00-A001,MD-B00-A001-BL001,ISSUED,development/findings/F-MD-B00-A001-001_DOC_PATH_REBINDING_GAP.md,,E-MD-B00-A001-001;E-MD-B00-A001-002,D-MD-20260820-01;D-MD-20260820-02,MD-DEP-0001;MD-DEP-0002;MD-DEP-0003,,2026-08-20T10:18:07+02:00,"P0. Caused by D-MD-20260820-01 and D-MD-20260820-02, which shipped without a CI-MD change impact declaration."
F-MD-B00-A001-002,FINDING,MD-B00,MD-B00-A001,MD-B00-A001,MD-B00-A001-BL001,ISSUED,development/findings/F-MD-B00-A001-002_SELF_TEST_ASSERTS_NOTHING.md,F-MD-B00-A001-001,E-MD-B00-A001-002,,,,2026-08-20T10:18:07+02:00,"P1. Self-test prints PASS without asserting. Not cited as evidence by this attempt."
F-MD-B00-A001-003,FINDING,MD-B00,MD-B00-A001,MD-B00-A001,MD-B00-A001-BL001,ISSUED,development/findings/F-MD-B00-A001-003_EXTRACT_SEAL_BOUNDARY.md,,E-MD-B00-A001-002,D-MD-20260820-02,,,2026-08-20T10:18:08+02:00,"P3. Gate seal boundary. Deferrable with risk recorded."
F-MD-B00-A001-004,FINDING,MD-B00,MD-B00-A001,MD-B00-A001,MD-B00-A001-BL001,ISSUED,development/findings/F-MD-B00-A001-004_BASELINE_LOCK_TOOL_INCOMPLETE.md,,MD-B00-A001-BL001;E-MD-B00-A001-002,,,,2026-08-20T10:18:08+02:00,"P2. Baseline lock tool omits four fields required by WORK_BASELINE_LOCK_STANDARD."
SC-MD-B00-A001-001,STAGE_CLOSURE_MANIFEST,MD-B00,MD-B00-A001,MD-B00-A001,MD-B00-A001-BL001,ISSUED,records/evidence/SC-MD-B00-A001-001_STAGE_CLOSURE_MANIFEST.md,F-MD-B00-A001-001;F-MD-B00-A001-002;F-MD-B00-A001-003;F-MD-B00-A001-004,MD-B00-A001-BL001;E-MD-B00-A001-001;E-MD-B00-A001-002,D-MD-20260820-01;D-MD-20260820-02,MD-DEP-0001;MD-DEP-0002;MD-DEP-0003,,2026-08-20T10:18:08+02:00,"Terminal closure manifest for MD-B00-A001. Verdict DONE for the baseline record only; grants no inherited PASS."
MD-B01-A001-BL001,BASELINE_LOCK,MD-B01,MD-B01-A001,MD-B01-A001,MD-B01-A001-BL001,ISSUED,records/evidence/MD-B01-A001-BL001_WORK_BASELINE_LOCK.json,,E-MD-B01-A001-001,,,,2026-08-20T11:31:56+02:00,"Immutable baseline binding for MD-B01-A001. Working tree DIRTY at lock time: MD-B00-A001 records issued but not committed."
E-MD-B01-A001-001,EVIDENCE,MD-B01,MD-B01-A001,MD-B01-A001,MD-B01-A001-BL001,ISSUED,records/evidence/E-MD-B01-A001-001_SCOPE_BOUNDARY_REVALIDATION.json,F-MD-B01-A001-001,MD-B01-A001-BL001,,,,2026-08-20T11:31:56+02:00,"Scope/product/time-boundary/policy-leakage revalidation. 5 of 127 rules SATISFIED; stage remains open."
F-MD-B01-A001-001,FINDING,MD-B01,MD-B01-A001,MD-B01-A001,MD-B01-A001-BL001,ISSUED,development/findings/F-MD-B01-A001-001_MATRIX_REQUIREMENT_ASSIGNMENT_DEFECT.md,,E-MD-B01-A001-001,,,,2026-08-20T11:31:56+02:00,"P1. MD-B01 required-rule set is unsatisfiable as assigned; blocks DONE until a reviewed governance decision."
MD-B01-A002-BL001,BASELINE_LOCK,MD-B01,MD-B01-A002,MD-B01-A002,MD-B01-A002-BL001,ISSUED,records/evidence/MD-B01-A002-BL001_WORK_BASELINE_LOCK.json,,E-MD-B01-A002-001,,,,2026-08-20T11:55:41+02:00,"Immutable baseline binding for MD-B01-A002; predecessor MD-B01-A001-BL001, coverage carried in 5/127."
E-MD-B01-A002-001,EVIDENCE,MD-B01,MD-B01-A002,MD-B01-A002,MD-B01-A002-BL001,ISSUED,records/evidence/E-MD-B01-A002-001_DATE_DRIVEN_AND_PROVIDER_ABSTRACTION.json,F-MD-B01-A001-001,MD-B01-A002-BL001;E-MD-B01-A001-001,,,,2026-08-20T11:55:41+02:00,"Date-driven capability, provider limitation abstraction, boundary direction, alias containment. 11 rules advanced to 16/127; stage remains open."
MD-B01-A003-BL001,BASELINE_LOCK,MD-B01,MD-B01-A003,MD-B01-A003,MD-B01-A003-BL001,ISSUED,records/evidence/MD-B01-A003-BL001_WORK_BASELINE_LOCK.json,,E-MD-B01-A003-001,,,,2026-08-20T12:12:12+02:00,"Immutable baseline binding for MD-B01-A003; issued after the analysis phase, recorded not backdated. Predecessor MD-B01-A002-BL001, coverage carried in 16/127."
E-MD-B01-A003-001,EVIDENCE,MD-B01,MD-B01-A003,MD-B01-A003,MD-B01-A003-BL001,ISSUED,records/evidence/E-MD-B01-A003-001_ACTIVATION_AND_TERMINOLOGY_CLAIMS.json,F-MD-B01-A001-001;F-MD-B01-A003-001,MD-B01-A003-BL001;E-MD-B01-A002-001,,,,2026-08-20T12:12:12+02:00,"Activation-claim and terminology-claim revalidation; three behavioural checks through MarketDataReadinessService. 5 rules advanced to 21/127; stage remains open."
F-MD-B01-A003-001,FINDING,MD-B01,MD-B01-A003,MD-B01-A003,MD-B01-A003-BL001,ISSUED,development/findings/F-MD-B01-A003-001_ALIAS_MEANING_REPETITION_GAP.md,,E-MD-B01-A003-001,,,,2026-08-20T12:12:12+02:00,"P2. Ten frozen strategy contracts use eligible without repeating its data-usability meaning; blocks MD-S020-R0067 and is not fixable by implementation work."
MD-B03-A001-BL001,BASELINE_LOCK,MD-B03,MD-B03-A001,MD-B03-A001,MD-B03-A001-BL001,ISSUED,records/evidence/MD-B03-A001-BL001_WORK_BASELINE_LOCK.json,,E-MD-B03-A001-001,,MD-DEP-0001;MD-DEP-0002,,2026-08-20T19:19:50+02:00,"Immutable baseline binding for MD-B03-A001; dependency-driven out-of-order entry, justification recorded in the lock."
E-MD-B03-A001-001,EVIDENCE,MD-B03,MD-B03-A001,MD-B03-A001,MD-B03-A001-BL001,ISSUED,records/evidence/E-MD-B03-A001-001_DEPENDENCY_REMEDIATION.json,F-MD-B00-A001-001;F-MD-B00-A001-002;F-MD-B00-A001-004,MD-B03-A001-BL001,,MD-DEP-0001;MD-DEP-0002;MD-DEP-0003,,2026-08-20T19:19:50+02:00,"Seven defects fixed and proven by execution. Clean install 62/62, seeder 43->436, drift detector 30 tests restored. MD-DEP-0001 and MD-DEP-0002 closed."
F-MD-20260820-01,FINDING,,,,,CLOSED,development/findings/F-MD-20260820-01_ARCHITECTURE_NORMALIZATION.md,,,D-MD-20260820-01,,,2026-08-20T20:51:36+02:00,"Pre-attempt current-epoch finding; registered by MD-B00-A002 to complete the work-record registry."
E-MD-20260820-01,EVIDENCE,,,,,ISSUED,records/evidence/E-MD-20260820-01_ARCHITECTURE_VALIDATION.json,,,,,,2026-08-20T20:51:36+02:00,"Pre-attempt current-epoch evidence; registered by MD-B00-A002."
D-MD-20260820-01,DECISION,,,,,ISSUED,records/decisions/D-MD-20260820-01_ARCHITECTURE_AND_REBASELINE_ADOPTION.md,F-MD-20260820-01,E-MD-20260820-01,,,,2026-08-20T20:51:36+02:00,"Pre-attempt current-epoch decision; registered by MD-B00-A002."
F-MD-20260820-02,FINDING,,,,,CLOSED,development/findings/F-MD-20260820-02_LEGACY_COMPOSITE_ROLE_GAP.md,,,D-MD-20260820-02,,,2026-08-20T20:51:36+02:00,"Pre-attempt current-epoch finding; registered by MD-B00-A002."
E-MD-20260820-02,EVIDENCE,,,,,ISSUED,records/evidence/E-MD-20260820-02_LEGACY_SEMANTIC_NORMALIZATION_VALIDATION.json,,,,,,2026-08-20T20:51:36+02:00,"Pre-attempt current-epoch evidence; registered by MD-B00-A002."
D-MD-20260820-02,DECISION,,,,,ISSUED,records/decisions/D-MD-20260820-02_LEGACY_COMPOSITE_NORMALIZATION_ADOPTION.md,F-MD-20260820-02,E-MD-20260820-02,,,,2026-08-20T20:51:36+02:00,"Pre-attempt current-epoch decision; registered by MD-B00-A002."
MD-B00-A002-BL001,BASELINE_LOCK,MD-B00,MD-B00-A002,MD-B00-A002,MD-B00-A002-BL001,ISSUED,records/evidence/MD-B00-A002-BL001_WORK_BASELINE_LOCK.json,,,,MD-DEP-0003,,2026-08-20T20:55:38+02:00,"Baseline issued before any material change of MD-B00-A002, binding the revised governance fingerprint."
CI-MD-B00-A002-001,CHANGE_IMPACT_DECLARATION,MD-B00,MD-B00-A002,MD-B00-A002,MD-B00-A002-BL001,ISSUED,development/implementation/CI-MD-B00-A002-001_GOVERNANCE_REENTRY.md,,,,,,2026-08-20T20:55:38+02:00,"Material-attempt Change Impact Declaration required by the revised standard."
E-MD-B00-A002-001,EVIDENCE,MD-B00,MD-B00-A002,MD-B00-A002,MD-B00-A002-BL001,ISSUED,records/evidence/E-MD-B00-A002-001_GOVERNANCE_REENTRY.json,,E-MD-B00-A001-001;E-MD-B00-A001-002,,MD-DEP-0003,,2026-08-20T20:55:38+02:00,"Governance re-entry proof: relationship completeness gate rewritten and mutation-proven."
SC-MD-B00-A002-001,STAGE_CLOSURE_MANIFEST,MD-B00,MD-B00-A002,MD-B00-A002,MD-B00-A002-BL001,ISSUED,records/evidence/SC-MD-B00-A002-001_STAGE_CLOSURE_MANIFEST.md,,E-MD-B00-A002-001,,MD-DEP-0003,SC-MD-B00-A001-001,2026-08-20T20:55:38+02:00,"Closure manifest superseding SC-MD-B00-A001-001 for sufficiency; prior manifest retained immutable."
E-MD-B03-A001-002,EVIDENCE,MD-B03,MD-B03-A001,MD-B03-A001,MD-B03-A001-BL001,ISSUED,records/evidence/E-MD-B03-A001-002_POST_RESTORATION_DATABASE_PROOF.json,,E-MD-B03-A001-001,,MD-DEP-0003,,2026-08-21T01:31:41+02:00,"Post-restoration execution of the database proofs deferred at MD-B00-A002; drift detector corrected from a tautology and mutation-proven."
MD-B01-A004-BL001,BASELINE_LOCK,MD-B01,MD-B01-A004,MD-B01-A004,MD-B01-A004-BL001,ISSUED,records/evidence/MD-B01-A004-BL001_WORK_BASELINE_LOCK.json,,,,MD-DEP-0004,,2026-08-21T06:13:26+02:00,"Issued before the matrix mutation; binds the pre-correction matrix so the change is diffable."
CI-MD-B01-A004-001,CHANGE_IMPACT_DECLARATION,MD-B01,MD-B01-A004,MD-B01-A004,MD-B01-A004-BL001,ISSUED,development/implementation/CI-MD-B01-A004-001_TRACEABILITY_REDERIVATION.md,F-MD-B01-A001-001,,,MD-DEP-0004,,2026-08-21T06:13:26+02:00,"Material-attempt Change Impact Declaration for the traceability re-derivation."
E-MD-B01-A004-001,EVIDENCE,MD-B01,MD-B01-A004,MD-B01-A004,MD-B01-A004-BL001,ISSUED,records/evidence/E-MD-B01-A004-001_TRACEABILITY_REDERIVATION.json,F-MD-B01-A001-001,E-MD-B01-A003-001,,MD-DEP-0004,,2026-08-21T06:13:26+02:00,"214 non-predicates demoted, 817 predicate children promoted; required set 1407 to 2010; 21 SATISFIED carried forward with identical predicate identity."
F-MD-20260821-03,FINDING,,,,,CLOSED,development/findings/F-MD-20260821-03_RUNTIME_ARTIFACT_GOVERNANCE_GAP.md,,,D-MD-20260821-03,,,2026-08-21T11:35:00+07:00,"Current-epoch governance finding closed by DOC-CHG-20260821-003."
E-MD-20260821-03,EVIDENCE,,,,,ISSUED,records/evidence/E-MD-20260821-03_RUNTIME_ARTIFACT_GOVERNANCE_AUDIT.json,F-MD-20260821-03,,,,,2026-08-21T11:35:00+07:00,"Docs-only evidence for runtime-artifact/governed-evidence governance gap."
D-MD-20260821-03,DECISION,,,,,ISSUED,records/decisions/D-MD-20260821-03_RUNTIME_ARTIFACT_GOVERNANCE_ADOPTION.md,F-MD-20260821-03,E-MD-20260821-03,,,,2026-08-21T11:35:00+07:00,"Issued decision adopting DOC-CHG-20260821-003."
MD-B01-A005-BL001,BASELINE_LOCK,MD-B01,MD-B01-A005,MD-B01-A005,MD-B01-A005-BL001,ISSUED,records/evidence/MD-B01-A005-BL001_WORK_BASELINE_LOCK.json,,,,MD-DEP-0004,,2026-08-21T09:42:11+02:00,"Issued before the matrix mutation. Re-registered at MD-B01-A006 after the A005 registry rows were lost between sessions; the record file and its matrix effect were intact."
CI-MD-B01-A005-001,CHANGE_IMPACT_DECLARATION,MD-B01,MD-B01-A005,MD-B01-A005,MD-B01-A005-BL001,ISSUED,development/implementation/CI-MD-B01-A005-001_PROOF_OWNERSHIP_REDERIVATION.md,F-MD-B01-A001-001,,,MD-DEP-0004,,2026-08-21T09:42:11+02:00,"Re-registered at MD-B01-A006 after loss of the A005 registry rows."
E-MD-B01-A005-001,EVIDENCE,MD-B01,MD-B01-A005,MD-B01-A005,MD-B01-A005-BL001,ISSUED,records/evidence/E-MD-B01-A005-001_PROOF_OWNERSHIP_REDERIVATION.json,F-MD-B01-A001-001,E-MD-B01-A004-001,,MD-DEP-0004,,2026-08-21T09:42:11+02:00,"Re-registered at MD-B01-A006 after loss of the A005 registry rows."
MD-B01-A006-BL001,BASELINE_LOCK,MD-B01,MD-B01-A006,MD-B01-A006,MD-B01-A006-BL001,ISSUED,records/evidence/MD-B01-A006-BL001_WORK_BASELINE_LOCK.json,,,,,,2026-08-21T09:47:27+02:00,"Issued before any test or matrix change."
CI-MD-B01-A006-001,CHANGE_IMPACT_DECLARATION,MD-B01,MD-B01-A006,MD-B01-A006,MD-B01-A006-BL001,ISSUED,development/implementation/CI-MD-B01-A006-001_COVERAGE_ADVANCE.md,,,,,,2026-08-21T09:47:27+02:00,"Issued before the matrix mutation, following the MD-B01-A005 do-not-repeat."
E-MD-B01-A006-001,EVIDENCE,MD-B01,MD-B01-A006,MD-B01-A006,MD-B01-A006-BL001,ISSUED,records/evidence/E-MD-B01-A006-001_COVERAGE_ADVANCE.json,,E-MD-B01-A002-001;E-MD-B01-A005-001,,,,2026-08-21T09:47:27+02:00,"14 rules SATISFIED; anti-assumption guard added and mutation-proven; A005 registry rows repaired."
MD-B01-A007-BL001,BASELINE_LOCK,MD-B01,MD-B01-A007,MD-B01-A007,MD-B01-A007-BL001,ISSUED,records/evidence/MD-B01-A007-BL001_WORK_BASELINE_LOCK.json,,,,,,2026-08-21T11:15:16+02:00,"Issued before any test or matrix change."
CI-MD-B01-A007-001,CHANGE_IMPACT_DECLARATION,MD-B01,MD-B01-A007,MD-B01-A007,MD-B01-A007-BL001,ISSUED,development/implementation/CI-MD-B01-A007-001_DOWNSTREAM_SURFACE_BOUNDARY.md,,,,,,2026-08-21T11:15:16+02:00,"Issued before the matrix mutation."
E-MD-B01-A007-001,EVIDENCE,MD-B01,MD-B01-A007,MD-B01-A007,MD-B01-A007-BL001,ISSUED,records/evidence/E-MD-B01-A007-001_DOWNSTREAM_SURFACE_BOUNDARY.json,,E-MD-B01-A006-001,,,,2026-08-21T11:15:16+02:00,"20 MD-S020 rules SATISFIED; downstream-concept surface guard added, mutation-proven with 6 failures-closed and 2 controls."
MD-B01-A008-BL001,BASELINE_LOCK,MD-B01,MD-B01-A008,MD-B01-A008,MD-B01-A008-BL001,ISSUED,records/evidence/MD-B01-A008-BL001_WORK_BASELINE_LOCK.json,,,,,,2026-08-21T12:38:09+02:00,"Issued before any test or matrix change."
CI-MD-B01-A008-001,CHANGE_IMPACT_DECLARATION,MD-B01,MD-B01-A008,MD-B01-A008,MD-B01-A008-BL001,ISSUED,development/implementation/CI-MD-B01-A008-001_TERMINOLOGY_CONFLATION_BOUNDARY.md,,,,,,2026-08-21T12:38:09+02:00,"Issued before the matrix mutation."
E-MD-B01-A008-001,EVIDENCE,MD-B01,MD-B01-A008,MD-B01-A008,MD-B01-A008-BL001,ISSUED,records/evidence/E-MD-B01-A008-001_TERMINOLOGY_CONFLATION_BOUNDARY.json,F-MD-B01-A008-001,E-MD-B01-A007-001,,,,2026-08-21T12:38:09+02:00,"14 rules SATISFIED; terminology conflation guard added, mutation-proven with 6 failures-closed and 2 controls; F-MD-B01-A008-001 opened."
F-MD-B01-A008-001,FINDING,MD-B01,MD-B01-A008,MD-B01-A008,MD-B01-A008-BL001,ISSUED,development/findings/F-MD-B01-A008-001_HORIZON_ROLE_UNDECLARED.md,,E-MD-B01-A008-001,,,,2026-08-21T12:38:44+02:00,"P2. No dependency window in the baseline field set declares a horizon role; remediation owned by MD-B14."
MD-B01-A009-BL001,BASELINE_LOCK,MD-B01,MD-B01-A009,MD-B01-A009,MD-B01-A009-BL001,ISSUED,records/evidence/MD-B01-A009-BL001_WORK_BASELINE_LOCK.json,,,,,,2026-08-21T12:58:54+02:00,"Issued before any test or matrix change."
CI-MD-B01-A009-001,CHANGE_IMPACT_DECLARATION,MD-B01,MD-B01-A009,MD-B01-A009,MD-B01-A009-BL001,ISSUED,development/implementation/CI-MD-B01-A009-001_DUAL_USE_AND_ALIGNMENT.md,,,,,,2026-08-21T12:58:54+02:00,"Issued before the matrix mutation."
E-MD-B01-A009-001,EVIDENCE,MD-B01,MD-B01-A009,MD-B01-A009,MD-B01-A009-BL001,ISSUED,records/evidence/E-MD-B01-A009-001_DUAL_USE_AND_ALIGNMENT.json,,E-MD-B01-A008-001,,,,2026-08-21T12:58:54+02:00,"14 rules SATISFIED; terminology conflation guard added, mutation-proven with 6 failures-closed and 2 controls; F-MD-B01-A009-001 opened."
MD-B01-A010-BL001,BASELINE_LOCK,MD-B01,MD-B01-A010,MD-B01-A010,MD-B01-A010-BL001,ISSUED,records/evidence/MD-B01-A010-BL001_WORK_BASELINE_LOCK.json,,,,,,2026-08-21T13:49:07+02:00,"Issued before any test or matrix change."
CI-MD-B01-A010-001,CHANGE_IMPACT_DECLARATION,MD-B01,MD-B01-A010,MD-B01-A010,MD-B01-A010-BL001,ISSUED,development/implementation/CI-MD-B01-A010-001_TERM_OWNERSHIP_AND_SCHEMA_SURFACE.md,,,,,,2026-08-21T13:49:07+02:00,"Issued before the matrix mutation."
E-MD-B01-A010-001,EVIDENCE,MD-B01,MD-B01-A010,MD-B01-A010,MD-B01-A010-BL001,ISSUED,records/evidence/E-MD-B01-A010-001_TERM_OWNERSHIP_AND_SCHEMA_SURFACE.json,,E-MD-B01-A009-001;E-MD-B01-A007-001,,,,2026-08-21T13:49:07+02:00,"14 rules SATISFIED; terminology conflation guard added, mutation-proven with 6 failures-closed and 2 controls; F-MD-B01-A010-001 opened."
MD-B01-A011-BL001,BASELINE_LOCK,MD-B01,MD-B01-A011,MD-B01-A011,MD-B01-A011-BL001,ISSUED,records/evidence/MD-B01-A011-BL001_WORK_BASELINE_LOCK.json,,,,,,2026-08-21T14:10:49+02:00,"Issued before any test or matrix change."
CI-MD-B01-A011-001,CHANGE_IMPACT_DECLARATION,MD-B01,MD-B01-A011,MD-B01-A011,MD-B01-A011-BL001,ISSUED,development/implementation/CI-MD-B01-A011-001_FACT_DIMENSIONS_AND_PRODUCT_TABLE.md,,,,,,2026-08-21T14:10:49+02:00,"Issued before the matrix mutation."
E-MD-B01-A011-001,EVIDENCE,MD-B01,MD-B01-A011,MD-B01-A011,MD-B01-A011-BL001,ISSUED,records/evidence/E-MD-B01-A011-001_FACT_DIMENSIONS_AND_PRODUCT_TABLE.json,,E-MD-B01-A010-001,,,,2026-08-21T14:10:49+02:00,"14 rules SATISFIED; terminology conflation guard added, mutation-proven with 6 failures-closed and 2 controls; F-MD-B01-A011-001 opened."
MD-B01-A012-BL001,BASELINE_LOCK,MD-B01,MD-B01-A012,MD-B01-A012,MD-B01-A012-BL001,ISSUED,records/evidence/MD-B01-A012-BL001_WORK_BASELINE_LOCK.json,,MD-B01-A011-BL001,,,,2026-08-21T15:21:24+02:00,"Issued after DOC-CHG-20260821-004 and before any A012 material mutation; binds the provisional 155-row applicability/context state."
CI-MD-B01-A012-001,CHANGE_IMPACT_DECLARATION,MD-B01,MD-B01-A012,MD-B01-A012,MD-B01-A012-BL001,ISSUED,development/implementation/CI-MD-B01-A012-001_APPLICABILITY_AND_PREDICATE_CONTEXT_NORMALIZATION.md,,E-MD-B01-A011-001,,,,2026-08-21T15:21:24+02:00,"Material-attempt declaration for MD-B01 applicability/context normalization and prior-proof revalidation."
E-MD-B01-A012-001,EVIDENCE,MD-B01,MD-B01-A012,MD-B01-A012,MD-B01-A012-BL001,ISSUED,records/evidence/E-MD-B01-A012-001_APPLICABILITY_AND_PREDICATE_CONTEXT_NORMALIZATION.json,F-MD-B01-A001-001;F-MD-B01-A003-001;F-MD-B01-A008-001,E-MD-B01-A011-001,,MD-DEP-0004,,2026-08-21T20:48:34+07:00,"Explicit applicability/context for MD-B01; 12 proof-owner moves, two prior-proof invalidations, 108 revalidated carry-forwards, and three newly proven rules."
MD-B01-A013-BL001,BASELINE_LOCK,MD-B01,MD-B01-A013,MD-B01-A013,MD-B01-A013-BL001,ISSUED,records/evidence/MD-B01-A013-BL001_WORK_BASELINE_LOCK.json,,MD-B01-A012-BL001,,,,2026-08-21T15:57:37+02:00,"Issued before any A013 material mutation; binds the dirty A012 handoff state and final 143-row denominator."
CI-MD-B01-A013-001,CHANGE_IMPACT_DECLARATION,MD-B01,MD-B01-A013,MD-B01-A013,MD-B01-A013-BL001,ISSUED,development/implementation/CI-MD-B01-A013-001_SCOPE_BOUNDARY_AND_ORCHESTRATION_COMPLETION.md,,E-MD-B01-A012-001,,MD-DEP-0004,,2026-08-21T20:58:05+07:00,"Material-attempt declaration for proof of the 31 unblocked MD-B01 predicates; MD-S020-R0067 remains excluded and finding-blocked."
E-MD-B01-A013-001,EVIDENCE,MD-B01,MD-B01-A013,MD-B01-A013,MD-B01-A013-BL001,ISSUED,records/evidence/E-MD-B01-A013-001_SCOPE_BOUNDARY_AND_ORCHESTRATION_COMPLETION.json,F-MD-B01-A003-001,E-MD-B01-A012-001,,MD-DEP-0004,,2026-08-21T21:12:21+07:00,"Current proof for exactly 31 unblocked predicates; MD-B01 advances to 142/143 while MD-S020-R0067 remains finding-blocked."
MD-B01-A014-BL001,BASELINE_LOCK,MD-B01,MD-B01-A014,MD-B01-A014,MD-B01-A014-BL001,ISSUED,records/evidence/MD-B01-A014-BL001_WORK_BASELINE_LOCK.json,,MD-B01-A013-BL001,,,,2026-08-21T22:05:00+07:00,"Issued before any A014 material mutation; binds the pre-change state in which MD-B01 declared a FINAL 143-row denominator that this attempt proves understated."
CI-MD-B01-A014-001,CHANGE_IMPACT_DECLARATION,MD-B01,MD-B01-A014,MD-B01-A014,MD-B01-A014-BL001,ISSUED,development/implementation/CI-MD-B01-A014-001_REFERENCE_ONLY_PREDICATE_RE_DERIVATION.md,,E-MD-B01-A013-001,,MD-DEP-0004,,2026-08-21T22:05:00+07:00,"Material-attempt declaration for the reference-only predicate re-derivation, the classification gate, and the alias-cluster proof."
E-MD-B01-A014-001,EVIDENCE,MD-B01,MD-B01-A014,MD-B01-A014,MD-B01-A014-BL001,ISSUED,records/evidence/E-MD-B01-A014-001_REFERENCE_ONLY_PREDICATE_RE_DERIVATION.json,F-MD-B01-A001-001;F-MD-B01-A003-001;F-MD-B01-A014-001,E-MD-B01-A013-001,,MD-DEP-0004,,2026-08-21T22:05:00+07:00,"MD-B01 denominator corrected from a false FINAL 143 to 207; 72 rows promoted, 2 proven, coverage falls to 144/207."
F-MD-B01-A014-001,FINDING,MD-B01,MD-B01-A014,MD-B01-A014,MD-B01-A014-BL001,ISSUED,development/findings/F-MD-B01-A014-001_ELIGIBILITY_EXPORT_OMITS_MANDATORY_COLUMNS.md,,E-MD-B01-A014-001,,,,2026-08-21T22:05:00+07:00,"Eligibility evidence export ships only the optional legacy projection; owner MD-B19, remediation is a projection change."
MD-B01-A015-BL001,BASELINE_LOCK,MD-B01,MD-B01-A015,MD-B01-A015,MD-B01-A015-BL001,ISSUED,records/evidence/MD-B01-A015-BL001_WORK_BASELINE_LOCK.json,,MD-B01-A014-BL001,,,,2026-08-21T23:20:00+07:00,"Issued before any A015 material mutation; binds the corrected 207-row denominator at 144/63 with 62 promoted rows owing proof."
CI-MD-B01-A015-001,CHANGE_IMPACT_DECLARATION,MD-B01,MD-B01-A015,MD-B01-A015,MD-B01-A015-BL001,ISSUED,development/implementation/CI-MD-B01-A015-001_PROMOTED_PREDICATE_PROOF.md,,E-MD-B01-A014-001,,MD-DEP-0004,,2026-08-21T23:20:00+07:00,"Material-attempt declaration for proving the 62 promoted predicates; MD-S020-R0067 excluded and finding-blocked."
E-MD-B01-A015-001,EVIDENCE,MD-B01,MD-B01-A015,MD-B01-A015,MD-B01-A015-BL001,ISSUED,records/evidence/E-MD-B01-A015-001_PROMOTED_PREDICATE_PROOF.json,F-MD-B01-A003-001,E-MD-B01-A014-001,,MD-DEP-0004,,2026-08-21T23:20:00+07:00,"All 62 locally executable rows proven with 9 landed on-disk mutations and 6 in-suite mutations; MD-B01 advances to 206/207."
MD-B03-A002-BL001,BASELINE_LOCK,MD-B03,MD-B03-A002,MD-B03-A002,MD-B03-A002-BL001,ISSUED,records/evidence/MD-B03-A002-BL001_WORK_BASELINE_LOCK.json,,MD-B03-A001-BL001,,MD-DEP-0003,,2026-08-22T10:40:00+07:00,"Issued before any A002 material mutation; binds the 24 Class S test files and the 67 failures / 4 errors they produced."
CI-MD-B03-A002-001,CHANGE_IMPACT_DECLARATION,MD-B03,MD-B03-A002,MD-B03-A002,MD-B03-A002-BL001,ISSUED,development/implementation/CI-MD-B03-A002-001_CLASS_S_HISTORICAL_BINDING_REMOVAL.md,,E-MD-B03-A001-001,,MD-DEP-0003,,2026-08-22T10:40:00+07:00,"Material-attempt declaration for removing executable test bindings to HISTORICAL_ONLY documents while MD-B01 stays blocked."
E-MD-B03-A002-001,EVIDENCE,MD-B03,MD-B03-A002,MD-B03-A002,MD-B03-A002-BL001,ISSUED,records/evidence/E-MD-B03-A002-001_CLASS_S_HISTORICAL_BINDING_REMOVAL.json,F-MD-B00-A001-001;F-MD-B01-A003-001,E-MD-B03-A001-001,,MD-DEP-0003;MD-DEP-0005,,2026-08-22T10:40:00+07:00,"71 historical bindings removed across 24 files, 2 files retired, a live runbook dangling pointer fixed, and the first green suite of the epoch."
MD-B03-A003-BL001,BASELINE_LOCK,MD-B03,MD-B03-A003,MD-B03-A003,MD-B03-A003-BL001,ISSUED,records/evidence/MD-B03-A003-BL001_WORK_BASELINE_LOCK.json,,MD-B03-A002-BL001,,MD-DEP-0004,,2026-08-22T14:10:00+07:00,"Issued before any A003 material mutation; binds the unvalidated 0/0 coverage claim, the untested half of the exit gate, and the absent A001 Change Impact Declaration."
CI-MD-B03-A003-001,CHANGE_IMPACT_DECLARATION,MD-B03,MD-B03-A003,MD-B03-A003,MD-B03-A003-BL001,ISSUED,development/implementation/CI-MD-B03-A003-001_STAGE_CLOSURE_EVALUATION.md,,E-MD-B03-A002-001,,MD-DEP-0004,,2026-08-22T14:10:00+07:00,"Material-attempt declaration for the MD-B03 closure evaluation: coverage validation, both exit criteria, and the governed handling of the missing A001 record."
F-MD-B03-A003-001,FINDING,MD-B03,MD-B03-A003,MD-B03-A003,MD-B03-A003-BL001,ISSUED,development/findings/F-MD-B03-A003-001_A001_MATERIAL_ATTEMPT_WITHOUT_CHANGE_IMPACT.md,,E-MD-B03-A003-001,,MD-DEP-0006,,2026-08-22T14:10:00+07:00,"MD-B03-A001 was a material attempt with no Change Impact Declaration; section 3 blocks DONE and the record may not be written late."
E-MD-B03-A003-001,EVIDENCE,MD-B03,MD-B03-A003,MD-B03-A003,MD-B03-A003-BL001,ISSUED,records/evidence/E-MD-B03-A003-001_STAGE_CLOSURE_EVALUATION.json,F-MD-B03-A003-001,E-MD-B03-A002-001,,MD-DEP-0004;MD-DEP-0006,,2026-08-22T14:10:00+07:00,"0/0 coverage validated, clean install re-executed 62/62, reason registry 43->436, the untested half of the exit gate now guarded; closure withheld on one unmet criterion."
MD-B00-A003-BL001,BASELINE_LOCK,MD-B00,MD-B00-A003,MD-B00-A003,MD-B00-A003-BL001,ISSUED,records/evidence/MD-B00-A003-BL001_WORK_BASELINE_LOCK.json,,MD-B00-A002-BL001,,,,2026-08-22T17:30:00+07:00,"Issued before any A003 material mutation; binds the deferred extract-seal finding and the finding-visibility defect."
CI-MD-B00-A003-001,CHANGE_IMPACT_DECLARATION,MD-B00,MD-B00-A003,MD-B00-A003,MD-B00-A003-BL001,ISSUED,development/implementation/CI-MD-B00-A003-001_EXTRACT_SEAL_AND_FINDING_VISIBILITY.md,,E-MD-B00-A002-001,,,,2026-08-22T17:30:00+07:00,"Material-attempt declaration for closing F-MD-B00-A001-003 and the two current-state synchronization defects."
E-MD-B00-A003-001,EVIDENCE,MD-B00,MD-B00-A003,MD-B00-A003,MD-B00-A003-BL001,ISSUED,records/evidence/E-MD-B00-A003-001_EXTRACT_SEAL_AND_FINDING_VISIBILITY.json,F-MD-B00-A001-003,E-MD-B00-A002-001,,,,2026-08-22T17:30:00+07:00,"Extract seal hole reproduced then closed by a structural check over 428 extracts; three previously invisible open findings now reach current state."
SC-MD-B00-A003-001,STAGE_CLOSURE_MANIFEST,MD-B00,MD-B00-A003,MD-B00-A003,MD-B00-A003-BL001,ISSUED,records/evidence/SC-MD-B00-A003-001_STAGE_CLOSURE_MANIFEST.md,F-MD-B00-A001-003,E-MD-B00-A003-001,,,SC-MD-B00-A002-001,2026-08-22T17:30:00+07:00,"MD-B00 closure sufficiency re-issued with the deferred extract-seal finding closed by remediation."
D-MD-20260822-04,DECISION,MD-B01,MD-B01-A016,MD-B01-A016,MD-B01-A016-BL001,ISSUED,records/decisions/D-MD-20260822-04_ELIGIBLE_ALIAS_OWNERSHIP_PRECEDENCE.md,F-MD-B01-A003-001,,,MD-DEP-0005,,2026-08-22T20:15:00+07:00,"Alias meaning discharged by canonical ownership plus governed delegation; no strategy revision authorised or required."
D-MD-20260822-05,DECISION,MD-B03,MD-B03-A003,MD-B03-A003,MD-B03-A003-BL001,ISSUED,records/decisions/D-MD-20260822-05_A001_TIMING_DEVIATION_ACCEPTED.md,F-MD-B03-A003-001,,,MD-DEP-0006,,2026-08-22T20:15:00+07:00,"MD-B03-A001 timing deviation accepted as historical; no CI backdated and no historical record edited."
MD-B01-A016-BL001,BASELINE_LOCK,MD-B01,MD-B01-A016,MD-B01-A016,MD-B01-A016-BL001,ISSUED,records/evidence/MD-B01-A016-BL001_WORK_BASELINE_LOCK.json,,MD-B01-A015-BL001,,,,2026-08-22T20:15:00+07:00,"Issued before any A016 material mutation; binds the 206/207 pre-decision state."
CI-MD-B01-A016-001,CHANGE_IMPACT_DECLARATION,MD-B01,MD-B01-A016,MD-B01-A016,MD-B01-A016-BL001,ISSUED,development/implementation/CI-MD-B01-A016-001_ALIAS_OWNERSHIP_CHAIN_PROOF.md,,E-MD-B01-A015-001,D-MD-20260822-04,,,2026-08-22T20:15:00+07:00,"Material-attempt declaration for proving MD-S020-R0067 through the ownership chain."
E-MD-B01-A016-001,EVIDENCE,MD-B01,MD-B01-A016,MD-B01-A016,MD-B01-A016-BL001,ISSUED,records/evidence/E-MD-B01-A016-001_ALIAS_OWNERSHIP_CHAIN_PROOF.json,F-MD-B01-A003-001,E-MD-B01-A015-001,D-MD-20260822-04,MD-DEP-0005,,2026-08-22T20:15:00+07:00,"MD-S020-R0067 proved link by link; MD-B01 reaches 207/207 with zero strategy bytes changed."
SC-MD-B01-A016-001,STAGE_CLOSURE_MANIFEST,MD-B01,MD-B01-A016,MD-B01-A016,MD-B01-A016-BL001,ISSUED,records/evidence/SC-MD-B01-A016-001_STAGE_CLOSURE_MANIFEST.md,F-MD-B01-A003-001,E-MD-B01-A016-001,D-MD-20260822-04,MD-DEP-0005,,2026-08-22T20:15:00+07:00,"MD-B01 closes DONE at 207/207 required coverage."
SC-MD-B03-A003-001,STAGE_CLOSURE_MANIFEST,MD-B03,MD-B03-A003,MD-B03-A003,MD-B03-A003-BL001,ISSUED,records/evidence/SC-MD-B03-A003-001_STAGE_CLOSURE_MANIFEST.md,F-MD-B03-A003-001,E-MD-B03-A003-001,D-MD-20260822-05,MD-DEP-0006,,2026-08-22T20:15:00+07:00,"MD-B03 closes DONE with both exit criteria proven and the A001 deviation recorded, not erased."
MD-B02-A001-BL001,BASELINE_LOCK,MD-B02,MD-B02-A001,MD-B02-A001,MD-B02-A001-BL001,ISSUED,records/evidence/MD-B02-A001-BL001_WORK_BASELINE_LOCK.json,,SC-MD-B01-A016-001,,,,2026-08-22T12:01:47+07:00,"Issued before any MD-B02-A001 material mutation; binds the provisional 39-row denominator, four optional rows, one mixed-classification reference row, and current provider/bootstrap implementation."
CI-MD-B02-A001-001,CHANGE_IMPACT_DECLARATION,MD-B02,MD-B02-A001,MD-B02-A001,MD-B02-A001-BL001,ISSUED,development/implementation/CI-MD-B02-A001-001_PROVIDER_BOOTSTRAP_AND_PORT_REVALIDATION.md,,SC-MD-B01-A016-001,,MD-DEP-0004,,2026-08-22T12:01:47+07:00,"Material-attempt declaration for MD-B02 applicability/classification/ownership normalization and current provider-bootstrap proof."
E-MD-B02-A001-001,EVIDENCE,MD-B02,MD-B02-A001,MD-B02-A001,MD-B02-A001-BL001,ISSUED,records/evidence/E-MD-B02-A001-001_PROVIDER_BOOTSTRAP_AND_PORT_REVALIDATION.json,,SC-MD-B01-A016-001,,MD-DEP-0004,,2026-08-22T12:16:00+07:00,"MD-B02 normalized to 86 mandatory, six optional, and six conditional-N/A rows; all 86 mandatory predicates are revalidated against current code/config/tests."
SC-MD-B02-A001-001,STAGE_CLOSURE_MANIFEST,MD-B02,MD-B02-A001,MD-B02-A001,MD-B02-A001-BL001,ISSUED,records/evidence/SC-MD-B02-A001-001_STAGE_CLOSURE_MANIFEST.md,,E-MD-B02-A001-001,,MD-DEP-0004,,2026-08-22T12:18:30+07:00,"MD-B02 closes at 86/86 current mandatory coverage; six optional not requested and six future-transition predicates explicitly N/A."
MD-B04-A001-BL001,BASELINE_LOCK,MD-B04,MD-B04-A001,MD-B04-A001,MD-B04-A001-BL001,ISSUED,records/evidence/MD-B04-A001-BL001_WORK_BASELINE_LOCK.json,,SC-MD-B02-A001-001;SC-MD-B03-A003-001,,,,2026-08-22T12:38:53+07:00,"Issued before any MD-B04-A001 material mutation; binds the provisional 184-row denominator, one optional row, 50 mixed-classification reference members, and current implementation."
CI-MD-B04-A001-001,CHANGE_IMPACT_DECLARATION,MD-B04,MD-B04-A001,MD-B04-A001,MD-B04-A001-BL001,ISSUED,development/implementation/CI-MD-B04-A001-001_CONFIG_SNAPSHOT_AND_SEMANTIC_BINDINGS.md,,SC-MD-B02-A001-001;SC-MD-B03-A003-001,,MD-DEP-0004,,2026-08-22T12:40:00+07:00,"Early material-attempt declaration for MD-B04 traceability normalization and configuration snapshot/version/reason/hash proof."
F-MD-B04-A001-001,FINDING,MD-B04,MD-B04-A001,MD-B04-A001,MD-B04-A001-BL001,ISSUED,development/findings/F-MD-B04-A001-001_HASH_NULL_TOKEN_AUTHORITY_CONTRADICTION.md,,E-MD-B04-A001-001,,MD-DEP-0007,,2026-08-22T13:30:00+07:00,"Platform Config resolves [empty] while both named hash semantic owners lock the actual NULL token to empty string; blocks MD-S082-R0062 and B04 closure."
E-MD-B04-A001-001,EVIDENCE,MD-B04,MD-B04-A001,MD-B04-A001,MD-B04-A001-BL001,ISSUED,records/evidence/E-MD-B04-A001-001_CONFIG_FOUNDATION_PARTIAL_PROOF.json,F-MD-B04-A001-001,SC-MD-B02-A001-001;SC-MD-B03-A003-001,,MD-DEP-0004;MD-DEP-0007,,2026-08-22T13:30:00+07:00,"B04 normalized to 114 mandatory predicates; 113 carry current implementation/test proof and one is withheld on an explicit strategy contradiction."
D-MD-20260822-06,DECISION,MD-B04,MD-B04-A001,MD-B04-A001,MD-B04-A001-BL001,ISSUED,records/decisions/D-MD-20260822-06_NULL_TOKEN_OWNER_AND_CONFIG_CORRECTION.md,F-MD-B04-A001-001,E-MD-B04-A001-001,,MD-DEP-0007,,2026-08-22T14:05:00+07:00,"Reviewed decision: zero-byte empty string is canonical; bounded MD-S082 row correction explicitly authorised."
MD-B04-A002-BL001,BASELINE_LOCK,MD-B04,MD-B04-A002,MD-B04-A002,MD-B04-A002-BL001,ISSUED,records/evidence/MD-B04-A002-BL001_WORK_BASELINE_LOCK.json,,E-MD-B04-A001-001,D-MD-20260822-06,MD-DEP-0007,,2026-08-22T14:04:32+07:00,"Issued from successor freeze after authority resolution and before all A002 material runtime/config/test/proof changes."
CI-MD-B04-A002-001,CHANGE_IMPACT_DECLARATION,MD-B04,MD-B04-A002,MD-B04-A002,MD-B04-A002-BL001,ISSUED,development/implementation/CI-MD-B04-A002-001_NULL_TOKEN_CONFIG_REVALIDATION.md,,E-MD-B04-A001-001,D-MD-20260822-06,MD-DEP-0007,,2026-08-22T14:08:00+07:00,"Early declaration covering corrected config, env removal, fail-closed registry validation, serializer metadata, traceability, residue, and closure proof."
E-MD-B04-A002-001,EVIDENCE,MD-B04,MD-B04-A002,MD-B04-A002,MD-B04-A002-BL001,ISSUED,records/evidence/E-MD-B04-A002-001_CONFIG_FOUNDATION_CLOSURE_PROOF.json,F-MD-B04-A001-001,E-MD-B04-A001-001,D-MD-20260822-06,MD-DEP-0007,,2026-08-22T14:13:11+07:00,"Current A002 proof aligns config/env/registry/serializer metadata to the zero-byte NULL token and binds all 114 B04 predicates."
SC-MD-B04-A002-001,STAGE_CLOSURE_MANIFEST,MD-B04,MD-B04-A002,MD-B04-A002,MD-B04-A002-BL001,ISSUED,records/evidence/SC-MD-B04-A002-001_STAGE_CLOSURE_MANIFEST.md,F-MD-B04-A001-001,E-MD-B04-A002-001,D-MD-20260822-06,MD-DEP-0007,,2026-08-22T14:19:42+07:00,"MD-B04 closes at 114/114 under the corrected successor freeze with zero open B04 blockers or harmful executable residue."
MD-B05-A001-BL001,BASELINE_LOCK,MD-B05,MD-B05-A001,MD-B05-A001,MD-B05-A001-BL001,ISSUED,records/evidence/MD-B05-A001-BL001_WORK_BASELINE_LOCK.json,,,,MD-DEP-0004,,2026-08-22T23:40:00+07:00,"Issued before any A001 material mutation; binds the 78-row provisional pre-change state."
CI-MD-B05-A001-001,CHANGE_IMPACT_DECLARATION,MD-B05,MD-B05-A001,MD-B05-A001,MD-B05-A001-BL001,ISSUED,development/implementation/CI-MD-B05-A001-001_TEMPORAL_IDENTITY_AND_SECTOR_MEMBERSHIP.md,,,,MD-DEP-0004,,2026-08-22T23:40:00+07:00,"Declares expected schema, runtime, tooling and traceability impact, including the two executable defects found during scope derivation."
E-MD-B05-A001-001,EVIDENCE,MD-B05,MD-B05-A001,MD-B05-A001,MD-B05-A001-BL001,ISSUED,records/evidence/E-MD-B05-A001-001_TEMPORAL_IDENTITY_AND_SECTOR_MEMBERSHIP.json,,,,MD-DEP-0004,,2026-08-22T23:40:00+07:00,"Three executable defects remediated and all 117 current MD-B05 predicates proven by execution."
SC-MD-B05-A001-001,STAGE_CLOSURE_MANIFEST,MD-B05,MD-B05-A001,MD-B05-A001,MD-B05-A001-BL001,ISSUED,records/evidence/SC-MD-B05-A001-001_STAGE_CLOSURE_MANIFEST.md,,E-MD-B05-A001-001,,MD-DEP-0004,,2026-08-22T23:55:00+07:00,"MD-B05 closes at 117/117 with zero open MD-B05 blockers and no harmful executable residue."
MD-B06-A001-BL001,BASELINE_LOCK,MD-B06,MD-B06-A001,MD-B06-A001,MD-B06-A001-BL001,ISSUED,records/evidence/MD-B06-A001-BL001_WORK_BASELINE_LOCK.json,,SC-MD-B05-A001-001,,MD-DEP-0003;MD-DEP-0004,,2026-08-22T16:49:46+07:00,"Issued before any A001 material mutation; binds the 64-row provisional calendar/session/status state and current implementation."
CI-MD-B06-A001-001,CHANGE_IMPACT_DECLARATION,MD-B06,MD-B06-A001,MD-B06-A001,MD-B06-A001-BL001,ISSUED,development/implementation/CI-MD-B06-A001-001_CALENDAR_SESSION_AND_STATUS_EXPECTATION.md,,SC-MD-B05-A001-001,,MD-DEP-0003;MD-DEP-0004,,2026-08-22T16:51:00+07:00,"Early declaration for stage-entry normalization and actual calendar/session/status implementation proof."
E-MD-B06-A001-001,EVIDENCE,MD-B06,MD-B06-A001,MD-B06-A001,MD-B06-A001-BL001,ISSUED,records/evidence/E-MD-B06-A001-001_CALENDAR_SESSION_AND_TRADING_STATUS.json,F-MD-B00-A001-001;F-MD-B01-A001-001,SC-MD-B05-A001-001,,MD-DEP-0003;MD-DEP-0004,,2026-08-22T17:46:00+07:00,"Calendar/session/status implementation remediated; all 78 current MD-B06 predicates proven by execution."
SC-MD-B06-A001-001,STAGE_CLOSURE_MANIFEST,MD-B06,MD-B06-A001,MD-B06-A001,MD-B06-A001-BL001,ISSUED,records/evidence/SC-MD-B06-A001-001_STAGE_CLOSURE_MANIFEST.md,,E-MD-B06-A001-001,,MD-DEP-0003;MD-DEP-0004,,2026-08-22T17:53:00+07:00,"MD-B06 closes at 78/78 with zero B06 blockers and no harmful executable residue."
MD-B07-A001-BL001,BASELINE_LOCK,MD-B07,MD-B07-A001,MD-B07-A001,MD-B07-A001-BL001,ISSUED,records/evidence/MD-B07-A001-BL001_WORK_BASELINE_LOCK.json,,SC-MD-B06-A001-001,,MD-DEP-0004,,2026-08-22T18:03:37+07:00,"Issued before any A001 material mutation; binds the 142-row provisional source-observation/acquisition state and actual implementation."
CI-MD-B07-A001-001,CHANGE_IMPACT_DECLARATION,MD-B07,MD-B07-A001,MD-B07-A001,MD-B07-A001-BL001,ISSUED,development/implementation/CI-MD-B07-A001-001_IMMUTABLE_SOURCE_OBSERVATIONS_AND_ACQUISITION.md,,SC-MD-B06-A001-001,,MD-DEP-0004,,2026-08-22T18:05:00+07:00,"Early declaration for B07 stage-entry normalization and actual immutable source-observation/acquisition implementation proof."
E-MD-B07-A001-001,EVIDENCE,MD-B07,MD-B07-A001,MD-B07-A001,MD-B07-A001-BL001,ISSUED,records/evidence/E-MD-B07-A001-001_SOURCE_OBSERVATION_AND_ACQUISITION.json,,SC-MD-B06-A001-001,,MD-DEP-0004,,2026-08-23T10:40:00+07:00,"All 115 current B07 predicates proven by 165 executed tests; SC-MD-B07-A001-001 withheld because deployed-schema drift verification needs a reachable database."
E-MD-B07-A001-002,EVIDENCE,MD-B07,MD-B07-A001,MD-B07-A001,MD-B07-A001-BL001,ISSUED,records/evidence/E-MD-B07-A001-002_LOCAL_REVALIDATION_AND_DEPLOYED_SCHEMA.json,,E-MD-B07-A001-001,,MD-DEP-0004,,2026-08-23T13:10:00+07:00,"Additive current evidence admitting the returned local MariaDB, control-plane, exact B07 and full-suite proof without editing E-MD-B07-A001-001."
SC-MD-B07-A001-001,STAGE_CLOSURE_MANIFEST,MD-B07,MD-B07-A001,MD-B07-A001,MD-B07-A001-BL001,ISSUED,records/evidence/SC-MD-B07-A001-001_STAGE_CLOSURE_MANIFEST.md,,E-MD-B07-A001-001;E-MD-B07-A001-002,,MD-DEP-0004,,2026-08-23T13:12:00+07:00,"MD-B07 closure at 115/115 after deployed MariaDB, hardened control-plane, residue, relationship and full-suite proof all passed."
MD-B08-A001-BL001,BASELINE_LOCK,MD-B08,MD-B08-A001,MD-B08-A001,MD-B08-A001-BL001,ISSUED,records/evidence/MD-B08-A001-BL001_WORK_BASELINE_LOCK.json,,,,,,2026-08-23T13:42:11+07:00,"Immutable B08 pre-material lock; predecessor SC-MD-B07-A001-001 is a stage precondition only and contributes no inherited B08 predicate proof."
CI-MD-B08-A001-001,CHANGE_IMPACT_DECLARATION,MD-B08,MD-B08-A001,MD-B08-A001,MD-B08-A001-BL001,ISSUED,development/implementation/CI-MD-B08-A001-001_SOURCE_RESILIENCE_AND_CONTROLLED_RECOVERY.md,,,,MD-DEP-0004,,2026-08-23T13:45:00+07:00,"B08 entry normalization complete at 138 mandatory / 90 moved / 98 reference; executable source-resilience/audit remediation and R1/R2/R3 proof corrections complete; closed by SC-MD-B08-A001-001."
E-MD-B08-A001-001,EVIDENCE,MD-B08,MD-B08-A001,MD-B08-A001,MD-B08-A001-BL001,ISSUED,records/evidence/E-MD-B08-A001-001_SOURCE_RESILIENCE_AND_CONTROLLED_RECOVERY.json,,SC-MD-B07-A001-001,,MD-DEP-0004,,2026-08-23T21:55:00+07:00,"First current MD-B08 evidence: final R3 targeted proof 61/1464 and full suite 1833/17462 pass; 138-predicate atomic binding and closure controls follow."
SC-MD-B08-A001-001,STAGE_CLOSURE_MANIFEST,MD-B08,MD-B08-A001,MD-B08-A001,MD-B08-A001-BL001,ISSUED,records/evidence/SC-MD-B08-A001-001_STAGE_CLOSURE_MANIFEST.md,,E-MD-B08-A001-001,,MD-DEP-0004,,2026-08-23T22:02:00+07:00,"MD-B08 closure at 138/138 after final R3 targeted proof, full-suite proof, exact binding, residue and post-binding control-plane checks."
MD-B09-A001-BL001,BASELINE_LOCK,MD-B09,MD-B09-A001,MD-B09-A001,MD-B09-A001-BL001,ISSUED,records/evidence/MD-B09-A001-BL001_WORK_BASELINE_LOCK.json,,,,,,2026-08-23T22:31:00+07:00,"Immutable B09 pre-material lock after current stage-entry normalization; predecessor SC-MD-B08-A001-001 contributes no inherited B09 proof."
CI-MD-B09-A001-001,CHANGE_IMPACT_DECLARATION,MD-B09,MD-B09-A001,MD-B09-A001,MD-B09-A001-BL001,ISSUED,development/implementation/CI-MD-B09-A001-001_CANONICAL_RAW_IMPORT_AND_CANDIDATE_PERSISTENCE.md,,,,MD-DEP-0004,,2026-08-23T22:31:00+07:00,"B09 entry normalized at 139 mandatory / 12 optional / 46 moved; implementation/proof work in progress."
F-MD-B09-A001-001,FINDING,MD-B09,MD-B09-A001,MD-B09-A001,MD-B09-A001-BL001,ISSUED,development/findings/F-MD-B09-A001-001_ZERO_VOLUME_REASON_CODE_AUTHORITY_GAP.md,,E-MD-B09-A001-001;E-MD-B09-A001-002,D-MD-20260823-01,MD-DEP-0008,,2026-08-23T22:43:00+07:00,"Authority-completeness finding resolved by explicit authorization, DOC-CHG-20260823-001 and successor freeze; A001 remains non-PASS and A002 owns executable revalidation."
E-MD-B09-A001-001,EVIDENCE,MD-B09,MD-B09-A001,MD-B09-A001,MD-B09-A001-BL001,ISSUED,records/evidence/E-MD-B09-A001-001_STAGE_ENTRY_AUTHORITY_CONTRADICTION_STATIC_PROOF.json,F-MD-B09-A001-001,SC-MD-B08-A001-001,,MD-DEP-0004;MD-DEP-0008,,2026-08-23T22:43:00+07:00,"Static proof only: B09 normalized to 139 mandatory, 0 satisfied; authority contradiction blocks executable rule 10 remediation."
D-MD-20260823-01,DECISION,MD-B09,MD-B09-A001,MD-B09-A001,MD-B09-A001-BL001,ISSUED,records/decisions/D-MD-20260823-01_ZERO_VOLUME_MOVEMENT_REASON_CODE.md,F-MD-B09-A001-001,E-MD-B09-A001-001,,MD-DEP-0008,,2026-08-23T22:48:00+07:00,"Reviewed decision selects dedicated BAR_ZERO_VOLUME_PRICE_MOVEMENT semantics; strategy-byte correction remains pending explicit user authorization."
E-MD-B09-A001-002,EVIDENCE,MD-B09,MD-B09-A001,MD-B09-A001,MD-B09-A001-BL001,ISSUED,records/evidence/E-MD-B09-A001-002_AUTHORIZED_STRATEGY_CORRECTION_AND_REENTRY.json,F-MD-B09-A001-001,E-MD-B09-A001-001,D-MD-20260823-01,MD-DEP-0008,,2026-08-23T22:50:00+07:00,"Explicit authorization applied; controlled MD-S085 correction/refreeze completed; A001 disposition is PARTIAL_REBASELINE_REQUIRED, not PASS."
MD-B09-A002-BL001,BASELINE_LOCK,MD-B09,MD-B09-A002,MD-B09-A002,MD-B09-A002-BL001,ISSUED,records/evidence/MD-B09-A002-BL001_WORK_BASELINE_LOCK.json,F-MD-B09-A001-001,E-MD-B09-A001-002,D-MD-20260823-01,MD-DEP-0008,,2026-08-23T22:49:09+07:00,"Successor baseline under MD-STRATEGY-FREEZE-20260823-001; issued before A002 executable mutation."
CI-MD-B09-A002-001,CHANGE_IMPACT_DECLARATION,MD-B09,MD-B09-A002,MD-B09-A002,MD-B09-A002-BL001,ISSUED,development/implementation/CI-MD-B09-A002-001_CANONICAL_RAW_IMPORT_REVALIDATION.md,F-MD-B09-A001-001,E-MD-B09-A001-002,D-MD-20260823-01,MD-DEP-0004;MD-DEP-0008,,2026-08-23T22:51:00+07:00,"Early A002 declaration for validator, reason dictionary, tests, proof tooling, affected B03 seed revalidation and B09 closure proof."
E-MD-B09-A002-001,EVIDENCE,MD-B09,MD-B09-A002,MD-B09-A002,MD-B09-A002-BL001,ISSUED,records/evidence/E-MD-B09-A002-001_CANONICAL_RAW_IMPORT_AND_CANDIDATE_PERSISTENCE.json,F-MD-B09-A001-001,E-MD-B09-A001-002;SC-MD-B08-A001-001,D-MD-20260823-01,MD-DEP-0004;MD-DEP-0008,,2026-08-24T00:05:00+07:00,"Final A002 evidence: deployed reason dictionary PASS; canonical RAW 60/348 PASS; import/provenance 105/1617 PASS; affected B04 4/9 PASS; full suite 1838/17475 PASS; 139-predicate atomic binding follows."
SC-MD-B09-A002-001,STAGE_CLOSURE_MANIFEST,MD-B09,MD-B09-A002,MD-B09-A002,MD-B09-A002-BL001,ISSUED,records/evidence/SC-MD-B09-A002-001_STAGE_CLOSURE_MANIFEST.md,F-MD-B09-A001-001,E-MD-B09-A002-001;E-MD-B09-A001-002;SC-MD-B08-A001-001,D-MD-20260823-01,MD-DEP-0004;MD-DEP-0008,,2026-08-24T00:08:00+07:00,"MD-B09 closes at 139/139 after final corrected local proof, exact evidence binding, affected predecessor revalidation, residue and post-binding controls."
MD-B10-A001-BL001,BASELINE_LOCK,MD-B10,MD-B10-A001,MD-B10-A001,MD-B10-A001-BL001,ISSUED,records/evidence/MD-B10-A001-BL001_WORK_BASELINE_LOCK.json,,SC-MD-B09-A002-001,,MD-DEP-0004,,2026-08-24T01:54:00+07:00,"Immutable MD-B10-A001 baseline after exact B10 stage-entry normalization at 1072 mandatory + 1 optional + 239 reference/context; issued before material B10 executable mutation."
CI-MD-B10-A001-001,CHANGE_IMPACT_DECLARATION,MD-B10,MD-B10-A001,MD-B10-A001,MD-B10-A001-BL001,ISSUED,development/implementation/CI-MD-B10-A001-001_IMMUTABLE_PUBLICATION_LIFECYCLE.md,,SC-MD-B09-A002-001,,MD-DEP-0004,,2026-08-24T01:54:00+07:00,"Current B10 impact declaration completed through cumulative R1-R5 remediation/proof lineage; final R5 deployed repair proof PASS; governed evidence bound 1072/1072 and B10 closure issued."
E-MD-B10-A001-001,EVIDENCE,MD-B10,MD-B10-A001,MD-B10-A001,MD-B10-A001-BL001,ISSUED,records/evidence/E-MD-B10-A001-001_IMMUTABLE_PUBLICATION_LIFECYCLE_AND_PROJECTION_REPAIR.json,,SC-MD-B09-A002-001,,MD-DEP-0004,,2026-08-25T11:05:00+07:00,"Final B10 evidence: migration/current schema + exact nine trigger protection PASS; immutable-history dry-run PASS; R4 affected runtime/reconciliation/full suite PASS; R5 rollback-safe deployed REBUILT_AND_VERIFIED repair PASS; exact 1072/1072 atomic binding complete."
SC-MD-B10-A001-001,STAGE_CLOSURE_MANIFEST,MD-B10,MD-B10-A001,MD-B10-A001,MD-B10-A001-BL001,ISSUED,records/evidence/SC-MD-B10-A001-001_STAGE_CLOSURE_MANIFEST.md,,E-MD-B10-A001-001;SC-MD-B09-A002-001,,MD-DEP-0004,,2026-08-25T11:06:00+07:00,"MD-B10 closes at 1072/1072 after cumulative migration/trigger, runtime lifecycle, reconciliation, full-suite and final deployed rollback-safe repair proof; exact evidence binding and post-binding controls complete."
MD-B11-A001-BL001,BASELINE_LOCK,MD-B11,MD-B11-A001,MD-B11-A001,MD-B11-A001-BL001,ISSUED,records/evidence/MD-B11-A001-BL001_WORK_BASELINE_LOCK.json,,SC-MD-B10-A001-001,,MD-DEP-0004,,2026-08-25T20:40:00+07:00,"Immutable B11 A001 baseline after exact stage-entry normalization at 138 mandatory + 273 reference/context; issued before material B11 executable mutation."
CI-MD-B11-A001-001,CHANGE_IMPACT_DECLARATION,MD-B11,MD-B11-A001,MD-B11-A001,MD-B11-A001-BL001,ISSUED,development/implementation/CI-MD-B11-A001-001_VERIFIED_CORPORATE_ACTION_LIFECYCLE.md,,SC-MD-B10-A001-001,,MD-DEP-0004,,2026-08-25T20:41:00+07:00,"Current B11 impact declaration for verified corporate-action lifecycle, anomaly-only detector, external completeness reconciliation and proof tooling; cycle-1 migration/schema PASS retained; R1 returned proof reduced the suite to 2 failures and exposed UTF-8 BOM decoding plus stale legacy fallback/factor expectations; R2 non-local remediation complete and corrected local proof pending."
E-MD-B11-A001-001,EVIDENCE,MD-B11,MD-B11-A001,MD-B11-A001,MD-B11-A001-BL001,ISSUED,records/evidence/E-MD-B11-A001-001_VERIFIED_CORPORATE_ACTION_LIFECYCLE_AND_EXTERNAL_RECONCILIATION.json,,SC-MD-B10-A001-001,,MD-DEP-0004,,2026-08-26T10:31:00+07:00,"Final B11 evidence: migration/schema PASS; corrected targeted 26/83 PASS; external incomplete-authority fail-closed runtime PASS; full suite 1880/17868 PASS; exact 138-predicate atomic binding complete."
SC-MD-B11-A001-001,STAGE_CLOSURE_MANIFEST,MD-B11,MD-B11-A001,MD-B11-A001,MD-B11-A001-BL001,ISSUED,records/evidence/SC-MD-B11-A001-001_STAGE_CLOSURE_MANIFEST.md,,E-MD-B11-A001-001;SC-MD-B10-A001-001,,MD-DEP-0004,,2026-08-26T10:32:00+07:00,"MD-B11 closes at 138/138 after cumulative deployed-schema, corrected targeted, external reconciliation fail-closed and full-suite proof; exact binding, qualified residue and post-binding controls complete."
MD-B12-A001-BL001,BASELINE_LOCK,MD-B12,MD-B12-A001,MD-B12-A001,MD-B12-A001-BL001,ISSUED,records/evidence/MD-B12-A001-BL001_WORK_BASELINE_LOCK.json,,SC-MD-B11-A001-001,,MD-DEP-0004,,2026-08-26T12:38:33+07:00,"Immutable B12 A001 baseline after exact stage-entry normalization at 45 mandatory + 78 reference/context; issued before material B12 executable mutation."
CI-MD-B12-A001-001,CHANGE_IMPACT_DECLARATION,MD-B12,MD-B12-A001,MD-B12-A001,MD-B12-A001-BL001,ISSUED,development/implementation/CI-MD-B12-A001-001_COHERENT_ANALYTICAL_PRICE_PRODUCTS.md,,SC-MD-B11-A001-001,,MD-DEP-0004,,2026-08-26T12:38:33+07:00,"Current B12 impact declaration for coherent analytical price products; R1/R2 stale test-fixture remediation preserved runtime implementation; R3 targeted 48/161 + full suite 1891/17908 PASS; cumulative pipeline 1/44 PASS remains valid; exact 45-predicate evidence binding and closure controls completed."
E-MD-B12-A001-001,EVIDENCE,MD-B12,MD-B12-A001,MD-B12-A001,MD-B12-A001-BL001,ISSUED,records/evidence/E-MD-B12-A001-001_COHERENT_ANALYTICAL_PRICE_PRODUCTS.json,,SC-MD-B11-A001-001,,MD-DEP-0004,,2026-08-26T19:55:00+07:00,"Final B12 evidence: cumulative pipeline 1/44 PASS; corrected R3 targeted 48/161 PASS; full suite 1891/17908 PASS; exact 45/45 atomic binding complete; missing R3 auxiliary preflight recorded INCOMPLETE and substituted by exact patch-lineage repository admission."
SC-MD-B12-A001-001,STAGE_CLOSURE_MANIFEST,MD-B12,MD-B12-A001,MD-B12-A001,MD-B12-A001-BL001,ISSUED,records/evidence/SC-MD-B12-A001-001_STAGE_CLOSURE_MANIFEST.md,,E-MD-B12-A001-001;SC-MD-B11-A001-001,,MD-DEP-0004,,2026-08-26T19:56:00+07:00,"MD-B12 closes at 45/45 after cumulative pipeline integration, corrected R3 targeted/full-suite proof, exact evidence binding, conformant residue and post-binding controls."
MD-B13-A001-BL001,BASELINE_LOCK,MD-B13,MD-B13-A001,MD-B13-A001,MD-B13-A001-BL001,ISSUED,records/evidence/MD-B13-A001-BL001_WORK_BASELINE_LOCK.json,,SC-MD-B12-A001-001,,MD-DEP-0004,,2026-08-27T08:21:23+07:00,"Immutable B13 A001 baseline after exact stage-entry normalization at 33 mandatory + 15 conditional-pending + 13 reference/context; issued before material B13 executable mutation."
CI-MD-B13-A001-001,CHANGE_IMPACT_DECLARATION,MD-B13,MD-B13-A001,MD-B13-A001,MD-B13-A001-BL001,ISSUED,development/implementation/CI-MD-B13-A001-001_ACTUAL_AND_PROXY_DAILY_MARKET_METRICS.md,,SC-MD-B12-A001-001,,MD-DEP-0004,,2026-08-27T08:21:23+07:00,"Current B13 impact declaration for actual/proxy daily market metrics; 18 rows promoted out of REFERENCE_ONLY, 15 aggregate/alias-retirement rows resolved to CONDITIONAL_PENDING; no strategy byte changed; implementation and runtime proof pending."
E-MD-B13-A001-001,EVIDENCE,MD-B13,MD-B13-A001,MD-B13-A001,MD-B13-A001-BL001,ISSUED,records/evidence/E-MD-B13-A001-001_ACTUAL_AND_PROXY_DAILY_MARKET_METRICS.json,,SC-MD-B12-A001-001,,MD-DEP-0004,,2026-08-27T09:25:00+07:00,"Final B13 evidence: targeted 55/198 PASS; full suite 1946/18130 PASS; proof mutation self-test 12/12 with green controls; static invariant gate PASS over 230 files; 14 MD-S042 aggregate rows resolved CONDITIONAL_NOT_APPLICABLE on an evidenced false condition; exact 33/33 atomic binding complete."
SC-MD-B13-A001-001,STAGE_CLOSURE_MANIFEST,MD-B13,MD-B13-A001,MD-B13-A001,MD-B13-A001-BL001,ISSUED,records/evidence/SC-MD-B13-A001-001_STAGE_CLOSURE_MANIFEST.md,,E-MD-B13-A001-001;SC-MD-B12-A001-001,,MD-DEP-0004,,2026-08-27T09:30:00+07:00,"MD-B13 closes at 33/33 after in-session runtime proof, 14 evidenced conditional-not-applicable aggregate rows, exact evidence binding, declared historical labelling gap and post-binding controls."
MD-B07-A002-BL001,BASELINE_LOCK,MD-B07,MD-B07-A002,MD-B07-A002,MD-B07-A002-BL001,ISSUED,records/evidence/MD-B07-A002-BL001_WORK_BASELINE_LOCK.json,,SC-MD-B07-A001-001,,MD-DEP-0004,,2026-08-27T13:17:51+07:00,"Issued after the A002 stage-entry re-review at 116 mandatory + 51 reference and before any material change; the A001 closure is the stage precondition whose denominator this attempt corrects."
CI-MD-B07-A002-001,CHANGE_IMPACT_DECLARATION,MD-B07,MD-B07-A002,MD-B07-A002,MD-B07-A002-BL001,ISSUED,development/implementation/CI-MD-B07-A002-001_CREDENTIAL_MASKING_TRACEABILITY_CORRECTION.md,,SC-MD-B07-A001-001,,MD-DEP-0004,,2026-08-27T13:20:00+07:00,"Declares the MD-S066-R0002 classification correction and the normalization scope defect that hid it; no application, schema, configuration or storage change."
E-MD-B07-A002-001,EVIDENCE,MD-B07,MD-B07-A002,MD-B07-A002,MD-B07-A002-BL001,ISSUED,records/evidence/E-MD-B07-A002-001_CREDENTIAL_MASKING_ACROSS_ACQUISITION_SURFACES.json,,MD-B07-A002-BL001;CI-MD-B07-A002-001,,MD-DEP-0004,,2026-08-27T14:05:00+07:00,"Credential masking bound at 116/116; both the masking guard and the new normalization completeness assertion demonstrated falsifiable; E-MD-B07-A001-001 not edited."
SC-MD-B07-A002-001,STAGE_CLOSURE_MANIFEST,MD-B07,MD-B07-A002,MD-B07-A002,MD-B07-A002-BL001,ISSUED,records/evidence/SC-MD-B07-A002-001_STAGE_CLOSURE_MANIFEST.md,,E-MD-B07-A002-001,,MD-DEP-0004,,2026-08-27T14:20:00+07:00,"MD-B07 closure corrected to 116/116; SC-MD-B07-A001-001 remains immutable and is not superseded as a record, only its coverage figure."
MD-B08-A002-BL001,BASELINE_LOCK,MD-B08,MD-B08-A002,MD-B08-A002,MD-B08-A002-BL001,ISSUED,records/evidence/MD-B08-A002-BL001_WORK_BASELINE_LOCK.json,,SC-MD-B08-A001-001,,MD-DEP-0004,,2026-08-27T13:56:13+07:00,"Issued after the A002 stage-entry re-review at 139 mandatory + 94 reference and before any material change."
CI-MD-B08-A002-001,CHANGE_IMPACT_DECLARATION,MD-B08,MD-B08-A002,MD-B08-A002,MD-B08-A002-BL001,ISSUED,development/implementation/CI-MD-B08-A002-001_REASON_CODE_RETENTION_TRACEABILITY_CORRECTION.md,,SC-MD-B08-A001-001,,MD-DEP-0004,,2026-08-27T14:00:00+07:00,"Declares the MD-S067-R0010 correction; obligation was genuinely unproven, so a behavioural guard is added."
E-MD-B08-A002-001,EVIDENCE,MD-B08,MD-B08-A002,MD-B08-A002,MD-B08-A002-BL001,ISSUED,records/evidence/E-MD-B08-A002-001_REASON_CODE_RETENTION_AND_ROUTING_PRIMARY.json,,MD-B08-A002-BL001;CI-MD-B08-A002-001,,MD-DEP-0004,,2026-08-27T16:10:00+07:00,"Reason-code retention bound at 139/139; the mutation that previously passed all 1946 tests now fails the new guard."
SC-MD-B08-A002-001,STAGE_CLOSURE_MANIFEST,MD-B08,MD-B08-A002,MD-B08-A002,MD-B08-A002-BL001,ISSUED,records/evidence/SC-MD-B08-A002-001_STAGE_CLOSURE_MANIFEST.md,,E-MD-B08-A002-001,,MD-DEP-0004,,2026-08-27T16:20:00+07:00,"MD-B08 closure corrected to 139/139."
MD-B00-A004-BL001,BASELINE_LOCK,MD-B00,MD-B00-A004,MD-B00-A004,MD-B00-A004-BL001,ISSUED,records/evidence/MD-B00-A004-BL001_WORK_BASELINE_LOCK.json,,SC-MD-B00-A003-001,,MD-DEP-0004,,2026-08-27T14:12:57+07:00,"Issued before hardening the classification gate; no strategy, schema, application or storage change in scope."
CI-MD-B00-A004-001,CHANGE_IMPACT_DECLARATION,MD-B00,MD-B00-A004,MD-B00-A004,MD-B00-A004-BL001,ISSUED,development/implementation/CI-MD-B00-A004-001_CLASSIFICATION_GATE_BLIND_SPOT_HARDENING.md,,SC-MD-B00-A003-001,,MD-DEP-0004,,2026-08-27T14:20:00+07:00,"Declares UNEXPLAINED_REFERENCE and BINDING_COHERENCE; grammatical mood deliberately stays out of the gate."
E-MD-B00-A004-001,EVIDENCE,MD-B00,MD-B00-A004,MD-B00-A004,MD-B00-A004-BL001,ISSUED,records/evidence/E-MD-B00-A004-001_CLASSIFICATION_GATE_BLIND_SPOT_HARDENING.json,,MD-B00-A004-BL001;CI-MD-B00-A004-001,,MD-DEP-0004,,2026-08-27T17:05:00+07:00,"Both checks mutation-proven; 1644 previously invisible reference rows counted across 14 stages; full suite 1951/18238."
SC-MD-B00-A004-001,STAGE_CLOSURE_MANIFEST,MD-B00,MD-B00-A004,MD-B00-A004,MD-B00-A004-BL001,ISSUED,records/evidence/SC-MD-B00-A004-001_STAGE_CLOSURE_MANIFEST.md,,E-MD-B00-A004-001,,MD-DEP-0004,,2026-08-27T17:15:00+07:00,"MD-B00-A004 closure; the defect shape that twice escaped the gate is now a fail-closed regression test."
MD-B09-A003-BL001,BASELINE_LOCK,MD-B09,MD-B09-A003,MD-B09-A003,MD-B09-A003-BL001,ISSUED,records/evidence/MD-B09-A003-BL001_WORK_BASELINE_LOCK.json,,SC-MD-B09-A002-001,,MD-DEP-0004,,2026-08-27T14:56:25+07:00,"Issued after the A003 reference-population re-check at 140 mandatory and before any material change."
CI-MD-B09-A003-001,CHANGE_IMPACT_DECLARATION,MD-B09,MD-B09-A003,MD-B09-A003,MD-B09-A003-BL001,ISSUED,development/implementation/CI-MD-B09-A003-001_PROVIDER_VOCABULARY_LEAK_TRACEABILITY_CORRECTION.md,,SC-MD-B09-A002-001,,MD-DEP-0004,,2026-08-27T15:00:00+07:00,"Declares the MD-S008-R0018 promotion and the four recorded reference decisions."
E-MD-B09-A003-001,EVIDENCE,MD-B09,MD-B09-A003,MD-B09-A003,MD-B09-A003-BL001,ISSUED,records/evidence/E-MD-B09-A003-001_PROVIDER_VOCABULARY_LEAK_PROHIBITION.json,,MD-B09-A003-BL001;CI-MD-B09-A003-001,,MD-DEP-0004,,2026-08-27T18:05:00+07:00,"Provider-vocabulary leak prohibition bound at 140/140; the source-JSON-path guard gap closed and mutation-proven."
SC-MD-B09-A003-001,STAGE_CLOSURE_MANIFEST,MD-B09,MD-B09-A003,MD-B09-A003,MD-B09-A003-BL001,ISSUED,records/evidence/SC-MD-B09-A003-001_STAGE_CLOSURE_MANIFEST.md,,E-MD-B09-A003-001,,MD-DEP-0004,,2026-08-27T18:15:00+07:00,"MD-B09 closure at 140/140; first stage re-check driven by the hardened gate rather than a hand search."
MD-B12-A002-BL001,BASELINE_LOCK,MD-B12,MD-B12-A002,MD-B12-A002,MD-B12-A002-BL001,ISSUED,records/evidence/MD-B12-A002-BL001_WORK_BASELINE_LOCK.json,,SC-MD-B12-A001-001,,MD-DEP-0004,,2026-08-27T15:31:00+07:00,"Issued after the scoped A002 re-check at 60 mandatory and before any material change."
CI-MD-B12-A002-001,CHANGE_IMPACT_DECLARATION,MD-B12,MD-B12-A002,MD-B12-A002,MD-B12-A002-BL001,ISSUED,development/implementation/CI-MD-B12-A002-001_FORBIDDEN_BEHAVIOUR_AND_ELIGIBILITY_PROMOTION.md,,SC-MD-B12-A001-001,,MD-DEP-0004,,2026-08-27T15:40:00+07:00,"Declares the 15 promotions and states why the scope is partial."
E-MD-B12-A002-001,EVIDENCE,MD-B12,MD-B12-A002,MD-B12-A002,MD-B12-A002-BL001,ISSUED,records/evidence/E-MD-B12-A002-001_FORBIDDEN_BEHAVIOUR_AND_ADJUSTMENT_ELIGIBILITY.json,,MD-B12-A002-BL001;CI-MD-B12-A002-001,,MD-DEP-0004,,2026-08-27T19:20:00+07:00,"15 predicates bound at 60/60; the adjustment-authority invariant from the audit is now guarded."
SC-MD-B12-A002-001,STAGE_CLOSURE_MANIFEST,MD-B12,MD-B12-A002,MD-B12-A002,MD-B12-A002-BL001,ISSUED,records/evidence/SC-MD-B12-A002-001_STAGE_CLOSURE_MANIFEST.md,,E-MD-B12-A002-001,,MD-DEP-0004,,2026-08-27T19:30:00+07:00,"MD-B12 scoped closure at 60/60; not admitted to DECISION_RECORDED_STAGES, 39 rows remain for A003."
MD-B11-A002-BL001,BASELINE_LOCK,MD-B11,MD-B11-A002,MD-B11-A002,MD-B11-A002-BL001,ISSUED,records/evidence/MD-B11-A002-BL001_WORK_BASELINE_LOCK.json,,SC-MD-B11-A001-001,,MD-DEP-0004,,2026-08-28T02:14:18+07:00,"Issued after the A002 scope was derived and before any matrix change."
CI-MD-B11-A002-001,CHANGE_IMPACT_DECLARATION,MD-B11,MD-B11-A002,MD-B11-A002,MD-B11-A002-BL001,ISSUED,development/implementation/CI-MD-B11-A002-001_PROHIBITION_SECTIONS_AND_DATE_HIERARCHIES.md,,SC-MD-B11-A001-001,,MD-DEP-0004,,2026-08-28T02:55:00+07:00,"Declares the 34 promotions across four prohibition sections and two date hierarchies; issuance sequence stated in the record."
E-MD-B11-A002-001,EVIDENCE,MD-B11,MD-B11-A002,MD-B11-A002,MD-B11-A002-BL001,ISSUED,records/evidence/E-MD-B11-A002-001_PROHIBITION_SECTIONS_AND_DATE_HIERARCHIES.json,,MD-B11-A002-BL001;CI-MD-B11-A002-001,,MD-DEP-0004,,2026-08-28T03:05:00+07:00,"34 predicates bound at 172/172; both copies of the adjustment-authority invariant now guarded."
SC-MD-B11-A002-001,STAGE_CLOSURE_MANIFEST,MD-B11,MD-B11-A002,MD-B11-A002,MD-B11-A002-BL001,ISSUED,records/evidence/SC-MD-B11-A002-001_STAGE_CLOSURE_MANIFEST.md,,E-MD-B11-A002-001,,MD-DEP-0004,,2026-08-28T03:20:00+07:00,"MD-B11 closure at 172/172; zero whole prohibition sections remain at required=0 in the package; full-suite control ENVIRONMENT_UNAVAILABLE."
E-MD-B11-A002-002,EVIDENCE,MD-B11,MD-B11-A002,MD-B11-A002,MD-B11-A002-BL001,ISSUED,records/evidence/E-MD-B11-A002-002_DATABASE_RESTORED_FULL_SUITE_DISCHARGE.json,,MD-B11-A002-BL001;CI-MD-B11-A002-001;E-MD-B11-A002-001;SC-MD-B11-A002-001,,MD-DEP-0004,,2026-08-28T16:05:00+07:00,"Full suite 1953/18244 exit 0 with zero skips against restored MariaDB 10.4.27; B11 deployed-schema probe PASS; raw artifacts under storage/app/market-data/b11-a002-database-restored-proof with MANIFEST sha256."
MD-B12-A003-BL001,BASELINE_LOCK,MD-B12,MD-B12-A003,MD-B12-A003,MD-B12-A003-BL001,ISSUED,records/evidence/MD-B12-A003-BL001_WORK_BASELINE_LOCK.json,,SC-MD-B12-A002-001,,MD-DEP-0004,,2026-08-29T07:31:17+07:00,"Issued after the A003 scope was derived and guard coverage verified, before any matrix change."
CI-MD-B12-A003-001,CHANGE_IMPACT_DECLARATION,MD-B12,MD-B12-A003,MD-B12-A003,MD-B12-A003-BL001,ISSUED,development/implementation/CI-MD-B12-A003-001_REFERENCE_POPULATION_COMPLETION.md,,SC-MD-B12-A002-001,,MD-DEP-0004,,2026-08-29T08:10:00+07:00,"Declares 15 promotions and 24 recorded reference decisions completing the MD-B12 population."
E-MD-B12-A003-001,EVIDENCE,MD-B12,MD-B12-A003,MD-B12-A003,MD-B12-A003-BL001,ISSUED,records/evidence/E-MD-B12-A003-001_REFERENCE_POPULATION_COMPLETION.json,,MD-B12-A003-BL001;CI-MD-B12-A003-001,,MD-DEP-0004,,2026-08-29T09:40:00+07:00,"Final 15 predicates bound at 75/75; zero unexplained reference rows; MD-B12 admitted to DECISION_RECORDED_STAGES."
SC-MD-B12-A003-001,STAGE_CLOSURE_MANIFEST,MD-B12,MD-B12-A003,MD-B12-A003,MD-B12-A003-BL001,ISSUED,records/evidence/SC-MD-B12-A003-001_STAGE_CLOSURE_MANIFEST.md,,E-MD-B12-A003-001,,MD-DEP-0004,,2026-08-29T09:55:00+07:00,"MD-B12 closure at 75/75 with full suite 1953/18247 exit 0 against reachable MariaDB; MD-DEP-0004 fully discharged for this stage."
MD-B11-A003-BL001,BASELINE_LOCK,MD-B11,MD-B11-A003,MD-B11-A003,MD-B11-A003-BL001,ISSUED,records/evidence/MD-B11-A003-BL001_WORK_BASELINE_LOCK.json,,SC-MD-B11-A002-001,,MD-DEP-0004,,2026-08-29T08:00:18+07:00,"Issued after the A003 scope was derived and all 28 family guard methods verified, before any matrix change."
CI-MD-B11-A003-001,CHANGE_IMPACT_DECLARATION,MD-B11,MD-B11-A003,MD-B11-A003,MD-B11-A003-BL001,ISSUED,development/implementation/CI-MD-B11-A003-001_REFERENCE_POPULATION_COMPLETION.md,,SC-MD-B11-A002-001,,MD-DEP-0004,,2026-08-29T10:20:00+07:00,"Declares 30 promotions and 137 recorded reference decisions completing the MD-B11 population."
E-MD-B11-A003-001,EVIDENCE,MD-B11,MD-B11-A003,MD-B11-A003,MD-B11-A003-BL001,ISSUED,records/evidence/E-MD-B11-A003-001_REFERENCE_POPULATION_COMPLETION.json,,MD-B11-A003-BL001;CI-MD-B11-A003-001,,MD-DEP-0004,,2026-08-29T11:30:00+07:00,"Final 30 predicates bound at 202/202; zero unexplained reference rows; MD-B11 admitted to DECISION_RECORDED_STAGES."
SC-MD-B11-A003-001,STAGE_CLOSURE_MANIFEST,MD-B11,MD-B11-A003,MD-B11-A003,MD-B11-A003-BL001,ISSUED,records/evidence/SC-MD-B11-A003-001_STAGE_CLOSURE_MANIFEST.md,,E-MD-B11-A003-001,,MD-DEP-0004,,2026-08-29T11:45:00+07:00,"MD-B11 closure at 202/202 with full suite 1953/18248 exit 0 against reachable MariaDB; closed-stage backlog across the package is zero."
MD-B14-A001-BL001,BASELINE_LOCK,MD-B14,MD-B14-A001,MD-B14-A001,MD-B14-A001-BL001,ISSUED,records/evidence/MD-B14-A001-BL001_WORK_BASELINE_LOCK.json,,SC-MD-B13-A001-001,,MD-DEP-0004,,2026-08-29T09:23:15+07:00,"Issued after exact stage-entry normalization at 147 mandatory, zero transitional, zero mixed-run debt, zero unexplained reference; before any material B14 mutation."
CI-MD-B14-A001-001,CHANGE_IMPACT_DECLARATION,MD-B14,MD-B14-A001,MD-B14-A001,MD-B14-A001-BL001,ISSUED,development/implementation/CI-MD-B14-A001-001_DETERMINISTIC_INDICATOR_ENGINE.md,,SC-MD-B13-A001-001,,MD-DEP-0004,,2026-08-29T09:40:00+07:00,"Declares the B14 impact envelope and routes remediation of F-MD-B01-A008-001 to the indicator dependency manifest owned here."
F-MD-B14-A001-001,FINDING,MD-B14,MD-B14-A001,MD-B14-A001,MD-B14-A001-BL001,ISSUED,development/findings/F-MD-B14-A001-001_NO_REASON_CODE_FOR_ABSENT_OPTIONAL_SOURCE_FACT.md,,CI-MD-B14-A001-001,,,,2026-08-29T13:40:00+07:00,"P3. No registered reason code expresses a field nulled by an absent optional source fact; remediation is a strategy change to Reason_Codes_Registry.md."
E-MD-B14-A001-001,EVIDENCE,MD-B14,MD-B14-A001,MD-B14-A001,MD-B14-A001-BL001,ISSUED,records/evidence/E-MD-B14-A001-001_DETERMINISTIC_INDICATOR_ENGINE.json,F-MD-B14-A001-001,SC-MD-B13-A001-001,,MD-DEP-0004,,2026-08-29T13:55:00+07:00,"147/147 mandatory predicates SATISFIED across 25 proof families; three executable gaps closed (atr14 never published, null_reasons_json never written, no versioned field registry); ten fail-closed probes all caught; F-MD-B01-A008-001 discharged; F-MD-B14-A001-001 opened."
SC-MD-B14-A001-001,STAGE_CLOSURE,MD-B14,MD-B14-A001,MD-B14-A001,MD-B14-A001-BL001,ISSUED,records/evidence/SC-MD-B14-A001-001_STAGE_CLOSURE_MANIFEST.md,,E-MD-B14-A001-001,,MD-DEP-0004,,2026-08-29T14:35:00+07:00,"MD-B14 terminal DONE/PASS. 147/147 mandatory bound; 1 conditional-not-applicable with a standing guard; eight closure conditions met and each proven falsifiable; F-MD-B01-A008-001 discharged; F-MD-B14-A001-001 open non-blocking."
F-MD-20260829-04,FINDING,,,,,ISSUED,development/findings/F-MD-20260829-04_CLOSED_STAGE_PROOF_GATES_LOSE_THEIR_VERDICT.md,,,,,,2026-08-29T15:10:00+07:00,"P2 RESOLVED. MD-B08 proof gate had no reachable bound mode; MD-B11/MD-B12 self-tests fell back to pre-binding mode on multi-attempt evidence. Tooling repaired; zero traceability rows altered."
MD-B15-A001-BL001,BASELINE_LOCK,MD-B15,MD-B15-A001,MD-B15-A001,MD-B15-A001-BL001,ISSUED,records/evidence/MD-B15-A001-BL001_WORK_BASELINE_LOCK.json,,SC-MD-B14-A001-001,,MD-DEP-0004,,2026-08-29T23:22:19+07:00,"Issued after exact stage-entry normalization at 221 mandatory, zero transitional, zero pending, zero unexplained reference; before any material MD-B15 mutation."
CI-MD-B15-A001-001,CHANGE_IMPACT_DECLARATION,MD-B15,MD-B15-A001,MD-B15-A001,MD-B15-A001-BL001,ISSUED,development/implementation/CI-MD-B15-A001-001_TEMPORAL_COVERAGE_EXPECTATION_AND_DELIVERY_GATE.md,,SC-MD-B14-A001-001,,MD-DEP-0004,,2026-08-29T23:40:00+07:00,"Declares the MD-B15 impact envelope and the confirmed evidence-identity gap: coverage records bound only their own contract version."
E-MD-B15-A001-001,EVIDENCE,MD-B15,MD-B15-A001,MD-B15-A001,MD-B15-A001-BL001,ISSUED,records/evidence/E-MD-B15-A001-001_TEMPORAL_COVERAGE_EXPECTATION_AND_DELIVERY_GATE.json,,SC-MD-B14-A001-001,,MD-DEP-0004,,2026-08-30T18:20:00+07:00,"221/221 mandatory predicates SATISFIED across 29 proof families; coverage evidence now binds the universe resolver version and the calendar and trading-status revision identities; six fail-closed probes all caught."
SC-MD-B15-A001-001,STAGE_CLOSURE,MD-B15,MD-B15-A001,MD-B15-A001,MD-B15-A001-BL001,ISSUED,records/evidence/SC-MD-B15-A001-001_STAGE_CLOSURE_MANIFEST.md,,E-MD-B15-A001-001,,MD-DEP-0004,,2026-08-30T19:05:00+07:00,"MD-B15 terminal DONE/PASS. 221/221 mandatory bound; eight closure conditions met and each proven falsifiable; coverage evidence now binds resolver and revision identity; no finding opened."
MD-B16-A001-BL001,BASELINE_LOCK,MD-B16,MD-B16-A001,MD-B16-A001,MD-B16-A001-BL001,ISSUED,records/evidence/MD-B16-A001-BL001_WORK_BASELINE_LOCK.json,,SC-MD-B15-A001-001,,MD-DEP-0004,,2026-08-31T08:00:00+07:00,"Issued after exact stage-entry normalization at 75 mandatory, zero transitional, zero pending, zero unexplained reference; before any material B16 mutation."
CI-MD-B16-A001-001,CHANGE_IMPACT_DECLARATION,MD-B16,MD-B16-A001,MD-B16-A001,MD-B16-A001-BL001,ISSUED,development/implementation/CI-MD-B16-A001-001_EXPLAINABLE_ROW_LEVEL_DATA_USABILITY.md,,SC-MD-B15-A001-001,,MD-DEP-0004,,2026-08-31T08:10:00+07:00,"Declares the B16 impact envelope and the confirmed gap: four required fact dimensions absent from the eligibility row."
E-MD-B16-A001-001,EVIDENCE,MD-B16,MD-B16-A001,MD-B16-A001,MD-B16-A001-BL001,ISSUED,records/evidence/E-MD-B16-A001-001_EXPLAINABLE_ROW_LEVEL_DATA_USABILITY.json,,SC-MD-B15-A001-001,,MD-DEP-0004,,2026-08-31T09:00:00+07:00,"75/75 mandatory predicates SATISFIED across 24 proof families; four required fact dimensions now persisted on the eligibility row; eight fail-closed probes all caught."
SC-MD-B16-A001-001,STAGE_CLOSURE,MD-B16,MD-B16-A001,MD-B16-A001,MD-B16-A001-BL001,ISSUED,records/evidence/SC-MD-B16-A001-001_STAGE_CLOSURE_MANIFEST.md,,E-MD-B16-A001-001,,MD-DEP-0004,,2026-08-31T09:40:00+07:00,"MD-B16 terminal DONE/PASS. 75/75 mandatory bound; four required fact dimensions now persisted; eight closure conditions met and each proven falsifiable; no finding opened."
MD-B17-A001-BL001,BASELINE_LOCK,MD-B17,MD-B17-A001,MD-B17-A001,MD-B17-A001-BL001,ISSUED,records/evidence/MD-B17-A001-BL001_WORK_BASELINE_LOCK.json,,SC-MD-B16-A001-001,,MD-DEP-0004,,2026-08-31T10:00:00+07:00,"Issued after exact stage-entry normalization at 246 mandatory, 2 conditional-not-applicable behind a standing guard, zero pending; before any material B17 mutation."
F-MD-B17-A001-001,FINDING,MD-B17,MD-B17-A001,MD-B17-A001,MD-B17-A001-BL001,ISSUED,development/findings/F-MD-B17-A001-001_ANOMALY_THRESHOLDS_CANNOT_BE_CONFIGURATION_BOUND.md,,MD-B17-A001-BL001;E-MD-B17-A001-002,D-MD-B17-A001-001,,,2026-08-31T10:30:00+07:00,"P2 authority-completeness finding resolved by explicit authorization, DOC-CHG-20260903-001, successor freeze, and E-MD-B17-A001-002; A001 remains PARTIAL_REBASELINE_REQUIRED and A002 owns runtime proof."
CI-MD-B17-A001-001,CHANGE_IMPACT_DECLARATION,MD-B17,MD-B17-A001,MD-B17-A001,MD-B17-A001-BL001,ISSUED,development/implementation/CI-MD-B17-A001-001_ATOMIC_READ_PRODUCT_AND_READINESS_GATEWAY.md,F-MD-B17-A001-001,SC-MD-B16-A001-001,,MD-DEP-0004,,2026-08-31T11:00:00+07:00,"Declares the B17 impact envelope, the date-level anomaly remediation, and the threshold clause that cannot be satisfied without a controlled correction to MD-S082."
E-MD-B17-A001-001,EVIDENCE,MD-B17,MD-B17-A001,MD-B17-A001,MD-B17-A001-BL001,ISSUED,records/evidence/E-MD-B17-A001-001_ATOMIC_READ_PRODUCT_AND_READINESS_GATEWAY.json,F-MD-B17-A001-001,CI-MD-B17-A001-001,,MD-DEP-0004,,2026-08-31T11:30:00+07:00,"Binds 245 of the 246 MD-B17 mandatory predicates to guards executed in this attempt. MD-S051-R0070 stays NOT_ASSESSED behind F-MD-B17-A001-001, so the stage does not close. Outcome PARTIAL."
D-MD-B17-A001-001,DECISION,MD-B17,MD-B17-A001,MD-B17-A001,MD-B17-A001-BL001,ISSUED,records/decisions/D-MD-B17-A001-001_DATE_LEVEL_ANOMALY_CONFIG_REGISTRATION.md,F-MD-B17-A001-001,E-MD-B17-A001-001,,,,2026-09-01T23:24:17+07:00,"Reviewed decision preserves MD-S051 and bounds exactly six additive MD-S082 resolved-key rows; strategy revision remains pending explicit user authorization."
E-MD-B17-A001-002,EVIDENCE,MD-B17,MD-B17-A001,MD-B17-A001,MD-B17-A001-BL001,ISSUED,records/evidence/E-MD-B17-A001-002_AUTHORIZED_STRATEGY_CORRECTION_AND_REENTRY.json,F-MD-B17-A001-001,E-MD-B17-A001-001,D-MD-B17-A001-001,,,2026-09-03T21:03:12+07:00,"Explicit authorization applied; controlled six-key MD-S082 correction and successor freeze completed; A001 disposition is PARTIAL_REBASELINE_REQUIRED, not PASS."
MD-B17-A002-BL001,BASELINE_LOCK,MD-B17,MD-B17-A002,MD-B17-A002,MD-B17-A002-BL001,ISSUED,records/evidence/MD-B17-A002-BL001_WORK_BASELINE_LOCK.json,F-MD-B17-A001-001,E-MD-B17-A001-002;SC-MD-B16-A001-001,D-MD-B17-A001-001,MD-DEP-0004,,2026-09-03T21:05:30+07:00,"Successor baseline after authorised MD-S082 correction/refreeze and A001 non-PASS disposition; issued before all A002 runtime config, service, test, proof, binding, evidence, or closure mutations."
CI-MD-B17-A002-001,CHANGE_IMPACT_DECLARATION,MD-B17,MD-B17-A002,MD-B17-A002,MD-B17-A002-BL001,ISSUED,development/implementation/CI-MD-B17-A002-001_SNAPSHOT_BOUND_ANOMALY_THRESHOLDS.md,F-MD-B17-A001-001,E-MD-B17-A001-002;SC-MD-B16-A001-001,D-MD-B17-A001-001,MD-DEP-0004,,2026-09-03T21:07:00+07:00,"Early A002 declaration covering six-key config/snapshot binding, affected B04 proof, fail-closed guards, fresh 246-predicate proof, raw artifact admission, residue, and closure."
E-MD-B17-A002-001,EVIDENCE,MD-B17,MD-B17-A002,MD-B17-A002,MD-B17-A002-BL001,ISSUED,records/evidence/E-MD-B17-A002-001_SNAPSHOT_BOUND_ANOMALY_RUNTIME_PROOF.json,F-MD-B17-A001-001,E-MD-B17-A001-002;SC-MD-B16-A001-001,D-MD-B17-A001-001,MD-DEP-0004,,2026-09-03T21:47:00+07:00,"Fresh A002 runtime proof for all 246 B17 predicates; matrix binding and terminal closure are deliberately not claimed at issue."
E-MD-B17-A002-002,EVIDENCE,MD-B17,MD-B17-A002,MD-B17-A002,MD-B17-A002-BL001,ISSUED,records/evidence/E-MD-B17-A002-002_POST_BINDING_AND_CLOSURE_PROOF.json,,E-MD-B17-A002-001;SC-MD-B16-A001-001,D-MD-B17-A001-001,MD-DEP-0004,,2026-09-03T22:35:00+07:00,"Post-binding proof: exact 246/246 current binding, bound gates, post-binding full suite, independent rederivation and eight closure probes all pass."
SC-MD-B17-A002-001,STAGE_CLOSURE,MD-B17,MD-B17-A002,MD-B17-A002,MD-B17-A002-BL001,ISSUED,records/evidence/SC-MD-B17-A002-001_STAGE_CLOSURE_MANIFEST.md,,E-MD-B17-A002-001;E-MD-B17-A002-002,D-MD-B17-A001-001,MD-DEP-0004,,2026-09-03T22:37:00+07:00,"MD-B17 terminal DONE/PASS: 246/246 mandatory satisfied; all closure conditions and current raw-artifact links valid."
MD-B18-A001-BL001,BASELINE_LOCK,MD-B18,MD-B18-A001,MD-B18-A001,MD-B18-A001-BL001,ISSUED,records/evidence/MD-B18-A001-BL001_WORK_BASELINE_LOCK.json,,SC-MD-B17-A002-001,,MD-DEP-0004,,2026-09-04T07:46:23+07:00,"Current B18 pre-material baseline after exact 121-predicate stage-entry normalization; archive source identity recorded because supplied snapshot has no .git metadata; no B17 predicate proof inherited."
CI-MD-B18-A001-001,CHANGE_IMPACT_DECLARATION,MD-B18,MD-B18-A001,MD-B18-A001,MD-B18-A001-BL001,ISSUED,development/implementation/CI-MD-B18-A001-001_EXACT_PUBLICATION_AND_AS_KNOWN_REPLAY.md,,SC-MD-B17-A002-001,,MD-DEP-0004,,2026-09-04T07:47:00+07:00,"Current mutable B18 impact declaration reconstructed from the already-established early-attempt logical issuance and synchronized through the coherent pre-proof implementation; fresh local runtime proof remains pending."
F-MD-B18-A001-001,FINDING,MD-B18,MD-B18-A001,MD-B18-A001,MD-B18-A001-BL001,RESOLVED,development/findings/F-MD-B18-A001-001_REPLAY_PROOF_SURFACE_NOT_ADMISSIBLE.md,,CI-MD-B18-A001-001,,MD-DEP-0004,,2026-09-07T09:10:00+07:00,"P1. The 121-predicate proof map assigned families by substring matching with a catch-all, and 103 of 121 positive proofs were source-text greps; a probe removed a real DB::rollBack() and the owning guard stayed green. Blocks binding until the map is explicit and behavioural predicates have behavioural guards."
E-MD-B18-A001-001,EVIDENCE,MD-B18,MD-B18-A001,MD-B18-A001,MD-B18-A001-BL001,ISSUED,records/evidence/E-MD-B18-A001-001_EXACT_PUBLICATION_AND_AS_KNOWN_REPLAY_RUNTIME_PROOF.json,F-MD-B18-A001-001,CI-MD-B18-A001-001,,MD-DEP-0004,,2026-09-07T09:40:00+07:00,"Binds all 121 MD-B18 required predicates across 11 proof families. Six executions, 16 fail-closed probes over the family guards and the binder. Discharges F-MD-B18-A001-001."
SC-MD-B18-A001-001,STAGE_CLOSURE,MD-B18,MD-B18-A001,MD-B18-A001,MD-B18-A001-BL001,ISSUED,records/evidence/SC-MD-B18-A001-001_STAGE_CLOSURE_MANIFEST.md,F-MD-B18-A001-001,E-MD-B18-A001-001,,MD-DEP-0004,,2026-09-09T10:00:00+07:00,"MD-B18 terminal DONE/PASS: 121/121 required predicates satisfied, all eight closure conditions met and each independently mutation-proven, post-binding regression 2057/20596."
MD-B19-A001-BL001,BASELINE_LOCK,MD-B19,MD-B19-A001,MD-B19-A001,MD-B19-A001-BL001,ISSUED,records/evidence/MD-B19-A001-BL001_WORK_BASELINE_LOCK.json,,SC-MD-B18-A001-001,,MD-DEP-0003;MD-DEP-0004,,2026-09-09T11:00:00+07:00,"Issued at MD-B19 stage entry before any material mutation. Records the measured entry state: 936 active rows, 222 transitional, 646 reference, denominator NOT_YET_KNOWABLE."
CI-MD-B19-A001-001,CHANGE_IMPACT_DECLARATION,MD-B19,MD-B19-A001,MD-B19-A001,MD-B19-A001-BL001,ISSUED,development/implementation/CI-MD-B19-A001-001_OPERATIONS_LOCKING_OBSERVABILITY_AND_RECOVERY.md,,MD-B19-A001-BL001;SC-MD-B18-A001-001,,MD-DEP-0003;MD-DEP-0004,,2026-09-09T11:15:00+07:00,"Early declaration directing the attempt: measured entry state, the reviewed-map normalization method required after F-MD-B18-A001-001, and the refusal to quote a denominator before normalization completes."
F-MD-B19-A001-001,FINDING,MD-B19,MD-B19-A001,MD-B19-A001,MD-B19-A001-BL001,RESOLVED,development/findings/F-MD-B19-A001-001_RUN_SUMMARY_MISSING_V2_SEMANTIC_BINDINGS.md,,CI-MD-B19-A001-001,,MD-DEP-0003,,2026-09-09T14:00:00+07:00,"P2, RESOLVED in the attempt that raised it. run_summary.json omitted 12 of the 40 minimum fields MD-S075 names; all 12 now emitted - 5 from eod_runs, 7 carried from the publication manifest that buildRunSummary already receives. This record also corrects its own first reading, which wrongly called seven of them unreachable."
F-MD-B19-A001-002,FINDING,MD-B19,MD-B19-A001,MD-B19-A001,MD-B19-A001-BL001,OPEN,development/findings/F-MD-B19-A001-002_ONE_GUARD_PAIR_PROVES_A_WHOLE_FAMILY.md,F-MD-B18-A001-001,CI-MD-B19-A001-001,,MD-DEP-0004,,2026-09-09T16:30:00+07:00,"P1, OPEN. MD-B18 closed at 121/121 with eleven positive guards - one pair per family - so a single guard was recorded as proving 26 distinct as-known obligations it does not execute. Of 85 predicates re-checked against the guard body bound to them, 38 establish a different obligation and 20 a proper subset. Found while satisfying the separate section 3 obligation to record predicate_context and normalized_predicate, which MD-B18 lacked on 85 of 121 rows because its closure gate omitted the condition its peers enforce. Owner stage MD-B18; needs MD-B18-A002. MD-B19 is building the same shape and its gate now requires a reviewed per-predicate proof basis."
MD-B18-A002-BL001,BASELINE_LOCK,MD-B18,MD-B18-A002,MD-B18-A002,MD-B18-A002-BL001,ISSUED,records/evidence/MD-B18-A002-BL001_WORK_BASELINE_LOCK.json,F-MD-B19-A001-002,CI-MD-B18-A002-001,,MD-DEP-0009,,2026-09-09T17:30:00+07:00,"MD-B18-A002 re-entry baseline lock: 121 denominator rows, 36 with a normalized predicate, 11 distinct positive guards at 11.0 predicates per guard. Issued before any material MD-B18-A002 mutation, remediating F-MD-B19-A001-002."
CI-MD-B18-A002-001,CHANGE_IMPACT_DECLARATION,MD-B18,MD-B18-A002,MD-B18-A002,MD-B18-A002-BL001,ISSUED,development/implementation/CI-MD-B18-A002-001_REPLAY_PREDICATE_CONTEXT_AND_PROOF_SUFFICIENCY.md,F-MD-B19-A001-002;F-MD-B18-A002-019,E-MD-B18-A002-014;E-MD-B18-A002-015;E-MD-B18-A002-016;E-MD-B18-A002-017;E-MD-B18-A002-018;E-MD-B18-A002-019;E-MD-B18-A002-020;E-MD-B18-A002-021;E-MD-B18-A002-022;E-MD-B18-A002-023;E-MD-B18-A002-024;E-MD-B18-A002-025;E-MD-B18-A002-026;E-MD-B18-A002-027;E-MD-B18-A002-028;E-MD-B18-A002-029,D-MD-B18-A002-005,MD-DEP-0009,,2026-09-09T17:35:00+07:00,"MD-B18-A002 change impact: declares the withdrawn MD-B18-A001 closure, the measured entry state, the intended matrix and proof-surface mutation scope, and accepts that an honest re-close may land below 121/121. Update 2026-09-15T08:10:54+07:00: pre-mutation package amendment; review package drafted, Q1-Q5 await user review under MD-DEP-0017. Validation 2026-09-15T21:37:14+07:00 recorded by E-MD-B18-A002-015; no implementation or recovery performed. Unexpected immutable gate-output write recorded without retroactive CI authorization; restore and stop boundary F019/MD-DEP-0018. Q1-Q6 execution authorized by D005; status not resolved by approval. Q6 E017 and Q5 E018 recorded; remaining B18 bases 64, no satisfaction. C1 concrete review is ready by E020; no implementation or resolution. E021: accepted C1 review followed by partial producer capture and runtime proof; F013 remains OPEN. E022: calendar/registry and completeness diagnostic implemented and probed; C1 still partial, F013 OPEN. E023: three C1 test corrections targeted/probed, no status or coverage change. E024: C02/C03 population capture/content validation proved; whole C1 partial; no status or coverage promotion. E025: C05 full producer status population/selection/omission proof; whole C1 remains partial. E026: bounded C06 journal proof only; C06 and C1 incomplete. E027: scoped C06 consumption completeness proven; whole C1 incomplete. E028: C07 partial RAW capture/proof, independent read/projection/population completeness remains. E029: C07 independent completeness proven; whole C1 remains BLOCKED on C08/C09."
F-MD-B18-A002-001,FINDING,MD-B18,MD-B18-A002,MD-B18-A002,MD-B18-A002-BL001,RESOLVED,development/findings/F-MD-B18-A002-001_AS_KNOWN_SNAPSHOT_GUARD_ASSERTS_ITS_OWN_MOCKS.md,,CI-MD-B18-A002-001,,MD-DEP-0009,,2026-09-10T00:10:00+07:00,"P1, RESOLVED. B18AsKnownSnapshotIsolationTest mocked the five persistence repositories it was proving, and the mocks branched on the knowledge cutoff themselves, so the guard asserted its own fixture rather than the isolation property. Rebuilt DB-backed against the real repositories and services."
F-MD-B18-A002-002,FINDING,MD-B18,MD-B18-A002,MD-B18-A002,MD-B18-A002-BL001,RESOLVED,development/findings/F-MD-B18-A002-002_TWO_ANTI_SURVIVORSHIP_FIXTURES_CANNOT_BE_AS_KNOWN.md,,CI-MD-B18-A002-001,,MD-DEP-0009,,2026-09-10T14:20:00+07:00,"P2, RESOLVED. Two of the eight anti-survivorship fixtures MD-S050-R0040 classifies as as-known could not be: a delisting had no knowledge time of its own and no publication resolver took a cutoff. Both closed by implementation - md_listings.delisted_recorded_at, and EodEvidenceRepository::resolvePublicationAsKnownAt() resolving by the declared supersession chain rather than by recency. R0040 is bound."
F-MD-B18-A002-003,FINDING,MD-B18,MD-B18-A002,MD-B18-A002,MD-B18-A002-BL001,OPEN,development/findings/F-MD-B18-A002-003_THE_SQLITE_MIRROR_UNDER_ENFORCES_PRODUCTION_CONSTRAINTS.md,,CI-MD-B18-A002-001,D-MD-B18-A002-001,MD-DEP-0009;MD-DEP-0010,,2026-09-10T17:40:00+07:00,"P2, OPEN. The SQLite mirror creates its schema with foreign_key_constraints disabled and mirrors nullability loosely, so referential integrity across the DB-backed market-data guards is enforced by production and by nothing in the mirror. Surfaced when MariaDB refused fixtures the mirror had accepted. D-MD-B18-A002-001: OPEN deferred to MD-B21 under MD-DEP-0010; SQLite is not constraint proof."
F-MD-B18-A002-004,FINDING,MD-B18,MD-B18-A002,MD-B18-A002,MD-B18-A002-BL001,PARTIALLY_RESOLVED,development/findings/F-MD-B18-A002-004_ARTIFACT_HASHES_DEPENDED_ON_THE_HOST_LOCALE.md,,CI-MD-B18-A002-001,D-MD-B18-A002-001,MD-DEP-0009;MD-DEP-0011,,2026-09-10T20:10:00+07:00,"P1, PARTIALLY_RESOLVED. Locale-dependent float hashing was fixed and locale/order probes pass; MD-S002-R0004 remains unbound because the declared PHP support range spans 7.3 and 8.x while only PHP 7.4.33 is available on this host. D-MD-B18-A002-001: remaining release-validation owner MD-B22 under MD-DEP-0011; predicate stays mandatory and unassessed."
F-MD-B18-A002-005,FINDING,MD-B18,MD-B18-A002,MD-B18-A002,MD-B18-A002-BL001,OPEN,development/findings/F-MD-B18-A002-005_CLOSURE_GATE_ADMITS_WITHDRAWN_ATTEMPT_PROOF.md,,CI-MD-B18-A002-001,,MD-DEP-0009,,2026-09-13T10:25:23+07:00,"P1, OPEN. The A002 closure gate admitted withdrawn A001 evidence and its six-artifact manifest as current proof. The gate now requires exact A002 Stage/Attempt/Baseline/Epoch/verdict and manifest identity; current A002 proof and a landed fail-closed probe remain required."
D-MD-B18-A002-001,DECISION,MD-B18,MD-B18-A002,MD-B18-A002,MD-B18-A002-BL001,ISSUED,records/decisions/D-MD-B18-A002-001_APPROVED_OWNERSHIP_DEFERRAL_AND_APPLICABILITY_BOUNDARY.md,F-MD-B18-A002-003;F-MD-B18-A002-004;F-MD-B18-A002-006,E-MD-B18-A002-002,,MD-DEP-0009;MD-DEP-0010;MD-DEP-0011;MD-DEP-0012,,2026-09-13T11:00:00+07:00,"User approved B22 runtime ownership and B21 mirror deferral plus downstream backtest reference; omitted parent siblings require a further decision. No strategy revision or closure authorized."
F-MD-B18-A002-006,FINDING,MD-B18,MD-B18-A002,MD-B18-A002,MD-B18-A002-BL001,RESOLVED,development/findings/F-MD-B18-A002-006_APPLICABILITY_RECOMMENDATION_OMITTED_TWO_PARENT_SIBLINGS.md,,E-MD-B18-A002-002;E-MD-B18-A002-005;E-MD-B18-A002-006,D-MD-B18-A002-001;D-MD-B18-A002-002,MD-DEP-0009;MD-DEP-0012,,2026-09-13T11:00:00+07:00,"RESOLVED. D002 approval plus E005 false-condition proof and E006 exact four-row normalization resolve MD-DEP-0012. New R0056 issue is separate F008."
E-MD-B18-A002-002,EVIDENCE,MD-B18,MD-B18-A002,MD-B18-A002,MD-B18-A002-BL001,ISSUED,records/evidence/E-MD-B18-A002-002_WHOLE_PARENT_SCOPE_AND_APPROVAL_AUDIT.json,F-MD-B18-A002-006,,D-MD-B18-A002-001,MD-DEP-0012,,2026-09-13T11:00:00+07:00,"BLOCKED document-only approval and whole-parent audit. Four siblings are pending; no runtime proof or terminal satisfaction is admitted."
F-MD-B18-A002-007,FINDING,MD-B18,MD-B18-A002,MD-B18-A002,MD-B18-A002-BL001,RESOLVED,development/findings/F-MD-B18-A002-007_MARIADB_UNAVAILABLE_WITH_INNODB_LOG_MISMATCH.md,,E-MD-B18-A002-003;E-MD-B18-A002-004,,MD-DEP-0013,,2026-09-13T14:48:00+07:00,"P1 OPEN environment blocker MD-DEP-0013. Current full suite cannot connect; MariaDB log reports LSN mismatch and plugin initialization abort. Database recovery needs user direction. E-MD-B18-A002-004 resolves runtime availability by both-database status and full-suite execution; original incident remains historical and no physical data-integrity repair is claimed."
E-MD-B18-A002-003,EVIDENCE,MD-B18,MD-B18-A002,MD-B18-A002,MD-B18-A002-BL001,ISSUED,records/evidence/E-MD-B18-A002-003_STOPPED_STATE_VALIDATION_AND_DATABASE_OUTAGE.json,F-MD-B18-A002-006;F-MD-B18-A002-007,,D-MD-B18-A002-001,MD-DEP-0012;MD-DEP-0013,,2026-09-13T14:49:00+07:00,"BLOCKED diagnostic evidence with 13 hashed artifacts. Targeted and governance checks pass; B18 stage checks remain red; full suite has 6 connection errors 2 generated-navigation failures and 16 skips. No closure proof."
E-MD-B18-A002-004,EVIDENCE,MD-B18,MD-B18-A002,MD-B18-A002,MD-B18-A002-BL001,ISSUED,records/evidence/E-MD-B18-A002-004_RUNTIME_RESTORATION_AND_EXACT_LOG_CORRELATION.json,F-MD-B18-A002-006;F-MD-B18-A002-007,E-MD-B18-A002-003,,MD-DEP-0012;MD-DEP-0013,E-MD-B18-A002-003,2026-09-13T14:58:00+07:00,"BLOCKED only by MD-DEP-0012. Runtime availability revalidated on both databases with 72 applied migrations each and full suite 2248/21399 zero errors failures skips; corrects exact log-event correlation without changing E003."
D-MD-B18-A002-002,DECISION,MD-B18,MD-B18-A002,MD-B18-A002,MD-B18-A002-BL001,ISSUED,records/decisions/D-MD-B18-A002-002_APPROVED_COMPLETE_PARENT_APPLICABILITY_SCOPE.md,F-MD-B18-A002-006,E-MD-B18-A002-002,D-MD-B18-A002-001,MD-DEP-0012,D-MD-B18-A002-001,2026-09-13T22:46:00+07:00,"User approves the omitted R0038/R0039 siblings. All four require fresh false-condition evidence before N/A; other D001 decisions preserved."
E-MD-B18-A002-005,EVIDENCE,MD-B18,MD-B18-A002,MD-B18-A002,MD-B18-A002-BL001,ISSUED,records/evidence/E-MD-B18-A002-005_COMPLETE_PARENT_FALSE_CONDITION_PROOF.json,F-MD-B18-A002-006,E-MD-B18-A002-002,D-MD-B18-A002-002,MD-DEP-0012,,2026-09-13T22:51:00+07:00,"Current false-parent-condition proof for all four R0038-R0041 under D002. NOT_APPLICABLE only; no denominator satisfaction or closure."
F-MD-B18-A002-008,FINDING,MD-B18,MD-B18-A002,MD-B18-A002,MD-B18-A002-BL001,RESOLVED,development/findings/F-MD-B18-A002-008_PRODUCTION_RELOCK_PREDICATE_HAS_ONLY_SUBSTRATE_PROOF.md,,E-MD-B18-A002-006;E-MD-B18-A002-009,D-MD-B18-A002-003,MD-DEP-0014,,2026-09-13T23:00:16+07:00,"RESOLVED. D-MD-B18-A002-003 decided MD-B18 primary / MD-B22 supporting; the executed-corpus aggregate replaces the substrate-only pair and turns red under the F-008 probe and five more (E-MD-B18-A002-009). R0056 stays NOT_ASSESSED until stage binding."
E-MD-B18-A002-006,EVIDENCE,MD-B18,MD-B18-A002,MD-B18-A002,MD-B18-A002-BL001,ISSUED,records/evidence/E-MD-B18-A002-006_PARENT_NORMALIZATION_AND_RELOCK_PROOF_GAP.json,F-MD-B18-A002-006;F-MD-B18-A002-008,E-MD-B18-A002-005,D-MD-B18-A002-002,MD-DEP-0012;MD-DEP-0014,,2026-09-13T23:00:16+07:00,"BLOCKED by MD-DEP-0014. Four-row N/A normalization and caught single-row probe; R0056 partial proof counterexample retained. No closure claim."
F-MD-B18-A002-009,FINDING,MD-B18,MD-B18-A002,MD-B18-A002,MD-B18-A002-BL001,RESOLVED,development/findings/F-MD-B18-A002-009_CLASSIFICATION_GATE_REJECTS_EVIDENCED_NOT_APPLICABLE.md,,E-MD-B18-A002-005;E-MD-B18-A002-009,,MD-DEP-0009,,2026-09-13T23:07:00+07:00,"RESOLVED. Evidenced-N/A repair re-probed on current gate bytes: reject probe 10 failures, overbroad probe 7 failures, controls 20/96 either side (E-MD-B18-A002-009)."
F-MD-B18-A002-010,FINDING,MD-B18,MD-B18-A002,MD-B18-A002,MD-B18-A002-BL001,RESOLVED,development/findings/F-MD-B18-A002-010_MARIADB_CRASHED_DURING_STOPPED_STATE_FULL_SUITE.md,F-MD-B18-A002-007,E-MD-B18-A002-007;E-MD-B18-A002-009;E-MD-B18-A002-010,D-MD-B18-A002-003,MD-DEP-0015;MD-DEP-0016;MD-DEP-0009,,2026-09-14T08:30:00+07:00,"RESOLVED. The old-instance crash no longer blocks MariaDB-backed proof: owner-rebuilt instance verified and exercised (E-MD-B18-A002-010). Full-suite criterion carried by MD-DEP-0015 and F-MD-B18-A002-011; old data isolated under MD-DEP-0016."
E-MD-B18-A002-007,EVIDENCE,MD-B18,MD-B18-A002,MD-B18-A002,MD-B18-A002-BL001,ISSUED,records/evidence/E-MD-B18-A002-007_STOPPED_STATE_REVALIDATION_AND_DATABASE_CRASH.json,F-MD-B18-A002-008;F-MD-B18-A002-009;F-MD-B18-A002-010,E-MD-B18-A002-006,,MD-DEP-0009;MD-DEP-0014;MD-DEP-0015,,2026-09-14T08:32:00+07:00,"BLOCKED by MD-DEP-0014 and MD-DEP-0015. Stopped-state revalidation: targeted 351/1522 zero skips; stage gates fail only on R0056 and absent A002 closure pack; F009 registration repaired so governance gates and relationship self-test pass; full suite 2256/21347 with 3 database-crash errors, 16 skips and 1 navigation failure. No closure claim."
D-MD-B18-A002-003,DECISION,MD-B18,MD-B18-A002,MD-B18-A002,MD-B18-A002-BL001,ISSUED,records/decisions/D-MD-B18-A002-003_R0056_PROOF_OWNER_AND_CLEAN_RUNTIME_ENVIRONMENT.md,F-MD-B18-A002-008;F-MD-B18-A002-010,E-MD-B18-A002-006;E-MD-B18-A002-007,,MD-DEP-0014;MD-DEP-0015;MD-DEP-0016,,2026-09-14T10:25:00+07:00,"ISSUED user decision. MD-DEP-0014 decided: MD-B18 primary and MD-B22 supporting for MD-S050-R0056, predicate unchanged, production path = MariaDB engine + production repositories + migrated schema; reviewed aggregate-guard design and probes P1-P6. MD-DEP-0015 path: clean XAMPP-template instance only; data_260914 isolated recovery source."
E-MD-B18-A002-008,EVIDENCE,MD-B18,MD-B18-A002,MD-B18-A002,MD-B18-A002-BL001,ISSUED,records/evidence/E-MD-B18-A002-008_FALSE_CONDITION_REEXECUTION_AFTER_R0056_GUARD.json,F-MD-B18-A002-006,E-MD-B18-A002-005,D-MD-B18-A002-002;D-MD-B18-A002-003,MD-DEP-0012,E-MD-B18-A002-005,2026-09-14T11:05:00+07:00,"NOT_APPLICABLE false-condition re-execution on the clean instance: control 22/157 before and after, AS_KNOWN capability probe caught (6 tests, 5 errors, 1 failure), byte restore hash-equal. Supersedes E-MD-B18-A002-005 for execution identity only; D-MD-B18-A002-002 authority unchanged."
F-MD-B18-A002-011,FINDING,MD-B18,MD-B18-A002,MD-B18-A002,MD-B18-A002-BL001,PARTIALLY_RESOLVED,development/findings/F-MD-B18-A002-011_CLEAN_INSTALL_FULL_SUITE_DEPENDS_ON_THE_OLD_DEPLOYED_DATABASE.md,F-MD-B18-A002-010,E-MD-B18-A002-009;E-MD-B18-A002-015,D-MD-B18-A002-003;D-MD-B18-A002-004,MD-DEP-0015;MD-DEP-0016,,2026-09-14T10:45:00+07:00,"P1 PARTIALLY_RESOLVED. Option 1 per D-MD-B18-A002-004: (a) orphan assertion corrected to subset semantics and probed; (b) deployed-corpus oracle unchanged, green only after separately authorized MD-DEP-0016 recovery. Validation 2026-09-15T21:37:14+07:00 recorded by E-MD-B18-A002-015; no implementation or recovery performed."
E-MD-B18-A002-009,EVIDENCE,MD-B18,MD-B18-A002,MD-B18-A002,MD-B18-A002-BL001,ISSUED,records/evidence/E-MD-B18-A002-009_R0056_EXECUTED_CORPUS_PROOF_AND_CLEAN_RUNTIME.json,F-MD-B18-A002-008;F-MD-B18-A002-009;F-MD-B18-A002-010;F-MD-B18-A002-011,E-MD-B18-A002-007;E-MD-B18-A002-008,D-MD-B18-A002-003,MD-DEP-0009;MD-DEP-0014;MD-DEP-0015;MD-DEP-0016,,2026-09-14T10:58:00+07:00,"BLOCKED. R0056 executed-corpus aggregate with six caught probes; F009 re-probe; four stale N/A entries withdrawn from PROVEN; clean runtime availability/integrity/runtime proof reported separately; full suite 2258/21529 with 8 environment-coupled failures. No binding or closure."
D-MD-B18-A002-004,DECISION,MD-B18,MD-B18-A002,MD-B18-A002,MD-B18-A002-BL001,ISSUED,records/decisions/D-MD-B18-A002-004_F011_OPTION_ONE_ORPHAN_SUBSET_AND_CORPUS_VIA_RECOVERY.md,F-MD-B18-A002-011,E-MD-B18-A002-009,,MD-DEP-0015;MD-DEP-0016,,2026-09-14T11:06:43+07:00,"ISSUED user decision on F-MD-B18-A002-011 option 1 (user wrote F-001, read as F-011): watchlist-orphan assertion corrected to subset semantics with probes; deployed-corpus oracle unchanged and green only via separately authorized MD-DEP-0016 recovery; B18 closure full-suite condition therefore depends on that recovery."
F-MD-B18-A002-012,FINDING,MD-B18,MD-B18-A002,MD-B18-A002,MD-B18-A002-BL001,RESOLVED,development/findings/F-MD-B18-A002-012_REDO_NOT_DURABLE_AFTER_RESIZE_REPRODUCES_FUTURE_LSN.md,F-MD-B18-A002-007;F-MD-B18-A002-010,E-MD-B18-A002-009;E-MD-B18-A002-010,D-MD-B18-A002-003,MD-DEP-0015,,2026-09-14T11:06:43+07:00,"RESOLVED. Owner rebuilt D:/xampp/mysql/data with mysql_install_db and proved a graceful lifecycle; B18 re-verified it read-only and ran targeted and full-suite proof on it (E-MD-B18-A002-010). Historical trigger not certified; XAMPP Stop is forced termination; SOP binding for further runtime proof."
F-MD-B18-A002-013,FINDING,MD-B18,MD-B18-A002,MD-B18-A002,MD-B18-A002-BL001,OPEN,development/findings/F-MD-B18-A002-013_PUBLICATION_REPLAY_BINDS_EMPTY_OR_NOMINAL_IDENTITIES.md,F-MD-B18-A002-008,E-MD-B18-A002-009;E-MD-B18-A002-014;E-MD-B18-A002-020;E-MD-B18-A002-021;E-MD-B18-A002-022;E-MD-B18-A002-023;E-MD-B18-A002-024;E-MD-B18-A002-025;E-MD-B18-A002-026;E-MD-B18-A002-027;E-MD-B18-A002-028;E-MD-B18-A002-029;E-MD-B18-A002-070;E-MD-B18-A002-071,D-MD-B18-A002-005,MD-DEP-0017;MD-DEP-0009,,2026-09-14T11:17:22+07:00,"P1 OPEN. Publication replay binds empty temporal and calendar identities (no eod_publications/eod_runs column, no writer), a nominal reason-registry identity in both modes, and leaves coverage/eligibility/price-product versions and event revisions unbound in publication mode. Ten bases moved to INCOMPLETE (PAIR 01 eight; MD-S050-R0002 and MD-S003-R0003 carried forward); remediation contract awaits user review (MD-DEP-0017). Update 2026-09-15T08:10:54+07:00: narrows no-frozen-lineage claim; review package drafted, Q1-Q5 await user review under MD-DEP-0017. Q1-Q6 execution authorized by D005; status not resolved by approval. C1 concrete review is ready by E020; no implementation or resolution. E021: accepted C1 review followed by partial producer capture and runtime proof; F013 remains OPEN. E022: calendar/registry and completeness diagnostic implemented and probed; C1 still partial, F013 OPEN. E023: three C1 test corrections targeted/probed, no status or coverage change. E024: C02/C03 population capture/content validation proved; whole C1 partial; no status or coverage promotion. E025: C05 full producer status population/selection/omission proof; whole C1 remains partial. E026: bounded C06 journal proof only; C06 and C1 incomplete. E027: scoped C06 consumption completeness proven; whole C1 incomplete. E028: C07 partial RAW capture/proof, independent read/projection/population completeness remains. E029: C07 independent completeness proven; whole C1 remains BLOCKED on C08/C09. REOPENED 2026-09-24 (E-MD-B18-A002-070): E-050 closed this finding on the PUBLICATION_EXACT path alone; item 2's AS_KNOWN half (nominal reason registry) was never remediated, and MD-S050-R0014/MD-S019-R0071 are returned to INCOMPLETE. Eight of ten carried predicates remain PROVEN. Remaining work via F-MD-B18-A002-017 Gap B1/B2 under MD-DEP-0017. Gap B1 (read-model identity) implemented and proved (E-MD-B18-A002-071) under D-MD-B18-A002-008; MD-S050-R0014/MD-S019-R0071 remain INCOMPLETE, since their AS_KNOWN reason-registry member (Gap B2) is still unremediated."
F-MD-B18-A002-014,FINDING,MD-B18,MD-B18-A002,MD-B18-A002,MD-B18-A002-BL001,OPEN,development/findings/F-MD-B18-A002-014_RERUN_DETERMINISM_GUARDS_REEXPORT_INSTEAD_OF_RERUNNING.md,F-MD-B18-A002-013,E-MD-B18-A002-009,D-MD-B18-A002-005,MD-DEP-0017;MD-DEP-0009,,2026-09-14T11:23:30+07:00,"P1 OPEN. B18ReplayRerunDeterminismTest re-exports one stored replay record; no rebuild or replay is rerun. MD-S019-R0073, MD-S003-R0004, MD-S005-R0095 and MD-S019-R0009 moved to INCOMPLETE; rebuild and replay-rerun guards required. Q1-Q6 execution authorized by D005; status not resolved by approval."
F-MD-B18-A002-015,FINDING,MD-B18,MD-B18-A002,MD-B18-A002,MD-B18-A002-BL001,OPEN,development/findings/F-MD-B18-A002-015_REPLAY_ADMISSIBILITY_AND_RESULT_SEMANTICS_REVIEW_GAPS.md,F-MD-B18-A002-013;F-MD-B18-A002-014,E-MD-B18-A002-010;E-MD-B18-A002-018,D-MD-B18-A002-005,MD-DEP-0017;MD-DEP-0009,,2026-09-14T14:02:47+07:00,"P1 OPEN. PAIRS 02-08 review: ReplayBackfillService passes any outcome for an unknown fixture case (BLOCKED and MISMATCH included), the coverage reason code is synthesized rather than preserved, and missing expected proof is reported FAIL instead of BLOCKED; nine further bases are mistargeted or under-guarded and one is an ownership question. Fifteen bases moved to INCOMPLETE; remediation in the MD-DEP-0017 package. Q1-Q6 execution authorized by D005; status not resolved by approval. Q6 E017 and Q5 E018 recorded; remaining B18 bases 64, no satisfaction."
E-MD-B18-A002-010,EVIDENCE,MD-B18,MD-B18-A002,MD-B18-A002,MD-B18-A002-BL001,ISSUED,records/evidence/E-MD-B18-A002-010_OWNER_REBUILT_RUNTIME_AND_PAIRS_02_08_RETENTION_PROBES.json,F-MD-B18-A002-010;F-MD-B18-A002-011;F-MD-B18-A002-012;F-MD-B18-A002-015,E-MD-B18-A002-009,D-MD-B18-A002-003;D-MD-B18-A002-004,MD-DEP-0015;MD-DEP-0016;MD-DEP-0017,,2026-09-14T14:07:54+07:00,"BLOCKED. Owner-rebuilt MariaDB verified read-only; both databases rebuilt 72/72 with CHECK TABLE clean; targeted 373/1686 green including the R0056 aggregate; full suite 2258/21556 failing only the seven corpus-oracle controls; F-011(a) probes; fifteen PAIR 02-08 retention probes caught. No binding or closure."
F-MD-B18-A002-016,FINDING,MD-B18,MD-B18-A002,MD-B18-A002,MD-B18-A002-BL001,RESOLVED,development/findings/F-MD-B18-A002-016_REPLAY_COMPARISON_IDENTITY_AND_RESOLUTION_REVIEW_GAPS.md,F-MD-B18-A002-013;F-MD-B18-A002-015,E-MD-B18-A002-011;E-MD-B18-A002-065,D-MD-B18-A002-005,MD-DEP-0017;MD-DEP-0009,,2026-09-14T16:03:58+07:00,"F-MD-B18-A002-016 formally RESOLVED (E-MD-B18-A002-065): all 14 of its own predicates PROVEN (G01 R0027/R0002 E058; G04 R0007/R0031/R0080 E059; G05 R0017 E060; G08 R0046 E061; G09 R0005/R0009/R0010 E062; G01 F-013 carry-forward R0074 E065; three kept-PROVEN-after-review predicates R0452/R0032/R0005(S050) E011), the executable defect (backfill from current pointer) fixed in G01. MD-DEP-0017 remains BLOCKING (bundles F-013 RESOLVED through F-018; F-017/F-018 OPEN)."
E-MD-B18-A002-011,EVIDENCE,MD-B18,MD-B18-A002,MD-B18-A002,MD-B18-A002-BL001,ISSUED,records/evidence/E-MD-B18-A002-011_PAIRS_09_19_PER_PREDICATE_REVIEW_PROBES.json,F-MD-B18-A002-016;F-MD-B18-A002-013;F-MD-B18-A002-015,E-MD-B18-A002-010,,MD-DEP-0017;MD-DEP-0015,,2026-09-14T16:03:59+07:00,"BLOCKED. PAIRS 09-13 and 16-19 per-predicate review on the verified owner-rebuilt runtime: targeted, whole-directory gap and discriminating probes with controls either side; 3 bases kept PROVEN, 11 moved to INCOMPLETE under F-MD-B18-A002-016. No binding or closure."
F-MD-B18-A002-017,FINDING,MD-B18,MD-B18-A002,MD-B18-A002,MD-B18-A002-BL001,OPEN,development/findings/F-MD-B18-A002-017_POINT_IN_TIME_RELEASE_CRITERIA_AND_CONFIG_REPLAY_REVIEW_GAPS.md,F-MD-B18-A002-013;F-MD-B18-A002-016,E-MD-B18-A002-012;E-MD-B18-A002-066;E-MD-B18-A002-067;E-MD-B18-A002-068;E-MD-B18-A002-069;E-MD-B18-A002-070;E-MD-B18-A002-071,D-MD-B18-A002-005;D-MD-B18-A002-008,MD-DEP-0017;MD-DEP-0009,,2026-09-14T23:51:54+07:00,"P1 OPEN. PAIRS 21-40 review: only a missing config snapshot is BLOCKED (empty temporal, calendar and observation identities replay PASS, with F-013); seven bases execute nothing (list parse and method-name checks); four guard gaps or rebinds; four F-013 carry-forwards. 16 bases moved to INCOMPLETE; remediation in the MD-DEP-0017 package. Q1-Q6 execution authorized by D005; status not resolved by approval. G01-A closed (E-MD-B18-A002-066): MD-S082-R0218/MD-S082-R0224 PROVEN, both REBIND_ONLY, independently verified. F-017 remains OPEN, 14 of 16 predicates still incomplete. G03 closed (E-MD-B18-A002-067): MD-S050-R0016 PROVEN after an executable defect fix -- an unavailable required bound input (empty run observation identity under a VERIFIED context) is now BLOCKED and refused at persistence in both modes. F-017 remains OPEN, 13 of 16 predicates still incomplete. G03 closure audit (E-MD-B18-A002-068): the E-067 promotion was premature -- MD-S050-R0016 returned to INCOMPLETE on two residual gaps (config hash absent behind the CONFIG_IDENTITY_UNRECORDED marker; AS_KNOWN read-model version always empty and absent from the direct-write check). F-017 remains OPEN, 14 of 16 predicates incomplete. Gap A closed (E-MD-B18-A002-069): config identity completeness fixed and proved; MD-S050-R0016 remains INCOMPLETE on Gap B (AS_KNOWN read-model version), which needs an owner decision. F-017 remains OPEN, 14 of 16 predicates incomplete. Gap B1 owner decision recorded (D-MD-B18-A002-008, Option 1): AS_KNOWN read_model_version binds the read-product contract identity market_data_read_product_v1; implementation not started. Gap B2 (reason-registry identity) remains authority-determined fail-closed and unimplemented. F-017 remains OPEN, 14 of 16 predicates incomplete. Before Gap B implementation, E-MD-B18-A002-070 returned MD-S050-R0014 and MD-S019-R0071 (F-013-carried, E-050-promoted) to INCOMPLETE for their unproven AS_KNOWN scope and reopened F-013; Gap B remains the shared remediation. Gap B1 implemented (E-MD-B18-A002-071): AS_KNOWN binds the canonical read-product contract identity market_data_read_product_v1 (D-008), and direct write requires read_model_version in both modes. MD-S050-R0016 remains INCOMPLETE on Gap B2 alone."
E-MD-B18-A002-012,EVIDENCE,MD-B18,MD-B18-A002,MD-B18-A002,MD-B18-A002-BL001,ISSUED,records/evidence/E-MD-B18-A002-012_PAIRS_21_40_PER_PREDICATE_REVIEW_PROBES.json,F-MD-B18-A002-017;F-MD-B18-A002-013;F-MD-B18-A002-016,E-MD-B18-A002-011,,MD-DEP-0017;MD-DEP-0015,,2026-09-14T23:51:55+07:00,"BLOCKED. PAIRS 21-40 per-predicate review on the verified owner-rebuilt runtime: discriminating, targeted and demonstration probes with controls either side, no MariaDB skip; 4 bases kept PROVEN, 16 moved to INCOMPLETE under F-MD-B18-A002-017. No binding or closure."
F-MD-B18-A002-018,FINDING,MD-B18,MD-B18-A002,MD-B18-A002,MD-B18-A002-BL001,OPEN,development/findings/F-MD-B18-A002-018_AS_KNOWN_FIXTURES_BITEMPORAL_AND_COMPARISON_CLASS_REVIEW_GAPS.md,F-MD-B18-A002-013;F-MD-B18-A002-017,E-MD-B18-A002-013,D-MD-B18-A002-005,MD-DEP-0017;MD-DEP-0009,,2026-09-15T00:29:04+07:00,"P1 OPEN. PAIRS 41-68 review: 3 bases pass against a cutoff wall, 2 never exercise knowledge time, 3 are mistargeted, 1 leaves the null-reason class uncompared; 2 also carry F-013. 9 bases moved to INCOMPLETE; the per-predicate review of all 69 pairs is complete; remediation in the MD-DEP-0017 package. Q1-Q6 execution authorized by D005; status not resolved by approval."
E-MD-B18-A002-013,EVIDENCE,MD-B18,MD-B18-A002,MD-B18-A002,MD-B18-A002-BL001,ISSUED,records/evidence/E-MD-B18-A002-013_PAIRS_41_68_PER_PREDICATE_REVIEW_PROBES.json,F-MD-B18-A002-018;F-MD-B18-A002-013;F-MD-B18-A002-017,E-MD-B18-A002-012,,MD-DEP-0017;MD-DEP-0015,,2026-09-15T00:29:04+07:00,"BLOCKED. PAIRS 41-68 per-predicate review on the verified owner-rebuilt runtime: behaviour, vacuity (wall) and discriminating probes with controls either side, no MariaDB skip; 19 bases kept PROVEN, 9 moved to INCOMPLETE under F-MD-B18-A002-018. Review complete. No binding or closure."
E-MD-B18-A002-014,EVIDENCE,MD-B18,MD-B18-A002,MD-B18-A002,MD-B18-A002-BL001,ISSUED,records/evidence/E-MD-B18-A002-014_CONSOLIDATED_REMEDIATION_PACKAGE_REVIEW.json,F-MD-B18-A002-013;F-MD-B18-A002-014;F-MD-B18-A002-015;F-MD-B18-A002-016;F-MD-B18-A002-017;F-MD-B18-A002-018,E-MD-B18-A002-009;E-MD-B18-A002-010;E-MD-B18-A002-011;E-MD-B18-A002-012;E-MD-B18-A002-013;CI-MD-B18-A002-001,D-MD-B18-A002-003;D-MD-B18-A002-004,MD-DEP-0017;MD-DEP-0015,,2026-09-15T08:10:54+07:00,"BLOCKED under MD-DEP-0017. Current package/source inspection and exact registry deltas only; no runtime PASS, binding, closure, or user decision."
E-MD-B18-A002-015,EVIDENCE,MD-B18,MD-B18-A002,MD-B18-A002,MD-B18-A002-BL001,ISSUED,records/evidence/E-MD-B18-A002-015_REMEDIATION_PACKAGE_VALIDATION.json,F-MD-B18-A002-005;F-MD-B18-A002-011,E-MD-B18-A002-014;CI-MD-B18-A002-001,D-MD-B18-A002-004,MD-DEP-0015;MD-DEP-0017,,2026-09-15T21:37:14+07:00,"BLOCKED. Package validation: targeted 208/878 PASS; normalization and all governance gates PASS; 14 governance mutations caught with 4 green controls. Proof has 65 missing bases; closure has 4 unmet conditions/5 errors; proof-self-test baseline red. Full suite 2258 tests/21933 assertions/7 known corpus failures, zero errors/skips; MD-DEP-0015 and MD-DEP-0017 remain blocking."
F-MD-B18-A002-019,FINDING,MD-B18,MD-B18-A002,MD-B18-A002,MD-B18-A002-BL001,RESOLVED,development/findings/F-MD-B18-A002-019_GOVERNANCE_GATES_OVERWRITE_IMMUTABLE_LATEST_RECORDS.md,,E-MD-B18-A002-016;E-MD-B18-A002-017,D-MD-B18-A002-005,MD-DEP-0018,,2026-09-15T21:42:47+07:00,"P1 OPEN. Two governance gates overwrite registered immutable *_LATEST evidence. Exact entry bytes restored; output routing/owner decision Q6 pending under MD-DEP-0018. Q1-Q6 execution authorized by D005; status not resolved by approval. Q6 resolved by executable E017."
E-MD-B18-A002-016,EVIDENCE,MD-B18,MD-B18-A002,MD-B18-A002,MD-B18-A002-BL001,ISSUED,records/evidence/E-MD-B18-A002-016_IMMUTABLE_GATE_OUTPUT_RESTORATION_AND_STOP.json,F-MD-B18-A002-019,E-MD-B18-A002-014;E-MD-B18-A002-015;CI-MD-B18-A002-001,,MD-DEP-0018;MD-DEP-0015;MD-DEP-0017,,2026-09-15T21:42:47+07:00,"BLOCKED. Records actual immutable-output side effects, byte restoration, completed post-E015 checks and stop before further unsafe canonical gate/full-suite runs. No domain proof or closure."
D-MD-B18-A002-005,DECISION,MD-B18,MD-B18-A002,MD-B18-A002,MD-B18-A002-BL001,ISSUED,records/decisions/D-MD-B18-A002-005_APPROVED_Q1_Q6_BOUNDED_REMEDIATION.md,F-MD-B18-A002-013;F-MD-B18-A002-014;F-MD-B18-A002-015;F-MD-B18-A002-016;F-MD-B18-A002-017;F-MD-B18-A002-018;F-MD-B18-A002-019,E-MD-B18-A002-014;E-MD-B18-A002-016;CI-MD-B18-A002-001,D-MD-B18-A002-001;D-MD-B18-A002-002;D-MD-B18-A002-003;D-MD-B18-A002-004,MD-DEP-0017;MD-DEP-0018,,2026-09-15T21:56:09+07:00,"Explicit user approval Q1-Q6 with strict Q4 semantic-payload and Q6 read-only tooling limits. Execution/proof outstanding; findings/dependencies remain open; no historical recovery authorized."
E-MD-B18-A002-017,EVIDENCE,MD-B18,MD-B18-A002,MD-B18-A002,MD-B18-A002-BL001,ISSUED,records/evidence/E-MD-B18-A002-017_Q6_READ_ONLY_GOVERNANCE_EXECUTION.json,F-MD-B18-A002-019,E-MD-B18-A002-016;CI-MD-B18-A002-001,D-MD-B18-A002-005,MD-DEP-0018;MD-DEP-0015,,2026-09-15T15:22:45.945825+00:00,"Q6 executable scope PASS: immutable preservation and fail-closed gates, not stage or full-suite PASS; seven corpus failures remain."
E-MD-B18-A002-018,EVIDENCE,MD-B18,MD-B18-A002,MD-B18-A002,MD-B18-A002-BL001,ISSUED,records/evidence/E-MD-B18-A002-018_Q5_ADMISSION_OWNERSHIP_ALIGNMENT.json,F-MD-B18-A002-015,E-MD-B18-A002-014;CI-MD-B18-A002-001,D-MD-B18-A002-005,MD-DEP-0017,,2026-09-15T15:22:45.945825+00:00,"Q5 authorized ownership correction verified with three probes; mandatory NOT_ASSESSED transferred to B22 with B18/B17 support; no predicate satisfaction."
E-MD-B18-A002-019,EVIDENCE,MD-B18,MD-B18-A002,MD-B18-A002,MD-B18-A002-BL001,ISSUED,records/evidence/E-MD-B18-A002-019_Q5_PROOF_SOURCE_EOL_SUCCESSOR.json,,E-MD-B18-A002-018;CI-MD-B18-A002-001,D-MD-B18-A002-005,,,2026-09-15T15:25:26.022454+00:00,"Q5 source-identity successor to E018 after five CRLF-to-LF audit-line corrections; semantic lines identical, ownership probes retained, no domain proof or closure."
E-MD-B18-A002-020,EVIDENCE,MD-B18,MD-B18-A002,MD-B18-A002,MD-B18-A002-BL001,ISSUED,records/evidence/E-MD-B18-A002-020_C1_CONTRACT_SCHEMA_AND_PRODUCER_REVIEW.json,F-MD-B18-A002-013;F-MD-B18-A002-014;F-MD-B18-A002-017;F-MD-B18-A002-018,E-MD-B18-A002-014;E-MD-B18-A002-017;E-MD-B18-A002-019;CI-MD-B18-A002-001,D-MD-B18-A002-005,MD-DEP-0017;MD-DEP-0015,,2026-09-16T01:17:31.515180+00:00,"C1 contract/schema and producer mapping ready for explicit review before domain code; D005 Q1-Q6 remain approved. No schema/application/test/matrix change or predicate proof."
E-MD-B18-A002-021,EVIDENCE,MD-B18,MD-B18-A002,MD-B18-A002,MD-B18-A002-BL001,ISSUED,records/evidence/E-MD-B18-A002-021_PRODUCER_CAPTURE_FOUNDATION_AND_RUNTIME.json,F-MD-B18-A002-013,E-MD-B18-A002-020;E-MD-B18-A002-017;CI-MD-B18-A002-001,D-MD-B18-A002-005,MD-DEP-0017;MD-DEP-0015,,2026-09-17T02:44:58.660158+00:00,"C1 partial capture implementation: production run/config, normal/recovered ingest, indicator and eligibility inputs. Targeted runtime and 12 probes pass; 5 slices still incomplete, 64 bases incomplete, no predicate satisfaction or closure."
E-MD-B18-A002-022,EVIDENCE,MD-B18,MD-B18-A002,MD-B18-A002,MD-B18-A002-BL001,ISSUED,records/evidence/E-MD-B18-A002-022_CALENDAR_REGISTRY_CAPTURE_AND_COMPLETENESS_DIAGNOSTIC.json,F-MD-B18-A002-013,E-MD-B18-A002-021;E-MD-B18-A002-017;CI-MD-B18-A002-001,D-MD-B18-A002-005,MD-DEP-0017;MD-DEP-0015,,2026-09-17T16:42:41.024384+00:00,"Partial C1 continuation: exact calendar revisions/cutoff and scope completion, real registry/build artifact, market-structure input capture, isolated test port and table-qualified migration guard. Seven new caught probes. Whole input completeness remains BLOCKED: seven full-revision domains unimplemented; no predicate promotion."
E-MD-B18-A002-023,EVIDENCE,MD-B18,MD-B18-A002,MD-B18-A002,MD-B18-A002-BL001,ISSUED,records/evidence/E-MD-B18-A002-023_C1_FULL_SUITE_TEST_CORRECTIONS.json,F-MD-B18-A002-013,E-MD-B18-A002-022;CI-MD-B18-A002-001,D-MD-B18-A002-005,MD-DEP-0017;MD-DEP-0015,,2026-09-18T00:18:35.342848+00:00,"C1 validation corrections: register knownAt temporal port, prove missing calendar capture using real repository/savepoint, supply explicit persisted owning-run fixture. No domain/schema change or proof promotion; C1 partial/BLOCKED."
E-MD-B18-A002-024,EVIDENCE,MD-B18,MD-B18-A002,MD-B18-A002,MD-B18-A002-BL001,ISSUED,records/evidence/E-MD-B18-A002-024_TEMPORAL_PROVIDER_POPULATION_CAPTURE.json,F-MD-B18-A002-013,E-MD-B18-A002-022;E-MD-B18-A002-023;CI-MD-B18-A002-001,D-MD-B18-A002-005,MD-DEP-0017;MD-DEP-0015,,2026-09-18T05:50:42.134063+00:00,"C1 C02/C03 producer temporal/provider population capture and content validation: actual consumed full known revisions, deterministic selection/omission, immutable population references, source-row links and fail-closed retry/completion. Whole C1 BLOCKED; five later input domains remain; no proof promotion."
E-MD-B18-A002-025,EVIDENCE,MD-B18,MD-B18-A002,MD-B18-A002,MD-B18-A002-BL001,ISSUED,records/evidence/E-MD-B18-A002-025_TRADING_STATUS_POPULATION_CAPTURE.json,F-MD-B18-A002-013,E-MD-B18-A002-024;CI-MD-B18-A002-001,D-MD-B18-A002-005,MD-DEP-0017;MD-DEP-0015,,2026-09-18T06:43:01.759744+00:00,"C1 C05 scoped executable capture proof: full known trading-status revisions, effective/recorded/retracted/supersedes coordinates, authority/provenance inputs, selection and omission, immutable population reference, retry and historical fail-closed. Whole C1 BLOCKED; four later input domains remain; no coverage promotion. Full PHPUnit not rerun under latest user-limited C05 validation scope."
E-MD-B18-A002-026,EVIDENCE,MD-B18,MD-B18-A002,MD-B18-A002,MD-B18-A002-BL001,ISSUED,records/evidence/E-MD-B18-A002-026_SOURCE_OBSERVATION_JOURNAL_PARTIAL_CAPTURE.json,F-MD-B18-A002-013,E-MD-B18-A002-025;CI-MD-B18-A002-001,D-MD-B18-A002-005,MD-DEP-0017;MD-DEP-0015,,2026-09-18T17:25:23.576669+00:00,"C1 C06 PARTIAL: producer-bound persisted observation journal implemented and scoped-tested/probed. Full consumption population, normalized/rejected row membership, selection/omission and recovered-read binding remain incomplete. Whole C1 BLOCKED; no proof coverage promotion."
E-MD-B18-A002-027,EVIDENCE,MD-B18,MD-B18-A002,MD-B18-A002,MD-B18-A002-BL001,ISSUED,records/evidence/E-MD-B18-A002-027_SOURCE_OBSERVATION_CONSUMPTION_COMPLETENESS.json,F-MD-B18-A002-013,E-MD-B18-A002-026;CI-MD-B18-A002-001,D-MD-B18-A002-005,MD-DEP-0017;MD-DEP-0015,,2026-09-19T00:28:01.759740+00:00,"C1 C06 scoped whole-consumption completeness: normalized/rejected rows, revision comparison ancestry, prior selection and omissions, explicit manifests/accepted-lineage reads and normal/recovered producer selection captured and independently checked. Whole C1 BLOCKED on three later domains; no denominator coverage promotion."
E-MD-B18-A002-028,EVIDENCE,MD-B18,MD-B18-A002,MD-B18-A002,MD-B18-A002-BL001,ISSUED,records/evidence/E-MD-B18-A002-028_RAW_INPUT_LINEAGE_CAPTURE_PARTIAL.json,F-MD-B18-A002-013,E-MD-B18-A002-027;CI-MD-B18-A002-001,D-MD-B18-A002-005,MD-DEP-0017;MD-DEP-0015,,2026-09-19T17:20:33.971545+00:00,"C1 C07 partial RAW lineage capture and content validation on actual window/ATR/date/history-copy consumers. Scoped targeted/probe proof; independent whole-C07 read/projection/population completeness remains outstanding. Whole C1 BLOCKED; no proof coverage promotion."
E-MD-B18-A002-029,EVIDENCE,MD-B18,MD-B18-A002,MD-B18-A002,MD-B18-A002-BL001,ISSUED,records/evidence/E-MD-B18-A002-029_RAW_INPUT_COMPLETENESS.json,F-MD-B18-A002-013,E-MD-B18-A002-028;CI-MD-B18-A002-001,D-MD-B18-A002-005,MD-DEP-0017;MD-DEP-0015,,2026-09-20T02:08:59.180545+00:00,"C1 C07 independent consumed RAW/read/retained/projection completeness proven for window, ATR, date and both history-copy paths. Whole C1 BLOCKED on C08/C09; no denominator promotion."
E-MD-B18-A002-030,EVIDENCE,MD-B18,MD-B18-A002,MD-B18-A002,MD-B18-A002-BL001,ISSUED,records/evidence/E-MD-B18-A002-030_EVENT_FACTOR_CAPTURE_AND_MANIFEST_COMPLETENESS.json,F-MD-B18-A002-013,E-MD-B18-A002-029;CI-MD-B18-A002-001,D-MD-B18-A002-005,MD-DEP-0017;MD-DEP-0015,,2026-09-21T01:21:53.889891+00:00,"C1 C08 event/factor complete: full unfiltered event/type/assessment population captured, independent PHP-side selection/terms/decision projection cross-checked against actual SQL-derived producer result (13 mutation probes P72-P84). Manifest stub narrowed from event_factor+ancillary to ancillary only, after confirming it was the sole event_factor gap; two new manifest-level regression tests (no-gap + corruption-named-as-gap, P85) and full pipeline integration re-verified 57/57. Whole C1 BLOCKED on C09; no denominator promotion."
E-MD-B18-A002-031,EVIDENCE,MD-B18,MD-B18-A002,MD-B18-A002,MD-B18-A002-BL001,ISSUED,records/evidence/E-MD-B18-A002-031_ANCILLARY_CAPTURE_AND_WHOLE_C1_MANIFEST_COMPLETENESS.json,F-MD-B18-A002-013,E-MD-B18-A002-030;CI-MD-B18-A002-001,D-MD-B18-A002-005,MD-DEP-0017;MD-DEP-0015,,2026-09-21T02:24:02.460861+00:00,"C1 C09 ancillary complete: benchmark/sector/event-risk/contamination/price-scale-break/dormancy source populations captured, independently re-derived and cross-checked against real producer results, including the real post-factor-removal contamination post-processing. Manifest ancillary stub removed entirely (last remaining full-revision placeholder, after event_factor in E030); no unimplemented full-revision domain remains. Full MarketData test directory 2368/2375 PASS (7 pre-existing MD-DEP-0015 corpus baseline failures, not new). No denominator promotion; other non-full-revision C1 obligations not independently rechecked."
E-MD-B18-A002-032,EVIDENCE,MD-B18,MD-B18-A002,MD-B18-A002,MD-B18-A002-BL001,ISSUED,records/evidence/E-MD-B18-A002-032_WHOLE_C1_ALL_ENGAGED_COMPLETENESS_AUDIT.json,F-MD-B18-A002-013,E-MD-B18-A002-031;CI-MD-B18-A002-001,D-MD-B18-A002-005,MD-DEP-0017;MD-DEP-0015,,2026-09-21T03:07:18.989935+00:00,"Whole-C1 audit against a real all-engaged run: exactly one remaining gap, registry_versions.reason_registry.entries, an environment-state condition (SQLite eod_reason_codes zero rows) traced to the existing C1 contract C10 row, not a C09 defect or new work unit; no patch made, no authority found to close it here. Binding/seal/reader/admission confirmed still gated by CI-MD-B18-A002-001 proof-sequencing (already authorized by D005, not a new approval requirement) and remains unstarted since whole-C1 is not proven complete. No denominator promotion."
E-MD-B18-A002-033,EVIDENCE,MD-B18,MD-B18-A002,MD-B18-A002,MD-B18-A002-BL001,ISSUED,records/evidence/E-MD-B18-A002-033_WHOLE_C1_CANONICAL_MARIADB_REGISTRY_CONFIRMATION_AND_COMPLETENESS.json,F-MD-B18-A002-013,E-MD-B18-A002-032;CI-MD-B18-A002-001,D-MD-B18-A002-005,MD-DEP-0017;MD-DEP-0015,,2026-09-21T03:25:03.850310+00:00,"Canonical MariaDB (tradeaxis_testing) confirmation: eod_reason_codes exactly matches Reason_Codes_Seed.sql (437/437, zero diff); registry_versions.reason_registry.entries does not reproduce against real migrated MariaDB. Combined with E031 (substrate-agnostic capture/re-derivation logic proof) and E032 (SQLite all-engaged, one gap found), whole-C1 input-capture manifest completeness is proven via independent orthogonal checks composing, not a single unified run. SATISFIED/denominator/INCOMPLETE (0/114/64) unchanged; this is capture-manifest completeness, not B18 per-predicate closure. No data written; rolled-back transaction only."
E-MD-B18-A002-034,EVIDENCE,MD-B18,MD-B18-A002,MD-B18-A002,MD-B18-A002-BL001,ISSUED,records/evidence/E-MD-B18-A002-034_BINDING_V2_INPUT_CONTEXT_PERSISTED_AND_COMPATIBILITY_HASHES_DERIVED.json,F-MD-B18-A002-013,E-MD-B18-A002-033;CI-MD-B18-A002-001,D-MD-B18-A002-005,MD-DEP-0017;MD-DEP-0015,,2026-09-21T03:56:49.309622+00:00,"C1 Sec6 step 2 Binding implemented as new standalone PublicationInputBindingService: locks candidate+run, verifies ownership/cutoff/config, requires zero manifest gaps, canonicalizes/persists V2 bound input context on existing md_publication_lineage_bindings columns, independently re-derives all seven V1 compatibility hashes from captured content only (no live query), compares rather than trusts. 6 new tests/39 assertions; full pipeline suite 64/64, 6004 assertions. Not wired into live pipeline; no Seal/Reader/Admission started. SATISFIED/denominator/INCOMPLETE unchanged."
E-MD-B18-A002-035,EVIDENCE,MD-B18,MD-B18-A002,MD-B18-A002,MD-B18-A002-BL001,ISSUED,records/evidence/E-MD-B18-A002-035_BINDING_ORCHESTRATION_AND_IMMUTABILITY_AUTHORITY_AUDIT.json,F-MD-B18-A002-013,E-MD-B18-A002-034;CI-MD-B18-A002-001,D-MD-B18-A002-005,MD-DEP-0017;MD-DEP-0015,,2026-09-21T04:21:47.465306+00:00,"Authority audit, no code changed: (1) Binding orchestration is IMPLEMENTATION_DERIVABLE -- runs in completeHash alongside V1 bind(), enforced as a precondition gate by sealCandidatePublication, not a detached operation; (2) sealed V2 column DB-level immutability trigger is ALREADY_DECIDED required by C1 contract Sec4.2 and the consolidated package, a Binding-scoped gap (not deferred to Seal), corrects E034 framing. No owner decision needed for either. No proof/coverage change."
E-MD-B18-A002-036,EVIDENCE,MD-B18,MD-B18-A002,MD-B18-A002,MD-B18-A002-BL001,ISSUED,records/evidence/E-MD-B18-A002-036_BINDING_SEALED_V2_DB_LEVEL_IMMUTABILITY_PROVEN.json,F-MD-B18-A002-013,E-MD-B18-A002-035;CI-MD-B18-A002-001,D-MD-B18-A002-005,MD-DEP-0017;MD-DEP-0015,,2026-09-21T06:26:13.004119+00:00,"Binding-scoped DB-immutability gap closed: new migration adds BEFORE UPDATE/DELETE triggers to md_publication_lineage_bindings, scoped to the four bound_input_* V2 columns, gated on owning publication seal_state=SEALED, on both MariaDB (tradeaxis+tradeaxis_testing) and SQLite. 7 new tests/25 assertions direct against real MariaDB; full MarketData directory 2391/2391, zero new failures. SATISFIED/denominator/INCOMPLETE unchanged. Binding still not wired into live pipeline; Seal not started."
E-MD-B18-A002-037,EVIDENCE,MD-B18,MD-B18-A002,MD-B18-A002,MD-B18-A002-BL001,ISSUED,records/evidence/E-MD-B18-A002-037_E036_COUNT_WORDING_CORRECTION_AND_BINDING_STATUS_CLARIFICATION.json,F-MD-B18-A002-013,E-MD-B18-A002-036;CI-MD-B18-A002-001,D-MD-B18-A002-005,MD-DEP-0017;MD-DEP-0015,,2026-09-21T06:34:15.227966+00:00,"Correction to E036 (not retracted, not overwritten): corrected two internally-contradictory/wrong counts (full-suite was 2384 PASS/7 FAIL of 2391, not 2391/2391 PASS; MariaDB immutability test was 7 tests/17 assertions, not 25). Seven ProductionCorpusInvariantOracleTest failures re-verified as genuine pre-existing MD-DEP-0015 baseline by direct inspection, not just count match. Binding status reclassified from complete to in-progress: service/application/DB-level complete, pipeline orchestration integration not started (E035 IMPLEMENTATION_DERIVABLE, not yet done). No predicate/coverage promotion."
F-MD-B18-A002-020,FINDING,MD-B18,MD-B18-A002,MD-B18-A002,MD-B18-A002-BL001,RESOLVED,development/findings/F-MD-B18-A002-020_DERIVED_PROMOTE_RUNS_CANNOT_SATISFY_WHOLE_C1_CAPTURE_COMPLETENESS.md,,E-MD-B18-A002-038;E-MD-B18-A002-039;E-MD-B18-A002-040;E-MD-B18-A002-041,D-MD-B18-A002-005,MD-DEP-0017;MD-DEP-0015,,2026-09-21T07:10:00+07:00,"P1 OPEN. Wiring PublicationInputBindingService::bind() into completeHash (this evidence turn) surfaced that repair_candidate/incremental promote derives a new run via createPromoteRunFromSeed that never re-executes INGEST_BARS/ACQUISITION, so it cannot capture provider_mapping/source_observations under its own run_id and now fails closed at HASH with INPUT_CAPTURE_BINDING_MANIFEST_INCOMPLETE. Two integration tests reproducing this are marked skipped referencing this finding. Closing it requires a design decision (capture carry-forward from seed run, or an explicit contract exemption) this attempt has no authority to make. The full_publish mainline flow is unaffected. Audit E039: reclassified as an explicit, already-named (C1 Sec5) whole-C1 capture-completeness gap predating E038 (not a new decision, not a Binding defect); LOCKED authority (Finalize_Lock_And_Pointer_Behavior_LOCKED.md/Import_Promote_Separation_Contract.md) requires repair_candidate/incremental to reach SUCCESS/HELD. The two markTestSkipped() calls are NOT legitimate closure. Severity raised: active regression against LOCKED authority, not merely an internal implementation gap. E040: two skips replaced with fail-closed-proving assertions (0 skips remain); FASE 2 capture-provenance plan recorded (C03/C06 only, IMPLEMENTATION_DERIVABLE, not implemented). Finding remains OPEN pending that implementation. E041: C03/C06 reference mechanism implemented exactly as planned. repair_candidate/incremental restored to SUCCESS/SEALED. Finding RESOLVED."
E-MD-B18-A002-038,EVIDENCE,MD-B18,MD-B18-A002,MD-B18-A002,MD-B18-A002-BL001,ISSUED,records/evidence/E-MD-B18-A002-038_BINDING_PIPELINE_ORCHESTRATION_AND_SEAL_PRECONDITION_WIRED.json,F-MD-B18-A002-013;F-MD-B18-A002-020,E-MD-B18-A002-037;CI-MD-B18-A002-001,D-MD-B18-A002-005,MD-DEP-0017;MD-DEP-0015,,2026-09-21T07:35:00+07:00,"Binding pipeline/orchestration integration complete: PublicationInputBindingService::bind() wired into MarketDataPipelineService::completeHash alongside V1's governanceBindings->bind(), reusing the same run/publication; bound_input_context_hash precondition (read-only, never computed/created) added to EodPublicationRepository::sealCandidatePublication after its existing integrity check. Two real fixture gaps fixed at root: eod_reason_codes now seeded canonically in the shared SQLite mirror (closing the E031-E033 gap, chunked insert to respect SQLite's bound-parameter limit) and two tests that execute the seed file directly now clear it first. New finding F-MD-B18-A002-020: derived promote runs (repair_candidate/incremental) cannot satisfy whole-C1 capture completeness under their own run_id; two tests skipped referencing it, full_publish mainline unaffected. Full suite 2392 tests/33769 assertions/10 failures (7 pre-existing MD-DEP-0015 baseline + 3 registry cross-reference failures resolved by this record's own registration)/0 errors/2 skips. Binding (service/app-level/DB-level/orchestration) now fully complete; Seal semantics not started. SATISFIED/denominator/INCOMPLETE (0/114/64) unchanged."
E-MD-B18-A002-039,EVIDENCE,MD-B18,MD-B18-A002,MD-B18-A002,MD-B18-A002-BL001,ISSUED,records/evidence/E-MD-B18-A002-039_REPAIR_CANDIDATE_AUTHORITY_AUDIT_AND_E038_COMPLETENESS_CLAIM_CORRECTION.json,F-MD-B18-A002-013;F-MD-B18-A002-020,E-MD-B18-A002-038;CI-MD-B18-A002-001,D-MD-B18-A002-005,MD-DEP-0017;MD-DEP-0015,,2026-09-21T08:20:00+07:00,"Audit-only, no code changed. Corrects E038 (not overwritten, IMMUTABLE_AFTER_ISSUE): 'Binding fully complete' overstated scope. LOCKED authority (Finalize_Lock_And_Pointer_Behavior_LOCKED.md, Import_Promote_Separation_Contract.md) requires repair_candidate/incremental (same alias) to reach SUCCESS/HELD; C1 contract Sec5 already names createPromoteRunFromSeed as an in-scope entry path ('must account for all of these before its coverage claim') and states the correct interim behavior ('existing flows without complete producer evidence fail closed'). F-MD-B18-A002-020 reclassified: not a Binding defect, not a genuinely unresolved decision (LOCKED authority already requires it to work), but an explicit, already-named, pre-existing whole-C1 capture-completeness gap E031-E033 never actually tested for this entry path. The two markTestSkipped() calls are NOT legitimate closure -- they must be replaced with fail-closed assertions (test-only, no new decision needed), separate from the larger capture-completeness implementation still required. SQLite eod_reason_codes seed reclassified as a legitimate, necessary derived consequence of the already-authorized Binding-into-completeHash wiring, not a new/second authority; content re-verified field-by-field against the canonical seed file, 437/437 exact match, zero mismatches. No predicate/coverage promotion. Seal must not start before F-020 is resolved for repair_candidate/incremental."
E-MD-B18-A002-040,EVIDENCE,MD-B18,MD-B18-A002,MD-B18-A002,MD-B18-A002-BL001,ISSUED,records/evidence/E-MD-B18-A002-040_F020_TEST_VISIBILITY_FIX_AND_CAPTURE_PROVENANCE_IMPLEMENTATION_PLAN.json,F-MD-B18-A002-013;F-MD-B18-A002-020,E-MD-B18-A002-039;CI-MD-B18-A002-001,D-MD-B18-A002-005,MD-DEP-0017;MD-DEP-0015,,2026-09-21T09:10:00+07:00,"FASE 1 (test-only): replaced the two markTestSkipped() calls with assertions proving the correct fail-closed outcome for repair_candidate/incremental promote (INPUT_CAPTURE_BINDING_MANIFEST_INCOMPLETE naming provider_mapping/source_observations); no production code changed. Full suite 2392 tests/33861 assertions/0 errors/7 failures (pre-existing MD-DEP-0015 baseline)/0 skips. FASE 2 (design only, not implemented): confirmed only C03 (provider_mapping) and C06 (source_observations) are affected -- all other ten C1 domains already correct (C01 re-resolved fresh with existing precedent; C02/C04/C05/C08/C09/C10/C11/C12 re-derived fresh from continuously-maintained reference state; C07 already correctly scoped to immutable per-publication history). Capture ownership/provenance model required by authority: reference (never duplicate) the seed run's own immutable C03/C06 captures via the already-existing seed_run_id link in the derived run's RUN_CREATED event, verified by hash equality the same way the existing population_ref pattern already works for same-run references, with explicit source_run_id provenance tagging in the bound bundle. Classified IMPLEMENTATION_DERIVABLE for both domains (not GENUINELY_UNRESOLVED) -- whether it must work, whether fail-closed is correct meanwhile, and reference-not-duplicate as the shape are all already settled by LOCKED authority and the C1 contract's own text/existing code pattern; only narrow implementation choices remain open. Coherent implementation plan recorded, nothing implemented. Seal must not begin before this is implemented and proven."
E-MD-B18-A002-041,EVIDENCE,MD-B18,MD-B18-A002,MD-B18-A002,MD-B18-A002-BL001,ISSUED,records/evidence/E-MD-B18-A002-041_F020_C03_C06_REFERENCED_CAPTURE_IMPLEMENTED_REPAIR_CANDIDATE_RESTORED.json,F-MD-B18-A002-013;F-MD-B18-A002-020,E-MD-B18-A002-040;CI-MD-B18-A002-001,D-MD-B18-A002-005,MD-DEP-0017;MD-DEP-0015,,2026-09-21T10:40:00+07:00,"Implements E040's IMPLEMENTATION_DERIVABLE plan for F-MD-B18-A002-020: C03 (provider_mapping) and C06 (source_observations) satisfied for a derived promote run (repair_candidate/incremental) by immutable reference to the recorded seed run's own captures -- RunInputCaptureRepository::resolveSeedRunId reads the existing RUN_CREATED seed_run_id link; ProducerInputCompletionManifest::inspect() recursively re-validates the seed run's own captures and removes provider_mapping/source_observations from missing_paths only if genuinely proven, else fails closed; PublicationInputBindingService::bind() tags every bundle component with source_run_id (own or seed) so inherited evidence is never presented as freshly produced. No other C1 domain touched. repair_candidate and incremental (alias) both restored to SUCCESS/SEALED. Six targeted tests prove: completion, alias parity, provenance pointing at the exact seed run, immunity to later live-data mutation, direct-SQL immutability of seed captures confirmed, unresolvable/domain-lacking seed_run_id still fails closed. Full suite 2394 tests/33959 assertions/0 errors/7 failures (pre-existing MD-DEP-0015 baseline)/0 skips. Governance self-tests 9/9, 5630 assertions. F-MD-B18-A002-020 resolved. Binding now complete against C1's full entry-path list. Seal not started."
E-MD-B18-A002-042,EVIDENCE,MD-B18,MD-B18-A002,MD-B18-A002,MD-B18-A002-BL001,ISSUED,records/evidence/E-MD-B18-A002-042_SEAL_V2_INDEPENDENT_BOUND_CONTEXT_VERIFICATION_IMPLEMENTED.json,F-MD-B18-A002-013,E-MD-B18-A002-041;CI-MD-B18-A002-001,D-MD-B18-A002-005,MD-DEP-0017;MD-DEP-0015,,2026-09-21T12:30:00+07:00,"C1 contract Sec6 step 3 (Seal) implemented: PublicationInputBindingService::verifyBeforeSeal independently re-verifies an already-persisted V2 bound context (ownership/identity, digest self-consistency, structural readability, component_manifest.status trusted not recomputed, per-component payload_hash against immutable md_run_input_captures, source_run_id provenance against resolveSeedRunId) before EodPublicationRepository::sealCandidatePublication proceeds -- never creates or recomputes a Binding, never reads current/latest state. sealCandidatePublicationPartial unaffected (still unconditionally refuses); promotion structurally cannot bypass it (promoteCandidateToCurrent already requires seal_state=SEALED). Two pre-existing hand-crafted fixtures (B18BeforeSealValidationTest, PublicationRepositoryIntegrationTest) corrected to a self-consistent synthetic bundle, same treatment as their existing synthetic V1 hash columns. Nine new targeted tests prove: valid context completes seal; missing/altered component rejected; wrong source_run_id provenance rejected; digest mismatch rejected; ownership mismatch rejected directly; live data mutation does not affect frozen bound evidence; failed seal creates/repairs nothing and a corrected retry succeeds; sealCandidatePublicationPartial still refuses; a wholly-missing lineage row is still caught by the older integrity check first (unmasked). full_publish/repair_candidate/incremental all unaffected, still reach SEALED. Full suite 2403 tests/33986 assertions/0 errors/7 failures (pre-existing MD-DEP-0015 baseline)/0 skips. Governance self-tests 9/9, 5638 assertions. Reader's prerequisite (a genuinely complete, verified Seal) is now earned; Reader itself not started."
E-MD-B18-A002-043,EVIDENCE,MD-B18,MD-B18-A002,MD-B18-A002,MD-B18-A002-BL001,ISSUED,records/evidence/E-MD-B18-A002-043_READER_VERSION_AWARE_BOUND_CONTEXT_PROJECTION_IMPLEMENTED.json,F-MD-B18-A002-013,E-MD-B18-A002-042;CI-MD-B18-A002-001,D-MD-B18-A002-005,MD-DEP-0017;MD-DEP-0015,,2026-09-22T07:52:00+07:00,"C1 contract Sec6 step 4 (Reader) implemented: PublicationInputBindingService::readBoundContext is a new, read-only, explicit-publication_id-scoped classification (VERIFIED / V1_LEGACY_NO_V2_BOUND_CONTEXT / BLOCKED) of a publication's already-bound V2 input context, reusing the exact same content verification Seal performs (extracted into a shared private verifyBoundContext so Reader can never diverge from Seal on what 'valid' means; all 9 pre-existing Seal tests re-run unmodified and green, confirming zero behavioural change to Seal). Wired into EodPublicationRepository::buildManifestByPublicationId() and threaded through MarketDataEvidenceExportService::buildRunSummary() following its existing 'nothing computed here, read from the manifest' pattern. A BLOCKED classification never carries the unverified components/scope content alongside it. ReplayVerificationService::resolveExplicitFixturePublication/EodEvidenceRepository::resolvePublicationForEvidenceAudit (explicit historical replay resolution) and MarketDataReadProductRepository (read-product repository) were audited and found already explicit-ID-scoped with no current/latest fallback -- no change needed. ReplayVerificationService::actualBoundInputContext and the PUBLICATION_EXACT/AS_KNOWN comparison/MATCH-MISMATCH/ReplayResult-persistence logic were deliberately not touched -- C1 Sec6 step 5 (Admission) owns that surface and is not started in this work unit. Four new targeted tests in MarketDataPipelineIntegrationTest.php (VERIFIED for a genuinely sealed publication with lineage-row read-only proof; V1_LEGACY classification for a publication with no V2 bound context; BLOCKED-and-withholds-content for a tampered bound context; read-only across repeated reads) plus one existing MarketDataEvidenceExportServiceTest.php test extended with 4 new assertions proving export carries the projection verbatim. Full suite 2407 tests/34018 assertions/0 errors/7 failures (pre-existing MD-DEP-0015 baseline)/0 skips. Governance self-tests 12/12, 5659 assertions."
E-MD-B18-A002-044,EVIDENCE,MD-B18,MD-B18-A002,MD-B18-A002,MD-B18-A002-BL001,ISSUED,records/evidence/E-MD-B18-A002-044_ADMISSION_PUBLICATION_EXACT_READER_GATED_AND_FROZEN_IDENTITY.json,F-MD-B18-A002-013,E-MD-B18-A002-043;CI-MD-B18-A002-001,D-MD-B18-A002-005,MD-DEP-0017;MD-DEP-0015,,2026-09-22T09:07:00+07:00,"C1 contract Sec6 step 5 (Admission), PUBLICATION_EXACT mode: ReplayVerificationService::replayAdmissibility now consults Reader's version-aware classification (PublicationInputBindingService::readBoundContext via buildManifestByPublicationId) and forces BLOCKED/NOT_ADMISSIBLE unless the bound context is VERIFIED; actualBoundInputContext now sources temporal_identity_hash/calendar_status_hash/event_factor_hash/reason_registry_hash/formula_registry_hash from that same already-verified identity instead of nonexistent columns, hardcoded constants, or live config -- fixing F-MD-B18-A002-013's five named publication-mode defects for this mode. A VERIFIED context with a genuine other-field divergence still reports FAIL/MISMATCH, never BLOCKED. ReplayBackfillService/BackfillLifecycleOrchestrator/ReplaySmokeSuiteService/FullRangeCurrentEvidenceReplayService inherit this gating structurally (they call the same verifyRunAgainstFixture), satisfying 'share a validator' without touching them. AS_KNOWN mode audited and confirmed architecturally separate (publication_id always null, never touches lineage), not named defective by F-013, untouched; its own BLOCKED-vs-MATCH gap is explicitly marked '(C2 interface)' in the C1 contract text, deferred, not fixed here. Known, documented remaining gaps: reason_registry_hash/formula_registry_hash intentionally share one combined registry_versions payload_hash (splitting needs raw-capture decode, not built); read_model_version/serialization_version/executable_build_identity still read live config. Three new targeted tests (P135-P137) prove: V1_LEGACY forces BLOCKED; a tampered V2 context forces BLOCKED with the underlying reason; a VERIFIED context with a real divergence reports FAIL/ADMISSIBLE, not BLOCKED. Full one-perturbation-per-frozen-field suite (B18ReplayComparisonExhaustivenessTest, 11 fields) re-run green. Ten pre-existing tests updated with a required buildManifestByPublicationId mock stub, no assertions weakened. Full suite 2410 tests/34039 assertions/0 errors/7 failures (pre-existing MD-DEP-0015 baseline)/0 skips. Governance self-tests 12/12, 5667 assertions. No predicate/coverage/SATISFIED/denominator promoted; per-predicate proof-basis review is a separate, not-yet-performed step. F-MD-B18-A002-013 remains OPEN."
F-MD-B18-A002-021,FINDING,MD-B18,MD-B18-A002,MD-B18-A002,MD-B18-A002-BL001,OPEN,development/findings/F-MD-B18-A002-021_ADMISSION_TEMPORAL_IDENTITY_WRONG_DOMAIN_AND_UNBOUND_REGISTRY_MEMBERS.md,,E-MD-B18-A002-044;E-MD-B18-A002-045,D-MD-B18-A002-005,MD-DEP-0017;MD-DEP-0015,,2026-09-22T10:30:00+07:00,"P2 OPEN. Discovered during E-MD-B18-A002-045's per-predicate proof-basis review of F-MD-B18-A002-013. ReplayVerificationService::actualBoundInputContext() (E-044) sources temporal_identity_hash from identity_revision_set_hash, which PublicationInputBindingService::deriveCompatibilityHashes() derives exclusively from the market-structure-consumed-inputs/v1 capture (C11 board/price-band/tick resolution) -- not from the C02 universe_identity capture (temporal-identity-revisions/v1) that MD-S050-R0008/MD-S019-R0067 actually require (issuer/instrument/listing/symbol/provider-mapping revisions). A genuine domain mismatch, not merely unproven-but-correct. Three further members remain unbound for other reasons: contamination decisions (MD-S050-R0012's fourth member; no compatibility hash exists for the C09 ancillary/contamination domain at all); eligibility version (one of MD-S050-R0014's nine members; no eligibility-version concept exists anywhere in the captured registry payload or MarketDataSemanticBindings); read_model_version/serialization_version/executable_build_identity (three more MD-S050-R0014 members; still read live config in actualBoundInputContext(), unchanged by E-044, even though buildManifestByPublicationId() already exposes an unused manifest-level read_model_version/build_id). Not a regression: every gap existed identically or worse before E-044, which is a genuine, confirmed improvement for calendar_status_hash and three of event_factor_hash's four required members. Filed separately from its parent F-013 so it has its own resolution lifecycle. Remediation (not performed here) requires Binding to derive an eighth compatibility hash for C02 universe_identity, a decision on contamination/eligibility scope, and sourcing the three registry-version fields from the frozen manifest instead of live config."
E-MD-B18-A002-045,EVIDENCE,MD-B18,MD-B18-A002,MD-B18-A002,MD-B18-A002-BL001,ISSUED,records/evidence/E-MD-B18-A002-045_PER_PREDICATE_PROOF_BASIS_REVIEW_TEN_F013_BASES_REMAIN_INCOMPLETE.json,F-MD-B18-A002-013;F-MD-B18-A002-021,E-MD-B18-A002-044;CI-MD-B18-A002-001,D-MD-B18-A002-005,MD-DEP-0017;MD-DEP-0015,,2026-09-22T10:30:00+07:00,"Per-predicate proof-basis review (audit only, no code changed) of the ten MD-S050/MD-S003/MD-S019 bases F-MD-B18-A002-013 carries: MD-S050-R0002/R0008/R0009/R0012/R0014, MD-S003-R0003, MD-S019-R0067/R0068/R0069/R0071. All ten confirmed still INCOMPLETE in MarketDataReplayVerificationProofBasis::INCOMPLETE (not PROVEN) before any conclusion drawn. Reviewed exactly which capture domain backs each compatibility hash Admission (E-044) now reads: calendar_status_hash (calendar_revision_set_hash+status_revision_set_hash) is correctly domain-matched to calendar/session and trading-status revisions; event_factor_hash correctly binds event revisions, verification states and factor-set revisions/decisions but not contamination decisions (no compatibility hash exists for that domain at all); temporal_identity_hash (identity_revision_set_hash) is a genuine domain mismatch -- market-structure/board data, not universe/listing/symbol/provider-mapping identity -- newly discovered and filed as F-MD-B18-A002-021. reason_registry_hash/formula_registry_hash now real (registry_versions payload, including price_product_version) but eligibility version is captured nowhere in the system, and read_model_version/serialization_version/executable_build_identity remain live-config-sourced. Separately, the guard currently bound to eight of the ten predicates (B18ReplayBoundInputIdentityContractTest) was read in full and confirmed to exercise only MarketDataEvidenceExportService's pass-through of a hand-fabricated metric row -- it never calls or mocks ReplayVerificationService::actualBoundInputContext() at all, so it cannot establish these predicates regardless of E-044's content, unchanged from F-013's own original description of this guard's limits. MD-S050-R0002/MD-S003-R0003's own guard (B18ReplayComparisonExhaustivenessTest) does exercise the real computation and is self-calibrating, but both predicates require the full eleven-field conjunction and fail on the same residual gaps. Verdict: zero of ten predicates promoted to PROVEN; all ten remain INCOMPLETE with their inline comments extended to record this review's more precise findings. No traceability-matrix coverage_status, SATISFIED, or denominator change. New finding F-MD-B18-A002-021 registered. F-MD-B18-A002-013 remains OPEN."
E-MD-B18-A002-046,EVIDENCE,MD-B18,MD-B18-A002,MD-B18-A002,MD-B18-A002-BL001,ISSUED,records/evidence/E-MD-B18-A002-046_F021_TEMPORAL_IDENTITY_AND_CONTAMINATION_REMEDIATED_SIX_PREDICATES_PROVEN.json,F-MD-B18-A002-021;F-MD-B18-A002-013,E-MD-B18-A002-045;CI-MD-B18-A002-001,D-MD-B18-A002-005,MD-DEP-0017;MD-DEP-0015,,2026-09-22T11:16:00+07:00,"F-MD-B18-A002-021 remediation, two of five items (ALREADY_DECIDED by the C1 contract's own C02/C09/C11 producer-domain separation, IMPLEMENTATION_DERIVABLE without reopening Capture): ReplayVerificationService::actualBoundInputContext() now sources temporal_identity_hash from a new componentGroupHash() over the bound context's universe_identity (C02) capture references instead of identity_revision_set_hash (which PublicationInputBindingService derives exclusively from C11 market-structure/board content -- the domain mismatch F-021 found); dataset boundary folds in automatically since each component's slot_hash already covers its full selection_context (which the C1 capture contract requires to include dataset_start). event_factor_hash gained a fifth combined member, componentGroupHash() over the ancillary (C09) capture, whose payload already contains corporate-action-window and price-scale-break contamination content (confirmed by reading ProducerAncillaryCapture::deriveContamination/derivePriceScaleBreaks in full) -- the missing 'contamination decisions' member of MD-S050-R0012. Both reads are over Reader's already-verified bound_input_context['components'] list; no Binding/Seal/Reader/Capture/schema change. A new domain-isolation test (ReplayVerificationServiceTest::test_temporal_identity_and_event_factor_hash_are_domain_isolated_by_component) proves changing only the universe_identity component moves temporal_identity_hash and nothing else, and changing only ancillary moves event_factor_hash and nothing else -- directly proving the defect class F-021 found cannot recur undetected. B18ReplayComparisonExhaustivenessTest's shared manifest stub extended from an empty components list to real universe_identity/ancillary entries so its full eleven-field perturbation suite exercises genuine content. Governance follow-through: MD-S050-R0008/R0009/R0012 and MD-S019-R0067/R0068/R0069 moved from MarketDataReplayVerificationProofBasis::INCOMPLETE to ::PROVEN, each rebound from B18ReplayBoundInputIdentityContractTest (which only proves evidence-export pass-through of a fabricated metric row, never the real writer) to B18ReplayComparisonExhaustivenessTest's real-path perturbation pair plus the new domain-isolation test. MD-S050-R0002/MD-S003-R0003/MD-S050-R0014/MD-S019-R0071 remain INCOMPLETE, blocked on F-021's two deferred items (eligibility version -- requires a new Capture-layer field, not added here; read_model_version/serialization_version/executable_build_identity -- requires a new raw-capture-decode capability, not built here), each explicitly classified IMPLEMENTATION_DERIVABLE but out of this turn's scope, not silently dropped. No traceability-matrix coverage_status/SATISFIED/denominator change. Full suite 2411 tests/34070 assertions/0 errors/7 failures (pre-existing MD-DEP-0015 baseline)/0 skips. Governance self-tests 12/12, 5691 assertions. F-MD-B18-A002-021 remains OPEN for its two deferred items. F-MD-B18-A002-013 remains OPEN (four of ten bases still incomplete)."
E-MD-B18-A002-047,EVIDENCE,MD-B18,MD-B18-A002,MD-B18-A002,MD-B18-A002-BL001,ISSUED,records/evidence/E-MD-B18-A002-047_F021_REGISTRY_CONTENT_DECODE_CAPABILITY_SERIALIZATION_AND_BUILD_IDENTITY.json,F-MD-B18-A002-021;F-MD-B18-A002-013,E-MD-B18-A002-046;CI-MD-B18-A002-001,D-MD-B18-A002-005,MD-DEP-0017;MD-DEP-0015,,2026-09-22T12:10:00+07:00,"F-MD-B18-A002-021 item 5, partial. Ordering decision before coding: re-reading ProducerRegistrySnapshot::capture() found item 5 as previously scoped (read_model_version/serialization_version/executable_build_identity all 'needing decode') was itself imprecise -- only serialization_version and executable_build.build_id are real, already-captured fields; read_model_version does not exist anywhere in that capture, making it the same category of gap as eligibility_version (needs a new Capture field), not a decode gap. Correction recorded, not silently absorbed. Ordering classified IMPLEMENTATION_DERIVABLE (infrastructure-before-consumer): built the general Reader-side decode capability first since the later Capture-reopening work would want to expose its new fields through it anyway, and this capability stays entirely within Reader/Admission -- no Capture reopened this turn. PublicationInputBindingService::verifyBoundContext() (shared by Seal and Reader) now decodes the already-hash-verified registry_versions component's raw semantic_payload_json once (via RunInputCaptureRepository::verify(), the same method every other capture-completeness check already uses -- no new trust surface), attaching it to the bundle; PublicationInputBindingService::readBoundContext()'s VERIFIED result gained a new registry_content key exposing it. ReplayVerificationService::actualBoundInputContext() now reads serialization_version/executable_build_identity from that decoded content, precisely isset()-checked, only when VERIFIED -- otherwise honestly empty, never falling back to live config as before. Two targeted tests prove the real-value case and the fail-closed-to-empty case (never config fallback); B18ReplayComparisonExhaustivenessTest's shared stub extended with real registry_content so its full eleven-field perturbation suite exercises genuine content for these two fields too. No predicate promoted: MD-S050-R0002/R0003/R0014 and MD-S019-R0071 remain INCOMPLETE, still blocked by the two genuinely-remaining F-021 items (eligibility version; read_model_version), both requiring a new ProducerRegistrySnapshot capture field under their own Change Impact Declaration -- not implemented here. Full suite 2412 tests/34082 assertions/0 errors/7 failures (pre-existing MD-DEP-0015 baseline)/0 skips. Governance self-tests 12/12, 5699 assertions. F-MD-B18-A002-021 remains OPEN for exactly two items. F-MD-B18-A002-013 remains OPEN (four bases still incomplete, unchanged)."
E-MD-B18-A002-048,EVIDENCE,MD-B18,MD-B18-A002,MD-B18-A002,MD-B18-A002-BL001,ISSUED,records/evidence/E-MD-B18-A002-048_F021_READ_MODEL_VERSION_CAPTURED_ELIGIBILITY_VERSION_GENUINELY_UNRESOLVED.json,F-MD-B18-A002-021;F-MD-B18-A002-013,E-MD-B18-A002-047;CI-MD-B18-A002-001,D-MD-B18-A002-005,MD-DEP-0017;MD-DEP-0015,,2026-09-22T13:05:00+07:00,"F-MD-B18-A002-021's last two items re-verified against ProducerRegistrySnapshot::capture()'s actual current payload before coding -- both confirmed still missing. Classified separately rather than as one symmetric pair: read_model_version has an already-established, already-reused canonical identity elsewhere ('market_data_read_product_v1', the real value in MarketDataReadProductService x2 and EodPublicationRepository x2, and PublicationGovernanceBindingService's own fallback default) -- IMPLEMENTATION_DERIVABLE, implemented. eligibility_version has no existing identity anywhere (no config key -- config/market_data.php has no 'eligibility' section at all, unlike coverage's contract_version; no code constant; no LOCKED strategy version tag) -- GENUINELY_UNRESOLVED, not invented, left as this finding's one remaining named gap. ProducerRegistrySnapshot::capture() gained 'read_model_version' => 'market_data_read_product_v1' (a fixed-literal identity, same pattern as the existing 'registry_contract' field, no config lookup). ReplayVerificationService::actualBoundInputContext() now reads it from Reader's registry_content decode (built E047), real when VERIFIED, honestly empty otherwise -- replacing a live-config read that always resolved to a hardcoded default anyway (the config key never existed) and additionally used a non-canonical literal ('market_data_read_model_v1' vs the actually-established 'market_data_read_product_v1'). A new real-pipeline (not mocked) integration test seals a genuine publication and proves the whole Capture-to-Reader chain decodes the real read_model_version/serialization_version/executable_build_identity together. A mocked test proves the positive and fail-closed-to-empty cases. B18ReplayComparisonExhaustivenessTest's shared stub extended with the real value; full eleven-field perturbation suite still catches a read_model_version divergence. No predicate promoted: all eleven BOUND_INPUT_FIELDS are now individually real, which is necessary but not sufficient for MD-S050-R0002/R0003's full conjunction or MD-S050-R0014's full enumeration while eligibility remains an explicitly-named, still-absent member; MD-S019-R0071 untouched by this turn's change, left at its prior assessment. Full suite 2413 tests/34098 assertions/0 errors/7 failures (pre-existing MD-DEP-0015 baseline)/0 skips. Governance self-tests 12/12, 5707 assertions. F-MD-B18-A002-021 remains OPEN for exactly one item: eligibility_version, which needs an owner/authority decision on what identity to use before it can be captured. F-MD-B18-A002-013 remains OPEN (four bases still incomplete, unchanged)."
E-MD-B18-A002-049,EVIDENCE,MD-B18,MD-B18-A002,MD-B18-A002,MD-B18-A002-BL001,ISSUED,records/evidence/E-MD-B18-A002-049_F021_ELIGIBILITY_CONTRACT_VERSION_REGISTERED_FINDING_RESOLVED_EIGHT_OF_TEN_PROVEN.json,F-MD-B18-A002-021;F-MD-B18-A002-013,E-MD-B18-A002-048;CI-MD-B18-A002-001,D-MD-B18-A002-006;D-MD-B18-A002-005,MD-DEP-0017;MD-DEP-0015,,2026-09-22T14:00:00+07:00,"Owner decision D-MD-B18-A002-006 (Option B, config-driven) implemented: market_data.eligibility.contract_version registered in config/market_data.php, captured through the existing ProducerRegistrySnapshot::capture()/registry_versions path (fail-closed validation loop extended), no new decode path or Admission change -- formula_registry_hash/reason_registry_hash already read the whole registry_versions payload_hash. Editing the LOCKED Platform_Config_Registry_LOCKED.md required, and was found to require by a real gate failure rather than assumed in advance, updating MARKET_DATA_STRATEGY_FREEZE_MANIFEST.json (new sha1, DOC-CHG-20260922-001, successor freeze MD-STRATEGY-FREEZE-20260922-001), MARKET_DATA_STRATEGY_AUTHORITY_REGISTRY.csv, DOCUMENT_CHANGE_LOG.md, and a new decision record D-MD-B18-A002-006 registered across DOCUMENT_ID_REGISTRY.csv/DOCUMENT_ROLE_REGISTRY.csv/CURRENT_VERIFICATION_REGISTRY.csv; the same edit shifted 128 downstream MD-S082 rule rows source_line by one in STRATEGY_TO_IMPLEMENTATION_TRACEABILITY_MATRIX.csv, corrected and verified row-by-row (only source_line changed, nothing else). Historical-publication compatibility resolved from exact contract mechanics (PublicationInputBindingServices verifyBoundContext() is purely self-referential, never diffs against what current code would produce) and proven directly by a new test: an old-shape registry_versions capture predating this field remains VERIFIED, never BLOCKED. Predicate review of exactly the four named dependents (MD-S050-R0014, MD-S019-R0071, MD-S050-R0002, MD-S003-R0003), each on its own earned proof: reviewing MD-S050-R0002/MD-S003-R0003 surfaced a further, previously-unproven gap the review itself found -- formula_registry_hash/reason_registry_hash extraction of the registry_versions components payload_hash had never been exercised by any test with a real matching component present -- closed with a new direct test and an exhaustiveness-fixture update before promoting both to PROVEN. MD-S050-R0014/MD-S019-R0071 remain INCOMPLETE for a corrected reason: their bound guard, B18ReplayBoundInputIdentityContractTest, proves only evidence-export pass-through of a fabricated metric row and never exercises ReplayVerificationService::actualBoundInputContext(), the real writer; eligibility is no longer their blocker. A related, previously-unregistered dependency (ConfigEnvGovernanceCleanupStaticGuardTests env-template/config synchronization check) was also caught and fixed by adding the new env key to .env.example/.env.testing. Full tests/Unit/MarketData, run solo: 2415 tests, 34126 assertions, 0 errors, 7 failures (unchanged pre-existing MD-DEP-0015 baseline), 0 skips. Governance self-tests 12/12. No traceability-matrix coverage_status/SATISFIED/denominator change. F-MD-B18-A002-021: RESOLVED. F-MD-B18-A002-013: remains OPEN, eight of ten bases now PROVEN, two remain (blocked on their own bound guard, a separately-scoped remediation). No commit or push performed."
D-MD-B18-A002-006,DECISION,MD-B18,MD-B18-A002,MD-B18-A002,MD-B18-A002-BL001,ISSUED,records/decisions/D-MD-B18-A002-006_APPROVED_F021_ELIGIBILITY_CONTRACT_VERSION_REGISTRATION.md,F-MD-B18-A002-021,E-MD-B18-A002-045;E-MD-B18-A002-048;CI-MD-B18-A002-001,D-MD-B18-A002-005,MD-DEP-0017,,2026-09-22T14:00:00+07:00,"Owner decision (Option B, config-driven) for F-MD-B18-A002-021's last remaining item: eligibility_contract_version registered as market_data.eligibility.contract_version (default eod_eligibility_snapshot_v1, env MARKET_DATA_ELIGIBILITY_CONTRACT_VERSION), owned by EOD_Eligibility_Snapshot_Contract_LOCKED.md. Authorises exactly one additive MD-S082 resolved-key row (DOC-CHG-20260922-001, successor freeze MD-STRATEGY-FREEZE-20260922-001) and capture through the existing ProducerRegistrySnapshot::capture()/registry_versions path only; no new decode path, bound-input field, or Admission semantic change."
E-MD-B18-A002-050,EVIDENCE,MD-B18,MD-B18-A002,MD-B18-A002,MD-B18-A002-BL001,ISSUED,records/evidence/E-MD-B18-A002-050_F013_LAST_TWO_BASES_REBOUND_PROVEN_FINDING_RESOLVED.json,F-MD-B18-A002-013,E-MD-B18-A002-049;CI-MD-B18-A002-001,D-MD-B18-A002-005,MD-DEP-0017;MD-DEP-0015,,2026-09-22T18:40:00+07:00,"Reviewed MD-S050-R0014/MD-S019-R0071 independently against current authority before touching any proof record: exact contract text re-read from Replay_Verification_Contract_LOCKED.md line 30 and Determinism_Invariants_LOCKED.md line 117; B18ReplayBoundInputIdentityContractTest.php re-read in full and confirmed by grep to never reference ReplayVerificationService::actualBoundInputContext() at all -- proves only MarketDataEvidenceExportService pass-through of a fabricated metric row, unchanged since F-013s original write-up. ReplayVerificationService::actualBoundInputContext() re-read in full and confirmed all nine MD-S050-R0014 members already fold into two fields (formula_registry_hash/reason_registry_hash as the combined registry_versions payload_hash; read_model_version/serialization_version/executable_build_identity as decoded registry_content), both already genuinely record-derived and independently proven by two pre-existing, unmodified tests (ReplayVerificationServiceTest::test_formula_and_reason_registry_hash_come_from_the_registry_versions_component from E049; ::test_registry_content_fields_come_from_decoded_capture_only_when_verified from E047). No new targeted test was required; only the proof-basis rebind was outstanding. Rebound both predicates to B18ReplayComparisonExhaustivenessTest::test_a_divergence_in_any_frozen_input_denies_pass (positive) and ReplayVerificationServiceTest::test_formula_and_reason_registry_hash_come_from_the_registry_versions_component (negative), mirroring the exact rebind pattern E046 already used for MD-S050-R0008/R0009/R0012. One stale code comment in ReplayVerificationService.php (claiming eligibility_version has no existing identity, written before D-MD-B18-A002-006) was corrected -- zero executable lines changed, confirmed by diff. Both predicates independently reviewed and promoted to PROVEN, not bulk-promoted: each met its own exact requirement with existing, already-green proof. F-MD-B18-A002-013 carries exactly ten predicates per its own Status of proof section; all ten are now PROVEN, so the finding is RESOLVED -- its own defect (publication replay binding empty or nominal identities) no longer exists for any predicate it tracks. Traceability-matrix coverage_status/SATISFIED/denominator untouched, consistent with every prior evidence in this chain. MD-DEP-0017 remains BLOCKING pending F-014 through F-018, none touched. Confirmed via git stash that MarketDataReplayVerificationNormalization CONDITION_EXECUTION_STALE (traces to 2026-09-14 E-MD-B18-A002-008, an unrelated matter) and MarketDataReplayVerificationProofGate 54-of-114-predicates-without-basis (MD-B18-A002s much larger whole-attempt incompleteness, tracked by F-014-F-019) both pre-exist this turn, are not regressions, and are out of this reviews scope. MarketDataDocumentationIntegrityGate/RelationshipIntegrityGate/ClassificationConsistencyGate/TraceabilityApplicabilityGate all PASS run directly. Governance self-tests (GovernanceGateReadOnlyExecutionTest 9/9, FindingRecordConsistencyTest 3/3) green. No test file and no executable production line changed this round. No commit or push performed."
E-MD-B18-A002-051,EVIDENCE,MD-B18,MD-B18-A002,MD-B18-A002,MD-B18-A002-BL001,ISSUED,records/evidence/E-MD-B18-A002-051_F014_RERUN_DETERMINISM_GUARDS_REBOUND_FINDING_RESOLVED.json,F-MD-B18-A002-014,E-MD-B18-A002-050;CI-MD-B18-A002-001,D-MD-B18-A002-005,MD-DEP-0017;MD-DEP-0015,,2026-09-22T20:00:00+07:00,"F-MD-B18-A002-014 four predicates re-read against current authority before any change: MD-S019-R0073/MD-S005-R0095 name the replay-verification subsystem (Determinism_Invariants_LOCKED.md:120, Audit_Hash_and_Reproducibility_Contract_LOCKED.md:153 required proof 5); MD-S003-R0004/MD-S019-R0009 name the production pipeline rebuild path (same document, Correction and rerun rules section: an unchanged rebuild produces identical artifact hashes and must not create a fake corrected publication). B18ReplayRerunDeterminismTest, the guard all four were bound to, re-read in full and confirmed by grep (zero matches for ReplayVerificationService/verifyRunAgainstFixture/MarketDataPipelineService/runDaily) to call only MarketDataEvidenceExportService::exportReplayEvidence() twice on one static fabricated object -- proving exporter round-trip fidelity, nothing about either determinism sense. An exploratory throwaway probe (discarded after use, never committed) called MarketDataPipelineService::runDaily() twice independently for the same unchanged date with no correction request and observed concrete real behavior: a genuinely new run_id, an identical bars_batch_hash, a sealed-but-never-current second candidate publication, and a HELD/NOT_READABLE/RUN_LOCK_CONFLICT outcome via PublicationFinalizeOutcomeServices existing promotion-safety refusal -- the system already refuses to silently promote an unauthorized rerun as a fake correction; no production change was needed or made. Cross-referencing MarketDataPipelineIntegrationTests existing correction-workflow tests against these predicates (rather than assuming none existed) found a pre-existing, already-green, real-SQLite-pipeline positive/negative pair that already proves the rebuild sense: test_run_daily_correction_with_unchanged_artifacts_cancels_request_and_preserves_current_publication (unchanged content -> identical batch hashes, correction explicitly CONSUMED_CURRENT, no version switch, published_at null) and test_run_daily_correction_replaces_current_publication_and_marks_correction_published (changed content -> genuinely new publication_version, correction CORRECTION_PUBLISHED). No new test needed for the rebuild sense; only the proof-basis rebind was outstanding. The replay sense had no existing test at all (confirmed by grep across tests/), so two new targeted tests were added to ReplayVerificationServiceTest.php: test_replaying_the_same_unchanged_publication_twice_persists_byte_identical_results_except_execution_identity calls verifyRunAgainstFixture() twice through two genuinely separate service instances and two genuinely separate Mockery mock sets (never the same object reused, never the first calls return value fed into the second as its actual), asserting every persisted metric field identical between the two calls except replay_id, which is asserted to DIFFER (each independent execution mints its own identity), proving two genuinely separate executions were compared rather than one compared with itself; test_a_genuine_input_divergence_between_two_independent_replays_is_detected is the falsification half, diverging one real input (bars_batch_hash) between the two independent calls and asserting the persisted result moves in exactly that field. The excluded-field list (replay_id, beyond the classs own pre-existing ignoredVolatileFields already used elsewhere in its comparison logic) applies an already-decided general principle (run_id and auto-increment IDs excluded from artifact hashes unless they alter semantics, Audit_Hash_and_Reproducibility_Contract_LOCKED.md) to a new record shape, not a new invention. No production code changed: ReplayVerificationService::verifyRunAgainstFixture() and MarketDataPipelineService were both read in full and found already correct for both senses. B18ReplayRerunDeterminismTest is kept unmodified as supporting evidence for exporter determinism, per this findings own remediation point 3. MarketDataReplayVerificationProofBasis: all four predicates moved INCOMPLETE -> PROVEN. No traceability-matrix coverage_status/SATISFIED/denominator change. F-MD-B18-A002-014: RESOLVED. MD-DEP-0017 remains BLOCKING pending F-015 through F-018, none touched. No commit or push performed."
E-MD-B18-A002-052,EVIDENCE,MD-B18,MD-B18-A002,MD-B18-A002,MD-B18-A002-BL001,ISSUED,records/evidence/E-MD-B18-A002-052_F015_C2_STATUS_SEMANTICS_BLOCKED_VS_FAIL_MD_S050_R0030_R0031_PROVEN.json,F-MD-B18-A002-015,E-MD-B18-A002-051;CI-MD-B18-A002-001,D-MD-B18-A002-005,MD-DEP-0017;MD-DEP-0015,,2026-09-22T21:30:00+07:00,"First bounded remediation unit of F-MD-B18-A002-015, scoped explicitly to MD-S050-R0030/MD-S050-R0031 (C2 status semantics: BLOCKED for missing required proof vs FAIL for executed divergence), per instruction not to attempt the other 12 predicates in the same turn. Verified exact current lines before any change: compareExpectedAndActual()s validateExpectedProofCompleteness() folded a fixtures own missing required expected_* sections into the ordinary mismatch list via appendMismatch(), and replayStatusForComparison() mapped that MISMATCH to FAIL -- confirmed defective by the pre-existing test test_verify_replay_fails_safe_when_expected_proof_is_incomplete, which asserted exactly this outcome. Minimum change per the C2 contract table: replayAdmissibility() (the existing pre-comparison gate already producing NOT_ADMISSIBLE/BLOCKED for a self-generated fixture, an unbound configuration, or an unverified bound-input context) gained one further check, placed first: fixture[expected_proof_missing] non-empty returns its own REPLAY_EXPECTED_PROOF_INCOMPLETE reason naming every missing path. This reuses the existing BLOCKED/NOT_ADMISSIBLE mechanism rather than inventing a new status value, matching the contracts own BLOCKED definition (required fixture/runtime/input proof was unavailable) which already spans all three conditions under one status. compareExpectedAndActual() itself is unchanged -- the missing-path mismatch entries still land in mismatches/mismatch_reason_codes, so the exact missing field/path required by C2 stays visible in evidence even though the outer verdict is now BLOCKED, not FAIL. ReplayResultRepository read only, not modified -- comparison_result/replay_status are already-generic string columns, already proven capable of persisting NOT_ADMISSIBLE/BLOCKED by two pre-existing bound-context-unavailable admissibility tests. The one pre-existing test asserting the old, defective MISMATCH/FAIL outcome was corrected in place (not silently left red, not deleted) to assert NOT_ADMISSIBLE/BLOCKED while keeping and strengthening its own missing-path assertion. One new discriminating test proves the BLOCKED side with a genuinely (not simulated) incomplete fixture and a genuinely VERIFIED bound context. The FAIL side needed no new test -- a pre-existing, unmodified test (built in an earlier F-013 round) already proves complete-proof-plus-divergence reports FAIL/ADMISSIBLE and now doubles as this predicates negative counterpart. Both directions mutation-proven per governance protocol: disabling the new admissibility check (byte-for-byte copy saved first) turned both BLOCKED-side proofs red while the FAIL proof stayed green; forcing executed MISMATCH to also map to BLOCKED turned the FAIL proof red while both BLOCKED-side proofs stayed green; both mutations byte-restored after, sha256 verified identical, control green again, no mutant artifact left behind. MD-S050-R0030/MD-S050-R0031 promoted PROVEN -- the INCOMPLETE count in MarketDataReplayVerificationProofBasis moves from 50 to 48, confirmed via git stash comparison against the pre-change state. No traceability-matrix coverage_status/SATISFIED/denominator change. F-MD-B18-A002-015 explicitly NOT closed -- remains OPEN -- REMEDIATION_IN_CONSOLIDATED_PACKAGE with 12 of its own 14 predicates still incomplete (the unknown-fixture/backfill unit MD-S050-R0053/MD-S002-R0009/MD-S002-R0010 next, per the prior audit turns dependency derivation; then G04 coverage-reason preservation; then the G08/G09 guard-only items). MD-DEP-0017 unchanged, still BLOCKING, still bundles F-013 through F-018. F-013/F-014/F-021 not reopened. Targeted suites: ReplayVerificationServiceTest 20/20 (83 assertions), ReplayComparisonDetectsDivergenceTest 29/29 (unmodified, unaffected), B18ReplayComparisonExhaustivenessTest 39/39, ReplayEvidenceExportServiceTest 2/2, ReplayBackfillServiceTest 2/2, ReplaySmokeSuiteServiceTest 1/1, FullRangeCurrentEvidenceReplayServiceTest 2/2, BackfillLifecyclePublicationReprocessTest 6/6, BackfillMissingTickerLifecycleTest 12/12, OpsCommandSurfaceTest 64/64, ReplayMismatchClassificationTest 22/22, ReplayDeterminismStaticGuardTest 4/4, all green. Governance self-tests (GovernanceGateReadOnlyExecutionTest 9/9, FindingRecordConsistencyTest 3/3) green. Full application suite not run, not required for a one-pair bounded unit per current instruction. No commit or push performed."
E-MD-B18-A002-053,EVIDENCE,MD-B18,MD-B18-A002,MD-B18-A002,MD-B18-A002-BL001,ISSUED,records/evidence/E-MD-B18-A002-053_F015_BACKFILL_FIXTURE_CASE_SEMANTICS_MD_S050_R0053_MD_S002_R0009_R0010_PROVEN.json,F-MD-B18-A002-015,E-MD-B18-A002-052;CI-MD-B18-A002-001,D-MD-B18-A002-005,MD-DEP-0017;MD-DEP-0015,,2026-09-22T22:30:00+07:00,"Second bounded unit of F-MD-B18-A002-015, scoped explicitly to MD-S050-R0053/MD-S002-R0009/MD-S002-R0010 (unknown-fixture-case rejection and BLOCKED-never-counted-as-pass), per instruction not to attempt G04/G07/G08/G09 or close F-015 this turn. Re-verified against current authority before any change: Backtest_Metrics_and_Acceptance_Criteria_LOCKED.md lines 13/15, Replay_Verification_Contract_LOCKED.md line 101, and the consolidated remediation package C2 table rows for unknown-case rejection and legitimate-negative-fixture preservation. ReplayBackfillService.php re-read in full: expectedOutcomeForFixtureCase() returned null for any unrecognised --fixture_case and $passed = $expectedOutcome ? ... : true turned that into an automatic pass for every date, after full replay/export work per date. ReplayBackfillCommand.php confirmed to have no independent validation, so one fix covers every caller. Implemented: a single KNOWN_FIXTURE_CASES const is now the sole source of truth for both a new pre-execution rejection (thrown before guardDateRange, before any filesystem/calendar work, before the date loop) and expectedOutcomeForFixtureCase()s own lookup, so the two notions of known can never diverge. Separately and explicitly re-verified, not assumed: the known-case comparison itself needed no change, since $observedOutcome === $expectedOutcome already correctly fails for all four named cases when the actual outcome is the new NOT_ADMISSIBLE value E-MD-B18-A002-052 introduced -- proven directly with a mocked reason_code_mismatch_case replay returning that exact shape. No current named fixture case expects BLOCKED/NOT_ADMISSIBLE; none was invented, out of scope per instruction. Sibling consumers ReplaySmokeSuiteService (hardcoded internal case map) and FullRangeCurrentEvidenceReplayService (positive allowlist requiring MATCH+PASS+zero mismatches+both admission states ADMITTED_COMPLETE) re-confirmed structurally immune, not touched. Two new targeted tests added (unknown-case-rejected-before-any-work, proven via Mockery shouldNotReceive on every collaborator not merely the thrown exception; known-case-expecting-MISMATCH-observing-BLOCKED-not-counted-as-passed); two pre-existing tests left completely unmodified and re-confirmed green. Both new tests mutation-proven per governance protocol: removing the unknown-case rejection turned that proof red while the others stayed green; forcing $passed=true unconditionally turned the BLOCKED-not-passed proof red while the others stayed green; both mutations byte-restored after, sha256 verified identical, control green again, no mutant artifact left. MD-S050-R0053/MD-S002-R0009/MD-S002-R0010 promoted PROVEN -- the INCOMPLETE count in MarketDataReplayVerificationProofBasis moves from 48 to 45, confirmed via git stash comparison. No traceability-matrix coverage_status/SATISFIED/denominator change. F-MD-B18-A002-015 explicitly NOT closed -- remains OPEN -- REMEDIATION_IN_CONSOLIDATED_PACKAGE with 9 of its own 14 predicates still incomplete (G04 coverage-reason preservation next, per canonical C2 guard-scan ordering; then G07/G08/G09 guard-only rebinds). MD-DEP-0017 unchanged, still BLOCKING, still bundles F-013 through F-018. No prior finding reopened. Targeted suites: ReplayBackfillServiceTest 4/4 (18 assertions), OpsCommandSurfaceTest 64/64 (371 assertions), both green. Governance self-tests (GovernanceGateReadOnlyExecutionTest 9/9, FindingRecordConsistencyTest 3/3) green. Full application suite not run, not required for a three-predicate bounded unit per current instruction. No commit or push performed."
E-MD-B18-A002-054,EVIDENCE,MD-B18,MD-B18-A002,MD-B18-A002,MD-B18-A002-BL001,ISSUED,records/evidence/E-MD-B18-A002-054_F015_G04_COVERAGE_REASON_PRESERVATION_MD_S040_R0071_R0077_PROVEN.json,F-MD-B18-A002-015,E-MD-B18-A002-053;CI-MD-B18-A002-001,D-MD-B18-A002-005,MD-DEP-0017;MD-DEP-0015,,2026-09-23T00:10:00+07:00,"Third bounded unit of F-MD-B18-A002-015, scoped explicitly to G04 coverage-reason preservation (MD-S040-R0071/MD-S040-R0077), per instruction not to attempt G07/G08/G09 or close F-015 this turn. Reconstructed the exact producer-to-persistence-to-consumer path before any change: CoverageGateEvaluator::evaluateCaptured()/notEvaluableResult() re-read in full, confirming coverage_reason_code carries exactly three values (RUN_COVERAGE_NOT_EVALUABLE/COVERAGE_THRESHOLD_MET/RUN_COVERAGE_LOW) in strict one-to-one correspondence with coverage_gate_state's three values -- ruling out a same-state/different-reason collision as constructible from this field's real vocabulary, and distinguishing it from the broader five-value reason_code/reason_codes fields the original audit locator's 'more distinct codes than can be reconstructed' language more loosely described. Manual_File_Publishability_Policy_LOCKED.md section 7 re-read, confirming 'coverage reason code' is listed as its own sibling item beside 'coverage gate state', matching the literal field name. No coverage_reason_code column existed in base SQL, migrations, or the SQLite mirror. MarketDataEvidenceExportService::buildCoverageState()/buildExpectedCoverageState() and an independent second copy of the identical logic in ReplayVerificationService::buildActualReplayState() both called resolveCoverageReasonCodeFromState(coverageGateState), which returns COVERAGE_BELOW_THRESHOLD for FAIL -- a value the producer never emits for this field (RUN_COVERAGE_LOW is), confirmed live in B18ReplayEvidencePreservationContractTest's own pre-existing fixture/comment, which had explicitly asserted the wrong reconstructed value as correct. Reason_Codes_Registry.md confirmed to already register all six values the evaluator can emit; no registry change needed. Real value already durably logged today inside eod_run_events.event_payload_json via the pipeline's existing appendEvent() call, confirmed for both completeCoverageEvaluation() and completeEligibility(); nothing currently read it back from there. Implemented: coverage_reason_code VARCHAR(64) NULL added to eod_runs; coverage_reason_code/expected_coverage_reason_code VARCHAR(64) NULL added to md_replay_daily_metrics (new migration, base SQL, SQLite mirror, applied to both tradeaxis and tradeaxis_testing). MarketDataPipelineService's completeCoverageEvaluation()/completeEligibility() now persist the evaluator's exact value into telemetry. MarketDataEvidenceExportService and ReplayVerificationService now read the persisted column instead of reconstructing; ReplayResultRepository persists both the actual and expected sides (the expected side's exact fixture-declared value was already computed into $comparison['expected_coverage_reason_code'] before this unit but discarded at the repository boundary for lack of a column). resolveCoverageReasonCodeFromState() kept in both classes for their other, out-of-scope callers (publication_reason_code/pointer_switch_reason_code fallback chain in the exporter; a legacy-fixture default-fill in ReplayVerificationService::buildExpectedContext() unreachable for any fixture meeting the existing required-proof check) -- not removed, since neither is this predicate's scope. Historical-row treatment: no authority addresses retroactive reconstruction; per the explicit instruction against inventing semantics where unresolved, a pre-migration row reads back NULL on every path, never a reconstruction -- one legacy-fixture test re-pointed from asserting the old reconstructed RUN_COVERAGE_NOT_EVALUABLE to asserting NULL. MD-S040-R0077 needed no production change (a guard gap per the finding's own classification, not an executable defect): extended its guard from PASS-only to a genuine MISMATCH case, proving final_reason_code survives a real divergence rather than only an unchallenged echo; noted that MD-S040-R0071's fix incidentally strengthens its existing fallback chain from an approximated to an exact value, though the new guard exercises an explicitly-set value, not the fallback. Three production mutations proven and byte-restored with sha256 verification (exporter reconstruction revert; replay-actual reconstruction revert; writer telemetry-key removal on completeEligibility() only), each turning exactly its own targeted assertion red while every other case in the same suite stayed green. Two full tests/Unit/MarketData runs: the first (2420/34177/0 errors/10 failures) surfaced three genuine regressions this unit caused (EvidenceExportCompletenessStaticGuardTest's RUN_COVERAGE_STORAGE_EXPORT_PATHS declaration gap; two B18ReplayComparisonExhaustivenessTest default-fixture tests whose shared runRow() helper needed the matching field), all three fixed; one earlier round of both the pipeline-integration and full-suite runs was discarded in full after being found contaminated by mutation-testing edits made to the same tracked producer files while those background runs were still executing (ProducerRegistrySnapshot's in-process build-drift guard correctly detected the concurrent edits as INPUT_CAPTURE_BUILD_EXECUTABLE_DRIFT) -- both re-run start-to-finish with no concurrent edits. Final clean run: 2420 tests, 34194 assertions, 0 errors, 7 failures, all seven the pre-existing ProductionCorpusInvariantOracleTest corpus-data-absence baseline, none related to this unit; one further MarketDataPipelineIntegrationTest local-file-fixture-path error seen in an intermediate isolated run was reproduced standalone and confirmed unrelated to any file this unit touched. MD-S040-R0071/MD-S040-R0077 promoted PROVEN -- the INCOMPLETE count in MarketDataReplayVerificationProofBasis moves from 45 to 43, confirmed via git stash comparison of MarketDataReplayVerificationProofSelfTest.php's baseline output before/after (the only diff is these two predicate names leaving the unreviewed-basis error list; the self-test's own pre-existing overall FAIL status, tracking F-014 through F-019's much larger whole-attempt incompleteness, is identical before and after, confirmed not a regression). No traceability-matrix coverage_status/SATISFIED/denominator change. F-MD-B18-A002-015 explicitly NOT closed -- remains OPEN -- REMEDIATION_IN_CONSOLIDATED_PACKAGE with 7 of its own 14 predicates still incomplete (G07 hash-only divergence rebind, G09 four rebind-only predicates naming already-existing executing guards, next per canonical C2 guard-scan ordering). MD-DEP-0017 unchanged, still BLOCKING, still bundles F-013 through F-018. No prior finding reopened. Targeted suites all green: MarketDataEvidenceExportServiceTest 5/5 (201 assertions), ReplayEvidenceExportServiceTest 2/2 (55 assertions), ReplayVerificationServiceTest 20/20 (85 assertions), CoverageGateEvaluatorTest 7/7 (66 assertions), MarketDataPipelineServiceTest 18/18 (26 assertions), MarketDataSqliteSchemaSyncTest 6/6 (807 assertions), MigrationIntegrityAndDriftTest 10/10 (25 assertions), B18ReplayEvidencePreservationContractTest 3/3 (10 assertions), B18ReplayComparisonExhaustivenessTest 39/39 (174 assertions), EvidenceExportCompletenessStaticGuardTest 7/7 (173 assertions), MarketDataPipelineIntegrationTest 82/82 clean-isolated (6142 assertions). No commit or push performed."
E-MD-B18-A002-055,EVIDENCE,MD-B18,MD-B18-A002,MD-B18-A002,MD-B18-A002-BL001,ISSUED,records/evidence/E-MD-B18-A002-055_F015_G07_HASH_DIVERGENCE_PERTURBATION_REBIND_MD_S050_R0033_PROVEN.json,F-MD-B18-A002-015,E-MD-B18-A002-054;CI-MD-B18-A002-001,D-MD-B18-A002-005,MD-DEP-0017;MD-DEP-0015,,2026-09-23T03:15:00+07:00,"Fourth bounded unit of F-MD-B18-A002-015 (G07), scoped to MD-S050-R0033 hash-only divergence perturbation rebind only. Proof-only rebind to existing executing guard B18ReplayComparisonExhaustivenessTest::test_a_divergence_in_any_named_assertion_class_denies_pass, which exercises three hash perturbations (bars_batch_hash, indicators_batch_hash, eligibility_batch_hash) with equal row counts (bars_rows_written, indicators_rows_written, eligibility_rows_written unchanged), proving equal row counts cannot establish PASS -- each hash divergence produces MISMATCH verdict. No schema, migration, application code, or test code changes required; existing test already passes (14 parameterized tests, 56 assertions). Rebound MD-S050-R0033 from incorrect inadmissible-verdict tests to correct hash-divergence test in MarketDataReplayVerificationProofBasis, moving predicate from INCOMPLETE to PROVEN. MD-S050-R0033 promoted INCOMPLETE→PROVEN in MarketDataReplayVerificationProofBasis; global INCOMPLETE count 43→42 (one predicate). F-MD-B18-A002-015 remains OPEN with 6/14 predicates still INCOMPLETE (MD-S050-R0051/MD-S050-R0052 for G08, MD-S036-R0012/MD-S050-R0036/MD-S003-R0021/MD-S005-R0096 for G09). No traceability-matrix coverage_status/SATISFIED/denominator change. MD-DEP-0017 unchanged, still BLOCKING. No commit or push performed."
E-MD-B18-A002-056,EVIDENCE,MD-B18,MD-B18-A002,MD-B18-A002,MD-B18-A002-BL001,ISSUED,records/evidence/E-MD-B18-A002-056_F015_G08_CONSUMER_ADMISSION_CLAIM_SCAN_MD_S050_R0051_R0052_PROVEN.json,F-MD-B18-A002-015,E-MD-B18-A002-055;CI-MD-B18-A002-001,D-MD-B18-A002-005,MD-DEP-0017;MD-DEP-0015,,2026-09-23T04:20:00+07:00,"Fifth bounded unit of F-MD-B18-A002-015, scoped to MD-S050-R0051 and MD-S050-R0052 (G08, consumer/admission claim scan), reviewed and proven independently per instruction not to bulk-promote. Exact rule text reconstructed from STRATEGY_TO_IMPLEMENTATION_TRACEABILITY_MATRIX.csv against Replay_Verification_Contract_LOCKED.md lines 99-100 before any code was written: R0051 forbids a replay PASS from closing a data-quality finding, releasing a quarantine, dismissing a corporate-action candidate, or satisfying a continuity check; R0052 requires independent evidence (verified event terms, source reconciliation, exchange-published facts) for a correctness audit claim, never a replay verdict. Consumer scan performed before any guard was written: grepped app/ for replay_status and comparison_result, the two verdict field names, yielding exactly 13 files (the replay, backfill, evidence and command surfaces, plus ReplayResultRepository, matching F-015's own prior review); read all 13 directly and confirmed zero occurrences of finding/quarantine/corporate-action-candidate/continuity vocabulary outside comments, and confirmed every candidate occurrence in this surface is a publication or correction candidate, not a corporate-action candidate. IMPLEMENTATION_ALREADY_CORRECT: no production code was changed for either predicate; both gaps were purely absent guards. R0051 remedy: new test file B18ReplayVerdictConsumerBoundaryTest.php with a positive-locator, fail-closed enumeration (REVIEWED_VERDICT_CONSUMERS, asserted to equal the derived set exactly in both directions) plus a bidirectional verb/noun proximity scan for the four prohibited actions (either call-site order, since a real call as often reads $this->quarantine->release(...) as releaseQuarantine(...)), plus a sample-violation firing test and a benign-vocabulary-untouched test guarding against the OHLC close field and publication/correction candidate false positives. R0052 remedy: one new pattern added to B18ReplayAdmissibilityBoundaryTest's forbidden() array, deliberately phrased from the rule's own named alternative (admissible/independent evidence) rather than from the paraphrase F-MD-B18-A002-015's own gap-table entry for this exact predicate already quotes verbatim ('the replay verdict establishes correctness') as a named example -- reusing that wording would have made the new pattern false-positive against F-015's own live, unexcluded finding document; corpus-grepped before writing the pattern to confirm zero collision. Falsifiability proven with four live mutation/restore probes, each byte-restored from a pre-mutation copy and sha256-verified identical before/after, each control re-run green: (1) injecting a bare replay_status token into an unreviewed file (PriceScaleBreakDetectionService.php) turned the positive-locator drift guard red; (2) injecting a real prohibited call ($this->findingRepository->closeFinding(...)) into a reviewed consumer (ReplayVerificationService.php) turned the action-scan red, naming the exact file and action; (3) the sample-violation test independently proves all four R0051 patterns fire on synthetic in-memory violations; (4) injecting the exact R0052 claim sentence into a live scanned file (CURRENT_STATE.md) turned the corpus scan red, naming the injected file and matched span, while F-015's own quoted example of the same underlying claim -- phrased differently -- stayed correctly unflagged throughout. MD-S050-R0051/MD-S050-R0052 promoted PROVEN, reviewed and bound independently (separate positive/negative/basis entries) -- the PROVEN count in MarketDataReplayVerificationProofBasis moves from 72 to 74, INCOMPLETE from 42 to 40, confirmed via PHP parse; the proof self-test no longer lists either predicate under PREDICATE_WITHOUT_REVIEWED_BASIS (baseline remains its own pre-existing FAIL, unchanged, driven only by the other genuinely-incomplete predicates -- not a regression). No traceability-matrix coverage_status/SATISFIED/denominator change. F-MD-B18-A002-015 explicitly NOT closed -- remains OPEN -- REMEDIATION_IN_CONSOLIDATED_PACKAGE with 4 of its own 14 predicates still incomplete (G09: MD-S036-R0012/MD-S050-R0036/MD-S003-R0021/MD-S005-R0096, the sole remaining bounded unit). MD-DEP-0017 unchanged, still BLOCKING, still bundles F-013 through F-018. No prior finding reopened. Targeted suites green: B18ReplayVerdictConsumerBoundaryTest 5/5 (48 assertions), B18ReplayAdmissibilityBoundaryTest 4/4 (10 assertions), plus sanity re-runs of unrelated consumer suites ReplayVerificationServiceTest 20/20, OpsCommandSurfaceTest 64/64, B18ReplayComparisonExhaustivenessTest 39/39, all green (zero collateral impact from test-tooling-only changes). Governance self-tests green: GovernanceGateReadOnlyExecutionTest+ScopeBoundaryAndOrchestrationCompletionTest 9/9, FindingRecordConsistencyTest 3/3. Full application suite not run, not required -- only test files changed, no production/schema/migration touched. No commit or push performed."
E-MD-B18-A002-057,EVIDENCE,MD-B18,MD-B18-A002,MD-B18-A002,MD-B18-A002-BL001,ISSUED,records/evidence/E-MD-B18-A002-057_F015_G09_LEGITIMATE_REBIND_MD_S036_R0012_R0036_R0021_R0096_F015_RESOLVED.json,F-MD-B18-A002-015,E-MD-B18-A002-056;CI-MD-B18-A002-001,D-MD-B18-A002-005,MD-DEP-0017;MD-DEP-0015,,2026-09-23T10:50:41+07:00,"Final bounded unit of F-MD-B18-A002-015 (G09), re-executed correctly after an earlier uncommitted attempt under the same identifier candidate was found invalid and discarded before commit: that draft had moved MD-S036-R0012/MD-S050-R0036/MD-S003-R0021/MD-S005-R0096 from INCOMPLETE to PROVEN byte-for-byte with no new guard, no rebind and no probe, directly contradicting F-015's own remedy table ('A request-mode guard plus a probe' for R0012; 'Rebind ... plus a probe' for R0036; 'Rebind ... plus one probe per root' for R0021/R0096). This unit reconstructed each predicate's exact requirement from current authority before writing any test: R0012 from Import_Promote_Separation_Contract.md line 25 (replay_verify as an allowed request_mode, a request_mode DTO/pipeline-guard boundary, not the ReplayMode PUBLICATION_EXACT/AS_KNOWN domain the old basis pointed at); R0036 from Replay_Verification_Contract_LOCKED.md lines 70-71 (an unmoded stored result is unclassified and may not be cited as either mode, a read-side rule about a stored result, not about command invocation); R0021/R0096 from Historical_Replay_and_Data_Quality_Backtest.md lines 43-46 and Audit_Hash_and_Reproducibility_Contract_LOCKED.md line 154 (seven named later-revision kinds -- master, event, status, calendar, config, formula, factor -- each invisible before its recorded/known time). For R0012: inspected RequestModeVocabularyTest and confirmed via live mutation that its existing positive test was NOT load-bearing for replay_verify specifically -- its dataProvider derives cases from MarketDataStageInput::ALLOWED_REQUEST_MODES itself, so removing replay_verify from that array silently shrank the dataProvider (16/16 green) instead of failing; added one new, independent test asserting the literal string against the real MarketDataPipelineService::assertAllowedRequestMode(), re-probed and confirmed it turns red (REQUEST_MODE_INVALID naming the removed mode) under the identical mutation. For R0036: rebound to B18ReplayEvidenceSelfExplanationTest::test_an_unmoded_result_is_not_admitted_as_citable_evidence (real, unmocked MarketDataEvidenceExportService export of a real metric row with replay_mode forced null, asserting ADMITTED_INCOMPLETE naming replay_mode_invalid_or_historical_unclassified) paired with test_every_exported_pack_requires_and_carries_the_mode_that_produced_it as the positive control (a correctly-moded result is ADMITTED_COMPLETE); mutation-proven by removing the missing-section append, which turned exactly that assertion red. For R0021/R0096: rebound to test_a_later_cutoff_exposes_later_revisions_without_rewriting_the_earlier_snapshot, which the finding's own remedy table already identifies as the correct target since the old positive guard (test_every_later_revision_kind_is_bound_to_an_executing_guard) only performs a string search for 'function <name>(' in a file, proving method existence, not behaviour. Seven independent, isolated mutation probes run against AsKnownReplaySnapshotService::capture(), one per contract-named root, each forcing that one root's cutoff argument to a future date (master, status, calendar, config) or removing that root's recorded_at filter (event, factor) or substituting live config() for the frozen snapshot payload (formula), each caught by a distinct assertion in the same test (lines 154/165/160/144/145/170/171 respectively), each byte-restored from a pre-mutation copy and sha256-verified identical before the next probe began, each control re-run green. The negative guard, test_an_incomplete_historical_config_snapshot_is_refused_instead_of_using_live_config, uses real repositories and a real corrupted DB row (not a mock) and was independently re-probed: removing the refusal turned it red rather than silently substituting live config. Nine discriminating probes total, all caught, all byte-restored, all controls green. No production code changed; one new independent test method added (RequestModeVocabularyTest::test_replay_verify_specifically_is_an_accepted_request_mode). MD-S036-R0012/MD-S050-R0036/MD-S003-R0021/MD-S005-R0096 promoted INCOMPLETE->PROVEN, reviewed and bound independently -- PROVEN count moves from 74 to 78, INCOMPLETE from 40 to 36, confirmed via PHP parse. Proof self-test re-run confirms no regression: the baseline scenario's failure shape is unchanged (driven only by predicates from other, still-open findings), and none of the four G09 predicates appear in its PREDICATE_WITHOUT_REVIEWED_BASIS list. F-MD-B18-A002-015 explicitly RESOLVED -- all 14 of its own named predicates (MD-S050-R0053/MD-S002-R0009/MD-S002-R0010, MD-S040-R0071/MD-S040-R0077, MD-S050-R0030/MD-S050-R0031, MD-S050-R0033, MD-S050-R0051/MD-S050-R0052, MD-S036-R0012/MD-S050-R0036/MD-S003-R0021/MD-S005-R0096) are PROVEN; consolidated remediation package G04/G07/G08/G09 canonical closure complete for this finding. MD-DEP-0017 unchanged, still BLOCKING, still bundles F-013 (RESOLVED) through F-018 (F-016/F-017/F-018 remain OPEN) -- not resolved by F-015 closure. No traceability-matrix coverage_status/SATISFIED/denominator change. No prior finding (F-013/F-014) reopened. Targeted suites all green: RequestModeVocabularyTest 17/17 (22 assertions), B18ReplayEvidenceSelfExplanationTest 14/14 (143 assertions), B18AsKnownSnapshotIsolationTest 3/3 (27 assertions). Governance self-tests green: GovernanceGateReadOnlyExecutionTest+ScopeBoundaryAndOrchestrationCompletionTest 9/9 (5774 assertions), FindingRecordConsistencyTest 3/3 (13 assertions). Full application suite not run, not required -- production application code is byte-identical to before this unit; only test code changed (one new method). No commit or push performed."
E-MD-B18-A002-058,EVIDENCE,MD-B18,MD-B18-A002,MD-B18-A002,MD-B18-A002-BL001,ISSUED,records/evidence/E-MD-B18-A002-058_F016_G01_EXPLICIT_PUBLICATION_IDENTITY_BACKFILL_MD_S050_R0027_MD_S003_R0002_PROVEN.json,F-MD-B18-A002-016,E-MD-B18-A002-057;CI-MD-B18-A002-001,D-MD-B18-A002-005,MD-DEP-0017;MD-DEP-0015,,2026-09-23T11:50:20+07:00,"First bounded unit of F-MD-B18-A002-016, scoped to exactly two predicates (G01, per canonical package ordering -- C2-backfill, the sole remaining implementation step in the C1->C2->C3 chain): MD-S050-R0027 (publication replay starts from explicit publication identity, never latest/current) and MD-S003-R0002 (resolve an explicit immutable publication, not latest/current), reviewed and proven independently. Authority re-verified before any change: Replay_Verification_Contract_LOCKED.md line 52 (Resolution rules), Historical_Replay_and_Data_Quality_Backtest.md line 11 (Exact publication verification), D-MD-B18-A002-005 Q3 (explicit publication/fixture identity, no latest/current substitution, current-read is a separate operation not a fallback). Defect re-confirmed against current source before any change: ReplayBackfillService::execute chose each date's publication with findCurrentPublicationForTradeDate($tradeDate), then passed that pointer-derived id to ReplayVerificationService::verifyRunAgainstFixture()'s 4th argument, which treats any non-null caller-supplied id as explicit with no cross-check against the fixture manifest's own declared identity -- exactly the laundering channel this finding describes; after a correction moves the pointer, the same command would silently verify a different publication than the one its fixture was created against. Fix: ReplayBackfillService no longer calls findCurrentPublicationForTradeDate at all; the fixture directory {fixtureRoot}/{tradeDate}/publication_{N} is now the declared manifest, discovered by a new private explicitPublicationIdFromFixture() directory scan (never computed from a live lookup) and resolved via the pre-existing, unmodified EodPublicationRepository::buildManifestByPublicationId() -- a pure identity-keyed lookup with no pointer/current concept. Zero declared publication_<id> directories, more than one, a declared id that does not exist, and a declared id whose real trade_date disagrees with its directory are each rejected before any replay work with a distinct reason code (REPLAY_BACKFILL_EXPLICIT_PUBLICATION_UNDECLARED/_AMBIGUOUS/_NOT_FOUND/_TRADE_DATE_MISMATCH), the same reject-outright boundary this class already enforces for an unknown fixture case. MD-S003-R0002 needed no production change: ReplayVerificationService's REPLAY_EXPLICIT_PUBLICATION_REQUIRED refusal already existed and was already correct; the only guard, B18ReplayContractStaticGuardTest::test_exact_missing_publication_fails_closed, was a static source-text check that never executed the refusal. Two new behavioural tests replace it: a negative proving the refusal fires for a real READABLE-expected run with no explicit id anywhere, before any pointer/current-lookup method is even stubbed (an unexpected call to findCurrentPublicationForTradeDate, findReadableCurrentPublicationForRun, or resolvePublicationForEvidenceAudit would itself fail the test); and a positive control proving a genuinely explicit id resolves successfully through the explicit path, proving the boundary is not reject-everything. FullRangeCurrentEvidenceReplayService audited per explicit scope instruction (not modified): it also derives its publication id from findCurrentPublicationForTradeDate, matching the surface pattern this finding describes, but its own summary explicitly declares assertion_scope=current_readable_publication_per_trading_date and its suite name is market_data_full_range_current_evidence_replay -- a self-declared, explicit current-read operation, already built and already classified as such, unlike ReplayBackfillService which mixed the two operations with no classification at all; this is precisely the second disposition the finding's own remedy names, already satisfied for this service. ReplayBackfillServiceTest rewritten: every test now asserts shouldNotReceive('findCurrentPublicationForTradeDate'); the two tests that pinned the old pointer-derived behaviour rewritten against the corrected contract; five new tests added covering the pointer-moved positive scenario and the four refusal paths. Three live mutation/restore probes, all caught, all byte-restored (one via byte-copy+sha256, one via git checkout confirmed byte-identical to unmodified committed HEAD both before and after) with sha256 verification, all controls green: reintroducing the removed pointer-derived-identity code turned 7 of 8 ReplayBackfillServiceTest tests red (the eighth fires earlier, on the unrelated fixture-case check, and is correctly unaffected); removing the trade-date consistency check turned its dedicated test red, falling through to an unmocked downstream call instead of refusing; removing ReplayVerificationService's explicit-publication refusal turned the new R0002 negative test red on an unstubbed downstream call rather than silently substituting a pointer-resolved publication. MD-S050-R0027/MD-S003-R0002 promoted INCOMPLETE->PROVEN, reviewed and bound independently -- PROVEN count moves from 78 to 80, INCOMPLETE from 36 to 34, confirmed via PHP parse. Full tests/Unit/MarketData suite run, this being a production semantic change: 2432 tests, 34286 assertions, 8 failures, confirmed zero new regressions -- 1 failure (B18ReplayAdmissibilityBoundaryTest::test_no_active_surface_cites_a_replay_verdict_for_something_replay_cannot_establish) isolated via git stash of every change this unit made, re-run against clean committed HEAD, identical failure confirmed: a self-reference inside committed evidence E-MD-B18-A002-056 (its own probe-description text trips the R0052 corpus guard it was proving), entirely unrelated to F-016, flagged separately via spawn_task as a standalone tooling defect rather than fixed here (out of this bounded unit's scope); the remaining 7 failures are the pre-existing ProductionCorpusInvariantOracleTest/MD-DEP-0015 corpus-data-absence baseline, matching the exact count documented in E-MD-B18-A002-054. Governance self-tests green: GovernanceGateReadOnlyExecutionTest+ScopeBoundaryAndOrchestrationCompletionTest 9/9 (5782 assertions), FindingRecordConsistencyTest 3/3 (13 assertions). No traceability-matrix coverage_status/SATISFIED/denominator change. F-MD-B18-A002-016 explicitly NOT closed -- remains OPEN -- REMEDIATION_IN_CONSOLIDATED_PACKAGE with 9 of its own 14 predicates still incomplete (guard gaps MD-S036-R0007/MD-S036-R0031/MD-S040-R0080/MD-S003-R0005; G05 aggregate MD-S050-R0017; rebind-only MD-S003-R0009/MD-S003-R0010/MD-S050-R0046; F-013 carry-forward MD-S019-R0074). MD-DEP-0017 unchanged, still BLOCKING, still bundles F-013 (RESOLVED) through F-018 (F-017/F-018 OPEN). No prior finding (F-013/F-014/F-015) reopened. No commit or push performed."
E-MD-B18-A002-059,EVIDENCE,MD-B18,MD-B18-A002,MD-B18-A002,MD-B18-A002-BL001,ISSUED,records/evidence/E-MD-B18-A002-059_F016_G04_IMPORT_PROMOTE_RECORD_COMPARE_MD_S036_R0007_R0031_MD_S040_R0080_PROVEN.json,F-MD-B18-A002-016,E-MD-B18-A002-058;CI-MD-B18-A002-001,D-MD-B18-A002-005,MD-DEP-0017;MD-DEP-0015,,2026-09-23T12:34:25+07:00,"Second bounded unit of F-MD-B18-A002-016, scoped to exactly three predicates (G04, per the consolidated remediation package's own G-label taxonomy): MD-S036-R0007, MD-S036-R0031, MD-S040-R0080, reviewed independently against current implementation before any guard was written -- the prior reconstruction's PROOF_GUARD_GAP classification for all three was confirmed by direct inspection, not trusted. R0007 ('record and compare request mode, import status, promote status, source mode, pointer switch status, and publication state'): request_mode/source_mode/publishability_state were already proven load-bearing by B18ReplayComparisonExhaustivenessTest's perturbation table. The real compareField() calls for import_status/promote_status/promoted/pointer_switched in ReplayVerificationService::compareExpectedAndActual already existed and were confirmed correctly implemented -- each genuinely derived from the real run row (request_mode/terminal_status/publishability_state/bars_rows_written/is_current_publication), not the expected side -- but expectedReplayResult()'s expected_run_context array literal never included these three keys at all, so compareField()'s null-expectation skip left this real code permanently unexercised by every existing test, including both import-only-specific tests. Fixed with three new perturbation entries (import_status/promote_status/pointer_switched), each paired with matching non-divergent baseline defaults added to the shared $v array so all 13 pre-existing perturbations remain provably unaffected. R0031 clause 1 ('evidence export must show whether a run is import-only or promoted without requiring direct DB inspection'): MarketDataEvidenceExportService::buildRunSummary/deriveImportStatus/derivePromoteStatus confirmed by direct reading to be pure functions of the already-fetched $run row, neither issuing a query nor taking a repository; grep confirmed zero existing test referenced import_promote_boundary, deriveImportStatus, or derivePromoteStatus at all. New test exports both an import-only run and a promoted run through the same real, unmocked buildRunSummary/exportRunEvidence path, with neither collaborator mock stubbing anything import/promote-specific beyond what every export already structurally requires, proving request_mode/import_status/promote_status/promoted/import_promote_boundary.boundary_rule all differ correctly between the two runs. R0031 clause 2 (replay compares 7 named fields) shares R0007's exact fix for its three unproven fields; final_reason_code was already proven. R0031 clause 3 (unexpected import promotion is a mismatch) was already proven prior to this unit via appendImportPromotionPolicyMismatches() and reused unchanged as this predicate's negative guard. R0080 ('no evidence or replay flow may treat manual_file as readable merely because import succeeded'): the replay half was already proven. MarketDataEvidenceExportService::isReadableRun() confirmed by direct reading to already require coverage_gate_state=PASS alongside terminal_status=SUCCESS and publishability_state=READABLE, but every existing test declaring coverage_gate_state=FAIL also declared terminal_status=HELD, so the coverage clause's own necessity was never isolated -- a broken coverage clause and a correct one would have produced byte-identical outcomes on every existing fixture. New test holds terminal_status=SUCCESS and publishability_state=READABLE constant (import genuinely succeeded, run superficially looks READABLE) and varies only coverage_gate_state to FAIL, asserting the exported final_outcome_note correctly reads 'Run is not readable...' rather than the SUCCESS+READABLE message and that publication_manifest.json is not written, paired with a positive control (coverage PASS -> genuinely readable). No production code changed for any of the three predicates -- every implementation was already correct; only test coverage was added. Four live mutation/restore probes, all caught on their own distinct assertion, all byte-restored via git checkout (each file confirmed byte-identical to committed HEAD both before and after the probe, since this session's F-016 work had not otherwise modified either file), all sha256-verified identical, all controls green after restore: removing the four compareField() calls for import_status/promote_status/promoted/pointer_switched turned exactly the 3 new perturbation cases red out of 17 run under that dataProvider filter; removing the boundary_rule ternary's request_mode branch turned the import/promote-distinguishing test red on that exact field; broadening the $promoted computation to ignore publishability_state/pointer state turned the same test red on promote_status; removing the coverage_gate_state=PASS clause from isReadableRun() turned exactly the R0080 positive test red while its negative control stayed green. A fifth mutation attempt (disabling one dead-code branch inside derivePromoteStatus specific to this fixture's terminal_status) was found non-discriminating -- both branches converge to the same value for a SUCCESS-terminal-status run -- and was correctly discarded rather than counted as a false proof; that line remains covered by R0007's own generic field-comparison proof instead. MD-S036-R0007/MD-S036-R0031/MD-S040-R0080 promoted INCOMPLETE->PROVEN, reviewed and bound independently (separate positive/negative/basis entries) -- PROVEN count moves from 80 to 83, INCOMPLETE from 34 to 31, confirmed via PHP parse. Proof self-test re-run confirms no regression: baseline's failure shape unchanged (one coincidental substring match, MD-S002-R0007, is an unrelated rule id from a different strategy section), and none of the three G04 predicates appear in its PREDICATE_WITHOUT_REVIEWED_BASIS list. No traceability-matrix coverage_status/SATISFIED/denominator change. F-MD-B18-A002-016 explicitly NOT closed -- remains OPEN -- REMEDIATION_IN_CONSOLIDATED_PACKAGE with 6 of its own 14 predicates still incomplete (G05 full-parent aggregate MD-S050-R0017; G08 MD-S050-R0046; G09 rebind-only MD-S003-R0009/MD-S003-R0010/MD-S003-R0005; F-013 carry-forward MD-S019-R0074, package-labelled G01). MD-DEP-0017 unchanged, still BLOCKING, still bundles F-013 (RESOLVED) through F-018 (F-017/F-018 remain OPEN). No prior finding (F-013/F-014/F-015) reopened. Targeted suites all green: B18ReplayComparisonExhaustivenessTest 42/42 (186 assertions), MarketDataEvidenceExportServiceTest 8/8 (222 assertions). Governance self-tests green: GovernanceGateReadOnlyExecutionTest+ScopeBoundaryAndOrchestrationCompletionTest 9/9 (5790 assertions), FindingRecordConsistencyTest 3/3 (13 assertions). Full application suite not run, not required -- production application code is byte-identical to before this unit; only test code changed (two files). No commit or push performed."
E-MD-B18-A002-060,EVIDENCE,MD-B18,MD-B18-A002,MD-B18-A002,MD-B18-A002-BL001,ISSUED,records/evidence/E-MD-B18-A002-060_F016_G05_FULL_PARENT_AGGREGATE_ANTI_FUTURE_MD_S050_R0017_PROVEN.json,F-MD-B18-A002-016,E-MD-B18-A002-059;CI-MD-B18-A002-001,D-MD-B18-A002-005,MD-DEP-0017;MD-DEP-0015,,2026-09-23T14:05:00+07:00,"Third bounded unit of F-MD-B18-A002-016, scoped to exactly one predicate (G05, per the consolidated remediation package's own G-label taxonomy): MD-S050-R0017, the anti-future full-parent aggregate. Treated as a full-parent aggregate, not a simple rebind: the parent is proven only if all nine named members are independently, executably guarded. The nine members were reconstructed from Replay_Verification_Contract_LOCKED.md line 37 (Anti-future and anti-survivorship rules) -- today's is_active, current symbol, current sector, current suspension/status, latest calendar correction, later corporate-action revision, later factor, current config, latest provider mapping -- parsed live by the guard test itself rather than trusted from the prior draft proof-basis narrative or the finding's own gap-table row. Reconstruction confirmed B18AntiFutureResolutionTest.php already exists, fully committed (predates this remediation session), and already implements the correct map-plus-execution structure: antiFutureMap() binds all nine items to guards, and test_the_anti_future_map_names_exactly_what_the_contract_names asserts the map and the live-parsed contract sentence name exactly the same set. Seven members already had executing, DB-backed guards spread across B18AntiSurvivorshipFixtureCorpusTest, AsKnownReplayBoundaryTest and B18AsKnownSnapshotIsolationTest. Two -- current sector and latest provider mapping -- were previously covered only by AsKnownReplayBoundaryTest::test_every_temporal_root_accepts_a_knowledge_cutoff, a reflection check that a cutoff parameter exists and is accepted, which an ignored parameter also passes; both are proven inside B18AntiFutureResolutionTest itself against real, unmocked repositories (SectorClassificationRepository, TemporalIdentityRepository). Every one of the nine members' production implementation was audited before any guard was trusted and confirmed already correct; no production code was changed for this predicate. Nine required discriminating mutation probes were run, exactly one per member, each targeting the specific production clause that member depends on, each byte-restored via git checkout and sha256-verified identical to its pre-probe baseline both before and after, each caught on its own target test while sibling members stayed green: (1) is_active -- TemporalIdentityRepository::baseIdentityQuery delisted_recorded_at OR-clause; (2) current symbol -- the same method's listing-symbol join effective_to/retracted_at conditions; (3) current sector -- SectorClassificationRepository::resolveSectorContextForTickerIds recorded_at clause; (4) current suspension/status -- TemporalTradingStatusRepository::resolveStatus knownAt-gated branch; (5) latest calendar correction -- MarketCalendarRepository::terminalRevisionRowsForDate recorded_at clause (disambiguated from an unrelated duplicate-looking line elsewhere in the file); (6) later corporate-action revision -- EventRiskSourceRepository::applyKnowledgeCutoff, the legacy-table path the fixture actually exercises (confirmed by inspection before probing, not the unexercised V2 path); (7) later factor -- AsKnownReplaySnapshotService::eventFactorContext recorded_at clause on md_adjustment_factor_sets; (8) current config -- MarketDataConfigSnapshotRepository::governingSnapshot knownAt-gated clause; (9) latest provider mapping -- TemporalIdentityRepository::resolveProviderContext conditional recorded_at/retracted_at block. All nine caught; zero discarded as non-discriminating. A tenth, supplementary probe (not counted toward the nine) re-verified the map-completeness scaffold test itself by mutating Replay_Verification_Contract_LOCKED.md to add a tenth, unmapped anti-future item; the test correctly turned red on the resulting array-diff, confirming the parent-level drift detector is itself discriminating; also byte-restored and sha256-verified. A separate attempt to probe the map's completeness from the test side -- temporarily removing one mapped entry from antiFutureMap() -- was blocked by the Claude Code auto-mode security classifier (reason: 'Security Test Removal') before any test executed against the mutation; the file was immediately restored and confirmed sha256-identical to its pre-edit state, so no test coverage was ever weakened, and the equivalent authority-document-side probe above independently demonstrates the same class of falsifiability. Full-parent aggregate semantics reused the repository's existing map-completeness-plus-per-member-execution pattern (the same shape already used for MD-S040's ten-member list and MD-S050-R0040's eight-fixture classification) rather than building a new parallel mechanism; one member's failure fails only that member's test while the other eight, and the combined control suite across all four touched files (28 tests, 175 assertions), stay green, as demonstrated by every individual probe above. No-current/latest-substitution audit performed per member using exact repository semantics: each of the nine guarding clauses is conditioned on the caller-supplied knownAt/knowledgeCutoff argument rather than defaulting to an unfiltered current read, which is exactly what disabling that one condition in each probe demonstrated by exposing the later fact. MD-S050-R0017 promoted INCOMPLETE->PROVEN, reviewed independently -- PROVEN count moves from 83 to 84, INCOMPLETE from 31 to 30, confirmed via PHP parse; the promotion edit was initially misplaced into the WITHDRAWN_NOT_APPLICABLE array (an audit-only array never read as current basis) during authoring, caught immediately by re-verifying the PHP-parsed count and key membership (count stayed unchanged at 83 instead of moving to 84), corrected before this evidence was issued, re-verified clean. Proof self-test (MarketDataReplayVerificationProofSelfTest.php, docs/market_data/development/implementation/tests/) re-run: overall status remains FAIL, driven entirely by the pre-existing baseline scenario (unrelated, still-open findings' predicates only); all nine injected-mutation scenarios (denominator_missing, premature_satisfied, wrong_family, duplicate_entry, missing_family, reviewed_map_lost_a_rule, reviewed_map_carries_a_foreign_rule, silent_rebucketing_keeps_the_total, family_without_a_declared_count, behavioural_family_repointed_at_the_static_guard) still pass, and MD-S050-R0017 no longer appears in the baseline's PREDICATE_WITHOUT_REVIEWED_BASIS list -- confirmed not a regression. F-MD-B18-A002-016 explicitly NOT closed -- remains OPEN -- REMEDIATION_IN_CONSOLIDATED_PACKAGE with 5 of its own 14 predicates still incomplete (G08 MD-S050-R0046; G09 MD-S003-R0009/MD-S003-R0010/MD-S003-R0005 rebind-only; F-013 carry-forward MD-S019-R0074, package-labelled G01). MD-DEP-0017 unchanged, still BLOCKING, still bundles F-013 (RESOLVED) through F-018 (F-017/F-018 OPEN). No prior finding (F-013/F-014/F-015) reopened. No traceability-matrix coverage_status/SATISFIED/denominator change. Targeted suites all green: B18AntiFutureResolutionTest 4/4 (10 assertions), B18AntiSurvivorshipFixtureCorpusTest 10/10 (47 assertions), AsKnownReplayBoundaryTest 11/11 (91 assertions), B18AsKnownSnapshotIsolationTest 3/3 (27 assertions). Governance self-tests green: GovernanceGateReadOnlyExecutionTest 9/9 (5798 assertions), ScopeBoundaryAndOrchestrationCompletionTest 8/8 (73 assertions), FindingRecordConsistencyTest 3/3 (13 assertions), ClassificationConsistencyGateTest 20/20 (96 assertions), TraceabilityApplicabilityGateTest 11/11 (23 assertions), PromotedPredicateProofGateTest 8/8 (22 assertions). Full application suite not run, not required -- production code byte-identical to before this unit; no production or test files changed (only the proof-basis file and governance artifacts). No commit or push performed."
E-MD-B18-A002-061,EVIDENCE,MD-B18,MD-B18-A002,MD-B18-A002,MD-B18-A002-BL001,ISSUED,records/evidence/E-MD-B18-A002-061_F016_G08_CAPABILITY_BOUNDARY_SOURCE_OBSERVATION_MD_S050_R0046_PROVEN.json,F-MD-B18-A002-016,E-MD-B18-A002-060;CI-MD-B18-A002-001,D-MD-B18-A002-005,MD-DEP-0017;MD-DEP-0015,,2026-09-23T14:15:30+07:00,"F-MD-B18-A002-016 fourth bounded unit (G08): MD-S050-R0046, the capability boundary that a replay verdict cannot establish source-observation faithfulness. REBIND_ONLY: the proof-basis entry was rebound from the SourceObservationAsKnownBoundaryTest pair to the executing corpus guard in B18ReplayAdmissibilityBoundaryTest (scan test positive, pattern claim/denial test negative); one injected-document probe caught. No production code changed. PROVEN 84->85, INCOMPLETE 30->29. This registration row replaces a malformed row appended with the record in commit 0caaf38; the record itself is retained byte-for-byte and does not parse as JSON, its issued_at predates its actual write by about 36 minutes -- both corrected by E-MD-B18-A002-063, which also carries the unresolved documentation-gate conflict E061-U1."
E-MD-B18-A002-062,EVIDENCE,MD-B18,MD-B18-A002,MD-B18-A002,MD-B18-A002-BL001,ISSUED,records/evidence/E-MD-B18-A002-062_F016_G09_SURVIVORSHIP_IDENTITY_AND_DENOMINATOR_MD_S003_R0009_R0010_R0005_PROVEN.json,F-MD-B18-A002-016,E-MD-B18-A002-061;CI-MD-B18-A002-001,D-MD-B18-A002-005,MD-DEP-0017;MD-DEP-0015,,2026-09-23T15:34:21+07:00,"F-MD-B18-A002-016 fifth bounded unit (G09): MD-S003-R0009, MD-S003-R0010, MD-S003-R0005, each reviewed and promoted independently -- G09 closes because all three earned PROVEN, not by bulk promotion. R0009 (inactive-now/active-then listing remains in the historical universe) and R0010 (symbol change and reuse resolve through stable listing identity) are REBIND_ONLY: TemporalIdentityLayerContractTest never seeds a delisted listing, a symbol change or a symbol reuse; rebound to B18AntiSurvivorshipFixtureCorpusTest's dedicated fixtures, each probed against its own TemporalIdentityRepository clause (the delisted_date OR-branch for R0009, the pm.effective_to upper bound for R0010), both caught, both restored byte-identical and sha256-verified. R0005 (provider outage cannot shrink the denominator) is PROOF_GUARD_GAP: the prior SourceFailureResilienceTest candidate only showed FinalizeDecisionService echoing an expected_universe_count its own fixture supplied. CoverageGateEvaluator::evaluateCaptured() was audited and already derives the denominator from the ticker-master universe before delivery is read -- no production defect. Added CoverageGateEvaluatorTest::test_evaluator_keeps_the_full_universe_as_the_denominator_when_the_provider_delivers_nothing (900-ticker universe, zero delivered, denominator stays 900, all 900 counted missing); probing the returned count to the delivered count turned it and the existing shortfall guard red. Zero production code changed. PROVEN 85->88, INCOMPLETE 29->26. F-MD-B18-A002-016 remains OPEN with MD-S019-R0074 (F-013 carry-forward) the only incomplete predicate. E062 does not rely on E061; corrections to E061 are recorded in E-MD-B18-A002-063."
E-MD-B18-A002-063,EVIDENCE,MD-B18,MD-B18-A002,MD-B18-A002,MD-B18-A002-BL001,ISSUED,records/evidence/E-MD-B18-A002-063_E061_SERIALIZATION_TIMESTAMP_AND_REGISTRATION_CORRECTION.json,F-MD-B18-A002-016;F-MD-B18-A002-022,E-MD-B18-A002-061;E-MD-B18-A002-062;CI-MD-B18-A002-001,D-MD-B18-A002-005;D-MD-B18-A002-007,MD-DEP-0017;MD-DEP-0015,,2026-09-23T16:25:01+07:00,"CORRECTION of issued E-MD-B18-A002-061 (G08, MD-S050-R0046), same attempt, following the E037-corrects-E036 precedent: E061 retained byte-for-byte (sha256 3ad2e42e...8576, commit 0caaf38) and still CURRENT_ISSUED_RECORD. Corrects four defects: E061-D1 (integrity_check JSON_PARSE) its pattern field is not valid JSON -- the authoritative value is B18ReplayAdmissibilityBoundaryTest::forbidden()[MD-S050-R0046], blob c0b27ac8, not restated; E061-D2 its issued_at 14:15:30+07:00 predates the clock-derived write time 14:51:51+07:00; E061-D3 its malformed rows in the role, verification and work registries were replaced with schema-complete rows (MUTABLE_TRACEABLE, required by WORK_CORRELATION_AND_RECORD_REGISTRY_STANDARD section 1); E061-D4 the same commit left CURRENT_STATE.md with its head overwritten by the generator path -- regenerated correctly. No proof impact on MD-S050-R0046. E061-U1: D1 cannot be corrected by this record; recorded as F-MD-B18-A002-022 and addressed by D-MD-B18-A002-007 through integrity exception MD-DOCEX-0001, which binds E061 at its sha256 to this record and defect E061-D1."
F-MD-B18-A002-022,FINDING,MD-B18,MD-B18-A002,MD-B18-A002,MD-B18-A002-BL001,RESOLVED,development/findings/F-MD-B18-A002-022_ISSUED_UNPARSEABLE_EVIDENCE_HAS_NO_INTEGRITY_EXCEPTION_PATH.md,F-MD-B18-A002-016,E-MD-B18-A002-061;E-MD-B18-A002-063;E-MD-B18-A002-064;CI-MD-B18-A002-001,D-MD-B18-A002-005;D-MD-B18-A002-007,MD-DEP-0017,,2026-09-23T16:22:40+07:00,"P1 RESOLVED. Issued immutable E-MD-B18-A002-061 does not parse as JSON and the documentation integrity gate had no exception path. Resolved by DOC-CHG-20260923-001 under D-MD-B18-A002-007, proven in E-MD-B18-A002-064: exception registry contract and fail-closed validation, one ACTIVE entry MD-DOCEX-0001; every unexcepted malformed JSON remains a hard FAIL."
D-MD-B18-A002-007,DECISION,MD-B18,MD-B18-A002,MD-B18-A002,MD-B18-A002-BL001,ISSUED,records/decisions/D-MD-B18-A002-007_APPROVED_IMMUTABLE_HISTORICAL_INTEGRITY_EXCEPTION.md,F-MD-B18-A002-022,E-MD-B18-A002-063;CI-MD-B18-A002-001,D-MD-B18-A002-005,MD-DEP-0017,,2026-09-23T16:23:35+07:00,"Owner decision: do not edit E-MD-B18-A002-061 or declare it unissued; adopt a narrowly controlled immutable historical integrity exception (seven conditions: byte-identical artifact, issued valid correction naming artifact and defect, correction does not replace the verdict, both registered, explicit registry authorisation, registry validated fail-closed, every unexcepted malformed artifact a hard FAIL). Only JSON_PARSE may be excepted. Governance-only; strategy unchanged. Recorded as DOC-CHG-20260923-001."
E-MD-B18-A002-064,EVIDENCE,MD-B18,MD-B18-A002,MD-B18-A002,MD-B18-A002-BL001,ISSUED,records/evidence/E-MD-B18-A002-064_F022_IMMUTABLE_HISTORICAL_INTEGRITY_EXCEPTION_GATE_REMEDIATION.json,F-MD-B18-A002-022;F-MD-B18-A002-016,E-MD-B18-A002-061;E-MD-B18-A002-063;CI-MD-B18-A002-001,D-MD-B18-A002-007,MD-DEP-0017;MD-DEP-0015,,2026-09-23T17:02:28+07:00,"F-MD-B18-A002-022 resolved by controlled revision DOC-CHG-20260923-001 under D-MD-B18-A002-007. DOCUMENT_INTEGRITY_GATE_STANDARD.md gains an additive immutable-historical-integrity-exception section; DOCUMENT_INTEGRITY_EXCEPTION_REGISTRY.json holds one ACTIVE entry MD-DOCEX-0001 binding E-MD-B18-A002-061 at its sha256 to correction E-MD-B18-A002-063 defect E061-D1; MarketDataDocumentationIntegrityGate validates the registry fail-closed as check INTEGRITY_EXCEPTION_REGISTRY and admits a JSON_PARSE failure only through a valid entry for that exact path, still reporting the raw failure. Self-test: 15 new probes each fail exactly the checks they name (29 FAILS_CLOSED, 4 CONTROL_OK); gate weakenings on a scratch copy are caught, one after two whole-registry probes were added. E061 unchanged. Proof basis unchanged (88/26)."
E-MD-B18-A002-065,EVIDENCE,MD-B18,MD-B18-A002,MD-B18-A002,MD-B18-A002-BL001,ISSUED,records/evidence/E-MD-B18-A002-065_F016_G01_MD_S019_R0074_PROVEN_FINDING_RESOLVED.json,F-MD-B18-A002-016;F-MD-B18-A002-013,E-MD-B18-A002-064;CI-MD-B18-A002-001,D-MD-B18-A002-005,MD-DEP-0017;MD-DEP-0015,,2026-09-23T17:19:11+07:00,"F-MD-B18-A002-016 final bounded unit (G01, F-013 carry-forward): MD-S019-R0074, Determinism_Invariants_LOCKED.md:122. Three clauses independently verified. Clause 1 (publication replay freezes exact identities) is the same predicate content as MD-S050-R0002 (already PROVEN via E-050); rebound to B18ReplayComparisonExhaustivenessTest::test_a_divergence_in_any_frozen_input_denies_pass, re-probed this unit (removed temporal_identity_hash from the comparison loop, exactly that data set turned red, restored, sha256-verified). Clause 2 (as-known resolves only known revisions) requires per-root proof across all seven Invariant-14 identity categories, not one root standing in for all -- temporal/calendar/corporate-action/factor/config already independently probed in G05; formula/registry/serialization derive exclusively from the already-probed config snapshot (no independent code path); executable_build_identity accepted live per the same F-013/R0002 precedent; source-observation manifest was genuinely uncovered -- new test SourceObservationAsKnownBoundaryTest::test_an_observation_acquired_after_the_cutoff_is_invisible_to_as_known_replay added and mutation-probed (removed acquired_at<=knownAt clause, new test turned red, restored, sha256-verified). Clause 3 (no current-state leak) is the structural conjunction of clauses 1+2, no separate probe needed. Zero production code changed. PROVEN 88->89, INCOMPLETE 26->25. F-016 closure reviewed explicitly: all 14 of its own predicates confirmed PROVEN, the executable defect (backfill starting from current pointer) confirmed fixed in G01, no residue or blocker found. F-MD-B18-A002-016 formally RESOLVED. MD-DEP-0017 remains BLOCKING -- not resolved by this closure, bundles F-013 (RESOLVED) through F-018 (F-017/F-018 remain OPEN). No traceability-matrix coverage_status/SATISFIED/denominator change. No commit or push performed."
E-MD-B18-A002-066,EVIDENCE,MD-B18,MD-B18-A002,MD-B18-A002,MD-B18-A002-BL001,ISSUED,records/evidence/E-MD-B18-A002-066_F017_G01A_MD_S082_R0218_R0224_PROVEN.json,F-MD-B18-A002-017,E-MD-B18-A002-012;E-MD-B18-A002-065;CI-MD-B18-A002-001,D-MD-B18-A002-005,MD-DEP-0017;MD-DEP-0015,,2026-09-23T23:18:33+07:00,"F-MD-B18-A002-017 first bounded unit (G01-A): MD-S082-R0218/MD-S082-R0224, each independently verified rather than promoted merely because they share F-013 remediation. R0218 (current registry state must never leak into historical replay; alternate runs cannot impersonate the historical publication): prior positive (test_a_divergence_in_any_frozen_input_denies_pass) proves comparison-completeness only -- it overwrites the fixture expected value, never varying whether the underlying actual read is live or frozen, so a live-config leak would pass it identically to a correct implementation. Rebound to ReplayVerificationServiceTest::test_registry_content_fields_come_from_decoded_capture_only_when_verified, which directly asserts read_model_version/serialization_version/executable_build_identity are honest empty strings (never a live-config fallback) when unverified. Negative (impersonation clause) unchanged -- B18AsKnownModeIsolationTest::test_an_as_known_result_claims_no_publication_and_records_its_own_mode was already correctly bound. Probe: reintroduced a live-fallback-equivalent literal on executable_build_identity's empty-string branch; target turned red, 21/22 siblings green, B18ReplayComparisonExhaustivenessTest's 42 tests stayed fully green (confirming that suite cannot see this defect class); byte-restored, sha256-verified (a40a79a5...532), control 22/22 green. R0224 (current environment drift cannot change publication replay, before-seal validation item 5): prior positive (B18BeforeSealValidationTest lineage-binding-mandatory-at-seal) proves a real but different property -- config_snapshot_id binding, not formula/read-model/serialization/build identity, and verifyBoundContext() does not require a registry_versions component to be present at all. Rebound to test_formula_and_reason_registry_hash_come_from_the_registry_versions_component, which directly asserts formula_registry_hash/reason_registry_hash equal the real payload_hash, change when it changes, and are honest empty strings with no registry_versions component -- never a stale fallback. Negative: test_registry_content_fields_come_from_decoded_capture_only_when_verified (covers the other three environment-drift fields). Probe: reintroduced a stale-fallback-equivalent literal on registryPayloadHash's initial value; target turned red on the absent case, 21/22 siblings green (including the R0218 guard, confirming independence), B18ReplayComparisonExhaustivenessTest stayed fully green; byte-restored, sha256-verified, control 22/22 green. Zero production code changed for either predicate. PROVEN 89->91, INCOMPLETE 25->23. F-017 remains OPEN with 14 of its own 16 predicates still incomplete. MD-DEP-0017 remains BLOCKING."
E-MD-B18-A002-067,EVIDENCE,MD-B18,MD-B18-A002,MD-B18-A002,MD-B18-A002-BL001,ISSUED,records/evidence/E-MD-B18-A002-067_F017_G03_MD_S050_R0016_MISSING_INPUT_BLOCKED_PROVEN.json,F-MD-B18-A002-017;F-MD-B18-A002-013,E-MD-B18-A002-012;E-MD-B18-A002-044;E-MD-B18-A002-066;CI-MD-B18-A002-001,D-MD-B18-A002-005,MD-DEP-0017;MD-DEP-0015,,2026-09-24T00:19:07+07:00,"F-MD-B18-A002-017 G03: MD-S050-R0016 (""Missing input is BLOCKED, not permission to query current/latest state""), classified IMPLEMENTATION_DEFECT plus PROOF_GUARD_GAP from repository behaviour before any code changed. Through the real ReplayVerificationService with a VERIFIED bound context, an empty or null run observation_manifest_hash replayed PASS/MATCH/ADMISSIBLE with zero mismatches: source_observation_manifest_hash and canonical_raw_input_hash are read off the run row, and Seal admits an analytical_remediation_current publication with no acquisition manifest (ANALYTICAL_ONLY), so the state is reachable. ReplayResultRepository::assertModeInputs() required the seven input identities of AS_KNOWN results only, so the same PUBLICATION_EXACT PASS persisted. Fixed minimally: replayAdmissibility() blocks any BOUND_INPUT_FIELDS value that resolved empty as REPLAY_BOUND_INPUT_INCOMPLETE naming the field, value recorded empty, nothing fabricated or re-read; assertModeInputs() applies the seven-identity check to both modes. Rebound to B18ReplayComparisonExhaustivenessTest::test_a_verified_publication_missing_a_required_input_is_blocked (8 per-input cases) and ::test_an_unavailable_observation_identity_is_not_filled_from_current_state, plus seven PUBLICATION_EXACT direct-write cases. Probes, each byte-restored and sha256-verified: block removed -> 9 red; observation field dropped -> exactly its 2 cases and the no-fallback test red; current-publication fallback -> only the no-fallback test red; write guard AS_KNOWN-only -> exactly the 7 new cases red. Six ReplayVerificationServiceTest tests had pinned a VERIFIED stub with no components, which bind() cannot produce; the stub was completed, the gate not weakened. Full tests/Unit/MarketData 2456 tests, 7 failures, all the MD-DEP-0015 corpus-oracle baseline; zero new failures. PROVEN 91 -> 92, INCOMPLETE 23 -> 22. F-017 remains OPEN, 13 of 16 predicates incomplete. No commit or push."
E-MD-B18-A002-068,EVIDENCE,MD-B18,MD-B18-A002,MD-B18-A002,MD-B18-A002-BL001,ISSUED,records/evidence/E-MD-B18-A002-068_F017_G03_R0016_CLOSURE_AUDIT_PROMOTION_PREMATURE.json,F-MD-B18-A002-017,E-MD-B18-A002-067;CI-MD-B18-A002-001,D-MD-B18-A002-005,MD-DEP-0017;MD-DEP-0015,,2026-09-24T07:30:22+07:00,"F-MD-B18-A002-017 G03 closure audit (read-only): the E-MD-B18-A002-067 promotion of MD-S050-R0016 to PROVEN was premature; returned to INCOMPLETE (PROVEN 92 -> 91, INCOMPLETE 22 -> 23). E-067 is not edited; its guards and probes remain valid for the inputs they name. Residual gap A: a run with a config snapshot ID but no config hash replays ADMISSIBLE/PASS on the CONFIG_IDENTITY_UNRECORDED marker, although Platform_Config_Registry_LOCKED.md makes a run without snapshot ID and hash CONFIG_UNBOUND and its replay BLOCKED; a temporary block turned 41 exhaustiveness and 11 ReplayVerificationServiceTest tests red, and was reverted because MariaDB became unreachable. Residual gap B: AS_KNOWN reads governance.read_model_version, which config does not define, so every AS_KNOWN replay records it empty and can PASS; the direct-write check omits read_model_version in both modes; AS_KNOWN reason-registry identity hashes nominal names. Calendar/status and event/factor sub-components are outside this admission check: binding enforces them with named missing paths and a context missing one is never VERIFIED. Export admission asymmetry recorded as out of R0016 scope. No production code changed."
E-MD-B18-A002-069,EVIDENCE,MD-B18,MD-B18-A002,MD-B18-A002,MD-B18-A002-BL001,ISSUED,records/evidence/E-MD-B18-A002-069_F017_G03_R0016_GAPA_CONFIG_IDENTITY_CLOSED.json,F-MD-B18-A002-017,E-MD-B18-A002-067;E-MD-B18-A002-068;CI-MD-B18-A002-001,D-MD-B18-A002-005,MD-DEP-0017;MD-DEP-0015,,2026-09-24T08:31:09+07:00,"F-MD-B18-A002-017 G03 residual Gap A (config identity) closed. Platform_Config_Registry_LOCKED.md defines CONFIG_UNBOUND as no non-null config snapshot ID *and hash*; a run with an ID but no hash resolved configIdentityForRun() to the non-empty CONFIG_IDENTITY_UNRECORDED placeholder, which passed both the admission and direct-write emptiness checks and replayed ADMISSIBLE/PASS. Fixed minimally: replayAdmissibility() blocks the marker as REPLAY_CONFIG_UNBOUND, scoped inside the existing ""there is a publication to reproduce"" branch so a non-readable EXPECTED_DEGRADE run is not converted into a config-unbound case; ReplayResultRepository::assertModeInputs() refuses the marker at direct write in both modes. No value fabricated, no current/latest fallback added. Three probes (admission check removed, storage check bypassed, a hypothetical current-publication fallback introduced) each isolated to their own target, byte-restored and sha256-verified. Full tests/Unit/MarketData regression run; failures compared against the known MD-DEP-0015 corpus-oracle baseline. MD-S050-R0016 remains INCOMPLETE per explicit instruction: Gap B (AS_KNOWN read-model version and reason-registry identity, needing an owner decision) is untouched. PROVEN/INCOMPLETE unchanged at 91/23. No production predicate other than R0016 affected."
D-MD-B18-A002-008,DECISION,MD-B18,MD-B18-A002,MD-B18-A002,MD-B18-A002-BL001,ISSUED,records/decisions/D-MD-B18-A002-008_APPROVED_F017_R0016_GAPB1_ASKNOWN_READ_MODEL_CONTRACT_IDENTITY.md,F-MD-B18-A002-017,E-MD-B18-A002-068;E-MD-B18-A002-069;CI-MD-B18-A002-001,D-MD-B18-A002-005,MD-DEP-0017,,2026-09-24T11:51:50+07:00,"Owner decision (Option 1) for MD-S050-R0016 residual Gap B1: AS_KNOWN read_model_version binds the replay/read-product contract version of the artifact being rendered; current canonical identity market_data_read_product_v1 (the identity the publication path already binds, F-021/E-048). It does not mean the current runtime code version, the build identity, the config snapshot effective at the replay cutoff, the MD-S082 minimum consumer read-model version, or a newly invented AS_KNOWN config value. A historical artifact rendered under V1 stays bound to V1 even if a later contract V2 exists. Reverified against MD-S021, MD-S045, MD-S050 (:17, :30, :33, :107), MD-S004 and MD-S082 (:289, :291) with no conflict. No strategy or CONTROLLED_REVISION change and no DOCUMENT_CHANGE_LOG entry. Does not declare R0016 PROVEN, resolve Gap B2 (still authority-determined fail-closed), change AS_KNOWN admission behavior, or change formal SATISFIED. Implementation not started."
E-MD-B18-A002-070,EVIDENCE,MD-B18,MD-B18-A002,MD-B18-A002,MD-B18-A002-BL001,ISSUED,records/evidence/E-MD-B18-A002-070_F013_REOPENED_R0014_R0071_ASKNOWN_OVERCLAIM_CORRECTED.json,F-MD-B18-A002-013;F-MD-B18-A002-017,E-MD-B18-A002-050;E-MD-B18-A002-068;E-MD-B18-A002-069;CI-MD-B18-A002-001,D-MD-B18-A002-005;D-MD-B18-A002-008,MD-DEP-0017,,2026-09-24T13:23:51+07:00,"Correction of the PROVEN claims E-MD-B18-A002-050 made for MD-S050-R0014 and MD-S019-R0071, and reopening of F-MD-B18-A002-013. Both predicates cover AS_KNOWN (R0014: every fixture/manifest; R0071: Invariant 14 names both modes), but E-050 examined only PUBLICATION_EXACT, although F-013 item 2 records the reason-registry identity as nominal in both modes. Executed: in the seeded AS_KNOWN world, changing one of 437 eod_reason_codes rows and adding a code left AS_KNOWN reason_registry_hash and the as-known snapshot_hash unchanged (identity is fixed state names plus an empty revision); read_model_version is empty. Probes: a constant reason hash in AS_KNOWN was caught by no bound guard (all 10 suites green); the same constant in PUBLICATION_EXACT turned the bound negative guard red; both files byte-restored and sha256-verified. Both classified IMPLEMENTATION_AND_PROOF_DEFECT (R0071 independently, reason-registry ingredient only) and returned to INCOMPLETE: PROVEN 91 -> 89, INCOMPLETE 23 -> 25. F-013 reopened: its closure test (all ten carried predicates PROVEN) and its ""own defect no longer exists"" statement no longer hold. E-050 stays as issued; its publication-mode facts remain valid. Remediation via F-017 Gap B1 (D-008) and B2. No production or test change."
E-MD-B18-A002-071,EVIDENCE,MD-B18,MD-B18-A002,MD-B18-A002,MD-B18-A002-BL001,ISSUED,records/evidence/E-MD-B18-A002-071_F017_G03_R0016_GAPB1_ASKNOWN_READ_MODEL_IDENTITY_IMPLEMENTED.json,F-MD-B18-A002-017;F-MD-B18-A002-013,E-MD-B18-A002-068;E-MD-B18-A002-069;E-MD-B18-A002-070;CI-MD-B18-A002-001,D-MD-B18-A002-005;D-MD-B18-A002-008,MD-DEP-0017;MD-DEP-0015,,2026-09-24T14:53:40+07:00,"MD-S050-R0016 Gap B1 implemented under D-MD-B18-A002-008: AS_KNOWN read_model_version now binds MarketDataReadProductService::READ_MODEL_VERSION (market_data_read_product_v1), a new shared constant on the natural MD-S021 owner class, replacing two of that class's own pre-existing literal duplicates (zero behaviour change) -- the four other already-established publication-path call sites were left untouched, out of scope. Previously AS_KNOWN read a nonexistent governance.read_model_version config key and always recorded empty. ReplayResultRepository::assertModeInputs() now requires read_model_version in both modes, alongside the seven MD-S050-R0016 fields already there; Gap B2 (reason-registry) untouched. Real-path proof: a positive test pinned independently to the literal string (not only the constant), a config-independence test (real config() mutated, unaffected), and direct-write refusal cases for both modes. Three probes (revert to config-derived, wrong canonical literal, storage check removed) each isolated to their own target, byte-restored and sha256-verified. Full tests/Unit/MarketData regression run against the known MD-DEP-0015 corpus-oracle baseline. MD-S050-R0016, MD-S050-R0014 and MD-S019-R0071 remain INCOMPLETE (Gap B2 required for all three); not promoted. Proof basis unchanged at 89/25."
E-MD-B18-A002-072,EVIDENCE,MD-B18,MD-B18-A002,MD-B18-A002,MD-B18-A002-BL001,ISSUED,records/evidence/E-MD-B18-A002-072_E071_MARKETDATAREADPRODUCTSERVICE_SHA256_EOL_CORRECTION.json,F-MD-B18-A002-017,E-MD-B18-A002-071;CI-MD-B18-A002-001,D-MD-B18-A002-008,MD-DEP-0017,,2026-09-24T15:00:10+07:00,"Correction of E-MD-B18-A002-071's production_sha256_after field for MarketDataReadProductService.php only. A follow-up sed command silently converted the file from the repository's original CRLF (with 12 pre-existing bare-LF lines) to plain LF while reverting an unrelated anti-bypass-guard fix; caught after E-071 was issued. Restored to HEAD's exact original bytes plus only the intended 16-line constant insertion (confirmed by git diff). New sha256 98962b2a225e87e1f4cfa0ccc67b4b3440b648831d6a8368fd5de53ec97780cb. No semantic change: php -l clean, every previously-green suite re-run with identical counts, probe P2 re-run with an identical result. E-071 is not edited and remains as issued; every other claim in it is unaffected. No predicate state, proof-basis entry or production behaviour changed."
E-MD-B18-A002-073,EVIDENCE,MD-B18,MD-B18-A002,MD-B18-A002,MD-B18-A002-BL001,ISSUED,records/evidence/E-MD-B18-A002-073_F017_G03_R0016_GAPB2_ASKNOWN_REASON_REGISTRY_FAILCLOSED_IMPLEMENTED.json,F-MD-B18-A002-017,E-MD-B18-A002-071;E-MD-B18-A002-072;CI-MD-B18-A002-001,D-MD-B18-A002-008,MD-DEP-0017,,2026-09-24T21:09:22+07:00,"Gap B2: AS_KNOWN reason-registry identity fail-closed (REASON_REGISTRY_IDENTITY_UNAVAILABLE marker; verifyAsKnownAgainstFixture() BLOCKED before comparison; storage refusal in both modes). MD-S050-R0005 rebound to INCOMPLETE (IMPLEMENTATION_DEPENDENCY_UNAVAILABLE). MD-S050-R0016/R0014, MD-S019-R0071 remain INCOMPLETE. An attempted addition to LOCKED Reason_Codes_Registry.md (MD-S085) and its paired seed was fully reverted after STRATEGY_FREEZE/TRACEABILITY_MATRIX gate failures showed it requires explicit user authorization not held by this unit; final_reason_code uses null instead, matching existing NOT_ADMISSIBLE precedent, requiring no new registration."
E-MD-B18-A002-074,EVIDENCE,MD-B18,MD-B18-A002,MD-B18-A002,MD-B18-A002-BL001,ISSUED,records/evidence/E-MD-B18-A002-074_F017_G03_R0016_FIVE_DOMAIN_CUMULATIVE_CLOSURE_PROVEN.json,F-MD-B18-A002-017,E-MD-B18-A002-067;E-MD-B18-A002-069;E-MD-B18-A002-071;E-MD-B18-A002-073;CI-MD-B18-A002-001,D-MD-B18-A002-008,MD-DEP-0017,,2026-09-25T00:08:13+07:00,"MD-S050-R0016 five-domain cumulative closure: temporal_identity_hash/source_observation_manifest_hash/canonical_raw_input_hash now fail-closed (TEMPORAL_IDENTITY_UNAVAILABLE/SOURCE_OBSERVATION_UNAVAILABLE markers, trading-day-gated for the latter two); calendar_status_hash calendar-half proven already-throwing, trading-status-half and event_factor_hash confirmed authority-permits-legitimate-empty with no missing-input failure mode. R0016 promoted PROVEN (89/25). R0005/R0014/R0071 untouched."
