document_path,document_role,verification_epoch,legacy_origin,verification_class,current_verification_status,current_proof_eligible,revalidation_required,legacy_source_ids,status_reason
README.md,NAVIGATION,WS-REBASELINE-20260819-001,YES,NAVIGATION,CURRENT_NAVIGATION,NO,NO,LS-WS-0511,Navigation only; no proof effect.
START_HERE.md,NAVIGATION,WS-REBASELINE-20260819-001,NO,NAVIGATION,CURRENT_NAVIGATION,NO,NO,,Navigation only; no proof effect.
authority/README.md,NAVIGATION,WS-REBASELINE-20260819-001,NO,NAVIGATION,CURRENT_NAVIGATION,NO,NO,,Navigation only; no proof effect.
authority/governance/CHANGE_IMPACT_DECLARATION_STANDARD.md,GOVERNANCE,WS-REBASELINE-20260819-001,NO,AUTHORITY,CURRENT_AUTHORITY,NO,NO,,Canonical/current process authority or registry.
authority/governance/CURRENT_STATE_SUMMARY_STANDARD.md,GOVERNANCE,WS-REBASELINE-20260819-001,NO,AUTHORITY,CURRENT_AUTHORITY,NO,NO,,Canonical/current process authority or registry.
authority/governance/CURRENT_VERIFICATION_EPOCH.json,REGISTRY,WS-REBASELINE-20260819-001,NO,AUTHORITY,CURRENT_AUTHORITY,NO,NO,,Current rebaseline authority/control.
authority/governance/CURRENT_VERIFICATION_REBASELINE_STANDARD.md,GOVERNANCE,WS-REBASELINE-20260819-001,NO,AUTHORITY,CURRENT_AUTHORITY,NO,NO,,Current rebaseline authority/control.
authority/governance/CURRENT_VERIFICATION_REGISTRY.csv,REGISTRY,WS-REBASELINE-20260819-001,NO,AUTHORITY,CURRENT_AUTHORITY,NO,NO,,Canonical/current process authority or registry.
authority/governance/DEPENDENCY_REGISTRY_STANDARD.md,GOVERNANCE,WS-REBASELINE-20260819-001,NO,AUTHORITY,CURRENT_AUTHORITY,NO,NO,,Canonical/current process authority or registry.
authority/governance/DOCUMENTATION_ARCHITECTURE.md,GOVERNANCE,WS-REBASELINE-20260819-001,NO,AUTHORITY,CURRENT_AUTHORITY,NO,NO,,Canonical/current process authority or registry.
authority/governance/DOCUMENT_CHANGE_LOG.md,GOVERNANCE,WS-REBASELINE-20260819-001,NO,AUTHORITY,CURRENT_AUTHORITY,NO,NO,,Canonical/current process authority or registry.
authority/governance/DOCUMENT_CHANGE_POLICY.md,GOVERNANCE,WS-REBASELINE-20260819-001,NO,AUTHORITY,CURRENT_AUTHORITY,NO,NO,,Canonical/current process authority or registry.
authority/governance/DOCUMENT_INTEGRITY_EXCEPTION_REGISTRY.json,REGISTRY,WS-REBASELINE-20260819-001,NO,AUTHORITY,CURRENT_AUTHORITY,NO,NO,,Canonical/current process authority or registry.
authority/governance/DOCUMENT_INTEGRITY_GATE_STANDARD.md,GOVERNANCE,WS-REBASELINE-20260819-001,NO,AUTHORITY,CURRENT_AUTHORITY,NO,NO,,Canonical/current process authority or registry.
authority/governance/DOCUMENT_RECORDING_STANDARD.md,GOVERNANCE,WS-REBASELINE-20260819-001,NO,AUTHORITY,CURRENT_AUTHORITY,NO,NO,,Canonical/current process authority or registry.
authority/governance/DOCUMENT_ROLE_REGISTRY.csv,REGISTRY,WS-REBASELINE-20260819-001,NO,AUTHORITY,CURRENT_AUTHORITY,NO,NO,,Canonical/current process authority or registry.
authority/governance/IMPLEMENTATION_RESIDUE_AND_CONFORMANCE_STANDARD.md,GOVERNANCE,WS-REBASELINE-20260819-001,NO,AUTHORITY,CURRENT_AUTHORITY,NO,NO,,Canonical/current process authority or registry.
authority/governance/LAYER_ACTIVATION_RULE.md,GOVERNANCE,WS-REBASELINE-20260819-001,YES,AUTHORITY,CURRENT_AUTHORITY,NO,NO,LS-WS-0510,Canonical/current process authority or registry.
authority/governance/LEGACY_DOCUMENT_NORMALIZATION_STANDARD.md,GOVERNANCE,WS-REBASELINE-20260819-001,NO,AUTHORITY,CURRENT_AUTHORITY,NO,NO,,Canonical/current process authority or registry.
authority/governance/LINK_INTEGRITY_CHECK_LOCKED.md,GOVERNANCE,WS-REBASELINE-20260819-001,YES,AUTHORITY,CURRENT_AUTHORITY,NO,NO,LS-WS-0512,Canonical/current process authority or registry.
authority/governance/ONE_DOCUMENT_ONE_AUTHORITATIVE_ROLE_STANDARD.md,GOVERNANCE,WS-REBASELINE-20260819-001,NO,AUTHORITY,CURRENT_AUTHORITY,NO,NO,,Canonical/current process authority or registry.
authority/governance/README.md,NAVIGATION,WS-REBASELINE-20260819-001,NO,NAVIGATION,CURRENT_NAVIGATION,NO,NO,,Navigation only; no proof effect.
authority/governance/STAGE_CLOSURE_MANIFEST_STANDARD.md,GOVERNANCE,WS-REBASELINE-20260819-001,NO,AUTHORITY,CURRENT_AUTHORITY,NO,NO,,Canonical/current process authority or registry.
authority/governance/STAGE_EXECUTION_AND_REWORK_STANDARD.md,GOVERNANCE,WS-REBASELINE-20260819-001,NO,AUTHORITY,CURRENT_AUTHORITY,NO,NO,,Canonical/current process authority or registry.
authority/governance/STRATEGY_IMPLEMENTATION_TRACEABILITY_STANDARD.md,GOVERNANCE,WS-REBASELINE-20260819-001,NO,AUTHORITY,CURRENT_AUTHORITY,NO,NO,,Canonical/current process authority or registry.
authority/governance/STRATEGY_TO_IMPLEMENTATION_COVERAGE_BASELINE.json,REGISTRY,WS-REBASELINE-20260819-001,NO,AUTHORITY,CURRENT_AUTHORITY,NO,NO,,Canonical/current process authority or registry.
authority/governance/STRATEGY_TO_IMPLEMENTATION_TRACEABILITY_MATRIX.csv,REGISTRY,WS-REBASELINE-20260819-001,NO,AUTHORITY,CURRENT_AUTHORITY,NO,NO,,Canonical/current process authority or registry.
authority/governance/WATCHLIST_CHANGE_IMPACT_MATRIX.md,GOVERNANCE,WS-REBASELINE-20260819-001,NO,AUTHORITY,CURRENT_AUTHORITY,NO,NO,,Canonical/current process authority or registry.
authority/governance/WATCHLIST_DOCUMENT_AUTHORITY.md,GOVERNANCE,WS-REBASELINE-20260819-001,YES,AUTHORITY,CURRENT_AUTHORITY,NO,NO,LS-WS-0670,Canonical/current process authority or registry.
authority/governance/WATCHLIST_OWNER_MATRIX.md,GOVERNANCE,WS-REBASELINE-20260819-001,YES,AUTHORITY,CURRENT_AUTHORITY,NO,NO,LS-WS-0072,Canonical/current process authority or registry.
authority/governance/WEEKLY_SWING_POLICY_FRAMEWORK.md,GOVERNANCE,WS-REBASELINE-20260819-001,NO,AUTHORITY,CURRENT_AUTHORITY,NO,NO,,Canonical/current process authority or registry.
authority/governance/WORK_BASELINE_LOCK_STANDARD.md,GOVERNANCE,WS-REBASELINE-20260819-001,NO,AUTHORITY,CURRENT_AUTHORITY,NO,NO,,Canonical/current process authority or registry.
authority/governance/WORK_CORRELATION_AND_RECORD_REGISTRY_STANDARD.md,GOVERNANCE,WS-REBASELINE-20260819-001,NO,AUTHORITY,CURRENT_AUTHORITY,NO,NO,,Canonical/current process authority or registry.
authority/governance/audit/AUDIT_UPDATE_GOVERNANCE.md,GOVERNANCE,WS-REBASELINE-20260819-001,YES,AUTHORITY,CURRENT_AUTHORITY,NO,NO,LS-WS-0053,Canonical/current process authority or registry.
authority/governance/audit/IMPL_README.md,GOVERNANCE,WS-REBASELINE-20260819-001,YES,AUTHORITY,CURRENT_AUTHORITY,NO,NO,LS-WS-0057,Canonical/current process authority or registry.
authority/governance/audit/IMPL_WATCHLIST_IMPLEMENTATION_AUDIT_EXAMPLE.md,GOVERNANCE,WS-REBASELINE-20260819-001,YES,AUTHORITY,CURRENT_AUTHORITY,NO,NO,LS-WS-0054,Canonical/current process authority or registry.
authority/governance/audit/IMPL_WATCHLIST_IMPLEMENTATION_AUDIT_FOUNDATION.md,GOVERNANCE,WS-REBASELINE-20260819-001,YES,AUTHORITY,CURRENT_AUTHORITY,NO,NO,LS-WS-0058,Canonical/current process authority or registry.
authority/governance/audit/IMPL_WATCHLIST_IMPLEMENTATION_AUDIT_REAL_API_REVIEW_EXAMPLE.md,GOVERNANCE,WS-REBASELINE-20260819-001,YES,AUTHORITY,CURRENT_AUTHORITY,NO,NO,LS-WS-0055,Canonical/current process authority or registry.
authority/governance/audit/IMPL_WATCHLIST_IMPLEMENTATION_AUDIT_REAL_PERSISTENCE_REVIEW_EXAMPLE.md,GOVERNANCE,WS-REBASELINE-20260819-001,YES,AUTHORITY,CURRENT_AUTHORITY,NO,NO,LS-WS-0056,Canonical/current process authority or registry.
authority/governance/audit/IMPL_WATCHLIST_IMPLEMENTATION_AUDIT_SHORT.md,GOVERNANCE,WS-REBASELINE-20260819-001,YES,AUTHORITY,CURRENT_AUTHORITY,NO,NO,LS-WS-0059,Canonical/current process authority or registry.
authority/governance/audit/IMPL_WATCHLIST_IMPLEMENTATION_CHANGE_IMPACT_MATRIX.md,GOVERNANCE,WS-REBASELINE-20260819-001,YES,AUTHORITY,CURRENT_AUTHORITY,NO,NO,LS-WS-0060,Canonical/current process authority or registry.
authority/governance/audit/IMPL_WATCHLIST_IMPLEMENTATION_CHECKLIST_FINAL.md,GOVERNANCE,WS-REBASELINE-20260819-001,YES,AUTHORITY,CURRENT_AUTHORITY,NO,NO,LS-WS-0061,Canonical/current process authority or registry.
authority/governance/audit/IMPL_WATCHLIST_IMPLEMENTATION_PROMPT_STANDARD.md,GOVERNANCE,WS-REBASELINE-20260819-001,YES,AUTHORITY,CURRENT_AUTHORITY,NO,NO,LS-WS-0062,Canonical/current process authority or registry.
authority/governance/audit/IMPL_WATCHLIST_LAYER_C_APPLICABILITY_RULE.md,GOVERNANCE,WS-REBASELINE-20260819-001,YES,AUTHORITY,CURRENT_AUTHORITY,NO,NO,LS-WS-0063,Canonical/current process authority or registry.
authority/governance/audit/README.md,NAVIGATION,WS-REBASELINE-20260819-001,YES,NAVIGATION,CURRENT_NAVIGATION,NO,NO,LS-WS-0066,Navigation only; no proof effect.
authority/governance/audit/WATCHLIST_AUDIT_CHECKLIST_FINAL.md,GOVERNANCE,WS-REBASELINE-20260819-001,YES,AUTHORITY,CURRENT_AUTHORITY,NO,NO,LS-WS-0067,Canonical/current process authority or registry.
authority/governance/audit/WATCHLIST_AUDIT_FOUNDATION.md,GOVERNANCE,WS-REBASELINE-20260819-001,YES,AUTHORITY,CURRENT_AUTHORITY,NO,NO,LS-WS-0068,Canonical/current process authority or registry.
authority/governance/audit/WATCHLIST_AUDIT_PROMPT_STANDARD.md,GOVERNANCE,WS-REBASELINE-20260819-001,YES,AUTHORITY,CURRENT_AUTHORITY,NO,NO,LS-WS-0069,Canonical/current process authority or registry.
authority/governance/audit/WATCHLIST_AUDIT_SHORT.md,GOVERNANCE,WS-REBASELINE-20260819-001,YES,AUTHORITY,CURRENT_AUTHORITY,NO,NO,LS-WS-0070,Canonical/current process authority or registry.
authority/strategy/README.md,NAVIGATION,WS-REBASELINE-20260819-001,YES,NAVIGATION,CURRENT_NAVIGATION,NO,NO,LS-WS-0538;LS-WS-0669,Navigation only; no proof effect.
authority/strategy/WS_CANDIDATE_CLASSIFICATION.md,STRATEGY,WS-REBASELINE-20260819-001,YES,AUTHORITY,CURRENT_AUTHORITY,NO,NO,LS-WS-0547,Canonical business strategy authority.
authority/strategy/WS_CANDIDATE_ELIGIBILITY_AND_SETUP.md,STRATEGY,WS-REBASELINE-20260819-001,NO,AUTHORITY,CURRENT_AUTHORITY,NO,NO,,Canonical business strategy authority.
authority/strategy/WS_D1_CONFIRM_ACTIONABILITY.md,STRATEGY,WS-REBASELINE-20260819-001,YES,AUTHORITY,CURRENT_AUTHORITY,NO,NO,LS-WS-0548,Canonical business strategy authority.
authority/strategy/WS_END_TO_END_STRATEGY_LIFECYCLE.md,STRATEGY,WS-REBASELINE-20260819-001,NO,AUTHORITY,CURRENT_AUTHORITY,NO,NO,,Canonical business strategy authority.
authority/strategy/WS_HISTORICAL_EVALUATION_STRATEGY.md,STRATEGY,WS-REBASELINE-20260819-001,YES,AUTHORITY,CURRENT_AUTHORITY,NO,NO,LS-WS-0550,Canonical business strategy authority.
authority/strategy/WS_IS_SUFFICIENCY_AND_WINNER_FREEZE.md,STRATEGY,WS-REBASELINE-20260819-001,YES,AUTHORITY,CURRENT_AUTHORITY,NO,NO,LS-WS-0554,Canonical business strategy authority.
authority/strategy/WS_MARKET_DATA_INPUT_REQUIREMENTS.md,STRATEGY,WS-REBASELINE-20260819-001,NO,AUTHORITY,CURRENT_AUTHORITY,NO,NO,,Canonical business strategy authority.
authority/strategy/WS_OOS_STRESS_SHADOW_AND_PRODUCTION_PROOF.md,STRATEGY,WS-REBASELINE-20260819-001,YES,AUTHORITY,CURRENT_AUTHORITY,NO,NO,LS-WS-0555,Canonical business strategy authority.
authority/strategy/WS_PLAN_SCORING_AND_TRADE_PLAN.md,STRATEGY,WS-REBASELINE-20260819-001,YES,AUTHORITY,CURRENT_AUTHORITY,NO,NO,LS-WS-0546,Canonical business strategy authority.
authority/strategy/WS_PRODUCT_OBJECTIVE_AND_LAYERS.md,STRATEGY,WS-REBASELINE-20260819-001,YES,AUTHORITY,CURRENT_AUTHORITY,NO,NO,LS-WS-0539,Canonical business strategy authority.
authority/strategy/WS_RUNTIME_FLOW.md,STRATEGY,WS-REBASELINE-20260819-001,YES,AUTHORITY,CURRENT_AUTHORITY,NO,NO,LS-WS-0540,Canonical business strategy authority.
authority/strategy/WS_SCOPE_AND_SUCCESS_CRITERIA.md,STRATEGY,WS-REBASELINE-20260819-001,YES,AUTHORITY,CURRENT_AUTHORITY,NO,NO,LS-WS-0073,Canonical business strategy authority.
authority/strategy/WS_TOP_PICKS_QUALIFICATION_AND_RANKING.md,STRATEGY,WS-REBASELINE-20260819-001,NO,AUTHORITY,CURRENT_AUTHORITY,NO,NO,,Canonical business strategy authority.
authority/strategy/WS_TOP_PICKS_RECOMMENDATION.md,STRATEGY,WS-REBASELINE-20260819-001,NO,AUTHORITY,CURRENT_AUTHORITY,NO,NO,,Canonical business strategy authority.
development/README.md,NAVIGATION,WS-REBASELINE-20260819-001,NO,NAVIGATION,CURRENT_NAVIGATION,NO,NO,,Navigation only; no proof effect.
development/findings/F-WS-20260819-02_ONE_DOCUMENT_ONE_ROLE_GAP.md,FINDING,WS-REBASELINE-20260819-001,NO,FINDING_RECORD,HISTORICAL_ONLY,NO,NO,,Pre-epoch finding lineage; reopen only with current evidence.
development/findings/F-WS-20260819-03_CURRENT_VERIFICATION_REBASELINE_GAP.md,FINDING,WS-REBASELINE-20260819-001,NO,GOVERNANCE_RECORD,CURRENT_GOVERNANCE_RECORD,NO,NO,,Issued during current rebaseline; not implementation proof.
development/findings/README.md,NAVIGATION,WS-REBASELINE-20260819-001,NO,NAVIGATION,CURRENT_NAVIGATION,NO,NO,,Navigation only; no proof effect.
development/findings/WS_BASELINE_INTEGRITY_ATTEMPT_GAP_2026-08-18.md,FINDING,WS-REBASELINE-20260819-001,NO,FINDING_RECORD,HISTORICAL_ONLY,NO,NO,,Pre-epoch finding lineage; reopen only with current evidence.
development/findings/WS_DOCUMENT_RECORDING_GOVERNANCE_GAP_2026-08-18.md,FINDING,WS-REBASELINE-20260819-001,NO,FINDING_RECORD,HISTORICAL_ONLY,NO,NO,,Pre-epoch finding lineage; reopen only with current evidence.
development/findings/WS_IMPLEMENTATION_RESIDUE_GOVERNANCE_GAP_2026-08-18.md,FINDING,WS-REBASELINE-20260819-001,NO,FINDING_RECORD,HISTORICAL_ONLY,NO,NO,,Pre-epoch finding lineage; reopen only with current evidence.
development/findings/WS_LEGACY_CORPUS_FULL_ROLE_NORMALIZATION_2026-08-18.md,FINDING,WS-REBASELINE-20260819-001,NO,FINDING_RECORD,HISTORICAL_ONLY,NO,NO,,Pre-epoch finding lineage; reopen only with current evidence.
development/findings/WS_MARKET_DATA_CROSS_DOMAIN_BINDING_GAPS_2026-08-17.md,FINDING,WS-REBASELINE-20260819-001,NO,FINDING_RECORD,HISTORICAL_ONLY,NO,NO,,Pre-epoch finding lineage; reopen only with current evidence.
development/findings/WS_RELATIONSHIP_INTEGRITY_HARDENING_GAP_2026-08-18.md,FINDING,WS-REBASELINE-20260819-001,NO,FINDING_RECORD,HISTORICAL_ONLY,NO,NO,,Pre-epoch finding lineage; reopen only with current evidence.
development/findings/WS_ROOT_DOCUMENT_ARCHITECTURE_AMBIGUITY_2026-08-18.md,FINDING,WS-REBASELINE-20260819-001,NO,FINDING_RECORD,HISTORICAL_ONLY,NO,NO,,Pre-epoch finding lineage; reopen only with current evidence.
development/findings/WS_SPLIT_SOURCE_DUPLICATION_GAP_2026-08-19.md,FINDING,WS-REBASELINE-20260819-001,NO,FINDING_RECORD,HISTORICAL_ONLY,NO,NO,,Pre-epoch finding lineage; reopen only with current evidence.
development/findings/WS_STAGE_REENTRY_AND_CLOSURE_GAP_2026-08-18.md,FINDING,WS-REBASELINE-20260819-001,NO,FINDING_RECORD,HISTORICAL_ONLY,NO,NO,,Pre-epoch finding lineage; reopen only with current evidence.
development/findings/WS_STRATEGY_AUDIT_QUALIFIED_TOP_PICKS_FINDINGS.md,FINDING,WS-REBASELINE-20260819-001,NO,FINDING_RECORD,HISTORICAL_ONLY,NO,NO,,Pre-epoch finding lineage; reopen only with current evidence.
development/findings/WS_STRATEGY_END_TO_END_COHERENCE_FINDINGS.md,FINDING,WS-REBASELINE-20260819-001,NO,FINDING_RECORD,HISTORICAL_ONLY,NO,NO,,Pre-epoch finding lineage; reopen only with current evidence.
development/findings/WS_STRATEGY_LAYER_ROLE_LEAKAGE_2026-08-16.md,FINDING,WS-REBASELINE-20260819-001,NO,FINDING_RECORD,HISTORICAL_ONLY,NO,NO,,Pre-epoch finding lineage; reopen only with current evidence.
development/findings/WS_STRATEGY_OPTIONAL_CONFIRM_NON_BLOCKING_FINDING.md,FINDING,WS-REBASELINE-20260819-001,NO,FINDING_RECORD,HISTORICAL_ONLY,NO,NO,,Pre-epoch finding lineage; reopen only with current evidence.
development/findings/WS_STRATEGY_TRACEABILITY_COVERAGE_GAP_2026-08-18.md,FINDING,WS-REBASELINE-20260819-001,NO,FINDING_RECORD,HISTORICAL_ONLY,NO,NO,,Pre-epoch finding lineage; reopen only with current evidence.
development/findings/WS_WORK_CORRELATION_CLOSURE_VISIBILITY_GAP_2026-08-18.md,FINDING,WS-REBASELINE-20260819-001,NO,FINDING_RECORD,HISTORICAL_ONLY,NO,NO,,Pre-epoch finding lineage; reopen only with current evidence.
development/implementation/CONFIRM_OPTIONAL_NON_BLOCKING_IMPLEMENTATION_GUARD.md,IMPLEMENTATION_CONTRACT,WS-REBASELINE-20260819-001,NO,IMPLEMENTATION_INPUT,NOT_ASSESSED_REVALIDATION_REQUIRED,NO,YES,,Existing behavior-bearing technical material must be revalidated stage-by-stage.
development/implementation/CURRENT_STATE.md,GENERATED_SUMMARY,WS-REBASELINE-20260819-001,NO,PROCESS_SUPPORT,CURRENT_PROCESS_SUPPORT,NO,NO,,Current orchestration/state support.
development/implementation/LUMEN_CONTRACT_TRACKER.md,STATUS_LEDGER,WS-REBASELINE-20260819-001,YES,STATUS_CONTAINER,CURRENT_STATUS_CONTAINER_REBASELINED,NO,NO,LS-WS-0064,Container remains current; pre-epoch entries historical-only.
development/implementation/LUMEN_IMPLEMENTATION_STATUS.md,STATUS_LEDGER,WS-REBASELINE-20260819-001,YES,STATUS_CONTAINER,CURRENT_STATUS_CONTAINER_REBASELINED,NO,NO,LS-WS-0065,Container remains current; pre-epoch entries historical-only.
development/implementation/MARKET_DATA_INTAKE_IMPLEMENTATION_CONTRACT.md,IMPLEMENTATION_CONTRACT,WS-REBASELINE-20260819-001,NO,IMPLEMENTATION_INPUT,NOT_ASSESSED_REVALIDATION_REQUIRED,NO,YES,,Existing behavior-bearing technical material must be revalidated stage-by-stage.
development/implementation/README.md,NAVIGATION,WS-REBASELINE-20260819-001,YES,NAVIGATION,CURRENT_NAVIGATION,NO,NO,LS-WS-0521;LS-WS-0621;LS-WS-0659,Navigation only; no proof effect.
development/implementation/STRATEGY_ALIGNMENT_REQUIRED.md,IMPLEMENTATION_GUIDE,WS-REBASELINE-20260819-001,NO,PROCESS_SUPPORT,CURRENT_PROCESS_SUPPORT,NO,NO,,Supports current verification process; not behavior proof.
development/implementation/WS_DEPENDENCY_REGISTRY.csv,REGISTRY,WS-REBASELINE-20260819-001,NO,REGISTRY,CURRENT_REGISTRY,NO,NO,,Current registry/index; not implementation proof.
development/implementation/WS_IMPLEMENTATION_BUILD_SEQUENCE.md,IMPLEMENTATION_GUIDE,WS-REBASELINE-20260819-001,NO,PROCESS_SUPPORT,CURRENT_PROCESS_SUPPORT,NO,NO,,Supports current verification process; not behavior proof.
development/implementation/WS_IMPLEMENTATION_STAGE_REGISTER.md,STAGE_REGISTER,WS-REBASELINE-20260819-001,NO,PROCESS_SUPPORT,CURRENT_PROCESS_SUPPORT,NO,NO,,Current orchestration/state support.
development/implementation/contracts/CONTRACT_FAILURE_CODES_LOCKED.md,IMPLEMENTATION_CONTRACT,WS-REBASELINE-20260819-001,YES,IMPLEMENTATION_INPUT,NOT_ASSESSED_REVALIDATION_REQUIRED,NO,YES,LS-WS-0536,Existing behavior-bearing technical material must be revalidated stage-by-stage.
development/implementation/contracts/CONTRACT_TESTS_GLOBAL.md,IMPLEMENTATION_CONTRACT,WS-REBASELINE-20260819-001,YES,IMPLEMENTATION_INPUT,NOT_ASSESSED_REVALIDATION_REQUIRED,NO,YES,LS-WS-0533,Existing behavior-bearing technical material must be revalidated stage-by-stage.
development/implementation/contracts/EXECUTION_CANONICAL_GLOBAL.md,IMPLEMENTATION_CONTRACT,WS-REBASELINE-20260819-001,YES,IMPLEMENTATION_INPUT,NOT_ASSESSED_REVALIDATION_REQUIRED,NO,YES,LS-WS-0534,Existing behavior-bearing technical material must be revalidated stage-by-stage.
development/implementation/contracts/PARAMSET_CONTRACT_GLOBAL.md,IMPLEMENTATION_CONTRACT,WS-REBASELINE-20260819-001,YES,IMPLEMENTATION_INPUT,NOT_ASSESSED_REVALIDATION_REQUIRED,NO,YES,LS-WS-0531,Existing behavior-bearing technical material must be revalidated stage-by-stage.
development/implementation/contracts/README.md,NAVIGATION,WS-REBASELINE-20260819-001,NO,NAVIGATION,CURRENT_NAVIGATION,NO,NO,,Navigation only; no proof effect.
development/implementation/contracts/SCHEMA_PARITY_RULES.md,IMPLEMENTATION_CONTRACT,WS-REBASELINE-20260819-001,YES,IMPLEMENTATION_INPUT,NOT_ASSESSED_REVALIDATION_REQUIRED,NO,YES,LS-WS-0535,Existing behavior-bearing technical material must be revalidated stage-by-stage.
development/implementation/contracts/VALIDATOR_SPEC_GLOBAL.md,IMPLEMENTATION_CONTRACT,WS-REBASELINE-20260819-001,YES,IMPLEMENTATION_INPUT,NOT_ASSESSED_REVALIDATION_REQUIRED,NO,YES,LS-WS-0532,Existing behavior-bearing technical material must be revalidated stage-by-stage.
development/implementation/contracts/WS_BACKTEST_ARTIFACT_MANIFEST_LOCKED.md,IMPLEMENTATION_CONTRACT,WS-REBASELINE-20260819-001,YES,IMPLEMENTATION_INPUT,NOT_ASSESSED_REVALIDATION_REQUIRED,NO,YES,LS-WS-0556,Existing behavior-bearing technical material must be revalidated stage-by-stage.
development/implementation/contracts/WS_BACKTEST_EVALUATION_TECHNICAL_CONTRACT.md,IMPLEMENTATION_CONTRACT,WS-REBASELINE-20260819-001,NO,IMPLEMENTATION_INPUT,NOT_ASSESSED_REVALIDATION_REQUIRED,NO,YES,,Existing behavior-bearing technical material must be revalidated stage-by-stage.
development/implementation/contracts/WS_BACKTEST_OOS_RUNTIME_IMPLEMENTATION_CONTRACT.md,IMPLEMENTATION_CONTRACT,WS-REBASELINE-20260819-001,NO,IMPLEMENTATION_INPUT,NOT_ASSESSED_REVALIDATION_REQUIRED,NO,YES,,Existing behavior-bearing technical material must be revalidated stage-by-stage.
development/implementation/contracts/WS_BACKTEST_PERSISTENCE_AND_UNIVERSE_SCHEMA_CONTRACT.md,IMPLEMENTATION_CONTRACT,WS-REBASELINE-20260819-001,NO,IMPLEMENTATION_INPUT,NOT_ASSESSED_REVALIDATION_REQUIRED,NO,YES,,Existing behavior-bearing technical material must be revalidated stage-by-stage.
development/implementation/contracts/WS_DATA_MODEL_MARIADB.md,IMPLEMENTATION_CONTRACT,WS-REBASELINE-20260819-001,YES,IMPLEMENTATION_INPUT,NOT_ASSESSED_REVALIDATION_REQUIRED,NO,YES,LS-WS-0541,Existing behavior-bearing technical material must be revalidated stage-by-stage.
development/implementation/contracts/WS_INTRADAY_SNAPSHOT_TABLES.md,IMPLEMENTATION_CONTRACT,WS-REBASELINE-20260819-001,YES,IMPLEMENTATION_INPUT,NOT_ASSESSED_REVALIDATION_REQUIRED,NO,YES,LS-WS-0549,Existing behavior-bearing technical material must be revalidated stage-by-stage.
development/implementation/contracts/WS_PARAMETER_REGISTRY_COMPLETE.md,IMPLEMENTATION_CONTRACT,WS-REBASELINE-20260819-001,YES,IMPLEMENTATION_INPUT,NOT_ASSESSED_REVALIDATION_REQUIRED,NO,YES,LS-WS-0543,Existing behavior-bearing technical material must be revalidated stage-by-stage.
development/implementation/contracts/WS_PARAMSET_JSON_CONTRACT.md,IMPLEMENTATION_CONTRACT,WS-REBASELINE-20260819-001,YES,IMPLEMENTATION_INPUT,NOT_ASSESSED_REVALIDATION_REQUIRED,NO,YES,LS-WS-0542,Existing behavior-bearing technical material must be revalidated stage-by-stage.
development/implementation/contracts/WS_PARAMSET_VALIDATOR_SPEC.md,IMPLEMENTATION_CONTRACT,WS-REBASELINE-20260819-001,YES,IMPLEMENTATION_INPUT,NOT_ASSESSED_REVALIDATION_REQUIRED,NO,YES,LS-WS-0544,Existing behavior-bearing technical material must be revalidated stage-by-stage.
development/implementation/contracts/WS_REASON_CODES_AND_HASH.md,IMPLEMENTATION_CONTRACT,WS-REBASELINE-20260819-001,YES,IMPLEMENTATION_INPUT,NOT_ASSESSED_REVALIDATION_REQUIRED,NO,YES,LS-WS-0545,Existing behavior-bearing technical material must be revalidated stage-by-stage.
development/implementation/contracts/WS_RECOMMENDATION_INPUT_OUTPUT_CONTRACT.md,IMPLEMENTATION_CONTRACT,WS-REBASELINE-20260819-001,YES,IMPLEMENTATION_INPUT,NOT_ASSESSED_REVALIDATION_REQUIRED,NO,YES,LS-WS-0561,Existing behavior-bearing technical material must be revalidated stage-by-stage.
development/implementation/db/BACKTEST_OOS_RUNTIME_GAP_CLOSURE.sql,IMPLEMENTATION_DB,WS-REBASELINE-20260819-001,YES,IMPLEMENTATION_INPUT,NOT_ASSESSED_REVALIDATION_REQUIRED,NO,YES,LS-WS-0611,Existing behavior-bearing technical material must be revalidated stage-by-stage.
development/implementation/db/BACKTEST_OOS_RUNTIME_VERIFY.sql,IMPLEMENTATION_DB,WS-REBASELINE-20260819-001,YES,IMPLEMENTATION_INPUT,NOT_ASSESSED_REVALIDATION_REQUIRED,NO,YES,LS-WS-0612,Existing behavior-bearing technical material must be revalidated stage-by-stage.
development/implementation/db/BACKTEST_PARAM_GRID_SEED.sql,IMPLEMENTATION_DB,WS-REBASELINE-20260819-001,YES,IMPLEMENTATION_INPUT,NOT_ASSESSED_REVALIDATION_REQUIRED,NO,YES,LS-WS-0613,Existing behavior-bearing technical material must be revalidated stage-by-stage.
development/implementation/db/BACKTEST_SCHEMA_DDL.sql,IMPLEMENTATION_DB,WS-REBASELINE-20260819-001,YES,IMPLEMENTATION_INPUT,NOT_ASSESSED_REVALIDATION_REQUIRED,NO,YES,LS-WS-0614,Existing behavior-bearing technical material must be revalidated stage-by-stage.
development/implementation/db/DB_DDL_MARIADB.sql,IMPLEMENTATION_DB,WS-REBASELINE-20260819-001,YES,IMPLEMENTATION_INPUT,NOT_ASSESSED_REVALIDATION_REQUIRED,NO,YES,LS-WS-0517,Existing behavior-bearing technical material must be revalidated stage-by-stage.
development/implementation/db/DB_INDEXES_AND_CONSTRAINTS.md,IMPLEMENTATION_DB,WS-REBASELINE-20260819-001,YES,IMPLEMENTATION_INPUT,NOT_ASSESSED_REVALIDATION_REQUIRED,NO,YES,LS-WS-0515,Existing behavior-bearing technical material must be revalidated stage-by-stage.
development/implementation/db/DB_OVERVIEW.md,IMPLEMENTATION_DB,WS-REBASELINE-20260819-001,YES,IMPLEMENTATION_INPUT,NOT_ASSESSED_REVALIDATION_REQUIRED,NO,YES,LS-WS-0513,Existing behavior-bearing technical material must be revalidated stage-by-stage.
development/implementation/db/DB_SCHEMA_MARIADB.md,IMPLEMENTATION_DB,WS-REBASELINE-20260819-001,YES,IMPLEMENTATION_INPUT,NOT_ASSESSED_REVALIDATION_REQUIRED,NO,YES,LS-WS-0514,Existing behavior-bearing technical material must be revalidated stage-by-stage.
development/implementation/db/DB_SEED_GLOBAL.sql,IMPLEMENTATION_DB,WS-REBASELINE-20260819-001,YES,IMPLEMENTATION_INPUT,NOT_ASSESSED_REVALIDATION_REQUIRED,NO,YES,LS-WS-0516,Existing behavior-bearing technical material must be revalidated stage-by-stage.
development/implementation/db/MIGRATIONS.sql,IMPLEMENTATION_DB,WS-REBASELINE-20260819-001,YES,IMPLEMENTATION_INPUT,NOT_ASSESSED_REVALIDATION_REQUIRED,NO,YES,LS-WS-0518,Existing behavior-bearing technical material must be revalidated stage-by-stage.
development/implementation/db/PARAMSET_WS_ACTIVE_EXAMPLE.json,IMPLEMENTATION_DB,WS-REBASELINE-20260819-001,YES,IMPLEMENTATION_INPUT,NOT_ASSESSED_REVALIDATION_REQUIRED,NO,YES,LS-WS-0615,Existing behavior-bearing technical material must be revalidated stage-by-stage.
development/implementation/db/PLAN_UNIVERSE_SNAPSHOT_SCHEMA.md,IMPLEMENTATION_DB,WS-REBASELINE-20260819-001,YES,IMPLEMENTATION_INPUT,NOT_ASSESSED_REVALIDATION_REQUIRED,NO,YES,LS-WS-0616,Existing behavior-bearing technical material must be revalidated stage-by-stage.
development/implementation/db/PROMOTE_PARAMSET.sql,IMPLEMENTATION_DB,WS-REBASELINE-20260819-001,YES,IMPLEMENTATION_INPUT,NOT_ASSESSED_REVALIDATION_REQUIRED,NO,YES,LS-WS-0617,Existing behavior-bearing technical material must be revalidated stage-by-stage.
development/implementation/db/README.md,NAVIGATION,WS-REBASELINE-20260819-001,NO,NAVIGATION,CURRENT_NAVIGATION,NO,NO,,Navigation only; no proof effect.
development/implementation/db/REASON_CODES_SEED.sql,IMPLEMENTATION_DB,WS-REBASELINE-20260819-001,YES,IMPLEMENTATION_INPUT,NOT_ASSESSED_REVALIDATION_REQUIRED,NO,YES,LS-WS-0619,Existing behavior-bearing technical material must be revalidated stage-by-stage.
development/implementation/db/RECOMMENDATION_RUNTIME_SCHEMA.md,IMPLEMENTATION_DB,WS-REBASELINE-20260819-001,YES,IMPLEMENTATION_INPUT,NOT_ASSESSED_REVALIDATION_REQUIRED,NO,YES,LS-WS-0620,Existing behavior-bearing technical material must be revalidated stage-by-stage.
development/implementation/db/WATCHLIST_DB_DICTIONARY.md,IMPLEMENTATION_DB,WS-REBASELINE-20260819-001,NO,IMPLEMENTATION_INPUT,NOT_ASSESSED_REVALIDATION_REQUIRED,NO,YES,,Existing behavior-bearing technical material must be revalidated stage-by-stage.
development/implementation/examples/README.md,NAVIGATION,WS-REBASELINE-20260819-001,NO,NAVIGATION,CURRENT_NAVIGATION,NO,NO,,Navigation only; no proof effect.
development/implementation/examples/WORK_BASELINE_LOCK_TEMPLATE.json,TEMPLATE,WS-REBASELINE-20260819-001,NO,PROCESS_SUPPORT,CURRENT_PROCESS_SUPPORT,NO,NO,,Supports current verification process; not behavior proof.
development/implementation/examples/WS_CHANGE_IMPACT_DECLARATION_TEMPLATE.md,TEMPLATE,WS-REBASELINE-20260819-001,NO,PROCESS_SUPPORT,CURRENT_PROCESS_SUPPORT,NO,NO,,Supports current verification process; not behavior proof.
development/implementation/examples/WS_CONFIRM_RUNTIME_OUTPUT_EXAMPLE_A.json,EXAMPLE,WS-REBASELINE-20260819-001,YES,IMPLEMENTATION_INPUT,NOT_ASSESSED_REVALIDATION_REQUIRED,NO,YES,LS-WS-0623,Existing behavior-bearing technical material must be revalidated stage-by-stage.
development/implementation/examples/WS_CONFIRM_UNAVAILABLE_RETRYABLE_EXAMPLE.json,EXAMPLE,WS-REBASELINE-20260819-001,NO,IMPLEMENTATION_INPUT,NOT_ASSESSED_REVALIDATION_REQUIRED,NO,YES,,Existing behavior-bearing technical material must be revalidated stage-by-stage.
development/implementation/examples/WS_PLAN_RECOMMENDATION_CONFIRM_TRIPLE_EXAMPLE_A.json,EXAMPLE,WS-REBASELINE-20260819-001,YES,IMPLEMENTATION_INPUT,NOT_ASSESSED_REVALIDATION_REQUIRED,NO,YES,LS-WS-0626,Existing behavior-bearing technical material must be revalidated stage-by-stage.
development/implementation/examples/WS_PLAN_RECOMMENDATION_PAIR_EXAMPLE_A.json,EXAMPLE,WS-REBASELINE-20260819-001,YES,IMPLEMENTATION_INPUT,NOT_ASSESSED_REVALIDATION_REQUIRED,NO,YES,LS-WS-0627,Existing behavior-bearing technical material must be revalidated stage-by-stage.
development/implementation/examples/WS_PLAN_REC_CONFIRM_COMPOSITE_EXAMPLE.json,EXAMPLE,WS-REBASELINE-20260819-001,YES,IMPLEMENTATION_INPUT,NOT_ASSESSED_REVALIDATION_REQUIRED,NO,YES,LS-WS-0625,Existing behavior-bearing technical material must be revalidated stage-by-stage.
development/implementation/examples/WS_PLAN_RUNTIME_OUTPUT_EXAMPLE_A.json,EXAMPLE,WS-REBASELINE-20260819-001,YES,IMPLEMENTATION_INPUT,NOT_ASSESSED_REVALIDATION_REQUIRED,NO,YES,LS-WS-0628,Existing behavior-bearing technical material must be revalidated stage-by-stage.
development/implementation/examples/WS_PLAN_RUNTIME_OUTPUT_EXAMPLE_NO_TRADE.json,EXAMPLE,WS-REBASELINE-20260819-001,YES,IMPLEMENTATION_INPUT,NOT_ASSESSED_REVALIDATION_REQUIRED,NO,YES,LS-WS-0629,Existing behavior-bearing technical material must be revalidated stage-by-stage.
development/implementation/examples/WS_RECOMMENDATION_RUNTIME_OUTPUT_EMPTY.json,EXAMPLE,WS-REBASELINE-20260819-001,YES,IMPLEMENTATION_INPUT,NOT_ASSESSED_REVALIDATION_REQUIRED,NO,YES,LS-WS-0630,Existing behavior-bearing technical material must be revalidated stage-by-stage.
development/implementation/examples/WS_RECOMMENDATION_RUNTIME_OUTPUT_EMPTY_DETAILED.json,EXAMPLE,WS-REBASELINE-20260819-001,YES,IMPLEMENTATION_INPUT,NOT_ASSESSED_REVALIDATION_REQUIRED,NO,YES,LS-WS-0631,Existing behavior-bearing technical material must be revalidated stage-by-stage.
development/implementation/examples/WS_RECOMMENDATION_RUNTIME_OUTPUT_EXAMPLE_A.json,EXAMPLE,WS-REBASELINE-20260819-001,YES,IMPLEMENTATION_INPUT,NOT_ASSESSED_REVALIDATION_REQUIRED,NO,YES,LS-WS-0632,Existing behavior-bearing technical material must be revalidated stage-by-stage.
development/implementation/examples/WS_RECOMMENDATION_RUNTIME_OUTPUT_EXAMPLE_B.json,EXAMPLE,WS-REBASELINE-20260819-001,YES,IMPLEMENTATION_INPUT,NOT_ASSESSED_REVALIDATION_REQUIRED,NO,YES,LS-WS-0633,Existing behavior-bearing technical material must be revalidated stage-by-stage.
development/implementation/examples/WS_STAGE_ATTEMPT_RECORD_TEMPLATE.md,TEMPLATE,WS-REBASELINE-20260819-001,NO,PROCESS_SUPPORT,CURRENT_PROCESS_SUPPORT,NO,NO,,Supports current verification process; not behavior proof.
development/implementation/examples/WS_STAGE_CLOSURE_MANIFEST_TEMPLATE.md,TEMPLATE,WS-REBASELINE-20260819-001,NO,PROCESS_SUPPORT,CURRENT_PROCESS_SUPPORT,NO,NO,,Supports current verification process; not behavior proof.
development/implementation/guides/README.md,NAVIGATION,WS-REBASELINE-20260819-001,NO,NAVIGATION,CURRENT_NAVIGATION,NO,NO,,Navigation only; no proof effect.
development/implementation/guides/WS_API_GUIDANCE.md,IMPLEMENTATION_GUIDE,WS-REBASELINE-20260819-001,YES,IMPLEMENTATION_INPUT,NOT_ASSESSED_REVALIDATION_REQUIRED,NO,YES,LS-WS-0525,Existing behavior-bearing technical material must be revalidated stage-by-stage.
development/implementation/guides/WS_CANONICAL_FIELD_MATRIX.md,IMPLEMENTATION_GUIDE,WS-REBASELINE-20260819-001,YES,IMPLEMENTATION_INPUT,NOT_ASSESSED_REVALIDATION_REQUIRED,NO,YES,LS-WS-0527,Existing behavior-bearing technical material must be revalidated stage-by-stage.
development/implementation/guides/WS_CANONICAL_PARAMSET_PROCEDURES.md,IMPLEMENTATION_GUIDE,WS-REBASELINE-20260819-001,YES,IMPLEMENTATION_INPUT,NOT_ASSESSED_REVALIDATION_REQUIRED,NO,YES,LS-WS-0558,Existing behavior-bearing technical material must be revalidated stage-by-stage.
development/implementation/guides/WS_DELIVERY_CHECKLIST.md,IMPLEMENTATION_GUIDE,WS-REBASELINE-20260819-001,YES,IMPLEMENTATION_INPUT,NOT_ASSESSED_REVALIDATION_REQUIRED,NO,YES,LS-WS-0529,Existing behavior-bearing technical material must be revalidated stage-by-stage.
development/implementation/guides/WS_FAILURE_BEHAVIOR_MATRIX.md,IMPLEMENTATION_GUIDE,WS-REBASELINE-20260819-001,YES,IMPLEMENTATION_INPUT,NOT_ASSESSED_REVALIDATION_REQUIRED,NO,YES,LS-WS-0591,Existing behavior-bearing technical material must be revalidated stage-by-stage.
development/implementation/guides/WS_FIXTURE_INVENTORY.md,IMPLEMENTATION_GUIDE,WS-REBASELINE-20260819-001,YES,IMPLEMENTATION_INPUT,NOT_ASSESSED_REVALIDATION_REQUIRED,NO,YES,LS-WS-0593,Existing behavior-bearing technical material must be revalidated stage-by-stage.
development/implementation/guides/WS_GLOSSARY_REFERENCE.md,IMPLEMENTATION_GUIDE,WS-REBASELINE-20260819-001,YES,IMPLEMENTATION_INPUT,NOT_ASSESSED_REVALIDATION_REQUIRED,NO,YES,LS-WS-0594,Existing behavior-bearing technical material must be revalidated stage-by-stage.
development/implementation/guides/WS_IMPLEMENTATION_BLUEPRINT.md,IMPLEMENTATION_GUIDE,WS-REBASELINE-20260819-001,YES,IMPLEMENTATION_INPUT,NOT_ASSESSED_REVALIDATION_REQUIRED,NO,YES,LS-WS-0559,Existing behavior-bearing technical material must be revalidated stage-by-stage.
development/implementation/guides/WS_IMPLEMENTATION_SCOPE_AND_BOUNDARY.md,IMPLEMENTATION_GUIDE,WS-REBASELINE-20260819-001,YES,IMPLEMENTATION_INPUT,NOT_ASSESSED_REVALIDATION_REQUIRED,NO,YES,LS-WS-0522,Existing behavior-bearing technical material must be revalidated stage-by-stage.
development/implementation/guides/WS_MANUAL_INPUT_TEMPLATE.md,IMPLEMENTATION_GUIDE,WS-REBASELINE-20260819-001,YES,IMPLEMENTATION_INPUT,NOT_ASSESSED_REVALIDATION_REQUIRED,NO,YES,LS-WS-0595,Existing behavior-bearing technical material must be revalidated stage-by-stage.
development/implementation/guides/WS_MODULE_MAPPING.md,IMPLEMENTATION_GUIDE,WS-REBASELINE-20260819-001,YES,IMPLEMENTATION_INPUT,NOT_ASSESSED_REVALIDATION_REQUIRED,NO,YES,LS-WS-0523,Existing behavior-bearing technical material must be revalidated stage-by-stage.
development/implementation/guides/WS_PARAMETER_COVERAGE_MATRIX.md,IMPLEMENTATION_GUIDE,WS-REBASELINE-20260819-001,YES,IMPLEMENTATION_INPUT,NOT_ASSESSED_REVALIDATION_REQUIRED,NO,YES,LS-WS-0600,Existing behavior-bearing technical material must be revalidated stage-by-stage.
development/implementation/guides/WS_PERSISTENCE_GUIDANCE.md,IMPLEMENTATION_GUIDE,WS-REBASELINE-20260819-001,YES,IMPLEMENTATION_INPUT,NOT_ASSESSED_REVALIDATION_REQUIRED,NO,YES,LS-WS-0526,Existing behavior-bearing technical material must be revalidated stage-by-stage.
development/implementation/guides/WS_RUNTIME_ARTIFACT_FLOW.md,IMPLEMENTATION_GUIDE,WS-REBASELINE-20260819-001,YES,IMPLEMENTATION_INPUT,NOT_ASSESSED_REVALIDATION_REQUIRED,NO,YES,LS-WS-0524,Existing behavior-bearing technical material must be revalidated stage-by-stage.
development/implementation/guides/WS_RUNTIME_OUTPUT_EXAMPLES.md,IMPLEMENTATION_GUIDE,WS-REBASELINE-20260819-001,YES,IMPLEMENTATION_INPUT,NOT_ASSESSED_REVALIDATION_REQUIRED,NO,YES,LS-WS-0606,Existing behavior-bearing technical material must be revalidated stage-by-stage.
development/implementation/guides/WS_TEST_IMPLEMENTATION_GUIDANCE.md,IMPLEMENTATION_GUIDE,WS-REBASELINE-20260819-001,YES,IMPLEMENTATION_INPUT,NOT_ASSESSED_REVALIDATION_REQUIRED,NO,YES,LS-WS-0528,Existing behavior-bearing technical material must be revalidated stage-by-stage.
development/implementation/guides/WS_WORKED_EXAMPLE_E2E.md,IMPLEMENTATION_GUIDE,WS-REBASELINE-20260819-001,YES,IMPLEMENTATION_INPUT,NOT_ASSESSED_REVALIDATION_REQUIRED,NO,YES,LS-WS-0610,Existing behavior-bearing technical material must be revalidated stage-by-stage.
development/implementation/tests/CreateWorkBaselineLock.php,IMPLEMENTATION_TOOL,WS-REBASELINE-20260819-001,NO,PROCESS_SUPPORT,CURRENT_PROCESS_SUPPORT,NO,NO,,Supports current verification process; not behavior proof.
development/implementation/tests/GenerateWatchlistCurrentState.php,IMPLEMENTATION_TOOL,WS-REBASELINE-20260819-001,NO,PROCESS_SUPPORT,CURRENT_PROCESS_SUPPORT,NO,NO,,Supports current verification process; not behavior proof.
development/implementation/tests/PLAN_FIXTURE_A_TIES_V1.json,IMPLEMENTATION_TEST,WS-REBASELINE-20260819-001,YES,IMPLEMENTATION_INPUT,NOT_ASSESSED_REVALIDATION_REQUIRED,NO,YES,LS-WS-0652,Existing behavior-bearing technical material must be revalidated stage-by-stage.
development/implementation/tests/README.md,NAVIGATION,WS-REBASELINE-20260819-001,NO,NAVIGATION,CURRENT_NAVIGATION,NO,NO,,Navigation only; no proof effect.
development/implementation/tests/RegisterWorkRecord.php,IMPLEMENTATION_TOOL,WS-REBASELINE-20260819-001,NO,PROCESS_SUPPORT,CURRENT_PROCESS_SUPPORT,NO,NO,,Supports current verification process; not behavior proof.
development/implementation/tests/RegisterWorkRelationship.php,IMPLEMENTATION_TOOL,WS-REBASELINE-20260819-001,NO,PROCESS_SUPPORT,CURRENT_PROCESS_SUPPORT,NO,NO,,Supports current verification process; not behavior proof.
development/implementation/tests/WS_BT_COVERAGE_MATRIX_LOCKED.md,IMPLEMENTATION_TEST,WS-REBASELINE-20260819-001,YES,IMPLEMENTATION_INPUT,NOT_ASSESSED_REVALIDATION_REQUIRED,NO,YES,LS-WS-0552,Existing behavior-bearing technical material must be revalidated stage-by-stage.
development/implementation/tests/WS_CONTRACT_TEST_CHECKLIST.md,IMPLEMENTATION_TEST,WS-REBASELINE-20260819-001,YES,IMPLEMENTATION_INPUT,NOT_ASSESSED_REVALIDATION_REQUIRED,NO,YES,LS-WS-0551,Existing behavior-bearing technical material must be revalidated stage-by-stage.
development/implementation/tests/WS_RECOMMENDATION_REASON_CODES_AND_TESTS.md,IMPLEMENTATION_TEST,WS-REBASELINE-20260819-001,YES,IMPLEMENTATION_INPUT,NOT_ASSESSED_REVALIDATION_REQUIRED,NO,YES,LS-WS-0563,Existing behavior-bearing technical material must be revalidated stage-by-stage.
development/implementation/tests/WS_UNIVERSE_EQUIVALENCE_CONTRACT_LOCKED.md,IMPLEMENTATION_TEST,WS-REBASELINE-20260819-001,YES,IMPLEMENTATION_INPUT,NOT_ASSESSED_REVALIDATION_REQUIRED,NO,YES,LS-WS-0553,Existing behavior-bearing technical material must be revalidated stage-by-stage.
development/implementation/tests/WatchlistDocumentationIntegrityGate.php,IMPLEMENTATION_TOOL,WS-REBASELINE-20260819-001,NO,PROCESS_SUPPORT,CURRENT_PROCESS_SUPPORT,NO,NO,,Supports current verification process; not behavior proof.
development/implementation/tests/WatchlistRelationshipIntegrityGate.php,IMPLEMENTATION_TOOL,WS-REBASELINE-20260819-001,NO,PROCESS_SUPPORT,CURRENT_PROCESS_SUPPORT,NO,NO,,Supports current verification process; not behavior proof.
development/implementation/tests/WatchlistRelationshipIntegrityGateSelfTest.php,IMPLEMENTATION_TOOL,WS-REBASELINE-20260819-001,NO,PROCESS_SUPPORT,CURRENT_PROCESS_SUPPORT,NO,NO,,Supports current verification process; not behavior proof.
development/implementation/tests/artifact_reference_guard_minimal.json,IMPLEMENTATION_TEST,WS-REBASELINE-20260819-001,YES,IMPLEMENTATION_INPUT,NOT_ASSESSED_REVALIDATION_REQUIRED,NO,YES,LS-WS-0634,Existing behavior-bearing technical material must be revalidated stage-by-stage.
development/implementation/tests/bt_coverage_guard_minimal.json,IMPLEMENTATION_TEST,WS-REBASELINE-20260819-001,YES,IMPLEMENTATION_INPUT,NOT_ASSESSED_REVALIDATION_REQUIRED,NO,YES,LS-WS-0635,Existing behavior-bearing technical material must be revalidated stage-by-stage.
development/implementation/tests/bt_eval_metrics_minimal.json,IMPLEMENTATION_TEST,WS-REBASELINE-20260819-001,YES,IMPLEMENTATION_INPUT,NOT_ASSESSED_REVALIDATION_REQUIRED,NO,YES,LS-WS-0636,Existing behavior-bearing technical material must be revalidated stage-by-stage.
development/implementation/tests/bt_oos_proof_minimal.json,IMPLEMENTATION_TEST,WS-REBASELINE-20260819-001,YES,IMPLEMENTATION_INPUT,NOT_ASSESSED_REVALIDATION_REQUIRED,NO,YES,LS-WS-0637,Existing behavior-bearing technical material must be revalidated stage-by-stage.
development/implementation/tests/confirm_immutability_pair.json,IMPLEMENTATION_TEST,WS-REBASELINE-20260819-001,YES,IMPLEMENTATION_INPUT,NOT_ASSESSED_REVALIDATION_REQUIRED,NO,YES,LS-WS-0639,Existing behavior-bearing technical material must be revalidated stage-by-stage.
development/implementation/tests/confirm_payload_with_orderbook_fields.json,IMPLEMENTATION_TEST,WS-REBASELINE-20260819-001,YES,IMPLEMENTATION_INPUT,NOT_ASSESSED_REVALIDATION_REQUIRED,NO,YES,LS-WS-0640,Existing behavior-bearing technical material must be revalidated stage-by-stage.
development/implementation/tests/confirm_payload_with_unknown_top_level_field.json,IMPLEMENTATION_TEST,WS-REBASELINE-20260819-001,YES,IMPLEMENTATION_INPUT,NOT_ASSESSED_REVALIDATION_REQUIRED,NO,YES,LS-WS-0641,Existing behavior-bearing technical material must be revalidated stage-by-stage.
development/implementation/tests/confirm_snapshots_two.json,IMPLEMENTATION_TEST,WS-REBASELINE-20260819-001,YES,IMPLEMENTATION_INPUT,NOT_ASSESSED_REVALIDATION_REQUIRED,NO,YES,LS-WS-0642,Existing behavior-bearing technical material must be revalidated stage-by-stage.
development/implementation/tests/confirm_unavailable_retryable.json,IMPLEMENTATION_TEST,WS-REBASELINE-20260819-001,NO,IMPLEMENTATION_INPUT,NOT_ASSESSED_REVALIDATION_REQUIRED,NO,YES,,Existing behavior-bearing technical material must be revalidated stage-by-stage.
development/implementation/tests/hash_contract_vectors.json,IMPLEMENTATION_TEST,WS-REBASELINE-20260819-001,YES,IMPLEMENTATION_INPUT,NOT_ASSESSED_REVALIDATION_REQUIRED,NO,YES,LS-WS-0643,Existing behavior-bearing technical material must be revalidated stage-by-stage.
development/implementation/tests/paramset_bad_enum.json,IMPLEMENTATION_TEST,WS-REBASELINE-20260819-001,YES,IMPLEMENTATION_INPUT,NOT_ASSESSED_REVALIDATION_REQUIRED,NO,YES,LS-WS-0644,Existing behavior-bearing technical material must be revalidated stage-by-stage.
development/implementation/tests/paramset_bad_eval.json,IMPLEMENTATION_TEST,WS-REBASELINE-20260819-001,YES,IMPLEMENTATION_INPUT,NOT_ASSESSED_REVALIDATION_REQUIRED,NO,YES,LS-WS-0645,Existing behavior-bearing technical material must be revalidated stage-by-stage.
development/implementation/tests/paramset_bad_hash_contract.json,IMPLEMENTATION_TEST,WS-REBASELINE-20260819-001,YES,IMPLEMENTATION_INPUT,NOT_ASSESSED_REVALIDATION_REQUIRED,NO,YES,LS-WS-0646,Existing behavior-bearing technical material must be revalidated stage-by-stage.
development/implementation/tests/paramset_missing_audit_field.json,IMPLEMENTATION_TEST,WS-REBASELINE-20260819-001,YES,IMPLEMENTATION_INPUT,NOT_ASSESSED_REVALIDATION_REQUIRED,NO,YES,LS-WS-0647,Existing behavior-bearing technical material must be revalidated stage-by-stage.
development/implementation/tests/paramset_missing_required_key.json,IMPLEMENTATION_TEST,WS-REBASELINE-20260819-001,YES,IMPLEMENTATION_INPUT,NOT_ASSESSED_REVALIDATION_REQUIRED,NO,YES,LS-WS-0648,Existing behavior-bearing technical material must be revalidated stage-by-stage.
development/implementation/tests/paramset_type_drift.json,IMPLEMENTATION_TEST,WS-REBASELINE-20260819-001,YES,IMPLEMENTATION_INPUT,NOT_ASSESSED_REVALIDATION_REQUIRED,NO,YES,LS-WS-0649,Existing behavior-bearing technical material must be revalidated stage-by-stage.
development/implementation/tests/paramset_unknown_key.json,IMPLEMENTATION_TEST,WS-REBASELINE-20260819-001,YES,IMPLEMENTATION_INPUT,NOT_ASSESSED_REVALIDATION_REQUIRED,NO,YES,LS-WS-0650,Existing behavior-bearing technical material must be revalidated stage-by-stage.
development/implementation/tests/paramset_valid.json,IMPLEMENTATION_TEST,WS-REBASELINE-20260819-001,YES,IMPLEMENTATION_INPUT,NOT_ASSESSED_REVALIDATION_REQUIRED,NO,YES,LS-WS-0651,Existing behavior-bearing technical material must be revalidated stage-by-stage.
development/implementation/tests/plan_items_artificial_ties.json,IMPLEMENTATION_TEST,WS-REBASELINE-20260819-001,YES,IMPLEMENTATION_INPUT,NOT_ASSESSED_REVALIDATION_REQUIRED,NO,YES,LS-WS-0653,Existing behavior-bearing technical material must be revalidated stage-by-stage.
development/implementation/tests/plan_items_forced_watch_only.json,IMPLEMENTATION_TEST,WS-REBASELINE-20260819-001,YES,IMPLEMENTATION_INPUT,NOT_ASSESSED_REVALIDATION_REQUIRED,NO,YES,LS-WS-0654,Existing behavior-bearing technical material must be revalidated stage-by-stage.
development/implementation/tests/plan_items_guard_fail.json,IMPLEMENTATION_TEST,WS-REBASELINE-20260819-001,YES,IMPLEMENTATION_INPUT,NOT_ASSESSED_REVALIDATION_REQUIRED,NO,YES,LS-WS-0655,Existing behavior-bearing technical material must be revalidated stage-by-stage.
development/implementation/tests/plan_items_no_trade_hide_all.json,IMPLEMENTATION_TEST,WS-REBASELINE-20260819-001,YES,IMPLEMENTATION_INPUT,NOT_ASSESSED_REVALIDATION_REQUIRED,NO,YES,LS-WS-0656,Existing behavior-bearing technical material must be revalidated stage-by-stage.
development/implementation/tests/plan_items_no_trade_min_eligible.json,IMPLEMENTATION_TEST,WS-REBASELINE-20260819-001,YES,IMPLEMENTATION_INPUT,NOT_ASSESSED_REVALIDATION_REQUIRED,NO,YES,LS-WS-0657,Existing behavior-bearing technical material must be revalidated stage-by-stage.
development/implementation/tests/plan_universe_snapshot_sample.json,IMPLEMENTATION_TEST,WS-REBASELINE-20260819-001,YES,IMPLEMENTATION_INPUT,NOT_ASSESSED_REVALIDATION_REQUIRED,NO,YES,LS-WS-0658,Existing behavior-bearing technical material must be revalidated stage-by-stage.
development/implementation/tests/recommendation_capital_aware.json,IMPLEMENTATION_TEST,WS-REBASELINE-20260819-001,YES,IMPLEMENTATION_INPUT,NOT_ASSESSED_REVALIDATION_REQUIRED,NO,YES,LS-WS-0660,Existing behavior-bearing technical material must be revalidated stage-by-stage.
development/implementation/tests/recommendation_capital_free.json,IMPLEMENTATION_TEST,WS-REBASELINE-20260819-001,YES,IMPLEMENTATION_INPUT,NOT_ASSESSED_REVALIDATION_REQUIRED,NO,YES,LS-WS-0661,Existing behavior-bearing technical material must be revalidated stage-by-stage.
development/implementation/tests/recommendation_capital_free_vs_capital_aware_pair.json,IMPLEMENTATION_TEST,WS-REBASELINE-20260819-001,YES,IMPLEMENTATION_INPUT,NOT_ASSESSED_REVALIDATION_REQUIRED,NO,YES,LS-WS-0662,Existing behavior-bearing technical material must be revalidated stage-by-stage.
development/implementation/tests/recommendation_deterministic_ties.json,IMPLEMENTATION_TEST,WS-REBASELINE-20260819-001,YES,IMPLEMENTATION_INPUT,NOT_ASSESSED_REVALIDATION_REQUIRED,NO,YES,LS-WS-0663,Existing behavior-bearing technical material must be revalidated stage-by-stage.
development/implementation/tests/recommendation_empty_but_prioritized_groups_nonempty.json,IMPLEMENTATION_TEST,WS-REBASELINE-20260819-001,YES,IMPLEMENTATION_INPUT,NOT_ASSESSED_REVALIDATION_REQUIRED,NO,YES,LS-WS-0664,Existing behavior-bearing technical material must be revalidated stage-by-stage.
development/implementation/tests/recommended_and_confirmed_pair.json,IMPLEMENTATION_TEST,WS-REBASELINE-20260819-001,YES,IMPLEMENTATION_INPUT,NOT_ASSESSED_REVALIDATION_REQUIRED,NO,YES,LS-WS-0665,Existing behavior-bearing technical material must be revalidated stage-by-stage.
development/implementation/tests/recommended_and_confirmed_pair_detailed.json,IMPLEMENTATION_TEST,WS-REBASELINE-20260819-001,YES,IMPLEMENTATION_INPUT,NOT_ASSESSED_REVALIDATION_REQUIRED,NO,YES,LS-WS-0666,Existing behavior-bearing technical material must be revalidated stage-by-stage.
development/implementation/tests/scored_items_quantile_cutoff.json,IMPLEMENTATION_TEST,WS-REBASELINE-20260819-001,YES,IMPLEMENTATION_INPUT,NOT_ASSESSED_REVALIDATION_REQUIRED,NO,YES,LS-WS-0667,Existing behavior-bearing technical material must be revalidated stage-by-stage.
development/implementation/tests/universe_equivalence_sample.json,IMPLEMENTATION_TEST,WS-REBASELINE-20260819-001,YES,IMPLEMENTATION_INPUT,NOT_ASSESSED_REVALIDATION_REQUIRED,NO,YES,LS-WS-0668,Existing behavior-bearing technical material must be revalidated stage-by-stage.
development/research/README.md,NAVIGATION,WS-REBASELINE-20260819-001,NO,NAVIGATION,CURRENT_NAVIGATION,NO,NO,,Navigation only; no proof effect.
records/README.md,NAVIGATION,WS-REBASELINE-20260819-001,NO,NAVIGATION,CURRENT_NAVIGATION,NO,NO,,Navigation only; no proof effect.
records/WORK_RECORD_REGISTRY.csv,REGISTRY,WS-REBASELINE-20260819-001,NO,REGISTRY,CURRENT_REGISTRY,NO,NO,,Current registry/index; not implementation proof.
records/WORK_RELATIONSHIP_REGISTRY.csv,REGISTRY,WS-REBASELINE-20260819-001,NO,REGISTRY,CURRENT_REGISTRY,NO,NO,,Current registry/index; not implementation proof.
records/decisions/C104_REH_HANDOFF_READY.md,DECISION,WS-REBASELINE-20260819-001,YES,HISTORICAL_RECORD,HISTORICAL_ONLY,NO,NO,LS-WS-0101,Pre-epoch decision retained as historical record only.
records/decisions/C105_REH_HANDOFF_FINAL_REVIEW.md,DECISION,WS-REBASELINE-20260819-001,YES,HISTORICAL_RECORD,HISTORICAL_ONLY,NO,NO,LS-WS-0103,Pre-epoch decision retained as historical record only.
records/decisions/C163_LIVE_PC_DONE_POST_HANDOFF_BOUNDARY.md,DECISION,WS-REBASELINE-20260819-001,YES,HISTORICAL_RECORD,HISTORICAL_ONLY,NO,NO,LS-WS-0274,Pre-epoch decision retained as historical record only.
records/decisions/C163_LIVE_PC_POST_HANDOFF_APPROVAL.md,DECISION,WS-REBASELINE-20260819-001,YES,HISTORICAL_RECORD,HISTORICAL_ONLY,NO,NO,LS-WS-0267,Pre-epoch decision retained as historical record only.
records/decisions/C163_LIVE_PC_POST_HANDOFF_GO_FINAL.md,DECISION,WS-REBASELINE-20260819-001,YES,HISTORICAL_RECORD,HISTORICAL_ONLY,NO,NO,LS-WS-0269,Pre-epoch decision retained as historical record only.
records/decisions/C163_LIVE_PC_POST_HANDOFF_OP_GO_NO_GO.md,DECISION,WS-REBASELINE-20260819-001,YES,HISTORICAL_RECORD,HISTORICAL_ONLY,NO,NO,LS-WS-0272,Pre-epoch decision retained as historical record only.
records/decisions/C163_LIVE_PC_POST_HANDOFF_READY.md,DECISION,WS-REBASELINE-20260819-001,YES,HISTORICAL_RECORD,HISTORICAL_ONLY,NO,NO,LS-WS-0273,Pre-epoch decision retained as historical record only.
records/decisions/C164_LIVE_PC_POST_HANDOFF_DONE_BOUNDARY.md,DECISION,WS-REBASELINE-20260819-001,YES,HISTORICAL_RECORD,HISTORICAL_ONLY,NO,NO,LS-WS-0280,Pre-epoch decision retained as historical record only.
records/decisions/C165_LIVE_PC_CTRL_ROLLOUT_GO_FINAL.md,DECISION,WS-REBASELINE-20260819-001,YES,HISTORICAL_RECORD,HISTORICAL_ONLY,NO,NO,LS-WS-0292,Pre-epoch decision retained as historical record only.
records/decisions/C165_LIVE_PC_CTRL_ROLLOUT_OP_GO_NO_GO.md,DECISION,WS-REBASELINE-20260819-001,YES,HISTORICAL_RECORD,HISTORICAL_ONLY,NO,NO,LS-WS-0293,Pre-epoch decision retained as historical record only.
records/decisions/C166_LIVE_PC_ROLLOUT_OBS_GO_FINAL.md,DECISION,WS-REBASELINE-20260819-001,YES,HISTORICAL_RECORD,HISTORICAL_ONLY,NO,NO,LS-WS-0299,Pre-epoch decision retained as historical record only.
records/decisions/C166_LIVE_PC_ROLLOUT_OBS_OP_GO_NO_GO.md,DECISION,WS-REBASELINE-20260819-001,YES,HISTORICAL_RECORD,HISTORICAL_ONLY,NO,NO,LS-WS-0300,Pre-epoch decision retained as historical record only.
records/decisions/C167_LIVE_PC_CTRL_ROLLOUT_DONE_BOUNDARY.md,DECISION,WS-REBASELINE-20260819-001,YES,HISTORICAL_RECORD,HISTORICAL_ONLY,NO,NO,LS-WS-0304,Pre-epoch decision retained as historical record only.
records/decisions/D-WS-20260819-02_ONE_DOCUMENT_ONE_ROLE_ADOPTION.md,DECISION,WS-REBASELINE-20260819-001,NO,HISTORICAL_RECORD,HISTORICAL_ONLY,NO,NO,,Pre-epoch decision retained as historical record only.
records/decisions/D-WS-20260819-03_CURRENT_VERIFICATION_REBASELINE.md,DECISION,WS-REBASELINE-20260819-001,NO,GOVERNANCE_RECORD,CURRENT_GOVERNANCE_RECORD,NO,NO,,Issued during current rebaseline; not implementation proof.
records/decisions/LX-WS-0064-DEC-01_LEGACY.md,DECISION,WS-REBASELINE-20260819-001,YES,HISTORICAL_RECORD,HISTORICAL_ONLY,NO,NO,LS-WS-0064,Pre-epoch decision retained as historical record only.
records/decisions/LX-WS-0065-DEC-01_LEGACY.md,DECISION,WS-REBASELINE-20260819-001,YES,HISTORICAL_RECORD,HISTORICAL_ONLY,NO,NO,LS-WS-0065,Pre-epoch decision retained as historical record only.
records/decisions/LX-WS-0075-DEC-01_C02.md,DECISION,WS-REBASELINE-20260819-001,YES,HISTORICAL_RECORD,HISTORICAL_ONLY,NO,NO,LS-WS-0075,Pre-epoch decision retained as historical record only.
records/decisions/LX-WS-0077-DEC-01_C03.md,DECISION,WS-REBASELINE-20260819-001,YES,HISTORICAL_RECORD,HISTORICAL_ONLY,NO,NO,LS-WS-0077,Pre-epoch decision retained as historical record only.
records/decisions/LX-WS-0079-DEC-01_C04.md,DECISION,WS-REBASELINE-20260819-001,YES,HISTORICAL_RECORD,HISTORICAL_ONLY,NO,NO,LS-WS-0079,Pre-epoch decision retained as historical record only.
records/decisions/LX-WS-0081-DEC-01_C05.md,DECISION,WS-REBASELINE-20260819-001,YES,HISTORICAL_RECORD,HISTORICAL_ONLY,NO,NO,LS-WS-0081,Pre-epoch decision retained as historical record only.
records/decisions/LX-WS-0083-DEC-01_C06.md,DECISION,WS-REBASELINE-20260819-001,YES,HISTORICAL_RECORD,HISTORICAL_ONLY,NO,NO,LS-WS-0083,Pre-epoch decision retained as historical record only.
records/decisions/LX-WS-0085-DEC-01_C07.md,DECISION,WS-REBASELINE-20260819-001,YES,HISTORICAL_RECORD,HISTORICAL_ONLY,NO,NO,LS-WS-0085,Pre-epoch decision retained as historical record only.
records/decisions/LX-WS-0087-DEC-01_C07.md,DECISION,WS-REBASELINE-20260819-001,YES,HISTORICAL_RECORD,HISTORICAL_ONLY,NO,NO,LS-WS-0087,Pre-epoch decision retained as historical record only.
records/decisions/LX-WS-0095-DEC-01_C101.md,DECISION,WS-REBASELINE-20260819-001,YES,HISTORICAL_RECORD,HISTORICAL_ONLY,NO,NO,LS-WS-0095,Pre-epoch decision retained as historical record only.
records/decisions/LX-WS-0097-DEC-01_C102.md,DECISION,WS-REBASELINE-20260819-001,YES,HISTORICAL_RECORD,HISTORICAL_ONLY,NO,NO,LS-WS-0097,Pre-epoch decision retained as historical record only.
records/decisions/LX-WS-0099-DEC-01_C103.md,DECISION,WS-REBASELINE-20260819-001,YES,HISTORICAL_RECORD,HISTORICAL_ONLY,NO,NO,LS-WS-0099,Pre-epoch decision retained as historical record only.
records/decisions/LX-WS-0105-DEC-01_C106.md,DECISION,WS-REBASELINE-20260819-001,YES,HISTORICAL_RECORD,HISTORICAL_ONLY,NO,NO,LS-WS-0105,Pre-epoch decision retained as historical record only.
records/decisions/LX-WS-0106-DEC-01_C107.md,DECISION,WS-REBASELINE-20260819-001,YES,HISTORICAL_RECORD,HISTORICAL_ONLY,NO,NO,LS-WS-0106,Pre-epoch decision retained as historical record only.
records/decisions/LX-WS-0107-DEC-01_C107.md,DECISION,WS-REBASELINE-20260819-001,YES,HISTORICAL_RECORD,HISTORICAL_ONLY,NO,NO,LS-WS-0107,Pre-epoch decision retained as historical record only.
records/decisions/LX-WS-0108-DEC-01_C108.md,DECISION,WS-REBASELINE-20260819-001,YES,HISTORICAL_RECORD,HISTORICAL_ONLY,NO,NO,LS-WS-0108,Pre-epoch decision retained as historical record only.
records/decisions/LX-WS-0114-DEC-01_C110.md,DECISION,WS-REBASELINE-20260819-001,YES,HISTORICAL_RECORD,HISTORICAL_ONLY,NO,NO,LS-WS-0114,Pre-epoch decision retained as historical record only.
records/decisions/LX-WS-0116-DEC-01_C111.md,DECISION,WS-REBASELINE-20260819-001,YES,HISTORICAL_RECORD,HISTORICAL_ONLY,NO,NO,LS-WS-0116,Pre-epoch decision retained as historical record only.
records/decisions/LX-WS-0117-DEC-01_C111.md,DECISION,WS-REBASELINE-20260819-001,YES,HISTORICAL_RECORD,HISTORICAL_ONLY,NO,NO,LS-WS-0117,Pre-epoch decision retained as historical record only.
records/decisions/LX-WS-0118-DEC-01_C112.md,DECISION,WS-REBASELINE-20260819-001,YES,HISTORICAL_RECORD,HISTORICAL_ONLY,NO,NO,LS-WS-0118,Pre-epoch decision retained as historical record only.
records/decisions/LX-WS-0119-DEC-01_C112.md,DECISION,WS-REBASELINE-20260819-001,YES,HISTORICAL_RECORD,HISTORICAL_ONLY,NO,NO,LS-WS-0119,Pre-epoch decision retained as historical record only.
records/decisions/LX-WS-0121-DEC-01_C113.md,DECISION,WS-REBASELINE-20260819-001,YES,HISTORICAL_RECORD,HISTORICAL_ONLY,NO,NO,LS-WS-0121,Pre-epoch decision retained as historical record only.
records/decisions/LX-WS-0122-DEC-01_C114.md,DECISION,WS-REBASELINE-20260819-001,YES,HISTORICAL_RECORD,HISTORICAL_ONLY,NO,NO,LS-WS-0122,Pre-epoch decision retained as historical record only.
records/decisions/LX-WS-0123-DEC-01_C114.md,DECISION,WS-REBASELINE-20260819-001,YES,HISTORICAL_RECORD,HISTORICAL_ONLY,NO,NO,LS-WS-0123,Pre-epoch decision retained as historical record only.
records/decisions/LX-WS-0125-DEC-01_C115.md,DECISION,WS-REBASELINE-20260819-001,YES,HISTORICAL_RECORD,HISTORICAL_ONLY,NO,NO,LS-WS-0125,Pre-epoch decision retained as historical record only.
records/decisions/LX-WS-0133-DEC-01_C119.md,DECISION,WS-REBASELINE-20260819-001,YES,HISTORICAL_RECORD,HISTORICAL_ONLY,NO,NO,LS-WS-0133,Pre-epoch decision retained as historical record only.
records/decisions/LX-WS-0137-DEC-01_C120.md,DECISION,WS-REBASELINE-20260819-001,YES,HISTORICAL_RECORD,HISTORICAL_ONLY,NO,NO,LS-WS-0137,Pre-epoch decision retained as historical record only.
records/decisions/LX-WS-0139-DEC-01_C121.md,DECISION,WS-REBASELINE-20260819-001,YES,HISTORICAL_RECORD,HISTORICAL_ONLY,NO,NO,LS-WS-0139,Pre-epoch decision retained as historical record only.
records/decisions/LX-WS-0140-DEC-01_C122.md,DECISION,WS-REBASELINE-20260819-001,YES,HISTORICAL_RECORD,HISTORICAL_ONLY,NO,NO,LS-WS-0140,Pre-epoch decision retained as historical record only.
records/decisions/LX-WS-0141-DEC-01_C122.md,DECISION,WS-REBASELINE-20260819-001,YES,HISTORICAL_RECORD,HISTORICAL_ONLY,NO,NO,LS-WS-0141,Pre-epoch decision retained as historical record only.
records/decisions/LX-WS-0143-DEC-01_C123.md,DECISION,WS-REBASELINE-20260819-001,YES,HISTORICAL_RECORD,HISTORICAL_ONLY,NO,NO,LS-WS-0143,Pre-epoch decision retained as historical record only.
records/decisions/LX-WS-0145-DEC-01_C124.md,DECISION,WS-REBASELINE-20260819-001,YES,HISTORICAL_RECORD,HISTORICAL_ONLY,NO,NO,LS-WS-0145,Pre-epoch decision retained as historical record only.
records/decisions/LX-WS-0146-DEC-01_C125.md,DECISION,WS-REBASELINE-20260819-001,YES,HISTORICAL_RECORD,HISTORICAL_ONLY,NO,NO,LS-WS-0146,Pre-epoch decision retained as historical record only.
records/decisions/LX-WS-0147-DEC-01_C125.md,DECISION,WS-REBASELINE-20260819-001,YES,HISTORICAL_RECORD,HISTORICAL_ONLY,NO,NO,LS-WS-0147,Pre-epoch decision retained as historical record only.
records/decisions/LX-WS-0148-DEC-01_C126.md,DECISION,WS-REBASELINE-20260819-001,YES,HISTORICAL_RECORD,HISTORICAL_ONLY,NO,NO,LS-WS-0148,Pre-epoch decision retained as historical record only.
records/decisions/LX-WS-0155-DEC-01_C129.md,DECISION,WS-REBASELINE-20260819-001,YES,HISTORICAL_RECORD,HISTORICAL_ONLY,NO,NO,LS-WS-0155,Pre-epoch decision retained as historical record only.
records/decisions/LX-WS-0159-DEC-01_C130.md,DECISION,WS-REBASELINE-20260819-001,YES,HISTORICAL_RECORD,HISTORICAL_ONLY,NO,NO,LS-WS-0159,Pre-epoch decision retained as historical record only.
records/decisions/LX-WS-0161-DEC-01_C131.md,DECISION,WS-REBASELINE-20260819-001,YES,HISTORICAL_RECORD,HISTORICAL_ONLY,NO,NO,LS-WS-0161,Pre-epoch decision retained as historical record only.
records/decisions/LX-WS-0169-DEC-01_C135.md,DECISION,WS-REBASELINE-20260819-001,YES,HISTORICAL_RECORD,HISTORICAL_ONLY,NO,NO,LS-WS-0169,Pre-epoch decision retained as historical record only.
records/decisions/LX-WS-0171-DEC-01_C136.md,DECISION,WS-REBASELINE-20260819-001,YES,HISTORICAL_RECORD,HISTORICAL_ONLY,NO,NO,LS-WS-0171,Pre-epoch decision retained as historical record only.
records/decisions/LX-WS-0173-DEC-01_C137.md,DECISION,WS-REBASELINE-20260819-001,YES,HISTORICAL_RECORD,HISTORICAL_ONLY,NO,NO,LS-WS-0173,Pre-epoch decision retained as historical record only.
records/decisions/LX-WS-0175-DEC-01_C138.md,DECISION,WS-REBASELINE-20260819-001,YES,HISTORICAL_RECORD,HISTORICAL_ONLY,NO,NO,LS-WS-0175,Pre-epoch decision retained as historical record only.
records/decisions/LX-WS-0185-DEC-01_C142.md,DECISION,WS-REBASELINE-20260819-001,YES,HISTORICAL_RECORD,HISTORICAL_ONLY,NO,NO,LS-WS-0185,Pre-epoch decision retained as historical record only.
records/decisions/LX-WS-0187-DEC-01_C143.md,DECISION,WS-REBASELINE-20260819-001,YES,HISTORICAL_RECORD,HISTORICAL_ONLY,NO,NO,LS-WS-0187,Pre-epoch decision retained as historical record only.
records/decisions/LX-WS-0189-DEC-01_C144.md,DECISION,WS-REBASELINE-20260819-001,YES,HISTORICAL_RECORD,HISTORICAL_ONLY,NO,NO,LS-WS-0189,Pre-epoch decision retained as historical record only.
records/decisions/LX-WS-0191-DEC-01_C145.md,DECISION,WS-REBASELINE-20260819-001,YES,HISTORICAL_RECORD,HISTORICAL_ONLY,NO,NO,LS-WS-0191,Pre-epoch decision retained as historical record only.
records/decisions/LX-WS-0199-DEC-01_C149.md,DECISION,WS-REBASELINE-20260819-001,YES,HISTORICAL_RECORD,HISTORICAL_ONLY,NO,NO,LS-WS-0199,Pre-epoch decision retained as historical record only.
records/decisions/LX-WS-0209-DEC-01_C153.md,DECISION,WS-REBASELINE-20260819-001,YES,HISTORICAL_RECORD,HISTORICAL_ONLY,NO,NO,LS-WS-0209,Pre-epoch decision retained as historical record only.
records/decisions/LX-WS-0215-DEC-01_C156.md,DECISION,WS-REBASELINE-20260819-001,YES,HISTORICAL_RECORD,HISTORICAL_ONLY,NO,NO,LS-WS-0215,Pre-epoch decision retained as historical record only.
records/decisions/LX-WS-0217-DEC-01_C157.md,DECISION,WS-REBASELINE-20260819-001,YES,HISTORICAL_RECORD,HISTORICAL_ONLY,NO,NO,LS-WS-0217,Pre-epoch decision retained as historical record only.
records/decisions/LX-WS-0218-DEC-01_C158.md,DECISION,WS-REBASELINE-20260819-001,YES,HISTORICAL_RECORD,HISTORICAL_ONLY,NO,NO,LS-WS-0218,Pre-epoch decision retained as historical record only.
records/decisions/LX-WS-0219-DEC-01_C158.md,DECISION,WS-REBASELINE-20260819-001,YES,HISTORICAL_RECORD,HISTORICAL_ONLY,NO,NO,LS-WS-0219,Pre-epoch decision retained as historical record only.
records/decisions/LX-WS-0221-DEC-01_C158.md,DECISION,WS-REBASELINE-20260819-001,YES,HISTORICAL_RECORD,HISTORICAL_ONLY,NO,NO,LS-WS-0221,Pre-epoch decision retained as historical record only.
records/decisions/LX-WS-0222-DEC-01_C158.md,DECISION,WS-REBASELINE-20260819-001,YES,HISTORICAL_RECORD,HISTORICAL_ONLY,NO,NO,LS-WS-0222,Pre-epoch decision retained as historical record only.
records/decisions/LX-WS-0224-DEC-01_C159.md,DECISION,WS-REBASELINE-20260819-001,YES,HISTORICAL_RECORD,HISTORICAL_ONLY,NO,NO,LS-WS-0224,Pre-epoch decision retained as historical record only.
records/decisions/LX-WS-0225-DEC-01_C159.md,DECISION,WS-REBASELINE-20260819-001,YES,HISTORICAL_RECORD,HISTORICAL_ONLY,NO,NO,LS-WS-0225,Pre-epoch decision retained as historical record only.
records/decisions/LX-WS-0226-DEC-01_C159.md,DECISION,WS-REBASELINE-20260819-001,YES,HISTORICAL_RECORD,HISTORICAL_ONLY,NO,NO,LS-WS-0226,Pre-epoch decision retained as historical record only.
records/decisions/LX-WS-0230-DEC-01_C15.md,DECISION,WS-REBASELINE-20260819-001,YES,HISTORICAL_RECORD,HISTORICAL_ONLY,NO,NO,LS-WS-0230,Pre-epoch decision retained as historical record only.
records/decisions/LX-WS-0231-DEC-01_C160.md,DECISION,WS-REBASELINE-20260819-001,YES,HISTORICAL_RECORD,HISTORICAL_ONLY,NO,NO,LS-WS-0231,Pre-epoch decision retained as historical record only.
records/decisions/LX-WS-0232-DEC-01_C160.md,DECISION,WS-REBASELINE-20260819-001,YES,HISTORICAL_RECORD,HISTORICAL_ONLY,NO,NO,LS-WS-0232,Pre-epoch decision retained as historical record only.
records/decisions/LX-WS-0234-DEC-01_C160.md,DECISION,WS-REBASELINE-20260819-001,YES,HISTORICAL_RECORD,HISTORICAL_ONLY,NO,NO,LS-WS-0234,Pre-epoch decision retained as historical record only.
records/decisions/LX-WS-0235-DEC-01_C160.md,DECISION,WS-REBASELINE-20260819-001,YES,HISTORICAL_RECORD,HISTORICAL_ONLY,NO,NO,LS-WS-0235,Pre-epoch decision retained as historical record only.
records/decisions/LX-WS-0237-DEC-01_C161.md,DECISION,WS-REBASELINE-20260819-001,YES,HISTORICAL_RECORD,HISTORICAL_ONLY,NO,NO,LS-WS-0237,Pre-epoch decision retained as historical record only.
records/decisions/LX-WS-0238-DEC-01_C161.md,DECISION,WS-REBASELINE-20260819-001,YES,HISTORICAL_RECORD,HISTORICAL_ONLY,NO,NO,LS-WS-0238,Pre-epoch decision retained as historical record only.
records/decisions/LX-WS-0240-DEC-01_C161.md,DECISION,WS-REBASELINE-20260819-001,YES,HISTORICAL_RECORD,HISTORICAL_ONLY,NO,NO,LS-WS-0240,Pre-epoch decision retained as historical record only.
records/decisions/LX-WS-0241-DEC-01_C161.md,DECISION,WS-REBASELINE-20260819-001,YES,HISTORICAL_RECORD,HISTORICAL_ONLY,NO,NO,LS-WS-0241,Pre-epoch decision retained as historical record only.
records/decisions/LX-WS-0244-DEC-01_C162.md,DECISION,WS-REBASELINE-20260819-001,YES,HISTORICAL_RECORD,HISTORICAL_ONLY,NO,NO,LS-WS-0244,Pre-epoch decision retained as historical record only.
records/decisions/LX-WS-0245-DEC-01_C162.md,DECISION,WS-REBASELINE-20260819-001,YES,HISTORICAL_RECORD,HISTORICAL_ONLY,NO,NO,LS-WS-0245,Pre-epoch decision retained as historical record only.
records/decisions/LX-WS-0247-DEC-01_C162.md,DECISION,WS-REBASELINE-20260819-001,YES,HISTORICAL_RECORD,HISTORICAL_ONLY,NO,NO,LS-WS-0247,Pre-epoch decision retained as historical record only.
records/decisions/LX-WS-0250-DEC-01_C162.md,DECISION,WS-REBASELINE-20260819-001,YES,HISTORICAL_RECORD,HISTORICAL_ONLY,NO,NO,LS-WS-0250,Pre-epoch decision retained as historical record only.
records/decisions/LX-WS-0253-DEC-01_C162.md,DECISION,WS-REBASELINE-20260819-001,YES,HISTORICAL_RECORD,HISTORICAL_ONLY,NO,NO,LS-WS-0253,Pre-epoch decision retained as historical record only.
records/decisions/LX-WS-0255-DEC-01_C162.md,DECISION,WS-REBASELINE-20260819-001,YES,HISTORICAL_RECORD,HISTORICAL_ONLY,NO,NO,LS-WS-0255,Pre-epoch decision retained as historical record only.
records/decisions/LX-WS-0256-DEC-01_C162.md,DECISION,WS-REBASELINE-20260819-001,YES,HISTORICAL_RECORD,HISTORICAL_ONLY,NO,NO,LS-WS-0256,Pre-epoch decision retained as historical record only.
records/decisions/LX-WS-0257-DEC-01_C162.md,DECISION,WS-REBASELINE-20260819-001,YES,HISTORICAL_RECORD,HISTORICAL_ONLY,NO,NO,LS-WS-0257,Pre-epoch decision retained as historical record only.
records/decisions/LX-WS-0258-DEC-01_C162.md,DECISION,WS-REBASELINE-20260819-001,YES,HISTORICAL_RECORD,HISTORICAL_ONLY,NO,NO,LS-WS-0258,Pre-epoch decision retained as historical record only.
records/decisions/LX-WS-0282-DEC-01_C164.md,DECISION,WS-REBASELINE-20260819-001,YES,HISTORICAL_RECORD,HISTORICAL_ONLY,NO,NO,LS-WS-0282,Pre-epoch decision retained as historical record only.
records/decisions/LX-WS-0283-DEC-01_C164.md,DECISION,WS-REBASELINE-20260819-001,YES,HISTORICAL_RECORD,HISTORICAL_ONLY,NO,NO,LS-WS-0283,Pre-epoch decision retained as historical record only.
records/decisions/LX-WS-0288-DEC-01_C165.md,DECISION,WS-REBASELINE-20260819-001,YES,HISTORICAL_RECORD,HISTORICAL_ONLY,NO,NO,LS-WS-0288,Pre-epoch decision retained as historical record only.
records/decisions/LX-WS-0290-DEC-01_C165.md,DECISION,WS-REBASELINE-20260819-001,YES,HISTORICAL_RECORD,HISTORICAL_ONLY,NO,NO,LS-WS-0290,Pre-epoch decision retained as historical record only.
records/decisions/LX-WS-0296-DEC-01_C166.md,DECISION,WS-REBASELINE-20260819-001,YES,HISTORICAL_RECORD,HISTORICAL_ONLY,NO,NO,LS-WS-0296,Pre-epoch decision retained as historical record only.
records/decisions/LX-WS-0310-DEC-01_C16.md,DECISION,WS-REBASELINE-20260819-001,YES,HISTORICAL_RECORD,HISTORICAL_ONLY,NO,NO,LS-WS-0310,Pre-epoch decision retained as historical record only.
records/decisions/LX-WS-0319-DEC-01_C171.md,DECISION,WS-REBASELINE-20260819-001,YES,HISTORICAL_RECORD,HISTORICAL_ONLY,NO,NO,LS-WS-0319,Pre-epoch decision retained as historical record only.
records/decisions/LX-WS-0335-DEC-01_C19.md,DECISION,WS-REBASELINE-20260819-001,YES,HISTORICAL_RECORD,HISTORICAL_ONLY,NO,NO,LS-WS-0335,Pre-epoch decision retained as historical record only.
records/decisions/LX-WS-0341-DEC-01_C20.md,DECISION,WS-REBASELINE-20260819-001,YES,HISTORICAL_RECORD,HISTORICAL_ONLY,NO,NO,LS-WS-0341,Pre-epoch decision retained as historical record only.
records/decisions/LX-WS-0342-DEC-01_C21.md,DECISION,WS-REBASELINE-20260819-001,YES,HISTORICAL_RECORD,HISTORICAL_ONLY,NO,NO,LS-WS-0342,Pre-epoch decision retained as historical record only.
records/decisions/LX-WS-0344-DEC-01_C22.md,DECISION,WS-REBASELINE-20260819-001,YES,HISTORICAL_RECORD,HISTORICAL_ONLY,NO,NO,LS-WS-0344,Pre-epoch decision retained as historical record only.
records/decisions/LX-WS-0352-DEC-01_C26.md,DECISION,WS-REBASELINE-20260819-001,YES,HISTORICAL_RECORD,HISTORICAL_ONLY,NO,NO,LS-WS-0352,Pre-epoch decision retained as historical record only.
records/decisions/LX-WS-0354-DEC-01_C27.md,DECISION,WS-REBASELINE-20260819-001,YES,HISTORICAL_RECORD,HISTORICAL_ONLY,NO,NO,LS-WS-0354,Pre-epoch decision retained as historical record only.
records/decisions/LX-WS-0357-DEC-01_C28.md,DECISION,WS-REBASELINE-20260819-001,YES,HISTORICAL_RECORD,HISTORICAL_ONLY,NO,NO,LS-WS-0357,Pre-epoch decision retained as historical record only.
records/decisions/LX-WS-0388-DEC-01_C44.md,DECISION,WS-REBASELINE-20260819-001,YES,HISTORICAL_RECORD,HISTORICAL_ONLY,NO,NO,LS-WS-0388,Pre-epoch decision retained as historical record only.
records/decisions/LX-WS-0390-DEC-01_C45_C44.md,DECISION,WS-REBASELINE-20260819-001,YES,HISTORICAL_RECORD,HISTORICAL_ONLY,NO,NO,LS-WS-0390,Pre-epoch decision retained as historical record only.
records/decisions/LX-WS-0392-DEC-01_C46.md,DECISION,WS-REBASELINE-20260819-001,YES,HISTORICAL_RECORD,HISTORICAL_ONLY,NO,NO,LS-WS-0392,Pre-epoch decision retained as historical record only.
records/decisions/LX-WS-0394-DEC-01_C47_C44.md,DECISION,WS-REBASELINE-20260819-001,YES,HISTORICAL_RECORD,HISTORICAL_ONLY,NO,NO,LS-WS-0394,Pre-epoch decision retained as historical record only.
records/decisions/LX-WS-0400-DEC-01_C50.md,DECISION,WS-REBASELINE-20260819-001,YES,HISTORICAL_RECORD,HISTORICAL_ONLY,NO,NO,LS-WS-0400,Pre-epoch decision retained as historical record only.
records/decisions/LX-WS-0425-DEC-01_C62_C61.md,DECISION,WS-REBASELINE-20260819-001,YES,HISTORICAL_RECORD,HISTORICAL_ONLY,NO,NO,LS-WS-0425,Pre-epoch decision retained as historical record only.
records/decisions/LX-WS-0431-DEC-01_C65.md,DECISION,WS-REBASELINE-20260819-001,YES,HISTORICAL_RECORD,HISTORICAL_ONLY,NO,NO,LS-WS-0431,Pre-epoch decision retained as historical record only.
records/decisions/LX-WS-0433-DEC-01_C66.md,DECISION,WS-REBASELINE-20260819-001,YES,HISTORICAL_RECORD,HISTORICAL_ONLY,NO,NO,LS-WS-0433,Pre-epoch decision retained as historical record only.
records/decisions/LX-WS-0448-DEC-01_C74.md,DECISION,WS-REBASELINE-20260819-001,YES,HISTORICAL_RECORD,HISTORICAL_ONLY,NO,NO,LS-WS-0448,Pre-epoch decision retained as historical record only.
records/decisions/LX-WS-0450-DEC-01_C75.md,DECISION,WS-REBASELINE-20260819-001,YES,HISTORICAL_RECORD,HISTORICAL_ONLY,NO,NO,LS-WS-0450,Pre-epoch decision retained as historical record only.
records/decisions/LX-WS-0452-DEC-01_C76.md,DECISION,WS-REBASELINE-20260819-001,YES,HISTORICAL_RECORD,HISTORICAL_ONLY,NO,NO,LS-WS-0452,Pre-epoch decision retained as historical record only.
records/decisions/LX-WS-0460-DEC-01_C80.md,DECISION,WS-REBASELINE-20260819-001,YES,HISTORICAL_RECORD,HISTORICAL_ONLY,NO,NO,LS-WS-0460,Pre-epoch decision retained as historical record only.
records/decisions/LX-WS-0462-DEC-01_C81.md,DECISION,WS-REBASELINE-20260819-001,YES,HISTORICAL_RECORD,HISTORICAL_ONLY,NO,NO,LS-WS-0462,Pre-epoch decision retained as historical record only.
records/decisions/LX-WS-0464-DEC-01_C82.md,DECISION,WS-REBASELINE-20260819-001,YES,HISTORICAL_RECORD,HISTORICAL_ONLY,NO,NO,LS-WS-0464,Pre-epoch decision retained as historical record only.
records/decisions/LX-WS-0466-DEC-01_C83.md,DECISION,WS-REBASELINE-20260819-001,YES,HISTORICAL_RECORD,HISTORICAL_ONLY,NO,NO,LS-WS-0466,Pre-epoch decision retained as historical record only.
records/decisions/LX-WS-0474-DEC-01_C87.md,DECISION,WS-REBASELINE-20260819-001,YES,HISTORICAL_RECORD,HISTORICAL_ONLY,NO,NO,LS-WS-0474,Pre-epoch decision retained as historical record only.
records/decisions/LX-WS-0476-DEC-01_C88.md,DECISION,WS-REBASELINE-20260819-001,YES,HISTORICAL_RECORD,HISTORICAL_ONLY,NO,NO,LS-WS-0476,Pre-epoch decision retained as historical record only.
records/decisions/LX-WS-0478-DEC-01_C89.md,DECISION,WS-REBASELINE-20260819-001,YES,HISTORICAL_RECORD,HISTORICAL_ONLY,NO,NO,LS-WS-0478,Pre-epoch decision retained as historical record only.
records/decisions/LX-WS-0480-DEC-01_C90.md,DECISION,WS-REBASELINE-20260819-001,YES,HISTORICAL_RECORD,HISTORICAL_ONLY,NO,NO,LS-WS-0480,Pre-epoch decision retained as historical record only.
records/decisions/LX-WS-0482-DEC-01_C91.md,DECISION,WS-REBASELINE-20260819-001,YES,HISTORICAL_RECORD,HISTORICAL_ONLY,NO,NO,LS-WS-0482,Pre-epoch decision retained as historical record only.
records/decisions/LX-WS-0484-DEC-01_C92.md,DECISION,WS-REBASELINE-20260819-001,YES,HISTORICAL_RECORD,HISTORICAL_ONLY,NO,NO,LS-WS-0484,Pre-epoch decision retained as historical record only.
records/decisions/LX-WS-0486-DEC-01_C93.md,DECISION,WS-REBASELINE-20260819-001,YES,HISTORICAL_RECORD,HISTORICAL_ONLY,NO,NO,LS-WS-0486,Pre-epoch decision retained as historical record only.
records/decisions/LX-WS-0487-DEC-01_C93.md,DECISION,WS-REBASELINE-20260819-001,YES,HISTORICAL_RECORD,HISTORICAL_ONLY,NO,NO,LS-WS-0487,Pre-epoch decision retained as historical record only.
records/decisions/LX-WS-0489-DEC-01_C94.md,DECISION,WS-REBASELINE-20260819-001,YES,HISTORICAL_RECORD,HISTORICAL_ONLY,NO,NO,LS-WS-0489,Pre-epoch decision retained as historical record only.
records/decisions/LX-WS-0492-DEC-01_C96.md,DECISION,WS-REBASELINE-20260819-001,YES,HISTORICAL_RECORD,HISTORICAL_ONLY,NO,NO,LS-WS-0492,Pre-epoch decision retained as historical record only.
records/decisions/LX-WS-0493-DEC-01_C96.md,DECISION,WS-REBASELINE-20260819-001,YES,HISTORICAL_RECORD,HISTORICAL_ONLY,NO,NO,LS-WS-0493,Pre-epoch decision retained as historical record only.
records/decisions/LX-WS-0494-DEC-01_C97.md,DECISION,WS-REBASELINE-20260819-001,YES,HISTORICAL_RECORD,HISTORICAL_ONLY,NO,NO,LS-WS-0494,Pre-epoch decision retained as historical record only.
records/decisions/LX-WS-0495-DEC-01_C97.md,DECISION,WS-REBASELINE-20260819-001,YES,HISTORICAL_RECORD,HISTORICAL_ONLY,NO,NO,LS-WS-0495,Pre-epoch decision retained as historical record only.
records/decisions/LX-WS-0506-DEC-01_P01.md,DECISION,WS-REBASELINE-20260819-001,YES,HISTORICAL_RECORD,HISTORICAL_ONLY,NO,NO,LS-WS-0506,Pre-epoch decision retained as historical record only.
records/decisions/LX-WS-0550-DEC-01_WS.md,DECISION,WS-REBASELINE-20260819-001,YES,HISTORICAL_RECORD,HISTORICAL_ONLY,NO,NO,LS-WS-0550,Pre-epoch decision retained as historical record only.
records/decisions/LX-WS-0551-DEC-01_WS.md,DECISION,WS-REBASELINE-20260819-001,YES,HISTORICAL_RECORD,HISTORICAL_ONLY,NO,NO,LS-WS-0551,Pre-epoch decision retained as historical record only.
records/decisions/LX-WS-0574-DEC-01_C26.md,DECISION,WS-REBASELINE-20260819-001,YES,HISTORICAL_RECORD,HISTORICAL_ONLY,NO,NO,LS-WS-0574,Pre-epoch decision retained as historical record only.
records/decisions/LX-WS-0578-DEC-01_C02.md,DECISION,WS-REBASELINE-20260819-001,YES,HISTORICAL_RECORD,HISTORICAL_ONLY,NO,NO,LS-WS-0578,Pre-epoch decision retained as historical record only.
records/decisions/LX-WS-0581-DEC-01_C04.md,DECISION,WS-REBASELINE-20260819-001,YES,HISTORICAL_RECORD,HISTORICAL_ONLY,NO,NO,LS-WS-0581,Pre-epoch decision retained as historical record only.
records/decisions/LX-WS-0582-DEC-01_C05.md,DECISION,WS-REBASELINE-20260819-001,YES,HISTORICAL_RECORD,HISTORICAL_ONLY,NO,NO,LS-WS-0582,Pre-epoch decision retained as historical record only.
records/decisions/LX-WS-0602-DEC-01_P01.md,DECISION,WS-REBASELINE-20260819-001,YES,HISTORICAL_RECORD,HISTORICAL_ONLY,NO,NO,LS-WS-0602,Pre-epoch decision retained as historical record only.
records/decisions/LX-WS-0671-DEC-01_LEGACY.md,DECISION,WS-REBASELINE-20260819-001,YES,HISTORICAL_RECORD,HISTORICAL_ONLY,NO,NO,LS-WS-0671,Pre-epoch decision retained as historical record only.
records/decisions/README.md,NAVIGATION,WS-REBASELINE-20260819-001,NO,NAVIGATION,CURRENT_NAVIGATION,NO,NO,,Navigation only; no proof effect.
records/decisions/WS_BASELINE_INTEGRITY_ATTEMPT_STANDARD_ADOPTION_2026-08-18.md,DECISION,WS-REBASELINE-20260819-001,NO,HISTORICAL_RECORD,HISTORICAL_ONLY,NO,NO,,Pre-epoch decision retained as historical record only.
records/decisions/WS_BREAKOUT_INTEGRITY_B01_PROMOTION_READINESS_LOCK.md,DECISION,WS-REBASELINE-20260819-001,YES,HISTORICAL_RECORD,HISTORICAL_ONLY,NO,NO,LS-WS-0569,Pre-epoch decision retained as historical record only.
records/decisions/WS_DOCUMENTATION_ROLE_SEPARATION_CLEANUP_2026-08-16.md,DECISION,WS-REBASELINE-20260819-001,NO,HISTORICAL_RECORD,HISTORICAL_ONLY,NO,NO,,Pre-epoch decision retained as historical record only.
records/decisions/WS_DOCUMENT_NAMING_DECISION_SEMANTIC_FILENAMES.md,DECISION,WS-REBASELINE-20260819-001,NO,HISTORICAL_RECORD,HISTORICAL_ONLY,NO,NO,,Pre-epoch decision retained as historical record only.
records/decisions/WS_DOCUMENT_RECORDING_STANDARD_ADOPTION_2026-08-18.md,DECISION,WS-REBASELINE-20260819-001,NO,HISTORICAL_RECORD,HISTORICAL_ONLY,NO,NO,,Pre-epoch decision retained as historical record only.
records/decisions/WS_FULL_SPLIT_SOURCE_DISPOSAL_POLICY_ADOPTION_2026-08-19.md,DECISION,WS-REBASELINE-20260819-001,NO,HISTORICAL_RECORD,HISTORICAL_ONLY,NO,NO,,Pre-epoch decision retained as historical record only.
records/decisions/WS_IMPLEMENTATION_RESIDUE_STANDARD_ADOPTION_2026-08-18.md,DECISION,WS-REBASELINE-20260819-001,NO,HISTORICAL_RECORD,HISTORICAL_ONLY,NO,NO,,Pre-epoch decision retained as historical record only.
records/decisions/WS_LEGACY_CORPUS_FULL_ROLE_NORMALIZATION_ADOPTION_2026-08-18.md,DECISION,WS-REBASELINE-20260819-001,NO,HISTORICAL_RECORD,HISTORICAL_ONLY,NO,NO,,Pre-epoch decision retained as historical record only.
records/decisions/WS_MARKET_DATA_CROSS_DOMAIN_BINDING_ALIGNMENT_2026-08-17.md,DECISION,WS-REBASELINE-20260819-001,NO,HISTORICAL_RECORD,HISTORICAL_ONLY,NO,NO,,Pre-epoch decision retained as historical record only.
records/decisions/WS_RELATIONSHIP_INTEGRITY_HARDENING_ADOPTION_2026-08-18.md,DECISION,WS-REBASELINE-20260819-001,NO,HISTORICAL_RECORD,HISTORICAL_ONLY,NO,NO,,Pre-epoch decision retained as historical record only.
records/decisions/WS_ROOT_DOCUMENT_ARCHITECTURE_GROUPING_2026-08-18.md,DECISION,WS-REBASELINE-20260819-001,NO,HISTORICAL_RECORD,HISTORICAL_ONLY,NO,NO,,Pre-epoch decision retained as historical record only.
records/decisions/WS_STAGE_EXECUTION_AND_CLOSURE_STANDARD_ADOPTION_2026-08-18.md,DECISION,WS-REBASELINE-20260819-001,NO,HISTORICAL_RECORD,HISTORICAL_ONLY,NO,NO,,Pre-epoch decision retained as historical record only.
records/decisions/WS_STRATEGY_DECISION_END_TO_END_LIFECYCLE.md,DECISION,WS-REBASELINE-20260819-001,NO,HISTORICAL_RECORD,HISTORICAL_ONLY,NO,NO,,Pre-epoch decision retained as historical record only.
records/decisions/WS_STRATEGY_DECISION_OPTIONAL_CONFIRM_NON_BLOCKING.md,DECISION,WS-REBASELINE-20260819-001,NO,HISTORICAL_RECORD,HISTORICAL_ONLY,NO,NO,,Pre-epoch decision retained as historical record only.
records/decisions/WS_STRATEGY_DECISION_QUALIFIED_TOP_PICKS.md,DECISION,WS-REBASELINE-20260819-001,NO,HISTORICAL_RECORD,HISTORICAL_ONLY,NO,NO,,Pre-epoch decision retained as historical record only.
records/decisions/WS_STRATEGY_TRACEABILITY_MATRIX_ADOPTION_2026-08-18.md,DECISION,WS-REBASELINE-20260819-001,NO,HISTORICAL_RECORD,HISTORICAL_ONLY,NO,NO,,Pre-epoch decision retained as historical record only.
records/decisions/WS_WORK_CORRELATION_CLOSURE_CONTROL_ADOPTION_2026-08-18.md,DECISION,WS-REBASELINE-20260819-001,NO,HISTORICAL_RECORD,HISTORICAL_ONLY,NO,NO,,Pre-epoch decision retained as historical record only.
records/evidence/E-WS-20260818-01_STAGE_GOVERNANCE_VALIDATION.json,EVIDENCE,WS-REBASELINE-20260819-001,NO,HISTORICAL_RECORD,HISTORICAL_ONLY,NO,NO,,Pre-epoch evidence retained as historical fact only.
records/evidence/E-WS-20260818-02_RESIDUE_STANDARD_VALIDATION.json,EVIDENCE,WS-REBASELINE-20260819-001,NO,HISTORICAL_RECORD,HISTORICAL_ONLY,NO,NO,,Pre-epoch evidence retained as historical fact only.
records/evidence/E-WS-20260818-03_TRACEABILITY_MATRIX_VALIDATION.json,EVIDENCE,WS-REBASELINE-20260819-001,NO,HISTORICAL_RECORD,HISTORICAL_ONLY,NO,NO,,Pre-epoch evidence retained as historical fact only.
records/evidence/E-WS-20260818-04_ROOT_ARCHITECTURE_VALIDATION.json,EVIDENCE,WS-REBASELINE-20260819-001,NO,HISTORICAL_RECORD,HISTORICAL_ONLY,NO,NO,,Pre-epoch evidence retained as historical fact only.
records/evidence/E-WS-20260818-05_BASELINE_INTEGRITY_VALIDATION.json,EVIDENCE,WS-REBASELINE-20260819-001,NO,HISTORICAL_RECORD,HISTORICAL_ONLY,NO,NO,,Pre-epoch evidence retained as historical fact only.
records/evidence/E-WS-20260818-06_DOCUMENT_INTEGRITY_VALIDATION.json,EVIDENCE,WS-REBASELINE-20260819-001,NO,HISTORICAL_RECORD,HISTORICAL_ONLY,NO,NO,,Pre-epoch evidence retained as historical fact only.
records/evidence/E-WS-20260818-06_RELATIONSHIP_VALIDATION.json,EVIDENCE,WS-REBASELINE-20260819-001,NO,HISTORICAL_RECORD,HISTORICAL_ONLY,NO,NO,,Pre-epoch evidence retained as historical fact only.
records/evidence/E-WS-20260818-06_WORK_TRACEABILITY_CONTROL_VALIDATION.json,EVIDENCE,WS-REBASELINE-20260819-001,NO,HISTORICAL_RECORD,HISTORICAL_ONLY,NO,NO,,Pre-epoch evidence retained as historical fact only.
records/evidence/E-WS-20260818-07_RELATIONSHIP_INTEGRITY_HARDENING_VALIDATION.json,EVIDENCE,WS-REBASELINE-20260819-001,NO,HISTORICAL_RECORD,HISTORICAL_ONLY,NO,NO,,Pre-epoch evidence retained as historical fact only.
records/evidence/E-WS-20260818-08_LEGACY_NORMALIZATION_VALIDATION.json,EVIDENCE,WS-REBASELINE-20260819-001,NO,HISTORICAL_RECORD,HISTORICAL_ONLY,NO,NO,,Pre-epoch evidence retained as historical fact only.
records/evidence/E-WS-20260819-01_FULL_SPLIT_SOURCE_DISPOSAL_VALIDATION.json,EVIDENCE,WS-REBASELINE-20260819-001,NO,HISTORICAL_RECORD,HISTORICAL_ONLY,NO,NO,,Pre-epoch evidence retained as historical fact only.
records/evidence/E-WS-20260819-03_CURRENT_VERIFICATION_REBASELINE_VALIDATION.json,EVIDENCE,WS-REBASELINE-20260819-001,NO,GOVERNANCE_RECORD,CURRENT_GOVERNANCE_RECORD,NO,NO,,Current rebaseline validation record; not implementation proof.
records/evidence/PATH_REORGANIZATION_VALIDATION_2026-08-18.json,EVIDENCE,WS-REBASELINE-20260819-001,NO,HISTORICAL_RECORD,HISTORICAL_ONLY,NO,NO,,Pre-epoch evidence retained as historical fact only.
records/evidence/README.md,NAVIGATION,WS-REBASELINE-20260819-001,NO,NAVIGATION,CURRENT_NAVIGATION,NO,NO,,Navigation only; no proof effect.
records/evidence/WS_BREAKOUT_INTEGRITY_B01_ACTIVE_SHADOW_LOCK.md,EVIDENCE,WS-REBASELINE-20260819-001,YES,HISTORICAL_RECORD,HISTORICAL_ONLY,NO,NO,LS-WS-0565,Pre-epoch evidence retained as historical fact only.
records/evidence/WS_BREAKOUT_INTEGRITY_B01_OFFICIAL_OOS_LOCK.md,EVIDENCE,WS-REBASELINE-20260819-001,YES,HISTORICAL_RECORD,HISTORICAL_ONLY,NO,NO,LS-WS-0567,Pre-epoch evidence retained as historical fact only.
records/evidence/WS_OOS_EVIDENCE_NOTE.md,EVIDENCE,WS-REBASELINE-20260819-001,YES,HISTORICAL_RECORD,HISTORICAL_ONLY,NO,NO,LS-WS-0599,Pre-epoch evidence retained as historical fact only.
records/evidence/artifacts/c02-forensic-summary.csv,EVIDENCE,WS-REBASELINE-20260819-001,YES,HISTORICAL_RECORD,HISTORICAL_ONLY,NO,NO,LS-WS-0001,Pre-epoch evidence retained as historical fact only.
records/evidence/artifacts/c03-forensic-summary.csv,EVIDENCE,WS-REBASELINE-20260819-001,YES,HISTORICAL_RECORD,HISTORICAL_ONLY,NO,NO,LS-WS-0002,Pre-epoch evidence retained as historical fact only.
records/evidence/artifacts/c04-forensic-summary.csv,EVIDENCE,WS-REBASELINE-20260819-001,YES,HISTORICAL_RECORD,HISTORICAL_ONLY,NO,NO,LS-WS-0003,Pre-epoch evidence retained as historical fact only.
records/evidence/artifacts/c05-forensic-summary.csv,EVIDENCE,WS-REBASELINE-20260819-001,YES,HISTORICAL_RECORD,HISTORICAL_ONLY,NO,NO,LS-WS-0004,Pre-epoch evidence retained as historical fact only.
records/evidence/artifacts/c06-forensic-summary.csv,EVIDENCE,WS-REBASELINE-20260819-001,YES,HISTORICAL_RECORD,HISTORICAL_ONLY,NO,NO,LS-WS-0005,Pre-epoch evidence retained as historical fact only.
records/evidence/artifacts/c07-forensic-summary.csv,EVIDENCE,WS-REBASELINE-20260819-001,YES,HISTORICAL_RECORD,HISTORICAL_ONLY,NO,NO,LS-WS-0006,Pre-epoch evidence retained as historical fact only.
records/evidence/artifacts/c07-scoped-drilldown-summary.csv,EVIDENCE,WS-REBASELINE-20260819-001,YES,HISTORICAL_RECORD,HISTORICAL_ONLY,NO,NO,LS-WS-0007,Pre-epoch evidence retained as historical fact only.
records/evidence/artifacts/c08-batched-c07-drilldown-summary.csv,EVIDENCE,WS-REBASELINE-20260819-001,YES,HISTORICAL_RECORD,HISTORICAL_ONLY,NO,NO,LS-WS-0008,Pre-epoch evidence retained as historical fact only.
records/evidence/artifacts/c09-batched-c07-nullable-context-summary.csv,EVIDENCE,WS-REBASELINE-20260819-001,YES,HISTORICAL_RECORD,HISTORICAL_ONLY,NO,NO,LS-WS-0009,Pre-epoch evidence retained as historical fact only.
records/evidence/artifacts/c10-batched-c07-exit-model-summary.csv,EVIDENCE,WS-REBASELINE-20260819-001,YES,HISTORICAL_RECORD,HISTORICAL_ONLY,NO,NO,LS-WS-0010,Pre-epoch evidence retained as historical fact only.
records/evidence/artifacts/c11-exit-model-contract-audit.json,EVIDENCE,WS-REBASELINE-20260819-001,YES,HISTORICAL_RECORD,HISTORICAL_ONLY,NO,NO,LS-WS-0011,Pre-epoch evidence retained as historical fact only.
records/evidence/artifacts/c12-exit-model-redesign-contract.json,EVIDENCE,WS-REBASELINE-20260819-001,YES,HISTORICAL_RECORD,HISTORICAL_ONLY,NO,NO,LS-WS-0012,Pre-epoch evidence retained as historical fact only.
records/evidence/artifacts/c13-exit-axis-support-audit.json,EVIDENCE,WS-REBASELINE-20260819-001,YES,HISTORICAL_RECORD,HISTORICAL_ONLY,NO,NO,LS-WS-0013,Pre-epoch evidence retained as historical fact only.
records/evidence/artifacts/c14-forensic-summary.csv,EVIDENCE,WS-REBASELINE-20260819-001,YES,HISTORICAL_RECORD,HISTORICAL_ONLY,NO,NO,LS-WS-0014,Pre-epoch evidence retained as historical fact only.
records/evidence/artifacts/c14-is-run-1.json,EVIDENCE,WS-REBASELINE-20260819-001,YES,HISTORICAL_RECORD,HISTORICAL_ONLY,NO,NO,LS-WS-0015,Pre-epoch evidence retained as historical fact only.
records/evidence/artifacts/c14-is-run-2.json,EVIDENCE,WS-REBASELINE-20260819-001,YES,HISTORICAL_RECORD,HISTORICAL_ONLY,NO,NO,LS-WS-0016,Pre-epoch evidence retained as historical fact only.
records/evidence/artifacts/c15-final-evidence-summary.json,EVIDENCE,WS-REBASELINE-20260819-001,YES,HISTORICAL_RECORD,HISTORICAL_ONLY,NO,NO,LS-WS-0017,Pre-epoch evidence retained as historical fact only.
records/evidence/artifacts/c15-fix4-param-summary.csv,EVIDENCE,WS-REBASELINE-20260819-001,YES,HISTORICAL_RECORD,HISTORICAL_ONLY,NO,NO,LS-WS-0018,Pre-epoch evidence retained as historical fact only.
records/evidence/artifacts/c15-root-cause-cross-catalog-summary.csv,EVIDENCE,WS-REBASELINE-20260819-001,YES,HISTORICAL_RECORD,HISTORICAL_ONLY,NO,NO,LS-WS-0019,Pre-epoch evidence retained as historical fact only.
records/evidence/artifacts/c15-root-cause-decision-supersession-note.json,EVIDENCE,WS-REBASELINE-20260819-001,YES,HISTORICAL_RECORD,HISTORICAL_ONLY,NO,NO,LS-WS-0020,Pre-epoch evidence retained as historical fact only.
records/evidence/artifacts/c15-root-cause-decision.json,EVIDENCE,WS-REBASELINE-20260819-001,YES,HISTORICAL_RECORD,HISTORICAL_ONLY,NO,NO,LS-WS-0021,Pre-epoch evidence retained as historical fact only.
records/evidence/artifacts/c15-root-cause-param-metrics.csv,EVIDENCE,WS-REBASELINE-20260819-001,YES,HISTORICAL_RECORD,HISTORICAL_ONLY,NO,NO,LS-WS-0022,Pre-epoch evidence retained as historical fact only.
records/evidence/artifacts/c16-source-implementation-summary.json,EVIDENCE,WS-REBASELINE-20260819-001,YES,HISTORICAL_RECORD,HISTORICAL_ONLY,NO,NO,LS-WS-0023,Pre-epoch evidence retained as historical fact only.
records/evidence/artifacts/c17-drilldown-summary.csv,EVIDENCE,WS-REBASELINE-20260819-001,YES,HISTORICAL_RECORD,HISTORICAL_ONLY,NO,NO,LS-WS-0024,Pre-epoch evidence retained as historical fact only.
records/evidence/artifacts/c17-final-evidence-summary.json,EVIDENCE,WS-REBASELINE-20260819-001,YES,HISTORICAL_RECORD,HISTORICAL_ONLY,NO,NO,LS-WS-0025,Pre-epoch evidence retained as historical fact only.
records/evidence/artifacts/c17-is-run-1.json,EVIDENCE,WS-REBASELINE-20260819-001,YES,HISTORICAL_RECORD,HISTORICAL_ONLY,NO,NO,LS-WS-0026,Pre-epoch evidence retained as historical fact only.
records/evidence/artifacts/c17-source-implementation-summary.json,EVIDENCE,WS-REBASELINE-20260819-001,YES,HISTORICAL_RECORD,HISTORICAL_ONLY,NO,NO,LS-WS-0027,Pre-epoch evidence retained as historical fact only.
records/evidence/artifacts/c171-final-bounded-remediation-catalog-decision.json,EVIDENCE,WS-REBASELINE-20260819-001,YES,HISTORICAL_RECORD,HISTORICAL_ONLY,NO,NO,LS-WS-0028,Pre-epoch evidence retained as historical fact only.
records/evidence/artifacts/c171-final-failed-not-ready-closure-decision.json,EVIDENCE,WS-REBASELINE-20260819-001,YES,HISTORICAL_RECORD,HISTORICAL_ONLY,NO,NO,LS-WS-0029,Pre-epoch evidence retained as historical fact only.
records/evidence/artifacts/c171-immutable-draft-paramset-candidate-design.json,EVIDENCE,WS-REBASELINE-20260819-001,YES,HISTORICAL_RECORD,HISTORICAL_ONLY,NO,NO,LS-WS-0030,Pre-epoch evidence retained as historical fact only.
records/evidence/artifacts/c171-immutable-draft-paramset-candidate-proxy-metrics.csv,EVIDENCE,WS-REBASELINE-20260819-001,YES,HISTORICAL_RECORD,HISTORICAL_ONLY,NO,NO,LS-WS-0031,Pre-epoch evidence retained as historical fact only.
records/evidence/artifacts/c171-low-price-execution-quality-c01-draft-catalog-design.json,EVIDENCE,WS-REBASELINE-20260819-001,YES,HISTORICAL_RECORD,HISTORICAL_ONLY,NO,NO,LS-WS-0032,Pre-epoch evidence retained as historical fact only.
records/evidence/artifacts/c18-final-diagnostic-evidence-summary.json,EVIDENCE,WS-REBASELINE-20260819-001,YES,HISTORICAL_RECORD,HISTORICAL_ONLY,NO,NO,LS-WS-0033,Pre-epoch evidence retained as historical fact only.
records/evidence/artifacts/c18-funnel-diagnostic-design-summary.json,EVIDENCE,WS-REBASELINE-20260819-001,YES,HISTORICAL_RECORD,HISTORICAL_ONLY,NO,NO,LS-WS-0034,Pre-epoch evidence retained as historical fact only.
records/evidence/artifacts/c19-final-diagnostic-result-summary.json,EVIDENCE,WS-REBASELINE-20260819-001,YES,HISTORICAL_RECORD,HISTORICAL_ONLY,NO,NO,LS-WS-0035,Pre-epoch evidence retained as historical fact only.
records/evidence/artifacts/c19-quality-recovery-tahap-5b-source-summary.json,EVIDENCE,WS-REBASELINE-20260819-001,YES,HISTORICAL_RECORD,HISTORICAL_ONLY,NO,NO,LS-WS-0036,Pre-epoch evidence retained as historical fact only.
records/evidence/artifacts/c19-quality-recovery-tahap-5c-source-summary.json,EVIDENCE,WS-REBASELINE-20260819-001,YES,HISTORICAL_RECORD,HISTORICAL_ONLY,NO,NO,LS-WS-0037,Pre-epoch evidence retained as historical fact only.
records/evidence/artifacts/c19-quality-recovery-tuning-diagnostic-fastfix-summary.json,EVIDENCE,WS-REBASELINE-20260819-001,YES,HISTORICAL_RECORD,HISTORICAL_ONLY,NO,NO,LS-WS-0038,Pre-epoch evidence retained as historical fact only.
records/evidence/artifacts/c19-quality-recovery-tuning-diagnostic-source-summary.json,EVIDENCE,WS-REBASELINE-20260819-001,YES,HISTORICAL_RECORD,HISTORICAL_ONLY,NO,NO,LS-WS-0039,Pre-epoch evidence retained as historical fact only.
records/evidence/artifacts/c19-selection-model-redesign-analysis.json,EVIDENCE,WS-REBASELINE-20260819-001,YES,HISTORICAL_RECORD,HISTORICAL_ONLY,NO,NO,LS-WS-0040,Pre-epoch evidence retained as historical fact only.
records/evidence/artifacts/c20-final-diagnostic-result-summary.json,EVIDENCE,WS-REBASELINE-20260819-001,YES,HISTORICAL_RECORD,HISTORICAL_ONLY,NO,NO,LS-WS-0041,Pre-epoch evidence retained as historical fact only.
records/evidence/artifacts/c20-regime-trade-date-diagnostic-source-summary.json,EVIDENCE,WS-REBASELINE-20260819-001,YES,HISTORICAL_RECORD,HISTORICAL_ONLY,NO,NO,LS-WS-0042,Pre-epoch evidence retained as historical fact only.
records/evidence/artifacts/c21-entry-exit-behavior-diagnostic-source-summary.json,EVIDENCE,WS-REBASELINE-20260819-001,YES,HISTORICAL_RECORD,HISTORICAL_ONLY,NO,NO,LS-WS-0043,Pre-epoch evidence retained as historical fact only.
records/evidence/artifacts/c21-final-diagnostic-result-summary.json,EVIDENCE,WS-REBASELINE-20260819-001,YES,HISTORICAL_RECORD,HISTORICAL_ONLY,NO,NO,LS-WS-0044,Pre-epoch evidence retained as historical fact only.
records/evidence/artifacts/c22-exit-capture-shadow-diagnostic-source-summary.json,EVIDENCE,WS-REBASELINE-20260819-001,YES,HISTORICAL_RECORD,HISTORICAL_ONLY,NO,NO,LS-WS-0045,Pre-epoch evidence retained as historical fact only.
records/evidence/artifacts/c22-final-diagnostic-result-summary.json,EVIDENCE,WS-REBASELINE-20260819-001,YES,HISTORICAL_RECORD,HISTORICAL_ONLY,NO,NO,LS-WS-0046,Pre-epoch evidence retained as historical fact only.
records/evidence/artifacts/c23-first-profit-capture-rule-diagnostic-source-summary.json,EVIDENCE,WS-REBASELINE-20260819-001,YES,HISTORICAL_RECORD,HISTORICAL_ONLY,NO,NO,LS-WS-0047,Pre-epoch evidence retained as historical fact only.
records/evidence/artifacts/c24-c22-shadow-gap-bridge-diagnostic-source-summary.json,EVIDENCE,WS-REBASELINE-20260819-001,YES,HISTORICAL_RECORD,HISTORICAL_ONLY,NO,NO,LS-WS-0048,Pre-epoch evidence retained as historical fact only.
records/evidence/artifacts/c25-no-signal-fallback-delay-diagnostic-source-summary.json,EVIDENCE,WS-REBASELINE-20260819-001,YES,HISTORICAL_RECORD,HISTORICAL_ONLY,NO,NO,LS-WS-0049,Pre-epoch evidence retained as historical fact only.
records/evidence/artifacts/c26-catalog-candidate-diagnostic-source-summary.json,EVIDENCE,WS-REBASELINE-20260819-001,YES,HISTORICAL_RECORD,HISTORICAL_ONLY,NO,NO,LS-WS-0050,Pre-epoch evidence retained as historical fact only.
records/evidence/artifacts/c27-catalog-candidate-raw-ohlc-validation-source-summary.json,EVIDENCE,WS-REBASELINE-20260819-001,YES,HISTORICAL_RECORD,HISTORICAL_ONLY,NO,NO,LS-WS-0051,Pre-epoch evidence retained as historical fact only.
records/evidence/artifacts/c28-rule-revision-tiebreak-diagnostic-source-summary.json,EVIDENCE,WS-REBASELINE-20260819-001,YES,HISTORICAL_RECORD,HISTORICAL_ONLY,NO,NO,LS-WS-0052,Pre-epoch evidence retained as historical fact only.
records/evidence/runs/C02_OP_CMDS.md,EVIDENCE,WS-REBASELINE-20260819-001,YES,HISTORICAL_RECORD,HISTORICAL_ONLY,NO,NO,LS-WS-0076,Pre-epoch evidence retained as historical fact only.
records/evidence/runs/C04_OP_CMDS.md,EVIDENCE,WS-REBASELINE-20260819-001,YES,HISTORICAL_RECORD,HISTORICAL_ONLY,NO,NO,LS-WS-0080,Pre-epoch evidence retained as historical fact only.
records/evidence/runs/C05_OP_CMDS.md,EVIDENCE,WS-REBASELINE-20260819-001,YES,HISTORICAL_RECORD,HISTORICAL_ONLY,NO,NO,LS-WS-0082,Pre-epoch evidence retained as historical fact only.
records/evidence/runs/C06_OP_CMDS.md,EVIDENCE,WS-REBASELINE-20260819-001,YES,HISTORICAL_RECORD,HISTORICAL_ONLY,NO,NO,LS-WS-0084,Pre-epoch evidence retained as historical fact only.
records/evidence/runs/C07_OP_CMDS.md,EVIDENCE,WS-REBASELINE-20260819-001,YES,HISTORICAL_RECORD,HISTORICAL_ONLY,NO,NO,LS-WS-0086,Pre-epoch evidence retained as historical fact only.
records/evidence/runs/C08_OP_CMDS.md,EVIDENCE,WS-REBASELINE-20260819-001,YES,HISTORICAL_RECORD,HISTORICAL_ONLY,NO,NO,LS-WS-0088,Pre-epoch evidence retained as historical fact only.
records/evidence/runs/C09_OP_CMDS.md,EVIDENCE,WS-REBASELINE-20260819-001,YES,HISTORICAL_RECORD,HISTORICAL_ONLY,NO,NO,LS-WS-0091,Pre-epoch evidence retained as historical fact only.
records/evidence/runs/C100_OP_CMDS.md,EVIDENCE,WS-REBASELINE-20260819-001,YES,HISTORICAL_RECORD,HISTORICAL_ONLY,NO,NO,LS-WS-0092,Pre-epoch evidence retained as historical fact only.
records/evidence/runs/C100_REH_RESULT.md,EVIDENCE,WS-REBASELINE-20260819-001,YES,HISTORICAL_RECORD,HISTORICAL_ONLY,NO,NO,LS-WS-0093,Pre-epoch evidence retained as historical fact only.
records/evidence/runs/C101_OP_CMDS.md,EVIDENCE,WS-REBASELINE-20260819-001,YES,HISTORICAL_RECORD,HISTORICAL_ONLY,NO,NO,LS-WS-0094,Pre-epoch evidence retained as historical fact only.
records/evidence/runs/C102_OP_CMDS.md,EVIDENCE,WS-REBASELINE-20260819-001,YES,HISTORICAL_RECORD,HISTORICAL_ONLY,NO,NO,LS-WS-0096,Pre-epoch evidence retained as historical fact only.
records/evidence/runs/C103_OP_CMDS.md,EVIDENCE,WS-REBASELINE-20260819-001,YES,HISTORICAL_RECORD,HISTORICAL_ONLY,NO,NO,LS-WS-0098,Pre-epoch evidence retained as historical fact only.
records/evidence/runs/C104_OP_CMDS.md,EVIDENCE,WS-REBASELINE-20260819-001,YES,HISTORICAL_RECORD,HISTORICAL_ONLY,NO,NO,LS-WS-0100,Pre-epoch evidence retained as historical fact only.
records/evidence/runs/C105_OP_CMDS.md,EVIDENCE,WS-REBASELINE-20260819-001,YES,HISTORICAL_RECORD,HISTORICAL_ONLY,NO,NO,LS-WS-0102,Pre-epoch evidence retained as historical fact only.
records/evidence/runs/C106_OP_CMDS.md,EVIDENCE,WS-REBASELINE-20260819-001,YES,HISTORICAL_RECORD,HISTORICAL_ONLY,NO,NO,LS-WS-0104,Pre-epoch evidence retained as historical fact only.
records/evidence/runs/C108_REH_ARCH_REVIEW.md,EVIDENCE,WS-REBASELINE-20260819-001,YES,HISTORICAL_RECORD,HISTORICAL_ONLY,NO,NO,LS-WS-0109,Pre-epoch evidence retained as historical fact only.
records/evidence/runs/C109_OP_CMDS.md,EVIDENCE,WS-REBASELINE-20260819-001,YES,HISTORICAL_RECORD,HISTORICAL_ONLY,NO,NO,LS-WS-0110,Pre-epoch evidence retained as historical fact only.
records/evidence/runs/C109_REH_ARCH_REVIEW.md,EVIDENCE,WS-REBASELINE-20260819-001,YES,HISTORICAL_RECORD,HISTORICAL_ONLY,NO,NO,LS-WS-0111,Pre-epoch evidence retained as historical fact only.
records/evidence/runs/C10_OP_CMDS.md,EVIDENCE,WS-REBASELINE-20260819-001,YES,HISTORICAL_RECORD,HISTORICAL_ONLY,NO,NO,LS-WS-0113,Pre-epoch evidence retained as historical fact only.
records/evidence/runs/C110_REH_ARCH_SEAL_REVIEW.md,EVIDENCE,WS-REBASELINE-20260819-001,YES,HISTORICAL_RECORD,HISTORICAL_ONLY,NO,NO,LS-WS-0115,Pre-epoch evidence retained as historical fact only.
records/evidence/runs/C113_OP_CMDS.md,EVIDENCE,WS-REBASELINE-20260819-001,YES,HISTORICAL_RECORD,HISTORICAL_ONLY,NO,NO,LS-WS-0120,Pre-epoch evidence retained as historical fact only.
records/evidence/runs/C115_OP_CMDS.md,EVIDENCE,WS-REBASELINE-20260819-001,YES,HISTORICAL_RECORD,HISTORICAL_ONLY,NO,NO,LS-WS-0124,Pre-epoch evidence retained as historical fact only.
records/evidence/runs/C116_OP_CMDS.md,EVIDENCE,WS-REBASELINE-20260819-001,YES,HISTORICAL_RECORD,HISTORICAL_ONLY,NO,NO,LS-WS-0126,Pre-epoch evidence retained as historical fact only.
records/evidence/runs/C116_WIRING_EXEC_REVIEW.md,EVIDENCE,WS-REBASELINE-20260819-001,YES,HISTORICAL_RECORD,HISTORICAL_ONLY,NO,NO,LS-WS-0127,Pre-epoch evidence retained as historical fact only.
records/evidence/runs/C117_OP_CMDS.md,EVIDENCE,WS-REBASELINE-20260819-001,YES,HISTORICAL_RECORD,HISTORICAL_ONLY,NO,NO,LS-WS-0128,Pre-epoch evidence retained as historical fact only.
records/evidence/runs/C117_WIRING_OBS_REVIEW.md,EVIDENCE,WS-REBASELINE-20260819-001,YES,HISTORICAL_RECORD,HISTORICAL_ONLY,NO,NO,LS-WS-0129,Pre-epoch evidence retained as historical fact only.
records/evidence/runs/C118_OP_CMDS.md,EVIDENCE,WS-REBASELINE-20260819-001,YES,HISTORICAL_RECORD,HISTORICAL_ONLY,NO,NO,LS-WS-0130,Pre-epoch evidence retained as historical fact only.
records/evidence/runs/C118_WIRING_OBS_RESULT.md,EVIDENCE,WS-REBASELINE-20260819-001,YES,HISTORICAL_RECORD,HISTORICAL_ONLY,NO,NO,LS-WS-0131,Pre-epoch evidence retained as historical fact only.
records/evidence/runs/C119_OP_CMDS.md,EVIDENCE,WS-REBASELINE-20260819-001,YES,HISTORICAL_RECORD,HISTORICAL_ONLY,NO,NO,LS-WS-0132,Pre-epoch evidence retained as historical fact only.
records/evidence/runs/C11_EXIT_MODEL_CONTRACT_AUDIT_FINAL_RESULT.md,EVIDENCE,WS-REBASELINE-20260819-001,YES,HISTORICAL_RECORD,HISTORICAL_ONLY,NO,NO,LS-WS-0134,Pre-epoch evidence retained as historical fact only.
records/evidence/runs/C11_OP_CMDS.md,EVIDENCE,WS-REBASELINE-20260819-001,YES,HISTORICAL_RECORD,HISTORICAL_ONLY,NO,NO,LS-WS-0135,Pre-epoch evidence retained as historical fact only.
records/evidence/runs/C120_OP_CMDS.md,EVIDENCE,WS-REBASELINE-20260819-001,YES,HISTORICAL_RECORD,HISTORICAL_ONLY,NO,NO,LS-WS-0136,Pre-epoch evidence retained as historical fact only.
records/evidence/runs/C121_OP_CMDS.md,EVIDENCE,WS-REBASELINE-20260819-001,YES,HISTORICAL_RECORD,HISTORICAL_ONLY,NO,NO,LS-WS-0138,Pre-epoch evidence retained as historical fact only.
records/evidence/runs/C123_OP_CMDS.md,EVIDENCE,WS-REBASELINE-20260819-001,YES,HISTORICAL_RECORD,HISTORICAL_ONLY,NO,NO,LS-WS-0142,Pre-epoch evidence retained as historical fact only.
records/evidence/runs/C124_OP_CMDS.md,EVIDENCE,WS-REBASELINE-20260819-001,YES,HISTORICAL_RECORD,HISTORICAL_ONLY,NO,NO,LS-WS-0144,Pre-epoch evidence retained as historical fact only.
records/evidence/runs/C126_WIRING_ARCH_REVIEW.md,EVIDENCE,WS-REBASELINE-20260819-001,YES,HISTORICAL_RECORD,HISTORICAL_ONLY,NO,NO,LS-WS-0149,Pre-epoch evidence retained as historical fact only.
records/evidence/runs/C127_OP_CMDS.md,EVIDENCE,WS-REBASELINE-20260819-001,YES,HISTORICAL_RECORD,HISTORICAL_ONLY,NO,NO,LS-WS-0150,Pre-epoch evidence retained as historical fact only.
records/evidence/runs/C127_WIRING_ARCH_REVIEW.md,EVIDENCE,WS-REBASELINE-20260819-001,YES,HISTORICAL_RECORD,HISTORICAL_ONLY,NO,NO,LS-WS-0151,Pre-epoch evidence retained as historical fact only.
records/evidence/runs/C128_OP_CMDS.md,EVIDENCE,WS-REBASELINE-20260819-001,YES,HISTORICAL_RECORD,HISTORICAL_ONLY,NO,NO,LS-WS-0152,Pre-epoch evidence retained as historical fact only.
records/evidence/runs/C128_WIRING_ARCH_SEAL_REVIEW.md,EVIDENCE,WS-REBASELINE-20260819-001,YES,HISTORICAL_RECORD,HISTORICAL_ONLY,NO,NO,LS-WS-0153,Pre-epoch evidence retained as historical fact only.
records/evidence/runs/C129_OP_CMDS.md,EVIDENCE,WS-REBASELINE-20260819-001,YES,HISTORICAL_RECORD,HISTORICAL_ONLY,NO,NO,LS-WS-0154,Pre-epoch evidence retained as historical fact only.
records/evidence/runs/C130_OP_CMDS.md,EVIDENCE,WS-REBASELINE-20260819-001,YES,HISTORICAL_RECORD,HISTORICAL_ONLY,NO,NO,LS-WS-0158,Pre-epoch evidence retained as historical fact only.
records/evidence/runs/C131_OP_CMDS.md,EVIDENCE,WS-REBASELINE-20260819-001,YES,HISTORICAL_RECORD,HISTORICAL_ONLY,NO,NO,LS-WS-0160,Pre-epoch evidence retained as historical fact only.
records/evidence/runs/C132_LIVE_ACT_EXEC_REVIEW.md,EVIDENCE,WS-REBASELINE-20260819-001,YES,HISTORICAL_RECORD,HISTORICAL_ONLY,NO,NO,LS-WS-0163,Pre-epoch evidence retained as historical fact only.
records/evidence/runs/C132_OP_CMDS.md,EVIDENCE,WS-REBASELINE-20260819-001,YES,HISTORICAL_RECORD,HISTORICAL_ONLY,NO,NO,LS-WS-0162,Pre-epoch evidence retained as historical fact only.
records/evidence/runs/C133_LIVE_ACT_OBS_REVIEW.md,EVIDENCE,WS-REBASELINE-20260819-001,YES,HISTORICAL_RECORD,HISTORICAL_ONLY,NO,NO,LS-WS-0165,Pre-epoch evidence retained as historical fact only.
records/evidence/runs/C133_OP_CMDS.md,EVIDENCE,WS-REBASELINE-20260819-001,YES,HISTORICAL_RECORD,HISTORICAL_ONLY,NO,NO,LS-WS-0164,Pre-epoch evidence retained as historical fact only.
records/evidence/runs/C134_LIVE_ACT_OBS_RESULT.md,EVIDENCE,WS-REBASELINE-20260819-001,YES,HISTORICAL_RECORD,HISTORICAL_ONLY,NO,NO,LS-WS-0167,Pre-epoch evidence retained as historical fact only.
records/evidence/runs/C134_OP_CMDS.md,EVIDENCE,WS-REBASELINE-20260819-001,YES,HISTORICAL_RECORD,HISTORICAL_ONLY,NO,NO,LS-WS-0166,Pre-epoch evidence retained as historical fact only.
records/evidence/runs/C135_OP_CMDS.md,EVIDENCE,WS-REBASELINE-20260819-001,YES,HISTORICAL_RECORD,HISTORICAL_ONLY,NO,NO,LS-WS-0168,Pre-epoch evidence retained as historical fact only.
records/evidence/runs/C136_OP_CMDS.md,EVIDENCE,WS-REBASELINE-20260819-001,YES,HISTORICAL_RECORD,HISTORICAL_ONLY,NO,NO,LS-WS-0170,Pre-epoch evidence retained as historical fact only.
records/evidence/runs/C137_OP_CMDS.md,EVIDENCE,WS-REBASELINE-20260819-001,YES,HISTORICAL_RECORD,HISTORICAL_ONLY,NO,NO,LS-WS-0172,Pre-epoch evidence retained as historical fact only.
records/evidence/runs/C138_OP_CMDS.md,EVIDENCE,WS-REBASELINE-20260819-001,YES,HISTORICAL_RECORD,HISTORICAL_ONLY,NO,NO,LS-WS-0174,Pre-epoch evidence retained as historical fact only.
records/evidence/runs/C139_LIVE_ACT_EXEC_REVIEW.md,EVIDENCE,WS-REBASELINE-20260819-001,YES,HISTORICAL_RECORD,HISTORICAL_ONLY,NO,NO,LS-WS-0177,Pre-epoch evidence retained as historical fact only.
records/evidence/runs/C139_OP_CMDS.md,EVIDENCE,WS-REBASELINE-20260819-001,YES,HISTORICAL_RECORD,HISTORICAL_ONLY,NO,NO,LS-WS-0176,Pre-epoch evidence retained as historical fact only.
records/evidence/runs/C13_OP_CMDS.md,EVIDENCE,WS-REBASELINE-20260819-001,YES,HISTORICAL_RECORD,HISTORICAL_ONLY,NO,NO,LS-WS-0179,Pre-epoch evidence retained as historical fact only.
records/evidence/runs/C140_LIVE_ACT_OBS_REVIEW.md,EVIDENCE,WS-REBASELINE-20260819-001,YES,HISTORICAL_RECORD,HISTORICAL_ONLY,NO,NO,LS-WS-0181,Pre-epoch evidence retained as historical fact only.
records/evidence/runs/C140_OP_CMDS.md,EVIDENCE,WS-REBASELINE-20260819-001,YES,HISTORICAL_RECORD,HISTORICAL_ONLY,NO,NO,LS-WS-0180,Pre-epoch evidence retained as historical fact only.
records/evidence/runs/C141_LIVE_ACT_OBS_RESULT.md,EVIDENCE,WS-REBASELINE-20260819-001,YES,HISTORICAL_RECORD,HISTORICAL_ONLY,NO,NO,LS-WS-0183,Pre-epoch evidence retained as historical fact only.
records/evidence/runs/C141_OP_CMDS.md,EVIDENCE,WS-REBASELINE-20260819-001,YES,HISTORICAL_RECORD,HISTORICAL_ONLY,NO,NO,LS-WS-0182,Pre-epoch evidence retained as historical fact only.
records/evidence/runs/C142_OP_CMDS.md,EVIDENCE,WS-REBASELINE-20260819-001,YES,HISTORICAL_RECORD,HISTORICAL_ONLY,NO,NO,LS-WS-0184,Pre-epoch evidence retained as historical fact only.
records/evidence/runs/C143_OP_CMDS.md,EVIDENCE,WS-REBASELINE-20260819-001,YES,HISTORICAL_RECORD,HISTORICAL_ONLY,NO,NO,LS-WS-0186,Pre-epoch evidence retained as historical fact only.
records/evidence/runs/C144_OP_CMDS.md,EVIDENCE,WS-REBASELINE-20260819-001,YES,HISTORICAL_RECORD,HISTORICAL_ONLY,NO,NO,LS-WS-0188,Pre-epoch evidence retained as historical fact only.
records/evidence/runs/C145_OP_CMDS.md,EVIDENCE,WS-REBASELINE-20260819-001,YES,HISTORICAL_RECORD,HISTORICAL_ONLY,NO,NO,LS-WS-0190,Pre-epoch evidence retained as historical fact only.
records/evidence/runs/C146_LIVE_ACT_EXEC_REVIEW.md,EVIDENCE,WS-REBASELINE-20260819-001,YES,HISTORICAL_RECORD,HISTORICAL_ONLY,NO,NO,LS-WS-0193,Pre-epoch evidence retained as historical fact only.
records/evidence/runs/C146_OP_CMDS.md,EVIDENCE,WS-REBASELINE-20260819-001,YES,HISTORICAL_RECORD,HISTORICAL_ONLY,NO,NO,LS-WS-0192,Pre-epoch evidence retained as historical fact only.
records/evidence/runs/C147_LIVE_ACT_OBS_REVIEW.md,EVIDENCE,WS-REBASELINE-20260819-001,YES,HISTORICAL_RECORD,HISTORICAL_ONLY,NO,NO,LS-WS-0195,Pre-epoch evidence retained as historical fact only.
records/evidence/runs/C147_OP_CMDS.md,EVIDENCE,WS-REBASELINE-20260819-001,YES,HISTORICAL_RECORD,HISTORICAL_ONLY,NO,NO,LS-WS-0194,Pre-epoch evidence retained as historical fact only.
records/evidence/runs/C148_LIVE_ACT_OBS_RESULT.md,EVIDENCE,WS-REBASELINE-20260819-001,YES,HISTORICAL_RECORD,HISTORICAL_ONLY,NO,NO,LS-WS-0197,Pre-epoch evidence retained as historical fact only.
records/evidence/runs/C148_OP_CMDS.md,EVIDENCE,WS-REBASELINE-20260819-001,YES,HISTORICAL_RECORD,HISTORICAL_ONLY,NO,NO,LS-WS-0196,Pre-epoch evidence retained as historical fact only.
records/evidence/runs/C149_OP_CMDS.md,EVIDENCE,WS-REBASELINE-20260819-001,YES,HISTORICAL_RECORD,HISTORICAL_ONLY,NO,NO,LS-WS-0198,Pre-epoch evidence retained as historical fact only.
records/evidence/runs/C150_LIVE_ACT_FINAL_EXEC.md,EVIDENCE,WS-REBASELINE-20260819-001,YES,HISTORICAL_RECORD,HISTORICAL_ONLY,NO,NO,LS-WS-0203,Pre-epoch evidence retained as historical fact only.
records/evidence/runs/C150_OP_CMDS.md,EVIDENCE,WS-REBASELINE-20260819-001,YES,HISTORICAL_RECORD,HISTORICAL_ONLY,NO,NO,LS-WS-0202,Pre-epoch evidence retained as historical fact only.
records/evidence/runs/C151_LIVE_ACT_POST_EXEC_OBS_REVIEW.md,EVIDENCE,WS-REBASELINE-20260819-001,YES,HISTORICAL_RECORD,HISTORICAL_ONLY,NO,NO,LS-WS-0205,Pre-epoch evidence retained as historical fact only.
records/evidence/runs/C151_OP_CMDS.md,EVIDENCE,WS-REBASELINE-20260819-001,YES,HISTORICAL_RECORD,HISTORICAL_ONLY,NO,NO,LS-WS-0204,Pre-epoch evidence retained as historical fact only.
records/evidence/runs/C152_LIVE_ACT_POST_EXEC_OBS_RESULT.md,EVIDENCE,WS-REBASELINE-20260819-001,YES,HISTORICAL_RECORD,HISTORICAL_ONLY,NO,NO,LS-WS-0207,Pre-epoch evidence retained as historical fact only.
records/evidence/runs/C152_OP_CMDS.md,EVIDENCE,WS-REBASELINE-20260819-001,YES,HISTORICAL_RECORD,HISTORICAL_ONLY,NO,NO,LS-WS-0206,Pre-epoch evidence retained as historical fact only.
records/evidence/runs/C153_OP_CMDS.md,EVIDENCE,WS-REBASELINE-20260819-001,YES,HISTORICAL_RECORD,HISTORICAL_ONLY,NO,NO,LS-WS-0208,Pre-epoch evidence retained as historical fact only.
records/evidence/runs/C154_LIVE_OUTPUT_EXEC.md,EVIDENCE,WS-REBASELINE-20260819-001,YES,HISTORICAL_RECORD,HISTORICAL_ONLY,NO,NO,LS-WS-0211,Pre-epoch evidence retained as historical fact only.
records/evidence/runs/C154_OP_CMDS.md,EVIDENCE,WS-REBASELINE-20260819-001,YES,HISTORICAL_RECORD,HISTORICAL_ONLY,NO,NO,LS-WS-0210,Pre-epoch evidence retained as historical fact only.
records/evidence/runs/C155_LIVE_OUTPUT_RESULT.md,EVIDENCE,WS-REBASELINE-20260819-001,YES,HISTORICAL_RECORD,HISTORICAL_ONLY,NO,NO,LS-WS-0213,Pre-epoch evidence retained as historical fact only.
records/evidence/runs/C155_OP_CMDS.md,EVIDENCE,WS-REBASELINE-20260819-001,YES,HISTORICAL_RECORD,HISTORICAL_ONLY,NO,NO,LS-WS-0212,Pre-epoch evidence retained as historical fact only.
records/evidence/runs/C156_OP_CMDS.md,EVIDENCE,WS-REBASELINE-20260819-001,YES,HISTORICAL_RECORD,HISTORICAL_ONLY,NO,NO,LS-WS-0214,Pre-epoch evidence retained as historical fact only.
records/evidence/runs/C157_OP_CMDS.md,EVIDENCE,WS-REBASELINE-20260819-001,YES,HISTORICAL_RECORD,HISTORICAL_ONLY,NO,NO,LS-WS-0216,Pre-epoch evidence retained as historical fact only.
records/evidence/runs/C158_LIVE_PUB_EXEC.md,EVIDENCE,WS-REBASELINE-20260819-001,YES,HISTORICAL_RECORD,HISTORICAL_ONLY,NO,NO,LS-WS-0220,Pre-epoch evidence retained as historical fact only.
records/evidence/runs/C158_LIVE_PUB_RESULT.md,EVIDENCE,WS-REBASELINE-20260819-001,YES,HISTORICAL_RECORD,HISTORICAL_ONLY,NO,NO,LS-WS-0223,Pre-epoch evidence retained as historical fact only.
records/evidence/runs/C159_LIVE_PUB_POSTPUB_OBS_RESULT.md,EVIDENCE,WS-REBASELINE-20260819-001,YES,HISTORICAL_RECORD,HISTORICAL_ONLY,NO,NO,LS-WS-0227,Pre-epoch evidence retained as historical fact only.
records/evidence/runs/C159_LIVE_PUB_POSTPUB_OBS_REVIEW.md,EVIDENCE,WS-REBASELINE-20260819-001,YES,HISTORICAL_RECORD,HISTORICAL_ONLY,NO,NO,LS-WS-0228,Pre-epoch evidence retained as historical fact only.
records/evidence/runs/C160_LIVE_PC_EXEC.md,EVIDENCE,WS-REBASELINE-20260819-001,YES,HISTORICAL_RECORD,HISTORICAL_ONLY,NO,NO,LS-WS-0233,Pre-epoch evidence retained as historical fact only.
records/evidence/runs/C160_LIVE_PC_RESULT.md,EVIDENCE,WS-REBASELINE-20260819-001,YES,HISTORICAL_RECORD,HISTORICAL_ONLY,NO,NO,LS-WS-0236,Pre-epoch evidence retained as historical fact only.
records/evidence/runs/C161_LIVE_PC_DONE_EXEC.md,EVIDENCE,WS-REBASELINE-20260819-001,YES,HISTORICAL_RECORD,HISTORICAL_ONLY,NO,NO,LS-WS-0239,Pre-epoch evidence retained as historical fact only.
records/evidence/runs/C161_LIVE_PC_DONE_RESULT.md,EVIDENCE,WS-REBASELINE-20260819-001,YES,HISTORICAL_RECORD,HISTORICAL_ONLY,NO,NO,LS-WS-0242,Pre-epoch evidence retained as historical fact only.
records/evidence/runs/C162_ARCH_OP_CMDS_86ECB6.md,EVIDENCE,WS-REBASELINE-20260819-001,YES,HISTORICAL_RECORD,HISTORICAL_ONLY,NO,NO,LS-WS-0243,Pre-epoch evidence retained as historical fact only.
records/evidence/runs/C162_ARCH_OP_CMDS_949D94.md,EVIDENCE,WS-REBASELINE-20260819-001,YES,HISTORICAL_RECORD,HISTORICAL_ONLY,NO,NO,LS-WS-0246,Pre-epoch evidence retained as historical fact only.
records/evidence/runs/C162_HANDOFF_DONE_BOUNDARY_OP_CMDS.md,EVIDENCE,WS-REBASELINE-20260819-001,YES,HISTORICAL_RECORD,HISTORICAL_ONLY,NO,NO,LS-WS-0248,Pre-epoch evidence retained as historical fact only.
records/evidence/runs/C162_HANDOFF_FINAL_OP_CMDS.md,EVIDENCE,WS-REBASELINE-20260819-001,YES,HISTORICAL_RECORD,HISTORICAL_ONLY,NO,NO,LS-WS-0249,Pre-epoch evidence retained as historical fact only.
records/evidence/runs/C162_LIVE_PC_HANDOFF_ARCH_COMPLETE.md,EVIDENCE,WS-REBASELINE-20260819-001,YES,HISTORICAL_RECORD,HISTORICAL_ONLY,NO,NO,LS-WS-0251,Pre-epoch evidence retained as historical fact only.
records/evidence/runs/C162_LIVE_PC_HANDOFF_ARCH_REVIEW.md,EVIDENCE,WS-REBASELINE-20260819-001,YES,HISTORICAL_RECORD,HISTORICAL_ONLY,NO,NO,LS-WS-0254,Pre-epoch evidence retained as historical fact only.
records/evidence/runs/C162_LIVE_PC_HANDOFF_ARCH_SEAL.md,EVIDENCE,WS-REBASELINE-20260819-001,YES,HISTORICAL_RECORD,HISTORICAL_ONLY,NO,NO,LS-WS-0252,Pre-epoch evidence retained as historical fact only.
records/evidence/runs/C163_LIVE_PC_POST_HANDOFF_EXEC_REVIEW.md,EVIDENCE,WS-REBASELINE-20260819-001,YES,HISTORICAL_RECORD,HISTORICAL_ONLY,NO,NO,LS-WS-0268,Pre-epoch evidence retained as historical fact only.
records/evidence/runs/C163_LIVE_PC_POST_HANDOFF_OBS_RESULT.md,EVIDENCE,WS-REBASELINE-20260819-001,YES,HISTORICAL_RECORD,HISTORICAL_ONLY,NO,NO,LS-WS-0270,Pre-epoch evidence retained as historical fact only.
records/evidence/runs/C163_LIVE_PC_POST_HANDOFF_OBS_REVIEW.md,EVIDENCE,WS-REBASELINE-20260819-001,YES,HISTORICAL_RECORD,HISTORICAL_ONLY,NO,NO,LS-WS-0271,Pre-epoch evidence retained as historical fact only.
records/evidence/runs/C163_POST_HANDOFF_ACT_APPROVAL_OP_CMDS.md,EVIDENCE,WS-REBASELINE-20260819-001,YES,HISTORICAL_RECORD,HISTORICAL_ONLY,NO,NO,LS-WS-0259,Pre-epoch evidence retained as historical fact only.
records/evidence/runs/C163_POST_HANDOFF_ACT_EXEC_OP_CMDS.md,EVIDENCE,WS-REBASELINE-20260819-001,YES,HISTORICAL_RECORD,HISTORICAL_ONLY,NO,NO,LS-WS-0260,Pre-epoch evidence retained as historical fact only.
records/evidence/runs/C163_POST_HANDOFF_ACT_GO_DECISION_FINAL_OP_CMDS.md,EVIDENCE,WS-REBASELINE-20260819-001,YES,HISTORICAL_RECORD,HISTORICAL_ONLY,NO,NO,LS-WS-0261,Pre-epoch evidence retained as historical fact only.
records/evidence/runs/C163_POST_HANDOFF_ACT_OBS_OP_CMDS.md,EVIDENCE,WS-REBASELINE-20260819-001,YES,HISTORICAL_RECORD,HISTORICAL_ONLY,NO,NO,LS-WS-0262,Pre-epoch evidence retained as historical fact only.
records/evidence/runs/C163_POST_HANDOFF_ACT_OBS_RESULT_OP_CMDS.md,EVIDENCE,WS-REBASELINE-20260819-001,YES,HISTORICAL_RECORD,HISTORICAL_ONLY,NO,NO,LS-WS-0263,Pre-epoch evidence retained as historical fact only.
records/evidence/runs/C163_POST_HANDOFF_ACT_OP_GO_NO_GO_OP_CMDS.md,EVIDENCE,WS-REBASELINE-20260819-001,YES,HISTORICAL_RECORD,HISTORICAL_ONLY,NO,NO,LS-WS-0264,Pre-epoch evidence retained as historical fact only.
records/evidence/runs/C163_POST_HANDOFF_ACT_READY_OP_CMDS.md,EVIDENCE,WS-REBASELINE-20260819-001,YES,HISTORICAL_RECORD,HISTORICAL_ONLY,NO,NO,LS-WS-0265,Pre-epoch evidence retained as historical fact only.
records/evidence/runs/C163_POST_HANDOFF_BOUNDARY_OP_CMDS.md,EVIDENCE,WS-REBASELINE-20260819-001,YES,HISTORICAL_RECORD,HISTORICAL_ONLY,NO,NO,LS-WS-0266,Pre-epoch evidence retained as historical fact only.
records/evidence/runs/C164_LIVE_PC_POST_HANDOFF_DONE_EXEC.md,EVIDENCE,WS-REBASELINE-20260819-001,YES,HISTORICAL_RECORD,HISTORICAL_ONLY,NO,NO,LS-WS-0281,Pre-epoch evidence retained as historical fact only.
records/evidence/runs/C164_LIVE_PC_POST_HANDOFF_DONE_RESULT.md,EVIDENCE,WS-REBASELINE-20260819-001,YES,HISTORICAL_RECORD,HISTORICAL_ONLY,NO,NO,LS-WS-0284,Pre-epoch evidence retained as historical fact only.
records/evidence/runs/C164_POST_HANDOFF_ACT_DONE_BOUNDARY_OP_CMDS.md,EVIDENCE,WS-REBASELINE-20260819-001,YES,HISTORICAL_RECORD,HISTORICAL_ONLY,NO,NO,LS-WS-0275,Pre-epoch evidence retained as historical fact only.
records/evidence/runs/C164_POST_HANDOFF_ACT_DONE_EXEC_OP_CMDS.md,EVIDENCE,WS-REBASELINE-20260819-001,YES,HISTORICAL_RECORD,HISTORICAL_ONLY,NO,NO,LS-WS-0276,Pre-epoch evidence retained as historical fact only.
records/evidence/runs/C164_POST_HANDOFF_ACT_DONE_GO_DECISION_FINAL_OP_CMDS.md,EVIDENCE,WS-REBASELINE-20260819-001,YES,HISTORICAL_RECORD,HISTORICAL_ONLY,NO,NO,LS-WS-0277,Pre-epoch evidence retained as historical fact only.
records/evidence/runs/C164_POST_HANDOFF_ACT_DONE_OP_GO_NO_GO_OP_CMDS.md,EVIDENCE,WS-REBASELINE-20260819-001,YES,HISTORICAL_RECORD,HISTORICAL_ONLY,NO,NO,LS-WS-0278,Pre-epoch evidence retained as historical fact only.
records/evidence/runs/C164_POST_HANDOFF_ACT_DONE_RESULT_OP_CMDS.md,EVIDENCE,WS-REBASELINE-20260819-001,YES,HISTORICAL_RECORD,HISTORICAL_ONLY,NO,NO,LS-WS-0279,Pre-epoch evidence retained as historical fact only.
records/evidence/runs/C165_LIVE_PC_CTRL_ROLLOUT_EXEC.md,EVIDENCE,WS-REBASELINE-20260819-001,YES,HISTORICAL_RECORD,HISTORICAL_ONLY,NO,NO,LS-WS-0291,Pre-epoch evidence retained as historical fact only.
records/evidence/runs/C165_LIVE_PC_CTRL_ROLLOUT_RESULT.md,EVIDENCE,WS-REBASELINE-20260819-001,YES,HISTORICAL_RECORD,HISTORICAL_ONLY,NO,NO,LS-WS-0294,Pre-epoch evidence retained as historical fact only.
records/evidence/runs/C165_PC_CTRL_ROLLOUT_BOUNDARY_OP_CMDS.md,EVIDENCE,WS-REBASELINE-20260819-001,YES,HISTORICAL_RECORD,HISTORICAL_ONLY,NO,NO,LS-WS-0285,Pre-epoch evidence retained as historical fact only.
records/evidence/runs/C165_PC_CTRL_ROLLOUT_EXEC_OP_CMDS.md,EVIDENCE,WS-REBASELINE-20260819-001,YES,HISTORICAL_RECORD,HISTORICAL_ONLY,NO,NO,LS-WS-0286,Pre-epoch evidence retained as historical fact only.
records/evidence/runs/C165_PC_CTRL_ROLLOUT_GO_DECISION_FINAL_OP_CMDS.md,EVIDENCE,WS-REBASELINE-20260819-001,YES,HISTORICAL_RECORD,HISTORICAL_ONLY,NO,NO,LS-WS-0287,Pre-epoch evidence retained as historical fact only.
records/evidence/runs/C165_PC_CTRL_ROLLOUT_RESULT_OP_CMDS.md,EVIDENCE,WS-REBASELINE-20260819-001,YES,HISTORICAL_RECORD,HISTORICAL_ONLY,NO,NO,LS-WS-0289,Pre-epoch evidence retained as historical fact only.
records/evidence/runs/C166_LIVE_PC_ROLLOUT_OBS_RESULT.md,EVIDENCE,WS-REBASELINE-20260819-001,YES,HISTORICAL_RECORD,HISTORICAL_ONLY,NO,NO,LS-WS-0301,Pre-epoch evidence retained as historical fact only.
records/evidence/runs/C166_LIVE_PC_ROLLOUT_OBS_REVIEW.md,EVIDENCE,WS-REBASELINE-20260819-001,YES,HISTORICAL_RECORD,HISTORICAL_ONLY,NO,NO,LS-WS-0302,Pre-epoch evidence retained as historical fact only.
records/evidence/runs/C166_PC_ROLLOUT_OBS_GO_DECISION_FINAL_OP_CMDS.md,EVIDENCE,WS-REBASELINE-20260819-001,YES,HISTORICAL_RECORD,HISTORICAL_ONLY,NO,NO,LS-WS-0295,Pre-epoch evidence retained as historical fact only.
records/evidence/runs/C166_PC_ROLLOUT_OBS_OP_CMDS.md,EVIDENCE,WS-REBASELINE-20260819-001,YES,HISTORICAL_RECORD,HISTORICAL_ONLY,NO,NO,LS-WS-0297,Pre-epoch evidence retained as historical fact only.
records/evidence/runs/C166_PC_ROLLOUT_OBS_RESULT_OP_CMDS.md,EVIDENCE,WS-REBASELINE-20260819-001,YES,HISTORICAL_RECORD,HISTORICAL_ONLY,NO,NO,LS-WS-0298,Pre-epoch evidence retained as historical fact only.
records/evidence/runs/C167_PC_CTRL_ROLLOUT_DONE_BOUNDARY_OP_CMDS.md,EVIDENCE,WS-REBASELINE-20260819-001,YES,HISTORICAL_RECORD,HISTORICAL_ONLY,NO,NO,LS-WS-0303,Pre-epoch evidence retained as historical fact only.
records/evidence/runs/C168_OP_CMDS.md,EVIDENCE,WS-REBASELINE-20260819-001,YES,HISTORICAL_RECORD,HISTORICAL_ONLY,NO,NO,LS-WS-0305,Pre-epoch evidence retained as historical fact only.
records/evidence/runs/C169_OP_CMDS.md,EVIDENCE,WS-REBASELINE-20260819-001,YES,HISTORICAL_RECORD,HISTORICAL_ONLY,NO,NO,LS-WS-0307,Pre-epoch evidence retained as historical fact only.
records/evidence/runs/C170_OP_CMDS.md,EVIDENCE,WS-REBASELINE-20260819-001,YES,HISTORICAL_RECORD,HISTORICAL_ONLY,NO,NO,LS-WS-0311,Pre-epoch evidence retained as historical fact only.
records/evidence/runs/C171_FINAL_BOUNDED_REMEDIATION_OP_COMMANDS.md,EVIDENCE,WS-REBASELINE-20260819-001,YES,HISTORICAL_RECORD,HISTORICAL_ONLY,NO,NO,LS-WS-0318,Pre-epoch evidence retained as historical fact only.
records/evidence/runs/C171_FINAL_FAILED_NOT_READY_CLOSURE_OP_COMMANDS.md,EVIDENCE,WS-REBASELINE-20260819-001,YES,HISTORICAL_RECORD,HISTORICAL_ONLY,NO,NO,LS-WS-0320,Pre-epoch evidence retained as historical fact only.
records/evidence/runs/C171_LOW_PRICE_EXEC_QUALITY_C01_DRAFT_CATALOG_IMPL.md,EVIDENCE,WS-REBASELINE-20260819-001,YES,HISTORICAL_RECORD,HISTORICAL_ONLY,NO,NO,LS-WS-0322,Pre-epoch evidence retained as historical fact only.
records/evidence/runs/C17_QUALITY_PRESERVING_SAMPLE_RECOVERY_DESIGN_RESULT.md,EVIDENCE,WS-REBASELINE-20260819-001,YES,HISTORICAL_RECORD,HISTORICAL_ONLY,NO,NO,LS-WS-0332,Pre-epoch evidence retained as historical fact only.
records/evidence/runs/C29_OP_CMDS.md,EVIDENCE,WS-REBASELINE-20260819-001,YES,HISTORICAL_RECORD,HISTORICAL_ONLY,NO,NO,LS-WS-0359,Pre-epoch evidence retained as historical fact only.
records/evidence/runs/C31_CTRL_GATE_RECLASSIFICATION.md,EVIDENCE,WS-REBASELINE-20260819-001,YES,HISTORICAL_RECORD,HISTORICAL_ONLY,NO,NO,LS-WS-0362,Pre-epoch evidence retained as historical fact only.
records/evidence/runs/C32_OP_CMDS.md,EVIDENCE,WS-REBASELINE-20260819-001,YES,HISTORICAL_RECORD,HISTORICAL_ONLY,NO,NO,LS-WS-0365,Pre-epoch evidence retained as historical fact only.
records/evidence/runs/C33_OP_CMDS.md,EVIDENCE,WS-REBASELINE-20260819-001,YES,HISTORICAL_RECORD,HISTORICAL_ONLY,NO,NO,LS-WS-0367,Pre-epoch evidence retained as historical fact only.
records/evidence/runs/C34_OP_CMDS.md,EVIDENCE,WS-REBASELINE-20260819-001,YES,HISTORICAL_RECORD,HISTORICAL_ONLY,NO,NO,LS-WS-0369,Pre-epoch evidence retained as historical fact only.
records/evidence/runs/C37_IS_VALID_AND_ANTI_OVERFIT_CHECK.md,EVIDENCE,WS-REBASELINE-20260819-001,YES,HISTORICAL_RECORD,HISTORICAL_ONLY,NO,NO,LS-WS-0374,Pre-epoch evidence retained as historical fact only.
records/evidence/runs/C39_OP_CMDS.md,EVIDENCE,WS-REBASELINE-20260819-001,YES,HISTORICAL_RECORD,HISTORICAL_ONLY,NO,NO,LS-WS-0379,Pre-epoch evidence retained as historical fact only.
records/evidence/runs/C40_OP_CMDS.md,EVIDENCE,WS-REBASELINE-20260819-001,YES,HISTORICAL_RECORD,HISTORICAL_ONLY,NO,NO,LS-WS-0381,Pre-epoch evidence retained as historical fact only.
records/evidence/runs/C41_OP_CMDS.md,EVIDENCE,WS-REBASELINE-20260819-001,YES,HISTORICAL_RECORD,HISTORICAL_ONLY,NO,NO,LS-WS-0383,Pre-epoch evidence retained as historical fact only.
records/evidence/runs/C43_OP_CMDS.md,EVIDENCE,WS-REBASELINE-20260819-001,YES,HISTORICAL_RECORD,HISTORICAL_ONLY,NO,NO,LS-WS-0386,Pre-epoch evidence retained as historical fact only.
records/evidence/runs/C44_OP_CMDS.md,EVIDENCE,WS-REBASELINE-20260819-001,YES,HISTORICAL_RECORD,HISTORICAL_ONLY,NO,NO,LS-WS-0389,Pre-epoch evidence retained as historical fact only.
records/evidence/runs/C45_OP_CMDS.md,EVIDENCE,WS-REBASELINE-20260819-001,YES,HISTORICAL_RECORD,HISTORICAL_ONLY,NO,NO,LS-WS-0391,Pre-epoch evidence retained as historical fact only.
records/evidence/runs/C46_OP_CMDS.md,EVIDENCE,WS-REBASELINE-20260819-001,YES,HISTORICAL_RECORD,HISTORICAL_ONLY,NO,NO,LS-WS-0393,Pre-epoch evidence retained as historical fact only.
records/evidence/runs/C47_OP_CMDS.md,EVIDENCE,WS-REBASELINE-20260819-001,YES,HISTORICAL_RECORD,HISTORICAL_ONLY,NO,NO,LS-WS-0395,Pre-epoch evidence retained as historical fact only.
records/evidence/runs/C52_OP_CMDS.md,EVIDENCE,WS-REBASELINE-20260819-001,YES,HISTORICAL_RECORD,HISTORICAL_ONLY,NO,NO,LS-WS-0405,Pre-epoch evidence retained as historical fact only.
records/evidence/runs/C53_OP_CMDS.md,EVIDENCE,WS-REBASELINE-20260819-001,YES,HISTORICAL_RECORD,HISTORICAL_ONLY,NO,NO,LS-WS-0407,Pre-epoch evidence retained as historical fact only.
records/evidence/runs/C54_OP_CMDS.md,EVIDENCE,WS-REBASELINE-20260819-001,YES,HISTORICAL_RECORD,HISTORICAL_ONLY,NO,NO,LS-WS-0408,Pre-epoch evidence retained as historical fact only.
records/evidence/runs/C58_OP_CMDS.md,EVIDENCE,WS-REBASELINE-20260819-001,YES,HISTORICAL_RECORD,HISTORICAL_ONLY,NO,NO,LS-WS-0417,Pre-epoch evidence retained as historical fact only.
records/evidence/runs/C59_OP_CMDS.md,EVIDENCE,WS-REBASELINE-20260819-001,YES,HISTORICAL_RECORD,HISTORICAL_ONLY,NO,NO,LS-WS-0419,Pre-epoch evidence retained as historical fact only.
records/evidence/runs/C60_OP_CMDS.md,EVIDENCE,WS-REBASELINE-20260819-001,YES,HISTORICAL_RECORD,HISTORICAL_ONLY,NO,NO,LS-WS-0420,Pre-epoch evidence retained as historical fact only.
records/evidence/runs/C61_OP_CMDS.md,EVIDENCE,WS-REBASELINE-20260819-001,YES,HISTORICAL_RECORD,HISTORICAL_ONLY,NO,NO,LS-WS-0422,Pre-epoch evidence retained as historical fact only.
records/evidence/runs/C62_OP_CMDS.md,EVIDENCE,WS-REBASELINE-20260819-001,YES,HISTORICAL_RECORD,HISTORICAL_ONLY,NO,NO,LS-WS-0424,Pre-epoch evidence retained as historical fact only.
records/evidence/runs/C63_OP_CMDS.md,EVIDENCE,WS-REBASELINE-20260819-001,YES,HISTORICAL_RECORD,HISTORICAL_ONLY,NO,NO,LS-WS-0426,Pre-epoch evidence retained as historical fact only.
records/evidence/runs/C64_OP_CMDS.md,EVIDENCE,WS-REBASELINE-20260819-001,YES,HISTORICAL_RECORD,HISTORICAL_ONLY,NO,NO,LS-WS-0428,Pre-epoch evidence retained as historical fact only.
records/evidence/runs/C65_OP_CMDS.md,EVIDENCE,WS-REBASELINE-20260819-001,YES,HISTORICAL_RECORD,HISTORICAL_ONLY,NO,NO,LS-WS-0430,Pre-epoch evidence retained as historical fact only.
records/evidence/runs/C66_OP_CMDS.md,EVIDENCE,WS-REBASELINE-20260819-001,YES,HISTORICAL_RECORD,HISTORICAL_ONLY,NO,NO,LS-WS-0432,Pre-epoch evidence retained as historical fact only.
records/evidence/runs/C67_OP_CMDS.md,EVIDENCE,WS-REBASELINE-20260819-001,YES,HISTORICAL_RECORD,HISTORICAL_ONLY,NO,NO,LS-WS-0434,Pre-epoch evidence retained as historical fact only.
records/evidence/runs/C68_OP_CMDS.md,EVIDENCE,WS-REBASELINE-20260819-001,YES,HISTORICAL_RECORD,HISTORICAL_ONLY,NO,NO,LS-WS-0436,Pre-epoch evidence retained as historical fact only.
records/evidence/runs/C68_PROD_CATALOG_ACT_EXEC_REVIEW.md,EVIDENCE,WS-REBASELINE-20260819-001,YES,HISTORICAL_RECORD,HISTORICAL_ONLY,NO,NO,LS-WS-0437,Pre-epoch evidence retained as historical fact only.
records/evidence/runs/C69_OP_CMDS.md,EVIDENCE,WS-REBASELINE-20260819-001,YES,HISTORICAL_RECORD,HISTORICAL_ONLY,NO,NO,LS-WS-0438,Pre-epoch evidence retained as historical fact only.
records/evidence/runs/C69_PROD_DEPLOYMENT_PREP_OR_BRIDGE_REVIEW.md,EVIDENCE,WS-REBASELINE-20260819-001,YES,HISTORICAL_RECORD,HISTORICAL_ONLY,NO,NO,LS-WS-0439,Pre-epoch evidence retained as historical fact only.
records/evidence/runs/C70_OP_CMDS.md,EVIDENCE,WS-REBASELINE-20260819-001,YES,HISTORICAL_RECORD,HISTORICAL_ONLY,NO,NO,LS-WS-0440,Pre-epoch evidence retained as historical fact only.
records/evidence/runs/C70_PROD_DEPLOYMENT_EXEC_REVIEW.md,EVIDENCE,WS-REBASELINE-20260819-001,YES,HISTORICAL_RECORD,HISTORICAL_ONLY,NO,NO,LS-WS-0441,Pre-epoch evidence retained as historical fact only.
records/evidence/runs/C71_OP_CMDS.md,EVIDENCE,WS-REBASELINE-20260819-001,YES,HISTORICAL_RECORD,HISTORICAL_ONLY,NO,NO,LS-WS-0442,Pre-epoch evidence retained as historical fact only.
records/evidence/runs/C71_SHADOW_READ_OR_DRY_RUN_RUN_VALID.md,EVIDENCE,WS-REBASELINE-20260819-001,YES,HISTORICAL_RECORD,HISTORICAL_ONLY,NO,NO,LS-WS-0443,Pre-epoch evidence retained as historical fact only.
records/evidence/runs/C72_CTRL_OPT_IN_RUN_BRIDGE_VALID.md,EVIDENCE,WS-REBASELINE-20260819-001,YES,HISTORICAL_RECORD,HISTORICAL_ONLY,NO,NO,LS-WS-0444,Pre-epoch evidence retained as historical fact only.
records/evidence/runs/C72_OP_CMDS.md,EVIDENCE,WS-REBASELINE-20260819-001,YES,HISTORICAL_RECORD,HISTORICAL_ONLY,NO,NO,LS-WS-0445,Pre-epoch evidence retained as historical fact only.
records/evidence/runs/C73_OP_CMDS.md,EVIDENCE,WS-REBASELINE-20260819-001,YES,HISTORICAL_RECORD,HISTORICAL_ONLY,NO,NO,LS-WS-0447,Pre-epoch evidence retained as historical fact only.
records/evidence/runs/C74_OP_CMDS.md,EVIDENCE,WS-REBASELINE-20260819-001,YES,HISTORICAL_RECORD,HISTORICAL_ONLY,NO,NO,LS-WS-0449,Pre-epoch evidence retained as historical fact only.
records/evidence/runs/C75_OP_CMDS.md,EVIDENCE,WS-REBASELINE-20260819-001,YES,HISTORICAL_RECORD,HISTORICAL_ONLY,NO,NO,LS-WS-0451,Pre-epoch evidence retained as historical fact only.
records/evidence/runs/C76_OP_CMDS.md,EVIDENCE,WS-REBASELINE-20260819-001,YES,HISTORICAL_RECORD,HISTORICAL_ONLY,NO,NO,LS-WS-0453,Pre-epoch evidence retained as historical fact only.
records/evidence/runs/C77_OP_CMDS.md,EVIDENCE,WS-REBASELINE-20260819-001,YES,HISTORICAL_RECORD,HISTORICAL_ONLY,NO,NO,LS-WS-0455,Pre-epoch evidence retained as historical fact only.
records/evidence/runs/C78_OP_CMDS.md,EVIDENCE,WS-REBASELINE-20260819-001,YES,HISTORICAL_RECORD,HISTORICAL_ONLY,NO,NO,LS-WS-0457,Pre-epoch evidence retained as historical fact only.
records/evidence/runs/C78_PILOT_OBS_REVIEW.md,EVIDENCE,WS-REBASELINE-20260819-001,YES,HISTORICAL_RECORD,HISTORICAL_ONLY,NO,NO,LS-WS-0456,Pre-epoch evidence retained as historical fact only.
records/evidence/runs/C79_OP_CMDS.md,EVIDENCE,WS-REBASELINE-20260819-001,YES,HISTORICAL_RECORD,HISTORICAL_ONLY,NO,NO,LS-WS-0459,Pre-epoch evidence retained as historical fact only.
records/evidence/runs/C79_PILOT_OBS_RESULT.md,EVIDENCE,WS-REBASELINE-20260819-001,YES,HISTORICAL_RECORD,HISTORICAL_ONLY,NO,NO,LS-WS-0458,Pre-epoch evidence retained as historical fact only.
records/evidence/runs/C80_OP_CMDS.md,EVIDENCE,WS-REBASELINE-20260819-001,YES,HISTORICAL_RECORD,HISTORICAL_ONLY,NO,NO,LS-WS-0461,Pre-epoch evidence retained as historical fact only.
records/evidence/runs/C81_OP_CMDS.md,EVIDENCE,WS-REBASELINE-20260819-001,YES,HISTORICAL_RECORD,HISTORICAL_ONLY,NO,NO,LS-WS-0463,Pre-epoch evidence retained as historical fact only.
records/evidence/runs/C82_OP_CMDS.md,EVIDENCE,WS-REBASELINE-20260819-001,YES,HISTORICAL_RECORD,HISTORICAL_ONLY,NO,NO,LS-WS-0465,Pre-epoch evidence retained as historical fact only.
records/evidence/runs/C83_OP_CMDS.md,EVIDENCE,WS-REBASELINE-20260819-001,YES,HISTORICAL_RECORD,HISTORICAL_ONLY,NO,NO,LS-WS-0467,Pre-epoch evidence retained as historical fact only.
records/evidence/runs/C84_OP_CMDS.md,EVIDENCE,WS-REBASELINE-20260819-001,YES,HISTORICAL_RECORD,HISTORICAL_ONLY,NO,NO,LS-WS-0469,Pre-epoch evidence retained as historical fact only.
records/evidence/runs/C84_PILOT_ACT_EXEC_REVIEW.md,EVIDENCE,WS-REBASELINE-20260819-001,YES,HISTORICAL_RECORD,HISTORICAL_ONLY,NO,NO,LS-WS-0468,Pre-epoch evidence retained as historical fact only.
records/evidence/runs/C85_OP_CMDS.md,EVIDENCE,WS-REBASELINE-20260819-001,YES,HISTORICAL_RECORD,HISTORICAL_ONLY,NO,NO,LS-WS-0471,Pre-epoch evidence retained as historical fact only.
records/evidence/runs/C85_PILOT_POST_ACT_OBS_REVIEW.md,EVIDENCE,WS-REBASELINE-20260819-001,YES,HISTORICAL_RECORD,HISTORICAL_ONLY,NO,NO,LS-WS-0470,Pre-epoch evidence retained as historical fact only.
records/evidence/runs/C86_OP_CMDS.md,EVIDENCE,WS-REBASELINE-20260819-001,YES,HISTORICAL_RECORD,HISTORICAL_ONLY,NO,NO,LS-WS-0473,Pre-epoch evidence retained as historical fact only.
records/evidence/runs/C86_PILOT_POST_ACT_OBS_RESULT.md,EVIDENCE,WS-REBASELINE-20260819-001,YES,HISTORICAL_RECORD,HISTORICAL_ONLY,NO,NO,LS-WS-0472,Pre-epoch evidence retained as historical fact only.
records/evidence/runs/C87_OP_CMDS.md,EVIDENCE,WS-REBASELINE-20260819-001,YES,HISTORICAL_RECORD,HISTORICAL_ONLY,NO,NO,LS-WS-0475,Pre-epoch evidence retained as historical fact only.
records/evidence/runs/C88_OP_CMDS.md,EVIDENCE,WS-REBASELINE-20260819-001,YES,HISTORICAL_RECORD,HISTORICAL_ONLY,NO,NO,LS-WS-0477,Pre-epoch evidence retained as historical fact only.
records/evidence/runs/C89_OP_CMDS.md,EVIDENCE,WS-REBASELINE-20260819-001,YES,HISTORICAL_RECORD,HISTORICAL_ONLY,NO,NO,LS-WS-0479,Pre-epoch evidence retained as historical fact only.
records/evidence/runs/C90_OP_CMDS.md,EVIDENCE,WS-REBASELINE-20260819-001,YES,HISTORICAL_RECORD,HISTORICAL_ONLY,NO,NO,LS-WS-0481,Pre-epoch evidence retained as historical fact only.
records/evidence/runs/C91_OP_CMDS.md,EVIDENCE,WS-REBASELINE-20260819-001,YES,HISTORICAL_RECORD,HISTORICAL_ONLY,NO,NO,LS-WS-0483,Pre-epoch evidence retained as historical fact only.
records/evidence/runs/C92_OP_CMDS.md,EVIDENCE,WS-REBASELINE-20260819-001,YES,HISTORICAL_RECORD,HISTORICAL_ONLY,NO,NO,LS-WS-0485,Pre-epoch evidence retained as historical fact only.
records/evidence/runs/C94_PILOT_POST_ACT_AUDIT_ARCH_REVIEW.md,EVIDENCE,WS-REBASELINE-20260819-001,YES,HISTORICAL_RECORD,HISTORICAL_ONLY,NO,NO,LS-WS-0488,Pre-epoch evidence retained as historical fact only.
records/evidence/runs/C95_OP_CMDS.md,EVIDENCE,WS-REBASELINE-20260819-001,YES,HISTORICAL_RECORD,HISTORICAL_ONLY,NO,NO,LS-WS-0491,Pre-epoch evidence retained as historical fact only.
records/evidence/runs/C95_PILOT_POST_ACT_AUDIT_ARCH_COMPLETE.md,EVIDENCE,WS-REBASELINE-20260819-001,YES,HISTORICAL_RECORD,HISTORICAL_ONLY,NO,NO,LS-WS-0490,Pre-epoch evidence retained as historical fact only.
records/evidence/runs/C98_OP_CMDS.md,EVIDENCE,WS-REBASELINE-20260819-001,YES,HISTORICAL_RECORD,HISTORICAL_ONLY,NO,NO,LS-WS-0496,Pre-epoch evidence retained as historical fact only.
records/evidence/runs/C98_REH_REVIEW.md,EVIDENCE,WS-REBASELINE-20260819-001,YES,HISTORICAL_RECORD,HISTORICAL_ONLY,NO,NO,LS-WS-0497,Pre-epoch evidence retained as historical fact only.
records/evidence/runs/C99_OP_CMDS.md,EVIDENCE,WS-REBASELINE-20260819-001,YES,HISTORICAL_RECORD,HISTORICAL_ONLY,NO,NO,LS-WS-0498,Pre-epoch evidence retained as historical fact only.
records/evidence/runs/C99_REH_EXEC_REVIEW.md,EVIDENCE,WS-REBASELINE-20260819-001,YES,HISTORICAL_RECORD,HISTORICAL_ONLY,NO,NO,LS-WS-0499,Pre-epoch evidence retained as historical fact only.
records/evidence/runs/E-WS-20260819-02_ONE_DOCUMENT_ONE_ROLE_VALIDATION.json,EVIDENCE,WS-REBASELINE-20260819-001,NO,HISTORICAL_RECORD,HISTORICAL_ONLY,NO,NO,,Pre-epoch evidence retained as historical fact only.
records/evidence/runs/LX-WS-0064-EVD-02_LEGACY.md,EVIDENCE,WS-REBASELINE-20260819-001,YES,HISTORICAL_RECORD,HISTORICAL_ONLY,NO,NO,LS-WS-0064,Pre-epoch evidence retained as historical fact only.
records/evidence/runs/LX-WS-0065-EVD-02_LEGACY.md,EVIDENCE,WS-REBASELINE-20260819-001,YES,HISTORICAL_RECORD,HISTORICAL_ONLY,NO,NO,LS-WS-0065,Pre-epoch evidence retained as historical fact only.
records/evidence/runs/LX-WS-0075-EVD-02_C02.md,EVIDENCE,WS-REBASELINE-20260819-001,YES,HISTORICAL_RECORD,HISTORICAL_ONLY,NO,NO,LS-WS-0075,Pre-epoch evidence retained as historical fact only.
records/evidence/runs/LX-WS-0077-EVD-02_C03.md,EVIDENCE,WS-REBASELINE-20260819-001,YES,HISTORICAL_RECORD,HISTORICAL_ONLY,NO,NO,LS-WS-0077,Pre-epoch evidence retained as historical fact only.
records/evidence/runs/LX-WS-0078-EVD-01_C03.md,EVIDENCE,WS-REBASELINE-20260819-001,YES,HISTORICAL_RECORD,HISTORICAL_ONLY,NO,NO,LS-WS-0078,Pre-epoch evidence retained as historical fact only.
records/evidence/runs/LX-WS-0079-EVD-02_C04.md,EVIDENCE,WS-REBASELINE-20260819-001,YES,HISTORICAL_RECORD,HISTORICAL_ONLY,NO,NO,LS-WS-0079,Pre-epoch evidence retained as historical fact only.
records/evidence/runs/LX-WS-0081-EVD-02_C05.md,EVIDENCE,WS-REBASELINE-20260819-001,YES,HISTORICAL_RECORD,HISTORICAL_ONLY,NO,NO,LS-WS-0081,Pre-epoch evidence retained as historical fact only.
records/evidence/runs/LX-WS-0083-EVD-02_C06.md,EVIDENCE,WS-REBASELINE-20260819-001,YES,HISTORICAL_RECORD,HISTORICAL_ONLY,NO,NO,LS-WS-0083,Pre-epoch evidence retained as historical fact only.
records/evidence/runs/LX-WS-0085-EVD-02_C07.md,EVIDENCE,WS-REBASELINE-20260819-001,YES,HISTORICAL_RECORD,HISTORICAL_ONLY,NO,NO,LS-WS-0085,Pre-epoch evidence retained as historical fact only.
records/evidence/runs/LX-WS-0087-EVD-02_C07.md,EVIDENCE,WS-REBASELINE-20260819-001,YES,HISTORICAL_RECORD,HISTORICAL_ONLY,NO,NO,LS-WS-0087,Pre-epoch evidence retained as historical fact only.
records/evidence/runs/LX-WS-0089-EVD-01_C08_C07.md,EVIDENCE,WS-REBASELINE-20260819-001,YES,HISTORICAL_RECORD,HISTORICAL_ONLY,NO,NO,LS-WS-0089,Pre-epoch evidence retained as historical fact only.
records/evidence/runs/LX-WS-0090-EVD-01_C09.md,EVIDENCE,WS-REBASELINE-20260819-001,YES,HISTORICAL_RECORD,HISTORICAL_ONLY,NO,NO,LS-WS-0090,Pre-epoch evidence retained as historical fact only.
records/evidence/runs/LX-WS-0095-EVD-02_C101.md,EVIDENCE,WS-REBASELINE-20260819-001,YES,HISTORICAL_RECORD,HISTORICAL_ONLY,NO,NO,LS-WS-0095,Pre-epoch evidence retained as historical fact only.
records/evidence/runs/LX-WS-0097-EVD-02_C102.md,EVIDENCE,WS-REBASELINE-20260819-001,YES,HISTORICAL_RECORD,HISTORICAL_ONLY,NO,NO,LS-WS-0097,Pre-epoch evidence retained as historical fact only.
records/evidence/runs/LX-WS-0099-EVD-02_C103.md,EVIDENCE,WS-REBASELINE-20260819-001,YES,HISTORICAL_RECORD,HISTORICAL_ONLY,NO,NO,LS-WS-0099,Pre-epoch evidence retained as historical fact only.
records/evidence/runs/LX-WS-0105-EVD-02_C106.md,EVIDENCE,WS-REBASELINE-20260819-001,YES,HISTORICAL_RECORD,HISTORICAL_ONLY,NO,NO,LS-WS-0105,Pre-epoch evidence retained as historical fact only.
records/evidence/runs/LX-WS-0106-EVD-02_C107.md,EVIDENCE,WS-REBASELINE-20260819-001,YES,HISTORICAL_RECORD,HISTORICAL_ONLY,NO,NO,LS-WS-0106,Pre-epoch evidence retained as historical fact only.
records/evidence/runs/LX-WS-0107-EVD-02_C107.md,EVIDENCE,WS-REBASELINE-20260819-001,YES,HISTORICAL_RECORD,HISTORICAL_ONLY,NO,NO,LS-WS-0107,Pre-epoch evidence retained as historical fact only.
records/evidence/runs/LX-WS-0108-EVD-02_C108.md,EVIDENCE,WS-REBASELINE-20260819-001,YES,HISTORICAL_RECORD,HISTORICAL_ONLY,NO,NO,LS-WS-0108,Pre-epoch evidence retained as historical fact only.
records/evidence/runs/LX-WS-0112-EVD-01_C10.md,EVIDENCE,WS-REBASELINE-20260819-001,YES,HISTORICAL_RECORD,HISTORICAL_ONLY,NO,NO,LS-WS-0112,Pre-epoch evidence retained as historical fact only.
records/evidence/runs/LX-WS-0114-EVD-02_C110.md,EVIDENCE,WS-REBASELINE-20260819-001,YES,HISTORICAL_RECORD,HISTORICAL_ONLY,NO,NO,LS-WS-0114,Pre-epoch evidence retained as historical fact only.
records/evidence/runs/LX-WS-0116-EVD-02_C111.md,EVIDENCE,WS-REBASELINE-20260819-001,YES,HISTORICAL_RECORD,HISTORICAL_ONLY,NO,NO,LS-WS-0116,Pre-epoch evidence retained as historical fact only.
records/evidence/runs/LX-WS-0117-EVD-02_C111.md,EVIDENCE,WS-REBASELINE-20260819-001,YES,HISTORICAL_RECORD,HISTORICAL_ONLY,NO,NO,LS-WS-0117,Pre-epoch evidence retained as historical fact only.
records/evidence/runs/LX-WS-0118-EVD-02_C112.md,EVIDENCE,WS-REBASELINE-20260819-001,YES,HISTORICAL_RECORD,HISTORICAL_ONLY,NO,NO,LS-WS-0118,Pre-epoch evidence retained as historical fact only.
records/evidence/runs/LX-WS-0119-EVD-02_C112.md,EVIDENCE,WS-REBASELINE-20260819-001,YES,HISTORICAL_RECORD,HISTORICAL_ONLY,NO,NO,LS-WS-0119,Pre-epoch evidence retained as historical fact only.
records/evidence/runs/LX-WS-0121-EVD-02_C113.md,EVIDENCE,WS-REBASELINE-20260819-001,YES,HISTORICAL_RECORD,HISTORICAL_ONLY,NO,NO,LS-WS-0121,Pre-epoch evidence retained as historical fact only.
records/evidence/runs/LX-WS-0122-EVD-02_C114.md,EVIDENCE,WS-REBASELINE-20260819-001,YES,HISTORICAL_RECORD,HISTORICAL_ONLY,NO,NO,LS-WS-0122,Pre-epoch evidence retained as historical fact only.
records/evidence/runs/LX-WS-0123-EVD-02_C114.md,EVIDENCE,WS-REBASELINE-20260819-001,YES,HISTORICAL_RECORD,HISTORICAL_ONLY,NO,NO,LS-WS-0123,Pre-epoch evidence retained as historical fact only.
records/evidence/runs/LX-WS-0125-EVD-02_C115.md,EVIDENCE,WS-REBASELINE-20260819-001,YES,HISTORICAL_RECORD,HISTORICAL_ONLY,NO,NO,LS-WS-0125,Pre-epoch evidence retained as historical fact only.
records/evidence/runs/LX-WS-0133-EVD-02_C119.md,EVIDENCE,WS-REBASELINE-20260819-001,YES,HISTORICAL_RECORD,HISTORICAL_ONLY,NO,NO,LS-WS-0133,Pre-epoch evidence retained as historical fact only.
records/evidence/runs/LX-WS-0137-EVD-02_C120.md,EVIDENCE,WS-REBASELINE-20260819-001,YES,HISTORICAL_RECORD,HISTORICAL_ONLY,NO,NO,LS-WS-0137,Pre-epoch evidence retained as historical fact only.
records/evidence/runs/LX-WS-0139-EVD-02_C121.md,EVIDENCE,WS-REBASELINE-20260819-001,YES,HISTORICAL_RECORD,HISTORICAL_ONLY,NO,NO,LS-WS-0139,Pre-epoch evidence retained as historical fact only.
records/evidence/runs/LX-WS-0140-EVD-02_C122.md,EVIDENCE,WS-REBASELINE-20260819-001,YES,HISTORICAL_RECORD,HISTORICAL_ONLY,NO,NO,LS-WS-0140,Pre-epoch evidence retained as historical fact only.
records/evidence/runs/LX-WS-0141-EVD-02_C122.md,EVIDENCE,WS-REBASELINE-20260819-001,YES,HISTORICAL_RECORD,HISTORICAL_ONLY,NO,NO,LS-WS-0141,Pre-epoch evidence retained as historical fact only.
records/evidence/runs/LX-WS-0143-EVD-02_C123.md,EVIDENCE,WS-REBASELINE-20260819-001,YES,HISTORICAL_RECORD,HISTORICAL_ONLY,NO,NO,LS-WS-0143,Pre-epoch evidence retained as historical fact only.
records/evidence/runs/LX-WS-0145-EVD-02_C124.md,EVIDENCE,WS-REBASELINE-20260819-001,YES,HISTORICAL_RECORD,HISTORICAL_ONLY,NO,NO,LS-WS-0145,Pre-epoch evidence retained as historical fact only.
records/evidence/runs/LX-WS-0146-EVD-02_C125.md,EVIDENCE,WS-REBASELINE-20260819-001,YES,HISTORICAL_RECORD,HISTORICAL_ONLY,NO,NO,LS-WS-0146,Pre-epoch evidence retained as historical fact only.
records/evidence/runs/LX-WS-0147-EVD-02_C125.md,EVIDENCE,WS-REBASELINE-20260819-001,YES,HISTORICAL_RECORD,HISTORICAL_ONLY,NO,NO,LS-WS-0147,Pre-epoch evidence retained as historical fact only.
records/evidence/runs/LX-WS-0148-EVD-02_C126.md,EVIDENCE,WS-REBASELINE-20260819-001,YES,HISTORICAL_RECORD,HISTORICAL_ONLY,NO,NO,LS-WS-0148,Pre-epoch evidence retained as historical fact only.
records/evidence/runs/LX-WS-0155-EVD-02_C129.md,EVIDENCE,WS-REBASELINE-20260819-001,YES,HISTORICAL_RECORD,HISTORICAL_ONLY,NO,NO,LS-WS-0155,Pre-epoch evidence retained as historical fact only.
records/evidence/runs/LX-WS-0157-EVD-01_C12.md,EVIDENCE,WS-REBASELINE-20260819-001,YES,HISTORICAL_RECORD,HISTORICAL_ONLY,NO,NO,LS-WS-0157,Pre-epoch evidence retained as historical fact only.
records/evidence/runs/LX-WS-0159-EVD-02_C130.md,EVIDENCE,WS-REBASELINE-20260819-001,YES,HISTORICAL_RECORD,HISTORICAL_ONLY,NO,NO,LS-WS-0159,Pre-epoch evidence retained as historical fact only.
records/evidence/runs/LX-WS-0161-EVD-02_C131.md,EVIDENCE,WS-REBASELINE-20260819-001,YES,HISTORICAL_RECORD,HISTORICAL_ONLY,NO,NO,LS-WS-0161,Pre-epoch evidence retained as historical fact only.
records/evidence/runs/LX-WS-0169-EVD-02_C135.md,EVIDENCE,WS-REBASELINE-20260819-001,YES,HISTORICAL_RECORD,HISTORICAL_ONLY,NO,NO,LS-WS-0169,Pre-epoch evidence retained as historical fact only.
records/evidence/runs/LX-WS-0171-EVD-02_C136.md,EVIDENCE,WS-REBASELINE-20260819-001,YES,HISTORICAL_RECORD,HISTORICAL_ONLY,NO,NO,LS-WS-0171,Pre-epoch evidence retained as historical fact only.
records/evidence/runs/LX-WS-0173-EVD-02_C137.md,EVIDENCE,WS-REBASELINE-20260819-001,YES,HISTORICAL_RECORD,HISTORICAL_ONLY,NO,NO,LS-WS-0173,Pre-epoch evidence retained as historical fact only.
records/evidence/runs/LX-WS-0175-EVD-02_C138.md,EVIDENCE,WS-REBASELINE-20260819-001,YES,HISTORICAL_RECORD,HISTORICAL_ONLY,NO,NO,LS-WS-0175,Pre-epoch evidence retained as historical fact only.
records/evidence/runs/LX-WS-0178-EVD-01_C13.md,EVIDENCE,WS-REBASELINE-20260819-001,YES,HISTORICAL_RECORD,HISTORICAL_ONLY,NO,NO,LS-WS-0178,Pre-epoch evidence retained as historical fact only.
records/evidence/runs/LX-WS-0185-EVD-02_C142.md,EVIDENCE,WS-REBASELINE-20260819-001,YES,HISTORICAL_RECORD,HISTORICAL_ONLY,NO,NO,LS-WS-0185,Pre-epoch evidence retained as historical fact only.
records/evidence/runs/LX-WS-0187-EVD-02_C143.md,EVIDENCE,WS-REBASELINE-20260819-001,YES,HISTORICAL_RECORD,HISTORICAL_ONLY,NO,NO,LS-WS-0187,Pre-epoch evidence retained as historical fact only.
records/evidence/runs/LX-WS-0189-EVD-02_C144.md,EVIDENCE,WS-REBASELINE-20260819-001,YES,HISTORICAL_RECORD,HISTORICAL_ONLY,NO,NO,LS-WS-0189,Pre-epoch evidence retained as historical fact only.
records/evidence/runs/LX-WS-0191-EVD-02_C145.md,EVIDENCE,WS-REBASELINE-20260819-001,YES,HISTORICAL_RECORD,HISTORICAL_ONLY,NO,NO,LS-WS-0191,Pre-epoch evidence retained as historical fact only.
records/evidence/runs/LX-WS-0199-EVD-02_C149.md,EVIDENCE,WS-REBASELINE-20260819-001,YES,HISTORICAL_RECORD,HISTORICAL_ONLY,NO,NO,LS-WS-0199,Pre-epoch evidence retained as historical fact only.
records/evidence/runs/LX-WS-0200-EVD-01_C14.md,EVIDENCE,WS-REBASELINE-20260819-001,YES,HISTORICAL_RECORD,HISTORICAL_ONLY,NO,NO,LS-WS-0200,Pre-epoch evidence retained as historical fact only.
records/evidence/runs/LX-WS-0201-EVD-01_C14.md,EVIDENCE,WS-REBASELINE-20260819-001,YES,HISTORICAL_RECORD,HISTORICAL_ONLY,NO,NO,LS-WS-0201,Pre-epoch evidence retained as historical fact only.
records/evidence/runs/LX-WS-0209-EVD-02_C153.md,EVIDENCE,WS-REBASELINE-20260819-001,YES,HISTORICAL_RECORD,HISTORICAL_ONLY,NO,NO,LS-WS-0209,Pre-epoch evidence retained as historical fact only.
records/evidence/runs/LX-WS-0215-EVD-02_C156.md,EVIDENCE,WS-REBASELINE-20260819-001,YES,HISTORICAL_RECORD,HISTORICAL_ONLY,NO,NO,LS-WS-0215,Pre-epoch evidence retained as historical fact only.
records/evidence/runs/LX-WS-0217-EVD-02_C157.md,EVIDENCE,WS-REBASELINE-20260819-001,YES,HISTORICAL_RECORD,HISTORICAL_ONLY,NO,NO,LS-WS-0217,Pre-epoch evidence retained as historical fact only.
records/evidence/runs/LX-WS-0218-EVD-02_C158.md,EVIDENCE,WS-REBASELINE-20260819-001,YES,HISTORICAL_RECORD,HISTORICAL_ONLY,NO,NO,LS-WS-0218,Pre-epoch evidence retained as historical fact only.
records/evidence/runs/LX-WS-0219-EVD-02_C158.md,EVIDENCE,WS-REBASELINE-20260819-001,YES,HISTORICAL_RECORD,HISTORICAL_ONLY,NO,NO,LS-WS-0219,Pre-epoch evidence retained as historical fact only.
records/evidence/runs/LX-WS-0221-EVD-02_C158.md,EVIDENCE,WS-REBASELINE-20260819-001,YES,HISTORICAL_RECORD,HISTORICAL_ONLY,NO,NO,LS-WS-0221,Pre-epoch evidence retained as historical fact only.
records/evidence/runs/LX-WS-0222-EVD-02_C158.md,EVIDENCE,WS-REBASELINE-20260819-001,YES,HISTORICAL_RECORD,HISTORICAL_ONLY,NO,NO,LS-WS-0222,Pre-epoch evidence retained as historical fact only.
records/evidence/runs/LX-WS-0224-EVD-02_C159.md,EVIDENCE,WS-REBASELINE-20260819-001,YES,HISTORICAL_RECORD,HISTORICAL_ONLY,NO,NO,LS-WS-0224,Pre-epoch evidence retained as historical fact only.
records/evidence/runs/LX-WS-0225-EVD-02_C159.md,EVIDENCE,WS-REBASELINE-20260819-001,YES,HISTORICAL_RECORD,HISTORICAL_ONLY,NO,NO,LS-WS-0225,Pre-epoch evidence retained as historical fact only.
records/evidence/runs/LX-WS-0226-EVD-02_C159.md,EVIDENCE,WS-REBASELINE-20260819-001,YES,HISTORICAL_RECORD,HISTORICAL_ONLY,NO,NO,LS-WS-0226,Pre-epoch evidence retained as historical fact only.
records/evidence/runs/LX-WS-0229-EVD-01_C15.md,EVIDENCE,WS-REBASELINE-20260819-001,YES,HISTORICAL_RECORD,HISTORICAL_ONLY,NO,NO,LS-WS-0229,Pre-epoch evidence retained as historical fact only.
records/evidence/runs/LX-WS-0230-EVD-02_C15.md,EVIDENCE,WS-REBASELINE-20260819-001,YES,HISTORICAL_RECORD,HISTORICAL_ONLY,NO,NO,LS-WS-0230,Pre-epoch evidence retained as historical fact only.
records/evidence/runs/LX-WS-0231-EVD-02_C160.md,EVIDENCE,WS-REBASELINE-20260819-001,YES,HISTORICAL_RECORD,HISTORICAL_ONLY,NO,NO,LS-WS-0231,Pre-epoch evidence retained as historical fact only.
records/evidence/runs/LX-WS-0232-EVD-02_C160.md,EVIDENCE,WS-REBASELINE-20260819-001,YES,HISTORICAL_RECORD,HISTORICAL_ONLY,NO,NO,LS-WS-0232,Pre-epoch evidence retained as historical fact only.
records/evidence/runs/LX-WS-0234-EVD-02_C160.md,EVIDENCE,WS-REBASELINE-20260819-001,YES,HISTORICAL_RECORD,HISTORICAL_ONLY,NO,NO,LS-WS-0234,Pre-epoch evidence retained as historical fact only.
records/evidence/runs/LX-WS-0235-EVD-02_C160.md,EVIDENCE,WS-REBASELINE-20260819-001,YES,HISTORICAL_RECORD,HISTORICAL_ONLY,NO,NO,LS-WS-0235,Pre-epoch evidence retained as historical fact only.
records/evidence/runs/LX-WS-0237-EVD-02_C161.md,EVIDENCE,WS-REBASELINE-20260819-001,YES,HISTORICAL_RECORD,HISTORICAL_ONLY,NO,NO,LS-WS-0237,Pre-epoch evidence retained as historical fact only.
records/evidence/runs/LX-WS-0238-EVD-02_C161.md,EVIDENCE,WS-REBASELINE-20260819-001,YES,HISTORICAL_RECORD,HISTORICAL_ONLY,NO,NO,LS-WS-0238,Pre-epoch evidence retained as historical fact only.
records/evidence/runs/LX-WS-0240-EVD-02_C161.md,EVIDENCE,WS-REBASELINE-20260819-001,YES,HISTORICAL_RECORD,HISTORICAL_ONLY,NO,NO,LS-WS-0240,Pre-epoch evidence retained as historical fact only.
records/evidence/runs/LX-WS-0241-EVD-02_C161.md,EVIDENCE,WS-REBASELINE-20260819-001,YES,HISTORICAL_RECORD,HISTORICAL_ONLY,NO,NO,LS-WS-0241,Pre-epoch evidence retained as historical fact only.
records/evidence/runs/LX-WS-0244-EVD-02_C162.md,EVIDENCE,WS-REBASELINE-20260819-001,YES,HISTORICAL_RECORD,HISTORICAL_ONLY,NO,NO,LS-WS-0244,Pre-epoch evidence retained as historical fact only.
records/evidence/runs/LX-WS-0245-EVD-02_C162.md,EVIDENCE,WS-REBASELINE-20260819-001,YES,HISTORICAL_RECORD,HISTORICAL_ONLY,NO,NO,LS-WS-0245,Pre-epoch evidence retained as historical fact only.
records/evidence/runs/LX-WS-0247-EVD-02_C162.md,EVIDENCE,WS-REBASELINE-20260819-001,YES,HISTORICAL_RECORD,HISTORICAL_ONLY,NO,NO,LS-WS-0247,Pre-epoch evidence retained as historical fact only.
records/evidence/runs/LX-WS-0250-EVD-02_C162.md,EVIDENCE,WS-REBASELINE-20260819-001,YES,HISTORICAL_RECORD,HISTORICAL_ONLY,NO,NO,LS-WS-0250,Pre-epoch evidence retained as historical fact only.
records/evidence/runs/LX-WS-0253-EVD-02_C162.md,EVIDENCE,WS-REBASELINE-20260819-001,YES,HISTORICAL_RECORD,HISTORICAL_ONLY,NO,NO,LS-WS-0253,Pre-epoch evidence retained as historical fact only.
records/evidence/runs/LX-WS-0255-EVD-02_C162.md,EVIDENCE,WS-REBASELINE-20260819-001,YES,HISTORICAL_RECORD,HISTORICAL_ONLY,NO,NO,LS-WS-0255,Pre-epoch evidence retained as historical fact only.
records/evidence/runs/LX-WS-0256-EVD-02_C162.md,EVIDENCE,WS-REBASELINE-20260819-001,YES,HISTORICAL_RECORD,HISTORICAL_ONLY,NO,NO,LS-WS-0256,Pre-epoch evidence retained as historical fact only.
records/evidence/runs/LX-WS-0257-EVD-02_C162.md,EVIDENCE,WS-REBASELINE-20260819-001,YES,HISTORICAL_RECORD,HISTORICAL_ONLY,NO,NO,LS-WS-0257,Pre-epoch evidence retained as historical fact only.
records/evidence/runs/LX-WS-0258-EVD-02_C162.md,EVIDENCE,WS-REBASELINE-20260819-001,YES,HISTORICAL_RECORD,HISTORICAL_ONLY,NO,NO,LS-WS-0258,Pre-epoch evidence retained as historical fact only.
records/evidence/runs/LX-WS-0282-EVD-02_C164.md,EVIDENCE,WS-REBASELINE-20260819-001,YES,HISTORICAL_RECORD,HISTORICAL_ONLY,NO,NO,LS-WS-0282,Pre-epoch evidence retained as historical fact only.
records/evidence/runs/LX-WS-0283-EVD-02_C164.md,EVIDENCE,WS-REBASELINE-20260819-001,YES,HISTORICAL_RECORD,HISTORICAL_ONLY,NO,NO,LS-WS-0283,Pre-epoch evidence retained as historical fact only.
records/evidence/runs/LX-WS-0288-EVD-02_C165.md,EVIDENCE,WS-REBASELINE-20260819-001,YES,HISTORICAL_RECORD,HISTORICAL_ONLY,NO,NO,LS-WS-0288,Pre-epoch evidence retained as historical fact only.
records/evidence/runs/LX-WS-0290-EVD-02_C165.md,EVIDENCE,WS-REBASELINE-20260819-001,YES,HISTORICAL_RECORD,HISTORICAL_ONLY,NO,NO,LS-WS-0290,Pre-epoch evidence retained as historical fact only.
records/evidence/runs/LX-WS-0296-EVD-02_C166.md,EVIDENCE,WS-REBASELINE-20260819-001,YES,HISTORICAL_RECORD,HISTORICAL_ONLY,NO,NO,LS-WS-0296,Pre-epoch evidence retained as historical fact only.
records/evidence/runs/LX-WS-0306-EVD-01_C168.md,EVIDENCE,WS-REBASELINE-20260819-001,YES,HISTORICAL_RECORD,HISTORICAL_ONLY,NO,NO,LS-WS-0306,Pre-epoch evidence retained as historical fact only.
records/evidence/runs/LX-WS-0308-EVD-01_C169.md,EVIDENCE,WS-REBASELINE-20260819-001,YES,HISTORICAL_RECORD,HISTORICAL_ONLY,NO,NO,LS-WS-0308,Pre-epoch evidence retained as historical fact only.
records/evidence/runs/LX-WS-0309-EVD-01_C16.md,EVIDENCE,WS-REBASELINE-20260819-001,YES,HISTORICAL_RECORD,HISTORICAL_ONLY,NO,NO,LS-WS-0309,Pre-epoch evidence retained as historical fact only.
records/evidence/runs/LX-WS-0313-EVD-01_C171_C01.md,EVIDENCE,WS-REBASELINE-20260819-001,YES,HISTORICAL_RECORD,HISTORICAL_ONLY,NO,NO,LS-WS-0313,Pre-epoch evidence retained as historical fact only.
records/evidence/runs/LX-WS-0314-EVD-01_C171_C01.md,EVIDENCE,WS-REBASELINE-20260819-001,YES,HISTORICAL_RECORD,HISTORICAL_ONLY,NO,NO,LS-WS-0314,Pre-epoch evidence retained as historical fact only.
records/evidence/runs/LX-WS-0316-EVD-01_C171.md,EVIDENCE,WS-REBASELINE-20260819-001,YES,HISTORICAL_RECORD,HISTORICAL_ONLY,NO,NO,LS-WS-0316,Pre-epoch evidence retained as historical fact only.
records/evidence/runs/LX-WS-0319-EVD-02_C171.md,EVIDENCE,WS-REBASELINE-20260819-001,YES,HISTORICAL_RECORD,HISTORICAL_ONLY,NO,NO,LS-WS-0319,Pre-epoch evidence retained as historical fact only.
records/evidence/runs/LX-WS-0321-EVD-01_C171.md,EVIDENCE,WS-REBASELINE-20260819-001,YES,HISTORICAL_RECORD,HISTORICAL_ONLY,NO,NO,LS-WS-0321,Pre-epoch evidence retained as historical fact only.
records/evidence/runs/LX-WS-0323-EVD-01_C171_C01.md,EVIDENCE,WS-REBASELINE-20260819-001,YES,HISTORICAL_RECORD,HISTORICAL_ONLY,NO,NO,LS-WS-0323,Pre-epoch evidence retained as historical fact only.
records/evidence/runs/LX-WS-0324-EVD-01_C171.md,EVIDENCE,WS-REBASELINE-20260819-001,YES,HISTORICAL_RECORD,HISTORICAL_ONLY,NO,NO,LS-WS-0324,Pre-epoch evidence retained as historical fact only.
records/evidence/runs/LX-WS-0325-EVD-01_C171.md,EVIDENCE,WS-REBASELINE-20260819-001,YES,HISTORICAL_RECORD,HISTORICAL_ONLY,NO,NO,LS-WS-0325,Pre-epoch evidence retained as historical fact only.
records/evidence/runs/LX-WS-0326-EVD-01_C171.md,EVIDENCE,WS-REBASELINE-20260819-001,YES,HISTORICAL_RECORD,HISTORICAL_ONLY,NO,NO,LS-WS-0326,Pre-epoch evidence retained as historical fact only.
records/evidence/runs/LX-WS-0327-EVD-01_C171.md,EVIDENCE,WS-REBASELINE-20260819-001,YES,HISTORICAL_RECORD,HISTORICAL_ONLY,NO,NO,LS-WS-0327,Pre-epoch evidence retained as historical fact only.
records/evidence/runs/LX-WS-0329-EVD-01_C171.md,EVIDENCE,WS-REBASELINE-20260819-001,YES,HISTORICAL_RECORD,HISTORICAL_ONLY,NO,NO,LS-WS-0329,Pre-epoch evidence retained as historical fact only.
records/evidence/runs/LX-WS-0330-EVD-01_C171.md,EVIDENCE,WS-REBASELINE-20260819-001,YES,HISTORICAL_RECORD,HISTORICAL_ONLY,NO,NO,LS-WS-0330,Pre-epoch evidence retained as historical fact only.
records/evidence/runs/LX-WS-0331-EVD-01_C17.md,EVIDENCE,WS-REBASELINE-20260819-001,YES,HISTORICAL_RECORD,HISTORICAL_ONLY,NO,NO,LS-WS-0331,Pre-epoch evidence retained as historical fact only.
records/evidence/runs/LX-WS-0333-EVD-01_C18.md,EVIDENCE,WS-REBASELINE-20260819-001,YES,HISTORICAL_RECORD,HISTORICAL_ONLY,NO,NO,LS-WS-0333,Pre-epoch evidence retained as historical fact only.
records/evidence/runs/LX-WS-0334-EVD-01_C18.md,EVIDENCE,WS-REBASELINE-20260819-001,YES,HISTORICAL_RECORD,HISTORICAL_ONLY,NO,NO,LS-WS-0334,Pre-epoch evidence retained as historical fact only.
records/evidence/runs/LX-WS-0335-EVD-02_C19.md,EVIDENCE,WS-REBASELINE-20260819-001,YES,HISTORICAL_RECORD,HISTORICAL_ONLY,NO,NO,LS-WS-0335,Pre-epoch evidence retained as historical fact only.
records/evidence/runs/LX-WS-0336-EVD-01_C19.md,EVIDENCE,WS-REBASELINE-20260819-001,YES,HISTORICAL_RECORD,HISTORICAL_ONLY,NO,NO,LS-WS-0336,Pre-epoch evidence retained as historical fact only.
records/evidence/runs/LX-WS-0337-EVD-01_C19.md,EVIDENCE,WS-REBASELINE-20260819-001,YES,HISTORICAL_RECORD,HISTORICAL_ONLY,NO,NO,LS-WS-0337,Pre-epoch evidence retained as historical fact only.
records/evidence/runs/LX-WS-0338-EVD-01_C19.md,EVIDENCE,WS-REBASELINE-20260819-001,YES,HISTORICAL_RECORD,HISTORICAL_ONLY,NO,NO,LS-WS-0338,Pre-epoch evidence retained as historical fact only.
records/evidence/runs/LX-WS-0339-EVD-01_C19.md,EVIDENCE,WS-REBASELINE-20260819-001,YES,HISTORICAL_RECORD,HISTORICAL_ONLY,NO,NO,LS-WS-0339,Pre-epoch evidence retained as historical fact only.
records/evidence/runs/LX-WS-0340-EVD-01_C20.md,EVIDENCE,WS-REBASELINE-20260819-001,YES,HISTORICAL_RECORD,HISTORICAL_ONLY,NO,NO,LS-WS-0340,Pre-epoch evidence retained as historical fact only.
records/evidence/runs/LX-WS-0341-EVD-02_C20.md,EVIDENCE,WS-REBASELINE-20260819-001,YES,HISTORICAL_RECORD,HISTORICAL_ONLY,NO,NO,LS-WS-0341,Pre-epoch evidence retained as historical fact only.
records/evidence/runs/LX-WS-0342-EVD-02_C21.md,EVIDENCE,WS-REBASELINE-20260819-001,YES,HISTORICAL_RECORD,HISTORICAL_ONLY,NO,NO,LS-WS-0342,Pre-epoch evidence retained as historical fact only.
records/evidence/runs/LX-WS-0343-EVD-01_C21.md,EVIDENCE,WS-REBASELINE-20260819-001,YES,HISTORICAL_RECORD,HISTORICAL_ONLY,NO,NO,LS-WS-0343,Pre-epoch evidence retained as historical fact only.
records/evidence/runs/LX-WS-0344-EVD-02_C22.md,EVIDENCE,WS-REBASELINE-20260819-001,YES,HISTORICAL_RECORD,HISTORICAL_ONLY,NO,NO,LS-WS-0344,Pre-epoch evidence retained as historical fact only.
records/evidence/runs/LX-WS-0345-EVD-01_C22.md,EVIDENCE,WS-REBASELINE-20260819-001,YES,HISTORICAL_RECORD,HISTORICAL_ONLY,NO,NO,LS-WS-0345,Pre-epoch evidence retained as historical fact only.
records/evidence/runs/LX-WS-0346-EVD-01_C23.md,EVIDENCE,WS-REBASELINE-20260819-001,YES,HISTORICAL_RECORD,HISTORICAL_ONLY,NO,NO,LS-WS-0346,Pre-epoch evidence retained as historical fact only.
records/evidence/runs/LX-WS-0347-EVD-01_C23.md,EVIDENCE,WS-REBASELINE-20260819-001,YES,HISTORICAL_RECORD,HISTORICAL_ONLY,NO,NO,LS-WS-0347,Pre-epoch evidence retained as historical fact only.
records/evidence/runs/LX-WS-0348-EVD-01_C24_C22.md,EVIDENCE,WS-REBASELINE-20260819-001,YES,HISTORICAL_RECORD,HISTORICAL_ONLY,NO,NO,LS-WS-0348,Pre-epoch evidence retained as historical fact only.
records/evidence/runs/LX-WS-0349-EVD-01_C24.md,EVIDENCE,WS-REBASELINE-20260819-001,YES,HISTORICAL_RECORD,HISTORICAL_ONLY,NO,NO,LS-WS-0349,Pre-epoch evidence retained as historical fact only.
records/evidence/runs/LX-WS-0350-EVD-01_C25.md,EVIDENCE,WS-REBASELINE-20260819-001,YES,HISTORICAL_RECORD,HISTORICAL_ONLY,NO,NO,LS-WS-0350,Pre-epoch evidence retained as historical fact only.
records/evidence/runs/LX-WS-0351-EVD-01_C25.md,EVIDENCE,WS-REBASELINE-20260819-001,YES,HISTORICAL_RECORD,HISTORICAL_ONLY,NO,NO,LS-WS-0351,Pre-epoch evidence retained as historical fact only.
records/evidence/runs/LX-WS-0352-EVD-02_C26.md,EVIDENCE,WS-REBASELINE-20260819-001,YES,HISTORICAL_RECORD,HISTORICAL_ONLY,NO,NO,LS-WS-0352,Pre-epoch evidence retained as historical fact only.
records/evidence/runs/LX-WS-0353-EVD-01_C26.md,EVIDENCE,WS-REBASELINE-20260819-001,YES,HISTORICAL_RECORD,HISTORICAL_ONLY,NO,NO,LS-WS-0353,Pre-epoch evidence retained as historical fact only.
records/evidence/runs/LX-WS-0354-EVD-02_C27.md,EVIDENCE,WS-REBASELINE-20260819-001,YES,HISTORICAL_RECORD,HISTORICAL_ONLY,NO,NO,LS-WS-0354,Pre-epoch evidence retained as historical fact only.
records/evidence/runs/LX-WS-0355-EVD-01_C27.md,EVIDENCE,WS-REBASELINE-20260819-001,YES,HISTORICAL_RECORD,HISTORICAL_ONLY,NO,NO,LS-WS-0355,Pre-epoch evidence retained as historical fact only.
records/evidence/runs/LX-WS-0356-EVD-01_C28.md,EVIDENCE,WS-REBASELINE-20260819-001,YES,HISTORICAL_RECORD,HISTORICAL_ONLY,NO,NO,LS-WS-0356,Pre-epoch evidence retained as historical fact only.
records/evidence/runs/LX-WS-0357-EVD-02_C28.md,EVIDENCE,WS-REBASELINE-20260819-001,YES,HISTORICAL_RECORD,HISTORICAL_ONLY,NO,NO,LS-WS-0357,Pre-epoch evidence retained as historical fact only.
records/evidence/runs/LX-WS-0358-EVD-01_C29.md,EVIDENCE,WS-REBASELINE-20260819-001,YES,HISTORICAL_RECORD,HISTORICAL_ONLY,NO,NO,LS-WS-0358,Pre-epoch evidence retained as historical fact only.
records/evidence/runs/LX-WS-0360-EVD-01_C30.md,EVIDENCE,WS-REBASELINE-20260819-001,YES,HISTORICAL_RECORD,HISTORICAL_ONLY,NO,NO,LS-WS-0360,Pre-epoch evidence retained as historical fact only.
records/evidence/runs/LX-WS-0361-EVD-01_C30.md,EVIDENCE,WS-REBASELINE-20260819-001,YES,HISTORICAL_RECORD,HISTORICAL_ONLY,NO,NO,LS-WS-0361,Pre-epoch evidence retained as historical fact only.
records/evidence/runs/LX-WS-0363-EVD-01_C31.md,EVIDENCE,WS-REBASELINE-20260819-001,YES,HISTORICAL_RECORD,HISTORICAL_ONLY,NO,NO,LS-WS-0363,Pre-epoch evidence retained as historical fact only.
records/evidence/runs/LX-WS-0364-EVD-01_C32.md,EVIDENCE,WS-REBASELINE-20260819-001,YES,HISTORICAL_RECORD,HISTORICAL_ONLY,NO,NO,LS-WS-0364,Pre-epoch evidence retained as historical fact only.
records/evidence/runs/LX-WS-0366-EVD-01_C33.md,EVIDENCE,WS-REBASELINE-20260819-001,YES,HISTORICAL_RECORD,HISTORICAL_ONLY,NO,NO,LS-WS-0366,Pre-epoch evidence retained as historical fact only.
records/evidence/runs/LX-WS-0368-EVD-01_C34.md,EVIDENCE,WS-REBASELINE-20260819-001,YES,HISTORICAL_RECORD,HISTORICAL_ONLY,NO,NO,LS-WS-0368,Pre-epoch evidence retained as historical fact only.
records/evidence/runs/LX-WS-0370-EVD-01_C35.md,EVIDENCE,WS-REBASELINE-20260819-001,YES,HISTORICAL_RECORD,HISTORICAL_ONLY,NO,NO,LS-WS-0370,Pre-epoch evidence retained as historical fact only.
records/evidence/runs/LX-WS-0371-EVD-01_C35.md,EVIDENCE,WS-REBASELINE-20260819-001,YES,HISTORICAL_RECORD,HISTORICAL_ONLY,NO,NO,LS-WS-0371,Pre-epoch evidence retained as historical fact only.
records/evidence/runs/LX-WS-0372-EVD-01_C36.md,EVIDENCE,WS-REBASELINE-20260819-001,YES,HISTORICAL_RECORD,HISTORICAL_ONLY,NO,NO,LS-WS-0372,Pre-epoch evidence retained as historical fact only.
records/evidence/runs/LX-WS-0373-EVD-01_C36.md,EVIDENCE,WS-REBASELINE-20260819-001,YES,HISTORICAL_RECORD,HISTORICAL_ONLY,NO,NO,LS-WS-0373,Pre-epoch evidence retained as historical fact only.
records/evidence/runs/LX-WS-0375-EVD-01_C37.md,EVIDENCE,WS-REBASELINE-20260819-001,YES,HISTORICAL_RECORD,HISTORICAL_ONLY,NO,NO,LS-WS-0375,Pre-epoch evidence retained as historical fact only.
records/evidence/runs/LX-WS-0376-EVD-01_C38.md,EVIDENCE,WS-REBASELINE-20260819-001,YES,HISTORICAL_RECORD,HISTORICAL_ONLY,NO,NO,LS-WS-0376,Pre-epoch evidence retained as historical fact only.
records/evidence/runs/LX-WS-0377-EVD-01_C38.md,EVIDENCE,WS-REBASELINE-20260819-001,YES,HISTORICAL_RECORD,HISTORICAL_ONLY,NO,NO,LS-WS-0377,Pre-epoch evidence retained as historical fact only.
records/evidence/runs/LX-WS-0382-EVD-01_C41.md,EVIDENCE,WS-REBASELINE-20260819-001,YES,HISTORICAL_RECORD,HISTORICAL_ONLY,NO,NO,LS-WS-0382,Pre-epoch evidence retained as historical fact only.
records/evidence/runs/LX-WS-0384-EVD-01_C42.md,EVIDENCE,WS-REBASELINE-20260819-001,YES,HISTORICAL_RECORD,HISTORICAL_ONLY,NO,NO,LS-WS-0384,Pre-epoch evidence retained as historical fact only.
records/evidence/runs/LX-WS-0385-EVD-01_C42.md,EVIDENCE,WS-REBASELINE-20260819-001,YES,HISTORICAL_RECORD,HISTORICAL_ONLY,NO,NO,LS-WS-0385,Pre-epoch evidence retained as historical fact only.
records/evidence/runs/LX-WS-0387-EVD-01_C43.md,EVIDENCE,WS-REBASELINE-20260819-001,YES,HISTORICAL_RECORD,HISTORICAL_ONLY,NO,NO,LS-WS-0387,Pre-epoch evidence retained as historical fact only.
records/evidence/runs/LX-WS-0390-EVD-02_C45_C44.md,EVIDENCE,WS-REBASELINE-20260819-001,YES,HISTORICAL_RECORD,HISTORICAL_ONLY,NO,NO,LS-WS-0390,Pre-epoch evidence retained as historical fact only.
records/evidence/runs/LX-WS-0392-EVD-02_C46.md,EVIDENCE,WS-REBASELINE-20260819-001,YES,HISTORICAL_RECORD,HISTORICAL_ONLY,NO,NO,LS-WS-0392,Pre-epoch evidence retained as historical fact only.
records/evidence/runs/LX-WS-0394-EVD-02_C47_C44.md,EVIDENCE,WS-REBASELINE-20260819-001,YES,HISTORICAL_RECORD,HISTORICAL_ONLY,NO,NO,LS-WS-0394,Pre-epoch evidence retained as historical fact only.
records/evidence/runs/LX-WS-0396-EVD-01_C48.md,EVIDENCE,WS-REBASELINE-20260819-001,YES,HISTORICAL_RECORD,HISTORICAL_ONLY,NO,NO,LS-WS-0396,Pre-epoch evidence retained as historical fact only.
records/evidence/runs/LX-WS-0397-EVD-01_C48.md,EVIDENCE,WS-REBASELINE-20260819-001,YES,HISTORICAL_RECORD,HISTORICAL_ONLY,NO,NO,LS-WS-0397,Pre-epoch evidence retained as historical fact only.
records/evidence/runs/LX-WS-0398-EVD-01_C49.md,EVIDENCE,WS-REBASELINE-20260819-001,YES,HISTORICAL_RECORD,HISTORICAL_ONLY,NO,NO,LS-WS-0398,Pre-epoch evidence retained as historical fact only.
records/evidence/runs/LX-WS-0399-EVD-01_C49.md,EVIDENCE,WS-REBASELINE-20260819-001,YES,HISTORICAL_RECORD,HISTORICAL_ONLY,NO,NO,LS-WS-0399,Pre-epoch evidence retained as historical fact only.
records/evidence/runs/LX-WS-0400-EVD-02_C50.md,EVIDENCE,WS-REBASELINE-20260819-001,YES,HISTORICAL_RECORD,HISTORICAL_ONLY,NO,NO,LS-WS-0400,Pre-epoch evidence retained as historical fact only.
records/evidence/runs/LX-WS-0401-EVD-01_C50.md,EVIDENCE,WS-REBASELINE-20260819-001,YES,HISTORICAL_RECORD,HISTORICAL_ONLY,NO,NO,LS-WS-0401,Pre-epoch evidence retained as historical fact only.
records/evidence/runs/LX-WS-0402-EVD-01_C51.md,EVIDENCE,WS-REBASELINE-20260819-001,YES,HISTORICAL_RECORD,HISTORICAL_ONLY,NO,NO,LS-WS-0402,Pre-epoch evidence retained as historical fact only.
records/evidence/runs/LX-WS-0403-EVD-01_C51.md,EVIDENCE,WS-REBASELINE-20260819-001,YES,HISTORICAL_RECORD,HISTORICAL_ONLY,NO,NO,LS-WS-0403,Pre-epoch evidence retained as historical fact only.
records/evidence/runs/LX-WS-0404-EVD-01_C52.md,EVIDENCE,WS-REBASELINE-20260819-001,YES,HISTORICAL_RECORD,HISTORICAL_ONLY,NO,NO,LS-WS-0404,Pre-epoch evidence retained as historical fact only.
records/evidence/runs/LX-WS-0406-EVD-01_C53_C52.md,EVIDENCE,WS-REBASELINE-20260819-001,YES,HISTORICAL_RECORD,HISTORICAL_ONLY,NO,NO,LS-WS-0406,Pre-epoch evidence retained as historical fact only.
records/evidence/runs/LX-WS-0409-EVD-01_C54.md,EVIDENCE,WS-REBASELINE-20260819-001,YES,HISTORICAL_RECORD,HISTORICAL_ONLY,NO,NO,LS-WS-0409,Pre-epoch evidence retained as historical fact only.
records/evidence/runs/LX-WS-0410-EVD-01_C55.md,EVIDENCE,WS-REBASELINE-20260819-001,YES,HISTORICAL_RECORD,HISTORICAL_ONLY,NO,NO,LS-WS-0410,Pre-epoch evidence retained as historical fact only.
records/evidence/runs/LX-WS-0411-EVD-01_C55.md,EVIDENCE,WS-REBASELINE-20260819-001,YES,HISTORICAL_RECORD,HISTORICAL_ONLY,NO,NO,LS-WS-0411,Pre-epoch evidence retained as historical fact only.
records/evidence/runs/LX-WS-0412-EVD-01_C56.md,EVIDENCE,WS-REBASELINE-20260819-001,YES,HISTORICAL_RECORD,HISTORICAL_ONLY,NO,NO,LS-WS-0412,Pre-epoch evidence retained as historical fact only.
records/evidence/runs/LX-WS-0413-EVD-01_C56.md,EVIDENCE,WS-REBASELINE-20260819-001,YES,HISTORICAL_RECORD,HISTORICAL_ONLY,NO,NO,LS-WS-0413,Pre-epoch evidence retained as historical fact only.
records/evidence/runs/LX-WS-0414-EVD-01_C57.md,EVIDENCE,WS-REBASELINE-20260819-001,YES,HISTORICAL_RECORD,HISTORICAL_ONLY,NO,NO,LS-WS-0414,Pre-epoch evidence retained as historical fact only.
records/evidence/runs/LX-WS-0415-EVD-01_C57.md,EVIDENCE,WS-REBASELINE-20260819-001,YES,HISTORICAL_RECORD,HISTORICAL_ONLY,NO,NO,LS-WS-0415,Pre-epoch evidence retained as historical fact only.
records/evidence/runs/LX-WS-0416-EVD-01_C58.md,EVIDENCE,WS-REBASELINE-20260819-001,YES,HISTORICAL_RECORD,HISTORICAL_ONLY,NO,NO,LS-WS-0416,Pre-epoch evidence retained as historical fact only.
records/evidence/runs/LX-WS-0421-EVD-01_C60.md,EVIDENCE,WS-REBASELINE-20260819-001,YES,HISTORICAL_RECORD,HISTORICAL_ONLY,NO,NO,LS-WS-0421,Pre-epoch evidence retained as historical fact only.
records/evidence/runs/LX-WS-0423-EVD-01_C61.md,EVIDENCE,WS-REBASELINE-20260819-001,YES,HISTORICAL_RECORD,HISTORICAL_ONLY,NO,NO,LS-WS-0423,Pre-epoch evidence retained as historical fact only.
records/evidence/runs/LX-WS-0425-EVD-02_C62_C61.md,EVIDENCE,WS-REBASELINE-20260819-001,YES,HISTORICAL_RECORD,HISTORICAL_ONLY,NO,NO,LS-WS-0425,Pre-epoch evidence retained as historical fact only.
records/evidence/runs/LX-WS-0427-EVD-01_C63.md,EVIDENCE,WS-REBASELINE-20260819-001,YES,HISTORICAL_RECORD,HISTORICAL_ONLY,NO,NO,LS-WS-0427,Pre-epoch evidence retained as historical fact only.
records/evidence/runs/LX-WS-0429-EVD-01_C64.md,EVIDENCE,WS-REBASELINE-20260819-001,YES,HISTORICAL_RECORD,HISTORICAL_ONLY,NO,NO,LS-WS-0429,Pre-epoch evidence retained as historical fact only.
records/evidence/runs/LX-WS-0431-EVD-02_C65.md,EVIDENCE,WS-REBASELINE-20260819-001,YES,HISTORICAL_RECORD,HISTORICAL_ONLY,NO,NO,LS-WS-0431,Pre-epoch evidence retained as historical fact only.
records/evidence/runs/LX-WS-0433-EVD-02_C66.md,EVIDENCE,WS-REBASELINE-20260819-001,YES,HISTORICAL_RECORD,HISTORICAL_ONLY,NO,NO,LS-WS-0433,Pre-epoch evidence retained as historical fact only.
records/evidence/runs/LX-WS-0435-EVD-01_C67.md,EVIDENCE,WS-REBASELINE-20260819-001,YES,HISTORICAL_RECORD,HISTORICAL_ONLY,NO,NO,LS-WS-0435,Pre-epoch evidence retained as historical fact only.
records/evidence/runs/LX-WS-0446-EVD-01_C73.md,EVIDENCE,WS-REBASELINE-20260819-001,YES,HISTORICAL_RECORD,HISTORICAL_ONLY,NO,NO,LS-WS-0446,Pre-epoch evidence retained as historical fact only.
records/evidence/runs/LX-WS-0448-EVD-02_C74.md,EVIDENCE,WS-REBASELINE-20260819-001,YES,HISTORICAL_RECORD,HISTORICAL_ONLY,NO,NO,LS-WS-0448,Pre-epoch evidence retained as historical fact only.
records/evidence/runs/LX-WS-0450-EVD-02_C75.md,EVIDENCE,WS-REBASELINE-20260819-001,YES,HISTORICAL_RECORD,HISTORICAL_ONLY,NO,NO,LS-WS-0450,Pre-epoch evidence retained as historical fact only.
records/evidence/runs/LX-WS-0452-EVD-02_C76.md,EVIDENCE,WS-REBASELINE-20260819-001,YES,HISTORICAL_RECORD,HISTORICAL_ONLY,NO,NO,LS-WS-0452,Pre-epoch evidence retained as historical fact only.
records/evidence/runs/LX-WS-0454-EVD-01_C77.md,EVIDENCE,WS-REBASELINE-20260819-001,YES,HISTORICAL_RECORD,HISTORICAL_ONLY,NO,NO,LS-WS-0454,Pre-epoch evidence retained as historical fact only.
records/evidence/runs/LX-WS-0460-EVD-02_C80.md,EVIDENCE,WS-REBASELINE-20260819-001,YES,HISTORICAL_RECORD,HISTORICAL_ONLY,NO,NO,LS-WS-0460,Pre-epoch evidence retained as historical fact only.
records/evidence/runs/LX-WS-0462-EVD-02_C81.md,EVIDENCE,WS-REBASELINE-20260819-001,YES,HISTORICAL_RECORD,HISTORICAL_ONLY,NO,NO,LS-WS-0462,Pre-epoch evidence retained as historical fact only.
records/evidence/runs/LX-WS-0464-EVD-02_C82.md,EVIDENCE,WS-REBASELINE-20260819-001,YES,HISTORICAL_RECORD,HISTORICAL_ONLY,NO,NO,LS-WS-0464,Pre-epoch evidence retained as historical fact only.
records/evidence/runs/LX-WS-0466-EVD-02_C83.md,EVIDENCE,WS-REBASELINE-20260819-001,YES,HISTORICAL_RECORD,HISTORICAL_ONLY,NO,NO,LS-WS-0466,Pre-epoch evidence retained as historical fact only.
records/evidence/runs/LX-WS-0474-EVD-02_C87.md,EVIDENCE,WS-REBASELINE-20260819-001,YES,HISTORICAL_RECORD,HISTORICAL_ONLY,NO,NO,LS-WS-0474,Pre-epoch evidence retained as historical fact only.
records/evidence/runs/LX-WS-0476-EVD-02_C88.md,EVIDENCE,WS-REBASELINE-20260819-001,YES,HISTORICAL_RECORD,HISTORICAL_ONLY,NO,NO,LS-WS-0476,Pre-epoch evidence retained as historical fact only.
records/evidence/runs/LX-WS-0478-EVD-02_C89.md,EVIDENCE,WS-REBASELINE-20260819-001,YES,HISTORICAL_RECORD,HISTORICAL_ONLY,NO,NO,LS-WS-0478,Pre-epoch evidence retained as historical fact only.
records/evidence/runs/LX-WS-0480-EVD-02_C90.md,EVIDENCE,WS-REBASELINE-20260819-001,YES,HISTORICAL_RECORD,HISTORICAL_ONLY,NO,NO,LS-WS-0480,Pre-epoch evidence retained as historical fact only.
records/evidence/runs/LX-WS-0482-EVD-02_C91.md,EVIDENCE,WS-REBASELINE-20260819-001,YES,HISTORICAL_RECORD,HISTORICAL_ONLY,NO,NO,LS-WS-0482,Pre-epoch evidence retained as historical fact only.
records/evidence/runs/LX-WS-0484-EVD-02_C92.md,EVIDENCE,WS-REBASELINE-20260819-001,YES,HISTORICAL_RECORD,HISTORICAL_ONLY,NO,NO,LS-WS-0484,Pre-epoch evidence retained as historical fact only.
records/evidence/runs/LX-WS-0486-EVD-02_C93.md,EVIDENCE,WS-REBASELINE-20260819-001,YES,HISTORICAL_RECORD,HISTORICAL_ONLY,NO,NO,LS-WS-0486,Pre-epoch evidence retained as historical fact only.
records/evidence/runs/LX-WS-0487-EVD-02_C93.md,EVIDENCE,WS-REBASELINE-20260819-001,YES,HISTORICAL_RECORD,HISTORICAL_ONLY,NO,NO,LS-WS-0487,Pre-epoch evidence retained as historical fact only.
records/evidence/runs/LX-WS-0489-EVD-02_C94.md,EVIDENCE,WS-REBASELINE-20260819-001,YES,HISTORICAL_RECORD,HISTORICAL_ONLY,NO,NO,LS-WS-0489,Pre-epoch evidence retained as historical fact only.
records/evidence/runs/LX-WS-0492-EVD-02_C96.md,EVIDENCE,WS-REBASELINE-20260819-001,YES,HISTORICAL_RECORD,HISTORICAL_ONLY,NO,NO,LS-WS-0492,Pre-epoch evidence retained as historical fact only.
records/evidence/runs/LX-WS-0493-EVD-02_C96.md,EVIDENCE,WS-REBASELINE-20260819-001,YES,HISTORICAL_RECORD,HISTORICAL_ONLY,NO,NO,LS-WS-0493,Pre-epoch evidence retained as historical fact only.
records/evidence/runs/LX-WS-0494-EVD-02_C97.md,EVIDENCE,WS-REBASELINE-20260819-001,YES,HISTORICAL_RECORD,HISTORICAL_ONLY,NO,NO,LS-WS-0494,Pre-epoch evidence retained as historical fact only.
records/evidence/runs/LX-WS-0495-EVD-02_C97.md,EVIDENCE,WS-REBASELINE-20260819-001,YES,HISTORICAL_RECORD,HISTORICAL_ONLY,NO,NO,LS-WS-0495,Pre-epoch evidence retained as historical fact only.
records/evidence/runs/LX-WS-0501-EVD-01_LEGACY.md,EVIDENCE,WS-REBASELINE-20260819-001,YES,HISTORICAL_RECORD,HISTORICAL_ONLY,NO,NO,LS-WS-0501,Pre-epoch evidence retained as historical fact only.
records/evidence/runs/LX-WS-0502-EVD-01_R01.md,EVIDENCE,WS-REBASELINE-20260819-001,YES,HISTORICAL_RECORD,HISTORICAL_ONLY,NO,NO,LS-WS-0502,Pre-epoch evidence retained as historical fact only.
records/evidence/runs/LX-WS-0503-EVD-01_R01.md,EVIDENCE,WS-REBASELINE-20260819-001,YES,HISTORICAL_RECORD,HISTORICAL_ONLY,NO,NO,LS-WS-0503,Pre-epoch evidence retained as historical fact only.
records/evidence/runs/LX-WS-0504-EVD-01_R02.md,EVIDENCE,WS-REBASELINE-20260819-001,YES,HISTORICAL_RECORD,HISTORICAL_ONLY,NO,NO,LS-WS-0504,Pre-epoch evidence retained as historical fact only.
records/evidence/runs/LX-WS-0509-EVD-01_S01.md,EVIDENCE,WS-REBASELINE-20260819-001,YES,HISTORICAL_RECORD,HISTORICAL_ONLY,NO,NO,LS-WS-0509,Pre-epoch evidence retained as historical fact only.
records/evidence/runs/LX-WS-0526-EVD-01_WS.md,EVIDENCE,WS-REBASELINE-20260819-001,YES,HISTORICAL_RECORD,HISTORICAL_ONLY,NO,NO,LS-WS-0526,Pre-epoch evidence retained as historical fact only.
records/evidence/runs/LX-WS-0550-EVD-02_WS.md,EVIDENCE,WS-REBASELINE-20260819-001,YES,HISTORICAL_RECORD,HISTORICAL_ONLY,NO,NO,LS-WS-0550,Pre-epoch evidence retained as historical fact only.
records/evidence/runs/LX-WS-0556-EVD-01_WS.md,EVIDENCE,WS-REBASELINE-20260819-001,YES,HISTORICAL_RECORD,HISTORICAL_ONLY,NO,NO,LS-WS-0556,Pre-epoch evidence retained as historical fact only.
records/evidence/runs/LX-WS-0566-EVD-01_B01.md,EVIDENCE,WS-REBASELINE-20260819-001,YES,HISTORICAL_RECORD,HISTORICAL_ONLY,NO,NO,LS-WS-0566,Pre-epoch evidence retained as historical fact only.
records/evidence/runs/LX-WS-0570-EVD-01_C01.md,EVIDENCE,WS-REBASELINE-20260819-001,YES,HISTORICAL_RECORD,HISTORICAL_ONLY,NO,NO,LS-WS-0570,Pre-epoch evidence retained as historical fact only.
records/evidence/runs/LX-WS-0571-EVD-01_C01.md,EVIDENCE,WS-REBASELINE-20260819-001,YES,HISTORICAL_RECORD,HISTORICAL_ONLY,NO,NO,LS-WS-0571,Pre-epoch evidence retained as historical fact only.
records/evidence/runs/LX-WS-0572-EVD-01_C15.md,EVIDENCE,WS-REBASELINE-20260819-001,YES,HISTORICAL_RECORD,HISTORICAL_ONLY,NO,NO,LS-WS-0572,Pre-epoch evidence retained as historical fact only.
records/evidence/runs/LX-WS-0577-EVD-01_C01.md,EVIDENCE,WS-REBASELINE-20260819-001,YES,HISTORICAL_RECORD,HISTORICAL_ONLY,NO,NO,LS-WS-0577,Pre-epoch evidence retained as historical fact only.
records/evidence/runs/LX-WS-0578-EVD-02_C02.md,EVIDENCE,WS-REBASELINE-20260819-001,YES,HISTORICAL_RECORD,HISTORICAL_ONLY,NO,NO,LS-WS-0578,Pre-epoch evidence retained as historical fact only.
records/evidence/runs/LX-WS-0579-EVD-01_C03.md,EVIDENCE,WS-REBASELINE-20260819-001,YES,HISTORICAL_RECORD,HISTORICAL_ONLY,NO,NO,LS-WS-0579,Pre-epoch evidence retained as historical fact only.
records/evidence/runs/LX-WS-0580-EVD-01_C04.md,EVIDENCE,WS-REBASELINE-20260819-001,YES,HISTORICAL_RECORD,HISTORICAL_ONLY,NO,NO,LS-WS-0580,Pre-epoch evidence retained as historical fact only.
records/evidence/runs/LX-WS-0581-EVD-02_C04.md,EVIDENCE,WS-REBASELINE-20260819-001,YES,HISTORICAL_RECORD,HISTORICAL_ONLY,NO,NO,LS-WS-0581,Pre-epoch evidence retained as historical fact only.
records/evidence/runs/LX-WS-0583-EVD-01_C06.md,EVIDENCE,WS-REBASELINE-20260819-001,YES,HISTORICAL_RECORD,HISTORICAL_ONLY,NO,NO,LS-WS-0583,Pre-epoch evidence retained as historical fact only.
records/evidence/runs/LX-WS-0584-EVD-01_C07.md,EVIDENCE,WS-REBASELINE-20260819-001,YES,HISTORICAL_RECORD,HISTORICAL_ONLY,NO,NO,LS-WS-0584,Pre-epoch evidence retained as historical fact only.
records/evidence/runs/LX-WS-0585-EVD-01_C14.md,EVIDENCE,WS-REBASELINE-20260819-001,YES,HISTORICAL_RECORD,HISTORICAL_ONLY,NO,NO,LS-WS-0585,Pre-epoch evidence retained as historical fact only.
records/evidence/runs/LX-WS-0586-EVD-01_C16.md,EVIDENCE,WS-REBASELINE-20260819-001,YES,HISTORICAL_RECORD,HISTORICAL_ONLY,NO,NO,LS-WS-0586,Pre-epoch evidence retained as historical fact only.
records/evidence/runs/LX-WS-0587-EVD-01_C17.md,EVIDENCE,WS-REBASELINE-20260819-001,YES,HISTORICAL_RECORD,HISTORICAL_ONLY,NO,NO,LS-WS-0587,Pre-epoch evidence retained as historical fact only.
records/evidence/runs/LX-WS-0588-EVD-01_C18.md,EVIDENCE,WS-REBASELINE-20260819-001,YES,HISTORICAL_RECORD,HISTORICAL_ONLY,NO,NO,LS-WS-0588,Pre-epoch evidence retained as historical fact only.
records/evidence/runs/LX-WS-0589-EVD-01_C21.md,EVIDENCE,WS-REBASELINE-20260819-001,YES,HISTORICAL_RECORD,HISTORICAL_ONLY,NO,NO,LS-WS-0589,Pre-epoch evidence retained as historical fact only.
records/evidence/runs/LX-WS-0590-EVD-01_C22.md,EVIDENCE,WS-REBASELINE-20260819-001,YES,HISTORICAL_RECORD,HISTORICAL_ONLY,NO,NO,LS-WS-0590,Pre-epoch evidence retained as historical fact only.
records/evidence/runs/LX-WS-0603-EVD-01_P01.md,EVIDENCE,WS-REBASELINE-20260819-001,YES,HISTORICAL_RECORD,HISTORICAL_ONLY,NO,NO,LS-WS-0603,Pre-epoch evidence retained as historical fact only.
records/evidence/runs/LX-WS-0604-EVD-01_R2.md,EVIDENCE,WS-REBASELINE-20260819-001,YES,HISTORICAL_RECORD,HISTORICAL_ONLY,NO,NO,LS-WS-0604,Pre-epoch evidence retained as historical fact only.
records/evidence/runs/LX-WS-0605-EVD-01_C20.md,EVIDENCE,WS-REBASELINE-20260819-001,YES,HISTORICAL_RECORD,HISTORICAL_ONLY,NO,NO,LS-WS-0605,Pre-epoch evidence retained as historical fact only.
records/evidence/runs/WS_BREAKOUT_INTEGRITY_B01_EXECUTION_AND_TARGET_ALIGNMENT.md,EVIDENCE,WS-REBASELINE-20260819-001,YES,HISTORICAL_RECORD,HISTORICAL_ONLY,NO,NO,LS-WS-0074,Pre-epoch evidence retained as historical fact only.
records/evidence/runs/WS_DB_DICTIONARY_AND_FIELD_USAGE_AUDIT.md,EVIDENCE,WS-REBASELINE-20260819-001,YES,HISTORICAL_RECORD,HISTORICAL_ONLY,NO,NO,LS-WS-0500,Pre-epoch evidence retained as historical fact only.
records/evidence/runs/WS_NEW_STRATEGY_R02_OPERATOR_VALIDATION_COMMANDS.md,EVIDENCE,WS-REBASELINE-20260819-001,YES,HISTORICAL_RECORD,HISTORICAL_ONLY,NO,NO,LS-WS-0505,Pre-epoch evidence retained as historical fact only.
records/history/ARCHIVE_INDEX.csv,REGISTRY,WS-REBASELINE-20260819-001,NO,HISTORICAL_RECORD,HISTORICAL_ONLY,NO,NO,,History/legacy record; never current proof.
records/history/DOCUMENT_MIGRATION_MANIFEST.csv,REGISTRY,WS-REBASELINE-20260819-001,NO,HISTORICAL_RECORD,HISTORICAL_ONLY,NO,NO,,History/legacy record; never current proof.
records/history/LEGACY_BUNDLE_EXCEPTION_INDEX.csv,REGISTRY,WS-REBASELINE-20260819-001,NO,HISTORICAL_RECORD,HISTORICAL_ONLY,NO,NO,,History/legacy record; never current proof.
records/history/LEGACY_DOCUMENT_NORMALIZATION_REPORT.md,HISTORY,WS-REBASELINE-20260819-001,NO,HISTORICAL_RECORD,HISTORICAL_ONLY,NO,NO,,History/legacy record; never current proof.
records/history/LEGACY_DOCUMENT_ROLE_AUDIT.csv,REGISTRY,WS-REBASELINE-20260819-001,NO,HISTORICAL_RECORD,HISTORICAL_ONLY,NO,NO,,History/legacy record; never current proof.
records/history/LEGACY_SECTION_ROLE_AUDIT.csv,REGISTRY,WS-REBASELINE-20260819-001,NO,HISTORICAL_RECORD,HISTORICAL_ONLY,NO,NO,,History/legacy record; never current proof.
records/history/LEGACY_SOURCE_INDEX.csv,REGISTRY,WS-REBASELINE-20260819-001,NO,HISTORICAL_RECORD,HISTORICAL_ONLY,NO,NO,,History/legacy record; never current proof.
records/history/LEGACY_SPLIT_INDEX.csv,REGISTRY,WS-REBASELINE-20260819-001,NO,HISTORICAL_RECORD,HISTORICAL_ONLY,NO,NO,,History/legacy record; never current proof.
records/history/LEGACY_SPLIT_RECONSTRUCTION_INDEX.csv,REGISTRY,WS-REBASELINE-20260819-001,NO,HISTORICAL_RECORD,HISTORICAL_ONLY,NO,NO,,History/legacy record; never current proof.
records/history/LEGACY_SPLIT_SOURCE_CATALOG.md,REGISTRY,WS-REBASELINE-20260819-001,NO,HISTORICAL_RECORD,HISTORICAL_ONLY,NO,NO,,History/legacy record; never current proof.
records/history/LEGACY_WORK_CORRELATION_INDEX.csv,REGISTRY,WS-REBASELINE-20260819-001,NO,HISTORICAL_RECORD,HISTORICAL_ONLY,NO,NO,,History/legacy record; never current proof.
records/history/PATH_REORGANIZATION_2026-08-18.csv,REGISTRY,WS-REBASELINE-20260819-001,NO,HISTORICAL_RECORD,HISTORICAL_ONLY,NO,NO,,History/legacy record; never current proof.
records/history/README.md,NAVIGATION,WS-REBASELINE-20260819-001,NO,NAVIGATION,CURRENT_NAVIGATION,NO,NO,,Navigation only; no proof effect.
records/history/REORGANIZATION_2026-08-18.md,HISTORY,WS-REBASELINE-20260819-001,NO,HISTORICAL_RECORD,HISTORICAL_ONLY,NO,NO,,History/legacy record; never current proof.
records/history/ROOT_GROUPING_REORGANIZATION_2026-08-18.csv,REGISTRY,WS-REBASELINE-20260819-001,NO,HISTORICAL_RECORD,HISTORICAL_ONLY,NO,NO,,History/legacy record; never current proof.
records/history/ROOT_GROUPING_REORGANIZATION_REPORT_2026-08-18.md,HISTORY,WS-REBASELINE-20260819-001,NO,HISTORICAL_RECORD,HISTORICAL_ONLY,NO,NO,,History/legacy record; never current proof.
records/history/archive/H0001_README.md,HISTORY,WS-REBASELINE-20260819-001,NO,HISTORICAL_RECORD,HISTORICAL_ONLY,NO,NO,,History/legacy record; never current proof.
records/history/archive/H0002_ARCHITECTURE_REFACTOR_REPORT.md,HISTORY,WS-REBASELINE-20260819-001,NO,HISTORICAL_RECORD,HISTORICAL_ONLY,NO,NO,,History/legacy record; never current proof.
records/history/archive/H0003_ARCHITECTURE_REFACTOR_VALIDATION.json,HISTORY,WS-REBASELINE-20260819-001,NO,HISTORICAL_RECORD,HISTORICAL_ONLY,NO,NO,,History/legacy record; never current proof.
records/history/archive/H0004_README.md,HISTORY,WS-REBASELINE-20260819-001,NO,HISTORICAL_RECORD,HISTORICAL_ONLY,NO,NO,,History/legacy record; never current proof.
records/history/archive/H0006_WATCHLIST_START_HERE_AND_BUILD_SEQUENCE_2026-08-18.md,HISTORY,WS-REBASELINE-20260819-001,NO,HISTORICAL_RECORD,HISTORICAL_ONLY,NO,NO,,History/legacy record; never current proof.
records/history/archive/H0007_README.md,HISTORY,WS-REBASELINE-20260819-001,NO,HISTORICAL_RECORD,HISTORICAL_ONLY,NO,NO,,History/legacy record; never current proof.
records/history/archive/H0008_WS_BACKTEST_CAMPAIGN_ADDENDA_HISTORY.md,HISTORY,WS-REBASELINE-20260819-001,NO,HISTORICAL_RECORD,HISTORICAL_ONLY,NO,NO,,History/legacy record; never current proof.
records/history/archive/H0009_WS_BACKTEST_CAMPAIGN_EVIDENCE_MANIFEST_HISTORY.md,HISTORY,WS-REBASELINE-20260819-001,NO,HISTORICAL_RECORD,HISTORICAL_ONLY,NO,NO,,History/legacy record; never current proof.
records/history/archive/H0010_WS_CAMPAIGN_REASON_CODE_EXTENSIONS.md,HISTORY,WS-REBASELINE-20260819-001,NO,HISTORICAL_RECORD,HISTORICAL_ONLY,NO,NO,,History/legacy record; never current proof.
records/history/archive/H0011_WS_CONTRACT_TEST_CAMPAIGN_ADDITIONS_HISTORY.md,HISTORY,WS-REBASELINE-20260819-001,NO,HISTORICAL_RECORD,HISTORICAL_ONLY,NO,NO,,History/legacy record; never current proof.
records/history/archive/H0012_FINAL_STRATEGY_PURITY_CLEANUP_REPORT_2026-08-16.md,HISTORY,WS-REBASELINE-20260819-001,NO,HISTORICAL_RECORD,HISTORICAL_ONLY,NO,NO,,History/legacy record; never current proof.
records/history/archive/H0013_FINAL_STRATEGY_PURITY_VALIDATION_2026-08-16.json,HISTORY,WS-REBASELINE-20260819-001,NO,HISTORICAL_RECORD,HISTORICAL_ONLY,NO,NO,,History/legacy record; never current proof.
records/history/archive/H0014_previous_STRATEGY_LAYER_CLEANUP_REPORT_2026-08-16.md,HISTORY,WS-REBASELINE-20260819-001,NO,HISTORICAL_RECORD,HISTORICAL_ONLY,NO,NO,,History/legacy record; never current proof.
records/history/archive/H0015_previous_STRATEGY_LAYER_CLEANUP_VALIDATION_2026-08-16.json,HISTORY,WS-REBASELINE-20260819-001,NO,HISTORICAL_RECORD,HISTORICAL_ONLY,NO,NO,,History/legacy record; never current proof.
records/history/archive/H0016_00_WS_SCOPE_LOCK.md,HISTORY,WS-REBASELINE-20260819-001,NO,HISTORICAL_RECORD,HISTORICAL_ONLY,NO,NO,,History/legacy record; never current proof.
records/history/archive/H0017_01_WS_OVERVIEW.md,HISTORY,WS-REBASELINE-20260819-001,NO,HISTORICAL_RECORD,HISTORICAL_ONLY,NO,NO,,History/legacy record; never current proof.
records/history/archive/H0018_02_WS_CANONICAL_RUNTIME_FLOW.md,HISTORY,WS-REBASELINE-20260819-001,NO,HISTORICAL_RECORD,HISTORICAL_ONLY,NO,NO,,History/legacy record; never current proof.
records/history/archive/H0019_08_WS_PLAN_ALGORITHM.md,HISTORY,WS-REBASELINE-20260819-001,NO,HISTORICAL_RECORD,HISTORICAL_ONLY,NO,NO,,History/legacy record; never current proof.
records/history/archive/H0020_09_WS_DYNAMIC_SELECTION_DETERMINISTIC.md,HISTORY,WS-REBASELINE-20260819-001,NO,HISTORICAL_RECORD,HISTORICAL_ONLY,NO,NO,,History/legacy record; never current proof.
records/history/archive/H0021_10_WS_CONFIRM_OVERLAY.md,HISTORY,WS-REBASELINE-20260819-001,NO,HISTORICAL_RECORD,HISTORICAL_ONLY,NO,NO,,History/legacy record; never current proof.
records/history/archive/H0022_12_WS_BACKTEST_AND_CALIBRATION_STRATEGY.md,HISTORY,WS-REBASELINE-20260819-001,NO,HISTORICAL_RECORD,HISTORICAL_ONLY,NO,NO,,History/legacy record; never current proof.
records/history/archive/H0023_22_WS_RECOMMENDATION_OVERVIEW.md,HISTORY,WS-REBASELINE-20260819-001,NO,HISTORICAL_RECORD,HISTORICAL_ONLY,NO,NO,,History/legacy record; never current proof.
records/history/archive/H0024_24_WS_RECOMMENDATION_ALGORITHM.md,HISTORY,WS-REBASELINE-20260819-001,NO,HISTORICAL_RECORD,HISTORICAL_ONLY,NO,NO,,History/legacy record; never current proof.
records/history/archive/H0025_MIGRATION_NOTE.md,HISTORY,WS-REBASELINE-20260819-001,NO,HISTORICAL_RECORD,HISTORICAL_ONLY,NO,NO,,History/legacy record; never current proof.
records/history/archive/H0026_README.md,HISTORY,WS-REBASELINE-20260819-001,NO,HISTORICAL_RECORD,HISTORICAL_ONLY,NO,NO,,History/legacy record; never current proof.
records/history/archive/H0027_16_WS_EVAL_METRICS_SUFFICIENCY_LOCKED.md,HISTORY,WS-REBASELINE-20260819-001,NO,HISTORICAL_RECORD,HISTORICAL_ONLY,NO,NO,,History/legacy record; never current proof.
records/history/archive/H0028_17_WS_WALK_FORWARD_OOS_PROOF_LOCKED.md,HISTORY,WS-REBASELINE-20260819-001,NO,HISTORICAL_RECORD,HISTORICAL_ONLY,NO,NO,,History/legacy record; never current proof.
records/history/archive/H0029_README.md,HISTORY,WS-REBASELINE-20260819-001,NO,HISTORICAL_RECORD,HISTORICAL_ONLY,NO,NO,,History/legacy record; never current proof.
records/history/archive/H0030_governance__STRATEGY_POLICY_FRAMEWORK.md,HISTORY,WS-REBASELINE-20260819-001,YES,HISTORICAL_RECORD,HISTORICAL_ONLY,NO,NO,LS-WS-0530,History/legacy record; never current proof.
records/history/archive/H0031_governance__WATCHLIST_CHANGE_IMPACT_MATRIX.md,HISTORY,WS-REBASELINE-20260819-001,YES,HISTORICAL_RECORD,HISTORICAL_ONLY,NO,NO,LS-WS-0071,History/legacy record; never current proof.
records/history/archive/H0032_governance__WATCHLIST_OWNER_MATRIX.md,HISTORY,WS-REBASELINE-20260819-001,NO,HISTORICAL_RECORD,HISTORICAL_ONLY,NO,NO,,History/legacy record; never current proof.
records/history/archive/H0033_implementation__shared__README.md,HISTORY,WS-REBASELINE-20260819-001,YES,HISTORICAL_RECORD,HISTORICAL_ONLY,NO,NO,LS-WS-0537,History/legacy record; never current proof.
records/history/archive/H0034_implementation_weekly_swing_fixtures_artifact_referenc_F4FAF874.json,HISTORY,WS-REBASELINE-20260819-001,NO,HISTORICAL_RECORD,HISTORICAL_ONLY,NO,NO,,History/legacy record; never current proof.
records/history/archive/H0035_strategy__weekly_swing__00_WS_SCOPE_LOCK.md,HISTORY,WS-REBASELINE-20260819-001,NO,HISTORICAL_RECORD,HISTORICAL_ONLY,NO,NO,,History/legacy record; never current proof.
records/history/archive/H0036_strategy__weekly_swing__01_WS_OVERVIEW.md,HISTORY,WS-REBASELINE-20260819-001,NO,HISTORICAL_RECORD,HISTORICAL_ONLY,NO,NO,,History/legacy record; never current proof.
records/history/archive/H0037_strategy__weekly_swing__02_WS_CANONICAL_RUNTIME_FLOW.md,HISTORY,WS-REBASELINE-20260819-001,NO,HISTORICAL_RECORD,HISTORICAL_ONLY,NO,NO,,History/legacy record; never current proof.
records/history/archive/H0038_strategy__weekly_swing__08_WS_PLAN_ALGORITHM.md,HISTORY,WS-REBASELINE-20260819-001,NO,HISTORICAL_RECORD,HISTORICAL_ONLY,NO,NO,,History/legacy record; never current proof.
records/history/archive/H0039_strategy__weekly_swing__09_WS_DYNAMIC_SELECTION_DETERMINISTIC.md,HISTORY,WS-REBASELINE-20260819-001,NO,HISTORICAL_RECORD,HISTORICAL_ONLY,NO,NO,,History/legacy record; never current proof.
records/history/archive/H0040_strategy__weekly_swing__10_WS_CONFIRM_OVERLAY.md,HISTORY,WS-REBASELINE-20260819-001,NO,HISTORICAL_RECORD,HISTORICAL_ONLY,NO,NO,,History/legacy record; never current proof.
records/history/archive/H0041_strategy__weekly_swing__12_WS_BACKTEST_SCHEMA_AND_CALIBRATION.md,HISTORY,WS-REBASELINE-20260819-001,NO,HISTORICAL_RECORD,HISTORICAL_ONLY,NO,NO,,History/legacy record; never current proof.
records/history/archive/H0042_strategy__weekly_swing__README.md,HISTORY,WS-REBASELINE-20260819-001,NO,HISTORICAL_RECORD,HISTORICAL_ONLY,NO,NO,,History/legacy record; never current proof.
records/history/archive/H0043_strategy_weekly_swing_validation_16_WS_EVAL_METRICS_SUFF_DDF1B526.md,HISTORY,WS-REBASELINE-20260819-001,NO,HISTORICAL_RECORD,HISTORICAL_ONLY,NO,NO,,History/legacy record; never current proof.
records/history/archive/H0044_strategy_weekly_swing_validation_17_WS_WALK_FORWARD_OOS_1D444641.md,HISTORY,WS-REBASELINE-20260819-001,NO,HISTORICAL_RECORD,HISTORICAL_ONLY,NO,NO,,History/legacy record; never current proof.
records/history/archive/H0045_CONFIRM_OPTIONAL_NON_BLOCKING_ALIGNMENT_REPORT.md,HISTORY,WS-REBASELINE-20260819-001,NO,HISTORICAL_RECORD,HISTORICAL_ONLY,NO,NO,,History/legacy record; never current proof.
records/history/archive/H0046_CONFIRM_OPTIONAL_NON_BLOCKING_VALIDATION.json,HISTORY,WS-REBASELINE-20260819-001,NO,HISTORICAL_RECORD,HISTORICAL_ONLY,NO,NO,,History/legacy record; never current proof.
records/history/archive/H0047_2026-08-17_end_to_end_strategy_lifecycle_alignment.md,HISTORY,WS-REBASELINE-20260819-001,NO,HISTORICAL_RECORD,HISTORICAL_ONLY,NO,NO,,History/legacy record; never current proof.
records/history/archive/H0048_CROSS_DOMAIN_ALIGNMENT_REPORT.md,HISTORY,WS-REBASELINE-20260819-001,NO,HISTORICAL_RECORD,HISTORICAL_ONLY,NO,NO,,History/legacy record; never current proof.
records/history/archive/H0049_CROSS_DOMAIN_VALIDATION.json,HISTORY,WS-REBASELINE-20260819-001,NO,HISTORICAL_RECORD,HISTORICAL_ONLY,NO,NO,,History/legacy record; never current proof.
records/history/archive/H0050_README.md,HISTORY,WS-REBASELINE-20260819-001,NO,HISTORICAL_RECORD,HISTORICAL_ONLY,NO,NO,,History/legacy record; never current proof.
records/history/archive/H0051_DATABASE_DICTIONARY_USAGE_RULE.md,HISTORY,WS-REBASELINE-20260819-001,NO,HISTORICAL_RECORD,HISTORICAL_ONLY,NO,NO,,History/legacy record; never current proof.
records/history/archive/H0052_CONSUMER_READ_CONTRACT_LOCKED.md,HISTORY,WS-REBASELINE-20260819-001,NO,HISTORICAL_RECORD,HISTORICAL_ONLY,NO,NO,,History/legacy record; never current proof.
records/history/archive/H0053_Downstream_Consumer_Read_Model_Contract_LOCKED.md,HISTORY,WS-REBASELINE-20260819-001,NO,HISTORICAL_RECORD,HISTORICAL_ONLY,NO,NO,,History/legacy record; never current proof.
records/history/archive/H0054_EOD_Indicators_Contract.md,HISTORY,WS-REBASELINE-20260819-001,NO,HISTORICAL_RECORD,HISTORICAL_ONLY,NO,NO,,History/legacy record; never current proof.
records/history/archive/H0055_Hash_Number_Formatting_LOCKED.md,HISTORY,WS-REBASELINE-20260819-001,NO,HISTORICAL_RECORD,HISTORICAL_ONLY,NO,NO,,History/legacy record; never current proof.
records/history/archive/H0056_EOD_Indicators_Formula_Spec.md,HISTORY,WS-REBASELINE-20260819-001,NO,HISTORICAL_RECORD,HISTORICAL_ONLY,NO,NO,,History/legacy record; never current proof.
records/history/archive/H0057_Corporate_Action_Type_Registry_LOCKED.md,HISTORY,WS-REBASELINE-20260819-001,NO,HISTORICAL_RECORD,HISTORICAL_ONLY,NO,NO,,History/legacy record; never current proof.
records/history/archive/H0058_SYSTEM_CROSS_DOMAIN_INPUT_BASELINE.md,HISTORY,WS-REBASELINE-20260819-001,NO,HISTORICAL_RECORD,HISTORICAL_ONLY,NO,NO,,History/legacy record; never current proof.
records/history/archive/H0059_SYSTEM_READINESS_CONTRACT_TRACKER.md,HISTORY,WS-REBASELINE-20260819-001,NO,HISTORICAL_RECORD,HISTORICAL_ONLY,NO,NO,,History/legacy record; never current proof.
records/history/archive/H0060_README.md,HISTORY,WS-REBASELINE-20260819-001,NO,HISTORICAL_RECORD,HISTORICAL_ONLY,NO,NO,,History/legacy record; never current proof.
records/history/archive/H0061_WATCHLIST_CHANGE_IMPACT_MATRIX.md,HISTORY,WS-REBASELINE-20260819-001,NO,HISTORICAL_RECORD,HISTORICAL_ONLY,NO,NO,,History/legacy record; never current proof.
records/history/archive/H0062_WATCHLIST_OWNER_MATRIX.md,HISTORY,WS-REBASELINE-20260819-001,NO,HISTORICAL_RECORD,HISTORICAL_ONLY,NO,NO,,History/legacy record; never current proof.
records/history/archive/H0063_AUDIT_UPDATE_GOVERNANCE.md,HISTORY,WS-REBASELINE-20260819-001,NO,HISTORICAL_RECORD,HISTORICAL_ONLY,NO,NO,,History/legacy record; never current proof.
records/history/archive/H0064_WATCHLIST_AUDIT_PROMPT_STANDARD.md,HISTORY,WS-REBASELINE-20260819-001,NO,HISTORICAL_RECORD,HISTORICAL_ONLY,NO,NO,,History/legacy record; never current proof.
records/history/archive/H0065_WATCHLIST_IMPLEMENTATION_PROMPT_STANDARD.md,HISTORY,WS-REBASELINE-20260819-001,NO,HISTORICAL_RECORD,HISTORICAL_ONLY,NO,NO,,History/legacy record; never current proof.
records/history/archive/H0066_LUMEN_CONTRACT_TRACKER.md,HISTORY,WS-REBASELINE-20260819-001,NO,HISTORICAL_RECORD,HISTORICAL_ONLY,NO,NO,,History/legacy record; never current proof.
records/history/archive/H0067_WATCHLIST_DB_DICTIONARY.md,HISTORY,WS-REBASELINE-20260819-001,YES,HISTORICAL_RECORD,HISTORICAL_ONLY,NO,NO,LS-WS-0520,History/legacy record; never current proof.
records/history/archive/H0068_00_WS_SCOPE_LOCK.md,HISTORY,WS-REBASELINE-20260819-001,NO,HISTORICAL_RECORD,HISTORICAL_ONLY,NO,NO,,History/legacy record; never current proof.
records/history/archive/H0069_01_WS_OVERVIEW.md,HISTORY,WS-REBASELINE-20260819-001,NO,HISTORICAL_RECORD,HISTORICAL_ONLY,NO,NO,,History/legacy record; never current proof.
records/history/archive/H0070_02_WS_CANONICAL_RUNTIME_FLOW.md,HISTORY,WS-REBASELINE-20260819-001,NO,HISTORICAL_RECORD,HISTORICAL_ONLY,NO,NO,,History/legacy record; never current proof.
records/history/archive/H0071_03_WS_CANDIDATE_ELIGIBILITY_AND_SETUP.md,HISTORY,WS-REBASELINE-20260819-001,NO,HISTORICAL_RECORD,HISTORICAL_ONLY,NO,NO,,History/legacy record; never current proof.
records/history/archive/H0072_04_WS_END_TO_END_STRATEGY_LIFECYCLE.md,HISTORY,WS-REBASELINE-20260819-001,NO,HISTORICAL_RECORD,HISTORICAL_ONLY,NO,NO,,History/legacy record; never current proof.
records/history/archive/H0073_08_WS_PLAN_ALGORITHM.md,HISTORY,WS-REBASELINE-20260819-001,NO,HISTORICAL_RECORD,HISTORICAL_ONLY,NO,NO,,History/legacy record; never current proof.
records/history/archive/H0074_09_WS_CANDIDATE_CLASSIFICATION_DETERMINISTIC.md,HISTORY,WS-REBASELINE-20260819-001,NO,HISTORICAL_RECORD,HISTORICAL_ONLY,NO,NO,,History/legacy record; never current proof.
records/history/archive/H0075_10_WS_CONFIRM_OVERLAY.md,HISTORY,WS-REBASELINE-20260819-001,NO,HISTORICAL_RECORD,HISTORICAL_ONLY,NO,NO,,History/legacy record; never current proof.
records/history/archive/H0076_12_WS_BACKTEST_AND_CALIBRATION_STRATEGY.md,HISTORY,WS-REBASELINE-20260819-001,NO,HISTORICAL_RECORD,HISTORICAL_ONLY,NO,NO,,History/legacy record; never current proof.
records/history/archive/H0077_22_WS_RECOMMENDATION_OVERVIEW.md,HISTORY,WS-REBASELINE-20260819-001,NO,HISTORICAL_RECORD,HISTORICAL_ONLY,NO,NO,,History/legacy record; never current proof.
records/history/archive/H0078_24_WS_RECOMMENDATION_ALGORITHM.md,HISTORY,WS-REBASELINE-20260819-001,NO,HISTORICAL_RECORD,HISTORICAL_ONLY,NO,NO,,History/legacy record; never current proof.
records/history/archive/H0079_MIGRATION_NOTE.md,HISTORY,WS-REBASELINE-20260819-001,NO,HISTORICAL_RECORD,HISTORICAL_ONLY,NO,NO,,History/legacy record; never current proof.
records/history/archive/H0080_README_BEFORE_RENAME.md,HISTORY,WS-REBASELINE-20260819-001,NO,HISTORICAL_RECORD,HISTORICAL_ONLY,NO,NO,,History/legacy record; never current proof.
records/history/archive/H0081_16_WS_EVAL_METRICS_SUFFICIENCY_LOCKED.md,HISTORY,WS-REBASELINE-20260819-001,NO,HISTORICAL_RECORD,HISTORICAL_ONLY,NO,NO,,History/legacy record; never current proof.
records/history/archive/H0082_17_WS_WALK_FORWARD_OOS_PROOF_LOCKED.md,HISTORY,WS-REBASELINE-20260819-001,NO,HISTORICAL_RECORD,HISTORICAL_ONLY,NO,NO,,History/legacy record; never current proof.
records/history/archive/H0083_AUDIT_UPDATE_GOVERNANCE_CAMPAIGN_HISTORY.md,HISTORY,WS-REBASELINE-20260819-001,NO,HISTORICAL_RECORD,HISTORICAL_ONLY,NO,NO,,History/legacy record; never current proof.
records/history/archive/H0084_19_WS_DEPRECATED_OR_NONSCOPE_ARTIFACTS_LEDGER.md,HISTORY,WS-REBASELINE-20260819-001,YES,HISTORICAL_RECORD,HISTORICAL_ONLY,NO,NO,LS-WS-0557,History/legacy record; never current proof.
records/history/archive/H0085_00_WS_SCOPE_LOCK.md,HISTORY,WS-REBASELINE-20260819-001,NO,HISTORICAL_RECORD,HISTORICAL_ONLY,NO,NO,,History/legacy record; never current proof.
records/history/archive/H0086_01_WS_OVERVIEW.md,HISTORY,WS-REBASELINE-20260819-001,NO,HISTORICAL_RECORD,HISTORICAL_ONLY,NO,NO,,History/legacy record; never current proof.
records/history/archive/H0087_02_WS_CANONICAL_RUNTIME_FLOW.md,HISTORY,WS-REBASELINE-20260819-001,NO,HISTORICAL_RECORD,HISTORICAL_ONLY,NO,NO,,History/legacy record; never current proof.
records/history/archive/H0088_08_WS_PLAN_ALGORITHM.md,HISTORY,WS-REBASELINE-20260819-001,NO,HISTORICAL_RECORD,HISTORICAL_ONLY,NO,NO,,History/legacy record; never current proof.
records/history/archive/H0089_09_WS_DYNAMIC_SELECTION_DETERMINISTIC.md,HISTORY,WS-REBASELINE-20260819-001,NO,HISTORICAL_RECORD,HISTORICAL_ONLY,NO,NO,,History/legacy record; never current proof.
records/history/archive/H0090_10_WS_CONFIRM_OVERLAY.md,HISTORY,WS-REBASELINE-20260819-001,NO,HISTORICAL_RECORD,HISTORICAL_ONLY,NO,NO,,History/legacy record; never current proof.
records/history/archive/H0091_12_WS_BACKTEST_AND_CALIBRATION_STRATEGY.md,HISTORY,WS-REBASELINE-20260819-001,NO,HISTORICAL_RECORD,HISTORICAL_ONLY,NO,NO,,History/legacy record; never current proof.
records/history/archive/H0092_22_WS_RECOMMENDATION_OVERVIEW.md,HISTORY,WS-REBASELINE-20260819-001,YES,HISTORICAL_RECORD,HISTORICAL_ONLY,NO,NO,LS-WS-0560,History/legacy record; never current proof.
records/history/archive/H0093_24_WS_RECOMMENDATION_ALGORITHM.md,HISTORY,WS-REBASELINE-20260819-001,YES,HISTORICAL_RECORD,HISTORICAL_ONLY,NO,NO,LS-WS-0562,History/legacy record; never current proof.
records/history/archive/H0094_16_WS_EVAL_METRICS_SUFFICIENCY_LOCKED.md,HISTORY,WS-REBASELINE-20260819-001,NO,HISTORICAL_RECORD,HISTORICAL_ONLY,NO,NO,,History/legacy record; never current proof.
records/history/archive/H0095_17_WS_WALK_FORWARD_OOS_PROOF_LOCKED.md,HISTORY,WS-REBASELINE-20260819-001,NO,HISTORICAL_RECORD,HISTORICAL_ONLY,NO,NO,,History/legacy record; never current proof.
records/history/archive/H0096_WS_CONFIRM_OUTPUT_NON_RECOMMENDED_CANDIDATE.json,HISTORY,WS-REBASELINE-20260819-001,YES,HISTORICAL_RECORD,HISTORICAL_ONLY,NO,NO,LS-WS-0622,History/legacy record; never current proof.
records/history/archive/H0097_WS_PLAN_CONFIRM_RUNTIME_PAIR_EXAMPLE_A.json,HISTORY,WS-REBASELINE-20260819-001,YES,HISTORICAL_RECORD,HISTORICAL_ONLY,NO,NO,LS-WS-0624,History/legacy record; never current proof.
records/history/archive/H0098_candidate_confirm_non_recommended.json,HISTORY,WS-REBASELINE-20260819-001,YES,HISTORICAL_RECORD,HISTORICAL_ONLY,NO,NO,LS-WS-0638,History/legacy record; never current proof.
records/history/archive/H0099_README.md,HISTORY,WS-REBASELINE-20260819-001,NO,HISTORICAL_RECORD,HISTORICAL_ONLY,NO,NO,,History/legacy record; never current proof.
records/history/archive/H0100_WS_D1_CONFIRM_ACTIONABILITY.md,HISTORY,WS-REBASELINE-20260819-001,NO,HISTORICAL_RECORD,HISTORICAL_ONLY,NO,NO,,History/legacy record; never current proof.
records/history/archive/H0101_WS_END_TO_END_STRATEGY_LIFECYCLE.md,HISTORY,WS-REBASELINE-20260819-001,NO,HISTORICAL_RECORD,HISTORICAL_ONLY,NO,NO,,History/legacy record; never current proof.
records/history/archive/H0102_WS_HISTORICAL_EVALUATION_STRATEGY.md,HISTORY,WS-REBASELINE-20260819-001,NO,HISTORICAL_RECORD,HISTORICAL_ONLY,NO,NO,,History/legacy record; never current proof.
records/history/archive/H0103_WS_PRODUCT_OBJECTIVE_AND_LAYERS.md,HISTORY,WS-REBASELINE-20260819-001,NO,HISTORICAL_RECORD,HISTORICAL_ONLY,NO,NO,,History/legacy record; never current proof.
records/history/archive/H0104_WS_RUNTIME_FLOW.md,HISTORY,WS-REBASELINE-20260819-001,NO,HISTORICAL_RECORD,HISTORICAL_ONLY,NO,NO,,History/legacy record; never current proof.
records/history/archive/H0105_WS_SCOPE_AND_SUCCESS_CRITERIA.md,HISTORY,WS-REBASELINE-20260819-001,NO,HISTORICAL_RECORD,HISTORICAL_ONLY,NO,NO,,History/legacy record; never current proof.
records/history/archive/H0106_WS_TOP_PICKS_QUALIFICATION_AND_RANKING.md,HISTORY,WS-REBASELINE-20260819-001,NO,HISTORICAL_RECORD,HISTORICAL_ONLY,NO,NO,,History/legacy record; never current proof.
records/history/archive/H0107_WS_TOP_PICKS_RECOMMENDATION.md,HISTORY,WS-REBASELINE-20260819-001,NO,HISTORICAL_RECORD,HISTORICAL_ONLY,NO,NO,,History/legacy record; never current proof.
records/history/archive/H0108_WS_OOS_STRESS_SHADOW_AND_PRODUCTION_PROOF.md,HISTORY,WS-REBASELINE-20260819-001,NO,HISTORICAL_RECORD,HISTORICAL_ONLY,NO,NO,,History/legacy record; never current proof.
records/history/archive/H0109_00_WS_SCOPE_LOCK.md,HISTORY,WS-REBASELINE-20260819-001,NO,HISTORICAL_RECORD,HISTORICAL_ONLY,NO,NO,,History/legacy record; never current proof.
records/history/archive/H0110_01_WS_OVERVIEW.md,HISTORY,WS-REBASELINE-20260819-001,NO,HISTORICAL_RECORD,HISTORICAL_ONLY,NO,NO,,History/legacy record; never current proof.
records/history/archive/H0111_02_WS_CANONICAL_RUNTIME_FLOW.md,HISTORY,WS-REBASELINE-20260819-001,NO,HISTORICAL_RECORD,HISTORICAL_ONLY,NO,NO,,History/legacy record; never current proof.
records/history/archive/H0112_03_WS_CANDIDATE_ELIGIBILITY_AND_SETUP.md,HISTORY,WS-REBASELINE-20260819-001,NO,HISTORICAL_RECORD,HISTORICAL_ONLY,NO,NO,,History/legacy record; never current proof.
records/history/archive/H0113_08_WS_PLAN_ALGORITHM.md,HISTORY,WS-REBASELINE-20260819-001,NO,HISTORICAL_RECORD,HISTORICAL_ONLY,NO,NO,,History/legacy record; never current proof.
records/history/archive/H0114_09_WS_CANDIDATE_CLASSIFICATION_DETERMINISTIC.md,HISTORY,WS-REBASELINE-20260819-001,NO,HISTORICAL_RECORD,HISTORICAL_ONLY,NO,NO,,History/legacy record; never current proof.
records/history/archive/H0115_10_WS_CONFIRM_OVERLAY.md,HISTORY,WS-REBASELINE-20260819-001,NO,HISTORICAL_RECORD,HISTORICAL_ONLY,NO,NO,,History/legacy record; never current proof.
records/history/archive/H0116_12_WS_BACKTEST_AND_CALIBRATION_STRATEGY.md,HISTORY,WS-REBASELINE-20260819-001,NO,HISTORICAL_RECORD,HISTORICAL_ONLY,NO,NO,,History/legacy record; never current proof.
records/history/archive/H0117_22_WS_RECOMMENDATION_OVERVIEW.md,HISTORY,WS-REBASELINE-20260819-001,NO,HISTORICAL_RECORD,HISTORICAL_ONLY,NO,NO,,History/legacy record; never current proof.
records/history/archive/H0118_24_WS_RECOMMENDATION_ALGORITHM.md,HISTORY,WS-REBASELINE-20260819-001,NO,HISTORICAL_RECORD,HISTORICAL_ONLY,NO,NO,,History/legacy record; never current proof.
records/history/archive/H0119_README.md,HISTORY,WS-REBASELINE-20260819-001,NO,HISTORICAL_RECORD,HISTORICAL_ONLY,NO,NO,,History/legacy record; never current proof.
records/history/archive/H0120_README_SNAPSHOT.md,HISTORY,WS-REBASELINE-20260819-001,NO,HISTORICAL_RECORD,HISTORICAL_ONLY,NO,NO,,History/legacy record; never current proof.
records/history/archive/H0121_16_WS_EVAL_METRICS_SUFFICIENCY_LOCKED.md,HISTORY,WS-REBASELINE-20260819-001,NO,HISTORICAL_RECORD,HISTORICAL_ONLY,NO,NO,,History/legacy record; never current proof.
records/history/archive/H0122_17_WS_WALK_FORWARD_OOS_PROOF_LOCKED.md,HISTORY,WS-REBASELINE-20260819-001,NO,HISTORICAL_RECORD,HISTORICAL_ONLY,NO,NO,,History/legacy record; never current proof.
records/history/archive/H0123_README.md,HISTORY,WS-REBASELINE-20260819-001,NO,HISTORICAL_RECORD,HISTORICAL_ONLY,NO,NO,,History/legacy record; never current proof.
records/history/archive/H0124_WS_CANDIDATE_ELIGIBILITY_AND_SETUP.md,HISTORY,WS-REBASELINE-20260819-001,NO,HISTORICAL_RECORD,HISTORICAL_ONLY,NO,NO,,History/legacy record; never current proof.
records/history/archive/H0125_WS_D1_CONFIRM_ACTIONABILITY.md,HISTORY,WS-REBASELINE-20260819-001,NO,HISTORICAL_RECORD,HISTORICAL_ONLY,NO,NO,,History/legacy record; never current proof.
records/history/archive/H0126_WS_END_TO_END_STRATEGY_LIFECYCLE.md,HISTORY,WS-REBASELINE-20260819-001,NO,HISTORICAL_RECORD,HISTORICAL_ONLY,NO,NO,,History/legacy record; never current proof.
records/history/archive/H0127_WS_HISTORICAL_EVALUATION_STRATEGY.md,HISTORY,WS-REBASELINE-20260819-001,NO,HISTORICAL_RECORD,HISTORICAL_ONLY,NO,NO,,History/legacy record; never current proof.
records/history/archive/H0128_WS_PLAN_SCORING_AND_TRADE_PLAN.md,HISTORY,WS-REBASELINE-20260819-001,NO,HISTORICAL_RECORD,HISTORICAL_ONLY,NO,NO,,History/legacy record; never current proof.
records/history/archive/H0129_WS_PRODUCT_OBJECTIVE_AND_LAYERS.md,HISTORY,WS-REBASELINE-20260819-001,NO,HISTORICAL_RECORD,HISTORICAL_ONLY,NO,NO,,History/legacy record; never current proof.
records/history/archive/H0130_WS_RUNTIME_FLOW.md,HISTORY,WS-REBASELINE-20260819-001,NO,HISTORICAL_RECORD,HISTORICAL_ONLY,NO,NO,,History/legacy record; never current proof.
records/history/archive/H0131_README.md,HISTORY,WS-REBASELINE-20260819-001,NO,HISTORICAL_RECORD,HISTORICAL_ONLY,NO,NO,,History/legacy record; never current proof.
records/history/archive/H0132_REORG_decisions__README.md,HISTORY,WS-REBASELINE-20260819-001,NO,HISTORICAL_RECORD,HISTORICAL_ONLY,NO,NO,,History/legacy record; never current proof.
records/history/archive/H0133_REORG_decisions__weekly_swing__README.md,HISTORY,WS-REBASELINE-20260819-001,NO,HISTORICAL_RECORD,HISTORICAL_ONLY,NO,NO,,History/legacy record; never current proof.
records/history/archive/H0134_REORG_evidence__README.md,HISTORY,WS-REBASELINE-20260819-001,NO,HISTORICAL_RECORD,HISTORICAL_ONLY,NO,NO,,History/legacy record; never current proof.
records/history/archive/H0135_REORG_evidence__weekly_swing__README.md,HISTORY,WS-REBASELINE-20260819-001,NO,HISTORICAL_RECORD,HISTORICAL_ONLY,NO,NO,,History/legacy record; never current proof.
records/history/archive/H0136_REORG_findings__README.md,HISTORY,WS-REBASELINE-20260819-001,NO,HISTORICAL_RECORD,HISTORICAL_ONLY,NO,NO,,History/legacy record; never current proof.
records/history/archive/H0137_REORG_findings__weekly_swing__README.md,HISTORY,WS-REBASELINE-20260819-001,NO,HISTORICAL_RECORD,HISTORICAL_ONLY,NO,NO,,History/legacy record; never current proof.
records/history/archive/H0138_REORG_findings__weekly_swing__open__README.md,HISTORY,WS-REBASELINE-20260819-001,NO,HISTORICAL_RECORD,HISTORICAL_ONLY,NO,NO,,History/legacy record; never current proof.
records/history/archive/H0139_REORG_findings__weekly_swing__resolved__README.md,HISTORY,WS-REBASELINE-20260819-001,NO,HISTORICAL_RECORD,HISTORICAL_ONLY,NO,NO,,History/legacy record; never current proof.
records/history/archive/H0140_REORG_implementation__README.md,HISTORY,WS-REBASELINE-20260819-001,NO,HISTORICAL_RECORD,HISTORICAL_ONLY,NO,NO,,History/legacy record; never current proof.
records/history/archive/H0142_REORG_implementation__shared__README.md,HISTORY,WS-REBASELINE-20260819-001,NO,HISTORICAL_RECORD,HISTORICAL_ONLY,NO,NO,,History/legacy record; never current proof.
records/history/archive/H0143_REORG_implementation__weekly_swing__README.md,HISTORY,WS-REBASELINE-20260819-001,NO,HISTORICAL_RECORD,HISTORICAL_ONLY,NO,NO,,History/legacy record; never current proof.
records/history/archive/H0144_REORG_implementation__weekly_swing__db__README.md,HISTORY,WS-REBASELINE-20260819-001,YES,HISTORICAL_RECORD,HISTORICAL_ONLY,NO,NO,LS-WS-0618,History/legacy record; never current proof.
records/history/archive/H0145_REORG_implementation__weekly_swing__examples__README.md,HISTORY,WS-REBASELINE-20260819-001,NO,HISTORICAL_RECORD,HISTORICAL_ONLY,NO,NO,,History/legacy record; never current proof.
records/history/archive/H0146_REORG_implementation__weekly_swing__fixtures__README.md,HISTORY,WS-REBASELINE-20260819-001,NO,HISTORICAL_RECORD,HISTORICAL_ONLY,NO,NO,,History/legacy record; never current proof.
records/history/archive/H0147_REORG_research__README.md,HISTORY,WS-REBASELINE-20260819-001,NO,HISTORICAL_RECORD,HISTORICAL_ONLY,NO,NO,,History/legacy record; never current proof.
records/history/archive/H0148_REORG_research__weekly_swing__README.md,HISTORY,WS-REBASELINE-20260819-001,NO,HISTORICAL_RECORD,HISTORICAL_ONLY,NO,NO,,History/legacy record; never current proof.
records/history/archive/H0149_REORG_research__weekly_swing__campaign_contracts__README.md,HISTORY,WS-REBASELINE-20260819-001,NO,HISTORICAL_RECORD,HISTORICAL_ONLY,NO,NO,,History/legacy record; never current proof.
records/history/archive/H0150_REORG_strategy__README.md,HISTORY,WS-REBASELINE-20260819-001,NO,HISTORICAL_RECORD,HISTORICAL_ONLY,NO,NO,,History/legacy record; never current proof.
records/history/archive/H0151_REORG_strategy__weekly_swing__README.md,HISTORY,WS-REBASELINE-20260819-001,NO,HISTORICAL_RECORD,HISTORICAL_ONLY,NO,NO,,History/legacy record; never current proof.
records/history/archive/H0152_DOCUMENT_CHANGE_POLICY_PRE_RECORDING_STANDARD.md,HISTORY,WS-REBASELINE-20260819-001,NO,HISTORICAL_RECORD,HISTORICAL_ONLY,NO,NO,,History/legacy record; never current proof.
records/history/archive/H0153_DOCUMENTATION_ARCHITECTURE_PRE_RECORDING_STANDARD.md,HISTORY,WS-REBASELINE-20260819-001,NO,HISTORICAL_RECORD,HISTORICAL_ONLY,NO,NO,,History/legacy record; never current proof.
records/history/archive/H0154_WATCHLIST_DOCUMENT_AUTHORITY_PRE_RECORDING_STANDARD.md,HISTORY,WS-REBASELINE-20260819-001,NO,HISTORICAL_RECORD,HISTORICAL_ONLY,NO,NO,,History/legacy record; never current proof.
records/history/archive/H0155_WATCHLIST_OWNER_MATRIX_PRE_RECORDING_STANDARD.md,HISTORY,WS-REBASELINE-20260819-001,NO,HISTORICAL_RECORD,HISTORICAL_ONLY,NO,NO,,History/legacy record; never current proof.
records/history/archive/H0156_AUDIT_UPDATE_GOVERNANCE_PRE_RECORDING_STANDARD.md,HISTORY,WS-REBASELINE-20260819-001,NO,HISTORICAL_RECORD,HISTORICAL_ONLY,NO,NO,,History/legacy record; never current proof.
records/history/archive/H0157_GOVERNANCE_README_PRE_RECORDING_STANDARD.md,HISTORY,WS-REBASELINE-20260819-001,NO,HISTORICAL_RECORD,HISTORICAL_ONLY,NO,NO,,History/legacy record; never current proof.
records/history/archive/H0158_DOCUMENT_RECORDING_STANDARD_ADOPTION_REPORT.md,HISTORY,WS-REBASELINE-20260819-001,NO,HISTORICAL_RECORD,HISTORICAL_ONLY,NO,NO,,History/legacy record; never current proof.
records/history/archive/H0159_DOCUMENT_RECORDING_STANDARD_VALIDATION_2026-08-18.json,HISTORY,WS-REBASELINE-20260819-001,NO,HISTORICAL_RECORD,HISTORICAL_ONLY,NO,NO,,History/legacy record; never current proof.
records/history/archive/H0160_DOCUMENT_RECORDING_STANDARD_PRE_STAGE_PROTOCOL.md,HISTORY,WS-REBASELINE-20260819-001,NO,HISTORICAL_RECORD,HISTORICAL_ONLY,NO,NO,,History/legacy record; never current proof.
records/history/archive/H0161_AUDIT_UPDATE_GOVERNANCE_PRE_STAGE_PROTOCOL.md,HISTORY,WS-REBASELINE-20260819-001,NO,HISTORICAL_RECORD,HISTORICAL_ONLY,NO,NO,,History/legacy record; never current proof.
records/history/archive/H0162_GOVERNANCE_README_PRE_STAGE_PROTOCOL.md,HISTORY,WS-REBASELINE-20260819-001,NO,HISTORICAL_RECORD,HISTORICAL_ONLY,NO,NO,,History/legacy record; never current proof.
records/history/archive/H0163_WS_BUILD_SEQUENCE_PRE_STAGE_PROTOCOL.md,HISTORY,WS-REBASELINE-20260819-001,NO,HISTORICAL_RECORD,HISTORICAL_ONLY,NO,NO,,History/legacy record; never current proof.
records/history/archive/H0164_DOCUMENT_RECORDING_STANDARD_PRE_RESIDUE.md,HISTORY,WS-REBASELINE-20260819-001,NO,HISTORICAL_RECORD,HISTORICAL_ONLY,NO,NO,,History/legacy record; never current proof.
records/history/archive/H0165_STAGE_EXECUTION_STANDARD_PRE_RESIDUE.md,HISTORY,WS-REBASELINE-20260819-001,NO,HISTORICAL_RECORD,HISTORICAL_ONLY,NO,NO,,History/legacy record; never current proof.
records/history/archive/H0166_GOVERNANCE_README_PRE_RESIDUE.md,HISTORY,WS-REBASELINE-20260819-001,NO,HISTORICAL_RECORD,HISTORICAL_ONLY,NO,NO,,History/legacy record; never current proof.
records/history/archive/H0167_OWNER_MATRIX_PRE_RESIDUE.md,HISTORY,WS-REBASELINE-20260819-001,NO,HISTORICAL_RECORD,HISTORICAL_ONLY,NO,NO,,History/legacy record; never current proof.
records/history/archive/H0168_BUILD_SEQUENCE_PRE_RESIDUE.md,HISTORY,WS-REBASELINE-20260819-001,NO,HISTORICAL_RECORD,HISTORICAL_ONLY,NO,NO,,History/legacy record; never current proof.
records/history/archive/H0169_DOCUMENT_RECORDING_STANDARD_PRE_TRACEABILITY.md,HISTORY,WS-REBASELINE-20260819-001,NO,HISTORICAL_RECORD,HISTORICAL_ONLY,NO,NO,,History/legacy record; never current proof.
records/history/archive/H0170_STAGE_EXECUTION_STANDARD_PRE_TRACEABILITY.md,HISTORY,WS-REBASELINE-20260819-001,NO,HISTORICAL_RECORD,HISTORICAL_ONLY,NO,NO,,History/legacy record; never current proof.
records/history/archive/H0171_RESIDUE_STANDARD_PRE_TRACEABILITY.md,HISTORY,WS-REBASELINE-20260819-001,NO,HISTORICAL_RECORD,HISTORICAL_ONLY,NO,NO,,History/legacy record; never current proof.
records/history/archive/H0172_OWNER_MATRIX_PRE_TRACEABILITY.md,HISTORY,WS-REBASELINE-20260819-001,NO,HISTORICAL_RECORD,HISTORICAL_ONLY,NO,NO,,History/legacy record; never current proof.
records/history/archive/H0173_DOCUMENT_AUTHORITY_PRE_TRACEABILITY.md,HISTORY,WS-REBASELINE-20260819-001,NO,HISTORICAL_RECORD,HISTORICAL_ONLY,NO,NO,,History/legacy record; never current proof.
records/history/archive/H0174_DOC_ARCHITECTURE_PRE_TRACEABILITY.md,HISTORY,WS-REBASELINE-20260819-001,NO,HISTORICAL_RECORD,HISTORICAL_ONLY,NO,NO,,History/legacy record; never current proof.
records/history/archive/H0175_GOVERNANCE_README_PRE_TRACEABILITY.md,HISTORY,WS-REBASELINE-20260819-001,NO,HISTORICAL_RECORD,HISTORICAL_ONLY,NO,NO,,History/legacy record; never current proof.
records/history/archive/H0176_START_HERE_PRE_TRACEABILITY.md,HISTORY,WS-REBASELINE-20260819-001,NO,HISTORICAL_RECORD,HISTORICAL_ONLY,NO,NO,,History/legacy record; never current proof.
records/history/archive/H0177_BUILD_SEQUENCE_PRE_TRACEABILITY.md,HISTORY,WS-REBASELINE-20260819-001,NO,HISTORICAL_RECORD,HISTORICAL_ONLY,NO,NO,,History/legacy record; never current proof.
records/history/archive/H0178_STAGE_REGISTER_PRE_TRACEABILITY.md,HISTORY,WS-REBASELINE-20260819-001,NO,HISTORICAL_RECORD,HISTORICAL_ONLY,NO,NO,,History/legacy record; never current proof.
records/history/archive/H0179_DOC_ARCHITECTURE_PRE_ROOT_GROUPING.md,HISTORY,WS-REBASELINE-20260819-001,NO,HISTORICAL_RECORD,HISTORICAL_ONLY,NO,NO,,History/legacy record; never current proof.
records/history/archive/H0180_OWNER_MATRIX_PRE_ROOT_GROUPING.md,HISTORY,WS-REBASELINE-20260819-001,NO,HISTORICAL_RECORD,HISTORICAL_ONLY,NO,NO,,History/legacy record; never current proof.
records/history/archive/H0181_ROOT_README_PRE_ROOT_GROUPING.md,HISTORY,WS-REBASELINE-20260819-001,NO,HISTORICAL_RECORD,HISTORICAL_ONLY,NO,NO,,History/legacy record; never current proof.
records/history/archive/H0182_START_HERE_PRE_ROOT_GROUPING.md,HISTORY,WS-REBASELINE-20260819-001,NO,HISTORICAL_RECORD,HISTORICAL_ONLY,NO,NO,,History/legacy record; never current proof.
records/history/archive/H0183_GOVERNANCE_README_PRE_ROOT_GROUPING.md,HISTORY,WS-REBASELINE-20260819-001,NO,HISTORICAL_RECORD,HISTORICAL_ONLY,NO,NO,,History/legacy record; never current proof.
records/history/archive/H0184_DOCUMENT_RECORDING_STANDARD_PRE_BASELINE_GATE.md,HISTORY,WS-REBASELINE-20260819-001,NO,HISTORICAL_RECORD,HISTORICAL_ONLY,NO,NO,,History/legacy record; never current proof.
records/history/archive/H0185_STAGE_EXECUTION_STANDARD_PRE_BASELINE_GATE.md,HISTORY,WS-REBASELINE-20260819-001,NO,HISTORICAL_RECORD,HISTORICAL_ONLY,NO,NO,,History/legacy record; never current proof.
records/history/archive/H0186_TRACEABILITY_STANDARD_PRE_BASELINE_GATE.md,HISTORY,WS-REBASELINE-20260819-001,NO,HISTORICAL_RECORD,HISTORICAL_ONLY,NO,NO,,History/legacy record; never current proof.
records/history/archive/H0187_DOCUMENT_AUTHORITY_PRE_BASELINE_GATE.md,HISTORY,WS-REBASELINE-20260819-001,NO,HISTORICAL_RECORD,HISTORICAL_ONLY,NO,NO,,History/legacy record; never current proof.
records/history/archive/H0188_OWNER_MATRIX_PRE_BASELINE_GATE.md,HISTORY,WS-REBASELINE-20260819-001,NO,HISTORICAL_RECORD,HISTORICAL_ONLY,NO,NO,,History/legacy record; never current proof.
records/history/archive/H0189_GOVERNANCE_README_PRE_BASELINE_GATE.md,HISTORY,WS-REBASELINE-20260819-001,NO,HISTORICAL_RECORD,HISTORICAL_ONLY,NO,NO,,History/legacy record; never current proof.
records/history/archive/H0190_START_HERE_PRE_BASELINE_GATE.md,HISTORY,WS-REBASELINE-20260819-001,NO,HISTORICAL_RECORD,HISTORICAL_ONLY,NO,NO,,History/legacy record; never current proof.
records/history/archive/H0191_BUILD_SEQUENCE_PRE_BASELINE_GATE.md,HISTORY,WS-REBASELINE-20260819-001,NO,HISTORICAL_RECORD,HISTORICAL_ONLY,NO,NO,,History/legacy record; never current proof.
records/history/archive/H0192_STAGE_REGISTER_PRE_BASELINE_GATE.md,HISTORY,WS-REBASELINE-20260819-001,NO,HISTORICAL_RECORD,HISTORICAL_ONLY,NO,NO,,History/legacy record; never current proof.
records/history/archive/H0193_DOCUMENT_RECORDING_STANDARD_PRE_WORK_TRACE.md,HISTORY,WS-REBASELINE-20260819-001,NO,HISTORICAL_RECORD,HISTORICAL_ONLY,NO,NO,,History/legacy record; never current proof.
records/history/archive/H0194_STAGE_EXECUTION_STANDARD_PRE_WORK_TRACE.md,HISTORY,WS-REBASELINE-20260819-001,NO,HISTORICAL_RECORD,HISTORICAL_ONLY,NO,NO,,History/legacy record; never current proof.
records/history/archive/H0195_BASELINE_LOCK_STANDARD_PRE_WORK_TRACE.md,HISTORY,WS-REBASELINE-20260819-001,NO,HISTORICAL_RECORD,HISTORICAL_ONLY,NO,NO,,History/legacy record; never current proof.
records/history/archive/H0196_INTEGRITY_GATE_STANDARD_PRE_WORK_TRACE.md,HISTORY,WS-REBASELINE-20260819-001,NO,HISTORICAL_RECORD,HISTORICAL_ONLY,NO,NO,,History/legacy record; never current proof.
records/history/archive/H0197_TRACEABILITY_STANDARD_PRE_WORK_TRACE.md,HISTORY,WS-REBASELINE-20260819-001,NO,HISTORICAL_RECORD,HISTORICAL_ONLY,NO,NO,,History/legacy record; never current proof.
records/history/archive/H0198_GOVERNANCE_README_PRE_WORK_TRACE.md,HISTORY,WS-REBASELINE-20260819-001,NO,HISTORICAL_RECORD,HISTORICAL_ONLY,NO,NO,,History/legacy record; never current proof.
records/history/archive/H0199_START_HERE_PRE_WORK_TRACE.md,HISTORY,WS-REBASELINE-20260819-001,NO,HISTORICAL_RECORD,HISTORICAL_ONLY,NO,NO,,History/legacy record; never current proof.
records/history/archive/H0200_BUILD_SEQUENCE_PRE_WORK_TRACE.md,HISTORY,WS-REBASELINE-20260819-001,NO,HISTORICAL_RECORD,HISTORICAL_ONLY,NO,NO,,History/legacy record; never current proof.
records/history/archive/H0201_STAGE_REGISTER_PRE_WORK_TRACE.md,HISTORY,WS-REBASELINE-20260819-001,NO,HISTORICAL_RECORD,HISTORICAL_ONLY,NO,NO,,History/legacy record; never current proof.
records/history/archive/H0202_IMPLEMENTATION_README_PRE_WORK_TRACE.md,HISTORY,WS-REBASELINE-20260819-001,NO,HISTORICAL_RECORD,HISTORICAL_ONLY,NO,NO,,History/legacy record; never current proof.
records/history/archive/H0203_RESIDUE_STANDARD_PRE_WORK_TRACE.md,HISTORY,WS-REBASELINE-20260819-001,NO,HISTORICAL_RECORD,HISTORICAL_ONLY,NO,NO,,History/legacy record; never current proof.
records/history/archive/H0204_WORK_CORRELATION_STANDARD_PRE_REL_HARDENING.md,HISTORY,WS-REBASELINE-20260819-001,NO,HISTORICAL_RECORD,HISTORICAL_ONLY,NO,NO,,History/legacy record; never current proof.
records/history/archive/H0205_DOCUMENT_INTEGRITY_STANDARD_PRE_REL_HARDENING.md,HISTORY,WS-REBASELINE-20260819-001,NO,HISTORICAL_RECORD,HISTORICAL_ONLY,NO,NO,,History/legacy record; never current proof.
records/history/archive/H0206_STAGE_CLOSURE_STANDARD_PRE_REL_HARDENING.md,HISTORY,WS-REBASELINE-20260819-001,NO,HISTORICAL_RECORD,HISTORICAL_ONLY,NO,NO,,History/legacy record; never current proof.
records/history/archive/H0207_BASELINE_STANDARD_PRE_REL_HARDENING.md,HISTORY,WS-REBASELINE-20260819-001,NO,HISTORICAL_RECORD,HISTORICAL_ONLY,NO,NO,,History/legacy record; never current proof.
records/history/archive/H0208_ATTEMPT_TEMPLATE_PRE_REL_HARDENING.md,HISTORY,WS-REBASELINE-20260819-001,NO,HISTORICAL_RECORD,HISTORICAL_ONLY,NO,NO,,History/legacy record; never current proof.
records/history/archive/H0209_CLOSURE_TEMPLATE_PRE_REL_HARDENING.md,HISTORY,WS-REBASELINE-20260819-001,NO,HISTORICAL_RECORD,HISTORICAL_ONLY,NO,NO,,History/legacy record; never current proof.
records/history/archive/H0210_BUILD_SEQUENCE_PRE_REL_HARDENING.md,HISTORY,WS-REBASELINE-20260819-001,NO,HISTORICAL_RECORD,HISTORICAL_ONLY,NO,NO,,History/legacy record; never current proof.
records/history/archive/H0211_IMPL_CHECKLIST_PRE_REL_HARDENING.md,HISTORY,WS-REBASELINE-20260819-001,NO,HISTORICAL_RECORD,HISTORICAL_ONLY,NO,NO,,History/legacy record; never current proof.
records/history/archive/H0212_AUDIT_CHECKLIST_PRE_REL_HARDENING.md,HISTORY,WS-REBASELINE-20260819-001,NO,HISTORICAL_RECORD,HISTORICAL_ONLY,NO,NO,,History/legacy record; never current proof.
records/history/archive/H0213_RELATIONSHIP_GATE_PRE_REL_HARDENING.php,HISTORY,WS-REBASELINE-20260819-001,NO,HISTORICAL_RECORD,HISTORICAL_ONLY,NO,NO,,History/legacy record; never current proof.
records/history/archive/H0214_START_HERE_PRE_FULL_LEGACY_NORMALIZATION.md,HISTORY,WS-REBASELINE-20260819-001,NO,HISTORICAL_RECORD,HISTORICAL_ONLY,NO,NO,,History/legacy record; never current proof.
records/history/archive/H0215_README_PRE_FULL_LEGACY_NORMALIZATION.md,HISTORY,WS-REBASELINE-20260819-001,NO,HISTORICAL_RECORD,HISTORICAL_ONLY,NO,NO,,History/legacy record; never current proof.
records/history/archive/H0216_DOCUMENTATION_ARCHITECTURE_PRE_FULL_LEGACY_NORMALIZATION.md,HISTORY,WS-REBASELINE-20260819-001,NO,HISTORICAL_RECORD,HISTORICAL_ONLY,NO,NO,,History/legacy record; never current proof.
records/history/archive/H0217_DOCUMENT_RECORDING_STANDARD_PRE_FULL_LEGACY_NORMALIZATION.md,HISTORY,WS-REBASELINE-20260819-001,NO,HISTORICAL_RECORD,HISTORICAL_ONLY,NO,NO,,History/legacy record; never current proof.
records/history/archive/H0218_WATCHLIST_OWNER_MATRIX_PRE_FULL_LEGACY_NORMALIZATION.md,HISTORY,WS-REBASELINE-20260819-001,NO,HISTORICAL_RECORD,HISTORICAL_ONLY,NO,NO,,History/legacy record; never current proof.
records/history/archive/H0219_AUDIT_UPDATE_GOVERNANCE_PRE_FULL_LEGACY_NORMALIZATION.md,HISTORY,WS-REBASELINE-20260819-001,NO,HISTORICAL_RECORD,HISTORICAL_ONLY,NO,NO,,History/legacy record; never current proof.
records/history/archive/H0220_README_PRE_FULL_LEGACY_NORMALIZATION.md,HISTORY,WS-REBASELINE-20260819-001,NO,HISTORICAL_RECORD,HISTORICAL_ONLY,NO,NO,,History/legacy record; never current proof.
records/history/archive/H0221_README_PRE_FULL_LEGACY_NORMALIZATION.md,HISTORY,WS-REBASELINE-20260819-001,NO,HISTORICAL_RECORD,HISTORICAL_ONLY,NO,NO,,History/legacy record; never current proof.
records/history/archive/H0222_README_PRE_FULL_LEGACY_NORMALIZATION.md,HISTORY,WS-REBASELINE-20260819-001,NO,HISTORICAL_RECORD,HISTORICAL_ONLY,NO,NO,,History/legacy record; never current proof.
records/history/archive/H0223_README_PRE_FULL_LEGACY_NORMALIZATION.md,HISTORY,WS-REBASELINE-20260819-001,NO,HISTORICAL_RECORD,HISTORICAL_ONLY,NO,NO,,History/legacy record; never current proof.
records/history/archive/H0224_README_PRE_FULL_LEGACY_NORMALIZATION.md,HISTORY,WS-REBASELINE-20260819-001,NO,HISTORICAL_RECORD,HISTORICAL_ONLY,NO,NO,,History/legacy record; never current proof.
records/history/archive/H0225_README_PRE_FULL_LEGACY_NORMALIZATION.md,HISTORY,WS-REBASELINE-20260819-001,NO,HISTORICAL_RECORD,HISTORICAL_ONLY,NO,NO,,History/legacy record; never current proof.
records/history/archive/H0226_WatchlistDocumentationIntegrityGate_PRE_FULL_LEGACY_NORMALIZAT.php,HISTORY,WS-REBASELINE-20260819-001,NO,HISTORICAL_RECORD,HISTORICAL_ONLY,NO,NO,,History/legacy record; never current proof.
records/history/archive/H0227_R2_RUNTIME_ARTIFACT_FLOW.md,HISTORY,WS-REBASELINE-20260819-001,NO,HISTORICAL_RECORD,HISTORICAL_ONLY,NO,NO,,History/legacy record; never current proof.
records/history/archive/H0228_R2_DELIVERY_CHECKLIST.md,HISTORY,WS-REBASELINE-20260819-001,NO,HISTORICAL_RECORD,HISTORICAL_ONLY,NO,NO,,History/legacy record; never current proof.
records/history/archive/H0229_R1_R2_PERSISTENCE.md,HISTORY,WS-REBASELINE-20260819-001,NO,HISTORICAL_RECORD,HISTORICAL_ONLY,NO,NO,,History/legacy record; never current proof.
records/history/archive/H0230_R2_TEST_REGRESSION.md,HISTORY,WS-REBASELINE-20260819-001,NO,HISTORICAL_RECORD,HISTORICAL_ONLY,NO,NO,,History/legacy record; never current proof.
records/history/archive/H0231_C171_PLAN_UNIVERSE_CONTEXT.md,HISTORY,WS-REBASELINE-20260819-001,NO,HISTORICAL_RECORD,HISTORICAL_ONLY,NO,NO,,History/legacy record; never current proof.
records/history/archive/H0247_WS_PRICE_QUALITY_P01_PREREGISTRATION_HISTORICAL.md,HISTORY,WS-REBASELINE-20260819-001,YES,HISTORICAL_RECORD,HISTORICAL_ONLY,NO,NO,LS-WS-0507,History/legacy record; never current proof.
records/history/archive/H0249_C171_PLAN_REMEDIATION_GUARD_EXTENSION_HISTORICAL.md,HISTORY,WS-REBASELINE-20260819-001,NO,HISTORICAL_RECORD,HISTORICAL_ONLY,NO,NO,,History/legacy record; never current proof.
records/history/archive/H0250_WS_PRICE_QUALITY_P01_IDENTITY_REPAIR_LOCK_HISTORICAL.md,HISTORY,WS-REBASELINE-20260819-001,YES,HISTORICAL_RECORD,HISTORICAL_ONLY,NO,NO,LS-WS-0601,History/legacy record; never current proof.
records/history/archive/H0255_WS_SIGNAL_QUALITY_Q01_PREREGISTRATION_LOCK_HISTORICAL.md,HISTORY,WS-REBASELINE-20260819-001,YES,HISTORICAL_RECORD,HISTORICAL_ONLY,NO,NO,LS-WS-0608,History/legacy record; never current proof.
records/history/archive/H0258_C171_PARAMSET_OPTIONAL_BOUND_CONTRACT_HISTORICAL.md,HISTORY,WS-REBASELINE-20260819-001,NO,HISTORICAL_RECORD,HISTORICAL_ONLY,NO,NO,,History/legacy record; never current proof.
records/history/archive/H0261_C22_SHADOW_GAP_BRIDGE_C24_DESIGN_NOTE_HISTORICAL.md,HISTORY,WS-REBASELINE-20260819-001,YES,HISTORICAL_RECORD,HISTORICAL_ONLY,NO,NO,LS-WS-0573,History/legacy record; never current proof.
records/history/archive/H0262_C39_IS_CTRL_REDESIGN_WITH_COVERAGE_AND_BRANCH_DIVERSIFICATION_.md,HISTORY,WS-REBASELINE-20260819-001,YES,HISTORICAL_RECORD,HISTORICAL_ONLY,NO,NO,LS-WS-0378,History/legacy record; never current proof.
records/history/archive/H0264_C40_IS_VALID_AND_ANTI_OVERFIT_CHECK_FOR_C39_GUARDED_CANDIDATE_.md,HISTORY,WS-REBASELINE-20260819-001,YES,HISTORICAL_RECORD,HISTORICAL_ONLY,NO,NO,LS-WS-0380,History/legacy record; never current proof.
records/history/archive/H0265_C12_EXIT_MODEL_REDESIGN_CONTRACT_FINAL_RESULT_HISTORICAL.md,HISTORY,WS-REBASELINE-20260819-001,YES,HISTORICAL_RECORD,HISTORICAL_ONLY,NO,NO,LS-WS-0156,History/legacy record; never current proof.
records/history/archive/H0285_WS_BREAKOUT_INTEGRITY_B01_PREREGISTRATION_LOCK_HISTORICAL.md,HISTORY,WS-REBASELINE-20260819-001,YES,HISTORICAL_RECORD,HISTORICAL_ONLY,NO,NO,LS-WS-0568,History/legacy record; never current proof.
records/history/archive/H0286_C171_FINAL_BOUNDED_REMEDIATION_CATALOG_AND_CLOSURE_RULE_LOCK_H.md,HISTORY,WS-REBASELINE-20260819-001,YES,HISTORICAL_RECORD,HISTORICAL_ONLY,NO,NO,LS-WS-0317,History/legacy record; never current proof.
records/history/archive/H0287_C171_DYNAMIC_SELECTION_SCORE_CAP_EXTENSION_HISTORICAL.md,HISTORY,WS-REBASELINE-20260819-001,NO,HISTORICAL_RECORD,HISTORICAL_ONLY,NO,NO,,History/legacy record; never current proof.
records/history/archive/H0293_WS_TAIL_RISK_S01_CANDIDATE_AND_REMEDIATION_LOCK_HISTORICAL.md,HISTORY,WS-REBASELINE-20260819-001,YES,HISTORICAL_RECORD,HISTORICAL_ONLY,NO,NO,LS-WS-0609,History/legacy record; never current proof.
records/history/archive/H0295_R2_C171_PARAMSET_VALIDATOR_CAMPAIGN_EXTENSIONS_HISTORICAL.md,HISTORY,WS-REBASELINE-20260819-001,NO,HISTORICAL_RECORD,HISTORICAL_ONLY,NO,NO,,History/legacy record; never current proof.
records/history/archive/H0296_C171_TARGETED_EXECUTABLE_IS_STRAT_REMEDIATION_AND_TRADE_EVIDEN.md,HISTORY,WS-REBASELINE-20260819-001,YES,HISTORICAL_RECORD,HISTORICAL_ONLY,NO,NO,LS-WS-0328,History/legacy record; never current proof.
records/history/archive/H0332_C27_CATALOG_NOTE_HISTORICAL.md,HISTORY,WS-REBASELINE-20260819-001,YES,HISTORICAL_RECORD,HISTORICAL_ONLY,NO,NO,LS-WS-0575,History/legacy record; never current proof.
records/history/archive/H0333_C28_CATALOG_NOTE_HISTORICAL.md,HISTORY,WS-REBASELINE-20260819-001,YES,HISTORICAL_RECORD,HISTORICAL_ONLY,NO,NO,LS-WS-0576,History/legacy record; never current proof.
records/history/archive/H0334_LEGACY_REFS_README.md,HISTORY,WS-REBASELINE-20260819-001,YES,HISTORICAL_RECORD,HISTORICAL_ONLY,NO,NO,LS-WS-0564,History/legacy record; never current proof.
records/history/archive/H0335_DOCUMENT_RECORDING_STANDARD_PRE_ONE_ROLE.md,HISTORY,WS-REBASELINE-20260819-001,NO,HISTORICAL_RECORD,HISTORICAL_ONLY,NO,NO,,History/legacy record; never current proof.
records/history/archive/H0336_LEGACY_NORMALIZATION_PRE_ONE_ROLE.md,HISTORY,WS-REBASELINE-20260819-001,NO,HISTORICAL_RECORD,HISTORICAL_ONLY,NO,NO,,History/legacy record; never current proof.
records/history/archive/H0337_DOCUMENT_INTEGRITY_GATE_PRE_ONE_ROLE.md,HISTORY,WS-REBASELINE-20260819-001,NO,HISTORICAL_RECORD,HISTORICAL_ONLY,NO,NO,,History/legacy record; never current proof.
records/history/archive/H0338_DOCUMENT_AUTHORITY_PRE_ONE_ROLE.md,HISTORY,WS-REBASELINE-20260819-001,NO,HISTORICAL_RECORD,HISTORICAL_ONLY,NO,NO,,History/legacy record; never current proof.
records/history/archive/H0339_LEGACY_BUNDLE_EXCEPTION_INDEX_PRE_ONE_ROLE.csv,HISTORY,WS-REBASELINE-20260819-001,NO,HISTORICAL_RECORD,HISTORICAL_ONLY,NO,NO,,History/legacy record; never current proof.
records/history/archive/H0340_IMPL_CHECKLIST_PRE_ONE_ROLE.md,HISTORY,WS-REBASELINE-20260819-001,NO,HISTORICAL_RECORD,HISTORICAL_ONLY,NO,NO,,History/legacy record; never current proof.
records/history/archive/H0341_IMPL_PROMPT_PRE_ONE_ROLE.md,HISTORY,WS-REBASELINE-20260819-001,NO,HISTORICAL_RECORD,HISTORICAL_ONLY,NO,NO,,History/legacy record; never current proof.
records/history/archive/H0342_AUDIT_CHECKLIST_PRE_ONE_ROLE.md,HISTORY,WS-REBASELINE-20260819-001,NO,HISTORICAL_RECORD,HISTORICAL_ONLY,NO,NO,,History/legacy record; never current proof.
records/history/archive/H0343_AUDIT_PROMPT_PRE_ONE_ROLE.md,HISTORY,WS-REBASELINE-20260819-001,NO,HISTORICAL_RECORD,HISTORICAL_ONLY,NO,NO,,History/legacy record; never current proof.
records/history/archive/H0344_BUILD_SEQUENCE_PRE_ONE_ROLE.md,HISTORY,WS-REBASELINE-20260819-001,NO,HISTORICAL_RECORD,HISTORICAL_ONLY,NO,NO,,History/legacy record; never current proof.
records/history/archive/H0345_ATTEMPT_TEMPLATE_PRE_ONE_ROLE.md,HISTORY,WS-REBASELINE-20260819-001,NO,HISTORICAL_RECORD,HISTORICAL_ONLY,NO,NO,,History/legacy record; never current proof.
records/history/archive/H0346_DOCUMENT_RECORDING_STANDARD_PRE_CURRENT_REBASELINE.md,HISTORY,WS-REBASELINE-20260819-001,NO,HISTORICAL_RECORD,HISTORICAL_ONLY,NO,NO,,History/legacy record; never current proof.
records/history/archive/H0347_ONE_DOCUMENT_ONE_AUTHORITATIVE_ROLE_STANDARD_PRE_CURRENT_REBASELINE.md,HISTORY,WS-REBASELINE-20260819-001,NO,HISTORICAL_RECORD,HISTORICAL_ONLY,NO,NO,,History/legacy record; never current proof.
records/history/archive/H0348_WORK_BASELINE_LOCK_STANDARD_PRE_CURRENT_REBASELINE.md,HISTORY,WS-REBASELINE-20260819-001,NO,HISTORICAL_RECORD,HISTORICAL_ONLY,NO,NO,,History/legacy record; never current proof.
records/history/archive/H0349_STRATEGY_IMPLEMENTATION_TRACEABILITY_STANDARD_PRE_CURRENT_REBASELINE.md,HISTORY,WS-REBASELINE-20260819-001,NO,HISTORICAL_RECORD,HISTORICAL_ONLY,NO,NO,,History/legacy record; never current proof.
records/history/archive/H0350_DOCUMENT_INTEGRITY_GATE_STANDARD_PRE_CURRENT_REBASELINE.md,HISTORY,WS-REBASELINE-20260819-001,NO,HISTORICAL_RECORD,HISTORICAL_ONLY,NO,NO,,History/legacy record; never current proof.
records/history/archive/H0351_README_PRE_CURRENT_REBASELINE.md,HISTORY,WS-REBASELINE-20260819-001,NO,HISTORICAL_RECORD,HISTORICAL_ONLY,NO,NO,,History/legacy record; never current proof.
records/history/archive/H0352_START_HERE_PRE_CURRENT_REBASELINE.md,HISTORY,WS-REBASELINE-20260819-001,NO,HISTORICAL_RECORD,HISTORICAL_ONLY,NO,NO,,History/legacy record; never current proof.
records/history/archive/H0353_README_PRE_CURRENT_REBASELINE.md,HISTORY,WS-REBASELINE-20260819-001,NO,HISTORICAL_RECORD,HISTORICAL_ONLY,NO,NO,,History/legacy record; never current proof.
records/history/archive/H0354_WS_IMPLEMENTATION_STAGE_REGISTER_PRE_CURRENT_REBASELINE.md,HISTORY,WS-REBASELINE-20260819-001,NO,HISTORICAL_RECORD,HISTORICAL_ONLY,NO,NO,,History/legacy record; never current proof.
records/history/archive/H0355_WS_IMPLEMENTATION_BUILD_SEQUENCE_PRE_CURRENT_REBASELINE.md,HISTORY,WS-REBASELINE-20260819-001,NO,HISTORICAL_RECORD,HISTORICAL_ONLY,NO,NO,,History/legacy record; never current proof.
records/history/archive/LX-WS-0064-CTX-07_LEGACY.md,HISTORY,WS-REBASELINE-20260819-001,YES,HISTORICAL_RECORD,HISTORICAL_ONLY,NO,NO,LS-WS-0064,History/legacy record; never current proof.
records/history/archive/LX-WS-0064-FND-03_LEGACY.md,HISTORY,WS-REBASELINE-20260819-001,YES,HISTORICAL_RECORD,HISTORICAL_ONLY,NO,NO,LS-WS-0064,History/legacy record; never current proof.
records/history/archive/LX-WS-0064-IMP-04_LEGACY.md,HISTORY,WS-REBASELINE-20260819-001,YES,HISTORICAL_RECORD,HISTORICAL_ONLY,NO,NO,LS-WS-0064,History/legacy record; never current proof.
records/history/archive/LX-WS-0064-RES-05_LEGACY.md,HISTORY,WS-REBASELINE-20260819-001,YES,HISTORICAL_RECORD,HISTORICAL_ONLY,NO,NO,LS-WS-0064,History/legacy record; never current proof.
records/history/archive/LX-WS-0064-STR-06_LEGACY.md,HISTORY,WS-REBASELINE-20260819-001,YES,HISTORICAL_RECORD,HISTORICAL_ONLY,NO,NO,LS-WS-0064,History/legacy record; never current proof.
records/history/archive/LX-WS-0065-CTX-07_LEGACY.md,HISTORY,WS-REBASELINE-20260819-001,YES,HISTORICAL_RECORD,HISTORICAL_ONLY,NO,NO,LS-WS-0065,History/legacy record; never current proof.
records/history/archive/LX-WS-0065-FND-03_LEGACY.md,HISTORY,WS-REBASELINE-20260819-001,YES,HISTORICAL_RECORD,HISTORICAL_ONLY,NO,NO,LS-WS-0065,History/legacy record; never current proof.
records/history/archive/LX-WS-0065-GOV-04_LEGACY.md,HISTORY,WS-REBASELINE-20260819-001,YES,HISTORICAL_RECORD,HISTORICAL_ONLY,NO,NO,LS-WS-0065,History/legacy record; never current proof.
records/history/archive/LX-WS-0065-IMP-05_LEGACY.md,HISTORY,WS-REBASELINE-20260819-001,YES,HISTORICAL_RECORD,HISTORICAL_ONLY,NO,NO,LS-WS-0065,History/legacy record; never current proof.
records/history/archive/LX-WS-0065-RES-06_LEGACY.md,HISTORY,WS-REBASELINE-20260819-001,YES,HISTORICAL_RECORD,HISTORICAL_ONLY,NO,NO,LS-WS-0065,History/legacy record; never current proof.
records/history/archive/LX-WS-0075-CTX-05_C02.md,HISTORY,WS-REBASELINE-20260819-001,YES,HISTORICAL_RECORD,HISTORICAL_ONLY,NO,NO,LS-WS-0075,History/legacy record; never current proof.
records/history/archive/LX-WS-0075-FND-03_C02.md,HISTORY,WS-REBASELINE-20260819-001,YES,HISTORICAL_RECORD,HISTORICAL_ONLY,NO,NO,LS-WS-0075,History/legacy record; never current proof.
records/history/archive/LX-WS-0075-RES-04_C02.md,HISTORY,WS-REBASELINE-20260819-001,YES,HISTORICAL_RECORD,HISTORICAL_ONLY,NO,NO,LS-WS-0075,History/legacy record; never current proof.
records/history/archive/LX-WS-0077-CTX-05_C03.md,HISTORY,WS-REBASELINE-20260819-001,YES,HISTORICAL_RECORD,HISTORICAL_ONLY,NO,NO,LS-WS-0077,History/legacy record; never current proof.
records/history/archive/LX-WS-0077-FND-03_C03.md,HISTORY,WS-REBASELINE-20260819-001,YES,HISTORICAL_RECORD,HISTORICAL_ONLY,NO,NO,LS-WS-0077,History/legacy record; never current proof.
records/history/archive/LX-WS-0077-RES-04_C03.md,HISTORY,WS-REBASELINE-20260819-001,YES,HISTORICAL_RECORD,HISTORICAL_ONLY,NO,NO,LS-WS-0077,History/legacy record; never current proof.
records/history/archive/LX-WS-0078-CTX-03_C03.md,HISTORY,WS-REBASELINE-20260819-001,YES,HISTORICAL_RECORD,HISTORICAL_ONLY,NO,NO,LS-WS-0078,History/legacy record; never current proof.
records/history/archive/LX-WS-0078-RES-02_C03.md,HISTORY,WS-REBASELINE-20260819-001,YES,HISTORICAL_RECORD,HISTORICAL_ONLY,NO,NO,LS-WS-0078,History/legacy record; never current proof.
records/history/archive/LX-WS-0079-CTX-05_C04.md,HISTORY,WS-REBASELINE-20260819-001,YES,HISTORICAL_RECORD,HISTORICAL_ONLY,NO,NO,LS-WS-0079,History/legacy record; never current proof.
records/history/archive/LX-WS-0079-FND-03_C04.md,HISTORY,WS-REBASELINE-20260819-001,YES,HISTORICAL_RECORD,HISTORICAL_ONLY,NO,NO,LS-WS-0079,History/legacy record; never current proof.
records/history/archive/LX-WS-0079-RES-04_C04.md,HISTORY,WS-REBASELINE-20260819-001,YES,HISTORICAL_RECORD,HISTORICAL_ONLY,NO,NO,LS-WS-0079,History/legacy record; never current proof.
records/history/archive/LX-WS-0081-CTX-05_C05.md,HISTORY,WS-REBASELINE-20260819-001,YES,HISTORICAL_RECORD,HISTORICAL_ONLY,NO,NO,LS-WS-0081,History/legacy record; never current proof.
records/history/archive/LX-WS-0081-FND-03_C05.md,HISTORY,WS-REBASELINE-20260819-001,YES,HISTORICAL_RECORD,HISTORICAL_ONLY,NO,NO,LS-WS-0081,History/legacy record; never current proof.
records/history/archive/LX-WS-0081-RES-04_C05.md,HISTORY,WS-REBASELINE-20260819-001,YES,HISTORICAL_RECORD,HISTORICAL_ONLY,NO,NO,LS-WS-0081,History/legacy record; never current proof.
records/history/archive/LX-WS-0083-CTX-05_C06.md,HISTORY,WS-REBASELINE-20260819-001,YES,HISTORICAL_RECORD,HISTORICAL_ONLY,NO,NO,LS-WS-0083,History/legacy record; never current proof.
records/history/archive/LX-WS-0083-FND-03_C06.md,HISTORY,WS-REBASELINE-20260819-001,YES,HISTORICAL_RECORD,HISTORICAL_ONLY,NO,NO,LS-WS-0083,History/legacy record; never current proof.
records/history/archive/LX-WS-0083-RES-04_C06.md,HISTORY,WS-REBASELINE-20260819-001,YES,HISTORICAL_RECORD,HISTORICAL_ONLY,NO,NO,LS-WS-0083,History/legacy record; never current proof.
records/history/archive/LX-WS-0085-CTX-05_C07.md,HISTORY,WS-REBASELINE-20260819-001,YES,HISTORICAL_RECORD,HISTORICAL_ONLY,NO,NO,LS-WS-0085,History/legacy record; never current proof.
records/history/archive/LX-WS-0085-FND-03_C07.md,HISTORY,WS-REBASELINE-20260819-001,YES,HISTORICAL_RECORD,HISTORICAL_ONLY,NO,NO,LS-WS-0085,History/legacy record; never current proof.
records/history/archive/LX-WS-0085-RES-04_C07.md,HISTORY,WS-REBASELINE-20260819-001,YES,HISTORICAL_RECORD,HISTORICAL_ONLY,NO,NO,LS-WS-0085,History/legacy record; never current proof.
records/history/archive/LX-WS-0087-CTX-04_C07.md,HISTORY,WS-REBASELINE-20260819-001,YES,HISTORICAL_RECORD,HISTORICAL_ONLY,NO,NO,LS-WS-0087,History/legacy record; never current proof.
records/history/archive/LX-WS-0087-FND-03_C07.md,HISTORY,WS-REBASELINE-20260819-001,YES,HISTORICAL_RECORD,HISTORICAL_ONLY,NO,NO,LS-WS-0087,History/legacy record; never current proof.
records/history/archive/LX-WS-0089-CTX-03_C08_C07.md,HISTORY,WS-REBASELINE-20260819-001,YES,HISTORICAL_RECORD,HISTORICAL_ONLY,NO,NO,LS-WS-0089,History/legacy record; never current proof.
records/history/archive/LX-WS-0089-FND-02_C08_C07.md,HISTORY,WS-REBASELINE-20260819-001,YES,HISTORICAL_RECORD,HISTORICAL_ONLY,NO,NO,LS-WS-0089,History/legacy record; never current proof.
records/history/archive/LX-WS-0090-CTX-03_C09.md,HISTORY,WS-REBASELINE-20260819-001,YES,HISTORICAL_RECORD,HISTORICAL_ONLY,NO,NO,LS-WS-0090,History/legacy record; never current proof.
records/history/archive/LX-WS-0090-FND-02_C09.md,HISTORY,WS-REBASELINE-20260819-001,YES,HISTORICAL_RECORD,HISTORICAL_ONLY,NO,NO,LS-WS-0090,History/legacy record; never current proof.
records/history/archive/LX-WS-0095-CTX-03_C101.md,HISTORY,WS-REBASELINE-20260819-001,YES,HISTORICAL_RECORD,HISTORICAL_ONLY,NO,NO,LS-WS-0095,History/legacy record; never current proof.
records/history/archive/LX-WS-0097-CTX-03_C102.md,HISTORY,WS-REBASELINE-20260819-001,YES,HISTORICAL_RECORD,HISTORICAL_ONLY,NO,NO,LS-WS-0097,History/legacy record; never current proof.
records/history/archive/LX-WS-0099-CTX-03_C103.md,HISTORY,WS-REBASELINE-20260819-001,YES,HISTORICAL_RECORD,HISTORICAL_ONLY,NO,NO,LS-WS-0099,History/legacy record; never current proof.
records/history/archive/LX-WS-0105-CTX-03_C106.md,HISTORY,WS-REBASELINE-20260819-001,YES,HISTORICAL_RECORD,HISTORICAL_ONLY,NO,NO,LS-WS-0105,History/legacy record; never current proof.
records/history/archive/LX-WS-0106-CTX-03_C107.md,HISTORY,WS-REBASELINE-20260819-001,YES,HISTORICAL_RECORD,HISTORICAL_ONLY,NO,NO,LS-WS-0106,History/legacy record; never current proof.
records/history/archive/LX-WS-0107-CTX-03_C107.md,HISTORY,WS-REBASELINE-20260819-001,YES,HISTORICAL_RECORD,HISTORICAL_ONLY,NO,NO,LS-WS-0107,History/legacy record; never current proof.
records/history/archive/LX-WS-0108-CTX-03_C108.md,HISTORY,WS-REBASELINE-20260819-001,YES,HISTORICAL_RECORD,HISTORICAL_ONLY,NO,NO,LS-WS-0108,History/legacy record; never current proof.
records/history/archive/LX-WS-0112-CTX-03_C10.md,HISTORY,WS-REBASELINE-20260819-001,YES,HISTORICAL_RECORD,HISTORICAL_ONLY,NO,NO,LS-WS-0112,History/legacy record; never current proof.
records/history/archive/LX-WS-0112-FND-02_C10.md,HISTORY,WS-REBASELINE-20260819-001,YES,HISTORICAL_RECORD,HISTORICAL_ONLY,NO,NO,LS-WS-0112,History/legacy record; never current proof.
records/history/archive/LX-WS-0114-CTX-03_C110.md,HISTORY,WS-REBASELINE-20260819-001,YES,HISTORICAL_RECORD,HISTORICAL_ONLY,NO,NO,LS-WS-0114,History/legacy record; never current proof.
records/history/archive/LX-WS-0116-CTX-03_C111.md,HISTORY,WS-REBASELINE-20260819-001,YES,HISTORICAL_RECORD,HISTORICAL_ONLY,NO,NO,LS-WS-0116,History/legacy record; never current proof.
records/history/archive/LX-WS-0117-CTX-03_C111.md,HISTORY,WS-REBASELINE-20260819-001,YES,HISTORICAL_RECORD,HISTORICAL_ONLY,NO,NO,LS-WS-0117,History/legacy record; never current proof.
records/history/archive/LX-WS-0118-CTX-03_C112.md,HISTORY,WS-REBASELINE-20260819-001,YES,HISTORICAL_RECORD,HISTORICAL_ONLY,NO,NO,LS-WS-0118,History/legacy record; never current proof.
records/history/archive/LX-WS-0119-CTX-03_C112.md,HISTORY,WS-REBASELINE-20260819-001,YES,HISTORICAL_RECORD,HISTORICAL_ONLY,NO,NO,LS-WS-0119,History/legacy record; never current proof.
records/history/archive/LX-WS-0121-CTX-03_C113.md,HISTORY,WS-REBASELINE-20260819-001,YES,HISTORICAL_RECORD,HISTORICAL_ONLY,NO,NO,LS-WS-0121,History/legacy record; never current proof.
records/history/archive/LX-WS-0122-CTX-03_C114.md,HISTORY,WS-REBASELINE-20260819-001,YES,HISTORICAL_RECORD,HISTORICAL_ONLY,NO,NO,LS-WS-0122,History/legacy record; never current proof.
records/history/archive/LX-WS-0123-CTX-03_C114.md,HISTORY,WS-REBASELINE-20260819-001,YES,HISTORICAL_RECORD,HISTORICAL_ONLY,NO,NO,LS-WS-0123,History/legacy record; never current proof.
records/history/archive/LX-WS-0125-CTX-03_C115.md,HISTORY,WS-REBASELINE-20260819-001,YES,HISTORICAL_RECORD,HISTORICAL_ONLY,NO,NO,LS-WS-0125,History/legacy record; never current proof.
records/history/archive/LX-WS-0133-CTX-03_C119.md,HISTORY,WS-REBASELINE-20260819-001,YES,HISTORICAL_RECORD,HISTORICAL_ONLY,NO,NO,LS-WS-0133,History/legacy record; never current proof.
records/history/archive/LX-WS-0137-CTX-03_C120.md,HISTORY,WS-REBASELINE-20260819-001,YES,HISTORICAL_RECORD,HISTORICAL_ONLY,NO,NO,LS-WS-0137,History/legacy record; never current proof.
records/history/archive/LX-WS-0139-CTX-03_C121.md,HISTORY,WS-REBASELINE-20260819-001,YES,HISTORICAL_RECORD,HISTORICAL_ONLY,NO,NO,LS-WS-0139,History/legacy record; never current proof.
records/history/archive/LX-WS-0140-CTX-03_C122.md,HISTORY,WS-REBASELINE-20260819-001,YES,HISTORICAL_RECORD,HISTORICAL_ONLY,NO,NO,LS-WS-0140,History/legacy record; never current proof.
records/history/archive/LX-WS-0141-CTX-03_C122.md,HISTORY,WS-REBASELINE-20260819-001,YES,HISTORICAL_RECORD,HISTORICAL_ONLY,NO,NO,LS-WS-0141,History/legacy record; never current proof.
records/history/archive/LX-WS-0143-CTX-03_C123.md,HISTORY,WS-REBASELINE-20260819-001,YES,HISTORICAL_RECORD,HISTORICAL_ONLY,NO,NO,LS-WS-0143,History/legacy record; never current proof.
records/history/archive/LX-WS-0145-CTX-03_C124.md,HISTORY,WS-REBASELINE-20260819-001,YES,HISTORICAL_RECORD,HISTORICAL_ONLY,NO,NO,LS-WS-0145,History/legacy record; never current proof.
records/history/archive/LX-WS-0146-CTX-03_C125.md,HISTORY,WS-REBASELINE-20260819-001,YES,HISTORICAL_RECORD,HISTORICAL_ONLY,NO,NO,LS-WS-0146,History/legacy record; never current proof.
records/history/archive/LX-WS-0147-CTX-03_C125.md,HISTORY,WS-REBASELINE-20260819-001,YES,HISTORICAL_RECORD,HISTORICAL_ONLY,NO,NO,LS-WS-0147,History/legacy record; never current proof.
records/history/archive/LX-WS-0148-CTX-03_C126.md,HISTORY,WS-REBASELINE-20260819-001,YES,HISTORICAL_RECORD,HISTORICAL_ONLY,NO,NO,LS-WS-0148,History/legacy record; never current proof.
records/history/archive/LX-WS-0155-CTX-03_C129.md,HISTORY,WS-REBASELINE-20260819-001,YES,HISTORICAL_RECORD,HISTORICAL_ONLY,NO,NO,LS-WS-0155,History/legacy record; never current proof.
records/history/archive/LX-WS-0157-CTX-03_C12.md,HISTORY,WS-REBASELINE-20260819-001,YES,HISTORICAL_RECORD,HISTORICAL_ONLY,NO,NO,LS-WS-0157,History/legacy record; never current proof.
records/history/archive/LX-WS-0157-RES-02_C12.md,HISTORY,WS-REBASELINE-20260819-001,YES,HISTORICAL_RECORD,HISTORICAL_ONLY,NO,NO,LS-WS-0157,History/legacy record; never current proof.
records/history/archive/LX-WS-0159-CTX-03_C130.md,HISTORY,WS-REBASELINE-20260819-001,YES,HISTORICAL_RECORD,HISTORICAL_ONLY,NO,NO,LS-WS-0159,History/legacy record; never current proof.
records/history/archive/LX-WS-0161-CTX-03_C131.md,HISTORY,WS-REBASELINE-20260819-001,YES,HISTORICAL_RECORD,HISTORICAL_ONLY,NO,NO,LS-WS-0161,History/legacy record; never current proof.
records/history/archive/LX-WS-0169-CTX-03_C135.md,HISTORY,WS-REBASELINE-20260819-001,YES,HISTORICAL_RECORD,HISTORICAL_ONLY,NO,NO,LS-WS-0169,History/legacy record; never current proof.
records/history/archive/LX-WS-0171-CTX-03_C136.md,HISTORY,WS-REBASELINE-20260819-001,YES,HISTORICAL_RECORD,HISTORICAL_ONLY,NO,NO,LS-WS-0171,History/legacy record; never current proof.
records/history/archive/LX-WS-0173-CTX-03_C137.md,HISTORY,WS-REBASELINE-20260819-001,YES,HISTORICAL_RECORD,HISTORICAL_ONLY,NO,NO,LS-WS-0173,History/legacy record; never current proof.
records/history/archive/LX-WS-0175-CTX-03_C138.md,HISTORY,WS-REBASELINE-20260819-001,YES,HISTORICAL_RECORD,HISTORICAL_ONLY,NO,NO,LS-WS-0175,History/legacy record; never current proof.
records/history/archive/LX-WS-0178-CTX-03_C13.md,HISTORY,WS-REBASELINE-20260819-001,YES,HISTORICAL_RECORD,HISTORICAL_ONLY,NO,NO,LS-WS-0178,History/legacy record; never current proof.
records/history/archive/LX-WS-0178-IMP-02_C13.md,HISTORY,WS-REBASELINE-20260819-001,YES,HISTORICAL_RECORD,HISTORICAL_ONLY,NO,NO,LS-WS-0178,History/legacy record; never current proof.
records/history/archive/LX-WS-0185-CTX-03_C142.md,HISTORY,WS-REBASELINE-20260819-001,YES,HISTORICAL_RECORD,HISTORICAL_ONLY,NO,NO,LS-WS-0185,History/legacy record; never current proof.
records/history/archive/LX-WS-0187-CTX-03_C143.md,HISTORY,WS-REBASELINE-20260819-001,YES,HISTORICAL_RECORD,HISTORICAL_ONLY,NO,NO,LS-WS-0187,History/legacy record; never current proof.
records/history/archive/LX-WS-0189-CTX-03_C144.md,HISTORY,WS-REBASELINE-20260819-001,YES,HISTORICAL_RECORD,HISTORICAL_ONLY,NO,NO,LS-WS-0189,History/legacy record; never current proof.
records/history/archive/LX-WS-0191-CTX-03_C145.md,HISTORY,WS-REBASELINE-20260819-001,YES,HISTORICAL_RECORD,HISTORICAL_ONLY,NO,NO,LS-WS-0191,History/legacy record; never current proof.
records/history/archive/LX-WS-0199-CTX-03_C149.md,HISTORY,WS-REBASELINE-20260819-001,YES,HISTORICAL_RECORD,HISTORICAL_ONLY,NO,NO,LS-WS-0199,History/legacy record; never current proof.
records/history/archive/LX-WS-0200-CTX-03_C14.md,HISTORY,WS-REBASELINE-20260819-001,YES,HISTORICAL_RECORD,HISTORICAL_ONLY,NO,NO,LS-WS-0200,History/legacy record; never current proof.
records/history/archive/LX-WS-0200-RES-02_C14.md,HISTORY,WS-REBASELINE-20260819-001,YES,HISTORICAL_RECORD,HISTORICAL_ONLY,NO,NO,LS-WS-0200,History/legacy record; never current proof.
records/history/archive/LX-WS-0201-CTX-04_C14.md,HISTORY,WS-REBASELINE-20260819-001,YES,HISTORICAL_RECORD,HISTORICAL_ONLY,NO,NO,LS-WS-0201,History/legacy record; never current proof.
records/history/archive/LX-WS-0201-FND-02_C14.md,HISTORY,WS-REBASELINE-20260819-001,YES,HISTORICAL_RECORD,HISTORICAL_ONLY,NO,NO,LS-WS-0201,History/legacy record; never current proof.
records/history/archive/LX-WS-0201-RES-03_C14.md,HISTORY,WS-REBASELINE-20260819-001,YES,HISTORICAL_RECORD,HISTORICAL_ONLY,NO,NO,LS-WS-0201,History/legacy record; never current proof.
records/history/archive/LX-WS-0209-CTX-03_C153.md,HISTORY,WS-REBASELINE-20260819-001,YES,HISTORICAL_RECORD,HISTORICAL_ONLY,NO,NO,LS-WS-0209,History/legacy record; never current proof.
records/history/archive/LX-WS-0215-CTX-03_C156.md,HISTORY,WS-REBASELINE-20260819-001,YES,HISTORICAL_RECORD,HISTORICAL_ONLY,NO,NO,LS-WS-0215,History/legacy record; never current proof.
records/history/archive/LX-WS-0217-CTX-03_C157.md,HISTORY,WS-REBASELINE-20260819-001,YES,HISTORICAL_RECORD,HISTORICAL_ONLY,NO,NO,LS-WS-0217,History/legacy record; never current proof.
records/history/archive/LX-WS-0218-CTX-03_C158.md,HISTORY,WS-REBASELINE-20260819-001,YES,HISTORICAL_RECORD,HISTORICAL_ONLY,NO,NO,LS-WS-0218,History/legacy record; never current proof.
records/history/archive/LX-WS-0219-CTX-03_C158.md,HISTORY,WS-REBASELINE-20260819-001,YES,HISTORICAL_RECORD,HISTORICAL_ONLY,NO,NO,LS-WS-0219,History/legacy record; never current proof.
records/history/archive/LX-WS-0221-CTX-03_C158.md,HISTORY,WS-REBASELINE-20260819-001,YES,HISTORICAL_RECORD,HISTORICAL_ONLY,NO,NO,LS-WS-0221,History/legacy record; never current proof.
records/history/archive/LX-WS-0222-CTX-03_C158.md,HISTORY,WS-REBASELINE-20260819-001,YES,HISTORICAL_RECORD,HISTORICAL_ONLY,NO,NO,LS-WS-0222,History/legacy record; never current proof.
records/history/archive/LX-WS-0224-CTX-03_C159.md,HISTORY,WS-REBASELINE-20260819-001,YES,HISTORICAL_RECORD,HISTORICAL_ONLY,NO,NO,LS-WS-0224,History/legacy record; never current proof.
records/history/archive/LX-WS-0225-CTX-03_C159.md,HISTORY,WS-REBASELINE-20260819-001,YES,HISTORICAL_RECORD,HISTORICAL_ONLY,NO,NO,LS-WS-0225,History/legacy record; never current proof.
records/history/archive/LX-WS-0226-CTX-03_C159.md,HISTORY,WS-REBASELINE-20260819-001,YES,HISTORICAL_RECORD,HISTORICAL_ONLY,NO,NO,LS-WS-0226,History/legacy record; never current proof.
records/history/archive/LX-WS-0229-CTX-03_C15.md,HISTORY,WS-REBASELINE-20260819-001,YES,HISTORICAL_RECORD,HISTORICAL_ONLY,NO,NO,LS-WS-0229,History/legacy record; never current proof.
records/history/archive/LX-WS-0229-RES-02_C15.md,HISTORY,WS-REBASELINE-20260819-001,YES,HISTORICAL_RECORD,HISTORICAL_ONLY,NO,NO,LS-WS-0229,History/legacy record; never current proof.
records/history/archive/LX-WS-0230-CTX-05_C15.md,HISTORY,WS-REBASELINE-20260819-001,YES,HISTORICAL_RECORD,HISTORICAL_ONLY,NO,NO,LS-WS-0230,History/legacy record; never current proof.
records/history/archive/LX-WS-0230-FND-03_C15.md,HISTORY,WS-REBASELINE-20260819-001,YES,HISTORICAL_RECORD,HISTORICAL_ONLY,NO,NO,LS-WS-0230,History/legacy record; never current proof.
records/history/archive/LX-WS-0230-GOV-04_C15.md,HISTORY,WS-REBASELINE-20260819-001,YES,HISTORICAL_RECORD,HISTORICAL_ONLY,NO,NO,LS-WS-0230,History/legacy record; never current proof.
records/history/archive/LX-WS-0231-CTX-03_C160.md,HISTORY,WS-REBASELINE-20260819-001,YES,HISTORICAL_RECORD,HISTORICAL_ONLY,NO,NO,LS-WS-0231,History/legacy record; never current proof.
records/history/archive/LX-WS-0232-CTX-03_C160.md,HISTORY,WS-REBASELINE-20260819-001,YES,HISTORICAL_RECORD,HISTORICAL_ONLY,NO,NO,LS-WS-0232,History/legacy record; never current proof.
records/history/archive/LX-WS-0234-CTX-03_C160.md,HISTORY,WS-REBASELINE-20260819-001,YES,HISTORICAL_RECORD,HISTORICAL_ONLY,NO,NO,LS-WS-0234,History/legacy record; never current proof.
records/history/archive/LX-WS-0235-CTX-03_C160.md,HISTORY,WS-REBASELINE-20260819-001,YES,HISTORICAL_RECORD,HISTORICAL_ONLY,NO,NO,LS-WS-0235,History/legacy record; never current proof.
records/history/archive/LX-WS-0237-CTX-03_C161.md,HISTORY,WS-REBASELINE-20260819-001,YES,HISTORICAL_RECORD,HISTORICAL_ONLY,NO,NO,LS-WS-0237,History/legacy record; never current proof.
records/history/archive/LX-WS-0238-CTX-03_C161.md,HISTORY,WS-REBASELINE-20260819-001,YES,HISTORICAL_RECORD,HISTORICAL_ONLY,NO,NO,LS-WS-0238,History/legacy record; never current proof.
records/history/archive/LX-WS-0240-CTX-03_C161.md,HISTORY,WS-REBASELINE-20260819-001,YES,HISTORICAL_RECORD,HISTORICAL_ONLY,NO,NO,LS-WS-0240,History/legacy record; never current proof.
records/history/archive/LX-WS-0241-CTX-03_C161.md,HISTORY,WS-REBASELINE-20260819-001,YES,HISTORICAL_RECORD,HISTORICAL_ONLY,NO,NO,LS-WS-0241,History/legacy record; never current proof.
records/history/archive/LX-WS-0244-CTX-03_C162.md,HISTORY,WS-REBASELINE-20260819-001,YES,HISTORICAL_RECORD,HISTORICAL_ONLY,NO,NO,LS-WS-0244,History/legacy record; never current proof.
records/history/archive/LX-WS-0245-CTX-03_C162.md,HISTORY,WS-REBASELINE-20260819-001,YES,HISTORICAL_RECORD,HISTORICAL_ONLY,NO,NO,LS-WS-0245,History/legacy record; never current proof.
records/history/archive/LX-WS-0247-CTX-03_C162.md,HISTORY,WS-REBASELINE-20260819-001,YES,HISTORICAL_RECORD,HISTORICAL_ONLY,NO,NO,LS-WS-0247,History/legacy record; never current proof.
records/history/archive/LX-WS-0250-CTX-03_C162.md,HISTORY,WS-REBASELINE-20260819-001,YES,HISTORICAL_RECORD,HISTORICAL_ONLY,NO,NO,LS-WS-0250,History/legacy record; never current proof.
records/history/archive/LX-WS-0253-CTX-03_C162.md,HISTORY,WS-REBASELINE-20260819-001,YES,HISTORICAL_RECORD,HISTORICAL_ONLY,NO,NO,LS-WS-0253,History/legacy record; never current proof.
records/history/archive/LX-WS-0255-CTX-03_C162.md,HISTORY,WS-REBASELINE-20260819-001,YES,HISTORICAL_RECORD,HISTORICAL_ONLY,NO,NO,LS-WS-0255,History/legacy record; never current proof.
records/history/archive/LX-WS-0256-CTX-03_C162.md,HISTORY,WS-REBASELINE-20260819-001,YES,HISTORICAL_RECORD,HISTORICAL_ONLY,NO,NO,LS-WS-0256,History/legacy record; never current proof.
records/history/archive/LX-WS-0257-CTX-03_C162.md,HISTORY,WS-REBASELINE-20260819-001,YES,HISTORICAL_RECORD,HISTORICAL_ONLY,NO,NO,LS-WS-0257,History/legacy record; never current proof.
records/history/archive/LX-WS-0258-CTX-03_C162.md,HISTORY,WS-REBASELINE-20260819-001,YES,HISTORICAL_RECORD,HISTORICAL_ONLY,NO,NO,LS-WS-0258,History/legacy record; never current proof.
records/history/archive/LX-WS-0282-CTX-03_C164.md,HISTORY,WS-REBASELINE-20260819-001,YES,HISTORICAL_RECORD,HISTORICAL_ONLY,NO,NO,LS-WS-0282,History/legacy record; never current proof.
records/history/archive/LX-WS-0283-CTX-03_C164.md,HISTORY,WS-REBASELINE-20260819-001,YES,HISTORICAL_RECORD,HISTORICAL_ONLY,NO,NO,LS-WS-0283,History/legacy record; never current proof.
records/history/archive/LX-WS-0288-CTX-03_C165.md,HISTORY,WS-REBASELINE-20260819-001,YES,HISTORICAL_RECORD,HISTORICAL_ONLY,NO,NO,LS-WS-0288,History/legacy record; never current proof.
records/history/archive/LX-WS-0290-CTX-03_C165.md,HISTORY,WS-REBASELINE-20260819-001,YES,HISTORICAL_RECORD,HISTORICAL_ONLY,NO,NO,LS-WS-0290,History/legacy record; never current proof.
records/history/archive/LX-WS-0296-CTX-03_C166.md,HISTORY,WS-REBASELINE-20260819-001,YES,HISTORICAL_RECORD,HISTORICAL_ONLY,NO,NO,LS-WS-0296,History/legacy record; never current proof.
records/history/archive/LX-WS-0306-CTX-05_C168.md,HISTORY,WS-REBASELINE-20260819-001,YES,HISTORICAL_RECORD,HISTORICAL_ONLY,NO,NO,LS-WS-0306,History/legacy record; never current proof.
records/history/archive/LX-WS-0306-FND-02_C168.md,HISTORY,WS-REBASELINE-20260819-001,YES,HISTORICAL_RECORD,HISTORICAL_ONLY,NO,NO,LS-WS-0306,History/legacy record; never current proof.
records/history/archive/LX-WS-0306-IMP-03_C168.md,HISTORY,WS-REBASELINE-20260819-001,YES,HISTORICAL_RECORD,HISTORICAL_ONLY,NO,NO,LS-WS-0306,History/legacy record; never current proof.
records/history/archive/LX-WS-0306-RES-04_C168.md,HISTORY,WS-REBASELINE-20260819-001,YES,HISTORICAL_RECORD,HISTORICAL_ONLY,NO,NO,LS-WS-0306,History/legacy record; never current proof.
records/history/archive/LX-WS-0308-CTX-04_C169.md,HISTORY,WS-REBASELINE-20260819-001,YES,HISTORICAL_RECORD,HISTORICAL_ONLY,NO,NO,LS-WS-0308,History/legacy record; never current proof.
records/history/archive/LX-WS-0308-IMP-02_C169.md,HISTORY,WS-REBASELINE-20260819-001,YES,HISTORICAL_RECORD,HISTORICAL_ONLY,NO,NO,LS-WS-0308,History/legacy record; never current proof.
records/history/archive/LX-WS-0308-RES-03_C169.md,HISTORY,WS-REBASELINE-20260819-001,YES,HISTORICAL_RECORD,HISTORICAL_ONLY,NO,NO,LS-WS-0308,History/legacy record; never current proof.
records/history/archive/LX-WS-0309-CTX-03_C16.md,HISTORY,WS-REBASELINE-20260819-001,YES,HISTORICAL_RECORD,HISTORICAL_ONLY,NO,NO,LS-WS-0309,History/legacy record; never current proof.
records/history/archive/LX-WS-0309-RES-02_C16.md,HISTORY,WS-REBASELINE-20260819-001,YES,HISTORICAL_RECORD,HISTORICAL_ONLY,NO,NO,LS-WS-0309,History/legacy record; never current proof.
records/history/archive/LX-WS-0310-CTX-03_C16.md,HISTORY,WS-REBASELINE-20260819-001,YES,HISTORICAL_RECORD,HISTORICAL_ONLY,NO,NO,LS-WS-0310,History/legacy record; never current proof.
records/history/archive/LX-WS-0310-RES-02_C16.md,HISTORY,WS-REBASELINE-20260819-001,YES,HISTORICAL_RECORD,HISTORICAL_ONLY,NO,NO,LS-WS-0310,History/legacy record; never current proof.
records/history/archive/LX-WS-0312-CTX-03_C170.md,HISTORY,WS-REBASELINE-20260819-001,YES,HISTORICAL_RECORD,HISTORICAL_ONLY,NO,NO,LS-WS-0312,History/legacy record; never current proof.
records/history/archive/LX-WS-0312-IMP-01_C170.md,HISTORY,WS-REBASELINE-20260819-001,YES,HISTORICAL_RECORD,HISTORICAL_ONLY,NO,NO,LS-WS-0312,History/legacy record; never current proof.
records/history/archive/LX-WS-0312-RES-02_C170.md,HISTORY,WS-REBASELINE-20260819-001,YES,HISTORICAL_RECORD,HISTORICAL_ONLY,NO,NO,LS-WS-0312,History/legacy record; never current proof.
records/history/archive/LX-WS-0313-CTX-03_C171_C01.md,HISTORY,WS-REBASELINE-20260819-001,YES,HISTORICAL_RECORD,HISTORICAL_ONLY,NO,NO,LS-WS-0313,History/legacy record; never current proof.
records/history/archive/LX-WS-0313-FND-04_C171_C01.md,HISTORY,WS-REBASELINE-20260819-001,YES,HISTORICAL_RECORD,HISTORICAL_ONLY,NO,NO,LS-WS-0313,History/legacy record; never current proof.
records/history/archive/LX-WS-0313-IMP-02_C171_C01.md,HISTORY,WS-REBASELINE-20260819-001,YES,HISTORICAL_RECORD,HISTORICAL_ONLY,NO,NO,LS-WS-0313,History/legacy record; never current proof.
records/history/archive/LX-WS-0314-CTX-04_C171_C01.md,HISTORY,WS-REBASELINE-20260819-001,YES,HISTORICAL_RECORD,HISTORICAL_ONLY,NO,NO,LS-WS-0314,History/legacy record; never current proof.
records/history/archive/LX-WS-0314-FND-02_C171_C01.md,HISTORY,WS-REBASELINE-20260819-001,YES,HISTORICAL_RECORD,HISTORICAL_ONLY,NO,NO,LS-WS-0314,History/legacy record; never current proof.
records/history/archive/LX-WS-0314-IMP-03_C171_C01.md,HISTORY,WS-REBASELINE-20260819-001,YES,HISTORICAL_RECORD,HISTORICAL_ONLY,NO,NO,LS-WS-0314,History/legacy record; never current proof.
records/history/archive/LX-WS-0315-CTX-04_C171_R2.md,HISTORY,WS-REBASELINE-20260819-001,YES,HISTORICAL_RECORD,HISTORICAL_ONLY,NO,NO,LS-WS-0315,History/legacy record; never current proof.
records/history/archive/LX-WS-0315-FND-01_C171_R2.md,HISTORY,WS-REBASELINE-20260819-001,YES,HISTORICAL_RECORD,HISTORICAL_ONLY,NO,NO,LS-WS-0315,History/legacy record; never current proof.
records/history/archive/LX-WS-0315-IMP-02_C171_R2.md,HISTORY,WS-REBASELINE-20260819-001,YES,HISTORICAL_RECORD,HISTORICAL_ONLY,NO,NO,LS-WS-0315,History/legacy record; never current proof.
records/history/archive/LX-WS-0315-RES-03_C171_R2.md,HISTORY,WS-REBASELINE-20260819-001,YES,HISTORICAL_RECORD,HISTORICAL_ONLY,NO,NO,LS-WS-0315,History/legacy record; never current proof.
records/history/archive/LX-WS-0316-CTX-03_C171.md,HISTORY,WS-REBASELINE-20260819-001,YES,HISTORICAL_RECORD,HISTORICAL_ONLY,NO,NO,LS-WS-0316,History/legacy record; never current proof.
records/history/archive/LX-WS-0316-FND-02_C171.md,HISTORY,WS-REBASELINE-20260819-001,YES,HISTORICAL_RECORD,HISTORICAL_ONLY,NO,NO,LS-WS-0316,History/legacy record; never current proof.
records/history/archive/LX-WS-0319-CTX-03_C171.md,HISTORY,WS-REBASELINE-20260819-001,YES,HISTORICAL_RECORD,HISTORICAL_ONLY,NO,NO,LS-WS-0319,History/legacy record; never current proof.
records/history/archive/LX-WS-0321-CTX-04_C171.md,HISTORY,WS-REBASELINE-20260819-001,YES,HISTORICAL_RECORD,HISTORICAL_ONLY,NO,NO,LS-WS-0321,History/legacy record; never current proof.
records/history/archive/LX-WS-0321-IMP-02_C171.md,HISTORY,WS-REBASELINE-20260819-001,YES,HISTORICAL_RECORD,HISTORICAL_ONLY,NO,NO,LS-WS-0321,History/legacy record; never current proof.
records/history/archive/LX-WS-0321-RES-03_C171.md,HISTORY,WS-REBASELINE-20260819-001,YES,HISTORICAL_RECORD,HISTORICAL_ONLY,NO,NO,LS-WS-0321,History/legacy record; never current proof.
records/history/archive/LX-WS-0323-CTX-03_C171_C01.md,HISTORY,WS-REBASELINE-20260819-001,YES,HISTORICAL_RECORD,HISTORICAL_ONLY,NO,NO,LS-WS-0323,History/legacy record; never current proof.
records/history/archive/LX-WS-0323-IMP-02_C171_C01.md,HISTORY,WS-REBASELINE-20260819-001,YES,HISTORICAL_RECORD,HISTORICAL_ONLY,NO,NO,LS-WS-0323,History/legacy record; never current proof.
records/history/archive/LX-WS-0324-CTX-03_C171.md,HISTORY,WS-REBASELINE-20260819-001,YES,HISTORICAL_RECORD,HISTORICAL_ONLY,NO,NO,LS-WS-0324,History/legacy record; never current proof.
records/history/archive/LX-WS-0324-IMP-02_C171.md,HISTORY,WS-REBASELINE-20260819-001,YES,HISTORICAL_RECORD,HISTORICAL_ONLY,NO,NO,LS-WS-0324,History/legacy record; never current proof.
records/history/archive/LX-WS-0325-CTX-04_C171.md,HISTORY,WS-REBASELINE-20260819-001,YES,HISTORICAL_RECORD,HISTORICAL_ONLY,NO,NO,LS-WS-0325,History/legacy record; never current proof.
records/history/archive/LX-WS-0325-IMP-02_C171.md,HISTORY,WS-REBASELINE-20260819-001,YES,HISTORICAL_RECORD,HISTORICAL_ONLY,NO,NO,LS-WS-0325,History/legacy record; never current proof.
records/history/archive/LX-WS-0325-RES-03_C171.md,HISTORY,WS-REBASELINE-20260819-001,YES,HISTORICAL_RECORD,HISTORICAL_ONLY,NO,NO,LS-WS-0325,History/legacy record; never current proof.
records/history/archive/LX-WS-0326-CTX-03_C171.md,HISTORY,WS-REBASELINE-20260819-001,YES,HISTORICAL_RECORD,HISTORICAL_ONLY,NO,NO,LS-WS-0326,History/legacy record; never current proof.
records/history/archive/LX-WS-0326-IMP-02_C171.md,HISTORY,WS-REBASELINE-20260819-001,YES,HISTORICAL_RECORD,HISTORICAL_ONLY,NO,NO,LS-WS-0326,History/legacy record; never current proof.
records/history/archive/LX-WS-0327-CTX-05_C171.md,HISTORY,WS-REBASELINE-20260819-001,YES,HISTORICAL_RECORD,HISTORICAL_ONLY,NO,NO,LS-WS-0327,History/legacy record; never current proof.
records/history/archive/LX-WS-0327-FND-02_C171.md,HISTORY,WS-REBASELINE-20260819-001,YES,HISTORICAL_RECORD,HISTORICAL_ONLY,NO,NO,LS-WS-0327,History/legacy record; never current proof.
records/history/archive/LX-WS-0327-IMP-03_C171.md,HISTORY,WS-REBASELINE-20260819-001,YES,HISTORICAL_RECORD,HISTORICAL_ONLY,NO,NO,LS-WS-0327,History/legacy record; never current proof.
records/history/archive/LX-WS-0327-RES-04_C171.md,HISTORY,WS-REBASELINE-20260819-001,YES,HISTORICAL_RECORD,HISTORICAL_ONLY,NO,NO,LS-WS-0327,History/legacy record; never current proof.
records/history/archive/LX-WS-0329-CTX-03_C171.md,HISTORY,WS-REBASELINE-20260819-001,YES,HISTORICAL_RECORD,HISTORICAL_ONLY,NO,NO,LS-WS-0329,History/legacy record; never current proof.
records/history/archive/LX-WS-0329-FND-02_C171.md,HISTORY,WS-REBASELINE-20260819-001,YES,HISTORICAL_RECORD,HISTORICAL_ONLY,NO,NO,LS-WS-0329,History/legacy record; never current proof.
records/history/archive/LX-WS-0330-CTX-04_C171.md,HISTORY,WS-REBASELINE-20260819-001,YES,HISTORICAL_RECORD,HISTORICAL_ONLY,NO,NO,LS-WS-0330,History/legacy record; never current proof.
records/history/archive/LX-WS-0330-IMP-02_C171.md,HISTORY,WS-REBASELINE-20260819-001,YES,HISTORICAL_RECORD,HISTORICAL_ONLY,NO,NO,LS-WS-0330,History/legacy record; never current proof.
records/history/archive/LX-WS-0330-RES-03_C171.md,HISTORY,WS-REBASELINE-20260819-001,YES,HISTORICAL_RECORD,HISTORICAL_ONLY,NO,NO,LS-WS-0330,History/legacy record; never current proof.
records/history/archive/LX-WS-0331-CTX-03_C17.md,HISTORY,WS-REBASELINE-20260819-001,YES,HISTORICAL_RECORD,HISTORICAL_ONLY,NO,NO,LS-WS-0331,History/legacy record; never current proof.
records/history/archive/LX-WS-0331-RES-02_C17.md,HISTORY,WS-REBASELINE-20260819-001,YES,HISTORICAL_RECORD,HISTORICAL_ONLY,NO,NO,LS-WS-0331,History/legacy record; never current proof.
records/history/archive/LX-WS-0333-CTX-03_C18.md,HISTORY,WS-REBASELINE-20260819-001,YES,HISTORICAL_RECORD,HISTORICAL_ONLY,NO,NO,LS-WS-0333,History/legacy record; never current proof.
records/history/archive/LX-WS-0333-FND-02_C18.md,HISTORY,WS-REBASELINE-20260819-001,YES,HISTORICAL_RECORD,HISTORICAL_ONLY,NO,NO,LS-WS-0333,History/legacy record; never current proof.
records/history/archive/LX-WS-0334-CTX-03_C18.md,HISTORY,WS-REBASELINE-20260819-001,YES,HISTORICAL_RECORD,HISTORICAL_ONLY,NO,NO,LS-WS-0334,History/legacy record; never current proof.
records/history/archive/LX-WS-0334-FND-02_C18.md,HISTORY,WS-REBASELINE-20260819-001,YES,HISTORICAL_RECORD,HISTORICAL_ONLY,NO,NO,LS-WS-0334,History/legacy record; never current proof.
records/history/archive/LX-WS-0335-CTX-04_C19.md,HISTORY,WS-REBASELINE-20260819-001,YES,HISTORICAL_RECORD,HISTORICAL_ONLY,NO,NO,LS-WS-0335,History/legacy record; never current proof.
records/history/archive/LX-WS-0335-FND-03_C19.md,HISTORY,WS-REBASELINE-20260819-001,YES,HISTORICAL_RECORD,HISTORICAL_ONLY,NO,NO,LS-WS-0335,History/legacy record; never current proof.
records/history/archive/LX-WS-0336-CTX-03_C19.md,HISTORY,WS-REBASELINE-20260819-001,YES,HISTORICAL_RECORD,HISTORICAL_ONLY,NO,NO,LS-WS-0336,History/legacy record; never current proof.
records/history/archive/LX-WS-0336-FND-02_C19.md,HISTORY,WS-REBASELINE-20260819-001,YES,HISTORICAL_RECORD,HISTORICAL_ONLY,NO,NO,LS-WS-0336,History/legacy record; never current proof.
records/history/archive/LX-WS-0337-CTX-04_C19.md,HISTORY,WS-REBASELINE-20260819-001,YES,HISTORICAL_RECORD,HISTORICAL_ONLY,NO,NO,LS-WS-0337,History/legacy record; never current proof.
records/history/archive/LX-WS-0337-FND-02_C19.md,HISTORY,WS-REBASELINE-20260819-001,YES,HISTORICAL_RECORD,HISTORICAL_ONLY,NO,NO,LS-WS-0337,History/legacy record; never current proof.
records/history/archive/LX-WS-0337-STR-03_C19.md,HISTORY,WS-REBASELINE-20260819-001,YES,HISTORICAL_RECORD,HISTORICAL_ONLY,NO,NO,LS-WS-0337,History/legacy record; never current proof.
records/history/archive/LX-WS-0338-CTX-03_C19.md,HISTORY,WS-REBASELINE-20260819-001,YES,HISTORICAL_RECORD,HISTORICAL_ONLY,NO,NO,LS-WS-0338,History/legacy record; never current proof.
records/history/archive/LX-WS-0338-FND-02_C19.md,HISTORY,WS-REBASELINE-20260819-001,YES,HISTORICAL_RECORD,HISTORICAL_ONLY,NO,NO,LS-WS-0338,History/legacy record; never current proof.
records/history/archive/LX-WS-0339-CTX-06_C19.md,HISTORY,WS-REBASELINE-20260819-001,YES,HISTORICAL_RECORD,HISTORICAL_ONLY,NO,NO,LS-WS-0339,History/legacy record; never current proof.
records/history/archive/LX-WS-0339-FND-02_C19.md,HISTORY,WS-REBASELINE-20260819-001,YES,HISTORICAL_RECORD,HISTORICAL_ONLY,NO,NO,LS-WS-0339,History/legacy record; never current proof.
records/history/archive/LX-WS-0339-IMP-03_C19.md,HISTORY,WS-REBASELINE-20260819-001,YES,HISTORICAL_RECORD,HISTORICAL_ONLY,NO,NO,LS-WS-0339,History/legacy record; never current proof.
records/history/archive/LX-WS-0339-RES-04_C19.md,HISTORY,WS-REBASELINE-20260819-001,YES,HISTORICAL_RECORD,HISTORICAL_ONLY,NO,NO,LS-WS-0339,History/legacy record; never current proof.
records/history/archive/LX-WS-0339-STR-05_C19.md,HISTORY,WS-REBASELINE-20260819-001,YES,HISTORICAL_RECORD,HISTORICAL_ONLY,NO,NO,LS-WS-0339,History/legacy record; never current proof.
records/history/archive/LX-WS-0340-CTX-03_C20.md,HISTORY,WS-REBASELINE-20260819-001,YES,HISTORICAL_RECORD,HISTORICAL_ONLY,NO,NO,LS-WS-0340,History/legacy record; never current proof.
records/history/archive/LX-WS-0340-FND-02_C20.md,HISTORY,WS-REBASELINE-20260819-001,YES,HISTORICAL_RECORD,HISTORICAL_ONLY,NO,NO,LS-WS-0340,History/legacy record; never current proof.
records/history/archive/LX-WS-0341-CTX-05_C20.md,HISTORY,WS-REBASELINE-20260819-001,YES,HISTORICAL_RECORD,HISTORICAL_ONLY,NO,NO,LS-WS-0341,History/legacy record; never current proof.
records/history/archive/LX-WS-0341-FND-03_C20.md,HISTORY,WS-REBASELINE-20260819-001,YES,HISTORICAL_RECORD,HISTORICAL_ONLY,NO,NO,LS-WS-0341,History/legacy record; never current proof.
records/history/archive/LX-WS-0341-IMP-04_C20.md,HISTORY,WS-REBASELINE-20260819-001,YES,HISTORICAL_RECORD,HISTORICAL_ONLY,NO,NO,LS-WS-0341,History/legacy record; never current proof.
records/history/archive/LX-WS-0342-CTX-05_C21.md,HISTORY,WS-REBASELINE-20260819-001,YES,HISTORICAL_RECORD,HISTORICAL_ONLY,NO,NO,LS-WS-0342,History/legacy record; never current proof.
records/history/archive/LX-WS-0342-FND-03_C21.md,HISTORY,WS-REBASELINE-20260819-001,YES,HISTORICAL_RECORD,HISTORICAL_ONLY,NO,NO,LS-WS-0342,History/legacy record; never current proof.
records/history/archive/LX-WS-0342-IMP-04_C21.md,HISTORY,WS-REBASELINE-20260819-001,YES,HISTORICAL_RECORD,HISTORICAL_ONLY,NO,NO,LS-WS-0342,History/legacy record; never current proof.
records/history/archive/LX-WS-0343-CTX-03_C21.md,HISTORY,WS-REBASELINE-20260819-001,YES,HISTORICAL_RECORD,HISTORICAL_ONLY,NO,NO,LS-WS-0343,History/legacy record; never current proof.
records/history/archive/LX-WS-0343-FND-02_C21.md,HISTORY,WS-REBASELINE-20260819-001,YES,HISTORICAL_RECORD,HISTORICAL_ONLY,NO,NO,LS-WS-0343,History/legacy record; never current proof.
records/history/archive/LX-WS-0344-CTX-05_C22.md,HISTORY,WS-REBASELINE-20260819-001,YES,HISTORICAL_RECORD,HISTORICAL_ONLY,NO,NO,LS-WS-0344,History/legacy record; never current proof.
records/history/archive/LX-WS-0344-FND-03_C22.md,HISTORY,WS-REBASELINE-20260819-001,YES,HISTORICAL_RECORD,HISTORICAL_ONLY,NO,NO,LS-WS-0344,History/legacy record; never current proof.
records/history/archive/LX-WS-0344-IMP-04_C22.md,HISTORY,WS-REBASELINE-20260819-001,YES,HISTORICAL_RECORD,HISTORICAL_ONLY,NO,NO,LS-WS-0344,History/legacy record; never current proof.
records/history/archive/LX-WS-0345-CTX-03_C22.md,HISTORY,WS-REBASELINE-20260819-001,YES,HISTORICAL_RECORD,HISTORICAL_ONLY,NO,NO,LS-WS-0345,History/legacy record; never current proof.
records/history/archive/LX-WS-0345-FND-02_C22.md,HISTORY,WS-REBASELINE-20260819-001,YES,HISTORICAL_RECORD,HISTORICAL_ONLY,NO,NO,LS-WS-0345,History/legacy record; never current proof.
records/history/archive/LX-WS-0346-CTX-04_C23.md,HISTORY,WS-REBASELINE-20260819-001,YES,HISTORICAL_RECORD,HISTORICAL_ONLY,NO,NO,LS-WS-0346,History/legacy record; never current proof.
records/history/archive/LX-WS-0346-FND-02_C23.md,HISTORY,WS-REBASELINE-20260819-001,YES,HISTORICAL_RECORD,HISTORICAL_ONLY,NO,NO,LS-WS-0346,History/legacy record; never current proof.
records/history/archive/LX-WS-0346-IMP-03_C23.md,HISTORY,WS-REBASELINE-20260819-001,YES,HISTORICAL_RECORD,HISTORICAL_ONLY,NO,NO,LS-WS-0346,History/legacy record; never current proof.
records/history/archive/LX-WS-0347-CTX-03_C23.md,HISTORY,WS-REBASELINE-20260819-001,YES,HISTORICAL_RECORD,HISTORICAL_ONLY,NO,NO,LS-WS-0347,History/legacy record; never current proof.
records/history/archive/LX-WS-0347-FND-02_C23.md,HISTORY,WS-REBASELINE-20260819-001,YES,HISTORICAL_RECORD,HISTORICAL_ONLY,NO,NO,LS-WS-0347,History/legacy record; never current proof.
records/history/archive/LX-WS-0348-CTX-04_C24_C22.md,HISTORY,WS-REBASELINE-20260819-001,YES,HISTORICAL_RECORD,HISTORICAL_ONLY,NO,NO,LS-WS-0348,History/legacy record; never current proof.
records/history/archive/LX-WS-0348-FND-02_C24_C22.md,HISTORY,WS-REBASELINE-20260819-001,YES,HISTORICAL_RECORD,HISTORICAL_ONLY,NO,NO,LS-WS-0348,History/legacy record; never current proof.
records/history/archive/LX-WS-0348-IMP-03_C24_C22.md,HISTORY,WS-REBASELINE-20260819-001,YES,HISTORICAL_RECORD,HISTORICAL_ONLY,NO,NO,LS-WS-0348,History/legacy record; never current proof.
records/history/archive/LX-WS-0349-CTX-03_C24.md,HISTORY,WS-REBASELINE-20260819-001,YES,HISTORICAL_RECORD,HISTORICAL_ONLY,NO,NO,LS-WS-0349,History/legacy record; never current proof.
records/history/archive/LX-WS-0349-FND-02_C24.md,HISTORY,WS-REBASELINE-20260819-001,YES,HISTORICAL_RECORD,HISTORICAL_ONLY,NO,NO,LS-WS-0349,History/legacy record; never current proof.
records/history/archive/LX-WS-0350-CTX-04_C25.md,HISTORY,WS-REBASELINE-20260819-001,YES,HISTORICAL_RECORD,HISTORICAL_ONLY,NO,NO,LS-WS-0350,History/legacy record; never current proof.
records/history/archive/LX-WS-0350-FND-02_C25.md,HISTORY,WS-REBASELINE-20260819-001,YES,HISTORICAL_RECORD,HISTORICAL_ONLY,NO,NO,LS-WS-0350,History/legacy record; never current proof.
records/history/archive/LX-WS-0350-IMP-03_C25.md,HISTORY,WS-REBASELINE-20260819-001,YES,HISTORICAL_RECORD,HISTORICAL_ONLY,NO,NO,LS-WS-0350,History/legacy record; never current proof.
records/history/archive/LX-WS-0351-CTX-03_C25.md,HISTORY,WS-REBASELINE-20260819-001,YES,HISTORICAL_RECORD,HISTORICAL_ONLY,NO,NO,LS-WS-0351,History/legacy record; never current proof.
records/history/archive/LX-WS-0351-FND-02_C25.md,HISTORY,WS-REBASELINE-20260819-001,YES,HISTORICAL_RECORD,HISTORICAL_ONLY,NO,NO,LS-WS-0351,History/legacy record; never current proof.
records/history/archive/LX-WS-0352-CTX-05_C26.md,HISTORY,WS-REBASELINE-20260819-001,YES,HISTORICAL_RECORD,HISTORICAL_ONLY,NO,NO,LS-WS-0352,History/legacy record; never current proof.
records/history/archive/LX-WS-0352-FND-03_C26.md,HISTORY,WS-REBASELINE-20260819-001,YES,HISTORICAL_RECORD,HISTORICAL_ONLY,NO,NO,LS-WS-0352,History/legacy record; never current proof.
records/history/archive/LX-WS-0352-IMP-04_C26.md,HISTORY,WS-REBASELINE-20260819-001,YES,HISTORICAL_RECORD,HISTORICAL_ONLY,NO,NO,LS-WS-0352,History/legacy record; never current proof.
records/history/archive/LX-WS-0353-CTX-03_C26.md,HISTORY,WS-REBASELINE-20260819-001,YES,HISTORICAL_RECORD,HISTORICAL_ONLY,NO,NO,LS-WS-0353,History/legacy record; never current proof.
records/history/archive/LX-WS-0353-FND-02_C26.md,HISTORY,WS-REBASELINE-20260819-001,YES,HISTORICAL_RECORD,HISTORICAL_ONLY,NO,NO,LS-WS-0353,History/legacy record; never current proof.
records/history/archive/LX-WS-0354-CTX-04_C27.md,HISTORY,WS-REBASELINE-20260819-001,YES,HISTORICAL_RECORD,HISTORICAL_ONLY,NO,NO,LS-WS-0354,History/legacy record; never current proof.
records/history/archive/LX-WS-0354-IMP-03_C27.md,HISTORY,WS-REBASELINE-20260819-001,YES,HISTORICAL_RECORD,HISTORICAL_ONLY,NO,NO,LS-WS-0354,History/legacy record; never current proof.
records/history/archive/LX-WS-0355-CTX-03_C27.md,HISTORY,WS-REBASELINE-20260819-001,YES,HISTORICAL_RECORD,HISTORICAL_ONLY,NO,NO,LS-WS-0355,History/legacy record; never current proof.
records/history/archive/LX-WS-0355-FND-02_C27.md,HISTORY,WS-REBASELINE-20260819-001,YES,HISTORICAL_RECORD,HISTORICAL_ONLY,NO,NO,LS-WS-0355,History/legacy record; never current proof.
records/history/archive/LX-WS-0356-CTX-03_C28.md,HISTORY,WS-REBASELINE-20260819-001,YES,HISTORICAL_RECORD,HISTORICAL_ONLY,NO,NO,LS-WS-0356,History/legacy record; never current proof.
records/history/archive/LX-WS-0356-FND-02_C28.md,HISTORY,WS-REBASELINE-20260819-001,YES,HISTORICAL_RECORD,HISTORICAL_ONLY,NO,NO,LS-WS-0356,History/legacy record; never current proof.
records/history/archive/LX-WS-0357-CTX-05_C28.md,HISTORY,WS-REBASELINE-20260819-001,YES,HISTORICAL_RECORD,HISTORICAL_ONLY,NO,NO,LS-WS-0357,History/legacy record; never current proof.
records/history/archive/LX-WS-0357-FND-03_C28.md,HISTORY,WS-REBASELINE-20260819-001,YES,HISTORICAL_RECORD,HISTORICAL_ONLY,NO,NO,LS-WS-0357,History/legacy record; never current proof.
records/history/archive/LX-WS-0357-IMP-04_C28.md,HISTORY,WS-REBASELINE-20260819-001,YES,HISTORICAL_RECORD,HISTORICAL_ONLY,NO,NO,LS-WS-0357,History/legacy record; never current proof.
records/history/archive/LX-WS-0358-CTX-03_C29.md,HISTORY,WS-REBASELINE-20260819-001,YES,HISTORICAL_RECORD,HISTORICAL_ONLY,NO,NO,LS-WS-0358,History/legacy record; never current proof.
records/history/archive/LX-WS-0358-IMP-02_C29.md,HISTORY,WS-REBASELINE-20260819-001,YES,HISTORICAL_RECORD,HISTORICAL_ONLY,NO,NO,LS-WS-0358,History/legacy record; never current proof.
records/history/archive/LX-WS-0360-CTX-03_C30.md,HISTORY,WS-REBASELINE-20260819-001,YES,HISTORICAL_RECORD,HISTORICAL_ONLY,NO,NO,LS-WS-0360,History/legacy record; never current proof.
records/history/archive/LX-WS-0360-FND-02_C30.md,HISTORY,WS-REBASELINE-20260819-001,YES,HISTORICAL_RECORD,HISTORICAL_ONLY,NO,NO,LS-WS-0360,History/legacy record; never current proof.
records/history/archive/LX-WS-0361-CTX-03_C30.md,HISTORY,WS-REBASELINE-20260819-001,YES,HISTORICAL_RECORD,HISTORICAL_ONLY,NO,NO,LS-WS-0361,History/legacy record; never current proof.
records/history/archive/LX-WS-0361-FND-02_C30.md,HISTORY,WS-REBASELINE-20260819-001,YES,HISTORICAL_RECORD,HISTORICAL_ONLY,NO,NO,LS-WS-0361,History/legacy record; never current proof.
records/history/archive/LX-WS-0363-CTX-03_C31.md,HISTORY,WS-REBASELINE-20260819-001,YES,HISTORICAL_RECORD,HISTORICAL_ONLY,NO,NO,LS-WS-0363,History/legacy record; never current proof.
records/history/archive/LX-WS-0363-FND-02_C31.md,HISTORY,WS-REBASELINE-20260819-001,YES,HISTORICAL_RECORD,HISTORICAL_ONLY,NO,NO,LS-WS-0363,History/legacy record; never current proof.
records/history/archive/LX-WS-0364-CTX-03_C32.md,HISTORY,WS-REBASELINE-20260819-001,YES,HISTORICAL_RECORD,HISTORICAL_ONLY,NO,NO,LS-WS-0364,History/legacy record; never current proof.
records/history/archive/LX-WS-0364-FND-02_C32.md,HISTORY,WS-REBASELINE-20260819-001,YES,HISTORICAL_RECORD,HISTORICAL_ONLY,NO,NO,LS-WS-0364,History/legacy record; never current proof.
records/history/archive/LX-WS-0366-CTX-03_C33.md,HISTORY,WS-REBASELINE-20260819-001,YES,HISTORICAL_RECORD,HISTORICAL_ONLY,NO,NO,LS-WS-0366,History/legacy record; never current proof.
records/history/archive/LX-WS-0366-FND-02_C33.md,HISTORY,WS-REBASELINE-20260819-001,YES,HISTORICAL_RECORD,HISTORICAL_ONLY,NO,NO,LS-WS-0366,History/legacy record; never current proof.
records/history/archive/LX-WS-0368-CTX-03_C34.md,HISTORY,WS-REBASELINE-20260819-001,YES,HISTORICAL_RECORD,HISTORICAL_ONLY,NO,NO,LS-WS-0368,History/legacy record; never current proof.
records/history/archive/LX-WS-0368-FND-02_C34.md,HISTORY,WS-REBASELINE-20260819-001,YES,HISTORICAL_RECORD,HISTORICAL_ONLY,NO,NO,LS-WS-0368,History/legacy record; never current proof.
records/history/archive/LX-WS-0370-CTX-04_C35.md,HISTORY,WS-REBASELINE-20260819-001,YES,HISTORICAL_RECORD,HISTORICAL_ONLY,NO,NO,LS-WS-0370,History/legacy record; never current proof.
records/history/archive/LX-WS-0370-FND-02_C35.md,HISTORY,WS-REBASELINE-20260819-001,YES,HISTORICAL_RECORD,HISTORICAL_ONLY,NO,NO,LS-WS-0370,History/legacy record; never current proof.
records/history/archive/LX-WS-0370-RES-03_C35.md,HISTORY,WS-REBASELINE-20260819-001,YES,HISTORICAL_RECORD,HISTORICAL_ONLY,NO,NO,LS-WS-0370,History/legacy record; never current proof.
records/history/archive/LX-WS-0371-CTX-04_C35.md,HISTORY,WS-REBASELINE-20260819-001,YES,HISTORICAL_RECORD,HISTORICAL_ONLY,NO,NO,LS-WS-0371,History/legacy record; never current proof.
records/history/archive/LX-WS-0371-FND-02_C35.md,HISTORY,WS-REBASELINE-20260819-001,YES,HISTORICAL_RECORD,HISTORICAL_ONLY,NO,NO,LS-WS-0371,History/legacy record; never current proof.
records/history/archive/LX-WS-0371-RES-03_C35.md,HISTORY,WS-REBASELINE-20260819-001,YES,HISTORICAL_RECORD,HISTORICAL_ONLY,NO,NO,LS-WS-0371,History/legacy record; never current proof.
records/history/archive/LX-WS-0372-CTX-04_C36.md,HISTORY,WS-REBASELINE-20260819-001,YES,HISTORICAL_RECORD,HISTORICAL_ONLY,NO,NO,LS-WS-0372,History/legacy record; never current proof.
records/history/archive/LX-WS-0372-FND-02_C36.md,HISTORY,WS-REBASELINE-20260819-001,YES,HISTORICAL_RECORD,HISTORICAL_ONLY,NO,NO,LS-WS-0372,History/legacy record; never current proof.
records/history/archive/LX-WS-0372-RES-03_C36.md,HISTORY,WS-REBASELINE-20260819-001,YES,HISTORICAL_RECORD,HISTORICAL_ONLY,NO,NO,LS-WS-0372,History/legacy record; never current proof.
records/history/archive/LX-WS-0373-CTX-03_C36.md,HISTORY,WS-REBASELINE-20260819-001,YES,HISTORICAL_RECORD,HISTORICAL_ONLY,NO,NO,LS-WS-0373,History/legacy record; never current proof.
records/history/archive/LX-WS-0373-FND-02_C36.md,HISTORY,WS-REBASELINE-20260819-001,YES,HISTORICAL_RECORD,HISTORICAL_ONLY,NO,NO,LS-WS-0373,History/legacy record; never current proof.
records/history/archive/LX-WS-0375-CTX-03_C37.md,HISTORY,WS-REBASELINE-20260819-001,YES,HISTORICAL_RECORD,HISTORICAL_ONLY,NO,NO,LS-WS-0375,History/legacy record; never current proof.
records/history/archive/LX-WS-0375-FND-02_C37.md,HISTORY,WS-REBASELINE-20260819-001,YES,HISTORICAL_RECORD,HISTORICAL_ONLY,NO,NO,LS-WS-0375,History/legacy record; never current proof.
records/history/archive/LX-WS-0376-CTX-04_C38.md,HISTORY,WS-REBASELINE-20260819-001,YES,HISTORICAL_RECORD,HISTORICAL_ONLY,NO,NO,LS-WS-0376,History/legacy record; never current proof.
records/history/archive/LX-WS-0376-FND-02_C38.md,HISTORY,WS-REBASELINE-20260819-001,YES,HISTORICAL_RECORD,HISTORICAL_ONLY,NO,NO,LS-WS-0376,History/legacy record; never current proof.
records/history/archive/LX-WS-0376-RES-03_C38.md,HISTORY,WS-REBASELINE-20260819-001,YES,HISTORICAL_RECORD,HISTORICAL_ONLY,NO,NO,LS-WS-0376,History/legacy record; never current proof.
records/history/archive/LX-WS-0377-CTX-04_C38.md,HISTORY,WS-REBASELINE-20260819-001,YES,HISTORICAL_RECORD,HISTORICAL_ONLY,NO,NO,LS-WS-0377,History/legacy record; never current proof.
records/history/archive/LX-WS-0377-FND-02_C38.md,HISTORY,WS-REBASELINE-20260819-001,YES,HISTORICAL_RECORD,HISTORICAL_ONLY,NO,NO,LS-WS-0377,History/legacy record; never current proof.
records/history/archive/LX-WS-0377-RES-03_C38.md,HISTORY,WS-REBASELINE-20260819-001,YES,HISTORICAL_RECORD,HISTORICAL_ONLY,NO,NO,LS-WS-0377,History/legacy record; never current proof.
records/history/archive/LX-WS-0382-CTX-03_C41.md,HISTORY,WS-REBASELINE-20260819-001,YES,HISTORICAL_RECORD,HISTORICAL_ONLY,NO,NO,LS-WS-0382,History/legacy record; never current proof.
records/history/archive/LX-WS-0382-FND-02_C41.md,HISTORY,WS-REBASELINE-20260819-001,YES,HISTORICAL_RECORD,HISTORICAL_ONLY,NO,NO,LS-WS-0382,History/legacy record; never current proof.
records/history/archive/LX-WS-0384-CTX-03_C42.md,HISTORY,WS-REBASELINE-20260819-001,YES,HISTORICAL_RECORD,HISTORICAL_ONLY,NO,NO,LS-WS-0384,History/legacy record; never current proof.
records/history/archive/LX-WS-0384-FND-02_C42.md,HISTORY,WS-REBASELINE-20260819-001,YES,HISTORICAL_RECORD,HISTORICAL_ONLY,NO,NO,LS-WS-0384,History/legacy record; never current proof.
records/history/archive/LX-WS-0385-CTX-03_C42.md,HISTORY,WS-REBASELINE-20260819-001,YES,HISTORICAL_RECORD,HISTORICAL_ONLY,NO,NO,LS-WS-0385,History/legacy record; never current proof.
records/history/archive/LX-WS-0385-FND-02_C42.md,HISTORY,WS-REBASELINE-20260819-001,YES,HISTORICAL_RECORD,HISTORICAL_ONLY,NO,NO,LS-WS-0385,History/legacy record; never current proof.
records/history/archive/LX-WS-0387-CTX-04_C43.md,HISTORY,WS-REBASELINE-20260819-001,YES,HISTORICAL_RECORD,HISTORICAL_ONLY,NO,NO,LS-WS-0387,History/legacy record; never current proof.
records/history/archive/LX-WS-0387-FND-02_C43.md,HISTORY,WS-REBASELINE-20260819-001,YES,HISTORICAL_RECORD,HISTORICAL_ONLY,NO,NO,LS-WS-0387,History/legacy record; never current proof.
records/history/archive/LX-WS-0387-IMP-03_C43.md,HISTORY,WS-REBASELINE-20260819-001,YES,HISTORICAL_RECORD,HISTORICAL_ONLY,NO,NO,LS-WS-0387,History/legacy record; never current proof.
records/history/archive/LX-WS-0388-CTX-03_C44.md,HISTORY,WS-REBASELINE-20260819-001,YES,HISTORICAL_RECORD,HISTORICAL_ONLY,NO,NO,LS-WS-0388,History/legacy record; never current proof.
records/history/archive/LX-WS-0388-RES-02_C44.md,HISTORY,WS-REBASELINE-20260819-001,YES,HISTORICAL_RECORD,HISTORICAL_ONLY,NO,NO,LS-WS-0388,History/legacy record; never current proof.
records/history/archive/LX-WS-0390-CTX-03_C45_C44.md,HISTORY,WS-REBASELINE-20260819-001,YES,HISTORICAL_RECORD,HISTORICAL_ONLY,NO,NO,LS-WS-0390,History/legacy record; never current proof.
records/history/archive/LX-WS-0392-CTX-03_C46.md,HISTORY,WS-REBASELINE-20260819-001,YES,HISTORICAL_RECORD,HISTORICAL_ONLY,NO,NO,LS-WS-0392,History/legacy record; never current proof.
records/history/archive/LX-WS-0394-CTX-03_C47_C44.md,HISTORY,WS-REBASELINE-20260819-001,YES,HISTORICAL_RECORD,HISTORICAL_ONLY,NO,NO,LS-WS-0394,History/legacy record; never current proof.
records/history/archive/LX-WS-0396-CTX-03_C48.md,HISTORY,WS-REBASELINE-20260819-001,YES,HISTORICAL_RECORD,HISTORICAL_ONLY,NO,NO,LS-WS-0396,History/legacy record; never current proof.
records/history/archive/LX-WS-0396-FND-02_C48.md,HISTORY,WS-REBASELINE-20260819-001,YES,HISTORICAL_RECORD,HISTORICAL_ONLY,NO,NO,LS-WS-0396,History/legacy record; never current proof.
records/history/archive/LX-WS-0397-CTX-03_C48.md,HISTORY,WS-REBASELINE-20260819-001,YES,HISTORICAL_RECORD,HISTORICAL_ONLY,NO,NO,LS-WS-0397,History/legacy record; never current proof.
records/history/archive/LX-WS-0397-FND-02_C48.md,HISTORY,WS-REBASELINE-20260819-001,YES,HISTORICAL_RECORD,HISTORICAL_ONLY,NO,NO,LS-WS-0397,History/legacy record; never current proof.
records/history/archive/LX-WS-0398-CTX-04_C49.md,HISTORY,WS-REBASELINE-20260819-001,YES,HISTORICAL_RECORD,HISTORICAL_ONLY,NO,NO,LS-WS-0398,History/legacy record; never current proof.
records/history/archive/LX-WS-0398-FND-02_C49.md,HISTORY,WS-REBASELINE-20260819-001,YES,HISTORICAL_RECORD,HISTORICAL_ONLY,NO,NO,LS-WS-0398,History/legacy record; never current proof.
records/history/archive/LX-WS-0398-RES-03_C49.md,HISTORY,WS-REBASELINE-20260819-001,YES,HISTORICAL_RECORD,HISTORICAL_ONLY,NO,NO,LS-WS-0398,History/legacy record; never current proof.
records/history/archive/LX-WS-0399-CTX-04_C49.md,HISTORY,WS-REBASELINE-20260819-001,YES,HISTORICAL_RECORD,HISTORICAL_ONLY,NO,NO,LS-WS-0399,History/legacy record; never current proof.
records/history/archive/LX-WS-0399-FND-02_C49.md,HISTORY,WS-REBASELINE-20260819-001,YES,HISTORICAL_RECORD,HISTORICAL_ONLY,NO,NO,LS-WS-0399,History/legacy record; never current proof.
records/history/archive/LX-WS-0399-RES-03_C49.md,HISTORY,WS-REBASELINE-20260819-001,YES,HISTORICAL_RECORD,HISTORICAL_ONLY,NO,NO,LS-WS-0399,History/legacy record; never current proof.
records/history/archive/LX-WS-0400-CTX-04_C50.md,HISTORY,WS-REBASELINE-20260819-001,YES,HISTORICAL_RECORD,HISTORICAL_ONLY,NO,NO,LS-WS-0400,History/legacy record; never current proof.
records/history/archive/LX-WS-0400-FND-03_C50.md,HISTORY,WS-REBASELINE-20260819-001,YES,HISTORICAL_RECORD,HISTORICAL_ONLY,NO,NO,LS-WS-0400,History/legacy record; never current proof.
records/history/archive/LX-WS-0401-CTX-03_C50.md,HISTORY,WS-REBASELINE-20260819-001,YES,HISTORICAL_RECORD,HISTORICAL_ONLY,NO,NO,LS-WS-0401,History/legacy record; never current proof.
records/history/archive/LX-WS-0401-FND-02_C50.md,HISTORY,WS-REBASELINE-20260819-001,YES,HISTORICAL_RECORD,HISTORICAL_ONLY,NO,NO,LS-WS-0401,History/legacy record; never current proof.
records/history/archive/LX-WS-0402-CTX-04_C51.md,HISTORY,WS-REBASELINE-20260819-001,YES,HISTORICAL_RECORD,HISTORICAL_ONLY,NO,NO,LS-WS-0402,History/legacy record; never current proof.
records/history/archive/LX-WS-0402-FND-02_C51.md,HISTORY,WS-REBASELINE-20260819-001,YES,HISTORICAL_RECORD,HISTORICAL_ONLY,NO,NO,LS-WS-0402,History/legacy record; never current proof.
records/history/archive/LX-WS-0402-RES-03_C51.md,HISTORY,WS-REBASELINE-20260819-001,YES,HISTORICAL_RECORD,HISTORICAL_ONLY,NO,NO,LS-WS-0402,History/legacy record; never current proof.
records/history/archive/LX-WS-0403-CTX-04_C51.md,HISTORY,WS-REBASELINE-20260819-001,YES,HISTORICAL_RECORD,HISTORICAL_ONLY,NO,NO,LS-WS-0403,History/legacy record; never current proof.
records/history/archive/LX-WS-0403-FND-02_C51.md,HISTORY,WS-REBASELINE-20260819-001,YES,HISTORICAL_RECORD,HISTORICAL_ONLY,NO,NO,LS-WS-0403,History/legacy record; never current proof.
records/history/archive/LX-WS-0403-RES-03_C51.md,HISTORY,WS-REBASELINE-20260819-001,YES,HISTORICAL_RECORD,HISTORICAL_ONLY,NO,NO,LS-WS-0403,History/legacy record; never current proof.
records/history/archive/LX-WS-0404-CTX-04_C52.md,HISTORY,WS-REBASELINE-20260819-001,YES,HISTORICAL_RECORD,HISTORICAL_ONLY,NO,NO,LS-WS-0404,History/legacy record; never current proof.
records/history/archive/LX-WS-0404-FND-02_C52.md,HISTORY,WS-REBASELINE-20260819-001,YES,HISTORICAL_RECORD,HISTORICAL_ONLY,NO,NO,LS-WS-0404,History/legacy record; never current proof.
records/history/archive/LX-WS-0404-RES-03_C52.md,HISTORY,WS-REBASELINE-20260819-001,YES,HISTORICAL_RECORD,HISTORICAL_ONLY,NO,NO,LS-WS-0404,History/legacy record; never current proof.
records/history/archive/LX-WS-0406-CTX-03_C53_C52.md,HISTORY,WS-REBASELINE-20260819-001,YES,HISTORICAL_RECORD,HISTORICAL_ONLY,NO,NO,LS-WS-0406,History/legacy record; never current proof.
records/history/archive/LX-WS-0406-RES-02_C53_C52.md,HISTORY,WS-REBASELINE-20260819-001,YES,HISTORICAL_RECORD,HISTORICAL_ONLY,NO,NO,LS-WS-0406,History/legacy record; never current proof.
records/history/archive/LX-WS-0409-CTX-03_C54.md,HISTORY,WS-REBASELINE-20260819-001,YES,HISTORICAL_RECORD,HISTORICAL_ONLY,NO,NO,LS-WS-0409,History/legacy record; never current proof.
records/history/archive/LX-WS-0409-RES-02_C54.md,HISTORY,WS-REBASELINE-20260819-001,YES,HISTORICAL_RECORD,HISTORICAL_ONLY,NO,NO,LS-WS-0409,History/legacy record; never current proof.
records/history/archive/LX-WS-0410-CTX-04_C55.md,HISTORY,WS-REBASELINE-20260819-001,YES,HISTORICAL_RECORD,HISTORICAL_ONLY,NO,NO,LS-WS-0410,History/legacy record; never current proof.
records/history/archive/LX-WS-0410-FND-02_C55.md,HISTORY,WS-REBASELINE-20260819-001,YES,HISTORICAL_RECORD,HISTORICAL_ONLY,NO,NO,LS-WS-0410,History/legacy record; never current proof.
records/history/archive/LX-WS-0410-RES-03_C55.md,HISTORY,WS-REBASELINE-20260819-001,YES,HISTORICAL_RECORD,HISTORICAL_ONLY,NO,NO,LS-WS-0410,History/legacy record; never current proof.
records/history/archive/LX-WS-0411-CTX-04_C55.md,HISTORY,WS-REBASELINE-20260819-001,YES,HISTORICAL_RECORD,HISTORICAL_ONLY,NO,NO,LS-WS-0411,History/legacy record; never current proof.
records/history/archive/LX-WS-0411-FND-02_C55.md,HISTORY,WS-REBASELINE-20260819-001,YES,HISTORICAL_RECORD,HISTORICAL_ONLY,NO,NO,LS-WS-0411,History/legacy record; never current proof.
records/history/archive/LX-WS-0411-RES-03_C55.md,HISTORY,WS-REBASELINE-20260819-001,YES,HISTORICAL_RECORD,HISTORICAL_ONLY,NO,NO,LS-WS-0411,History/legacy record; never current proof.
records/history/archive/LX-WS-0412-CTX-03_C56.md,HISTORY,WS-REBASELINE-20260819-001,YES,HISTORICAL_RECORD,HISTORICAL_ONLY,NO,NO,LS-WS-0412,History/legacy record; never current proof.
records/history/archive/LX-WS-0412-RES-02_C56.md,HISTORY,WS-REBASELINE-20260819-001,YES,HISTORICAL_RECORD,HISTORICAL_ONLY,NO,NO,LS-WS-0412,History/legacy record; never current proof.
records/history/archive/LX-WS-0413-CTX-04_C56.md,HISTORY,WS-REBASELINE-20260819-001,YES,HISTORICAL_RECORD,HISTORICAL_ONLY,NO,NO,LS-WS-0413,History/legacy record; never current proof.
records/history/archive/LX-WS-0413-FND-02_C56.md,HISTORY,WS-REBASELINE-20260819-001,YES,HISTORICAL_RECORD,HISTORICAL_ONLY,NO,NO,LS-WS-0413,History/legacy record; never current proof.
records/history/archive/LX-WS-0413-RES-03_C56.md,HISTORY,WS-REBASELINE-20260819-001,YES,HISTORICAL_RECORD,HISTORICAL_ONLY,NO,NO,LS-WS-0413,History/legacy record; never current proof.
records/history/archive/LX-WS-0414-CTX-03_C57.md,HISTORY,WS-REBASELINE-20260819-001,YES,HISTORICAL_RECORD,HISTORICAL_ONLY,NO,NO,LS-WS-0414,History/legacy record; never current proof.
records/history/archive/LX-WS-0414-FND-02_C57.md,HISTORY,WS-REBASELINE-20260819-001,YES,HISTORICAL_RECORD,HISTORICAL_ONLY,NO,NO,LS-WS-0414,History/legacy record; never current proof.
records/history/archive/LX-WS-0415-CTX-05_C57.md,HISTORY,WS-REBASELINE-20260819-001,YES,HISTORICAL_RECORD,HISTORICAL_ONLY,NO,NO,LS-WS-0415,History/legacy record; never current proof.
records/history/archive/LX-WS-0415-FND-02_C57.md,HISTORY,WS-REBASELINE-20260819-001,YES,HISTORICAL_RECORD,HISTORICAL_ONLY,NO,NO,LS-WS-0415,History/legacy record; never current proof.
records/history/archive/LX-WS-0415-IMP-03_C57.md,HISTORY,WS-REBASELINE-20260819-001,YES,HISTORICAL_RECORD,HISTORICAL_ONLY,NO,NO,LS-WS-0415,History/legacy record; never current proof.
records/history/archive/LX-WS-0415-RES-04_C57.md,HISTORY,WS-REBASELINE-20260819-001,YES,HISTORICAL_RECORD,HISTORICAL_ONLY,NO,NO,LS-WS-0415,History/legacy record; never current proof.
records/history/archive/LX-WS-0416-CTX-04_C58.md,HISTORY,WS-REBASELINE-20260819-001,YES,HISTORICAL_RECORD,HISTORICAL_ONLY,NO,NO,LS-WS-0416,History/legacy record; never current proof.
records/history/archive/LX-WS-0416-IMP-02_C58.md,HISTORY,WS-REBASELINE-20260819-001,YES,HISTORICAL_RECORD,HISTORICAL_ONLY,NO,NO,LS-WS-0416,History/legacy record; never current proof.
records/history/archive/LX-WS-0416-RES-03_C58.md,HISTORY,WS-REBASELINE-20260819-001,YES,HISTORICAL_RECORD,HISTORICAL_ONLY,NO,NO,LS-WS-0416,History/legacy record; never current proof.
records/history/archive/LX-WS-0418-CTX-04_C59.md,HISTORY,WS-REBASELINE-20260819-001,YES,HISTORICAL_RECORD,HISTORICAL_ONLY,NO,NO,LS-WS-0418,History/legacy record; never current proof.
records/history/archive/LX-WS-0418-FND-01_C59.md,HISTORY,WS-REBASELINE-20260819-001,YES,HISTORICAL_RECORD,HISTORICAL_ONLY,NO,NO,LS-WS-0418,History/legacy record; never current proof.
records/history/archive/LX-WS-0418-IMP-02_C59.md,HISTORY,WS-REBASELINE-20260819-001,YES,HISTORICAL_RECORD,HISTORICAL_ONLY,NO,NO,LS-WS-0418,History/legacy record; never current proof.
records/history/archive/LX-WS-0418-RES-03_C59.md,HISTORY,WS-REBASELINE-20260819-001,YES,HISTORICAL_RECORD,HISTORICAL_ONLY,NO,NO,LS-WS-0418,History/legacy record; never current proof.
records/history/archive/LX-WS-0421-CTX-05_C60.md,HISTORY,WS-REBASELINE-20260819-001,YES,HISTORICAL_RECORD,HISTORICAL_ONLY,NO,NO,LS-WS-0421,History/legacy record; never current proof.
records/history/archive/LX-WS-0421-FND-02_C60.md,HISTORY,WS-REBASELINE-20260819-001,YES,HISTORICAL_RECORD,HISTORICAL_ONLY,NO,NO,LS-WS-0421,History/legacy record; never current proof.
records/history/archive/LX-WS-0421-IMP-03_C60.md,HISTORY,WS-REBASELINE-20260819-001,YES,HISTORICAL_RECORD,HISTORICAL_ONLY,NO,NO,LS-WS-0421,History/legacy record; never current proof.
records/history/archive/LX-WS-0421-RES-04_C60.md,HISTORY,WS-REBASELINE-20260819-001,YES,HISTORICAL_RECORD,HISTORICAL_ONLY,NO,NO,LS-WS-0421,History/legacy record; never current proof.
records/history/archive/LX-WS-0423-CTX-06_C61.md,HISTORY,WS-REBASELINE-20260819-001,YES,HISTORICAL_RECORD,HISTORICAL_ONLY,NO,NO,LS-WS-0423,History/legacy record; never current proof.
records/history/archive/LX-WS-0423-FND-02_C61.md,HISTORY,WS-REBASELINE-20260819-001,YES,HISTORICAL_RECORD,HISTORICAL_ONLY,NO,NO,LS-WS-0423,History/legacy record; never current proof.
records/history/archive/LX-WS-0423-IMP-03_C61.md,HISTORY,WS-REBASELINE-20260819-001,YES,HISTORICAL_RECORD,HISTORICAL_ONLY,NO,NO,LS-WS-0423,History/legacy record; never current proof.
records/history/archive/LX-WS-0423-RES-04_C61.md,HISTORY,WS-REBASELINE-20260819-001,YES,HISTORICAL_RECORD,HISTORICAL_ONLY,NO,NO,LS-WS-0423,History/legacy record; never current proof.
records/history/archive/LX-WS-0423-STR-05_C61.md,HISTORY,WS-REBASELINE-20260819-001,YES,HISTORICAL_RECORD,HISTORICAL_ONLY,NO,NO,LS-WS-0423,History/legacy record; never current proof.
records/history/archive/LX-WS-0425-CTX-03_C62_C61.md,HISTORY,WS-REBASELINE-20260819-001,YES,HISTORICAL_RECORD,HISTORICAL_ONLY,NO,NO,LS-WS-0425,History/legacy record; never current proof.
records/history/archive/LX-WS-0427-CTX-04_C63.md,HISTORY,WS-REBASELINE-20260819-001,YES,HISTORICAL_RECORD,HISTORICAL_ONLY,NO,NO,LS-WS-0427,History/legacy record; never current proof.
records/history/archive/LX-WS-0427-IMP-02_C63.md,HISTORY,WS-REBASELINE-20260819-001,YES,HISTORICAL_RECORD,HISTORICAL_ONLY,NO,NO,LS-WS-0427,History/legacy record; never current proof.
records/history/archive/LX-WS-0427-RES-03_C63.md,HISTORY,WS-REBASELINE-20260819-001,YES,HISTORICAL_RECORD,HISTORICAL_ONLY,NO,NO,LS-WS-0427,History/legacy record; never current proof.
records/history/archive/LX-WS-0429-CTX-03_C64.md,HISTORY,WS-REBASELINE-20260819-001,YES,HISTORICAL_RECORD,HISTORICAL_ONLY,NO,NO,LS-WS-0429,History/legacy record; never current proof.
records/history/archive/LX-WS-0429-IMP-02_C64.md,HISTORY,WS-REBASELINE-20260819-001,YES,HISTORICAL_RECORD,HISTORICAL_ONLY,NO,NO,LS-WS-0429,History/legacy record; never current proof.
records/history/archive/LX-WS-0431-CTX-04_C65.md,HISTORY,WS-REBASELINE-20260819-001,YES,HISTORICAL_RECORD,HISTORICAL_ONLY,NO,NO,LS-WS-0431,History/legacy record; never current proof.
records/history/archive/LX-WS-0431-GOV-03_C65.md,HISTORY,WS-REBASELINE-20260819-001,YES,HISTORICAL_RECORD,HISTORICAL_ONLY,NO,NO,LS-WS-0431,History/legacy record; never current proof.
records/history/archive/LX-WS-0433-CTX-04_C66.md,HISTORY,WS-REBASELINE-20260819-001,YES,HISTORICAL_RECORD,HISTORICAL_ONLY,NO,NO,LS-WS-0433,History/legacy record; never current proof.
records/history/archive/LX-WS-0433-GOV-03_C66.md,HISTORY,WS-REBASELINE-20260819-001,YES,HISTORICAL_RECORD,HISTORICAL_ONLY,NO,NO,LS-WS-0433,History/legacy record; never current proof.
records/history/archive/LX-WS-0435-CTX-03_C67.md,HISTORY,WS-REBASELINE-20260819-001,YES,HISTORICAL_RECORD,HISTORICAL_ONLY,NO,NO,LS-WS-0435,History/legacy record; never current proof.
records/history/archive/LX-WS-0435-GOV-02_C67.md,HISTORY,WS-REBASELINE-20260819-001,YES,HISTORICAL_RECORD,HISTORICAL_ONLY,NO,NO,LS-WS-0435,History/legacy record; never current proof.
records/history/archive/LX-WS-0446-CTX-03_C73.md,HISTORY,WS-REBASELINE-20260819-001,YES,HISTORICAL_RECORD,HISTORICAL_ONLY,NO,NO,LS-WS-0446,History/legacy record; never current proof.
records/history/archive/LX-WS-0446-GOV-02_C73.md,HISTORY,WS-REBASELINE-20260819-001,YES,HISTORICAL_RECORD,HISTORICAL_ONLY,NO,NO,LS-WS-0446,History/legacy record; never current proof.
records/history/archive/LX-WS-0448-CTX-04_C74.md,HISTORY,WS-REBASELINE-20260819-001,YES,HISTORICAL_RECORD,HISTORICAL_ONLY,NO,NO,LS-WS-0448,History/legacy record; never current proof.
records/history/archive/LX-WS-0448-GOV-03_C74.md,HISTORY,WS-REBASELINE-20260819-001,YES,HISTORICAL_RECORD,HISTORICAL_ONLY,NO,NO,LS-WS-0448,History/legacy record; never current proof.
records/history/archive/LX-WS-0450-CTX-04_C75.md,HISTORY,WS-REBASELINE-20260819-001,YES,HISTORICAL_RECORD,HISTORICAL_ONLY,NO,NO,LS-WS-0450,History/legacy record; never current proof.
records/history/archive/LX-WS-0450-GOV-03_C75.md,HISTORY,WS-REBASELINE-20260819-001,YES,HISTORICAL_RECORD,HISTORICAL_ONLY,NO,NO,LS-WS-0450,History/legacy record; never current proof.
records/history/archive/LX-WS-0452-CTX-03_C76.md,HISTORY,WS-REBASELINE-20260819-001,YES,HISTORICAL_RECORD,HISTORICAL_ONLY,NO,NO,LS-WS-0452,History/legacy record; never current proof.
records/history/archive/LX-WS-0454-CTX-03_C77.md,HISTORY,WS-REBASELINE-20260819-001,YES,HISTORICAL_RECORD,HISTORICAL_ONLY,NO,NO,LS-WS-0454,History/legacy record; never current proof.
records/history/archive/LX-WS-0454-GOV-02_C77.md,HISTORY,WS-REBASELINE-20260819-001,YES,HISTORICAL_RECORD,HISTORICAL_ONLY,NO,NO,LS-WS-0454,History/legacy record; never current proof.
records/history/archive/LX-WS-0460-CTX-03_C80.md,HISTORY,WS-REBASELINE-20260819-001,YES,HISTORICAL_RECORD,HISTORICAL_ONLY,NO,NO,LS-WS-0460,History/legacy record; never current proof.
records/history/archive/LX-WS-0462-CTX-03_C81.md,HISTORY,WS-REBASELINE-20260819-001,YES,HISTORICAL_RECORD,HISTORICAL_ONLY,NO,NO,LS-WS-0462,History/legacy record; never current proof.
records/history/archive/LX-WS-0464-CTX-03_C82.md,HISTORY,WS-REBASELINE-20260819-001,YES,HISTORICAL_RECORD,HISTORICAL_ONLY,NO,NO,LS-WS-0464,History/legacy record; never current proof.
records/history/archive/LX-WS-0466-CTX-03_C83.md,HISTORY,WS-REBASELINE-20260819-001,YES,HISTORICAL_RECORD,HISTORICAL_ONLY,NO,NO,LS-WS-0466,History/legacy record; never current proof.
records/history/archive/LX-WS-0474-CTX-03_C87.md,HISTORY,WS-REBASELINE-20260819-001,YES,HISTORICAL_RECORD,HISTORICAL_ONLY,NO,NO,LS-WS-0474,History/legacy record; never current proof.
records/history/archive/LX-WS-0476-CTX-03_C88.md,HISTORY,WS-REBASELINE-20260819-001,YES,HISTORICAL_RECORD,HISTORICAL_ONLY,NO,NO,LS-WS-0476,History/legacy record; never current proof.
records/history/archive/LX-WS-0478-CTX-03_C89.md,HISTORY,WS-REBASELINE-20260819-001,YES,HISTORICAL_RECORD,HISTORICAL_ONLY,NO,NO,LS-WS-0478,History/legacy record; never current proof.
records/history/archive/LX-WS-0480-CTX-03_C90.md,HISTORY,WS-REBASELINE-20260819-001,YES,HISTORICAL_RECORD,HISTORICAL_ONLY,NO,NO,LS-WS-0480,History/legacy record; never current proof.
records/history/archive/LX-WS-0482-CTX-03_C91.md,HISTORY,WS-REBASELINE-20260819-001,YES,HISTORICAL_RECORD,HISTORICAL_ONLY,NO,NO,LS-WS-0482,History/legacy record; never current proof.
records/history/archive/LX-WS-0484-CTX-03_C92.md,HISTORY,WS-REBASELINE-20260819-001,YES,HISTORICAL_RECORD,HISTORICAL_ONLY,NO,NO,LS-WS-0484,History/legacy record; never current proof.
records/history/archive/LX-WS-0486-CTX-03_C93.md,HISTORY,WS-REBASELINE-20260819-001,YES,HISTORICAL_RECORD,HISTORICAL_ONLY,NO,NO,LS-WS-0486,History/legacy record; never current proof.
records/history/archive/LX-WS-0487-CTX-03_C93.md,HISTORY,WS-REBASELINE-20260819-001,YES,HISTORICAL_RECORD,HISTORICAL_ONLY,NO,NO,LS-WS-0487,History/legacy record; never current proof.
records/history/archive/LX-WS-0489-CTX-03_C94.md,HISTORY,WS-REBASELINE-20260819-001,YES,HISTORICAL_RECORD,HISTORICAL_ONLY,NO,NO,LS-WS-0489,History/legacy record; never current proof.
records/history/archive/LX-WS-0492-CTX-03_C96.md,HISTORY,WS-REBASELINE-20260819-001,YES,HISTORICAL_RECORD,HISTORICAL_ONLY,NO,NO,LS-WS-0492,History/legacy record; never current proof.
records/history/archive/LX-WS-0493-CTX-03_C96.md,HISTORY,WS-REBASELINE-20260819-001,YES,HISTORICAL_RECORD,HISTORICAL_ONLY,NO,NO,LS-WS-0493,History/legacy record; never current proof.
records/history/archive/LX-WS-0494-CTX-03_C97.md,HISTORY,WS-REBASELINE-20260819-001,YES,HISTORICAL_RECORD,HISTORICAL_ONLY,NO,NO,LS-WS-0494,History/legacy record; never current proof.
records/history/archive/LX-WS-0495-CTX-03_C97.md,HISTORY,WS-REBASELINE-20260819-001,YES,HISTORICAL_RECORD,HISTORICAL_ONLY,NO,NO,LS-WS-0495,History/legacy record; never current proof.
records/history/archive/LX-WS-0501-CTX-03_LEGACY.md,HISTORY,WS-REBASELINE-20260819-001,YES,HISTORICAL_RECORD,HISTORICAL_ONLY,NO,NO,LS-WS-0501,History/legacy record; never current proof.
records/history/archive/LX-WS-0501-IMP-02_LEGACY.md,HISTORY,WS-REBASELINE-20260819-001,YES,HISTORICAL_RECORD,HISTORICAL_ONLY,NO,NO,LS-WS-0501,History/legacy record; never current proof.
records/history/archive/LX-WS-0502-CTX-03_R01.md,HISTORY,WS-REBASELINE-20260819-001,YES,HISTORICAL_RECORD,HISTORICAL_ONLY,NO,NO,LS-WS-0502,History/legacy record; never current proof.
records/history/archive/LX-WS-0502-FND-02_R01.md,HISTORY,WS-REBASELINE-20260819-001,YES,HISTORICAL_RECORD,HISTORICAL_ONLY,NO,NO,LS-WS-0502,History/legacy record; never current proof.
records/history/archive/LX-WS-0503-CTX-04_R01.md,HISTORY,WS-REBASELINE-20260819-001,YES,HISTORICAL_RECORD,HISTORICAL_ONLY,NO,NO,LS-WS-0503,History/legacy record; never current proof.
records/history/archive/LX-WS-0503-FND-02_R01.md,HISTORY,WS-REBASELINE-20260819-001,YES,HISTORICAL_RECORD,HISTORICAL_ONLY,NO,NO,LS-WS-0503,History/legacy record; never current proof.
records/history/archive/LX-WS-0503-RES-03_R01.md,HISTORY,WS-REBASELINE-20260819-001,YES,HISTORICAL_RECORD,HISTORICAL_ONLY,NO,NO,LS-WS-0503,History/legacy record; never current proof.
records/history/archive/LX-WS-0504-CTX-04_R02.md,HISTORY,WS-REBASELINE-20260819-001,YES,HISTORICAL_RECORD,HISTORICAL_ONLY,NO,NO,LS-WS-0504,History/legacy record; never current proof.
records/history/archive/LX-WS-0504-IMP-02_R02.md,HISTORY,WS-REBASELINE-20260819-001,YES,HISTORICAL_RECORD,HISTORICAL_ONLY,NO,NO,LS-WS-0504,History/legacy record; never current proof.
records/history/archive/LX-WS-0504-RES-03_R02.md,HISTORY,WS-REBASELINE-20260819-001,YES,HISTORICAL_RECORD,HISTORICAL_ONLY,NO,NO,LS-WS-0504,History/legacy record; never current proof.
records/history/archive/LX-WS-0506-CTX-04_P01.md,HISTORY,WS-REBASELINE-20260819-001,YES,HISTORICAL_RECORD,HISTORICAL_ONLY,NO,NO,LS-WS-0506,History/legacy record; never current proof.
records/history/archive/LX-WS-0506-FND-02_P01.md,HISTORY,WS-REBASELINE-20260819-001,YES,HISTORICAL_RECORD,HISTORICAL_ONLY,NO,NO,LS-WS-0506,History/legacy record; never current proof.
records/history/archive/LX-WS-0506-IMP-03_P01.md,HISTORY,WS-REBASELINE-20260819-001,YES,HISTORICAL_RECORD,HISTORICAL_ONLY,NO,NO,LS-WS-0506,History/legacy record; never current proof.
records/history/archive/LX-WS-0508-CTX-03_S01.md,HISTORY,WS-REBASELINE-20260819-001,YES,HISTORICAL_RECORD,HISTORICAL_ONLY,NO,NO,LS-WS-0508,History/legacy record; never current proof.
records/history/archive/LX-WS-0508-FND-01_S01.md,HISTORY,WS-REBASELINE-20260819-001,YES,HISTORICAL_RECORD,HISTORICAL_ONLY,NO,NO,LS-WS-0508,History/legacy record; never current proof.
records/history/archive/LX-WS-0508-RES-02_S01.md,HISTORY,WS-REBASELINE-20260819-001,YES,HISTORICAL_RECORD,HISTORICAL_ONLY,NO,NO,LS-WS-0508,History/legacy record; never current proof.
records/history/archive/LX-WS-0509-CTX-03_S01.md,HISTORY,WS-REBASELINE-20260819-001,YES,HISTORICAL_RECORD,HISTORICAL_ONLY,NO,NO,LS-WS-0509,History/legacy record; never current proof.
records/history/archive/LX-WS-0509-FND-02_S01.md,HISTORY,WS-REBASELINE-20260819-001,YES,HISTORICAL_RECORD,HISTORICAL_ONLY,NO,NO,LS-WS-0509,History/legacy record; never current proof.
records/history/archive/LX-WS-0519-CTX-03_LEGACY.md,HISTORY,WS-REBASELINE-20260819-001,YES,HISTORICAL_RECORD,HISTORICAL_ONLY,NO,NO,LS-WS-0519,History/legacy record; never current proof.
records/history/archive/LX-WS-0519-IMP-01_LEGACY.md,HISTORY,WS-REBASELINE-20260819-001,YES,HISTORICAL_RECORD,HISTORICAL_ONLY,NO,NO,LS-WS-0519,History/legacy record; never current proof.
records/history/archive/LX-WS-0519-STR-02_LEGACY.md,HISTORY,WS-REBASELINE-20260819-001,YES,HISTORICAL_RECORD,HISTORICAL_ONLY,NO,NO,LS-WS-0519,History/legacy record; never current proof.
records/history/archive/LX-WS-0521-CTX-03_LEGACY.md,HISTORY,WS-REBASELINE-20260819-001,YES,HISTORICAL_RECORD,HISTORICAL_ONLY,NO,NO,LS-WS-0521,History/legacy record; never current proof.
records/history/archive/LX-WS-0521-IMP-01_LEGACY.md,HISTORY,WS-REBASELINE-20260819-001,YES,HISTORICAL_RECORD,HISTORICAL_ONLY,NO,NO,LS-WS-0521,History/legacy record; never current proof.
records/history/archive/LX-WS-0521-STR-02_LEGACY.md,HISTORY,WS-REBASELINE-20260819-001,YES,HISTORICAL_RECORD,HISTORICAL_ONLY,NO,NO,LS-WS-0521,History/legacy record; never current proof.
records/history/archive/LX-WS-0523-CTX-03_LEGACY.md,HISTORY,WS-REBASELINE-20260819-001,YES,HISTORICAL_RECORD,HISTORICAL_ONLY,NO,NO,LS-WS-0523,History/legacy record; never current proof.
records/history/archive/LX-WS-0523-GOV-01_LEGACY.md,HISTORY,WS-REBASELINE-20260819-001,YES,HISTORICAL_RECORD,HISTORICAL_ONLY,NO,NO,LS-WS-0523,History/legacy record; never current proof.
records/history/archive/LX-WS-0523-IMP-02_LEGACY.md,HISTORY,WS-REBASELINE-20260819-001,YES,HISTORICAL_RECORD,HISTORICAL_ONLY,NO,NO,LS-WS-0523,History/legacy record; never current proof.
records/history/archive/LX-WS-0524-CTX-03_LEGACY.md,HISTORY,WS-REBASELINE-20260819-001,YES,HISTORICAL_RECORD,HISTORICAL_ONLY,NO,NO,LS-WS-0524,History/legacy record; never current proof.
records/history/archive/LX-WS-0524-FND-01_WS.md,HISTORY,WS-REBASELINE-20260819-001,YES,HISTORICAL_RECORD,HISTORICAL_ONLY,NO,NO,LS-WS-0524,History/legacy record; never current proof.
records/history/archive/LX-WS-0524-IMP-02_WS.md,HISTORY,WS-REBASELINE-20260819-001,YES,HISTORICAL_RECORD,HISTORICAL_ONLY,NO,NO,LS-WS-0524,History/legacy record; never current proof.
records/history/archive/LX-WS-0526-CTX-03_LEGACY.md,HISTORY,WS-REBASELINE-20260819-001,YES,HISTORICAL_RECORD,HISTORICAL_ONLY,NO,NO,LS-WS-0526,History/legacy record; never current proof.
records/history/archive/LX-WS-0526-IMP-02_WS.md,HISTORY,WS-REBASELINE-20260819-001,YES,HISTORICAL_RECORD,HISTORICAL_ONLY,NO,NO,LS-WS-0526,History/legacy record; never current proof.
records/history/archive/LX-WS-0535-CTX-03_LEGACY.md,HISTORY,WS-REBASELINE-20260819-001,YES,HISTORICAL_RECORD,HISTORICAL_ONLY,NO,NO,LS-WS-0535,History/legacy record; never current proof.
records/history/archive/LX-WS-0535-IMP-01_WS.md,HISTORY,WS-REBASELINE-20260819-001,YES,HISTORICAL_RECORD,HISTORICAL_ONLY,NO,NO,LS-WS-0535,History/legacy record; never current proof.
records/history/archive/LX-WS-0535-STR-02_WS.md,HISTORY,WS-REBASELINE-20260819-001,YES,HISTORICAL_RECORD,HISTORICAL_ONLY,NO,NO,LS-WS-0535,History/legacy record; never current proof.
records/history/archive/LX-WS-0538-CTX-03_LEGACY.md,HISTORY,WS-REBASELINE-20260819-001,YES,HISTORICAL_RECORD,HISTORICAL_ONLY,NO,NO,LS-WS-0538,History/legacy record; never current proof.
records/history/archive/LX-WS-0538-GOV-01_LEGACY.md,HISTORY,WS-REBASELINE-20260819-001,YES,HISTORICAL_RECORD,HISTORICAL_ONLY,NO,NO,LS-WS-0538,History/legacy record; never current proof.
records/history/archive/LX-WS-0538-STR-02_LEGACY.md,HISTORY,WS-REBASELINE-20260819-001,YES,HISTORICAL_RECORD,HISTORICAL_ONLY,NO,NO,LS-WS-0538,History/legacy record; never current proof.
records/history/archive/LX-WS-0544-CTX-03_LEGACY.md,HISTORY,WS-REBASELINE-20260819-001,YES,HISTORICAL_RECORD,HISTORICAL_ONLY,NO,NO,LS-WS-0544,History/legacy record; never current proof.
records/history/archive/LX-WS-0544-IMP-01_WS.md,HISTORY,WS-REBASELINE-20260819-001,YES,HISTORICAL_RECORD,HISTORICAL_ONLY,NO,NO,LS-WS-0544,History/legacy record; never current proof.
records/history/archive/LX-WS-0544-STR-02_WS.md,HISTORY,WS-REBASELINE-20260819-001,YES,HISTORICAL_RECORD,HISTORICAL_ONLY,NO,NO,LS-WS-0544,History/legacy record; never current proof.
records/history/archive/LX-WS-0545-CTX-03_LEGACY.md,HISTORY,WS-REBASELINE-20260819-001,YES,HISTORICAL_RECORD,HISTORICAL_ONLY,NO,NO,LS-WS-0545,History/legacy record; never current proof.
records/history/archive/LX-WS-0545-IMP-01_WS.md,HISTORY,WS-REBASELINE-20260819-001,YES,HISTORICAL_RECORD,HISTORICAL_ONLY,NO,NO,LS-WS-0545,History/legacy record; never current proof.
records/history/archive/LX-WS-0545-STR-02_WS.md,HISTORY,WS-REBASELINE-20260819-001,YES,HISTORICAL_RECORD,HISTORICAL_ONLY,NO,NO,LS-WS-0545,History/legacy record; never current proof.
records/history/archive/LX-WS-0548-CTX-03_LEGACY.md,HISTORY,WS-REBASELINE-20260819-001,YES,HISTORICAL_RECORD,HISTORICAL_ONLY,NO,NO,LS-WS-0548,History/legacy record; never current proof.
records/history/archive/LX-WS-0548-IMP-01_WS.md,HISTORY,WS-REBASELINE-20260819-001,YES,HISTORICAL_RECORD,HISTORICAL_ONLY,NO,NO,LS-WS-0548,History/legacy record; never current proof.
records/history/archive/LX-WS-0548-STR-02_WS.md,HISTORY,WS-REBASELINE-20260819-001,YES,HISTORICAL_RECORD,HISTORICAL_ONLY,NO,NO,LS-WS-0548,History/legacy record; never current proof.
records/history/archive/LX-WS-0550-CTX-06_LEGACY.md,HISTORY,WS-REBASELINE-20260819-001,YES,HISTORICAL_RECORD,HISTORICAL_ONLY,NO,NO,LS-WS-0550,History/legacy record; never current proof.
records/history/archive/LX-WS-0550-IMP-03_WS.md,HISTORY,WS-REBASELINE-20260819-001,YES,HISTORICAL_RECORD,HISTORICAL_ONLY,NO,NO,LS-WS-0550,History/legacy record; never current proof.
records/history/archive/LX-WS-0550-RES-04_WS.md,HISTORY,WS-REBASELINE-20260819-001,YES,HISTORICAL_RECORD,HISTORICAL_ONLY,NO,NO,LS-WS-0550,History/legacy record; never current proof.
records/history/archive/LX-WS-0550-STR-05_WS.md,HISTORY,WS-REBASELINE-20260819-001,YES,HISTORICAL_RECORD,HISTORICAL_ONLY,NO,NO,LS-WS-0550,History/legacy record; never current proof.
records/history/archive/LX-WS-0551-CTX-04_LEGACY.md,HISTORY,WS-REBASELINE-20260819-001,YES,HISTORICAL_RECORD,HISTORICAL_ONLY,NO,NO,LS-WS-0551,History/legacy record; never current proof.
records/history/archive/LX-WS-0551-RES-02_WS.md,HISTORY,WS-REBASELINE-20260819-001,YES,HISTORICAL_RECORD,HISTORICAL_ONLY,NO,NO,LS-WS-0551,History/legacy record; never current proof.
records/history/archive/LX-WS-0551-STR-03_WS.md,HISTORY,WS-REBASELINE-20260819-001,YES,HISTORICAL_RECORD,HISTORICAL_ONLY,NO,NO,LS-WS-0551,History/legacy record; never current proof.
records/history/archive/LX-WS-0553-CTX-03_LEGACY.md,HISTORY,WS-REBASELINE-20260819-001,YES,HISTORICAL_RECORD,HISTORICAL_ONLY,NO,NO,LS-WS-0553,History/legacy record; never current proof.
records/history/archive/LX-WS-0553-IMP-01_WS.md,HISTORY,WS-REBASELINE-20260819-001,YES,HISTORICAL_RECORD,HISTORICAL_ONLY,NO,NO,LS-WS-0553,History/legacy record; never current proof.
records/history/archive/LX-WS-0553-STR-02_WS.md,HISTORY,WS-REBASELINE-20260819-001,YES,HISTORICAL_RECORD,HISTORICAL_ONLY,NO,NO,LS-WS-0553,History/legacy record; never current proof.
records/history/archive/LX-WS-0556-CTX-04_LEGACY.md,HISTORY,WS-REBASELINE-20260819-001,YES,HISTORICAL_RECORD,HISTORICAL_ONLY,NO,NO,LS-WS-0556,History/legacy record; never current proof.
records/history/archive/LX-WS-0556-RES-02_WS.md,HISTORY,WS-REBASELINE-20260819-001,YES,HISTORICAL_RECORD,HISTORICAL_ONLY,NO,NO,LS-WS-0556,History/legacy record; never current proof.
records/history/archive/LX-WS-0556-STR-03_WS.md,HISTORY,WS-REBASELINE-20260819-001,YES,HISTORICAL_RECORD,HISTORICAL_ONLY,NO,NO,LS-WS-0556,History/legacy record; never current proof.
records/history/archive/LX-WS-0563-CTX-03_LEGACY.md,HISTORY,WS-REBASELINE-20260819-001,YES,HISTORICAL_RECORD,HISTORICAL_ONLY,NO,NO,LS-WS-0563,History/legacy record; never current proof.
records/history/archive/LX-WS-0563-IMP-01_WS.md,HISTORY,WS-REBASELINE-20260819-001,YES,HISTORICAL_RECORD,HISTORICAL_ONLY,NO,NO,LS-WS-0563,History/legacy record; never current proof.
records/history/archive/LX-WS-0563-STR-02_WS.md,HISTORY,WS-REBASELINE-20260819-001,YES,HISTORICAL_RECORD,HISTORICAL_ONLY,NO,NO,LS-WS-0563,History/legacy record; never current proof.
records/history/archive/LX-WS-0566-CTX-03_B01.md,HISTORY,WS-REBASELINE-20260819-001,YES,HISTORICAL_RECORD,HISTORICAL_ONLY,NO,NO,LS-WS-0566,History/legacy record; never current proof.
records/history/archive/LX-WS-0566-IMP-02_B01.md,HISTORY,WS-REBASELINE-20260819-001,YES,HISTORICAL_RECORD,HISTORICAL_ONLY,NO,NO,LS-WS-0566,History/legacy record; never current proof.
records/history/archive/LX-WS-0570-CTX-03_C01.md,HISTORY,WS-REBASELINE-20260819-001,YES,HISTORICAL_RECORD,HISTORICAL_ONLY,NO,NO,LS-WS-0570,History/legacy record; never current proof.
records/history/archive/LX-WS-0570-FND-02_C01.md,HISTORY,WS-REBASELINE-20260819-001,YES,HISTORICAL_RECORD,HISTORICAL_ONLY,NO,NO,LS-WS-0570,History/legacy record; never current proof.
records/history/archive/LX-WS-0571-CTX-03_C01.md,HISTORY,WS-REBASELINE-20260819-001,YES,HISTORICAL_RECORD,HISTORICAL_ONLY,NO,NO,LS-WS-0571,History/legacy record; never current proof.
records/history/archive/LX-WS-0571-FND-02_C01.md,HISTORY,WS-REBASELINE-20260819-001,YES,HISTORICAL_RECORD,HISTORICAL_ONLY,NO,NO,LS-WS-0571,History/legacy record; never current proof.
records/history/archive/LX-WS-0572-CTX-03_C15.md,HISTORY,WS-REBASELINE-20260819-001,YES,HISTORICAL_RECORD,HISTORICAL_ONLY,NO,NO,LS-WS-0572,History/legacy record; never current proof.
records/history/archive/LX-WS-0572-FND-02_C15.md,HISTORY,WS-REBASELINE-20260819-001,YES,HISTORICAL_RECORD,HISTORICAL_ONLY,NO,NO,LS-WS-0572,History/legacy record; never current proof.
records/history/archive/LX-WS-0574-CTX-03_C26.md,HISTORY,WS-REBASELINE-20260819-001,YES,HISTORICAL_RECORD,HISTORICAL_ONLY,NO,NO,LS-WS-0574,History/legacy record; never current proof.
records/history/archive/LX-WS-0574-RES-02_C26.md,HISTORY,WS-REBASELINE-20260819-001,YES,HISTORICAL_RECORD,HISTORICAL_ONLY,NO,NO,LS-WS-0574,History/legacy record; never current proof.
records/history/archive/LX-WS-0577-CTX-06_C01.md,HISTORY,WS-REBASELINE-20260819-001,YES,HISTORICAL_RECORD,HISTORICAL_ONLY,NO,NO,LS-WS-0577,History/legacy record; never current proof.
records/history/archive/LX-WS-0577-FND-02_C01.md,HISTORY,WS-REBASELINE-20260819-001,YES,HISTORICAL_RECORD,HISTORICAL_ONLY,NO,NO,LS-WS-0577,History/legacy record; never current proof.
records/history/archive/LX-WS-0577-IMP-03_C01.md,HISTORY,WS-REBASELINE-20260819-001,YES,HISTORICAL_RECORD,HISTORICAL_ONLY,NO,NO,LS-WS-0577,History/legacy record; never current proof.
records/history/archive/LX-WS-0577-RES-04_C01.md,HISTORY,WS-REBASELINE-20260819-001,YES,HISTORICAL_RECORD,HISTORICAL_ONLY,NO,NO,LS-WS-0577,History/legacy record; never current proof.
records/history/archive/LX-WS-0577-STR-05_C01.md,HISTORY,WS-REBASELINE-20260819-001,YES,HISTORICAL_RECORD,HISTORICAL_ONLY,NO,NO,LS-WS-0577,History/legacy record; never current proof.
records/history/archive/LX-WS-0578-CTX-05_C02.md,HISTORY,WS-REBASELINE-20260819-001,YES,HISTORICAL_RECORD,HISTORICAL_ONLY,NO,NO,LS-WS-0578,History/legacy record; never current proof.
records/history/archive/LX-WS-0578-IMP-03_C02.md,HISTORY,WS-REBASELINE-20260819-001,YES,HISTORICAL_RECORD,HISTORICAL_ONLY,NO,NO,LS-WS-0578,History/legacy record; never current proof.
records/history/archive/LX-WS-0578-RES-04_C02.md,HISTORY,WS-REBASELINE-20260819-001,YES,HISTORICAL_RECORD,HISTORICAL_ONLY,NO,NO,LS-WS-0578,History/legacy record; never current proof.
records/history/archive/LX-WS-0579-CTX-04_C03.md,HISTORY,WS-REBASELINE-20260819-001,YES,HISTORICAL_RECORD,HISTORICAL_ONLY,NO,NO,LS-WS-0579,History/legacy record; never current proof.
records/history/archive/LX-WS-0579-IMP-02_C03.md,HISTORY,WS-REBASELINE-20260819-001,YES,HISTORICAL_RECORD,HISTORICAL_ONLY,NO,NO,LS-WS-0579,History/legacy record; never current proof.
records/history/archive/LX-WS-0579-RES-03_C03.md,HISTORY,WS-REBASELINE-20260819-001,YES,HISTORICAL_RECORD,HISTORICAL_ONLY,NO,NO,LS-WS-0579,History/legacy record; never current proof.
records/history/archive/LX-WS-0580-CTX-04_C04.md,HISTORY,WS-REBASELINE-20260819-001,YES,HISTORICAL_RECORD,HISTORICAL_ONLY,NO,NO,LS-WS-0580,History/legacy record; never current proof.
records/history/archive/LX-WS-0580-IMP-02_C04.md,HISTORY,WS-REBASELINE-20260819-001,YES,HISTORICAL_RECORD,HISTORICAL_ONLY,NO,NO,LS-WS-0580,History/legacy record; never current proof.
records/history/archive/LX-WS-0580-RES-03_C04.md,HISTORY,WS-REBASELINE-20260819-001,YES,HISTORICAL_RECORD,HISTORICAL_ONLY,NO,NO,LS-WS-0580,History/legacy record; never current proof.
records/history/archive/LX-WS-0581-CTX-06_C04.md,HISTORY,WS-REBASELINE-20260819-001,YES,HISTORICAL_RECORD,HISTORICAL_ONLY,NO,NO,LS-WS-0581,History/legacy record; never current proof.
records/history/archive/LX-WS-0581-FND-03_C04.md,HISTORY,WS-REBASELINE-20260819-001,YES,HISTORICAL_RECORD,HISTORICAL_ONLY,NO,NO,LS-WS-0581,History/legacy record; never current proof.
records/history/archive/LX-WS-0581-RES-04_C04.md,HISTORY,WS-REBASELINE-20260819-001,YES,HISTORICAL_RECORD,HISTORICAL_ONLY,NO,NO,LS-WS-0581,History/legacy record; never current proof.
records/history/archive/LX-WS-0581-STR-05_C04.md,HISTORY,WS-REBASELINE-20260819-001,YES,HISTORICAL_RECORD,HISTORICAL_ONLY,NO,NO,LS-WS-0581,History/legacy record; never current proof.
records/history/archive/LX-WS-0582-CTX-04_C05.md,HISTORY,WS-REBASELINE-20260819-001,YES,HISTORICAL_RECORD,HISTORICAL_ONLY,NO,NO,LS-WS-0582,History/legacy record; never current proof.
records/history/archive/LX-WS-0582-FND-02_C05.md,HISTORY,WS-REBASELINE-20260819-001,YES,HISTORICAL_RECORD,HISTORICAL_ONLY,NO,NO,LS-WS-0582,History/legacy record; never current proof.
records/history/archive/LX-WS-0582-RES-03_C05.md,HISTORY,WS-REBASELINE-20260819-001,YES,HISTORICAL_RECORD,HISTORICAL_ONLY,NO,NO,LS-WS-0582,History/legacy record; never current proof.
records/history/archive/LX-WS-0583-CTX-03_C06.md,HISTORY,WS-REBASELINE-20260819-001,YES,HISTORICAL_RECORD,HISTORICAL_ONLY,NO,NO,LS-WS-0583,History/legacy record; never current proof.
records/history/archive/LX-WS-0583-RES-02_C06.md,HISTORY,WS-REBASELINE-20260819-001,YES,HISTORICAL_RECORD,HISTORICAL_ONLY,NO,NO,LS-WS-0583,History/legacy record; never current proof.
records/history/archive/LX-WS-0584-CTX-05_C07.md,HISTORY,WS-REBASELINE-20260819-001,YES,HISTORICAL_RECORD,HISTORICAL_ONLY,NO,NO,LS-WS-0584,History/legacy record; never current proof.
records/history/archive/LX-WS-0584-FND-02_C07.md,HISTORY,WS-REBASELINE-20260819-001,YES,HISTORICAL_RECORD,HISTORICAL_ONLY,NO,NO,LS-WS-0584,History/legacy record; never current proof.
records/history/archive/LX-WS-0584-RES-03_C07.md,HISTORY,WS-REBASELINE-20260819-001,YES,HISTORICAL_RECORD,HISTORICAL_ONLY,NO,NO,LS-WS-0584,History/legacy record; never current proof.
records/history/archive/LX-WS-0584-STR-04_C07.md,HISTORY,WS-REBASELINE-20260819-001,YES,HISTORICAL_RECORD,HISTORICAL_ONLY,NO,NO,LS-WS-0584,History/legacy record; never current proof.
records/history/archive/LX-WS-0585-CTX-04_C14.md,HISTORY,WS-REBASELINE-20260819-001,YES,HISTORICAL_RECORD,HISTORICAL_ONLY,NO,NO,LS-WS-0585,History/legacy record; never current proof.
records/history/archive/LX-WS-0585-FND-02_C14.md,HISTORY,WS-REBASELINE-20260819-001,YES,HISTORICAL_RECORD,HISTORICAL_ONLY,NO,NO,LS-WS-0585,History/legacy record; never current proof.
records/history/archive/LX-WS-0585-RES-03_C14.md,HISTORY,WS-REBASELINE-20260819-001,YES,HISTORICAL_RECORD,HISTORICAL_ONLY,NO,NO,LS-WS-0585,History/legacy record; never current proof.
records/history/archive/LX-WS-0586-CTX-03_C16.md,HISTORY,WS-REBASELINE-20260819-001,YES,HISTORICAL_RECORD,HISTORICAL_ONLY,NO,NO,LS-WS-0586,History/legacy record; never current proof.
records/history/archive/LX-WS-0586-RES-02_C16.md,HISTORY,WS-REBASELINE-20260819-001,YES,HISTORICAL_RECORD,HISTORICAL_ONLY,NO,NO,LS-WS-0586,History/legacy record; never current proof.
records/history/archive/LX-WS-0587-CTX-03_C17.md,HISTORY,WS-REBASELINE-20260819-001,YES,HISTORICAL_RECORD,HISTORICAL_ONLY,NO,NO,LS-WS-0587,History/legacy record; never current proof.
records/history/archive/LX-WS-0587-RES-02_C17.md,HISTORY,WS-REBASELINE-20260819-001,YES,HISTORICAL_RECORD,HISTORICAL_ONLY,NO,NO,LS-WS-0587,History/legacy record; never current proof.
records/history/archive/LX-WS-0588-CTX-04_C18.md,HISTORY,WS-REBASELINE-20260819-001,YES,HISTORICAL_RECORD,HISTORICAL_ONLY,NO,NO,LS-WS-0588,History/legacy record; never current proof.
records/history/archive/LX-WS-0588-FND-02_C18.md,HISTORY,WS-REBASELINE-20260819-001,YES,HISTORICAL_RECORD,HISTORICAL_ONLY,NO,NO,LS-WS-0588,History/legacy record; never current proof.
records/history/archive/LX-WS-0588-RES-03_C18.md,HISTORY,WS-REBASELINE-20260819-001,YES,HISTORICAL_RECORD,HISTORICAL_ONLY,NO,NO,LS-WS-0588,History/legacy record; never current proof.
records/history/archive/LX-WS-0589-CTX-04_C21.md,HISTORY,WS-REBASELINE-20260819-001,YES,HISTORICAL_RECORD,HISTORICAL_ONLY,NO,NO,LS-WS-0589,History/legacy record; never current proof.
records/history/archive/LX-WS-0589-FND-02_C21.md,HISTORY,WS-REBASELINE-20260819-001,YES,HISTORICAL_RECORD,HISTORICAL_ONLY,NO,NO,LS-WS-0589,History/legacy record; never current proof.
records/history/archive/LX-WS-0589-RES-03_C21.md,HISTORY,WS-REBASELINE-20260819-001,YES,HISTORICAL_RECORD,HISTORICAL_ONLY,NO,NO,LS-WS-0589,History/legacy record; never current proof.
records/history/archive/LX-WS-0590-CTX-03_C22.md,HISTORY,WS-REBASELINE-20260819-001,YES,HISTORICAL_RECORD,HISTORICAL_ONLY,NO,NO,LS-WS-0590,History/legacy record; never current proof.
records/history/archive/LX-WS-0590-RES-02_C22.md,HISTORY,WS-REBASELINE-20260819-001,YES,HISTORICAL_RECORD,HISTORICAL_ONLY,NO,NO,LS-WS-0590,History/legacy record; never current proof.
records/history/archive/LX-WS-0592-CTX-04_C23.md,HISTORY,WS-REBASELINE-20260819-001,YES,HISTORICAL_RECORD,HISTORICAL_ONLY,NO,NO,LS-WS-0592,History/legacy record; never current proof.
records/history/archive/LX-WS-0592-FND-01_C23.md,HISTORY,WS-REBASELINE-20260819-001,YES,HISTORICAL_RECORD,HISTORICAL_ONLY,NO,NO,LS-WS-0592,History/legacy record; never current proof.
records/history/archive/LX-WS-0592-IMP-02_C23.md,HISTORY,WS-REBASELINE-20260819-001,YES,HISTORICAL_RECORD,HISTORICAL_ONLY,NO,NO,LS-WS-0592,History/legacy record; never current proof.
records/history/archive/LX-WS-0592-RES-03_C23.md,HISTORY,WS-REBASELINE-20260819-001,YES,HISTORICAL_RECORD,HISTORICAL_ONLY,NO,NO,LS-WS-0592,History/legacy record; never current proof.
records/history/archive/LX-WS-0596-CTX-03_R01.md,HISTORY,WS-REBASELINE-20260819-001,YES,HISTORICAL_RECORD,HISTORICAL_ONLY,NO,NO,LS-WS-0596,History/legacy record; never current proof.
records/history/archive/LX-WS-0596-FND-01_R01.md,HISTORY,WS-REBASELINE-20260819-001,YES,HISTORICAL_RECORD,HISTORICAL_ONLY,NO,NO,LS-WS-0596,History/legacy record; never current proof.
records/history/archive/LX-WS-0596-RES-02_R01.md,HISTORY,WS-REBASELINE-20260819-001,YES,HISTORICAL_RECORD,HISTORICAL_ONLY,NO,NO,LS-WS-0596,History/legacy record; never current proof.
records/history/archive/LX-WS-0597-CTX-03_R02.md,HISTORY,WS-REBASELINE-20260819-001,YES,HISTORICAL_RECORD,HISTORICAL_ONLY,NO,NO,LS-WS-0597,History/legacy record; never current proof.
records/history/archive/LX-WS-0597-IMP-01_R02.md,HISTORY,WS-REBASELINE-20260819-001,YES,HISTORICAL_RECORD,HISTORICAL_ONLY,NO,NO,LS-WS-0597,History/legacy record; never current proof.
records/history/archive/LX-WS-0597-RES-02_R02.md,HISTORY,WS-REBASELINE-20260819-001,YES,HISTORICAL_RECORD,HISTORICAL_ONLY,NO,NO,LS-WS-0597,History/legacy record; never current proof.
records/history/archive/LX-WS-0598-CTX-03_C25.md,HISTORY,WS-REBASELINE-20260819-001,YES,HISTORICAL_RECORD,HISTORICAL_ONLY,NO,NO,LS-WS-0598,History/legacy record; never current proof.
records/history/archive/LX-WS-0598-FND-01_C25.md,HISTORY,WS-REBASELINE-20260819-001,YES,HISTORICAL_RECORD,HISTORICAL_ONLY,NO,NO,LS-WS-0598,History/legacy record; never current proof.
records/history/archive/LX-WS-0598-RES-02_C25.md,HISTORY,WS-REBASELINE-20260819-001,YES,HISTORICAL_RECORD,HISTORICAL_ONLY,NO,NO,LS-WS-0598,History/legacy record; never current proof.
records/history/archive/LX-WS-0602-CTX-04_P01.md,HISTORY,WS-REBASELINE-20260819-001,YES,HISTORICAL_RECORD,HISTORICAL_ONLY,NO,NO,LS-WS-0602,History/legacy record; never current proof.
records/history/archive/LX-WS-0602-FND-02_P01.md,HISTORY,WS-REBASELINE-20260819-001,YES,HISTORICAL_RECORD,HISTORICAL_ONLY,NO,NO,LS-WS-0602,History/legacy record; never current proof.
records/history/archive/LX-WS-0602-RES-03_P01.md,HISTORY,WS-REBASELINE-20260819-001,YES,HISTORICAL_RECORD,HISTORICAL_ONLY,NO,NO,LS-WS-0602,History/legacy record; never current proof.
records/history/archive/LX-WS-0603-CTX-03_P01.md,HISTORY,WS-REBASELINE-20260819-001,YES,HISTORICAL_RECORD,HISTORICAL_ONLY,NO,NO,LS-WS-0603,History/legacy record; never current proof.
records/history/archive/LX-WS-0603-RES-02_P01.md,HISTORY,WS-REBASELINE-20260819-001,YES,HISTORICAL_RECORD,HISTORICAL_ONLY,NO,NO,LS-WS-0603,History/legacy record; never current proof.
records/history/archive/LX-WS-0604-CTX-05_R2.md,HISTORY,WS-REBASELINE-20260819-001,YES,HISTORICAL_RECORD,HISTORICAL_ONLY,NO,NO,LS-WS-0604,History/legacy record; never current proof.
records/history/archive/LX-WS-0604-IMP-02_R2.md,HISTORY,WS-REBASELINE-20260819-001,YES,HISTORICAL_RECORD,HISTORICAL_ONLY,NO,NO,LS-WS-0604,History/legacy record; never current proof.
records/history/archive/LX-WS-0604-RES-03_R2.md,HISTORY,WS-REBASELINE-20260819-001,YES,HISTORICAL_RECORD,HISTORICAL_ONLY,NO,NO,LS-WS-0604,History/legacy record; never current proof.
records/history/archive/LX-WS-0604-STR-04_R2.md,HISTORY,WS-REBASELINE-20260819-001,YES,HISTORICAL_RECORD,HISTORICAL_ONLY,NO,NO,LS-WS-0604,History/legacy record; never current proof.
records/history/archive/LX-WS-0605-CTX-04_C20.md,HISTORY,WS-REBASELINE-20260819-001,YES,HISTORICAL_RECORD,HISTORICAL_ONLY,NO,NO,LS-WS-0605,History/legacy record; never current proof.
records/history/archive/LX-WS-0605-FND-02_C20.md,HISTORY,WS-REBASELINE-20260819-001,YES,HISTORICAL_RECORD,HISTORICAL_ONLY,NO,NO,LS-WS-0605,History/legacy record; never current proof.
records/history/archive/LX-WS-0605-RES-03_C20.md,HISTORY,WS-REBASELINE-20260819-001,YES,HISTORICAL_RECORD,HISTORICAL_ONLY,NO,NO,LS-WS-0605,History/legacy record; never current proof.
records/history/archive/LX-WS-0607-CTX-03_C19.md,HISTORY,WS-REBASELINE-20260819-001,YES,HISTORICAL_RECORD,HISTORICAL_ONLY,NO,NO,LS-WS-0607,History/legacy record; never current proof.
records/history/archive/LX-WS-0607-FND-01_C19.md,HISTORY,WS-REBASELINE-20260819-001,YES,HISTORICAL_RECORD,HISTORICAL_ONLY,NO,NO,LS-WS-0607,History/legacy record; never current proof.
records/history/archive/LX-WS-0607-RES-02_C19.md,HISTORY,WS-REBASELINE-20260819-001,YES,HISTORICAL_RECORD,HISTORICAL_ONLY,NO,NO,LS-WS-0607,History/legacy record; never current proof.
records/history/archive/LX-WS-0671-CTX-03_LEGACY.md,HISTORY,WS-REBASELINE-20260819-001,YES,HISTORICAL_RECORD,HISTORICAL_ONLY,NO,NO,LS-WS-0671,History/legacy record; never current proof.
records/history/archive/LX-WS-0671-IMP-02_LEGACY.md,HISTORY,WS-REBASELINE-20260819-001,YES,HISTORICAL_RECORD,HISTORICAL_ONLY,NO,NO,LS-WS-0671,History/legacy record; never current proof.
records/history/original_sources/LS-WS-0001.csv,LEGACY_SOURCE,WS-REBASELINE-20260819-001,YES,HISTORICAL_RECORD,HISTORICAL_ONLY,NO,NO,LS-WS-0001,History/legacy record; never current proof.
records/history/original_sources/LS-WS-0011.json,LEGACY_SOURCE,WS-REBASELINE-20260819-001,YES,HISTORICAL_RECORD,HISTORICAL_ONLY,NO,NO,LS-WS-0011,History/legacy record; never current proof.
records/history/original_sources/LS-WS-0012.json,LEGACY_SOURCE,WS-REBASELINE-20260819-001,YES,HISTORICAL_RECORD,HISTORICAL_ONLY,NO,NO,LS-WS-0012,History/legacy record; never current proof.
records/history/original_sources/LS-WS-0013.json,LEGACY_SOURCE,WS-REBASELINE-20260819-001,YES,HISTORICAL_RECORD,HISTORICAL_ONLY,NO,NO,LS-WS-0013,History/legacy record; never current proof.
records/history/original_sources/LS-WS-0014.csv,LEGACY_SOURCE,WS-REBASELINE-20260819-001,YES,HISTORICAL_RECORD,HISTORICAL_ONLY,NO,NO,LS-WS-0014,History/legacy record; never current proof.
records/history/original_sources/LS-WS-0015.json,LEGACY_SOURCE,WS-REBASELINE-20260819-001,YES,HISTORICAL_RECORD,HISTORICAL_ONLY,NO,NO,LS-WS-0015,History/legacy record; never current proof.
records/history/original_sources/LS-WS-0016.json,LEGACY_SOURCE,WS-REBASELINE-20260819-001,YES,HISTORICAL_RECORD,HISTORICAL_ONLY,NO,NO,LS-WS-0016,History/legacy record; never current proof.
records/history/original_sources/LS-WS-0018.csv,LEGACY_SOURCE,WS-REBASELINE-20260819-001,YES,HISTORICAL_RECORD,HISTORICAL_ONLY,NO,NO,LS-WS-0018,History/legacy record; never current proof.
records/history/original_sources/LS-WS-0019.csv,LEGACY_SOURCE,WS-REBASELINE-20260819-001,YES,HISTORICAL_RECORD,HISTORICAL_ONLY,NO,NO,LS-WS-0019,History/legacy record; never current proof.
records/history/original_sources/LS-WS-0022.csv,LEGACY_SOURCE,WS-REBASELINE-20260819-001,YES,HISTORICAL_RECORD,HISTORICAL_ONLY,NO,NO,LS-WS-0022,History/legacy record; never current proof.
records/history/original_sources/LS-WS-0026.json,LEGACY_SOURCE,WS-REBASELINE-20260819-001,YES,HISTORICAL_RECORD,HISTORICAL_ONLY,NO,NO,LS-WS-0026,History/legacy record; never current proof.
records/history/original_sources/LS-WS-0027.json,LEGACY_SOURCE,WS-REBASELINE-20260819-001,YES,HISTORICAL_RECORD,HISTORICAL_ONLY,NO,NO,LS-WS-0027,History/legacy record; never current proof.
records/history/original_sources/LS-WS-0034.json,LEGACY_SOURCE,WS-REBASELINE-20260819-001,YES,HISTORICAL_RECORD,HISTORICAL_ONLY,NO,NO,LS-WS-0034,History/legacy record; never current proof.
records/history/original_sources/LS-WS-0042.json,LEGACY_SOURCE,WS-REBASELINE-20260819-001,YES,HISTORICAL_RECORD,HISTORICAL_ONLY,NO,NO,LS-WS-0042,History/legacy record; never current proof.
records/history/original_sources/LS-WS-0043.json,LEGACY_SOURCE,WS-REBASELINE-20260819-001,YES,HISTORICAL_RECORD,HISTORICAL_ONLY,NO,NO,LS-WS-0043,History/legacy record; never current proof.
records/history/original_sources/LS-WS-0044.json,LEGACY_SOURCE,WS-REBASELINE-20260819-001,YES,HISTORICAL_RECORD,HISTORICAL_ONLY,NO,NO,LS-WS-0044,History/legacy record; never current proof.
records/history/original_sources/LS-WS-0045.json,LEGACY_SOURCE,WS-REBASELINE-20260819-001,YES,HISTORICAL_RECORD,HISTORICAL_ONLY,NO,NO,LS-WS-0045,History/legacy record; never current proof.
records/history/original_sources/LS-WS-0047.json,LEGACY_SOURCE,WS-REBASELINE-20260819-001,YES,HISTORICAL_RECORD,HISTORICAL_ONLY,NO,NO,LS-WS-0047,History/legacy record; never current proof.
records/history/original_sources/LS-WS-0048.json,LEGACY_SOURCE,WS-REBASELINE-20260819-001,YES,HISTORICAL_RECORD,HISTORICAL_ONLY,NO,NO,LS-WS-0048,History/legacy record; never current proof.
records/history/original_sources/LS-WS-0051.json,LEGACY_SOURCE,WS-REBASELINE-20260819-001,YES,HISTORICAL_RECORD,HISTORICAL_ONLY,NO,NO,LS-WS-0051,History/legacy record; never current proof.
records/history/original_sources/LS-WS-0052.json,LEGACY_SOURCE,WS-REBASELINE-20260819-001,YES,HISTORICAL_RECORD,HISTORICAL_ONLY,NO,NO,LS-WS-0052,History/legacy record; never current proof.
records/history/original_sources/LS-WS-0053.md,LEGACY_SOURCE,WS-REBASELINE-20260819-001,YES,HISTORICAL_RECORD,HISTORICAL_ONLY,NO,NO,LS-WS-0053,History/legacy record; never current proof.
records/history/original_sources/LS-WS-0054.md,LEGACY_SOURCE,WS-REBASELINE-20260819-001,YES,HISTORICAL_RECORD,HISTORICAL_ONLY,NO,NO,LS-WS-0054,History/legacy record; never current proof.
records/history/original_sources/LS-WS-0057.md,LEGACY_SOURCE,WS-REBASELINE-20260819-001,YES,HISTORICAL_RECORD,HISTORICAL_ONLY,NO,NO,LS-WS-0057,History/legacy record; never current proof.
records/history/original_sources/LS-WS-0058.md,LEGACY_SOURCE,WS-REBASELINE-20260819-001,YES,HISTORICAL_RECORD,HISTORICAL_ONLY,NO,NO,LS-WS-0058,History/legacy record; never current proof.
records/history/original_sources/LS-WS-0059.md,LEGACY_SOURCE,WS-REBASELINE-20260819-001,YES,HISTORICAL_RECORD,HISTORICAL_ONLY,NO,NO,LS-WS-0059,History/legacy record; never current proof.
records/history/original_sources/LS-WS-0060.md,LEGACY_SOURCE,WS-REBASELINE-20260819-001,YES,HISTORICAL_RECORD,HISTORICAL_ONLY,NO,NO,LS-WS-0060,History/legacy record; never current proof.
records/history/original_sources/LS-WS-0061.md,LEGACY_SOURCE,WS-REBASELINE-20260819-001,YES,HISTORICAL_RECORD,HISTORICAL_ONLY,NO,NO,LS-WS-0061,History/legacy record; never current proof.
records/history/original_sources/LS-WS-0062.md,LEGACY_SOURCE,WS-REBASELINE-20260819-001,YES,HISTORICAL_RECORD,HISTORICAL_ONLY,NO,NO,LS-WS-0062,History/legacy record; never current proof.
records/history/original_sources/LS-WS-0063.md,LEGACY_SOURCE,WS-REBASELINE-20260819-001,YES,HISTORICAL_RECORD,HISTORICAL_ONLY,NO,NO,LS-WS-0063,History/legacy record; never current proof.
records/history/original_sources/LS-WS-0066.md,LEGACY_SOURCE,WS-REBASELINE-20260819-001,YES,HISTORICAL_RECORD,HISTORICAL_ONLY,NO,NO,LS-WS-0066,History/legacy record; never current proof.
records/history/original_sources/LS-WS-0067.md,LEGACY_SOURCE,WS-REBASELINE-20260819-001,YES,HISTORICAL_RECORD,HISTORICAL_ONLY,NO,NO,LS-WS-0067,History/legacy record; never current proof.
records/history/original_sources/LS-WS-0068.md,LEGACY_SOURCE,WS-REBASELINE-20260819-001,YES,HISTORICAL_RECORD,HISTORICAL_ONLY,NO,NO,LS-WS-0068,History/legacy record; never current proof.
records/history/original_sources/LS-WS-0069.md,LEGACY_SOURCE,WS-REBASELINE-20260819-001,YES,HISTORICAL_RECORD,HISTORICAL_ONLY,NO,NO,LS-WS-0069,History/legacy record; never current proof.
records/history/original_sources/LS-WS-0070.md,LEGACY_SOURCE,WS-REBASELINE-20260819-001,YES,HISTORICAL_RECORD,HISTORICAL_ONLY,NO,NO,LS-WS-0070,History/legacy record; never current proof.
records/history/original_sources/LS-WS-0072.md,LEGACY_SOURCE,WS-REBASELINE-20260819-001,YES,HISTORICAL_RECORD,HISTORICAL_ONLY,NO,NO,LS-WS-0072,History/legacy record; never current proof.
records/history/original_sources/LS-WS-0073.md,LEGACY_SOURCE,WS-REBASELINE-20260819-001,YES,HISTORICAL_RECORD,HISTORICAL_ONLY,NO,NO,LS-WS-0073,History/legacy record; never current proof.
records/history/original_sources/LS-WS-0088.md,LEGACY_SOURCE,WS-REBASELINE-20260819-001,YES,HISTORICAL_RECORD,HISTORICAL_ONLY,NO,NO,LS-WS-0088,History/legacy record; never current proof.
records/history/original_sources/LS-WS-0091.md,LEGACY_SOURCE,WS-REBASELINE-20260819-001,YES,HISTORICAL_RECORD,HISTORICAL_ONLY,NO,NO,LS-WS-0091,History/legacy record; never current proof.
records/history/original_sources/LS-WS-0113.md,LEGACY_SOURCE,WS-REBASELINE-20260819-001,YES,HISTORICAL_RECORD,HISTORICAL_ONLY,NO,NO,LS-WS-0113,History/legacy record; never current proof.
records/history/original_sources/LS-WS-0134.md,LEGACY_SOURCE,WS-REBASELINE-20260819-001,YES,HISTORICAL_RECORD,HISTORICAL_ONLY,NO,NO,LS-WS-0134,History/legacy record; never current proof.
records/history/original_sources/LS-WS-0135.md,LEGACY_SOURCE,WS-REBASELINE-20260819-001,YES,HISTORICAL_RECORD,HISTORICAL_ONLY,NO,NO,LS-WS-0135,History/legacy record; never current proof.
records/history/original_sources/LS-WS-0156.md,LEGACY_SOURCE,WS-REBASELINE-20260819-001,YES,HISTORICAL_RECORD,HISTORICAL_ONLY,NO,NO,LS-WS-0156,History/legacy record; never current proof.
records/history/original_sources/LS-WS-0179.md,LEGACY_SOURCE,WS-REBASELINE-20260819-001,YES,HISTORICAL_RECORD,HISTORICAL_ONLY,NO,NO,LS-WS-0179,History/legacy record; never current proof.
records/history/original_sources/LS-WS-0211.md,LEGACY_SOURCE,WS-REBASELINE-20260819-001,YES,HISTORICAL_RECORD,HISTORICAL_ONLY,NO,NO,LS-WS-0211,History/legacy record; never current proof.
records/history/original_sources/LS-WS-0213.md,LEGACY_SOURCE,WS-REBASELINE-20260819-001,YES,HISTORICAL_RECORD,HISTORICAL_ONLY,NO,NO,LS-WS-0213,History/legacy record; never current proof.
records/history/original_sources/LS-WS-0220.md,LEGACY_SOURCE,WS-REBASELINE-20260819-001,YES,HISTORICAL_RECORD,HISTORICAL_ONLY,NO,NO,LS-WS-0220,History/legacy record; never current proof.
records/history/original_sources/LS-WS-0223.md,LEGACY_SOURCE,WS-REBASELINE-20260819-001,YES,HISTORICAL_RECORD,HISTORICAL_ONLY,NO,NO,LS-WS-0223,History/legacy record; never current proof.
records/history/original_sources/LS-WS-0227.md,LEGACY_SOURCE,WS-REBASELINE-20260819-001,YES,HISTORICAL_RECORD,HISTORICAL_ONLY,NO,NO,LS-WS-0227,History/legacy record; never current proof.
records/history/original_sources/LS-WS-0228.md,LEGACY_SOURCE,WS-REBASELINE-20260819-001,YES,HISTORICAL_RECORD,HISTORICAL_ONLY,NO,NO,LS-WS-0228,History/legacy record; never current proof.
records/history/original_sources/LS-WS-0233.md,LEGACY_SOURCE,WS-REBASELINE-20260819-001,YES,HISTORICAL_RECORD,HISTORICAL_ONLY,NO,NO,LS-WS-0233,History/legacy record; never current proof.
records/history/original_sources/LS-WS-0236.md,LEGACY_SOURCE,WS-REBASELINE-20260819-001,YES,HISTORICAL_RECORD,HISTORICAL_ONLY,NO,NO,LS-WS-0236,History/legacy record; never current proof.
records/history/original_sources/LS-WS-0239.md,LEGACY_SOURCE,WS-REBASELINE-20260819-001,YES,HISTORICAL_RECORD,HISTORICAL_ONLY,NO,NO,LS-WS-0239,History/legacy record; never current proof.
records/history/original_sources/LS-WS-0242.md,LEGACY_SOURCE,WS-REBASELINE-20260819-001,YES,HISTORICAL_RECORD,HISTORICAL_ONLY,NO,NO,LS-WS-0242,History/legacy record; never current proof.
records/history/original_sources/LS-WS-0251.md,LEGACY_SOURCE,WS-REBASELINE-20260819-001,YES,HISTORICAL_RECORD,HISTORICAL_ONLY,NO,NO,LS-WS-0251,History/legacy record; never current proof.
records/history/original_sources/LS-WS-0252.md,LEGACY_SOURCE,WS-REBASELINE-20260819-001,YES,HISTORICAL_RECORD,HISTORICAL_ONLY,NO,NO,LS-WS-0252,History/legacy record; never current proof.
records/history/original_sources/LS-WS-0254.md,LEGACY_SOURCE,WS-REBASELINE-20260819-001,YES,HISTORICAL_RECORD,HISTORICAL_ONLY,NO,NO,LS-WS-0254,History/legacy record; never current proof.
records/history/original_sources/LS-WS-0307.md,LEGACY_SOURCE,WS-REBASELINE-20260819-001,YES,HISTORICAL_RECORD,HISTORICAL_ONLY,NO,NO,LS-WS-0307,History/legacy record; never current proof.
records/history/original_sources/LS-WS-0500.md,LEGACY_SOURCE,WS-REBASELINE-20260819-001,YES,HISTORICAL_RECORD,HISTORICAL_ONLY,NO,NO,LS-WS-0500,History/legacy record; never current proof.
records/history/original_sources/LS-WS-0507.md,LEGACY_SOURCE,WS-REBASELINE-20260819-001,YES,HISTORICAL_RECORD,HISTORICAL_ONLY,NO,NO,LS-WS-0507,History/legacy record; never current proof.
records/history/original_sources/LS-WS-0511.md,LEGACY_SOURCE,WS-REBASELINE-20260819-001,YES,HISTORICAL_RECORD,HISTORICAL_ONLY,NO,NO,LS-WS-0511,History/legacy record; never current proof.
records/history/original_sources/LS-WS-0512.md,LEGACY_SOURCE,WS-REBASELINE-20260819-001,YES,HISTORICAL_RECORD,HISTORICAL_ONLY,NO,NO,LS-WS-0512,History/legacy record; never current proof.
records/history/original_sources/LS-WS-0513.md,LEGACY_SOURCE,WS-REBASELINE-20260819-001,YES,HISTORICAL_RECORD,HISTORICAL_ONLY,NO,NO,LS-WS-0513,History/legacy record; never current proof.
records/history/original_sources/LS-WS-0514.md,LEGACY_SOURCE,WS-REBASELINE-20260819-001,YES,HISTORICAL_RECORD,HISTORICAL_ONLY,NO,NO,LS-WS-0514,History/legacy record; never current proof.
records/history/original_sources/LS-WS-0515.md,LEGACY_SOURCE,WS-REBASELINE-20260819-001,YES,HISTORICAL_RECORD,HISTORICAL_ONLY,NO,NO,LS-WS-0515,History/legacy record; never current proof.
records/history/original_sources/LS-WS-0522.md,LEGACY_SOURCE,WS-REBASELINE-20260819-001,YES,HISTORICAL_RECORD,HISTORICAL_ONLY,NO,NO,LS-WS-0522,History/legacy record; never current proof.
records/history/original_sources/LS-WS-0525.md,LEGACY_SOURCE,WS-REBASELINE-20260819-001,YES,HISTORICAL_RECORD,HISTORICAL_ONLY,NO,NO,LS-WS-0525,History/legacy record; never current proof.
records/history/original_sources/LS-WS-0527.md,LEGACY_SOURCE,WS-REBASELINE-20260819-001,YES,HISTORICAL_RECORD,HISTORICAL_ONLY,NO,NO,LS-WS-0527,History/legacy record; never current proof.
records/history/original_sources/LS-WS-0528.md,LEGACY_SOURCE,WS-REBASELINE-20260819-001,YES,HISTORICAL_RECORD,HISTORICAL_ONLY,NO,NO,LS-WS-0528,History/legacy record; never current proof.
records/history/original_sources/LS-WS-0529.md,LEGACY_SOURCE,WS-REBASELINE-20260819-001,YES,HISTORICAL_RECORD,HISTORICAL_ONLY,NO,NO,LS-WS-0529,History/legacy record; never current proof.
records/history/original_sources/LS-WS-0531.md,LEGACY_SOURCE,WS-REBASELINE-20260819-001,YES,HISTORICAL_RECORD,HISTORICAL_ONLY,NO,NO,LS-WS-0531,History/legacy record; never current proof.
records/history/original_sources/LS-WS-0532.md,LEGACY_SOURCE,WS-REBASELINE-20260819-001,YES,HISTORICAL_RECORD,HISTORICAL_ONLY,NO,NO,LS-WS-0532,History/legacy record; never current proof.
records/history/original_sources/LS-WS-0533.md,LEGACY_SOURCE,WS-REBASELINE-20260819-001,YES,HISTORICAL_RECORD,HISTORICAL_ONLY,NO,NO,LS-WS-0533,History/legacy record; never current proof.
records/history/original_sources/LS-WS-0534.md,LEGACY_SOURCE,WS-REBASELINE-20260819-001,YES,HISTORICAL_RECORD,HISTORICAL_ONLY,NO,NO,LS-WS-0534,History/legacy record; never current proof.
records/history/original_sources/LS-WS-0536.md,LEGACY_SOURCE,WS-REBASELINE-20260819-001,YES,HISTORICAL_RECORD,HISTORICAL_ONLY,NO,NO,LS-WS-0536,History/legacy record; never current proof.
records/history/original_sources/LS-WS-0539.md,LEGACY_SOURCE,WS-REBASELINE-20260819-001,YES,HISTORICAL_RECORD,HISTORICAL_ONLY,NO,NO,LS-WS-0539,History/legacy record; never current proof.
records/history/original_sources/LS-WS-0540.md,LEGACY_SOURCE,WS-REBASELINE-20260819-001,YES,HISTORICAL_RECORD,HISTORICAL_ONLY,NO,NO,LS-WS-0540,History/legacy record; never current proof.
records/history/original_sources/LS-WS-0541.md,LEGACY_SOURCE,WS-REBASELINE-20260819-001,YES,HISTORICAL_RECORD,HISTORICAL_ONLY,NO,NO,LS-WS-0541,History/legacy record; never current proof.
records/history/original_sources/LS-WS-0542.md,LEGACY_SOURCE,WS-REBASELINE-20260819-001,YES,HISTORICAL_RECORD,HISTORICAL_ONLY,NO,NO,LS-WS-0542,History/legacy record; never current proof.
records/history/original_sources/LS-WS-0543.md,LEGACY_SOURCE,WS-REBASELINE-20260819-001,YES,HISTORICAL_RECORD,HISTORICAL_ONLY,NO,NO,LS-WS-0543,History/legacy record; never current proof.
records/history/original_sources/LS-WS-0546.md,LEGACY_SOURCE,WS-REBASELINE-20260819-001,YES,HISTORICAL_RECORD,HISTORICAL_ONLY,NO,NO,LS-WS-0546,History/legacy record; never current proof.
records/history/original_sources/LS-WS-0547.md,LEGACY_SOURCE,WS-REBASELINE-20260819-001,YES,HISTORICAL_RECORD,HISTORICAL_ONLY,NO,NO,LS-WS-0547,History/legacy record; never current proof.
records/history/original_sources/LS-WS-0549.md,LEGACY_SOURCE,WS-REBASELINE-20260819-001,YES,HISTORICAL_RECORD,HISTORICAL_ONLY,NO,NO,LS-WS-0549,History/legacy record; never current proof.
records/history/original_sources/LS-WS-0552.md,LEGACY_SOURCE,WS-REBASELINE-20260819-001,YES,HISTORICAL_RECORD,HISTORICAL_ONLY,NO,NO,LS-WS-0552,History/legacy record; never current proof.
records/history/original_sources/LS-WS-0554.md,LEGACY_SOURCE,WS-REBASELINE-20260819-001,YES,HISTORICAL_RECORD,HISTORICAL_ONLY,NO,NO,LS-WS-0554,History/legacy record; never current proof.
records/history/original_sources/LS-WS-0555.md,LEGACY_SOURCE,WS-REBASELINE-20260819-001,YES,HISTORICAL_RECORD,HISTORICAL_ONLY,NO,NO,LS-WS-0555,History/legacy record; never current proof.
records/history/original_sources/LS-WS-0557.md,LEGACY_SOURCE,WS-REBASELINE-20260819-001,YES,HISTORICAL_RECORD,HISTORICAL_ONLY,NO,NO,LS-WS-0557,History/legacy record; never current proof.
records/history/original_sources/LS-WS-0558.md,LEGACY_SOURCE,WS-REBASELINE-20260819-001,YES,HISTORICAL_RECORD,HISTORICAL_ONLY,NO,NO,LS-WS-0558,History/legacy record; never current proof.
records/history/original_sources/LS-WS-0559.md,LEGACY_SOURCE,WS-REBASELINE-20260819-001,YES,HISTORICAL_RECORD,HISTORICAL_ONLY,NO,NO,LS-WS-0559,History/legacy record; never current proof.
records/history/original_sources/LS-WS-0561.md,LEGACY_SOURCE,WS-REBASELINE-20260819-001,YES,HISTORICAL_RECORD,HISTORICAL_ONLY,NO,NO,LS-WS-0561,History/legacy record; never current proof.
records/history/original_sources/LS-WS-0591.md,LEGACY_SOURCE,WS-REBASELINE-20260819-001,YES,HISTORICAL_RECORD,HISTORICAL_ONLY,NO,NO,LS-WS-0591,History/legacy record; never current proof.
records/history/original_sources/LS-WS-0593.md,LEGACY_SOURCE,WS-REBASELINE-20260819-001,YES,HISTORICAL_RECORD,HISTORICAL_ONLY,NO,NO,LS-WS-0593,History/legacy record; never current proof.
records/history/original_sources/LS-WS-0594.md,LEGACY_SOURCE,WS-REBASELINE-20260819-001,YES,HISTORICAL_RECORD,HISTORICAL_ONLY,NO,NO,LS-WS-0594,History/legacy record; never current proof.
records/history/original_sources/LS-WS-0595.md,LEGACY_SOURCE,WS-REBASELINE-20260819-001,YES,HISTORICAL_RECORD,HISTORICAL_ONLY,NO,NO,LS-WS-0595,History/legacy record; never current proof.
records/history/original_sources/LS-WS-0600.md,LEGACY_SOURCE,WS-REBASELINE-20260819-001,YES,HISTORICAL_RECORD,HISTORICAL_ONLY,NO,NO,LS-WS-0600,History/legacy record; never current proof.
records/history/original_sources/LS-WS-0606.md,LEGACY_SOURCE,WS-REBASELINE-20260819-001,YES,HISTORICAL_RECORD,HISTORICAL_ONLY,NO,NO,LS-WS-0606,History/legacy record; never current proof.
records/history/original_sources/LS-WS-0610.md,LEGACY_SOURCE,WS-REBASELINE-20260819-001,YES,HISTORICAL_RECORD,HISTORICAL_ONLY,NO,NO,LS-WS-0610,History/legacy record; never current proof.
records/history/original_sources/LS-WS-0614.sql,LEGACY_SOURCE,WS-REBASELINE-20260819-001,YES,HISTORICAL_RECORD,HISTORICAL_ONLY,NO,NO,LS-WS-0614,History/legacy record; never current proof.
records/history/original_sources/LS-WS-0616.md,LEGACY_SOURCE,WS-REBASELINE-20260819-001,YES,HISTORICAL_RECORD,HISTORICAL_ONLY,NO,NO,LS-WS-0616,History/legacy record; never current proof.
records/history/original_sources/LS-WS-0617.sql,LEGACY_SOURCE,WS-REBASELINE-20260819-001,YES,HISTORICAL_RECORD,HISTORICAL_ONLY,NO,NO,LS-WS-0617,History/legacy record; never current proof.
records/history/original_sources/LS-WS-0619.sql,LEGACY_SOURCE,WS-REBASELINE-20260819-001,YES,HISTORICAL_RECORD,HISTORICAL_ONLY,NO,NO,LS-WS-0619,History/legacy record; never current proof.
records/history/original_sources/LS-WS-0620.md,LEGACY_SOURCE,WS-REBASELINE-20260819-001,YES,HISTORICAL_RECORD,HISTORICAL_ONLY,NO,NO,LS-WS-0620,History/legacy record; never current proof.
records/history/original_sources/LS-WS-0621.md,LEGACY_SOURCE,WS-REBASELINE-20260819-001,YES,HISTORICAL_RECORD,HISTORICAL_ONLY,NO,NO,LS-WS-0621,History/legacy record; never current proof.
records/history/original_sources/LS-WS-0623.json,LEGACY_SOURCE,WS-REBASELINE-20260819-001,YES,HISTORICAL_RECORD,HISTORICAL_ONLY,NO,NO,LS-WS-0623,History/legacy record; never current proof.
records/history/original_sources/LS-WS-0625.json,LEGACY_SOURCE,WS-REBASELINE-20260819-001,YES,HISTORICAL_RECORD,HISTORICAL_ONLY,NO,NO,LS-WS-0625,History/legacy record; never current proof.
records/history/original_sources/LS-WS-0626.json,LEGACY_SOURCE,WS-REBASELINE-20260819-001,YES,HISTORICAL_RECORD,HISTORICAL_ONLY,NO,NO,LS-WS-0626,History/legacy record; never current proof.
records/history/original_sources/LS-WS-0634.json,LEGACY_SOURCE,WS-REBASELINE-20260819-001,YES,HISTORICAL_RECORD,HISTORICAL_ONLY,NO,NO,LS-WS-0634,History/legacy record; never current proof.
records/history/original_sources/LS-WS-0636.json,LEGACY_SOURCE,WS-REBASELINE-20260819-001,YES,HISTORICAL_RECORD,HISTORICAL_ONLY,NO,NO,LS-WS-0636,History/legacy record; never current proof.
records/history/original_sources/LS-WS-0659.md,LEGACY_SOURCE,WS-REBASELINE-20260819-001,YES,HISTORICAL_RECORD,HISTORICAL_ONLY,NO,NO,LS-WS-0659,History/legacy record; never current proof.
records/history/original_sources/LS-WS-0669.md,LEGACY_SOURCE,WS-REBASELINE-20260819-001,YES,HISTORICAL_RECORD,HISTORICAL_ONLY,NO,NO,LS-WS-0669,History/legacy record; never current proof.
records/history/original_sources/LS-WS-0670.md,LEGACY_SOURCE,WS-REBASELINE-20260819-001,YES,HISTORICAL_RECORD,HISTORICAL_ONLY,NO,NO,LS-WS-0670,History/legacy record; never current proof.
records/history/original_sources/README.md,LEGACY_SOURCE,WS-REBASELINE-20260819-001,YES,HISTORICAL_RECORD,HISTORICAL_ONLY,NO,NO,,History/legacy record; never current proof.
records/history/CURRENT_VERIFICATION_REBASELINE_REPORT.md,HISTORY,WS-REBASELINE-20260819-001,NO,HISTORICAL_RECORD,HISTORICAL_ONLY,NO,NO,,Rebaseline execution report; not implementation proof.
development/findings/F-WS-20260819-04_EXACT_DUPLICATE_SOURCE_STORAGE_GAP.md,FINDING,WS-REBASELINE-20260819-001,NO,GOVERNANCE_RECORD,CURRENT_GOVERNANCE_RECORD,NO,NO,,Issued during current storage compaction; not implementation proof.
records/decisions/D-WS-20260819-04_EXACT_DUPLICATE_SOURCE_COMPACTION.md,DECISION,WS-REBASELINE-20260819-001,NO,GOVERNANCE_RECORD,CURRENT_GOVERNANCE_RECORD,NO,NO,,Issued during current storage compaction; not implementation proof.
records/history/LEGACY_EXACT_DUPLICATE_COMPACTION_INDEX.csv,REGISTRY,WS-REBASELINE-20260819-001,NO,HISTORICAL_RECORD,HISTORICAL_ONLY,NO,NO,,Legacy provenance registry; never implementation proof.
records/history/archive/H0356_LEGACY_NORMALIZATION_PRE_EXACT_DEDUPE.md,HISTORY,WS-REBASELINE-20260819-001,NO,HISTORICAL_RECORD,HISTORICAL_ONLY,NO,NO,,Archived governance snapshot; never current proof.
records/history/archive/H0357_DOCUMENT_INTEGRITY_GATE_PRE_EXACT_DEDUPE.php,HISTORY,WS-REBASELINE-20260819-001,NO,HISTORICAL_RECORD,HISTORICAL_ONLY,NO,NO,,Archived implementation-tool snapshot; never current proof.
records/evidence/E-WS-20260819-04_EXACT_DUPLICATE_SOURCE_COMPACTION_VALIDATION.json,EVIDENCE,WS-REBASELINE-20260819-001,NO,GOVERNANCE_RECORD,CURRENT_GOVERNANCE_RECORD,NO,NO,,Current storage compaction validation record; not implementation proof.
