archive_id,record_type,old_path,archive_path
H0001,history,docs/watchlist/records/history/README.md,docs/watchlist/records/history/archive/H0001_README.md
H0002,migration,docs/watchlist/records/history/documentation_architecture/2026-08-16_initial_separation/ARCHITECTURE_REFACTOR_REPORT.md,docs/watchlist/records/history/archive/H0002_ARCHITECTURE_REFACTOR_REPORT.md
H0003,migration,docs/watchlist/records/history/documentation_architecture/2026-08-16_initial_separation/ARCHITECTURE_REFACTOR_VALIDATION.json,docs/watchlist/records/history/archive/H0003_ARCHITECTURE_REFACTOR_VALIDATION.json
H0004,migration,docs/watchlist/records/history/documentation_architecture/2026-08-16_initial_separation/README.md,docs/watchlist/records/history/archive/H0004_README.md
H0005,migration,docs/watchlist/records/history/documentation_architecture/LEGACY_SYSTEM_README.md,docs/watchlist/records/history/LEGACY_SPLIT_SOURCE_CATALOG.md#ls-ws-0671
H0006,migration,docs/watchlist/records/history/documentation_architecture/WATCHLIST_START_HERE_AND_BUILD_SEQUENCE_2026-08-18.md,docs/watchlist/records/history/archive/H0006_WATCHLIST_START_HERE_AND_BUILD_SEQUENCE_2026-08-18.md
H0007,history,docs/watchlist/records/history/weekly_swing/README.md,docs/watchlist/records/history/archive/H0007_README.md
H0008,campaign_addendum,docs/watchlist/records/history/weekly_swing/campaign_addenda/WS_BACKTEST_CAMPAIGN_ADDENDA_HISTORY.md,docs/watchlist/records/history/archive/H0008_WS_BACKTEST_CAMPAIGN_ADDENDA_HISTORY.md
H0009,campaign_addendum,docs/watchlist/records/history/weekly_swing/campaign_addenda/WS_BACKTEST_CAMPAIGN_EVIDENCE_MANIFEST_HISTORY.md,docs/watchlist/records/history/archive/H0009_WS_BACKTEST_CAMPAIGN_EVIDENCE_MANIFEST_HISTORY.md
H0010,campaign_addendum,docs/watchlist/records/history/weekly_swing/campaign_addenda/WS_CAMPAIGN_REASON_CODE_EXTENSIONS.md,docs/watchlist/records/history/archive/H0010_WS_CAMPAIGN_REASON_CODE_EXTENSIONS.md
H0011,campaign_addendum,docs/watchlist/records/history/weekly_swing/campaign_addenda/WS_CONTRACT_TEST_CAMPAIGN_ADDITIONS_HISTORY.md,docs/watchlist/records/history/archive/H0011_WS_CONTRACT_TEST_CAMPAIGN_ADDITIONS_HISTORY.md
H0012,migration,docs/watchlist/records/history/weekly_swing/documentation_migrations/2026-08-16-final-strategy-purity-cleanup/FINAL_STRATEGY_PURITY_CLEANUP_REPORT_2026-08-16.md,docs/watchlist/records/history/archive/H0012_FINAL_STRATEGY_PURITY_CLEANUP_REPORT_2026-08-16.md
H0013,migration,docs/watchlist/records/history/weekly_swing/documentation_migrations/2026-08-16-final-strategy-purity-cleanup/FINAL_STRATEGY_PURITY_VALIDATION_2026-08-16.json,docs/watchlist/records/history/archive/H0013_FINAL_STRATEGY_PURITY_VALIDATION_2026-08-16.json
H0014,migration,docs/watchlist/records/history/weekly_swing/documentation_migrations/2026-08-16-final-strategy-purity-cleanup/previous_STRATEGY_LAYER_CLEANUP_REPORT_2026-08-16.md,docs/watchlist/records/history/archive/H0014_previous_STRATEGY_LAYER_CLEANUP_REPORT_2026-08-16.md
H0015,migration,docs/watchlist/records/history/weekly_swing/documentation_migrations/2026-08-16-final-strategy-purity-cleanup/previous_STRATEGY_LAYER_CLEANUP_VALIDATION_2026-08-16.json,docs/watchlist/records/history/archive/H0015_previous_STRATEGY_LAYER_CLEANUP_VALIDATION_2026-08-16.json
H0016,migration,docs/watchlist/records/history/weekly_swing/documentation_migrations/2026-08-16-final-strategy-purity-pre-cleanup/00_WS_SCOPE_LOCK.md,docs/watchlist/records/history/archive/H0016_00_WS_SCOPE_LOCK.md
H0017,migration,docs/watchlist/records/history/weekly_swing/documentation_migrations/2026-08-16-final-strategy-purity-pre-cleanup/01_WS_OVERVIEW.md,docs/watchlist/records/history/archive/H0017_01_WS_OVERVIEW.md
H0018,migration,docs/watchlist/records/history/weekly_swing/documentation_migrations/2026-08-16-final-strategy-purity-pre-cleanup/02_WS_CANONICAL_RUNTIME_FLOW.md,docs/watchlist/records/history/archive/H0018_02_WS_CANONICAL_RUNTIME_FLOW.md
H0019,migration,docs/watchlist/records/history/weekly_swing/documentation_migrations/2026-08-16-final-strategy-purity-pre-cleanup/08_WS_PLAN_ALGORITHM.md,docs/watchlist/records/history/archive/H0019_08_WS_PLAN_ALGORITHM.md
H0020,migration,docs/watchlist/records/history/weekly_swing/documentation_migrations/2026-08-16-final-strategy-purity-pre-cleanup/09_WS_DYNAMIC_SELECTION_DETERMINISTIC.md,docs/watchlist/records/history/archive/H0020_09_WS_DYNAMIC_SELECTION_DETERMINISTIC.md
H0021,migration,docs/watchlist/records/history/weekly_swing/documentation_migrations/2026-08-16-final-strategy-purity-pre-cleanup/10_WS_CONFIRM_OVERLAY.md,docs/watchlist/records/history/archive/H0021_10_WS_CONFIRM_OVERLAY.md
H0022,migration,docs/watchlist/records/history/weekly_swing/documentation_migrations/2026-08-16-final-strategy-purity-pre-cleanup/12_WS_BACKTEST_AND_CALIBRATION_STRATEGY.md,docs/watchlist/records/history/archive/H0022_12_WS_BACKTEST_AND_CALIBRATION_STRATEGY.md
H0023,migration,docs/watchlist/records/history/weekly_swing/documentation_migrations/2026-08-16-final-strategy-purity-pre-cleanup/22_WS_RECOMMENDATION_OVERVIEW.md,docs/watchlist/records/history/archive/H0023_22_WS_RECOMMENDATION_OVERVIEW.md
H0024,migration,docs/watchlist/records/history/weekly_swing/documentation_migrations/2026-08-16-final-strategy-purity-pre-cleanup/24_WS_RECOMMENDATION_ALGORITHM.md,docs/watchlist/records/history/archive/H0024_24_WS_RECOMMENDATION_ALGORITHM.md
H0025,migration,docs/watchlist/records/history/weekly_swing/documentation_migrations/2026-08-16-final-strategy-purity-pre-cleanup/MIGRATION_NOTE.md,docs/watchlist/records/history/archive/H0025_MIGRATION_NOTE.md
H0026,migration,docs/watchlist/records/history/weekly_swing/documentation_migrations/2026-08-16-final-strategy-purity-pre-cleanup/README.md,docs/watchlist/records/history/archive/H0026_README.md
H0027,migration,docs/watchlist/records/history/weekly_swing/documentation_migrations/2026-08-16-final-strategy-purity-pre-cleanup/validation/16_WS_EVAL_METRICS_SUFFICIENCY_LOCKED.md,docs/watchlist/records/history/archive/H0027_16_WS_EVAL_METRICS_SUFFICIENCY_LOCKED.md
H0028,migration,docs/watchlist/records/history/weekly_swing/documentation_migrations/2026-08-16-final-strategy-purity-pre-cleanup/validation/17_WS_WALK_FORWARD_OOS_PROOF_LOCKED.md,docs/watchlist/records/history/archive/H0028_17_WS_WALK_FORWARD_OOS_PROOF_LOCKED.md
H0029,migration,docs/watchlist/records/history/weekly_swing/documentation_migrations/2026-08-16_strategy_layer_cleanup/README.md,docs/watchlist/records/history/archive/H0029_README.md
H0030,migration,docs/watchlist/records/history/weekly_swing/documentation_migrations/2026-08-16_strategy_layer_cleanup/governance__STRATEGY_POLICY_FRAMEWORK.md,docs/watchlist/records/history/archive/H0030_governance__STRATEGY_POLICY_FRAMEWORK.md
H0031,migration,docs/watchlist/records/history/weekly_swing/documentation_migrations/2026-08-16_strategy_layer_cleanup/governance__WATCHLIST_CHANGE_IMPACT_MATRIX.md,docs/watchlist/records/history/archive/H0031_governance__WATCHLIST_CHANGE_IMPACT_MATRIX.md
H0032,migration,docs/watchlist/records/history/weekly_swing/documentation_migrations/2026-08-16_strategy_layer_cleanup/governance__WATCHLIST_OWNER_MATRIX.md,docs/watchlist/records/history/archive/H0032_governance__WATCHLIST_OWNER_MATRIX.md
H0033,migration,docs/watchlist/records/history/weekly_swing/documentation_migrations/2026-08-16_strategy_layer_cleanup/implementation__shared__README.md,docs/watchlist/records/history/archive/H0033_implementation__shared__README.md
H0034,migration,docs/watchlist/records/history/weekly_swing/documentation_migrations/2026-08-16_strategy_layer_cleanup/implementation__weekly_swing__fixtures__artifact_reference_guard_minimal.json,docs/watchlist/records/history/archive/H0034_implementation_weekly_swing_fixtures_artifact_referenc_F4FAF874.json
H0035,migration,docs/watchlist/records/history/weekly_swing/documentation_migrations/2026-08-16_strategy_layer_cleanup/strategy__weekly_swing__00_WS_SCOPE_LOCK.md,docs/watchlist/records/history/archive/H0035_strategy__weekly_swing__00_WS_SCOPE_LOCK.md
H0036,migration,docs/watchlist/records/history/weekly_swing/documentation_migrations/2026-08-16_strategy_layer_cleanup/strategy__weekly_swing__01_WS_OVERVIEW.md,docs/watchlist/records/history/archive/H0036_strategy__weekly_swing__01_WS_OVERVIEW.md
H0037,migration,docs/watchlist/records/history/weekly_swing/documentation_migrations/2026-08-16_strategy_layer_cleanup/strategy__weekly_swing__02_WS_CANONICAL_RUNTIME_FLOW.md,docs/watchlist/records/history/archive/H0037_strategy__weekly_swing__02_WS_CANONICAL_RUNTIME_FLOW.md
H0038,migration,docs/watchlist/records/history/weekly_swing/documentation_migrations/2026-08-16_strategy_layer_cleanup/strategy__weekly_swing__08_WS_PLAN_ALGORITHM.md,docs/watchlist/records/history/archive/H0038_strategy__weekly_swing__08_WS_PLAN_ALGORITHM.md
H0039,migration,docs/watchlist/records/history/weekly_swing/documentation_migrations/2026-08-16_strategy_layer_cleanup/strategy__weekly_swing__09_WS_DYNAMIC_SELECTION_DETERMINISTIC.md,docs/watchlist/records/history/archive/H0039_strategy__weekly_swing__09_WS_DYNAMIC_SELECTION_DETERMINISTIC.md
H0040,migration,docs/watchlist/records/history/weekly_swing/documentation_migrations/2026-08-16_strategy_layer_cleanup/strategy__weekly_swing__10_WS_CONFIRM_OVERLAY.md,docs/watchlist/records/history/archive/H0040_strategy__weekly_swing__10_WS_CONFIRM_OVERLAY.md
H0041,migration,docs/watchlist/records/history/weekly_swing/documentation_migrations/2026-08-16_strategy_layer_cleanup/strategy__weekly_swing__12_WS_BACKTEST_SCHEMA_AND_CALIBRATION.md,docs/watchlist/records/history/archive/H0041_strategy__weekly_swing__12_WS_BACKTEST_SCHEMA_AND_CALIBRATION.md
H0042,migration,docs/watchlist/records/history/weekly_swing/documentation_migrations/2026-08-16_strategy_layer_cleanup/strategy__weekly_swing__README.md,docs/watchlist/records/history/archive/H0042_strategy__weekly_swing__README.md
H0043,migration,docs/watchlist/records/history/weekly_swing/documentation_migrations/2026-08-16_strategy_layer_cleanup/strategy__weekly_swing__validation__16_WS_EVAL_METRICS_SUFFICIENCY_LOCKED.md,docs/watchlist/records/history/archive/H0043_strategy_weekly_swing_validation_16_WS_EVAL_METRICS_SUFF_DDF1B526.md
H0044,migration,docs/watchlist/records/history/weekly_swing/documentation_migrations/2026-08-16_strategy_layer_cleanup/strategy__weekly_swing__validation__17_WS_WALK_FORWARD_OOS_PROOF_LOCKED.md,docs/watchlist/records/history/archive/H0044_strategy_weekly_swing_validation_17_WS_WALK_FORWARD_OOS_1D444641.md
H0045,migration,docs/watchlist/records/history/weekly_swing/documentation_migrations/2026-08-17_confirm_optional_nonblocking/CONFIRM_OPTIONAL_NON_BLOCKING_ALIGNMENT_REPORT.md,docs/watchlist/records/history/archive/H0045_CONFIRM_OPTIONAL_NON_BLOCKING_ALIGNMENT_REPORT.md
H0046,migration,docs/watchlist/records/history/weekly_swing/documentation_migrations/2026-08-17_confirm_optional_nonblocking/CONFIRM_OPTIONAL_NON_BLOCKING_VALIDATION.json,docs/watchlist/records/history/archive/H0046_CONFIRM_OPTIONAL_NON_BLOCKING_VALIDATION.json
H0047,migration,docs/watchlist/records/history/weekly_swing/documentation_migrations/2026-08-17_end_to_end_strategy_lifecycle_alignment.md,docs/watchlist/records/history/archive/H0047_2026-08-17_end_to_end_strategy_lifecycle_alignment.md
H0048,migration,docs/watchlist/records/history/weekly_swing/documentation_migrations/2026-08-17_market-data-watchlist-binding/CROSS_DOMAIN_ALIGNMENT_REPORT.md,docs/watchlist/records/history/archive/H0048_CROSS_DOMAIN_ALIGNMENT_REPORT.md
H0049,migration,docs/watchlist/records/history/weekly_swing/documentation_migrations/2026-08-17_market-data-watchlist-binding/CROSS_DOMAIN_VALIDATION.json,docs/watchlist/records/history/archive/H0049_CROSS_DOMAIN_VALIDATION.json
H0050,migration,docs/watchlist/records/history/weekly_swing/documentation_migrations/2026-08-17_market-data-watchlist-binding/previous/README.md,docs/watchlist/records/history/archive/H0050_README.md
H0051,migration,docs/watchlist/records/history/weekly_swing/documentation_migrations/2026-08-17_market-data-watchlist-binding/previous/db/DATABASE_DICTIONARY_USAGE_RULE.md,docs/watchlist/records/history/archive/H0051_DATABASE_DICTIONARY_USAGE_RULE.md
H0052,migration,docs/watchlist/records/history/weekly_swing/documentation_migrations/2026-08-17_market-data-watchlist-binding/previous/market_data/book/CONSUMER_READ_CONTRACT_LOCKED.md,docs/watchlist/records/history/archive/H0052_CONSUMER_READ_CONTRACT_LOCKED.md
H0053,migration,docs/watchlist/records/history/weekly_swing/documentation_migrations/2026-08-17_market-data-watchlist-binding/previous/market_data/book/Downstream_Consumer_Read_Model_Contract_LOCKED.md,docs/watchlist/records/history/archive/H0053_Downstream_Consumer_Read_Model_Contract_LOCKED.md
H0054,migration,docs/watchlist/records/history/weekly_swing/documentation_migrations/2026-08-17_market-data-watchlist-binding/previous/market_data/book/EOD_Indicators_Contract.md,docs/watchlist/records/history/archive/H0054_EOD_Indicators_Contract.md
H0055,migration,docs/watchlist/records/history/weekly_swing/documentation_migrations/2026-08-17_market-data-watchlist-binding/previous/market_data/book/Hash_Number_Formatting_LOCKED.md,docs/watchlist/records/history/archive/H0055_Hash_Number_Formatting_LOCKED.md
H0056,migration,docs/watchlist/records/history/weekly_swing/documentation_migrations/2026-08-17_market-data-watchlist-binding/previous/market_data/indicators/EOD_Indicators_Formula_Spec.md,docs/watchlist/records/history/archive/H0056_EOD_Indicators_Formula_Spec.md
H0057,migration,docs/watchlist/records/history/weekly_swing/documentation_migrations/2026-08-17_market-data-watchlist-binding/previous/market_data/registry/Corporate_Action_Type_Registry_LOCKED.md,docs/watchlist/records/history/archive/H0057_Corporate_Action_Type_Registry_LOCKED.md
H0058,migration,docs/watchlist/records/history/weekly_swing/documentation_migrations/2026-08-17_market-data-watchlist-binding/previous/system_audit/SYSTEM_CROSS_DOMAIN_INPUT_BASELINE.md,docs/watchlist/records/history/archive/H0058_SYSTEM_CROSS_DOMAIN_INPUT_BASELINE.md
H0059,migration,docs/watchlist/records/history/weekly_swing/documentation_migrations/2026-08-17_market-data-watchlist-binding/previous/system_audit/SYSTEM_READINESS_CONTRACT_TRACKER.md,docs/watchlist/records/history/archive/H0059_SYSTEM_READINESS_CONTRACT_TRACKER.md
H0060,migration,docs/watchlist/records/history/weekly_swing/documentation_migrations/2026-08-17_market-data-watchlist-binding/previous/watchlist/README.md,docs/watchlist/records/history/archive/H0060_README.md
H0061,migration,docs/watchlist/records/history/weekly_swing/documentation_migrations/2026-08-17_market-data-watchlist-binding/previous/watchlist/governance/WATCHLIST_CHANGE_IMPACT_MATRIX.md,docs/watchlist/records/history/archive/H0061_WATCHLIST_CHANGE_IMPACT_MATRIX.md
H0062,migration,docs/watchlist/records/history/weekly_swing/documentation_migrations/2026-08-17_market-data-watchlist-binding/previous/watchlist/governance/WATCHLIST_OWNER_MATRIX.md,docs/watchlist/records/history/archive/H0062_WATCHLIST_OWNER_MATRIX.md
H0063,migration,docs/watchlist/records/history/weekly_swing/documentation_migrations/2026-08-17_market-data-watchlist-binding/previous/watchlist/governance/audit/AUDIT_UPDATE_GOVERNANCE.md,docs/watchlist/records/history/archive/H0063_AUDIT_UPDATE_GOVERNANCE.md
H0064,migration,docs/watchlist/records/history/weekly_swing/documentation_migrations/2026-08-17_market-data-watchlist-binding/previous/watchlist/governance/audit/WATCHLIST_AUDIT_PROMPT_STANDARD.md,docs/watchlist/records/history/archive/H0064_WATCHLIST_AUDIT_PROMPT_STANDARD.md
H0065,migration,docs/watchlist/records/history/weekly_swing/documentation_migrations/2026-08-17_market-data-watchlist-binding/previous/watchlist/governance/audit/implementation/WATCHLIST_IMPLEMENTATION_PROMPT_STANDARD.md,docs/watchlist/records/history/archive/H0065_WATCHLIST_IMPLEMENTATION_PROMPT_STANDARD.md
H0066,migration,docs/watchlist/records/history/weekly_swing/documentation_migrations/2026-08-17_market-data-watchlist-binding/previous/watchlist/governance/trackers/LUMEN_CONTRACT_TRACKER.md,docs/watchlist/records/history/archive/H0066_LUMEN_CONTRACT_TRACKER.md
H0067,migration,docs/watchlist/records/history/weekly_swing/documentation_migrations/2026-08-17_market-data-watchlist-binding/previous/watchlist/implementation/persistence/WATCHLIST_DB_DICTIONARY.md,docs/watchlist/records/history/archive/H0067_WATCHLIST_DB_DICTIONARY.md
H0068,migration,docs/watchlist/records/history/weekly_swing/documentation_migrations/2026-08-17_semantic_strategy_filename_rename/00_WS_SCOPE_LOCK.md,docs/watchlist/records/history/archive/H0068_00_WS_SCOPE_LOCK.md
H0069,migration,docs/watchlist/records/history/weekly_swing/documentation_migrations/2026-08-17_semantic_strategy_filename_rename/01_WS_OVERVIEW.md,docs/watchlist/records/history/archive/H0069_01_WS_OVERVIEW.md
H0070,migration,docs/watchlist/records/history/weekly_swing/documentation_migrations/2026-08-17_semantic_strategy_filename_rename/02_WS_CANONICAL_RUNTIME_FLOW.md,docs/watchlist/records/history/archive/H0070_02_WS_CANONICAL_RUNTIME_FLOW.md
H0071,migration,docs/watchlist/records/history/weekly_swing/documentation_migrations/2026-08-17_semantic_strategy_filename_rename/03_WS_CANDIDATE_ELIGIBILITY_AND_SETUP.md,docs/watchlist/records/history/archive/H0071_03_WS_CANDIDATE_ELIGIBILITY_AND_SETUP.md
H0072,migration,docs/watchlist/records/history/weekly_swing/documentation_migrations/2026-08-17_semantic_strategy_filename_rename/04_WS_END_TO_END_STRATEGY_LIFECYCLE.md,docs/watchlist/records/history/archive/H0072_04_WS_END_TO_END_STRATEGY_LIFECYCLE.md
H0073,migration,docs/watchlist/records/history/weekly_swing/documentation_migrations/2026-08-17_semantic_strategy_filename_rename/08_WS_PLAN_ALGORITHM.md,docs/watchlist/records/history/archive/H0073_08_WS_PLAN_ALGORITHM.md
H0074,migration,docs/watchlist/records/history/weekly_swing/documentation_migrations/2026-08-17_semantic_strategy_filename_rename/09_WS_CANDIDATE_CLASSIFICATION_DETERMINISTIC.md,docs/watchlist/records/history/archive/H0074_09_WS_CANDIDATE_CLASSIFICATION_DETERMINISTIC.md
H0075,migration,docs/watchlist/records/history/weekly_swing/documentation_migrations/2026-08-17_semantic_strategy_filename_rename/10_WS_CONFIRM_OVERLAY.md,docs/watchlist/records/history/archive/H0075_10_WS_CONFIRM_OVERLAY.md
H0076,migration,docs/watchlist/records/history/weekly_swing/documentation_migrations/2026-08-17_semantic_strategy_filename_rename/12_WS_BACKTEST_AND_CALIBRATION_STRATEGY.md,docs/watchlist/records/history/archive/H0076_12_WS_BACKTEST_AND_CALIBRATION_STRATEGY.md
H0077,migration,docs/watchlist/records/history/weekly_swing/documentation_migrations/2026-08-17_semantic_strategy_filename_rename/22_WS_RECOMMENDATION_OVERVIEW.md,docs/watchlist/records/history/archive/H0077_22_WS_RECOMMENDATION_OVERVIEW.md
H0078,migration,docs/watchlist/records/history/weekly_swing/documentation_migrations/2026-08-17_semantic_strategy_filename_rename/24_WS_RECOMMENDATION_ALGORITHM.md,docs/watchlist/records/history/archive/H0078_24_WS_RECOMMENDATION_ALGORITHM.md
H0079,migration,docs/watchlist/records/history/weekly_swing/documentation_migrations/2026-08-17_semantic_strategy_filename_rename/MIGRATION_NOTE.md,docs/watchlist/records/history/archive/H0079_MIGRATION_NOTE.md
H0080,migration,docs/watchlist/records/history/weekly_swing/documentation_migrations/2026-08-17_semantic_strategy_filename_rename/README_BEFORE_RENAME.md,docs/watchlist/records/history/archive/H0080_README_BEFORE_RENAME.md
H0081,migration,docs/watchlist/records/history/weekly_swing/documentation_migrations/2026-08-17_semantic_strategy_filename_rename/validation/16_WS_EVAL_METRICS_SUFFICIENCY_LOCKED.md,docs/watchlist/records/history/archive/H0081_16_WS_EVAL_METRICS_SUFFICIENCY_LOCKED.md
H0082,migration,docs/watchlist/records/history/weekly_swing/documentation_migrations/2026-08-17_semantic_strategy_filename_rename/validation/17_WS_WALK_FORWARD_OOS_PROOF_LOCKED.md,docs/watchlist/records/history/archive/H0082_17_WS_WALK_FORWARD_OOS_PROOF_LOCKED.md
H0083,governance_addendum,docs/watchlist/records/history/weekly_swing/governance_addenda/AUDIT_UPDATE_GOVERNANCE_CAMPAIGN_HISTORY.md,docs/watchlist/records/history/archive/H0083_AUDIT_UPDATE_GOVERNANCE_CAMPAIGN_HISTORY.md
H0084,superseded,docs/watchlist/records/history/weekly_swing/superseded/19_WS_DEPRECATED_OR_NONSCOPE_ARTIFACTS_LEDGER.md,docs/watchlist/records/history/archive/H0084_19_WS_DEPRECATED_OR_NONSCOPE_ARTIFACTS_LEDGER.md
H0085,superseded,docs/watchlist/records/history/weekly_swing/superseded/2026-08-16_pre-qualified-top-picks-strategy/00_WS_SCOPE_LOCK.md,docs/watchlist/records/history/archive/H0085_00_WS_SCOPE_LOCK.md
H0086,superseded,docs/watchlist/records/history/weekly_swing/superseded/2026-08-16_pre-qualified-top-picks-strategy/01_WS_OVERVIEW.md,docs/watchlist/records/history/archive/H0086_01_WS_OVERVIEW.md
H0087,superseded,docs/watchlist/records/history/weekly_swing/superseded/2026-08-16_pre-qualified-top-picks-strategy/02_WS_CANONICAL_RUNTIME_FLOW.md,docs/watchlist/records/history/archive/H0087_02_WS_CANONICAL_RUNTIME_FLOW.md
H0088,superseded,docs/watchlist/records/history/weekly_swing/superseded/2026-08-16_pre-qualified-top-picks-strategy/08_WS_PLAN_ALGORITHM.md,docs/watchlist/records/history/archive/H0088_08_WS_PLAN_ALGORITHM.md
H0089,superseded,docs/watchlist/records/history/weekly_swing/superseded/2026-08-16_pre-qualified-top-picks-strategy/09_WS_DYNAMIC_SELECTION_DETERMINISTIC.md,docs/watchlist/records/history/archive/H0089_09_WS_DYNAMIC_SELECTION_DETERMINISTIC.md
H0090,superseded,docs/watchlist/records/history/weekly_swing/superseded/2026-08-16_pre-qualified-top-picks-strategy/10_WS_CONFIRM_OVERLAY.md,docs/watchlist/records/history/archive/H0090_10_WS_CONFIRM_OVERLAY.md
H0091,superseded,docs/watchlist/records/history/weekly_swing/superseded/2026-08-16_pre-qualified-top-picks-strategy/12_WS_BACKTEST_AND_CALIBRATION_STRATEGY.md,docs/watchlist/records/history/archive/H0091_12_WS_BACKTEST_AND_CALIBRATION_STRATEGY.md
H0092,superseded,docs/watchlist/records/history/weekly_swing/superseded/2026-08-16_pre-qualified-top-picks-strategy/22_WS_RECOMMENDATION_OVERVIEW.md,docs/watchlist/records/history/archive/H0092_22_WS_RECOMMENDATION_OVERVIEW.md
H0093,superseded,docs/watchlist/records/history/weekly_swing/superseded/2026-08-16_pre-qualified-top-picks-strategy/24_WS_RECOMMENDATION_ALGORITHM.md,docs/watchlist/records/history/archive/H0093_24_WS_RECOMMENDATION_ALGORITHM.md
H0094,superseded,docs/watchlist/records/history/weekly_swing/superseded/2026-08-16_pre-qualified-top-picks-strategy/validation/16_WS_EVAL_METRICS_SUFFICIENCY_LOCKED.md,docs/watchlist/records/history/archive/H0094_16_WS_EVAL_METRICS_SUFFICIENCY_LOCKED.md
H0095,superseded,docs/watchlist/records/history/weekly_swing/superseded/2026-08-16_pre-qualified-top-picks-strategy/validation/17_WS_WALK_FORWARD_OOS_PROOF_LOCKED.md,docs/watchlist/records/history/archive/H0095_17_WS_WALK_FORWARD_OOS_PROOF_LOCKED.md
H0096,superseded,docs/watchlist/records/history/weekly_swing/superseded/2026-08-17_pre-confirm-optional-nonblocking-alignment/implementation/examples/WS_CONFIRM_OUTPUT_NON_RECOMMENDED_CANDIDATE.json,docs/watchlist/records/history/archive/H0096_WS_CONFIRM_OUTPUT_NON_RECOMMENDED_CANDIDATE.json
H0097,superseded,docs/watchlist/records/history/weekly_swing/superseded/2026-08-17_pre-confirm-optional-nonblocking-alignment/implementation/examples/WS_PLAN_CONFIRM_RUNTIME_PAIR_EXAMPLE_A.json,docs/watchlist/records/history/archive/H0097_WS_PLAN_CONFIRM_RUNTIME_PAIR_EXAMPLE_A.json
H0098,superseded,docs/watchlist/records/history/weekly_swing/superseded/2026-08-17_pre-confirm-optional-nonblocking-alignment/implementation/fixtures/candidate_confirm_non_recommended.json,docs/watchlist/records/history/archive/H0098_candidate_confirm_non_recommended.json
H0099,superseded,docs/watchlist/records/history/weekly_swing/superseded/2026-08-17_pre-confirm-optional-nonblocking-alignment/strategy/README.md,docs/watchlist/records/history/archive/H0099_README.md
H0100,superseded,docs/watchlist/records/history/weekly_swing/superseded/2026-08-17_pre-confirm-optional-nonblocking-alignment/strategy/WS_D1_CONFIRM_ACTIONABILITY.md,docs/watchlist/records/history/archive/H0100_WS_D1_CONFIRM_ACTIONABILITY.md
H0101,superseded,docs/watchlist/records/history/weekly_swing/superseded/2026-08-17_pre-confirm-optional-nonblocking-alignment/strategy/WS_END_TO_END_STRATEGY_LIFECYCLE.md,docs/watchlist/records/history/archive/H0101_WS_END_TO_END_STRATEGY_LIFECYCLE.md
H0102,superseded,docs/watchlist/records/history/weekly_swing/superseded/2026-08-17_pre-confirm-optional-nonblocking-alignment/strategy/WS_HISTORICAL_EVALUATION_STRATEGY.md,docs/watchlist/records/history/archive/H0102_WS_HISTORICAL_EVALUATION_STRATEGY.md
H0103,superseded,docs/watchlist/records/history/weekly_swing/superseded/2026-08-17_pre-confirm-optional-nonblocking-alignment/strategy/WS_PRODUCT_OBJECTIVE_AND_LAYERS.md,docs/watchlist/records/history/archive/H0103_WS_PRODUCT_OBJECTIVE_AND_LAYERS.md
H0104,superseded,docs/watchlist/records/history/weekly_swing/superseded/2026-08-17_pre-confirm-optional-nonblocking-alignment/strategy/WS_RUNTIME_FLOW.md,docs/watchlist/records/history/archive/H0104_WS_RUNTIME_FLOW.md
H0105,superseded,docs/watchlist/records/history/weekly_swing/superseded/2026-08-17_pre-confirm-optional-nonblocking-alignment/strategy/WS_SCOPE_AND_SUCCESS_CRITERIA.md,docs/watchlist/records/history/archive/H0105_WS_SCOPE_AND_SUCCESS_CRITERIA.md
H0106,superseded,docs/watchlist/records/history/weekly_swing/superseded/2026-08-17_pre-confirm-optional-nonblocking-alignment/strategy/WS_TOP_PICKS_QUALIFICATION_AND_RANKING.md,docs/watchlist/records/history/archive/H0106_WS_TOP_PICKS_QUALIFICATION_AND_RANKING.md
H0107,superseded,docs/watchlist/records/history/weekly_swing/superseded/2026-08-17_pre-confirm-optional-nonblocking-alignment/strategy/WS_TOP_PICKS_RECOMMENDATION.md,docs/watchlist/records/history/archive/H0107_WS_TOP_PICKS_RECOMMENDATION.md
H0108,superseded,docs/watchlist/records/history/weekly_swing/superseded/2026-08-17_pre-confirm-optional-nonblocking-alignment/strategy/validation/WS_OOS_STRESS_SHADOW_AND_PRODUCTION_PROOF.md,docs/watchlist/records/history/archive/H0108_WS_OOS_STRESS_SHADOW_AND_PRODUCTION_PROOF.md
H0109,superseded,docs/watchlist/records/history/weekly_swing/superseded/2026-08-17_pre-end-to-end-lifecycle-alignment/00_WS_SCOPE_LOCK.md,docs/watchlist/records/history/archive/H0109_00_WS_SCOPE_LOCK.md
H0110,superseded,docs/watchlist/records/history/weekly_swing/superseded/2026-08-17_pre-end-to-end-lifecycle-alignment/01_WS_OVERVIEW.md,docs/watchlist/records/history/archive/H0110_01_WS_OVERVIEW.md
H0111,superseded,docs/watchlist/records/history/weekly_swing/superseded/2026-08-17_pre-end-to-end-lifecycle-alignment/02_WS_CANONICAL_RUNTIME_FLOW.md,docs/watchlist/records/history/archive/H0111_02_WS_CANONICAL_RUNTIME_FLOW.md
H0112,superseded,docs/watchlist/records/history/weekly_swing/superseded/2026-08-17_pre-end-to-end-lifecycle-alignment/03_WS_CANDIDATE_ELIGIBILITY_AND_SETUP.md,docs/watchlist/records/history/archive/H0112_03_WS_CANDIDATE_ELIGIBILITY_AND_SETUP.md
H0113,superseded,docs/watchlist/records/history/weekly_swing/superseded/2026-08-17_pre-end-to-end-lifecycle-alignment/08_WS_PLAN_ALGORITHM.md,docs/watchlist/records/history/archive/H0113_08_WS_PLAN_ALGORITHM.md
H0114,superseded,docs/watchlist/records/history/weekly_swing/superseded/2026-08-17_pre-end-to-end-lifecycle-alignment/09_WS_CANDIDATE_CLASSIFICATION_DETERMINISTIC.md,docs/watchlist/records/history/archive/H0114_09_WS_CANDIDATE_CLASSIFICATION_DETERMINISTIC.md
H0115,superseded,docs/watchlist/records/history/weekly_swing/superseded/2026-08-17_pre-end-to-end-lifecycle-alignment/10_WS_CONFIRM_OVERLAY.md,docs/watchlist/records/history/archive/H0115_10_WS_CONFIRM_OVERLAY.md
H0116,superseded,docs/watchlist/records/history/weekly_swing/superseded/2026-08-17_pre-end-to-end-lifecycle-alignment/12_WS_BACKTEST_AND_CALIBRATION_STRATEGY.md,docs/watchlist/records/history/archive/H0116_12_WS_BACKTEST_AND_CALIBRATION_STRATEGY.md
H0117,superseded,docs/watchlist/records/history/weekly_swing/superseded/2026-08-17_pre-end-to-end-lifecycle-alignment/22_WS_RECOMMENDATION_OVERVIEW.md,docs/watchlist/records/history/archive/H0117_22_WS_RECOMMENDATION_OVERVIEW.md
H0118,superseded,docs/watchlist/records/history/weekly_swing/superseded/2026-08-17_pre-end-to-end-lifecycle-alignment/24_WS_RECOMMENDATION_ALGORITHM.md,docs/watchlist/records/history/archive/H0118_24_WS_RECOMMENDATION_ALGORITHM.md
H0119,superseded,docs/watchlist/records/history/weekly_swing/superseded/2026-08-17_pre-end-to-end-lifecycle-alignment/README.md,docs/watchlist/records/history/archive/H0119_README.md
H0120,superseded,docs/watchlist/records/history/weekly_swing/superseded/2026-08-17_pre-end-to-end-lifecycle-alignment/README_SNAPSHOT.md,docs/watchlist/records/history/archive/H0120_README_SNAPSHOT.md
H0121,superseded,docs/watchlist/records/history/weekly_swing/superseded/2026-08-17_pre-end-to-end-lifecycle-alignment/validation/16_WS_EVAL_METRICS_SUFFICIENCY_LOCKED.md,docs/watchlist/records/history/archive/H0121_16_WS_EVAL_METRICS_SUFFICIENCY_LOCKED.md
H0122,superseded,docs/watchlist/records/history/weekly_swing/superseded/2026-08-17_pre-end-to-end-lifecycle-alignment/validation/17_WS_WALK_FORWARD_OOS_PROOF_LOCKED.md,docs/watchlist/records/history/archive/H0122_17_WS_WALK_FORWARD_OOS_PROOF_LOCKED.md
H0123,superseded,docs/watchlist/records/history/weekly_swing/superseded/2026-08-17_pre-market-data-watchlist-binding/README.md,docs/watchlist/records/history/archive/H0123_README.md
H0124,superseded,docs/watchlist/records/history/weekly_swing/superseded/2026-08-17_pre-market-data-watchlist-binding/WS_CANDIDATE_ELIGIBILITY_AND_SETUP.md,docs/watchlist/records/history/archive/H0124_WS_CANDIDATE_ELIGIBILITY_AND_SETUP.md
H0125,superseded,docs/watchlist/records/history/weekly_swing/superseded/2026-08-17_pre-market-data-watchlist-binding/WS_D1_CONFIRM_ACTIONABILITY.md,docs/watchlist/records/history/archive/H0125_WS_D1_CONFIRM_ACTIONABILITY.md
H0126,superseded,docs/watchlist/records/history/weekly_swing/superseded/2026-08-17_pre-market-data-watchlist-binding/WS_END_TO_END_STRATEGY_LIFECYCLE.md,docs/watchlist/records/history/archive/H0126_WS_END_TO_END_STRATEGY_LIFECYCLE.md
H0127,superseded,docs/watchlist/records/history/weekly_swing/superseded/2026-08-17_pre-market-data-watchlist-binding/WS_HISTORICAL_EVALUATION_STRATEGY.md,docs/watchlist/records/history/archive/H0127_WS_HISTORICAL_EVALUATION_STRATEGY.md
H0128,superseded,docs/watchlist/records/history/weekly_swing/superseded/2026-08-17_pre-market-data-watchlist-binding/WS_PLAN_SCORING_AND_TRADE_PLAN.md,docs/watchlist/records/history/archive/H0128_WS_PLAN_SCORING_AND_TRADE_PLAN.md
H0129,superseded,docs/watchlist/records/history/weekly_swing/superseded/2026-08-17_pre-market-data-watchlist-binding/WS_PRODUCT_OBJECTIVE_AND_LAYERS.md,docs/watchlist/records/history/archive/H0129_WS_PRODUCT_OBJECTIVE_AND_LAYERS.md
H0130,superseded,docs/watchlist/records/history/weekly_swing/superseded/2026-08-17_pre-market-data-watchlist-binding/WS_RUNTIME_FLOW.md,docs/watchlist/records/history/archive/H0130_WS_RUNTIME_FLOW.md
H0131,superseded,docs/watchlist/records/history/weekly_swing/superseded/README.md,docs/watchlist/records/history/archive/H0131_README.md
H0132,reorganization_source,docs/watchlist/records/decisions/README.md,docs/watchlist/records/history/archive/H0132_REORG_decisions__README.md
H0133,reorganization_source,docs/watchlist/records/decisions/weekly_swing/README.md,docs/watchlist/records/history/archive/H0133_REORG_decisions__weekly_swing__README.md
H0134,reorganization_source,docs/watchlist/records/evidence/README.md,docs/watchlist/records/history/archive/H0134_REORG_evidence__README.md
H0135,reorganization_source,docs/watchlist/records/evidence/weekly_swing/README.md,docs/watchlist/records/history/archive/H0135_REORG_evidence__weekly_swing__README.md
H0136,reorganization_source,docs/watchlist/development/findings/README.md,docs/watchlist/records/history/archive/H0136_REORG_findings__README.md
H0137,reorganization_source,docs/watchlist/development/findings/weekly_swing/README.md,docs/watchlist/records/history/archive/H0137_REORG_findings__weekly_swing__README.md
H0138,reorganization_source,docs/watchlist/development/findings/weekly_swing/open/README.md,docs/watchlist/records/history/archive/H0138_REORG_findings__weekly_swing__open__README.md
H0139,reorganization_source,docs/watchlist/development/findings/weekly_swing/resolved/README.md,docs/watchlist/records/history/archive/H0139_REORG_findings__weekly_swing__resolved__README.md
H0140,reorganization_source,docs/watchlist/development/implementation/README.md,docs/watchlist/records/history/archive/H0140_REORG_implementation__README.md
H0141,reorganization_source,docs/watchlist/development/implementation/persistence/README.md,docs/watchlist/records/history/LEGACY_SPLIT_SOURCE_CATALOG.md#ls-ws-0519
H0142,reorganization_source,docs/watchlist/development/implementation/shared/README.md,docs/watchlist/records/history/archive/H0142_REORG_implementation__shared__README.md
H0143,reorganization_source,docs/watchlist/development/implementation/weekly_swing/README.md,docs/watchlist/records/history/archive/H0143_REORG_implementation__weekly_swing__README.md
H0144,reorganization_source,docs/watchlist/development/implementation/weekly_swing/db/README.md,docs/watchlist/records/history/archive/H0144_REORG_implementation__weekly_swing__db__README.md
H0145,reorganization_source,docs/watchlist/development/implementation/weekly_swing/examples/README.md,docs/watchlist/records/history/archive/H0145_REORG_implementation__weekly_swing__examples__README.md
H0146,reorganization_source,docs/watchlist/development/implementation/weekly_swing/fixtures/README.md,docs/watchlist/records/history/archive/H0146_REORG_implementation__weekly_swing__fixtures__README.md
H0147,reorganization_source,docs/watchlist/development/research/README.md,docs/watchlist/records/history/archive/H0147_REORG_research__README.md
H0148,reorganization_source,docs/watchlist/development/research/weekly_swing/README.md,docs/watchlist/records/history/archive/H0148_REORG_research__weekly_swing__README.md
H0149,reorganization_source,docs/watchlist/development/research/weekly_swing/campaign_contracts/README.md,docs/watchlist/records/history/archive/H0149_REORG_research__weekly_swing__campaign_contracts__README.md
H0150,reorganization_source,docs/watchlist/authority/strategy/README.md,docs/watchlist/records/history/archive/H0150_REORG_strategy__README.md
H0151,reorganization_source,docs/watchlist/authority/strategy/weekly_swing/README.md,docs/watchlist/records/history/archive/H0151_REORG_strategy__weekly_swing__README.md
H0152,governance_snapshot,docs/watchlist/authority/governance/DOCUMENT_CHANGE_POLICY.md,docs/watchlist/records/history/archive/H0152_DOCUMENT_CHANGE_POLICY_PRE_RECORDING_STANDARD.md
H0153,governance_snapshot,docs/watchlist/authority/governance/DOCUMENTATION_ARCHITECTURE.md,docs/watchlist/records/history/archive/H0153_DOCUMENTATION_ARCHITECTURE_PRE_RECORDING_STANDARD.md
H0154,governance_snapshot,docs/watchlist/authority/governance/WATCHLIST_DOCUMENT_AUTHORITY.md,docs/watchlist/records/history/archive/H0154_WATCHLIST_DOCUMENT_AUTHORITY_PRE_RECORDING_STANDARD.md
H0155,governance_snapshot,docs/watchlist/authority/governance/WATCHLIST_OWNER_MATRIX.md,docs/watchlist/records/history/archive/H0155_WATCHLIST_OWNER_MATRIX_PRE_RECORDING_STANDARD.md
H0156,governance_snapshot,docs/watchlist/authority/governance/audit/AUDIT_UPDATE_GOVERNANCE.md,docs/watchlist/records/history/archive/H0156_AUDIT_UPDATE_GOVERNANCE_PRE_RECORDING_STANDARD.md
H0157,governance_snapshot,docs/watchlist/authority/governance/README.md,docs/watchlist/records/history/archive/H0157_GOVERNANCE_README_PRE_RECORDING_STANDARD.md
H0158,recording_governance_evidence,docs/watchlist/authority/governance/DOCUMENT_RECORDING_STANDARD.md,docs/watchlist/records/history/archive/H0158_DOCUMENT_RECORDING_STANDARD_ADOPTION_REPORT.md
H0159,recording_governance_evidence,docs/watchlist/authority/governance/DOCUMENT_RECORDING_STANDARD.md,docs/watchlist/records/history/archive/H0159_DOCUMENT_RECORDING_STANDARD_VALIDATION_2026-08-18.json
H0160,governance_snapshot,docs/watchlist/authority/governance/DOCUMENT_RECORDING_STANDARD.md,docs/watchlist/records/history/archive/H0160_DOCUMENT_RECORDING_STANDARD_PRE_STAGE_PROTOCOL.md
H0161,governance_snapshot,docs/watchlist/authority/governance/audit/AUDIT_UPDATE_GOVERNANCE.md,docs/watchlist/records/history/archive/H0161_AUDIT_UPDATE_GOVERNANCE_PRE_STAGE_PROTOCOL.md
H0162,governance_snapshot,docs/watchlist/authority/governance/README.md,docs/watchlist/records/history/archive/H0162_GOVERNANCE_README_PRE_STAGE_PROTOCOL.md
H0163,implementation_guidance_snapshot,docs/watchlist/development/implementation/WS_IMPLEMENTATION_BUILD_SEQUENCE.md,docs/watchlist/records/history/archive/H0163_WS_BUILD_SEQUENCE_PRE_STAGE_PROTOCOL.md
H0164,governance_snapshot,docs/watchlist/authority/governance/DOCUMENT_RECORDING_STANDARD.md,docs/watchlist/records/history/archive/H0164_DOCUMENT_RECORDING_STANDARD_PRE_RESIDUE.md
H0165,governance_snapshot,docs/watchlist/authority/governance/STAGE_EXECUTION_AND_REWORK_STANDARD.md,docs/watchlist/records/history/archive/H0165_STAGE_EXECUTION_STANDARD_PRE_RESIDUE.md
H0166,governance_snapshot,docs/watchlist/authority/governance/README.md,docs/watchlist/records/history/archive/H0166_GOVERNANCE_README_PRE_RESIDUE.md
H0167,governance_snapshot,docs/watchlist/authority/governance/WATCHLIST_OWNER_MATRIX.md,docs/watchlist/records/history/archive/H0167_OWNER_MATRIX_PRE_RESIDUE.md
H0168,implementation_guidance_snapshot,docs/watchlist/development/implementation/WS_IMPLEMENTATION_BUILD_SEQUENCE.md,docs/watchlist/records/history/archive/H0168_BUILD_SEQUENCE_PRE_RESIDUE.md
H0169,governance_snapshot,docs/watchlist/authority/governance/DOCUMENT_RECORDING_STANDARD.md,docs/watchlist/records/history/archive/H0169_DOCUMENT_RECORDING_STANDARD_PRE_TRACEABILITY.md
H0170,governance_snapshot,docs/watchlist/authority/governance/STAGE_EXECUTION_AND_REWORK_STANDARD.md,docs/watchlist/records/history/archive/H0170_STAGE_EXECUTION_STANDARD_PRE_TRACEABILITY.md
H0171,governance_snapshot,docs/watchlist/authority/governance/IMPLEMENTATION_RESIDUE_AND_CONFORMANCE_STANDARD.md,docs/watchlist/records/history/archive/H0171_RESIDUE_STANDARD_PRE_TRACEABILITY.md
H0172,governance_snapshot,docs/watchlist/authority/governance/WATCHLIST_OWNER_MATRIX.md,docs/watchlist/records/history/archive/H0172_OWNER_MATRIX_PRE_TRACEABILITY.md
H0173,governance_snapshot,docs/watchlist/authority/governance/WATCHLIST_DOCUMENT_AUTHORITY.md,docs/watchlist/records/history/archive/H0173_DOCUMENT_AUTHORITY_PRE_TRACEABILITY.md
H0174,governance_snapshot,docs/watchlist/authority/governance/DOCUMENTATION_ARCHITECTURE.md,docs/watchlist/records/history/archive/H0174_DOC_ARCHITECTURE_PRE_TRACEABILITY.md
H0175,governance_snapshot,docs/watchlist/authority/governance/README.md,docs/watchlist/records/history/archive/H0175_GOVERNANCE_README_PRE_TRACEABILITY.md
H0176,navigation_snapshot,docs/watchlist/START_HERE.md,docs/watchlist/records/history/archive/H0176_START_HERE_PRE_TRACEABILITY.md
H0177,implementation_guidance_snapshot,docs/watchlist/development/implementation/WS_IMPLEMENTATION_BUILD_SEQUENCE.md,docs/watchlist/records/history/archive/H0177_BUILD_SEQUENCE_PRE_TRACEABILITY.md
H0178,implementation_status_snapshot,docs/watchlist/development/implementation/WS_IMPLEMENTATION_STAGE_REGISTER.md,docs/watchlist/records/history/archive/H0178_STAGE_REGISTER_PRE_TRACEABILITY.md
H0179,governance_snapshot,docs/watchlist/authority/governance/DOCUMENTATION_ARCHITECTURE.md,docs/watchlist/records/history/archive/H0179_DOC_ARCHITECTURE_PRE_ROOT_GROUPING.md
H0180,governance_snapshot,docs/watchlist/authority/governance/WATCHLIST_OWNER_MATRIX.md,docs/watchlist/records/history/archive/H0180_OWNER_MATRIX_PRE_ROOT_GROUPING.md
H0181,navigation_snapshot,docs/watchlist/README.md,docs/watchlist/records/history/archive/H0181_ROOT_README_PRE_ROOT_GROUPING.md
H0182,navigation_snapshot,docs/watchlist/START_HERE.md,docs/watchlist/records/history/archive/H0182_START_HERE_PRE_ROOT_GROUPING.md
H0183,governance_snapshot,docs/watchlist/authority/governance/README.md,docs/watchlist/records/history/archive/H0183_GOVERNANCE_README_PRE_ROOT_GROUPING.md
H0184,governance_snapshot,docs/watchlist/authority/governance/DOCUMENT_RECORDING_STANDARD.md,docs/watchlist/records/history/archive/H0184_DOCUMENT_RECORDING_STANDARD_PRE_BASELINE_GATE.md
H0185,governance_snapshot,docs/watchlist/authority/governance/STAGE_EXECUTION_AND_REWORK_STANDARD.md,docs/watchlist/records/history/archive/H0185_STAGE_EXECUTION_STANDARD_PRE_BASELINE_GATE.md
H0186,governance_snapshot,docs/watchlist/authority/governance/STRATEGY_IMPLEMENTATION_TRACEABILITY_STANDARD.md,docs/watchlist/records/history/archive/H0186_TRACEABILITY_STANDARD_PRE_BASELINE_GATE.md
H0187,governance_snapshot,docs/watchlist/authority/governance/WATCHLIST_DOCUMENT_AUTHORITY.md,docs/watchlist/records/history/archive/H0187_DOCUMENT_AUTHORITY_PRE_BASELINE_GATE.md
H0188,governance_snapshot,docs/watchlist/authority/governance/WATCHLIST_OWNER_MATRIX.md,docs/watchlist/records/history/archive/H0188_OWNER_MATRIX_PRE_BASELINE_GATE.md
H0189,governance_snapshot,docs/watchlist/authority/governance/README.md,docs/watchlist/records/history/archive/H0189_GOVERNANCE_README_PRE_BASELINE_GATE.md
H0190,navigation_snapshot,docs/watchlist/START_HERE.md,docs/watchlist/records/history/archive/H0190_START_HERE_PRE_BASELINE_GATE.md
H0191,implementation_guidance_snapshot,docs/watchlist/development/implementation/WS_IMPLEMENTATION_BUILD_SEQUENCE.md,docs/watchlist/records/history/archive/H0191_BUILD_SEQUENCE_PRE_BASELINE_GATE.md
H0192,implementation_status_snapshot,docs/watchlist/development/implementation/WS_IMPLEMENTATION_STAGE_REGISTER.md,docs/watchlist/records/history/archive/H0192_STAGE_REGISTER_PRE_BASELINE_GATE.md
H0193,governance_snapshot,docs/watchlist/authority/governance/DOCUMENT_RECORDING_STANDARD.md,docs/watchlist/records/history/archive/H0193_DOCUMENT_RECORDING_STANDARD_PRE_WORK_TRACE.md
H0194,governance_snapshot,docs/watchlist/authority/governance/STAGE_EXECUTION_AND_REWORK_STANDARD.md,docs/watchlist/records/history/archive/H0194_STAGE_EXECUTION_STANDARD_PRE_WORK_TRACE.md
H0195,governance_snapshot,docs/watchlist/authority/governance/WORK_BASELINE_LOCK_STANDARD.md,docs/watchlist/records/history/archive/H0195_BASELINE_LOCK_STANDARD_PRE_WORK_TRACE.md
H0196,governance_snapshot,docs/watchlist/authority/governance/DOCUMENT_INTEGRITY_GATE_STANDARD.md,docs/watchlist/records/history/archive/H0196_INTEGRITY_GATE_STANDARD_PRE_WORK_TRACE.md
H0197,governance_snapshot,docs/watchlist/authority/governance/STRATEGY_IMPLEMENTATION_TRACEABILITY_STANDARD.md,docs/watchlist/records/history/archive/H0197_TRACEABILITY_STANDARD_PRE_WORK_TRACE.md
H0198,governance_snapshot,docs/watchlist/authority/governance/README.md,docs/watchlist/records/history/archive/H0198_GOVERNANCE_README_PRE_WORK_TRACE.md
H0199,navigation_snapshot,docs/watchlist/START_HERE.md,docs/watchlist/records/history/archive/H0199_START_HERE_PRE_WORK_TRACE.md
H0200,implementation_guidance_snapshot,docs/watchlist/development/implementation/WS_IMPLEMENTATION_BUILD_SEQUENCE.md,docs/watchlist/records/history/archive/H0200_BUILD_SEQUENCE_PRE_WORK_TRACE.md
H0201,implementation_status_snapshot,docs/watchlist/development/implementation/WS_IMPLEMENTATION_STAGE_REGISTER.md,docs/watchlist/records/history/archive/H0201_STAGE_REGISTER_PRE_WORK_TRACE.md
H0202,implementation_guidance_snapshot,docs/watchlist/development/implementation/README.md,docs/watchlist/records/history/archive/H0202_IMPLEMENTATION_README_PRE_WORK_TRACE.md
H0203,governance_snapshot,docs/watchlist/authority/governance/IMPLEMENTATION_RESIDUE_AND_CONFORMANCE_STANDARD.md,docs/watchlist/records/history/archive/H0203_RESIDUE_STANDARD_PRE_WORK_TRACE.md
H0204,governance_snapshot,docs/watchlist/authority/governance/WORK_CORRELATION_AND_RECORD_REGISTRY_STANDARD.md,docs/watchlist/records/history/archive/H0204_WORK_CORRELATION_STANDARD_PRE_REL_HARDENING.md
H0205,governance_snapshot,docs/watchlist/authority/governance/DOCUMENT_INTEGRITY_GATE_STANDARD.md,docs/watchlist/records/history/archive/H0205_DOCUMENT_INTEGRITY_STANDARD_PRE_REL_HARDENING.md
H0206,governance_snapshot,docs/watchlist/authority/governance/STAGE_CLOSURE_MANIFEST_STANDARD.md,docs/watchlist/records/history/archive/H0206_STAGE_CLOSURE_STANDARD_PRE_REL_HARDENING.md
H0207,governance_snapshot,docs/watchlist/authority/governance/WORK_BASELINE_LOCK_STANDARD.md,docs/watchlist/records/history/archive/H0207_BASELINE_STANDARD_PRE_REL_HARDENING.md
H0208,implementation_guidance_snapshot,docs/watchlist/development/implementation/examples/WS_STAGE_ATTEMPT_RECORD_TEMPLATE.md,docs/watchlist/records/history/archive/H0208_ATTEMPT_TEMPLATE_PRE_REL_HARDENING.md
H0209,implementation_guidance_snapshot,docs/watchlist/development/implementation/examples/WS_STAGE_CLOSURE_MANIFEST_TEMPLATE.md,docs/watchlist/records/history/archive/H0209_CLOSURE_TEMPLATE_PRE_REL_HARDENING.md
H0210,implementation_guidance_snapshot,docs/watchlist/development/implementation/WS_IMPLEMENTATION_BUILD_SEQUENCE.md,docs/watchlist/records/history/archive/H0210_BUILD_SEQUENCE_PRE_REL_HARDENING.md
H0211,governance_snapshot,docs/watchlist/authority/governance/audit/IMPL_WATCHLIST_IMPLEMENTATION_CHECKLIST_FINAL.md,docs/watchlist/records/history/archive/H0211_IMPL_CHECKLIST_PRE_REL_HARDENING.md
H0212,governance_snapshot,docs/watchlist/authority/governance/audit/WATCHLIST_AUDIT_CHECKLIST_FINAL.md,docs/watchlist/records/history/archive/H0212_AUDIT_CHECKLIST_PRE_REL_HARDENING.md
H0213,implementation_tool_snapshot,docs/watchlist/development/implementation/tests/WatchlistRelationshipIntegrityGate.php,docs/watchlist/records/history/archive/H0213_RELATIONSHIP_GATE_PRE_REL_HARDENING.php
H0214,documentation_snapshot,docs/watchlist/START_HERE.md,docs/watchlist/records/history/archive/H0214_START_HERE_PRE_FULL_LEGACY_NORMALIZATION.md
H0215,documentation_snapshot,docs/watchlist/README.md,docs/watchlist/records/history/archive/H0215_README_PRE_FULL_LEGACY_NORMALIZATION.md
H0216,documentation_snapshot,docs/watchlist/authority/governance/DOCUMENTATION_ARCHITECTURE.md,docs/watchlist/records/history/archive/H0216_DOCUMENTATION_ARCHITECTURE_PRE_FULL_LEGACY_NORMALIZATION.md
H0217,documentation_snapshot,docs/watchlist/authority/governance/DOCUMENT_RECORDING_STANDARD.md,docs/watchlist/records/history/archive/H0217_DOCUMENT_RECORDING_STANDARD_PRE_FULL_LEGACY_NORMALIZATION.md
H0218,documentation_snapshot,docs/watchlist/authority/governance/WATCHLIST_OWNER_MATRIX.md,docs/watchlist/records/history/archive/H0218_WATCHLIST_OWNER_MATRIX_PRE_FULL_LEGACY_NORMALIZATION.md
H0219,documentation_snapshot,docs/watchlist/authority/governance/audit/AUDIT_UPDATE_GOVERNANCE.md,docs/watchlist/records/history/archive/H0219_AUDIT_UPDATE_GOVERNANCE_PRE_FULL_LEGACY_NORMALIZATION.md
H0220,documentation_snapshot,docs/watchlist/development/implementation/README.md,docs/watchlist/records/history/archive/H0220_README_PRE_FULL_LEGACY_NORMALIZATION.md
H0221,documentation_snapshot,docs/watchlist/development/research/README.md,docs/watchlist/records/history/archive/H0221_README_PRE_FULL_LEGACY_NORMALIZATION.md
H0222,documentation_snapshot,docs/watchlist/development/findings/README.md,docs/watchlist/records/history/archive/H0222_README_PRE_FULL_LEGACY_NORMALIZATION.md
H0223,documentation_snapshot,docs/watchlist/records/evidence/README.md,docs/watchlist/records/history/archive/H0223_README_PRE_FULL_LEGACY_NORMALIZATION.md
H0224,documentation_snapshot,docs/watchlist/records/decisions/README.md,docs/watchlist/records/history/archive/H0224_README_PRE_FULL_LEGACY_NORMALIZATION.md
H0225,documentation_snapshot,docs/watchlist/records/history/README.md,docs/watchlist/records/history/archive/H0225_README_PRE_FULL_LEGACY_NORMALIZATION.md
H0226,documentation_snapshot,docs/watchlist/development/implementation/tests/WatchlistDocumentationIntegrityGate.php,docs/watchlist/records/history/archive/H0226_WatchlistDocumentationIntegrityGate_PRE_FULL_LEGACY_NORMALIZAT.php
H0227,legacy_implementation_extract,docs/watchlist/development/implementation/guides/WS_RUNTIME_ARTIFACT_FLOW.md#R2 IS-Only Runtime Artifact Flow,docs/watchlist/records/history/archive/H0227_R2_RUNTIME_ARTIFACT_FLOW.md
H0228,legacy_implementation_extract,docs/watchlist/development/implementation/guides/WS_DELIVERY_CHECKLIST.md#R2 Entry-Quality IS-Only Delivery,docs/watchlist/records/history/archive/H0228_R2_DELIVERY_CHECKLIST.md
H0229,legacy_implementation_extract,docs/watchlist/development/implementation/guides/WS_PERSISTENCE_GUIDANCE.md#Catalog-Aware R1/R2 Persistence,docs/watchlist/records/history/archive/H0229_R1_R2_PERSISTENCE.md
H0230,legacy_implementation_extract,docs/watchlist/development/implementation/guides/WS_TEST_IMPLEMENTATION_GUIDANCE.md#R2 Entry-Quality Regression Focus,docs/watchlist/records/history/archive/H0230_R2_TEST_REGRESSION.md
H0231,legacy_implementation_extract,docs/watchlist/development/implementation/db/PLAN_UNIVERSE_SNAPSHOT_SCHEMA.md#C171 Optional Upper-Bound Context,docs/watchlist/records/history/archive/H0231_C171_PLAN_UNIVERSE_CONTEXT.md
H0232,legacy_research,docs/watchlist/development/research/WS_DOWNSIDE_STABILITY_C18_DESIGN_NOTE.md,docs/watchlist/records/history/archive/H0232_WS_DOWNSIDE_STABILITY_C18_DESIGN_NOTE_HISTORICAL.md
H0233,legacy_research,docs/watchlist/development/research/WS_PRICE_QUALITY_P01_PREREGISTRATION_LOCK.md,docs/watchlist/records/history/archive/H0233_WS_PRICE_QUALITY_P01_PREREGISTRATION_LOCK_HISTORICAL.md
H0234,legacy_research,docs/watchlist/development/research/WS_DOWNSIDE_STABILITY_C04_DESIGN_INPUT_NOTE.md,docs/watchlist/records/history/archive/H0234_WS_DOWNSIDE_STABILITY_C04_DESIGN_INPUT_NOTE_HISTORICAL.md
H0235,legacy_research,docs/watchlist/development/research/C52_CONCENTRATION_DEPENDENCY_REDESIGN_CONTINUATION.md,docs/watchlist/records/history/archive/H0235_C52_CONCENTRATION_DEPENDENCY_REDESIGN_CONTINUATION_HISTORICAL.md
H0236,legacy_research,docs/watchlist/development/research/C171_REMEDIATION_DRAFT_PARAMSET_HASH_IDENTITY_REPAIR.md,docs/watchlist/records/history/archive/H0236_C171_REMEDIATION_DRAFT_PARAMSET_HASH_IDENTITY_REPAIR_HISTORICA.md
H0237,legacy_research,docs/watchlist/development/research/WS_DOWNSIDE_STABILITY_C01_CALIBRATION_NOTE.md,docs/watchlist/records/history/archive/H0237_WS_DOWNSIDE_STABILITY_C01_CALIBRATION_NOTE_HISTORICAL.md
H0238,legacy_research,docs/watchlist/development/research/C44_IS_GUARD_REFINEMENT_CANDIDATE_FORMATION.md,docs/watchlist/records/history/archive/H0238_C44_IS_GUARD_REFINEMENT_CANDIDATE_FORMATION_HISTORICAL.md
H0239,legacy_research,docs/watchlist/development/research/WS_DOWNSIDE_STABILITY_C06_DESIGN_NOTE.md,docs/watchlist/records/history/archive/H0239_WS_DOWNSIDE_STABILITY_C06_DESIGN_NOTE_HISTORICAL.md
H0240,legacy_research,docs/watchlist/development/research/WS_ENTRY_EXIT_BEHAVIOR_C21_DESIGN_NOTE.md,docs/watchlist/records/history/archive/H0240_WS_ENTRY_EXIT_BEHAVIOR_C21_DESIGN_NOTE_HISTORICAL.md
H0241,legacy_research,docs/watchlist/development/research/C61_SIGNAL_QUALITY_REBUILD_FOR_WEAK_REGIME_IS_ONLY.md,docs/watchlist/records/history/archive/H0241_C61_SIGNAL_QUALITY_REBUILD_FOR_WEAK_REGIME_IS_ONLY_HISTORICAL.md
H0242,legacy_research,docs/watchlist/development/research/WS_NEW_STRATEGY_R02_MINIMAL_CANDIDATES_AND_OFFICIAL_IS.md,docs/watchlist/records/history/archive/H0242_WS_NEW_STRATEGY_R02_MINIMAL_CANDIDATES_AND_OFFICIAL_IS_HISTORI.md
H0243,legacy_research,docs/watchlist/development/research/WS_REGIME_TRADE_DATE_QUALITY_GATE_C20_DESIGN_NOTE.md,docs/watchlist/records/history/archive/H0243_WS_REGIME_TRADE_DATE_QUALITY_GATE_C20_DESIGN_NOTE_HISTORICAL.md
H0244,legacy_research,docs/watchlist/development/research/C51_CONCENTRATION_DEPENDENCY_REDESIGN_REVIEW.md,docs/watchlist/records/history/archive/H0244_C51_CONCENTRATION_DEPENDENCY_REDESIGN_REVIEW_HISTORICAL.md
H0245,legacy_research,docs/watchlist/development/research/WS_DOWNSIDE_STABILITY_C17_DESIGN_NOTE.md,docs/watchlist/records/history/LEGACY_SPLIT_SOURCE_CATALOG.md#ls-ws-0587
H0246,legacy_research,docs/watchlist/development/research/C45_IS_VALID_AND_ANTI_OVERFIT_CHECK_FOR_C44_REFINEMENT.md,docs/watchlist/records/history/archive/H0246_C45_IS_VALID_AND_ANTI_OVERFIT_CHECK_FOR_C44_REFINEMENT_HISTORI.md
H0247,legacy_research,docs/watchlist/development/research/WS_PRICE_QUALITY_P01_PREREGISTRATION.md,docs/watchlist/records/history/archive/H0247_WS_PRICE_QUALITY_P01_PREREGISTRATION_HISTORICAL.md
H0248,legacy_research,docs/watchlist/development/research/C56_ROLLING_STABILITY_REDESIGN_CONTINUATION_IS_ONLY.md,docs/watchlist/records/history/archive/H0248_C56_ROLLING_STABILITY_REDESIGN_CONTINUATION_IS_ONLY_HISTORICAL.md
H0249,legacy_research,docs/watchlist/development/research/C171_PLAN_REMEDIATION_GUARD_EXTENSION.md,docs/watchlist/records/history/archive/H0249_C171_PLAN_REMEDIATION_GUARD_EXTENSION_HISTORICAL.md
H0250,legacy_research,docs/watchlist/development/research/WS_PRICE_QUALITY_P01_IDENTITY_REPAIR_LOCK.md,docs/watchlist/records/history/archive/H0250_WS_PRICE_QUALITY_P01_IDENTITY_REPAIR_LOCK_HISTORICAL.md
H0251,legacy_research,docs/watchlist/development/research/C53_IS_EVIDENCE_EXPANSION_FOR_C52_REDESIGN.md,docs/watchlist/records/history/archive/H0251_C53_IS_EVIDENCE_EXPANSION_FOR_C52_REDESIGN_HISTORICAL.md
H0252,legacy_research,docs/watchlist/development/research/R2_ENTRY_QUALITY_CALIBRATION_NOTE.md,docs/watchlist/records/history/archive/H0252_R2_ENTRY_QUALITY_CALIBRATION_NOTE_HISTORICAL.md
H0253,legacy_research,docs/watchlist/development/research/C171_VERSIONED_OFFICIAL_BACKTEST_EVIDENCE_AND_EXECUTABLE_IS_STRAT_REMEDIATION.md,docs/watchlist/records/history/archive/H0253_C171_VERSIONED_OFFICIAL_BACKTEST_EVIDENCE_AND_EXECUTABLE_IS_ST.md
H0254,legacy_research,docs/watchlist/development/research/WS_DOWNSIDE_STABILITY_C14_DESIGN_NOTE.md,docs/watchlist/records/history/archive/H0254_WS_DOWNSIDE_STABILITY_C14_DESIGN_NOTE_HISTORICAL.md
H0255,legacy_research,docs/watchlist/development/research/WS_SIGNAL_QUALITY_Q01_PREREGISTRATION_LOCK.md,docs/watchlist/records/history/archive/H0255_WS_SIGNAL_QUALITY_Q01_PREREGISTRATION_LOCK_HISTORICAL.md
H0256,legacy_research,docs/watchlist/development/research/WS_SELECTION_MODEL_REDESIGN_C19_DESIGN_NOTE.md,docs/watchlist/records/history/archive/H0256_WS_SELECTION_MODEL_REDESIGN_C19_DESIGN_NOTE_HISTORICAL.md
H0257,legacy_research,docs/watchlist/development/research/WS_DOWNSIDE_STABILITY_C03_DESIGN_NOTE.md,docs/watchlist/records/history/archive/H0257_WS_DOWNSIDE_STABILITY_C03_DESIGN_NOTE_HISTORICAL.md
H0258,legacy_research,docs/watchlist/development/research/C171_PARAMSET_OPTIONAL_BOUND_CONTRACT.md,docs/watchlist/records/history/archive/H0258_C171_PARAMSET_OPTIONAL_BOUND_CONTRACT_HISTORICAL.md
H0259,legacy_research,docs/watchlist/development/research/C49_BROADER_STRAT_REDESIGN.md,docs/watchlist/records/history/archive/H0259_C49_BROADER_STRAT_REDESIGN_HISTORICAL.md
H0260,legacy_research,docs/watchlist/development/research/WS_NEW_STRATEGY_R02_CANDIDATE_LOCK.md,docs/watchlist/records/history/archive/H0260_WS_NEW_STRATEGY_R02_CANDIDATE_LOCK_HISTORICAL.md
H0261,legacy_research,docs/watchlist/development/research/C22_SHADOW_GAP_BRIDGE_C24_DESIGN_NOTE.md,docs/watchlist/records/history/archive/H0261_C22_SHADOW_GAP_BRIDGE_C24_DESIGN_NOTE_HISTORICAL.md
H0262,legacy_research,docs/watchlist/development/research/C39_IS_CTRL_REDESIGN_WITH_COVERAGE_AND_BRANCH_DIVERSIFICATION_GUARDS.md,docs/watchlist/records/history/archive/H0262_C39_IS_CTRL_REDESIGN_WITH_COVERAGE_AND_BRANCH_DIVERSIFICATION_.md
H0263,legacy_research,docs/watchlist/development/research/WS_DOWNSIDE_STABILITY_C02_DESIGN_NOTE.md,docs/watchlist/records/history/archive/H0263_WS_DOWNSIDE_STABILITY_C02_DESIGN_NOTE_HISTORICAL.md
H0264,legacy_research,docs/watchlist/development/research/C40_IS_VALID_AND_ANTI_OVERFIT_CHECK_FOR_C39_GUARDED_CANDIDATE.md,docs/watchlist/records/history/archive/H0264_C40_IS_VALID_AND_ANTI_OVERFIT_CHECK_FOR_C39_GUARDED_CANDIDATE_.md
H0265,legacy_research,docs/watchlist/development/research/C12_EXIT_MODEL_REDESIGN_CONTRACT_FINAL_RESULT.md,docs/watchlist/records/history/archive/H0265_C12_EXIT_MODEL_REDESIGN_CONTRACT_FINAL_RESULT_HISTORICAL.md
H0266,legacy_research,docs/watchlist/development/research/C60_REGIME_STRESS_AND_LOO_DEPENDENCY_REDESIGN_IS_ONLY.md,docs/watchlist/records/history/archive/H0266_C60_REGIME_STRESS_AND_LOO_DEPENDENCY_REDESIGN_IS_ONLY_HISTORIC.md
H0267,legacy_research,docs/watchlist/development/research/C58_LOSS_CLUSTER_CONCENTRATION_REDESIGN_CONTINUATION_IS_ONLY.md,docs/watchlist/records/history/archive/H0267_C58_LOSS_CLUSTER_CONCENTRATION_REDESIGN_CONTINUATION_IS_ONLY_H.md
H0268,legacy_research,docs/watchlist/development/research/C169_CANONICAL_PARAMSET_PERSISTENCE_AND_REAL_OOS_PROMO_GATE_REMEDIATION.md,docs/watchlist/records/history/archive/H0268_C169_CANONICAL_PARAMSET_PERSISTENCE_AND_REAL_OOS_PROMO_GATE_RE.md
H0269,legacy_research,docs/watchlist/development/research/C27_CATALOG_CANDIDATE_RAW_OHLC_VALID.md,docs/watchlist/records/history/archive/H0269_C27_CATALOG_CANDIDATE_RAW_OHLC_VALID_HISTORICAL.md
H0270,legacy_research,docs/watchlist/development/research/C171_REAL_IS_REMEDIATION_DRAFT_CATALOG_IMPL.md,docs/watchlist/records/history/archive/H0270_C171_REAL_IS_REMEDIATION_DRAFT_CATALOG_IMPL_HISTORICAL.md
H0271,legacy_research,docs/watchlist/development/research/C36_IS_CTRL_REDESIGN_CANDIDATE_FORMATION.md,docs/watchlist/records/history/archive/H0271_C36_IS_CTRL_REDESIGN_CANDIDATE_FORMATION_HISTORICAL.md
H0272,legacy_research,docs/watchlist/development/research/WS_DOWNSIDE_STABILITY_C05_DESIGN_NOTE.md,docs/watchlist/records/history/archive/H0272_WS_DOWNSIDE_STABILITY_C05_DESIGN_NOTE_HISTORICAL.md
H0273,legacy_research,docs/watchlist/development/research/WS_DOWNSIDE_STABILITY_C04_DESIGN_NOTE.md,docs/watchlist/records/history/archive/H0273_WS_DOWNSIDE_STABILITY_C04_DESIGN_NOTE_HISTORICAL.md
H0274,legacy_research,docs/watchlist/development/research/WS_DOWNSIDE_STABILITY_C16_DESIGN_NOTE.md,docs/watchlist/records/history/archive/H0274_WS_DOWNSIDE_STABILITY_C16_DESIGN_NOTE_HISTORICAL.md
H0275,legacy_research,docs/watchlist/development/research/WS_NEW_STRATEGY_R01_RESEARCH_HYPOTHESIS_NOTE.md,docs/watchlist/records/history/archive/H0275_WS_NEW_STRATEGY_R01_RESEARCH_HYPOTHESIS_NOTE_HISTORICAL.md
H0276,legacy_research,docs/watchlist/development/research/C170_CANONICAL_IS_STRAT_AND_REAL_OOS_PROOF_REMEDIATION.md,docs/watchlist/records/history/archive/H0276_C170_CANONICAL_IS_STRAT_AND_REAL_OOS_PROOF_REMEDIATION_HISTORI.md
H0277,legacy_research,docs/watchlist/development/research/C59_LOSS_CLUSTER_OR_BRANCH_BUCKET_REDESIGN_CONTINUATION_IS_ONLY.md,docs/watchlist/records/history/archive/H0277_C59_LOSS_CLUSTER_OR_BRANCH_BUCKET_REDESIGN_CONTINUATION_IS_ONL.md
H0278,legacy_research,docs/watchlist/development/research/C62_PRE_LOCK_REVIEW_FOR_C61_SIGNAL_QUALITY_CANDIDATES_IS_ONLY.md,docs/watchlist/records/history/LEGACY_SPLIT_SOURCE_CATALOG.md#ls-ws-0425
H0279,legacy_research,docs/watchlist/development/research/C19_SELECTION_MODEL_REDESIGN_ANALYSIS.md,docs/watchlist/records/history/archive/H0279_C19_SELECTION_MODEL_REDESIGN_ANALYSIS_HISTORICAL.md
H0280,legacy_research,docs/watchlist/development/research/C47_OOS_PROOF_WITH_LOCKED_C44_REFINEMENT.md,docs/watchlist/records/history/archive/H0280_C47_OOS_PROOF_WITH_LOCKED_C44_REFINEMENT_HISTORICAL.md
H0281,legacy_research,docs/watchlist/development/research/WS_EXIT_CAPTURE_SHADOW_C22_DESIGN_NOTE.md,docs/watchlist/records/history/archive/H0281_WS_EXIT_CAPTURE_SHADOW_C22_DESIGN_NOTE_HISTORICAL.md
H0282,legacy_research,docs/watchlist/development/research/WS_PRICE_QUALITY_P01_REMEDIATION_LOCK.md,docs/watchlist/records/history/archive/H0282_WS_PRICE_QUALITY_P01_REMEDIATION_LOCK_HISTORICAL.md
H0283,legacy_research,docs/watchlist/development/research/C54_ROLLING_STABILITY_REDESIGN_OR_RECALIBRATION_IS_ONLY.md,docs/watchlist/records/history/archive/H0283_C54_ROLLING_STABILITY_REDESIGN_OR_RECALIBRATION_IS_ONLY_HISTOR.md
H0284,legacy_research,docs/watchlist/development/research/C171_IMMUTABLE_DRAFT_PARAMSET_CANDIDATE_DESIGN.md,docs/watchlist/records/history/archive/H0284_C171_IMMUTABLE_DRAFT_PARAMSET_CANDIDATE_DESIGN_HISTORICAL.md
H0285,legacy_research,docs/watchlist/development/research/WS_BREAKOUT_INTEGRITY_B01_PREREGISTRATION_LOCK.md,docs/watchlist/records/history/archive/H0285_WS_BREAKOUT_INTEGRITY_B01_PREREGISTRATION_LOCK_HISTORICAL.md
H0286,legacy_research,docs/watchlist/development/research/C171_FINAL_BOUNDED_REMEDIATION_CATALOG_AND_CLOSURE_RULE_LOCK.md,docs/watchlist/records/history/archive/H0286_C171_FINAL_BOUNDED_REMEDIATION_CATALOG_AND_CLOSURE_RULE_LOCK_H.md
H0287,legacy_research,docs/watchlist/development/research/C171_DYNAMIC_SELECTION_SCORE_CAP_EXTENSION.md,docs/watchlist/records/history/archive/H0287_C171_DYNAMIC_SELECTION_SCORE_CAP_EXTENSION_HISTORICAL.md
H0288,legacy_research,docs/watchlist/development/research/C55_ROLLING_STABILITY_REDESIGN_CONTINUATION_IS_ONLY.md,docs/watchlist/records/history/archive/H0288_C55_ROLLING_STABILITY_REDESIGN_CONTINUATION_IS_ONLY_HISTORICAL.md
H0289,legacy_research,docs/watchlist/development/research/WS_CATALOG_CANDIDATE_C26_DESIGN_NOTE.md,docs/watchlist/records/history/archive/H0289_WS_CATALOG_CANDIDATE_C26_DESIGN_NOTE_HISTORICAL.md
H0290,legacy_research,docs/watchlist/development/research/C168_RUN_INTEGRATION_GAP_REMEDIATION.md,docs/watchlist/records/history/archive/H0290_C168_RUN_INTEGRATION_GAP_REMEDIATION_HISTORICAL.md
H0291,legacy_research,docs/watchlist/development/research/WS_DOWNSIDE_STABILITY_C07_DESIGN_NOTE.md,docs/watchlist/records/history/archive/H0291_WS_DOWNSIDE_STABILITY_C07_DESIGN_NOTE_HISTORICAL.md
H0292,legacy_research,docs/watchlist/development/research/WS_NO_SIGNAL_FALLBACK_DELAY_C25_DESIGN_NOTE.md,docs/watchlist/records/history/archive/H0292_WS_NO_SIGNAL_FALLBACK_DELAY_C25_DESIGN_NOTE_HISTORICAL.md
H0293,legacy_research,docs/watchlist/development/research/WS_TAIL_RISK_S01_CANDIDATE_AND_REMEDIATION_LOCK.md,docs/watchlist/records/history/archive/H0293_WS_TAIL_RISK_S01_CANDIDATE_AND_REMEDIATION_LOCK_HISTORICAL.md
H0294,legacy_research,docs/watchlist/development/research/WS_FIRST_PROFIT_CAPTURE_RULE_C23_DESIGN_NOTE.md,docs/watchlist/records/history/archive/H0294_WS_FIRST_PROFIT_CAPTURE_RULE_C23_DESIGN_NOTE_HISTORICAL.md
H0295,legacy_research,docs/watchlist/development/research/R2_C171_PARAMSET_VALIDATOR_CAMPAIGN_EXTENSIONS.md,docs/watchlist/records/history/archive/H0295_R2_C171_PARAMSET_VALIDATOR_CAMPAIGN_EXTENSIONS_HISTORICAL.md
H0296,legacy_finding,docs/watchlist/development/findings/C171_TARGETED_EXECUTABLE_IS_STRAT_REMEDIATION_AND_TRADE_EVIDENCE_DIAGNOSTIC.md,docs/watchlist/records/history/archive/H0296_C171_TARGETED_EXECUTABLE_IS_STRAT_REMEDIATION_AND_TRADE_EVIDEN.md
H0297,legacy_finding,docs/watchlist/development/findings/C28_RULE_REVISION_TIEBREAK_DIAGNOSTIC.md,docs/watchlist/records/history/archive/H0297_C28_RULE_REVISION_TIEBREAK_DIAGNOSTIC_HISTORICAL.md
H0298,legacy_finding,docs/watchlist/development/findings/C15_ROOT_CAUSE_AND_DIAGNOSTIC_PREREQUISITE_NOTE.md,docs/watchlist/records/history/archive/H0298_C15_ROOT_CAUSE_AND_DIAGNOSTIC_PREREQUISITE_NOTE_HISTORICAL.md
H0299,legacy_finding,docs/watchlist/development/findings/C22_EXIT_CAPTURE_SHADOW_DIAGNOSTIC.md,docs/watchlist/records/history/archive/H0299_C22_EXIT_CAPTURE_SHADOW_DIAGNOSTIC_HISTORICAL.md
H0300,legacy_finding,docs/watchlist/development/findings/C23_FIRST_PROFIT_CAPTURE_RULE_DIAGNOSTIC.md,docs/watchlist/records/history/archive/H0300_C23_FIRST_PROFIT_CAPTURE_RULE_DIAGNOSTIC_HISTORICAL.md
H0301,legacy_finding,docs/watchlist/development/findings/C01_FAILURE_DIAGNOSTIC_NOTE.md,docs/watchlist/records/history/archive/H0301_C01_FAILURE_DIAGNOSTIC_NOTE_HISTORICAL.md
H0302,legacy_finding,docs/watchlist/development/findings/C26_CATALOG_CANDIDATE_DIAGNOSTIC.md,docs/watchlist/records/history/archive/H0302_C26_CATALOG_CANDIDATE_DIAGNOSTIC_HISTORICAL.md
H0303,legacy_finding,docs/watchlist/development/findings/C20_REGIME_TRADE_DATE_DIAGNOSTIC.md,docs/watchlist/records/history/archive/H0303_C20_REGIME_TRADE_DATE_DIAGNOSTIC_HISTORICAL.md
H0304,legacy_finding,docs/watchlist/development/findings/C01_IS_FAILURE_DRILLDOWN_NOTE.md,docs/watchlist/records/history/archive/H0304_C01_IS_FAILURE_DRILLDOWN_NOTE_HISTORICAL.md
H0305,legacy_finding,docs/watchlist/development/findings/C21_ENTRY_EXIT_BEHAVIOR_DIAGNOSTIC.md,docs/watchlist/records/history/archive/H0305_C21_ENTRY_EXIT_BEHAVIOR_DIAGNOSTIC_HISTORICAL.md
H0306,legacy_finding,docs/watchlist/development/findings/WS_NEW_STRATEGY_R01_RESEARCH_HYPOTHESIS_AND_DIAGNOSTIC_EVIDENCE.md,docs/watchlist/records/history/archive/H0306_WS_NEW_STRATEGY_R01_RESEARCH_HYPOTHESIS_AND_DIAGNOSTIC_EVIDENC.md
H0307,legacy_finding,docs/watchlist/development/findings/C38_IS_REDESIGN_OR_EVIDENCE_EXPANSION_DIAGNOSTIC.md,docs/watchlist/records/history/archive/H0307_C38_IS_REDESIGN_OR_EVIDENCE_EXPANSION_DIAGNOSTIC_HISTORICAL.md
H0308,legacy_finding,docs/watchlist/development/findings/C19_FINAL_DIAGNOSTIC_RESULT.md,docs/watchlist/records/history/archive/H0308_C19_FINAL_DIAGNOSTIC_RESULT_HISTORICAL.md
H0309,legacy_finding,docs/watchlist/development/findings/C25_NO_SIGNAL_FALLBACK_DELAY_DIAGNOSTIC.md,docs/watchlist/records/history/archive/H0309_C25_NO_SIGNAL_FALLBACK_DELAY_DIAGNOSTIC_HISTORICAL.md
H0310,legacy_finding,docs/watchlist/development/findings/C48_OOS_FAILURE_ATTRIBUTION.md,docs/watchlist/records/history/archive/H0310_C48_OOS_FAILURE_ATTRIBUTION_HISTORICAL.md
H0311,legacy_finding,docs/watchlist/development/findings/C30_OOS_FAILURE_ATTRIBUTION.md,docs/watchlist/records/history/archive/H0311_C30_OOS_FAILURE_ATTRIBUTION_HISTORICAL.md
H0312,legacy_finding,docs/watchlist/development/findings/C24_C22_SHADOW_GAP_BRIDGE_DIAGNOSTIC.md,docs/watchlist/records/history/archive/H0312_C24_C22_SHADOW_GAP_BRIDGE_DIAGNOSTIC_HISTORICAL.md
H0313,legacy_finding,docs/watchlist/development/findings/C02_OP_FORENSIC_FINAL_RESULT.md,docs/watchlist/records/history/archive/H0313_C02_OP_FORENSIC_FINAL_RESULT_HISTORICAL.md
H0314,legacy_finding,docs/watchlist/development/findings/C04_OP_FORENSIC_FINAL_RESULT.md,docs/watchlist/records/history/archive/H0314_C04_OP_FORENSIC_FINAL_RESULT_HISTORICAL.md
H0315,legacy_finding,docs/watchlist/development/findings/C19_QUALITY_RECOVERY_TUNING_DIAGNOSTIC.md,docs/watchlist/records/history/archive/H0315_C19_QUALITY_RECOVERY_TUNING_DIAGNOSTIC_HISTORICAL.md
H0316,legacy_finding,docs/watchlist/development/findings/C05_OP_FORENSIC_FINAL_RESULT.md,docs/watchlist/records/history/archive/H0316_C05_OP_FORENSIC_FINAL_RESULT_HISTORICAL.md
H0317,legacy_finding,docs/watchlist/development/findings/C18_FUNNEL_AND_MONTHLY_COVERAGE_DIAGNOSTIC_RESULT.md,docs/watchlist/records/history/archive/H0317_C18_FUNNEL_AND_MONTHLY_COVERAGE_DIAGNOSTIC_RESULT_HISTORICAL.md
H0318,legacy_finding,docs/watchlist/development/findings/WS_PRICE_QUALITY_P01_DIAGNOSTIC_CANDIDATES_AND_OFFICIAL_IS.md,docs/watchlist/records/history/archive/H0318_WS_PRICE_QUALITY_P01_DIAGNOSTIC_CANDIDATES_AND_OFFICIAL_IS_HIS.md
H0319,legacy_finding,docs/watchlist/development/findings/C06_OP_FORENSIC_FINAL_RESULT.md,docs/watchlist/records/history/archive/H0319_C06_OP_FORENSIC_FINAL_RESULT_HISTORICAL.md
H0320,legacy_finding,docs/watchlist/development/findings/C34_BAD_MONTH_ROBUSTNESS_DIAGNOSTIC.md,docs/watchlist/records/history/archive/H0320_C34_BAD_MONTH_ROBUSTNESS_DIAGNOSTIC_HISTORICAL.md
H0321,legacy_finding,docs/watchlist/development/findings/C43_PRE_TRADE_FIELD_EXPANSION_DIAGNOSTIC.md,docs/watchlist/records/history/archive/H0321_C43_PRE_TRADE_FIELD_EXPANSION_DIAGNOSTIC_HISTORICAL.md
H0322,legacy_finding,docs/watchlist/development/findings/C171_COMPARATIVE_OFFICIAL_IS_FAILURE_DIAGNOSTIC_AND_R2_HYPOTHESIS_LOCK.md,docs/watchlist/records/history/archive/H0322_C171_COMPARATIVE_OFFICIAL_IS_FAILURE_DIAGNOSTIC_AND_R2_HYPOTHE.md
H0323,legacy_finding,docs/watchlist/development/findings/C19_SELECTION_MODEL_DIAGNOSTIC_RESULT.md,docs/watchlist/records/history/archive/H0323_C19_SELECTION_MODEL_DIAGNOSTIC_RESULT_HISTORICAL.md
H0324,legacy_finding,docs/watchlist/development/findings/C07_OP_FORENSIC_FINAL_RESULT.md,docs/watchlist/records/history/archive/H0324_C07_OP_FORENSIC_FINAL_RESULT_HISTORICAL.md
H0325,legacy_finding,docs/watchlist/development/findings/C35_IS_ROBUSTNESS_REDESIGN_DIAGNOSTIC.md,docs/watchlist/records/history/archive/H0325_C35_IS_ROBUSTNESS_REDESIGN_DIAGNOSTIC_HISTORICAL.md
H0326,legacy_finding,docs/watchlist/development/findings/WS_TAIL_RISK_S01_DIAGNOSTIC_CANDIDATES_AND_OFFICIAL_IS.md,docs/watchlist/records/history/archive/H0326_WS_TAIL_RISK_S01_DIAGNOSTIC_CANDIDATES_AND_OFFICIAL_IS_HISTORI.md
H0327,legacy_finding,docs/watchlist/development/findings/C03_OP_FORENSIC_FINAL_RESULT.md,docs/watchlist/records/history/archive/H0327_C03_OP_FORENSIC_FINAL_RESULT_HISTORICAL.md
H0328,legacy_finding,docs/watchlist/development/findings/C07_SCOPED_FAILURE_DRILLDOWN_FINAL_RESULT.md,docs/watchlist/records/history/archive/H0328_C07_SCOPED_FAILURE_DRILLDOWN_FINAL_RESULT_HISTORICAL.md
H0329,legacy_finding,docs/watchlist/development/findings/C15_STRAT_QUALITY_ROOT_CAUSE_FINAL_RESULT.md,docs/watchlist/records/history/archive/H0329_C15_STRAT_QUALITY_ROOT_CAUSE_FINAL_RESULT_HISTORICAL.md
H0330,legacy_finding,docs/watchlist/development/findings/C32_DATA_PATH_AND_BAD_MONTH_DIAGNOSTIC.md,docs/watchlist/records/history/archive/H0330_C32_DATA_PATH_AND_BAD_MONTH_DIAGNOSTIC_HISTORICAL.md
H0331,legacy_finding,docs/watchlist/development/findings/C10_EXIT_MODEL_DIAGNOSTIC_FINAL_RESULT.md,docs/watchlist/records/history/archive/H0331_C10_EXIT_MODEL_DIAGNOSTIC_FINAL_RESULT_HISTORICAL.md
H0332,legacy_implementation_campaign,docs/watchlist/development/implementation/guides/WS_CATALOG_CANDIDATE_C27_RAW_OHLC_VALIDATION_NOTE.md,docs/watchlist/records/history/archive/H0332_C27_CATALOG_NOTE_HISTORICAL.md
H0333,legacy_implementation_campaign,docs/watchlist/development/implementation/guides/WS_CATALOG_CANDIDATE_C28_RULE_REVISION_TIEBREAK_NOTE.md,docs/watchlist/records/history/archive/H0333_C28_CATALOG_NOTE_HISTORICAL.md
H0334,legacy_navigation,docs/watchlist/development/research/README_LEGACY_REFS.md,docs/watchlist/records/history/archive/H0334_LEGACY_REFS_README.md
H0335,governance,docs/watchlist/authority/governance/DOCUMENT_RECORDING_STANDARD.md,docs/watchlist/records/history/archive/H0335_DOCUMENT_RECORDING_STANDARD_PRE_ONE_ROLE.md
H0336,governance,docs/watchlist/authority/governance/LEGACY_DOCUMENT_NORMALIZATION_STANDARD.md,docs/watchlist/records/history/archive/H0336_LEGACY_NORMALIZATION_PRE_ONE_ROLE.md
H0337,governance,docs/watchlist/authority/governance/DOCUMENT_INTEGRITY_GATE_STANDARD.md,docs/watchlist/records/history/archive/H0337_DOCUMENT_INTEGRITY_GATE_PRE_ONE_ROLE.md
H0338,governance,docs/watchlist/authority/governance/WATCHLIST_DOCUMENT_AUTHORITY.md,docs/watchlist/records/history/archive/H0338_DOCUMENT_AUTHORITY_PRE_ONE_ROLE.md
H0339,governance_registry,docs/watchlist/records/history/LEGACY_BUNDLE_EXCEPTION_INDEX.csv,docs/watchlist/records/history/archive/H0339_LEGACY_BUNDLE_EXCEPTION_INDEX_PRE_ONE_ROLE.csv
H0340,audit_governance,docs/watchlist/authority/governance/audit/IMPL_WATCHLIST_IMPLEMENTATION_CHECKLIST_FINAL.md,docs/watchlist/records/history/archive/H0340_IMPL_CHECKLIST_PRE_ONE_ROLE.md
H0341,audit_governance,docs/watchlist/authority/governance/audit/IMPL_WATCHLIST_IMPLEMENTATION_PROMPT_STANDARD.md,docs/watchlist/records/history/archive/H0341_IMPL_PROMPT_PRE_ONE_ROLE.md
H0342,audit_governance,docs/watchlist/authority/governance/audit/WATCHLIST_AUDIT_CHECKLIST_FINAL.md,docs/watchlist/records/history/archive/H0342_AUDIT_CHECKLIST_PRE_ONE_ROLE.md
H0343,audit_governance,docs/watchlist/authority/governance/audit/WATCHLIST_AUDIT_PROMPT_STANDARD.md,docs/watchlist/records/history/archive/H0343_AUDIT_PROMPT_PRE_ONE_ROLE.md
H0344,implementation_guidance,docs/watchlist/development/implementation/WS_IMPLEMENTATION_BUILD_SEQUENCE.md,docs/watchlist/records/history/archive/H0344_BUILD_SEQUENCE_PRE_ONE_ROLE.md
H0345,implementation_template,docs/watchlist/development/implementation/examples/WS_STAGE_ATTEMPT_RECORD_TEMPLATE.md,docs/watchlist/records/history/archive/H0345_ATTEMPT_TEMPLATE_PRE_ONE_ROLE.md
H0346,governance_rebaseline_snapshot,docs/watchlist/authority/governance/DOCUMENT_RECORDING_STANDARD.md,docs/watchlist/records/history/archive/H0346_DOCUMENT_RECORDING_STANDARD_PRE_CURRENT_REBASELINE.md
H0347,governance_rebaseline_snapshot,docs/watchlist/authority/governance/ONE_DOCUMENT_ONE_AUTHORITATIVE_ROLE_STANDARD.md,docs/watchlist/records/history/archive/H0347_ONE_DOCUMENT_ONE_AUTHORITATIVE_ROLE_STANDARD_PRE_CURRENT_REBASELINE.md
H0348,governance_rebaseline_snapshot,docs/watchlist/authority/governance/WORK_BASELINE_LOCK_STANDARD.md,docs/watchlist/records/history/archive/H0348_WORK_BASELINE_LOCK_STANDARD_PRE_CURRENT_REBASELINE.md
H0349,governance_rebaseline_snapshot,docs/watchlist/authority/governance/STRATEGY_IMPLEMENTATION_TRACEABILITY_STANDARD.md,docs/watchlist/records/history/archive/H0349_STRATEGY_IMPLEMENTATION_TRACEABILITY_STANDARD_PRE_CURRENT_REBASELINE.md
H0350,governance_rebaseline_snapshot,docs/watchlist/authority/governance/DOCUMENT_INTEGRITY_GATE_STANDARD.md,docs/watchlist/records/history/archive/H0350_DOCUMENT_INTEGRITY_GATE_STANDARD_PRE_CURRENT_REBASELINE.md
H0351,governance_rebaseline_snapshot,docs/watchlist/authority/governance/README.md,docs/watchlist/records/history/archive/H0351_README_PRE_CURRENT_REBASELINE.md
H0352,governance_rebaseline_snapshot,docs/watchlist/START_HERE.md,docs/watchlist/records/history/archive/H0352_START_HERE_PRE_CURRENT_REBASELINE.md
H0353,governance_rebaseline_snapshot,docs/watchlist/development/implementation/README.md,docs/watchlist/records/history/archive/H0353_README_PRE_CURRENT_REBASELINE.md
H0354,governance_rebaseline_snapshot,docs/watchlist/development/implementation/WS_IMPLEMENTATION_STAGE_REGISTER.md,docs/watchlist/records/history/archive/H0354_WS_IMPLEMENTATION_STAGE_REGISTER_PRE_CURRENT_REBASELINE.md
H0355,governance_rebaseline_snapshot,docs/watchlist/development/implementation/WS_IMPLEMENTATION_BUILD_SEQUENCE.md,docs/watchlist/records/history/archive/H0355_WS_IMPLEMENTATION_BUILD_SEQUENCE_PRE_CURRENT_REBASELINE.md
H0356,governance_storage_compaction_snapshot,docs/watchlist/authority/governance/LEGACY_DOCUMENT_NORMALIZATION_STANDARD.md,docs/watchlist/records/history/archive/H0356_LEGACY_NORMALIZATION_PRE_EXACT_DEDUPE.md
H0357,implementation_tool_snapshot,docs/watchlist/development/implementation/tests/WatchlistDocumentationIntegrityGate.php,docs/watchlist/records/history/archive/H0357_DOCUMENT_INTEGRITY_GATE_PRE_EXACT_DEDUPE.php
H0358,strategy_pre_high_trust_proof_snapshot,docs/watchlist/authority/strategy/WS_SCOPE_AND_SUCCESS_CRITERIA.md,docs/watchlist/records/history/archive/H0358_WS_SCOPE_AND_SUCCESS_CRITERIA_PRE_HIGH_TRUST_PROOF.md
H0359,strategy_pre_high_trust_proof_snapshot,docs/watchlist/authority/strategy/WS_PRODUCT_OBJECTIVE_AND_LAYERS.md,docs/watchlist/records/history/archive/H0359_WS_PRODUCT_OBJECTIVE_AND_LAYERS_PRE_HIGH_TRUST_PROOF.md
H0360,strategy_pre_high_trust_proof_snapshot,docs/watchlist/authority/strategy/WS_END_TO_END_STRATEGY_LIFECYCLE.md,docs/watchlist/records/history/archive/H0360_WS_END_TO_END_STRATEGY_LIFECYCLE_PRE_HIGH_TRUST_PROOF.md
H0361,strategy_pre_high_trust_proof_snapshot,docs/watchlist/authority/strategy/WS_MARKET_DATA_INPUT_REQUIREMENTS.md,docs/watchlist/records/history/archive/H0361_WS_MARKET_DATA_INPUT_REQUIREMENTS_PRE_HIGH_TRUST_PROOF.md
H0362,strategy_pre_high_trust_proof_snapshot,docs/watchlist/authority/strategy/WS_RUNTIME_FLOW.md,docs/watchlist/records/history/archive/H0362_WS_RUNTIME_FLOW_PRE_HIGH_TRUST_PROOF.md
H0363,strategy_pre_high_trust_proof_snapshot,docs/watchlist/authority/strategy/WS_CANDIDATE_ELIGIBILITY_AND_SETUP.md,docs/watchlist/records/history/archive/H0363_WS_CANDIDATE_ELIGIBILITY_AND_SETUP_PRE_HIGH_TRUST_PROOF.md
H0364,strategy_pre_high_trust_proof_snapshot,docs/watchlist/authority/strategy/WS_CANDIDATE_CLASSIFICATION.md,docs/watchlist/records/history/archive/H0364_WS_CANDIDATE_CLASSIFICATION_PRE_HIGH_TRUST_PROOF.md
H0365,strategy_pre_high_trust_proof_snapshot,docs/watchlist/authority/strategy/WS_PLAN_SCORING_AND_TRADE_PLAN.md,docs/watchlist/records/history/archive/H0365_WS_PLAN_SCORING_AND_TRADE_PLAN_PRE_HIGH_TRUST_PROOF.md
H0366,strategy_pre_high_trust_proof_snapshot,docs/watchlist/authority/strategy/WS_TOP_PICKS_RECOMMENDATION.md,docs/watchlist/records/history/archive/H0366_WS_TOP_PICKS_RECOMMENDATION_PRE_HIGH_TRUST_PROOF.md
H0367,strategy_pre_high_trust_proof_snapshot,docs/watchlist/authority/strategy/WS_TOP_PICKS_QUALIFICATION_AND_RANKING.md,docs/watchlist/records/history/archive/H0367_WS_TOP_PICKS_QUALIFICATION_AND_RANKING_PRE_HIGH_TRUST_PROOF.md
H0368,strategy_pre_high_trust_proof_snapshot,docs/watchlist/authority/strategy/WS_D1_CONFIRM_ACTIONABILITY.md,docs/watchlist/records/history/archive/H0368_WS_D1_CONFIRM_ACTIONABILITY_PRE_HIGH_TRUST_PROOF.md
H0369,strategy_pre_high_trust_proof_snapshot,docs/watchlist/authority/strategy/WS_HISTORICAL_EVALUATION_STRATEGY.md,docs/watchlist/records/history/archive/H0369_WS_HISTORICAL_EVALUATION_STRATEGY_PRE_HIGH_TRUST_PROOF.md
H0370,strategy_pre_high_trust_proof_snapshot,docs/watchlist/authority/strategy/WS_IS_SUFFICIENCY_AND_WINNER_FREEZE.md,docs/watchlist/records/history/archive/H0370_WS_IS_SUFFICIENCY_AND_WINNER_FREEZE_PRE_HIGH_TRUST_PROOF.md
H0371,strategy_pre_high_trust_proof_snapshot,docs/watchlist/authority/strategy/WS_OOS_STRESS_SHADOW_AND_PRODUCTION_PROOF.md,docs/watchlist/records/history/archive/H0371_WS_OOS_STRESS_SHADOW_AND_PRODUCTION_PROOF_PRE_HIGH_TRUST_PROOF.md
H0372,governance_strategy_revision_snapshot,docs/watchlist/authority/governance/STRATEGY_IMPLEMENTATION_TRACEABILITY_STANDARD.md,docs/watchlist/records/history/archive/H0372_STRATEGY_TRACEABILITY_STANDARD_PRE_HIGH_TRUST_PROOF.md
H0373,governance_strategy_revision_snapshot,docs/watchlist/authority/governance/CURRENT_VERIFICATION_REBASELINE_STANDARD.md,docs/watchlist/records/history/archive/H0373_CURRENT_VERIFICATION_REBASELINE_STANDARD_PRE_HIGH_TRUST_PROOF.md
H0374,governance_strategy_revision_snapshot,docs/watchlist/authority/governance/CURRENT_VERIFICATION_EPOCH.json,docs/watchlist/records/history/archive/H0374_CURRENT_VERIFICATION_EPOCH_PRE_HIGH_TRUST_PROOF.json
H0375,strategy_pre_eod_core_boundary_snapshot,docs/watchlist/authority/strategy/WS_SCOPE_AND_SUCCESS_CRITERIA.md,docs/watchlist/records/history/archive/H0375_WS_SCOPE_AND_SUCCESS_CRITERIA_PRE_EOD_CORE_BOUNDARY.md
H0376,strategy_pre_eod_core_boundary_snapshot,docs/watchlist/authority/strategy/WS_PRODUCT_OBJECTIVE_AND_LAYERS.md,docs/watchlist/records/history/archive/H0376_WS_PRODUCT_OBJECTIVE_AND_LAYERS_PRE_EOD_CORE_BOUNDARY.md
H0377,strategy_pre_eod_core_boundary_snapshot,docs/watchlist/authority/strategy/WS_END_TO_END_STRATEGY_LIFECYCLE.md,docs/watchlist/records/history/archive/H0377_WS_END_TO_END_STRATEGY_LIFECYCLE_PRE_EOD_CORE_BOUNDARY.md
H0378,strategy_pre_eod_core_boundary_snapshot,docs/watchlist/authority/strategy/WS_MARKET_DATA_INPUT_REQUIREMENTS.md,docs/watchlist/records/history/archive/H0378_WS_MARKET_DATA_INPUT_REQUIREMENTS_PRE_EOD_CORE_BOUNDARY.md
H0379,strategy_pre_eod_core_boundary_snapshot,docs/watchlist/authority/strategy/WS_RUNTIME_FLOW.md,docs/watchlist/records/history/archive/H0379_WS_RUNTIME_FLOW_PRE_EOD_CORE_BOUNDARY.md
H0380,strategy_pre_eod_core_boundary_snapshot,docs/watchlist/authority/strategy/WS_CANDIDATE_ELIGIBILITY_AND_SETUP.md,docs/watchlist/records/history/archive/H0380_WS_CANDIDATE_ELIGIBILITY_AND_SETUP_PRE_EOD_CORE_BOUNDARY.md
H0381,strategy_pre_eod_core_boundary_snapshot,docs/watchlist/authority/strategy/WS_CANDIDATE_CLASSIFICATION.md,docs/watchlist/records/history/archive/H0381_WS_CANDIDATE_CLASSIFICATION_PRE_EOD_CORE_BOUNDARY.md
H0382,strategy_pre_eod_core_boundary_snapshot,docs/watchlist/authority/strategy/WS_PLAN_SCORING_AND_TRADE_PLAN.md,docs/watchlist/records/history/archive/H0382_WS_PLAN_SCORING_AND_TRADE_PLAN_PRE_EOD_CORE_BOUNDARY.md
H0383,strategy_pre_eod_core_boundary_snapshot,docs/watchlist/authority/strategy/WS_TOP_PICKS_RECOMMENDATION.md,docs/watchlist/records/history/archive/H0383_WS_TOP_PICKS_RECOMMENDATION_PRE_EOD_CORE_BOUNDARY.md
H0384,strategy_pre_eod_core_boundary_snapshot,docs/watchlist/authority/strategy/WS_TOP_PICKS_QUALIFICATION_AND_RANKING.md,docs/watchlist/records/history/archive/H0384_WS_TOP_PICKS_QUALIFICATION_AND_RANKING_PRE_EOD_CORE_BOUNDARY.md
H0385,strategy_pre_eod_core_boundary_snapshot,docs/watchlist/authority/strategy/WS_D1_CONFIRM_ACTIONABILITY.md,docs/watchlist/records/history/archive/H0385_WS_D1_CONFIRM_ACTIONABILITY_PRE_EOD_CORE_BOUNDARY.md
H0386,strategy_pre_eod_core_boundary_snapshot,docs/watchlist/authority/strategy/WS_HISTORICAL_EVALUATION_STRATEGY.md,docs/watchlist/records/history/archive/H0386_WS_HISTORICAL_EVALUATION_STRATEGY_PRE_EOD_CORE_BOUNDARY.md
H0387,strategy_pre_eod_core_boundary_snapshot,docs/watchlist/authority/strategy/WS_IS_SUFFICIENCY_AND_WINNER_FREEZE.md,docs/watchlist/records/history/archive/H0387_WS_IS_SUFFICIENCY_AND_WINNER_FREEZE_PRE_EOD_CORE_BOUNDARY.md
H0388,strategy_pre_eod_core_boundary_snapshot,docs/watchlist/authority/strategy/WS_OOS_STRESS_SHADOW_AND_PRODUCTION_PROOF.md,docs/watchlist/records/history/archive/H0388_WS_OOS_STRESS_SHADOW_AND_PRODUCTION_PROOF_PRE_EOD_CORE_BOUNDARY.md
H0389,governance_strategy_revision_snapshot,docs/watchlist/authority/governance/CURRENT_VERIFICATION_REBASELINE_STANDARD.md,docs/watchlist/records/history/archive/H0389_CURRENT_VERIFICATION_REBASELINE_STANDARD_PRE_EOD_CORE_BOUNDARY.md
H0390,governance_strategy_revision_snapshot,docs/watchlist/authority/governance/CURRENT_VERIFICATION_EPOCH.json,docs/watchlist/records/history/archive/H0390_CURRENT_VERIFICATION_EPOCH_PRE_EOD_CORE_BOUNDARY.json
H0391,governance_strategy_revision_snapshot,docs/watchlist/authority/governance/STRATEGY_TO_IMPLEMENTATION_TRACEABILITY_MATRIX.csv,docs/watchlist/records/history/archive/H0391_TRACEABILITY_MATRIX_PRE_EOD_CORE_BOUNDARY.csv
H0392,implementation_orchestration_snapshot,docs/watchlist/development/implementation/WS_IMPLEMENTATION_STAGE_REGISTER.md,docs/watchlist/records/history/archive/H0392_STAGE_REGISTER_PRE_EOD_CORE_BOUNDARY.md
H0393,strategy_pre_market_data_ownership_snapshot,docs/watchlist/authority/strategy/WS_SCOPE_AND_SUCCESS_CRITERIA.md,docs/watchlist/records/history/archive/H0393_WS_SCOPE_AND_SUCCESS_CRITERIA_PRE_MARKET_DATA_OWNERSHIP_BOUNDARY.md
H0394,strategy_pre_market_data_ownership_snapshot,docs/watchlist/authority/strategy/WS_PRODUCT_OBJECTIVE_AND_LAYERS.md,docs/watchlist/records/history/archive/H0394_WS_PRODUCT_OBJECTIVE_AND_LAYERS_PRE_MARKET_DATA_OWNERSHIP_BOUNDARY.md
H0395,strategy_pre_market_data_ownership_snapshot,docs/watchlist/authority/strategy/WS_END_TO_END_STRATEGY_LIFECYCLE.md,docs/watchlist/records/history/archive/H0395_WS_END_TO_END_STRATEGY_LIFECYCLE_PRE_MARKET_DATA_OWNERSHIP_BOUNDARY.md
H0396,strategy_pre_market_data_ownership_snapshot,docs/watchlist/authority/strategy/WS_MARKET_DATA_INPUT_REQUIREMENTS.md,docs/watchlist/records/history/archive/H0396_WS_MARKET_DATA_INPUT_REQUIREMENTS_PRE_MARKET_DATA_OWNERSHIP_BOUNDARY.md
H0397,strategy_pre_market_data_ownership_snapshot,docs/watchlist/authority/strategy/WS_RUNTIME_FLOW.md,docs/watchlist/records/history/archive/H0397_WS_RUNTIME_FLOW_PRE_MARKET_DATA_OWNERSHIP_BOUNDARY.md
H0398,strategy_pre_market_data_ownership_snapshot,docs/watchlist/authority/strategy/WS_CANDIDATE_ELIGIBILITY_AND_SETUP.md,docs/watchlist/records/history/archive/H0398_WS_CANDIDATE_ELIGIBILITY_AND_SETUP_PRE_MARKET_DATA_OWNERSHIP_BOUNDARY.md
H0399,strategy_pre_market_data_ownership_snapshot,docs/watchlist/authority/strategy/WS_CANDIDATE_CLASSIFICATION.md,docs/watchlist/records/history/archive/H0399_WS_CANDIDATE_CLASSIFICATION_PRE_MARKET_DATA_OWNERSHIP_BOUNDARY.md
H0400,strategy_pre_market_data_ownership_snapshot,docs/watchlist/authority/strategy/WS_PLAN_SCORING_AND_TRADE_PLAN.md,docs/watchlist/records/history/archive/H0400_WS_PLAN_SCORING_AND_TRADE_PLAN_PRE_MARKET_DATA_OWNERSHIP_BOUNDARY.md
H0401,strategy_pre_market_data_ownership_snapshot,docs/watchlist/authority/strategy/WS_TOP_PICKS_RECOMMENDATION.md,docs/watchlist/records/history/archive/H0401_WS_TOP_PICKS_RECOMMENDATION_PRE_MARKET_DATA_OWNERSHIP_BOUNDARY.md
H0402,strategy_pre_market_data_ownership_snapshot,docs/watchlist/authority/strategy/WS_TOP_PICKS_QUALIFICATION_AND_RANKING.md,docs/watchlist/records/history/archive/H0402_WS_TOP_PICKS_QUALIFICATION_AND_RANKING_PRE_MARKET_DATA_OWNERSHIP_BOUNDARY.md
H0403,strategy_pre_market_data_ownership_snapshot,docs/watchlist/authority/strategy/WS_D1_CONFIRM_ACTIONABILITY.md,docs/watchlist/records/history/archive/H0403_WS_D1_CONFIRM_ACTIONABILITY_PRE_MARKET_DATA_OWNERSHIP_BOUNDARY.md
H0404,strategy_pre_market_data_ownership_snapshot,docs/watchlist/authority/strategy/WS_HISTORICAL_EVALUATION_STRATEGY.md,docs/watchlist/records/history/archive/H0404_WS_HISTORICAL_EVALUATION_STRATEGY_PRE_MARKET_DATA_OWNERSHIP_BOUNDARY.md
H0405,strategy_pre_market_data_ownership_snapshot,docs/watchlist/authority/strategy/WS_IS_SUFFICIENCY_AND_WINNER_FREEZE.md,docs/watchlist/records/history/archive/H0405_WS_IS_SUFFICIENCY_AND_WINNER_FREEZE_PRE_MARKET_DATA_OWNERSHIP_BOUNDARY.md
H0406,strategy_pre_market_data_ownership_snapshot,docs/watchlist/authority/strategy/WS_OOS_STRESS_SHADOW_AND_PRODUCTION_PROOF.md,docs/watchlist/records/history/archive/H0406_WS_OOS_STRESS_SHADOW_AND_PRODUCTION_PROOF_PRE_MARKET_DATA_OWNERSHIP_BOUNDARY.md
H0407,governance_strategy_revision_snapshot,docs/watchlist/authority/governance/STRATEGY_IMPLEMENTATION_TRACEABILITY_STANDARD.md,docs/watchlist/records/history/archive/H0407_STRATEGY_TRACEABILITY_STANDARD_PRE_MARKET_DATA_OWNERSHIP.md
H0408,governance_strategy_revision_snapshot,docs/watchlist/authority/governance/CURRENT_VERIFICATION_REBASELINE_STANDARD.md,docs/watchlist/records/history/archive/H0408_CURRENT_VERIFICATION_REBASELINE_STANDARD_PRE_MARKET_DATA_OWNERSHIP.md
H0409,governance_strategy_revision_snapshot,docs/watchlist/authority/governance/CURRENT_VERIFICATION_EPOCH.json,docs/watchlist/records/history/archive/H0409_CURRENT_VERIFICATION_EPOCH_PRE_MARKET_DATA_OWNERSHIP.json
H0410,governance_strategy_revision_snapshot,docs/watchlist/authority/governance/STRATEGY_TO_IMPLEMENTATION_TRACEABILITY_MATRIX.csv,docs/watchlist/records/history/archive/H0410_TRACEABILITY_MATRIX_PRE_MARKET_DATA_OWNERSHIP.csv
H0411,governance_strategy_revision_snapshot,docs/watchlist/authority/governance/STRATEGY_TO_IMPLEMENTATION_COVERAGE_BASELINE.json,docs/watchlist/records/history/archive/H0411_TRACEABILITY_COVERAGE_BASELINE_PRE_MARKET_DATA_OWNERSHIP.json
H0412,implementation_orchestration_snapshot,docs/watchlist/development/implementation/WS_IMPLEMENTATION_STAGE_REGISTER.md,docs/watchlist/records/history/archive/H0412_STAGE_REGISTER_PRE_MARKET_DATA_OWNERSHIP.md
H0413,strategy_pre_eod_temporal_action_intent_snapshot,docs/watchlist/authority/strategy/WS_SCOPE_AND_SUCCESS_CRITERIA.md,docs/watchlist/records/history/archive/H0413_WS_SCOPE_AND_SUCCESS_CRITERIA_PRE_EOD_TEMPORAL_ACTION_INTENT_CLARIFICATION.md
H0414,strategy_pre_eod_temporal_action_intent_snapshot,docs/watchlist/authority/strategy/WS_PRODUCT_OBJECTIVE_AND_LAYERS.md,docs/watchlist/records/history/archive/H0414_WS_PRODUCT_OBJECTIVE_AND_LAYERS_PRE_EOD_TEMPORAL_ACTION_INTENT_CLARIFICATION.md
H0415,strategy_pre_eod_temporal_action_intent_snapshot,docs/watchlist/authority/strategy/WS_END_TO_END_STRATEGY_LIFECYCLE.md,docs/watchlist/records/history/archive/H0415_WS_END_TO_END_STRATEGY_LIFECYCLE_PRE_EOD_TEMPORAL_ACTION_INTENT_CLARIFICATION.md
H0416,strategy_pre_eod_temporal_action_intent_snapshot,docs/watchlist/authority/strategy/WS_MARKET_DATA_INPUT_REQUIREMENTS.md,docs/watchlist/records/history/archive/H0416_WS_MARKET_DATA_INPUT_REQUIREMENTS_PRE_EOD_TEMPORAL_ACTION_INTENT_CLARIFICATION.md
H0417,strategy_pre_eod_temporal_action_intent_snapshot,docs/watchlist/authority/strategy/WS_RUNTIME_FLOW.md,docs/watchlist/records/history/archive/H0417_WS_RUNTIME_FLOW_PRE_EOD_TEMPORAL_ACTION_INTENT_CLARIFICATION.md
H0418,strategy_pre_eod_temporal_action_intent_snapshot,docs/watchlist/authority/strategy/WS_CANDIDATE_ELIGIBILITY_AND_SETUP.md,docs/watchlist/records/history/archive/H0418_WS_CANDIDATE_ELIGIBILITY_AND_SETUP_PRE_EOD_TEMPORAL_ACTION_INTENT_CLARIFICATION.md
H0419,strategy_pre_eod_temporal_action_intent_snapshot,docs/watchlist/authority/strategy/WS_CANDIDATE_CLASSIFICATION.md,docs/watchlist/records/history/archive/H0419_WS_CANDIDATE_CLASSIFICATION_PRE_EOD_TEMPORAL_ACTION_INTENT_CLARIFICATION.md
H0420,strategy_pre_eod_temporal_action_intent_snapshot,docs/watchlist/authority/strategy/WS_PLAN_SCORING_AND_TRADE_PLAN.md,docs/watchlist/records/history/archive/H0420_WS_PLAN_SCORING_AND_TRADE_PLAN_PRE_EOD_TEMPORAL_ACTION_INTENT_CLARIFICATION.md
H0421,strategy_pre_eod_temporal_action_intent_snapshot,docs/watchlist/authority/strategy/WS_TOP_PICKS_RECOMMENDATION.md,docs/watchlist/records/history/archive/H0421_WS_TOP_PICKS_RECOMMENDATION_PRE_EOD_TEMPORAL_ACTION_INTENT_CLARIFICATION.md
H0422,strategy_pre_eod_temporal_action_intent_snapshot,docs/watchlist/authority/strategy/WS_TOP_PICKS_QUALIFICATION_AND_RANKING.md,docs/watchlist/records/history/archive/H0422_WS_TOP_PICKS_QUALIFICATION_AND_RANKING_PRE_EOD_TEMPORAL_ACTION_INTENT_CLARIFICATION.md
H0423,strategy_pre_eod_temporal_action_intent_snapshot,docs/watchlist/authority/strategy/WS_D1_CONFIRM_ACTIONABILITY.md,docs/watchlist/records/history/archive/H0423_WS_D1_CONFIRM_ACTIONABILITY_PRE_EOD_TEMPORAL_ACTION_INTENT_CLARIFICATION.md
H0424,strategy_pre_eod_temporal_action_intent_snapshot,docs/watchlist/authority/strategy/WS_HISTORICAL_EVALUATION_STRATEGY.md,docs/watchlist/records/history/archive/H0424_WS_HISTORICAL_EVALUATION_STRATEGY_PRE_EOD_TEMPORAL_ACTION_INTENT_CLARIFICATION.md
H0425,strategy_pre_eod_temporal_action_intent_snapshot,docs/watchlist/authority/strategy/WS_IS_SUFFICIENCY_AND_WINNER_FREEZE.md,docs/watchlist/records/history/archive/H0425_WS_IS_SUFFICIENCY_AND_WINNER_FREEZE_PRE_EOD_TEMPORAL_ACTION_INTENT_CLARIFICATION.md
H0426,strategy_pre_eod_temporal_action_intent_snapshot,docs/watchlist/authority/strategy/WS_OOS_STRESS_SHADOW_AND_PRODUCTION_PROOF.md,docs/watchlist/records/history/archive/H0426_WS_OOS_STRESS_SHADOW_AND_PRODUCTION_PROOF_PRE_EOD_TEMPORAL_ACTION_INTENT_CLARIFICATION.md
H0427,governance_strategy_revision_snapshot,docs/watchlist/authority/governance/STRATEGY_TO_IMPLEMENTATION_TRACEABILITY_MATRIX.csv,docs/watchlist/records/history/archive/H0427_TRACEABILITY_MATRIX_PRE_EOD_TEMPORAL_ACTION_INTENT_CLARIFICATION.csv
H0428,governance_strategy_revision_snapshot,docs/watchlist/authority/governance/STRATEGY_TO_IMPLEMENTATION_COVERAGE_BASELINE.json,docs/watchlist/records/history/archive/H0428_TRACEABILITY_COVERAGE_BASELINE_PRE_EOD_TEMPORAL_ACTION_INTENT_CLARIFICATION.json
H0429,implementation_orchestration_snapshot,docs/watchlist/development/implementation/WS_IMPLEMENTATION_STAGE_REGISTER.md,docs/watchlist/records/history/archive/H0429_STAGE_REGISTER_PRE_EOD_TEMPORAL_ACTION_INTENT_CLARIFICATION.md
H0430,implementation_orchestration_snapshot,docs/watchlist/development/implementation/CURRENT_STATE.md,docs/watchlist/records/history/archive/H0430_CURRENT_STATE_PRE_EOD_TEMPORAL_ACTION_INTENT_CLARIFICATION.md
H0431,navigation_snapshot,docs/watchlist/START_HERE.md,docs/watchlist/records/history/archive/H0431_START_HERE_PRE_EOD_TEMPORAL_ACTION_INTENT_CLARIFICATION.md
H0432,navigation_snapshot,docs/watchlist/authority/strategy/README.md,docs/watchlist/records/history/archive/H0432_STRATEGY_README_PRE_EOD_TEMPORAL_ACTION_INTENT_CLARIFICATION.md
H0433,governance_strategy_revision_snapshot,docs/watchlist/authority/governance/STRATEGY_IMPLEMENTATION_TRACEABILITY_STANDARD.md,docs/watchlist/records/history/archive/H0433_STRATEGY_TRACEABILITY_STANDARD_PRE_EOD_TEMPORAL_ACTION_INTENT_CLARIFICATION.md
H0434,governance_strategy_revision_snapshot,docs/watchlist/authority/governance/CURRENT_VERIFICATION_REBASELINE_STANDARD.md,docs/watchlist/records/history/archive/H0434_CURRENT_VERIFICATION_REBASELINE_STANDARD_PRE_EOD_TEMPORAL_ACTION_INTENT_CLARIFICATION.md
H0435,governance_strategy_revision_snapshot,docs/watchlist/authority/governance/CURRENT_VERIFICATION_EPOCH.json,docs/watchlist/records/history/archive/H0435_CURRENT_VERIFICATION_EPOCH_PRE_EOD_TEMPORAL_ACTION_INTENT_CLARIFICATION.json
H0436,strategy_pre_temporal_field_ownership_snapshot,docs/watchlist/authority/strategy/WS_SCOPE_AND_SUCCESS_CRITERIA.md,docs/watchlist/records/history/archive/H0436_WS_SCOPE_AND_SUCCESS_CRITERIA_PRE_TEMPORAL_FIELD_OWNERSHIP_CONTRACT.md
H0437,strategy_pre_temporal_field_ownership_snapshot,docs/watchlist/authority/strategy/WS_PRODUCT_OBJECTIVE_AND_LAYERS.md,docs/watchlist/records/history/archive/H0437_WS_PRODUCT_OBJECTIVE_AND_LAYERS_PRE_TEMPORAL_FIELD_OWNERSHIP_CONTRACT.md
H0438,strategy_pre_temporal_field_ownership_snapshot,docs/watchlist/authority/strategy/WS_END_TO_END_STRATEGY_LIFECYCLE.md,docs/watchlist/records/history/archive/H0438_WS_END_TO_END_STRATEGY_LIFECYCLE_PRE_TEMPORAL_FIELD_OWNERSHIP_CONTRACT.md
H0439,strategy_pre_temporal_field_ownership_snapshot,docs/watchlist/authority/strategy/WS_MARKET_DATA_INPUT_REQUIREMENTS.md,docs/watchlist/records/history/archive/H0439_WS_MARKET_DATA_INPUT_REQUIREMENTS_PRE_TEMPORAL_FIELD_OWNERSHIP_CONTRACT.md
H0440,strategy_pre_temporal_field_ownership_snapshot,docs/watchlist/authority/strategy/WS_RUNTIME_FLOW.md,docs/watchlist/records/history/archive/H0440_WS_RUNTIME_FLOW_PRE_TEMPORAL_FIELD_OWNERSHIP_CONTRACT.md
H0441,strategy_pre_temporal_field_ownership_snapshot,docs/watchlist/authority/strategy/WS_CANDIDATE_ELIGIBILITY_AND_SETUP.md,docs/watchlist/records/history/archive/H0441_WS_CANDIDATE_ELIGIBILITY_AND_SETUP_PRE_TEMPORAL_FIELD_OWNERSHIP_CONTRACT.md
H0442,strategy_pre_temporal_field_ownership_snapshot,docs/watchlist/authority/strategy/WS_CANDIDATE_CLASSIFICATION.md,docs/watchlist/records/history/archive/H0442_WS_CANDIDATE_CLASSIFICATION_PRE_TEMPORAL_FIELD_OWNERSHIP_CONTRACT.md
H0443,strategy_pre_temporal_field_ownership_snapshot,docs/watchlist/authority/strategy/WS_PLAN_SCORING_AND_TRADE_PLAN.md,docs/watchlist/records/history/archive/H0443_WS_PLAN_SCORING_AND_TRADE_PLAN_PRE_TEMPORAL_FIELD_OWNERSHIP_CONTRACT.md
H0444,strategy_pre_temporal_field_ownership_snapshot,docs/watchlist/authority/strategy/WS_TOP_PICKS_RECOMMENDATION.md,docs/watchlist/records/history/archive/H0444_WS_TOP_PICKS_RECOMMENDATION_PRE_TEMPORAL_FIELD_OWNERSHIP_CONTRACT.md
H0445,strategy_pre_temporal_field_ownership_snapshot,docs/watchlist/authority/strategy/WS_TOP_PICKS_QUALIFICATION_AND_RANKING.md,docs/watchlist/records/history/archive/H0445_WS_TOP_PICKS_QUALIFICATION_AND_RANKING_PRE_TEMPORAL_FIELD_OWNERSHIP_CONTRACT.md
H0446,strategy_pre_temporal_field_ownership_snapshot,docs/watchlist/authority/strategy/WS_D1_CONFIRM_ACTIONABILITY.md,docs/watchlist/records/history/archive/H0446_WS_D1_CONFIRM_ACTIONABILITY_PRE_TEMPORAL_FIELD_OWNERSHIP_CONTRACT.md
H0447,strategy_pre_temporal_field_ownership_snapshot,docs/watchlist/authority/strategy/WS_HISTORICAL_EVALUATION_STRATEGY.md,docs/watchlist/records/history/archive/H0447_WS_HISTORICAL_EVALUATION_STRATEGY_PRE_TEMPORAL_FIELD_OWNERSHIP_CONTRACT.md
H0448,strategy_pre_temporal_field_ownership_snapshot,docs/watchlist/authority/strategy/WS_IS_SUFFICIENCY_AND_WINNER_FREEZE.md,docs/watchlist/records/history/archive/H0448_WS_IS_SUFFICIENCY_AND_WINNER_FREEZE_PRE_TEMPORAL_FIELD_OWNERSHIP_CONTRACT.md
H0449,strategy_pre_temporal_field_ownership_snapshot,docs/watchlist/authority/strategy/WS_OOS_STRESS_SHADOW_AND_PRODUCTION_PROOF.md,docs/watchlist/records/history/archive/H0449_WS_OOS_STRESS_SHADOW_AND_PRODUCTION_PROOF_PRE_TEMPORAL_FIELD_OWNERSHIP_CONTRACT.md
H0450,governance_strategy_revision_snapshot,docs/watchlist/authority/governance/STRATEGY_TO_IMPLEMENTATION_TRACEABILITY_MATRIX.csv,docs/watchlist/records/history/archive/H0450_TRACEABILITY_MATRIX_PRE_TEMPORAL_FIELD_OWNERSHIP.csv
H0451,governance_strategy_revision_snapshot,docs/watchlist/authority/governance/STRATEGY_TO_IMPLEMENTATION_COVERAGE_BASELINE.json,docs/watchlist/records/history/archive/H0451_TRACEABILITY_COVERAGE_BASELINE_PRE_TEMPORAL_FIELD_OWNERSHIP.json
H0452,implementation_orchestration_snapshot,docs/watchlist/development/implementation/WS_IMPLEMENTATION_STAGE_REGISTER.md,docs/watchlist/records/history/archive/H0452_STAGE_REGISTER_PRE_TEMPORAL_FIELD_OWNERSHIP.md
H0453,implementation_orchestration_snapshot,docs/watchlist/development/implementation/CURRENT_STATE.md,docs/watchlist/records/history/archive/H0453_CURRENT_STATE_PRE_TEMPORAL_FIELD_OWNERSHIP.md
H0454,governance_strategy_revision_snapshot,docs/watchlist/authority/governance/STRATEGY_IMPLEMENTATION_TRACEABILITY_STANDARD.md,docs/watchlist/records/history/archive/H0454_STRATEGY_TRACEABILITY_STANDARD_PRE_TEMPORAL_FIELD_OWNERSHIP.md
H0455,strategy_pre_real_world_weekly_swing_snapshot,docs/watchlist/authority/strategy/WS_CANDIDATE_CLASSIFICATION.md,docs/watchlist/records/history/archive/H0455_WS_CANDIDATE_CLASSIFICATION_PRE_REAL_WORLD_WEEKLY_SWING_HARDENING.md
H0456,strategy_pre_real_world_weekly_swing_snapshot,docs/watchlist/authority/strategy/WS_CANDIDATE_ELIGIBILITY_AND_SETUP.md,docs/watchlist/records/history/archive/H0456_WS_CANDIDATE_ELIGIBILITY_AND_SETUP_PRE_REAL_WORLD_WEEKLY_SWING_HARDENING.md
H0457,strategy_pre_real_world_weekly_swing_snapshot,docs/watchlist/authority/strategy/WS_D1_CONFIRM_ACTIONABILITY.md,docs/watchlist/records/history/archive/H0457_WS_D1_CONFIRM_ACTIONABILITY_PRE_REAL_WORLD_WEEKLY_SWING_HARDENING.md
H0458,strategy_pre_real_world_weekly_swing_snapshot,docs/watchlist/authority/strategy/WS_END_TO_END_STRATEGY_LIFECYCLE.md,docs/watchlist/records/history/archive/H0458_WS_END_TO_END_STRATEGY_LIFECYCLE_PRE_REAL_WORLD_WEEKLY_SWING_HARDENING.md
H0459,strategy_pre_real_world_weekly_swing_snapshot,docs/watchlist/authority/strategy/WS_HISTORICAL_EVALUATION_STRATEGY.md,docs/watchlist/records/history/archive/H0459_WS_HISTORICAL_EVALUATION_STRATEGY_PRE_REAL_WORLD_WEEKLY_SWING_HARDENING.md
H0460,strategy_pre_real_world_weekly_swing_snapshot,docs/watchlist/authority/strategy/WS_IS_SUFFICIENCY_AND_WINNER_FREEZE.md,docs/watchlist/records/history/archive/H0460_WS_IS_SUFFICIENCY_AND_WINNER_FREEZE_PRE_REAL_WORLD_WEEKLY_SWING_HARDENING.md
H0461,strategy_pre_real_world_weekly_swing_snapshot,docs/watchlist/authority/strategy/WS_MARKET_DATA_INPUT_REQUIREMENTS.md,docs/watchlist/records/history/archive/H0461_WS_MARKET_DATA_INPUT_REQUIREMENTS_PRE_REAL_WORLD_WEEKLY_SWING_HARDENING.md
H0462,strategy_pre_real_world_weekly_swing_snapshot,docs/watchlist/authority/strategy/WS_OOS_STRESS_SHADOW_AND_PRODUCTION_PROOF.md,docs/watchlist/records/history/archive/H0462_WS_OOS_STRESS_SHADOW_AND_PRODUCTION_PROOF_PRE_REAL_WORLD_WEEKLY_SWING_HARDENING.md
H0463,strategy_pre_real_world_weekly_swing_snapshot,docs/watchlist/authority/strategy/WS_PLAN_SCORING_AND_TRADE_PLAN.md,docs/watchlist/records/history/archive/H0463_WS_PLAN_SCORING_AND_TRADE_PLAN_PRE_REAL_WORLD_WEEKLY_SWING_HARDENING.md
H0464,strategy_pre_real_world_weekly_swing_snapshot,docs/watchlist/authority/strategy/WS_PRODUCT_OBJECTIVE_AND_LAYERS.md,docs/watchlist/records/history/archive/H0464_WS_PRODUCT_OBJECTIVE_AND_LAYERS_PRE_REAL_WORLD_WEEKLY_SWING_HARDENING.md
H0465,strategy_pre_real_world_weekly_swing_snapshot,docs/watchlist/authority/strategy/WS_RUNTIME_FLOW.md,docs/watchlist/records/history/archive/H0465_WS_RUNTIME_FLOW_PRE_REAL_WORLD_WEEKLY_SWING_HARDENING.md
H0466,strategy_pre_real_world_weekly_swing_snapshot,docs/watchlist/authority/strategy/WS_SCOPE_AND_SUCCESS_CRITERIA.md,docs/watchlist/records/history/archive/H0466_WS_SCOPE_AND_SUCCESS_CRITERIA_PRE_REAL_WORLD_WEEKLY_SWING_HARDENING.md
H0467,strategy_pre_real_world_weekly_swing_snapshot,docs/watchlist/authority/strategy/WS_TOP_PICKS_QUALIFICATION_AND_RANKING.md,docs/watchlist/records/history/archive/H0467_WS_TOP_PICKS_QUALIFICATION_AND_RANKING_PRE_REAL_WORLD_WEEKLY_SWING_HARDENING.md
H0468,strategy_pre_real_world_weekly_swing_snapshot,docs/watchlist/authority/strategy/WS_TOP_PICKS_RECOMMENDATION.md,docs/watchlist/records/history/archive/H0468_WS_TOP_PICKS_RECOMMENDATION_PRE_REAL_WORLD_WEEKLY_SWING_HARDENING.md
H0469,governance_strategy_revision_snapshot,docs/watchlist/authority/governance/STRATEGY_TO_IMPLEMENTATION_TRACEABILITY_MATRIX.csv,docs/watchlist/records/history/archive/H0469_TRACEABILITY_MATRIX_PRE_REAL_WORLD_WEEKLY_SWING.csv
H0470,governance_strategy_revision_snapshot,docs/watchlist/authority/governance/STRATEGY_TO_IMPLEMENTATION_COVERAGE_BASELINE.json,docs/watchlist/records/history/archive/H0470_TRACEABILITY_COVERAGE_BASELINE_PRE_REAL_WORLD_WEEKLY_SWING.json
H0471,implementation_orchestration_snapshot,docs/watchlist/development/implementation/WS_IMPLEMENTATION_STAGE_REGISTER.md,docs/watchlist/records/history/archive/H0471_STAGE_REGISTER_PRE_REAL_WORLD_WEEKLY_SWING.md
H0472,implementation_orchestration_snapshot,docs/watchlist/development/implementation/CURRENT_STATE.md,docs/watchlist/records/history/archive/H0472_CURRENT_STATE_PRE_REAL_WORLD_WEEKLY_SWING.md
H0473,governance_strategy_revision_snapshot,docs/watchlist/authority/governance/STRATEGY_IMPLEMENTATION_TRACEABILITY_STANDARD.md,docs/watchlist/records/history/archive/H0473_STRATEGY_TRACEABILITY_STANDARD_PRE_REAL_WORLD_WEEKLY_SWING.md
H0474,strategy_pre_final_eod_strategy_closure_snapshot,docs/watchlist/authority/strategy/WS_CANDIDATE_CLASSIFICATION.md,docs/watchlist/records/history/archive/H0474_WS_CANDIDATE_CLASSIFICATION_PRE_FINAL_EOD_STRATEGY_CLOSURE.md
H0475,strategy_pre_final_eod_strategy_closure_snapshot,docs/watchlist/authority/strategy/WS_CANDIDATE_ELIGIBILITY_AND_SETUP.md,docs/watchlist/records/history/archive/H0475_WS_CANDIDATE_ELIGIBILITY_AND_SETUP_PRE_FINAL_EOD_STRATEGY_CLOSURE.md
H0476,strategy_pre_final_eod_strategy_closure_snapshot,docs/watchlist/authority/strategy/WS_D1_CONFIRM_ACTIONABILITY.md,docs/watchlist/records/history/archive/H0476_WS_D1_CONFIRM_ACTIONABILITY_PRE_FINAL_EOD_STRATEGY_CLOSURE.md
H0477,strategy_pre_final_eod_strategy_closure_snapshot,docs/watchlist/authority/strategy/WS_END_TO_END_STRATEGY_LIFECYCLE.md,docs/watchlist/records/history/archive/H0477_WS_END_TO_END_STRATEGY_LIFECYCLE_PRE_FINAL_EOD_STRATEGY_CLOSURE.md
H0478,strategy_pre_final_eod_strategy_closure_snapshot,docs/watchlist/authority/strategy/WS_HISTORICAL_EVALUATION_STRATEGY.md,docs/watchlist/records/history/archive/H0478_WS_HISTORICAL_EVALUATION_STRATEGY_PRE_FINAL_EOD_STRATEGY_CLOSURE.md
H0479,strategy_pre_final_eod_strategy_closure_snapshot,docs/watchlist/authority/strategy/WS_IS_SUFFICIENCY_AND_WINNER_FREEZE.md,docs/watchlist/records/history/archive/H0479_WS_IS_SUFFICIENCY_AND_WINNER_FREEZE_PRE_FINAL_EOD_STRATEGY_CLOSURE.md
H0480,strategy_pre_final_eod_strategy_closure_snapshot,docs/watchlist/authority/strategy/WS_MARKET_DATA_INPUT_REQUIREMENTS.md,docs/watchlist/records/history/archive/H0480_WS_MARKET_DATA_INPUT_REQUIREMENTS_PRE_FINAL_EOD_STRATEGY_CLOSURE.md
H0481,strategy_pre_final_eod_strategy_closure_snapshot,docs/watchlist/authority/strategy/WS_OOS_STRESS_SHADOW_AND_PRODUCTION_PROOF.md,docs/watchlist/records/history/archive/H0481_WS_OOS_STRESS_SHADOW_AND_PRODUCTION_PROOF_PRE_FINAL_EOD_STRATEGY_CLOSURE.md
H0482,strategy_pre_final_eod_strategy_closure_snapshot,docs/watchlist/authority/strategy/WS_PLAN_SCORING_AND_TRADE_PLAN.md,docs/watchlist/records/history/archive/H0482_WS_PLAN_SCORING_AND_TRADE_PLAN_PRE_FINAL_EOD_STRATEGY_CLOSURE.md
H0483,strategy_pre_final_eod_strategy_closure_snapshot,docs/watchlist/authority/strategy/WS_PRODUCT_OBJECTIVE_AND_LAYERS.md,docs/watchlist/records/history/archive/H0483_WS_PRODUCT_OBJECTIVE_AND_LAYERS_PRE_FINAL_EOD_STRATEGY_CLOSURE.md
H0484,strategy_pre_final_eod_strategy_closure_snapshot,docs/watchlist/authority/strategy/WS_RUNTIME_FLOW.md,docs/watchlist/records/history/archive/H0484_WS_RUNTIME_FLOW_PRE_FINAL_EOD_STRATEGY_CLOSURE.md
H0485,strategy_pre_final_eod_strategy_closure_snapshot,docs/watchlist/authority/strategy/WS_SCOPE_AND_SUCCESS_CRITERIA.md,docs/watchlist/records/history/archive/H0485_WS_SCOPE_AND_SUCCESS_CRITERIA_PRE_FINAL_EOD_STRATEGY_CLOSURE.md
H0486,strategy_pre_final_eod_strategy_closure_snapshot,docs/watchlist/authority/strategy/WS_TOP_PICKS_QUALIFICATION_AND_RANKING.md,docs/watchlist/records/history/archive/H0486_WS_TOP_PICKS_QUALIFICATION_AND_RANKING_PRE_FINAL_EOD_STRATEGY_CLOSURE.md
H0487,strategy_pre_final_eod_strategy_closure_snapshot,docs/watchlist/authority/strategy/WS_TOP_PICKS_RECOMMENDATION.md,docs/watchlist/records/history/archive/H0487_WS_TOP_PICKS_RECOMMENDATION_PRE_FINAL_EOD_STRATEGY_CLOSURE.md
H0488,governance_strategy_revision_snapshot,docs/watchlist/authority/governance/STRATEGY_TO_IMPLEMENTATION_TRACEABILITY_MATRIX.csv,docs/watchlist/records/history/archive/H0488_TRACEABILITY_MATRIX_PRE_FINAL_EOD_STRATEGY_CLOSURE.csv
H0489,governance_strategy_revision_snapshot,docs/watchlist/authority/governance/STRATEGY_TO_IMPLEMENTATION_COVERAGE_BASELINE.json,docs/watchlist/records/history/archive/H0489_TRACEABILITY_COVERAGE_BASELINE_PRE_FINAL_EOD_STRATEGY_CLOSURE.json
H0490,implementation_orchestration_snapshot,docs/watchlist/development/implementation/WS_IMPLEMENTATION_STAGE_REGISTER.md,docs/watchlist/records/history/archive/H0490_STAGE_REGISTER_PRE_FINAL_EOD_STRATEGY_CLOSURE.md
H0491,implementation_orchestration_snapshot,docs/watchlist/development/implementation/CURRENT_STATE.md,docs/watchlist/records/history/archive/H0491_CURRENT_STATE_PRE_FINAL_EOD_STRATEGY_CLOSURE.md
H0492,governance_strategy_revision_snapshot,docs/watchlist/authority/governance/STRATEGY_IMPLEMENTATION_TRACEABILITY_STANDARD.md,docs/watchlist/records/history/archive/H0492_STRATEGY_TRACEABILITY_STANDARD_PRE_FINAL_EOD_STRATEGY_CLOSURE.md
