source_id,legacy_work_key,original_path,original_sha1,bytes,lines,file_type,parse_status,file_intent,major_roles,split_required,split_reason,mapped_current_path,mapping_method,mapped_current_role,final_disposition,final_primary_path,final_role,rationale,archived_source_path,source_storage_policy,split_coverage_status,split_mapping_sha1
LS-WS-0001,C02,audit/_artifacts/c02-forensic-summary.csv,0F3F0782500B004DC5BC92FF5DD35C7F6E3140F5,9071,10,csv,CSV_OK,EVIDENCE,EVIDENCE,NO,NOT_MARKDOWN,records/evidence/artifacts/c02-forensic-summary.csv,MANIFEST_CHAIN,EVIDENCE,NORMALIZED,records/evidence/artifacts/c02-forensic-summary.csv,EVIDENCE,PRIMARY_ROLE_PLACEMENT_RETAINED,records/history/original_sources/LS-WS-0001.csv,RETAINED_UNSPLIT_OR_BUNDLE_SOURCE,NOT_APPLICABLE,
LS-WS-0002,C03,audit/_artifacts/c03-forensic-summary.csv,BEC5706619FE7E46415B75DEA2110D4C2AFB831A,6305,13,csv,CSV_OK,EVIDENCE,EVIDENCE,NO,NOT_MARKDOWN,records/evidence/artifacts/c03-forensic-summary.csv,EXACT_SHA,EVIDENCE,NORMALIZED,records/evidence/artifacts/c03-forensic-summary.csv,EVIDENCE,PRIMARY_ROLE_PLACEMENT_RETAINED,records/history/original_sources/LS-WS-0002.csv,RETAINED_UNSPLIT_OR_BUNDLE_SOURCE,NOT_APPLICABLE,
LS-WS-0003,C04,audit/_artifacts/c04-forensic-summary.csv,6AD47D253422FEB5799849A1AD88C5168213DCF2,6353,13,csv,CSV_OK,EVIDENCE,EVIDENCE,NO,NOT_MARKDOWN,records/evidence/artifacts/c04-forensic-summary.csv,EXACT_SHA,EVIDENCE,NORMALIZED,records/evidence/artifacts/c04-forensic-summary.csv,EVIDENCE,PRIMARY_ROLE_PLACEMENT_RETAINED,records/history/original_sources/LS-WS-0003.csv,RETAINED_UNSPLIT_OR_BUNDLE_SOURCE,NOT_APPLICABLE,
LS-WS-0004,C05,audit/_artifacts/c05-forensic-summary.csv,82A1429A64D46C7DEEF422157A8E829DBC03291E,7314,15,csv,CSV_OK,EVIDENCE,EVIDENCE,NO,NOT_MARKDOWN,records/evidence/artifacts/c05-forensic-summary.csv,EXACT_SHA,EVIDENCE,NORMALIZED,records/evidence/artifacts/c05-forensic-summary.csv,EVIDENCE,PRIMARY_ROLE_PLACEMENT_RETAINED,records/history/original_sources/LS-WS-0004.csv,RETAINED_UNSPLIT_OR_BUNDLE_SOURCE,NOT_APPLICABLE,
LS-WS-0005,C06,audit/_artifacts/c06-forensic-summary.csv,4F8C451B0805F96548879D8192CC7668FFB3CBDA,7487,15,csv,CSV_OK,EVIDENCE,EVIDENCE,NO,NOT_MARKDOWN,records/evidence/artifacts/c06-forensic-summary.csv,EXACT_SHA,EVIDENCE,NORMALIZED,records/evidence/artifacts/c06-forensic-summary.csv,EVIDENCE,PRIMARY_ROLE_PLACEMENT_RETAINED,records/history/original_sources/LS-WS-0005.csv,RETAINED_UNSPLIT_OR_BUNDLE_SOURCE,NOT_APPLICABLE,
LS-WS-0006,C07,audit/_artifacts/c07-forensic-summary.csv,3D8FF6C68A9E2894093B077E295B47435E4F88A5,7642,15,csv,CSV_OK,EVIDENCE,EVIDENCE,NO,NOT_MARKDOWN,records/evidence/artifacts/c07-forensic-summary.csv,EXACT_SHA,EVIDENCE,NORMALIZED,records/evidence/artifacts/c07-forensic-summary.csv,EVIDENCE,PRIMARY_ROLE_PLACEMENT_RETAINED,records/history/original_sources/LS-WS-0006.csv,RETAINED_UNSPLIT_OR_BUNDLE_SOURCE,NOT_APPLICABLE,
LS-WS-0007,C07,audit/_artifacts/c07-scoped-drilldown-summary.csv,020123355FF7258D72A2936A4443AB3C320B6214,2656,4,csv,CSV_OK,EVIDENCE,EVIDENCE,NO,NOT_MARKDOWN,records/evidence/artifacts/c07-scoped-drilldown-summary.csv,EXACT_SHA,EVIDENCE,NORMALIZED,records/evidence/artifacts/c07-scoped-drilldown-summary.csv,EVIDENCE,PRIMARY_ROLE_PLACEMENT_RETAINED,records/history/original_sources/LS-WS-0007.csv,RETAINED_UNSPLIT_OR_BUNDLE_SOURCE,NOT_APPLICABLE,
LS-WS-0008,C08+C07,audit/_artifacts/c08-batched-c07-drilldown-summary.csv,49101D6AA702A898A3F691A7553823A8DFB2F125,10059,14,csv,CSV_OK,EVIDENCE,EVIDENCE,NO,NOT_MARKDOWN,records/evidence/artifacts/c08-batched-c07-drilldown-summary.csv,EXACT_SHA,EVIDENCE,NORMALIZED,records/evidence/artifacts/c08-batched-c07-drilldown-summary.csv,EVIDENCE,PRIMARY_ROLE_PLACEMENT_RETAINED,records/history/original_sources/LS-WS-0008.csv,RETAINED_UNSPLIT_OR_BUNDLE_SOURCE,NOT_APPLICABLE,
LS-WS-0009,C09+C07,audit/_artifacts/c09-batched-c07-nullable-context-summary.csv,4A317C890F416619FA2F24396D1EC9DDDE8CC3AB,10332,14,csv,CSV_OK,EVIDENCE,EVIDENCE,NO,NOT_MARKDOWN,records/evidence/artifacts/c09-batched-c07-nullable-context-summary.csv,EXACT_SHA,EVIDENCE,NORMALIZED,records/evidence/artifacts/c09-batched-c07-nullable-context-summary.csv,EVIDENCE,PRIMARY_ROLE_PLACEMENT_RETAINED,records/history/original_sources/LS-WS-0009.csv,RETAINED_UNSPLIT_OR_BUNDLE_SOURCE,NOT_APPLICABLE,
LS-WS-0010,C10+C07,audit/_artifacts/c10-batched-c07-exit-model-summary.csv,04EE547EE3F982901CABE23E55078868F14104C9,10463,14,csv,CSV_OK,EVIDENCE,EVIDENCE,NO,NOT_MARKDOWN,records/evidence/artifacts/c10-batched-c07-exit-model-summary.csv,EXACT_SHA,EVIDENCE,NORMALIZED,records/evidence/artifacts/c10-batched-c07-exit-model-summary.csv,EVIDENCE,PRIMARY_ROLE_PLACEMENT_RETAINED,records/history/original_sources/LS-WS-0010.csv,RETAINED_UNSPLIT_OR_BUNDLE_SOURCE,NOT_APPLICABLE,
LS-WS-0011,C11,audit/_artifacts/c11-exit-model-contract-audit.json,E00E9BA960E50CE1E32ABA717BDFBD1EC0BE54A4,6582,169,json,JSON_OK,EVIDENCE,EVIDENCE,NO,NOT_MARKDOWN,records/evidence/artifacts/c11-exit-model-contract-audit.json,MANIFEST_CHAIN,EVIDENCE,NORMALIZED,records/evidence/artifacts/c11-exit-model-contract-audit.json,EVIDENCE,PRIMARY_ROLE_PLACEMENT_RETAINED,records/history/original_sources/LS-WS-0011.json,RETAINED_UNSPLIT_OR_BUNDLE_SOURCE,NOT_APPLICABLE,
LS-WS-0012,C12,audit/_artifacts/c12-exit-model-redesign-contract.json,B3575122DB69A0CA8EAD4D3C78B328687C2CC894,8383,173,json,JSON_OK,EVIDENCE,EVIDENCE,NO,NOT_MARKDOWN,records/evidence/artifacts/c12-exit-model-redesign-contract.json,MANIFEST_CHAIN,EVIDENCE,NORMALIZED,records/evidence/artifacts/c12-exit-model-redesign-contract.json,EVIDENCE,PRIMARY_ROLE_PLACEMENT_RETAINED,records/history/original_sources/LS-WS-0012.json,RETAINED_UNSPLIT_OR_BUNDLE_SOURCE,NOT_APPLICABLE,
LS-WS-0013,C13,audit/_artifacts/c13-exit-axis-support-audit.json,11548827E3DD8249BBE3FDAA2F545816A01FA31C,4704,108,json,JSON_OK,EVIDENCE,EVIDENCE,NO,NOT_MARKDOWN,records/evidence/artifacts/c13-exit-axis-support-audit.json,MANIFEST_CHAIN,EVIDENCE,NORMALIZED,records/evidence/artifacts/c13-exit-axis-support-audit.json,EVIDENCE,PRIMARY_ROLE_PLACEMENT_RETAINED,records/history/original_sources/LS-WS-0013.json,RETAINED_UNSPLIT_OR_BUNDLE_SOURCE,NOT_APPLICABLE,
LS-WS-0014,C14,audit/_artifacts/c14-forensic-summary.csv,CC48BAD6BC21CE4014211960F53A04203C50FAB5,5015,14,csv,CSV_OK,EVIDENCE,EVIDENCE,NO,NOT_MARKDOWN,records/evidence/artifacts/c14-forensic-summary.csv,MANIFEST_CHAIN,EVIDENCE,NORMALIZED,records/evidence/artifacts/c14-forensic-summary.csv,EVIDENCE,PRIMARY_ROLE_PLACEMENT_RETAINED,records/history/original_sources/LS-WS-0014.csv,RETAINED_UNSPLIT_OR_BUNDLE_SOURCE,NOT_APPLICABLE,
LS-WS-0015,C14,audit/_artifacts/c14-is-run-1.json,04AA2A2A1B1D4F7AAB614743617D6FBCADC1AA43,100558,2232,json,JSON_OK,EVIDENCE,EVIDENCE,NO,NOT_MARKDOWN,records/evidence/artifacts/c14-is-run-1.json,MANIFEST_CHAIN,EVIDENCE,NORMALIZED,records/evidence/artifacts/c14-is-run-1.json,EVIDENCE,PRIMARY_ROLE_PLACEMENT_RETAINED,records/history/original_sources/LS-WS-0015.json,RETAINED_UNSPLIT_OR_BUNDLE_SOURCE,NOT_APPLICABLE,
LS-WS-0016,C14,audit/_artifacts/c14-is-run-2.json,04AA2A2A1B1D4F7AAB614743617D6FBCADC1AA43,100558,2232,json,JSON_OK,EVIDENCE,EVIDENCE,NO,NOT_MARKDOWN,records/evidence/artifacts/c14-is-run-2.json,MANIFEST_CHAIN,EVIDENCE,NORMALIZED,records/evidence/artifacts/c14-is-run-2.json,EVIDENCE,PRIMARY_ROLE_PLACEMENT_RETAINED,records/history/original_sources/LS-WS-0016.json,RETAINED_UNSPLIT_OR_BUNDLE_SOURCE,NOT_APPLICABLE,
LS-WS-0017,C15,audit/_artifacts/c15-final-evidence-summary.json,208304F0648207CED7EC3C7392C2904B881E2C05,3217,100,json,JSON_OK,EVIDENCE,EVIDENCE,NO,NOT_MARKDOWN,records/evidence/artifacts/c15-final-evidence-summary.json,EXACT_SHA,EVIDENCE,NORMALIZED,records/evidence/artifacts/c15-final-evidence-summary.json,EVIDENCE,PRIMARY_ROLE_PLACEMENT_RETAINED,records/history/original_sources/LS-WS-0017.json,RETAINED_UNSPLIT_OR_BUNDLE_SOURCE,NOT_APPLICABLE,
LS-WS-0018,C15,audit/_artifacts/c15-fix4-param-summary.csv,D1C3D3835D55B38CBB99C500C0EC5AC3F87E93AB,2202,14,csv,CSV_OK,EVIDENCE,EVIDENCE,NO,NOT_MARKDOWN,records/evidence/artifacts/c15-fix4-param-summary.csv,MANIFEST_CHAIN,EVIDENCE,NORMALIZED,records/evidence/artifacts/c15-fix4-param-summary.csv,EVIDENCE,PRIMARY_ROLE_PLACEMENT_RETAINED,records/history/original_sources/LS-WS-0018.csv,RETAINED_UNSPLIT_OR_BUNDLE_SOURCE,NOT_APPLICABLE,
LS-WS-0019,C15,audit/_artifacts/c15-root-cause-cross-catalog-summary.csv,E195248C3DBDD65F384C0816DDC5822D1DCFE716,3338,10,csv,CSV_OK,EVIDENCE,EVIDENCE,NO,NOT_MARKDOWN,records/evidence/artifacts/c15-root-cause-cross-catalog-summary.csv,MANIFEST_CHAIN,EVIDENCE,NORMALIZED,records/evidence/artifacts/c15-root-cause-cross-catalog-summary.csv,EVIDENCE,PRIMARY_ROLE_PLACEMENT_RETAINED,records/history/original_sources/LS-WS-0019.csv,RETAINED_UNSPLIT_OR_BUNDLE_SOURCE,NOT_APPLICABLE,
LS-WS-0020,C15,audit/_artifacts/c15-root-cause-decision-supersession-note.json,EFD5D209FE864C1A1AB108A2E387C69CB93AAA0A,507,11,json,JSON_OK,EVIDENCE,EVIDENCE,NO,NOT_MARKDOWN,records/evidence/artifacts/c15-root-cause-decision-supersession-note.json,EXACT_SHA,EVIDENCE,NORMALIZED,records/evidence/artifacts/c15-root-cause-decision-supersession-note.json,EVIDENCE,PRIMARY_ROLE_PLACEMENT_RETAINED,records/history/original_sources/LS-WS-0020.json,RETAINED_UNSPLIT_OR_BUNDLE_SOURCE,NOT_APPLICABLE,
LS-WS-0021,C15,audit/_artifacts/c15-root-cause-decision.json,B4B7FB82BB4C23112ABA7E128C8BA8BA58C0B397,5189,141,json,JSON_OK,EVIDENCE,EVIDENCE,NO,NOT_MARKDOWN,records/evidence/artifacts/c15-root-cause-decision.json,EXACT_SHA,EVIDENCE,NORMALIZED,records/evidence/artifacts/c15-root-cause-decision.json,EVIDENCE,PRIMARY_ROLE_PLACEMENT_RETAINED,records/history/original_sources/LS-WS-0021.json,RETAINED_UNSPLIT_OR_BUNDLE_SOURCE,NOT_APPLICABLE,
LS-WS-0022,C15,audit/_artifacts/c15-root-cause-param-metrics.csv,D42EFFF3261EF2B4CDC3F45EC71CD84E390FC362,29594,86,csv,CSV_OK,EVIDENCE,EVIDENCE,NO,NOT_MARKDOWN,records/evidence/artifacts/c15-root-cause-param-metrics.csv,MANIFEST_CHAIN,EVIDENCE,NORMALIZED,records/evidence/artifacts/c15-root-cause-param-metrics.csv,EVIDENCE,PRIMARY_ROLE_PLACEMENT_RETAINED,records/history/original_sources/LS-WS-0022.csv,RETAINED_UNSPLIT_OR_BUNDLE_SOURCE,NOT_APPLICABLE,
LS-WS-0023,C16,audit/_artifacts/c16-source-implementation-summary.json,8EA1F09C250074C3EE97D9C6BEF3D92EE433230A,10155,284,json,JSON_OK,EVIDENCE,EVIDENCE,NO,NOT_MARKDOWN,records/evidence/artifacts/c16-source-implementation-summary.json,EXACT_SHA,EVIDENCE,NORMALIZED,records/evidence/artifacts/c16-source-implementation-summary.json,EVIDENCE,PRIMARY_ROLE_PLACEMENT_RETAINED,records/history/original_sources/LS-WS-0023.json,RETAINED_UNSPLIT_OR_BUNDLE_SOURCE,NOT_APPLICABLE,
LS-WS-0024,C17,audit/_artifacts/c17-drilldown-summary.csv,C58B91D222139F5205E439DE1C2AFB02CABA6721,10185,14,csv,CSV_OK,EVIDENCE,EVIDENCE,NO,NOT_MARKDOWN,records/evidence/artifacts/c17-drilldown-summary.csv,EXACT_SHA,EVIDENCE,NORMALIZED,records/evidence/artifacts/c17-drilldown-summary.csv,EVIDENCE,PRIMARY_ROLE_PLACEMENT_RETAINED,records/history/original_sources/LS-WS-0024.csv,RETAINED_UNSPLIT_OR_BUNDLE_SOURCE,NOT_APPLICABLE,
LS-WS-0025,C17,audit/_artifacts/c17-final-evidence-summary.json,E05A091686595D4E6AE59ED3782C3A8DD7800608,2285,62,json,JSON_OK,EVIDENCE,EVIDENCE,NO,NOT_MARKDOWN,records/evidence/artifacts/c17-final-evidence-summary.json,EXACT_SHA,EVIDENCE,NORMALIZED,records/evidence/artifacts/c17-final-evidence-summary.json,EVIDENCE,PRIMARY_ROLE_PLACEMENT_RETAINED,records/history/original_sources/LS-WS-0025.json,RETAINED_UNSPLIT_OR_BUNDLE_SOURCE,NOT_APPLICABLE,
LS-WS-0026,C17,audit/_artifacts/c17-is-run-1.json,619129A326B38B304543F6AFAFFF3D77C5A1B40D,98930,2126,json,JSON_OK,EVIDENCE,EVIDENCE,NO,NOT_MARKDOWN,records/evidence/artifacts/c17-is-run-1.json,MANIFEST_CHAIN,EVIDENCE,NORMALIZED,records/evidence/artifacts/c17-is-run-1.json,EVIDENCE,PRIMARY_ROLE_PLACEMENT_RETAINED,records/history/original_sources/LS-WS-0026.json,RETAINED_UNSPLIT_OR_BUNDLE_SOURCE,NOT_APPLICABLE,
LS-WS-0027,C17,audit/_artifacts/c17-source-implementation-summary.json,F17435757B3B3D91F5C8FFCEC61D43E527F0CFC9,4350,99,json,JSON_OK,EVIDENCE,EVIDENCE,NO,NOT_MARKDOWN,records/evidence/artifacts/c17-source-implementation-summary.json,MANIFEST_CHAIN,EVIDENCE,NORMALIZED,records/evidence/artifacts/c17-source-implementation-summary.json,EVIDENCE,PRIMARY_ROLE_PLACEMENT_RETAINED,records/history/original_sources/LS-WS-0027.json,RETAINED_UNSPLIT_OR_BUNDLE_SOURCE,NOT_APPLICABLE,
LS-WS-0028,C171,audit/_artifacts/c171-final-bounded-remediation-catalog-decision.json,90B18E7B93F497D7E193C52E18D2CAD539015280,8591,198,json,JSON_OK,EVIDENCE,EVIDENCE,NO,NOT_MARKDOWN,records/evidence/artifacts/c171-final-bounded-remediation-catalog-decision.json,EXACT_SHA,EVIDENCE,NORMALIZED,records/evidence/artifacts/c171-final-bounded-remediation-catalog-decision.json,EVIDENCE,PRIMARY_ROLE_PLACEMENT_RETAINED,records/history/original_sources/LS-WS-0028.json,RETAINED_UNSPLIT_OR_BUNDLE_SOURCE,NOT_APPLICABLE,
LS-WS-0029,C171,audit/_artifacts/c171-final-failed-not-ready-closure-decision.json,CDAAA8271EBDF6711B6A3CFBD6732E1A6A70992B,6442,148,json,JSON_OK,EVIDENCE,EVIDENCE,NO,NOT_MARKDOWN,records/evidence/artifacts/c171-final-failed-not-ready-closure-decision.json,EXACT_SHA,EVIDENCE,NORMALIZED,records/evidence/artifacts/c171-final-failed-not-ready-closure-decision.json,EVIDENCE,PRIMARY_ROLE_PLACEMENT_RETAINED,records/history/original_sources/LS-WS-0029.json,RETAINED_UNSPLIT_OR_BUNDLE_SOURCE,NOT_APPLICABLE,
LS-WS-0030,C171,audit/_artifacts/c171-immutable-draft-paramset-candidate-design.json,FF838AC3C91F8681D4659094843B9DDD3C0973F3,14172,365,json,JSON_OK,EVIDENCE,EVIDENCE,NO,NOT_MARKDOWN,records/evidence/artifacts/c171-immutable-draft-paramset-candidate-design.json,EXACT_SHA,EVIDENCE,NORMALIZED,records/evidence/artifacts/c171-immutable-draft-paramset-candidate-design.json,EVIDENCE,PRIMARY_ROLE_PLACEMENT_RETAINED,records/history/original_sources/LS-WS-0030.json,RETAINED_UNSPLIT_OR_BUNDLE_SOURCE,NOT_APPLICABLE,
LS-WS-0031,C171,audit/_artifacts/c171-immutable-draft-paramset-candidate-proxy-metrics.csv,C6DA4189141F181F23ECF5C3F14FE966C78295C5,1532,7,csv,CSV_OK,EVIDENCE,EVIDENCE,NO,NOT_MARKDOWN,records/evidence/artifacts/c171-immutable-draft-paramset-candidate-proxy-metrics.csv,EXACT_SHA,EVIDENCE,NORMALIZED,records/evidence/artifacts/c171-immutable-draft-paramset-candidate-proxy-metrics.csv,EVIDENCE,PRIMARY_ROLE_PLACEMENT_RETAINED,records/history/original_sources/LS-WS-0031.csv,RETAINED_UNSPLIT_OR_BUNDLE_SOURCE,NOT_APPLICABLE,
LS-WS-0032,C171+C01,audit/_artifacts/c171-low-price-execution-quality-c01-draft-catalog-design.json,452443E74B9DBD3A7C63B49DD925109BFA9AB87C,5263,135,json,JSON_OK,EVIDENCE,EVIDENCE,NO,NOT_MARKDOWN,records/evidence/artifacts/c171-low-price-execution-quality-c01-draft-catalog-design.json,EXACT_SHA,EVIDENCE,NORMALIZED,records/evidence/artifacts/c171-low-price-execution-quality-c01-draft-catalog-design.json,EVIDENCE,PRIMARY_ROLE_PLACEMENT_RETAINED,records/history/original_sources/LS-WS-0032.json,RETAINED_UNSPLIT_OR_BUNDLE_SOURCE,NOT_APPLICABLE,
LS-WS-0033,C18,audit/_artifacts/c18-final-diagnostic-evidence-summary.json,5A12A3B467A5968E904A7BC85DF81BC792F2E829,3622,129,json,JSON_OK,EVIDENCE,EVIDENCE,NO,NOT_MARKDOWN,records/evidence/artifacts/c18-final-diagnostic-evidence-summary.json,EXACT_SHA,EVIDENCE,NORMALIZED,records/evidence/artifacts/c18-final-diagnostic-evidence-summary.json,EVIDENCE,PRIMARY_ROLE_PLACEMENT_RETAINED,records/history/original_sources/LS-WS-0033.json,RETAINED_UNSPLIT_OR_BUNDLE_SOURCE,NOT_APPLICABLE,
LS-WS-0034,C18,audit/_artifacts/c18-funnel-diagnostic-design-summary.json,F009952FE29773233037CBBFD35890285AB7D53C,3120,71,json,JSON_OK,EVIDENCE,EVIDENCE,NO,NOT_MARKDOWN,records/evidence/artifacts/c18-funnel-diagnostic-design-summary.json,MANIFEST_CHAIN,EVIDENCE,NORMALIZED,records/evidence/artifacts/c18-funnel-diagnostic-design-summary.json,EVIDENCE,PRIMARY_ROLE_PLACEMENT_RETAINED,records/history/original_sources/LS-WS-0034.json,RETAINED_UNSPLIT_OR_BUNDLE_SOURCE,NOT_APPLICABLE,
LS-WS-0035,C19,audit/_artifacts/c19-final-diagnostic-result-summary.json,D49208672A7E4BA3869FA142AAE18DBC21A3CA13,4295,128,json,JSON_OK,EVIDENCE,EVIDENCE,NO,NOT_MARKDOWN,records/evidence/artifacts/c19-final-diagnostic-result-summary.json,EXACT_SHA,EVIDENCE,NORMALIZED,records/evidence/artifacts/c19-final-diagnostic-result-summary.json,EVIDENCE,PRIMARY_ROLE_PLACEMENT_RETAINED,records/history/original_sources/LS-WS-0035.json,RETAINED_UNSPLIT_OR_BUNDLE_SOURCE,NOT_APPLICABLE,
LS-WS-0036,C19,audit/_artifacts/c19-quality-recovery-tahap-5b-source-summary.json,51895AF84FE563E03D8F1A2DD9B89F04E26CA096,1274,41,json,JSON_OK,EVIDENCE,EVIDENCE,NO,NOT_MARKDOWN,records/evidence/artifacts/c19-quality-recovery-tahap-5b-source-summary.json,EXACT_SHA,EVIDENCE,NORMALIZED,records/evidence/artifacts/c19-quality-recovery-tahap-5b-source-summary.json,EVIDENCE,PRIMARY_ROLE_PLACEMENT_RETAINED,records/history/original_sources/LS-WS-0036.json,RETAINED_UNSPLIT_OR_BUNDLE_SOURCE,NOT_APPLICABLE,
LS-WS-0037,C19,audit/_artifacts/c19-quality-recovery-tahap-5c-source-summary.json,E5FCE3C523C391349C218CD88C1C9939A4974272,1400,37,json,JSON_OK,EVIDENCE,EVIDENCE,NO,NOT_MARKDOWN,records/evidence/artifacts/c19-quality-recovery-tahap-5c-source-summary.json,EXACT_SHA,EVIDENCE,NORMALIZED,records/evidence/artifacts/c19-quality-recovery-tahap-5c-source-summary.json,EVIDENCE,PRIMARY_ROLE_PLACEMENT_RETAINED,records/history/original_sources/LS-WS-0037.json,RETAINED_UNSPLIT_OR_BUNDLE_SOURCE,NOT_APPLICABLE,
LS-WS-0038,C19,audit/_artifacts/c19-quality-recovery-tuning-diagnostic-fastfix-summary.json,D0EA97A7A5E5F16DFD638BD4A544E419FF153A0E,1039,27,json,JSON_OK,EVIDENCE,EVIDENCE,NO,NOT_MARKDOWN,records/evidence/artifacts/c19-quality-recovery-tuning-diagnostic-fastfix-summary.json,EXACT_SHA,EVIDENCE,NORMALIZED,records/evidence/artifacts/c19-quality-recovery-tuning-diagnostic-fastfix-summary.json,EVIDENCE,PRIMARY_ROLE_PLACEMENT_RETAINED,records/history/original_sources/LS-WS-0038.json,RETAINED_UNSPLIT_OR_BUNDLE_SOURCE,NOT_APPLICABLE,
LS-WS-0039,C19,audit/_artifacts/c19-quality-recovery-tuning-diagnostic-source-summary.json,C2BB41F182D12255FBD70D03C6C425F2E58E2166,732,22,json,JSON_OK,EVIDENCE,EVIDENCE,NO,NOT_MARKDOWN,records/evidence/artifacts/c19-quality-recovery-tuning-diagnostic-source-summary.json,EXACT_SHA,EVIDENCE,NORMALIZED,records/evidence/artifacts/c19-quality-recovery-tuning-diagnostic-source-summary.json,EVIDENCE,PRIMARY_ROLE_PLACEMENT_RETAINED,records/history/original_sources/LS-WS-0039.json,RETAINED_UNSPLIT_OR_BUNDLE_SOURCE,NOT_APPLICABLE,
LS-WS-0040,C19,audit/_artifacts/c19-selection-model-redesign-analysis.json,F6D5CDD6175510DB0A9F78007FFEA44DA52C9E3B,4631,105,json,JSON_OK,EVIDENCE,EVIDENCE,NO,NOT_MARKDOWN,records/evidence/artifacts/c19-selection-model-redesign-analysis.json,EXACT_SHA,EVIDENCE,NORMALIZED,records/evidence/artifacts/c19-selection-model-redesign-analysis.json,EVIDENCE,PRIMARY_ROLE_PLACEMENT_RETAINED,records/history/original_sources/LS-WS-0040.json,RETAINED_UNSPLIT_OR_BUNDLE_SOURCE,NOT_APPLICABLE,
LS-WS-0041,C20,audit/_artifacts/c20-final-diagnostic-result-summary.json,FC23117558533C7C299AFEF3AC5533B1CE5EBADF,3709,101,json,JSON_OK,EVIDENCE,EVIDENCE,NO,NOT_MARKDOWN,records/evidence/artifacts/c20-final-diagnostic-result-summary.json,EXACT_SHA,EVIDENCE,NORMALIZED,records/evidence/artifacts/c20-final-diagnostic-result-summary.json,EVIDENCE,PRIMARY_ROLE_PLACEMENT_RETAINED,records/history/original_sources/LS-WS-0041.json,RETAINED_UNSPLIT_OR_BUNDLE_SOURCE,NOT_APPLICABLE,
LS-WS-0042,C20,audit/_artifacts/c20-regime-trade-date-diagnostic-source-summary.json,67C8FC9ED9D6179EA9D7AEE6CB85D0C311CEFC8B,4922,125,json,JSON_OK,EVIDENCE,EVIDENCE,NO,NOT_MARKDOWN,records/evidence/artifacts/c20-regime-trade-date-diagnostic-source-summary.json,MANIFEST_CHAIN,EVIDENCE,NORMALIZED,records/evidence/artifacts/c20-regime-trade-date-diagnostic-source-summary.json,EVIDENCE,PRIMARY_ROLE_PLACEMENT_RETAINED,records/history/original_sources/LS-WS-0042.json,RETAINED_UNSPLIT_OR_BUNDLE_SOURCE,NOT_APPLICABLE,
LS-WS-0043,C21,audit/_artifacts/c21-entry-exit-behavior-diagnostic-source-summary.json,A206E5004898745DEB877A22902B85A09BD535C2,4543,120,json,JSON_OK,EVIDENCE,EVIDENCE,NO,NOT_MARKDOWN,records/evidence/artifacts/c21-entry-exit-behavior-diagnostic-source-summary.json,MANIFEST_CHAIN,EVIDENCE,NORMALIZED,records/evidence/artifacts/c21-entry-exit-behavior-diagnostic-source-summary.json,EVIDENCE,PRIMARY_ROLE_PLACEMENT_RETAINED,records/history/original_sources/LS-WS-0043.json,RETAINED_UNSPLIT_OR_BUNDLE_SOURCE,NOT_APPLICABLE,
LS-WS-0044,C21,audit/_artifacts/c21-final-diagnostic-result-summary.json,A206E5004898745DEB877A22902B85A09BD535C2,4543,120,json,JSON_OK,EVIDENCE,EVIDENCE,NO,NOT_MARKDOWN,records/evidence/artifacts/c21-final-diagnostic-result-summary.json,MANIFEST_CHAIN,EVIDENCE,NORMALIZED,records/evidence/artifacts/c21-final-diagnostic-result-summary.json,EVIDENCE,PRIMARY_ROLE_PLACEMENT_RETAINED,records/history/original_sources/LS-WS-0044.json,RETAINED_UNSPLIT_OR_BUNDLE_SOURCE,NOT_APPLICABLE,
LS-WS-0045,C22,audit/_artifacts/c22-exit-capture-shadow-diagnostic-source-summary.json,7AAAF18CFDBFDBB8360AEC3E7089A2A5FF78DCF3,2585,65,json,JSON_OK,EVIDENCE,EVIDENCE,NO,NOT_MARKDOWN,records/evidence/artifacts/c22-exit-capture-shadow-diagnostic-source-summary.json,MANIFEST_CHAIN,EVIDENCE,NORMALIZED,records/evidence/artifacts/c22-exit-capture-shadow-diagnostic-source-summary.json,EVIDENCE,PRIMARY_ROLE_PLACEMENT_RETAINED,records/history/original_sources/LS-WS-0045.json,RETAINED_UNSPLIT_OR_BUNDLE_SOURCE,NOT_APPLICABLE,
LS-WS-0046,C22,audit/_artifacts/c22-final-diagnostic-result-summary.json,0AC4CCC804207064D27F598AE91E9399938ADE85,5786,145,json,JSON_OK,EVIDENCE,EVIDENCE,NO,NOT_MARKDOWN,records/evidence/artifacts/c22-final-diagnostic-result-summary.json,EXACT_SHA,EVIDENCE,NORMALIZED,records/evidence/artifacts/c22-final-diagnostic-result-summary.json,EVIDENCE,PRIMARY_ROLE_PLACEMENT_RETAINED,records/history/original_sources/LS-WS-0046.json,RETAINED_UNSPLIT_OR_BUNDLE_SOURCE,NOT_APPLICABLE,
LS-WS-0047,C23,audit/_artifacts/c23-first-profit-capture-rule-diagnostic-source-summary.json,382DF41C496CFEC256E4214B33C4BBF65282E4CC,5022,126,json,JSON_OK,EVIDENCE,EVIDENCE,NO,NOT_MARKDOWN,records/evidence/artifacts/c23-first-profit-capture-rule-diagnostic-source-summary.json,MANIFEST_CHAIN,EVIDENCE,NORMALIZED,records/evidence/artifacts/c23-first-profit-capture-rule-diagnostic-source-summary.json,EVIDENCE,PRIMARY_ROLE_PLACEMENT_RETAINED,records/history/original_sources/LS-WS-0047.json,RETAINED_UNSPLIT_OR_BUNDLE_SOURCE,NOT_APPLICABLE,
LS-WS-0048,C24+C22,audit/_artifacts/c24-c22-shadow-gap-bridge-diagnostic-source-summary.json,F9EB76F741507B7F8CA72FFF4D55AF988F3C391E,6038,143,json,JSON_OK,EVIDENCE,EVIDENCE,NO,NOT_MARKDOWN,records/evidence/artifacts/c24-c22-shadow-gap-bridge-diagnostic-source-summary.json,MANIFEST_CHAIN,EVIDENCE,NORMALIZED,records/evidence/artifacts/c24-c22-shadow-gap-bridge-diagnostic-source-summary.json,EVIDENCE,PRIMARY_ROLE_PLACEMENT_RETAINED,records/history/original_sources/LS-WS-0048.json,RETAINED_UNSPLIT_OR_BUNDLE_SOURCE,NOT_APPLICABLE,
LS-WS-0049,C25,audit/_artifacts/c25-no-signal-fallback-delay-diagnostic-source-summary.json,F642491455765CF08F1AD000FD5912E8843A552E,6018,149,json,JSON_OK,EVIDENCE,EVIDENCE,NO,NOT_MARKDOWN,records/evidence/artifacts/c25-no-signal-fallback-delay-diagnostic-source-summary.json,EXACT_SHA,EVIDENCE,NORMALIZED,records/evidence/artifacts/c25-no-signal-fallback-delay-diagnostic-source-summary.json,EVIDENCE,PRIMARY_ROLE_PLACEMENT_RETAINED,records/history/original_sources/LS-WS-0049.json,RETAINED_UNSPLIT_OR_BUNDLE_SOURCE,NOT_APPLICABLE,
LS-WS-0050,C26,audit/_artifacts/c26-catalog-candidate-diagnostic-source-summary.json,3333BD27CEDB51E4B100C988FCCDEAE0C643C72B,4103,114,json,JSON_OK,EVIDENCE,EVIDENCE,NO,NOT_MARKDOWN,records/evidence/artifacts/c26-catalog-candidate-diagnostic-source-summary.json,EXACT_SHA,EVIDENCE,NORMALIZED,records/evidence/artifacts/c26-catalog-candidate-diagnostic-source-summary.json,EVIDENCE,PRIMARY_ROLE_PLACEMENT_RETAINED,records/history/original_sources/LS-WS-0050.json,RETAINED_UNSPLIT_OR_BUNDLE_SOURCE,NOT_APPLICABLE,
LS-WS-0051,C27,audit/_artifacts/c27-catalog-candidate-raw-ohlc-validation-source-summary.json,5381525D2B7D177F5CE904FC5DB7992CA5E0D33C,2267,53,json,JSON_OK,EVIDENCE,EVIDENCE,NO,NOT_MARKDOWN,records/evidence/artifacts/c27-catalog-candidate-raw-ohlc-validation-source-summary.json,MANIFEST_CHAIN,EVIDENCE,NORMALIZED,records/evidence/artifacts/c27-catalog-candidate-raw-ohlc-validation-source-summary.json,EVIDENCE,PRIMARY_ROLE_PLACEMENT_RETAINED,records/history/original_sources/LS-WS-0051.json,RETAINED_UNSPLIT_OR_BUNDLE_SOURCE,NOT_APPLICABLE,
LS-WS-0052,C28,audit/_artifacts/c28-rule-revision-tiebreak-diagnostic-source-summary.json,3978F749C3AC0BB6E43234CC0B63323E1C3C8EFE,2682,63,json,JSON_OK,EVIDENCE,EVIDENCE,NO,NOT_MARKDOWN,records/evidence/artifacts/c28-rule-revision-tiebreak-diagnostic-source-summary.json,MANIFEST_CHAIN,EVIDENCE,NORMALIZED,records/evidence/artifacts/c28-rule-revision-tiebreak-diagnostic-source-summary.json,EVIDENCE,PRIMARY_ROLE_PLACEMENT_RETAINED,records/history/original_sources/LS-WS-0052.json,RETAINED_UNSPLIT_OR_BUNDLE_SOURCE,NOT_APPLICABLE,
LS-WS-0053,,audit/AUDIT_UPDATE_GOVERNANCE.md,18A07F590618B36B0623EDF8D576684EBAE25EF3,723751,12447,md,READ_OK,LEGACY_GOVERNANCE,GOVERNANCE,NO,DERIVED_GOVERNANCE_SOURCE,authority/governance/audit/AUDIT_UPDATE_GOVERNANCE.md,MANIFEST_CHAIN,GOVERNANCE,NORMALIZED,authority/governance/audit/AUDIT_UPDATE_GOVERNANCE.md,GOVERNANCE,CURRENT_AUTHORITY_DERIVED; ORIGINAL_SOURCE_IMMUTABLE,records/history/original_sources/LS-WS-0053.md,RETAINED_UNSPLIT_OR_BUNDLE_SOURCE,NOT_APPLICABLE,
LS-WS-0054,,audit/implementation/_refs/WATCHLIST_IMPLEMENTATION_AUDIT_EXAMPLE.md,5478EB07588569E05882F94D912FC6EC91F332E1,3298,97,md,READ_OK,LEGACY_GOVERNANCE,GOVERNANCE,NO,DERIVED_GOVERNANCE_SOURCE,authority/governance/audit/IMPL_WATCHLIST_IMPLEMENTATION_AUDIT_EXAMPLE.md,MANIFEST_CHAIN,GOVERNANCE,NORMALIZED,authority/governance/audit/IMPL_WATCHLIST_IMPLEMENTATION_AUDIT_EXAMPLE.md,GOVERNANCE,CURRENT_AUTHORITY_DERIVED; ORIGINAL_SOURCE_IMMUTABLE,records/history/original_sources/LS-WS-0054.md,RETAINED_UNSPLIT_OR_BUNDLE_SOURCE,NOT_APPLICABLE,
LS-WS-0055,,audit/implementation/_refs/WATCHLIST_IMPLEMENTATION_AUDIT_REAL_API_REVIEW_EXAMPLE.md,2C89382DF27398B5A49D674F14AA2D181987460A,593,16,md,READ_OK,LEGACY_GOVERNANCE,GOVERNANCE,NO,DERIVED_GOVERNANCE_SOURCE,authority/governance/audit/IMPL_WATCHLIST_IMPLEMENTATION_AUDIT_REAL_API_REVIEW_EXAMPLE.md,EXACT_SHA,GOVERNANCE,NORMALIZED,authority/governance/audit/IMPL_WATCHLIST_IMPLEMENTATION_AUDIT_REAL_API_REVIEW_EXAMPLE.md,GOVERNANCE,CURRENT_AUTHORITY_DERIVED; ORIGINAL_SOURCE_IMMUTABLE,records/history/original_sources/LS-WS-0055.md,RETAINED_UNSPLIT_OR_BUNDLE_SOURCE,NOT_APPLICABLE,
LS-WS-0056,,audit/implementation/_refs/WATCHLIST_IMPLEMENTATION_AUDIT_REAL_PERSISTENCE_REVIEW_EXAMPLE.md,11AD9C280C4C86CAE958A0C408C67C6D1D3DC835,597,14,md,READ_OK,LEGACY_GOVERNANCE,GOVERNANCE,NO,DERIVED_GOVERNANCE_SOURCE,authority/governance/audit/IMPL_WATCHLIST_IMPLEMENTATION_AUDIT_REAL_PERSISTENCE_REVIEW_EXAMPLE.md,EXACT_SHA,GOVERNANCE,NORMALIZED,authority/governance/audit/IMPL_WATCHLIST_IMPLEMENTATION_AUDIT_REAL_PERSISTENCE_REVIEW_EXAMPLE.md,GOVERNANCE,CURRENT_AUTHORITY_DERIVED; ORIGINAL_SOURCE_IMMUTABLE,records/history/original_sources/LS-WS-0056.md,RETAINED_UNSPLIT_OR_BUNDLE_SOURCE,NOT_APPLICABLE,
LS-WS-0057,,audit/implementation/README.md,9B9BD70B7D9F5A84E251D59CB72532F7A98F5E2D,2662,47,md,READ_OK,NAVIGATION,IMPLEMENTATION,NO,BUNDLE_OR_NAVIGATION_EXCEPTION,authority/governance/audit/IMPL_README.md,MANIFEST_CHAIN,GOVERNANCE,NORMALIZED,authority/governance/audit/IMPL_README.md,GOVERNANCE,PRIMARY_ROLE_PLACEMENT_RETAINED,records/history/original_sources/LS-WS-0057.md,RETAINED_UNSPLIT_OR_BUNDLE_SOURCE,NOT_APPLICABLE,
LS-WS-0058,,audit/implementation/WATCHLIST_IMPLEMENTATION_AUDIT_FOUNDATION.md,11C94834DBAD68C81C37F516BA26F9A9F6C0FE37,3924,75,md,READ_OK,LEGACY_GOVERNANCE,GOVERNANCE,NO,DERIVED_GOVERNANCE_SOURCE,authority/governance/audit/IMPL_WATCHLIST_IMPLEMENTATION_AUDIT_FOUNDATION.md,MANIFEST_CHAIN,GOVERNANCE,NORMALIZED,authority/governance/audit/IMPL_WATCHLIST_IMPLEMENTATION_AUDIT_FOUNDATION.md,GOVERNANCE,CURRENT_AUTHORITY_DERIVED; ORIGINAL_SOURCE_IMMUTABLE,records/history/original_sources/LS-WS-0058.md,RETAINED_UNSPLIT_OR_BUNDLE_SOURCE,NOT_APPLICABLE,
LS-WS-0059,,audit/implementation/WATCHLIST_IMPLEMENTATION_AUDIT_SHORT.md,21ECF4AD2AEBB9BBE69574568370CD8E164AFAEA,1373,47,md,READ_OK,LEGACY_GOVERNANCE,GOVERNANCE,NO,DERIVED_GOVERNANCE_SOURCE,authority/governance/audit/IMPL_WATCHLIST_IMPLEMENTATION_AUDIT_SHORT.md,MANIFEST_CHAIN,GOVERNANCE,NORMALIZED,authority/governance/audit/IMPL_WATCHLIST_IMPLEMENTATION_AUDIT_SHORT.md,GOVERNANCE,CURRENT_AUTHORITY_DERIVED; ORIGINAL_SOURCE_IMMUTABLE,records/history/original_sources/LS-WS-0059.md,RETAINED_UNSPLIT_OR_BUNDLE_SOURCE,NOT_APPLICABLE,
LS-WS-0060,,audit/implementation/WATCHLIST_IMPLEMENTATION_CHANGE_IMPACT_MATRIX.md,E9A6EF1B07E35DD5FEDBE41FAD548E672F6A3F5D,2099,28,md,READ_OK,LEGACY_GOVERNANCE,GOVERNANCE,NO,DERIVED_GOVERNANCE_SOURCE,authority/governance/audit/IMPL_WATCHLIST_IMPLEMENTATION_CHANGE_IMPACT_MATRIX.md,MANIFEST_CHAIN,GOVERNANCE,NORMALIZED,authority/governance/audit/IMPL_WATCHLIST_IMPLEMENTATION_CHANGE_IMPACT_MATRIX.md,GOVERNANCE,CURRENT_AUTHORITY_DERIVED; ORIGINAL_SOURCE_IMMUTABLE,records/history/original_sources/LS-WS-0060.md,RETAINED_UNSPLIT_OR_BUNDLE_SOURCE,NOT_APPLICABLE,
LS-WS-0061,,audit/implementation/WATCHLIST_IMPLEMENTATION_CHECKLIST_FINAL.md,C323F2A96B3409B0D7D00506D246271D9AD18445,5032,115,md,READ_OK,LEGACY_GOVERNANCE,GOVERNANCE,NO,DERIVED_GOVERNANCE_SOURCE,authority/governance/audit/IMPL_WATCHLIST_IMPLEMENTATION_CHECKLIST_FINAL.md,MANIFEST_CHAIN,GOVERNANCE,NORMALIZED,authority/governance/audit/IMPL_WATCHLIST_IMPLEMENTATION_CHECKLIST_FINAL.md,GOVERNANCE,CURRENT_AUTHORITY_DERIVED; ORIGINAL_SOURCE_IMMUTABLE,records/history/original_sources/LS-WS-0061.md,RETAINED_UNSPLIT_OR_BUNDLE_SOURCE,NOT_APPLICABLE,
LS-WS-0062,,audit/implementation/WATCHLIST_IMPLEMENTATION_PROMPT_STANDARD.md,85A503E8FB8F609FDA4818D44D9B7522321F5476,2952,59,md,READ_OK,LEGACY_GOVERNANCE,GOVERNANCE,NO,DERIVED_GOVERNANCE_SOURCE,authority/governance/audit/IMPL_WATCHLIST_IMPLEMENTATION_PROMPT_STANDARD.md,MANIFEST_CHAIN,GOVERNANCE,NORMALIZED,authority/governance/audit/IMPL_WATCHLIST_IMPLEMENTATION_PROMPT_STANDARD.md,GOVERNANCE,CURRENT_AUTHORITY_DERIVED; ORIGINAL_SOURCE_IMMUTABLE,records/history/original_sources/LS-WS-0062.md,RETAINED_UNSPLIT_OR_BUNDLE_SOURCE,NOT_APPLICABLE,
LS-WS-0063,,audit/implementation/WATCHLIST_LAYER_C_APPLICABILITY_RULE.md,197659B092AE1403434C6AD0A0640415C5D4D2FA,1510,26,md,READ_OK,LEGACY_GOVERNANCE,GOVERNANCE,NO,DERIVED_GOVERNANCE_SOURCE,authority/governance/audit/IMPL_WATCHLIST_LAYER_C_APPLICABILITY_RULE.md,MANIFEST_CHAIN,GOVERNANCE,NORMALIZED,authority/governance/audit/IMPL_WATCHLIST_LAYER_C_APPLICABILITY_RULE.md,GOVERNANCE,CURRENT_AUTHORITY_DERIVED; ORIGINAL_SOURCE_IMMUTABLE,records/history/original_sources/LS-WS-0063.md,RETAINED_UNSPLIT_OR_BUNDLE_SOURCE,NOT_APPLICABLE,
LS-WS-0064,,audit/LUMEN_CONTRACT_TRACKER.md,EA74B18E611681C8BFDFEA7F436AE16E2222F596,909888,16008,md,READ_OK,LEDGER,CONTEXT;DECISION;EVIDENCE;FINDING;IMPLEMENTATION;RESEARCH;STRATEGY,YES,ONE_DOCUMENT_ONE_AUTHORITATIVE_ROLE_MULTI_ROLE_SOURCE,development/implementation/LUMEN_CONTRACT_TRACKER.md,MANIFEST_CHAIN,IMPLEMENTATION,CURRENT_DERIVED_AUTHORITY_RETAINED_SOURCE_REMOVED,development/implementation/LUMEN_CONTRACT_TRACKER.md,IMPLEMENTATION,"CURRENT_DERIVATIVE_RETAINED_AS_SINGLE_ROLE; LEGACY_MULTI_ROLE_SOURCE_FULLY_DECOMPOSED; ROLE_EXTRACTS=LX-WS-0064-DEC-01,LX-WS-0064-EVD-02,LX-WS-0064-FND-03,LX-WS-0064-IMP-04,LX-WS-0064-RES-05,LX-WS-0064-STR-06,LX-WS-0064-CTX-07",,REMOVED_AFTER_FULL_SPLIT_CURRENT_DERIVATIVE_RETAINED,FULL_100_PERCENT_SEALED,202FE878FE86910E83333C93AA33972A6A048F41
LS-WS-0065,,audit/LUMEN_IMPLEMENTATION_STATUS.md,EE2593354FAC55E6E3B4579525334F9865A752A4,1038014,19239,md,READ_OK,LEDGER,CONTEXT;DECISION;EVIDENCE;FINDING;GOVERNANCE;IMPLEMENTATION;RESEARCH,YES,ONE_DOCUMENT_ONE_AUTHORITATIVE_ROLE_MULTI_ROLE_SOURCE,records/evidence/LUMEN_IMPLEMENTATION_STATUS.md,MANIFEST_CHAIN,EVIDENCE,CURRENT_DERIVED_AUTHORITY_RETAINED_SOURCE_REMOVED,development/implementation/LUMEN_IMPLEMENTATION_STATUS.md,IMPLEMENTATION,"CURRENT_DERIVATIVE_RETAINED_AS_SINGLE_ROLE; LEGACY_MULTI_ROLE_SOURCE_FULLY_DECOMPOSED; ROLE_EXTRACTS=LX-WS-0065-DEC-01,LX-WS-0065-EVD-02,LX-WS-0065-FND-03,LX-WS-0065-GOV-04,LX-WS-0065-IMP-05,LX-WS-0065-RES-06,LX-WS-0065-CTX-07",,REMOVED_AFTER_FULL_SPLIT_CURRENT_DERIVATIVE_RETAINED,FULL_100_PERCENT_SEALED,1D31E3259DD23E7D451660096E982DC00F8C251E
LS-WS-0066,,audit/README.md,CDA084839E7CD68FE7BC73FF4A4F0EFFDB97778B,2463,67,md,READ_OK,NAVIGATION,CONTEXT;IMPLEMENTATION,NO,BUNDLE_OR_NAVIGATION_EXCEPTION,authority/governance/audit/README.md,MANIFEST_CHAIN,GOVERNANCE,NORMALIZED,authority/governance/audit/README.md,GOVERNANCE,PRIMARY_ROLE_PLACEMENT_RETAINED,records/history/original_sources/LS-WS-0066.md,RETAINED_UNSPLIT_OR_BUNDLE_SOURCE,NOT_APPLICABLE,
LS-WS-0067,,audit/WATCHLIST_AUDIT_CHECKLIST_FINAL.md,39CC81FED5A199B97849BC135F8AD7DE32E00BF5,2168,61,md,READ_OK,LEGACY_GOVERNANCE,GOVERNANCE,NO,DERIVED_GOVERNANCE_SOURCE,authority/governance/audit/WATCHLIST_AUDIT_CHECKLIST_FINAL.md,MANIFEST_CHAIN,GOVERNANCE,NORMALIZED,authority/governance/audit/WATCHLIST_AUDIT_CHECKLIST_FINAL.md,GOVERNANCE,CURRENT_AUTHORITY_DERIVED; ORIGINAL_SOURCE_IMMUTABLE,records/history/original_sources/LS-WS-0067.md,RETAINED_UNSPLIT_OR_BUNDLE_SOURCE,NOT_APPLICABLE,
LS-WS-0068,,audit/WATCHLIST_AUDIT_FOUNDATION.md,972A06F8674C930A86C5F8D2A06C7510F7657E93,3372,86,md,READ_OK,LEGACY_GOVERNANCE,GOVERNANCE,NO,DERIVED_GOVERNANCE_SOURCE,authority/governance/audit/WATCHLIST_AUDIT_FOUNDATION.md,MANIFEST_CHAIN,GOVERNANCE,NORMALIZED,authority/governance/audit/WATCHLIST_AUDIT_FOUNDATION.md,GOVERNANCE,CURRENT_AUTHORITY_DERIVED; ORIGINAL_SOURCE_IMMUTABLE,records/history/original_sources/LS-WS-0068.md,RETAINED_UNSPLIT_OR_BUNDLE_SOURCE,NOT_APPLICABLE,
LS-WS-0069,,audit/WATCHLIST_AUDIT_PROMPT_STANDARD.md,F5957FF4448B5389FB2852EC9BD98707129C897C,5964,140,md,READ_OK,LEGACY_GOVERNANCE,GOVERNANCE,NO,DERIVED_GOVERNANCE_SOURCE,authority/governance/audit/WATCHLIST_AUDIT_PROMPT_STANDARD.md,MANIFEST_CHAIN,GOVERNANCE,NORMALIZED,authority/governance/audit/WATCHLIST_AUDIT_PROMPT_STANDARD.md,GOVERNANCE,CURRENT_AUTHORITY_DERIVED; ORIGINAL_SOURCE_IMMUTABLE,records/history/original_sources/LS-WS-0069.md,RETAINED_UNSPLIT_OR_BUNDLE_SOURCE,NOT_APPLICABLE,
LS-WS-0070,,audit/WATCHLIST_AUDIT_SHORT.md,D71B2DC0C0D7ECFDEB7889366BCE0A73B32FCE20,679,23,md,READ_OK,LEGACY_GOVERNANCE,GOVERNANCE,NO,DERIVED_GOVERNANCE_SOURCE,authority/governance/audit/WATCHLIST_AUDIT_SHORT.md,MANIFEST_CHAIN,GOVERNANCE,NORMALIZED,authority/governance/audit/WATCHLIST_AUDIT_SHORT.md,GOVERNANCE,CURRENT_AUTHORITY_DERIVED; ORIGINAL_SOURCE_IMMUTABLE,records/history/original_sources/LS-WS-0070.md,RETAINED_UNSPLIT_OR_BUNDLE_SOURCE,NOT_APPLICABLE,
LS-WS-0071,,audit/WATCHLIST_CHANGE_IMPACT_MATRIX.md,D07482879CEADCD1F34578F0A3B38880E7F6AF3C,1078,59,md,READ_OK,LEGACY_GOVERNANCE,GOVERNANCE,NO,DERIVED_GOVERNANCE_SOURCE,records/history/archive/H0031_governance__WATCHLIST_CHANGE_IMPACT_MATRIX.md,EXACT_SHA,HISTORY,NORMALIZED,records/history/archive/H0031_governance__WATCHLIST_CHANGE_IMPACT_MATRIX.md,HISTORY,CURRENT_AUTHORITY_DERIVED; ORIGINAL_SOURCE_IMMUTABLE,records/history/original_sources/LS-WS-0071.md,RETAINED_UNSPLIT_OR_BUNDLE_SOURCE,NOT_APPLICABLE,
LS-WS-0072,,audit/WATCHLIST_OWNER_MATRIX.md,3C2711D6B8DD242F5245A351CBF43AC561AC0E8D,7316,152,md,READ_OK,LEGACY_GOVERNANCE,GOVERNANCE,NO,DERIVED_GOVERNANCE_SOURCE,authority/governance/WATCHLIST_OWNER_MATRIX.md,MANIFEST_CHAIN,GOVERNANCE,NORMALIZED,authority/governance/WATCHLIST_OWNER_MATRIX.md,GOVERNANCE,CURRENT_AUTHORITY_DERIVED; ORIGINAL_SOURCE_IMMUTABLE,records/history/original_sources/LS-WS-0072.md,RETAINED_UNSPLIT_OR_BUNDLE_SOURCE,NOT_APPLICABLE,
LS-WS-0073,,audit/WATCHLIST_SCOPE_LOCK.md,03C0552EFD99E0DED938567AB6A4D5A0AC75A756,1372,43,md,READ_OK,LEGACY_GOVERNANCE,GOVERNANCE,NO,DERIVED_GOVERNANCE_SOURCE,authority/strategy/WS_SCOPE_AND_SUCCESS_CRITERIA.md,MANIFEST_CHAIN,STRATEGY,NORMALIZED,authority/strategy/WS_SCOPE_AND_SUCCESS_CRITERIA.md,STRATEGY,CURRENT_AUTHORITY_DERIVED; ORIGINAL_SOURCE_IMMUTABLE,records/history/original_sources/LS-WS-0073.md,RETAINED_UNSPLIT_OR_BUNDLE_SOURCE,NOT_APPLICABLE,
LS-WS-0074,B01,audit/WS_BREAKOUT_INTEGRITY_B01_EXECUTION_AND_TARGET_ALIGNMENT.md,1473247F5FE1E6A9635A37100F4E2FA3BAF23E80,6978,175,md,READ_OK,EVIDENCE,EVIDENCE,NO,PRIMARY_ROLE_ONLY,records/evidence/runs/WS_BREAKOUT_INTEGRITY_B01_EXECUTION_AND_TARGET_ALIGNMENT.md,EXACT_SHA,EVIDENCE,NORMALIZED,records/evidence/runs/WS_BREAKOUT_INTEGRITY_B01_EXECUTION_AND_TARGET_ALIGNMENT.md,EVIDENCE,PRIMARY_ROLE_PLACEMENT_RETAINED,records/history/original_sources/LS-WS-0074.md,RETAINED_UNSPLIT_OR_BUNDLE_SOURCE,NOT_APPLICABLE,
LS-WS-0075,C02,audit/WS_C02_OPERATOR_FORENSIC_FINAL_RESULT.md,6363A0DA67D20A9B5B5834D4FAFD45D000FB806D,5644,156,md,READ_OK,FINDING,DECISION;EVIDENCE;FINDING;RESEARCH,YES,MATERIAL_MULTI_ROLE,development/findings/C02_OP_FORENSIC_FINAL_RESULT.md,EXACT_SHA,FINDING,FULLY_SPLIT_SOURCE_REMOVED,,MULTI_ROLE_SPLIT,FULL_100_PERCENT_ROLE_SPLIT; COMPOSITE_SOURCE_REMOVED; USE_LX_EXTRACTS_AND_SPLIT_CATALOG,,REMOVED_AFTER_FULL_SPLIT,FULL_100_PERCENT_SEALED,F368D01161D7B9431C66C9756C47E3F7B26D61BE
LS-WS-0076,C02,audit/WS_C02_OPERATOR_VALIDATION_COMMANDS.md,DDCD2815F344DEA430ED6ADEFDB6E8C7C909E807,9033,386,md,READ_OK,EVIDENCE_COMMAND_BUNDLE,EVIDENCE,NO,BUNDLE_OR_NAVIGATION_EXCEPTION,records/evidence/runs/C02_OP_CMDS.md,EXACT_SHA,EVIDENCE,NORMALIZED,records/evidence/runs/C02_OP_CMDS.md,EVIDENCE,PRIMARY_ROLE_PLACEMENT_RETAINED,records/history/original_sources/LS-WS-0076.md,RETAINED_UNSPLIT_OR_BUNDLE_SOURCE,NOT_APPLICABLE,
LS-WS-0077,C03,audit/WS_C03_OPERATOR_FORENSIC_FINAL_RESULT.md,9279E3945C05F737ECCB39ECF49A9D3524D0C60E,6733,234,md,READ_OK,FINDING,DECISION;EVIDENCE;FINDING;RESEARCH,YES,MATERIAL_MULTI_ROLE,development/findings/C03_OP_FORENSIC_FINAL_RESULT.md,MANIFEST_CHAIN,FINDING,FULLY_SPLIT_SOURCE_REMOVED,,MULTI_ROLE_SPLIT,FULL_100_PERCENT_ROLE_SPLIT; COMPOSITE_SOURCE_REMOVED; USE_LX_EXTRACTS_AND_SPLIT_CATALOG,,REMOVED_AFTER_FULL_SPLIT,FULL_100_PERCENT_SEALED,BD4758927B0648CB1BBA0D7DE2E2DF8EC2659C24
LS-WS-0078,C03,audit/WS_C03_OPERATOR_VALIDATION_COMMANDS.md,DDD21BBE8B5C001301678286C0B9DEE76666F0C6,9815,377,md,READ_OK,EVIDENCE_COMMAND_BUNDLE,EVIDENCE;RESEARCH,YES,ONE_DOCUMENT_ONE_AUTHORITATIVE_ROLE_MULTI_ROLE_SOURCE,records/evidence/runs/C03_OP_CMDS.md,EXACT_SHA,EVIDENCE,FULLY_SPLIT_SOURCE_REMOVED,,,"LEGACY_MULTI_ROLE_SOURCE_FULLY_DECOMPOSED; ROLE_EXTRACTS=LX-WS-0078-EVD-01,LX-WS-0078-RES-02,LX-WS-0078-CTX-03",,REMOVED_AFTER_FULL_SPLIT,FULL_100_PERCENT_SEALED,9361C691CD87EE4B1A1D14A94860A427B6F16347
LS-WS-0079,C04,audit/WS_C04_OPERATOR_FORENSIC_FINAL_RESULT.md,AD5A73E6EC1CEC665EF628623A17C4289F1F6417,7310,217,md,READ_OK,FINDING,DECISION;EVIDENCE;FINDING;RESEARCH,YES,MATERIAL_MULTI_ROLE,development/findings/C04_OP_FORENSIC_FINAL_RESULT.md,MANIFEST_CHAIN,FINDING,FULLY_SPLIT_SOURCE_REMOVED,,MULTI_ROLE_SPLIT,FULL_100_PERCENT_ROLE_SPLIT; COMPOSITE_SOURCE_REMOVED; USE_LX_EXTRACTS_AND_SPLIT_CATALOG,,REMOVED_AFTER_FULL_SPLIT,FULL_100_PERCENT_SEALED,9E4D8143DC06533FCB8436E1684AC92E43B7E4E6
LS-WS-0080,C04,audit/WS_C04_OPERATOR_VALIDATION_COMMANDS.md,412BE29332C761CF39829B14F09EC176DDA1BA7D,7318,263,md,READ_OK,EVIDENCE_COMMAND_BUNDLE,EVIDENCE,NO,BUNDLE_OR_NAVIGATION_EXCEPTION,records/evidence/runs/C04_OP_CMDS.md,EXACT_SHA,EVIDENCE,NORMALIZED,records/evidence/runs/C04_OP_CMDS.md,EVIDENCE,PRIMARY_ROLE_PLACEMENT_RETAINED,records/history/original_sources/LS-WS-0080.md,RETAINED_UNSPLIT_OR_BUNDLE_SOURCE,NOT_APPLICABLE,
LS-WS-0081,C05,audit/WS_C05_OPERATOR_FORENSIC_FINAL_RESULT.md,049A1D4A9D29FAC6B1B26505FB1E6C1806388C4E,4065,151,md,READ_OK,FINDING,DECISION;EVIDENCE;FINDING;RESEARCH,YES,MATERIAL_MULTI_ROLE,development/findings/C05_OP_FORENSIC_FINAL_RESULT.md,MANIFEST_CHAIN,FINDING,FULLY_SPLIT_SOURCE_REMOVED,,MULTI_ROLE_SPLIT,FULL_100_PERCENT_ROLE_SPLIT; COMPOSITE_SOURCE_REMOVED; USE_LX_EXTRACTS_AND_SPLIT_CATALOG,,REMOVED_AFTER_FULL_SPLIT,FULL_100_PERCENT_SEALED,44B5F468FA36D94F2F02F1E3ED4FE8828C50D986
LS-WS-0082,C05,audit/WS_C05_OPERATOR_VALIDATION_COMMANDS.md,1B4024ABC45C98E483EF325DA117C26492845D7F,3335,108,md,READ_OK,EVIDENCE_COMMAND_BUNDLE,EVIDENCE,NO,BUNDLE_OR_NAVIGATION_EXCEPTION,records/evidence/runs/C05_OP_CMDS.md,EXACT_SHA,EVIDENCE,NORMALIZED,records/evidence/runs/C05_OP_CMDS.md,EVIDENCE,PRIMARY_ROLE_PLACEMENT_RETAINED,records/history/original_sources/LS-WS-0082.md,RETAINED_UNSPLIT_OR_BUNDLE_SOURCE,NOT_APPLICABLE,
LS-WS-0083,C06,audit/WS_C06_OPERATOR_FORENSIC_FINAL_RESULT.md,908024EF4B660C1CECFF57783F92F637A4879BAE,4997,158,md,READ_OK,FINDING,DECISION;EVIDENCE;FINDING;RESEARCH,YES,MATERIAL_MULTI_ROLE,development/findings/C06_OP_FORENSIC_FINAL_RESULT.md,MANIFEST_CHAIN,FINDING,FULLY_SPLIT_SOURCE_REMOVED,,MULTI_ROLE_SPLIT,FULL_100_PERCENT_ROLE_SPLIT; COMPOSITE_SOURCE_REMOVED; USE_LX_EXTRACTS_AND_SPLIT_CATALOG,,REMOVED_AFTER_FULL_SPLIT,FULL_100_PERCENT_SEALED,1508BA8C61B70EE7B4838E87212D3199EEA7151B
LS-WS-0084,C06,audit/WS_C06_OPERATOR_VALIDATION_COMMANDS.md,D254182E44E6C1332DCD6386A4E38B9FFD5A5962,6279,219,md,READ_OK,EVIDENCE_COMMAND_BUNDLE,EVIDENCE,NO,BUNDLE_OR_NAVIGATION_EXCEPTION,records/evidence/runs/C06_OP_CMDS.md,EXACT_SHA,EVIDENCE,NORMALIZED,records/evidence/runs/C06_OP_CMDS.md,EVIDENCE,PRIMARY_ROLE_PLACEMENT_RETAINED,records/history/original_sources/LS-WS-0084.md,RETAINED_UNSPLIT_OR_BUNDLE_SOURCE,NOT_APPLICABLE,
LS-WS-0085,C07,audit/WS_C07_OPERATOR_FORENSIC_FINAL_RESULT.md,CBFBC79C0A9B4CD88D20F092D7CE2C6BB0B7E322,5742,161,md,READ_OK,FINDING,DECISION;EVIDENCE;FINDING;RESEARCH,YES,MATERIAL_MULTI_ROLE,development/findings/C07_OP_FORENSIC_FINAL_RESULT.md,MANIFEST_CHAIN,FINDING,FULLY_SPLIT_SOURCE_REMOVED,,MULTI_ROLE_SPLIT,FULL_100_PERCENT_ROLE_SPLIT; COMPOSITE_SOURCE_REMOVED; USE_LX_EXTRACTS_AND_SPLIT_CATALOG,,REMOVED_AFTER_FULL_SPLIT,FULL_100_PERCENT_SEALED,43544F95FD94092DBE04419EB3CC06E1018720AF
LS-WS-0086,C07,audit/WS_C07_OPERATOR_VALIDATION_COMMANDS.md,70F282B5ECF2B4F622212E503F9589CAA939BEC0,6600,226,md,READ_OK,EVIDENCE_COMMAND_BUNDLE,EVIDENCE,NO,BUNDLE_OR_NAVIGATION_EXCEPTION,records/evidence/runs/C07_OP_CMDS.md,EXACT_SHA,EVIDENCE,NORMALIZED,records/evidence/runs/C07_OP_CMDS.md,EVIDENCE,PRIMARY_ROLE_PLACEMENT_RETAINED,records/history/original_sources/LS-WS-0086.md,RETAINED_UNSPLIT_OR_BUNDLE_SOURCE,NOT_APPLICABLE,
LS-WS-0087,C07,audit/WS_C07_SCOPED_FAILURE_DRILLDOWN_FINAL_RESULT.md,6F392103C21EB8C0C3154E07102F2C379978E856,7105,214,md,READ_OK,FINDING,DECISION;EVIDENCE;FINDING,YES,MATERIAL_MULTI_ROLE,development/findings/C07_SCOPED_FAILURE_DRILLDOWN_FINAL_RESULT.md,MANIFEST_CHAIN,FINDING,FULLY_SPLIT_SOURCE_REMOVED,,MULTI_ROLE_SPLIT,FULL_100_PERCENT_ROLE_SPLIT; COMPOSITE_SOURCE_REMOVED; USE_LX_EXTRACTS_AND_SPLIT_CATALOG,,REMOVED_AFTER_FULL_SPLIT,FULL_100_PERCENT_SEALED,503A8033B2F3A4AF8DBFF0E71931C7B5C86CD91F
LS-WS-0088,C08,audit/WS_C08_OPERATOR_VALIDATION_COMMANDS.md,3B03775A573EDED3E05EE2E7D8DEE1C643BCE60D,2953,108,md,READ_OK,EVIDENCE_COMMAND_BUNDLE,EVIDENCE,NO,BUNDLE_OR_NAVIGATION_EXCEPTION,records/evidence/runs/C08_OP_CMDS.md,MANIFEST_CHAIN,EVIDENCE,NORMALIZED,records/evidence/runs/C08_OP_CMDS.md,EVIDENCE,PRIMARY_ROLE_PLACEMENT_RETAINED,records/history/original_sources/LS-WS-0088.md,RETAINED_UNSPLIT_OR_BUNDLE_SOURCE,NOT_APPLICABLE,
LS-WS-0089,C08+C07,audit/WS_C08_RUNTIME_PAYLOAD_AND_BATCHED_C07_DRILLDOWN_FINAL_RESULT.md,97D671941A9C910F1F5C9BF6B2FFD65C8A7BA93B,6256,196,md,READ_OK,FINDING,EVIDENCE;FINDING,YES,MATERIAL_MULTI_ROLE,records/evidence/runs/C08_RUN_PAYLOAD_AND_BATCHED_C07_DRILLDOWN_FINAL_RESULT.md,MANIFEST_CHAIN,EVIDENCE,FULLY_SPLIT_SOURCE_REMOVED,,MULTI_ROLE_SPLIT,FULL_100_PERCENT_ROLE_SPLIT; COMPOSITE_SOURCE_REMOVED; USE_LX_EXTRACTS_AND_SPLIT_CATALOG,,REMOVED_AFTER_FULL_SPLIT,FULL_100_PERCENT_SEALED,6CA0E58118A57204D64A94EA4314DFF983819F16
LS-WS-0090,C09,audit/WS_C09_NULLABLE_EVENT_CONTEXT_RUNTIME_COVERAGE_FINAL_RESULT.md,D3347DF5AE055C5F63B4C4AAB6BFCC8F98001138,6259,176,md,READ_OK,EVIDENCE,EVIDENCE;FINDING,YES,MATERIAL_MULTI_ROLE,records/evidence/runs/C09_NULLABLE_EVENT_CONTEXT_RUN_COVERAGE_FINAL_RESULT.md,MANIFEST_CHAIN,EVIDENCE,FULLY_SPLIT_SOURCE_REMOVED,,MULTI_ROLE_SPLIT,FULL_100_PERCENT_ROLE_SPLIT; COMPOSITE_SOURCE_REMOVED; USE_LX_EXTRACTS_AND_SPLIT_CATALOG,,REMOVED_AFTER_FULL_SPLIT,FULL_100_PERCENT_SEALED,E4B0BD2DA9ECF33BF1D635AC5F5B1ECDB37BDF2C
LS-WS-0091,C09,audit/WS_C09_OPERATOR_VALIDATION_COMMANDS.md,483F16348B5561C81209A6C8BD25D7BEE88FFDAF,4407,128,md,READ_OK,EVIDENCE_COMMAND_BUNDLE,EVIDENCE,NO,BUNDLE_OR_NAVIGATION_EXCEPTION,records/evidence/runs/C09_OP_CMDS.md,MANIFEST_CHAIN,EVIDENCE,NORMALIZED,records/evidence/runs/C09_OP_CMDS.md,EVIDENCE,PRIMARY_ROLE_PLACEMENT_RETAINED,records/history/original_sources/LS-WS-0091.md,RETAINED_UNSPLIT_OR_BUNDLE_SOURCE,NOT_APPLICABLE,
LS-WS-0092,C100,audit/WS_C100_OPERATOR_VALIDATION_COMMANDS.md,FCF6E5A72402716890E993549F53BF2708C130B8,11013,238,md,READ_OK,EVIDENCE_COMMAND_BUNDLE,EVIDENCE,NO,BUNDLE_OR_NAVIGATION_EXCEPTION,records/evidence/runs/C100_OP_CMDS.md,EXACT_SHA,EVIDENCE,NORMALIZED,records/evidence/runs/C100_OP_CMDS.md,EVIDENCE,PRIMARY_ROLE_PLACEMENT_RETAINED,records/history/original_sources/LS-WS-0092.md,RETAINED_UNSPLIT_OR_BUNDLE_SOURCE,NOT_APPLICABLE,
LS-WS-0093,C100,audit/WS_C100_WEEKLY_SWING_WATCHLIST_NON_LIVE_REHEARSAL_RESULT_REVIEW.md,8E656ADA0F4E09A5FE54CD9B9A8B55B0A29E3151,11022,216,md,READ_OK,EVIDENCE,EVIDENCE,NO,PRIMARY_ROLE_ONLY,records/evidence/runs/C100_REH_RESULT.md,EXACT_SHA,EVIDENCE,NORMALIZED,records/evidence/runs/C100_REH_RESULT.md,EVIDENCE,PRIMARY_ROLE_PLACEMENT_RETAINED,records/history/original_sources/LS-WS-0093.md,RETAINED_UNSPLIT_OR_BUNDLE_SOURCE,NOT_APPLICABLE,
LS-WS-0094,C101,audit/WS_C101_OPERATOR_VALIDATION_COMMANDS.md,8B2CA82D2D45C8768D890051BF588F9E97B8D556,11409,247,md,READ_OK,EVIDENCE_COMMAND_BUNDLE,EVIDENCE,NO,BUNDLE_OR_NAVIGATION_EXCEPTION,records/evidence/runs/C101_OP_CMDS.md,EXACT_SHA,EVIDENCE,NORMALIZED,records/evidence/runs/C101_OP_CMDS.md,EVIDENCE,PRIMARY_ROLE_PLACEMENT_RETAINED,records/history/original_sources/LS-WS-0094.md,RETAINED_UNSPLIT_OR_BUNDLE_SOURCE,NOT_APPLICABLE,
LS-WS-0095,C101,audit/WS_C101_WEEKLY_SWING_WATCHLIST_NON_LIVE_REHEARSAL_OPERATOR_GO_NO_GO_REVIEW.md,3C10B1508DB48C5C2C9393943EAA8499B1B77E50,11346,224,md,READ_OK,DECISION,DECISION;EVIDENCE,YES,ONE_DOCUMENT_ONE_AUTHORITATIVE_ROLE_MULTI_ROLE_SOURCE,records/decisions/C101_REH_OP_GO_NO_GO.md,EXACT_SHA,DECISION,FULLY_SPLIT_SOURCE_REMOVED,,,"LEGACY_MULTI_ROLE_SOURCE_FULLY_DECOMPOSED; ROLE_EXTRACTS=LX-WS-0095-DEC-01,LX-WS-0095-EVD-02,LX-WS-0095-CTX-03",,REMOVED_AFTER_FULL_SPLIT,FULL_100_PERCENT_SEALED,CF5557C325BA00D172CE8BBF2E0EBD3D01FA9211
LS-WS-0096,C102,audit/WS_C102_OPERATOR_VALIDATION_COMMANDS.md,59BA3C48B754B6B46C34E971536A65D29B07CAD7,12283,257,md,READ_OK,EVIDENCE_COMMAND_BUNDLE,EVIDENCE,NO,BUNDLE_OR_NAVIGATION_EXCEPTION,records/evidence/runs/C102_OP_CMDS.md,EXACT_SHA,EVIDENCE,NORMALIZED,records/evidence/runs/C102_OP_CMDS.md,EVIDENCE,PRIMARY_ROLE_PLACEMENT_RETAINED,records/history/original_sources/LS-WS-0096.md,RETAINED_UNSPLIT_OR_BUNDLE_SOURCE,NOT_APPLICABLE,
LS-WS-0097,C102,audit/WS_C102_WEEKLY_SWING_WATCHLIST_NON_LIVE_REHEARSAL_GO_DECISION_FINALIZATION_REVIEW.md,5446A887AF61EBE5B9F237D71E69338AE250601A,13235,249,md,READ_OK,DECISION,DECISION;EVIDENCE,YES,ONE_DOCUMENT_ONE_AUTHORITATIVE_ROLE_MULTI_ROLE_SOURCE,records/decisions/C102_REH_GO_FINAL.md,EXACT_SHA,DECISION,FULLY_SPLIT_SOURCE_REMOVED,,,"LEGACY_MULTI_ROLE_SOURCE_FULLY_DECOMPOSED; ROLE_EXTRACTS=LX-WS-0097-DEC-01,LX-WS-0097-EVD-02,LX-WS-0097-CTX-03",,REMOVED_AFTER_FULL_SPLIT,FULL_100_PERCENT_SEALED,DC319470F236B605AD5DE837C46E300A30C02842
LS-WS-0098,C103,audit/WS_C103_OPERATOR_VALIDATION_COMMANDS.md,2607453A55ECC0C27E47DFE6C35D06ECFE1770B6,12654,259,md,READ_OK,EVIDENCE_COMMAND_BUNDLE,EVIDENCE,NO,BUNDLE_OR_NAVIGATION_EXCEPTION,records/evidence/runs/C103_OP_CMDS.md,EXACT_SHA,EVIDENCE,NORMALIZED,records/evidence/runs/C103_OP_CMDS.md,EVIDENCE,PRIMARY_ROLE_PLACEMENT_RETAINED,records/history/original_sources/LS-WS-0098.md,RETAINED_UNSPLIT_OR_BUNDLE_SOURCE,NOT_APPLICABLE,
LS-WS-0099,C103,audit/WS_C103_WEEKLY_SWING_WATCHLIST_NON_LIVE_REHEARSAL_COMPLETION_BOUNDARY_REVIEW.md,54D502AB14D9B841679A7D98C58DD84A2D47DB45,13698,252,md,READ_OK,DECISION,DECISION;EVIDENCE,YES,ONE_DOCUMENT_ONE_AUTHORITATIVE_ROLE_MULTI_ROLE_SOURCE,records/evidence/runs/C103_REH_DONE_BOUNDARY.md,EXACT_SHA,EVIDENCE,FULLY_SPLIT_SOURCE_REMOVED,,,"LEGACY_MULTI_ROLE_SOURCE_FULLY_DECOMPOSED; ROLE_EXTRACTS=LX-WS-0099-DEC-01,LX-WS-0099-EVD-02,LX-WS-0099-CTX-03",,REMOVED_AFTER_FULL_SPLIT,FULL_100_PERCENT_SEALED,A2AFE270083D64DD48BF6BEB393D431BD056A171
LS-WS-0100,C104,audit/WS_C104_OPERATOR_VALIDATION_COMMANDS.md,347684704F2E97694B15113866C8F012A237328D,6443,102,md,READ_OK,EVIDENCE_COMMAND_BUNDLE,EVIDENCE,NO,BUNDLE_OR_NAVIGATION_EXCEPTION,records/evidence/runs/C104_OP_CMDS.md,EXACT_SHA,EVIDENCE,NORMALIZED,records/evidence/runs/C104_OP_CMDS.md,EVIDENCE,PRIMARY_ROLE_PLACEMENT_RETAINED,records/history/original_sources/LS-WS-0100.md,RETAINED_UNSPLIT_OR_BUNDLE_SOURCE,NOT_APPLICABLE,
LS-WS-0101,C104,audit/WS_C104_WEEKLY_SWING_WATCHLIST_NON_LIVE_REHEARSAL_HANDOFF_READINESS_REVIEW.md,842FD79DADE9FC3438FE13D843912AE41DD4E143,5649,98,md,READ_OK,DECISION,DECISION,NO,ISSUED_DECISION_BUNDLE_EXCEPTION,records/evidence/runs/C104_REH_HANDOFF_READY.md,EXACT_SHA,EVIDENCE,NORMALIZED,records/decisions/C104_REH_HANDOFF_READY.md,DECISION,NORMALIZED_PRIMARY_RECORD_ROLE,records/history/original_sources/LS-WS-0101.md,RETAINED_UNSPLIT_OR_BUNDLE_SOURCE,NOT_APPLICABLE,
LS-WS-0102,C105,audit/WS_C105_OPERATOR_VALIDATION_COMMANDS.md,26AA94581E21DD9A27E013CFA1A36E7452CAF8D5,5628,93,md,READ_OK,EVIDENCE_COMMAND_BUNDLE,EVIDENCE,NO,BUNDLE_OR_NAVIGATION_EXCEPTION,records/evidence/runs/C105_OP_CMDS.md,EXACT_SHA,EVIDENCE,NORMALIZED,records/evidence/runs/C105_OP_CMDS.md,EVIDENCE,PRIMARY_ROLE_PLACEMENT_RETAINED,records/history/original_sources/LS-WS-0102.md,RETAINED_UNSPLIT_OR_BUNDLE_SOURCE,NOT_APPLICABLE,
LS-WS-0103,C105,audit/WS_C105_WEEKLY_SWING_WATCHLIST_NON_LIVE_REHEARSAL_HANDOFF_FINALIZATION_REVIEW.md,9BA85CE78537817AC2478BAB288609B2F63E49F3,5904,101,md,READ_OK,DECISION,DECISION,NO,ISSUED_DECISION_BUNDLE_EXCEPTION,records/evidence/runs/C105_REH_HANDOFF_FINAL_REVIEW.md,EXACT_SHA,EVIDENCE,NORMALIZED,records/decisions/C105_REH_HANDOFF_FINAL_REVIEW.md,DECISION,NORMALIZED_PRIMARY_RECORD_ROLE,records/history/original_sources/LS-WS-0103.md,RETAINED_UNSPLIT_OR_BUNDLE_SOURCE,NOT_APPLICABLE,
LS-WS-0104,C106,audit/WS_C106_OPERATOR_VALIDATION_COMMANDS.md,D1C92F79EC444290ECFD415138B9D0800108B417,7814,158,md,READ_OK,EVIDENCE_COMMAND_BUNDLE,EVIDENCE,NO,BUNDLE_OR_NAVIGATION_EXCEPTION,records/evidence/runs/C106_OP_CMDS.md,EXACT_SHA,EVIDENCE,NORMALIZED,records/evidence/runs/C106_OP_CMDS.md,EVIDENCE,PRIMARY_ROLE_PLACEMENT_RETAINED,records/history/original_sources/LS-WS-0104.md,RETAINED_UNSPLIT_OR_BUNDLE_SOURCE,NOT_APPLICABLE,
LS-WS-0105,C106,audit/WS_C106_WEEKLY_SWING_WATCHLIST_NON_LIVE_REHEARSAL_HANDOFF_COMPLETION_BOUNDARY_REVIEW.md,5A99E469E8F7BBEF798B2E61C4703B0CC4D83F77,6684,113,md,READ_OK,DECISION,DECISION;EVIDENCE,YES,ONE_DOCUMENT_ONE_AUTHORITATIVE_ROLE_MULTI_ROLE_SOURCE,records/evidence/runs/C106_REH_HANDOFF_DONE_BOUNDARY.md,EXACT_SHA,EVIDENCE,FULLY_SPLIT_SOURCE_REMOVED,,,"LEGACY_MULTI_ROLE_SOURCE_FULLY_DECOMPOSED; ROLE_EXTRACTS=LX-WS-0105-DEC-01,LX-WS-0105-EVD-02,LX-WS-0105-CTX-03",,REMOVED_AFTER_FULL_SPLIT,FULL_100_PERCENT_SEALED,29333914912B9EE47AA384F0D35910B2EC787F5D
LS-WS-0106,C107,audit/WS_C107_OPERATOR_VALIDATION_COMMANDS.md,223677EA44FFD2952862671CB1EE81FFC06B227F,7640,158,md,READ_OK,EVIDENCE_COMMAND_BUNDLE,DECISION;EVIDENCE,YES,ONE_DOCUMENT_ONE_AUTHORITATIVE_ROLE_MULTI_ROLE_SOURCE,records/evidence/runs/C107_OP_CMDS.md,EXACT_SHA,EVIDENCE,FULLY_SPLIT_SOURCE_REMOVED,,,"LEGACY_MULTI_ROLE_SOURCE_FULLY_DECOMPOSED; ROLE_EXTRACTS=LX-WS-0106-DEC-01,LX-WS-0106-EVD-02,LX-WS-0106-CTX-03",,REMOVED_AFTER_FULL_SPLIT,FULL_100_PERCENT_SEALED,493F7ECB8003AD336C323E7D3CDB9F895C830ED7
LS-WS-0107,C107,audit/WS_C107_WEEKLY_SWING_WATCHLIST_NON_LIVE_REHEARSAL_HANDOFF_CLOSURE_SEAL_REVIEW.md,205FE2905A790274277827198EAB3B29840BB896,6515,113,md,READ_OK,DECISION,DECISION;EVIDENCE,YES,ONE_DOCUMENT_ONE_AUTHORITATIVE_ROLE_MULTI_ROLE_SOURCE,records/evidence/runs/C107_REH_HANDOFF_CLOSURE_SEAL_REVIEW.md,EXACT_SHA,EVIDENCE,FULLY_SPLIT_SOURCE_REMOVED,,,"LEGACY_MULTI_ROLE_SOURCE_FULLY_DECOMPOSED; ROLE_EXTRACTS=LX-WS-0107-DEC-01,LX-WS-0107-EVD-02,LX-WS-0107-CTX-03",,REMOVED_AFTER_FULL_SPLIT,FULL_100_PERCENT_SEALED,CA70753CCF59BC9ADC58AC1BAECC0B21BC3EFF4F
LS-WS-0108,C108,audit/WS_C108_OPERATOR_VALIDATION_COMMANDS.md,A3D847D892A335E4E09283F679B166D2803925DE,7661,158,md,READ_OK,EVIDENCE_COMMAND_BUNDLE,DECISION;EVIDENCE,YES,ONE_DOCUMENT_ONE_AUTHORITATIVE_ROLE_MULTI_ROLE_SOURCE,records/evidence/runs/C108_OP_CMDS.md,EXACT_SHA,EVIDENCE,FULLY_SPLIT_SOURCE_REMOVED,,,"LEGACY_MULTI_ROLE_SOURCE_FULLY_DECOMPOSED; ROLE_EXTRACTS=LX-WS-0108-DEC-01,LX-WS-0108-EVD-02,LX-WS-0108-CTX-03",,REMOVED_AFTER_FULL_SPLIT,FULL_100_PERCENT_SEALED,1E1BF7C02CDC47200B5A00A216C301F1A74E6FFF
LS-WS-0109,C108,audit/WS_C108_WEEKLY_SWING_WATCHLIST_NON_LIVE_REHEARSAL_HANDOFF_AUDIT_ARCHIVE_REVIEW.md,EC6DC718AA4B0924A8274894C19DC4368D59F554,6492,115,md,READ_OK,EVIDENCE,EVIDENCE,NO,PRIMARY_ROLE_ONLY,records/evidence/runs/C108_REH_ARCH_REVIEW.md,EXACT_SHA,EVIDENCE,NORMALIZED,records/evidence/runs/C108_REH_ARCH_REVIEW.md,EVIDENCE,PRIMARY_ROLE_PLACEMENT_RETAINED,records/history/original_sources/LS-WS-0109.md,RETAINED_UNSPLIT_OR_BUNDLE_SOURCE,NOT_APPLICABLE,
LS-WS-0110,C109,audit/WS_C109_OPERATOR_VALIDATION_COMMANDS.md,88FC86339619C438934652B8AA4F4E38FA107469,13615,287,md,READ_OK,EVIDENCE_COMMAND_BUNDLE,EVIDENCE,NO,BUNDLE_OR_NAVIGATION_EXCEPTION,records/evidence/runs/C109_OP_CMDS.md,EXACT_SHA,EVIDENCE,NORMALIZED,records/evidence/runs/C109_OP_CMDS.md,EVIDENCE,PRIMARY_ROLE_PLACEMENT_RETAINED,records/history/original_sources/LS-WS-0110.md,RETAINED_UNSPLIT_OR_BUNDLE_SOURCE,NOT_APPLICABLE,
LS-WS-0111,C109,audit/WS_C109_WEEKLY_SWING_WATCHLIST_NON_LIVE_REHEARSAL_HANDOFF_AUDIT_ARCHIVE_COMPLETION_REVIEW.md,4D1458F26DB4FF5B1E875BC9722D5B5D2D448C4D,9096,161,md,READ_OK,EVIDENCE,EVIDENCE,NO,PRIMARY_ROLE_ONLY,records/evidence/runs/C109_REH_ARCH_REVIEW.md,EXACT_SHA,EVIDENCE,NORMALIZED,records/evidence/runs/C109_REH_ARCH_REVIEW.md,EVIDENCE,PRIMARY_ROLE_PLACEMENT_RETAINED,records/history/original_sources/LS-WS-0111.md,RETAINED_UNSPLIT_OR_BUNDLE_SOURCE,NOT_APPLICABLE,
LS-WS-0112,C10,audit/WS_C10_EXIT_MODEL_DIAGNOSTIC_FINAL_RESULT.md,AF2502FC2B19145567BC0854F904E6985C4F636A,5364,160,md,READ_OK,FINDING,EVIDENCE;FINDING,YES,MATERIAL_MULTI_ROLE,development/findings/C10_EXIT_MODEL_DIAGNOSTIC_FINAL_RESULT.md,MANIFEST_CHAIN,FINDING,FULLY_SPLIT_SOURCE_REMOVED,,MULTI_ROLE_SPLIT,FULL_100_PERCENT_ROLE_SPLIT; COMPOSITE_SOURCE_REMOVED; USE_LX_EXTRACTS_AND_SPLIT_CATALOG,,REMOVED_AFTER_FULL_SPLIT,FULL_100_PERCENT_SEALED,DEC6B33F8D80E669BACAE14D2228F33AB139DE5C
LS-WS-0113,C10,audit/WS_C10_OPERATOR_VALIDATION_COMMANDS.md,BABDD679E913B558A218EE4AC015CBF9FFB276FE,3516,126,md,READ_OK,EVIDENCE_COMMAND_BUNDLE,EVIDENCE,NO,BUNDLE_OR_NAVIGATION_EXCEPTION,records/evidence/runs/C10_OP_CMDS.md,MANIFEST_CHAIN,EVIDENCE,NORMALIZED,records/evidence/runs/C10_OP_CMDS.md,EVIDENCE,PRIMARY_ROLE_PLACEMENT_RETAINED,records/history/original_sources/LS-WS-0113.md,RETAINED_UNSPLIT_OR_BUNDLE_SOURCE,NOT_APPLICABLE,
LS-WS-0114,C110,audit/WS_C110_OPERATOR_VALIDATION_COMMANDS.md,F855C04A41825FD50C70FFA4BA0BB8163B7F94F1,14155,298,md,READ_OK,EVIDENCE_COMMAND_BUNDLE,DECISION;EVIDENCE,YES,ONE_DOCUMENT_ONE_AUTHORITATIVE_ROLE_MULTI_ROLE_SOURCE,records/evidence/runs/C110_OP_CMDS.md,EXACT_SHA,EVIDENCE,FULLY_SPLIT_SOURCE_REMOVED,,,"LEGACY_MULTI_ROLE_SOURCE_FULLY_DECOMPOSED; ROLE_EXTRACTS=LX-WS-0114-DEC-01,LX-WS-0114-EVD-02,LX-WS-0114-CTX-03",,REMOVED_AFTER_FULL_SPLIT,FULL_100_PERCENT_SEALED,6411C6615E85C8680A6E1A20BB8E448A245E85CF
LS-WS-0115,C110,audit/WS_C110_WEEKLY_SWING_WATCHLIST_NON_LIVE_REHEARSAL_HANDOFF_AUDIT_ARCHIVE_COMPLETION_SEAL_REVIEW.md,91F28B21F5B049A4A6235AA74B19E242AE7663EA,9437,160,md,READ_OK,EVIDENCE,EVIDENCE,NO,PRIMARY_ROLE_ONLY,records/evidence/runs/C110_REH_ARCH_SEAL_REVIEW.md,EXACT_SHA,EVIDENCE,NORMALIZED,records/evidence/runs/C110_REH_ARCH_SEAL_REVIEW.md,EVIDENCE,PRIMARY_ROLE_PLACEMENT_RETAINED,records/history/original_sources/LS-WS-0115.md,RETAINED_UNSPLIT_OR_BUNDLE_SOURCE,NOT_APPLICABLE,
LS-WS-0116,C111,audit/WS_C111_OPERATOR_VALIDATION_COMMANDS.md,ADF7D28572E09CC0AD5FEB97844A76678B7EFCDB,14258,307,md,READ_OK,EVIDENCE_COMMAND_BUNDLE,DECISION;EVIDENCE,YES,ONE_DOCUMENT_ONE_AUTHORITATIVE_ROLE_MULTI_ROLE_SOURCE,records/evidence/runs/C111_OP_CMDS.md,EXACT_SHA,EVIDENCE,FULLY_SPLIT_SOURCE_REMOVED,,,"LEGACY_MULTI_ROLE_SOURCE_FULLY_DECOMPOSED; ROLE_EXTRACTS=LX-WS-0116-DEC-01,LX-WS-0116-EVD-02,LX-WS-0116-CTX-03",,REMOVED_AFTER_FULL_SPLIT,FULL_100_PERCENT_SEALED,CCCC88587B7B82409255BEFE50339CFEF92600B0
LS-WS-0117,C111,audit/WS_C111_WEEKLY_SWING_WATCHLIST_NON_LIVE_REHEARSAL_HANDOFF_AUDIT_ARCHIVE_FINAL_CLOSURE_REVIEW.md,8116EE07CF0A26CBB3F454A780D9C5CE284DA31A,11236,191,md,READ_OK,DECISION,DECISION;EVIDENCE,YES,ONE_DOCUMENT_ONE_AUTHORITATIVE_ROLE_MULTI_ROLE_SOURCE,records/decisions/C111_REH_ARCH_FINAL_CLOSE.md,EXACT_SHA,DECISION,FULLY_SPLIT_SOURCE_REMOVED,,,"LEGACY_MULTI_ROLE_SOURCE_FULLY_DECOMPOSED; ROLE_EXTRACTS=LX-WS-0117-DEC-01,LX-WS-0117-EVD-02,LX-WS-0117-CTX-03",,REMOVED_AFTER_FULL_SPLIT,FULL_100_PERCENT_SEALED,00EA61F5E814C6EFE1406C2A405F3C5B9B7E9D68
LS-WS-0118,C112,audit/WS_C112_OPERATOR_VALIDATION_COMMANDS.md,C9A9F2C598EBF06284264F44761CF94A0A24767B,10321,239,md,READ_OK,EVIDENCE_COMMAND_BUNDLE,DECISION;EVIDENCE,YES,ONE_DOCUMENT_ONE_AUTHORITATIVE_ROLE_MULTI_ROLE_SOURCE,records/evidence/runs/C112_OP_CMDS.md,EXACT_SHA,EVIDENCE,FULLY_SPLIT_SOURCE_REMOVED,,,"LEGACY_MULTI_ROLE_SOURCE_FULLY_DECOMPOSED; ROLE_EXTRACTS=LX-WS-0118-DEC-01,LX-WS-0118-EVD-02,LX-WS-0118-CTX-03",,REMOVED_AFTER_FULL_SPLIT,FULL_100_PERCENT_SEALED,21D3054769D5144044070F79EE3456A1F60A35B4
LS-WS-0119,C112,audit/WS_C112_WEEKLY_SWING_WATCHLIST_PRODUCTION_PHASE_APPROVAL_REVIEW.md,053F23D7E07712F08172A00A130B4E2615AD5CED,7870,140,md,READ_OK,DECISION,DECISION;EVIDENCE,YES,ONE_DOCUMENT_ONE_AUTHORITATIVE_ROLE_MULTI_ROLE_SOURCE,records/decisions/C112_PROD_APPROVAL.md,EXACT_SHA,DECISION,FULLY_SPLIT_SOURCE_REMOVED,,,"LEGACY_MULTI_ROLE_SOURCE_FULLY_DECOMPOSED; ROLE_EXTRACTS=LX-WS-0119-DEC-01,LX-WS-0119-EVD-02,LX-WS-0119-CTX-03",,REMOVED_AFTER_FULL_SPLIT,FULL_100_PERCENT_SEALED,2EE313BE297F7546735E61EE17CB48007E753C86
LS-WS-0120,C113,audit/WS_C113_OPERATOR_VALIDATION_COMMANDS.md,4398902C587DC337D5045759255FC50E49F2C52C,14272,365,md,READ_OK,EVIDENCE_COMMAND_BUNDLE,EVIDENCE,NO,BUNDLE_OR_NAVIGATION_EXCEPTION,records/evidence/runs/C113_OP_CMDS.md,EXACT_SHA,EVIDENCE,NORMALIZED,records/evidence/runs/C113_OP_CMDS.md,EVIDENCE,PRIMARY_ROLE_PLACEMENT_RETAINED,records/history/original_sources/LS-WS-0120.md,RETAINED_UNSPLIT_OR_BUNDLE_SOURCE,NOT_APPLICABLE,
LS-WS-0121,C113,audit/WS_C113_WEEKLY_SWING_WATCHLIST_PRODUCTION_READINESS_REVIEW.md,06C06B0A746AA41369A1B53E563176C10CB50768,9615,180,md,READ_OK,DECISION,DECISION;EVIDENCE,YES,ONE_DOCUMENT_ONE_AUTHORITATIVE_ROLE_MULTI_ROLE_SOURCE,records/evidence/runs/C113_PROD_READY.md,EXACT_SHA,EVIDENCE,FULLY_SPLIT_SOURCE_REMOVED,,,"LEGACY_MULTI_ROLE_SOURCE_FULLY_DECOMPOSED; ROLE_EXTRACTS=LX-WS-0121-DEC-01,LX-WS-0121-EVD-02,LX-WS-0121-CTX-03",,REMOVED_AFTER_FULL_SPLIT,FULL_100_PERCENT_SEALED,91A65C13A960625608E80AFEF9ED496682A335C1
LS-WS-0122,C114,audit/WS_C114_OPERATOR_VALIDATION_COMMANDS.md,3127AE81C7C2DF373780A62890E314F4C8430285,14925,367,md,READ_OK,EVIDENCE_COMMAND_BUNDLE,DECISION;EVIDENCE,YES,ONE_DOCUMENT_ONE_AUTHORITATIVE_ROLE_MULTI_ROLE_SOURCE,records/evidence/runs/C114_OP_CMDS.md,EXACT_SHA,EVIDENCE,FULLY_SPLIT_SOURCE_REMOVED,,,"LEGACY_MULTI_ROLE_SOURCE_FULLY_DECOMPOSED; ROLE_EXTRACTS=LX-WS-0122-DEC-01,LX-WS-0122-EVD-02,LX-WS-0122-CTX-03",,REMOVED_AFTER_FULL_SPLIT,FULL_100_PERCENT_SEALED,A59539E1572634150D8E744614F8A4A173B423AA
LS-WS-0123,C114,audit/WS_C114_WEEKLY_SWING_WATCHLIST_PRODUCTION_RUNTIME_WIRING_READINESS_REVIEW.md,B10AAD7EB8854B0E26CBF9E5BD151EF79F378ADC,12506,231,md,READ_OK,DECISION,DECISION;EVIDENCE,YES,ONE_DOCUMENT_ONE_AUTHORITATIVE_ROLE_MULTI_ROLE_SOURCE,records/evidence/runs/C114_PROD_RUN_WIRING_READY.md,EXACT_SHA,EVIDENCE,FULLY_SPLIT_SOURCE_REMOVED,,,"LEGACY_MULTI_ROLE_SOURCE_FULLY_DECOMPOSED; ROLE_EXTRACTS=LX-WS-0123-DEC-01,LX-WS-0123-EVD-02,LX-WS-0123-CTX-03",,REMOVED_AFTER_FULL_SPLIT,FULL_100_PERCENT_SEALED,C21AB83C6746620D5FDA76F9B17BE2ABE46E0DE8
LS-WS-0124,C115,audit/WS_C115_OPERATOR_VALIDATION_COMMANDS.md,1302D2B09E9E841D637E28D2C7F17C6A202272D1,10911,272,md,READ_OK,EVIDENCE_COMMAND_BUNDLE,EVIDENCE,NO,BUNDLE_OR_NAVIGATION_EXCEPTION,records/evidence/runs/C115_OP_CMDS.md,EXACT_SHA,EVIDENCE,NORMALIZED,records/evidence/runs/C115_OP_CMDS.md,EVIDENCE,PRIMARY_ROLE_PLACEMENT_RETAINED,records/history/original_sources/LS-WS-0124.md,RETAINED_UNSPLIT_OR_BUNDLE_SOURCE,NOT_APPLICABLE,
LS-WS-0125,C115,audit/WS_C115_WEEKLY_SWING_WATCHLIST_CONTROLLED_RUNTIME_WIRING_EXECUTION_APPROVAL_REVIEW.md,18F63BEF00539CB069A353C2E67F1849A3123249,8189,148,md,READ_OK,DECISION,DECISION;EVIDENCE,YES,ONE_DOCUMENT_ONE_AUTHORITATIVE_ROLE_MULTI_ROLE_SOURCE,records/decisions/C115_WIRING_EXEC_APPROVAL.md,EXACT_SHA,DECISION,FULLY_SPLIT_SOURCE_REMOVED,,,"LEGACY_MULTI_ROLE_SOURCE_FULLY_DECOMPOSED; ROLE_EXTRACTS=LX-WS-0125-DEC-01,LX-WS-0125-EVD-02,LX-WS-0125-CTX-03",,REMOVED_AFTER_FULL_SPLIT,FULL_100_PERCENT_SEALED,83ED358F53A653BA7946FAE4F88835AD4FF6892E
LS-WS-0126,C116,audit/WS_C116_OPERATOR_VALIDATION_COMMANDS.md,16544F259500E50DBC77117FCC461B3D88927497,10346,260,md,READ_OK,EVIDENCE_COMMAND_BUNDLE,EVIDENCE,NO,BUNDLE_OR_NAVIGATION_EXCEPTION,records/evidence/runs/C116_OP_CMDS.md,EXACT_SHA,EVIDENCE,NORMALIZED,records/evidence/runs/C116_OP_CMDS.md,EVIDENCE,PRIMARY_ROLE_PLACEMENT_RETAINED,records/history/original_sources/LS-WS-0126.md,RETAINED_UNSPLIT_OR_BUNDLE_SOURCE,NOT_APPLICABLE,
LS-WS-0127,C116,audit/WS_C116_WEEKLY_SWING_WATCHLIST_CONTROLLED_RUNTIME_WIRING_EXECUTION_REVIEW.md,AF6472DEC0459572B8838E8BFC30C78EBC53A9CF,8185,153,md,READ_OK,EVIDENCE,EVIDENCE,NO,PRIMARY_ROLE_ONLY,records/evidence/runs/C116_WIRING_EXEC_REVIEW.md,EXACT_SHA,EVIDENCE,NORMALIZED,records/evidence/runs/C116_WIRING_EXEC_REVIEW.md,EVIDENCE,PRIMARY_ROLE_PLACEMENT_RETAINED,records/history/original_sources/LS-WS-0127.md,RETAINED_UNSPLIT_OR_BUNDLE_SOURCE,NOT_APPLICABLE,
LS-WS-0128,C117,audit/WS_C117_OPERATOR_VALIDATION_COMMANDS.md,56FD64E6E305B620FBB8605A3BA7CDE309C195A5,4707,115,md,READ_OK,EVIDENCE_COMMAND_BUNDLE,EVIDENCE,NO,BUNDLE_OR_NAVIGATION_EXCEPTION,records/evidence/runs/C117_OP_CMDS.md,EXACT_SHA,EVIDENCE,NORMALIZED,records/evidence/runs/C117_OP_CMDS.md,EVIDENCE,PRIMARY_ROLE_PLACEMENT_RETAINED,records/history/original_sources/LS-WS-0128.md,RETAINED_UNSPLIT_OR_BUNDLE_SOURCE,NOT_APPLICABLE,
LS-WS-0129,C117,audit/WS_C117_WEEKLY_SWING_WATCHLIST_CONTROLLED_RUNTIME_WIRING_OBSERVATION_REVIEW.md,C475C2BB6C92833C54F1AC069F3339A9E64E10BA,8672,161,md,READ_OK,EVIDENCE,EVIDENCE,NO,PRIMARY_ROLE_ONLY,records/evidence/runs/C117_WIRING_OBS_REVIEW.md,EXACT_SHA,EVIDENCE,NORMALIZED,records/evidence/runs/C117_WIRING_OBS_REVIEW.md,EVIDENCE,PRIMARY_ROLE_PLACEMENT_RETAINED,records/history/original_sources/LS-WS-0129.md,RETAINED_UNSPLIT_OR_BUNDLE_SOURCE,NOT_APPLICABLE,
LS-WS-0130,C118,audit/WS_C118_OPERATOR_VALIDATION_COMMANDS.md,A8EA64CE2B8F246C72B3BAEF2AAAB7050040F0A6,4913,116,md,READ_OK,EVIDENCE_COMMAND_BUNDLE,EVIDENCE,NO,BUNDLE_OR_NAVIGATION_EXCEPTION,records/evidence/runs/C118_OP_CMDS.md,EXACT_SHA,EVIDENCE,NORMALIZED,records/evidence/runs/C118_OP_CMDS.md,EVIDENCE,PRIMARY_ROLE_PLACEMENT_RETAINED,records/history/original_sources/LS-WS-0130.md,RETAINED_UNSPLIT_OR_BUNDLE_SOURCE,NOT_APPLICABLE,
LS-WS-0131,C118,audit/WS_C118_WEEKLY_SWING_WATCHLIST_CONTROLLED_RUNTIME_WIRING_OBSERVATION_RESULT_REVIEW.md,7D7FFFA6E19BED19587F4AEEB3AE2FEB0944AEBF,9289,173,md,READ_OK,EVIDENCE,EVIDENCE,NO,PRIMARY_ROLE_ONLY,records/evidence/runs/C118_WIRING_OBS_RESULT.md,EXACT_SHA,EVIDENCE,NORMALIZED,records/evidence/runs/C118_WIRING_OBS_RESULT.md,EVIDENCE,PRIMARY_ROLE_PLACEMENT_RETAINED,records/history/original_sources/LS-WS-0131.md,RETAINED_UNSPLIT_OR_BUNDLE_SOURCE,NOT_APPLICABLE,
LS-WS-0132,C119,audit/WS_C119_OPERATOR_VALIDATION_COMMANDS.md,684637D60C5D407F7C69E726C6AC57F00C594425,6051,143,md,READ_OK,EVIDENCE_COMMAND_BUNDLE,EVIDENCE,NO,BUNDLE_OR_NAVIGATION_EXCEPTION,records/evidence/runs/C119_OP_CMDS.md,EXACT_SHA,EVIDENCE,NORMALIZED,records/evidence/runs/C119_OP_CMDS.md,EVIDENCE,PRIMARY_ROLE_PLACEMENT_RETAINED,records/history/original_sources/LS-WS-0132.md,RETAINED_UNSPLIT_OR_BUNDLE_SOURCE,NOT_APPLICABLE,
LS-WS-0133,C119,audit/WS_C119_WEEKLY_SWING_WATCHLIST_CONTROLLED_RUNTIME_WIRING_OPERATOR_GO_NO_GO_REVIEW.md,EFD91E72740D097699DE153C4E8B7F302479D898,9852,183,md,READ_OK,DECISION,DECISION;EVIDENCE,YES,ONE_DOCUMENT_ONE_AUTHORITATIVE_ROLE_MULTI_ROLE_SOURCE,records/decisions/C119_WIRING_OP_GO_NO_GO.md,EXACT_SHA,DECISION,FULLY_SPLIT_SOURCE_REMOVED,,,"LEGACY_MULTI_ROLE_SOURCE_FULLY_DECOMPOSED; ROLE_EXTRACTS=LX-WS-0133-DEC-01,LX-WS-0133-EVD-02,LX-WS-0133-CTX-03",,REMOVED_AFTER_FULL_SPLIT,FULL_100_PERCENT_SEALED,4EB91FA2F732DA148B135DB1185E8009D00E25EB
LS-WS-0134,C11,audit/WS_C11_EXIT_MODEL_CONTRACT_AUDIT_FINAL_RESULT.md,6B2164E8D7F311183FB92BB0ACBB638BD488B7FC,5858,164,md,READ_OK,EVIDENCE,EVIDENCE,NO,PRIMARY_ROLE_ONLY,records/evidence/runs/C11_EXIT_MODEL_CONTRACT_AUDIT_FINAL_RESULT.md,MANIFEST_CHAIN,EVIDENCE,NORMALIZED,records/evidence/runs/C11_EXIT_MODEL_CONTRACT_AUDIT_FINAL_RESULT.md,EVIDENCE,PRIMARY_ROLE_PLACEMENT_RETAINED,records/history/original_sources/LS-WS-0134.md,RETAINED_UNSPLIT_OR_BUNDLE_SOURCE,NOT_APPLICABLE,
LS-WS-0135,C11,audit/WS_C11_OPERATOR_VALIDATION_COMMANDS.md,2F77D28D19514C2A485E651EA73099383B03CCD5,3651,121,md,READ_OK,EVIDENCE_COMMAND_BUNDLE,EVIDENCE,NO,BUNDLE_OR_NAVIGATION_EXCEPTION,records/evidence/runs/C11_OP_CMDS.md,MANIFEST_CHAIN,EVIDENCE,NORMALIZED,records/evidence/runs/C11_OP_CMDS.md,EVIDENCE,PRIMARY_ROLE_PLACEMENT_RETAINED,records/history/original_sources/LS-WS-0135.md,RETAINED_UNSPLIT_OR_BUNDLE_SOURCE,NOT_APPLICABLE,
LS-WS-0136,C120,audit/WS_C120_OPERATOR_VALIDATION_COMMANDS.md,2E3B3E482C4988B93DE21EB4CA20F5275EF6F139,7586,172,md,READ_OK,EVIDENCE_COMMAND_BUNDLE,EVIDENCE,NO,BUNDLE_OR_NAVIGATION_EXCEPTION,records/evidence/runs/C120_OP_CMDS.md,EXACT_SHA,EVIDENCE,NORMALIZED,records/evidence/runs/C120_OP_CMDS.md,EVIDENCE,PRIMARY_ROLE_PLACEMENT_RETAINED,records/history/original_sources/LS-WS-0136.md,RETAINED_UNSPLIT_OR_BUNDLE_SOURCE,NOT_APPLICABLE,
LS-WS-0137,C120,audit/WS_C120_WEEKLY_SWING_WATCHLIST_CONTROLLED_RUNTIME_WIRING_GO_DECISION_FINALIZATION_REVIEW.md,E0913F45A11DD782CF3BD1522F529A137BF42C05,10724,200,md,READ_OK,DECISION,DECISION;EVIDENCE,YES,ONE_DOCUMENT_ONE_AUTHORITATIVE_ROLE_MULTI_ROLE_SOURCE,records/decisions/C120_WIRING_GO_FINAL.md,EXACT_SHA,DECISION,FULLY_SPLIT_SOURCE_REMOVED,,,"LEGACY_MULTI_ROLE_SOURCE_FULLY_DECOMPOSED; ROLE_EXTRACTS=LX-WS-0137-DEC-01,LX-WS-0137-EVD-02,LX-WS-0137-CTX-03",,REMOVED_AFTER_FULL_SPLIT,FULL_100_PERCENT_SEALED,681ADDCBAC91840D5F9F5AF6A03476F88CEB6AD7
LS-WS-0138,C121,audit/WS_C121_OPERATOR_VALIDATION_COMMANDS.md,A11BF5E5637BC820CF713765B8F8F4218C973C38,7407,169,md,READ_OK,EVIDENCE_COMMAND_BUNDLE,EVIDENCE,NO,BUNDLE_OR_NAVIGATION_EXCEPTION,records/evidence/runs/C121_OP_CMDS.md,EXACT_SHA,EVIDENCE,NORMALIZED,records/evidence/runs/C121_OP_CMDS.md,EVIDENCE,PRIMARY_ROLE_PLACEMENT_RETAINED,records/history/original_sources/LS-WS-0138.md,RETAINED_UNSPLIT_OR_BUNDLE_SOURCE,NOT_APPLICABLE,
LS-WS-0139,C121,audit/WS_C121_WEEKLY_SWING_WATCHLIST_CONTROLLED_RUNTIME_WIRING_COMPLETION_BOUNDARY_REVIEW.md,2E825B8DE279D86876BB357D2DB53A3B504008EF,9690,183,md,READ_OK,DECISION,DECISION;EVIDENCE,YES,ONE_DOCUMENT_ONE_AUTHORITATIVE_ROLE_MULTI_ROLE_SOURCE,records/evidence/runs/C121_WIRING_DONE_BOUNDARY.md,EXACT_SHA,EVIDENCE,FULLY_SPLIT_SOURCE_REMOVED,,,"LEGACY_MULTI_ROLE_SOURCE_FULLY_DECOMPOSED; ROLE_EXTRACTS=LX-WS-0139-DEC-01,LX-WS-0139-EVD-02,LX-WS-0139-CTX-03",,REMOVED_AFTER_FULL_SPLIT,FULL_100_PERCENT_SEALED,5B7E7E2682A9DDA97D4D649A61758F5C697DE400
LS-WS-0140,C122,audit/WS_C122_OPERATOR_VALIDATION_COMMANDS.md,3F2E6CC2105552A5A01DFCBF6CA019C4EE28A068,5201,134,md,READ_OK,EVIDENCE_COMMAND_BUNDLE,DECISION;EVIDENCE,YES,ONE_DOCUMENT_ONE_AUTHORITATIVE_ROLE_MULTI_ROLE_SOURCE,records/evidence/runs/C122_OP_CMDS.md,EXACT_SHA,EVIDENCE,FULLY_SPLIT_SOURCE_REMOVED,,,"LEGACY_MULTI_ROLE_SOURCE_FULLY_DECOMPOSED; ROLE_EXTRACTS=LX-WS-0140-DEC-01,LX-WS-0140-EVD-02,LX-WS-0140-CTX-03",,REMOVED_AFTER_FULL_SPLIT,FULL_100_PERCENT_SEALED,6B5739951C280F392C8049DE376366E6C0651F81
LS-WS-0141,C122,audit/WS_C122_WEEKLY_SWING_WATCHLIST_CONTROLLED_RUNTIME_WIRING_HANDOFF_READINESS_REVIEW.md,CB143FDF0113D46261E93C06688DCCFA3D69EE7A,7611,125,md,READ_OK,DECISION,DECISION;EVIDENCE,YES,ONE_DOCUMENT_ONE_AUTHORITATIVE_ROLE_MULTI_ROLE_SOURCE,records/evidence/runs/C122_WIRING_HANDOFF_READY.md,EXACT_SHA,EVIDENCE,FULLY_SPLIT_SOURCE_REMOVED,,,"LEGACY_MULTI_ROLE_SOURCE_FULLY_DECOMPOSED; ROLE_EXTRACTS=LX-WS-0141-DEC-01,LX-WS-0141-EVD-02,LX-WS-0141-CTX-03",,REMOVED_AFTER_FULL_SPLIT,FULL_100_PERCENT_SEALED,69F860A2DDEB65D1251D3C2A9E2467B544F1B79D
LS-WS-0142,C123,audit/WS_C123_OPERATOR_VALIDATION_COMMANDS.md,3FFDACED84F2A4701E8A18815760373055FE6F58,5258,133,md,READ_OK,EVIDENCE_COMMAND_BUNDLE,EVIDENCE,NO,BUNDLE_OR_NAVIGATION_EXCEPTION,records/evidence/runs/C123_OP_CMDS.md,EXACT_SHA,EVIDENCE,NORMALIZED,records/evidence/runs/C123_OP_CMDS.md,EVIDENCE,PRIMARY_ROLE_PLACEMENT_RETAINED,records/history/original_sources/LS-WS-0142.md,RETAINED_UNSPLIT_OR_BUNDLE_SOURCE,NOT_APPLICABLE,
LS-WS-0143,C123,audit/WS_C123_WEEKLY_SWING_WATCHLIST_CONTROLLED_RUNTIME_WIRING_HANDOFF_FINALIZATION_REVIEW.md,40DC452D393A02420751D151C2965239ECA6D6B4,8794,148,md,READ_OK,DECISION,DECISION;EVIDENCE,YES,ONE_DOCUMENT_ONE_AUTHORITATIVE_ROLE_MULTI_ROLE_SOURCE,records/evidence/runs/C123_WIRING_HANDOFF_FINAL_REVIEW.md,EXACT_SHA,EVIDENCE,FULLY_SPLIT_SOURCE_REMOVED,,,"LEGACY_MULTI_ROLE_SOURCE_FULLY_DECOMPOSED; ROLE_EXTRACTS=LX-WS-0143-DEC-01,LX-WS-0143-EVD-02,LX-WS-0143-CTX-03",,REMOVED_AFTER_FULL_SPLIT,FULL_100_PERCENT_SEALED,63A4B2BFBFFA248A1E696B394ECA0CEE0248A1DC
LS-WS-0144,C124,audit/WS_C124_OPERATOR_VALIDATION_COMMANDS.md,3BD1F61C0ADBCEEAED92FD50ECE89BFBA5E3AEBE,6172,151,md,READ_OK,EVIDENCE_COMMAND_BUNDLE,EVIDENCE,NO,BUNDLE_OR_NAVIGATION_EXCEPTION,records/evidence/runs/C124_OP_CMDS.md,EXACT_SHA,EVIDENCE,NORMALIZED,records/evidence/runs/C124_OP_CMDS.md,EVIDENCE,PRIMARY_ROLE_PLACEMENT_RETAINED,records/history/original_sources/LS-WS-0144.md,RETAINED_UNSPLIT_OR_BUNDLE_SOURCE,NOT_APPLICABLE,
LS-WS-0145,C124,audit/WS_C124_WEEKLY_SWING_WATCHLIST_CONTROLLED_RUNTIME_WIRING_HANDOFF_COMPLETION_BOUNDARY_REVIEW.md,5A031019DD9075D2AAF3861E2C3C2FF1190E8603,8892,135,md,READ_OK,DECISION,DECISION;EVIDENCE,YES,ONE_DOCUMENT_ONE_AUTHORITATIVE_ROLE_MULTI_ROLE_SOURCE,records/evidence/runs/C124_WIRING_HANDOFF_DONE_BOUNDARY.md,EXACT_SHA,EVIDENCE,FULLY_SPLIT_SOURCE_REMOVED,,,"LEGACY_MULTI_ROLE_SOURCE_FULLY_DECOMPOSED; ROLE_EXTRACTS=LX-WS-0145-DEC-01,LX-WS-0145-EVD-02,LX-WS-0145-CTX-03",,REMOVED_AFTER_FULL_SPLIT,FULL_100_PERCENT_SEALED,357BCA050A2E34B7198372BBF73F7FA1BDDD4925
LS-WS-0146,C125,audit/WS_C125_OPERATOR_VALIDATION_COMMANDS.md,DB1F5C52AD8C4AD53EC7845C59C2A6151F033FFD,9474,193,md,READ_OK,EVIDENCE_COMMAND_BUNDLE,DECISION;EVIDENCE,YES,ONE_DOCUMENT_ONE_AUTHORITATIVE_ROLE_MULTI_ROLE_SOURCE,records/evidence/runs/C125_OP_CMDS.md,EXACT_SHA,EVIDENCE,FULLY_SPLIT_SOURCE_REMOVED,,,"LEGACY_MULTI_ROLE_SOURCE_FULLY_DECOMPOSED; ROLE_EXTRACTS=LX-WS-0146-DEC-01,LX-WS-0146-EVD-02,LX-WS-0146-CTX-03",,REMOVED_AFTER_FULL_SPLIT,FULL_100_PERCENT_SEALED,96077F60134843E70F08A0819CE7B9C110AFA7FC
LS-WS-0147,C125,audit/WS_C125_WEEKLY_SWING_WATCHLIST_CONTROLLED_RUNTIME_WIRING_HANDOFF_CLOSURE_SEAL_REVIEW.md,81968C080D886D0D2406F8A2115AE9BFAD14B7CF,7665,127,md,READ_OK,DECISION,DECISION;EVIDENCE,YES,ONE_DOCUMENT_ONE_AUTHORITATIVE_ROLE_MULTI_ROLE_SOURCE,records/evidence/runs/C125_WIRING_HANDOFF_CLOSURE_SEAL_REVIEW.md,EXACT_SHA,EVIDENCE,FULLY_SPLIT_SOURCE_REMOVED,,,"LEGACY_MULTI_ROLE_SOURCE_FULLY_DECOMPOSED; ROLE_EXTRACTS=LX-WS-0147-DEC-01,LX-WS-0147-EVD-02,LX-WS-0147-CTX-03",,REMOVED_AFTER_FULL_SPLIT,FULL_100_PERCENT_SEALED,B812E16A94BCDDE46ABBF672E1A6A0CA3A6683BB
LS-WS-0148,C126,audit/WS_C126_OPERATOR_VALIDATION_COMMANDS.md,05FD86E305ADD8004075382E0426F3CE6F7CB5FF,9532,193,md,READ_OK,EVIDENCE_COMMAND_BUNDLE,DECISION;EVIDENCE,YES,ONE_DOCUMENT_ONE_AUTHORITATIVE_ROLE_MULTI_ROLE_SOURCE,records/evidence/runs/C126_OP_CMDS.md,EXACT_SHA,EVIDENCE,FULLY_SPLIT_SOURCE_REMOVED,,,"LEGACY_MULTI_ROLE_SOURCE_FULLY_DECOMPOSED; ROLE_EXTRACTS=LX-WS-0148-DEC-01,LX-WS-0148-EVD-02,LX-WS-0148-CTX-03",,REMOVED_AFTER_FULL_SPLIT,FULL_100_PERCENT_SEALED,CD6ADF7087560F9F7EFF02FB4961E5A60DDA123C
LS-WS-0149,C126,audit/WS_C126_WEEKLY_SWING_WATCHLIST_CONTROLLED_RUNTIME_WIRING_HANDOFF_AUDIT_ARCHIVE_REVIEW.md,E25A626CA032DCCCD517A13F527A263E3BE5CF0E,7723,129,md,READ_OK,EVIDENCE,EVIDENCE,NO,PRIMARY_ROLE_ONLY,records/evidence/runs/C126_WIRING_ARCH_REVIEW.md,EXACT_SHA,EVIDENCE,NORMALIZED,records/evidence/runs/C126_WIRING_ARCH_REVIEW.md,EVIDENCE,PRIMARY_ROLE_PLACEMENT_RETAINED,records/history/original_sources/LS-WS-0149.md,RETAINED_UNSPLIT_OR_BUNDLE_SOURCE,NOT_APPLICABLE,
LS-WS-0150,C127,audit/WS_C127_OPERATOR_VALIDATION_COMMANDS.md,2E588A0332F35951A684BE84C6EE9A911A22362E,5928,128,md,READ_OK,EVIDENCE_COMMAND_BUNDLE,EVIDENCE,NO,BUNDLE_OR_NAVIGATION_EXCEPTION,records/evidence/runs/C127_OP_CMDS.md,EXACT_SHA,EVIDENCE,NORMALIZED,records/evidence/runs/C127_OP_CMDS.md,EVIDENCE,PRIMARY_ROLE_PLACEMENT_RETAINED,records/history/original_sources/LS-WS-0150.md,RETAINED_UNSPLIT_OR_BUNDLE_SOURCE,NOT_APPLICABLE,
LS-WS-0151,C127,audit/WS_C127_WEEKLY_SWING_WATCHLIST_CONTROLLED_RUNTIME_WIRING_HANDOFF_AUDIT_ARCHIVE_COMPLETION_REVIEW.md,46E84E7D55B076BBDFCCC7CD55515D5641BFC377,8110,127,md,READ_OK,EVIDENCE,EVIDENCE,NO,PRIMARY_ROLE_ONLY,records/evidence/runs/C127_WIRING_ARCH_REVIEW.md,EXACT_SHA,EVIDENCE,NORMALIZED,records/evidence/runs/C127_WIRING_ARCH_REVIEW.md,EVIDENCE,PRIMARY_ROLE_PLACEMENT_RETAINED,records/history/original_sources/LS-WS-0151.md,RETAINED_UNSPLIT_OR_BUNDLE_SOURCE,NOT_APPLICABLE,
LS-WS-0152,C128,audit/WS_C128_OPERATOR_VALIDATION_COMMANDS.md,1902F16D432BAA29A22690D91862575D2E30C81D,5814,113,md,READ_OK,EVIDENCE_COMMAND_BUNDLE,EVIDENCE,NO,BUNDLE_OR_NAVIGATION_EXCEPTION,records/evidence/runs/C128_OP_CMDS.md,EXACT_SHA,EVIDENCE,NORMALIZED,records/evidence/runs/C128_OP_CMDS.md,EVIDENCE,PRIMARY_ROLE_PLACEMENT_RETAINED,records/history/original_sources/LS-WS-0152.md,RETAINED_UNSPLIT_OR_BUNDLE_SOURCE,NOT_APPLICABLE,
LS-WS-0153,C128,audit/WS_C128_WEEKLY_SWING_WATCHLIST_CONTROLLED_RUNTIME_WIRING_HANDOFF_AUDIT_ARCHIVE_COMPLETION_SEAL_REVIEW.md,78B2C5B803CAD9935AFFC58E3DBA3F5F8E3B1B1B,6671,101,md,READ_OK,EVIDENCE,EVIDENCE,NO,PRIMARY_ROLE_ONLY,records/evidence/runs/C128_WIRING_ARCH_SEAL_REVIEW.md,EXACT_SHA,EVIDENCE,NORMALIZED,records/evidence/runs/C128_WIRING_ARCH_SEAL_REVIEW.md,EVIDENCE,PRIMARY_ROLE_PLACEMENT_RETAINED,records/history/original_sources/LS-WS-0153.md,RETAINED_UNSPLIT_OR_BUNDLE_SOURCE,NOT_APPLICABLE,
LS-WS-0154,C129,audit/WS_C129_OPERATOR_VALIDATION_COMMANDS.md,47981119B8223DB3F3399EAE959F7DF8127A99C4,5686,112,md,READ_OK,EVIDENCE_COMMAND_BUNDLE,EVIDENCE,NO,BUNDLE_OR_NAVIGATION_EXCEPTION,records/evidence/runs/C129_OP_CMDS.md,EXACT_SHA,EVIDENCE,NORMALIZED,records/evidence/runs/C129_OP_CMDS.md,EVIDENCE,PRIMARY_ROLE_PLACEMENT_RETAINED,records/history/original_sources/LS-WS-0154.md,RETAINED_UNSPLIT_OR_BUNDLE_SOURCE,NOT_APPLICABLE,
LS-WS-0155,C129,audit/WS_C129_WEEKLY_SWING_WATCHLIST_CONTROLLED_RUNTIME_WIRING_HANDOFF_AUDIT_ARCHIVE_FINAL_CLOSURE_REVIEW.md,CE5AD635D76A71E2FA2912702E8FD66C25D10F9E,6438,101,md,READ_OK,DECISION,DECISION;EVIDENCE,YES,ONE_DOCUMENT_ONE_AUTHORITATIVE_ROLE_MULTI_ROLE_SOURCE,records/decisions/C129_WIRING_ARCH_FINAL_CLOSE.md,EXACT_SHA,DECISION,FULLY_SPLIT_SOURCE_REMOVED,,,"LEGACY_MULTI_ROLE_SOURCE_FULLY_DECOMPOSED; ROLE_EXTRACTS=LX-WS-0155-DEC-01,LX-WS-0155-EVD-02,LX-WS-0155-CTX-03",,REMOVED_AFTER_FULL_SPLIT,FULL_100_PERCENT_SEALED,E635A7842AB4A15FD61B0257995D70C73150311F
LS-WS-0156,C12,audit/WS_C12_EXIT_MODEL_REDESIGN_CONTRACT_FINAL_RESULT.md,C69833912671352F380C47DF06A5AAF5EF12120C,6081,164,md,READ_OK,RESEARCH,RESEARCH,NO,PRIMARY_ROLE_ONLY,development/research/C12_EXIT_MODEL_REDESIGN_CONTRACT_FINAL_RESULT.md,MANIFEST_CHAIN,RESEARCH,NORMALIZED,records/history/archive/H0265_C12_EXIT_MODEL_REDESIGN_CONTRACT_FINAL_RESULT_HISTORICAL.md,HISTORY,LEGACY_ACTIVE_CAMPAIGN_MOVED_TO_HISTORY,records/history/original_sources/LS-WS-0156.md,RETAINED_UNSPLIT_OR_BUNDLE_SOURCE,NOT_APPLICABLE,
LS-WS-0157,C12,audit/WS_C12_OPERATOR_VALIDATION_COMMANDS.md,6E278AE047035AA5B1A3E7CE37FD403E6DDBBFD3,3634,119,md,READ_OK,EVIDENCE_COMMAND_BUNDLE,EVIDENCE;RESEARCH,YES,ONE_DOCUMENT_ONE_AUTHORITATIVE_ROLE_MULTI_ROLE_SOURCE,records/evidence/runs/C12_OP_CMDS.md,MANIFEST_CHAIN,EVIDENCE,FULLY_SPLIT_SOURCE_REMOVED,,,"LEGACY_MULTI_ROLE_SOURCE_FULLY_DECOMPOSED; ROLE_EXTRACTS=LX-WS-0157-EVD-01,LX-WS-0157-RES-02,LX-WS-0157-CTX-03",,REMOVED_AFTER_FULL_SPLIT,FULL_100_PERCENT_SEALED,EBA36AC4A953F9ECC243CDDE2A70095E89DDEBB9
LS-WS-0158,C130,audit/WS_C130_OPERATOR_VALIDATION_COMMANDS.md,A6D214B2948BE30518FDDDBA5306BEAF0A110271,2628,57,md,READ_OK,EVIDENCE_COMMAND_BUNDLE,EVIDENCE,NO,BUNDLE_OR_NAVIGATION_EXCEPTION,records/evidence/runs/C130_OP_CMDS.md,EXACT_SHA,EVIDENCE,NORMALIZED,records/evidence/runs/C130_OP_CMDS.md,EVIDENCE,PRIMARY_ROLE_PLACEMENT_RETAINED,records/history/original_sources/LS-WS-0158.md,RETAINED_UNSPLIT_OR_BUNDLE_SOURCE,NOT_APPLICABLE,
LS-WS-0159,C130,audit/WS_C130_WEEKLY_SWING_WATCHLIST_PRODUCTION_LIVE_RUNTIME_ACTIVATION_READINESS_REVIEW.md,C571C1B33D21491FCA553FEEBE4D34C921CAFB6C,4029,78,md,READ_OK,DECISION,DECISION;EVIDENCE,YES,ONE_DOCUMENT_ONE_AUTHORITATIVE_ROLE_MULTI_ROLE_SOURCE,records/evidence/runs/C130_LIVE_ACT_READY.md,EXACT_SHA,EVIDENCE,FULLY_SPLIT_SOURCE_REMOVED,,,"LEGACY_MULTI_ROLE_SOURCE_FULLY_DECOMPOSED; ROLE_EXTRACTS=LX-WS-0159-DEC-01,LX-WS-0159-EVD-02,LX-WS-0159-CTX-03",,REMOVED_AFTER_FULL_SPLIT,FULL_100_PERCENT_SEALED,7892972F4DFA9C196D1617D069F235D2F144A17E
LS-WS-0160,C131,audit/WS_C131_OPERATOR_VALIDATION_COMMANDS.md,6088163812013AE4BB5862094CFA8C243F03579A,2608,57,md,READ_OK,EVIDENCE_COMMAND_BUNDLE,EVIDENCE,NO,BUNDLE_OR_NAVIGATION_EXCEPTION,records/evidence/runs/C131_OP_CMDS.md,EXACT_SHA,EVIDENCE,NORMALIZED,records/evidence/runs/C131_OP_CMDS.md,EVIDENCE,PRIMARY_ROLE_PLACEMENT_RETAINED,records/history/original_sources/LS-WS-0160.md,RETAINED_UNSPLIT_OR_BUNDLE_SOURCE,NOT_APPLICABLE,
LS-WS-0161,C131,audit/WS_C131_WEEKLY_SWING_WATCHLIST_PRODUCTION_LIVE_RUNTIME_ACTIVATION_APPROVAL_REVIEW.md,46E30CD35722F42B4E08070851DE9D0C883BF204,4098,81,md,READ_OK,DECISION,DECISION;EVIDENCE,YES,ONE_DOCUMENT_ONE_AUTHORITATIVE_ROLE_MULTI_ROLE_SOURCE,records/decisions/C131_LIVE_ACT_APPROVAL.md,EXACT_SHA,DECISION,FULLY_SPLIT_SOURCE_REMOVED,,,"LEGACY_MULTI_ROLE_SOURCE_FULLY_DECOMPOSED; ROLE_EXTRACTS=LX-WS-0161-DEC-01,LX-WS-0161-EVD-02,LX-WS-0161-CTX-03",,REMOVED_AFTER_FULL_SPLIT,FULL_100_PERCENT_SEALED,C9214A1106808AA3F5D389F9DA6760FD16A4ACCF
LS-WS-0162,C132,audit/WS_C132_OPERATOR_VALIDATION_COMMANDS.md,502E4679B50B5D2E625D68632E2C14DA1903D00A,3088,66,md,READ_OK,EVIDENCE_COMMAND_BUNDLE,EVIDENCE,NO,BUNDLE_OR_NAVIGATION_EXCEPTION,records/evidence/runs/C132_OP_CMDS.md,EXACT_SHA,EVIDENCE,NORMALIZED,records/evidence/runs/C132_OP_CMDS.md,EVIDENCE,PRIMARY_ROLE_PLACEMENT_RETAINED,records/history/original_sources/LS-WS-0162.md,RETAINED_UNSPLIT_OR_BUNDLE_SOURCE,NOT_APPLICABLE,
LS-WS-0163,C132,audit/WS_C132_WEEKLY_SWING_WATCHLIST_PRODUCTION_LIVE_RUNTIME_ACTIVATION_EXECUTION_REVIEW.md,3E078F21240544EFCD9508040826296B5A555A25,3582,72,md,READ_OK,EVIDENCE,EVIDENCE,NO,PRIMARY_ROLE_ONLY,records/evidence/runs/C132_LIVE_ACT_EXEC_REVIEW.md,EXACT_SHA,EVIDENCE,NORMALIZED,records/evidence/runs/C132_LIVE_ACT_EXEC_REVIEW.md,EVIDENCE,PRIMARY_ROLE_PLACEMENT_RETAINED,records/history/original_sources/LS-WS-0163.md,RETAINED_UNSPLIT_OR_BUNDLE_SOURCE,NOT_APPLICABLE,
LS-WS-0164,C133,audit/WS_C133_OPERATOR_VALIDATION_COMMANDS.md,998C3AA7DC3E99DA709ECBA719DB938C480212E7,2940,64,md,READ_OK,EVIDENCE_COMMAND_BUNDLE,EVIDENCE,NO,BUNDLE_OR_NAVIGATION_EXCEPTION,records/evidence/runs/C133_OP_CMDS.md,EXACT_SHA,EVIDENCE,NORMALIZED,records/evidence/runs/C133_OP_CMDS.md,EVIDENCE,PRIMARY_ROLE_PLACEMENT_RETAINED,records/history/original_sources/LS-WS-0164.md,RETAINED_UNSPLIT_OR_BUNDLE_SOURCE,NOT_APPLICABLE,
LS-WS-0165,C133,audit/WS_C133_WEEKLY_SWING_WATCHLIST_PRODUCTION_LIVE_RUNTIME_ACTIVATION_OBSERVATION_REVIEW.md,7B360618E6BAED07570D1542F64DFFFA272F58B9,3684,73,md,READ_OK,EVIDENCE,EVIDENCE,NO,PRIMARY_ROLE_ONLY,records/evidence/runs/C133_LIVE_ACT_OBS_REVIEW.md,EXACT_SHA,EVIDENCE,NORMALIZED,records/evidence/runs/C133_LIVE_ACT_OBS_REVIEW.md,EVIDENCE,PRIMARY_ROLE_PLACEMENT_RETAINED,records/history/original_sources/LS-WS-0165.md,RETAINED_UNSPLIT_OR_BUNDLE_SOURCE,NOT_APPLICABLE,
LS-WS-0166,C134,audit/WS_C134_OPERATOR_VALIDATION_COMMANDS.md,30C57701E8170F8EE8880C0003E924A2684EFCD5,3017,64,md,READ_OK,EVIDENCE_COMMAND_BUNDLE,EVIDENCE,NO,BUNDLE_OR_NAVIGATION_EXCEPTION,records/evidence/runs/C134_OP_CMDS.md,EXACT_SHA,EVIDENCE,NORMALIZED,records/evidence/runs/C134_OP_CMDS.md,EVIDENCE,PRIMARY_ROLE_PLACEMENT_RETAINED,records/history/original_sources/LS-WS-0166.md,RETAINED_UNSPLIT_OR_BUNDLE_SOURCE,NOT_APPLICABLE,
LS-WS-0167,C134,audit/WS_C134_WEEKLY_SWING_WATCHLIST_PRODUCTION_LIVE_RUNTIME_ACTIVATION_OBSERVATION_RESULT_REVIEW.md,D46B87F090DE66B17C768D1F7155BC3F8E911920,3817,74,md,READ_OK,EVIDENCE,EVIDENCE,NO,PRIMARY_ROLE_ONLY,records/evidence/runs/C134_LIVE_ACT_OBS_RESULT.md,EXACT_SHA,EVIDENCE,NORMALIZED,records/evidence/runs/C134_LIVE_ACT_OBS_RESULT.md,EVIDENCE,PRIMARY_ROLE_PLACEMENT_RETAINED,records/history/original_sources/LS-WS-0167.md,RETAINED_UNSPLIT_OR_BUNDLE_SOURCE,NOT_APPLICABLE,
LS-WS-0168,C135,audit/WS_C135_OPERATOR_VALIDATION_COMMANDS.md,234F4C7A0DB25D4E03B3F0C6394EC9AF845CF8ED,3916,85,md,READ_OK,EVIDENCE_COMMAND_BUNDLE,EVIDENCE,NO,BUNDLE_OR_NAVIGATION_EXCEPTION,records/evidence/runs/C135_OP_CMDS.md,EXACT_SHA,EVIDENCE,NORMALIZED,records/evidence/runs/C135_OP_CMDS.md,EVIDENCE,PRIMARY_ROLE_PLACEMENT_RETAINED,records/history/original_sources/LS-WS-0168.md,RETAINED_UNSPLIT_OR_BUNDLE_SOURCE,NOT_APPLICABLE,
LS-WS-0169,C135,audit/WS_C135_WEEKLY_SWING_WATCHLIST_PRODUCTION_LIVE_RUNTIME_ACTIVATION_OPERATOR_GO_NO_GO_REVIEW.md,B32E2504B6A1881A1BE6E4E4BA1293BC12C8085A,4175,79,md,READ_OK,DECISION,DECISION;EVIDENCE,YES,ONE_DOCUMENT_ONE_AUTHORITATIVE_ROLE_MULTI_ROLE_SOURCE,records/decisions/C135_LIVE_ACT_OP_GO_NO_GO.md,EXACT_SHA,DECISION,FULLY_SPLIT_SOURCE_REMOVED,,,"LEGACY_MULTI_ROLE_SOURCE_FULLY_DECOMPOSED; ROLE_EXTRACTS=LX-WS-0169-DEC-01,LX-WS-0169-EVD-02,LX-WS-0169-CTX-03",,REMOVED_AFTER_FULL_SPLIT,FULL_100_PERCENT_SEALED,9C3FA37E91AC710945ED9BAED401D12CDA1EF2B5
LS-WS-0170,C136,audit/WS_C136_OPERATOR_VALIDATION_COMMANDS.md,4C9A6397AD129849886670783CA77AC058F52849,4151,87,md,READ_OK,EVIDENCE_COMMAND_BUNDLE,EVIDENCE,NO,BUNDLE_OR_NAVIGATION_EXCEPTION,records/evidence/runs/C136_OP_CMDS.md,EXACT_SHA,EVIDENCE,NORMALIZED,records/evidence/runs/C136_OP_CMDS.md,EVIDENCE,PRIMARY_ROLE_PLACEMENT_RETAINED,records/history/original_sources/LS-WS-0170.md,RETAINED_UNSPLIT_OR_BUNDLE_SOURCE,NOT_APPLICABLE,
LS-WS-0171,C136,audit/WS_C136_WEEKLY_SWING_WATCHLIST_PRODUCTION_LIVE_RUNTIME_ACTIVATION_GO_DECISION_FINALIZATION_REVIEW.md,1579A87BFF607FD0D38147095DDC1B12FDD4B306,4403,79,md,READ_OK,DECISION,DECISION;EVIDENCE,YES,ONE_DOCUMENT_ONE_AUTHORITATIVE_ROLE_MULTI_ROLE_SOURCE,records/decisions/C136_LIVE_ACT_GO_FINAL.md,EXACT_SHA,DECISION,FULLY_SPLIT_SOURCE_REMOVED,,,"LEGACY_MULTI_ROLE_SOURCE_FULLY_DECOMPOSED; ROLE_EXTRACTS=LX-WS-0171-DEC-01,LX-WS-0171-EVD-02,LX-WS-0171-CTX-03",,REMOVED_AFTER_FULL_SPLIT,FULL_100_PERCENT_SEALED,B7CAF49EAA8A5B322B4D49890873A48CB0AFC7A4
LS-WS-0172,C137,audit/WS_C137_OPERATOR_VALIDATION_COMMANDS.md,D505AF2568C73532F24806C904B94C47190220FE,4128,87,md,READ_OK,EVIDENCE_COMMAND_BUNDLE,EVIDENCE,NO,BUNDLE_OR_NAVIGATION_EXCEPTION,records/evidence/runs/C137_OP_CMDS.md,EXACT_SHA,EVIDENCE,NORMALIZED,records/evidence/runs/C137_OP_CMDS.md,EVIDENCE,PRIMARY_ROLE_PLACEMENT_RETAINED,records/history/original_sources/LS-WS-0172.md,RETAINED_UNSPLIT_OR_BUNDLE_SOURCE,NOT_APPLICABLE,
LS-WS-0173,C137,audit/WS_C137_WEEKLY_SWING_WATCHLIST_PRODUCTION_LIVE_RUNTIME_ACTIVATION_PRE_ACTIVATION_BOUNDARY_REVIEW.md,7FD0116934A52C96E5B01DE855E2DF6A540A2889,4763,89,md,READ_OK,DECISION,DECISION;EVIDENCE,YES,ONE_DOCUMENT_ONE_AUTHORITATIVE_ROLE_MULTI_ROLE_SOURCE,records/evidence/runs/C137_LIVE_ACT_PRE_ACT_BOUNDARY.md,EXACT_SHA,EVIDENCE,FULLY_SPLIT_SOURCE_REMOVED,,,"LEGACY_MULTI_ROLE_SOURCE_FULLY_DECOMPOSED; ROLE_EXTRACTS=LX-WS-0173-DEC-01,LX-WS-0173-EVD-02,LX-WS-0173-CTX-03",,REMOVED_AFTER_FULL_SPLIT,FULL_100_PERCENT_SEALED,2736FA7BB8AAA720FDD03DD99E6C029293C18468
LS-WS-0174,C138,audit/WS_C138_OPERATOR_VALIDATION_COMMANDS.md,7C8844E0976E24337175E950950B6082D36ECF09,4861,96,md,READ_OK,EVIDENCE_COMMAND_BUNDLE,EVIDENCE,NO,BUNDLE_OR_NAVIGATION_EXCEPTION,records/evidence/runs/C138_OP_CMDS.md,EXACT_SHA,EVIDENCE,NORMALIZED,records/evidence/runs/C138_OP_CMDS.md,EVIDENCE,PRIMARY_ROLE_PLACEMENT_RETAINED,records/history/original_sources/LS-WS-0174.md,RETAINED_UNSPLIT_OR_BUNDLE_SOURCE,NOT_APPLICABLE,
LS-WS-0175,C138,audit/WS_C138_WEEKLY_SWING_WATCHLIST_PRODUCTION_LIVE_RUNTIME_ACTIVATION_AUTHORIZATION_REVIEW.md,2ACBDDFA8974C2DED33D060715C89F82A808A78D,4707,90,md,READ_OK,DECISION,DECISION;EVIDENCE,YES,ONE_DOCUMENT_ONE_AUTHORITATIVE_ROLE_MULTI_ROLE_SOURCE,records/decisions/C138_LIVE_ACT_AUTH.md,EXACT_SHA,DECISION,FULLY_SPLIT_SOURCE_REMOVED,,,"LEGACY_MULTI_ROLE_SOURCE_FULLY_DECOMPOSED; ROLE_EXTRACTS=LX-WS-0175-DEC-01,LX-WS-0175-EVD-02,LX-WS-0175-CTX-03",,REMOVED_AFTER_FULL_SPLIT,FULL_100_PERCENT_SEALED,CB0DEEE7F0A80A8F3BB3838717CF9A4DE94CCAC7
LS-WS-0176,C139,audit/WS_C139_OPERATOR_VALIDATION_COMMANDS.md,EFA0278DC6542310630D09121B1648CAB50DC474,4957,98,md,READ_OK,EVIDENCE_COMMAND_BUNDLE,EVIDENCE,NO,BUNDLE_OR_NAVIGATION_EXCEPTION,records/evidence/runs/C139_OP_CMDS.md,EXACT_SHA,EVIDENCE,NORMALIZED,records/evidence/runs/C139_OP_CMDS.md,EVIDENCE,PRIMARY_ROLE_PLACEMENT_RETAINED,records/history/original_sources/LS-WS-0176.md,RETAINED_UNSPLIT_OR_BUNDLE_SOURCE,NOT_APPLICABLE,
LS-WS-0177,C139,audit/WS_C139_WEEKLY_SWING_WATCHLIST_PRODUCTION_LIVE_RUNTIME_ACTIVATION_EXECUTION_REVIEW.md,AE437A5CD15F58D00F7B3BBB0507AE7DBD589859,4571,87,md,READ_OK,EVIDENCE,EVIDENCE,NO,PRIMARY_ROLE_ONLY,records/evidence/runs/C139_LIVE_ACT_EXEC_REVIEW.md,EXACT_SHA,EVIDENCE,NORMALIZED,records/evidence/runs/C139_LIVE_ACT_EXEC_REVIEW.md,EVIDENCE,PRIMARY_ROLE_PLACEMENT_RETAINED,records/history/original_sources/LS-WS-0177.md,RETAINED_UNSPLIT_OR_BUNDLE_SOURCE,NOT_APPLICABLE,
LS-WS-0178,C13,audit/WS_C13_EXIT_AXIS_SUPPORT_FINAL_RESULT.md,5A609C300823BE231264CF7314BC46E18011A809,6212,158,md,READ_OK,EVIDENCE,EVIDENCE;IMPLEMENTATION,YES,MATERIAL_MULTI_ROLE,records/evidence/runs/C13_EXIT_AXIS_SUPPORT_FINAL_RESULT.md,MANIFEST_CHAIN,EVIDENCE,FULLY_SPLIT_SOURCE_REMOVED,,MULTI_ROLE_SPLIT,FULL_100_PERCENT_ROLE_SPLIT; COMPOSITE_SOURCE_REMOVED; USE_LX_EXTRACTS_AND_SPLIT_CATALOG,,REMOVED_AFTER_FULL_SPLIT,FULL_100_PERCENT_SEALED,9F90A27273707C8185A999FE0863019C28F4A225
LS-WS-0179,C13,audit/WS_C13_OPERATOR_VALIDATION_COMMANDS.md,58764272DDAE8316FC80362BAE5DAC3C023AA89F,4564,135,md,READ_OK,EVIDENCE_COMMAND_BUNDLE,EVIDENCE,NO,BUNDLE_OR_NAVIGATION_EXCEPTION,records/evidence/runs/C13_OP_CMDS.md,MANIFEST_CHAIN,EVIDENCE,NORMALIZED,records/evidence/runs/C13_OP_CMDS.md,EVIDENCE,PRIMARY_ROLE_PLACEMENT_RETAINED,records/history/original_sources/LS-WS-0179.md,RETAINED_UNSPLIT_OR_BUNDLE_SOURCE,NOT_APPLICABLE,
LS-WS-0180,C140,audit/WS_C140_OPERATOR_VALIDATION_COMMANDS.md,AB08A728C05E963143B208A38050C09BCA9A7A83,3791,76,md,READ_OK,EVIDENCE_COMMAND_BUNDLE,EVIDENCE,NO,BUNDLE_OR_NAVIGATION_EXCEPTION,records/evidence/runs/C140_OP_CMDS.md,EXACT_SHA,EVIDENCE,NORMALIZED,records/evidence/runs/C140_OP_CMDS.md,EVIDENCE,PRIMARY_ROLE_PLACEMENT_RETAINED,records/history/original_sources/LS-WS-0180.md,RETAINED_UNSPLIT_OR_BUNDLE_SOURCE,NOT_APPLICABLE,
LS-WS-0181,C140,audit/WS_C140_WEEKLY_SWING_WATCHLIST_PRODUCTION_LIVE_RUNTIME_ACTIVATION_OBSERVATION_REVIEW.md,A084F887DE245A62771F7DC1796E632B7617C49E,4080,75,md,READ_OK,EVIDENCE,EVIDENCE,NO,PRIMARY_ROLE_ONLY,records/evidence/runs/C140_LIVE_ACT_OBS_REVIEW.md,EXACT_SHA,EVIDENCE,NORMALIZED,records/evidence/runs/C140_LIVE_ACT_OBS_REVIEW.md,EVIDENCE,PRIMARY_ROLE_PLACEMENT_RETAINED,records/history/original_sources/LS-WS-0181.md,RETAINED_UNSPLIT_OR_BUNDLE_SOURCE,NOT_APPLICABLE,
LS-WS-0182,C141,audit/WS_C141_OPERATOR_VALIDATION_COMMANDS.md,9707B650D28CB68A6C497D49A6A0B2E3E612DC72,3878,76,md,READ_OK,EVIDENCE_COMMAND_BUNDLE,EVIDENCE,NO,BUNDLE_OR_NAVIGATION_EXCEPTION,records/evidence/runs/C141_OP_CMDS.md,EXACT_SHA,EVIDENCE,NORMALIZED,records/evidence/runs/C141_OP_CMDS.md,EVIDENCE,PRIMARY_ROLE_PLACEMENT_RETAINED,records/history/original_sources/LS-WS-0182.md,RETAINED_UNSPLIT_OR_BUNDLE_SOURCE,NOT_APPLICABLE,
LS-WS-0183,C141,audit/WS_C141_WEEKLY_SWING_WATCHLIST_PRODUCTION_LIVE_RUNTIME_ACTIVATION_OBSERVATION_RESULT_REVIEW.md,23FAE359E61EA52DEB17064D10A86BEBBCF77240,4728,89,md,READ_OK,EVIDENCE,EVIDENCE,NO,PRIMARY_ROLE_ONLY,records/evidence/runs/C141_LIVE_ACT_OBS_RESULT.md,EXACT_SHA,EVIDENCE,NORMALIZED,records/evidence/runs/C141_LIVE_ACT_OBS_RESULT.md,EVIDENCE,PRIMARY_ROLE_PLACEMENT_RETAINED,records/history/original_sources/LS-WS-0183.md,RETAINED_UNSPLIT_OR_BUNDLE_SOURCE,NOT_APPLICABLE,
LS-WS-0184,C142,audit/WS_C142_OPERATOR_VALIDATION_COMMANDS.md,1C0C1B9B5194BF9BA6504E0394A76C24F8CB874E,4823,96,md,READ_OK,EVIDENCE_COMMAND_BUNDLE,EVIDENCE,NO,BUNDLE_OR_NAVIGATION_EXCEPTION,records/evidence/runs/C142_OP_CMDS.md,EXACT_SHA,EVIDENCE,NORMALIZED,records/evidence/runs/C142_OP_CMDS.md,EVIDENCE,PRIMARY_ROLE_PLACEMENT_RETAINED,records/history/original_sources/LS-WS-0184.md,RETAINED_UNSPLIT_OR_BUNDLE_SOURCE,NOT_APPLICABLE,
LS-WS-0185,C142,audit/WS_C142_WEEKLY_SWING_WATCHLIST_PRODUCTION_LIVE_RUNTIME_ACTIVATION_OPERATOR_GO_NO_GO_REVIEW.md,F36CAECCF9CAC95F4FE65611931F2AB74E72E727,4933,93,md,READ_OK,DECISION,DECISION;EVIDENCE,YES,ONE_DOCUMENT_ONE_AUTHORITATIVE_ROLE_MULTI_ROLE_SOURCE,records/decisions/C142_LIVE_ACT_OP_GO_NO_GO.md,EXACT_SHA,DECISION,FULLY_SPLIT_SOURCE_REMOVED,,,"LEGACY_MULTI_ROLE_SOURCE_FULLY_DECOMPOSED; ROLE_EXTRACTS=LX-WS-0185-DEC-01,LX-WS-0185-EVD-02,LX-WS-0185-CTX-03",,REMOVED_AFTER_FULL_SPLIT,FULL_100_PERCENT_SEALED,E71848465F6BA36A03C553F645577B13EAB9EBB2
LS-WS-0186,C143,audit/WS_C143_OPERATOR_VALIDATION_COMMANDS.md,CCC065CC27C4D03F8555504E04A062DF2FBB02F3,5051,98,md,READ_OK,EVIDENCE_COMMAND_BUNDLE,EVIDENCE,NO,BUNDLE_OR_NAVIGATION_EXCEPTION,records/evidence/runs/C143_OP_CMDS.md,EXACT_SHA,EVIDENCE,NORMALIZED,records/evidence/runs/C143_OP_CMDS.md,EVIDENCE,PRIMARY_ROLE_PLACEMENT_RETAINED,records/history/original_sources/LS-WS-0186.md,RETAINED_UNSPLIT_OR_BUNDLE_SOURCE,NOT_APPLICABLE,
LS-WS-0187,C143,audit/WS_C143_WEEKLY_SWING_WATCHLIST_PRODUCTION_LIVE_RUNTIME_ACTIVATION_GO_DECISION_FINALIZATION_REVIEW.md,BCA1932C6A2DCD05200E4E56B6C45460DB2FC44B,5524,108,md,READ_OK,DECISION,DECISION;EVIDENCE,YES,ONE_DOCUMENT_ONE_AUTHORITATIVE_ROLE_MULTI_ROLE_SOURCE,records/decisions/C143_LIVE_ACT_GO_FINAL.md,EXACT_SHA,DECISION,FULLY_SPLIT_SOURCE_REMOVED,,,"LEGACY_MULTI_ROLE_SOURCE_FULLY_DECOMPOSED; ROLE_EXTRACTS=LX-WS-0187-DEC-01,LX-WS-0187-EVD-02,LX-WS-0187-CTX-03",,REMOVED_AFTER_FULL_SPLIT,FULL_100_PERCENT_SEALED,EB8E1A1E2E608C8804B6A84203B81AD042578E5C
LS-WS-0188,C144,audit/WS_C144_OPERATOR_VALIDATION_COMMANDS.md,452B4187A277058AAA03DD345CC8A0A5FE2ED167,5043,97,md,READ_OK,EVIDENCE_COMMAND_BUNDLE,EVIDENCE,NO,BUNDLE_OR_NAVIGATION_EXCEPTION,records/evidence/runs/C144_OP_CMDS.md,EXACT_SHA,EVIDENCE,NORMALIZED,records/evidence/runs/C144_OP_CMDS.md,EVIDENCE,PRIMARY_ROLE_PLACEMENT_RETAINED,records/history/original_sources/LS-WS-0188.md,RETAINED_UNSPLIT_OR_BUNDLE_SOURCE,NOT_APPLICABLE,
LS-WS-0189,C144,audit/WS_C144_WEEKLY_SWING_WATCHLIST_PRODUCTION_LIVE_RUNTIME_ACTIVATION_PRE_ACTIVATION_BOUNDARY_REVIEW.md,2E31FBCB0280D29C5F8275D39F929D36BB58E4F1,5044,99,md,READ_OK,DECISION,DECISION;EVIDENCE,YES,ONE_DOCUMENT_ONE_AUTHORITATIVE_ROLE_MULTI_ROLE_SOURCE,records/evidence/runs/C144_LIVE_ACT_PRE_ACT_BOUNDARY.md,EXACT_SHA,EVIDENCE,FULLY_SPLIT_SOURCE_REMOVED,,,"LEGACY_MULTI_ROLE_SOURCE_FULLY_DECOMPOSED; ROLE_EXTRACTS=LX-WS-0189-DEC-01,LX-WS-0189-EVD-02,LX-WS-0189-CTX-03",,REMOVED_AFTER_FULL_SPLIT,FULL_100_PERCENT_SEALED,069275B9DD86A9802E42A715C5EB1D5BC2512B01
LS-WS-0190,C145,audit/WS_C145_OPERATOR_VALIDATION_COMMANDS.md,43411EC6167C5DCCA2B146D289565E5C62185E86,4868,96,md,READ_OK,EVIDENCE_COMMAND_BUNDLE,EVIDENCE,NO,BUNDLE_OR_NAVIGATION_EXCEPTION,records/evidence/runs/C145_OP_CMDS.md,EXACT_SHA,EVIDENCE,NORMALIZED,records/evidence/runs/C145_OP_CMDS.md,EVIDENCE,PRIMARY_ROLE_PLACEMENT_RETAINED,records/history/original_sources/LS-WS-0190.md,RETAINED_UNSPLIT_OR_BUNDLE_SOURCE,NOT_APPLICABLE,
LS-WS-0191,C145,audit/WS_C145_WEEKLY_SWING_WATCHLIST_PRODUCTION_LIVE_RUNTIME_ACTIVATION_AUTHORIZATION_REVIEW.md,B70472970415F0E873D05780ADC1F2410FC64185,5055,100,md,READ_OK,DECISION,DECISION;EVIDENCE,YES,ONE_DOCUMENT_ONE_AUTHORITATIVE_ROLE_MULTI_ROLE_SOURCE,records/decisions/C145_LIVE_ACT_AUTH.md,EXACT_SHA,DECISION,FULLY_SPLIT_SOURCE_REMOVED,,,"LEGACY_MULTI_ROLE_SOURCE_FULLY_DECOMPOSED; ROLE_EXTRACTS=LX-WS-0191-DEC-01,LX-WS-0191-EVD-02,LX-WS-0191-CTX-03",,REMOVED_AFTER_FULL_SPLIT,FULL_100_PERCENT_SEALED,AAF189D49A7F4DA77163162A7D4C123A6820CB6F
LS-WS-0192,C146,audit/WS_C146_OPERATOR_VALIDATION_COMMANDS.md,5C22861BB88CECE0B706789196CCF64B49405A7C,4829,96,md,READ_OK,EVIDENCE_COMMAND_BUNDLE,EVIDENCE,NO,BUNDLE_OR_NAVIGATION_EXCEPTION,records/evidence/runs/C146_OP_CMDS.md,EXACT_SHA,EVIDENCE,NORMALIZED,records/evidence/runs/C146_OP_CMDS.md,EVIDENCE,PRIMARY_ROLE_PLACEMENT_RETAINED,records/history/original_sources/LS-WS-0192.md,RETAINED_UNSPLIT_OR_BUNDLE_SOURCE,NOT_APPLICABLE,
LS-WS-0193,C146,audit/WS_C146_WEEKLY_SWING_WATCHLIST_PRODUCTION_LIVE_RUNTIME_ACTIVATION_EXECUTION_REVIEW.md,98197BBD244957B1F8667ADCF3E4C26FB87B2D39,5373,111,md,READ_OK,EVIDENCE,EVIDENCE,NO,PRIMARY_ROLE_ONLY,records/evidence/runs/C146_LIVE_ACT_EXEC_REVIEW.md,EXACT_SHA,EVIDENCE,NORMALIZED,records/evidence/runs/C146_LIVE_ACT_EXEC_REVIEW.md,EVIDENCE,PRIMARY_ROLE_PLACEMENT_RETAINED,records/history/original_sources/LS-WS-0193.md,RETAINED_UNSPLIT_OR_BUNDLE_SOURCE,NOT_APPLICABLE,
LS-WS-0194,C147,audit/WS_C147_OPERATOR_VALIDATION_COMMANDS.md,FD4187DBF10C1DD08F351441FA3882C77278C445,3704,75,md,READ_OK,EVIDENCE_COMMAND_BUNDLE,EVIDENCE,NO,BUNDLE_OR_NAVIGATION_EXCEPTION,records/evidence/runs/C147_OP_CMDS.md,EXACT_SHA,EVIDENCE,NORMALIZED,records/evidence/runs/C147_OP_CMDS.md,EVIDENCE,PRIMARY_ROLE_PLACEMENT_RETAINED,records/history/original_sources/LS-WS-0194.md,RETAINED_UNSPLIT_OR_BUNDLE_SOURCE,NOT_APPLICABLE,
LS-WS-0195,C147,audit/WS_C147_WEEKLY_SWING_WATCHLIST_PRODUCTION_LIVE_RUNTIME_ACTIVATION_OBSERVATION_REVIEW.md,5E0565A1ACFE290E28908E6637F87D292B70517E,4940,99,md,READ_OK,EVIDENCE,EVIDENCE,NO,PRIMARY_ROLE_ONLY,records/evidence/runs/C147_LIVE_ACT_OBS_REVIEW.md,EXACT_SHA,EVIDENCE,NORMALIZED,records/evidence/runs/C147_LIVE_ACT_OBS_REVIEW.md,EVIDENCE,PRIMARY_ROLE_PLACEMENT_RETAINED,records/history/original_sources/LS-WS-0195.md,RETAINED_UNSPLIT_OR_BUNDLE_SOURCE,NOT_APPLICABLE,
LS-WS-0196,C148,audit/WS_C148_OPERATOR_VALIDATION_COMMANDS.md,C22AD150FFD8D0F7E8C409E9244F22682760F8EA,3785,75,md,READ_OK,EVIDENCE_COMMAND_BUNDLE,EVIDENCE,NO,BUNDLE_OR_NAVIGATION_EXCEPTION,records/evidence/runs/C148_OP_CMDS.md,EXACT_SHA,EVIDENCE,NORMALIZED,records/evidence/runs/C148_OP_CMDS.md,EVIDENCE,PRIMARY_ROLE_PLACEMENT_RETAINED,records/history/original_sources/LS-WS-0196.md,RETAINED_UNSPLIT_OR_BUNDLE_SOURCE,NOT_APPLICABLE,
LS-WS-0197,C148,audit/WS_C148_WEEKLY_SWING_WATCHLIST_PRODUCTION_LIVE_RUNTIME_ACTIVATION_OBSERVATION_RESULT_REVIEW.md,E01E702F0F872E258DF41172E3CD59444F31F6CF,5059,100,md,READ_OK,EVIDENCE,EVIDENCE,NO,PRIMARY_ROLE_ONLY,records/evidence/runs/C148_LIVE_ACT_OBS_RESULT.md,EXACT_SHA,EVIDENCE,NORMALIZED,records/evidence/runs/C148_LIVE_ACT_OBS_RESULT.md,EVIDENCE,PRIMARY_ROLE_PLACEMENT_RETAINED,records/history/original_sources/LS-WS-0197.md,RETAINED_UNSPLIT_OR_BUNDLE_SOURCE,NOT_APPLICABLE,
LS-WS-0198,C149,audit/WS_C149_OPERATOR_VALIDATION_COMMANDS.md,024CF6222757577A64B23562EEA75849C0BB4A30,6733,133,md,READ_OK,EVIDENCE_COMMAND_BUNDLE,EVIDENCE,NO,BUNDLE_OR_NAVIGATION_EXCEPTION,records/evidence/runs/C149_OP_CMDS.md,EXACT_SHA,EVIDENCE,NORMALIZED,records/evidence/runs/C149_OP_CMDS.md,EVIDENCE,PRIMARY_ROLE_PLACEMENT_RETAINED,records/history/original_sources/LS-WS-0198.md,RETAINED_UNSPLIT_OR_BUNDLE_SOURCE,NOT_APPLICABLE,
LS-WS-0199,C149,audit/WS_C149_WEEKLY_SWING_WATCHLIST_PRODUCTION_LIVE_RUNTIME_ACTIVATION_OPERATOR_GO_NO_GO_REVIEW.md,C8D20F4E253EF41F87CE8B571C824C7475642CFE,6550,122,md,READ_OK,DECISION,DECISION;EVIDENCE,YES,ONE_DOCUMENT_ONE_AUTHORITATIVE_ROLE_MULTI_ROLE_SOURCE,records/decisions/C149_LIVE_ACT_OP_GO_NO_GO.md,EXACT_SHA,DECISION,FULLY_SPLIT_SOURCE_REMOVED,,,"LEGACY_MULTI_ROLE_SOURCE_FULLY_DECOMPOSED; ROLE_EXTRACTS=LX-WS-0199-DEC-01,LX-WS-0199-EVD-02,LX-WS-0199-CTX-03",,REMOVED_AFTER_FULL_SPLIT,FULL_100_PERCENT_SEALED,EF3E3C1310CEB1B7C371A8651744269365E085E4
LS-WS-0200,C14,audit/WS_C14_OPERATOR_VALIDATION_COMMANDS.md,D82B2CC6DD7BEB2E5152E0590182B51ADD36EFCA,4892,192,md,READ_OK,EVIDENCE_COMMAND_BUNDLE,EVIDENCE;RESEARCH,YES,ONE_DOCUMENT_ONE_AUTHORITATIVE_ROLE_MULTI_ROLE_SOURCE,records/evidence/runs/C14_OP_CMDS.md,EXACT_SHA,EVIDENCE,FULLY_SPLIT_SOURCE_REMOVED,,,"LEGACY_MULTI_ROLE_SOURCE_FULLY_DECOMPOSED; ROLE_EXTRACTS=LX-WS-0200-EVD-01,LX-WS-0200-RES-02,LX-WS-0200-CTX-03",,REMOVED_AFTER_FULL_SPLIT,FULL_100_PERCENT_SEALED,E2F916507F96C376BC2ABC25B3620D7586A51A5E
LS-WS-0201,C14,audit/WS_C14_VARIABLE_RISK_EXIT_CATALOG_FINAL_RESULT.md,5B0AB17D2DFEF7A33C497950E8920E7BBFE0AD57,7489,232,md,READ_OK,EVIDENCE,EVIDENCE;FINDING;RESEARCH,YES,MATERIAL_MULTI_ROLE,records/evidence/runs/C14_VARIABLE_RISK_EXIT_CATALOG_FINAL_RESULT.md,MANIFEST_CHAIN,EVIDENCE,FULLY_SPLIT_SOURCE_REMOVED,,MULTI_ROLE_SPLIT,FULL_100_PERCENT_ROLE_SPLIT; COMPOSITE_SOURCE_REMOVED; USE_LX_EXTRACTS_AND_SPLIT_CATALOG,,REMOVED_AFTER_FULL_SPLIT,FULL_100_PERCENT_SEALED,72E6E577B3C5094402CBC878437261FB9626755B
LS-WS-0202,C150,audit/WS_C150_OPERATOR_VALIDATION_COMMANDS.md,F77E6ABA2D46DB42C9694457036F899AAF75AB72,6093,126,md,READ_OK,EVIDENCE_COMMAND_BUNDLE,EVIDENCE,NO,BUNDLE_OR_NAVIGATION_EXCEPTION,records/evidence/runs/C150_OP_CMDS.md,EXACT_SHA,EVIDENCE,NORMALIZED,records/evidence/runs/C150_OP_CMDS.md,EVIDENCE,PRIMARY_ROLE_PLACEMENT_RETAINED,records/history/original_sources/LS-WS-0202.md,RETAINED_UNSPLIT_OR_BUNDLE_SOURCE,NOT_APPLICABLE,
LS-WS-0203,C150,audit/WS_C150_WEEKLY_SWING_WATCHLIST_PRODUCTION_LIVE_RUNTIME_ACTIVATION_FINAL_EXECUTION.md,7C171A2E11476A84396077BA458ABB1EDE6D3BFB,5155,105,md,READ_OK,EVIDENCE,EVIDENCE,NO,PRIMARY_ROLE_ONLY,records/evidence/runs/C150_LIVE_ACT_FINAL_EXEC.md,EXACT_SHA,EVIDENCE,NORMALIZED,records/evidence/runs/C150_LIVE_ACT_FINAL_EXEC.md,EVIDENCE,PRIMARY_ROLE_PLACEMENT_RETAINED,records/history/original_sources/LS-WS-0203.md,RETAINED_UNSPLIT_OR_BUNDLE_SOURCE,NOT_APPLICABLE,
LS-WS-0204,C151,audit/WS_C151_OPERATOR_VALIDATION_COMMANDS.md,40E8141870F872FA718708DE08434BA1722711F7,4008,80,md,READ_OK,EVIDENCE_COMMAND_BUNDLE,EVIDENCE,NO,BUNDLE_OR_NAVIGATION_EXCEPTION,records/evidence/runs/C151_OP_CMDS.md,EXACT_SHA,EVIDENCE,NORMALIZED,records/evidence/runs/C151_OP_CMDS.md,EVIDENCE,PRIMARY_ROLE_PLACEMENT_RETAINED,records/history/original_sources/LS-WS-0204.md,RETAINED_UNSPLIT_OR_BUNDLE_SOURCE,NOT_APPLICABLE,
LS-WS-0205,C151,audit/WS_C151_WEEKLY_SWING_WATCHLIST_PRODUCTION_LIVE_RUNTIME_ACTIVATION_POST_EXECUTION_OBSERVATION_REVIEW.md,556A53F6BAECA81681F65ADDEE5774615440717C,4360,82,md,READ_OK,EVIDENCE,EVIDENCE,NO,PRIMARY_ROLE_ONLY,records/evidence/runs/C151_LIVE_ACT_POST_EXEC_OBS_REVIEW.md,EXACT_SHA,EVIDENCE,NORMALIZED,records/evidence/runs/C151_LIVE_ACT_POST_EXEC_OBS_REVIEW.md,EVIDENCE,PRIMARY_ROLE_PLACEMENT_RETAINED,records/history/original_sources/LS-WS-0205.md,RETAINED_UNSPLIT_OR_BUNDLE_SOURCE,NOT_APPLICABLE,
LS-WS-0206,C152,audit/WS_C152_OPERATOR_VALIDATION_COMMANDS.md,5DB0D9A4D624A85849ECF4E4B5E9E3FE24076E08,4229,83,md,READ_OK,EVIDENCE_COMMAND_BUNDLE,EVIDENCE,NO,BUNDLE_OR_NAVIGATION_EXCEPTION,records/evidence/runs/C152_OP_CMDS.md,EXACT_SHA,EVIDENCE,NORMALIZED,records/evidence/runs/C152_OP_CMDS.md,EVIDENCE,PRIMARY_ROLE_PLACEMENT_RETAINED,records/history/original_sources/LS-WS-0206.md,RETAINED_UNSPLIT_OR_BUNDLE_SOURCE,NOT_APPLICABLE,
LS-WS-0207,C152,audit/WS_C152_WEEKLY_SWING_WATCHLIST_PRODUCTION_LIVE_RUNTIME_ACTIVATION_POST_EXECUTION_OBSERVATION_RESULT_REVIEW.md,494BC8AC15D9D331A133839265E41E2321CAE848,4448,81,md,READ_OK,EVIDENCE,EVIDENCE,NO,PRIMARY_ROLE_ONLY,records/evidence/runs/C152_LIVE_ACT_POST_EXEC_OBS_RESULT.md,EXACT_SHA,EVIDENCE,NORMALIZED,records/evidence/runs/C152_LIVE_ACT_POST_EXEC_OBS_RESULT.md,EVIDENCE,PRIMARY_ROLE_PLACEMENT_RETAINED,records/history/original_sources/LS-WS-0207.md,RETAINED_UNSPLIT_OR_BUNDLE_SOURCE,NOT_APPLICABLE,
LS-WS-0208,C153,audit/WS_C153_OPERATOR_VALIDATION_COMMANDS.md,9EE6E3B82772EFEEC132CCAF4BE2C06153AD9E4E,3686,73,md,READ_OK,EVIDENCE_COMMAND_BUNDLE,EVIDENCE,NO,BUNDLE_OR_NAVIGATION_EXCEPTION,records/evidence/runs/C153_OP_CMDS.md,EXACT_SHA,EVIDENCE,NORMALIZED,records/evidence/runs/C153_OP_CMDS.md,EVIDENCE,PRIMARY_ROLE_PLACEMENT_RETAINED,records/history/original_sources/LS-WS-0208.md,RETAINED_UNSPLIT_OR_BUNDLE_SOURCE,NOT_APPLICABLE,
LS-WS-0209,C153,audit/WS_C153_WEEKLY_SWING_WATCHLIST_PRODUCTION_LIVE_RUNTIME_CONTROLLED_OUTPUT_GENERATION_BOUNDARY_REVIEW.md,E151B46BA14E4F94EDFCA17BE65C9C3D663F5D55,3982,71,md,READ_OK,DECISION,DECISION;EVIDENCE,YES,ONE_DOCUMENT_ONE_AUTHORITATIVE_ROLE_MULTI_ROLE_SOURCE,records/evidence/runs/C153_LIVE_OUTPUT_BOUNDARY.md,EXACT_SHA,EVIDENCE,FULLY_SPLIT_SOURCE_REMOVED,,,"LEGACY_MULTI_ROLE_SOURCE_FULLY_DECOMPOSED; ROLE_EXTRACTS=LX-WS-0209-DEC-01,LX-WS-0209-EVD-02,LX-WS-0209-CTX-03",,REMOVED_AFTER_FULL_SPLIT,FULL_100_PERCENT_SEALED,9EB0ECA11511099392E4BBD17337680EC6AA1066
LS-WS-0210,C154,audit/WS_C154_OPERATOR_VALIDATION_COMMANDS.md,CE3E08581D58C5932F43E10982769626E69DB60F,6048,117,md,READ_OK,EVIDENCE_COMMAND_BUNDLE,EVIDENCE,NO,BUNDLE_OR_NAVIGATION_EXCEPTION,records/evidence/runs/C154_OP_CMDS.md,EXACT_SHA,EVIDENCE,NORMALIZED,records/evidence/runs/C154_OP_CMDS.md,EVIDENCE,PRIMARY_ROLE_PLACEMENT_RETAINED,records/history/original_sources/LS-WS-0210.md,RETAINED_UNSPLIT_OR_BUNDLE_SOURCE,NOT_APPLICABLE,
LS-WS-0211,C154,audit/WS_C154_WEEKLY_SWING_WATCHLIST_PRODUCTION_LIVE_RUNTIME_CONTROLLED_OUTPUT_GENERATION_EXECUTION.md,A946BF709155CFC6CF99051AC9EB965801CF5DB7,5349,95,md,READ_OK,EVIDENCE,EVIDENCE,NO,PRIMARY_ROLE_ONLY,records/evidence/runs/C154_LIVE_OUTPUT_EXEC.md,MANIFEST_CHAIN,EVIDENCE,NORMALIZED,records/evidence/runs/C154_LIVE_OUTPUT_EXEC.md,EVIDENCE,PRIMARY_ROLE_PLACEMENT_RETAINED,records/history/original_sources/LS-WS-0211.md,RETAINED_UNSPLIT_OR_BUNDLE_SOURCE,NOT_APPLICABLE,
LS-WS-0212,C155,audit/WS_C155_OPERATOR_VALIDATION_COMMANDS.md,006D96A76F1A90A7696A8DC38AE08CC648CA1C69,6519,133,md,READ_OK,EVIDENCE_COMMAND_BUNDLE,EVIDENCE,NO,BUNDLE_OR_NAVIGATION_EXCEPTION,records/evidence/runs/C155_OP_CMDS.md,EXACT_SHA,EVIDENCE,NORMALIZED,records/evidence/runs/C155_OP_CMDS.md,EVIDENCE,PRIMARY_ROLE_PLACEMENT_RETAINED,records/history/original_sources/LS-WS-0212.md,RETAINED_UNSPLIT_OR_BUNDLE_SOURCE,NOT_APPLICABLE,
LS-WS-0213,C155,audit/WS_C155_WEEKLY_SWING_WATCHLIST_PRODUCTION_LIVE_RUNTIME_CONTROLLED_OUTPUT_GENERATION_RESULT_REVIEW.md,B431747D73C056E61A127E104E3CAE5A9A9E9135,5822,101,md,READ_OK,EVIDENCE,EVIDENCE,NO,PRIMARY_ROLE_ONLY,records/evidence/runs/C155_LIVE_OUTPUT_RESULT.md,MANIFEST_CHAIN,EVIDENCE,NORMALIZED,records/evidence/runs/C155_LIVE_OUTPUT_RESULT.md,EVIDENCE,PRIMARY_ROLE_PLACEMENT_RETAINED,records/history/original_sources/LS-WS-0213.md,RETAINED_UNSPLIT_OR_BUNDLE_SOURCE,NOT_APPLICABLE,
LS-WS-0214,C156,audit/WS_C156_OPERATOR_VALIDATION_COMMANDS.md,B533D09A1FAA20B7DE30F5EEC9B979A6637BACE6,6290,126,md,READ_OK,EVIDENCE_COMMAND_BUNDLE,EVIDENCE,NO,BUNDLE_OR_NAVIGATION_EXCEPTION,records/evidence/runs/C156_OP_CMDS.md,EXACT_SHA,EVIDENCE,NORMALIZED,records/evidence/runs/C156_OP_CMDS.md,EVIDENCE,PRIMARY_ROLE_PLACEMENT_RETAINED,records/history/original_sources/LS-WS-0214.md,RETAINED_UNSPLIT_OR_BUNDLE_SOURCE,NOT_APPLICABLE,
LS-WS-0215,C156,audit/WS_C156_WEEKLY_SWING_WATCHLIST_PRODUCTION_LIVE_RUNTIME_CONTROLLED_OUTPUT_GENERATION_OPERATOR_GO_NO_GO_REVIEW.md,F1D6029425B670BECF334CFF9B9CFEE74ACC2CBA,5612,91,md,READ_OK,DECISION,DECISION;EVIDENCE,YES,ONE_DOCUMENT_ONE_AUTHORITATIVE_ROLE_MULTI_ROLE_SOURCE,records/decisions/C156_LIVE_OUTPUT_OP_GO_NO_GO.md,MANIFEST_CHAIN,DECISION,FULLY_SPLIT_SOURCE_REMOVED,,,"LEGACY_MULTI_ROLE_SOURCE_FULLY_DECOMPOSED; ROLE_EXTRACTS=LX-WS-0215-DEC-01,LX-WS-0215-EVD-02,LX-WS-0215-CTX-03",,REMOVED_AFTER_FULL_SPLIT,FULL_100_PERCENT_SEALED,2838EE86C4070B94CDEE78F8FAE38FA939B803B8
LS-WS-0216,C157,audit/WS_C157_OPERATOR_VALIDATION_COMMANDS.md,A031D0486177225055961AFE83BAD5DADFF30ABA,6373,126,md,READ_OK,EVIDENCE_COMMAND_BUNDLE,EVIDENCE,NO,BUNDLE_OR_NAVIGATION_EXCEPTION,records/evidence/runs/C157_OP_CMDS.md,EXACT_SHA,EVIDENCE,NORMALIZED,records/evidence/runs/C157_OP_CMDS.md,EVIDENCE,PRIMARY_ROLE_PLACEMENT_RETAINED,records/history/original_sources/LS-WS-0216.md,RETAINED_UNSPLIT_OR_BUNDLE_SOURCE,NOT_APPLICABLE,
LS-WS-0217,C157,audit/WS_C157_WEEKLY_SWING_WATCHLIST_PRODUCTION_LIVE_RUNTIME_CONTROLLED_OUTPUT_GENERATION_GO_DECISION_FINALIZATION_REVIEW.md,785244AD5C90F7601826A45456FE30BB3731B371,6099,98,md,READ_OK,DECISION,DECISION;EVIDENCE,YES,ONE_DOCUMENT_ONE_AUTHORITATIVE_ROLE_MULTI_ROLE_SOURCE,records/decisions/C157_LIVE_OUTPUT_GO_FINAL.md,MANIFEST_CHAIN,DECISION,FULLY_SPLIT_SOURCE_REMOVED,,,"LEGACY_MULTI_ROLE_SOURCE_FULLY_DECOMPOSED; ROLE_EXTRACTS=LX-WS-0217-DEC-01,LX-WS-0217-EVD-02,LX-WS-0217-CTX-03",,REMOVED_AFTER_FULL_SPLIT,FULL_100_PERCENT_SEALED,F62FBC354AC7E5990F6091B12CBCFA2CCF1B210C
LS-WS-0218,C158,audit/WS_C158_OPERATOR_VALIDATION_COMMANDS.md,8405326624D7B8FDC204D9DD4BE73D330DF03AB8,39831,727,md,READ_OK,EVIDENCE_COMMAND_BUNDLE,DECISION;EVIDENCE,YES,ONE_DOCUMENT_ONE_AUTHORITATIVE_ROLE_MULTI_ROLE_SOURCE,records/evidence/runs/C158_OP_CMDS.md,EXACT_SHA,EVIDENCE,FULLY_SPLIT_SOURCE_REMOVED,,,"LEGACY_MULTI_ROLE_SOURCE_FULLY_DECOMPOSED; ROLE_EXTRACTS=LX-WS-0218-DEC-01,LX-WS-0218-EVD-02,LX-WS-0218-CTX-03",,REMOVED_AFTER_FULL_SPLIT,FULL_100_PERCENT_SEALED,24B5629420EF3D784166E56C0D5CF578E1FC97C3
LS-WS-0219,C158,audit/WS_C158_WEEKLY_SWING_WATCHLIST_PRODUCTION_LIVE_RUNTIME_CONTROLLED_OUTPUT_PUBLICATION_BOUNDARY_REVIEW.md,27D1A64C31484B4B9987AEED5676178FF5B8DE0F,6395,108,md,READ_OK,DECISION,DECISION;EVIDENCE,YES,ONE_DOCUMENT_ONE_AUTHORITATIVE_ROLE_MULTI_ROLE_SOURCE,records/evidence/runs/C158_LIVE_PUB_BOUNDARY.md,MANIFEST_CHAIN,EVIDENCE,FULLY_SPLIT_SOURCE_REMOVED,,,"LEGACY_MULTI_ROLE_SOURCE_FULLY_DECOMPOSED; ROLE_EXTRACTS=LX-WS-0219-DEC-01,LX-WS-0219-EVD-02,LX-WS-0219-CTX-03",,REMOVED_AFTER_FULL_SPLIT,FULL_100_PERCENT_SEALED,2C740EC577D3FC3A9515EB9EFCE6F9A90286BE68
LS-WS-0220,C158,audit/WS_C158_WEEKLY_SWING_WATCHLIST_PRODUCTION_LIVE_RUNTIME_CONTROLLED_OUTPUT_PUBLICATION_EXECUTION.md,5E3A4788E64A48764B48570BFA783C6B0DD9D085,6752,116,md,READ_OK,EVIDENCE,EVIDENCE,NO,PRIMARY_ROLE_ONLY,records/evidence/runs/C158_LIVE_PUB_EXEC.md,MANIFEST_CHAIN,EVIDENCE,NORMALIZED,records/evidence/runs/C158_LIVE_PUB_EXEC.md,EVIDENCE,PRIMARY_ROLE_PLACEMENT_RETAINED,records/history/original_sources/LS-WS-0220.md,RETAINED_UNSPLIT_OR_BUNDLE_SOURCE,NOT_APPLICABLE,
LS-WS-0221,C158,audit/WS_C158_WEEKLY_SWING_WATCHLIST_PRODUCTION_LIVE_RUNTIME_CONTROLLED_OUTPUT_PUBLICATION_GO_DECISION_FINALIZATION_REVIEW.md,90C3A665A85D6FC1A10066D6221DCBFDF767B624,8260,119,md,READ_OK,DECISION,DECISION;EVIDENCE,YES,ONE_DOCUMENT_ONE_AUTHORITATIVE_ROLE_MULTI_ROLE_SOURCE,records/decisions/C158_LIVE_PUB_GO_FINAL.md,MANIFEST_CHAIN,DECISION,FULLY_SPLIT_SOURCE_REMOVED,,,"LEGACY_MULTI_ROLE_SOURCE_FULLY_DECOMPOSED; ROLE_EXTRACTS=LX-WS-0221-DEC-01,LX-WS-0221-EVD-02,LX-WS-0221-CTX-03",,REMOVED_AFTER_FULL_SPLIT,FULL_100_PERCENT_SEALED,82073BBE911D9EE520BF8532C0EBA66168B413C5
LS-WS-0222,C158,audit/WS_C158_WEEKLY_SWING_WATCHLIST_PRODUCTION_LIVE_RUNTIME_CONTROLLED_OUTPUT_PUBLICATION_OPERATOR_GO_NO_GO_REVIEW.md,03C8EF7879BC700A99D05CB2CEE141958CDB77F9,7551,115,md,READ_OK,DECISION,DECISION;EVIDENCE,YES,ONE_DOCUMENT_ONE_AUTHORITATIVE_ROLE_MULTI_ROLE_SOURCE,records/decisions/C158_LIVE_PUB_OP_GO_NO_GO.md,MANIFEST_CHAIN,DECISION,FULLY_SPLIT_SOURCE_REMOVED,,,"LEGACY_MULTI_ROLE_SOURCE_FULLY_DECOMPOSED; ROLE_EXTRACTS=LX-WS-0222-DEC-01,LX-WS-0222-EVD-02,LX-WS-0222-CTX-03",,REMOVED_AFTER_FULL_SPLIT,FULL_100_PERCENT_SEALED,8CE9C98C4A90FA7E7C3EDC3BAB234836A2041E35
LS-WS-0223,C158,audit/WS_C158_WEEKLY_SWING_WATCHLIST_PRODUCTION_LIVE_RUNTIME_CONTROLLED_OUTPUT_PUBLICATION_RESULT_REVIEW.md,E0920EDE7DD190910BFAE559C9614F6CA08E1E6F,7113,119,md,READ_OK,EVIDENCE,EVIDENCE,NO,PRIMARY_ROLE_ONLY,records/evidence/runs/C158_LIVE_PUB_RESULT.md,MANIFEST_CHAIN,EVIDENCE,NORMALIZED,records/evidence/runs/C158_LIVE_PUB_RESULT.md,EVIDENCE,PRIMARY_ROLE_PLACEMENT_RETAINED,records/history/original_sources/LS-WS-0223.md,RETAINED_UNSPLIT_OR_BUNDLE_SOURCE,NOT_APPLICABLE,
LS-WS-0224,C159,audit/WS_C159_OPERATOR_VALIDATION_COMMANDS.md,EE0A2E4E1CA600A57A7268F1296FF1F43A367C49,40053,653,md,READ_OK,EVIDENCE_COMMAND_BUNDLE,DECISION;EVIDENCE,YES,ONE_DOCUMENT_ONE_AUTHORITATIVE_ROLE_MULTI_ROLE_SOURCE,records/evidence/runs/C159_OP_CMDS.md,EXACT_SHA,EVIDENCE,FULLY_SPLIT_SOURCE_REMOVED,,,"LEGACY_MULTI_ROLE_SOURCE_FULLY_DECOMPOSED; ROLE_EXTRACTS=LX-WS-0224-DEC-01,LX-WS-0224-EVD-02,LX-WS-0224-CTX-03",,REMOVED_AFTER_FULL_SPLIT,FULL_100_PERCENT_SEALED,ABA8AE3EDD6D9996719B463F03C95ECB330E374E
LS-WS-0225,C159,audit/WS_C159_WEEKLY_SWING_WATCHLIST_PRODUCTION_LIVE_RUNTIME_CONTROLLED_OUTPUT_PUBLICATION_POST_PUBLICATION_OBSERVATION_GO_DECISION_FINALIZATION_REVIEW.md,D30C4A538573A8A01A338019934B198082F61AC5,9508,122,md,READ_OK,DECISION,DECISION;EVIDENCE,YES,ONE_DOCUMENT_ONE_AUTHORITATIVE_ROLE_MULTI_ROLE_SOURCE,records/decisions/C159_LIVE_PUB_POSTPUB_OBS_GO_FINAL.md,MANIFEST_CHAIN,DECISION,FULLY_SPLIT_SOURCE_REMOVED,,,"LEGACY_MULTI_ROLE_SOURCE_FULLY_DECOMPOSED; ROLE_EXTRACTS=LX-WS-0225-DEC-01,LX-WS-0225-EVD-02,LX-WS-0225-CTX-03",,REMOVED_AFTER_FULL_SPLIT,FULL_100_PERCENT_SEALED,68035AF489548BBE84DA837ED16AC66212AFBE4E
LS-WS-0226,C159,audit/WS_C159_WEEKLY_SWING_WATCHLIST_PRODUCTION_LIVE_RUNTIME_CONTROLLED_OUTPUT_PUBLICATION_POST_PUBLICATION_OBSERVATION_OPERATOR_GO_NO_GO_REVIEW.md,ED51BA6AFABAE5D090B343DB6FA7A7AA03B20890,8960,112,md,READ_OK,DECISION,DECISION;EVIDENCE,YES,ONE_DOCUMENT_ONE_AUTHORITATIVE_ROLE_MULTI_ROLE_SOURCE,records/decisions/C159_LIVE_PUB_POSTPUB_OBS_OP_GO_NO_GO.md,MANIFEST_CHAIN,DECISION,FULLY_SPLIT_SOURCE_REMOVED,,,"LEGACY_MULTI_ROLE_SOURCE_FULLY_DECOMPOSED; ROLE_EXTRACTS=LX-WS-0226-DEC-01,LX-WS-0226-EVD-02,LX-WS-0226-CTX-03",,REMOVED_AFTER_FULL_SPLIT,FULL_100_PERCENT_SEALED,51A4D5284B99EB74293D946CCB955E81206F9CD7
LS-WS-0227,C159,audit/WS_C159_WEEKLY_SWING_WATCHLIST_PRODUCTION_LIVE_RUNTIME_CONTROLLED_OUTPUT_PUBLICATION_POST_PUBLICATION_OBSERVATION_RESULT_REVIEW.md,21448D7D7FFF7B0268C13E487BB968D01BFA32A9,9659,122,md,READ_OK,EVIDENCE,EVIDENCE,NO,PRIMARY_ROLE_ONLY,records/evidence/runs/C159_LIVE_PUB_POSTPUB_OBS_RESULT.md,MANIFEST_CHAIN,EVIDENCE,NORMALIZED,records/evidence/runs/C159_LIVE_PUB_POSTPUB_OBS_RESULT.md,EVIDENCE,PRIMARY_ROLE_PLACEMENT_RETAINED,records/history/original_sources/LS-WS-0227.md,RETAINED_UNSPLIT_OR_BUNDLE_SOURCE,NOT_APPLICABLE,
LS-WS-0228,C159,audit/WS_C159_WEEKLY_SWING_WATCHLIST_PRODUCTION_LIVE_RUNTIME_CONTROLLED_OUTPUT_PUBLICATION_POST_PUBLICATION_OBSERVATION_REVIEW.md,34EE9998397F741E5FD648F0A954E05A2A6A040D,9087,120,md,READ_OK,EVIDENCE,EVIDENCE,NO,PRIMARY_ROLE_ONLY,records/evidence/runs/C159_LIVE_PUB_POSTPUB_OBS_REVIEW.md,MANIFEST_CHAIN,EVIDENCE,NORMALIZED,records/evidence/runs/C159_LIVE_PUB_POSTPUB_OBS_REVIEW.md,EVIDENCE,PRIMARY_ROLE_PLACEMENT_RETAINED,records/history/original_sources/LS-WS-0228.md,RETAINED_UNSPLIT_OR_BUNDLE_SOURCE,NOT_APPLICABLE,
LS-WS-0229,C15,audit/WS_C15_OPERATOR_VALIDATION_COMMANDS.md,877EA27423C8F930F9E49633B662DD67E9CD29A4,6877,276,md,READ_OK,EVIDENCE_COMMAND_BUNDLE,EVIDENCE;RESEARCH,YES,ONE_DOCUMENT_ONE_AUTHORITATIVE_ROLE_MULTI_ROLE_SOURCE,records/evidence/runs/C15_OP_CMDS.md,EXACT_SHA,EVIDENCE,FULLY_SPLIT_SOURCE_REMOVED,,,"LEGACY_MULTI_ROLE_SOURCE_FULLY_DECOMPOSED; ROLE_EXTRACTS=LX-WS-0229-EVD-01,LX-WS-0229-RES-02,LX-WS-0229-CTX-03",,REMOVED_AFTER_FULL_SPLIT,FULL_100_PERCENT_SEALED,F284D7D181336B9F94D7EA8BAA887F0231A5240C
LS-WS-0230,C15,audit/WS_C15_STRATEGY_QUALITY_ROOT_CAUSE_FINAL_RESULT.md,87B165FD3C7989B270A4BBEDC13C5FE1617854AB,9632,303,md,READ_OK,FINDING,DECISION;EVIDENCE;FINDING;GOVERNANCE,YES,MATERIAL_MULTI_ROLE,development/findings/C15_STRAT_QUALITY_ROOT_CAUSE_FINAL_RESULT.md,EXACT_SHA,FINDING,FULLY_SPLIT_SOURCE_REMOVED,,MULTI_ROLE_SPLIT,FULL_100_PERCENT_ROLE_SPLIT; COMPOSITE_SOURCE_REMOVED; USE_LX_EXTRACTS_AND_SPLIT_CATALOG,,REMOVED_AFTER_FULL_SPLIT,FULL_100_PERCENT_SEALED,EB6E33BD1E38DBAD821921B6CF4B42A59F72D2EE
LS-WS-0231,C160,audit/WS_C160_OPERATOR_VALIDATION_COMMANDS.md,3E4A0715BF7CBF2FA58866918AC3BA4F74DC0874,51761,997,md,READ_OK,EVIDENCE_COMMAND_BUNDLE,DECISION;EVIDENCE,YES,ONE_DOCUMENT_ONE_AUTHORITATIVE_ROLE_MULTI_ROLE_SOURCE,records/evidence/runs/C160_OP_CMDS.md,EXACT_SHA,EVIDENCE,FULLY_SPLIT_SOURCE_REMOVED,,,"LEGACY_MULTI_ROLE_SOURCE_FULLY_DECOMPOSED; ROLE_EXTRACTS=LX-WS-0231-DEC-01,LX-WS-0231-EVD-02,LX-WS-0231-CTX-03",,REMOVED_AFTER_FULL_SPLIT,FULL_100_PERCENT_SEALED,ECD6FA2BCB664C0D10CB1E97FDBA4E839722FAC9
LS-WS-0232,C160,audit/WS_C160_WEEKLY_SWING_WATCHLIST_PRODUCTION_LIVE_RUNTIME_PLAN_CONFIRM_BOUNDARY_REVIEW.md,A4214E0933F472D6CCB91FA9347C204F02EC4984,7009,109,md,READ_OK,DECISION,DECISION;EVIDENCE,YES,ONE_DOCUMENT_ONE_AUTHORITATIVE_ROLE_MULTI_ROLE_SOURCE,records/evidence/runs/C160_LIVE_PC_BOUNDARY.md,MANIFEST_CHAIN,EVIDENCE,FULLY_SPLIT_SOURCE_REMOVED,,,"LEGACY_MULTI_ROLE_SOURCE_FULLY_DECOMPOSED; ROLE_EXTRACTS=LX-WS-0232-DEC-01,LX-WS-0232-EVD-02,LX-WS-0232-CTX-03",,REMOVED_AFTER_FULL_SPLIT,FULL_100_PERCENT_SEALED,28FBD78878644F458BF54DEB8FE634FFF79DBDAB
LS-WS-0233,C160,audit/WS_C160_WEEKLY_SWING_WATCHLIST_PRODUCTION_LIVE_RUNTIME_PLAN_CONFIRM_EXECUTION.md,7C0F111686FF7BA986F17147BBD7C4846E992F80,7434,125,md,READ_OK,EVIDENCE,EVIDENCE,NO,PRIMARY_ROLE_ONLY,records/evidence/runs/C160_LIVE_PC_EXEC.md,MANIFEST_CHAIN,EVIDENCE,NORMALIZED,records/evidence/runs/C160_LIVE_PC_EXEC.md,EVIDENCE,PRIMARY_ROLE_PLACEMENT_RETAINED,records/history/original_sources/LS-WS-0233.md,RETAINED_UNSPLIT_OR_BUNDLE_SOURCE,NOT_APPLICABLE,
LS-WS-0234,C160,audit/WS_C160_WEEKLY_SWING_WATCHLIST_PRODUCTION_LIVE_RUNTIME_PLAN_CONFIRM_GO_DECISION_FINALIZATION_REVIEW.md,74D8D4BC8F5CF748B184C1E2B540D8A315D3B082,7327,109,md,READ_OK,DECISION,DECISION;EVIDENCE,YES,ONE_DOCUMENT_ONE_AUTHORITATIVE_ROLE_MULTI_ROLE_SOURCE,records/decisions/C160_LIVE_PC_GO_FINAL.md,MANIFEST_CHAIN,DECISION,FULLY_SPLIT_SOURCE_REMOVED,,,"LEGACY_MULTI_ROLE_SOURCE_FULLY_DECOMPOSED; ROLE_EXTRACTS=LX-WS-0234-DEC-01,LX-WS-0234-EVD-02,LX-WS-0234-CTX-03",,REMOVED_AFTER_FULL_SPLIT,FULL_100_PERCENT_SEALED,3A2AAC32F3E5DD39B8F3CBE0F7064F1E5C69EEEB
LS-WS-0235,C160,audit/WS_C160_WEEKLY_SWING_WATCHLIST_PRODUCTION_LIVE_RUNTIME_PLAN_CONFIRM_OPERATOR_GO_NO_GO_REVIEW.md,4BEBFE9EDF2549CB3D7A0709670B69B9AA83E541,6618,99,md,READ_OK,DECISION,DECISION;EVIDENCE,YES,ONE_DOCUMENT_ONE_AUTHORITATIVE_ROLE_MULTI_ROLE_SOURCE,records/decisions/C160_LIVE_PC_OP_GO_NO_GO.md,MANIFEST_CHAIN,DECISION,FULLY_SPLIT_SOURCE_REMOVED,,,"LEGACY_MULTI_ROLE_SOURCE_FULLY_DECOMPOSED; ROLE_EXTRACTS=LX-WS-0235-DEC-01,LX-WS-0235-EVD-02,LX-WS-0235-CTX-03",,REMOVED_AFTER_FULL_SPLIT,FULL_100_PERCENT_SEALED,688A80018941029A35A86AB90594BEC96F553868
LS-WS-0236,C160,audit/WS_C160_WEEKLY_SWING_WATCHLIST_PRODUCTION_LIVE_RUNTIME_PLAN_CONFIRM_RESULT_REVIEW.md,0C1C2CA3F3BE4B8BD3FEA4D547E458B9D8EFE264,7409,121,md,READ_OK,EVIDENCE,EVIDENCE,NO,PRIMARY_ROLE_ONLY,records/evidence/runs/C160_LIVE_PC_RESULT.md,MANIFEST_CHAIN,EVIDENCE,NORMALIZED,records/evidence/runs/C160_LIVE_PC_RESULT.md,EVIDENCE,PRIMARY_ROLE_PLACEMENT_RETAINED,records/history/original_sources/LS-WS-0236.md,RETAINED_UNSPLIT_OR_BUNDLE_SOURCE,NOT_APPLICABLE,
LS-WS-0237,C161,audit/WS_C161_OPERATOR_VALIDATION_COMMANDS.md,456EC2AB183EFDC18536296FC0E1E88F221D18DE,51801,1028,md,READ_OK,EVIDENCE_COMMAND_BUNDLE,DECISION;EVIDENCE,YES,ONE_DOCUMENT_ONE_AUTHORITATIVE_ROLE_MULTI_ROLE_SOURCE,records/evidence/runs/C161_OP_CMDS.md,EXACT_SHA,EVIDENCE,FULLY_SPLIT_SOURCE_REMOVED,,,"LEGACY_MULTI_ROLE_SOURCE_FULLY_DECOMPOSED; ROLE_EXTRACTS=LX-WS-0237-DEC-01,LX-WS-0237-EVD-02,LX-WS-0237-CTX-03",,REMOVED_AFTER_FULL_SPLIT,FULL_100_PERCENT_SEALED,63918FB353BF4982AE4EB4E5E574F21989597572
LS-WS-0238,C161,audit/WS_C161_WEEKLY_SWING_WATCHLIST_PRODUCTION_LIVE_RUNTIME_PLAN_CONFIRM_COMPLETION_BOUNDARY_REVIEW.md,FD5C74B37CDE5E187C028E65436957695D60FD64,7248,108,md,READ_OK,DECISION,DECISION;EVIDENCE,YES,ONE_DOCUMENT_ONE_AUTHORITATIVE_ROLE_MULTI_ROLE_SOURCE,records/evidence/runs/C161_LIVE_PC_DONE_BOUNDARY.md,MANIFEST_CHAIN,EVIDENCE,FULLY_SPLIT_SOURCE_REMOVED,,,"LEGACY_MULTI_ROLE_SOURCE_FULLY_DECOMPOSED; ROLE_EXTRACTS=LX-WS-0238-DEC-01,LX-WS-0238-EVD-02,LX-WS-0238-CTX-03",,REMOVED_AFTER_FULL_SPLIT,FULL_100_PERCENT_SEALED,C0856C2B279BC081F5EBB083D115E75B262179FB
LS-WS-0239,C161,audit/WS_C161_WEEKLY_SWING_WATCHLIST_PRODUCTION_LIVE_RUNTIME_PLAN_CONFIRM_COMPLETION_EXECUTION.md,AF47302AF3E53C915FDF93AD758BB46B6D0899B5,7578,116,md,READ_OK,EVIDENCE,EVIDENCE,NO,PRIMARY_ROLE_ONLY,records/evidence/runs/C161_LIVE_PC_DONE_EXEC.md,MANIFEST_CHAIN,EVIDENCE,NORMALIZED,records/evidence/runs/C161_LIVE_PC_DONE_EXEC.md,EVIDENCE,PRIMARY_ROLE_PLACEMENT_RETAINED,records/history/original_sources/LS-WS-0239.md,RETAINED_UNSPLIT_OR_BUNDLE_SOURCE,NOT_APPLICABLE,
LS-WS-0240,C161,audit/WS_C161_WEEKLY_SWING_WATCHLIST_PRODUCTION_LIVE_RUNTIME_PLAN_CONFIRM_COMPLETION_GO_DECISION_FINALIZATION_REVIEW.md,74BEBDD96572884C04D6D80D6A76AA74C762791B,7978,112,md,READ_OK,DECISION,DECISION;EVIDENCE,YES,ONE_DOCUMENT_ONE_AUTHORITATIVE_ROLE_MULTI_ROLE_SOURCE,records/decisions/C161_LIVE_PC_DONE_GO_FINAL.md,MANIFEST_CHAIN,DECISION,FULLY_SPLIT_SOURCE_REMOVED,,,"LEGACY_MULTI_ROLE_SOURCE_FULLY_DECOMPOSED; ROLE_EXTRACTS=LX-WS-0240-DEC-01,LX-WS-0240-EVD-02,LX-WS-0240-CTX-03",,REMOVED_AFTER_FULL_SPLIT,FULL_100_PERCENT_SEALED,0631A175DAD3103F1FB63D57F8CEB5BA2A980F7B
LS-WS-0241,C161,audit/WS_C161_WEEKLY_SWING_WATCHLIST_PRODUCTION_LIVE_RUNTIME_PLAN_CONFIRM_COMPLETION_OPERATOR_GO_NO_GO_REVIEW.md,CFD0BF29B5C764AE6AEF12186292A708338316CB,7423,103,md,READ_OK,DECISION,DECISION;EVIDENCE,YES,ONE_DOCUMENT_ONE_AUTHORITATIVE_ROLE_MULTI_ROLE_SOURCE,records/decisions/C161_LIVE_PC_DONE_OP_GO_NO_GO.md,MANIFEST_CHAIN,DECISION,FULLY_SPLIT_SOURCE_REMOVED,,,"LEGACY_MULTI_ROLE_SOURCE_FULLY_DECOMPOSED; ROLE_EXTRACTS=LX-WS-0241-DEC-01,LX-WS-0241-EVD-02,LX-WS-0241-CTX-03",,REMOVED_AFTER_FULL_SPLIT,FULL_100_PERCENT_SEALED,842C5A2A3F9A507AD05C324DE72685993F08714F
LS-WS-0242,C161,audit/WS_C161_WEEKLY_SWING_WATCHLIST_PRODUCTION_LIVE_RUNTIME_PLAN_CONFIRM_COMPLETION_RESULT_REVIEW.md,B471E30C3C23277009B973AAB2640A28151B3996,8068,117,md,READ_OK,EVIDENCE,EVIDENCE,NO,PRIMARY_ROLE_ONLY,records/evidence/runs/C161_LIVE_PC_DONE_RESULT.md,MANIFEST_CHAIN,EVIDENCE,NORMALIZED,records/evidence/runs/C161_LIVE_PC_DONE_RESULT.md,EVIDENCE,PRIMARY_ROLE_PLACEMENT_RETAINED,records/history/original_sources/LS-WS-0242.md,RETAINED_UNSPLIT_OR_BUNDLE_SOURCE,NOT_APPLICABLE,
LS-WS-0243,C162,audit/WS_C162_HANDOFF_AUDIT_ARCHIVE_COMPLETION_OPERATOR_VALIDATION_COMMANDS.md,1DFBE1707242EA43585A13D64526736AA9B4BEB1,8092,134,md,READ_OK,EVIDENCE_COMMAND_BUNDLE,EVIDENCE,NO,BUNDLE_OR_NAVIGATION_EXCEPTION,records/evidence/runs/C162_ARCH_OP_CMDS_86ECB6.md,EXACT_SHA,EVIDENCE,NORMALIZED,records/evidence/runs/C162_ARCH_OP_CMDS_86ECB6.md,EVIDENCE,PRIMARY_ROLE_PLACEMENT_RETAINED,records/history/original_sources/LS-WS-0243.md,RETAINED_UNSPLIT_OR_BUNDLE_SOURCE,NOT_APPLICABLE,
LS-WS-0244,C162,audit/WS_C162_HANDOFF_AUDIT_ARCHIVE_COMPLETION_SEAL_OPERATOR_VALIDATION_COMMANDS.md,5210BD3A6DEF5A62B39C092F36A7D26BDBACFD83,9167,138,md,READ_OK,EVIDENCE_COMMAND_BUNDLE,DECISION;EVIDENCE,YES,ONE_DOCUMENT_ONE_AUTHORITATIVE_ROLE_MULTI_ROLE_SOURCE,records/evidence/runs/C162_ARCH_SEAL_OP_CMDS.md,EXACT_SHA,EVIDENCE,FULLY_SPLIT_SOURCE_REMOVED,,,"LEGACY_MULTI_ROLE_SOURCE_FULLY_DECOMPOSED; ROLE_EXTRACTS=LX-WS-0244-DEC-01,LX-WS-0244-EVD-02,LX-WS-0244-CTX-03",,REMOVED_AFTER_FULL_SPLIT,FULL_100_PERCENT_SEALED,14AD5C120334FE7D8ABC6891503E3F62DC12B548
LS-WS-0245,C162,audit/WS_C162_HANDOFF_AUDIT_ARCHIVE_FINAL_CLOSURE_OPERATOR_VALIDATION_COMMANDS.md,EED1CFD3085C8B465DFC49D7212ABA28DF5ABD85,9137,138,md,READ_OK,EVIDENCE_COMMAND_BUNDLE,DECISION;EVIDENCE,YES,ONE_DOCUMENT_ONE_AUTHORITATIVE_ROLE_MULTI_ROLE_SOURCE,records/evidence/runs/C162_ARCH_FINAL_CLOSURE_OP_CMDS.md,EXACT_SHA,EVIDENCE,FULLY_SPLIT_SOURCE_REMOVED,,,"LEGACY_MULTI_ROLE_SOURCE_FULLY_DECOMPOSED; ROLE_EXTRACTS=LX-WS-0245-DEC-01,LX-WS-0245-EVD-02,LX-WS-0245-CTX-03",,REMOVED_AFTER_FULL_SPLIT,FULL_100_PERCENT_SEALED,F937A603A33B20A4A4C2E905D77CCF43D457CB69
LS-WS-0246,C162,audit/WS_C162_HANDOFF_AUDIT_ARCHIVE_OPERATOR_VALIDATION_COMMANDS.md,6F0B801E7ECD8F0F28E511809FE78DF937A770D6,7596,134,md,READ_OK,EVIDENCE_COMMAND_BUNDLE,EVIDENCE,NO,BUNDLE_OR_NAVIGATION_EXCEPTION,records/evidence/runs/C162_ARCH_OP_CMDS_949D94.md,EXACT_SHA,EVIDENCE,NORMALIZED,records/evidence/runs/C162_ARCH_OP_CMDS_949D94.md,EVIDENCE,PRIMARY_ROLE_PLACEMENT_RETAINED,records/history/original_sources/LS-WS-0246.md,RETAINED_UNSPLIT_OR_BUNDLE_SOURCE,NOT_APPLICABLE,
LS-WS-0247,C162,audit/WS_C162_HANDOFF_CLOSURE_SEAL_OPERATOR_VALIDATION_COMMANDS.md,06EF9F9B708D311E3DF83320B6F2C641CD3ED9BF,7709,134,md,READ_OK,EVIDENCE_COMMAND_BUNDLE,DECISION;EVIDENCE,YES,ONE_DOCUMENT_ONE_AUTHORITATIVE_ROLE_MULTI_ROLE_SOURCE,records/evidence/runs/C162_HANDOFF_CLOSURE_SEAL_OP_CMDS.md,EXACT_SHA,EVIDENCE,FULLY_SPLIT_SOURCE_REMOVED,,,"LEGACY_MULTI_ROLE_SOURCE_FULLY_DECOMPOSED; ROLE_EXTRACTS=LX-WS-0247-DEC-01,LX-WS-0247-EVD-02,LX-WS-0247-CTX-03",,REMOVED_AFTER_FULL_SPLIT,FULL_100_PERCENT_SEALED,6EE107F14B7BBC9B8131215ADC22781E0DFA4A3A
LS-WS-0248,C162,audit/WS_C162_HANDOFF_COMPLETION_BOUNDARY_OPERATOR_VALIDATION_COMMANDS.md,BC1E86C60A090E29655568CE1AE29A65CC3CC234,7759,134,md,READ_OK,EVIDENCE_COMMAND_BUNDLE,EVIDENCE,NO,BUNDLE_OR_NAVIGATION_EXCEPTION,records/evidence/runs/C162_HANDOFF_DONE_BOUNDARY_OP_CMDS.md,EXACT_SHA,EVIDENCE,NORMALIZED,records/evidence/runs/C162_HANDOFF_DONE_BOUNDARY_OP_CMDS.md,EVIDENCE,PRIMARY_ROLE_PLACEMENT_RETAINED,records/history/original_sources/LS-WS-0248.md,RETAINED_UNSPLIT_OR_BUNDLE_SOURCE,NOT_APPLICABLE,
LS-WS-0249,C162,audit/WS_C162_HANDOFF_FINALIZATION_OPERATOR_VALIDATION_COMMANDS.md,88EE5AC6901BDC1521BDB85077CF0B90B3E82096,7409,134,md,READ_OK,EVIDENCE_COMMAND_BUNDLE,EVIDENCE,NO,BUNDLE_OR_NAVIGATION_EXCEPTION,records/evidence/runs/C162_HANDOFF_FINAL_OP_CMDS.md,EXACT_SHA,EVIDENCE,NORMALIZED,records/evidence/runs/C162_HANDOFF_FINAL_OP_CMDS.md,EVIDENCE,PRIMARY_ROLE_PLACEMENT_RETAINED,records/history/original_sources/LS-WS-0249.md,RETAINED_UNSPLIT_OR_BUNDLE_SOURCE,NOT_APPLICABLE,
LS-WS-0250,C162,audit/WS_C162_OPERATOR_VALIDATION_COMMANDS.md,509E26802A236B6A9B606FC30C0423DFFA6A7A2F,7225,134,md,READ_OK,EVIDENCE_COMMAND_BUNDLE,DECISION;EVIDENCE,YES,ONE_DOCUMENT_ONE_AUTHORITATIVE_ROLE_MULTI_ROLE_SOURCE,records/evidence/runs/C162_OP_CMDS.md,EXACT_SHA,EVIDENCE,FULLY_SPLIT_SOURCE_REMOVED,,,"LEGACY_MULTI_ROLE_SOURCE_FULLY_DECOMPOSED; ROLE_EXTRACTS=LX-WS-0250-DEC-01,LX-WS-0250-EVD-02,LX-WS-0250-CTX-03",,REMOVED_AFTER_FULL_SPLIT,FULL_100_PERCENT_SEALED,3D5FF354695D46B737003D657EC725F1AD8DAA25
LS-WS-0251,C162,audit/WS_C162_WEEKLY_SWING_WATCHLIST_PRODUCTION_LIVE_RUNTIME_PLAN_CONFIRM_COMPLETION_HANDOFF_AUDIT_ARCHIVE_COMPLETION_REVIEW.md,C59AF561541EB010FFC6ADC58E36B670E68D9DF1,9316,123,md,READ_OK,EVIDENCE,EVIDENCE,NO,PRIMARY_ROLE_ONLY,records/evidence/runs/C162_LIVE_PC_HANDOFF_ARCH_COMPLETE.md,MANIFEST_CHAIN,EVIDENCE,NORMALIZED,records/evidence/runs/C162_LIVE_PC_HANDOFF_ARCH_COMPLETE.md,EVIDENCE,PRIMARY_ROLE_PLACEMENT_RETAINED,records/history/original_sources/LS-WS-0251.md,RETAINED_UNSPLIT_OR_BUNDLE_SOURCE,NOT_APPLICABLE,
LS-WS-0252,C162,audit/WS_C162_WEEKLY_SWING_WATCHLIST_PRODUCTION_LIVE_RUNTIME_PLAN_CONFIRM_COMPLETION_HANDOFF_AUDIT_ARCHIVE_COMPLETION_SEAL_REVIEW.md,15B37D26A08EAF2CC6ACAE23FA03D205190CEA04,10591,133,md,READ_OK,EVIDENCE,EVIDENCE,NO,PRIMARY_ROLE_ONLY,records/evidence/runs/C162_LIVE_PC_HANDOFF_ARCH_SEAL.md,MANIFEST_CHAIN,EVIDENCE,NORMALIZED,records/evidence/runs/C162_LIVE_PC_HANDOFF_ARCH_SEAL.md,EVIDENCE,PRIMARY_ROLE_PLACEMENT_RETAINED,records/history/original_sources/LS-WS-0252.md,RETAINED_UNSPLIT_OR_BUNDLE_SOURCE,NOT_APPLICABLE,
LS-WS-0253,C162,audit/WS_C162_WEEKLY_SWING_WATCHLIST_PRODUCTION_LIVE_RUNTIME_PLAN_CONFIRM_COMPLETION_HANDOFF_AUDIT_ARCHIVE_FINAL_CLOSURE_REVIEW.md,6193CA1C355885FB8ECA08CD991B2008CD1D7974,10333,135,md,READ_OK,DECISION,DECISION;EVIDENCE,YES,ONE_DOCUMENT_ONE_AUTHORITATIVE_ROLE_MULTI_ROLE_SOURCE,records/decisions/C162_LIVE_PC_HANDOFF_ARCH_FINAL_CLOSE.md,MANIFEST_CHAIN,DECISION,FULLY_SPLIT_SOURCE_REMOVED,,,"LEGACY_MULTI_ROLE_SOURCE_FULLY_DECOMPOSED; ROLE_EXTRACTS=LX-WS-0253-DEC-01,LX-WS-0253-EVD-02,LX-WS-0253-CTX-03",,REMOVED_AFTER_FULL_SPLIT,FULL_100_PERCENT_SEALED,A10CBD483DEAF055CDA642C3FD932D9EFF04ADA6
LS-WS-0254,C162,audit/WS_C162_WEEKLY_SWING_WATCHLIST_PRODUCTION_LIVE_RUNTIME_PLAN_CONFIRM_COMPLETION_HANDOFF_AUDIT_ARCHIVE_REVIEW.md,97F766D6B7EA26B359D73EABBFA064A05750348F,8621,121,md,READ_OK,EVIDENCE,EVIDENCE,NO,PRIMARY_ROLE_ONLY,records/evidence/runs/C162_LIVE_PC_HANDOFF_ARCH_REVIEW.md,MANIFEST_CHAIN,EVIDENCE,NORMALIZED,records/evidence/runs/C162_LIVE_PC_HANDOFF_ARCH_REVIEW.md,EVIDENCE,PRIMARY_ROLE_PLACEMENT_RETAINED,records/history/original_sources/LS-WS-0254.md,RETAINED_UNSPLIT_OR_BUNDLE_SOURCE,NOT_APPLICABLE,
LS-WS-0255,C162,audit/WS_C162_WEEKLY_SWING_WATCHLIST_PRODUCTION_LIVE_RUNTIME_PLAN_CONFIRM_COMPLETION_HANDOFF_CLOSURE_SEAL_REVIEW.md,00F1413351EF428EFCCC2DB02B6AD874CE98484D,8604,120,md,READ_OK,DECISION,DECISION;EVIDENCE,YES,ONE_DOCUMENT_ONE_AUTHORITATIVE_ROLE_MULTI_ROLE_SOURCE,records/evidence/runs/C162_LIVE_PC_DONE_HANDOFF_CLOSURE_SEAL_REVIEW.md,MANIFEST_CHAIN,EVIDENCE,FULLY_SPLIT_SOURCE_REMOVED,,,"LEGACY_MULTI_ROLE_SOURCE_FULLY_DECOMPOSED; ROLE_EXTRACTS=LX-WS-0255-DEC-01,LX-WS-0255-EVD-02,LX-WS-0255-CTX-03",,REMOVED_AFTER_FULL_SPLIT,FULL_100_PERCENT_SEALED,704EFE3BAE2A0426C84A0987B00EDE71CF87E1CE
LS-WS-0256,C162,audit/WS_C162_WEEKLY_SWING_WATCHLIST_PRODUCTION_LIVE_RUNTIME_PLAN_CONFIRM_COMPLETION_HANDOFF_COMPLETION_BOUNDARY_REVIEW.md,06B5F2CFFF54BB2EB4DD2F9048C0104C61207133,8612,118,md,READ_OK,DECISION,DECISION;EVIDENCE,YES,ONE_DOCUMENT_ONE_AUTHORITATIVE_ROLE_MULTI_ROLE_SOURCE,records/evidence/runs/C162_LIVE_PC_DONE_HANDOFF_DONE_BOUNDARY.md,MANIFEST_CHAIN,EVIDENCE,FULLY_SPLIT_SOURCE_REMOVED,,,"LEGACY_MULTI_ROLE_SOURCE_FULLY_DECOMPOSED; ROLE_EXTRACTS=LX-WS-0256-DEC-01,LX-WS-0256-EVD-02,LX-WS-0256-CTX-03",,REMOVED_AFTER_FULL_SPLIT,FULL_100_PERCENT_SEALED,5268662025A03BC838199AB8642C1EF9E6091DC0
LS-WS-0257,C162,audit/WS_C162_WEEKLY_SWING_WATCHLIST_PRODUCTION_LIVE_RUNTIME_PLAN_CONFIRM_COMPLETION_HANDOFF_FINALIZATION_REVIEW.md,6C0A26B91A70971AB9B2D99B27DBA59A017F3FF3,8234,116,md,READ_OK,DECISION,DECISION;EVIDENCE,YES,ONE_DOCUMENT_ONE_AUTHORITATIVE_ROLE_MULTI_ROLE_SOURCE,records/evidence/runs/C162_LIVE_PC_DONE_HANDOFF_FINAL_REVIEW.md,MANIFEST_CHAIN,EVIDENCE,FULLY_SPLIT_SOURCE_REMOVED,,,"LEGACY_MULTI_ROLE_SOURCE_FULLY_DECOMPOSED; ROLE_EXTRACTS=LX-WS-0257-DEC-01,LX-WS-0257-EVD-02,LX-WS-0257-CTX-03",,REMOVED_AFTER_FULL_SPLIT,FULL_100_PERCENT_SEALED,03608A070D7228F0E98C6295A34CDE42074534F3
LS-WS-0258,C162,audit/WS_C162_WEEKLY_SWING_WATCHLIST_PRODUCTION_LIVE_RUNTIME_PLAN_CONFIRM_COMPLETION_HANDOFF_READINESS_REVIEW.md,FC24351AC8FBAA7CA6213CF1AD34C2681671C34A,7981,113,md,READ_OK,DECISION,DECISION;EVIDENCE,YES,ONE_DOCUMENT_ONE_AUTHORITATIVE_ROLE_MULTI_ROLE_SOURCE,records/evidence/runs/C162_LIVE_PC_DONE_HANDOFF_READY.md,MANIFEST_CHAIN,EVIDENCE,FULLY_SPLIT_SOURCE_REMOVED,,,"LEGACY_MULTI_ROLE_SOURCE_FULLY_DECOMPOSED; ROLE_EXTRACTS=LX-WS-0258-DEC-01,LX-WS-0258-EVD-02,LX-WS-0258-CTX-03",,REMOVED_AFTER_FULL_SPLIT,FULL_100_PERCENT_SEALED,ED99E401F09ADB7EBD96FD36ECA498F567DEBD81
LS-WS-0259,C163,audit/WS_C163_POST_HANDOFF_ACTIVATION_APPROVAL_OPERATOR_VALIDATION_COMMANDS.md,0F596926B5175C7162AD428D3BBF74D71CB4B428,3006,46,md,READ_OK,EVIDENCE_COMMAND_BUNDLE,EVIDENCE,NO,BUNDLE_OR_NAVIGATION_EXCEPTION,records/evidence/runs/C163_POST_HANDOFF_ACT_APPROVAL_OP_CMDS.md,EXACT_SHA,EVIDENCE,NORMALIZED,records/evidence/runs/C163_POST_HANDOFF_ACT_APPROVAL_OP_CMDS.md,EVIDENCE,PRIMARY_ROLE_PLACEMENT_RETAINED,records/history/original_sources/LS-WS-0259.md,RETAINED_UNSPLIT_OR_BUNDLE_SOURCE,NOT_APPLICABLE,
LS-WS-0260,C163,audit/WS_C163_POST_HANDOFF_ACTIVATION_EXECUTION_OPERATOR_VALIDATION_COMMANDS.md,E6B49E2E3CA740CA09158A7B424EA020021E6CBF,3473,51,md,READ_OK,EVIDENCE_COMMAND_BUNDLE,EVIDENCE,NO,BUNDLE_OR_NAVIGATION_EXCEPTION,records/evidence/runs/C163_POST_HANDOFF_ACT_EXEC_OP_CMDS.md,EXACT_SHA,EVIDENCE,NORMALIZED,records/evidence/runs/C163_POST_HANDOFF_ACT_EXEC_OP_CMDS.md,EVIDENCE,PRIMARY_ROLE_PLACEMENT_RETAINED,records/history/original_sources/LS-WS-0260.md,RETAINED_UNSPLIT_OR_BUNDLE_SOURCE,NOT_APPLICABLE,
LS-WS-0261,C163,audit/WS_C163_POST_HANDOFF_ACTIVATION_GO_DECISION_FINALIZATION_OPERATOR_VALIDATION_COMMANDS.md,0DE7D9E177E93EDDBA63CD86FAA7FBC3CF10B8AE,5221,60,md,READ_OK,EVIDENCE_COMMAND_BUNDLE,EVIDENCE,NO,BUNDLE_OR_NAVIGATION_EXCEPTION,records/evidence/runs/C163_POST_HANDOFF_ACT_GO_DECISION_FINAL_OP_CMDS.md,EXACT_SHA,EVIDENCE,NORMALIZED,records/evidence/runs/C163_POST_HANDOFF_ACT_GO_DECISION_FINAL_OP_CMDS.md,EVIDENCE,PRIMARY_ROLE_PLACEMENT_RETAINED,records/history/original_sources/LS-WS-0261.md,RETAINED_UNSPLIT_OR_BUNDLE_SOURCE,NOT_APPLICABLE,
LS-WS-0262,C163,audit/WS_C163_POST_HANDOFF_ACTIVATION_OBSERVATION_OPERATOR_VALIDATION_COMMANDS.md,3AF245639AA55A604C69D6CCFE9DD279BE2582F0,3489,51,md,READ_OK,EVIDENCE_COMMAND_BUNDLE,EVIDENCE,NO,BUNDLE_OR_NAVIGATION_EXCEPTION,records/evidence/runs/C163_POST_HANDOFF_ACT_OBS_OP_CMDS.md,EXACT_SHA,EVIDENCE,NORMALIZED,records/evidence/runs/C163_POST_HANDOFF_ACT_OBS_OP_CMDS.md,EVIDENCE,PRIMARY_ROLE_PLACEMENT_RETAINED,records/history/original_sources/LS-WS-0262.md,RETAINED_UNSPLIT_OR_BUNDLE_SOURCE,NOT_APPLICABLE,
LS-WS-0263,C163,audit/WS_C163_POST_HANDOFF_ACTIVATION_OBSERVATION_RESULT_OPERATOR_VALIDATION_COMMANDS.md,64EC1299CEAC1DE814D9D92046A518C70F3DE5BA,3910,53,md,READ_OK,EVIDENCE_COMMAND_BUNDLE,EVIDENCE,NO,BUNDLE_OR_NAVIGATION_EXCEPTION,records/evidence/runs/C163_POST_HANDOFF_ACT_OBS_RESULT_OP_CMDS.md,EXACT_SHA,EVIDENCE,NORMALIZED,records/evidence/runs/C163_POST_HANDOFF_ACT_OBS_RESULT_OP_CMDS.md,EVIDENCE,PRIMARY_ROLE_PLACEMENT_RETAINED,records/history/original_sources/LS-WS-0263.md,RETAINED_UNSPLIT_OR_BUNDLE_SOURCE,NOT_APPLICABLE,
LS-WS-0264,C163,audit/WS_C163_POST_HANDOFF_ACTIVATION_OPERATOR_GO_NO_GO_OPERATOR_VALIDATION_COMMANDS.md,FECA5FF3C2AD4A8C89415825E4388FAF14294699,4658,55,md,READ_OK,EVIDENCE_COMMAND_BUNDLE,DECISION,NO,BUNDLE_OR_NAVIGATION_EXCEPTION,records/evidence/runs/C163_POST_HANDOFF_ACT_OP_GO_NO_GO_OP_CMDS.md,EXACT_SHA,EVIDENCE,NORMALIZED,records/evidence/runs/C163_POST_HANDOFF_ACT_OP_GO_NO_GO_OP_CMDS.md,EVIDENCE,PRIMARY_ROLE_PLACEMENT_RETAINED,records/history/original_sources/LS-WS-0264.md,RETAINED_UNSPLIT_OR_BUNDLE_SOURCE,NOT_APPLICABLE,
LS-WS-0265,C163,audit/WS_C163_POST_HANDOFF_ACTIVATION_READINESS_OPERATOR_VALIDATION_COMMANDS.md,329430BD6BB01B496114F6498F5340450FEC5248,2972,46,md,READ_OK,EVIDENCE_COMMAND_BUNDLE,EVIDENCE,NO,BUNDLE_OR_NAVIGATION_EXCEPTION,records/evidence/runs/C163_POST_HANDOFF_ACT_READY_OP_CMDS.md,EXACT_SHA,EVIDENCE,NORMALIZED,records/evidence/runs/C163_POST_HANDOFF_ACT_READY_OP_CMDS.md,EVIDENCE,PRIMARY_ROLE_PLACEMENT_RETAINED,records/history/original_sources/LS-WS-0265.md,RETAINED_UNSPLIT_OR_BUNDLE_SOURCE,NOT_APPLICABLE,
LS-WS-0266,C163,audit/WS_C163_POST_HANDOFF_BOUNDARY_OPERATOR_VALIDATION_COMMANDS.md,C167DEF7D762357FB7ED03524B8C42EADC7AE4C4,2797,46,md,READ_OK,EVIDENCE_COMMAND_BUNDLE,EVIDENCE,NO,BUNDLE_OR_NAVIGATION_EXCEPTION,records/evidence/runs/C163_POST_HANDOFF_BOUNDARY_OP_CMDS.md,EXACT_SHA,EVIDENCE,NORMALIZED,records/evidence/runs/C163_POST_HANDOFF_BOUNDARY_OP_CMDS.md,EVIDENCE,PRIMARY_ROLE_PLACEMENT_RETAINED,records/history/original_sources/LS-WS-0266.md,RETAINED_UNSPLIT_OR_BUNDLE_SOURCE,NOT_APPLICABLE,
LS-WS-0267,C163,audit/WS_C163_WEEKLY_SWING_WATCHLIST_PRODUCTION_LIVE_RUNTIME_PLAN_CONFIRM_COMPLETION_POST_HANDOFF_ACTIVATION_APPROVAL_REVIEW.md,F30FDAEB1078330DFC672FF08617EA5DC47F3699,4047,47,md,READ_OK,DECISION,DECISION,NO,ISSUED_DECISION_BUNDLE_EXCEPTION,records/decisions/C163_LIVE_PC_POST_HANDOFF_APPROVAL.md,EXACT_SHA,DECISION,NORMALIZED,records/decisions/C163_LIVE_PC_POST_HANDOFF_APPROVAL.md,DECISION,PRIMARY_ROLE_PLACEMENT_RETAINED,records/history/original_sources/LS-WS-0267.md,RETAINED_UNSPLIT_OR_BUNDLE_SOURCE,NOT_APPLICABLE,
LS-WS-0268,C163,audit/WS_C163_WEEKLY_SWING_WATCHLIST_PRODUCTION_LIVE_RUNTIME_PLAN_CONFIRM_COMPLETION_POST_HANDOFF_ACTIVATION_EXECUTION_REVIEW.md,FCE794A2A3F341296B83AD26B6F846A96A82CE7B,4901,57,md,READ_OK,EVIDENCE,EVIDENCE,NO,PRIMARY_ROLE_ONLY,records/evidence/runs/C163_LIVE_PC_POST_HANDOFF_EXEC_REVIEW.md,EXACT_SHA,EVIDENCE,NORMALIZED,records/evidence/runs/C163_LIVE_PC_POST_HANDOFF_EXEC_REVIEW.md,EVIDENCE,PRIMARY_ROLE_PLACEMENT_RETAINED,records/history/original_sources/LS-WS-0268.md,RETAINED_UNSPLIT_OR_BUNDLE_SOURCE,NOT_APPLICABLE,
LS-WS-0269,C163,audit/WS_C163_WEEKLY_SWING_WATCHLIST_PRODUCTION_LIVE_RUNTIME_PLAN_CONFIRM_COMPLETION_POST_HANDOFF_ACTIVATION_GO_DECISION_FINALIZATION_REVIEW.md,2A143FBDB22A012F8DE2798E720211C25486F015,5756,69,md,READ_OK,DECISION,DECISION,NO,ISSUED_DECISION_BUNDLE_EXCEPTION,records/decisions/C163_LIVE_PC_POST_HANDOFF_GO_FINAL.md,EXACT_SHA,DECISION,NORMALIZED,records/decisions/C163_LIVE_PC_POST_HANDOFF_GO_FINAL.md,DECISION,PRIMARY_ROLE_PLACEMENT_RETAINED,records/history/original_sources/LS-WS-0269.md,RETAINED_UNSPLIT_OR_BUNDLE_SOURCE,NOT_APPLICABLE,
LS-WS-0270,C163,audit/WS_C163_WEEKLY_SWING_WATCHLIST_PRODUCTION_LIVE_RUNTIME_PLAN_CONFIRM_COMPLETION_POST_HANDOFF_ACTIVATION_OBSERVATION_RESULT_REVIEW.md,A951D8A0BA15C742ADD476B48036258AFEE4F539,5239,57,md,READ_OK,EVIDENCE,EVIDENCE,NO,PRIMARY_ROLE_ONLY,records/evidence/runs/C163_LIVE_PC_POST_HANDOFF_OBS_RESULT.md,EXACT_SHA,EVIDENCE,NORMALIZED,records/evidence/runs/C163_LIVE_PC_POST_HANDOFF_OBS_RESULT.md,EVIDENCE,PRIMARY_ROLE_PLACEMENT_RETAINED,records/history/original_sources/LS-WS-0270.md,RETAINED_UNSPLIT_OR_BUNDLE_SOURCE,NOT_APPLICABLE,
LS-WS-0271,C163,audit/WS_C163_WEEKLY_SWING_WATCHLIST_PRODUCTION_LIVE_RUNTIME_PLAN_CONFIRM_COMPLETION_POST_HANDOFF_ACTIVATION_OBSERVATION_REVIEW.md,3BC72B43E515D1FFFD4CFBC1A273EDAA5358F515,4880,56,md,READ_OK,EVIDENCE,EVIDENCE,NO,PRIMARY_ROLE_ONLY,records/evidence/runs/C163_LIVE_PC_POST_HANDOFF_OBS_REVIEW.md,EXACT_SHA,EVIDENCE,NORMALIZED,records/evidence/runs/C163_LIVE_PC_POST_HANDOFF_OBS_REVIEW.md,EVIDENCE,PRIMARY_ROLE_PLACEMENT_RETAINED,records/history/original_sources/LS-WS-0271.md,RETAINED_UNSPLIT_OR_BUNDLE_SOURCE,NOT_APPLICABLE,
LS-WS-0272,C163,audit/WS_C163_WEEKLY_SWING_WATCHLIST_PRODUCTION_LIVE_RUNTIME_PLAN_CONFIRM_COMPLETION_POST_HANDOFF_ACTIVATION_OPERATOR_GO_NO_GO_REVIEW.md,B7602CB53B88BF5C2B2D3184FEAA9BEEDC00E7FB,6209,73,md,READ_OK,DECISION,DECISION,NO,ISSUED_DECISION_BUNDLE_EXCEPTION,records/decisions/C163_LIVE_PC_POST_HANDOFF_OP_GO_NO_GO.md,EXACT_SHA,DECISION,NORMALIZED,records/decisions/C163_LIVE_PC_POST_HANDOFF_OP_GO_NO_GO.md,DECISION,PRIMARY_ROLE_PLACEMENT_RETAINED,records/history/original_sources/LS-WS-0272.md,RETAINED_UNSPLIT_OR_BUNDLE_SOURCE,NOT_APPLICABLE,
LS-WS-0273,C163,audit/WS_C163_WEEKLY_SWING_WATCHLIST_PRODUCTION_LIVE_RUNTIME_PLAN_CONFIRM_COMPLETION_POST_HANDOFF_ACTIVATION_READINESS_REVIEW.md,DB6FEC663FEDA7C815957A077A0161C176D24A6A,3895,46,md,READ_OK,DECISION,DECISION,NO,ISSUED_DECISION_BUNDLE_EXCEPTION,records/evidence/runs/C163_LIVE_PC_POST_HANDOFF_READY.md,EXACT_SHA,EVIDENCE,NORMALIZED,records/decisions/C163_LIVE_PC_POST_HANDOFF_READY.md,DECISION,NORMALIZED_PRIMARY_RECORD_ROLE,records/history/original_sources/LS-WS-0273.md,RETAINED_UNSPLIT_OR_BUNDLE_SOURCE,NOT_APPLICABLE,
LS-WS-0274,C163,audit/WS_C163_WEEKLY_SWING_WATCHLIST_PRODUCTION_LIVE_RUNTIME_PLAN_CONFIRM_COMPLETION_POST_HANDOFF_BOUNDARY_REVIEW.md,5816697B05910067913DC5D4C62BD6A867476F1B,3998,47,md,READ_OK,DECISION,DECISION,NO,ISSUED_DECISION_BUNDLE_EXCEPTION,records/evidence/runs/C163_LIVE_PC_DONE_POST_HANDOFF_BOUNDARY.md,EXACT_SHA,EVIDENCE,NORMALIZED,records/decisions/C163_LIVE_PC_DONE_POST_HANDOFF_BOUNDARY.md,DECISION,NORMALIZED_PRIMARY_RECORD_ROLE,records/history/original_sources/LS-WS-0274.md,RETAINED_UNSPLIT_OR_BUNDLE_SOURCE,NOT_APPLICABLE,
LS-WS-0275,C164,audit/WS_C164_POST_HANDOFF_ACTIVATION_COMPLETION_BOUNDARY_OPERATOR_VALIDATION_COMMANDS.md,1A5189079B7097B39AF1CCC0D8AFC41078E75EE7,6071,122,md,READ_OK,EVIDENCE_COMMAND_BUNDLE,EVIDENCE,NO,BUNDLE_OR_NAVIGATION_EXCEPTION,records/evidence/runs/C164_POST_HANDOFF_ACT_DONE_BOUNDARY_OP_CMDS.md,EXACT_SHA,EVIDENCE,NORMALIZED,records/evidence/runs/C164_POST_HANDOFF_ACT_DONE_BOUNDARY_OP_CMDS.md,EVIDENCE,PRIMARY_ROLE_PLACEMENT_RETAINED,records/history/original_sources/LS-WS-0275.md,RETAINED_UNSPLIT_OR_BUNDLE_SOURCE,NOT_APPLICABLE,
LS-WS-0276,C164,audit/WS_C164_POST_HANDOFF_ACTIVATION_COMPLETION_EXECUTION_OPERATOR_VALIDATION_COMMANDS.md,F23773604A81D33BB0EB75BA4DB76B28C3674B8B,3609,93,md,READ_OK,EVIDENCE_COMMAND_BUNDLE,EVIDENCE,NO,BUNDLE_OR_NAVIGATION_EXCEPTION,records/evidence/runs/C164_POST_HANDOFF_ACT_DONE_EXEC_OP_CMDS.md,EXACT_SHA,EVIDENCE,NORMALIZED,records/evidence/runs/C164_POST_HANDOFF_ACT_DONE_EXEC_OP_CMDS.md,EVIDENCE,PRIMARY_ROLE_PLACEMENT_RETAINED,records/history/original_sources/LS-WS-0276.md,RETAINED_UNSPLIT_OR_BUNDLE_SOURCE,NOT_APPLICABLE,
LS-WS-0277,C164,audit/WS_C164_POST_HANDOFF_ACTIVATION_COMPLETION_GO_DECISION_FINALIZATION_OPERATOR_VALIDATION_COMMANDS.md,16EA1DE52174C8B74D4574A850C7F121A7130456,3687,88,md,READ_OK,EVIDENCE_COMMAND_BUNDLE,EVIDENCE,NO,BUNDLE_OR_NAVIGATION_EXCEPTION,records/evidence/runs/C164_POST_HANDOFF_ACT_DONE_GO_DECISION_FINAL_OP_CMDS.md,EXACT_SHA,EVIDENCE,NORMALIZED,records/evidence/runs/C164_POST_HANDOFF_ACT_DONE_GO_DECISION_FINAL_OP_CMDS.md,EVIDENCE,PRIMARY_ROLE_PLACEMENT_RETAINED,records/history/original_sources/LS-WS-0277.md,RETAINED_UNSPLIT_OR_BUNDLE_SOURCE,NOT_APPLICABLE,
LS-WS-0278,C164,audit/WS_C164_POST_HANDOFF_ACTIVATION_COMPLETION_OPERATOR_GO_NO_GO_OPERATOR_VALIDATION_COMMANDS.md,20C33E51221B5C611AAA88317730EB93FDAF666B,3343,82,md,READ_OK,EVIDENCE_COMMAND_BUNDLE,EVIDENCE,NO,BUNDLE_OR_NAVIGATION_EXCEPTION,records/evidence/runs/C164_POST_HANDOFF_ACT_DONE_OP_GO_NO_GO_OP_CMDS.md,EXACT_SHA,EVIDENCE,NORMALIZED,records/evidence/runs/C164_POST_HANDOFF_ACT_DONE_OP_GO_NO_GO_OP_CMDS.md,EVIDENCE,PRIMARY_ROLE_PLACEMENT_RETAINED,records/history/original_sources/LS-WS-0278.md,RETAINED_UNSPLIT_OR_BUNDLE_SOURCE,NOT_APPLICABLE,
LS-WS-0279,C164,audit/WS_C164_POST_HANDOFF_ACTIVATION_COMPLETION_RESULT_REVIEW_OPERATOR_VALIDATION_COMMANDS.md,5349BACB823E667F270B2CD6181B896BF652CE75,3604,93,md,READ_OK,EVIDENCE_COMMAND_BUNDLE,EVIDENCE,NO,BUNDLE_OR_NAVIGATION_EXCEPTION,records/evidence/runs/C164_POST_HANDOFF_ACT_DONE_RESULT_OP_CMDS.md,EXACT_SHA,EVIDENCE,NORMALIZED,records/evidence/runs/C164_POST_HANDOFF_ACT_DONE_RESULT_OP_CMDS.md,EVIDENCE,PRIMARY_ROLE_PLACEMENT_RETAINED,records/history/original_sources/LS-WS-0279.md,RETAINED_UNSPLIT_OR_BUNDLE_SOURCE,NOT_APPLICABLE,
LS-WS-0280,C164,audit/WS_C164_WEEKLY_SWING_WATCHLIST_PRODUCTION_LIVE_RUNTIME_PLAN_CONFIRM_COMPLETION_POST_HANDOFF_ACTIVATION_COMPLETION_BOUNDARY_REVIEW.md,13CEA9C7AB4416031B822F4876385E001CD10B72,3756,59,md,READ_OK,DECISION,DECISION,NO,ISSUED_DECISION_BUNDLE_EXCEPTION,records/evidence/runs/C164_LIVE_PC_POST_HANDOFF_DONE_BOUNDARY.md,EXACT_SHA,EVIDENCE,NORMALIZED,records/decisions/C164_LIVE_PC_POST_HANDOFF_DONE_BOUNDARY.md,DECISION,NORMALIZED_PRIMARY_RECORD_ROLE,records/history/original_sources/LS-WS-0280.md,RETAINED_UNSPLIT_OR_BUNDLE_SOURCE,NOT_APPLICABLE,
LS-WS-0281,C164,audit/WS_C164_WEEKLY_SWING_WATCHLIST_PRODUCTION_LIVE_RUNTIME_PLAN_CONFIRM_COMPLETION_POST_HANDOFF_ACTIVATION_COMPLETION_EXECUTION.md,830188574E9D17BBAE6A70A360C2579346956359,3983,61,md,READ_OK,EVIDENCE,EVIDENCE,NO,PRIMARY_ROLE_ONLY,records/evidence/runs/C164_LIVE_PC_POST_HANDOFF_DONE_EXEC.md,EXACT_SHA,EVIDENCE,NORMALIZED,records/evidence/runs/C164_LIVE_PC_POST_HANDOFF_DONE_EXEC.md,EVIDENCE,PRIMARY_ROLE_PLACEMENT_RETAINED,records/history/original_sources/LS-WS-0281.md,RETAINED_UNSPLIT_OR_BUNDLE_SOURCE,NOT_APPLICABLE,
LS-WS-0282,C164,audit/WS_C164_WEEKLY_SWING_WATCHLIST_PRODUCTION_LIVE_RUNTIME_PLAN_CONFIRM_COMPLETION_POST_HANDOFF_ACTIVATION_COMPLETION_GO_DECISION_FINALIZATION_REVIEW.md,1B851F22018366CC1C5FD3952A9B429090E4F5D9,4319,63,md,READ_OK,DECISION,DECISION;EVIDENCE,YES,ONE_DOCUMENT_ONE_AUTHORITATIVE_ROLE_MULTI_ROLE_SOURCE,records/decisions/C164_LIVE_PC_POST_HANDOFF_DONE_GO_FINAL.md,EXACT_SHA,DECISION,FULLY_SPLIT_SOURCE_REMOVED,,,"LEGACY_MULTI_ROLE_SOURCE_FULLY_DECOMPOSED; ROLE_EXTRACTS=LX-WS-0282-DEC-01,LX-WS-0282-EVD-02,LX-WS-0282-CTX-03",,REMOVED_AFTER_FULL_SPLIT,FULL_100_PERCENT_SEALED,BE18C1DCD07D23197799F7ECE541B5F3BD8F3119
LS-WS-0283,C164,audit/WS_C164_WEEKLY_SWING_WATCHLIST_PRODUCTION_LIVE_RUNTIME_PLAN_CONFIRM_COMPLETION_POST_HANDOFF_ACTIVATION_COMPLETION_OPERATOR_GO_NO_GO_REVIEW.md,190CACFE523EBA764746F84F7FF2A0B1FB84D7CC,4335,66,md,READ_OK,DECISION,DECISION;EVIDENCE,YES,ONE_DOCUMENT_ONE_AUTHORITATIVE_ROLE_MULTI_ROLE_SOURCE,records/decisions/C164_LIVE_PC_POST_HANDOFF_DONE_OP_GO_NO_GO.md,EXACT_SHA,DECISION,FULLY_SPLIT_SOURCE_REMOVED,,,"LEGACY_MULTI_ROLE_SOURCE_FULLY_DECOMPOSED; ROLE_EXTRACTS=LX-WS-0283-DEC-01,LX-WS-0283-EVD-02,LX-WS-0283-CTX-03",,REMOVED_AFTER_FULL_SPLIT,FULL_100_PERCENT_SEALED,CFAD9A6011C6AE3809C45E176E61AA9081069698
LS-WS-0284,C164,audit/WS_C164_WEEKLY_SWING_WATCHLIST_PRODUCTION_LIVE_RUNTIME_PLAN_CONFIRM_COMPLETION_POST_HANDOFF_ACTIVATION_COMPLETION_RESULT_REVIEW.md,275C07275E4832D74050A320A23297CD11AB19DB,3974,64,md,READ_OK,EVIDENCE,EVIDENCE,NO,PRIMARY_ROLE_ONLY,records/evidence/runs/C164_LIVE_PC_POST_HANDOFF_DONE_RESULT.md,EXACT_SHA,EVIDENCE,NORMALIZED,records/evidence/runs/C164_LIVE_PC_POST_HANDOFF_DONE_RESULT.md,EVIDENCE,PRIMARY_ROLE_PLACEMENT_RETAINED,records/history/original_sources/LS-WS-0284.md,RETAINED_UNSPLIT_OR_BUNDLE_SOURCE,NOT_APPLICABLE,
LS-WS-0285,C165,audit/WS_C165_PLAN_CONFIRM_CONTROLLED_ROLLOUT_BOUNDARY_OPERATOR_VALIDATION_COMMANDS.md,18564FA52AC33C464B9E3A5FD1A87AFF710B450D,3256,91,md,READ_OK,EVIDENCE_COMMAND_BUNDLE,EVIDENCE,NO,BUNDLE_OR_NAVIGATION_EXCEPTION,records/evidence/runs/C165_PC_CTRL_ROLLOUT_BOUNDARY_OP_CMDS.md,EXACT_SHA,EVIDENCE,NORMALIZED,records/evidence/runs/C165_PC_CTRL_ROLLOUT_BOUNDARY_OP_CMDS.md,EVIDENCE,PRIMARY_ROLE_PLACEMENT_RETAINED,records/history/original_sources/LS-WS-0285.md,RETAINED_UNSPLIT_OR_BUNDLE_SOURCE,NOT_APPLICABLE,
LS-WS-0286,C165,audit/WS_C165_PLAN_CONFIRM_CONTROLLED_ROLLOUT_EXECUTION_OPERATOR_VALIDATION_COMMANDS.md,CBAFA439B3F13F33293F7C5B20B27C749DADE6B4,3484,94,md,READ_OK,EVIDENCE_COMMAND_BUNDLE,EVIDENCE,NO,BUNDLE_OR_NAVIGATION_EXCEPTION,records/evidence/runs/C165_PC_CTRL_ROLLOUT_EXEC_OP_CMDS.md,EXACT_SHA,EVIDENCE,NORMALIZED,records/evidence/runs/C165_PC_CTRL_ROLLOUT_EXEC_OP_CMDS.md,EVIDENCE,PRIMARY_ROLE_PLACEMENT_RETAINED,records/history/original_sources/LS-WS-0286.md,RETAINED_UNSPLIT_OR_BUNDLE_SOURCE,NOT_APPLICABLE,
LS-WS-0287,C165,audit/WS_C165_PLAN_CONFIRM_CONTROLLED_ROLLOUT_GO_DECISION_FINALIZATION_OPERATOR_VALIDATION_COMMANDS.md,2E2DF1BF0E7A0415D9ADDE1F2094DD461BC47442,2028,49,md,READ_OK,EVIDENCE_COMMAND_BUNDLE,EVIDENCE,NO,BUNDLE_OR_NAVIGATION_EXCEPTION,records/evidence/runs/C165_PC_CTRL_ROLLOUT_GO_DECISION_FINAL_OP_CMDS.md,EXACT_SHA,EVIDENCE,NORMALIZED,records/evidence/runs/C165_PC_CTRL_ROLLOUT_GO_DECISION_FINAL_OP_CMDS.md,EVIDENCE,PRIMARY_ROLE_PLACEMENT_RETAINED,records/history/original_sources/LS-WS-0287.md,RETAINED_UNSPLIT_OR_BUNDLE_SOURCE,NOT_APPLICABLE,
LS-WS-0288,C165,audit/WS_C165_PLAN_CONFIRM_CONTROLLED_ROLLOUT_OPERATOR_GO_NO_GO_OPERATOR_VALIDATION_COMMANDS.md,883BF61CAAFAFE543B4DD56DC6018B0EDF7EBB61,2602,65,md,READ_OK,EVIDENCE_COMMAND_BUNDLE,DECISION;EVIDENCE,YES,ONE_DOCUMENT_ONE_AUTHORITATIVE_ROLE_MULTI_ROLE_SOURCE,records/evidence/runs/C165_PC_CTRL_ROLLOUT_OP_GO_NO_GO_OP_CMDS.md,EXACT_SHA,EVIDENCE,FULLY_SPLIT_SOURCE_REMOVED,,,"LEGACY_MULTI_ROLE_SOURCE_FULLY_DECOMPOSED; ROLE_EXTRACTS=LX-WS-0288-DEC-01,LX-WS-0288-EVD-02,LX-WS-0288-CTX-03",,REMOVED_AFTER_FULL_SPLIT,FULL_100_PERCENT_SEALED,D7D78F4D9FBD5A6F977F2A38C8366C30ABD9B94B
LS-WS-0289,C165,audit/WS_C165_PLAN_CONFIRM_CONTROLLED_ROLLOUT_RESULT_REVIEW_OPERATOR_VALIDATION_COMMANDS.md,FC0A94EDEA1197E73129DF3099A8E9328F19A35E,2188,63,md,READ_OK,EVIDENCE_COMMAND_BUNDLE,EVIDENCE,NO,BUNDLE_OR_NAVIGATION_EXCEPTION,records/evidence/runs/C165_PC_CTRL_ROLLOUT_RESULT_OP_CMDS.md,EXACT_SHA,EVIDENCE,NORMALIZED,records/evidence/runs/C165_PC_CTRL_ROLLOUT_RESULT_OP_CMDS.md,EVIDENCE,PRIMARY_ROLE_PLACEMENT_RETAINED,records/history/original_sources/LS-WS-0289.md,RETAINED_UNSPLIT_OR_BUNDLE_SOURCE,NOT_APPLICABLE,
LS-WS-0290,C165,audit/WS_C165_WEEKLY_SWING_WATCHLIST_PRODUCTION_LIVE_RUNTIME_PLAN_CONFIRM_CONTROLLED_ROLLOUT_BOUNDARY_REVIEW.md,32EE38A2C11A3B3A40035E73E4B19DF59D67DC5D,4004,74,md,READ_OK,DECISION,DECISION;EVIDENCE,YES,ONE_DOCUMENT_ONE_AUTHORITATIVE_ROLE_MULTI_ROLE_SOURCE,records/evidence/runs/C165_LIVE_PC_CTRL_ROLLOUT_BOUNDARY.md,EXACT_SHA,EVIDENCE,FULLY_SPLIT_SOURCE_REMOVED,,,"LEGACY_MULTI_ROLE_SOURCE_FULLY_DECOMPOSED; ROLE_EXTRACTS=LX-WS-0290-DEC-01,LX-WS-0290-EVD-02,LX-WS-0290-CTX-03",,REMOVED_AFTER_FULL_SPLIT,FULL_100_PERCENT_SEALED,E4CA2AA1FDE3E48D677CCEE1AE33AF7586D15D7A
LS-WS-0291,C165,audit/WS_C165_WEEKLY_SWING_WATCHLIST_PRODUCTION_LIVE_RUNTIME_PLAN_CONFIRM_CONTROLLED_ROLLOUT_EXECUTION.md,9F7845BA5240FE58F129BE24BE425D8E34CD33D1,4400,89,md,READ_OK,EVIDENCE,EVIDENCE,NO,PRIMARY_ROLE_ONLY,records/evidence/runs/C165_LIVE_PC_CTRL_ROLLOUT_EXEC.md,EXACT_SHA,EVIDENCE,NORMALIZED,records/evidence/runs/C165_LIVE_PC_CTRL_ROLLOUT_EXEC.md,EVIDENCE,PRIMARY_ROLE_PLACEMENT_RETAINED,records/history/original_sources/LS-WS-0291.md,RETAINED_UNSPLIT_OR_BUNDLE_SOURCE,NOT_APPLICABLE,
LS-WS-0292,C165,audit/WS_C165_WEEKLY_SWING_WATCHLIST_PRODUCTION_LIVE_RUNTIME_PLAN_CONFIRM_CONTROLLED_ROLLOUT_GO_DECISION_FINALIZATION_REVIEW.md,08AD3054DA81A4AB439EAF07BB8FDFC8EB5FF9D6,3556,60,md,READ_OK,DECISION,DECISION,NO,ISSUED_DECISION_BUNDLE_EXCEPTION,records/decisions/C165_LIVE_PC_CTRL_ROLLOUT_GO_FINAL.md,EXACT_SHA,DECISION,NORMALIZED,records/decisions/C165_LIVE_PC_CTRL_ROLLOUT_GO_FINAL.md,DECISION,PRIMARY_ROLE_PLACEMENT_RETAINED,records/history/original_sources/LS-WS-0292.md,RETAINED_UNSPLIT_OR_BUNDLE_SOURCE,NOT_APPLICABLE,
LS-WS-0293,C165,audit/WS_C165_WEEKLY_SWING_WATCHLIST_PRODUCTION_LIVE_RUNTIME_PLAN_CONFIRM_CONTROLLED_ROLLOUT_OPERATOR_GO_NO_GO_REVIEW.md,E667C5BCAD57E60D971CDB0F9E6A7FF816525CD7,3734,70,md,READ_OK,DECISION,DECISION,NO,ISSUED_DECISION_BUNDLE_EXCEPTION,records/decisions/C165_LIVE_PC_CTRL_ROLLOUT_OP_GO_NO_GO.md,EXACT_SHA,DECISION,NORMALIZED,records/decisions/C165_LIVE_PC_CTRL_ROLLOUT_OP_GO_NO_GO.md,DECISION,PRIMARY_ROLE_PLACEMENT_RETAINED,records/history/original_sources/LS-WS-0293.md,RETAINED_UNSPLIT_OR_BUNDLE_SOURCE,NOT_APPLICABLE,
LS-WS-0294,C165,audit/WS_C165_WEEKLY_SWING_WATCHLIST_PRODUCTION_LIVE_RUNTIME_PLAN_CONFIRM_CONTROLLED_ROLLOUT_RESULT_REVIEW.md,CE1052E92EA4221620C6A997E9AAD3A1BD72F5B8,3927,64,md,READ_OK,EVIDENCE,EVIDENCE,NO,PRIMARY_ROLE_ONLY,records/evidence/runs/C165_LIVE_PC_CTRL_ROLLOUT_RESULT.md,EXACT_SHA,EVIDENCE,NORMALIZED,records/evidence/runs/C165_LIVE_PC_CTRL_ROLLOUT_RESULT.md,EVIDENCE,PRIMARY_ROLE_PLACEMENT_RETAINED,records/history/original_sources/LS-WS-0294.md,RETAINED_UNSPLIT_OR_BUNDLE_SOURCE,NOT_APPLICABLE,
LS-WS-0295,C166,audit/WS_C166_PLAN_CONFIRM_CONTROLLED_ROLLOUT_POST_ROLLOUT_OBSERVATION_GO_DECISION_FINALIZATION_OPERATOR_VALIDATION_COMMANDS.md,D168A0B26DD984C9028CA2B5F9091592DF4C4777,2352,52,md,READ_OK,EVIDENCE_COMMAND_BUNDLE,EVIDENCE,NO,BUNDLE_OR_NAVIGATION_EXCEPTION,records/evidence/runs/C166_PC_ROLLOUT_OBS_GO_DECISION_FINAL_OP_CMDS.md,EXACT_SHA,EVIDENCE,NORMALIZED,records/evidence/runs/C166_PC_ROLLOUT_OBS_GO_DECISION_FINAL_OP_CMDS.md,EVIDENCE,PRIMARY_ROLE_PLACEMENT_RETAINED,records/history/original_sources/LS-WS-0295.md,RETAINED_UNSPLIT_OR_BUNDLE_SOURCE,NOT_APPLICABLE,
LS-WS-0296,C166,audit/WS_C166_PLAN_CONFIRM_CONTROLLED_ROLLOUT_POST_ROLLOUT_OBSERVATION_OPERATOR_GO_NO_GO_OPERATOR_VALIDATION_COMMANDS.md,D6F8E8D8A5226512D75BAFFCA4A8C3F7B19C249D,2470,54,md,READ_OK,EVIDENCE_COMMAND_BUNDLE,DECISION;EVIDENCE,YES,ONE_DOCUMENT_ONE_AUTHORITATIVE_ROLE_MULTI_ROLE_SOURCE,records/evidence/runs/C166_PC_ROLLOUT_OBS_OP_GO_NO_GO_OP_CMDS.md,EXACT_SHA,EVIDENCE,FULLY_SPLIT_SOURCE_REMOVED,,,"LEGACY_MULTI_ROLE_SOURCE_FULLY_DECOMPOSED; ROLE_EXTRACTS=LX-WS-0296-DEC-01,LX-WS-0296-EVD-02,LX-WS-0296-CTX-03",,REMOVED_AFTER_FULL_SPLIT,FULL_100_PERCENT_SEALED,567D8B9FB3E354BCEC5CAADDC6591F1C8E68C76D
LS-WS-0297,C166,audit/WS_C166_PLAN_CONFIRM_CONTROLLED_ROLLOUT_POST_ROLLOUT_OBSERVATION_OPERATOR_VALIDATION_COMMANDS.md,F6E0B0D0E3791C6A2B9E1CB9E1305497241C6F84,2369,53,md,READ_OK,EVIDENCE_COMMAND_BUNDLE,EVIDENCE,NO,BUNDLE_OR_NAVIGATION_EXCEPTION,records/evidence/runs/C166_PC_ROLLOUT_OBS_OP_CMDS.md,EXACT_SHA,EVIDENCE,NORMALIZED,records/evidence/runs/C166_PC_ROLLOUT_OBS_OP_CMDS.md,EVIDENCE,PRIMARY_ROLE_PLACEMENT_RETAINED,records/history/original_sources/LS-WS-0297.md,RETAINED_UNSPLIT_OR_BUNDLE_SOURCE,NOT_APPLICABLE,
LS-WS-0298,C166,audit/WS_C166_PLAN_CONFIRM_CONTROLLED_ROLLOUT_POST_ROLLOUT_OBSERVATION_RESULT_REVIEW_OPERATOR_VALIDATION_COMMANDS.md,79640E5EF9C5E4AD54B9700B0F07CBB42FA2B261,2178,50,md,READ_OK,EVIDENCE_COMMAND_BUNDLE,EVIDENCE,NO,BUNDLE_OR_NAVIGATION_EXCEPTION,records/evidence/runs/C166_PC_ROLLOUT_OBS_RESULT_OP_CMDS.md,EXACT_SHA,EVIDENCE,NORMALIZED,records/evidence/runs/C166_PC_ROLLOUT_OBS_RESULT_OP_CMDS.md,EVIDENCE,PRIMARY_ROLE_PLACEMENT_RETAINED,records/history/original_sources/LS-WS-0298.md,RETAINED_UNSPLIT_OR_BUNDLE_SOURCE,NOT_APPLICABLE,
LS-WS-0299,C166,audit/WS_C166_WEEKLY_SWING_WATCHLIST_PRODUCTION_LIVE_RUNTIME_PLAN_CONFIRM_CONTROLLED_ROLLOUT_POST_ROLLOUT_OBSERVATION_GO_DECISION_FINALIZATION_REVIEW.md,F968F2FEDFA13EA9E8820F8857095C7045A2F59F,4019,63,md,READ_OK,DECISION,DECISION,NO,ISSUED_DECISION_BUNDLE_EXCEPTION,records/decisions/C166_LIVE_PC_ROLLOUT_OBS_GO_FINAL.md,EXACT_SHA,DECISION,NORMALIZED,records/decisions/C166_LIVE_PC_ROLLOUT_OBS_GO_FINAL.md,DECISION,PRIMARY_ROLE_PLACEMENT_RETAINED,records/history/original_sources/LS-WS-0299.md,RETAINED_UNSPLIT_OR_BUNDLE_SOURCE,NOT_APPLICABLE,
LS-WS-0300,C166,audit/WS_C166_WEEKLY_SWING_WATCHLIST_PRODUCTION_LIVE_RUNTIME_PLAN_CONFIRM_CONTROLLED_ROLLOUT_POST_ROLLOUT_OBSERVATION_OPERATOR_GO_NO_GO_REVIEW.md,EEBBBC3D89FF49CCDB459B6F1E799AD3721F3230,3764,63,md,READ_OK,DECISION,DECISION,NO,ISSUED_DECISION_BUNDLE_EXCEPTION,records/decisions/C166_LIVE_PC_ROLLOUT_OBS_OP_GO_NO_GO.md,EXACT_SHA,DECISION,NORMALIZED,records/decisions/C166_LIVE_PC_ROLLOUT_OBS_OP_GO_NO_GO.md,DECISION,PRIMARY_ROLE_PLACEMENT_RETAINED,records/history/original_sources/LS-WS-0300.md,RETAINED_UNSPLIT_OR_BUNDLE_SOURCE,NOT_APPLICABLE,
LS-WS-0301,C166,audit/WS_C166_WEEKLY_SWING_WATCHLIST_PRODUCTION_LIVE_RUNTIME_PLAN_CONFIRM_CONTROLLED_ROLLOUT_POST_ROLLOUT_OBSERVATION_RESULT_REVIEW.md,F89DB4A46B83FD60D372B08028A48F12AC7BBB34,3839,62,md,READ_OK,EVIDENCE,EVIDENCE,NO,PRIMARY_ROLE_ONLY,records/evidence/runs/C166_LIVE_PC_ROLLOUT_OBS_RESULT.md,EXACT_SHA,EVIDENCE,NORMALIZED,records/evidence/runs/C166_LIVE_PC_ROLLOUT_OBS_RESULT.md,EVIDENCE,PRIMARY_ROLE_PLACEMENT_RETAINED,records/history/original_sources/LS-WS-0301.md,RETAINED_UNSPLIT_OR_BUNDLE_SOURCE,NOT_APPLICABLE,
LS-WS-0302,C166,audit/WS_C166_WEEKLY_SWING_WATCHLIST_PRODUCTION_LIVE_RUNTIME_PLAN_CONFIRM_CONTROLLED_ROLLOUT_POST_ROLLOUT_OBSERVATION_REVIEW.md,E15F425F97047AA38D041066056E6323953F2874,4011,63,md,READ_OK,EVIDENCE,EVIDENCE,NO,PRIMARY_ROLE_ONLY,records/evidence/runs/C166_LIVE_PC_ROLLOUT_OBS_REVIEW.md,EXACT_SHA,EVIDENCE,NORMALIZED,records/evidence/runs/C166_LIVE_PC_ROLLOUT_OBS_REVIEW.md,EVIDENCE,PRIMARY_ROLE_PLACEMENT_RETAINED,records/history/original_sources/LS-WS-0302.md,RETAINED_UNSPLIT_OR_BUNDLE_SOURCE,NOT_APPLICABLE,
LS-WS-0303,C167,audit/WS_C167_PLAN_CONFIRM_CONTROLLED_ROLLOUT_COMPLETION_BOUNDARY_OPERATOR_VALIDATION_COMMANDS.md,C514CBE419C1E20A275F6204AD45EFEE04733BB0,2175,52,md,READ_OK,EVIDENCE_COMMAND_BUNDLE,EVIDENCE,NO,BUNDLE_OR_NAVIGATION_EXCEPTION,records/evidence/runs/C167_PC_CTRL_ROLLOUT_DONE_BOUNDARY_OP_CMDS.md,EXACT_SHA,EVIDENCE,NORMALIZED,records/evidence/runs/C167_PC_CTRL_ROLLOUT_DONE_BOUNDARY_OP_CMDS.md,EVIDENCE,PRIMARY_ROLE_PLACEMENT_RETAINED,records/history/original_sources/LS-WS-0303.md,RETAINED_UNSPLIT_OR_BUNDLE_SOURCE,NOT_APPLICABLE,
LS-WS-0304,C167,audit/WS_C167_WEEKLY_SWING_WATCHLIST_PRODUCTION_LIVE_RUNTIME_PLAN_CONFIRM_CONTROLLED_ROLLOUT_COMPLETION_BOUNDARY_REVIEW.md,E075EB7A2BC9810BD0D54130DBFB0312539560E4,3633,54,md,READ_OK,DECISION,DECISION,NO,ISSUED_DECISION_BUNDLE_EXCEPTION,records/evidence/runs/C167_LIVE_PC_CTRL_ROLLOUT_DONE_BOUNDARY.md,EXACT_SHA,EVIDENCE,NORMALIZED,records/decisions/C167_LIVE_PC_CTRL_ROLLOUT_DONE_BOUNDARY.md,DECISION,NORMALIZED_PRIMARY_RECORD_ROLE,records/history/original_sources/LS-WS-0304.md,RETAINED_UNSPLIT_OR_BUNDLE_SOURCE,NOT_APPLICABLE,
LS-WS-0305,C168,audit/WS_C168_OPERATOR_VALIDATION_COMMANDS.md,039A3503C2552E3A8C6D097A22B3F58D0417D21B,2829,79,md,READ_OK,EVIDENCE_COMMAND_BUNDLE,EVIDENCE,NO,BUNDLE_OR_NAVIGATION_EXCEPTION,records/evidence/runs/C168_OP_CMDS.md,EXACT_SHA,EVIDENCE,NORMALIZED,records/evidence/runs/C168_OP_CMDS.md,EVIDENCE,PRIMARY_ROLE_PLACEMENT_RETAINED,records/history/original_sources/LS-WS-0305.md,RETAINED_UNSPLIT_OR_BUNDLE_SOURCE,NOT_APPLICABLE,
LS-WS-0306,C168,audit/WS_C168_WEEKLY_SWING_WATCHLIST_RUNTIME_INTEGRATION_GAP_REMEDIATION.md,31951C6B4FA9CCA18C8787AE40BB8B6A6F0931A9,5864,145,md,READ_OK,RESEARCH,EVIDENCE;FINDING;IMPLEMENTATION;RESEARCH,YES,MATERIAL_MULTI_ROLE,development/research/C168_RUN_INTEGRATION_GAP_REMEDIATION.md,EXACT_SHA,RESEARCH,FULLY_SPLIT_SOURCE_REMOVED,,MULTI_ROLE_SPLIT,FULL_100_PERCENT_ROLE_SPLIT; COMPOSITE_SOURCE_REMOVED; USE_LX_EXTRACTS_AND_SPLIT_CATALOG,,REMOVED_AFTER_FULL_SPLIT,FULL_100_PERCENT_SEALED,488BBB2B4F6BFD087DBEC9EA2DCEA69049CCFBB7
LS-WS-0307,C169,audit/WS_C169_OPERATOR_VALIDATION_COMMANDS.md,926D4A94E00BA964C9CC2ECF90D964B0BC12A1BC,3216,105,md,READ_OK,EVIDENCE_COMMAND_BUNDLE,EVIDENCE,NO,BUNDLE_OR_NAVIGATION_EXCEPTION,records/evidence/runs/C169_OP_CMDS.md,MANIFEST_CHAIN,EVIDENCE,NORMALIZED,records/evidence/runs/C169_OP_CMDS.md,EVIDENCE,PRIMARY_ROLE_PLACEMENT_RETAINED,records/history/original_sources/LS-WS-0307.md,RETAINED_UNSPLIT_OR_BUNDLE_SOURCE,NOT_APPLICABLE,
LS-WS-0308,C169,audit/WS_C169_WEEKLY_SWING_CANONICAL_PARAMSET_PERSISTENCE_AND_REAL_OOS_PROMOTION_GATE_REMEDIATION.md,35BFDAFFD32934CE3062559C53C1C3A6F63ED94E,6853,181,md,READ_OK,RESEARCH,EVIDENCE;IMPLEMENTATION;RESEARCH,YES,MATERIAL_MULTI_ROLE,development/research/C169_CANONICAL_PARAMSET_PERSISTENCE_AND_REAL_OOS_PROMO_GATE_REMEDIATION.md,EXACT_SHA,RESEARCH,FULLY_SPLIT_SOURCE_REMOVED,,MULTI_ROLE_SPLIT,FULL_100_PERCENT_ROLE_SPLIT; COMPOSITE_SOURCE_REMOVED; USE_LX_EXTRACTS_AND_SPLIT_CATALOG,,REMOVED_AFTER_FULL_SPLIT,FULL_100_PERCENT_SEALED,785F223515EE6C631CFCDF6A9B35183B0E78D292
LS-WS-0309,C16,audit/WS_C16_OPERATOR_VALIDATION_COMMANDS.md,B4B21D4B1C22E391D3D1E272C75EFF8D38A9AED5,13035,552,md,READ_OK,EVIDENCE_COMMAND_BUNDLE,EVIDENCE;RESEARCH,YES,ONE_DOCUMENT_ONE_AUTHORITATIVE_ROLE_MULTI_ROLE_SOURCE,records/evidence/runs/C16_OP_CMDS.md,EXACT_SHA,EVIDENCE,FULLY_SPLIT_SOURCE_REMOVED,,,"LEGACY_MULTI_ROLE_SOURCE_FULLY_DECOMPOSED; ROLE_EXTRACTS=LX-WS-0309-EVD-01,LX-WS-0309-RES-02,LX-WS-0309-CTX-03",,REMOVED_AFTER_FULL_SPLIT,FULL_100_PERCENT_SEALED,22C4AFD65E2F6F6A8CCE4F88B35D242786D08C48
LS-WS-0310,C16,audit/WS_C16_QUALITY_RECOVERY_DESIGN_RESULT.md,B0E9EFDE46147CFC6A7B46F57BE1A48635D23616,11085,270,md,READ_OK,RESEARCH,DECISION;RESEARCH,YES,MATERIAL_MULTI_ROLE,records/evidence/runs/C16_QUALITY_RECOVERY_DESIGN_RESULT.md,EXACT_SHA,EVIDENCE,FULLY_SPLIT_SOURCE_REMOVED,,MULTI_ROLE_SPLIT,FULL_100_PERCENT_ROLE_SPLIT; COMPOSITE_SOURCE_REMOVED; USE_LX_EXTRACTS_AND_SPLIT_CATALOG,,REMOVED_AFTER_FULL_SPLIT,FULL_100_PERCENT_SEALED,1C1FC1B1BBE570B3825739B980F754EB217EA049
LS-WS-0311,C170,audit/WS_C170_OPERATOR_VALIDATION_COMMANDS.md,4D6589B754B44BB70E00C2B8445F9F5018FDA25E,2856,101,md,READ_OK,EVIDENCE_COMMAND_BUNDLE,EVIDENCE,NO,BUNDLE_OR_NAVIGATION_EXCEPTION,records/evidence/runs/C170_OP_CMDS.md,EXACT_SHA,EVIDENCE,NORMALIZED,records/evidence/runs/C170_OP_CMDS.md,EVIDENCE,PRIMARY_ROLE_PLACEMENT_RETAINED,records/history/original_sources/LS-WS-0311.md,RETAINED_UNSPLIT_OR_BUNDLE_SOURCE,NOT_APPLICABLE,
LS-WS-0312,C170,audit/WS_C170_WEEKLY_SWING_CANONICAL_IS_STRATEGY_AND_REAL_OOS_PROOF_REMEDIATION.md,CB528B6309A0AF022EB9ED18AE3274D2936EB1B3,7198,222,md,READ_OK,RESEARCH,IMPLEMENTATION;RESEARCH,YES,MATERIAL_MULTI_ROLE,development/research/C170_CANONICAL_IS_STRAT_AND_REAL_OOS_PROOF_REMEDIATION.md,EXACT_SHA,RESEARCH,FULLY_SPLIT_SOURCE_REMOVED,,MULTI_ROLE_SPLIT,FULL_100_PERCENT_ROLE_SPLIT; COMPOSITE_SOURCE_REMOVED; USE_LX_EXTRACTS_AND_SPLIT_CATALOG,,REMOVED_AFTER_FULL_SPLIT,FULL_100_PERCENT_SEALED,3E07058F6B452F6A785A1D730B3B6AAE4E6AA611
LS-WS-0313,C171+C01,audit/WS_C171_C01_TICK_RISK_GUARD_EXECUTION_AND_EVIDENCE_PROPAGATION_REPAIR.md,B4860A21DAF414B1FC10CA633BCC0CCE73485774,3467,72,md,READ_OK,EVIDENCE,EVIDENCE;FINDING;IMPLEMENTATION,YES,MATERIAL_MULTI_ROLE,records/evidence/runs/C171_C01_TICK_RISK_GUARD_EXEC_AND_EVIDENCE_PROPAGATION_REPAIR.md,EXACT_SHA,EVIDENCE,FULLY_SPLIT_SOURCE_REMOVED,,MULTI_ROLE_SPLIT,FULL_100_PERCENT_ROLE_SPLIT; COMPOSITE_SOURCE_REMOVED; USE_LX_EXTRACTS_AND_SPLIT_CATALOG,,REMOVED_AFTER_FULL_SPLIT,FULL_100_PERCENT_SEALED,27A57714766902894BC9D648E2B955B5C2BF7628
LS-WS-0314,C171+C01,audit/WS_C171_C01_TICK_RISK_GUARD_PARAMETER_ADAPTER_REPAIR.md,A310C6A3FEE4A494C09650524BAAB55D2CE31AB2,2604,58,md,READ_OK,EVIDENCE,EVIDENCE;FINDING;IMPLEMENTATION,YES,MATERIAL_MULTI_ROLE,records/evidence/runs/C171_C01_TICK_RISK_GUARD_PARAMETER_ADAPTER_REPAIR.md,EXACT_SHA,EVIDENCE,FULLY_SPLIT_SOURCE_REMOVED,,MULTI_ROLE_SPLIT,FULL_100_PERCENT_ROLE_SPLIT; COMPOSITE_SOURCE_REMOVED; USE_LX_EXTRACTS_AND_SPLIT_CATALOG,,REMOVED_AFTER_FULL_SPLIT,FULL_100_PERCENT_SEALED,98AA5A36D08C54F65F67EC2DE79E9FB29502041C
LS-WS-0315,C171+R2,audit/WS_C171_COMPARATIVE_OFFICIAL_IS_FAILURE_DIAGNOSTIC_AND_R2_HYPOTHESIS_LOCK.md,DA8B2E8C5CE3A6FC37ED535BF76B59E6A929A2C5,6504,156,md,READ_OK,FINDING,CONTEXT;FINDING;IMPLEMENTATION;RESEARCH,YES,MATERIAL_MULTI_ROLE,development/findings/C171_COMPARATIVE_OFFICIAL_IS_FAILURE_DIAGNOSTIC_AND_R2_HYPOTHESIS_LOCK.md,MANIFEST_CHAIN,FINDING,FULLY_SPLIT_SOURCE_REMOVED,,MULTI_ROLE_SPLIT,FULL_100_PERCENT_ROLE_SPLIT; COMPOSITE_SOURCE_REMOVED; USE_LX_EXTRACTS_AND_SPLIT_CATALOG,,REMOVED_AFTER_FULL_SPLIT,FULL_100_PERCENT_SEALED,AA94D9A09D8BF4159BBBBAAD90F7597D7D2B1C94
LS-WS-0316,C171,audit/WS_C171_COMPARATIVE_OFFICIAL_IS_FAILURE_DIAGNOSTIC_OPERATOR_COMMANDS.md,3BACCC3A82DD3D7A201D423104961D0B1226C863,2945,101,md,READ_OK,EVIDENCE_COMMAND_BUNDLE,EVIDENCE;FINDING,YES,ONE_DOCUMENT_ONE_AUTHORITATIVE_ROLE_MULTI_ROLE_SOURCE,records/evidence/runs/C171_COMPARATIVE_OFFICIAL_IS_FAILURE_DIAGNOSTIC_OP_COMMANDS.md,EXACT_SHA,EVIDENCE,FULLY_SPLIT_SOURCE_REMOVED,,,"LEGACY_MULTI_ROLE_SOURCE_FULLY_DECOMPOSED; ROLE_EXTRACTS=LX-WS-0316-EVD-01,LX-WS-0316-FND-02,LX-WS-0316-CTX-03",,REMOVED_AFTER_FULL_SPLIT,FULL_100_PERCENT_SEALED,026C8F53BCFAB995DBF77E4F6B61E44DE285C88F
LS-WS-0317,C171,audit/WS_C171_FINAL_BOUNDED_REMEDIATION_CATALOG_AND_CLOSURE_RULE_LOCK.md,9A91DA7EABF7AA7E866ED8B34A0A36C0C5CA3FEC,2165,45,md,READ_OK,RESEARCH,RESEARCH,NO,PRIMARY_ROLE_ONLY,development/research/C171_FINAL_BOUNDED_REMEDIATION_CATALOG_AND_CLOSURE_RULE_LOCK.md,EXACT_SHA,RESEARCH,NORMALIZED,records/history/archive/H0286_C171_FINAL_BOUNDED_REMEDIATION_CATALOG_AND_CLOSURE_RULE_LOCK_H.md,HISTORY,LEGACY_ACTIVE_CAMPAIGN_MOVED_TO_HISTORY,records/history/original_sources/LS-WS-0317.md,RETAINED_UNSPLIT_OR_BUNDLE_SOURCE,NOT_APPLICABLE,
LS-WS-0318,C171,audit/WS_C171_FINAL_BOUNDED_REMEDIATION_OPERATOR_COMMANDS.md,2464E2B2CA8E576584B9C758B537935FCEC725D7,2054,54,md,READ_OK,EVIDENCE_COMMAND_BUNDLE,EVIDENCE,NO,BUNDLE_OR_NAVIGATION_EXCEPTION,records/evidence/runs/C171_FINAL_BOUNDED_REMEDIATION_OP_COMMANDS.md,EXACT_SHA,EVIDENCE,NORMALIZED,records/evidence/runs/C171_FINAL_BOUNDED_REMEDIATION_OP_COMMANDS.md,EVIDENCE,PRIMARY_ROLE_PLACEMENT_RETAINED,records/history/original_sources/LS-WS-0318.md,RETAINED_UNSPLIT_OR_BUNDLE_SOURCE,NOT_APPLICABLE,
LS-WS-0319,C171,audit/WS_C171_FINAL_FAILED_NOT_READY_CLOSURE_AND_EVIDENCE_SEAL.md,A4022A3FB0A6FAF4E5AE4EE2C621E04199F8F8C6,2916,68,md,READ_OK,EVIDENCE,DECISION;EVIDENCE,YES,MATERIAL_MULTI_ROLE,records/evidence/runs/C171_FINAL_FAILED_NOT_READY_CLOSURE_AND_EVIDENCE_SEAL.md,EXACT_SHA,EVIDENCE,FULLY_SPLIT_SOURCE_REMOVED,,MULTI_ROLE_SPLIT,FULL_100_PERCENT_ROLE_SPLIT; COMPOSITE_SOURCE_REMOVED; USE_LX_EXTRACTS_AND_SPLIT_CATALOG,,REMOVED_AFTER_FULL_SPLIT,FULL_100_PERCENT_SEALED,83803740D41B45DD9DE5A92207A35966CC780EFB
LS-WS-0320,C171,audit/WS_C171_FINAL_FAILED_NOT_READY_CLOSURE_OPERATOR_COMMANDS.md,E76FC3FB4B8936936BAB8686AE41022B16E1AEB2,1918,66,md,READ_OK,EVIDENCE_COMMAND_BUNDLE,EVIDENCE,NO,BUNDLE_OR_NAVIGATION_EXCEPTION,records/evidence/runs/C171_FINAL_FAILED_NOT_READY_CLOSURE_OP_COMMANDS.md,EXACT_SHA,EVIDENCE,NORMALIZED,records/evidence/runs/C171_FINAL_FAILED_NOT_READY_CLOSURE_OP_COMMANDS.md,EVIDENCE,PRIMARY_ROLE_PLACEMENT_RETAINED,records/history/original_sources/LS-WS-0320.md,RETAINED_UNSPLIT_OR_BUNDLE_SOURCE,NOT_APPLICABLE,
LS-WS-0321,C171,audit/WS_C171_IMMUTABLE_DRAFT_PARAMSET_CANDIDATE_DESIGN.md,E5FD5EAD398D64F518439DAFEE5ECCAF19B8045A,7473,161,md,READ_OK,RESEARCH,CONTEXT;EVIDENCE;IMPLEMENTATION;RESEARCH,YES,MATERIAL_MULTI_ROLE,development/research/C171_IMMUTABLE_DRAFT_PARAMSET_CANDIDATE_DESIGN.md,EXACT_SHA,RESEARCH,FULLY_SPLIT_SOURCE_REMOVED,,MULTI_ROLE_SPLIT,FULL_100_PERCENT_ROLE_SPLIT; COMPOSITE_SOURCE_REMOVED; USE_LX_EXTRACTS_AND_SPLIT_CATALOG,,REMOVED_AFTER_FULL_SPLIT,FULL_100_PERCENT_SEALED,6022A179A0DE7B6E8920109A54FEB60BE793634D
LS-WS-0322,C171+C01,audit/WS_C171_LOW_PRICE_EXECUTION_QUALITY_C01_DRAFT_CATALOG_IMPLEMENTATION.md,E2DD481998D3E0FEE6EEA23D3050671EA63A7AF3,1623,43,md,READ_OK,EVIDENCE,EVIDENCE,NO,PRIMARY_ROLE_ONLY,records/evidence/runs/C171_LOW_PRICE_EXEC_QUALITY_C01_DRAFT_CATALOG_IMPL.md,EXACT_SHA,EVIDENCE,NORMALIZED,records/evidence/runs/C171_LOW_PRICE_EXEC_QUALITY_C01_DRAFT_CATALOG_IMPL.md,EVIDENCE,PRIMARY_ROLE_PLACEMENT_RETAINED,records/history/original_sources/LS-WS-0322.md,RETAINED_UNSPLIT_OR_BUNDLE_SOURCE,NOT_APPLICABLE,
LS-WS-0323,C171+C01,audit/WS_C171_LOW_PRICE_EXECUTION_QUALITY_C01_OPERATOR_COMMANDS.md,09A3B4FEFFAC9800682709942866B3B4951333A9,8602,233,md,READ_OK,EVIDENCE_COMMAND_BUNDLE,EVIDENCE;IMPLEMENTATION,YES,ONE_DOCUMENT_ONE_AUTHORITATIVE_ROLE_MULTI_ROLE_SOURCE,records/evidence/runs/C171_LOW_PRICE_EXEC_QUALITY_C01_OP_COMMANDS.md,EXACT_SHA,EVIDENCE,FULLY_SPLIT_SOURCE_REMOVED,,,"LEGACY_MULTI_ROLE_SOURCE_FULLY_DECOMPOSED; ROLE_EXTRACTS=LX-WS-0323-EVD-01,LX-WS-0323-IMP-02,LX-WS-0323-CTX-03",,REMOVED_AFTER_FULL_SPLIT,FULL_100_PERCENT_SEALED,5CB7EDE879BF3C57BC09F7A2D29EBDF824D52E98
LS-WS-0324,C171,audit/WS_C171_OPERATOR_VALIDATION_COMMANDS.md,A5E4AEFDAD553897C4532E39D27E64D284DE8D4A,12509,460,md,READ_OK,EVIDENCE_COMMAND_BUNDLE,EVIDENCE;IMPLEMENTATION,YES,ONE_DOCUMENT_ONE_AUTHORITATIVE_ROLE_MULTI_ROLE_SOURCE,records/evidence/runs/C171_OP_CMDS.md,MANIFEST_CHAIN,EVIDENCE,FULLY_SPLIT_SOURCE_REMOVED,,,"LEGACY_MULTI_ROLE_SOURCE_FULLY_DECOMPOSED; ROLE_EXTRACTS=LX-WS-0324-EVD-01,LX-WS-0324-IMP-02,LX-WS-0324-CTX-03",,REMOVED_AFTER_FULL_SPLIT,FULL_100_PERCENT_SEALED,374E339C21B683E696A60294D7F06FEB46EDAFCC
LS-WS-0325,C171,audit/WS_C171_REAL_IS_REMEDIATION_DRAFT_CATALOG_IMPLEMENTATION.md,F1020534B1D439E1991C85F72A6BECED23E34D94,7760,206,md,READ_OK,RESEARCH,CONTEXT;EVIDENCE;IMPLEMENTATION;RESEARCH,YES,MATERIAL_MULTI_ROLE,development/research/C171_REAL_IS_REMEDIATION_DRAFT_CATALOG_IMPL.md,EXACT_SHA,RESEARCH,FULLY_SPLIT_SOURCE_REMOVED,,MULTI_ROLE_SPLIT,FULL_100_PERCENT_ROLE_SPLIT; COMPOSITE_SOURCE_REMOVED; USE_LX_EXTRACTS_AND_SPLIT_CATALOG,,REMOVED_AFTER_FULL_SPLIT,FULL_100_PERCENT_SEALED,AD91D9EF373DF25638C2F8F01F1B67F8F6A76CC4
LS-WS-0326,C171,audit/WS_C171_REMEDIATION_DRAFT_CATALOG_OPERATOR_COMMANDS.md,4F8A15C950631FFD63394774C6CB75A21F686E1D,6912,257,md,READ_OK,EVIDENCE_COMMAND_BUNDLE,EVIDENCE;IMPLEMENTATION,YES,ONE_DOCUMENT_ONE_AUTHORITATIVE_ROLE_MULTI_ROLE_SOURCE,records/evidence/runs/C171_REMEDIATION_DRAFT_CATALOG_OP_COMMANDS.md,EXACT_SHA,EVIDENCE,FULLY_SPLIT_SOURCE_REMOVED,,,"LEGACY_MULTI_ROLE_SOURCE_FULLY_DECOMPOSED; ROLE_EXTRACTS=LX-WS-0326-EVD-01,LX-WS-0326-IMP-02,LX-WS-0326-CTX-03",,REMOVED_AFTER_FULL_SPLIT,FULL_100_PERCENT_SEALED,1D9D670A90A339D9C87A603B16EA5D10929469B4
LS-WS-0327,C171,audit/WS_C171_REMEDIATION_DRAFT_PARAMSET_HASH_IDENTITY_REPAIR.md,A3DEC25202F45E009C1AF1481711F4BFFC2E5AA5,3975,120,md,READ_OK,RESEARCH,CONTEXT;EVIDENCE;FINDING;IMPLEMENTATION;RESEARCH,YES,MATERIAL_MULTI_ROLE,development/research/C171_REMEDIATION_DRAFT_PARAMSET_HASH_IDENTITY_REPAIR.md,MANIFEST_CHAIN,RESEARCH,FULLY_SPLIT_SOURCE_REMOVED,,MULTI_ROLE_SPLIT,FULL_100_PERCENT_ROLE_SPLIT; COMPOSITE_SOURCE_REMOVED; USE_LX_EXTRACTS_AND_SPLIT_CATALOG,,REMOVED_AFTER_FULL_SPLIT,FULL_100_PERCENT_SEALED,154B246C3E167DF58CB795C0A32C99A9DC7C8065
LS-WS-0328,C171,audit/WS_C171_TARGETED_EXECUTABLE_IS_STRATEGY_REMEDIATION_AND_TRADE_EVIDENCE_DIAGNOSTIC.md,4368B5EABE87A1E4B6DCCF99734075925D6F2C3F,6372,204,md,READ_OK,FINDING,CONTEXT;FINDING,NO,PRIMARY_ROLE_ONLY,development/findings/C171_TARGETED_EXECUTABLE_IS_STRAT_REMEDIATION_AND_TRADE_EVIDENCE_DIAGNOSTIC.md,EXACT_SHA,FINDING,NORMALIZED,records/history/archive/H0296_C171_TARGETED_EXECUTABLE_IS_STRAT_REMEDIATION_AND_TRADE_EVIDEN.md,HISTORY,LEGACY_ACTIVE_CAMPAIGN_MOVED_TO_HISTORY,records/history/original_sources/LS-WS-0328.md,RETAINED_UNSPLIT_OR_BUNDLE_SOURCE,NOT_APPLICABLE,
LS-WS-0329,C171,audit/WS_C171_TRADE_EVIDENCE_DIAGNOSTIC_OPERATOR_COMMANDS.md,AC363A2FE960B98B0A8BE3691E9719987AA517D3,4956,194,md,READ_OK,EVIDENCE_COMMAND_BUNDLE,EVIDENCE;FINDING,YES,ONE_DOCUMENT_ONE_AUTHORITATIVE_ROLE_MULTI_ROLE_SOURCE,records/evidence/runs/C171_TRADE_EVIDENCE_DIAGNOSTIC_OP_COMMANDS.md,EXACT_SHA,EVIDENCE,FULLY_SPLIT_SOURCE_REMOVED,,,"LEGACY_MULTI_ROLE_SOURCE_FULLY_DECOMPOSED; ROLE_EXTRACTS=LX-WS-0329-EVD-01,LX-WS-0329-FND-02,LX-WS-0329-CTX-03",,REMOVED_AFTER_FULL_SPLIT,FULL_100_PERCENT_SEALED,27B0EEE5647AE5E9D1FCF4B792D89F7AD0357EBF
LS-WS-0330,C171,audit/WS_C171_WEEKLY_SWING_VERSIONED_OFFICIAL_BACKTEST_EVIDENCE_AND_EXECUTABLE_IS_STRATEGY_REMEDIATION.md,477740FBB8FF096A2B4A18069FFEEF2259D0CF5D,9993,264,md,READ_OK,RESEARCH,CONTEXT;EVIDENCE;IMPLEMENTATION;RESEARCH,YES,MATERIAL_MULTI_ROLE,development/research/C171_VERSIONED_OFFICIAL_BACKTEST_EVIDENCE_AND_EXECUTABLE_IS_STRAT_REMEDIATION.md,EXACT_SHA,RESEARCH,FULLY_SPLIT_SOURCE_REMOVED,,MULTI_ROLE_SPLIT,FULL_100_PERCENT_ROLE_SPLIT; COMPOSITE_SOURCE_REMOVED; USE_LX_EXTRACTS_AND_SPLIT_CATALOG,,REMOVED_AFTER_FULL_SPLIT,FULL_100_PERCENT_SEALED,2DA54066393D5DCB7BD4401EF0B427F50D2B1769
LS-WS-0331,C17,audit/WS_C17_OPERATOR_VALIDATION_COMMANDS.md,42CD63983444A66BE40084D8FC4D3FEC6E098F23,10257,323,md,READ_OK,EVIDENCE_COMMAND_BUNDLE,EVIDENCE;RESEARCH,YES,ONE_DOCUMENT_ONE_AUTHORITATIVE_ROLE_MULTI_ROLE_SOURCE,records/evidence/runs/C17_OP_CMDS.md,EXACT_SHA,EVIDENCE,FULLY_SPLIT_SOURCE_REMOVED,,,"LEGACY_MULTI_ROLE_SOURCE_FULLY_DECOMPOSED; ROLE_EXTRACTS=LX-WS-0331-EVD-01,LX-WS-0331-RES-02,LX-WS-0331-CTX-03",,REMOVED_AFTER_FULL_SPLIT,FULL_100_PERCENT_SEALED,719AA57D7145373C73CE10F4D4794047088B5E16
LS-WS-0332,C17,audit/WS_C17_QUALITY_PRESERVING_SAMPLE_RECOVERY_DESIGN_RESULT.md,952F33AF8162A1DAE03777BE34450A832FD3FCA6,9948,235,md,READ_OK,EVIDENCE,EVIDENCE,NO,PRIMARY_ROLE_ONLY,records/evidence/runs/C17_QUALITY_PRESERVING_SAMPLE_RECOVERY_DESIGN_RESULT.md,EXACT_SHA,EVIDENCE,NORMALIZED,records/evidence/runs/C17_QUALITY_PRESERVING_SAMPLE_RECOVERY_DESIGN_RESULT.md,EVIDENCE,PRIMARY_ROLE_PLACEMENT_RETAINED,records/history/original_sources/LS-WS-0332.md,RETAINED_UNSPLIT_OR_BUNDLE_SOURCE,NOT_APPLICABLE,
LS-WS-0333,C18,audit/WS_C18_FUNNEL_AND_MONTHLY_COVERAGE_DIAGNOSTIC_RESULT.md,E358154C7ADED0B6CA71F2E2C75BC54F0C8BF0DC,11561,373,md,READ_OK,FINDING,EVIDENCE;FINDING,YES,MATERIAL_MULTI_ROLE,development/findings/C18_FUNNEL_AND_MONTHLY_COVERAGE_DIAGNOSTIC_RESULT.md,EXACT_SHA,FINDING,FULLY_SPLIT_SOURCE_REMOVED,,MULTI_ROLE_SPLIT,FULL_100_PERCENT_ROLE_SPLIT; COMPOSITE_SOURCE_REMOVED; USE_LX_EXTRACTS_AND_SPLIT_CATALOG,,REMOVED_AFTER_FULL_SPLIT,FULL_100_PERCENT_SEALED,601BA7F19E8F7370773158BD386D9037E33932A5
LS-WS-0334,C18,audit/WS_C18_OPERATOR_VALIDATION_COMMANDS.md,8BBD9955FD6D4AB2B772A84538EEE158ADBABA2E,6283,270,md,READ_OK,EVIDENCE_COMMAND_BUNDLE,EVIDENCE;FINDING,YES,ONE_DOCUMENT_ONE_AUTHORITATIVE_ROLE_MULTI_ROLE_SOURCE,records/evidence/runs/C18_OP_CMDS.md,EXACT_SHA,EVIDENCE,FULLY_SPLIT_SOURCE_REMOVED,,,"LEGACY_MULTI_ROLE_SOURCE_FULLY_DECOMPOSED; ROLE_EXTRACTS=LX-WS-0334-EVD-01,LX-WS-0334-FND-02,LX-WS-0334-CTX-03",,REMOVED_AFTER_FULL_SPLIT,FULL_100_PERCENT_SEALED,55CDE0D44D0207A9DE7ED031E46C96D89B3B202A
LS-WS-0335,C19,audit/WS_C19_FINAL_DIAGNOSTIC_RESULT.md,1A3E48696DEBFDF49BA0813C4598CC4B32A6F966,3659,78,md,READ_OK,FINDING,DECISION;EVIDENCE;FINDING,YES,MATERIAL_MULTI_ROLE,development/findings/C19_FINAL_DIAGNOSTIC_RESULT.md,EXACT_SHA,FINDING,FULLY_SPLIT_SOURCE_REMOVED,,MULTI_ROLE_SPLIT,FULL_100_PERCENT_ROLE_SPLIT; COMPOSITE_SOURCE_REMOVED; USE_LX_EXTRACTS_AND_SPLIT_CATALOG,,REMOVED_AFTER_FULL_SPLIT,FULL_100_PERCENT_SEALED,5C49F4D7EB919E890E79DB1D583812119C56A544
LS-WS-0336,C19,audit/WS_C19_OPERATOR_VALIDATION_COMMANDS.md,4F08B12035767EB150EFC93BCE2D8B6AC6C05809,19142,568,md,READ_OK,EVIDENCE_COMMAND_BUNDLE,EVIDENCE;FINDING,YES,ONE_DOCUMENT_ONE_AUTHORITATIVE_ROLE_MULTI_ROLE_SOURCE,records/evidence/runs/C19_OP_CMDS.md,EXACT_SHA,EVIDENCE,FULLY_SPLIT_SOURCE_REMOVED,,,"LEGACY_MULTI_ROLE_SOURCE_FULLY_DECOMPOSED; ROLE_EXTRACTS=LX-WS-0336-EVD-01,LX-WS-0336-FND-02,LX-WS-0336-CTX-03",,REMOVED_AFTER_FULL_SPLIT,FULL_100_PERCENT_SEALED,0A47453536C1530BFA55CBEA5B4F841C8C495914
LS-WS-0337,C19,audit/WS_C19_QUALITY_RECOVERY_TUNING_DIAGNOSTIC.md,E906D989D6FFFFB3DF5F0656C36F4665D59C4BBF,11565,327,md,READ_OK,FINDING,EVIDENCE;FINDING;STRATEGY,YES,MATERIAL_MULTI_ROLE,development/findings/C19_QUALITY_RECOVERY_TUNING_DIAGNOSTIC.md,EXACT_SHA,FINDING,FULLY_SPLIT_SOURCE_REMOVED,,MULTI_ROLE_SPLIT,FULL_100_PERCENT_ROLE_SPLIT; COMPOSITE_SOURCE_REMOVED; USE_LX_EXTRACTS_AND_SPLIT_CATALOG,,REMOVED_AFTER_FULL_SPLIT,FULL_100_PERCENT_SEALED,31F1BC923E707D9BE4FC81C1105137C4B13D6B44
LS-WS-0338,C19,audit/WS_C19_SELECTION_MODEL_DIAGNOSTIC_RESULT.md,55CCB10DD117F965BC3B8262299CCF0F80900284,10605,343,md,READ_OK,FINDING,EVIDENCE;FINDING,YES,MATERIAL_MULTI_ROLE,development/findings/C19_SELECTION_MODEL_DIAGNOSTIC_RESULT.md,EXACT_SHA,FINDING,FULLY_SPLIT_SOURCE_REMOVED,,MULTI_ROLE_SPLIT,FULL_100_PERCENT_ROLE_SPLIT; COMPOSITE_SOURCE_REMOVED; USE_LX_EXTRACTS_AND_SPLIT_CATALOG,,REMOVED_AFTER_FULL_SPLIT,FULL_100_PERCENT_SEALED,24DE5BB61A405A2A7BDFAAF7AD9FF86786204F3A
LS-WS-0339,C19,audit/WS_C19_SELECTION_MODEL_REDESIGN_ANALYSIS.md,9376D62C57E16D7E0C135BBE8049DA072FB0A3F3,11349,379,md,READ_OK,RESEARCH,EVIDENCE;FINDING;IMPLEMENTATION;RESEARCH;STRATEGY,YES,MATERIAL_MULTI_ROLE,development/research/C19_SELECTION_MODEL_REDESIGN_ANALYSIS.md,EXACT_SHA,RESEARCH,FULLY_SPLIT_SOURCE_REMOVED,,MULTI_ROLE_SPLIT,FULL_100_PERCENT_ROLE_SPLIT; COMPOSITE_SOURCE_REMOVED; USE_LX_EXTRACTS_AND_SPLIT_CATALOG,,REMOVED_AFTER_FULL_SPLIT,FULL_100_PERCENT_SEALED,7C2388D01E024E41610B33D78D918FE12A9E7151
LS-WS-0340,C20,audit/WS_C20_OPERATOR_VALIDATION_COMMANDS.md,A2E2DB631FF51E0F92C23EE08D8BFB9155926359,5589,187,md,READ_OK,EVIDENCE_COMMAND_BUNDLE,EVIDENCE;FINDING,YES,ONE_DOCUMENT_ONE_AUTHORITATIVE_ROLE_MULTI_ROLE_SOURCE,records/evidence/runs/C20_OP_CMDS.md,EXACT_SHA,EVIDENCE,FULLY_SPLIT_SOURCE_REMOVED,,,"LEGACY_MULTI_ROLE_SOURCE_FULLY_DECOMPOSED; ROLE_EXTRACTS=LX-WS-0340-EVD-01,LX-WS-0340-FND-02,LX-WS-0340-CTX-03",,REMOVED_AFTER_FULL_SPLIT,FULL_100_PERCENT_SEALED,6271FFDA6C195F18DD1F683E41F6881D609D5502
LS-WS-0341,C20,audit/WS_C20_REGIME_TRADE_DATE_DIAGNOSTIC.md,6BBDB0FB0F731A47754423354140A4EE0C02027B,8758,315,md,READ_OK,FINDING,DECISION;EVIDENCE;FINDING;IMPLEMENTATION,YES,MATERIAL_MULTI_ROLE,development/findings/C20_REGIME_TRADE_DATE_DIAGNOSTIC.md,EXACT_SHA,FINDING,FULLY_SPLIT_SOURCE_REMOVED,,MULTI_ROLE_SPLIT,FULL_100_PERCENT_ROLE_SPLIT; COMPOSITE_SOURCE_REMOVED; USE_LX_EXTRACTS_AND_SPLIT_CATALOG,,REMOVED_AFTER_FULL_SPLIT,FULL_100_PERCENT_SEALED,3F5C75DD208DF4154347659A7417604E037119F2
LS-WS-0342,C21,audit/WS_C21_ENTRY_EXIT_BEHAVIOR_DIAGNOSTIC.md,E3EE55C33A5FD6F23C5E0AB8188F29779288C57B,11430,442,md,READ_OK,FINDING,DECISION;EVIDENCE;FINDING;IMPLEMENTATION,YES,MATERIAL_MULTI_ROLE,development/findings/C21_ENTRY_EXIT_BEHAVIOR_DIAGNOSTIC.md,EXACT_SHA,FINDING,FULLY_SPLIT_SOURCE_REMOVED,,MULTI_ROLE_SPLIT,FULL_100_PERCENT_ROLE_SPLIT; COMPOSITE_SOURCE_REMOVED; USE_LX_EXTRACTS_AND_SPLIT_CATALOG,,REMOVED_AFTER_FULL_SPLIT,FULL_100_PERCENT_SEALED,25DFB498351F5C00318CA1A489EF48EA1472CF11
LS-WS-0343,C21,audit/WS_C21_OPERATOR_VALIDATION_COMMANDS.md,F8B174DE63868742CC74E740AED34DB699BE633D,6650,254,md,READ_OK,EVIDENCE_COMMAND_BUNDLE,EVIDENCE;FINDING,YES,ONE_DOCUMENT_ONE_AUTHORITATIVE_ROLE_MULTI_ROLE_SOURCE,records/evidence/runs/C21_OP_CMDS.md,EXACT_SHA,EVIDENCE,FULLY_SPLIT_SOURCE_REMOVED,,,"LEGACY_MULTI_ROLE_SOURCE_FULLY_DECOMPOSED; ROLE_EXTRACTS=LX-WS-0343-EVD-01,LX-WS-0343-FND-02,LX-WS-0343-CTX-03",,REMOVED_AFTER_FULL_SPLIT,FULL_100_PERCENT_SEALED,BB5B9782ABB19317D491338D1BAA833A988D007C
LS-WS-0344,C22,audit/WS_C22_EXIT_CAPTURE_SHADOW_DIAGNOSTIC.md,9854CE5647054A699948EF4A8034C877D02DE4CC,13509,434,md,READ_OK,FINDING,DECISION;EVIDENCE;FINDING;IMPLEMENTATION,YES,MATERIAL_MULTI_ROLE,development/findings/C22_EXIT_CAPTURE_SHADOW_DIAGNOSTIC.md,EXACT_SHA,FINDING,FULLY_SPLIT_SOURCE_REMOVED,,MULTI_ROLE_SPLIT,FULL_100_PERCENT_ROLE_SPLIT; COMPOSITE_SOURCE_REMOVED; USE_LX_EXTRACTS_AND_SPLIT_CATALOG,,REMOVED_AFTER_FULL_SPLIT,FULL_100_PERCENT_SEALED,22026169FECA756E4D937F2AE0B09D9907D12584
LS-WS-0345,C22,audit/WS_C22_OPERATOR_VALIDATION_COMMANDS.md,79882156CD017C9DBA2979835250EB2CBF85EB1E,8120,248,md,READ_OK,EVIDENCE_COMMAND_BUNDLE,EVIDENCE;FINDING,YES,ONE_DOCUMENT_ONE_AUTHORITATIVE_ROLE_MULTI_ROLE_SOURCE,records/evidence/runs/C22_OP_CMDS.md,EXACT_SHA,EVIDENCE,FULLY_SPLIT_SOURCE_REMOVED,,,"LEGACY_MULTI_ROLE_SOURCE_FULLY_DECOMPOSED; ROLE_EXTRACTS=LX-WS-0345-EVD-01,LX-WS-0345-FND-02,LX-WS-0345-CTX-03",,REMOVED_AFTER_FULL_SPLIT,FULL_100_PERCENT_SEALED,8627EE293B124FF4751511933E69E66A4F802EDF
LS-WS-0346,C23,audit/WS_C23_FIRST_PROFIT_CAPTURE_RULE_DIAGNOSTIC.md,0193D69CAB10EEB4867CDF8A24F2E932C3511673,8717,264,md,READ_OK,FINDING,EVIDENCE;FINDING;IMPLEMENTATION,YES,MATERIAL_MULTI_ROLE,development/findings/C23_FIRST_PROFIT_CAPTURE_RULE_DIAGNOSTIC.md,MANIFEST_CHAIN,FINDING,FULLY_SPLIT_SOURCE_REMOVED,,MULTI_ROLE_SPLIT,FULL_100_PERCENT_ROLE_SPLIT; COMPOSITE_SOURCE_REMOVED; USE_LX_EXTRACTS_AND_SPLIT_CATALOG,,REMOVED_AFTER_FULL_SPLIT,FULL_100_PERCENT_SEALED,54126A797F4312626EF89F56B119F50F17FCB44C
LS-WS-0347,C23,audit/WS_C23_OPERATOR_VALIDATION_COMMANDS.md,4F62FB0022020E9A5C244332390CA499D5DCB36B,7943,216,md,READ_OK,EVIDENCE_COMMAND_BUNDLE,EVIDENCE;FINDING,YES,ONE_DOCUMENT_ONE_AUTHORITATIVE_ROLE_MULTI_ROLE_SOURCE,records/evidence/runs/C23_OP_CMDS.md,MANIFEST_CHAIN,EVIDENCE,FULLY_SPLIT_SOURCE_REMOVED,,,"LEGACY_MULTI_ROLE_SOURCE_FULLY_DECOMPOSED; ROLE_EXTRACTS=LX-WS-0347-EVD-01,LX-WS-0347-FND-02,LX-WS-0347-CTX-03",,REMOVED_AFTER_FULL_SPLIT,FULL_100_PERCENT_SEALED,95D3AFA69A14DC46E239622B9DF2BB62135B6B2E
LS-WS-0348,C24+C22,audit/WS_C24_C22_SHADOW_GAP_BRIDGE_DIAGNOSTIC.md,10932C443D41C5E001A1890B7871488FE60A481F,7804,247,md,READ_OK,FINDING,EVIDENCE;FINDING;IMPLEMENTATION,YES,MATERIAL_MULTI_ROLE,development/findings/C24_C22_SHADOW_GAP_BRIDGE_DIAGNOSTIC.md,EXACT_SHA,FINDING,FULLY_SPLIT_SOURCE_REMOVED,,MULTI_ROLE_SPLIT,FULL_100_PERCENT_ROLE_SPLIT; COMPOSITE_SOURCE_REMOVED; USE_LX_EXTRACTS_AND_SPLIT_CATALOG,,REMOVED_AFTER_FULL_SPLIT,FULL_100_PERCENT_SEALED,9959F2E376DB7CF2A814689272358B73F280F70D
LS-WS-0349,C24,audit/WS_C24_OPERATOR_VALIDATION_COMMANDS.md,99AD268DA4520434B04C2FC72283B45EC02AD1B0,4791,183,md,READ_OK,EVIDENCE_COMMAND_BUNDLE,EVIDENCE;FINDING,YES,ONE_DOCUMENT_ONE_AUTHORITATIVE_ROLE_MULTI_ROLE_SOURCE,records/evidence/runs/C24_OP_CMDS.md,EXACT_SHA,EVIDENCE,FULLY_SPLIT_SOURCE_REMOVED,,,"LEGACY_MULTI_ROLE_SOURCE_FULLY_DECOMPOSED; ROLE_EXTRACTS=LX-WS-0349-EVD-01,LX-WS-0349-FND-02,LX-WS-0349-CTX-03",,REMOVED_AFTER_FULL_SPLIT,FULL_100_PERCENT_SEALED,D66F002E4F3D9C9A1F15E1EFDE227BDB448E6127
LS-WS-0350,C25,audit/WS_C25_NO_SIGNAL_FALLBACK_DELAY_DIAGNOSTIC.md,D078AA7CFADEE6ACEFF9151AE25A2F019C12AA97,14540,466,md,READ_OK,FINDING,EVIDENCE;FINDING;IMPLEMENTATION,YES,MATERIAL_MULTI_ROLE,development/findings/C25_NO_SIGNAL_FALLBACK_DELAY_DIAGNOSTIC.md,EXACT_SHA,FINDING,FULLY_SPLIT_SOURCE_REMOVED,,MULTI_ROLE_SPLIT,FULL_100_PERCENT_ROLE_SPLIT; COMPOSITE_SOURCE_REMOVED; USE_LX_EXTRACTS_AND_SPLIT_CATALOG,,REMOVED_AFTER_FULL_SPLIT,FULL_100_PERCENT_SEALED,9C98238FAFB0CE9A35E61AF12B95FB3188304FA1
LS-WS-0351,C25,audit/WS_C25_OPERATOR_VALIDATION_COMMANDS.md,D7A0D9A88DE3EF6DED99CA2F66268D741E78EFE1,8941,218,md,READ_OK,EVIDENCE_COMMAND_BUNDLE,EVIDENCE;FINDING,YES,ONE_DOCUMENT_ONE_AUTHORITATIVE_ROLE_MULTI_ROLE_SOURCE,records/evidence/runs/C25_OP_CMDS.md,EXACT_SHA,EVIDENCE,FULLY_SPLIT_SOURCE_REMOVED,,,"LEGACY_MULTI_ROLE_SOURCE_FULLY_DECOMPOSED; ROLE_EXTRACTS=LX-WS-0351-EVD-01,LX-WS-0351-FND-02,LX-WS-0351-CTX-03",,REMOVED_AFTER_FULL_SPLIT,FULL_100_PERCENT_SEALED,A7A48D59B19B6F9D19CA0B1213D89ED796960271
LS-WS-0352,C26,audit/WS_C26_CATALOG_CANDIDATE_DIAGNOSTIC.md,140A5ACA5DD537308C3AED9898F10034E45DDEA2,7425,226,md,READ_OK,FINDING,DECISION;EVIDENCE;FINDING;IMPLEMENTATION,YES,MATERIAL_MULTI_ROLE,development/findings/C26_CATALOG_CANDIDATE_DIAGNOSTIC.md,EXACT_SHA,FINDING,FULLY_SPLIT_SOURCE_REMOVED,,MULTI_ROLE_SPLIT,FULL_100_PERCENT_ROLE_SPLIT; COMPOSITE_SOURCE_REMOVED; USE_LX_EXTRACTS_AND_SPLIT_CATALOG,,REMOVED_AFTER_FULL_SPLIT,FULL_100_PERCENT_SEALED,D4DEE259E9EEB5F0A5EE7E3727C6C68DEFA58D42
LS-WS-0353,C26,audit/WS_C26_OPERATOR_VALIDATION_COMMANDS.md,2C2A58F0EFDC446C6865A5A56AA3A4D78A9FDAF2,8084,206,md,READ_OK,EVIDENCE_COMMAND_BUNDLE,EVIDENCE;FINDING,YES,ONE_DOCUMENT_ONE_AUTHORITATIVE_ROLE_MULTI_ROLE_SOURCE,records/evidence/runs/C26_OP_CMDS.md,EXACT_SHA,EVIDENCE,FULLY_SPLIT_SOURCE_REMOVED,,,"LEGACY_MULTI_ROLE_SOURCE_FULLY_DECOMPOSED; ROLE_EXTRACTS=LX-WS-0353-EVD-01,LX-WS-0353-FND-02,LX-WS-0353-CTX-03",,REMOVED_AFTER_FULL_SPLIT,FULL_100_PERCENT_SEALED,DC214405FA8EF03EDCD2EC3D66983F04DA48A31F
LS-WS-0354,C27,audit/WS_C27_CATALOG_CANDIDATE_RAW_OHLC_VALIDATION.md,9577D70FA5FFED9A78030DFBF6A919500B1DC2B6,6164,203,md,READ_OK,EVIDENCE,DECISION;EVIDENCE;IMPLEMENTATION,YES,MATERIAL_MULTI_ROLE,development/research/C27_CATALOG_CANDIDATE_RAW_OHLC_VALID.md,EXACT_SHA,RESEARCH,FULLY_SPLIT_SOURCE_REMOVED,,MULTI_ROLE_SPLIT,FULL_100_PERCENT_ROLE_SPLIT; COMPOSITE_SOURCE_REMOVED; USE_LX_EXTRACTS_AND_SPLIT_CATALOG,,REMOVED_AFTER_FULL_SPLIT,FULL_100_PERCENT_SEALED,5EABA46DC003CE61D1E813D8C9DAE0A18955E0AD
LS-WS-0355,C27,audit/WS_C27_OPERATOR_VALIDATION_COMMANDS.md,DA8CE01A636910E8704C1B80D988B146F8C4B720,4965,167,md,READ_OK,EVIDENCE_COMMAND_BUNDLE,EVIDENCE;FINDING,YES,ONE_DOCUMENT_ONE_AUTHORITATIVE_ROLE_MULTI_ROLE_SOURCE,records/evidence/runs/C27_OP_CMDS.md,EXACT_SHA,EVIDENCE,FULLY_SPLIT_SOURCE_REMOVED,,,"LEGACY_MULTI_ROLE_SOURCE_FULLY_DECOMPOSED; ROLE_EXTRACTS=LX-WS-0355-EVD-01,LX-WS-0355-FND-02,LX-WS-0355-CTX-03",,REMOVED_AFTER_FULL_SPLIT,FULL_100_PERCENT_SEALED,DD561B488FDF53C73D81C34F34798DA58F27CCAC
LS-WS-0356,C28,audit/WS_C28_OPERATOR_VALIDATION_COMMANDS.md,D9546A108A833468C2FC0D98C2699114C7AFEF7E,5508,182,md,READ_OK,EVIDENCE_COMMAND_BUNDLE,EVIDENCE;FINDING,YES,ONE_DOCUMENT_ONE_AUTHORITATIVE_ROLE_MULTI_ROLE_SOURCE,records/evidence/runs/C28_OP_CMDS.md,EXACT_SHA,EVIDENCE,FULLY_SPLIT_SOURCE_REMOVED,,,"LEGACY_MULTI_ROLE_SOURCE_FULLY_DECOMPOSED; ROLE_EXTRACTS=LX-WS-0356-EVD-01,LX-WS-0356-FND-02,LX-WS-0356-CTX-03",,REMOVED_AFTER_FULL_SPLIT,FULL_100_PERCENT_SEALED,0035EF4410CD17B44046DF5243C1C53FB2DA484B
LS-WS-0357,C28,audit/WS_C28_RULE_REVISION_TIEBREAK_DIAGNOSTIC.md,67BEB73B4C7A312B5ECC16FEEFE63E7089F810DB,6366,214,md,READ_OK,FINDING,DECISION;EVIDENCE;FINDING;IMPLEMENTATION,YES,MATERIAL_MULTI_ROLE,development/findings/C28_RULE_REVISION_TIEBREAK_DIAGNOSTIC.md,EXACT_SHA,FINDING,FULLY_SPLIT_SOURCE_REMOVED,,MULTI_ROLE_SPLIT,FULL_100_PERCENT_ROLE_SPLIT; COMPOSITE_SOURCE_REMOVED; USE_LX_EXTRACTS_AND_SPLIT_CATALOG,,REMOVED_AFTER_FULL_SPLIT,FULL_100_PERCENT_SEALED,4DF977770C8922FEDEBE9BEB28AE0E286F33EF3F
LS-WS-0358,C29,audit/WS_C29_OOS_PROOF.md,BEF75E40AA1313029FA89F3E4D6A0FF895BC2A98,8651,296,md,READ_OK,EVIDENCE,EVIDENCE;IMPLEMENTATION,YES,MATERIAL_MULTI_ROLE,records/evidence/backtest/C29_OOS_PROOF.md,EXACT_SHA,EVIDENCE,FULLY_SPLIT_SOURCE_REMOVED,,MULTI_ROLE_SPLIT,FULL_100_PERCENT_ROLE_SPLIT; COMPOSITE_SOURCE_REMOVED; USE_LX_EXTRACTS_AND_SPLIT_CATALOG,,REMOVED_AFTER_FULL_SPLIT,FULL_100_PERCENT_SEALED,E3B52816418AD2DD5A4CB49CB7AE519F9E13CB24
LS-WS-0359,C29,audit/WS_C29_OPERATOR_VALIDATION_COMMANDS.md,4E4B76A874A81E3C993DF9A29B80D5422C13B56B,4487,192,md,READ_OK,EVIDENCE_COMMAND_BUNDLE,EVIDENCE,NO,BUNDLE_OR_NAVIGATION_EXCEPTION,records/evidence/runs/C29_OP_CMDS.md,EXACT_SHA,EVIDENCE,NORMALIZED,records/evidence/runs/C29_OP_CMDS.md,EVIDENCE,PRIMARY_ROLE_PLACEMENT_RETAINED,records/history/original_sources/LS-WS-0359.md,RETAINED_UNSPLIT_OR_BUNDLE_SOURCE,NOT_APPLICABLE,
LS-WS-0360,C30,audit/WS_C30_OOS_FAILURE_ATTRIBUTION.md,F584E062AAFB394A1A7233CA87F950965880A120,9768,323,md,READ_OK,FINDING,EVIDENCE;FINDING,YES,MATERIAL_MULTI_ROLE,development/findings/C30_OOS_FAILURE_ATTRIBUTION.md,EXACT_SHA,FINDING,FULLY_SPLIT_SOURCE_REMOVED,,MULTI_ROLE_SPLIT,FULL_100_PERCENT_ROLE_SPLIT; COMPOSITE_SOURCE_REMOVED; USE_LX_EXTRACTS_AND_SPLIT_CATALOG,,REMOVED_AFTER_FULL_SPLIT,FULL_100_PERCENT_SEALED,DF79A54390A4092D3F2002F901A72D29FF608BB5
LS-WS-0361,C30,audit/WS_C30_OPERATOR_VALIDATION_COMMANDS.md,5E39D04E4A27CEF92997F5FD4B778F0EB96EC575,4786,233,md,READ_OK,EVIDENCE_COMMAND_BUNDLE,EVIDENCE;FINDING,YES,ONE_DOCUMENT_ONE_AUTHORITATIVE_ROLE_MULTI_ROLE_SOURCE,records/evidence/runs/C30_OP_CMDS.md,EXACT_SHA,EVIDENCE,FULLY_SPLIT_SOURCE_REMOVED,,,"LEGACY_MULTI_ROLE_SOURCE_FULLY_DECOMPOSED; ROLE_EXTRACTS=LX-WS-0361-EVD-01,LX-WS-0361-FND-02,LX-WS-0361-CTX-03",,REMOVED_AFTER_FULL_SPLIT,FULL_100_PERCENT_SEALED,D787931BD29AEE7AC69C724214F3131E9C069E52
LS-WS-0362,C31,audit/WS_C31_CONTROLLED_GATE_RECLASSIFICATION.md,54EFF56BF27A7E0A628A62E3AF9424EBC68D240B,5505,195,md,READ_OK,EVIDENCE,EVIDENCE,NO,PRIMARY_ROLE_ONLY,records/decisions/C31_CTRL_GATE_RECLASSIFICATION.md,EXACT_SHA,DECISION,NORMALIZED,records/evidence/runs/C31_CTRL_GATE_RECLASSIFICATION.md,EVIDENCE,NORMALIZED_PRIMARY_RECORD_ROLE,records/history/original_sources/LS-WS-0362.md,RETAINED_UNSPLIT_OR_BUNDLE_SOURCE,NOT_APPLICABLE,
LS-WS-0363,C31,audit/WS_C31_OPERATOR_VALIDATION_COMMANDS.md,ABB9EFE0531D04916A0324AA8E9B9213FC8EB828,5623,260,md,READ_OK,EVIDENCE_COMMAND_BUNDLE,EVIDENCE;FINDING,YES,ONE_DOCUMENT_ONE_AUTHORITATIVE_ROLE_MULTI_ROLE_SOURCE,records/evidence/runs/C31_OP_CMDS.md,EXACT_SHA,EVIDENCE,FULLY_SPLIT_SOURCE_REMOVED,,,"LEGACY_MULTI_ROLE_SOURCE_FULLY_DECOMPOSED; ROLE_EXTRACTS=LX-WS-0363-EVD-01,LX-WS-0363-FND-02,LX-WS-0363-CTX-03",,REMOVED_AFTER_FULL_SPLIT,FULL_100_PERCENT_SEALED,673A0B458428C769249FD4A19D588B0B5DF2A5F2
LS-WS-0364,C32,audit/WS_C32_DATA_PATH_AND_BAD_MONTH_DIAGNOSTIC.md,44F75CE57906CB434AD2275DE98368432FF2620C,5056,138,md,READ_OK,FINDING,EVIDENCE;FINDING,YES,MATERIAL_MULTI_ROLE,development/findings/C32_DATA_PATH_AND_BAD_MONTH_DIAGNOSTIC.md,EXACT_SHA,FINDING,FULLY_SPLIT_SOURCE_REMOVED,,MULTI_ROLE_SPLIT,FULL_100_PERCENT_ROLE_SPLIT; COMPOSITE_SOURCE_REMOVED; USE_LX_EXTRACTS_AND_SPLIT_CATALOG,,REMOVED_AFTER_FULL_SPLIT,FULL_100_PERCENT_SEALED,B75A6B6BD382F794F1BEFE647CCEB6E62D0D1080
LS-WS-0365,C32,audit/WS_C32_OPERATOR_VALIDATION_COMMANDS.md,E5226B905E8E3EA7E07E20B0F547797B79C0D50B,5056,208,md,READ_OK,EVIDENCE_COMMAND_BUNDLE,EVIDENCE,NO,BUNDLE_OR_NAVIGATION_EXCEPTION,records/evidence/runs/C32_OP_CMDS.md,EXACT_SHA,EVIDENCE,NORMALIZED,records/evidence/runs/C32_OP_CMDS.md,EVIDENCE,PRIMARY_ROLE_PLACEMENT_RETAINED,records/history/original_sources/LS-WS-0365.md,RETAINED_UNSPLIT_OR_BUNDLE_SOURCE,NOT_APPLICABLE,
LS-WS-0366,C33,audit/WS_C33_DATA_PATH_REPLAY_PROOF.md,330A00591DD2375262EEAE2DA7410B8FBC2EE83B,3999,130,md,READ_OK,EVIDENCE,EVIDENCE;FINDING,YES,ONE_DOCUMENT_ONE_AUTHORITATIVE_ROLE_MULTI_ROLE_SOURCE,records/evidence/runs/C33_DATA_PATH_REPLAY_PROOF.md,EXACT_SHA,EVIDENCE,FULLY_SPLIT_SOURCE_REMOVED,,,"LEGACY_MULTI_ROLE_SOURCE_FULLY_DECOMPOSED; ROLE_EXTRACTS=LX-WS-0366-EVD-01,LX-WS-0366-FND-02,LX-WS-0366-CTX-03",,REMOVED_AFTER_FULL_SPLIT,FULL_100_PERCENT_SEALED,E42C2B3CDC7C5B799DC84A1B9867EB2C17D71B74
LS-WS-0367,C33,audit/WS_C33_OPERATOR_VALIDATION_COMMANDS.md,2C0EAB82F62D7E97E24BE7F3A2537FF0BBADAD1D,5256,211,md,READ_OK,EVIDENCE_COMMAND_BUNDLE,EVIDENCE,NO,BUNDLE_OR_NAVIGATION_EXCEPTION,records/evidence/runs/C33_OP_CMDS.md,EXACT_SHA,EVIDENCE,NORMALIZED,records/evidence/runs/C33_OP_CMDS.md,EVIDENCE,PRIMARY_ROLE_PLACEMENT_RETAINED,records/history/original_sources/LS-WS-0367.md,RETAINED_UNSPLIT_OR_BUNDLE_SOURCE,NOT_APPLICABLE,
LS-WS-0368,C34,audit/WS_C34_BAD_MONTH_ROBUSTNESS_DIAGNOSTIC.md,6D02916D675A9A77F4601E3706E1C3D22F6BE0C6,4467,119,md,READ_OK,FINDING,EVIDENCE;FINDING,YES,MATERIAL_MULTI_ROLE,development/findings/C34_BAD_MONTH_ROBUSTNESS_DIAGNOSTIC.md,EXACT_SHA,FINDING,FULLY_SPLIT_SOURCE_REMOVED,,MULTI_ROLE_SPLIT,FULL_100_PERCENT_ROLE_SPLIT; COMPOSITE_SOURCE_REMOVED; USE_LX_EXTRACTS_AND_SPLIT_CATALOG,,REMOVED_AFTER_FULL_SPLIT,FULL_100_PERCENT_SEALED,7DC7E2AD856C834CA23FEC7FF89FA17DB3BF2FF6
LS-WS-0369,C34,audit/WS_C34_OPERATOR_VALIDATION_COMMANDS.md,68A6E8F4D03A78FACC547C06604B8BE432003E2E,6013,221,md,READ_OK,EVIDENCE_COMMAND_BUNDLE,EVIDENCE,NO,BUNDLE_OR_NAVIGATION_EXCEPTION,records/evidence/runs/C34_OP_CMDS.md,EXACT_SHA,EVIDENCE,NORMALIZED,records/evidence/runs/C34_OP_CMDS.md,EVIDENCE,PRIMARY_ROLE_PLACEMENT_RETAINED,records/history/original_sources/LS-WS-0369.md,RETAINED_UNSPLIT_OR_BUNDLE_SOURCE,NOT_APPLICABLE,
LS-WS-0370,C35,audit/WS_C35_IS_ROBUSTNESS_REDESIGN_DIAGNOSTIC.md,06FC2A4A4C295D8AD5C4D5823DDBFB8C76386C21,10211,270,md,READ_OK,FINDING,EVIDENCE;FINDING;RESEARCH,YES,MATERIAL_MULTI_ROLE,development/findings/C35_IS_ROBUSTNESS_REDESIGN_DIAGNOSTIC.md,EXACT_SHA,FINDING,FULLY_SPLIT_SOURCE_REMOVED,,MULTI_ROLE_SPLIT,FULL_100_PERCENT_ROLE_SPLIT; COMPOSITE_SOURCE_REMOVED; USE_LX_EXTRACTS_AND_SPLIT_CATALOG,,REMOVED_AFTER_FULL_SPLIT,FULL_100_PERCENT_SEALED,BDA74A3E18D57C9A661964775BBD63EB9E79E7A9
LS-WS-0371,C35,audit/WS_C35_OPERATOR_VALIDATION_COMMANDS.md,0F7DB1C600D03FDF4993A0887C4A651D76D818AC,7332,298,md,READ_OK,EVIDENCE_COMMAND_BUNDLE,EVIDENCE;FINDING;RESEARCH,YES,ONE_DOCUMENT_ONE_AUTHORITATIVE_ROLE_MULTI_ROLE_SOURCE,records/evidence/runs/C35_OP_CMDS.md,EXACT_SHA,EVIDENCE,FULLY_SPLIT_SOURCE_REMOVED,,,"LEGACY_MULTI_ROLE_SOURCE_FULLY_DECOMPOSED; ROLE_EXTRACTS=LX-WS-0371-EVD-01,LX-WS-0371-FND-02,LX-WS-0371-RES-03,LX-WS-0371-CTX-04",,REMOVED_AFTER_FULL_SPLIT,FULL_100_PERCENT_SEALED,1CD0FFABB561D992DF0FFEEBE05E456D1484B542
LS-WS-0372,C36,audit/WS_C36_IS_CONTROLLED_REDESIGN_CANDIDATE_FORMATION.md,F85C7A7233CE04297289D730677CFDBE04177AD9,16593,466,md,READ_OK,RESEARCH,EVIDENCE;FINDING;RESEARCH,YES,MATERIAL_MULTI_ROLE,development/research/C36_IS_CTRL_REDESIGN_CANDIDATE_FORMATION.md,EXACT_SHA,RESEARCH,FULLY_SPLIT_SOURCE_REMOVED,,MULTI_ROLE_SPLIT,FULL_100_PERCENT_ROLE_SPLIT; COMPOSITE_SOURCE_REMOVED; USE_LX_EXTRACTS_AND_SPLIT_CATALOG,,REMOVED_AFTER_FULL_SPLIT,FULL_100_PERCENT_SEALED,52F568317FC737643FD52B19BE909764802C61C1
LS-WS-0373,C36,audit/WS_C36_OPERATOR_VALIDATION_COMMANDS.md,31D036BF9672112BE29EA84DFA70CD1E32DDD5FF,7775,336,md,READ_OK,EVIDENCE_COMMAND_BUNDLE,EVIDENCE;FINDING,YES,ONE_DOCUMENT_ONE_AUTHORITATIVE_ROLE_MULTI_ROLE_SOURCE,records/evidence/runs/C36_OP_CMDS.md,EXACT_SHA,EVIDENCE,FULLY_SPLIT_SOURCE_REMOVED,,,"LEGACY_MULTI_ROLE_SOURCE_FULLY_DECOMPOSED; ROLE_EXTRACTS=LX-WS-0373-EVD-01,LX-WS-0373-FND-02,LX-WS-0373-CTX-03",,REMOVED_AFTER_FULL_SPLIT,FULL_100_PERCENT_SEALED,D5747E00D6E807BEFC1292C0C3593A244E1DB754
LS-WS-0374,C37,audit/WS_C37_IS_VALIDATION_AND_ANTI_OVERFIT_CHECK.md,6540A8A4D05027E1BC05D9C189A4115DD32E0667,10446,293,md,READ_OK,EVIDENCE,EVIDENCE,NO,PRIMARY_ROLE_ONLY,records/evidence/runs/C37_IS_VALID_AND_ANTI_OVERFIT_CHECK.md,EXACT_SHA,EVIDENCE,NORMALIZED,records/evidence/runs/C37_IS_VALID_AND_ANTI_OVERFIT_CHECK.md,EVIDENCE,PRIMARY_ROLE_PLACEMENT_RETAINED,records/history/original_sources/LS-WS-0374.md,RETAINED_UNSPLIT_OR_BUNDLE_SOURCE,NOT_APPLICABLE,
LS-WS-0375,C37,audit/WS_C37_OPERATOR_VALIDATION_COMMANDS.md,5908572967B787DD8D7A4FA5FF6A6881BEBE05F1,8129,316,md,READ_OK,EVIDENCE_COMMAND_BUNDLE,EVIDENCE;FINDING,YES,ONE_DOCUMENT_ONE_AUTHORITATIVE_ROLE_MULTI_ROLE_SOURCE,records/evidence/runs/C37_OP_CMDS.md,EXACT_SHA,EVIDENCE,FULLY_SPLIT_SOURCE_REMOVED,,,"LEGACY_MULTI_ROLE_SOURCE_FULLY_DECOMPOSED; ROLE_EXTRACTS=LX-WS-0375-EVD-01,LX-WS-0375-FND-02,LX-WS-0375-CTX-03",,REMOVED_AFTER_FULL_SPLIT,FULL_100_PERCENT_SEALED,28F71BA99344AC3BA4CB9D2D1757ECC5E39D32B0
LS-WS-0376,C38,audit/WS_C38_IS_REDESIGN_OR_EVIDENCE_EXPANSION_DIAGNOSTIC.md,B61E7127DC61A8489A347F37A521EF5908F66513,8609,235,md,READ_OK,FINDING,EVIDENCE;FINDING;RESEARCH,YES,MATERIAL_MULTI_ROLE,development/findings/C38_IS_REDESIGN_OR_EVIDENCE_EXPANSION_DIAGNOSTIC.md,EXACT_SHA,FINDING,FULLY_SPLIT_SOURCE_REMOVED,,MULTI_ROLE_SPLIT,FULL_100_PERCENT_ROLE_SPLIT; COMPOSITE_SOURCE_REMOVED; USE_LX_EXTRACTS_AND_SPLIT_CATALOG,,REMOVED_AFTER_FULL_SPLIT,FULL_100_PERCENT_SEALED,684CAC04247A041BAC6D191958DA449281E2F5BB
LS-WS-0377,C38,audit/WS_C38_OPERATOR_VALIDATION_COMMANDS.md,31872816DFC49F9DDA8A5866D0FB2DEABDEEED01,6689,263,md,READ_OK,EVIDENCE_COMMAND_BUNDLE,EVIDENCE;FINDING;RESEARCH,YES,ONE_DOCUMENT_ONE_AUTHORITATIVE_ROLE_MULTI_ROLE_SOURCE,records/evidence/runs/C38_OP_CMDS.md,EXACT_SHA,EVIDENCE,FULLY_SPLIT_SOURCE_REMOVED,,,"LEGACY_MULTI_ROLE_SOURCE_FULLY_DECOMPOSED; ROLE_EXTRACTS=LX-WS-0377-EVD-01,LX-WS-0377-FND-02,LX-WS-0377-RES-03,LX-WS-0377-CTX-04",,REMOVED_AFTER_FULL_SPLIT,FULL_100_PERCENT_SEALED,AF4735722E2C45595262A44B5FE1E68D89909F7B
LS-WS-0378,C39,audit/WS_C39_IS_CONTROLLED_REDESIGN_WITH_COVERAGE_AND_BRANCH_DIVERSIFICATION_GUARDS.md,01EE0C00C5973D89AC4BB87EEFD93925C690ACED,5213,153,md,READ_OK,RESEARCH,RESEARCH,NO,PRIMARY_ROLE_ONLY,development/research/C39_IS_CTRL_REDESIGN_WITH_COVERAGE_AND_BRANCH_DIVERSIFICATION_GUARDS.md,EXACT_SHA,RESEARCH,NORMALIZED,records/history/archive/H0262_C39_IS_CTRL_REDESIGN_WITH_COVERAGE_AND_BRANCH_DIVERSIFICATION_.md,HISTORY,LEGACY_ACTIVE_CAMPAIGN_MOVED_TO_HISTORY,records/history/original_sources/LS-WS-0378.md,RETAINED_UNSPLIT_OR_BUNDLE_SOURCE,NOT_APPLICABLE,
LS-WS-0379,C39,audit/WS_C39_OPERATOR_VALIDATION_COMMANDS.md,3DF82B55673F7ED3EA09D3E0AE080F5E9DC47379,2793,94,md,READ_OK,EVIDENCE_COMMAND_BUNDLE,EVIDENCE,NO,BUNDLE_OR_NAVIGATION_EXCEPTION,records/evidence/runs/C39_OP_CMDS.md,EXACT_SHA,EVIDENCE,NORMALIZED,records/evidence/runs/C39_OP_CMDS.md,EVIDENCE,PRIMARY_ROLE_PLACEMENT_RETAINED,records/history/original_sources/LS-WS-0379.md,RETAINED_UNSPLIT_OR_BUNDLE_SOURCE,NOT_APPLICABLE,
LS-WS-0380,C40+C39,audit/WS_C40_IS_VALIDATION_AND_ANTI_OVERFIT_CHECK_FOR_C39_GUARDED_CANDIDATE.md,E04E62BF0C81E5CCC2289C4C25789E7413A4C54D,5374,168,md,READ_OK,EVIDENCE,EVIDENCE,NO,PRIMARY_ROLE_ONLY,development/research/C40_IS_VALID_AND_ANTI_OVERFIT_CHECK_FOR_C39_GUARDED_CANDIDATE.md,EXACT_SHA,RESEARCH,NORMALIZED,records/history/archive/H0264_C40_IS_VALID_AND_ANTI_OVERFIT_CHECK_FOR_C39_GUARDED_CANDIDATE_.md,HISTORY,LEGACY_ACTIVE_CAMPAIGN_MOVED_TO_HISTORY,records/history/original_sources/LS-WS-0380.md,RETAINED_UNSPLIT_OR_BUNDLE_SOURCE,NOT_APPLICABLE,
LS-WS-0381,C40,audit/WS_C40_OPERATOR_VALIDATION_COMMANDS.md,585097A569A294616C8DE00D7C6993ADE265FFFE,2688,93,md,READ_OK,EVIDENCE_COMMAND_BUNDLE,EVIDENCE,NO,BUNDLE_OR_NAVIGATION_EXCEPTION,records/evidence/runs/C40_OP_CMDS.md,EXACT_SHA,EVIDENCE,NORMALIZED,records/evidence/runs/C40_OP_CMDS.md,EVIDENCE,PRIMARY_ROLE_PLACEMENT_RETAINED,records/history/original_sources/LS-WS-0381.md,RETAINED_UNSPLIT_OR_BUNDLE_SOURCE,NOT_APPLICABLE,
LS-WS-0382,C41,audit/WS_C41_IS_REVIEW_OR_EVIDENCE_EXPANSION_BEFORE_OOS.md,4160B6C68056E97AD42059DD9359ED7EFAD1A638,5279,152,md,READ_OK,EVIDENCE,EVIDENCE;FINDING,YES,MATERIAL_MULTI_ROLE,records/evidence/runs/C41_IS_REVIEW_OR_EVIDENCE_EXPANSION_BEFORE_OOS.md,EXACT_SHA,EVIDENCE,FULLY_SPLIT_SOURCE_REMOVED,,MULTI_ROLE_SPLIT,FULL_100_PERCENT_ROLE_SPLIT; COMPOSITE_SOURCE_REMOVED; USE_LX_EXTRACTS_AND_SPLIT_CATALOG,,REMOVED_AFTER_FULL_SPLIT,FULL_100_PERCENT_SEALED,9420400C88F754EA74A01302CC2F83AC947BDE41
LS-WS-0383,C41,audit/WS_C41_OPERATOR_VALIDATION_COMMANDS.md,6F5B2A159F48AF0723DE8BB794612068F96249EA,2726,98,md,READ_OK,EVIDENCE_COMMAND_BUNDLE,EVIDENCE,NO,BUNDLE_OR_NAVIGATION_EXCEPTION,records/evidence/runs/C41_OP_CMDS.md,EXACT_SHA,EVIDENCE,NORMALIZED,records/evidence/runs/C41_OP_CMDS.md,EVIDENCE,PRIMARY_ROLE_PLACEMENT_RETAINED,records/history/original_sources/LS-WS-0383.md,RETAINED_UNSPLIT_OR_BUNDLE_SOURCE,NOT_APPLICABLE,
LS-WS-0384,C42,audit/WS_C42_IS_ROLLING_NORMAL_MONTH_EVIDENCE_EXPANSION.md,A861D928F73F2FE87273065135E7AFE2D11D08E6,9675,287,md,READ_OK,EVIDENCE,EVIDENCE;FINDING,YES,MATERIAL_MULTI_ROLE,records/evidence/runs/C42_IS_ROLLING_NORMAL_MONTH_EVIDENCE_EXPANSION.md,EXACT_SHA,EVIDENCE,FULLY_SPLIT_SOURCE_REMOVED,,MULTI_ROLE_SPLIT,FULL_100_PERCENT_ROLE_SPLIT; COMPOSITE_SOURCE_REMOVED; USE_LX_EXTRACTS_AND_SPLIT_CATALOG,,REMOVED_AFTER_FULL_SPLIT,FULL_100_PERCENT_SEALED,90237921225EB64A3759BBF830F45A1049AB3C32
LS-WS-0385,C42,audit/WS_C42_OPERATOR_VALIDATION_COMMANDS.md,ED6B913B37206B5E1A050878F2D537DC15048AF2,8218,342,md,READ_OK,EVIDENCE_COMMAND_BUNDLE,EVIDENCE;FINDING,YES,ONE_DOCUMENT_ONE_AUTHORITATIVE_ROLE_MULTI_ROLE_SOURCE,records/evidence/runs/C42_OP_CMDS.md,EXACT_SHA,EVIDENCE,FULLY_SPLIT_SOURCE_REMOVED,,,"LEGACY_MULTI_ROLE_SOURCE_FULLY_DECOMPOSED; ROLE_EXTRACTS=LX-WS-0385-EVD-01,LX-WS-0385-FND-02,LX-WS-0385-CTX-03",,REMOVED_AFTER_FULL_SPLIT,FULL_100_PERCENT_SEALED,970A0443E7962219B94235E3537D88D8DC772543
LS-WS-0386,C43,audit/WS_C43_OPERATOR_VALIDATION_COMMANDS.md,D80FCAE0CAD3F147F74D882AA1CCE6F1D1730776,4636,77,md,READ_OK,EVIDENCE_COMMAND_BUNDLE,EVIDENCE,NO,BUNDLE_OR_NAVIGATION_EXCEPTION,records/evidence/runs/C43_OP_CMDS.md,EXACT_SHA,EVIDENCE,NORMALIZED,records/evidence/runs/C43_OP_CMDS.md,EVIDENCE,PRIMARY_ROLE_PLACEMENT_RETAINED,records/history/original_sources/LS-WS-0386.md,RETAINED_UNSPLIT_OR_BUNDLE_SOURCE,NOT_APPLICABLE,
LS-WS-0387,C43,audit/WS_C43_PRE_TRADE_FIELD_EXPANSION_DIAGNOSTIC.md,86AAEF422138DE4704DCF5C95839DFAA1317A88B,5699,130,md,READ_OK,FINDING,EVIDENCE;FINDING;IMPLEMENTATION,YES,MATERIAL_MULTI_ROLE,development/findings/C43_PRE_TRADE_FIELD_EXPANSION_DIAGNOSTIC.md,EXACT_SHA,FINDING,FULLY_SPLIT_SOURCE_REMOVED,,MULTI_ROLE_SPLIT,FULL_100_PERCENT_ROLE_SPLIT; COMPOSITE_SOURCE_REMOVED; USE_LX_EXTRACTS_AND_SPLIT_CATALOG,,REMOVED_AFTER_FULL_SPLIT,FULL_100_PERCENT_SEALED,2DCC611DC9C9B69B3FB4211D8FD9A7986C3B2D2C
LS-WS-0388,C44,audit/WS_C44_IS_GUARD_REFINEMENT_CANDIDATE_FORMATION.md,BA820366D563C3D19192E0A2BB508329DB00235E,4341,114,md,READ_OK,RESEARCH,DECISION;RESEARCH,YES,MATERIAL_MULTI_ROLE,development/research/C44_IS_GUARD_REFINEMENT_CANDIDATE_FORMATION.md,EXACT_SHA,RESEARCH,FULLY_SPLIT_SOURCE_REMOVED,,MULTI_ROLE_SPLIT,FULL_100_PERCENT_ROLE_SPLIT; COMPOSITE_SOURCE_REMOVED; USE_LX_EXTRACTS_AND_SPLIT_CATALOG,,REMOVED_AFTER_FULL_SPLIT,FULL_100_PERCENT_SEALED,9D446B85B478AB57D1DF38770AB6CA0674D102C2
LS-WS-0389,C44,audit/WS_C44_OPERATOR_VALIDATION_COMMANDS.md,B2CA58D4AD8C1F2ED5CE52A7734F47410D528F17,2220,51,md,READ_OK,EVIDENCE_COMMAND_BUNDLE,EVIDENCE,NO,BUNDLE_OR_NAVIGATION_EXCEPTION,records/evidence/runs/C44_OP_CMDS.md,EXACT_SHA,EVIDENCE,NORMALIZED,records/evidence/runs/C44_OP_CMDS.md,EVIDENCE,PRIMARY_ROLE_PLACEMENT_RETAINED,records/history/original_sources/LS-WS-0389.md,RETAINED_UNSPLIT_OR_BUNDLE_SOURCE,NOT_APPLICABLE,
LS-WS-0390,C45+C44,audit/WS_C45_IS_VALIDATION_AND_ANTI_OVERFIT_CHECK_FOR_C44_REFINEMENT.md,A47415F960AC189ACD0AED4E89112F3138B0B50B,4629,117,md,READ_OK,EVIDENCE,DECISION;EVIDENCE,YES,MATERIAL_MULTI_ROLE,development/research/C45_IS_VALID_AND_ANTI_OVERFIT_CHECK_FOR_C44_REFINEMENT.md,EXACT_SHA,RESEARCH,FULLY_SPLIT_SOURCE_REMOVED,,MULTI_ROLE_SPLIT,FULL_100_PERCENT_ROLE_SPLIT; COMPOSITE_SOURCE_REMOVED; USE_LX_EXTRACTS_AND_SPLIT_CATALOG,,REMOVED_AFTER_FULL_SPLIT,FULL_100_PERCENT_SEALED,3C08208F23B9EB0CEB041086251276BF6165480B
LS-WS-0391,C45,audit/WS_C45_OPERATOR_VALIDATION_COMMANDS.md,8E70CAF39A84BB560B984B7B9010855F27722FDC,2923,61,md,READ_OK,EVIDENCE_COMMAND_BUNDLE,EVIDENCE,NO,BUNDLE_OR_NAVIGATION_EXCEPTION,records/evidence/runs/C45_OP_CMDS.md,EXACT_SHA,EVIDENCE,NORMALIZED,records/evidence/runs/C45_OP_CMDS.md,EVIDENCE,PRIMARY_ROLE_PLACEMENT_RETAINED,records/history/original_sources/LS-WS-0391.md,RETAINED_UNSPLIT_OR_BUNDLE_SOURCE,NOT_APPLICABLE,
LS-WS-0392,C46,audit/WS_C46_IS_REVIEW_OR_EVIDENCE_EXPANSION_BEFORE_OOS.md,CBD842555EA97A5513C17EECBE6AFE6A5089099E,4841,135,md,READ_OK,EVIDENCE,DECISION;EVIDENCE,YES,MATERIAL_MULTI_ROLE,records/evidence/runs/C46_IS_REVIEW_OR_EVIDENCE_EXPANSION_BEFORE_OOS.md,EXACT_SHA,EVIDENCE,FULLY_SPLIT_SOURCE_REMOVED,,MULTI_ROLE_SPLIT,FULL_100_PERCENT_ROLE_SPLIT; COMPOSITE_SOURCE_REMOVED; USE_LX_EXTRACTS_AND_SPLIT_CATALOG,,REMOVED_AFTER_FULL_SPLIT,FULL_100_PERCENT_SEALED,0291B5AEEF63536FCC2082ADC37C7B8100EFE7E3
LS-WS-0393,C46,audit/WS_C46_OPERATOR_VALIDATION_COMMANDS.md,83E292B9E68F824368A66FBB12E738222B7A416B,2430,58,md,READ_OK,EVIDENCE_COMMAND_BUNDLE,EVIDENCE,NO,BUNDLE_OR_NAVIGATION_EXCEPTION,records/evidence/runs/C46_OP_CMDS.md,EXACT_SHA,EVIDENCE,NORMALIZED,records/evidence/runs/C46_OP_CMDS.md,EVIDENCE,PRIMARY_ROLE_PLACEMENT_RETAINED,records/history/original_sources/LS-WS-0393.md,RETAINED_UNSPLIT_OR_BUNDLE_SOURCE,NOT_APPLICABLE,
LS-WS-0394,C47+C44,audit/WS_C47_OOS_PROOF_WITH_LOCKED_C44_REFINEMENT.md,B9E44BFBE241A887E69D936706CA3DE1B177B00C,4894,159,md,READ_OK,EVIDENCE,DECISION;EVIDENCE,YES,MATERIAL_MULTI_ROLE,development/research/C47_OOS_PROOF_WITH_LOCKED_C44_REFINEMENT.md,EXACT_SHA,RESEARCH,FULLY_SPLIT_SOURCE_REMOVED,,MULTI_ROLE_SPLIT,FULL_100_PERCENT_ROLE_SPLIT; COMPOSITE_SOURCE_REMOVED; USE_LX_EXTRACTS_AND_SPLIT_CATALOG,,REMOVED_AFTER_FULL_SPLIT,FULL_100_PERCENT_SEALED,0D94D4069B97EA6A05712A62E41B1BA08D0A58E5
LS-WS-0395,C47,audit/WS_C47_OPERATOR_VALIDATION_COMMANDS.md,0065E1A6F6E5C05ACB1C3A4A97C63FF7061E8A46,2626,63,md,READ_OK,EVIDENCE_COMMAND_BUNDLE,EVIDENCE,NO,BUNDLE_OR_NAVIGATION_EXCEPTION,records/evidence/runs/C47_OP_CMDS.md,EXACT_SHA,EVIDENCE,NORMALIZED,records/evidence/runs/C47_OP_CMDS.md,EVIDENCE,PRIMARY_ROLE_PLACEMENT_RETAINED,records/history/original_sources/LS-WS-0395.md,RETAINED_UNSPLIT_OR_BUNDLE_SOURCE,NOT_APPLICABLE,
LS-WS-0396,C48,audit/WS_C48_OOS_FAILURE_ATTRIBUTION.md,6A0D53376634E7DBCE121CF1EBE70C6C28E62A77,14914,276,md,READ_OK,FINDING,EVIDENCE;FINDING,YES,MATERIAL_MULTI_ROLE,development/findings/C48_OOS_FAILURE_ATTRIBUTION.md,EXACT_SHA,FINDING,FULLY_SPLIT_SOURCE_REMOVED,,MULTI_ROLE_SPLIT,FULL_100_PERCENT_ROLE_SPLIT; COMPOSITE_SOURCE_REMOVED; USE_LX_EXTRACTS_AND_SPLIT_CATALOG,,REMOVED_AFTER_FULL_SPLIT,FULL_100_PERCENT_SEALED,847BCBA99D6D7CEC4C716888BEDDF20301E56E31
LS-WS-0397,C48,audit/WS_C48_OPERATOR_VALIDATION_COMMANDS.md,0F9C1344BFB05EE52D1DD4A564C16F0D30FA79AF,7300,321,md,READ_OK,EVIDENCE_COMMAND_BUNDLE,EVIDENCE;FINDING,YES,ONE_DOCUMENT_ONE_AUTHORITATIVE_ROLE_MULTI_ROLE_SOURCE,records/evidence/runs/C48_OP_CMDS.md,EXACT_SHA,EVIDENCE,FULLY_SPLIT_SOURCE_REMOVED,,,"LEGACY_MULTI_ROLE_SOURCE_FULLY_DECOMPOSED; ROLE_EXTRACTS=LX-WS-0397-EVD-01,LX-WS-0397-FND-02,LX-WS-0397-CTX-03",,REMOVED_AFTER_FULL_SPLIT,FULL_100_PERCENT_SEALED,6C90F34D20D8BBAC08DAAE5F3A741010B61B7443
LS-WS-0398,C49,audit/WS_C49_BROADER_STRATEGY_REDESIGN.md,51D4F996FCD65A5FF43A5A62123876173A08C7C1,9993,347,md,READ_OK,RESEARCH,EVIDENCE;FINDING;RESEARCH,YES,MATERIAL_MULTI_ROLE,development/research/C49_BROADER_STRAT_REDESIGN.md,EXACT_SHA,RESEARCH,FULLY_SPLIT_SOURCE_REMOVED,,MULTI_ROLE_SPLIT,FULL_100_PERCENT_ROLE_SPLIT; COMPOSITE_SOURCE_REMOVED; USE_LX_EXTRACTS_AND_SPLIT_CATALOG,,REMOVED_AFTER_FULL_SPLIT,FULL_100_PERCENT_SEALED,7FAADA4A158933FF041D1D326E229CA6F610F1DA
LS-WS-0399,C49,audit/WS_C49_OPERATOR_VALIDATION_COMMANDS.md,F33FE4CAA5C155F7B828A7F8918032553053974B,9410,416,md,READ_OK,EVIDENCE_COMMAND_BUNDLE,EVIDENCE;FINDING;RESEARCH,YES,ONE_DOCUMENT_ONE_AUTHORITATIVE_ROLE_MULTI_ROLE_SOURCE,records/evidence/runs/C49_OP_CMDS.md,EXACT_SHA,EVIDENCE,FULLY_SPLIT_SOURCE_REMOVED,,,"LEGACY_MULTI_ROLE_SOURCE_FULLY_DECOMPOSED; ROLE_EXTRACTS=LX-WS-0399-EVD-01,LX-WS-0399-FND-02,LX-WS-0399-RES-03,LX-WS-0399-CTX-04",,REMOVED_AFTER_FULL_SPLIT,FULL_100_PERCENT_SEALED,35B3AFA35654B041B04DDEBDD9FB45BCCF6A8D89
LS-WS-0400,C50,audit/WS_C50_IS_VALIDATION_ANTI_OVERFIT_CHECK.md,D1982C6831A6CF0D4918788EFBFA8659AE400473,12186,435,md,READ_OK,EVIDENCE,DECISION;EVIDENCE;FINDING,YES,MATERIAL_MULTI_ROLE,records/evidence/runs/C50_IS_VALID_ANTI_OVERFIT_CHECK.md,EXACT_SHA,EVIDENCE,FULLY_SPLIT_SOURCE_REMOVED,,MULTI_ROLE_SPLIT,FULL_100_PERCENT_ROLE_SPLIT; COMPOSITE_SOURCE_REMOVED; USE_LX_EXTRACTS_AND_SPLIT_CATALOG,,REMOVED_AFTER_FULL_SPLIT,FULL_100_PERCENT_SEALED,2AFCE6BE0A3AC645AD87A4C43A8654A43F60BBBB
LS-WS-0401,C50,audit/WS_C50_OPERATOR_VALIDATION_COMMANDS.md,4436CB5B652AEE7B8EE04DD976756F5A7A6DAC37,10232,425,md,READ_OK,EVIDENCE_COMMAND_BUNDLE,EVIDENCE;FINDING,YES,ONE_DOCUMENT_ONE_AUTHORITATIVE_ROLE_MULTI_ROLE_SOURCE,records/evidence/runs/C50_OP_CMDS.md,EXACT_SHA,EVIDENCE,FULLY_SPLIT_SOURCE_REMOVED,,,"LEGACY_MULTI_ROLE_SOURCE_FULLY_DECOMPOSED; ROLE_EXTRACTS=LX-WS-0401-EVD-01,LX-WS-0401-FND-02,LX-WS-0401-CTX-03",,REMOVED_AFTER_FULL_SPLIT,FULL_100_PERCENT_SEALED,70049B0EE8CD35E571BCD92A1DCD33B96E2B2C84
LS-WS-0402,C51,audit/WS_C51_CONCENTRATION_DEPENDENCY_REDESIGN_REVIEW.md,D6A74ECAAAFD23A1112A44A0A526A3AEB81900F2,13199,377,md,READ_OK,RESEARCH,EVIDENCE;FINDING;RESEARCH,YES,MATERIAL_MULTI_ROLE,development/research/C51_CONCENTRATION_DEPENDENCY_REDESIGN_REVIEW.md,EXACT_SHA,RESEARCH,FULLY_SPLIT_SOURCE_REMOVED,,MULTI_ROLE_SPLIT,FULL_100_PERCENT_ROLE_SPLIT; COMPOSITE_SOURCE_REMOVED; USE_LX_EXTRACTS_AND_SPLIT_CATALOG,,REMOVED_AFTER_FULL_SPLIT,FULL_100_PERCENT_SEALED,26B9FCF7539F2CF455DEFC2779F7041B220B0866
LS-WS-0403,C51,audit/WS_C51_OPERATOR_VALIDATION_COMMANDS.md,C7A9103F626F5206772C997D51258FF6B14143A5,11947,505,md,READ_OK,EVIDENCE_COMMAND_BUNDLE,EVIDENCE;FINDING;RESEARCH,YES,ONE_DOCUMENT_ONE_AUTHORITATIVE_ROLE_MULTI_ROLE_SOURCE,records/evidence/runs/C51_OP_CMDS.md,EXACT_SHA,EVIDENCE,FULLY_SPLIT_SOURCE_REMOVED,,,"LEGACY_MULTI_ROLE_SOURCE_FULLY_DECOMPOSED; ROLE_EXTRACTS=LX-WS-0403-EVD-01,LX-WS-0403-FND-02,LX-WS-0403-RES-03,LX-WS-0403-CTX-04",,REMOVED_AFTER_FULL_SPLIT,FULL_100_PERCENT_SEALED,07EF9EBD38D339EAAE6A3258A5082D451BBADC83
LS-WS-0404,C52,audit/WS_C52_CONCENTRATION_DEPENDENCY_REDESIGN_CONTINUATION.md,91662858AA85828C41CC871A4C27F2389C5CD09F,8020,155,md,READ_OK,RESEARCH,EVIDENCE;FINDING;RESEARCH,YES,MATERIAL_MULTI_ROLE,development/research/C52_CONCENTRATION_DEPENDENCY_REDESIGN_CONTINUATION.md,EXACT_SHA,RESEARCH,FULLY_SPLIT_SOURCE_REMOVED,,MULTI_ROLE_SPLIT,FULL_100_PERCENT_ROLE_SPLIT; COMPOSITE_SOURCE_REMOVED; USE_LX_EXTRACTS_AND_SPLIT_CATALOG,,REMOVED_AFTER_FULL_SPLIT,FULL_100_PERCENT_SEALED,1CE30A649B9D9E50237626B65C8FA231291A97D4
LS-WS-0405,C52,audit/WS_C52_OPERATOR_VALIDATION_COMMANDS.md,E1D82D2542D826C2E54BF7E7945F2EF242DDF778,8030,109,md,READ_OK,EVIDENCE_COMMAND_BUNDLE,EVIDENCE,NO,BUNDLE_OR_NAVIGATION_EXCEPTION,records/evidence/runs/C52_OP_CMDS.md,EXACT_SHA,EVIDENCE,NORMALIZED,records/evidence/runs/C52_OP_CMDS.md,EVIDENCE,PRIMARY_ROLE_PLACEMENT_RETAINED,records/history/original_sources/LS-WS-0405.md,RETAINED_UNSPLIT_OR_BUNDLE_SOURCE,NOT_APPLICABLE,
LS-WS-0406,C53+C52,audit/WS_C53_IS_EVIDENCE_EXPANSION_FOR_C52_REDESIGN.md,730FA979C4E901D8279640E2F6CBC712F1EC7191,4267,114,md,READ_OK,RESEARCH,EVIDENCE;RESEARCH,YES,MATERIAL_MULTI_ROLE,development/research/C53_IS_EVIDENCE_EXPANSION_FOR_C52_REDESIGN.md,EXACT_SHA,RESEARCH,FULLY_SPLIT_SOURCE_REMOVED,,MULTI_ROLE_SPLIT,FULL_100_PERCENT_ROLE_SPLIT; COMPOSITE_SOURCE_REMOVED; USE_LX_EXTRACTS_AND_SPLIT_CATALOG,,REMOVED_AFTER_FULL_SPLIT,FULL_100_PERCENT_SEALED,AA07BDE96508403036EC9CF7693B7EB1FD534796
LS-WS-0407,C53,audit/WS_C53_OPERATOR_VALIDATION_COMMANDS.md,258052668F069CA32DBF73C5069533FD1147402A,2634,63,md,READ_OK,EVIDENCE_COMMAND_BUNDLE,EVIDENCE,NO,BUNDLE_OR_NAVIGATION_EXCEPTION,records/evidence/runs/C53_OP_CMDS.md,EXACT_SHA,EVIDENCE,NORMALIZED,records/evidence/runs/C53_OP_CMDS.md,EVIDENCE,PRIMARY_ROLE_PLACEMENT_RETAINED,records/history/original_sources/LS-WS-0407.md,RETAINED_UNSPLIT_OR_BUNDLE_SOURCE,NOT_APPLICABLE,
LS-WS-0408,C54,audit/WS_C54_OPERATOR_VALIDATION_COMMANDS.md,189E4190A0B08548141690300E668B8C09CEF525,2423,56,md,READ_OK,EVIDENCE_COMMAND_BUNDLE,EVIDENCE,NO,BUNDLE_OR_NAVIGATION_EXCEPTION,records/evidence/runs/C54_OP_CMDS.md,EXACT_SHA,EVIDENCE,NORMALIZED,records/evidence/runs/C54_OP_CMDS.md,EVIDENCE,PRIMARY_ROLE_PLACEMENT_RETAINED,records/history/original_sources/LS-WS-0408.md,RETAINED_UNSPLIT_OR_BUNDLE_SOURCE,NOT_APPLICABLE,
LS-WS-0409,C54,audit/WS_C54_ROLLING_STABILITY_REDESIGN_OR_RECALIBRATION_IS_ONLY.md,81A8B873B788ADB897E2B09C8E237F05EDE5A780,2948,83,md,READ_OK,RESEARCH,EVIDENCE;RESEARCH,YES,MATERIAL_MULTI_ROLE,development/research/C54_ROLLING_STABILITY_REDESIGN_OR_RECALIBRATION_IS_ONLY.md,EXACT_SHA,RESEARCH,FULLY_SPLIT_SOURCE_REMOVED,,MULTI_ROLE_SPLIT,FULL_100_PERCENT_ROLE_SPLIT; COMPOSITE_SOURCE_REMOVED; USE_LX_EXTRACTS_AND_SPLIT_CATALOG,,REMOVED_AFTER_FULL_SPLIT,FULL_100_PERCENT_SEALED,C130BA50140847BC34B544CA89A958AA36B2D127
LS-WS-0410,C55,audit/WS_C55_OPERATOR_VALIDATION_COMMANDS.md,9B330382A1FFC08425C12C75143F6DF79BC66A6A,9476,342,md,READ_OK,EVIDENCE_COMMAND_BUNDLE,EVIDENCE;FINDING;RESEARCH,YES,ONE_DOCUMENT_ONE_AUTHORITATIVE_ROLE_MULTI_ROLE_SOURCE,records/evidence/runs/C55_OP_CMDS.md,EXACT_SHA,EVIDENCE,FULLY_SPLIT_SOURCE_REMOVED,,,"LEGACY_MULTI_ROLE_SOURCE_FULLY_DECOMPOSED; ROLE_EXTRACTS=LX-WS-0410-EVD-01,LX-WS-0410-FND-02,LX-WS-0410-RES-03,LX-WS-0410-CTX-04",,REMOVED_AFTER_FULL_SPLIT,FULL_100_PERCENT_SEALED,AB7528A84728D7F7965244FE7CBF152523EEFB64
LS-WS-0411,C55,audit/WS_C55_ROLLING_STABILITY_REDESIGN_CONTINUATION_IS_ONLY.md,4C750326B8858E34F891BE0EB3838AB9C1BA5ECB,9198,270,md,READ_OK,RESEARCH,EVIDENCE;FINDING;RESEARCH,YES,MATERIAL_MULTI_ROLE,development/research/C55_ROLLING_STABILITY_REDESIGN_CONTINUATION_IS_ONLY.md,EXACT_SHA,RESEARCH,FULLY_SPLIT_SOURCE_REMOVED,,MULTI_ROLE_SPLIT,FULL_100_PERCENT_ROLE_SPLIT; COMPOSITE_SOURCE_REMOVED; USE_LX_EXTRACTS_AND_SPLIT_CATALOG,,REMOVED_AFTER_FULL_SPLIT,FULL_100_PERCENT_SEALED,F56BC9700C6173CC9A4415E325A54706F63DF793
LS-WS-0412,C56,audit/WS_C56_OPERATOR_VALIDATION_COMMANDS.md,9399980167CEB89E2D947A69FC6CBFDC05DE6853,8957,225,md,READ_OK,EVIDENCE_COMMAND_BUNDLE,EVIDENCE;RESEARCH,YES,ONE_DOCUMENT_ONE_AUTHORITATIVE_ROLE_MULTI_ROLE_SOURCE,records/evidence/runs/C56_OP_CMDS.md,EXACT_SHA,EVIDENCE,FULLY_SPLIT_SOURCE_REMOVED,,,"LEGACY_MULTI_ROLE_SOURCE_FULLY_DECOMPOSED; ROLE_EXTRACTS=LX-WS-0412-EVD-01,LX-WS-0412-RES-02,LX-WS-0412-CTX-03",,REMOVED_AFTER_FULL_SPLIT,FULL_100_PERCENT_SEALED,1CBEEA5984098A951FFF9F2F8AF732BD2805C7F6
LS-WS-0413,C56,audit/WS_C56_ROLLING_STABILITY_REDESIGN_CONTINUATION_IS_ONLY.md,9906F319009847026D081ECFDA66004B2B89BADC,14257,407,md,READ_OK,RESEARCH,EVIDENCE;FINDING;RESEARCH,YES,MATERIAL_MULTI_ROLE,development/research/C56_ROLLING_STABILITY_REDESIGN_CONTINUATION_IS_ONLY.md,EXACT_SHA,RESEARCH,FULLY_SPLIT_SOURCE_REMOVED,,MULTI_ROLE_SPLIT,FULL_100_PERCENT_ROLE_SPLIT; COMPOSITE_SOURCE_REMOVED; USE_LX_EXTRACTS_AND_SPLIT_CATALOG,,REMOVED_AFTER_FULL_SPLIT,FULL_100_PERCENT_SEALED,DCE2C1FB2079D1F3F947FF467CB11B31CADDB3E4
LS-WS-0414,C57,audit/WS_C57_OPERATOR_VALIDATION_COMMANDS.md,6D9C9740B15353FF91259E94B303CCAE9E130E6F,14045,497,md,READ_OK,EVIDENCE_COMMAND_BUNDLE,EVIDENCE;FINDING,YES,ONE_DOCUMENT_ONE_AUTHORITATIVE_ROLE_MULTI_ROLE_SOURCE,records/evidence/runs/C57_OP_CMDS.md,EXACT_SHA,EVIDENCE,FULLY_SPLIT_SOURCE_REMOVED,,,"LEGACY_MULTI_ROLE_SOURCE_FULLY_DECOMPOSED; ROLE_EXTRACTS=LX-WS-0414-EVD-01,LX-WS-0414-FND-02,LX-WS-0414-CTX-03",,REMOVED_AFTER_FULL_SPLIT,FULL_100_PERCENT_SEALED,FB0B0E8EBE2CCB0F34D1DC5010FABF1EF6DDA55F
LS-WS-0415,C57,audit/WS_C57_REGIME_FIELD_RECONSTRUCTION_CONTINUATION_IS_ONLY.md,D778C2FE195A3A4BA1EE008BCC16F69ECAC4B1EA,16795,450,md,READ_OK,RESEARCH,EVIDENCE;FINDING;IMPLEMENTATION;RESEARCH,YES,MATERIAL_MULTI_ROLE,records/evidence/runs/C57_REGIME_FIELD_RECONSTRUCTION_CONTINUATION_IS_ONLY.md,EXACT_SHA,EVIDENCE,FULLY_SPLIT_SOURCE_REMOVED,,MULTI_ROLE_SPLIT,FULL_100_PERCENT_ROLE_SPLIT; COMPOSITE_SOURCE_REMOVED; USE_LX_EXTRACTS_AND_SPLIT_CATALOG,,REMOVED_AFTER_FULL_SPLIT,FULL_100_PERCENT_SEALED,552A61FD4652CEED05A818BC417053693269E34A
LS-WS-0416,C58,audit/WS_C58_LOSS_CLUSTER_CONCENTRATION_REDESIGN_CONTINUATION_IS_ONLY.md,EFF972BE7DCAFDFAA03F666601EF3548A85BF8C4,10829,339,md,READ_OK,RESEARCH,EVIDENCE;IMPLEMENTATION;RESEARCH,YES,MATERIAL_MULTI_ROLE,development/research/C58_LOSS_CLUSTER_CONCENTRATION_REDESIGN_CONTINUATION_IS_ONLY.md,MANIFEST_CHAIN,RESEARCH,FULLY_SPLIT_SOURCE_REMOVED,,MULTI_ROLE_SPLIT,FULL_100_PERCENT_ROLE_SPLIT; COMPOSITE_SOURCE_REMOVED; USE_LX_EXTRACTS_AND_SPLIT_CATALOG,,REMOVED_AFTER_FULL_SPLIT,FULL_100_PERCENT_SEALED,68F2BDF6B4D0BF5B26CD1C923552E67DB726E089
LS-WS-0417,C58,audit/WS_C58_OPERATOR_VALIDATION_COMMANDS.md,B26800493D88383E668F6EB60149B7C8BD7FFF84,5005,174,md,READ_OK,EVIDENCE_COMMAND_BUNDLE,EVIDENCE,NO,BUNDLE_OR_NAVIGATION_EXCEPTION,records/evidence/runs/C58_OP_CMDS.md,EXACT_SHA,EVIDENCE,NORMALIZED,records/evidence/runs/C58_OP_CMDS.md,EVIDENCE,PRIMARY_ROLE_PLACEMENT_RETAINED,records/history/original_sources/LS-WS-0417.md,RETAINED_UNSPLIT_OR_BUNDLE_SOURCE,NOT_APPLICABLE,
LS-WS-0418,C59,audit/WS_C59_LOSS_CLUSTER_OR_BRANCH_BUCKET_REDESIGN_CONTINUATION_IS_ONLY.md,BD2A329542FCF40F0078E98E640C0624A45CF759,10208,353,md,READ_OK,RESEARCH,FINDING;IMPLEMENTATION;RESEARCH,YES,MATERIAL_MULTI_ROLE,development/research/C59_LOSS_CLUSTER_OR_BRANCH_BUCKET_REDESIGN_CONTINUATION_IS_ONLY.md,MANIFEST_CHAIN,RESEARCH,FULLY_SPLIT_SOURCE_REMOVED,,MULTI_ROLE_SPLIT,FULL_100_PERCENT_ROLE_SPLIT; COMPOSITE_SOURCE_REMOVED; USE_LX_EXTRACTS_AND_SPLIT_CATALOG,,REMOVED_AFTER_FULL_SPLIT,FULL_100_PERCENT_SEALED,0D27501F41C3D51C21C3384EBBAEB2EBED78E7DE
LS-WS-0419,C59,audit/WS_C59_OPERATOR_VALIDATION_COMMANDS.md,4822F39E8B5A3E8C31C72F6ADC61B9EC618C0990,5149,177,md,READ_OK,EVIDENCE_COMMAND_BUNDLE,EVIDENCE,NO,BUNDLE_OR_NAVIGATION_EXCEPTION,records/evidence/runs/C59_OP_CMDS.md,EXACT_SHA,EVIDENCE,NORMALIZED,records/evidence/runs/C59_OP_CMDS.md,EVIDENCE,PRIMARY_ROLE_PLACEMENT_RETAINED,records/history/original_sources/LS-WS-0419.md,RETAINED_UNSPLIT_OR_BUNDLE_SOURCE,NOT_APPLICABLE,
LS-WS-0420,C60,audit/WS_C60_OPERATOR_VALIDATION_COMMANDS.md,340BF6CADDD0E444E327DC95D9B960C88BD7D077,7560,246,md,READ_OK,EVIDENCE_COMMAND_BUNDLE,EVIDENCE,NO,BUNDLE_OR_NAVIGATION_EXCEPTION,records/evidence/runs/C60_OP_CMDS.md,EXACT_SHA,EVIDENCE,NORMALIZED,records/evidence/runs/C60_OP_CMDS.md,EVIDENCE,PRIMARY_ROLE_PLACEMENT_RETAINED,records/history/original_sources/LS-WS-0420.md,RETAINED_UNSPLIT_OR_BUNDLE_SOURCE,NOT_APPLICABLE,
LS-WS-0421,C60,audit/WS_C60_REGIME_STRESS_AND_LOO_DEPENDENCY_REDESIGN_IS_ONLY.md,964623947531CD27B8FA58EA8A27539BABA13814,8231,223,md,READ_OK,RESEARCH,EVIDENCE;FINDING;IMPLEMENTATION;RESEARCH,YES,MATERIAL_MULTI_ROLE,development/research/C60_REGIME_STRESS_AND_LOO_DEPENDENCY_REDESIGN_IS_ONLY.md,MANIFEST_CHAIN,RESEARCH,FULLY_SPLIT_SOURCE_REMOVED,,MULTI_ROLE_SPLIT,FULL_100_PERCENT_ROLE_SPLIT; COMPOSITE_SOURCE_REMOVED; USE_LX_EXTRACTS_AND_SPLIT_CATALOG,,REMOVED_AFTER_FULL_SPLIT,FULL_100_PERCENT_SEALED,D3518FD80D4D3A239F2EE8D5E92AA66E539F2F7E
LS-WS-0422,C61,audit/WS_C61_OPERATOR_VALIDATION_COMMANDS.md,0E9DAB1B0B423CE2528C13F9B26B0C4888D8DB89,8388,308,md,READ_OK,EVIDENCE_COMMAND_BUNDLE,EVIDENCE,NO,BUNDLE_OR_NAVIGATION_EXCEPTION,records/evidence/runs/C61_OP_CMDS.md,EXACT_SHA,EVIDENCE,NORMALIZED,records/evidence/runs/C61_OP_CMDS.md,EVIDENCE,PRIMARY_ROLE_PLACEMENT_RETAINED,records/history/original_sources/LS-WS-0422.md,RETAINED_UNSPLIT_OR_BUNDLE_SOURCE,NOT_APPLICABLE,
LS-WS-0423,C61,audit/WS_C61_SIGNAL_QUALITY_REBUILD_FOR_WEAK_REGIME_IS_ONLY.md,09E1DB7485E961A87B3A3A7C70FE123AB35F21E1,13216,456,md,READ_OK,RESEARCH,EVIDENCE;FINDING;IMPLEMENTATION;RESEARCH;STRATEGY,YES,MATERIAL_MULTI_ROLE,development/research/C61_SIGNAL_QUALITY_REBUILD_FOR_WEAK_REGIME_IS_ONLY.md,MANIFEST_CHAIN,RESEARCH,FULLY_SPLIT_SOURCE_REMOVED,,MULTI_ROLE_SPLIT,FULL_100_PERCENT_ROLE_SPLIT; COMPOSITE_SOURCE_REMOVED; USE_LX_EXTRACTS_AND_SPLIT_CATALOG,,REMOVED_AFTER_FULL_SPLIT,FULL_100_PERCENT_SEALED,6271359763876E5CCA69FEAED354081E4C86D03C
LS-WS-0424,C62,audit/WS_C62_OPERATOR_VALIDATION_COMMANDS.md,4D3508CFF8FCEE4B6B5447AB597F66FC2B13C93E,6628,233,md,READ_OK,EVIDENCE_COMMAND_BUNDLE,EVIDENCE,NO,BUNDLE_OR_NAVIGATION_EXCEPTION,records/evidence/runs/C62_OP_CMDS.md,EXACT_SHA,EVIDENCE,NORMALIZED,records/evidence/runs/C62_OP_CMDS.md,EVIDENCE,PRIMARY_ROLE_PLACEMENT_RETAINED,records/history/original_sources/LS-WS-0424.md,RETAINED_UNSPLIT_OR_BUNDLE_SOURCE,NOT_APPLICABLE,
LS-WS-0425,C62+C61,audit/WS_C62_PRE_LOCK_REVIEW_FOR_C61_SIGNAL_QUALITY_CANDIDATES_IS_ONLY.md,B027892A029EB6C8CFA1EB4539D5EA5DABD0C0B4,13720,416,md,READ_OK,DECISION,DECISION;EVIDENCE,YES,ONE_DOCUMENT_ONE_AUTHORITATIVE_ROLE_MULTI_ROLE_SOURCE,development/research/C62_PRE_LOCK_REVIEW_FOR_C61_SIGNAL_QUALITY_CANDIDATES_IS_ONLY.md,MANIFEST_CHAIN,RESEARCH,FULLY_SPLIT_SOURCE_REMOVED,,,"LEGACY_MULTI_ROLE_SOURCE_FULLY_DECOMPOSED; ROLE_EXTRACTS=LX-WS-0425-DEC-01,LX-WS-0425-EVD-02,LX-WS-0425-CTX-03",,REMOVED_AFTER_FULL_SPLIT,FULL_100_PERCENT_SEALED,FC5E1E61D7032137E6A1EF3A05E88FDF6DD7E31E
LS-WS-0426,C63,audit/WS_C63_OPERATOR_VALIDATION_COMMANDS.md,FABD3C40E0EAC3D7BBCAD2D7A47D77C1E510900D,8135,287,md,READ_OK,EVIDENCE_COMMAND_BUNDLE,EVIDENCE,NO,BUNDLE_OR_NAVIGATION_EXCEPTION,records/evidence/runs/C63_OP_CMDS.md,EXACT_SHA,EVIDENCE,NORMALIZED,records/evidence/runs/C63_OP_CMDS.md,EVIDENCE,PRIMARY_ROLE_PLACEMENT_RETAINED,records/history/original_sources/LS-WS-0426.md,RETAINED_UNSPLIT_OR_BUNDLE_SOURCE,NOT_APPLICABLE,
LS-WS-0427,C63,audit/WS_C63_PRE_OOS_UNLOCK_REVIEW_IS_ONLY.md,4CCF4E51775AD425FCFC6EEB96D1D30FF3C82E3E,12596,361,md,READ_OK,RESEARCH,EVIDENCE;IMPLEMENTATION;RESEARCH,YES,MATERIAL_MULTI_ROLE,records/evidence/runs/C63_PRE_OOS_UNLOCK_REVIEW_IS_ONLY.md,MANIFEST_CHAIN,EVIDENCE,FULLY_SPLIT_SOURCE_REMOVED,,MULTI_ROLE_SPLIT,FULL_100_PERCENT_ROLE_SPLIT; COMPOSITE_SOURCE_REMOVED; USE_LX_EXTRACTS_AND_SPLIT_CATALOG,,REMOVED_AFTER_FULL_SPLIT,FULL_100_PERCENT_SEALED,77BAD40CBE77C8CC739A6DAE403AFC36AAFF0430
LS-WS-0428,C64,audit/WS_C64_OPERATOR_VALIDATION_COMMANDS.md,518A376338D986234876865DEE7093537EE6A717,5834,196,md,READ_OK,EVIDENCE_COMMAND_BUNDLE,EVIDENCE,NO,BUNDLE_OR_NAVIGATION_EXCEPTION,records/evidence/runs/C64_OP_CMDS.md,EXACT_SHA,EVIDENCE,NORMALIZED,records/evidence/runs/C64_OP_CMDS.md,EVIDENCE,PRIMARY_ROLE_PLACEMENT_RETAINED,records/history/original_sources/LS-WS-0428.md,RETAINED_UNSPLIT_OR_BUNDLE_SOURCE,NOT_APPLICABLE,
LS-WS-0429,C64,audit/WS_C64_PRE_OOS_OR_OOS_PROOF_EXECUTION.md,515916D749335304C2BFA5CC387AB6124BD9A20F,12341,356,md,READ_OK,EVIDENCE,EVIDENCE;IMPLEMENTATION,YES,MATERIAL_MULTI_ROLE,records/evidence/backtest/C64_PRE_OOS_OR_OOS_PROOF_EXEC.md,MANIFEST_CHAIN,EVIDENCE,FULLY_SPLIT_SOURCE_REMOVED,,MULTI_ROLE_SPLIT,FULL_100_PERCENT_ROLE_SPLIT; COMPOSITE_SOURCE_REMOVED; USE_LX_EXTRACTS_AND_SPLIT_CATALOG,,REMOVED_AFTER_FULL_SPLIT,FULL_100_PERCENT_SEALED,06718B8F3E76B80C136E08FB20EB767C398BA111
LS-WS-0430,C65,audit/WS_C65_OPERATOR_VALIDATION_COMMANDS.md,D7D4D0E1A616B9F6C060076A56E581B89D37EBE3,8142,223,md,READ_OK,EVIDENCE_COMMAND_BUNDLE,EVIDENCE,NO,BUNDLE_OR_NAVIGATION_EXCEPTION,records/evidence/runs/C65_OP_CMDS.md,EXACT_SHA,EVIDENCE,NORMALIZED,records/evidence/runs/C65_OP_CMDS.md,EVIDENCE,PRIMARY_ROLE_PLACEMENT_RETAINED,records/history/original_sources/LS-WS-0430.md,RETAINED_UNSPLIT_OR_BUNDLE_SOURCE,NOT_APPLICABLE,
LS-WS-0431,C65,audit/WS_C65_PRODUCTION_PRE_LOCK_REVIEW.md,CD52C33D1BD3D59B21A77BA33A38F6977E215ECE,9620,227,md,READ_OK,DECISION,DECISION;EVIDENCE;GOVERNANCE,YES,DECISION_BUNDLE_WITH_EXTRA_ROLE,records/evidence/runs/C65_PROD_PRE_LOCK_REVIEW.md,MANIFEST_CHAIN,EVIDENCE,FULLY_SPLIT_SOURCE_REMOVED,,MULTI_ROLE_SPLIT,FULL_100_PERCENT_ROLE_SPLIT; COMPOSITE_SOURCE_REMOVED; USE_LX_EXTRACTS_AND_SPLIT_CATALOG,,REMOVED_AFTER_FULL_SPLIT,FULL_100_PERCENT_SEALED,0EFC20E2F0C7EFD18F0150E9F0E980774B1C4116
LS-WS-0432,C66,audit/WS_C66_OPERATOR_VALIDATION_COMMANDS.md,3CE34B295DC6DBB54E5EDF9AAF9B75A88F2FBE48,5864,139,md,READ_OK,EVIDENCE_COMMAND_BUNDLE,EVIDENCE,NO,BUNDLE_OR_NAVIGATION_EXCEPTION,records/evidence/runs/C66_OP_CMDS.md,EXACT_SHA,EVIDENCE,NORMALIZED,records/evidence/runs/C66_OP_CMDS.md,EVIDENCE,PRIMARY_ROLE_PLACEMENT_RETAINED,records/history/original_sources/LS-WS-0432.md,RETAINED_UNSPLIT_OR_BUNDLE_SOURCE,NOT_APPLICABLE,
LS-WS-0433,C66,audit/WS_C66_PRODUCTION_LOCK_REVIEW.md,27C409C83EE191A1302C626488305DD681E37D91,8980,218,md,READ_OK,DECISION,DECISION;EVIDENCE;GOVERNANCE,YES,DECISION_BUNDLE_WITH_EXTRA_ROLE,records/evidence/runs/C66_PROD_LOCK_REVIEW.md,EXACT_SHA,EVIDENCE,FULLY_SPLIT_SOURCE_REMOVED,,MULTI_ROLE_SPLIT,FULL_100_PERCENT_ROLE_SPLIT; COMPOSITE_SOURCE_REMOVED; USE_LX_EXTRACTS_AND_SPLIT_CATALOG,,REMOVED_AFTER_FULL_SPLIT,FULL_100_PERCENT_SEALED,1B4CBE17BC34D5238267C4EB8FC5A19602FE5312
LS-WS-0434,C67,audit/WS_C67_OPERATOR_VALIDATION_COMMANDS.md,CE732AF4A8710DCCBD51C8725AD346167996295F,5022,125,md,READ_OK,EVIDENCE_COMMAND_BUNDLE,EVIDENCE,NO,BUNDLE_OR_NAVIGATION_EXCEPTION,records/evidence/runs/C67_OP_CMDS.md,EXACT_SHA,EVIDENCE,NORMALIZED,records/evidence/runs/C67_OP_CMDS.md,EVIDENCE,PRIMARY_ROLE_PLACEMENT_RETAINED,records/history/original_sources/LS-WS-0434.md,RETAINED_UNSPLIT_OR_BUNDLE_SOURCE,NOT_APPLICABLE,
LS-WS-0435,C67,audit/WS_C67_PRODUCTION_CATALOG_ACTIVATION_REVIEW.md,01635C260F4EEDEB06236120E1A9F1978EA201E7,2228,62,md,READ_OK,EVIDENCE,EVIDENCE;GOVERNANCE,YES,MATERIAL_MULTI_ROLE,records/evidence/runs/C67_PROD_CATALOG_ACT_REVIEW.md,EXACT_SHA,EVIDENCE,FULLY_SPLIT_SOURCE_REMOVED,,MULTI_ROLE_SPLIT,FULL_100_PERCENT_ROLE_SPLIT; COMPOSITE_SOURCE_REMOVED; USE_LX_EXTRACTS_AND_SPLIT_CATALOG,,REMOVED_AFTER_FULL_SPLIT,FULL_100_PERCENT_SEALED,F137CF7C44492538D50168035EFCD31AA9B2E5DA
LS-WS-0436,C68,audit/WS_C68_OPERATOR_VALIDATION_COMMANDS.md,8BAD7833E99D980CD4C29828E07DDB5D6BDBC3AA,7570,193,md,READ_OK,EVIDENCE_COMMAND_BUNDLE,EVIDENCE,NO,BUNDLE_OR_NAVIGATION_EXCEPTION,records/evidence/runs/C68_OP_CMDS.md,EXACT_SHA,EVIDENCE,NORMALIZED,records/evidence/runs/C68_OP_CMDS.md,EVIDENCE,PRIMARY_ROLE_PLACEMENT_RETAINED,records/history/original_sources/LS-WS-0436.md,RETAINED_UNSPLIT_OR_BUNDLE_SOURCE,NOT_APPLICABLE,
LS-WS-0437,C68,audit/WS_C68_PRODUCTION_CATALOG_ACTIVATION_EXECUTION_REVIEW.md,419B18D15A2FEE25E7CFD2EA6099C5FF278AEB18,5544,159,md,READ_OK,EVIDENCE,EVIDENCE,NO,PRIMARY_ROLE_ONLY,records/evidence/runs/C68_PROD_CATALOG_ACT_EXEC_REVIEW.md,EXACT_SHA,EVIDENCE,NORMALIZED,records/evidence/runs/C68_PROD_CATALOG_ACT_EXEC_REVIEW.md,EVIDENCE,PRIMARY_ROLE_PLACEMENT_RETAINED,records/history/original_sources/LS-WS-0437.md,RETAINED_UNSPLIT_OR_BUNDLE_SOURCE,NOT_APPLICABLE,
LS-WS-0438,C69,audit/WS_C69_OPERATOR_VALIDATION_COMMANDS.md,470481377DCA47E82CE9C72DF81BED410638119C,6886,176,md,READ_OK,EVIDENCE_COMMAND_BUNDLE,EVIDENCE,NO,BUNDLE_OR_NAVIGATION_EXCEPTION,records/evidence/runs/C69_OP_CMDS.md,EXACT_SHA,EVIDENCE,NORMALIZED,records/evidence/runs/C69_OP_CMDS.md,EVIDENCE,PRIMARY_ROLE_PLACEMENT_RETAINED,records/history/original_sources/LS-WS-0438.md,RETAINED_UNSPLIT_OR_BUNDLE_SOURCE,NOT_APPLICABLE,
LS-WS-0439,C69,audit/WS_C69_PRODUCTION_DEPLOYMENT_PREP_OR_BRIDGE_REVIEW.md,3C46543616055DDB21EFB608732B06251ED58085,7234,171,md,READ_OK,EVIDENCE,EVIDENCE,NO,PRIMARY_ROLE_ONLY,records/evidence/runs/C69_PROD_DEPLOYMENT_PREP_OR_BRIDGE_REVIEW.md,EXACT_SHA,EVIDENCE,NORMALIZED,records/evidence/runs/C69_PROD_DEPLOYMENT_PREP_OR_BRIDGE_REVIEW.md,EVIDENCE,PRIMARY_ROLE_PLACEMENT_RETAINED,records/history/original_sources/LS-WS-0439.md,RETAINED_UNSPLIT_OR_BUNDLE_SOURCE,NOT_APPLICABLE,
LS-WS-0440,C70,audit/WS_C70_OPERATOR_VALIDATION_COMMANDS.md,7E700640E95F45E0A98C6A97E622D59ECDD44438,6884,158,md,READ_OK,EVIDENCE_COMMAND_BUNDLE,EVIDENCE,NO,BUNDLE_OR_NAVIGATION_EXCEPTION,records/evidence/runs/C70_OP_CMDS.md,EXACT_SHA,EVIDENCE,NORMALIZED,records/evidence/runs/C70_OP_CMDS.md,EVIDENCE,PRIMARY_ROLE_PLACEMENT_RETAINED,records/history/original_sources/LS-WS-0440.md,RETAINED_UNSPLIT_OR_BUNDLE_SOURCE,NOT_APPLICABLE,
LS-WS-0441,C70,audit/WS_C70_PRODUCTION_DEPLOYMENT_EXECUTION_REVIEW.md,48C1195476A935249A293543B19CC9CC3E0FEE71,5393,132,md,READ_OK,EVIDENCE,EVIDENCE,NO,PRIMARY_ROLE_ONLY,records/evidence/runs/C70_PROD_DEPLOYMENT_EXEC_REVIEW.md,EXACT_SHA,EVIDENCE,NORMALIZED,records/evidence/runs/C70_PROD_DEPLOYMENT_EXEC_REVIEW.md,EVIDENCE,PRIMARY_ROLE_PLACEMENT_RETAINED,records/history/original_sources/LS-WS-0441.md,RETAINED_UNSPLIT_OR_BUNDLE_SOURCE,NOT_APPLICABLE,
LS-WS-0442,C71,audit/WS_C71_OPERATOR_VALIDATION_COMMANDS.md,ACA89AB86ACE5FF37D66252319CA63CEBE04AF74,7211,207,md,READ_OK,EVIDENCE_COMMAND_BUNDLE,EVIDENCE,NO,BUNDLE_OR_NAVIGATION_EXCEPTION,records/evidence/runs/C71_OP_CMDS.md,EXACT_SHA,EVIDENCE,NORMALIZED,records/evidence/runs/C71_OP_CMDS.md,EVIDENCE,PRIMARY_ROLE_PLACEMENT_RETAINED,records/history/original_sources/LS-WS-0442.md,RETAINED_UNSPLIT_OR_BUNDLE_SOURCE,NOT_APPLICABLE,
LS-WS-0443,C71,audit/WS_C71_SHADOW_READ_OR_DRY_RUN_RUNTIME_VALIDATION.md,17FA63167E308B4E8EFCCA07E21F522C0A79677F,6237,191,md,READ_OK,EVIDENCE,EVIDENCE,NO,PRIMARY_ROLE_ONLY,records/evidence/runs/C71_SHADOW_READ_OR_DRY_RUN_RUN_VALID.md,EXACT_SHA,EVIDENCE,NORMALIZED,records/evidence/runs/C71_SHADOW_READ_OR_DRY_RUN_RUN_VALID.md,EVIDENCE,PRIMARY_ROLE_PLACEMENT_RETAINED,records/history/original_sources/LS-WS-0443.md,RETAINED_UNSPLIT_OR_BUNDLE_SOURCE,NOT_APPLICABLE,
LS-WS-0444,C72,audit/WS_C72_CONTROLLED_OPT_IN_RUNTIME_BRIDGE_VALIDATION.md,DECE12B5967D72EA119268496128869A5B257956,9121,211,md,READ_OK,EVIDENCE,EVIDENCE,NO,PRIMARY_ROLE_ONLY,records/evidence/runs/C72_CTRL_OPT_IN_RUN_BRIDGE_VALID.md,EXACT_SHA,EVIDENCE,NORMALIZED,records/evidence/runs/C72_CTRL_OPT_IN_RUN_BRIDGE_VALID.md,EVIDENCE,PRIMARY_ROLE_PLACEMENT_RETAINED,records/history/original_sources/LS-WS-0444.md,RETAINED_UNSPLIT_OR_BUNDLE_SOURCE,NOT_APPLICABLE,
LS-WS-0445,C72,audit/WS_C72_OPERATOR_VALIDATION_COMMANDS.md,A2B00929C635D2C15F5B592FF7DA55FA258E4641,7910,211,md,READ_OK,EVIDENCE_COMMAND_BUNDLE,EVIDENCE,NO,BUNDLE_OR_NAVIGATION_EXCEPTION,records/evidence/runs/C72_OP_CMDS.md,EXACT_SHA,EVIDENCE,NORMALIZED,records/evidence/runs/C72_OP_CMDS.md,EVIDENCE,PRIMARY_ROLE_PLACEMENT_RETAINED,records/history/original_sources/LS-WS-0445.md,RETAINED_UNSPLIT_OR_BUNDLE_SOURCE,NOT_APPLICABLE,
LS-WS-0446,C73,audit/WS_C73_CONTROLLED_PARALLEL_RUN_NON_MUTATING_PLAN_CONFIRM_BRIDGE_VALIDATION.md,F0F4B9EC3DC52E1EDEDC20DDFB38CBDAC70F334F,7076,210,md,READ_OK,EVIDENCE,EVIDENCE;GOVERNANCE,YES,ONE_DOCUMENT_ONE_AUTHORITATIVE_ROLE_MULTI_ROLE_SOURCE,records/evidence/runs/C73_CTRL_PARALLEL_RUN_NON_MUTATING_PC_BRIDGE_VALID.md,EXACT_SHA,EVIDENCE,FULLY_SPLIT_SOURCE_REMOVED,,,"LEGACY_MULTI_ROLE_SOURCE_FULLY_DECOMPOSED; ROLE_EXTRACTS=LX-WS-0446-EVD-01,LX-WS-0446-GOV-02,LX-WS-0446-CTX-03",,REMOVED_AFTER_FULL_SPLIT,FULL_100_PERCENT_SEALED,55805DB0058766836411D3FE6376527F5C2FB4EC
LS-WS-0447,C73,audit/WS_C73_OPERATOR_VALIDATION_COMMANDS.md,031885AFC8222CDF08576BC1910A125DE3CC71E4,10652,305,md,READ_OK,EVIDENCE_COMMAND_BUNDLE,EVIDENCE,NO,BUNDLE_OR_NAVIGATION_EXCEPTION,records/evidence/runs/C73_OP_CMDS.md,EXACT_SHA,EVIDENCE,NORMALIZED,records/evidence/runs/C73_OP_CMDS.md,EVIDENCE,PRIMARY_ROLE_PLACEMENT_RETAINED,records/history/original_sources/LS-WS-0447.md,RETAINED_UNSPLIT_OR_BUNDLE_SOURCE,NOT_APPLICABLE,
LS-WS-0448,C74,audit/WS_C74_CONTROLLED_OPERATOR_REVIEWED_ROLLOUT_GATE_OR_DEPLOYMENT_READINESS_REVIEW.md,6B9CCD4D8B5E73F914DE15B901460EF7F3C841A2,9065,249,md,READ_OK,DECISION,DECISION;EVIDENCE;GOVERNANCE,YES,DECISION_BUNDLE_WITH_EXTRA_ROLE,records/evidence/runs/C74_CTRL_OP_REVIEWED_ROLLOUT_GATE_OR_DEPLOYMENT_READY.md,EXACT_SHA,EVIDENCE,FULLY_SPLIT_SOURCE_REMOVED,,MULTI_ROLE_SPLIT,FULL_100_PERCENT_ROLE_SPLIT; COMPOSITE_SOURCE_REMOVED; USE_LX_EXTRACTS_AND_SPLIT_CATALOG,,REMOVED_AFTER_FULL_SPLIT,FULL_100_PERCENT_SEALED,C474D7821463EFCEBB36F4F9A323EDF6D3B95301
LS-WS-0449,C74,audit/WS_C74_OPERATOR_VALIDATION_COMMANDS.md,48E3BD9C90C55EF0B9A7167AD35A7AF831A4E621,5557,168,md,READ_OK,EVIDENCE_COMMAND_BUNDLE,EVIDENCE,NO,BUNDLE_OR_NAVIGATION_EXCEPTION,records/evidence/runs/C74_OP_CMDS.md,EXACT_SHA,EVIDENCE,NORMALIZED,records/evidence/runs/C74_OP_CMDS.md,EVIDENCE,PRIMARY_ROLE_PLACEMENT_RETAINED,records/history/original_sources/LS-WS-0449.md,RETAINED_UNSPLIT_OR_BUNDLE_SOURCE,NOT_APPLICABLE,
LS-WS-0450,C75,audit/WS_C75_CONTROLLED_OPERATOR_APPROVED_ROLLOUT_EXECUTION_REVIEW_OR_CONTROLLED_WIRING_EXECUTION_REVIEW.md,13FE01127D1276DCFED31FBABB0EE94485FB0AB3,7651,189,md,READ_OK,EVIDENCE,DECISION;EVIDENCE;GOVERNANCE,YES,MATERIAL_MULTI_ROLE,records/evidence/runs/C75_CTRL_OP_APPROVED_ROLLOUT_EXEC_REVIEW_OR_CTRL_WIRING_EXEC_REVIEW.md,EXACT_SHA,EVIDENCE,FULLY_SPLIT_SOURCE_REMOVED,,MULTI_ROLE_SPLIT,FULL_100_PERCENT_ROLE_SPLIT; COMPOSITE_SOURCE_REMOVED; USE_LX_EXTRACTS_AND_SPLIT_CATALOG,,REMOVED_AFTER_FULL_SPLIT,FULL_100_PERCENT_SEALED,479B1BC622B3970F07C0B3BD767236259EF956CE
LS-WS-0451,C75,audit/WS_C75_OPERATOR_VALIDATION_COMMANDS.md,5698B9A1B115FCE641CC9572F4D7FA9BF345FD87,11808,268,md,READ_OK,EVIDENCE_COMMAND_BUNDLE,EVIDENCE,NO,BUNDLE_OR_NAVIGATION_EXCEPTION,records/evidence/runs/C75_OP_CMDS.md,EXACT_SHA,EVIDENCE,NORMALIZED,records/evidence/runs/C75_OP_CMDS.md,EVIDENCE,PRIMARY_ROLE_PLACEMENT_RETAINED,records/history/original_sources/LS-WS-0451.md,RETAINED_UNSPLIT_OR_BUNDLE_SOURCE,NOT_APPLICABLE,
LS-WS-0452,C76,audit/WS_C76_CONTROLLED_RUNTIME_OPT_IN_PILOT_OR_SHADOW_ROLLOUT_PREPARATION_REVIEW.md,F25C282DA183BCBC61872740F25F9D2023BAC404,6653,131,md,READ_OK,EVIDENCE,DECISION;EVIDENCE,YES,MATERIAL_MULTI_ROLE,records/evidence/runs/C76_CTRL_RUN_OPT_IN_PILOT_OR_SHADOW_ROLLOUT_PREPARATION_REVIEW.md,EXACT_SHA,EVIDENCE,FULLY_SPLIT_SOURCE_REMOVED,,MULTI_ROLE_SPLIT,FULL_100_PERCENT_ROLE_SPLIT; COMPOSITE_SOURCE_REMOVED; USE_LX_EXTRACTS_AND_SPLIT_CATALOG,,REMOVED_AFTER_FULL_SPLIT,FULL_100_PERCENT_SEALED,45A6F076988176838EE73DEF6DE34E0C1D6E58EE
LS-WS-0453,C76,audit/WS_C76_OPERATOR_VALIDATION_COMMANDS.md,95FE1073BA30E49A0BCC5600E5BEF5F8765DC2C5,10277,230,md,READ_OK,EVIDENCE_COMMAND_BUNDLE,EVIDENCE,NO,BUNDLE_OR_NAVIGATION_EXCEPTION,records/evidence/runs/C76_OP_CMDS.md,EXACT_SHA,EVIDENCE,NORMALIZED,records/evidence/runs/C76_OP_CMDS.md,EVIDENCE,PRIMARY_ROLE_PLACEMENT_RETAINED,records/history/original_sources/LS-WS-0453.md,RETAINED_UNSPLIT_OR_BUNDLE_SOURCE,NOT_APPLICABLE,
LS-WS-0454,C77,audit/WS_C77_CONTROLLED_RUNTIME_OPT_IN_PILOT_OR_SHADOW_ROLLOUT_EXECUTION_REVIEW.md,C34139EA0AB19CDB8D7884530A63CC967231D694,6447,148,md,READ_OK,EVIDENCE,EVIDENCE;GOVERNANCE,YES,MATERIAL_MULTI_ROLE,records/evidence/runs/C77_CTRL_RUN_OPT_IN_PILOT_OR_SHADOW_ROLLOUT_EXEC_REVIEW.md,EXACT_SHA,EVIDENCE,FULLY_SPLIT_SOURCE_REMOVED,,MULTI_ROLE_SPLIT,FULL_100_PERCENT_ROLE_SPLIT; COMPOSITE_SOURCE_REMOVED; USE_LX_EXTRACTS_AND_SPLIT_CATALOG,,REMOVED_AFTER_FULL_SPLIT,FULL_100_PERCENT_SEALED,9ACA5AF8DE9BC1F30072C440FEC0FAC3769654A0
LS-WS-0455,C77,audit/WS_C77_OPERATOR_VALIDATION_COMMANDS.md,A4629CA27F7A6A4FB9EAF2C52E6074121C8A70CE,8160,181,md,READ_OK,EVIDENCE_COMMAND_BUNDLE,EVIDENCE,NO,BUNDLE_OR_NAVIGATION_EXCEPTION,records/evidence/runs/C77_OP_CMDS.md,EXACT_SHA,EVIDENCE,NORMALIZED,records/evidence/runs/C77_OP_CMDS.md,EVIDENCE,PRIMARY_ROLE_PLACEMENT_RETAINED,records/history/original_sources/LS-WS-0455.md,RETAINED_UNSPLIT_OR_BUNDLE_SOURCE,NOT_APPLICABLE,
LS-WS-0456,C78,audit/WS_C78_CONTROLLED_LIMITED_RUNTIME_OPT_IN_PILOT_OR_SHADOW_ROLLOUT_OBSERVATION_REVIEW.md,B9AB2208732E911D0FA4091A1A5A790AE71C9C89,6685,149,md,READ_OK,EVIDENCE,EVIDENCE,NO,PRIMARY_ROLE_ONLY,records/evidence/runs/C78_PILOT_OBS_REVIEW.md,EXACT_SHA,EVIDENCE,NORMALIZED,records/evidence/runs/C78_PILOT_OBS_REVIEW.md,EVIDENCE,PRIMARY_ROLE_PLACEMENT_RETAINED,records/history/original_sources/LS-WS-0456.md,RETAINED_UNSPLIT_OR_BUNDLE_SOURCE,NOT_APPLICABLE,
LS-WS-0457,C78,audit/WS_C78_OPERATOR_VALIDATION_COMMANDS.md,8C5FB8E304CF42ABCF34332C9E62ED0DEA0E24F7,8284,180,md,READ_OK,EVIDENCE_COMMAND_BUNDLE,EVIDENCE,NO,BUNDLE_OR_NAVIGATION_EXCEPTION,records/evidence/runs/C78_OP_CMDS.md,EXACT_SHA,EVIDENCE,NORMALIZED,records/evidence/runs/C78_OP_CMDS.md,EVIDENCE,PRIMARY_ROLE_PLACEMENT_RETAINED,records/history/original_sources/LS-WS-0457.md,RETAINED_UNSPLIT_OR_BUNDLE_SOURCE,NOT_APPLICABLE,
LS-WS-0458,C79,audit/WS_C79_CONTROLLED_LIMITED_RUNTIME_OPT_IN_PILOT_OR_SHADOW_ROLLOUT_OBSERVATION_RESULT_REVIEW.md,4438AEAF893B0BDEBE1D7BDA1F61D90C294C6B21,6775,145,md,READ_OK,EVIDENCE,EVIDENCE,NO,PRIMARY_ROLE_ONLY,records/evidence/runs/C79_PILOT_OBS_RESULT.md,EXACT_SHA,EVIDENCE,NORMALIZED,records/evidence/runs/C79_PILOT_OBS_RESULT.md,EVIDENCE,PRIMARY_ROLE_PLACEMENT_RETAINED,records/history/original_sources/LS-WS-0458.md,RETAINED_UNSPLIT_OR_BUNDLE_SOURCE,NOT_APPLICABLE,
LS-WS-0459,C79,audit/WS_C79_OPERATOR_VALIDATION_COMMANDS.md,31A627B9716CF59F35839EB0D809AA1A2075A998,8232,176,md,READ_OK,EVIDENCE_COMMAND_BUNDLE,EVIDENCE,NO,BUNDLE_OR_NAVIGATION_EXCEPTION,records/evidence/runs/C79_OP_CMDS.md,EXACT_SHA,EVIDENCE,NORMALIZED,records/evidence/runs/C79_OP_CMDS.md,EVIDENCE,PRIMARY_ROLE_PLACEMENT_RETAINED,records/history/original_sources/LS-WS-0459.md,RETAINED_UNSPLIT_OR_BUNDLE_SOURCE,NOT_APPLICABLE,
LS-WS-0460,C80,audit/WS_C80_CONTROLLED_LIMITED_RUNTIME_OPT_IN_PILOT_OR_SHADOW_ROLLOUT_OPERATOR_GO_NO_GO_REVIEW.md,3DB66789433BBB554354E7CD03603C8746DA6B0A,6324,143,md,READ_OK,DECISION,DECISION;EVIDENCE,YES,ONE_DOCUMENT_ONE_AUTHORITATIVE_ROLE_MULTI_ROLE_SOURCE,records/decisions/C80_PILOT_OP_GO_NO_GO.md,EXACT_SHA,DECISION,FULLY_SPLIT_SOURCE_REMOVED,,,"LEGACY_MULTI_ROLE_SOURCE_FULLY_DECOMPOSED; ROLE_EXTRACTS=LX-WS-0460-DEC-01,LX-WS-0460-EVD-02,LX-WS-0460-CTX-03",,REMOVED_AFTER_FULL_SPLIT,FULL_100_PERCENT_SEALED,A2B2479A469F0A96A6FC7141544B0E0E9088406C
LS-WS-0461,C80,audit/WS_C80_OPERATOR_VALIDATION_COMMANDS.md,F2197DD4D4A2E60E391143C2C1D31441BD5C447F,7232,166,md,READ_OK,EVIDENCE_COMMAND_BUNDLE,EVIDENCE,NO,BUNDLE_OR_NAVIGATION_EXCEPTION,records/evidence/runs/C80_OP_CMDS.md,EXACT_SHA,EVIDENCE,NORMALIZED,records/evidence/runs/C80_OP_CMDS.md,EVIDENCE,PRIMARY_ROLE_PLACEMENT_RETAINED,records/history/original_sources/LS-WS-0461.md,RETAINED_UNSPLIT_OR_BUNDLE_SOURCE,NOT_APPLICABLE,
LS-WS-0462,C81,audit/WS_C81_CONTROLLED_LIMITED_RUNTIME_OPT_IN_PILOT_OR_SHADOW_ROLLOUT_GO_DECISION_FINALIZATION_REVIEW.md,5F2CE95F467E0493799240BE6B6A56E830AD98F1,6469,143,md,READ_OK,DECISION,DECISION;EVIDENCE,YES,ONE_DOCUMENT_ONE_AUTHORITATIVE_ROLE_MULTI_ROLE_SOURCE,records/decisions/C81_PILOT_GO_FINAL.md,EXACT_SHA,DECISION,FULLY_SPLIT_SOURCE_REMOVED,,,"LEGACY_MULTI_ROLE_SOURCE_FULLY_DECOMPOSED; ROLE_EXTRACTS=LX-WS-0462-DEC-01,LX-WS-0462-EVD-02,LX-WS-0462-CTX-03",,REMOVED_AFTER_FULL_SPLIT,FULL_100_PERCENT_SEALED,6A2F90D83478A767F9D2F24BDE5F109ABE6201D7
LS-WS-0463,C81,audit/WS_C81_OPERATOR_VALIDATION_COMMANDS.md,F29F8F69AECF6D9F5F4D77B4719FF2C4C5862B3C,7441,166,md,READ_OK,EVIDENCE_COMMAND_BUNDLE,EVIDENCE,NO,BUNDLE_OR_NAVIGATION_EXCEPTION,records/evidence/runs/C81_OP_CMDS.md,EXACT_SHA,EVIDENCE,NORMALIZED,records/evidence/runs/C81_OP_CMDS.md,EVIDENCE,PRIMARY_ROLE_PLACEMENT_RETAINED,records/history/original_sources/LS-WS-0463.md,RETAINED_UNSPLIT_OR_BUNDLE_SOURCE,NOT_APPLICABLE,
LS-WS-0464,C82,audit/WS_C82_CONTROLLED_LIMITED_RUNTIME_OPT_IN_PILOT_OR_SHADOW_ROLLOUT_PRE_ACTIVATION_BOUNDARY_REVIEW.md,D609411CFEF500E333157E4352CA0C2F1D97BC1D,6767,146,md,READ_OK,DECISION,DECISION;EVIDENCE,YES,ONE_DOCUMENT_ONE_AUTHORITATIVE_ROLE_MULTI_ROLE_SOURCE,records/evidence/runs/C82_PILOT_PRE_ACT_BOUNDARY.md,EXACT_SHA,EVIDENCE,FULLY_SPLIT_SOURCE_REMOVED,,,"LEGACY_MULTI_ROLE_SOURCE_FULLY_DECOMPOSED; ROLE_EXTRACTS=LX-WS-0464-DEC-01,LX-WS-0464-EVD-02,LX-WS-0464-CTX-03",,REMOVED_AFTER_FULL_SPLIT,FULL_100_PERCENT_SEALED,E56ADB92F0DDD64C291AD930EABD8B99EE455342
LS-WS-0465,C82,audit/WS_C82_OPERATOR_VALIDATION_COMMANDS.md,C6C9441ACBE51301AF2C646B46B8983DE2E043CC,7686,169,md,READ_OK,EVIDENCE_COMMAND_BUNDLE,EVIDENCE,NO,BUNDLE_OR_NAVIGATION_EXCEPTION,records/evidence/runs/C82_OP_CMDS.md,EXACT_SHA,EVIDENCE,NORMALIZED,records/evidence/runs/C82_OP_CMDS.md,EVIDENCE,PRIMARY_ROLE_PLACEMENT_RETAINED,records/history/original_sources/LS-WS-0465.md,RETAINED_UNSPLIT_OR_BUNDLE_SOURCE,NOT_APPLICABLE,
LS-WS-0466,C83,audit/WS_C83_CONTROLLED_LIMITED_RUNTIME_OPT_IN_PILOT_OR_SHADOW_ROLLOUT_ACTIVATION_AUTHORIZATION_REVIEW.md,4191A3FC9AD1BC86CFD0FFD9FF487963F423D884,6791,146,md,READ_OK,DECISION,DECISION;EVIDENCE,YES,ONE_DOCUMENT_ONE_AUTHORITATIVE_ROLE_MULTI_ROLE_SOURCE,records/decisions/C83_PILOT_ACT_AUTH.md,EXACT_SHA,DECISION,FULLY_SPLIT_SOURCE_REMOVED,,,"LEGACY_MULTI_ROLE_SOURCE_FULLY_DECOMPOSED; ROLE_EXTRACTS=LX-WS-0466-DEC-01,LX-WS-0466-EVD-02,LX-WS-0466-CTX-03",,REMOVED_AFTER_FULL_SPLIT,FULL_100_PERCENT_SEALED,3C2CC6065E47A6C789909B71C47FBDE343304251
LS-WS-0467,C83,audit/WS_C83_OPERATOR_VALIDATION_COMMANDS.md,F77EBC238E81F6BCEAF787352EFBE088FE2206C5,7698,169,md,READ_OK,EVIDENCE_COMMAND_BUNDLE,EVIDENCE,NO,BUNDLE_OR_NAVIGATION_EXCEPTION,records/evidence/runs/C83_OP_CMDS.md,EXACT_SHA,EVIDENCE,NORMALIZED,records/evidence/runs/C83_OP_CMDS.md,EVIDENCE,PRIMARY_ROLE_PLACEMENT_RETAINED,records/history/original_sources/LS-WS-0467.md,RETAINED_UNSPLIT_OR_BUNDLE_SOURCE,NOT_APPLICABLE,
LS-WS-0468,C84,audit/WS_C84_CONTROLLED_LIMITED_RUNTIME_OPT_IN_PILOT_OR_SHADOW_ROLLOUT_ACTIVATION_EXECUTION_REVIEW.md,6241E95EC52D9C3327CCAF051A9EB773A4C7E398,6604,143,md,READ_OK,EVIDENCE,EVIDENCE,NO,PRIMARY_ROLE_ONLY,records/evidence/runs/C84_PILOT_ACT_EXEC_REVIEW.md,EXACT_SHA,EVIDENCE,NORMALIZED,records/evidence/runs/C84_PILOT_ACT_EXEC_REVIEW.md,EVIDENCE,PRIMARY_ROLE_PLACEMENT_RETAINED,records/history/original_sources/LS-WS-0468.md,RETAINED_UNSPLIT_OR_BUNDLE_SOURCE,NOT_APPLICABLE,
LS-WS-0469,C84,audit/WS_C84_OPERATOR_VALIDATION_COMMANDS.md,C0BCB269091FEBFD4ADF989FB3F19C410D009765,7506,166,md,READ_OK,EVIDENCE_COMMAND_BUNDLE,EVIDENCE,NO,BUNDLE_OR_NAVIGATION_EXCEPTION,records/evidence/runs/C84_OP_CMDS.md,EXACT_SHA,EVIDENCE,NORMALIZED,records/evidence/runs/C84_OP_CMDS.md,EVIDENCE,PRIMARY_ROLE_PLACEMENT_RETAINED,records/history/original_sources/LS-WS-0469.md,RETAINED_UNSPLIT_OR_BUNDLE_SOURCE,NOT_APPLICABLE,
LS-WS-0470,C85,audit/WS_C85_CONTROLLED_LIMITED_RUNTIME_OPT_IN_PILOT_OR_SHADOW_ROLLOUT_POST_ACTIVATION_OBSERVATION_REVIEW.md,BFB5E7E6C132A81F1E127735FB2A331F9E992891,6783,143,md,READ_OK,EVIDENCE,EVIDENCE,NO,PRIMARY_ROLE_ONLY,records/evidence/runs/C85_PILOT_POST_ACT_OBS_REVIEW.md,EXACT_SHA,EVIDENCE,NORMALIZED,records/evidence/runs/C85_PILOT_POST_ACT_OBS_REVIEW.md,EVIDENCE,PRIMARY_ROLE_PLACEMENT_RETAINED,records/history/original_sources/LS-WS-0470.md,RETAINED_UNSPLIT_OR_BUNDLE_SOURCE,NOT_APPLICABLE,
LS-WS-0471,C85,audit/WS_C85_OPERATOR_VALIDATION_COMMANDS.md,C4986B25D89FFF822FDA202FD5F5B067380D5C8A,7727,166,md,READ_OK,EVIDENCE_COMMAND_BUNDLE,EVIDENCE,NO,BUNDLE_OR_NAVIGATION_EXCEPTION,records/evidence/runs/C85_OP_CMDS.md,EXACT_SHA,EVIDENCE,NORMALIZED,records/evidence/runs/C85_OP_CMDS.md,EVIDENCE,PRIMARY_ROLE_PLACEMENT_RETAINED,records/history/original_sources/LS-WS-0471.md,RETAINED_UNSPLIT_OR_BUNDLE_SOURCE,NOT_APPLICABLE,
LS-WS-0472,C86,audit/WS_C86_CONTROLLED_LIMITED_RUNTIME_OPT_IN_PILOT_OR_SHADOW_ROLLOUT_POST_ACTIVATION_OBSERVATION_RESULT_REVIEW.md,24DABBE7E5DFC19FFAC46F113FBF2422973DBA98,6938,143,md,READ_OK,EVIDENCE,EVIDENCE,NO,PRIMARY_ROLE_ONLY,records/evidence/runs/C86_PILOT_POST_ACT_OBS_RESULT.md,EXACT_SHA,EVIDENCE,NORMALIZED,records/evidence/runs/C86_PILOT_POST_ACT_OBS_RESULT.md,EVIDENCE,PRIMARY_ROLE_PLACEMENT_RETAINED,records/history/original_sources/LS-WS-0472.md,RETAINED_UNSPLIT_OR_BUNDLE_SOURCE,NOT_APPLICABLE,
LS-WS-0473,C86,audit/WS_C86_OPERATOR_VALIDATION_COMMANDS.md,17210F0B0CD8A9244D41D9C286C892ED142D904D,7937,166,md,READ_OK,EVIDENCE_COMMAND_BUNDLE,EVIDENCE,NO,BUNDLE_OR_NAVIGATION_EXCEPTION,records/evidence/runs/C86_OP_CMDS.md,EXACT_SHA,EVIDENCE,NORMALIZED,records/evidence/runs/C86_OP_CMDS.md,EVIDENCE,PRIMARY_ROLE_PLACEMENT_RETAINED,records/history/original_sources/LS-WS-0473.md,RETAINED_UNSPLIT_OR_BUNDLE_SOURCE,NOT_APPLICABLE,
LS-WS-0474,C87,audit/WS_C87_CONTROLLED_LIMITED_RUNTIME_OPT_IN_PILOT_OR_SHADOW_ROLLOUT_POST_ACTIVATION_OPERATOR_GO_NO_GO_REVIEW.md,F59163076BB1B11CF0172BD0A2C7C3EFBFB69C13,6853,143,md,READ_OK,DECISION,DECISION;EVIDENCE,YES,ONE_DOCUMENT_ONE_AUTHORITATIVE_ROLE_MULTI_ROLE_SOURCE,records/decisions/C87_PILOT_POST_ACT_OP_GO_NO_GO.md,EXACT_SHA,DECISION,FULLY_SPLIT_SOURCE_REMOVED,,,"LEGACY_MULTI_ROLE_SOURCE_FULLY_DECOMPOSED; ROLE_EXTRACTS=LX-WS-0474-DEC-01,LX-WS-0474-EVD-02,LX-WS-0474-CTX-03",,REMOVED_AFTER_FULL_SPLIT,FULL_100_PERCENT_SEALED,E9210720B855939E5783295A5638CE4D6B00F2F2
LS-WS-0475,C87,audit/WS_C87_OPERATOR_VALIDATION_COMMANDS.md,82C83962362276A0929F23BE1EBFB34018AB4C9D,7833,166,md,READ_OK,EVIDENCE_COMMAND_BUNDLE,EVIDENCE,NO,BUNDLE_OR_NAVIGATION_EXCEPTION,records/evidence/runs/C87_OP_CMDS.md,EXACT_SHA,EVIDENCE,NORMALIZED,records/evidence/runs/C87_OP_CMDS.md,EVIDENCE,PRIMARY_ROLE_PLACEMENT_RETAINED,records/history/original_sources/LS-WS-0475.md,RETAINED_UNSPLIT_OR_BUNDLE_SOURCE,NOT_APPLICABLE,
LS-WS-0476,C88,audit/WS_C88_CONTROLLED_LIMITED_RUNTIME_OPT_IN_PILOT_OR_SHADOW_ROLLOUT_POST_ACTIVATION_GO_DECISION_FINALIZATION_REVIEW.md,AA869FFCB5A3DE0405422EE17949D2038B57CF29,6931,143,md,READ_OK,DECISION,DECISION;EVIDENCE,YES,ONE_DOCUMENT_ONE_AUTHORITATIVE_ROLE_MULTI_ROLE_SOURCE,records/decisions/C88_PILOT_POST_ACT_GO_FINAL.md,EXACT_SHA,DECISION,FULLY_SPLIT_SOURCE_REMOVED,,,"LEGACY_MULTI_ROLE_SOURCE_FULLY_DECOMPOSED; ROLE_EXTRACTS=LX-WS-0476-DEC-01,LX-WS-0476-EVD-02,LX-WS-0476-CTX-03",,REMOVED_AFTER_FULL_SPLIT,FULL_100_PERCENT_SEALED,253FE1BDFC0FCA125F75BB58A737510E91C71D4E
LS-WS-0477,C88,audit/WS_C88_OPERATOR_VALIDATION_COMMANDS.md,041B9F35628BBE33AE5C720C824920C52AF62BA4,7984,166,md,READ_OK,EVIDENCE_COMMAND_BUNDLE,EVIDENCE,NO,BUNDLE_OR_NAVIGATION_EXCEPTION,records/evidence/runs/C88_OP_CMDS.md,EXACT_SHA,EVIDENCE,NORMALIZED,records/evidence/runs/C88_OP_CMDS.md,EVIDENCE,PRIMARY_ROLE_PLACEMENT_RETAINED,records/history/original_sources/LS-WS-0477.md,RETAINED_UNSPLIT_OR_BUNDLE_SOURCE,NOT_APPLICABLE,
LS-WS-0478,C89,audit/WS_C89_CONTROLLED_LIMITED_RUNTIME_OPT_IN_PILOT_OR_SHADOW_ROLLOUT_POST_ACTIVATION_COMPLETION_BOUNDARY_REVIEW.md,D516E5F8CC15FBED00026FABAE87ABF1CDD0146C,6974,143,md,READ_OK,DECISION,DECISION;EVIDENCE,YES,ONE_DOCUMENT_ONE_AUTHORITATIVE_ROLE_MULTI_ROLE_SOURCE,records/evidence/runs/C89_PILOT_POST_ACT_DONE_BOUNDARY.md,EXACT_SHA,EVIDENCE,FULLY_SPLIT_SOURCE_REMOVED,,,"LEGACY_MULTI_ROLE_SOURCE_FULLY_DECOMPOSED; ROLE_EXTRACTS=LX-WS-0478-DEC-01,LX-WS-0478-EVD-02,LX-WS-0478-CTX-03",,REMOVED_AFTER_FULL_SPLIT,FULL_100_PERCENT_SEALED,29EF831E6DF540136E382BCB72742C089A4414B1
LS-WS-0479,C89,audit/WS_C89_OPERATOR_VALIDATION_COMMANDS.md,3A584DE7E4FC36DAE57E63E1308A48BF67284DC1,7968,166,md,READ_OK,EVIDENCE_COMMAND_BUNDLE,EVIDENCE,NO,BUNDLE_OR_NAVIGATION_EXCEPTION,records/evidence/runs/C89_OP_CMDS.md,EXACT_SHA,EVIDENCE,NORMALIZED,records/evidence/runs/C89_OP_CMDS.md,EVIDENCE,PRIMARY_ROLE_PLACEMENT_RETAINED,records/history/original_sources/LS-WS-0479.md,RETAINED_UNSPLIT_OR_BUNDLE_SOURCE,NOT_APPLICABLE,
LS-WS-0480,C90,audit/WS_C90_CONTROLLED_LIMITED_RUNTIME_OPT_IN_PILOT_OR_SHADOW_ROLLOUT_POST_ACTIVATION_HANDOFF_READINESS_REVIEW.md,0E344E02C37C5270BEEBE21F3CC8FAA3500C5588,6941,143,md,READ_OK,DECISION,DECISION;EVIDENCE,YES,ONE_DOCUMENT_ONE_AUTHORITATIVE_ROLE_MULTI_ROLE_SOURCE,records/evidence/runs/C90_PILOT_POST_ACT_HANDOFF_READY.md,EXACT_SHA,EVIDENCE,FULLY_SPLIT_SOURCE_REMOVED,,,"LEGACY_MULTI_ROLE_SOURCE_FULLY_DECOMPOSED; ROLE_EXTRACTS=LX-WS-0480-DEC-01,LX-WS-0480-EVD-02,LX-WS-0480-CTX-03",,REMOVED_AFTER_FULL_SPLIT,FULL_100_PERCENT_SEALED,1BB67F6E5344B950096FF4A59EF78E13586AB7D2
LS-WS-0481,C90,audit/WS_C90_OPERATOR_VALIDATION_COMMANDS.md,ED83BAA5204D81B6263B1746DDB0D2EDB20F58A7,7906,166,md,READ_OK,EVIDENCE_COMMAND_BUNDLE,EVIDENCE,NO,BUNDLE_OR_NAVIGATION_EXCEPTION,records/evidence/runs/C90_OP_CMDS.md,EXACT_SHA,EVIDENCE,NORMALIZED,records/evidence/runs/C90_OP_CMDS.md,EVIDENCE,PRIMARY_ROLE_PLACEMENT_RETAINED,records/history/original_sources/LS-WS-0481.md,RETAINED_UNSPLIT_OR_BUNDLE_SOURCE,NOT_APPLICABLE,
LS-WS-0482,C91,audit/WS_C91_CONTROLLED_LIMITED_RUNTIME_OPT_IN_PILOT_OR_SHADOW_ROLLOUT_POST_ACTIVATION_HANDOFF_FINALIZATION_REVIEW.md,F154648073239D4773AF09AE71E15E0BC72B72FD,7038,143,md,READ_OK,DECISION,DECISION;EVIDENCE,YES,ONE_DOCUMENT_ONE_AUTHORITATIVE_ROLE_MULTI_ROLE_SOURCE,records/evidence/runs/C91_PILOT_POST_ACT_HANDOFF_FINAL_REVIEW.md,EXACT_SHA,EVIDENCE,FULLY_SPLIT_SOURCE_REMOVED,,,"LEGACY_MULTI_ROLE_SOURCE_FULLY_DECOMPOSED; ROLE_EXTRACTS=LX-WS-0482-DEC-01,LX-WS-0482-EVD-02,LX-WS-0482-CTX-03",,REMOVED_AFTER_FULL_SPLIT,FULL_100_PERCENT_SEALED,B444F9B1E704292E9173D1D77FCA5F92F70BFC30
LS-WS-0483,C91,audit/WS_C91_OPERATOR_VALIDATION_COMMANDS.md,625658515FA86D62693E92B7F6F6B52B09F9094A,8011,166,md,READ_OK,EVIDENCE_COMMAND_BUNDLE,EVIDENCE,NO,BUNDLE_OR_NAVIGATION_EXCEPTION,records/evidence/runs/C91_OP_CMDS.md,EXACT_SHA,EVIDENCE,NORMALIZED,records/evidence/runs/C91_OP_CMDS.md,EVIDENCE,PRIMARY_ROLE_PLACEMENT_RETAINED,records/history/original_sources/LS-WS-0483.md,RETAINED_UNSPLIT_OR_BUNDLE_SOURCE,NOT_APPLICABLE,
LS-WS-0484,C92,audit/WS_C92_CONTROLLED_LIMITED_RUNTIME_OPT_IN_PILOT_OR_SHADOW_ROLLOUT_POST_ACTIVATION_HANDOFF_COMPLETION_BOUNDARY_REVIEW.md,73FE978CF688C6028C644F1ABC0B122A6CCEAE5C,7358,146,md,READ_OK,DECISION,DECISION;EVIDENCE,YES,ONE_DOCUMENT_ONE_AUTHORITATIVE_ROLE_MULTI_ROLE_SOURCE,records/evidence/runs/C92_PILOT_POST_ACT_HANDOFF_DONE_BOUNDARY.md,EXACT_SHA,EVIDENCE,FULLY_SPLIT_SOURCE_REMOVED,,,"LEGACY_MULTI_ROLE_SOURCE_FULLY_DECOMPOSED; ROLE_EXTRACTS=LX-WS-0484-DEC-01,LX-WS-0484-EVD-02,LX-WS-0484-CTX-03",,REMOVED_AFTER_FULL_SPLIT,FULL_100_PERCENT_SEALED,74DF4C13445F1C186DB6E2CFD4C428F5ABA67B93
LS-WS-0485,C92,audit/WS_C92_OPERATOR_VALIDATION_COMMANDS.md,B56B39CEB1C00C871FDCF890544C24E985CB169D,9713,219,md,READ_OK,EVIDENCE_COMMAND_BUNDLE,EVIDENCE,NO,BUNDLE_OR_NAVIGATION_EXCEPTION,records/evidence/runs/C92_OP_CMDS.md,EXACT_SHA,EVIDENCE,NORMALIZED,records/evidence/runs/C92_OP_CMDS.md,EVIDENCE,PRIMARY_ROLE_PLACEMENT_RETAINED,records/history/original_sources/LS-WS-0485.md,RETAINED_UNSPLIT_OR_BUNDLE_SOURCE,NOT_APPLICABLE,
LS-WS-0486,C93,audit/WS_C93_CONTROLLED_LIMITED_RUNTIME_OPT_IN_PILOT_OR_SHADOW_ROLLOUT_POST_ACTIVATION_HANDOFF_CLOSURE_SEAL_REVIEW.md,1103167E90A9221BD889D77D9A73DF10A840DC67,8267,174,md,READ_OK,DECISION,DECISION;EVIDENCE,YES,ONE_DOCUMENT_ONE_AUTHORITATIVE_ROLE_MULTI_ROLE_SOURCE,records/evidence/runs/C93_PILOT_POST_ACT_HANDOFF_CLOSURE_SEAL_REVIEW.md,EXACT_SHA,EVIDENCE,FULLY_SPLIT_SOURCE_REMOVED,,,"LEGACY_MULTI_ROLE_SOURCE_FULLY_DECOMPOSED; ROLE_EXTRACTS=LX-WS-0486-DEC-01,LX-WS-0486-EVD-02,LX-WS-0486-CTX-03",,REMOVED_AFTER_FULL_SPLIT,FULL_100_PERCENT_SEALED,99018831E9D77C1ECE6AA202BD51BB52454F6C27
LS-WS-0487,C93,audit/WS_C93_OPERATOR_VALIDATION_COMMANDS.md,D0A8ED386E73A68BAFFD14FD6F14312808B8A80E,8892,207,md,READ_OK,EVIDENCE_COMMAND_BUNDLE,DECISION;EVIDENCE,YES,ONE_DOCUMENT_ONE_AUTHORITATIVE_ROLE_MULTI_ROLE_SOURCE,records/evidence/runs/C93_OP_CMDS.md,EXACT_SHA,EVIDENCE,FULLY_SPLIT_SOURCE_REMOVED,,,"LEGACY_MULTI_ROLE_SOURCE_FULLY_DECOMPOSED; ROLE_EXTRACTS=LX-WS-0487-DEC-01,LX-WS-0487-EVD-02,LX-WS-0487-CTX-03",,REMOVED_AFTER_FULL_SPLIT,FULL_100_PERCENT_SEALED,BE40A68F53193D3CD2942E3F88801AAEF9FE3DC7
LS-WS-0488,C94,audit/WS_C94_CONTROLLED_LIMITED_RUNTIME_OPT_IN_PILOT_OR_SHADOW_ROLLOUT_POST_ACTIVATION_AUDIT_ARCHIVE_REVIEW.md,AAC155B1A5AF95376AE2F41850CC294283407226,8155,175,md,READ_OK,EVIDENCE,EVIDENCE,NO,PRIMARY_ROLE_ONLY,records/evidence/runs/C94_PILOT_POST_ACT_AUDIT_ARCH_REVIEW.md,EXACT_SHA,EVIDENCE,NORMALIZED,records/evidence/runs/C94_PILOT_POST_ACT_AUDIT_ARCH_REVIEW.md,EVIDENCE,PRIMARY_ROLE_PLACEMENT_RETAINED,records/history/original_sources/LS-WS-0488.md,RETAINED_UNSPLIT_OR_BUNDLE_SOURCE,NOT_APPLICABLE,
LS-WS-0489,C94,audit/WS_C94_OPERATOR_VALIDATION_COMMANDS.md,9F3E999CADCC3E25654938585D545D59F86565CA,8449,204,md,READ_OK,EVIDENCE_COMMAND_BUNDLE,DECISION;EVIDENCE,YES,ONE_DOCUMENT_ONE_AUTHORITATIVE_ROLE_MULTI_ROLE_SOURCE,records/evidence/runs/C94_OP_CMDS.md,EXACT_SHA,EVIDENCE,FULLY_SPLIT_SOURCE_REMOVED,,,"LEGACY_MULTI_ROLE_SOURCE_FULLY_DECOMPOSED; ROLE_EXTRACTS=LX-WS-0489-DEC-01,LX-WS-0489-EVD-02,LX-WS-0489-CTX-03",,REMOVED_AFTER_FULL_SPLIT,FULL_100_PERCENT_SEALED,1FF39B88AAE65EF8C31641DE595B499965D0769F
LS-WS-0490,C95,audit/WS_C95_CONTROLLED_LIMITED_RUNTIME_OPT_IN_PILOT_OR_SHADOW_ROLLOUT_POST_ACTIVATION_AUDIT_ARCHIVE_COMPLETION_REVIEW.md,1644B8116DE38851EDCAA41D55E9A3581AEF9BE5,8635,177,md,READ_OK,EVIDENCE,EVIDENCE,NO,PRIMARY_ROLE_ONLY,records/evidence/runs/C95_PILOT_POST_ACT_AUDIT_ARCH_COMPLETE.md,EXACT_SHA,EVIDENCE,NORMALIZED,records/evidence/runs/C95_PILOT_POST_ACT_AUDIT_ARCH_COMPLETE.md,EVIDENCE,PRIMARY_ROLE_PLACEMENT_RETAINED,records/history/original_sources/LS-WS-0490.md,RETAINED_UNSPLIT_OR_BUNDLE_SOURCE,NOT_APPLICABLE,
LS-WS-0491,C95,audit/WS_C95_OPERATOR_VALIDATION_COMMANDS.md,EAF710AA5B57F7956F95CD9E9B3E6ACD1E02E57F,8881,206,md,READ_OK,EVIDENCE_COMMAND_BUNDLE,EVIDENCE,NO,BUNDLE_OR_NAVIGATION_EXCEPTION,records/evidence/runs/C95_OP_CMDS.md,EXACT_SHA,EVIDENCE,NORMALIZED,records/evidence/runs/C95_OP_CMDS.md,EVIDENCE,PRIMARY_ROLE_PLACEMENT_RETAINED,records/history/original_sources/LS-WS-0491.md,RETAINED_UNSPLIT_OR_BUNDLE_SOURCE,NOT_APPLICABLE,
LS-WS-0492,C96,audit/WS_C96_CONTROLLED_LIMITED_RUNTIME_OPT_IN_PILOT_OR_SHADOW_ROLLOUT_POST_ACTIVATION_AUDIT_ARCHIVE_CLOSURE_SEAL_REVIEW.md,E570B7A6C8FE0AD7A9187A1162C1CA933D66E221,8985,179,md,READ_OK,DECISION,DECISION;EVIDENCE,YES,ONE_DOCUMENT_ONE_AUTHORITATIVE_ROLE_MULTI_ROLE_SOURCE,records/evidence/runs/C96_PILOT_POST_ACT_AUDIT_ARCH_CLOSURE_SEAL_REVIEW.md,EXACT_SHA,EVIDENCE,FULLY_SPLIT_SOURCE_REMOVED,,,"LEGACY_MULTI_ROLE_SOURCE_FULLY_DECOMPOSED; ROLE_EXTRACTS=LX-WS-0492-DEC-01,LX-WS-0492-EVD-02,LX-WS-0492-CTX-03",,REMOVED_AFTER_FULL_SPLIT,FULL_100_PERCENT_SEALED,6CBFEA2A9C4BF91F71DC9BF47120BF5A404084DD
LS-WS-0493,C96,audit/WS_C96_OPERATOR_VALIDATION_COMMANDS.md,1A7EA31FD0C4527D386CE103CF5C34D219C060A5,9190,208,md,READ_OK,EVIDENCE_COMMAND_BUNDLE,DECISION;EVIDENCE,YES,ONE_DOCUMENT_ONE_AUTHORITATIVE_ROLE_MULTI_ROLE_SOURCE,records/evidence/runs/C96_OP_CMDS.md,EXACT_SHA,EVIDENCE,FULLY_SPLIT_SOURCE_REMOVED,,,"LEGACY_MULTI_ROLE_SOURCE_FULLY_DECOMPOSED; ROLE_EXTRACTS=LX-WS-0493-DEC-01,LX-WS-0493-EVD-02,LX-WS-0493-CTX-03",,REMOVED_AFTER_FULL_SPLIT,FULL_100_PERCENT_SEALED,FBC9DB24D171A92144BEBFDC72C955292594295A
LS-WS-0494,C97,audit/WS_C97_CONTROLLED_LIMITED_RUNTIME_OPT_IN_PILOT_OR_SHADOW_ROLLOUT_POST_ACTIVATION_AUDIT_ARCHIVE_FINALIZATION_REVIEW.md,5087DCC5B70BDC21FCFF8323F393B4DF293105B7,9273,184,md,READ_OK,DECISION,DECISION;EVIDENCE,YES,ONE_DOCUMENT_ONE_AUTHORITATIVE_ROLE_MULTI_ROLE_SOURCE,records/evidence/runs/C97_PILOT_POST_ACT_AUDIT_ARCH_FINAL_REVIEW.md,EXACT_SHA,EVIDENCE,FULLY_SPLIT_SOURCE_REMOVED,,,"LEGACY_MULTI_ROLE_SOURCE_FULLY_DECOMPOSED; ROLE_EXTRACTS=LX-WS-0494-DEC-01,LX-WS-0494-EVD-02,LX-WS-0494-CTX-03",,REMOVED_AFTER_FULL_SPLIT,FULL_100_PERCENT_SEALED,62B50E49A7288A7B28869FF41111BA041D1784A9
LS-WS-0495,C97,audit/WS_C97_OPERATOR_VALIDATION_COMMANDS.md,33CE4785078CD10EB8A4BF2AD3B9588544B6A1B0,10827,240,md,READ_OK,EVIDENCE_COMMAND_BUNDLE,DECISION;EVIDENCE,YES,ONE_DOCUMENT_ONE_AUTHORITATIVE_ROLE_MULTI_ROLE_SOURCE,records/evidence/runs/C97_OP_CMDS.md,EXACT_SHA,EVIDENCE,FULLY_SPLIT_SOURCE_REMOVED,,,"LEGACY_MULTI_ROLE_SOURCE_FULLY_DECOMPOSED; ROLE_EXTRACTS=LX-WS-0495-DEC-01,LX-WS-0495-EVD-02,LX-WS-0495-CTX-03",,REMOVED_AFTER_FULL_SPLIT,FULL_100_PERCENT_SEALED,33874AD7B50F22BD442DB85330517C831F746F76
LS-WS-0496,C98,audit/WS_C98_OPERATOR_VALIDATION_COMMANDS.md,9A2DCD6CA03F4F81DE52AAAE887E3A7290C75B32,11010,254,md,READ_OK,EVIDENCE_COMMAND_BUNDLE,EVIDENCE,NO,BUNDLE_OR_NAVIGATION_EXCEPTION,records/evidence/runs/C98_OP_CMDS.md,EXACT_SHA,EVIDENCE,NORMALIZED,records/evidence/runs/C98_OP_CMDS.md,EVIDENCE,PRIMARY_ROLE_PLACEMENT_RETAINED,records/history/original_sources/LS-WS-0496.md,RETAINED_UNSPLIT_OR_BUNDLE_SOURCE,NOT_APPLICABLE,
LS-WS-0497,C98,audit/WS_C98_WEEKLY_SWING_WATCHLIST_NON_LIVE_REHEARSAL_REVIEW.md,725119675FCBBE0E81EC6000C6E89A24B02C1F99,10035,209,md,READ_OK,EVIDENCE,EVIDENCE,NO,PRIMARY_ROLE_ONLY,records/evidence/runs/C98_REH_REVIEW.md,EXACT_SHA,EVIDENCE,NORMALIZED,records/evidence/runs/C98_REH_REVIEW.md,EVIDENCE,PRIMARY_ROLE_PLACEMENT_RETAINED,records/history/original_sources/LS-WS-0497.md,RETAINED_UNSPLIT_OR_BUNDLE_SOURCE,NOT_APPLICABLE,
LS-WS-0498,C99,audit/WS_C99_OPERATOR_VALIDATION_COMMANDS.md,741CF34E84C19BD7D0BC724735D2378247CE7AAA,11477,257,md,READ_OK,EVIDENCE_COMMAND_BUNDLE,EVIDENCE,NO,BUNDLE_OR_NAVIGATION_EXCEPTION,records/evidence/runs/C99_OP_CMDS.md,EXACT_SHA,EVIDENCE,NORMALIZED,records/evidence/runs/C99_OP_CMDS.md,EVIDENCE,PRIMARY_ROLE_PLACEMENT_RETAINED,records/history/original_sources/LS-WS-0498.md,RETAINED_UNSPLIT_OR_BUNDLE_SOURCE,NOT_APPLICABLE,
LS-WS-0499,C99,audit/WS_C99_WEEKLY_SWING_WATCHLIST_NON_LIVE_REHEARSAL_EXECUTION_REVIEW.md,31537BC4F3924895674980AE5E605BAEB4E5074F,10602,214,md,READ_OK,EVIDENCE,EVIDENCE,NO,PRIMARY_ROLE_ONLY,records/evidence/runs/C99_REH_EXEC_REVIEW.md,EXACT_SHA,EVIDENCE,NORMALIZED,records/evidence/runs/C99_REH_EXEC_REVIEW.md,EVIDENCE,PRIMARY_ROLE_PLACEMENT_RETAINED,records/history/original_sources/LS-WS-0499.md,RETAINED_UNSPLIT_OR_BUNDLE_SOURCE,NOT_APPLICABLE,
LS-WS-0500,,audit/WS_DB_DICTIONARY_AND_FIELD_USAGE_AUDIT.md,352F7BCE8CA0998303429555E4161A02E8DC8618,2078,49,md,READ_OK,EVIDENCE,EVIDENCE,NO,PRIMARY_ROLE_ONLY,records/evidence/runs/WS_DB_DICTIONARY_AND_FIELD_USAGE_AUDIT.md,MANIFEST_CHAIN,EVIDENCE,NORMALIZED,records/evidence/runs/WS_DB_DICTIONARY_AND_FIELD_USAGE_AUDIT.md,EVIDENCE,PRIMARY_ROLE_PLACEMENT_RETAINED,records/history/original_sources/LS-WS-0500.md,RETAINED_UNSPLIT_OR_BUNDLE_SOURCE,NOT_APPLICABLE,
LS-WS-0501,,audit/WS_DB_DICTIONARY_OPERATOR_COMMANDS.md,B7CB10825494E4A4390AAC0596B31749EBBF19C8,2188,54,md,READ_OK,EVIDENCE_COMMAND_BUNDLE,EVIDENCE;IMPLEMENTATION,YES,ONE_DOCUMENT_ONE_AUTHORITATIVE_ROLE_MULTI_ROLE_SOURCE,records/evidence/runs/WS_DB_DICTIONARY_OPERATOR_COMMANDS.md,MANIFEST_CHAIN,EVIDENCE,FULLY_SPLIT_SOURCE_REMOVED,,,"LEGACY_MULTI_ROLE_SOURCE_FULLY_DECOMPOSED; ROLE_EXTRACTS=LX-WS-0501-EVD-01,LX-WS-0501-IMP-02,LX-WS-0501-CTX-03",,REMOVED_AFTER_FULL_SPLIT,FULL_100_PERCENT_SEALED,197680ADA3B7BAC32B20CCCB236CB82EF34CFDCD
LS-WS-0502,R01,audit/WS_NEW_STRATEGY_R01_OPERATOR_VALIDATION_COMMANDS.md,412B361EB241D89E811B8EA40346085D405E42E9,1981,75,md,READ_OK,EVIDENCE_COMMAND_BUNDLE,EVIDENCE;FINDING,YES,ONE_DOCUMENT_ONE_AUTHORITATIVE_ROLE_MULTI_ROLE_SOURCE,records/evidence/runs/WS_NEW_STRATEGY_R01_OPERATOR_VALIDATION_COMMANDS.md,EXACT_SHA,EVIDENCE,FULLY_SPLIT_SOURCE_REMOVED,,,"LEGACY_MULTI_ROLE_SOURCE_FULLY_DECOMPOSED; ROLE_EXTRACTS=LX-WS-0502-EVD-01,LX-WS-0502-FND-02,LX-WS-0502-CTX-03",,REMOVED_AFTER_FULL_SPLIT,FULL_100_PERCENT_SEALED,F071FB6016D75E775FB4592375C8D7B799D26F8B
LS-WS-0503,R01,audit/WS_NEW_STRATEGY_R01_RESEARCH_HYPOTHESIS_AND_DIAGNOSTIC_EVIDENCE.md,1F34DDAE5EC4BC9197BA10199225DF58CAF045B8,5987,204,md,READ_OK,FINDING,EVIDENCE;FINDING;RESEARCH,YES,MATERIAL_MULTI_ROLE,development/findings/WS_NEW_STRATEGY_R01_RESEARCH_HYPOTHESIS_AND_DIAGNOSTIC_EVIDENCE.md,MANIFEST_CHAIN,FINDING,FULLY_SPLIT_SOURCE_REMOVED,,MULTI_ROLE_SPLIT,FULL_100_PERCENT_ROLE_SPLIT; COMPOSITE_SOURCE_REMOVED; USE_LX_EXTRACTS_AND_SPLIT_CATALOG,,REMOVED_AFTER_FULL_SPLIT,FULL_100_PERCENT_SEALED,9627616C661D52F77FE1E1F978FCF6ADF34AE148
LS-WS-0504,R02,audit/WS_NEW_STRATEGY_R02_MINIMAL_CANDIDATES_AND_OFFICIAL_IS.md,CD9DA5C0D2A6611FF516BCC84EE4A4614309FA68,6094,171,md,READ_OK,EVIDENCE,EVIDENCE;IMPLEMENTATION;RESEARCH,YES,MATERIAL_MULTI_ROLE,development/research/WS_NEW_STRATEGY_R02_MINIMAL_CANDIDATES_AND_OFFICIAL_IS.md,MANIFEST_CHAIN,RESEARCH,FULLY_SPLIT_SOURCE_REMOVED,,MULTI_ROLE_SPLIT,FULL_100_PERCENT_ROLE_SPLIT; COMPOSITE_SOURCE_REMOVED; USE_LX_EXTRACTS_AND_SPLIT_CATALOG,,REMOVED_AFTER_FULL_SPLIT,FULL_100_PERCENT_SEALED,DA5F9601CB7B2F19791F983784F9FF1CA9B7D195
LS-WS-0505,R02,audit/WS_NEW_STRATEGY_R02_OPERATOR_VALIDATION_COMMANDS.md,61489005E01D7E71B1D25049309328B85946E9B8,2224,81,md,READ_OK,EVIDENCE_COMMAND_BUNDLE,EVIDENCE,NO,BUNDLE_OR_NAVIGATION_EXCEPTION,records/evidence/runs/WS_NEW_STRATEGY_R02_OPERATOR_VALIDATION_COMMANDS.md,EXACT_SHA,EVIDENCE,NORMALIZED,records/evidence/runs/WS_NEW_STRATEGY_R02_OPERATOR_VALIDATION_COMMANDS.md,EVIDENCE,PRIMARY_ROLE_PLACEMENT_RETAINED,records/history/original_sources/LS-WS-0505.md,RETAINED_UNSPLIT_OR_BUNDLE_SOURCE,NOT_APPLICABLE,
LS-WS-0506,P01,audit/WS_PRICE_QUALITY_P01_DIAGNOSTIC_CANDIDATES_AND_OFFICIAL_IS.md,7EA21E18CABC80F6A4F785E70B8B759FFB797AFC,5180,143,md,READ_OK,FINDING,DECISION;FINDING;IMPLEMENTATION,YES,MATERIAL_MULTI_ROLE,development/findings/WS_PRICE_QUALITY_P01_DIAGNOSTIC_CANDIDATES_AND_OFFICIAL_IS.md,EXACT_SHA,FINDING,FULLY_SPLIT_SOURCE_REMOVED,,MULTI_ROLE_SPLIT,FULL_100_PERCENT_ROLE_SPLIT; COMPOSITE_SOURCE_REMOVED; USE_LX_EXTRACTS_AND_SPLIT_CATALOG,,REMOVED_AFTER_FULL_SPLIT,FULL_100_PERCENT_SEALED,0DB61C4EAF6C14B281A487D8DA15C3097CF9E038
LS-WS-0507,P01,audit/WS_PRICE_QUALITY_P01_PREREGISTRATION.md,838B0A180A555CE57E6AFF657A4118A603DAAE35,863,25,md,READ_OK,RESEARCH,RESEARCH,NO,PRIMARY_ROLE_ONLY,development/research/WS_PRICE_QUALITY_P01_PREREGISTRATION.md,MANIFEST_CHAIN,RESEARCH,NORMALIZED,records/history/archive/H0247_WS_PRICE_QUALITY_P01_PREREGISTRATION_HISTORICAL.md,HISTORY,LEGACY_ACTIVE_CAMPAIGN_MOVED_TO_HISTORY,records/history/original_sources/LS-WS-0507.md,RETAINED_UNSPLIT_OR_BUNDLE_SOURCE,NOT_APPLICABLE,
LS-WS-0508,S01,audit/WS_TAIL_RISK_S01_DIAGNOSTIC_CANDIDATES_AND_OFFICIAL_IS.md,4198952B8D4AA1874982238519AFF5D8C95C55E4,6935,166,md,READ_OK,FINDING,FINDING;RESEARCH,YES,MATERIAL_MULTI_ROLE,development/findings/WS_TAIL_RISK_S01_DIAGNOSTIC_CANDIDATES_AND_OFFICIAL_IS.md,EXACT_SHA,FINDING,FULLY_SPLIT_SOURCE_REMOVED,,MULTI_ROLE_SPLIT,FULL_100_PERCENT_ROLE_SPLIT; COMPOSITE_SOURCE_REMOVED; USE_LX_EXTRACTS_AND_SPLIT_CATALOG,,REMOVED_AFTER_FULL_SPLIT,FULL_100_PERCENT_SEALED,6E299EFFED9EA01891DCB9BA96DA1E04497E81F6
LS-WS-0509,S01,audit/WS_TAIL_RISK_S01_OPERATOR_VALIDATION_COMMANDS.md,733CDD087520FD1B19634D0CF0FF0BE78A82A827,3443,115,md,READ_OK,EVIDENCE_COMMAND_BUNDLE,EVIDENCE;FINDING,YES,ONE_DOCUMENT_ONE_AUTHORITATIVE_ROLE_MULTI_ROLE_SOURCE,records/evidence/runs/WS_TAIL_RISK_S01_OPERATOR_VALIDATION_COMMANDS.md,EXACT_SHA,EVIDENCE,FULLY_SPLIT_SOURCE_REMOVED,,,"LEGACY_MULTI_ROLE_SOURCE_FULLY_DECOMPOSED; ROLE_EXTRACTS=LX-WS-0509-EVD-01,LX-WS-0509-FND-02,LX-WS-0509-CTX-03",,REMOVED_AFTER_FULL_SPLIT,FULL_100_PERCENT_SEALED,9386476407FBE58C5F3CE242A573848F918A515E
LS-WS-0510,,LAYER_ACTIVATION_RULE.md,8D2570744F13A318C42E484F29014A1DBB153699,1716,40,md,READ_OK,LEGACY_GOVERNANCE,GOVERNANCE,NO,DERIVED_GOVERNANCE_SOURCE,authority/governance/LAYER_ACTIVATION_RULE.md,EXACT_SHA,GOVERNANCE,NORMALIZED,authority/governance/LAYER_ACTIVATION_RULE.md,GOVERNANCE,CURRENT_AUTHORITY_DERIVED; ORIGINAL_SOURCE_IMMUTABLE,records/history/original_sources/LS-WS-0510.md,RETAINED_UNSPLIT_OR_BUNDLE_SOURCE,NOT_APPLICABLE,
LS-WS-0511,,README.md,C0A6328EA3B837A66DF4254ED9A1875B88E7A021,2344,62,md,READ_OK,NAVIGATION,CONTEXT;IMPLEMENTATION,NO,BUNDLE_OR_NAVIGATION_EXCEPTION,README.md,MANIFEST_CHAIN,NAVIGATION,NORMALIZED,README.md,NAVIGATION,PRIMARY_ROLE_PLACEMENT_RETAINED,records/history/original_sources/LS-WS-0511.md,RETAINED_UNSPLIT_OR_BUNDLE_SOURCE,NOT_APPLICABLE,
LS-WS-0512,,system/00_LINK_INTEGRITY_CHECK_LOCKED.md,445E9132D8E469A5165D919E9CCFC74637EFFF46,2836,59,md,READ_OK,IMPLEMENTATION,IMPLEMENTATION,NO,PRIMARY_ROLE_ONLY,authority/governance/LINK_INTEGRITY_CHECK_LOCKED.md,MANIFEST_CHAIN,GOVERNANCE,NORMALIZED,authority/governance/LINK_INTEGRITY_CHECK_LOCKED.md,GOVERNANCE,PRIMARY_ROLE_PLACEMENT_RETAINED,records/history/original_sources/LS-WS-0512.md,RETAINED_UNSPLIT_OR_BUNDLE_SOURCE,NOT_APPLICABLE,
LS-WS-0513,,system/db/01_DB_OVERVIEW.md,16E05FE301FC8A2D2E66946016C954105CAB1192,4001,85,md,READ_OK,IMPLEMENTATION,IMPLEMENTATION,NO,PRIMARY_ROLE_ONLY,development/implementation/db/DB_OVERVIEW.md,MANIFEST_CHAIN,IMPLEMENTATION,NORMALIZED,development/implementation/db/DB_OVERVIEW.md,IMPLEMENTATION,PRIMARY_ROLE_PLACEMENT_RETAINED,records/history/original_sources/LS-WS-0513.md,RETAINED_UNSPLIT_OR_BUNDLE_SOURCE,NOT_APPLICABLE,
LS-WS-0514,,system/db/02_DB_SCHEMA_MARIADB.md,926C417B2F5557D6D665BD6FC4B11BC7EC184D55,7755,227,md,READ_OK,IMPLEMENTATION,IMPLEMENTATION,NO,PRIMARY_ROLE_ONLY,development/implementation/db/DB_SCHEMA_MARIADB.md,MANIFEST_CHAIN,IMPLEMENTATION,NORMALIZED,development/implementation/db/DB_SCHEMA_MARIADB.md,IMPLEMENTATION,PRIMARY_ROLE_PLACEMENT_RETAINED,records/history/original_sources/LS-WS-0514.md,RETAINED_UNSPLIT_OR_BUNDLE_SOURCE,NOT_APPLICABLE,
LS-WS-0515,,system/db/03_DB_INDEXES_AND_CONSTRAINTS.md,0E798C94E3634BF810255223EBCE6F9D20730AAC,3509,74,md,READ_OK,IMPLEMENTATION,IMPLEMENTATION,NO,PRIMARY_ROLE_ONLY,development/implementation/db/DB_INDEXES_AND_CONSTRAINTS.md,EXACT_SHA,IMPLEMENTATION,NORMALIZED,development/implementation/db/DB_INDEXES_AND_CONSTRAINTS.md,IMPLEMENTATION,PRIMARY_ROLE_PLACEMENT_RETAINED,records/history/original_sources/LS-WS-0515.md,RETAINED_UNSPLIT_OR_BUNDLE_SOURCE,NOT_APPLICABLE,
LS-WS-0516,,system/db/04_DB_SEED_GLOBAL.sql,E17F5D0F9E98BA7E403CE22784DAD0221EA987B3,2283,32,sql,SQL_READ_OK,IMPLEMENTATION,IMPLEMENTATION,NO,NOT_MARKDOWN,development/implementation/db/DB_SEED_GLOBAL.sql,EXACT_SHA,IMPLEMENTATION,NORMALIZED,development/implementation/db/DB_SEED_GLOBAL.sql,IMPLEMENTATION,PRIMARY_ROLE_PLACEMENT_RETAINED,records/history/original_sources/LS-WS-0516.sql,RETAINED_UNSPLIT_OR_BUNDLE_SOURCE,NOT_APPLICABLE,
LS-WS-0517,,system/db/05_DB_DDL_MARIADB.sql,AC138A217248D94C8D86B99E348C7BB77DDCBF9E,10933,287,sql,SQL_READ_OK,IMPLEMENTATION,IMPLEMENTATION,NO,NOT_MARKDOWN,development/implementation/db/DB_DDL_MARIADB.sql,EXACT_SHA,IMPLEMENTATION,NORMALIZED,development/implementation/db/DB_DDL_MARIADB.sql,IMPLEMENTATION,PRIMARY_ROLE_PLACEMENT_RETAINED,records/history/original_sources/LS-WS-0517.sql,RETAINED_UNSPLIT_OR_BUNDLE_SOURCE,NOT_APPLICABLE,
LS-WS-0518,,system/db/MIGRATIONS.sql,9EC64EC198E9D0BDA0C5D90722E159405D729486,2858,70,sql,SQL_READ_OK,IMPLEMENTATION,IMPLEMENTATION,NO,NOT_MARKDOWN,development/implementation/db/MIGRATIONS.sql,EXACT_SHA,IMPLEMENTATION,NORMALIZED,development/implementation/db/MIGRATIONS.sql,IMPLEMENTATION,PRIMARY_ROLE_PLACEMENT_RETAINED,records/history/original_sources/LS-WS-0518.sql,RETAINED_UNSPLIT_OR_BUNDLE_SOURCE,NOT_APPLICABLE,
LS-WS-0519,,system/db/README.md,C1FB267A6F7FDC4D195B2929C871146FE4D0ECD8,875,29,md,READ_OK,NAVIGATION,CONTEXT;IMPLEMENTATION;STRATEGY,YES,ONE_DOCUMENT_ONE_AUTHORITATIVE_ROLE_MULTI_ROLE_SOURCE,records/history/archive/H0141_REORG_implementation__persistence__README.md,EXACT_SHA,HISTORY,FULLY_SPLIT_SOURCE_REMOVED,,,"LEGACY_MULTI_ROLE_SOURCE_FULLY_DECOMPOSED; ROLE_EXTRACTS=LX-WS-0519-IMP-01,LX-WS-0519-STR-02,LX-WS-0519-CTX-03",,REMOVED_AFTER_FULL_SPLIT,FULL_100_PERCENT_SEALED,488BF1185BB69178B0DA684ACED8EF22733C0F06
LS-WS-0520,,system/db/WATCHLIST_DB_DICTIONARY.md,7DE3886F6EDDFCF70FFFBDA02EDA8A8ADE47780A,9787,198,md,READ_OK,IMPLEMENTATION,IMPLEMENTATION,NO,PRIMARY_ROLE_ONLY,records/history/archive/H0067_WATCHLIST_DB_DICTIONARY.md,EXACT_SHA,HISTORY,NORMALIZED,records/history/archive/H0067_WATCHLIST_DB_DICTIONARY.md,HISTORY,PRIMARY_ROLE_PLACEMENT_RETAINED,records/history/original_sources/LS-WS-0520.md,RETAINED_UNSPLIT_OR_BUNDLE_SOURCE,NOT_APPLICABLE,
LS-WS-0521,,system/implementation/README.md,3AE4BBB0ED2B5F501273A658BFC3D53BE4997116,2132,54,md,READ_OK,NAVIGATION,IMPLEMENTATION;STRATEGY,YES,ONE_DOCUMENT_ONE_AUTHORITATIVE_ROLE_MULTI_ROLE_SOURCE,development/implementation/README.md,MANIFEST_CHAIN,IMPLEMENTATION,CURRENT_DERIVED_AUTHORITY_RETAINED_SOURCE_REMOVED,development/implementation/README.md,IMPLEMENTATION,"CURRENT_DERIVATIVE_RETAINED_AS_SINGLE_ROLE; LEGACY_MULTI_ROLE_SOURCE_FULLY_DECOMPOSED; ROLE_EXTRACTS=LX-WS-0521-IMP-01,LX-WS-0521-STR-02,LX-WS-0521-CTX-03",,REMOVED_AFTER_FULL_SPLIT_CURRENT_DERIVATIVE_RETAINED,FULL_100_PERCENT_SEALED,7F7509BD3D313D9925D94ADCC6A76BF5687B6FF9
LS-WS-0522,,system/implementation/weekly_swing/01_WS_IMPLEMENTATION_SCOPE_AND_BOUNDARY.md,FDA3E1BEDB6631A52EA4C6845A5B6A7D912A4094,2102,54,md,READ_OK,IMPLEMENTATION,IMPLEMENTATION,NO,PRIMARY_ROLE_ONLY,development/implementation/guides/WS_IMPLEMENTATION_SCOPE_AND_BOUNDARY.md,EXACT_SHA,IMPLEMENTATION,NORMALIZED,development/implementation/guides/WS_IMPLEMENTATION_SCOPE_AND_BOUNDARY.md,IMPLEMENTATION,PRIMARY_ROLE_PLACEMENT_RETAINED,records/history/original_sources/LS-WS-0522.md,RETAINED_UNSPLIT_OR_BUNDLE_SOURCE,NOT_APPLICABLE,
LS-WS-0523,,system/implementation/weekly_swing/02_WS_MODULE_MAPPING.md,8C4FDE4697876AC190A06E54C0344E53249976CA,11095,257,md,READ_OK,IMPLEMENTATION,GOVERNANCE;IMPLEMENTATION,YES,ONE_DOCUMENT_ONE_AUTHORITATIVE_ROLE_MULTI_ROLE_SOURCE,development/implementation/guides/WS_MODULE_MAPPING.md,BASENAME_MANIFEST,IMPLEMENTATION,CURRENT_DERIVED_AUTHORITY_RETAINED_SOURCE_REMOVED,development/implementation/guides/WS_MODULE_MAPPING.md,IMPLEMENTATION,"CURRENT_DERIVATIVE_RETAINED_AS_SINGLE_ROLE; LEGACY_MULTI_ROLE_SOURCE_FULLY_DECOMPOSED; ROLE_EXTRACTS=LX-WS-0523-GOV-01,LX-WS-0523-IMP-02,LX-WS-0523-CTX-03",,REMOVED_AFTER_FULL_SPLIT_CURRENT_DERIVATIVE_RETAINED,FULL_100_PERCENT_SEALED,F8CF4CA4FB697822A52C58862F1261F1E8C70248
LS-WS-0524,,system/implementation/weekly_swing/03_WS_RUNTIME_ARTIFACT_FLOW.md,7A7BF3EE3865CDC60837AA1BD470FB865EAC7B99,9367,188,md,READ_OK,IMPLEMENTATION,FINDING;IMPLEMENTATION,YES,MATERIAL_MULTI_ROLE,development/implementation/guides/WS_RUNTIME_ARTIFACT_FLOW.md,BASENAME_MANIFEST,IMPLEMENTATION,CURRENT_DERIVED_AUTHORITY_RETAINED_SOURCE_REMOVED,development/implementation/guides/WS_RUNTIME_ARTIFACT_FLOW.md,IMPLEMENTATION,"PRIMARY_ROLE_PLACEMENT_RETAINED; ROLE_EXTRACTS=LX-WS-0524-FND-01,LX-WS-0524-IMP-02; PHYSICAL_LEGACY_SOURCE_REMOVED_AFTER_FULL_SPLIT",,REMOVED_AFTER_FULL_SPLIT_CURRENT_DERIVATIVE_RETAINED,FULL_100_PERCENT_SEALED,009683ECCBA96A9ACDFD9150EF56336825B354A7
LS-WS-0525,,system/implementation/weekly_swing/04_WS_API_GUIDANCE.md,AEE4BE3CF54FFB92F30139B822BA621189B50D4C,8334,229,md,READ_OK,IMPLEMENTATION,IMPLEMENTATION,NO,PRIMARY_ROLE_ONLY,development/implementation/guides/WS_API_GUIDANCE.md,BASENAME_MANIFEST,IMPLEMENTATION,NORMALIZED,development/implementation/guides/WS_API_GUIDANCE.md,IMPLEMENTATION,PRIMARY_ROLE_PLACEMENT_RETAINED,records/history/original_sources/LS-WS-0525.md,RETAINED_UNSPLIT_OR_BUNDLE_SOURCE,NOT_APPLICABLE,
LS-WS-0526,,system/implementation/weekly_swing/05_WS_PERSISTENCE_GUIDANCE.md,9ED7FE8517BBC9E3E02704222C282674E5A60994,8717,242,md,READ_OK,IMPLEMENTATION,EVIDENCE;IMPLEMENTATION,YES,MATERIAL_MULTI_ROLE,development/implementation/guides/WS_PERSISTENCE_GUIDANCE.md,BASENAME_MANIFEST,IMPLEMENTATION,CURRENT_DERIVED_AUTHORITY_RETAINED_SOURCE_REMOVED,development/implementation/guides/WS_PERSISTENCE_GUIDANCE.md,IMPLEMENTATION,"PRIMARY_ROLE_PLACEMENT_RETAINED; ROLE_EXTRACTS=LX-WS-0526-EVD-01,LX-WS-0526-IMP-02; PHYSICAL_LEGACY_SOURCE_REMOVED_AFTER_FULL_SPLIT",,REMOVED_AFTER_FULL_SPLIT_CURRENT_DERIVATIVE_RETAINED,FULL_100_PERCENT_SEALED,80E49208A4BAF0F4A08F37EB254D6407D34DADBA
LS-WS-0527,,system/implementation/weekly_swing/05A_WS_CANONICAL_FIELD_MATRIX.md,28BAEF3BB58189AC5B157298383E02B68FABE37B,6660,118,md,READ_OK,IMPLEMENTATION,IMPLEMENTATION,NO,PRIMARY_ROLE_ONLY,development/implementation/guides/WS_CANONICAL_FIELD_MATRIX.md,BASENAME_MANIFEST,IMPLEMENTATION,NORMALIZED,development/implementation/guides/WS_CANONICAL_FIELD_MATRIX.md,IMPLEMENTATION,PRIMARY_ROLE_PLACEMENT_RETAINED,records/history/original_sources/LS-WS-0527.md,RETAINED_UNSPLIT_OR_BUNDLE_SOURCE,NOT_APPLICABLE,
LS-WS-0528,,system/implementation/weekly_swing/06_WS_TEST_IMPLEMENTATION_GUIDANCE.md,A796A18A2190ADACA8843BB34911CA6FC9A858F3,8333,166,md,READ_OK,IMPLEMENTATION,IMPLEMENTATION,NO,PRIMARY_ROLE_ONLY,development/implementation/guides/WS_TEST_IMPLEMENTATION_GUIDANCE.md,BASENAME_MANIFEST,IMPLEMENTATION,NORMALIZED,development/implementation/guides/WS_TEST_IMPLEMENTATION_GUIDANCE.md,IMPLEMENTATION,PRIMARY_ROLE_PLACEMENT_RETAINED,records/history/original_sources/LS-WS-0528.md,RETAINED_UNSPLIT_OR_BUNDLE_SOURCE,NOT_APPLICABLE,
LS-WS-0529,,system/implementation/weekly_swing/07_WS_DELIVERY_CHECKLIST.md,28213BCFA304FEA13877DF35FCCB9EF394DE593A,5804,134,md,READ_OK,IMPLEMENTATION,IMPLEMENTATION,NO,PRIMARY_ROLE_ONLY,development/implementation/guides/WS_DELIVERY_CHECKLIST.md,BASENAME_MANIFEST,IMPLEMENTATION,NORMALIZED,development/implementation/guides/WS_DELIVERY_CHECKLIST.md,IMPLEMENTATION,PRIMARY_ROLE_PLACEMENT_RETAINED,records/history/original_sources/LS-WS-0529.md,RETAINED_UNSPLIT_OR_BUNDLE_SOURCE,NOT_APPLICABLE,
LS-WS-0530,,system/policies/_shared/01_POLICY_FRAMEWORK_OVERVIEW.md,2771793ABB0A26B78C0552D0998BE6CDD3224E21,4148,93,md,READ_OK,LEGACY_POLICY,STRATEGY,NO,DERIVED_STRATEGY_SOURCE,records/history/archive/H0030_governance__STRATEGY_POLICY_FRAMEWORK.md,EXACT_SHA,HISTORY,NORMALIZED,records/history/archive/H0030_governance__STRATEGY_POLICY_FRAMEWORK.md,HISTORY,CURRENT_AUTHORITY_DERIVED; ORIGINAL_SOURCE_IMMUTABLE,records/history/original_sources/LS-WS-0530.md,RETAINED_UNSPLIT_OR_BUNDLE_SOURCE,NOT_APPLICABLE,
LS-WS-0531,,system/policies/_shared/02_PARAMSET_CONTRACT_GLOBAL.md,8351DC5DB8A70FB6E0D4F7780BD61C17138AD8C7,2618,53,md,READ_OK,LEGACY_POLICY,STRATEGY,NO,DERIVED_STRATEGY_SOURCE,development/implementation/contracts/PARAMSET_CONTRACT_GLOBAL.md,MANIFEST_CHAIN,IMPLEMENTATION,NORMALIZED,development/implementation/contracts/PARAMSET_CONTRACT_GLOBAL.md,IMPLEMENTATION,CURRENT_AUTHORITY_DERIVED; ORIGINAL_SOURCE_IMMUTABLE,records/history/original_sources/LS-WS-0531.md,RETAINED_UNSPLIT_OR_BUNDLE_SOURCE,NOT_APPLICABLE,
LS-WS-0532,,system/policies/_shared/03_VALIDATOR_SPEC_GLOBAL.md,370804D7B2DD10EE5F905F13105D663CB1D7C7D8,1823,44,md,READ_OK,LEGACY_POLICY,STRATEGY,NO,DERIVED_STRATEGY_SOURCE,development/implementation/contracts/VALIDATOR_SPEC_GLOBAL.md,MANIFEST_CHAIN,IMPLEMENTATION,NORMALIZED,development/implementation/contracts/VALIDATOR_SPEC_GLOBAL.md,IMPLEMENTATION,CURRENT_AUTHORITY_DERIVED; ORIGINAL_SOURCE_IMMUTABLE,records/history/original_sources/LS-WS-0532.md,RETAINED_UNSPLIT_OR_BUNDLE_SOURCE,NOT_APPLICABLE,
LS-WS-0533,,system/policies/_shared/04_CONTRACT_TESTS_GLOBAL.md,BE4A610C79A997661319A8B62D508320E3D104A9,4506,88,md,READ_OK,LEGACY_POLICY,STRATEGY,NO,DERIVED_STRATEGY_SOURCE,development/implementation/contracts/CONTRACT_TESTS_GLOBAL.md,MANIFEST_CHAIN,IMPLEMENTATION,NORMALIZED,development/implementation/contracts/CONTRACT_TESTS_GLOBAL.md,IMPLEMENTATION,CURRENT_AUTHORITY_DERIVED; ORIGINAL_SOURCE_IMMUTABLE,records/history/original_sources/LS-WS-0533.md,RETAINED_UNSPLIT_OR_BUNDLE_SOURCE,NOT_APPLICABLE,
LS-WS-0534,,system/policies/_shared/05_EXECUTION_CANONICAL_GLOBAL.md,8B6AC3B07F17990ACD0C1D31329BC3A4F6065084,4145,63,md,READ_OK,LEGACY_POLICY,STRATEGY,NO,DERIVED_STRATEGY_SOURCE,development/implementation/contracts/EXECUTION_CANONICAL_GLOBAL.md,MANIFEST_CHAIN,IMPLEMENTATION,NORMALIZED,development/implementation/contracts/EXECUTION_CANONICAL_GLOBAL.md,IMPLEMENTATION,CURRENT_AUTHORITY_DERIVED; ORIGINAL_SOURCE_IMMUTABLE,records/history/original_sources/LS-WS-0534.md,RETAINED_UNSPLIT_OR_BUNDLE_SOURCE,NOT_APPLICABLE,
LS-WS-0535,,system/policies/_shared/06_SCHEMA_PARITY_RULES.md,D9F016D38DA901FB7F8B824E54BFE25D628B4075,6721,164,md,READ_OK,LEGACY_POLICY,IMPLEMENTATION;STRATEGY,YES,LEGACY_POLICY_WITH_MIXED_SECTIONS,development/implementation/contracts/SCHEMA_PARITY_RULES.md,MANIFEST_CHAIN,IMPLEMENTATION,CURRENT_DERIVED_AUTHORITY_RETAINED_SOURCE_REMOVED,development/implementation/contracts/SCHEMA_PARITY_RULES.md,IMPLEMENTATION,"CURRENT_AUTHORITY_DERIVED; ORIGINAL_SOURCE_IMMUTABLE; ROLE_EXTRACTS=LX-WS-0535-IMP-01,LX-WS-0535-STR-02; PHYSICAL_LEGACY_SOURCE_REMOVED_AFTER_FULL_SPLIT",,REMOVED_AFTER_FULL_SPLIT_CURRENT_DERIVATIVE_RETAINED,FULL_100_PERCENT_SEALED,7F7C47BB306E6ADEC2B237FE3751AAF3F25A4F98
LS-WS-0536,,system/policies/_shared/07_CONTRACT_FAILURE_CODES_LOCKED.md,A925147E49E7712880D3F105A7635CB15AD57FBE,2453,56,md,READ_OK,LEGACY_POLICY,STRATEGY,NO,DERIVED_STRATEGY_SOURCE,development/implementation/contracts/CONTRACT_FAILURE_CODES_LOCKED.md,EXACT_SHA,IMPLEMENTATION,NORMALIZED,development/implementation/contracts/CONTRACT_FAILURE_CODES_LOCKED.md,IMPLEMENTATION,CURRENT_AUTHORITY_DERIVED; ORIGINAL_SOURCE_IMMUTABLE,records/history/original_sources/LS-WS-0536.md,RETAINED_UNSPLIT_OR_BUNDLE_SOURCE,NOT_APPLICABLE,
LS-WS-0537,,system/policies/_shared/README.md,00C33692D2A95708AA6B17188EDB73E810C5987E,1336,36,md,READ_OK,NAVIGATION,CONTEXT;STRATEGY,NO,BUNDLE_OR_NAVIGATION_EXCEPTION,records/history/archive/H0033_implementation__shared__README.md,EXACT_SHA,HISTORY,NORMALIZED,records/history/archive/H0033_implementation__shared__README.md,HISTORY,PRIMARY_ROLE_PLACEMENT_RETAINED,records/history/original_sources/LS-WS-0537.md,RETAINED_UNSPLIT_OR_BUNDLE_SOURCE,NOT_APPLICABLE,
LS-WS-0538,,system/policies/README.md,9949DDDA638D5631A0BB95AA22A4E9F8F2FDBE1B,2070,52,md,READ_OK,NAVIGATION,CONTEXT;GOVERNANCE;STRATEGY,YES,ONE_DOCUMENT_ONE_AUTHORITATIVE_ROLE_MULTI_ROLE_SOURCE,authority/strategy/README.md,MANIFEST_CHAIN,STRATEGY,CURRENT_DERIVED_AUTHORITY_RETAINED_SOURCE_REMOVED,authority/strategy/README.md,STRATEGY,"CURRENT_DERIVATIVE_RETAINED_AS_SINGLE_ROLE; LEGACY_MULTI_ROLE_SOURCE_FULLY_DECOMPOSED; ROLE_EXTRACTS=LX-WS-0538-GOV-01,LX-WS-0538-STR-02,LX-WS-0538-CTX-03",,REMOVED_AFTER_FULL_SPLIT_CURRENT_DERIVATIVE_RETAINED,FULL_100_PERCENT_SEALED,CE8C12F956949DBE71E65648EF5D21795FB7295F
LS-WS-0539,,system/policies/weekly_swing/01_WS_OVERVIEW.md,201BBD5C7190CE1CFD28501D812EEFA9671AED74,3640,111,md,READ_OK,LEGACY_POLICY,STRATEGY,NO,DERIVED_STRATEGY_SOURCE,authority/strategy/WS_PRODUCT_OBJECTIVE_AND_LAYERS.md,MANUAL_CANONICAL,STRATEGY,NORMALIZED,authority/strategy/WS_PRODUCT_OBJECTIVE_AND_LAYERS.md,STRATEGY,CURRENT_AUTHORITY_DERIVED; ORIGINAL_SOURCE_IMMUTABLE,records/history/original_sources/LS-WS-0539.md,RETAINED_UNSPLIT_OR_BUNDLE_SOURCE,NOT_APPLICABLE,
LS-WS-0540,,system/policies/weekly_swing/02_WS_CANONICAL_RUNTIME_FLOW.md,2DD1021814D54F3C30DA62465E137AFDAF265F49,3974,101,md,READ_OK,LEGACY_POLICY,STRATEGY,NO,DERIVED_STRATEGY_SOURCE,authority/strategy/WS_RUNTIME_FLOW.md,MANUAL_CANONICAL,STRATEGY,NORMALIZED,authority/strategy/WS_RUNTIME_FLOW.md,STRATEGY,CURRENT_AUTHORITY_DERIVED; ORIGINAL_SOURCE_IMMUTABLE,records/history/original_sources/LS-WS-0540.md,RETAINED_UNSPLIT_OR_BUNDLE_SOURCE,NOT_APPLICABLE,
LS-WS-0541,,system/policies/weekly_swing/03_WS_DATA_MODEL_MARIADB.md,969A3DA8F66A3703726DF97BA76A0EF836FC410A,3595,107,md,READ_OK,LEGACY_POLICY,STRATEGY,NO,DERIVED_STRATEGY_SOURCE,development/implementation/contracts/WS_DATA_MODEL_MARIADB.md,MANIFEST_CHAIN,IMPLEMENTATION,NORMALIZED,development/implementation/contracts/WS_DATA_MODEL_MARIADB.md,IMPLEMENTATION,CURRENT_AUTHORITY_DERIVED; ORIGINAL_SOURCE_IMMUTABLE,records/history/original_sources/LS-WS-0541.md,RETAINED_UNSPLIT_OR_BUNDLE_SOURCE,NOT_APPLICABLE,
LS-WS-0542,,system/policies/weekly_swing/04_WS_PARAMSET_JSON_CONTRACT.md,69F684AC56C8254670609D6F4E265EC81702F8E2,9448,277,md,READ_OK,LEGACY_POLICY,STRATEGY,NO,DERIVED_STRATEGY_SOURCE,development/implementation/contracts/WS_PARAMSET_JSON_CONTRACT.md,MANIFEST_CHAIN,IMPLEMENTATION,NORMALIZED,development/implementation/contracts/WS_PARAMSET_JSON_CONTRACT.md,IMPLEMENTATION,CURRENT_AUTHORITY_DERIVED; ORIGINAL_SOURCE_IMMUTABLE,records/history/original_sources/LS-WS-0542.md,RETAINED_UNSPLIT_OR_BUNDLE_SOURCE,NOT_APPLICABLE,
LS-WS-0543,,system/policies/weekly_swing/05_WS_PARAMETER_REGISTRY_COMPLETE.md,8F1F7C9FEC28FD449F70BF54C412348EBAE14BE9,33331,628,md,READ_OK,LEGACY_POLICY,STRATEGY,NO,DERIVED_STRATEGY_SOURCE,development/implementation/contracts/WS_PARAMETER_REGISTRY_COMPLETE.md,MANIFEST_CHAIN,IMPLEMENTATION,NORMALIZED,development/implementation/contracts/WS_PARAMETER_REGISTRY_COMPLETE.md,IMPLEMENTATION,CURRENT_AUTHORITY_DERIVED; ORIGINAL_SOURCE_IMMUTABLE,records/history/original_sources/LS-WS-0543.md,RETAINED_UNSPLIT_OR_BUNDLE_SOURCE,NOT_APPLICABLE,
LS-WS-0544,,system/policies/weekly_swing/06_WS_PARAMSET_VALIDATOR_SPEC.md,A72760D7ECCEDB8ED10511710BEFB8F603BC75D6,6694,195,md,READ_OK,LEGACY_POLICY,IMPLEMENTATION;STRATEGY,YES,LEGACY_POLICY_WITH_MIXED_SECTIONS,development/implementation/contracts/WS_PARAMSET_VALIDATOR_SPEC.md,MANIFEST_CHAIN,IMPLEMENTATION,CURRENT_DERIVED_AUTHORITY_RETAINED_SOURCE_REMOVED,development/implementation/contracts/WS_PARAMSET_VALIDATOR_SPEC.md,IMPLEMENTATION,"CURRENT_AUTHORITY_DERIVED; ORIGINAL_SOURCE_IMMUTABLE; ROLE_EXTRACTS=LX-WS-0544-IMP-01,LX-WS-0544-STR-02; PHYSICAL_LEGACY_SOURCE_REMOVED_AFTER_FULL_SPLIT",,REMOVED_AFTER_FULL_SPLIT_CURRENT_DERIVATIVE_RETAINED,FULL_100_PERCENT_SEALED,77730B9BD60CA530D0A429CFD269B5B415AC810E
LS-WS-0545,,system/policies/weekly_swing/07_WS_REASON_CODES_AND_HASH.md,BD70FD8283A295D8C51C47A316B3A5DB404C39EB,9924,241,md,READ_OK,LEGACY_POLICY,IMPLEMENTATION;STRATEGY,YES,LEGACY_POLICY_WITH_MIXED_SECTIONS,development/implementation/contracts/WS_REASON_CODES_AND_HASH.md,MANIFEST_CHAIN,IMPLEMENTATION,CURRENT_DERIVED_AUTHORITY_RETAINED_SOURCE_REMOVED,development/implementation/contracts/WS_REASON_CODES_AND_HASH.md,IMPLEMENTATION,"CURRENT_AUTHORITY_DERIVED; ORIGINAL_SOURCE_IMMUTABLE; ROLE_EXTRACTS=LX-WS-0545-IMP-01,LX-WS-0545-STR-02; PHYSICAL_LEGACY_SOURCE_REMOVED_AFTER_FULL_SPLIT",,REMOVED_AFTER_FULL_SPLIT_CURRENT_DERIVATIVE_RETAINED,FULL_100_PERCENT_SEALED,AB69A8030F40426D2CE6FEF3D54B6B002F6294F1
LS-WS-0546,,system/policies/weekly_swing/08_WS_PLAN_ALGORITHM.md,16CB306A735B1EC47779301C29BA979211E84B85,2777,72,md,READ_OK,LEGACY_POLICY,STRATEGY,NO,DERIVED_STRATEGY_SOURCE,authority/strategy/WS_PLAN_SCORING_AND_TRADE_PLAN.md,MANUAL_CANONICAL,STRATEGY,NORMALIZED,authority/strategy/WS_PLAN_SCORING_AND_TRADE_PLAN.md,STRATEGY,CURRENT_AUTHORITY_DERIVED; ORIGINAL_SOURCE_IMMUTABLE,records/history/original_sources/LS-WS-0546.md,RETAINED_UNSPLIT_OR_BUNDLE_SOURCE,NOT_APPLICABLE,
LS-WS-0547,,system/policies/weekly_swing/09_WS_DYNAMIC_SELECTION_DETERMINISTIC.md,FBC55F8ACB8E2DF2BD05A062D7563C39B63E9E1D,2931,57,md,READ_OK,LEGACY_POLICY,STRATEGY,NO,DERIVED_STRATEGY_SOURCE,authority/strategy/WS_CANDIDATE_CLASSIFICATION.md,MANIFEST_CHAIN,STRATEGY,NORMALIZED,authority/strategy/WS_CANDIDATE_CLASSIFICATION.md,STRATEGY,CURRENT_AUTHORITY_DERIVED; ORIGINAL_SOURCE_IMMUTABLE,records/history/original_sources/LS-WS-0547.md,RETAINED_UNSPLIT_OR_BUNDLE_SOURCE,NOT_APPLICABLE,
LS-WS-0548,,system/policies/weekly_swing/10_WS_CONFIRM_OVERLAY.md,87E95DC166C97B420D3EC4354809DAD5EEF0FC94,4452,86,md,READ_OK,LEGACY_POLICY,IMPLEMENTATION;STRATEGY,YES,LEGACY_POLICY_WITH_MIXED_SECTIONS,authority/strategy/WS_D1_CONFIRM_ACTIONABILITY.md,MANUAL_CANONICAL,STRATEGY,CURRENT_DERIVED_AUTHORITY_RETAINED_SOURCE_REMOVED,authority/strategy/WS_D1_CONFIRM_ACTIONABILITY.md,STRATEGY,"CURRENT_AUTHORITY_DERIVED; ORIGINAL_SOURCE_IMMUTABLE; ROLE_EXTRACTS=LX-WS-0548-IMP-01,LX-WS-0548-STR-02; PHYSICAL_LEGACY_SOURCE_REMOVED_AFTER_FULL_SPLIT",,REMOVED_AFTER_FULL_SPLIT_CURRENT_DERIVATIVE_RETAINED,FULL_100_PERCENT_SEALED,65978C38C834BADE787C87377412104CDA381090
LS-WS-0549,,system/policies/weekly_swing/11_WS_INTRADAY_SNAPSHOT_TABLES.md,13A37583D1DB0E0B623724CA5E34F65C7F508A34,8006,150,md,READ_OK,LEGACY_POLICY,STRATEGY,NO,DERIVED_STRATEGY_SOURCE,development/implementation/contracts/WS_INTRADAY_SNAPSHOT_TABLES.md,MANIFEST_CHAIN,IMPLEMENTATION,NORMALIZED,development/implementation/contracts/WS_INTRADAY_SNAPSHOT_TABLES.md,IMPLEMENTATION,CURRENT_AUTHORITY_DERIVED; ORIGINAL_SOURCE_IMMUTABLE,records/history/original_sources/LS-WS-0549.md,RETAINED_UNSPLIT_OR_BUNDLE_SOURCE,NOT_APPLICABLE,
LS-WS-0550,,system/policies/weekly_swing/12_WS_BACKTEST_SCHEMA_AND_CALIBRATION.md,F36B415CA47D448CF0C5EA5AEDE987D497FFEF42,74884,1799,md,READ_OK,LEGACY_POLICY,DECISION;EVIDENCE;IMPLEMENTATION;RESEARCH;STRATEGY,YES,LEGACY_POLICY_WITH_MIXED_SECTIONS,authority/strategy/WS_HISTORICAL_EVALUATION_STRATEGY.md,BASENAME_MANIFEST,STRATEGY,CURRENT_DERIVED_AUTHORITY_RETAINED_SOURCE_REMOVED,authority/strategy/WS_HISTORICAL_EVALUATION_STRATEGY.md,STRATEGY,"CURRENT_AUTHORITY_DERIVED; ORIGINAL_SOURCE_IMMUTABLE; ROLE_EXTRACTS=LX-WS-0550-DEC-01,LX-WS-0550-EVD-02,LX-WS-0550-IMP-03,LX-WS-0550-RES-04,LX-WS-0550-STR-05; PHYSICAL_LEGACY_SOURCE_REMOVED_AFTER_FULL_SPLIT",,REMOVED_AFTER_FULL_SPLIT_CURRENT_DERIVATIVE_RETAINED,FULL_100_PERCENT_SEALED,7F0C124B6BA99BB0A741DE9352B134210F2EB03E
LS-WS-0551,,system/policies/weekly_swing/13_WS_CONTRACT_TEST_CHECKLIST.md,99AA10494EB908109701F152E21402943FEF0B63,15802,231,md,READ_OK,LEGACY_POLICY,DECISION;RESEARCH;STRATEGY,YES,LEGACY_POLICY_WITH_MIXED_SECTIONS,development/implementation/tests/WS_CONTRACT_TEST_CHECKLIST.md,MANIFEST_CHAIN,IMPLEMENTATION,CURRENT_DERIVED_AUTHORITY_RETAINED_SOURCE_REMOVED,development/implementation/tests/WS_CONTRACT_TEST_CHECKLIST.md,IMPLEMENTATION,"CURRENT_AUTHORITY_DERIVED; ORIGINAL_SOURCE_IMMUTABLE; ROLE_EXTRACTS=LX-WS-0551-DEC-01,LX-WS-0551-RES-02,LX-WS-0551-STR-03; PHYSICAL_LEGACY_SOURCE_REMOVED_AFTER_FULL_SPLIT",,REMOVED_AFTER_FULL_SPLIT_CURRENT_DERIVATIVE_RETAINED,FULL_100_PERCENT_SEALED,BF06EFC2D08B838FC649AA622424D2AC1BECEEE8
LS-WS-0552,,system/policies/weekly_swing/14_WS_BT_COVERAGE_MATRIX_LOCKED.md,EB48546A10BE8EDCB6546DA8682D075011A7305B,7869,146,md,READ_OK,LEGACY_POLICY,STRATEGY,NO,DERIVED_STRATEGY_SOURCE,development/implementation/tests/WS_BT_COVERAGE_MATRIX_LOCKED.md,MANIFEST_CHAIN,IMPLEMENTATION,NORMALIZED,development/implementation/tests/WS_BT_COVERAGE_MATRIX_LOCKED.md,IMPLEMENTATION,CURRENT_AUTHORITY_DERIVED; ORIGINAL_SOURCE_IMMUTABLE,records/history/original_sources/LS-WS-0552.md,RETAINED_UNSPLIT_OR_BUNDLE_SOURCE,NOT_APPLICABLE,
LS-WS-0553,,system/policies/weekly_swing/15_WS_UNIVERSE_EQUIVALENCE_CONTRACT_LOCKED.md,040F62E02B9B13136AF9445261B20C4C0EF12B01,10101,251,md,READ_OK,LEGACY_POLICY,IMPLEMENTATION;STRATEGY,YES,LEGACY_POLICY_WITH_MIXED_SECTIONS,development/implementation/tests/WS_UNIVERSE_EQUIVALENCE_CONTRACT_LOCKED.md,MANIFEST_CHAIN,IMPLEMENTATION,CURRENT_DERIVED_AUTHORITY_RETAINED_SOURCE_REMOVED,development/implementation/tests/WS_UNIVERSE_EQUIVALENCE_CONTRACT_LOCKED.md,IMPLEMENTATION,"CURRENT_AUTHORITY_DERIVED; ORIGINAL_SOURCE_IMMUTABLE; ROLE_EXTRACTS=LX-WS-0553-IMP-01,LX-WS-0553-STR-02; PHYSICAL_LEGACY_SOURCE_REMOVED_AFTER_FULL_SPLIT",,REMOVED_AFTER_FULL_SPLIT_CURRENT_DERIVATIVE_RETAINED,FULL_100_PERCENT_SEALED,4FBF2873A8DCBB68BBF17CB09980153642EBA9C5
LS-WS-0554,,system/policies/weekly_swing/16_WS_EVAL_METRICS_SUFFICIENCY_LOCKED.md,31299D858B68EE351AE898F4C9380D8753A65D8A,7774,174,md,READ_OK,LEGACY_POLICY,STRATEGY,NO,DERIVED_STRATEGY_SOURCE,authority/strategy/WS_IS_SUFFICIENCY_AND_WINNER_FREEZE.md,MANIFEST_CHAIN,STRATEGY,NORMALIZED,authority/strategy/WS_IS_SUFFICIENCY_AND_WINNER_FREEZE.md,STRATEGY,CURRENT_AUTHORITY_DERIVED; ORIGINAL_SOURCE_IMMUTABLE,records/history/original_sources/LS-WS-0554.md,RETAINED_UNSPLIT_OR_BUNDLE_SOURCE,NOT_APPLICABLE,
LS-WS-0555,,system/policies/weekly_swing/17_WS_WALK_FORWARD_OOS_PROOF_LOCKED.md,39519A391158A7B2DCF7B6E989079788D61669BE,5464,143,md,READ_OK,LEGACY_POLICY,STRATEGY,NO,DERIVED_STRATEGY_SOURCE,authority/strategy/WS_OOS_STRESS_SHADOW_AND_PRODUCTION_PROOF.md,MANIFEST_CHAIN,STRATEGY,NORMALIZED,authority/strategy/WS_OOS_STRESS_SHADOW_AND_PRODUCTION_PROOF.md,STRATEGY,CURRENT_AUTHORITY_DERIVED; ORIGINAL_SOURCE_IMMUTABLE,records/history/original_sources/LS-WS-0555.md,RETAINED_UNSPLIT_OR_BUNDLE_SOURCE,NOT_APPLICABLE,
LS-WS-0556,,system/policies/weekly_swing/18_WS_BACKTEST_ARTIFACT_MANIFEST_LOCKED.md,0EF878820A9B7B8CADAEE05DBFC248A9313344AD,9628,253,md,READ_OK,LEGACY_POLICY,EVIDENCE;RESEARCH;STRATEGY,YES,LEGACY_POLICY_WITH_MIXED_SECTIONS,development/implementation/contracts/WS_BACKTEST_ARTIFACT_MANIFEST_LOCKED.md,MANIFEST_CHAIN,IMPLEMENTATION,CURRENT_DERIVED_AUTHORITY_RETAINED_SOURCE_REMOVED,development/implementation/contracts/WS_BACKTEST_ARTIFACT_MANIFEST_LOCKED.md,IMPLEMENTATION,"CURRENT_AUTHORITY_DERIVED; ORIGINAL_SOURCE_IMMUTABLE; ROLE_EXTRACTS=LX-WS-0556-EVD-01,LX-WS-0556-RES-02,LX-WS-0556-STR-03; PHYSICAL_LEGACY_SOURCE_REMOVED_AFTER_FULL_SPLIT",,REMOVED_AFTER_FULL_SPLIT_CURRENT_DERIVATIVE_RETAINED,FULL_100_PERCENT_SEALED,19569AEAF5FCF720F822A09AFE8AF50E37AFC914
LS-WS-0557,,system/policies/weekly_swing/19_WS_DEPRECATED_OR_NONSCOPE_ARTIFACTS_LEDGER.md,1F5E754944C68ED184C88D84517017A6DF87CFFE,3668,120,md,READ_OK,LEGACY_POLICY,STRATEGY,NO,DERIVED_STRATEGY_SOURCE,records/history/archive/H0084_19_WS_DEPRECATED_OR_NONSCOPE_ARTIFACTS_LEDGER.md,MANIFEST_CHAIN,HISTORY,NORMALIZED,records/history/archive/H0084_19_WS_DEPRECATED_OR_NONSCOPE_ARTIFACTS_LEDGER.md,HISTORY,CURRENT_AUTHORITY_DERIVED; ORIGINAL_SOURCE_IMMUTABLE,records/history/original_sources/LS-WS-0557.md,RETAINED_UNSPLIT_OR_BUNDLE_SOURCE,NOT_APPLICABLE,
LS-WS-0558,,system/policies/weekly_swing/20_WS_CANONICAL_PARAMSET_PROCEDURES.md,C5240B32CDFB63E4821697D91352EB66193E0637,6980,178,md,READ_OK,LEGACY_POLICY,STRATEGY,NO,DERIVED_STRATEGY_SOURCE,development/implementation/guides/WS_CANONICAL_PARAMSET_PROCEDURES.md,MANIFEST_CHAIN,IMPLEMENTATION,NORMALIZED,development/implementation/guides/WS_CANONICAL_PARAMSET_PROCEDURES.md,IMPLEMENTATION,CURRENT_AUTHORITY_DERIVED; ORIGINAL_SOURCE_IMMUTABLE,records/history/original_sources/LS-WS-0558.md,RETAINED_UNSPLIT_OR_BUNDLE_SOURCE,NOT_APPLICABLE,
LS-WS-0559,,system/policies/weekly_swing/21_WS_IMPLEMENTATION_BLUEPRINT.md,0D361B7D4E1C84D6B13367B1C5835DF4FA99DA97,4086,89,md,READ_OK,LEGACY_POLICY,STRATEGY,NO,DERIVED_STRATEGY_SOURCE,development/implementation/guides/WS_IMPLEMENTATION_BLUEPRINT.md,MANIFEST_CHAIN,IMPLEMENTATION,NORMALIZED,development/implementation/guides/WS_IMPLEMENTATION_BLUEPRINT.md,IMPLEMENTATION,CURRENT_AUTHORITY_DERIVED; ORIGINAL_SOURCE_IMMUTABLE,records/history/original_sources/LS-WS-0559.md,RETAINED_UNSPLIT_OR_BUNDLE_SOURCE,NOT_APPLICABLE,
LS-WS-0560,,system/policies/weekly_swing/22_WS_RECOMMENDATION_OVERVIEW.md,60E69D88412C63EDAB73BB574C570D20E6F75C3D,1677,43,md,READ_OK,LEGACY_POLICY,STRATEGY,NO,DERIVED_STRATEGY_SOURCE,records/history/archive/H0092_22_WS_RECOMMENDATION_OVERVIEW.md,EXACT_SHA,HISTORY,NORMALIZED,records/history/archive/H0092_22_WS_RECOMMENDATION_OVERVIEW.md,HISTORY,CURRENT_AUTHORITY_DERIVED; ORIGINAL_SOURCE_IMMUTABLE,records/history/original_sources/LS-WS-0560.md,RETAINED_UNSPLIT_OR_BUNDLE_SOURCE,NOT_APPLICABLE,
LS-WS-0561,,system/policies/weekly_swing/23_WS_RECOMMENDATION_INPUT_OUTPUT_CONTRACT.md,0E567B1DB5041B10D2A1A36812F750494FCBF3DB,2002,60,md,READ_OK,LEGACY_POLICY,STRATEGY,NO,DERIVED_STRATEGY_SOURCE,development/implementation/contracts/WS_RECOMMENDATION_INPUT_OUTPUT_CONTRACT.md,EXACT_SHA,IMPLEMENTATION,NORMALIZED,development/implementation/contracts/WS_RECOMMENDATION_INPUT_OUTPUT_CONTRACT.md,IMPLEMENTATION,CURRENT_AUTHORITY_DERIVED; ORIGINAL_SOURCE_IMMUTABLE,records/history/original_sources/LS-WS-0561.md,RETAINED_UNSPLIT_OR_BUNDLE_SOURCE,NOT_APPLICABLE,
LS-WS-0562,,system/policies/weekly_swing/24_WS_RECOMMENDATION_ALGORITHM.md,D282A2A00C8FA243E34AF222045329FBEB67C644,2094,60,md,READ_OK,LEGACY_POLICY,STRATEGY,NO,DERIVED_STRATEGY_SOURCE,records/history/archive/H0093_24_WS_RECOMMENDATION_ALGORITHM.md,EXACT_SHA,HISTORY,NORMALIZED,records/history/archive/H0093_24_WS_RECOMMENDATION_ALGORITHM.md,HISTORY,CURRENT_AUTHORITY_DERIVED; ORIGINAL_SOURCE_IMMUTABLE,records/history/original_sources/LS-WS-0562.md,RETAINED_UNSPLIT_OR_BUNDLE_SOURCE,NOT_APPLICABLE,
LS-WS-0563,,system/policies/weekly_swing/25_WS_RECOMMENDATION_REASON_CODES_AND_TESTS.md,5504640D24541B50598E6C82A9EB3E482070FCC8,3262,77,md,READ_OK,LEGACY_POLICY,IMPLEMENTATION;STRATEGY,YES,LEGACY_POLICY_WITH_MIXED_SECTIONS,development/implementation/tests/WS_RECOMMENDATION_REASON_CODES_AND_TESTS.md,MANIFEST_CHAIN,IMPLEMENTATION,CURRENT_DERIVED_AUTHORITY_RETAINED_SOURCE_REMOVED,development/implementation/tests/WS_RECOMMENDATION_REASON_CODES_AND_TESTS.md,IMPLEMENTATION,"CURRENT_AUTHORITY_DERIVED; ORIGINAL_SOURCE_IMMUTABLE; ROLE_EXTRACTS=LX-WS-0563-IMP-01,LX-WS-0563-STR-02; PHYSICAL_LEGACY_SOURCE_REMOVED_AFTER_FULL_SPLIT",,REMOVED_AFTER_FULL_SPLIT_CURRENT_DERIVATIVE_RETAINED,FULL_100_PERCENT_SEALED,412490F1646F4168E26A70F10639590AC7B46ADD
LS-WS-0564,,system/policies/weekly_swing/_refs/README.md,E1724C42DFBAB96876139A68357B8932871BCB4F,272,12,md,READ_OK,NAVIGATION,CONTEXT,NO,BUNDLE_OR_NAVIGATION_EXCEPTION,development/research/README_LEGACY_REFS.md,EXACT_SHA,RESEARCH,NORMALIZED,records/history/archive/H0334_LEGACY_REFS_README.md,HISTORY,LEGACY_CAMPAIGN_OR_NAVIGATION_MOVED_TO_HISTORY,records/history/original_sources/LS-WS-0564.md,RETAINED_UNSPLIT_OR_BUNDLE_SOURCE,NOT_APPLICABLE,
LS-WS-0565,B01,system/policies/weekly_swing/_refs/WS_BREAKOUT_INTEGRITY_B01_ACTIVE_SHADOW_LOCK.md,277037690E8FD2EB6798E3FAF0B8B88AEC8CA7EC,1845,52,md,READ_OK,IMPLEMENTATION,IMPLEMENTATION,NO,PRIMARY_ROLE_ONLY,records/evidence/WS_BREAKOUT_INTEGRITY_B01_ACTIVE_SHADOW_LOCK.md,EXACT_SHA,EVIDENCE,NORMALIZED,records/evidence/WS_BREAKOUT_INTEGRITY_B01_ACTIVE_SHADOW_LOCK.md,EVIDENCE,PRIMARY_ROLE_PLACEMENT_RETAINED,records/history/original_sources/LS-WS-0565.md,RETAINED_UNSPLIT_OR_BUNDLE_SOURCE,NOT_APPLICABLE,
LS-WS-0566,B01,system/policies/weekly_swing/_refs/WS_BREAKOUT_INTEGRITY_B01_IS_IDENTITY_REVIEW_LOCK.md,1B01AD5194D0A942FB3CE4872BF51B637E85B1FA,1789,58,md,READ_OK,IMPLEMENTATION,EVIDENCE;IMPLEMENTATION,YES,MATERIAL_MULTI_ROLE,records/evidence/WS_BREAKOUT_INTEGRITY_B01_IS_IDENTITY_REVIEW_LOCK.md,EXACT_SHA,EVIDENCE,FULLY_SPLIT_SOURCE_REMOVED,,MULTI_ROLE_SPLIT,FULL_100_PERCENT_ROLE_SPLIT; COMPOSITE_SOURCE_REMOVED; USE_LX_EXTRACTS_AND_SPLIT_CATALOG,,REMOVED_AFTER_FULL_SPLIT,FULL_100_PERCENT_SEALED,C63EBF7688E57392A0770F5470453A730B292365
LS-WS-0567,B01,system/policies/weekly_swing/_refs/WS_BREAKOUT_INTEGRITY_B01_OFFICIAL_OOS_LOCK.md,3DDCCCDE0F522BE383723D992C179A801B6F3103,1141,40,md,READ_OK,IMPLEMENTATION,IMPLEMENTATION,NO,PRIMARY_ROLE_ONLY,records/evidence/WS_BREAKOUT_INTEGRITY_B01_OFFICIAL_OOS_LOCK.md,EXACT_SHA,EVIDENCE,NORMALIZED,records/evidence/WS_BREAKOUT_INTEGRITY_B01_OFFICIAL_OOS_LOCK.md,EVIDENCE,PRIMARY_ROLE_PLACEMENT_RETAINED,records/history/original_sources/LS-WS-0567.md,RETAINED_UNSPLIT_OR_BUNDLE_SOURCE,NOT_APPLICABLE,
LS-WS-0568,B01,system/policies/weekly_swing/_refs/WS_BREAKOUT_INTEGRITY_B01_PREREGISTRATION_LOCK.md,8A66C8071F4F12AE137AE6038469CD4B9B8859F2,1376,40,md,READ_OK,RESEARCH,RESEARCH,NO,PRIMARY_ROLE_ONLY,development/research/WS_BREAKOUT_INTEGRITY_B01_PREREGISTRATION_LOCK.md,EXACT_SHA,RESEARCH,NORMALIZED,records/history/archive/H0285_WS_BREAKOUT_INTEGRITY_B01_PREREGISTRATION_LOCK_HISTORICAL.md,HISTORY,LEGACY_ACTIVE_CAMPAIGN_MOVED_TO_HISTORY,records/history/original_sources/LS-WS-0568.md,RETAINED_UNSPLIT_OR_BUNDLE_SOURCE,NOT_APPLICABLE,
LS-WS-0569,B01,system/policies/weekly_swing/_refs/WS_BREAKOUT_INTEGRITY_B01_PROMOTION_READINESS_LOCK.md,A04841B16A382D1F68B52B202F2A79FC4A93E065,1098,34,md,READ_OK,DECISION,DECISION,NO,ISSUED_DECISION_BUNDLE_EXCEPTION,records/decisions/WS_BREAKOUT_INTEGRITY_B01_PROMOTION_READINESS_LOCK.md,EXACT_SHA,DECISION,NORMALIZED,records/decisions/WS_BREAKOUT_INTEGRITY_B01_PROMOTION_READINESS_LOCK.md,DECISION,PRIMARY_ROLE_PLACEMENT_RETAINED,records/history/original_sources/LS-WS-0569.md,RETAINED_UNSPLIT_OR_BUNDLE_SOURCE,NOT_APPLICABLE,
LS-WS-0570,C01,system/policies/weekly_swing/_refs/WS_C01_FAILURE_DIAGNOSTIC_NOTE.md,DEB9EFE6F1A7E2101F975935C644BC6A5F3F3478,13627,225,md,READ_OK,FINDING,EVIDENCE;FINDING,YES,MATERIAL_MULTI_ROLE,development/findings/C01_FAILURE_DIAGNOSTIC_NOTE.md,MANIFEST_CHAIN,FINDING,FULLY_SPLIT_SOURCE_REMOVED,,MULTI_ROLE_SPLIT,FULL_100_PERCENT_ROLE_SPLIT; COMPOSITE_SOURCE_REMOVED; USE_LX_EXTRACTS_AND_SPLIT_CATALOG,,REMOVED_AFTER_FULL_SPLIT,FULL_100_PERCENT_SEALED,ADA0C9A54EBA6CEA7619783570508383A0A953F9
LS-WS-0571,C01,system/policies/weekly_swing/_refs/WS_C01_IS_FAILURE_DRILLDOWN_NOTE.md,5F577CDBECE9E16CB8A5B33350E64D76C9A4D837,11532,354,md,READ_OK,FINDING,EVIDENCE;FINDING,YES,MATERIAL_MULTI_ROLE,development/findings/C01_IS_FAILURE_DRILLDOWN_NOTE.md,MANIFEST_CHAIN,FINDING,FULLY_SPLIT_SOURCE_REMOVED,,MULTI_ROLE_SPLIT,FULL_100_PERCENT_ROLE_SPLIT; COMPOSITE_SOURCE_REMOVED; USE_LX_EXTRACTS_AND_SPLIT_CATALOG,,REMOVED_AFTER_FULL_SPLIT,FULL_100_PERCENT_SEALED,44B916004D7C121BC67EB120A81EDE570E03C1F2
LS-WS-0572,C15,system/policies/weekly_swing/_refs/WS_C15_ROOT_CAUSE_AND_DIAGNOSTIC_PREREQUISITE_NOTE.md,51A742230F4595B067C6FD2C90C0F6908664BB94,4896,150,md,READ_OK,FINDING,EVIDENCE;FINDING,YES,MATERIAL_MULTI_ROLE,development/findings/C15_ROOT_CAUSE_AND_DIAGNOSTIC_PREREQUISITE_NOTE.md,EXACT_SHA,FINDING,FULLY_SPLIT_SOURCE_REMOVED,,MULTI_ROLE_SPLIT,FULL_100_PERCENT_ROLE_SPLIT; COMPOSITE_SOURCE_REMOVED; USE_LX_EXTRACTS_AND_SPLIT_CATALOG,,REMOVED_AFTER_FULL_SPLIT,FULL_100_PERCENT_SEALED,596E922E155026F6D3403F3F458A7A05A1DB63F7
LS-WS-0573,C22+C24,system/policies/weekly_swing/_refs/WS_C22_SHADOW_GAP_BRIDGE_C24_DESIGN_NOTE.md,A028F4EC184734FCBD6A9550451C1D5A181CB20B,2845,92,md,READ_OK,FINDING,FINDING,NO,PRIMARY_ROLE_ONLY,development/research/C22_SHADOW_GAP_BRIDGE_C24_DESIGN_NOTE.md,EXACT_SHA,RESEARCH,NORMALIZED,records/history/archive/H0261_C22_SHADOW_GAP_BRIDGE_C24_DESIGN_NOTE_HISTORICAL.md,HISTORY,LEGACY_ACTIVE_CAMPAIGN_MOVED_TO_HISTORY,records/history/original_sources/LS-WS-0573.md,RETAINED_UNSPLIT_OR_BUNDLE_SOURCE,NOT_APPLICABLE,
LS-WS-0574,C26,system/policies/weekly_swing/_refs/WS_CATALOG_CANDIDATE_C26_DESIGN_NOTE.md,E71BA70C937C150BE384050D1F1A4F604A27C9F3,3200,111,md,READ_OK,RESEARCH,DECISION;RESEARCH,YES,MATERIAL_MULTI_ROLE,development/research/WS_CATALOG_CANDIDATE_C26_DESIGN_NOTE.md,EXACT_SHA,RESEARCH,FULLY_SPLIT_SOURCE_REMOVED,,MULTI_ROLE_SPLIT,FULL_100_PERCENT_ROLE_SPLIT; COMPOSITE_SOURCE_REMOVED; USE_LX_EXTRACTS_AND_SPLIT_CATALOG,,REMOVED_AFTER_FULL_SPLIT,FULL_100_PERCENT_SEALED,690BA107113313706C7015244835B13BCEA48CF1
LS-WS-0575,C27,system/policies/weekly_swing/_refs/WS_CATALOG_CANDIDATE_C27_RAW_OHLC_VALIDATION_NOTE.md,D6907E23C758D1A64B6ABBC5E4E570D9E1AE6F5C,2321,82,md,READ_OK,IMPLEMENTATION,IMPLEMENTATION,NO,PRIMARY_ROLE_ONLY,development/implementation/guides/WS_CATALOG_CANDIDATE_C27_RAW_OHLC_VALIDATION_NOTE.md,EXACT_SHA,IMPLEMENTATION,NORMALIZED,records/history/archive/H0332_C27_CATALOG_NOTE_HISTORICAL.md,HISTORY,LEGACY_CAMPAIGN_OR_NAVIGATION_MOVED_TO_HISTORY,records/history/original_sources/LS-WS-0575.md,RETAINED_UNSPLIT_OR_BUNDLE_SOURCE,NOT_APPLICABLE,
LS-WS-0576,C28,system/policies/weekly_swing/_refs/WS_CATALOG_CANDIDATE_C28_RULE_REVISION_TIEBREAK_NOTE.md,92338A20179F9AA34543B2B4D3AB9CB9070D5AB9,2167,71,md,READ_OK,IMPLEMENTATION,IMPLEMENTATION,NO,PRIMARY_ROLE_ONLY,development/implementation/guides/WS_CATALOG_CANDIDATE_C28_RULE_REVISION_TIEBREAK_NOTE.md,EXACT_SHA,IMPLEMENTATION,NORMALIZED,records/history/archive/H0333_C28_CATALOG_NOTE_HISTORICAL.md,HISTORY,LEGACY_CAMPAIGN_OR_NAVIGATION_MOVED_TO_HISTORY,records/history/original_sources/LS-WS-0576.md,RETAINED_UNSPLIT_OR_BUNDLE_SOURCE,NOT_APPLICABLE,
LS-WS-0577,C01,system/policies/weekly_swing/_refs/WS_DOWNSIDE_STABILITY_C01_CALIBRATION_NOTE.md,E39F8F3C54A5345A6841CCEF33994F856C9D9097,21154,456,md,READ_OK,RESEARCH,EVIDENCE;FINDING;IMPLEMENTATION;RESEARCH;STRATEGY,YES,MATERIAL_MULTI_ROLE,development/research/WS_DOWNSIDE_STABILITY_C01_CALIBRATION_NOTE.md,MANIFEST_CHAIN,RESEARCH,FULLY_SPLIT_SOURCE_REMOVED,,MULTI_ROLE_SPLIT,FULL_100_PERCENT_ROLE_SPLIT; COMPOSITE_SOURCE_REMOVED; USE_LX_EXTRACTS_AND_SPLIT_CATALOG,,REMOVED_AFTER_FULL_SPLIT,FULL_100_PERCENT_SEALED,EFDB6887873246ACAF0380098FA0EAA76251259A
LS-WS-0578,C02,system/policies/weekly_swing/_refs/WS_DOWNSIDE_STABILITY_C02_DESIGN_NOTE.md,54B0E51400DDE1405088ACBE28573AC843179238,7934,213,md,READ_OK,RESEARCH,DECISION;EVIDENCE;IMPLEMENTATION;RESEARCH,YES,MATERIAL_MULTI_ROLE,development/research/WS_DOWNSIDE_STABILITY_C02_DESIGN_NOTE.md,EXACT_SHA,RESEARCH,FULLY_SPLIT_SOURCE_REMOVED,,MULTI_ROLE_SPLIT,FULL_100_PERCENT_ROLE_SPLIT; COMPOSITE_SOURCE_REMOVED; USE_LX_EXTRACTS_AND_SPLIT_CATALOG,,REMOVED_AFTER_FULL_SPLIT,FULL_100_PERCENT_SEALED,D55D5360E43969DAD516B8C93BFDE76F16A7DEC1
LS-WS-0579,C03,system/policies/weekly_swing/_refs/WS_DOWNSIDE_STABILITY_C03_DESIGN_NOTE.md,7F6E342C0FCC0F1187A473B46937B765B3A2DE04,7806,164,md,READ_OK,RESEARCH,EVIDENCE;IMPLEMENTATION;RESEARCH,YES,MATERIAL_MULTI_ROLE,development/research/WS_DOWNSIDE_STABILITY_C03_DESIGN_NOTE.md,MANIFEST_CHAIN,RESEARCH,FULLY_SPLIT_SOURCE_REMOVED,,MULTI_ROLE_SPLIT,FULL_100_PERCENT_ROLE_SPLIT; COMPOSITE_SOURCE_REMOVED; USE_LX_EXTRACTS_AND_SPLIT_CATALOG,,REMOVED_AFTER_FULL_SPLIT,FULL_100_PERCENT_SEALED,7782D332306ABCDBE0C13A3BC2278C41C8AA9C24
LS-WS-0580,C04,system/policies/weekly_swing/_refs/WS_DOWNSIDE_STABILITY_C04_DESIGN_INPUT_NOTE.md,7E946AEFB2AD9838480D4BA9AB85104999A9AC43,4582,138,md,READ_OK,RESEARCH,EVIDENCE;IMPLEMENTATION;RESEARCH,YES,MATERIAL_MULTI_ROLE,development/research/WS_DOWNSIDE_STABILITY_C04_DESIGN_INPUT_NOTE.md,EXACT_SHA,RESEARCH,FULLY_SPLIT_SOURCE_REMOVED,,MULTI_ROLE_SPLIT,FULL_100_PERCENT_ROLE_SPLIT; COMPOSITE_SOURCE_REMOVED; USE_LX_EXTRACTS_AND_SPLIT_CATALOG,,REMOVED_AFTER_FULL_SPLIT,FULL_100_PERCENT_SEALED,03E8D2D28215DB62DD79A8AC0355A11D105335D4
LS-WS-0581,C04,system/policies/weekly_swing/_refs/WS_DOWNSIDE_STABILITY_C04_DESIGN_NOTE.md,4F1E39A52C66B5CA1CA2358906968AB0F7659C58,5430,195,md,READ_OK,RESEARCH,DECISION;EVIDENCE;FINDING;RESEARCH;STRATEGY,YES,MATERIAL_MULTI_ROLE,development/research/WS_DOWNSIDE_STABILITY_C04_DESIGN_NOTE.md,EXACT_SHA,RESEARCH,FULLY_SPLIT_SOURCE_REMOVED,,MULTI_ROLE_SPLIT,FULL_100_PERCENT_ROLE_SPLIT; COMPOSITE_SOURCE_REMOVED; USE_LX_EXTRACTS_AND_SPLIT_CATALOG,,REMOVED_AFTER_FULL_SPLIT,FULL_100_PERCENT_SEALED,174F36C3A9EAADD5C14E04D388F3B7E94E1323B3
LS-WS-0582,C05,system/policies/weekly_swing/_refs/WS_DOWNSIDE_STABILITY_C05_DESIGN_NOTE.md,BB1AE68E3C1198771210232ED384F638298EF546,2990,130,md,READ_OK,RESEARCH,DECISION;FINDING;RESEARCH,YES,MATERIAL_MULTI_ROLE,development/research/WS_DOWNSIDE_STABILITY_C05_DESIGN_NOTE.md,EXACT_SHA,RESEARCH,FULLY_SPLIT_SOURCE_REMOVED,,MULTI_ROLE_SPLIT,FULL_100_PERCENT_ROLE_SPLIT; COMPOSITE_SOURCE_REMOVED; USE_LX_EXTRACTS_AND_SPLIT_CATALOG,,REMOVED_AFTER_FULL_SPLIT,FULL_100_PERCENT_SEALED,E91D80C6F7DCA4D28F942F7EBC1A3507E26BFCEC
LS-WS-0583,C06,system/policies/weekly_swing/_refs/WS_DOWNSIDE_STABILITY_C06_DESIGN_NOTE.md,E9C3532AAC70B5B72FF7553A0773FBA448EBE864,2427,64,md,READ_OK,RESEARCH,EVIDENCE;RESEARCH,YES,MATERIAL_MULTI_ROLE,development/research/WS_DOWNSIDE_STABILITY_C06_DESIGN_NOTE.md,EXACT_SHA,RESEARCH,FULLY_SPLIT_SOURCE_REMOVED,,MULTI_ROLE_SPLIT,FULL_100_PERCENT_ROLE_SPLIT; COMPOSITE_SOURCE_REMOVED; USE_LX_EXTRACTS_AND_SPLIT_CATALOG,,REMOVED_AFTER_FULL_SPLIT,FULL_100_PERCENT_SEALED,B89A289E762A9CF434B7ABD5F1AB7FC107898DF1
LS-WS-0584,C07,system/policies/weekly_swing/_refs/WS_DOWNSIDE_STABILITY_C07_DESIGN_NOTE.md,41C82B1F06FDF88FD30569650EBA36C775D30F3A,13811,343,md,READ_OK,RESEARCH,EVIDENCE;FINDING;RESEARCH;STRATEGY,YES,MATERIAL_MULTI_ROLE,development/research/WS_DOWNSIDE_STABILITY_C07_DESIGN_NOTE.md,EXACT_SHA,RESEARCH,FULLY_SPLIT_SOURCE_REMOVED,,MULTI_ROLE_SPLIT,FULL_100_PERCENT_ROLE_SPLIT; COMPOSITE_SOURCE_REMOVED; USE_LX_EXTRACTS_AND_SPLIT_CATALOG,,REMOVED_AFTER_FULL_SPLIT,FULL_100_PERCENT_SEALED,CB44241CF15C20DCFE66D1252CCF1390D8D0B4D3
LS-WS-0585,C14,system/policies/weekly_swing/_refs/WS_DOWNSIDE_STABILITY_C14_DESIGN_NOTE.md,6E0FF29EF38557D09D31244D9DFA2EE9EE8E5F4E,3671,135,md,READ_OK,RESEARCH,EVIDENCE;FINDING;RESEARCH,YES,MATERIAL_MULTI_ROLE,development/research/WS_DOWNSIDE_STABILITY_C14_DESIGN_NOTE.md,EXACT_SHA,RESEARCH,FULLY_SPLIT_SOURCE_REMOVED,,MULTI_ROLE_SPLIT,FULL_100_PERCENT_ROLE_SPLIT; COMPOSITE_SOURCE_REMOVED; USE_LX_EXTRACTS_AND_SPLIT_CATALOG,,REMOVED_AFTER_FULL_SPLIT,FULL_100_PERCENT_SEALED,D62355CFAB5D1E867B501EE0FEAFD935CAF79C0C
LS-WS-0586,C16,system/policies/weekly_swing/_refs/WS_DOWNSIDE_STABILITY_C16_DESIGN_NOTE.md,501623619FADF1885A0D1E58CC66F82FD1BA32CE,3356,104,md,READ_OK,RESEARCH,EVIDENCE;RESEARCH,YES,MATERIAL_MULTI_ROLE,development/research/WS_DOWNSIDE_STABILITY_C16_DESIGN_NOTE.md,EXACT_SHA,RESEARCH,FULLY_SPLIT_SOURCE_REMOVED,,MULTI_ROLE_SPLIT,FULL_100_PERCENT_ROLE_SPLIT; COMPOSITE_SOURCE_REMOVED; USE_LX_EXTRACTS_AND_SPLIT_CATALOG,,REMOVED_AFTER_FULL_SPLIT,FULL_100_PERCENT_SEALED,6F2BC399FD1313A9EE9234383B19E45CE761436C
LS-WS-0587,C17,system/policies/weekly_swing/_refs/WS_DOWNSIDE_STABILITY_C17_DESIGN_NOTE.md,F55B1BAA7ADC9FF0FDF1C1D928167F82AD415458,2954,94,md,READ_OK,RESEARCH,EVIDENCE;RESEARCH,YES,ONE_DOCUMENT_ONE_AUTHORITATIVE_ROLE_MULTI_ROLE_SOURCE,development/research/WS_DOWNSIDE_STABILITY_C17_DESIGN_NOTE.md,EXACT_SHA,RESEARCH,FULLY_SPLIT_SOURCE_REMOVED,,,"LEGACY_MULTI_ROLE_SOURCE_FULLY_DECOMPOSED; ROLE_EXTRACTS=LX-WS-0587-EVD-01,LX-WS-0587-RES-02,LX-WS-0587-CTX-03",,REMOVED_AFTER_FULL_SPLIT,FULL_100_PERCENT_SEALED,6BFCBEAFE28CE4666A62BE886F39B9BBFB25F755
LS-WS-0588,C18,system/policies/weekly_swing/_refs/WS_DOWNSIDE_STABILITY_C18_DESIGN_NOTE.md,A44E29E902E9EF7D5E88A7967D6FDD1AA5FABD4F,4945,181,md,READ_OK,RESEARCH,EVIDENCE;FINDING;RESEARCH,YES,MATERIAL_MULTI_ROLE,development/research/WS_DOWNSIDE_STABILITY_C18_DESIGN_NOTE.md,EXACT_SHA,RESEARCH,FULLY_SPLIT_SOURCE_REMOVED,,MULTI_ROLE_SPLIT,FULL_100_PERCENT_ROLE_SPLIT; COMPOSITE_SOURCE_REMOVED; USE_LX_EXTRACTS_AND_SPLIT_CATALOG,,REMOVED_AFTER_FULL_SPLIT,FULL_100_PERCENT_SEALED,68E5F1DDB57DE67420DCD09CE78E210BC5C1004B
LS-WS-0589,C21,system/policies/weekly_swing/_refs/WS_ENTRY_EXIT_BEHAVIOR_C21_DESIGN_NOTE.md,57ABAFB13DF92C4C2C3FAF218EC60C54BD932B64,3917,135,md,READ_OK,RESEARCH,EVIDENCE;FINDING;RESEARCH,YES,MATERIAL_MULTI_ROLE,development/research/WS_ENTRY_EXIT_BEHAVIOR_C21_DESIGN_NOTE.md,EXACT_SHA,RESEARCH,FULLY_SPLIT_SOURCE_REMOVED,,MULTI_ROLE_SPLIT,FULL_100_PERCENT_ROLE_SPLIT; COMPOSITE_SOURCE_REMOVED; USE_LX_EXTRACTS_AND_SPLIT_CATALOG,,REMOVED_AFTER_FULL_SPLIT,FULL_100_PERCENT_SEALED,753048BF594B52EE47C2B9D223904BE866E716A3
LS-WS-0590,C22,system/policies/weekly_swing/_refs/WS_EXIT_CAPTURE_SHADOW_C22_DESIGN_NOTE.md,4FC322AFE26B3CAA0573219573226E04E55AFCCE,4735,176,md,READ_OK,RESEARCH,EVIDENCE;RESEARCH,YES,MATERIAL_MULTI_ROLE,development/research/WS_EXIT_CAPTURE_SHADOW_C22_DESIGN_NOTE.md,EXACT_SHA,RESEARCH,FULLY_SPLIT_SOURCE_REMOVED,,MULTI_ROLE_SPLIT,FULL_100_PERCENT_ROLE_SPLIT; COMPOSITE_SOURCE_REMOVED; USE_LX_EXTRACTS_AND_SPLIT_CATALOG,,REMOVED_AFTER_FULL_SPLIT,FULL_100_PERCENT_SEALED,C85ED04A76C9554265FB061865A6D164120BF732
LS-WS-0591,,system/policies/weekly_swing/_refs/WS_FAILURE_BEHAVIOR_MATRIX.md,076F9C9485FD3168D9770AFC485F04FC7E367DF6,1637,39,md,READ_OK,IMPLEMENTATION,IMPLEMENTATION,NO,PRIMARY_ROLE_ONLY,development/implementation/guides/WS_FAILURE_BEHAVIOR_MATRIX.md,EXACT_SHA,IMPLEMENTATION,NORMALIZED,development/implementation/guides/WS_FAILURE_BEHAVIOR_MATRIX.md,IMPLEMENTATION,PRIMARY_ROLE_PLACEMENT_RETAINED,records/history/original_sources/LS-WS-0591.md,RETAINED_UNSPLIT_OR_BUNDLE_SOURCE,NOT_APPLICABLE,
LS-WS-0592,C23,system/policies/weekly_swing/_refs/WS_FIRST_PROFIT_CAPTURE_RULE_C23_DESIGN_NOTE.md,E5DEE2F949285226434B09EEAC841BF9A90327A5,3897,123,md,READ_OK,RESEARCH,FINDING;IMPLEMENTATION;RESEARCH,YES,MATERIAL_MULTI_ROLE,development/research/WS_FIRST_PROFIT_CAPTURE_RULE_C23_DESIGN_NOTE.md,EXACT_SHA,RESEARCH,FULLY_SPLIT_SOURCE_REMOVED,,MULTI_ROLE_SPLIT,FULL_100_PERCENT_ROLE_SPLIT; COMPOSITE_SOURCE_REMOVED; USE_LX_EXTRACTS_AND_SPLIT_CATALOG,,REMOVED_AFTER_FULL_SPLIT,FULL_100_PERCENT_SEALED,B9D72CCE7F24CDE7F2C1D5C31361E97BC95095E3
LS-WS-0593,,system/policies/weekly_swing/_refs/WS_FIXTURE_INVENTORY.md,D86ACF8FD33B240FB1897A37187A82B463A43CD7,9329,149,md,READ_OK,IMPLEMENTATION,IMPLEMENTATION,NO,PRIMARY_ROLE_ONLY,development/implementation/guides/WS_FIXTURE_INVENTORY.md,MANIFEST_CHAIN,IMPLEMENTATION,NORMALIZED,development/implementation/guides/WS_FIXTURE_INVENTORY.md,IMPLEMENTATION,PRIMARY_ROLE_PLACEMENT_RETAINED,records/history/original_sources/LS-WS-0593.md,RETAINED_UNSPLIT_OR_BUNDLE_SOURCE,NOT_APPLICABLE,
LS-WS-0594,,system/policies/weekly_swing/_refs/WS_GLOSSARY_REFERENCE.md,AB1A0DC7F7BCED9DD54C090C960A8762059457BB,5847,171,md,READ_OK,IMPLEMENTATION,IMPLEMENTATION,NO,PRIMARY_ROLE_ONLY,development/implementation/guides/WS_GLOSSARY_REFERENCE.md,MANIFEST_CHAIN,IMPLEMENTATION,NORMALIZED,development/implementation/guides/WS_GLOSSARY_REFERENCE.md,IMPLEMENTATION,PRIMARY_ROLE_PLACEMENT_RETAINED,records/history/original_sources/LS-WS-0594.md,RETAINED_UNSPLIT_OR_BUNDLE_SOURCE,NOT_APPLICABLE,
LS-WS-0595,,system/policies/weekly_swing/_refs/WS_MANUAL_INPUT_TEMPLATE.md,FAF371FC9BB5F44D794473012619E742CFF53809,6237,127,md,READ_OK,IMPLEMENTATION,IMPLEMENTATION,NO,PRIMARY_ROLE_ONLY,development/implementation/guides/WS_MANUAL_INPUT_TEMPLATE.md,EXACT_SHA,IMPLEMENTATION,NORMALIZED,development/implementation/guides/WS_MANUAL_INPUT_TEMPLATE.md,IMPLEMENTATION,PRIMARY_ROLE_PLACEMENT_RETAINED,records/history/original_sources/LS-WS-0595.md,RETAINED_UNSPLIT_OR_BUNDLE_SOURCE,NOT_APPLICABLE,
LS-WS-0596,R01,system/policies/weekly_swing/_refs/WS_NEW_STRATEGY_R01_RESEARCH_HYPOTHESIS_NOTE.md,CEDFD7E7ED1BB69CAB6FCC75039347377AD354A9,2901,92,md,READ_OK,RESEARCH,FINDING;RESEARCH,YES,MATERIAL_MULTI_ROLE,development/research/WS_NEW_STRATEGY_R01_RESEARCH_HYPOTHESIS_NOTE.md,EXACT_SHA,RESEARCH,FULLY_SPLIT_SOURCE_REMOVED,,MULTI_ROLE_SPLIT,FULL_100_PERCENT_ROLE_SPLIT; COMPOSITE_SOURCE_REMOVED; USE_LX_EXTRACTS_AND_SPLIT_CATALOG,,REMOVED_AFTER_FULL_SPLIT,FULL_100_PERCENT_SEALED,CA42AEDB439D84B163D5BDCA5FA415AB5280DCE5
LS-WS-0597,R02,system/policies/weekly_swing/_refs/WS_NEW_STRATEGY_R02_CANDIDATE_LOCK.md,76D66C3F5608BC32801ADD2A7D2D29BCE75897B3,3613,116,md,READ_OK,IMPLEMENTATION,IMPLEMENTATION;RESEARCH,YES,MATERIAL_MULTI_ROLE,development/research/WS_NEW_STRATEGY_R02_CANDIDATE_LOCK.md,EXACT_SHA,RESEARCH,FULLY_SPLIT_SOURCE_REMOVED,,MULTI_ROLE_SPLIT,FULL_100_PERCENT_ROLE_SPLIT; COMPOSITE_SOURCE_REMOVED; USE_LX_EXTRACTS_AND_SPLIT_CATALOG,,REMOVED_AFTER_FULL_SPLIT,FULL_100_PERCENT_SEALED,53D90EBC7CD0A86C472B2547EED11B5EFA06B90A
LS-WS-0598,C25,system/policies/weekly_swing/_refs/WS_NO_SIGNAL_FALLBACK_DELAY_C25_DESIGN_NOTE.md,A5CE29888B9855F01B3AD2FEFB93094ADF8220EC,4435,119,md,READ_OK,RESEARCH,FINDING;RESEARCH,YES,MATERIAL_MULTI_ROLE,development/research/WS_NO_SIGNAL_FALLBACK_DELAY_C25_DESIGN_NOTE.md,EXACT_SHA,RESEARCH,FULLY_SPLIT_SOURCE_REMOVED,,MULTI_ROLE_SPLIT,FULL_100_PERCENT_ROLE_SPLIT; COMPOSITE_SOURCE_REMOVED; USE_LX_EXTRACTS_AND_SPLIT_CATALOG,,REMOVED_AFTER_FULL_SPLIT,FULL_100_PERCENT_SEALED,6546996878435A783AC2033B2446C62563BA5EA3
LS-WS-0599,,system/policies/weekly_swing/_refs/WS_OOS_EVIDENCE_NOTE.md,E12BDDE877F4265B40D5F882129F73A932CC91A4,5915,118,md,READ_OK,EVIDENCE,EVIDENCE,NO,PRIMARY_ROLE_ONLY,records/evidence/WS_OOS_EVIDENCE_NOTE.md,EXACT_SHA,EVIDENCE,NORMALIZED,records/evidence/WS_OOS_EVIDENCE_NOTE.md,EVIDENCE,PRIMARY_ROLE_PLACEMENT_RETAINED,records/history/original_sources/LS-WS-0599.md,RETAINED_UNSPLIT_OR_BUNDLE_SOURCE,NOT_APPLICABLE,
LS-WS-0600,,system/policies/weekly_swing/_refs/WS_PARAMETER_COVERAGE_MATRIX.md,1C18FBD0DED5BC785C7CA0ABAB42386D94C91107,3732,44,md,READ_OK,IMPLEMENTATION,IMPLEMENTATION,NO,PRIMARY_ROLE_ONLY,development/implementation/guides/WS_PARAMETER_COVERAGE_MATRIX.md,MANIFEST_CHAIN,IMPLEMENTATION,NORMALIZED,development/implementation/guides/WS_PARAMETER_COVERAGE_MATRIX.md,IMPLEMENTATION,PRIMARY_ROLE_PLACEMENT_RETAINED,records/history/original_sources/LS-WS-0600.md,RETAINED_UNSPLIT_OR_BUNDLE_SOURCE,NOT_APPLICABLE,
LS-WS-0601,P01,system/policies/weekly_swing/_refs/WS_PRICE_QUALITY_P01_IDENTITY_REPAIR_LOCK.md,7697FEB71A73B09D78201FA8524D15CD2A6A84A3,1649,44,md,READ_OK,IMPLEMENTATION,IMPLEMENTATION,NO,PRIMARY_ROLE_ONLY,development/research/WS_PRICE_QUALITY_P01_IDENTITY_REPAIR_LOCK.md,EXACT_SHA,RESEARCH,NORMALIZED,records/history/archive/H0250_WS_PRICE_QUALITY_P01_IDENTITY_REPAIR_LOCK_HISTORICAL.md,HISTORY,LEGACY_ACTIVE_CAMPAIGN_MOVED_TO_HISTORY,records/history/original_sources/LS-WS-0601.md,RETAINED_UNSPLIT_OR_BUNDLE_SOURCE,NOT_APPLICABLE,
LS-WS-0602,P01,system/policies/weekly_swing/_refs/WS_PRICE_QUALITY_P01_PREREGISTRATION_LOCK.md,D09E354F4A3A8C86D37F9C0B2708B0CF80388A12,2899,97,md,READ_OK,RESEARCH,CONTEXT;DECISION;FINDING;RESEARCH,YES,MATERIAL_MULTI_ROLE,development/research/WS_PRICE_QUALITY_P01_PREREGISTRATION_LOCK.md,EXACT_SHA,RESEARCH,FULLY_SPLIT_SOURCE_REMOVED,,MULTI_ROLE_SPLIT,FULL_100_PERCENT_ROLE_SPLIT; COMPOSITE_SOURCE_REMOVED; USE_LX_EXTRACTS_AND_SPLIT_CATALOG,,REMOVED_AFTER_FULL_SPLIT,FULL_100_PERCENT_SEALED,F726082BF6D843C9B7E3EB9058D5E5B94D949349
LS-WS-0603,P01,system/policies/weekly_swing/_refs/WS_PRICE_QUALITY_P01_REMEDIATION_LOCK.md,F14B46704D9B720A53AA3EEE6C046E29F862F084,2399,78,md,READ_OK,RESEARCH,EVIDENCE;RESEARCH,YES,MATERIAL_MULTI_ROLE,development/research/WS_PRICE_QUALITY_P01_REMEDIATION_LOCK.md,EXACT_SHA,RESEARCH,FULLY_SPLIT_SOURCE_REMOVED,,MULTI_ROLE_SPLIT,FULL_100_PERCENT_ROLE_SPLIT; COMPOSITE_SOURCE_REMOVED; USE_LX_EXTRACTS_AND_SPLIT_CATALOG,,REMOVED_AFTER_FULL_SPLIT,FULL_100_PERCENT_SEALED,1F5AB606623C7304A34A04617966D7E962AEC406
LS-WS-0604,R2,system/policies/weekly_swing/_refs/WS_R2_ENTRY_QUALITY_CALIBRATION_NOTE.md,74783FDEA5FEA8C3F39255D52386E24E31018678,10498,245,md,READ_OK,RESEARCH,EVIDENCE;IMPLEMENTATION;RESEARCH;STRATEGY,YES,MATERIAL_MULTI_ROLE,development/research/R2_ENTRY_QUALITY_CALIBRATION_NOTE.md,EXACT_SHA,RESEARCH,FULLY_SPLIT_SOURCE_REMOVED,,MULTI_ROLE_SPLIT,FULL_100_PERCENT_ROLE_SPLIT; COMPOSITE_SOURCE_REMOVED; USE_LX_EXTRACTS_AND_SPLIT_CATALOG,,REMOVED_AFTER_FULL_SPLIT,FULL_100_PERCENT_SEALED,D1A35C06BE5ABCF3D7A9584DCEAB2B98D227822E
LS-WS-0605,C20,system/policies/weekly_swing/_refs/WS_REGIME_TRADE_DATE_QUALITY_GATE_C20_DESIGN_NOTE.md,7961208135082533464F0981DB8C79F785069729,3020,124,md,READ_OK,RESEARCH,EVIDENCE;FINDING;RESEARCH,YES,MATERIAL_MULTI_ROLE,development/research/WS_REGIME_TRADE_DATE_QUALITY_GATE_C20_DESIGN_NOTE.md,EXACT_SHA,RESEARCH,FULLY_SPLIT_SOURCE_REMOVED,,MULTI_ROLE_SPLIT,FULL_100_PERCENT_ROLE_SPLIT; COMPOSITE_SOURCE_REMOVED; USE_LX_EXTRACTS_AND_SPLIT_CATALOG,,REMOVED_AFTER_FULL_SPLIT,FULL_100_PERCENT_SEALED,7EB6BDB3E9B411F38D4A05381123E4C8BDA03689
LS-WS-0606,,system/policies/weekly_swing/_refs/WS_RUNTIME_OUTPUT_EXAMPLES.md,FF8CE60848DE154FACF33C8A9D47EE90B468A13A,4779,108,md,READ_OK,IMPLEMENTATION,IMPLEMENTATION,NO,PRIMARY_ROLE_ONLY,development/implementation/guides/WS_RUNTIME_OUTPUT_EXAMPLES.md,MANIFEST_CHAIN,IMPLEMENTATION,NORMALIZED,development/implementation/guides/WS_RUNTIME_OUTPUT_EXAMPLES.md,IMPLEMENTATION,PRIMARY_ROLE_PLACEMENT_RETAINED,records/history/original_sources/LS-WS-0606.md,RETAINED_UNSPLIT_OR_BUNDLE_SOURCE,NOT_APPLICABLE,
LS-WS-0607,C19,system/policies/weekly_swing/_refs/WS_SELECTION_MODEL_REDESIGN_C19_DESIGN_NOTE.md,EF394E8ED171D21EB2CF9E40F9AC901344D0BAD5,8483,274,md,READ_OK,RESEARCH,FINDING;RESEARCH,YES,MATERIAL_MULTI_ROLE,development/research/WS_SELECTION_MODEL_REDESIGN_C19_DESIGN_NOTE.md,EXACT_SHA,RESEARCH,FULLY_SPLIT_SOURCE_REMOVED,,MULTI_ROLE_SPLIT,FULL_100_PERCENT_ROLE_SPLIT; COMPOSITE_SOURCE_REMOVED; USE_LX_EXTRACTS_AND_SPLIT_CATALOG,,REMOVED_AFTER_FULL_SPLIT,FULL_100_PERCENT_SEALED,3F198E50908406F73CD8FF866F2A0E3ADF50FAE3
LS-WS-0608,Q01,system/policies/weekly_swing/_refs/WS_SIGNAL_QUALITY_Q01_PREREGISTRATION_LOCK.md,89771DC99356635DC5DEA3F4F00A095DAB509D77,1430,43,md,READ_OK,RESEARCH,RESEARCH,NO,PRIMARY_ROLE_ONLY,development/research/WS_SIGNAL_QUALITY_Q01_PREREGISTRATION_LOCK.md,EXACT_SHA,RESEARCH,NORMALIZED,records/history/archive/H0255_WS_SIGNAL_QUALITY_Q01_PREREGISTRATION_LOCK_HISTORICAL.md,HISTORY,LEGACY_ACTIVE_CAMPAIGN_MOVED_TO_HISTORY,records/history/original_sources/LS-WS-0608.md,RETAINED_UNSPLIT_OR_BUNDLE_SOURCE,NOT_APPLICABLE,
LS-WS-0609,S01,system/policies/weekly_swing/_refs/WS_TAIL_RISK_S01_CANDIDATE_AND_REMEDIATION_LOCK.md,7DBAD59729BDBA9BA9409A8F9E2AE98298AA415E,3391,118,md,READ_OK,RESEARCH,RESEARCH,NO,PRIMARY_ROLE_ONLY,development/research/WS_TAIL_RISK_S01_CANDIDATE_AND_REMEDIATION_LOCK.md,EXACT_SHA,RESEARCH,NORMALIZED,records/history/archive/H0293_WS_TAIL_RISK_S01_CANDIDATE_AND_REMEDIATION_LOCK_HISTORICAL.md,HISTORY,LEGACY_ACTIVE_CAMPAIGN_MOVED_TO_HISTORY,records/history/original_sources/LS-WS-0609.md,RETAINED_UNSPLIT_OR_BUNDLE_SOURCE,NOT_APPLICABLE,
LS-WS-0610,,system/policies/weekly_swing/_refs/WS_WORKED_EXAMPLE_E2E.md,96650E2ECD48E9876543CE2803DF9F3225C662EC,6339,186,md,READ_OK,IMPLEMENTATION,IMPLEMENTATION,NO,PRIMARY_ROLE_ONLY,development/implementation/guides/WS_WORKED_EXAMPLE_E2E.md,MANIFEST_CHAIN,IMPLEMENTATION,NORMALIZED,development/implementation/guides/WS_WORKED_EXAMPLE_E2E.md,IMPLEMENTATION,PRIMARY_ROLE_PLACEMENT_RETAINED,records/history/original_sources/LS-WS-0610.md,RETAINED_UNSPLIT_OR_BUNDLE_SOURCE,NOT_APPLICABLE,
LS-WS-0611,,system/policies/weekly_swing/db/BACKTEST_OOS_RUNTIME_GAP_CLOSURE.sql,FAB8820BE2E1FE3D3DC41E78BDB1300EF45DA5F5,2719,80,sql,SQL_READ_OK,IMPLEMENTATION,IMPLEMENTATION,NO,NOT_MARKDOWN,development/implementation/db/BACKTEST_OOS_RUNTIME_GAP_CLOSURE.sql,EXACT_SHA,IMPLEMENTATION,NORMALIZED,development/implementation/db/BACKTEST_OOS_RUNTIME_GAP_CLOSURE.sql,IMPLEMENTATION,PRIMARY_ROLE_PLACEMENT_RETAINED,records/history/original_sources/LS-WS-0611.sql,RETAINED_UNSPLIT_OR_BUNDLE_SOURCE,NOT_APPLICABLE,
LS-WS-0612,,system/policies/weekly_swing/db/BACKTEST_OOS_RUNTIME_VERIFY.sql,44A0124B5AC3D38FA128C7106F91B93E76500FA6,1743,86,sql,SQL_READ_OK,IMPLEMENTATION,IMPLEMENTATION,NO,NOT_MARKDOWN,development/implementation/db/BACKTEST_OOS_RUNTIME_VERIFY.sql,EXACT_SHA,IMPLEMENTATION,NORMALIZED,development/implementation/db/BACKTEST_OOS_RUNTIME_VERIFY.sql,IMPLEMENTATION,PRIMARY_ROLE_PLACEMENT_RETAINED,records/history/original_sources/LS-WS-0612.sql,RETAINED_UNSPLIT_OR_BUNDLE_SOURCE,NOT_APPLICABLE,
LS-WS-0613,,system/policies/weekly_swing/db/BACKTEST_PARAM_GRID_SEED.sql,A8BFAE91584A89BD7C7FB368D718241560301670,31721,1747,sql,SQL_READ_OK,IMPLEMENTATION,IMPLEMENTATION,NO,NOT_MARKDOWN,development/implementation/db/BACKTEST_PARAM_GRID_SEED.sql,EXACT_SHA,IMPLEMENTATION,NORMALIZED,development/implementation/db/BACKTEST_PARAM_GRID_SEED.sql,IMPLEMENTATION,PRIMARY_ROLE_PLACEMENT_RETAINED,records/history/original_sources/LS-WS-0613.sql,RETAINED_UNSPLIT_OR_BUNDLE_SOURCE,NOT_APPLICABLE,
LS-WS-0614,,system/policies/weekly_swing/db/BACKTEST_SCHEMA_DDL.sql,68D3FBE75D2800F253C50EEBAFB395380F024C4E,11399,277,sql,SQL_READ_OK,IMPLEMENTATION,IMPLEMENTATION,NO,NOT_MARKDOWN,development/implementation/db/BACKTEST_SCHEMA_DDL.sql,MANIFEST_CHAIN,IMPLEMENTATION,NORMALIZED,development/implementation/db/BACKTEST_SCHEMA_DDL.sql,IMPLEMENTATION,PRIMARY_ROLE_PLACEMENT_RETAINED,records/history/original_sources/LS-WS-0614.sql,RETAINED_UNSPLIT_OR_BUNDLE_SOURCE,NOT_APPLICABLE,
LS-WS-0615,,system/policies/weekly_swing/db/PARAMSET_WS_ACTIVE_EXAMPLE.json,394D4C4013D81B124DCF43886C534E321603A018,16003,586,json,JSON_OK,IMPLEMENTATION,IMPLEMENTATION,NO,NOT_MARKDOWN,development/implementation/db/PARAMSET_WS_ACTIVE_EXAMPLE.json,EXACT_SHA,IMPLEMENTATION,NORMALIZED,development/implementation/db/PARAMSET_WS_ACTIVE_EXAMPLE.json,IMPLEMENTATION,PRIMARY_ROLE_PLACEMENT_RETAINED,records/history/original_sources/LS-WS-0615.json,RETAINED_UNSPLIT_OR_BUNDLE_SOURCE,NOT_APPLICABLE,
LS-WS-0616,,system/policies/weekly_swing/db/PLAN_UNIVERSE_SNAPSHOT_SCHEMA.md,1C61799620FC3967E47CDD1D8C4BCE0D26912D5E,4606,107,md,READ_OK,IMPLEMENTATION,IMPLEMENTATION,NO,PRIMARY_ROLE_ONLY,development/implementation/db/PLAN_UNIVERSE_SNAPSHOT_SCHEMA.md,MANIFEST_CHAIN,IMPLEMENTATION,NORMALIZED,development/implementation/db/PLAN_UNIVERSE_SNAPSHOT_SCHEMA.md,IMPLEMENTATION,PRIMARY_ROLE_PLACEMENT_RETAINED,records/history/original_sources/LS-WS-0616.md,RETAINED_UNSPLIT_OR_BUNDLE_SOURCE,NOT_APPLICABLE,
LS-WS-0617,,system/policies/weekly_swing/db/PROMOTE_PARAMSET.sql,216862857C2AC81255E975F55CD3D4A2971A848E,3511,106,sql,SQL_READ_OK,IMPLEMENTATION,IMPLEMENTATION,NO,NOT_MARKDOWN,development/implementation/db/PROMOTE_PARAMSET.sql,MANIFEST_CHAIN,IMPLEMENTATION,NORMALIZED,development/implementation/db/PROMOTE_PARAMSET.sql,IMPLEMENTATION,PRIMARY_ROLE_PLACEMENT_RETAINED,records/history/original_sources/LS-WS-0617.sql,RETAINED_UNSPLIT_OR_BUNDLE_SOURCE,NOT_APPLICABLE,
LS-WS-0618,,system/policies/weekly_swing/db/README.md,712676135494D121EBE96D6D71DB75F235A78A7A,837,24,md,READ_OK,NAVIGATION,CONTEXT;IMPLEMENTATION,NO,BUNDLE_OR_NAVIGATION_EXCEPTION,records/history/archive/H0144_REORG_implementation__weekly_swing__db__README.md,EXACT_SHA,HISTORY,NORMALIZED,records/history/archive/H0144_REORG_implementation__weekly_swing__db__README.md,HISTORY,PRIMARY_ROLE_PLACEMENT_RETAINED,records/history/original_sources/LS-WS-0618.md,RETAINED_UNSPLIT_OR_BUNDLE_SOURCE,NOT_APPLICABLE,
LS-WS-0619,,system/policies/weekly_swing/db/REASON_CODES_SEED.sql,429C76A7A593DFAC1DBE1984DE998869E08E7651,21250,345,sql,SQL_READ_OK,IMPLEMENTATION,IMPLEMENTATION,NO,NOT_MARKDOWN,development/implementation/db/REASON_CODES_SEED.sql,MANIFEST_CHAIN,IMPLEMENTATION,NORMALIZED,development/implementation/db/REASON_CODES_SEED.sql,IMPLEMENTATION,PRIMARY_ROLE_PLACEMENT_RETAINED,records/history/original_sources/LS-WS-0619.sql,RETAINED_UNSPLIT_OR_BUNDLE_SOURCE,NOT_APPLICABLE,
LS-WS-0620,,system/policies/weekly_swing/db/RECOMMENDATION_RUNTIME_SCHEMA.md,D4DEA32694B274E9CC639BE8B0049F226D5C4D39,2389,47,md,READ_OK,IMPLEMENTATION,IMPLEMENTATION,NO,PRIMARY_ROLE_ONLY,development/implementation/db/RECOMMENDATION_RUNTIME_SCHEMA.md,EXACT_SHA,IMPLEMENTATION,NORMALIZED,development/implementation/db/RECOMMENDATION_RUNTIME_SCHEMA.md,IMPLEMENTATION,PRIMARY_ROLE_PLACEMENT_RETAINED,records/history/original_sources/LS-WS-0620.md,RETAINED_UNSPLIT_OR_BUNDLE_SOURCE,NOT_APPLICABLE,
LS-WS-0621,,system/policies/weekly_swing/examples/README.md,91D0E9511DB22D8253F94AD18F4484D874CC079A,1908,31,md,READ_OK,NAVIGATION,CONTEXT;EVIDENCE,NO,BUNDLE_OR_NAVIGATION_EXCEPTION,development/implementation/README.md,MANIFEST_CHAIN,IMPLEMENTATION,NORMALIZED,development/implementation/README.md,IMPLEMENTATION,PRIMARY_ROLE_PLACEMENT_RETAINED,records/history/original_sources/LS-WS-0621.md,RETAINED_UNSPLIT_OR_BUNDLE_SOURCE,NOT_APPLICABLE,
LS-WS-0622,,system/policies/weekly_swing/examples/WS_CONFIRM_OUTPUT_NON_RECOMMENDED_CANDIDATE.json,4B73FE0C6FD9DB7C5ED01F9F6EB5CC20951CD07F,500,21,json,JSON_OK,IMPLEMENTATION,IMPLEMENTATION,NO,NOT_MARKDOWN,records/history/archive/H0096_WS_CONFIRM_OUTPUT_NON_RECOMMENDED_CANDIDATE.json,EXACT_SHA,HISTORY,NORMALIZED,records/history/archive/H0096_WS_CONFIRM_OUTPUT_NON_RECOMMENDED_CANDIDATE.json,HISTORY,PRIMARY_ROLE_PLACEMENT_RETAINED,records/history/original_sources/LS-WS-0622.json,RETAINED_UNSPLIT_OR_BUNDLE_SOURCE,NOT_APPLICABLE,
LS-WS-0623,,system/policies/weekly_swing/examples/WS_CONFIRM_RUNTIME_OUTPUT_EXAMPLE_A.json,ACFF01666A023C765A7E166F3CADC7F1F63121B7,1930,87,json,JSON_OK,IMPLEMENTATION,IMPLEMENTATION,NO,NOT_MARKDOWN,development/implementation/examples/WS_CONFIRM_RUNTIME_OUTPUT_EXAMPLE_A.json,MANIFEST_CHAIN,IMPLEMENTATION,NORMALIZED,development/implementation/examples/WS_CONFIRM_RUNTIME_OUTPUT_EXAMPLE_A.json,IMPLEMENTATION,PRIMARY_ROLE_PLACEMENT_RETAINED,records/history/original_sources/LS-WS-0623.json,RETAINED_UNSPLIT_OR_BUNDLE_SOURCE,NOT_APPLICABLE,
LS-WS-0624,,system/policies/weekly_swing/examples/WS_PLAN_CONFIRM_RUNTIME_PAIR_EXAMPLE_A.json,938E27C37CDCF61CC9690AEF7AC87B7D70EB5B5E,489,10,json,JSON_OK,IMPLEMENTATION,IMPLEMENTATION,NO,NOT_MARKDOWN,records/history/archive/H0097_WS_PLAN_CONFIRM_RUNTIME_PAIR_EXAMPLE_A.json,EXACT_SHA,HISTORY,NORMALIZED,records/history/archive/H0097_WS_PLAN_CONFIRM_RUNTIME_PAIR_EXAMPLE_A.json,HISTORY,PRIMARY_ROLE_PLACEMENT_RETAINED,records/history/original_sources/LS-WS-0624.json,RETAINED_UNSPLIT_OR_BUNDLE_SOURCE,NOT_APPLICABLE,
LS-WS-0625,,system/policies/weekly_swing/examples/WS_PLAN_REC_CONFIRM_COMPOSITE_EXAMPLE.json,1A9621A7AAC1FA1659EE6E2405A2EEF9C7A32BE2,1265,37,json,JSON_OK,IMPLEMENTATION,IMPLEMENTATION,NO,NOT_MARKDOWN,development/implementation/examples/WS_PLAN_REC_CONFIRM_COMPOSITE_EXAMPLE.json,MANIFEST_CHAIN,IMPLEMENTATION,NORMALIZED,development/implementation/examples/WS_PLAN_REC_CONFIRM_COMPOSITE_EXAMPLE.json,IMPLEMENTATION,PRIMARY_ROLE_PLACEMENT_RETAINED,records/history/original_sources/LS-WS-0625.json,RETAINED_UNSPLIT_OR_BUNDLE_SOURCE,NOT_APPLICABLE,
LS-WS-0626,,system/policies/weekly_swing/examples/WS_PLAN_RECOMMENDATION_CONFIRM_TRIPLE_EXAMPLE_A.json,1531464F27D738889C4525C52B7CDDFEF78A58F3,333,2,json,JSON_OK,IMPLEMENTATION,IMPLEMENTATION,NO,NOT_MARKDOWN,development/implementation/examples/WS_PLAN_RECOMMENDATION_CONFIRM_TRIPLE_EXAMPLE_A.json,MANIFEST_CHAIN,IMPLEMENTATION,NORMALIZED,development/implementation/examples/WS_PLAN_RECOMMENDATION_CONFIRM_TRIPLE_EXAMPLE_A.json,IMPLEMENTATION,PRIMARY_ROLE_PLACEMENT_RETAINED,records/history/original_sources/LS-WS-0626.json,RETAINED_UNSPLIT_OR_BUNDLE_SOURCE,NOT_APPLICABLE,
LS-WS-0627,,system/policies/weekly_swing/examples/WS_PLAN_RECOMMENDATION_PAIR_EXAMPLE_A.json,10BC85BC17097810479A77EE92D05D929B271786,185,2,json,JSON_OK,IMPLEMENTATION,IMPLEMENTATION,NO,NOT_MARKDOWN,development/implementation/examples/WS_PLAN_RECOMMENDATION_PAIR_EXAMPLE_A.json,EXACT_SHA,IMPLEMENTATION,NORMALIZED,development/implementation/examples/WS_PLAN_RECOMMENDATION_PAIR_EXAMPLE_A.json,IMPLEMENTATION,PRIMARY_ROLE_PLACEMENT_RETAINED,records/history/original_sources/LS-WS-0627.json,RETAINED_UNSPLIT_OR_BUNDLE_SOURCE,NOT_APPLICABLE,
LS-WS-0628,,system/policies/weekly_swing/examples/WS_PLAN_RUNTIME_OUTPUT_EXAMPLE_A.json,2866BA0CAFF0B1D7B2540B8DEB8B63664E7AD5BC,4847,199,json,JSON_OK,IMPLEMENTATION,IMPLEMENTATION,NO,NOT_MARKDOWN,development/implementation/examples/WS_PLAN_RUNTIME_OUTPUT_EXAMPLE_A.json,EXACT_SHA,IMPLEMENTATION,NORMALIZED,development/implementation/examples/WS_PLAN_RUNTIME_OUTPUT_EXAMPLE_A.json,IMPLEMENTATION,PRIMARY_ROLE_PLACEMENT_RETAINED,records/history/original_sources/LS-WS-0628.json,RETAINED_UNSPLIT_OR_BUNDLE_SOURCE,NOT_APPLICABLE,
LS-WS-0629,,system/policies/weekly_swing/examples/WS_PLAN_RUNTIME_OUTPUT_EXAMPLE_NO_TRADE.json,4555AFBE688E4C3919639CF2B27A82C94824A5D7,1017,32,json,JSON_OK,IMPLEMENTATION,IMPLEMENTATION,NO,NOT_MARKDOWN,development/implementation/examples/WS_PLAN_RUNTIME_OUTPUT_EXAMPLE_NO_TRADE.json,EXACT_SHA,IMPLEMENTATION,NORMALIZED,development/implementation/examples/WS_PLAN_RUNTIME_OUTPUT_EXAMPLE_NO_TRADE.json,IMPLEMENTATION,PRIMARY_ROLE_PLACEMENT_RETAINED,records/history/original_sources/LS-WS-0629.json,RETAINED_UNSPLIT_OR_BUNDLE_SOURCE,NOT_APPLICABLE,
LS-WS-0630,,system/policies/weekly_swing/examples/WS_RECOMMENDATION_RUNTIME_OUTPUT_EMPTY.json,BCFEA7663B288F3483DA405196194F47179958A3,221,2,json,JSON_OK,IMPLEMENTATION,IMPLEMENTATION,NO,NOT_MARKDOWN,development/implementation/examples/WS_RECOMMENDATION_RUNTIME_OUTPUT_EMPTY.json,EXACT_SHA,IMPLEMENTATION,NORMALIZED,development/implementation/examples/WS_RECOMMENDATION_RUNTIME_OUTPUT_EMPTY.json,IMPLEMENTATION,PRIMARY_ROLE_PLACEMENT_RETAINED,records/history/original_sources/LS-WS-0630.json,RETAINED_UNSPLIT_OR_BUNDLE_SOURCE,NOT_APPLICABLE,
LS-WS-0631,,system/policies/weekly_swing/examples/WS_RECOMMENDATION_RUNTIME_OUTPUT_EMPTY_DETAILED.json,24AA805B6E952EFF03774B99C9FE8589920EA00E,1170,45,json,JSON_OK,IMPLEMENTATION,IMPLEMENTATION,NO,NOT_MARKDOWN,development/implementation/examples/WS_RECOMMENDATION_RUNTIME_OUTPUT_EMPTY_DETAILED.json,EXACT_SHA,IMPLEMENTATION,NORMALIZED,development/implementation/examples/WS_RECOMMENDATION_RUNTIME_OUTPUT_EMPTY_DETAILED.json,IMPLEMENTATION,PRIMARY_ROLE_PLACEMENT_RETAINED,records/history/original_sources/LS-WS-0631.json,RETAINED_UNSPLIT_OR_BUNDLE_SOURCE,NOT_APPLICABLE,
LS-WS-0632,,system/policies/weekly_swing/examples/WS_RECOMMENDATION_RUNTIME_OUTPUT_EXAMPLE_A.json,8A90D9072367A6D337450989C39C15FB3373C58D,439,2,json,JSON_OK,IMPLEMENTATION,IMPLEMENTATION,NO,NOT_MARKDOWN,development/implementation/examples/WS_RECOMMENDATION_RUNTIME_OUTPUT_EXAMPLE_A.json,EXACT_SHA,IMPLEMENTATION,NORMALIZED,development/implementation/examples/WS_RECOMMENDATION_RUNTIME_OUTPUT_EXAMPLE_A.json,IMPLEMENTATION,PRIMARY_ROLE_PLACEMENT_RETAINED,records/history/original_sources/LS-WS-0632.json,RETAINED_UNSPLIT_OR_BUNDLE_SOURCE,NOT_APPLICABLE,
LS-WS-0633,,system/policies/weekly_swing/examples/WS_RECOMMENDATION_RUNTIME_OUTPUT_EXAMPLE_B.json,0127795E1E40026AEDD743F6BF25E989F7A31978,1319,56,json,JSON_OK,IMPLEMENTATION,IMPLEMENTATION,NO,NOT_MARKDOWN,development/implementation/examples/WS_RECOMMENDATION_RUNTIME_OUTPUT_EXAMPLE_B.json,EXACT_SHA,IMPLEMENTATION,NORMALIZED,development/implementation/examples/WS_RECOMMENDATION_RUNTIME_OUTPUT_EXAMPLE_B.json,IMPLEMENTATION,PRIMARY_ROLE_PLACEMENT_RETAINED,records/history/original_sources/LS-WS-0633.json,RETAINED_UNSPLIT_OR_BUNDLE_SOURCE,NOT_APPLICABLE,
LS-WS-0634,,system/policies/weekly_swing/fixtures/artifact_reference_guard_minimal.json,94BCEC819566DCA2EEBD72403472A5981FDE6DD3,3659,135,json,JSON_OK,IMPLEMENTATION,IMPLEMENTATION,NO,NOT_MARKDOWN,development/implementation/tests/artifact_reference_guard_minimal.json,MANIFEST_CHAIN,IMPLEMENTATION,NORMALIZED,development/implementation/tests/artifact_reference_guard_minimal.json,IMPLEMENTATION,PRIMARY_ROLE_PLACEMENT_RETAINED,records/history/original_sources/LS-WS-0634.json,RETAINED_UNSPLIT_OR_BUNDLE_SOURCE,NOT_APPLICABLE,
LS-WS-0635,,system/policies/weekly_swing/fixtures/bt_coverage_guard_minimal.json,0D2025B18FBA293469669691351089C5EE063335,3638,134,json,JSON_OK,IMPLEMENTATION,IMPLEMENTATION,NO,NOT_MARKDOWN,development/implementation/tests/bt_coverage_guard_minimal.json,EXACT_SHA,IMPLEMENTATION,NORMALIZED,development/implementation/tests/bt_coverage_guard_minimal.json,IMPLEMENTATION,PRIMARY_ROLE_PLACEMENT_RETAINED,records/history/original_sources/LS-WS-0635.json,RETAINED_UNSPLIT_OR_BUNDLE_SOURCE,NOT_APPLICABLE,
LS-WS-0636,,system/policies/weekly_swing/fixtures/bt_eval_metrics_minimal.json,6CB72A848719B6826AE6345B6F52855C995CD182,2482,86,json,JSON_OK,IMPLEMENTATION,IMPLEMENTATION,NO,NOT_MARKDOWN,development/implementation/tests/bt_eval_metrics_minimal.json,MANIFEST_CHAIN,IMPLEMENTATION,NORMALIZED,development/implementation/tests/bt_eval_metrics_minimal.json,IMPLEMENTATION,PRIMARY_ROLE_PLACEMENT_RETAINED,records/history/original_sources/LS-WS-0636.json,RETAINED_UNSPLIT_OR_BUNDLE_SOURCE,NOT_APPLICABLE,
LS-WS-0637,,system/policies/weekly_swing/fixtures/bt_oos_proof_minimal.json,2BABB906D2765525ED998A89BA78684DE5B4D687,1996,45,json,JSON_OK,IMPLEMENTATION,IMPLEMENTATION,NO,NOT_MARKDOWN,development/implementation/tests/bt_oos_proof_minimal.json,EXACT_SHA,IMPLEMENTATION,NORMALIZED,development/implementation/tests/bt_oos_proof_minimal.json,IMPLEMENTATION,PRIMARY_ROLE_PLACEMENT_RETAINED,records/history/original_sources/LS-WS-0637.json,RETAINED_UNSPLIT_OR_BUNDLE_SOURCE,NOT_APPLICABLE,
LS-WS-0638,,system/policies/weekly_swing/fixtures/candidate_confirm_non_recommended.json,4478CA77746156EDFED6CBFA486167ED4FF5F776,209,8,json,JSON_OK,IMPLEMENTATION,IMPLEMENTATION,NO,NOT_MARKDOWN,records/history/archive/H0098_candidate_confirm_non_recommended.json,EXACT_SHA,HISTORY,NORMALIZED,records/history/archive/H0098_candidate_confirm_non_recommended.json,HISTORY,PRIMARY_ROLE_PLACEMENT_RETAINED,records/history/original_sources/LS-WS-0638.json,RETAINED_UNSPLIT_OR_BUNDLE_SOURCE,NOT_APPLICABLE,
LS-WS-0639,,system/policies/weekly_swing/fixtures/confirm_immutability_pair.json,A27ABBF77F5E193ED8846AE1AB9FC2D9499D56BF,6083,228,json,JSON_OK,IMPLEMENTATION,IMPLEMENTATION,NO,NOT_MARKDOWN,development/implementation/tests/confirm_immutability_pair.json,EXACT_SHA,IMPLEMENTATION,NORMALIZED,development/implementation/tests/confirm_immutability_pair.json,IMPLEMENTATION,PRIMARY_ROLE_PLACEMENT_RETAINED,records/history/original_sources/LS-WS-0639.json,RETAINED_UNSPLIT_OR_BUNDLE_SOURCE,NOT_APPLICABLE,
LS-WS-0640,,system/policies/weekly_swing/fixtures/confirm_payload_with_orderbook_fields.json,06E839FA7ECFD65EA615D6DE55DAF403019D46BF,920,43,json,JSON_OK,IMPLEMENTATION,IMPLEMENTATION,NO,NOT_MARKDOWN,development/implementation/tests/confirm_payload_with_orderbook_fields.json,EXACT_SHA,IMPLEMENTATION,NORMALIZED,development/implementation/tests/confirm_payload_with_orderbook_fields.json,IMPLEMENTATION,PRIMARY_ROLE_PLACEMENT_RETAINED,records/history/original_sources/LS-WS-0640.json,RETAINED_UNSPLIT_OR_BUNDLE_SOURCE,NOT_APPLICABLE,
LS-WS-0641,,system/policies/weekly_swing/fixtures/confirm_payload_with_unknown_top_level_field.json,E1BB9FE6DFB2BC121A1CD7444FE55A30ABCE0C02,478,13,json,JSON_OK,IMPLEMENTATION,IMPLEMENTATION,NO,NOT_MARKDOWN,development/implementation/tests/confirm_payload_with_unknown_top_level_field.json,EXACT_SHA,IMPLEMENTATION,NORMALIZED,development/implementation/tests/confirm_payload_with_unknown_top_level_field.json,IMPLEMENTATION,PRIMARY_ROLE_PLACEMENT_RETAINED,records/history/original_sources/LS-WS-0641.json,RETAINED_UNSPLIT_OR_BUNDLE_SOURCE,NOT_APPLICABLE,
LS-WS-0642,,system/policies/weekly_swing/fixtures/confirm_snapshots_two.json,E8476811A24244E41782359ACC34B174B647A060,846,38,json,JSON_OK,IMPLEMENTATION,IMPLEMENTATION,NO,NOT_MARKDOWN,development/implementation/tests/confirm_snapshots_two.json,EXACT_SHA,IMPLEMENTATION,NORMALIZED,development/implementation/tests/confirm_snapshots_two.json,IMPLEMENTATION,PRIMARY_ROLE_PLACEMENT_RETAINED,records/history/original_sources/LS-WS-0642.json,RETAINED_UNSPLIT_OR_BUNDLE_SOURCE,NOT_APPLICABLE,
LS-WS-0643,,system/policies/weekly_swing/fixtures/hash_contract_vectors.json,1C96F8708ADFFAE6CE2EC37A450314435E8D37B0,2134,60,json,JSON_OK,IMPLEMENTATION,IMPLEMENTATION,NO,NOT_MARKDOWN,development/implementation/tests/hash_contract_vectors.json,EXACT_SHA,IMPLEMENTATION,NORMALIZED,development/implementation/tests/hash_contract_vectors.json,IMPLEMENTATION,PRIMARY_ROLE_PLACEMENT_RETAINED,records/history/original_sources/LS-WS-0643.json,RETAINED_UNSPLIT_OR_BUNDLE_SOURCE,NOT_APPLICABLE,
LS-WS-0644,,system/policies/weekly_swing/fixtures/paramset_bad_enum.json,E5CFC75600FDC64FFA26FE682169CE2CC7BA552A,16126,591,json,JSON_OK,IMPLEMENTATION,IMPLEMENTATION,NO,NOT_MARKDOWN,development/implementation/tests/paramset_bad_enum.json,EXACT_SHA,IMPLEMENTATION,NORMALIZED,development/implementation/tests/paramset_bad_enum.json,IMPLEMENTATION,PRIMARY_ROLE_PLACEMENT_RETAINED,records/history/original_sources/LS-WS-0644.json,RETAINED_UNSPLIT_OR_BUNDLE_SOURCE,NOT_APPLICABLE,
LS-WS-0645,,system/policies/weekly_swing/fixtures/paramset_bad_eval.json,38E0B1FCD30602A5FAF692B185CF738B29725865,16149,591,json,JSON_OK,IMPLEMENTATION,IMPLEMENTATION,NO,NOT_MARKDOWN,development/implementation/tests/paramset_bad_eval.json,EXACT_SHA,IMPLEMENTATION,NORMALIZED,development/implementation/tests/paramset_bad_eval.json,IMPLEMENTATION,PRIMARY_ROLE_PLACEMENT_RETAINED,records/history/original_sources/LS-WS-0645.json,RETAINED_UNSPLIT_OR_BUNDLE_SOURCE,NOT_APPLICABLE,
LS-WS-0646,,system/policies/weekly_swing/fixtures/paramset_bad_hash_contract.json,19781C40C57C1058A2FDE14D7FBE3C849D1D9E2B,16170,591,json,JSON_OK,IMPLEMENTATION,IMPLEMENTATION,NO,NOT_MARKDOWN,development/implementation/tests/paramset_bad_hash_contract.json,EXACT_SHA,IMPLEMENTATION,NORMALIZED,development/implementation/tests/paramset_bad_hash_contract.json,IMPLEMENTATION,PRIMARY_ROLE_PLACEMENT_RETAINED,records/history/original_sources/LS-WS-0646.json,RETAINED_UNSPLIT_OR_BUNDLE_SOURCE,NOT_APPLICABLE,
LS-WS-0647,,system/policies/weekly_swing/fixtures/paramset_missing_audit_field.json,42FCFD751A473D7B1C04C56B4F1FCBECE009011A,16063,590,json,JSON_OK,IMPLEMENTATION,IMPLEMENTATION,NO,NOT_MARKDOWN,development/implementation/tests/paramset_missing_audit_field.json,EXACT_SHA,IMPLEMENTATION,NORMALIZED,development/implementation/tests/paramset_missing_audit_field.json,IMPLEMENTATION,PRIMARY_ROLE_PLACEMENT_RETAINED,records/history/original_sources/LS-WS-0647.json,RETAINED_UNSPLIT_OR_BUNDLE_SOURCE,NOT_APPLICABLE,
LS-WS-0648,,system/policies/weekly_swing/fixtures/paramset_missing_required_key.json,19D33A7DC0CDA2A089A565E5E89978E22A8713F0,14180,517,json,JSON_OK,IMPLEMENTATION,IMPLEMENTATION,NO,NOT_MARKDOWN,development/implementation/tests/paramset_missing_required_key.json,EXACT_SHA,IMPLEMENTATION,NORMALIZED,development/implementation/tests/paramset_missing_required_key.json,IMPLEMENTATION,PRIMARY_ROLE_PLACEMENT_RETAINED,records/history/original_sources/LS-WS-0648.json,RETAINED_UNSPLIT_OR_BUNDLE_SOURCE,NOT_APPLICABLE,
LS-WS-0649,,system/policies/weekly_swing/fixtures/paramset_type_drift.json,9F24D57142B499420090216302A36D6C28957336,16150,591,json,JSON_OK,IMPLEMENTATION,IMPLEMENTATION,NO,NOT_MARKDOWN,development/implementation/tests/paramset_type_drift.json,EXACT_SHA,IMPLEMENTATION,NORMALIZED,development/implementation/tests/paramset_type_drift.json,IMPLEMENTATION,PRIMARY_ROLE_PLACEMENT_RETAINED,records/history/original_sources/LS-WS-0649.json,RETAINED_UNSPLIT_OR_BUNDLE_SOURCE,NOT_APPLICABLE,
LS-WS-0650,,system/policies/weekly_swing/fixtures/paramset_unknown_key.json,43639734C9EDE7DF1D3969187E4F7057421BFFED,16310,599,json,JSON_OK,IMPLEMENTATION,IMPLEMENTATION,NO,NOT_MARKDOWN,development/implementation/tests/paramset_unknown_key.json,EXACT_SHA,IMPLEMENTATION,NORMALIZED,development/implementation/tests/paramset_unknown_key.json,IMPLEMENTATION,PRIMARY_ROLE_PLACEMENT_RETAINED,records/history/original_sources/LS-WS-0650.json,RETAINED_UNSPLIT_OR_BUNDLE_SOURCE,NOT_APPLICABLE,
LS-WS-0651,,system/policies/weekly_swing/fixtures/paramset_valid.json,B600DBB73F36B2958EBEE42BC2F425B31533730A,15976,586,json,JSON_OK,IMPLEMENTATION,IMPLEMENTATION,NO,NOT_MARKDOWN,development/implementation/tests/paramset_valid.json,EXACT_SHA,IMPLEMENTATION,NORMALIZED,development/implementation/tests/paramset_valid.json,IMPLEMENTATION,PRIMARY_ROLE_PLACEMENT_RETAINED,records/history/original_sources/LS-WS-0651.json,RETAINED_UNSPLIT_OR_BUNDLE_SOURCE,NOT_APPLICABLE,
LS-WS-0652,,system/policies/weekly_swing/fixtures/PLAN_FIXTURE_A_TIES_V1.json,3FB26ACAE9EC3B3C55C7237FA810FF05D8A7B989,13990,476,json,JSON_OK,IMPLEMENTATION,IMPLEMENTATION,NO,NOT_MARKDOWN,development/implementation/tests/PLAN_FIXTURE_A_TIES_V1.json,EXACT_SHA,IMPLEMENTATION,NORMALIZED,development/implementation/tests/PLAN_FIXTURE_A_TIES_V1.json,IMPLEMENTATION,PRIMARY_ROLE_PLACEMENT_RETAINED,records/history/original_sources/LS-WS-0652.json,RETAINED_UNSPLIT_OR_BUNDLE_SOURCE,NOT_APPLICABLE,
LS-WS-0653,,system/policies/weekly_swing/fixtures/plan_items_artificial_ties.json,9832E1CB388FA34E0749A6ACDD3C16672DD1AD9B,733,38,json,JSON_OK,IMPLEMENTATION,IMPLEMENTATION,NO,NOT_MARKDOWN,development/implementation/tests/plan_items_artificial_ties.json,EXACT_SHA,IMPLEMENTATION,NORMALIZED,development/implementation/tests/plan_items_artificial_ties.json,IMPLEMENTATION,PRIMARY_ROLE_PLACEMENT_RETAINED,records/history/original_sources/LS-WS-0653.json,RETAINED_UNSPLIT_OR_BUNDLE_SOURCE,NOT_APPLICABLE,
LS-WS-0654,,system/policies/weekly_swing/fixtures/plan_items_forced_watch_only.json,3DE9A6A00865A98E7D449BBD907DCFA3601D1851,756,36,json,JSON_OK,IMPLEMENTATION,IMPLEMENTATION,NO,NOT_MARKDOWN,development/implementation/tests/plan_items_forced_watch_only.json,EXACT_SHA,IMPLEMENTATION,NORMALIZED,development/implementation/tests/plan_items_forced_watch_only.json,IMPLEMENTATION,PRIMARY_ROLE_PLACEMENT_RETAINED,records/history/original_sources/LS-WS-0654.json,RETAINED_UNSPLIT_OR_BUNDLE_SOURCE,NOT_APPLICABLE,
LS-WS-0655,,system/policies/weekly_swing/fixtures/plan_items_guard_fail.json,4DBDA4C331E9F75454464A70F713A8D9A3290D88,1465,71,json,JSON_OK,IMPLEMENTATION,IMPLEMENTATION,NO,NOT_MARKDOWN,development/implementation/tests/plan_items_guard_fail.json,EXACT_SHA,IMPLEMENTATION,NORMALIZED,development/implementation/tests/plan_items_guard_fail.json,IMPLEMENTATION,PRIMARY_ROLE_PLACEMENT_RETAINED,records/history/original_sources/LS-WS-0655.json,RETAINED_UNSPLIT_OR_BUNDLE_SOURCE,NOT_APPLICABLE,
LS-WS-0656,,system/policies/weekly_swing/fixtures/plan_items_no_trade_hide_all.json,ABA8E16D1BC289B4832F9B5EEA44068FFB4A5F2D,1274,56,json,JSON_OK,IMPLEMENTATION,IMPLEMENTATION,NO,NOT_MARKDOWN,development/implementation/tests/plan_items_no_trade_hide_all.json,EXACT_SHA,IMPLEMENTATION,NORMALIZED,development/implementation/tests/plan_items_no_trade_hide_all.json,IMPLEMENTATION,PRIMARY_ROLE_PLACEMENT_RETAINED,records/history/original_sources/LS-WS-0656.json,RETAINED_UNSPLIT_OR_BUNDLE_SOURCE,NOT_APPLICABLE,
LS-WS-0657,,system/policies/weekly_swing/fixtures/plan_items_no_trade_min_eligible.json,166522A1A61851ABC2AB04D32784500BC2E32B7C,1326,56,json,JSON_OK,IMPLEMENTATION,IMPLEMENTATION,NO,NOT_MARKDOWN,development/implementation/tests/plan_items_no_trade_min_eligible.json,EXACT_SHA,IMPLEMENTATION,NORMALIZED,development/implementation/tests/plan_items_no_trade_min_eligible.json,IMPLEMENTATION,PRIMARY_ROLE_PLACEMENT_RETAINED,records/history/original_sources/LS-WS-0657.json,RETAINED_UNSPLIT_OR_BUNDLE_SOURCE,NOT_APPLICABLE,
LS-WS-0658,,system/policies/weekly_swing/fixtures/plan_universe_snapshot_sample.json,134E10E067BC574355B1EB1AC1E24B005D0DB7CB,1142,38,json,JSON_OK,IMPLEMENTATION,IMPLEMENTATION,NO,NOT_MARKDOWN,development/implementation/tests/plan_universe_snapshot_sample.json,EXACT_SHA,IMPLEMENTATION,NORMALIZED,development/implementation/tests/plan_universe_snapshot_sample.json,IMPLEMENTATION,PRIMARY_ROLE_PLACEMENT_RETAINED,records/history/original_sources/LS-WS-0658.json,RETAINED_UNSPLIT_OR_BUNDLE_SOURCE,NOT_APPLICABLE,
LS-WS-0659,,system/policies/weekly_swing/fixtures/README.md,48591018CE11D2CDBD951243A3B7F17AE4050682,1710,24,md,READ_OK,NAVIGATION,IMPLEMENTATION,NO,BUNDLE_OR_NAVIGATION_EXCEPTION,development/implementation/README.md,MANIFEST_CHAIN,IMPLEMENTATION,NORMALIZED,development/implementation/README.md,IMPLEMENTATION,PRIMARY_ROLE_PLACEMENT_RETAINED,records/history/original_sources/LS-WS-0659.md,RETAINED_UNSPLIT_OR_BUNDLE_SOURCE,NOT_APPLICABLE,
LS-WS-0660,,system/policies/weekly_swing/fixtures/recommendation_capital_aware.json,AA9F73D4907FE98D27F96E98841D84D77D9F2A67,115,2,json,JSON_OK,IMPLEMENTATION,IMPLEMENTATION,NO,NOT_MARKDOWN,development/implementation/tests/recommendation_capital_aware.json,EXACT_SHA,IMPLEMENTATION,NORMALIZED,development/implementation/tests/recommendation_capital_aware.json,IMPLEMENTATION,PRIMARY_ROLE_PLACEMENT_RETAINED,records/history/original_sources/LS-WS-0660.json,RETAINED_UNSPLIT_OR_BUNDLE_SOURCE,NOT_APPLICABLE,
LS-WS-0661,,system/policies/weekly_swing/fixtures/recommendation_capital_free.json,F16A81BEE36D627DB2331E31B329FC70B1B8881F,62,2,json,JSON_OK,IMPLEMENTATION,IMPLEMENTATION,NO,NOT_MARKDOWN,development/implementation/tests/recommendation_capital_free.json,EXACT_SHA,IMPLEMENTATION,NORMALIZED,development/implementation/tests/recommendation_capital_free.json,IMPLEMENTATION,PRIMARY_ROLE_PLACEMENT_RETAINED,records/history/original_sources/LS-WS-0661.json,RETAINED_UNSPLIT_OR_BUNDLE_SOURCE,NOT_APPLICABLE,
LS-WS-0662,,system/policies/weekly_swing/fixtures/recommendation_capital_free_vs_capital_aware_pair.json,0CA9BAEBDB6C1CB98B2BF97BA6E02E64F0BBC900,450,27,json,JSON_OK,IMPLEMENTATION,IMPLEMENTATION,NO,NOT_MARKDOWN,development/implementation/tests/recommendation_capital_free_vs_capital_aware_pair.json,EXACT_SHA,IMPLEMENTATION,NORMALIZED,development/implementation/tests/recommendation_capital_free_vs_capital_aware_pair.json,IMPLEMENTATION,PRIMARY_ROLE_PLACEMENT_RETAINED,records/history/original_sources/LS-WS-0662.json,RETAINED_UNSPLIT_OR_BUNDLE_SOURCE,NOT_APPLICABLE,
LS-WS-0663,,system/policies/weekly_swing/fixtures/recommendation_deterministic_ties.json,34BBF567430DF400A8EF9D8187E05729DF771ED5,49,2,json,JSON_OK,IMPLEMENTATION,IMPLEMENTATION,NO,NOT_MARKDOWN,development/implementation/tests/recommendation_deterministic_ties.json,EXACT_SHA,IMPLEMENTATION,NORMALIZED,development/implementation/tests/recommendation_deterministic_ties.json,IMPLEMENTATION,PRIMARY_ROLE_PLACEMENT_RETAINED,records/history/original_sources/LS-WS-0663.json,RETAINED_UNSPLIT_OR_BUNDLE_SOURCE,NOT_APPLICABLE,
LS-WS-0664,,system/policies/weekly_swing/fixtures/recommendation_empty_but_prioritized_groups_nonempty.json,526898BD532FBF4596EDDDCD64C2601C0C779D77,477,22,json,JSON_OK,IMPLEMENTATION,IMPLEMENTATION,NO,NOT_MARKDOWN,development/implementation/tests/recommendation_empty_but_prioritized_groups_nonempty.json,EXACT_SHA,IMPLEMENTATION,NORMALIZED,development/implementation/tests/recommendation_empty_but_prioritized_groups_nonempty.json,IMPLEMENTATION,PRIMARY_ROLE_PLACEMENT_RETAINED,records/history/original_sources/LS-WS-0664.json,RETAINED_UNSPLIT_OR_BUNDLE_SOURCE,NOT_APPLICABLE,
LS-WS-0665,,system/policies/weekly_swing/fixtures/recommended_and_confirmed_pair.json,F59C5C417ADCFD4FF502C710EA47629AFAB040FB,303,16,json,JSON_OK,IMPLEMENTATION,IMPLEMENTATION,NO,NOT_MARKDOWN,development/implementation/tests/recommended_and_confirmed_pair.json,EXACT_SHA,IMPLEMENTATION,NORMALIZED,development/implementation/tests/recommended_and_confirmed_pair.json,IMPLEMENTATION,PRIMARY_ROLE_PLACEMENT_RETAINED,records/history/original_sources/LS-WS-0665.json,RETAINED_UNSPLIT_OR_BUNDLE_SOURCE,NOT_APPLICABLE,
LS-WS-0666,,system/policies/weekly_swing/fixtures/recommended_and_confirmed_pair_detailed.json,F337B8E244E468A07DB370BFB87A6E1A7A56B962,453,20,json,JSON_OK,IMPLEMENTATION,IMPLEMENTATION,NO,NOT_MARKDOWN,development/implementation/tests/recommended_and_confirmed_pair_detailed.json,EXACT_SHA,IMPLEMENTATION,NORMALIZED,development/implementation/tests/recommended_and_confirmed_pair_detailed.json,IMPLEMENTATION,PRIMARY_ROLE_PLACEMENT_RETAINED,records/history/original_sources/LS-WS-0666.json,RETAINED_UNSPLIT_OR_BUNDLE_SOURCE,NOT_APPLICABLE,
LS-WS-0667,,system/policies/weekly_swing/fixtures/scored_items_quantile_cutoff.json,CE38A6647C90A719EC45DD1868820BA6F4520468,769,39,json,JSON_OK,IMPLEMENTATION,IMPLEMENTATION,NO,NOT_MARKDOWN,development/implementation/tests/scored_items_quantile_cutoff.json,EXACT_SHA,IMPLEMENTATION,NORMALIZED,development/implementation/tests/scored_items_quantile_cutoff.json,IMPLEMENTATION,PRIMARY_ROLE_PLACEMENT_RETAINED,records/history/original_sources/LS-WS-0667.json,RETAINED_UNSPLIT_OR_BUNDLE_SOURCE,NOT_APPLICABLE,
LS-WS-0668,,system/policies/weekly_swing/fixtures/universe_equivalence_sample.json,0E82BC88A282189A3D952134533E190760184BBE,808,38,json,JSON_OK,IMPLEMENTATION,IMPLEMENTATION,NO,NOT_MARKDOWN,development/implementation/tests/universe_equivalence_sample.json,EXACT_SHA,IMPLEMENTATION,NORMALIZED,development/implementation/tests/universe_equivalence_sample.json,IMPLEMENTATION,PRIMARY_ROLE_PLACEMENT_RETAINED,records/history/original_sources/LS-WS-0668.json,RETAINED_UNSPLIT_OR_BUNDLE_SOURCE,NOT_APPLICABLE,
LS-WS-0669,,system/policies/weekly_swing/README.md,1D1DD64DF93F744471476394343AB18AAEFCAC5A,2563,76,md,READ_OK,NAVIGATION,CONTEXT;IMPLEMENTATION,NO,BUNDLE_OR_NAVIGATION_EXCEPTION,authority/strategy/README.md,MANIFEST_CHAIN,STRATEGY,NORMALIZED,authority/strategy/README.md,STRATEGY,PRIMARY_ROLE_PLACEMENT_RETAINED,records/history/original_sources/LS-WS-0669.md,RETAINED_UNSPLIT_OR_BUNDLE_SOURCE,NOT_APPLICABLE,
LS-WS-0670,,system/policy.md,89E5BF5B898584AB47D171236D5F462037835F4F,3873,96,md,READ_OK,IMPLEMENTATION,IMPLEMENTATION,NO,PRIMARY_ROLE_ONLY,authority/governance/WATCHLIST_DOCUMENT_AUTHORITY.md,MANIFEST_CHAIN,GOVERNANCE,NORMALIZED,authority/governance/WATCHLIST_DOCUMENT_AUTHORITY.md,GOVERNANCE,PRIMARY_ROLE_PLACEMENT_RETAINED,records/history/original_sources/LS-WS-0670.md,RETAINED_UNSPLIT_OR_BUNDLE_SOURCE,NOT_APPLICABLE,
LS-WS-0671,,system/README.md,588366C6EA4AA9E1D65FC38E29F8007F4252FCC6,3739,84,md,READ_OK,NAVIGATION,CONTEXT;DECISION;IMPLEMENTATION,YES,ONE_DOCUMENT_ONE_AUTHORITATIVE_ROLE_MULTI_ROLE_SOURCE,records/history/archive/H0005_LEGACY_SYSTEM_README.md,MANIFEST_CHAIN,HISTORY,FULLY_SPLIT_SOURCE_REMOVED,,,"LEGACY_MULTI_ROLE_SOURCE_FULLY_DECOMPOSED; ROLE_EXTRACTS=LX-WS-0671-DEC-01,LX-WS-0671-IMP-02,LX-WS-0671-CTX-03",,REMOVED_AFTER_FULL_SPLIT,FULL_100_PERCENT_SEALED,F5B144E67992B4EA4E1B5606A01D52539B428024
