source_id,legacy_work_key,original_path,original_sha1,original_lines,segment_no,start_line,end_line,extract_id,extract_role,extract_path,extract_body_sha1
LS-WS-0064,,audit/LUMEN_CONTRACT_TRACKER.md,EA74B18E611681C8BFDFEA7F436AE16E2222F596,16008,1,1,2,LX-WS-0064-CTX-07,CONTEXT,records/history/archive/LX-WS-0064-CTX-07_LEGACY.md,4369409E9D975E26584B526188FDC9480B15C706
LS-WS-0064,,audit/LUMEN_CONTRACT_TRACKER.md,EA74B18E611681C8BFDFEA7F436AE16E2222F596,16008,2,3,13,LX-WS-0064-CTX-07,CONTEXT,records/history/archive/LX-WS-0064-CTX-07_LEGACY.md,4369409E9D975E26584B526188FDC9480B15C706
LS-WS-0064,,audit/LUMEN_CONTRACT_TRACKER.md,EA74B18E611681C8BFDFEA7F436AE16E2222F596,16008,3,14,103,LX-WS-0064-DEC-01,DECISION,records/decisions/LX-WS-0064-DEC-01_LEGACY.md,159A2058EE96A0E99478B2F6833FE7573D31B3ED
LS-WS-0064,,audit/LUMEN_CONTRACT_TRACKER.md,EA74B18E611681C8BFDFEA7F436AE16E2222F596,16008,4,104,166,LX-WS-0064-DEC-01,DECISION,records/decisions/LX-WS-0064-DEC-01_LEGACY.md,159A2058EE96A0E99478B2F6833FE7573D31B3ED
LS-WS-0064,,audit/LUMEN_CONTRACT_TRACKER.md,EA74B18E611681C8BFDFEA7F436AE16E2222F596,16008,5,167,230,LX-WS-0064-DEC-01,DECISION,records/decisions/LX-WS-0064-DEC-01_LEGACY.md,159A2058EE96A0E99478B2F6833FE7573D31B3ED
LS-WS-0064,,audit/LUMEN_CONTRACT_TRACKER.md,EA74B18E611681C8BFDFEA7F436AE16E2222F596,16008,6,231,292,LX-WS-0064-DEC-01,DECISION,records/decisions/LX-WS-0064-DEC-01_LEGACY.md,159A2058EE96A0E99478B2F6833FE7573D31B3ED
LS-WS-0064,,audit/LUMEN_CONTRACT_TRACKER.md,EA74B18E611681C8BFDFEA7F436AE16E2222F596,16008,7,293,351,LX-WS-0064-RES-05,RESEARCH,records/history/archive/LX-WS-0064-RES-05_LEGACY.md,DC506E3BA6AD0E542F548B65C70EFE66EF06B887
LS-WS-0064,,audit/LUMEN_CONTRACT_TRACKER.md,EA74B18E611681C8BFDFEA7F436AE16E2222F596,16008,8,352,398,LX-WS-0064-RES-05,RESEARCH,records/history/archive/LX-WS-0064-RES-05_LEGACY.md,DC506E3BA6AD0E542F548B65C70EFE66EF06B887
LS-WS-0064,,audit/LUMEN_CONTRACT_TRACKER.md,EA74B18E611681C8BFDFEA7F436AE16E2222F596,16008,9,399,439,LX-WS-0064-EVD-02,EVIDENCE,records/evidence/runs/LX-WS-0064-EVD-02_LEGACY.md,97803B4BF69A445EDBF0F440278E578DFCA8EEB2
LS-WS-0064,,audit/LUMEN_CONTRACT_TRACKER.md,EA74B18E611681C8BFDFEA7F436AE16E2222F596,16008,10,440,532,LX-WS-0064-EVD-02,EVIDENCE,records/evidence/runs/LX-WS-0064-EVD-02_LEGACY.md,97803B4BF69A445EDBF0F440278E578DFCA8EEB2
LS-WS-0064,,audit/LUMEN_CONTRACT_TRACKER.md,EA74B18E611681C8BFDFEA7F436AE16E2222F596,16008,11,533,568,LX-WS-0064-CTX-07,CONTEXT,records/history/archive/LX-WS-0064-CTX-07_LEGACY.md,4369409E9D975E26584B526188FDC9480B15C706
LS-WS-0064,,audit/LUMEN_CONTRACT_TRACKER.md,EA74B18E611681C8BFDFEA7F436AE16E2222F596,16008,12,569,658,LX-WS-0064-EVD-02,EVIDENCE,records/evidence/runs/LX-WS-0064-EVD-02_LEGACY.md,97803B4BF69A445EDBF0F440278E578DFCA8EEB2
LS-WS-0064,,audit/LUMEN_CONTRACT_TRACKER.md,EA74B18E611681C8BFDFEA7F436AE16E2222F596,16008,13,659,736,LX-WS-0064-FND-03,FINDING,records/history/archive/LX-WS-0064-FND-03_LEGACY.md,62ED634D1EF45645369226EDC78494F5FFAECFB3
LS-WS-0064,,audit/LUMEN_CONTRACT_TRACKER.md,EA74B18E611681C8BFDFEA7F436AE16E2222F596,16008,14,737,821,LX-WS-0064-IMP-04,IMPLEMENTATION,records/history/archive/LX-WS-0064-IMP-04_LEGACY.md,1A14291E822751DE5D7A2B734031D71DDD5E7E2D
LS-WS-0064,,audit/LUMEN_CONTRACT_TRACKER.md,EA74B18E611681C8BFDFEA7F436AE16E2222F596,16008,15,822,908,LX-WS-0064-FND-03,FINDING,records/history/archive/LX-WS-0064-FND-03_LEGACY.md,62ED634D1EF45645369226EDC78494F5FFAECFB3
LS-WS-0064,,audit/LUMEN_CONTRACT_TRACKER.md,EA74B18E611681C8BFDFEA7F436AE16E2222F596,16008,16,909,1003,LX-WS-0064-EVD-02,EVIDENCE,records/evidence/runs/LX-WS-0064-EVD-02_LEGACY.md,97803B4BF69A445EDBF0F440278E578DFCA8EEB2
LS-WS-0064,,audit/LUMEN_CONTRACT_TRACKER.md,EA74B18E611681C8BFDFEA7F436AE16E2222F596,16008,17,1004,1097,LX-WS-0064-FND-03,FINDING,records/history/archive/LX-WS-0064-FND-03_LEGACY.md,62ED634D1EF45645369226EDC78494F5FFAECFB3
LS-WS-0064,,audit/LUMEN_CONTRACT_TRACKER.md,EA74B18E611681C8BFDFEA7F436AE16E2222F596,16008,18,1098,1188,LX-WS-0064-EVD-02,EVIDENCE,records/evidence/runs/LX-WS-0064-EVD-02_LEGACY.md,97803B4BF69A445EDBF0F440278E578DFCA8EEB2
LS-WS-0064,,audit/LUMEN_CONTRACT_TRACKER.md,EA74B18E611681C8BFDFEA7F436AE16E2222F596,16008,19,1189,1284,LX-WS-0064-FND-03,FINDING,records/history/archive/LX-WS-0064-FND-03_LEGACY.md,62ED634D1EF45645369226EDC78494F5FFAECFB3
LS-WS-0064,,audit/LUMEN_CONTRACT_TRACKER.md,EA74B18E611681C8BFDFEA7F436AE16E2222F596,16008,20,1285,1396,LX-WS-0064-FND-03,FINDING,records/history/archive/LX-WS-0064-FND-03_LEGACY.md,62ED634D1EF45645369226EDC78494F5FFAECFB3
LS-WS-0064,,audit/LUMEN_CONTRACT_TRACKER.md,EA74B18E611681C8BFDFEA7F436AE16E2222F596,16008,21,1397,1478,LX-WS-0064-FND-03,FINDING,records/history/archive/LX-WS-0064-FND-03_LEGACY.md,62ED634D1EF45645369226EDC78494F5FFAECFB3
LS-WS-0064,,audit/LUMEN_CONTRACT_TRACKER.md,EA74B18E611681C8BFDFEA7F436AE16E2222F596,16008,22,1479,1560,LX-WS-0064-FND-03,FINDING,records/history/archive/LX-WS-0064-FND-03_LEGACY.md,62ED634D1EF45645369226EDC78494F5FFAECFB3
LS-WS-0064,,audit/LUMEN_CONTRACT_TRACKER.md,EA74B18E611681C8BFDFEA7F436AE16E2222F596,16008,23,1561,1663,LX-WS-0064-FND-03,FINDING,records/history/archive/LX-WS-0064-FND-03_LEGACY.md,62ED634D1EF45645369226EDC78494F5FFAECFB3
LS-WS-0064,,audit/LUMEN_CONTRACT_TRACKER.md,EA74B18E611681C8BFDFEA7F436AE16E2222F596,16008,24,1664,1755,LX-WS-0064-FND-03,FINDING,records/history/archive/LX-WS-0064-FND-03_LEGACY.md,62ED634D1EF45645369226EDC78494F5FFAECFB3
LS-WS-0064,,audit/LUMEN_CONTRACT_TRACKER.md,EA74B18E611681C8BFDFEA7F436AE16E2222F596,16008,25,1756,1852,LX-WS-0064-FND-03,FINDING,records/history/archive/LX-WS-0064-FND-03_LEGACY.md,62ED634D1EF45645369226EDC78494F5FFAECFB3
LS-WS-0064,,audit/LUMEN_CONTRACT_TRACKER.md,EA74B18E611681C8BFDFEA7F436AE16E2222F596,16008,26,1853,1856,LX-WS-0064-RES-05,RESEARCH,records/history/archive/LX-WS-0064-RES-05_LEGACY.md,DC506E3BA6AD0E542F548B65C70EFE66EF06B887
LS-WS-0064,,audit/LUMEN_CONTRACT_TRACKER.md,EA74B18E611681C8BFDFEA7F436AE16E2222F596,16008,27,1857,1921,LX-WS-0064-FND-03,FINDING,records/history/archive/LX-WS-0064-FND-03_LEGACY.md,62ED634D1EF45645369226EDC78494F5FFAECFB3
LS-WS-0064,,audit/LUMEN_CONTRACT_TRACKER.md,EA74B18E611681C8BFDFEA7F436AE16E2222F596,16008,28,1922,2100,LX-WS-0064-EVD-02,EVIDENCE,records/evidence/runs/LX-WS-0064-EVD-02_LEGACY.md,97803B4BF69A445EDBF0F440278E578DFCA8EEB2
LS-WS-0064,,audit/LUMEN_CONTRACT_TRACKER.md,EA74B18E611681C8BFDFEA7F436AE16E2222F596,16008,29,2101,2191,LX-WS-0064-EVD-02,EVIDENCE,records/evidence/runs/LX-WS-0064-EVD-02_LEGACY.md,97803B4BF69A445EDBF0F440278E578DFCA8EEB2
LS-WS-0064,,audit/LUMEN_CONTRACT_TRACKER.md,EA74B18E611681C8BFDFEA7F436AE16E2222F596,16008,30,2192,2257,LX-WS-0064-EVD-02,EVIDENCE,records/evidence/runs/LX-WS-0064-EVD-02_LEGACY.md,97803B4BF69A445EDBF0F440278E578DFCA8EEB2
LS-WS-0064,,audit/LUMEN_CONTRACT_TRACKER.md,EA74B18E611681C8BFDFEA7F436AE16E2222F596,16008,31,2258,2324,LX-WS-0064-EVD-02,EVIDENCE,records/evidence/runs/LX-WS-0064-EVD-02_LEGACY.md,97803B4BF69A445EDBF0F440278E578DFCA8EEB2
LS-WS-0064,,audit/LUMEN_CONTRACT_TRACKER.md,EA74B18E611681C8BFDFEA7F436AE16E2222F596,16008,32,2325,2389,LX-WS-0064-RES-05,RESEARCH,records/history/archive/LX-WS-0064-RES-05_LEGACY.md,DC506E3BA6AD0E542F548B65C70EFE66EF06B887
LS-WS-0064,,audit/LUMEN_CONTRACT_TRACKER.md,EA74B18E611681C8BFDFEA7F436AE16E2222F596,16008,33,2390,2453,LX-WS-0064-EVD-02,EVIDENCE,records/evidence/runs/LX-WS-0064-EVD-02_LEGACY.md,97803B4BF69A445EDBF0F440278E578DFCA8EEB2
LS-WS-0064,,audit/LUMEN_CONTRACT_TRACKER.md,EA74B18E611681C8BFDFEA7F436AE16E2222F596,16008,34,2454,2517,LX-WS-0064-DEC-01,DECISION,records/decisions/LX-WS-0064-DEC-01_LEGACY.md,159A2058EE96A0E99478B2F6833FE7573D31B3ED
LS-WS-0064,,audit/LUMEN_CONTRACT_TRACKER.md,EA74B18E611681C8BFDFEA7F436AE16E2222F596,16008,35,2518,2581,LX-WS-0064-EVD-02,EVIDENCE,records/evidence/runs/LX-WS-0064-EVD-02_LEGACY.md,97803B4BF69A445EDBF0F440278E578DFCA8EEB2
LS-WS-0064,,audit/LUMEN_CONTRACT_TRACKER.md,EA74B18E611681C8BFDFEA7F436AE16E2222F596,16008,36,2582,2643,LX-WS-0064-EVD-02,EVIDENCE,records/evidence/runs/LX-WS-0064-EVD-02_LEGACY.md,97803B4BF69A445EDBF0F440278E578DFCA8EEB2
LS-WS-0064,,audit/LUMEN_CONTRACT_TRACKER.md,EA74B18E611681C8BFDFEA7F436AE16E2222F596,16008,37,2644,2698,LX-WS-0064-DEC-01,DECISION,records/decisions/LX-WS-0064-DEC-01_LEGACY.md,159A2058EE96A0E99478B2F6833FE7573D31B3ED
LS-WS-0064,,audit/LUMEN_CONTRACT_TRACKER.md,EA74B18E611681C8BFDFEA7F436AE16E2222F596,16008,38,2699,2755,LX-WS-0064-RES-05,RESEARCH,records/history/archive/LX-WS-0064-RES-05_LEGACY.md,DC506E3BA6AD0E542F548B65C70EFE66EF06B887
LS-WS-0064,,audit/LUMEN_CONTRACT_TRACKER.md,EA74B18E611681C8BFDFEA7F436AE16E2222F596,16008,39,2756,2811,LX-WS-0064-EVD-02,EVIDENCE,records/evidence/runs/LX-WS-0064-EVD-02_LEGACY.md,97803B4BF69A445EDBF0F440278E578DFCA8EEB2
LS-WS-0064,,audit/LUMEN_CONTRACT_TRACKER.md,EA74B18E611681C8BFDFEA7F436AE16E2222F596,16008,40,2812,2867,LX-WS-0064-EVD-02,EVIDENCE,records/evidence/runs/LX-WS-0064-EVD-02_LEGACY.md,97803B4BF69A445EDBF0F440278E578DFCA8EEB2
LS-WS-0064,,audit/LUMEN_CONTRACT_TRACKER.md,EA74B18E611681C8BFDFEA7F436AE16E2222F596,16008,41,2868,2931,LX-WS-0064-RES-05,RESEARCH,records/history/archive/LX-WS-0064-RES-05_LEGACY.md,DC506E3BA6AD0E542F548B65C70EFE66EF06B887
LS-WS-0064,,audit/LUMEN_CONTRACT_TRACKER.md,EA74B18E611681C8BFDFEA7F436AE16E2222F596,16008,42,2932,2993,LX-WS-0064-EVD-02,EVIDENCE,records/evidence/runs/LX-WS-0064-EVD-02_LEGACY.md,97803B4BF69A445EDBF0F440278E578DFCA8EEB2
LS-WS-0064,,audit/LUMEN_CONTRACT_TRACKER.md,EA74B18E611681C8BFDFEA7F436AE16E2222F596,16008,43,2994,3077,LX-WS-0064-EVD-02,EVIDENCE,records/evidence/runs/LX-WS-0064-EVD-02_LEGACY.md,97803B4BF69A445EDBF0F440278E578DFCA8EEB2
LS-WS-0064,,audit/LUMEN_CONTRACT_TRACKER.md,EA74B18E611681C8BFDFEA7F436AE16E2222F596,16008,44,3078,3136,LX-WS-0064-FND-03,FINDING,records/history/archive/LX-WS-0064-FND-03_LEGACY.md,62ED634D1EF45645369226EDC78494F5FFAECFB3
LS-WS-0064,,audit/LUMEN_CONTRACT_TRACKER.md,EA74B18E611681C8BFDFEA7F436AE16E2222F596,16008,45,3137,3149,LX-WS-0064-IMP-04,IMPLEMENTATION,records/history/archive/LX-WS-0064-IMP-04_LEGACY.md,1A14291E822751DE5D7A2B734031D71DDD5E7E2D
LS-WS-0064,,audit/LUMEN_CONTRACT_TRACKER.md,EA74B18E611681C8BFDFEA7F436AE16E2222F596,16008,46,3150,3175,LX-WS-0064-EVD-02,EVIDENCE,records/evidence/runs/LX-WS-0064-EVD-02_LEGACY.md,97803B4BF69A445EDBF0F440278E578DFCA8EEB2
LS-WS-0064,,audit/LUMEN_CONTRACT_TRACKER.md,EA74B18E611681C8BFDFEA7F436AE16E2222F596,16008,47,3176,3235,LX-WS-0064-IMP-04,IMPLEMENTATION,records/history/archive/LX-WS-0064-IMP-04_LEGACY.md,1A14291E822751DE5D7A2B734031D71DDD5E7E2D
LS-WS-0064,,audit/LUMEN_CONTRACT_TRACKER.md,EA74B18E611681C8BFDFEA7F436AE16E2222F596,16008,48,3236,3286,LX-WS-0064-IMP-04,IMPLEMENTATION,records/history/archive/LX-WS-0064-IMP-04_LEGACY.md,1A14291E822751DE5D7A2B734031D71DDD5E7E2D
LS-WS-0064,,audit/LUMEN_CONTRACT_TRACKER.md,EA74B18E611681C8BFDFEA7F436AE16E2222F596,16008,49,3287,3335,LX-WS-0064-IMP-04,IMPLEMENTATION,records/history/archive/LX-WS-0064-IMP-04_LEGACY.md,1A14291E822751DE5D7A2B734031D71DDD5E7E2D
LS-WS-0064,,audit/LUMEN_CONTRACT_TRACKER.md,EA74B18E611681C8BFDFEA7F436AE16E2222F596,16008,50,3336,3384,LX-WS-0064-IMP-04,IMPLEMENTATION,records/history/archive/LX-WS-0064-IMP-04_LEGACY.md,1A14291E822751DE5D7A2B734031D71DDD5E7E2D
LS-WS-0064,,audit/LUMEN_CONTRACT_TRACKER.md,EA74B18E611681C8BFDFEA7F436AE16E2222F596,16008,51,3385,3432,LX-WS-0064-STR-06,STRATEGY,records/history/archive/LX-WS-0064-STR-06_LEGACY.md,CA95F53C9B043E928C13E548F4D34AAB92AB30A9
LS-WS-0064,,audit/LUMEN_CONTRACT_TRACKER.md,EA74B18E611681C8BFDFEA7F436AE16E2222F596,16008,52,3433,3489,LX-WS-0064-STR-06,STRATEGY,records/history/archive/LX-WS-0064-STR-06_LEGACY.md,CA95F53C9B043E928C13E548F4D34AAB92AB30A9
LS-WS-0064,,audit/LUMEN_CONTRACT_TRACKER.md,EA74B18E611681C8BFDFEA7F436AE16E2222F596,16008,53,3490,3556,LX-WS-0064-IMP-04,IMPLEMENTATION,records/history/archive/LX-WS-0064-IMP-04_LEGACY.md,1A14291E822751DE5D7A2B734031D71DDD5E7E2D
LS-WS-0064,,audit/LUMEN_CONTRACT_TRACKER.md,EA74B18E611681C8BFDFEA7F436AE16E2222F596,16008,54,3557,3640,LX-WS-0064-EVD-02,EVIDENCE,records/evidence/runs/LX-WS-0064-EVD-02_LEGACY.md,97803B4BF69A445EDBF0F440278E578DFCA8EEB2
LS-WS-0064,,audit/LUMEN_CONTRACT_TRACKER.md,EA74B18E611681C8BFDFEA7F436AE16E2222F596,16008,55,3641,3706,LX-WS-0064-EVD-02,EVIDENCE,records/evidence/runs/LX-WS-0064-EVD-02_LEGACY.md,97803B4BF69A445EDBF0F440278E578DFCA8EEB2
LS-WS-0064,,audit/LUMEN_CONTRACT_TRACKER.md,EA74B18E611681C8BFDFEA7F436AE16E2222F596,16008,56,3707,3772,LX-WS-0064-EVD-02,EVIDENCE,records/evidence/runs/LX-WS-0064-EVD-02_LEGACY.md,97803B4BF69A445EDBF0F440278E578DFCA8EEB2
LS-WS-0064,,audit/LUMEN_CONTRACT_TRACKER.md,EA74B18E611681C8BFDFEA7F436AE16E2222F596,16008,57,3773,3832,LX-WS-0064-IMP-04,IMPLEMENTATION,records/history/archive/LX-WS-0064-IMP-04_LEGACY.md,1A14291E822751DE5D7A2B734031D71DDD5E7E2D
LS-WS-0064,,audit/LUMEN_CONTRACT_TRACKER.md,EA74B18E611681C8BFDFEA7F436AE16E2222F596,16008,58,3833,3875,LX-WS-0064-CTX-07,CONTEXT,records/history/archive/LX-WS-0064-CTX-07_LEGACY.md,4369409E9D975E26584B526188FDC9480B15C706
LS-WS-0064,,audit/LUMEN_CONTRACT_TRACKER.md,EA74B18E611681C8BFDFEA7F436AE16E2222F596,16008,59,3876,3939,LX-WS-0064-EVD-02,EVIDENCE,records/evidence/runs/LX-WS-0064-EVD-02_LEGACY.md,97803B4BF69A445EDBF0F440278E578DFCA8EEB2
LS-WS-0064,,audit/LUMEN_CONTRACT_TRACKER.md,EA74B18E611681C8BFDFEA7F436AE16E2222F596,16008,60,3940,4033,LX-WS-0064-IMP-04,IMPLEMENTATION,records/history/archive/LX-WS-0064-IMP-04_LEGACY.md,1A14291E822751DE5D7A2B734031D71DDD5E7E2D
LS-WS-0064,,audit/LUMEN_CONTRACT_TRACKER.md,EA74B18E611681C8BFDFEA7F436AE16E2222F596,16008,61,4034,4129,LX-WS-0064-EVD-02,EVIDENCE,records/evidence/runs/LX-WS-0064-EVD-02_LEGACY.md,97803B4BF69A445EDBF0F440278E578DFCA8EEB2
LS-WS-0064,,audit/LUMEN_CONTRACT_TRACKER.md,EA74B18E611681C8BFDFEA7F436AE16E2222F596,16008,62,4130,4181,LX-WS-0064-EVD-02,EVIDENCE,records/evidence/runs/LX-WS-0064-EVD-02_LEGACY.md,97803B4BF69A445EDBF0F440278E578DFCA8EEB2
LS-WS-0064,,audit/LUMEN_CONTRACT_TRACKER.md,EA74B18E611681C8BFDFEA7F436AE16E2222F596,16008,63,4182,4245,LX-WS-0064-EVD-02,EVIDENCE,records/evidence/runs/LX-WS-0064-EVD-02_LEGACY.md,97803B4BF69A445EDBF0F440278E578DFCA8EEB2
LS-WS-0064,,audit/LUMEN_CONTRACT_TRACKER.md,EA74B18E611681C8BFDFEA7F436AE16E2222F596,16008,64,4246,4304,LX-WS-0064-EVD-02,EVIDENCE,records/evidence/runs/LX-WS-0064-EVD-02_LEGACY.md,97803B4BF69A445EDBF0F440278E578DFCA8EEB2
LS-WS-0064,,audit/LUMEN_CONTRACT_TRACKER.md,EA74B18E611681C8BFDFEA7F436AE16E2222F596,16008,65,4305,4359,LX-WS-0064-EVD-02,EVIDENCE,records/evidence/runs/LX-WS-0064-EVD-02_LEGACY.md,97803B4BF69A445EDBF0F440278E578DFCA8EEB2
LS-WS-0064,,audit/LUMEN_CONTRACT_TRACKER.md,EA74B18E611681C8BFDFEA7F436AE16E2222F596,16008,66,4360,4393,LX-WS-0064-EVD-02,EVIDENCE,records/evidence/runs/LX-WS-0064-EVD-02_LEGACY.md,97803B4BF69A445EDBF0F440278E578DFCA8EEB2
LS-WS-0064,,audit/LUMEN_CONTRACT_TRACKER.md,EA74B18E611681C8BFDFEA7F436AE16E2222F596,16008,67,4394,4430,LX-WS-0064-EVD-02,EVIDENCE,records/evidence/runs/LX-WS-0064-EVD-02_LEGACY.md,97803B4BF69A445EDBF0F440278E578DFCA8EEB2
LS-WS-0064,,audit/LUMEN_CONTRACT_TRACKER.md,EA74B18E611681C8BFDFEA7F436AE16E2222F596,16008,68,4431,4455,LX-WS-0064-EVD-02,EVIDENCE,records/evidence/runs/LX-WS-0064-EVD-02_LEGACY.md,97803B4BF69A445EDBF0F440278E578DFCA8EEB2
LS-WS-0064,,audit/LUMEN_CONTRACT_TRACKER.md,EA74B18E611681C8BFDFEA7F436AE16E2222F596,16008,69,4456,4496,LX-WS-0064-EVD-02,EVIDENCE,records/evidence/runs/LX-WS-0064-EVD-02_LEGACY.md,97803B4BF69A445EDBF0F440278E578DFCA8EEB2
LS-WS-0064,,audit/LUMEN_CONTRACT_TRACKER.md,EA74B18E611681C8BFDFEA7F436AE16E2222F596,16008,70,4497,4535,LX-WS-0064-EVD-02,EVIDENCE,records/evidence/runs/LX-WS-0064-EVD-02_LEGACY.md,97803B4BF69A445EDBF0F440278E578DFCA8EEB2
LS-WS-0064,,audit/LUMEN_CONTRACT_TRACKER.md,EA74B18E611681C8BFDFEA7F436AE16E2222F596,16008,71,4536,4587,LX-WS-0064-EVD-02,EVIDENCE,records/evidence/runs/LX-WS-0064-EVD-02_LEGACY.md,97803B4BF69A445EDBF0F440278E578DFCA8EEB2
LS-WS-0064,,audit/LUMEN_CONTRACT_TRACKER.md,EA74B18E611681C8BFDFEA7F436AE16E2222F596,16008,72,4588,4645,LX-WS-0064-EVD-02,EVIDENCE,records/evidence/runs/LX-WS-0064-EVD-02_LEGACY.md,97803B4BF69A445EDBF0F440278E578DFCA8EEB2
LS-WS-0064,,audit/LUMEN_CONTRACT_TRACKER.md,EA74B18E611681C8BFDFEA7F436AE16E2222F596,16008,73,4646,4696,LX-WS-0064-IMP-04,IMPLEMENTATION,records/history/archive/LX-WS-0064-IMP-04_LEGACY.md,1A14291E822751DE5D7A2B734031D71DDD5E7E2D
LS-WS-0064,,audit/LUMEN_CONTRACT_TRACKER.md,EA74B18E611681C8BFDFEA7F436AE16E2222F596,16008,74,4697,4724,LX-WS-0064-EVD-02,EVIDENCE,records/evidence/runs/LX-WS-0064-EVD-02_LEGACY.md,97803B4BF69A445EDBF0F440278E578DFCA8EEB2
LS-WS-0064,,audit/LUMEN_CONTRACT_TRACKER.md,EA74B18E611681C8BFDFEA7F436AE16E2222F596,16008,75,4725,4741,LX-WS-0064-CTX-07,CONTEXT,records/history/archive/LX-WS-0064-CTX-07_LEGACY.md,4369409E9D975E26584B526188FDC9480B15C706
LS-WS-0064,,audit/LUMEN_CONTRACT_TRACKER.md,EA74B18E611681C8BFDFEA7F436AE16E2222F596,16008,76,4742,4756,LX-WS-0064-CTX-07,CONTEXT,records/history/archive/LX-WS-0064-CTX-07_LEGACY.md,4369409E9D975E26584B526188FDC9480B15C706
LS-WS-0064,,audit/LUMEN_CONTRACT_TRACKER.md,EA74B18E611681C8BFDFEA7F436AE16E2222F596,16008,77,4757,4801,LX-WS-0064-EVD-02,EVIDENCE,records/evidence/runs/LX-WS-0064-EVD-02_LEGACY.md,97803B4BF69A445EDBF0F440278E578DFCA8EEB2
LS-WS-0064,,audit/LUMEN_CONTRACT_TRACKER.md,EA74B18E611681C8BFDFEA7F436AE16E2222F596,16008,78,4802,4849,LX-WS-0064-RES-05,RESEARCH,records/history/archive/LX-WS-0064-RES-05_LEGACY.md,DC506E3BA6AD0E542F548B65C70EFE66EF06B887
LS-WS-0064,,audit/LUMEN_CONTRACT_TRACKER.md,EA74B18E611681C8BFDFEA7F436AE16E2222F596,16008,79,4850,4932,LX-WS-0064-RES-05,RESEARCH,records/history/archive/LX-WS-0064-RES-05_LEGACY.md,DC506E3BA6AD0E542F548B65C70EFE66EF06B887
LS-WS-0064,,audit/LUMEN_CONTRACT_TRACKER.md,EA74B18E611681C8BFDFEA7F436AE16E2222F596,16008,80,4933,4983,LX-WS-0064-FND-03,FINDING,records/history/archive/LX-WS-0064-FND-03_LEGACY.md,62ED634D1EF45645369226EDC78494F5FFAECFB3
LS-WS-0064,,audit/LUMEN_CONTRACT_TRACKER.md,EA74B18E611681C8BFDFEA7F436AE16E2222F596,16008,81,4984,5037,LX-WS-0064-IMP-04,IMPLEMENTATION,records/history/archive/LX-WS-0064-IMP-04_LEGACY.md,1A14291E822751DE5D7A2B734031D71DDD5E7E2D
LS-WS-0064,,audit/LUMEN_CONTRACT_TRACKER.md,EA74B18E611681C8BFDFEA7F436AE16E2222F596,16008,82,5038,5092,LX-WS-0064-EVD-02,EVIDENCE,records/evidence/runs/LX-WS-0064-EVD-02_LEGACY.md,97803B4BF69A445EDBF0F440278E578DFCA8EEB2
LS-WS-0064,,audit/LUMEN_CONTRACT_TRACKER.md,EA74B18E611681C8BFDFEA7F436AE16E2222F596,16008,83,5093,5131,LX-WS-0064-FND-03,FINDING,records/history/archive/LX-WS-0064-FND-03_LEGACY.md,62ED634D1EF45645369226EDC78494F5FFAECFB3
LS-WS-0064,,audit/LUMEN_CONTRACT_TRACKER.md,EA74B18E611681C8BFDFEA7F436AE16E2222F596,16008,84,5132,5171,LX-WS-0064-FND-03,FINDING,records/history/archive/LX-WS-0064-FND-03_LEGACY.md,62ED634D1EF45645369226EDC78494F5FFAECFB3
LS-WS-0064,,audit/LUMEN_CONTRACT_TRACKER.md,EA74B18E611681C8BFDFEA7F436AE16E2222F596,16008,85,5172,5214,LX-WS-0064-EVD-02,EVIDENCE,records/evidence/runs/LX-WS-0064-EVD-02_LEGACY.md,97803B4BF69A445EDBF0F440278E578DFCA8EEB2
LS-WS-0064,,audit/LUMEN_CONTRACT_TRACKER.md,EA74B18E611681C8BFDFEA7F436AE16E2222F596,16008,86,5215,5218,LX-WS-0064-CTX-07,CONTEXT,records/history/archive/LX-WS-0064-CTX-07_LEGACY.md,4369409E9D975E26584B526188FDC9480B15C706
LS-WS-0064,,audit/LUMEN_CONTRACT_TRACKER.md,EA74B18E611681C8BFDFEA7F436AE16E2222F596,16008,87,5219,5242,LX-WS-0064-FND-03,FINDING,records/history/archive/LX-WS-0064-FND-03_LEGACY.md,62ED634D1EF45645369226EDC78494F5FFAECFB3
LS-WS-0064,,audit/LUMEN_CONTRACT_TRACKER.md,EA74B18E611681C8BFDFEA7F436AE16E2222F596,16008,88,5243,5280,LX-WS-0064-IMP-04,IMPLEMENTATION,records/history/archive/LX-WS-0064-IMP-04_LEGACY.md,1A14291E822751DE5D7A2B734031D71DDD5E7E2D
LS-WS-0064,,audit/LUMEN_CONTRACT_TRACKER.md,EA74B18E611681C8BFDFEA7F436AE16E2222F596,16008,89,5281,5297,LX-WS-0064-FND-03,FINDING,records/history/archive/LX-WS-0064-FND-03_LEGACY.md,62ED634D1EF45645369226EDC78494F5FFAECFB3
LS-WS-0064,,audit/LUMEN_CONTRACT_TRACKER.md,EA74B18E611681C8BFDFEA7F436AE16E2222F596,16008,90,5298,5340,LX-WS-0064-FND-03,FINDING,records/history/archive/LX-WS-0064-FND-03_LEGACY.md,62ED634D1EF45645369226EDC78494F5FFAECFB3
LS-WS-0064,,audit/LUMEN_CONTRACT_TRACKER.md,EA74B18E611681C8BFDFEA7F436AE16E2222F596,16008,91,5341,5444,LX-WS-0064-RES-05,RESEARCH,records/history/archive/LX-WS-0064-RES-05_LEGACY.md,DC506E3BA6AD0E542F548B65C70EFE66EF06B887
LS-WS-0064,,audit/LUMEN_CONTRACT_TRACKER.md,EA74B18E611681C8BFDFEA7F436AE16E2222F596,16008,92,5445,5543,LX-WS-0064-RES-05,RESEARCH,records/history/archive/LX-WS-0064-RES-05_LEGACY.md,DC506E3BA6AD0E542F548B65C70EFE66EF06B887
LS-WS-0064,,audit/LUMEN_CONTRACT_TRACKER.md,EA74B18E611681C8BFDFEA7F436AE16E2222F596,16008,93,5544,5655,LX-WS-0064-CTX-07,CONTEXT,records/history/archive/LX-WS-0064-CTX-07_LEGACY.md,4369409E9D975E26584B526188FDC9480B15C706
LS-WS-0064,,audit/LUMEN_CONTRACT_TRACKER.md,EA74B18E611681C8BFDFEA7F436AE16E2222F596,16008,94,5656,5764,LX-WS-0064-RES-05,RESEARCH,records/history/archive/LX-WS-0064-RES-05_LEGACY.md,DC506E3BA6AD0E542F548B65C70EFE66EF06B887
LS-WS-0064,,audit/LUMEN_CONTRACT_TRACKER.md,EA74B18E611681C8BFDFEA7F436AE16E2222F596,16008,95,5765,5878,LX-WS-0064-RES-05,RESEARCH,records/history/archive/LX-WS-0064-RES-05_LEGACY.md,DC506E3BA6AD0E542F548B65C70EFE66EF06B887
LS-WS-0064,,audit/LUMEN_CONTRACT_TRACKER.md,EA74B18E611681C8BFDFEA7F436AE16E2222F596,16008,96,5879,5991,LX-WS-0064-CTX-07,CONTEXT,records/history/archive/LX-WS-0064-CTX-07_LEGACY.md,4369409E9D975E26584B526188FDC9480B15C706
LS-WS-0064,,audit/LUMEN_CONTRACT_TRACKER.md,EA74B18E611681C8BFDFEA7F436AE16E2222F596,16008,97,5992,6099,LX-WS-0064-EVD-02,EVIDENCE,records/evidence/runs/LX-WS-0064-EVD-02_LEGACY.md,97803B4BF69A445EDBF0F440278E578DFCA8EEB2
LS-WS-0064,,audit/LUMEN_CONTRACT_TRACKER.md,EA74B18E611681C8BFDFEA7F436AE16E2222F596,16008,98,6100,6198,LX-WS-0064-EVD-02,EVIDENCE,records/evidence/runs/LX-WS-0064-EVD-02_LEGACY.md,97803B4BF69A445EDBF0F440278E578DFCA8EEB2
LS-WS-0064,,audit/LUMEN_CONTRACT_TRACKER.md,EA74B18E611681C8BFDFEA7F436AE16E2222F596,16008,99,6199,6265,LX-WS-0064-FND-03,FINDING,records/history/archive/LX-WS-0064-FND-03_LEGACY.md,62ED634D1EF45645369226EDC78494F5FFAECFB3
LS-WS-0064,,audit/LUMEN_CONTRACT_TRACKER.md,EA74B18E611681C8BFDFEA7F436AE16E2222F596,16008,100,6266,6298,LX-WS-0064-RES-05,RESEARCH,records/history/archive/LX-WS-0064-RES-05_LEGACY.md,DC506E3BA6AD0E542F548B65C70EFE66EF06B887
LS-WS-0064,,audit/LUMEN_CONTRACT_TRACKER.md,EA74B18E611681C8BFDFEA7F436AE16E2222F596,16008,101,6299,6337,LX-WS-0064-CTX-07,CONTEXT,records/history/archive/LX-WS-0064-CTX-07_LEGACY.md,4369409E9D975E26584B526188FDC9480B15C706
LS-WS-0064,,audit/LUMEN_CONTRACT_TRACKER.md,EA74B18E611681C8BFDFEA7F436AE16E2222F596,16008,102,6338,6379,LX-WS-0064-EVD-02,EVIDENCE,records/evidence/runs/LX-WS-0064-EVD-02_LEGACY.md,97803B4BF69A445EDBF0F440278E578DFCA8EEB2
LS-WS-0064,,audit/LUMEN_CONTRACT_TRACKER.md,EA74B18E611681C8BFDFEA7F436AE16E2222F596,16008,103,6380,6420,LX-WS-0064-EVD-02,EVIDENCE,records/evidence/runs/LX-WS-0064-EVD-02_LEGACY.md,97803B4BF69A445EDBF0F440278E578DFCA8EEB2
LS-WS-0064,,audit/LUMEN_CONTRACT_TRACKER.md,EA74B18E611681C8BFDFEA7F436AE16E2222F596,16008,104,6421,6474,LX-WS-0064-FND-03,FINDING,records/history/archive/LX-WS-0064-FND-03_LEGACY.md,62ED634D1EF45645369226EDC78494F5FFAECFB3
LS-WS-0064,,audit/LUMEN_CONTRACT_TRACKER.md,EA74B18E611681C8BFDFEA7F436AE16E2222F596,16008,105,6475,6547,LX-WS-0064-RES-05,RESEARCH,records/history/archive/LX-WS-0064-RES-05_LEGACY.md,DC506E3BA6AD0E542F548B65C70EFE66EF06B887
LS-WS-0064,,audit/LUMEN_CONTRACT_TRACKER.md,EA74B18E611681C8BFDFEA7F436AE16E2222F596,16008,106,6548,6671,LX-WS-0064-RES-05,RESEARCH,records/history/archive/LX-WS-0064-RES-05_LEGACY.md,DC506E3BA6AD0E542F548B65C70EFE66EF06B887
LS-WS-0064,,audit/LUMEN_CONTRACT_TRACKER.md,EA74B18E611681C8BFDFEA7F436AE16E2222F596,16008,107,6672,6729,LX-WS-0064-RES-05,RESEARCH,records/history/archive/LX-WS-0064-RES-05_LEGACY.md,DC506E3BA6AD0E542F548B65C70EFE66EF06B887
LS-WS-0064,,audit/LUMEN_CONTRACT_TRACKER.md,EA74B18E611681C8BFDFEA7F436AE16E2222F596,16008,108,6730,6770,LX-WS-0064-RES-05,RESEARCH,records/history/archive/LX-WS-0064-RES-05_LEGACY.md,DC506E3BA6AD0E542F548B65C70EFE66EF06B887
LS-WS-0064,,audit/LUMEN_CONTRACT_TRACKER.md,EA74B18E611681C8BFDFEA7F436AE16E2222F596,16008,109,6771,6907,LX-WS-0064-RES-05,RESEARCH,records/history/archive/LX-WS-0064-RES-05_LEGACY.md,DC506E3BA6AD0E542F548B65C70EFE66EF06B887
LS-WS-0064,,audit/LUMEN_CONTRACT_TRACKER.md,EA74B18E611681C8BFDFEA7F436AE16E2222F596,16008,110,6908,6933,LX-WS-0064-RES-05,RESEARCH,records/history/archive/LX-WS-0064-RES-05_LEGACY.md,DC506E3BA6AD0E542F548B65C70EFE66EF06B887
LS-WS-0064,,audit/LUMEN_CONTRACT_TRACKER.md,EA74B18E611681C8BFDFEA7F436AE16E2222F596,16008,111,6934,6990,LX-WS-0064-RES-05,RESEARCH,records/history/archive/LX-WS-0064-RES-05_LEGACY.md,DC506E3BA6AD0E542F548B65C70EFE66EF06B887
LS-WS-0064,,audit/LUMEN_CONTRACT_TRACKER.md,EA74B18E611681C8BFDFEA7F436AE16E2222F596,16008,112,6991,7090,LX-WS-0064-RES-05,RESEARCH,records/history/archive/LX-WS-0064-RES-05_LEGACY.md,DC506E3BA6AD0E542F548B65C70EFE66EF06B887
LS-WS-0064,,audit/LUMEN_CONTRACT_TRACKER.md,EA74B18E611681C8BFDFEA7F436AE16E2222F596,16008,113,7091,7174,LX-WS-0064-CTX-07,CONTEXT,records/history/archive/LX-WS-0064-CTX-07_LEGACY.md,4369409E9D975E26584B526188FDC9480B15C706
LS-WS-0064,,audit/LUMEN_CONTRACT_TRACKER.md,EA74B18E611681C8BFDFEA7F436AE16E2222F596,16008,114,7175,7188,LX-WS-0064-CTX-07,CONTEXT,records/history/archive/LX-WS-0064-CTX-07_LEGACY.md,4369409E9D975E26584B526188FDC9480B15C706
LS-WS-0064,,audit/LUMEN_CONTRACT_TRACKER.md,EA74B18E611681C8BFDFEA7F436AE16E2222F596,16008,115,7189,7218,LX-WS-0064-CTX-07,CONTEXT,records/history/archive/LX-WS-0064-CTX-07_LEGACY.md,4369409E9D975E26584B526188FDC9480B15C706
LS-WS-0064,,audit/LUMEN_CONTRACT_TRACKER.md,EA74B18E611681C8BFDFEA7F436AE16E2222F596,16008,116,7219,7241,LX-WS-0064-CTX-07,CONTEXT,records/history/archive/LX-WS-0064-CTX-07_LEGACY.md,4369409E9D975E26584B526188FDC9480B15C706
LS-WS-0064,,audit/LUMEN_CONTRACT_TRACKER.md,EA74B18E611681C8BFDFEA7F436AE16E2222F596,16008,117,7242,7315,LX-WS-0064-RES-05,RESEARCH,records/history/archive/LX-WS-0064-RES-05_LEGACY.md,DC506E3BA6AD0E542F548B65C70EFE66EF06B887
LS-WS-0064,,audit/LUMEN_CONTRACT_TRACKER.md,EA74B18E611681C8BFDFEA7F436AE16E2222F596,16008,118,7316,7374,LX-WS-0064-RES-05,RESEARCH,records/history/archive/LX-WS-0064-RES-05_LEGACY.md,DC506E3BA6AD0E542F548B65C70EFE66EF06B887
LS-WS-0064,,audit/LUMEN_CONTRACT_TRACKER.md,EA74B18E611681C8BFDFEA7F436AE16E2222F596,16008,119,7375,7414,LX-WS-0064-FND-03,FINDING,records/history/archive/LX-WS-0064-FND-03_LEGACY.md,62ED634D1EF45645369226EDC78494F5FFAECFB3
LS-WS-0064,,audit/LUMEN_CONTRACT_TRACKER.md,EA74B18E611681C8BFDFEA7F436AE16E2222F596,16008,120,7415,7467,LX-WS-0064-RES-05,RESEARCH,records/history/archive/LX-WS-0064-RES-05_LEGACY.md,DC506E3BA6AD0E542F548B65C70EFE66EF06B887
LS-WS-0064,,audit/LUMEN_CONTRACT_TRACKER.md,EA74B18E611681C8BFDFEA7F436AE16E2222F596,16008,121,7468,7511,LX-WS-0064-FND-03,FINDING,records/history/archive/LX-WS-0064-FND-03_LEGACY.md,62ED634D1EF45645369226EDC78494F5FFAECFB3
LS-WS-0064,,audit/LUMEN_CONTRACT_TRACKER.md,EA74B18E611681C8BFDFEA7F436AE16E2222F596,16008,122,7512,7566,LX-WS-0064-EVD-02,EVIDENCE,records/evidence/runs/LX-WS-0064-EVD-02_LEGACY.md,97803B4BF69A445EDBF0F440278E578DFCA8EEB2
LS-WS-0064,,audit/LUMEN_CONTRACT_TRACKER.md,EA74B18E611681C8BFDFEA7F436AE16E2222F596,16008,123,7567,7625,LX-WS-0064-IMP-04,IMPLEMENTATION,records/history/archive/LX-WS-0064-IMP-04_LEGACY.md,1A14291E822751DE5D7A2B734031D71DDD5E7E2D
LS-WS-0064,,audit/LUMEN_CONTRACT_TRACKER.md,EA74B18E611681C8BFDFEA7F436AE16E2222F596,16008,124,7626,7686,LX-WS-0064-IMP-04,IMPLEMENTATION,records/history/archive/LX-WS-0064-IMP-04_LEGACY.md,1A14291E822751DE5D7A2B734031D71DDD5E7E2D
LS-WS-0064,,audit/LUMEN_CONTRACT_TRACKER.md,EA74B18E611681C8BFDFEA7F436AE16E2222F596,16008,125,7687,7740,LX-WS-0064-EVD-02,EVIDENCE,records/evidence/runs/LX-WS-0064-EVD-02_LEGACY.md,97803B4BF69A445EDBF0F440278E578DFCA8EEB2
LS-WS-0064,,audit/LUMEN_CONTRACT_TRACKER.md,EA74B18E611681C8BFDFEA7F436AE16E2222F596,16008,126,7741,7765,LX-WS-0064-IMP-04,IMPLEMENTATION,records/history/archive/LX-WS-0064-IMP-04_LEGACY.md,1A14291E822751DE5D7A2B734031D71DDD5E7E2D
LS-WS-0064,,audit/LUMEN_CONTRACT_TRACKER.md,EA74B18E611681C8BFDFEA7F436AE16E2222F596,16008,127,7766,7790,LX-WS-0064-CTX-07,CONTEXT,records/history/archive/LX-WS-0064-CTX-07_LEGACY.md,4369409E9D975E26584B526188FDC9480B15C706
LS-WS-0064,,audit/LUMEN_CONTRACT_TRACKER.md,EA74B18E611681C8BFDFEA7F436AE16E2222F596,16008,128,7791,7813,LX-WS-0064-IMP-04,IMPLEMENTATION,records/history/archive/LX-WS-0064-IMP-04_LEGACY.md,1A14291E822751DE5D7A2B734031D71DDD5E7E2D
LS-WS-0064,,audit/LUMEN_CONTRACT_TRACKER.md,EA74B18E611681C8BFDFEA7F436AE16E2222F596,16008,129,7814,7840,LX-WS-0064-CTX-07,CONTEXT,records/history/archive/LX-WS-0064-CTX-07_LEGACY.md,4369409E9D975E26584B526188FDC9480B15C706
LS-WS-0064,,audit/LUMEN_CONTRACT_TRACKER.md,EA74B18E611681C8BFDFEA7F436AE16E2222F596,16008,130,7841,7871,LX-WS-0064-EVD-02,EVIDENCE,records/evidence/runs/LX-WS-0064-EVD-02_LEGACY.md,97803B4BF69A445EDBF0F440278E578DFCA8EEB2
LS-WS-0064,,audit/LUMEN_CONTRACT_TRACKER.md,EA74B18E611681C8BFDFEA7F436AE16E2222F596,16008,131,7872,7877,LX-WS-0064-CTX-07,CONTEXT,records/history/archive/LX-WS-0064-CTX-07_LEGACY.md,4369409E9D975E26584B526188FDC9480B15C706
LS-WS-0064,,audit/LUMEN_CONTRACT_TRACKER.md,EA74B18E611681C8BFDFEA7F436AE16E2222F596,16008,132,7878,7919,LX-WS-0064-CTX-07,CONTEXT,records/history/archive/LX-WS-0064-CTX-07_LEGACY.md,4369409E9D975E26584B526188FDC9480B15C706
LS-WS-0064,,audit/LUMEN_CONTRACT_TRACKER.md,EA74B18E611681C8BFDFEA7F436AE16E2222F596,16008,133,7920,7929,LX-WS-0064-CTX-07,CONTEXT,records/history/archive/LX-WS-0064-CTX-07_LEGACY.md,4369409E9D975E26584B526188FDC9480B15C706
LS-WS-0064,,audit/LUMEN_CONTRACT_TRACKER.md,EA74B18E611681C8BFDFEA7F436AE16E2222F596,16008,134,7930,7977,LX-WS-0064-CTX-07,CONTEXT,records/history/archive/LX-WS-0064-CTX-07_LEGACY.md,4369409E9D975E26584B526188FDC9480B15C706
LS-WS-0064,,audit/LUMEN_CONTRACT_TRACKER.md,EA74B18E611681C8BFDFEA7F436AE16E2222F596,16008,135,7978,8011,LX-WS-0064-EVD-02,EVIDENCE,records/evidence/runs/LX-WS-0064-EVD-02_LEGACY.md,97803B4BF69A445EDBF0F440278E578DFCA8EEB2
LS-WS-0064,,audit/LUMEN_CONTRACT_TRACKER.md,EA74B18E611681C8BFDFEA7F436AE16E2222F596,16008,136,8012,8059,LX-WS-0064-EVD-02,EVIDENCE,records/evidence/runs/LX-WS-0064-EVD-02_LEGACY.md,97803B4BF69A445EDBF0F440278E578DFCA8EEB2
LS-WS-0064,,audit/LUMEN_CONTRACT_TRACKER.md,EA74B18E611681C8BFDFEA7F436AE16E2222F596,16008,137,8060,8067,LX-WS-0064-CTX-07,CONTEXT,records/history/archive/LX-WS-0064-CTX-07_LEGACY.md,4369409E9D975E26584B526188FDC9480B15C706
LS-WS-0064,,audit/LUMEN_CONTRACT_TRACKER.md,EA74B18E611681C8BFDFEA7F436AE16E2222F596,16008,138,8068,8121,LX-WS-0064-CTX-07,CONTEXT,records/history/archive/LX-WS-0064-CTX-07_LEGACY.md,4369409E9D975E26584B526188FDC9480B15C706
LS-WS-0064,,audit/LUMEN_CONTRACT_TRACKER.md,EA74B18E611681C8BFDFEA7F436AE16E2222F596,16008,139,8122,8152,LX-WS-0064-CTX-07,CONTEXT,records/history/archive/LX-WS-0064-CTX-07_LEGACY.md,4369409E9D975E26584B526188FDC9480B15C706
LS-WS-0064,,audit/LUMEN_CONTRACT_TRACKER.md,EA74B18E611681C8BFDFEA7F436AE16E2222F596,16008,140,8153,8209,LX-WS-0064-EVD-02,EVIDENCE,records/evidence/runs/LX-WS-0064-EVD-02_LEGACY.md,97803B4BF69A445EDBF0F440278E578DFCA8EEB2
LS-WS-0064,,audit/LUMEN_CONTRACT_TRACKER.md,EA74B18E611681C8BFDFEA7F436AE16E2222F596,16008,141,8210,8237,LX-WS-0064-EVD-02,EVIDENCE,records/evidence/runs/LX-WS-0064-EVD-02_LEGACY.md,97803B4BF69A445EDBF0F440278E578DFCA8EEB2
LS-WS-0064,,audit/LUMEN_CONTRACT_TRACKER.md,EA74B18E611681C8BFDFEA7F436AE16E2222F596,16008,142,8238,8273,LX-WS-0064-EVD-02,EVIDENCE,records/evidence/runs/LX-WS-0064-EVD-02_LEGACY.md,97803B4BF69A445EDBF0F440278E578DFCA8EEB2
LS-WS-0064,,audit/LUMEN_CONTRACT_TRACKER.md,EA74B18E611681C8BFDFEA7F436AE16E2222F596,16008,143,8274,8301,LX-WS-0064-EVD-02,EVIDENCE,records/evidence/runs/LX-WS-0064-EVD-02_LEGACY.md,97803B4BF69A445EDBF0F440278E578DFCA8EEB2
LS-WS-0064,,audit/LUMEN_CONTRACT_TRACKER.md,EA74B18E611681C8BFDFEA7F436AE16E2222F596,16008,144,8302,8328,LX-WS-0064-EVD-02,EVIDENCE,records/evidence/runs/LX-WS-0064-EVD-02_LEGACY.md,97803B4BF69A445EDBF0F440278E578DFCA8EEB2
LS-WS-0064,,audit/LUMEN_CONTRACT_TRACKER.md,EA74B18E611681C8BFDFEA7F436AE16E2222F596,16008,145,8329,8357,LX-WS-0064-EVD-02,EVIDENCE,records/evidence/runs/LX-WS-0064-EVD-02_LEGACY.md,97803B4BF69A445EDBF0F440278E578DFCA8EEB2
LS-WS-0064,,audit/LUMEN_CONTRACT_TRACKER.md,EA74B18E611681C8BFDFEA7F436AE16E2222F596,16008,146,8358,8421,LX-WS-0064-EVD-02,EVIDENCE,records/evidence/runs/LX-WS-0064-EVD-02_LEGACY.md,97803B4BF69A445EDBF0F440278E578DFCA8EEB2
LS-WS-0064,,audit/LUMEN_CONTRACT_TRACKER.md,EA74B18E611681C8BFDFEA7F436AE16E2222F596,16008,147,8422,8446,LX-WS-0064-EVD-02,EVIDENCE,records/evidence/runs/LX-WS-0064-EVD-02_LEGACY.md,97803B4BF69A445EDBF0F440278E578DFCA8EEB2
LS-WS-0064,,audit/LUMEN_CONTRACT_TRACKER.md,EA74B18E611681C8BFDFEA7F436AE16E2222F596,16008,148,8447,8481,LX-WS-0064-EVD-02,EVIDENCE,records/evidence/runs/LX-WS-0064-EVD-02_LEGACY.md,97803B4BF69A445EDBF0F440278E578DFCA8EEB2
LS-WS-0064,,audit/LUMEN_CONTRACT_TRACKER.md,EA74B18E611681C8BFDFEA7F436AE16E2222F596,16008,149,8482,8516,LX-WS-0064-EVD-02,EVIDENCE,records/evidence/runs/LX-WS-0064-EVD-02_LEGACY.md,97803B4BF69A445EDBF0F440278E578DFCA8EEB2
LS-WS-0064,,audit/LUMEN_CONTRACT_TRACKER.md,EA74B18E611681C8BFDFEA7F436AE16E2222F596,16008,150,8517,8551,LX-WS-0064-EVD-02,EVIDENCE,records/evidence/runs/LX-WS-0064-EVD-02_LEGACY.md,97803B4BF69A445EDBF0F440278E578DFCA8EEB2
LS-WS-0064,,audit/LUMEN_CONTRACT_TRACKER.md,EA74B18E611681C8BFDFEA7F436AE16E2222F596,16008,151,8552,8586,LX-WS-0064-EVD-02,EVIDENCE,records/evidence/runs/LX-WS-0064-EVD-02_LEGACY.md,97803B4BF69A445EDBF0F440278E578DFCA8EEB2
LS-WS-0064,,audit/LUMEN_CONTRACT_TRACKER.md,EA74B18E611681C8BFDFEA7F436AE16E2222F596,16008,152,8587,8621,LX-WS-0064-EVD-02,EVIDENCE,records/evidence/runs/LX-WS-0064-EVD-02_LEGACY.md,97803B4BF69A445EDBF0F440278E578DFCA8EEB2
LS-WS-0064,,audit/LUMEN_CONTRACT_TRACKER.md,EA74B18E611681C8BFDFEA7F436AE16E2222F596,16008,153,8622,8656,LX-WS-0064-EVD-02,EVIDENCE,records/evidence/runs/LX-WS-0064-EVD-02_LEGACY.md,97803B4BF69A445EDBF0F440278E578DFCA8EEB2
LS-WS-0064,,audit/LUMEN_CONTRACT_TRACKER.md,EA74B18E611681C8BFDFEA7F436AE16E2222F596,16008,154,8657,8691,LX-WS-0064-DEC-01,DECISION,records/decisions/LX-WS-0064-DEC-01_LEGACY.md,159A2058EE96A0E99478B2F6833FE7573D31B3ED
LS-WS-0064,,audit/LUMEN_CONTRACT_TRACKER.md,EA74B18E611681C8BFDFEA7F436AE16E2222F596,16008,155,8692,8726,LX-WS-0064-EVD-02,EVIDENCE,records/evidence/runs/LX-WS-0064-EVD-02_LEGACY.md,97803B4BF69A445EDBF0F440278E578DFCA8EEB2
LS-WS-0064,,audit/LUMEN_CONTRACT_TRACKER.md,EA74B18E611681C8BFDFEA7F436AE16E2222F596,16008,156,8727,8761,LX-WS-0064-EVD-02,EVIDENCE,records/evidence/runs/LX-WS-0064-EVD-02_LEGACY.md,97803B4BF69A445EDBF0F440278E578DFCA8EEB2
LS-WS-0064,,audit/LUMEN_CONTRACT_TRACKER.md,EA74B18E611681C8BFDFEA7F436AE16E2222F596,16008,157,8762,8796,LX-WS-0064-EVD-02,EVIDENCE,records/evidence/runs/LX-WS-0064-EVD-02_LEGACY.md,97803B4BF69A445EDBF0F440278E578DFCA8EEB2
LS-WS-0064,,audit/LUMEN_CONTRACT_TRACKER.md,EA74B18E611681C8BFDFEA7F436AE16E2222F596,16008,158,8797,8831,LX-WS-0064-EVD-02,EVIDENCE,records/evidence/runs/LX-WS-0064-EVD-02_LEGACY.md,97803B4BF69A445EDBF0F440278E578DFCA8EEB2
LS-WS-0064,,audit/LUMEN_CONTRACT_TRACKER.md,EA74B18E611681C8BFDFEA7F436AE16E2222F596,16008,159,8832,8866,LX-WS-0064-EVD-02,EVIDENCE,records/evidence/runs/LX-WS-0064-EVD-02_LEGACY.md,97803B4BF69A445EDBF0F440278E578DFCA8EEB2
LS-WS-0064,,audit/LUMEN_CONTRACT_TRACKER.md,EA74B18E611681C8BFDFEA7F436AE16E2222F596,16008,160,8867,8923,LX-WS-0064-EVD-02,EVIDENCE,records/evidence/runs/LX-WS-0064-EVD-02_LEGACY.md,97803B4BF69A445EDBF0F440278E578DFCA8EEB2
LS-WS-0064,,audit/LUMEN_CONTRACT_TRACKER.md,EA74B18E611681C8BFDFEA7F436AE16E2222F596,16008,161,8924,8980,LX-WS-0064-EVD-02,EVIDENCE,records/evidence/runs/LX-WS-0064-EVD-02_LEGACY.md,97803B4BF69A445EDBF0F440278E578DFCA8EEB2
LS-WS-0064,,audit/LUMEN_CONTRACT_TRACKER.md,EA74B18E611681C8BFDFEA7F436AE16E2222F596,16008,162,8981,9041,LX-WS-0064-EVD-02,EVIDENCE,records/evidence/runs/LX-WS-0064-EVD-02_LEGACY.md,97803B4BF69A445EDBF0F440278E578DFCA8EEB2
LS-WS-0064,,audit/LUMEN_CONTRACT_TRACKER.md,EA74B18E611681C8BFDFEA7F436AE16E2222F596,16008,163,9042,9102,LX-WS-0064-EVD-02,EVIDENCE,records/evidence/runs/LX-WS-0064-EVD-02_LEGACY.md,97803B4BF69A445EDBF0F440278E578DFCA8EEB2
LS-WS-0064,,audit/LUMEN_CONTRACT_TRACKER.md,EA74B18E611681C8BFDFEA7F436AE16E2222F596,16008,164,9103,9167,LX-WS-0064-EVD-02,EVIDENCE,records/evidence/runs/LX-WS-0064-EVD-02_LEGACY.md,97803B4BF69A445EDBF0F440278E578DFCA8EEB2
LS-WS-0064,,audit/LUMEN_CONTRACT_TRACKER.md,EA74B18E611681C8BFDFEA7F436AE16E2222F596,16008,165,9168,9232,LX-WS-0064-EVD-02,EVIDENCE,records/evidence/runs/LX-WS-0064-EVD-02_LEGACY.md,97803B4BF69A445EDBF0F440278E578DFCA8EEB2
LS-WS-0064,,audit/LUMEN_CONTRACT_TRACKER.md,EA74B18E611681C8BFDFEA7F436AE16E2222F596,16008,166,9233,9298,LX-WS-0064-EVD-02,EVIDENCE,records/evidence/runs/LX-WS-0064-EVD-02_LEGACY.md,97803B4BF69A445EDBF0F440278E578DFCA8EEB2
LS-WS-0064,,audit/LUMEN_CONTRACT_TRACKER.md,EA74B18E611681C8BFDFEA7F436AE16E2222F596,16008,167,9299,9365,LX-WS-0064-EVD-02,EVIDENCE,records/evidence/runs/LX-WS-0064-EVD-02_LEGACY.md,97803B4BF69A445EDBF0F440278E578DFCA8EEB2
LS-WS-0064,,audit/LUMEN_CONTRACT_TRACKER.md,EA74B18E611681C8BFDFEA7F436AE16E2222F596,16008,168,9366,9447,LX-WS-0064-EVD-02,EVIDENCE,records/evidence/runs/LX-WS-0064-EVD-02_LEGACY.md,97803B4BF69A445EDBF0F440278E578DFCA8EEB2
LS-WS-0064,,audit/LUMEN_CONTRACT_TRACKER.md,EA74B18E611681C8BFDFEA7F436AE16E2222F596,16008,169,9448,9548,LX-WS-0064-EVD-02,EVIDENCE,records/evidence/runs/LX-WS-0064-EVD-02_LEGACY.md,97803B4BF69A445EDBF0F440278E578DFCA8EEB2
LS-WS-0064,,audit/LUMEN_CONTRACT_TRACKER.md,EA74B18E611681C8BFDFEA7F436AE16E2222F596,16008,170,9549,9650,LX-WS-0064-EVD-02,EVIDENCE,records/evidence/runs/LX-WS-0064-EVD-02_LEGACY.md,97803B4BF69A445EDBF0F440278E578DFCA8EEB2
LS-WS-0064,,audit/LUMEN_CONTRACT_TRACKER.md,EA74B18E611681C8BFDFEA7F436AE16E2222F596,16008,171,9651,9753,LX-WS-0064-EVD-02,EVIDENCE,records/evidence/runs/LX-WS-0064-EVD-02_LEGACY.md,97803B4BF69A445EDBF0F440278E578DFCA8EEB2
LS-WS-0064,,audit/LUMEN_CONTRACT_TRACKER.md,EA74B18E611681C8BFDFEA7F436AE16E2222F596,16008,172,9754,9861,LX-WS-0064-EVD-02,EVIDENCE,records/evidence/runs/LX-WS-0064-EVD-02_LEGACY.md,97803B4BF69A445EDBF0F440278E578DFCA8EEB2
LS-WS-0064,,audit/LUMEN_CONTRACT_TRACKER.md,EA74B18E611681C8BFDFEA7F436AE16E2222F596,16008,173,9862,9960,LX-WS-0064-DEC-01,DECISION,records/decisions/LX-WS-0064-DEC-01_LEGACY.md,159A2058EE96A0E99478B2F6833FE7573D31B3ED
LS-WS-0064,,audit/LUMEN_CONTRACT_TRACKER.md,EA74B18E611681C8BFDFEA7F436AE16E2222F596,16008,174,9961,10060,LX-WS-0064-EVD-02,EVIDENCE,records/evidence/runs/LX-WS-0064-EVD-02_LEGACY.md,97803B4BF69A445EDBF0F440278E578DFCA8EEB2
LS-WS-0064,,audit/LUMEN_CONTRACT_TRACKER.md,EA74B18E611681C8BFDFEA7F436AE16E2222F596,16008,175,10061,10163,LX-WS-0064-EVD-02,EVIDENCE,records/evidence/runs/LX-WS-0064-EVD-02_LEGACY.md,97803B4BF69A445EDBF0F440278E578DFCA8EEB2
LS-WS-0064,,audit/LUMEN_CONTRACT_TRACKER.md,EA74B18E611681C8BFDFEA7F436AE16E2222F596,16008,176,10164,10258,LX-WS-0064-EVD-02,EVIDENCE,records/evidence/runs/LX-WS-0064-EVD-02_LEGACY.md,97803B4BF69A445EDBF0F440278E578DFCA8EEB2
LS-WS-0064,,audit/LUMEN_CONTRACT_TRACKER.md,EA74B18E611681C8BFDFEA7F436AE16E2222F596,16008,177,10259,10352,LX-WS-0064-EVD-02,EVIDENCE,records/evidence/runs/LX-WS-0064-EVD-02_LEGACY.md,97803B4BF69A445EDBF0F440278E578DFCA8EEB2
LS-WS-0064,,audit/LUMEN_CONTRACT_TRACKER.md,EA74B18E611681C8BFDFEA7F436AE16E2222F596,16008,178,10353,10446,LX-WS-0064-EVD-02,EVIDENCE,records/evidence/runs/LX-WS-0064-EVD-02_LEGACY.md,97803B4BF69A445EDBF0F440278E578DFCA8EEB2
LS-WS-0064,,audit/LUMEN_CONTRACT_TRACKER.md,EA74B18E611681C8BFDFEA7F436AE16E2222F596,16008,179,10447,10540,LX-WS-0064-EVD-02,EVIDENCE,records/evidence/runs/LX-WS-0064-EVD-02_LEGACY.md,97803B4BF69A445EDBF0F440278E578DFCA8EEB2
LS-WS-0064,,audit/LUMEN_CONTRACT_TRACKER.md,EA74B18E611681C8BFDFEA7F436AE16E2222F596,16008,180,10541,10614,LX-WS-0064-EVD-02,EVIDENCE,records/evidence/runs/LX-WS-0064-EVD-02_LEGACY.md,97803B4BF69A445EDBF0F440278E578DFCA8EEB2
LS-WS-0064,,audit/LUMEN_CONTRACT_TRACKER.md,EA74B18E611681C8BFDFEA7F436AE16E2222F596,16008,181,10615,10730,LX-WS-0064-EVD-02,EVIDENCE,records/evidence/runs/LX-WS-0064-EVD-02_LEGACY.md,97803B4BF69A445EDBF0F440278E578DFCA8EEB2
LS-WS-0064,,audit/LUMEN_CONTRACT_TRACKER.md,EA74B18E611681C8BFDFEA7F436AE16E2222F596,16008,182,10731,10790,LX-WS-0064-EVD-02,EVIDENCE,records/evidence/runs/LX-WS-0064-EVD-02_LEGACY.md,97803B4BF69A445EDBF0F440278E578DFCA8EEB2
LS-WS-0064,,audit/LUMEN_CONTRACT_TRACKER.md,EA74B18E611681C8BFDFEA7F436AE16E2222F596,16008,183,10791,10855,LX-WS-0064-DEC-01,DECISION,records/decisions/LX-WS-0064-DEC-01_LEGACY.md,159A2058EE96A0E99478B2F6833FE7573D31B3ED
LS-WS-0064,,audit/LUMEN_CONTRACT_TRACKER.md,EA74B18E611681C8BFDFEA7F436AE16E2222F596,16008,184,10856,10882,LX-WS-0064-CTX-07,CONTEXT,records/history/archive/LX-WS-0064-CTX-07_LEGACY.md,4369409E9D975E26584B526188FDC9480B15C706
LS-WS-0064,,audit/LUMEN_CONTRACT_TRACKER.md,EA74B18E611681C8BFDFEA7F436AE16E2222F596,16008,185,10883,10954,LX-WS-0064-DEC-01,DECISION,records/decisions/LX-WS-0064-DEC-01_LEGACY.md,159A2058EE96A0E99478B2F6833FE7573D31B3ED
LS-WS-0064,,audit/LUMEN_CONTRACT_TRACKER.md,EA74B18E611681C8BFDFEA7F436AE16E2222F596,16008,186,10955,11045,LX-WS-0064-IMP-04,IMPLEMENTATION,records/history/archive/LX-WS-0064-IMP-04_LEGACY.md,1A14291E822751DE5D7A2B734031D71DDD5E7E2D
LS-WS-0064,,audit/LUMEN_CONTRACT_TRACKER.md,EA74B18E611681C8BFDFEA7F436AE16E2222F596,16008,187,11046,11122,LX-WS-0064-IMP-04,IMPLEMENTATION,records/history/archive/LX-WS-0064-IMP-04_LEGACY.md,1A14291E822751DE5D7A2B734031D71DDD5E7E2D
LS-WS-0064,,audit/LUMEN_CONTRACT_TRACKER.md,EA74B18E611681C8BFDFEA7F436AE16E2222F596,16008,188,11123,11198,LX-WS-0064-IMP-04,IMPLEMENTATION,records/history/archive/LX-WS-0064-IMP-04_LEGACY.md,1A14291E822751DE5D7A2B734031D71DDD5E7E2D
LS-WS-0064,,audit/LUMEN_CONTRACT_TRACKER.md,EA74B18E611681C8BFDFEA7F436AE16E2222F596,16008,189,11199,11275,LX-WS-0064-IMP-04,IMPLEMENTATION,records/history/archive/LX-WS-0064-IMP-04_LEGACY.md,1A14291E822751DE5D7A2B734031D71DDD5E7E2D
LS-WS-0064,,audit/LUMEN_CONTRACT_TRACKER.md,EA74B18E611681C8BFDFEA7F436AE16E2222F596,16008,190,11276,11359,LX-WS-0064-IMP-04,IMPLEMENTATION,records/history/archive/LX-WS-0064-IMP-04_LEGACY.md,1A14291E822751DE5D7A2B734031D71DDD5E7E2D
LS-WS-0064,,audit/LUMEN_CONTRACT_TRACKER.md,EA74B18E611681C8BFDFEA7F436AE16E2222F596,16008,191,11360,11444,LX-WS-0064-IMP-04,IMPLEMENTATION,records/history/archive/LX-WS-0064-IMP-04_LEGACY.md,1A14291E822751DE5D7A2B734031D71DDD5E7E2D
LS-WS-0064,,audit/LUMEN_CONTRACT_TRACKER.md,EA74B18E611681C8BFDFEA7F436AE16E2222F596,16008,192,11445,11536,LX-WS-0064-IMP-04,IMPLEMENTATION,records/history/archive/LX-WS-0064-IMP-04_LEGACY.md,1A14291E822751DE5D7A2B734031D71DDD5E7E2D
LS-WS-0064,,audit/LUMEN_CONTRACT_TRACKER.md,EA74B18E611681C8BFDFEA7F436AE16E2222F596,16008,193,11537,11621,LX-WS-0064-IMP-04,IMPLEMENTATION,records/history/archive/LX-WS-0064-IMP-04_LEGACY.md,1A14291E822751DE5D7A2B734031D71DDD5E7E2D
LS-WS-0064,,audit/LUMEN_CONTRACT_TRACKER.md,EA74B18E611681C8BFDFEA7F436AE16E2222F596,16008,194,11622,11690,LX-WS-0064-IMP-04,IMPLEMENTATION,records/history/archive/LX-WS-0064-IMP-04_LEGACY.md,1A14291E822751DE5D7A2B734031D71DDD5E7E2D
LS-WS-0064,,audit/LUMEN_CONTRACT_TRACKER.md,EA74B18E611681C8BFDFEA7F436AE16E2222F596,16008,195,11691,11776,LX-WS-0064-IMP-04,IMPLEMENTATION,records/history/archive/LX-WS-0064-IMP-04_LEGACY.md,1A14291E822751DE5D7A2B734031D71DDD5E7E2D
LS-WS-0064,,audit/LUMEN_CONTRACT_TRACKER.md,EA74B18E611681C8BFDFEA7F436AE16E2222F596,16008,196,11777,11845,LX-WS-0064-IMP-04,IMPLEMENTATION,records/history/archive/LX-WS-0064-IMP-04_LEGACY.md,1A14291E822751DE5D7A2B734031D71DDD5E7E2D
LS-WS-0064,,audit/LUMEN_CONTRACT_TRACKER.md,EA74B18E611681C8BFDFEA7F436AE16E2222F596,16008,197,11846,11915,LX-WS-0064-IMP-04,IMPLEMENTATION,records/history/archive/LX-WS-0064-IMP-04_LEGACY.md,1A14291E822751DE5D7A2B734031D71DDD5E7E2D
LS-WS-0064,,audit/LUMEN_CONTRACT_TRACKER.md,EA74B18E611681C8BFDFEA7F436AE16E2222F596,16008,198,11916,11985,LX-WS-0064-IMP-04,IMPLEMENTATION,records/history/archive/LX-WS-0064-IMP-04_LEGACY.md,1A14291E822751DE5D7A2B734031D71DDD5E7E2D
LS-WS-0064,,audit/LUMEN_CONTRACT_TRACKER.md,EA74B18E611681C8BFDFEA7F436AE16E2222F596,16008,199,11986,12055,LX-WS-0064-IMP-04,IMPLEMENTATION,records/history/archive/LX-WS-0064-IMP-04_LEGACY.md,1A14291E822751DE5D7A2B734031D71DDD5E7E2D
LS-WS-0064,,audit/LUMEN_CONTRACT_TRACKER.md,EA74B18E611681C8BFDFEA7F436AE16E2222F596,16008,200,12056,12123,LX-WS-0064-IMP-04,IMPLEMENTATION,records/history/archive/LX-WS-0064-IMP-04_LEGACY.md,1A14291E822751DE5D7A2B734031D71DDD5E7E2D
LS-WS-0064,,audit/LUMEN_CONTRACT_TRACKER.md,EA74B18E611681C8BFDFEA7F436AE16E2222F596,16008,201,12124,12192,LX-WS-0064-IMP-04,IMPLEMENTATION,records/history/archive/LX-WS-0064-IMP-04_LEGACY.md,1A14291E822751DE5D7A2B734031D71DDD5E7E2D
LS-WS-0064,,audit/LUMEN_CONTRACT_TRACKER.md,EA74B18E611681C8BFDFEA7F436AE16E2222F596,16008,202,12193,12255,LX-WS-0064-DEC-01,DECISION,records/decisions/LX-WS-0064-DEC-01_LEGACY.md,159A2058EE96A0E99478B2F6833FE7573D31B3ED
LS-WS-0064,,audit/LUMEN_CONTRACT_TRACKER.md,EA74B18E611681C8BFDFEA7F436AE16E2222F596,16008,203,12256,12317,LX-WS-0064-DEC-01,DECISION,records/decisions/LX-WS-0064-DEC-01_LEGACY.md,159A2058EE96A0E99478B2F6833FE7573D31B3ED
LS-WS-0064,,audit/LUMEN_CONTRACT_TRACKER.md,EA74B18E611681C8BFDFEA7F436AE16E2222F596,16008,204,12318,12380,LX-WS-0064-DEC-01,DECISION,records/decisions/LX-WS-0064-DEC-01_LEGACY.md,159A2058EE96A0E99478B2F6833FE7573D31B3ED
LS-WS-0064,,audit/LUMEN_CONTRACT_TRACKER.md,EA74B18E611681C8BFDFEA7F436AE16E2222F596,16008,205,12381,12442,LX-WS-0064-EVD-02,EVIDENCE,records/evidence/runs/LX-WS-0064-EVD-02_LEGACY.md,97803B4BF69A445EDBF0F440278E578DFCA8EEB2
LS-WS-0064,,audit/LUMEN_CONTRACT_TRACKER.md,EA74B18E611681C8BFDFEA7F436AE16E2222F596,16008,206,12443,12504,LX-WS-0064-EVD-02,EVIDENCE,records/evidence/runs/LX-WS-0064-EVD-02_LEGACY.md,97803B4BF69A445EDBF0F440278E578DFCA8EEB2
LS-WS-0064,,audit/LUMEN_CONTRACT_TRACKER.md,EA74B18E611681C8BFDFEA7F436AE16E2222F596,16008,207,12505,12570,LX-WS-0064-DEC-01,DECISION,records/decisions/LX-WS-0064-DEC-01_LEGACY.md,159A2058EE96A0E99478B2F6833FE7573D31B3ED
LS-WS-0064,,audit/LUMEN_CONTRACT_TRACKER.md,EA74B18E611681C8BFDFEA7F436AE16E2222F596,16008,208,12571,12639,LX-WS-0064-DEC-01,DECISION,records/decisions/LX-WS-0064-DEC-01_LEGACY.md,159A2058EE96A0E99478B2F6833FE7573D31B3ED
LS-WS-0064,,audit/LUMEN_CONTRACT_TRACKER.md,EA74B18E611681C8BFDFEA7F436AE16E2222F596,16008,209,12640,12709,LX-WS-0064-DEC-01,DECISION,records/decisions/LX-WS-0064-DEC-01_LEGACY.md,159A2058EE96A0E99478B2F6833FE7573D31B3ED
LS-WS-0064,,audit/LUMEN_CONTRACT_TRACKER.md,EA74B18E611681C8BFDFEA7F436AE16E2222F596,16008,210,12710,12782,LX-WS-0064-DEC-01,DECISION,records/decisions/LX-WS-0064-DEC-01_LEGACY.md,159A2058EE96A0E99478B2F6833FE7573D31B3ED
LS-WS-0064,,audit/LUMEN_CONTRACT_TRACKER.md,EA74B18E611681C8BFDFEA7F436AE16E2222F596,16008,211,12783,12849,LX-WS-0064-DEC-01,DECISION,records/decisions/LX-WS-0064-DEC-01_LEGACY.md,159A2058EE96A0E99478B2F6833FE7573D31B3ED
LS-WS-0064,,audit/LUMEN_CONTRACT_TRACKER.md,EA74B18E611681C8BFDFEA7F436AE16E2222F596,16008,212,12850,12915,LX-WS-0064-EVD-02,EVIDENCE,records/evidence/runs/LX-WS-0064-EVD-02_LEGACY.md,97803B4BF69A445EDBF0F440278E578DFCA8EEB2
LS-WS-0064,,audit/LUMEN_CONTRACT_TRACKER.md,EA74B18E611681C8BFDFEA7F436AE16E2222F596,16008,213,12916,12983,LX-WS-0064-EVD-02,EVIDENCE,records/evidence/runs/LX-WS-0064-EVD-02_LEGACY.md,97803B4BF69A445EDBF0F440278E578DFCA8EEB2
LS-WS-0064,,audit/LUMEN_CONTRACT_TRACKER.md,EA74B18E611681C8BFDFEA7F436AE16E2222F596,16008,214,12984,13056,LX-WS-0064-DEC-01,DECISION,records/decisions/LX-WS-0064-DEC-01_LEGACY.md,159A2058EE96A0E99478B2F6833FE7573D31B3ED
LS-WS-0064,,audit/LUMEN_CONTRACT_TRACKER.md,EA74B18E611681C8BFDFEA7F436AE16E2222F596,16008,215,13057,13132,LX-WS-0064-DEC-01,DECISION,records/decisions/LX-WS-0064-DEC-01_LEGACY.md,159A2058EE96A0E99478B2F6833FE7573D31B3ED
LS-WS-0064,,audit/LUMEN_CONTRACT_TRACKER.md,EA74B18E611681C8BFDFEA7F436AE16E2222F596,16008,216,13133,13207,LX-WS-0064-EVD-02,EVIDENCE,records/evidence/runs/LX-WS-0064-EVD-02_LEGACY.md,97803B4BF69A445EDBF0F440278E578DFCA8EEB2
LS-WS-0064,,audit/LUMEN_CONTRACT_TRACKER.md,EA74B18E611681C8BFDFEA7F436AE16E2222F596,16008,217,13208,13284,LX-WS-0064-DEC-01,DECISION,records/decisions/LX-WS-0064-DEC-01_LEGACY.md,159A2058EE96A0E99478B2F6833FE7573D31B3ED
LS-WS-0064,,audit/LUMEN_CONTRACT_TRACKER.md,EA74B18E611681C8BFDFEA7F436AE16E2222F596,16008,218,13285,13361,LX-WS-0064-DEC-01,DECISION,records/decisions/LX-WS-0064-DEC-01_LEGACY.md,159A2058EE96A0E99478B2F6833FE7573D31B3ED
LS-WS-0064,,audit/LUMEN_CONTRACT_TRACKER.md,EA74B18E611681C8BFDFEA7F436AE16E2222F596,16008,219,13362,13437,LX-WS-0064-EVD-02,EVIDENCE,records/evidence/runs/LX-WS-0064-EVD-02_LEGACY.md,97803B4BF69A445EDBF0F440278E578DFCA8EEB2
LS-WS-0064,,audit/LUMEN_CONTRACT_TRACKER.md,EA74B18E611681C8BFDFEA7F436AE16E2222F596,16008,220,13438,13511,LX-WS-0064-EVD-02,EVIDENCE,records/evidence/runs/LX-WS-0064-EVD-02_LEGACY.md,97803B4BF69A445EDBF0F440278E578DFCA8EEB2
LS-WS-0064,,audit/LUMEN_CONTRACT_TRACKER.md,EA74B18E611681C8BFDFEA7F436AE16E2222F596,16008,221,13512,13544,LX-WS-0064-DEC-01,DECISION,records/decisions/LX-WS-0064-DEC-01_LEGACY.md,159A2058EE96A0E99478B2F6833FE7573D31B3ED
LS-WS-0064,,audit/LUMEN_CONTRACT_TRACKER.md,EA74B18E611681C8BFDFEA7F436AE16E2222F596,16008,222,13545,13580,LX-WS-0064-CTX-07,CONTEXT,records/history/archive/LX-WS-0064-CTX-07_LEGACY.md,4369409E9D975E26584B526188FDC9480B15C706
LS-WS-0064,,audit/LUMEN_CONTRACT_TRACKER.md,EA74B18E611681C8BFDFEA7F436AE16E2222F596,16008,223,13581,13611,LX-WS-0064-EVD-02,EVIDENCE,records/evidence/runs/LX-WS-0064-EVD-02_LEGACY.md,97803B4BF69A445EDBF0F440278E578DFCA8EEB2
LS-WS-0064,,audit/LUMEN_CONTRACT_TRACKER.md,EA74B18E611681C8BFDFEA7F436AE16E2222F596,16008,224,13612,13651,LX-WS-0064-EVD-02,EVIDENCE,records/evidence/runs/LX-WS-0064-EVD-02_LEGACY.md,97803B4BF69A445EDBF0F440278E578DFCA8EEB2
LS-WS-0064,,audit/LUMEN_CONTRACT_TRACKER.md,EA74B18E611681C8BFDFEA7F436AE16E2222F596,16008,225,13652,13684,LX-WS-0064-EVD-02,EVIDENCE,records/evidence/runs/LX-WS-0064-EVD-02_LEGACY.md,97803B4BF69A445EDBF0F440278E578DFCA8EEB2
LS-WS-0064,,audit/LUMEN_CONTRACT_TRACKER.md,EA74B18E611681C8BFDFEA7F436AE16E2222F596,16008,226,13685,13721,LX-WS-0064-EVD-02,EVIDENCE,records/evidence/runs/LX-WS-0064-EVD-02_LEGACY.md,97803B4BF69A445EDBF0F440278E578DFCA8EEB2
LS-WS-0064,,audit/LUMEN_CONTRACT_TRACKER.md,EA74B18E611681C8BFDFEA7F436AE16E2222F596,16008,227,13722,13757,LX-WS-0064-EVD-02,EVIDENCE,records/evidence/runs/LX-WS-0064-EVD-02_LEGACY.md,97803B4BF69A445EDBF0F440278E578DFCA8EEB2
LS-WS-0064,,audit/LUMEN_CONTRACT_TRACKER.md,EA74B18E611681C8BFDFEA7F436AE16E2222F596,16008,228,13758,13790,LX-WS-0064-DEC-01,DECISION,records/decisions/LX-WS-0064-DEC-01_LEGACY.md,159A2058EE96A0E99478B2F6833FE7573D31B3ED
LS-WS-0064,,audit/LUMEN_CONTRACT_TRACKER.md,EA74B18E611681C8BFDFEA7F436AE16E2222F596,16008,229,13791,13824,LX-WS-0064-DEC-01,DECISION,records/decisions/LX-WS-0064-DEC-01_LEGACY.md,159A2058EE96A0E99478B2F6833FE7573D31B3ED
LS-WS-0064,,audit/LUMEN_CONTRACT_TRACKER.md,EA74B18E611681C8BFDFEA7F436AE16E2222F596,16008,230,13825,13856,LX-WS-0064-CTX-07,CONTEXT,records/history/archive/LX-WS-0064-CTX-07_LEGACY.md,4369409E9D975E26584B526188FDC9480B15C706
LS-WS-0064,,audit/LUMEN_CONTRACT_TRACKER.md,EA74B18E611681C8BFDFEA7F436AE16E2222F596,16008,231,13857,13893,LX-WS-0064-EVD-02,EVIDENCE,records/evidence/runs/LX-WS-0064-EVD-02_LEGACY.md,97803B4BF69A445EDBF0F440278E578DFCA8EEB2
LS-WS-0064,,audit/LUMEN_CONTRACT_TRACKER.md,EA74B18E611681C8BFDFEA7F436AE16E2222F596,16008,232,13894,13931,LX-WS-0064-EVD-02,EVIDENCE,records/evidence/runs/LX-WS-0064-EVD-02_LEGACY.md,97803B4BF69A445EDBF0F440278E578DFCA8EEB2
LS-WS-0064,,audit/LUMEN_CONTRACT_TRACKER.md,EA74B18E611681C8BFDFEA7F436AE16E2222F596,16008,233,13932,13968,LX-WS-0064-DEC-01,DECISION,records/decisions/LX-WS-0064-DEC-01_LEGACY.md,159A2058EE96A0E99478B2F6833FE7573D31B3ED
LS-WS-0064,,audit/LUMEN_CONTRACT_TRACKER.md,EA74B18E611681C8BFDFEA7F436AE16E2222F596,16008,234,13969,14007,LX-WS-0064-DEC-01,DECISION,records/decisions/LX-WS-0064-DEC-01_LEGACY.md,159A2058EE96A0E99478B2F6833FE7573D31B3ED
LS-WS-0064,,audit/LUMEN_CONTRACT_TRACKER.md,EA74B18E611681C8BFDFEA7F436AE16E2222F596,16008,235,14008,14053,LX-WS-0064-EVD-02,EVIDENCE,records/evidence/runs/LX-WS-0064-EVD-02_LEGACY.md,97803B4BF69A445EDBF0F440278E578DFCA8EEB2
LS-WS-0064,,audit/LUMEN_CONTRACT_TRACKER.md,EA74B18E611681C8BFDFEA7F436AE16E2222F596,16008,236,14054,14099,LX-WS-0064-EVD-02,EVIDENCE,records/evidence/runs/LX-WS-0064-EVD-02_LEGACY.md,97803B4BF69A445EDBF0F440278E578DFCA8EEB2
LS-WS-0064,,audit/LUMEN_CONTRACT_TRACKER.md,EA74B18E611681C8BFDFEA7F436AE16E2222F596,16008,237,14100,14138,LX-WS-0064-DEC-01,DECISION,records/decisions/LX-WS-0064-DEC-01_LEGACY.md,159A2058EE96A0E99478B2F6833FE7573D31B3ED
LS-WS-0064,,audit/LUMEN_CONTRACT_TRACKER.md,EA74B18E611681C8BFDFEA7F436AE16E2222F596,16008,238,14139,14179,LX-WS-0064-DEC-01,DECISION,records/decisions/LX-WS-0064-DEC-01_LEGACY.md,159A2058EE96A0E99478B2F6833FE7573D31B3ED
LS-WS-0064,,audit/LUMEN_CONTRACT_TRACKER.md,EA74B18E611681C8BFDFEA7F436AE16E2222F596,16008,239,14180,14219,LX-WS-0064-DEC-01,DECISION,records/decisions/LX-WS-0064-DEC-01_LEGACY.md,159A2058EE96A0E99478B2F6833FE7573D31B3ED
LS-WS-0064,,audit/LUMEN_CONTRACT_TRACKER.md,EA74B18E611681C8BFDFEA7F436AE16E2222F596,16008,240,14220,14268,LX-WS-0064-EVD-02,EVIDENCE,records/evidence/runs/LX-WS-0064-EVD-02_LEGACY.md,97803B4BF69A445EDBF0F440278E578DFCA8EEB2
LS-WS-0064,,audit/LUMEN_CONTRACT_TRACKER.md,EA74B18E611681C8BFDFEA7F436AE16E2222F596,16008,241,14269,14315,LX-WS-0064-EVD-02,EVIDENCE,records/evidence/runs/LX-WS-0064-EVD-02_LEGACY.md,97803B4BF69A445EDBF0F440278E578DFCA8EEB2
LS-WS-0064,,audit/LUMEN_CONTRACT_TRACKER.md,EA74B18E611681C8BFDFEA7F436AE16E2222F596,16008,242,14316,14355,LX-WS-0064-DEC-01,DECISION,records/decisions/LX-WS-0064-DEC-01_LEGACY.md,159A2058EE96A0E99478B2F6833FE7573D31B3ED
LS-WS-0064,,audit/LUMEN_CONTRACT_TRACKER.md,EA74B18E611681C8BFDFEA7F436AE16E2222F596,16008,243,14356,14395,LX-WS-0064-DEC-01,DECISION,records/decisions/LX-WS-0064-DEC-01_LEGACY.md,159A2058EE96A0E99478B2F6833FE7573D31B3ED
LS-WS-0064,,audit/LUMEN_CONTRACT_TRACKER.md,EA74B18E611681C8BFDFEA7F436AE16E2222F596,16008,244,14396,14436,LX-WS-0064-DEC-01,DECISION,records/decisions/LX-WS-0064-DEC-01_LEGACY.md,159A2058EE96A0E99478B2F6833FE7573D31B3ED
LS-WS-0064,,audit/LUMEN_CONTRACT_TRACKER.md,EA74B18E611681C8BFDFEA7F436AE16E2222F596,16008,245,14437,14478,LX-WS-0064-EVD-02,EVIDENCE,records/evidence/runs/LX-WS-0064-EVD-02_LEGACY.md,97803B4BF69A445EDBF0F440278E578DFCA8EEB2
LS-WS-0064,,audit/LUMEN_CONTRACT_TRACKER.md,EA74B18E611681C8BFDFEA7F436AE16E2222F596,16008,246,14479,14518,LX-WS-0064-EVD-02,EVIDENCE,records/evidence/runs/LX-WS-0064-EVD-02_LEGACY.md,97803B4BF69A445EDBF0F440278E578DFCA8EEB2
LS-WS-0064,,audit/LUMEN_CONTRACT_TRACKER.md,EA74B18E611681C8BFDFEA7F436AE16E2222F596,16008,247,14519,14554,LX-WS-0064-DEC-01,DECISION,records/decisions/LX-WS-0064-DEC-01_LEGACY.md,159A2058EE96A0E99478B2F6833FE7573D31B3ED
LS-WS-0064,,audit/LUMEN_CONTRACT_TRACKER.md,EA74B18E611681C8BFDFEA7F436AE16E2222F596,16008,248,14555,14598,LX-WS-0064-DEC-01,DECISION,records/decisions/LX-WS-0064-DEC-01_LEGACY.md,159A2058EE96A0E99478B2F6833FE7573D31B3ED
LS-WS-0064,,audit/LUMEN_CONTRACT_TRACKER.md,EA74B18E611681C8BFDFEA7F436AE16E2222F596,16008,249,14599,14642,LX-WS-0064-DEC-01,DECISION,records/decisions/LX-WS-0064-DEC-01_LEGACY.md,159A2058EE96A0E99478B2F6833FE7573D31B3ED
LS-WS-0064,,audit/LUMEN_CONTRACT_TRACKER.md,EA74B18E611681C8BFDFEA7F436AE16E2222F596,16008,250,14643,14686,LX-WS-0064-DEC-01,DECISION,records/decisions/LX-WS-0064-DEC-01_LEGACY.md,159A2058EE96A0E99478B2F6833FE7573D31B3ED
LS-WS-0064,,audit/LUMEN_CONTRACT_TRACKER.md,EA74B18E611681C8BFDFEA7F436AE16E2222F596,16008,251,14687,14731,LX-WS-0064-DEC-01,DECISION,records/decisions/LX-WS-0064-DEC-01_LEGACY.md,159A2058EE96A0E99478B2F6833FE7573D31B3ED
LS-WS-0064,,audit/LUMEN_CONTRACT_TRACKER.md,EA74B18E611681C8BFDFEA7F436AE16E2222F596,16008,252,14732,14777,LX-WS-0064-DEC-01,DECISION,records/decisions/LX-WS-0064-DEC-01_LEGACY.md,159A2058EE96A0E99478B2F6833FE7573D31B3ED
LS-WS-0064,,audit/LUMEN_CONTRACT_TRACKER.md,EA74B18E611681C8BFDFEA7F436AE16E2222F596,16008,253,14778,14825,LX-WS-0064-DEC-01,DECISION,records/decisions/LX-WS-0064-DEC-01_LEGACY.md,159A2058EE96A0E99478B2F6833FE7573D31B3ED
LS-WS-0064,,audit/LUMEN_CONTRACT_TRACKER.md,EA74B18E611681C8BFDFEA7F436AE16E2222F596,16008,254,14826,14874,LX-WS-0064-DEC-01,DECISION,records/decisions/LX-WS-0064-DEC-01_LEGACY.md,159A2058EE96A0E99478B2F6833FE7573D31B3ED
LS-WS-0064,,audit/LUMEN_CONTRACT_TRACKER.md,EA74B18E611681C8BFDFEA7F436AE16E2222F596,16008,255,14875,14923,LX-WS-0064-DEC-01,DECISION,records/decisions/LX-WS-0064-DEC-01_LEGACY.md,159A2058EE96A0E99478B2F6833FE7573D31B3ED
LS-WS-0064,,audit/LUMEN_CONTRACT_TRACKER.md,EA74B18E611681C8BFDFEA7F436AE16E2222F596,16008,256,14924,14973,LX-WS-0064-DEC-01,DECISION,records/decisions/LX-WS-0064-DEC-01_LEGACY.md,159A2058EE96A0E99478B2F6833FE7573D31B3ED
LS-WS-0064,,audit/LUMEN_CONTRACT_TRACKER.md,EA74B18E611681C8BFDFEA7F436AE16E2222F596,16008,257,14974,15009,LX-WS-0064-DEC-01,DECISION,records/decisions/LX-WS-0064-DEC-01_LEGACY.md,159A2058EE96A0E99478B2F6833FE7573D31B3ED
LS-WS-0064,,audit/LUMEN_CONTRACT_TRACKER.md,EA74B18E611681C8BFDFEA7F436AE16E2222F596,16008,258,15010,15044,LX-WS-0064-DEC-01,DECISION,records/decisions/LX-WS-0064-DEC-01_LEGACY.md,159A2058EE96A0E99478B2F6833FE7573D31B3ED
LS-WS-0064,,audit/LUMEN_CONTRACT_TRACKER.md,EA74B18E611681C8BFDFEA7F436AE16E2222F596,16008,259,15045,15080,LX-WS-0064-DEC-01,DECISION,records/decisions/LX-WS-0064-DEC-01_LEGACY.md,159A2058EE96A0E99478B2F6833FE7573D31B3ED
LS-WS-0064,,audit/LUMEN_CONTRACT_TRACKER.md,EA74B18E611681C8BFDFEA7F436AE16E2222F596,16008,260,15081,15120,LX-WS-0064-DEC-01,DECISION,records/decisions/LX-WS-0064-DEC-01_LEGACY.md,159A2058EE96A0E99478B2F6833FE7573D31B3ED
LS-WS-0064,,audit/LUMEN_CONTRACT_TRACKER.md,EA74B18E611681C8BFDFEA7F436AE16E2222F596,16008,261,15121,15160,LX-WS-0064-DEC-01,DECISION,records/decisions/LX-WS-0064-DEC-01_LEGACY.md,159A2058EE96A0E99478B2F6833FE7573D31B3ED
LS-WS-0064,,audit/LUMEN_CONTRACT_TRACKER.md,EA74B18E611681C8BFDFEA7F436AE16E2222F596,16008,262,15161,15199,LX-WS-0064-EVD-02,EVIDENCE,records/evidence/runs/LX-WS-0064-EVD-02_LEGACY.md,97803B4BF69A445EDBF0F440278E578DFCA8EEB2
LS-WS-0064,,audit/LUMEN_CONTRACT_TRACKER.md,EA74B18E611681C8BFDFEA7F436AE16E2222F596,16008,263,15200,15238,LX-WS-0064-DEC-01,DECISION,records/decisions/LX-WS-0064-DEC-01_LEGACY.md,159A2058EE96A0E99478B2F6833FE7573D31B3ED
LS-WS-0064,,audit/LUMEN_CONTRACT_TRACKER.md,EA74B18E611681C8BFDFEA7F436AE16E2222F596,16008,264,15239,15280,LX-WS-0064-DEC-01,DECISION,records/decisions/LX-WS-0064-DEC-01_LEGACY.md,159A2058EE96A0E99478B2F6833FE7573D31B3ED
LS-WS-0064,,audit/LUMEN_CONTRACT_TRACKER.md,EA74B18E611681C8BFDFEA7F436AE16E2222F596,16008,265,15281,15322,LX-WS-0064-DEC-01,DECISION,records/decisions/LX-WS-0064-DEC-01_LEGACY.md,159A2058EE96A0E99478B2F6833FE7573D31B3ED
LS-WS-0064,,audit/LUMEN_CONTRACT_TRACKER.md,EA74B18E611681C8BFDFEA7F436AE16E2222F596,16008,266,15323,15362,LX-WS-0064-DEC-01,DECISION,records/decisions/LX-WS-0064-DEC-01_LEGACY.md,159A2058EE96A0E99478B2F6833FE7573D31B3ED
LS-WS-0064,,audit/LUMEN_CONTRACT_TRACKER.md,EA74B18E611681C8BFDFEA7F436AE16E2222F596,16008,267,15363,15403,LX-WS-0064-EVD-02,EVIDENCE,records/evidence/runs/LX-WS-0064-EVD-02_LEGACY.md,97803B4BF69A445EDBF0F440278E578DFCA8EEB2
LS-WS-0064,,audit/LUMEN_CONTRACT_TRACKER.md,EA74B18E611681C8BFDFEA7F436AE16E2222F596,16008,268,15404,15442,LX-WS-0064-DEC-01,DECISION,records/decisions/LX-WS-0064-DEC-01_LEGACY.md,159A2058EE96A0E99478B2F6833FE7573D31B3ED
LS-WS-0064,,audit/LUMEN_CONTRACT_TRACKER.md,EA74B18E611681C8BFDFEA7F436AE16E2222F596,16008,269,15443,15483,LX-WS-0064-DEC-01,DECISION,records/decisions/LX-WS-0064-DEC-01_LEGACY.md,159A2058EE96A0E99478B2F6833FE7573D31B3ED
LS-WS-0064,,audit/LUMEN_CONTRACT_TRACKER.md,EA74B18E611681C8BFDFEA7F436AE16E2222F596,16008,270,15484,15520,LX-WS-0064-DEC-01,DECISION,records/decisions/LX-WS-0064-DEC-01_LEGACY.md,159A2058EE96A0E99478B2F6833FE7573D31B3ED
LS-WS-0064,,audit/LUMEN_CONTRACT_TRACKER.md,EA74B18E611681C8BFDFEA7F436AE16E2222F596,16008,271,15521,15550,LX-WS-0064-CTX-07,CONTEXT,records/history/archive/LX-WS-0064-CTX-07_LEGACY.md,4369409E9D975E26584B526188FDC9480B15C706
LS-WS-0064,,audit/LUMEN_CONTRACT_TRACKER.md,EA74B18E611681C8BFDFEA7F436AE16E2222F596,16008,272,15551,15580,LX-WS-0064-EVD-02,EVIDENCE,records/evidence/runs/LX-WS-0064-EVD-02_LEGACY.md,97803B4BF69A445EDBF0F440278E578DFCA8EEB2
LS-WS-0064,,audit/LUMEN_CONTRACT_TRACKER.md,EA74B18E611681C8BFDFEA7F436AE16E2222F596,16008,273,15581,15612,LX-WS-0064-DEC-01,DECISION,records/decisions/LX-WS-0064-DEC-01_LEGACY.md,159A2058EE96A0E99478B2F6833FE7573D31B3ED
LS-WS-0064,,audit/LUMEN_CONTRACT_TRACKER.md,EA74B18E611681C8BFDFEA7F436AE16E2222F596,16008,274,15613,15643,LX-WS-0064-DEC-01,DECISION,records/decisions/LX-WS-0064-DEC-01_LEGACY.md,159A2058EE96A0E99478B2F6833FE7573D31B3ED
LS-WS-0064,,audit/LUMEN_CONTRACT_TRACKER.md,EA74B18E611681C8BFDFEA7F436AE16E2222F596,16008,275,15644,15679,LX-WS-0064-EVD-02,EVIDENCE,records/evidence/runs/LX-WS-0064-EVD-02_LEGACY.md,97803B4BF69A445EDBF0F440278E578DFCA8EEB2
LS-WS-0064,,audit/LUMEN_CONTRACT_TRACKER.md,EA74B18E611681C8BFDFEA7F436AE16E2222F596,16008,276,15680,15711,LX-WS-0064-EVD-02,EVIDENCE,records/evidence/runs/LX-WS-0064-EVD-02_LEGACY.md,97803B4BF69A445EDBF0F440278E578DFCA8EEB2
LS-WS-0064,,audit/LUMEN_CONTRACT_TRACKER.md,EA74B18E611681C8BFDFEA7F436AE16E2222F596,16008,277,15712,15743,LX-WS-0064-DEC-01,DECISION,records/decisions/LX-WS-0064-DEC-01_LEGACY.md,159A2058EE96A0E99478B2F6833FE7573D31B3ED
LS-WS-0064,,audit/LUMEN_CONTRACT_TRACKER.md,EA74B18E611681C8BFDFEA7F436AE16E2222F596,16008,278,15744,15776,LX-WS-0064-DEC-01,DECISION,records/decisions/LX-WS-0064-DEC-01_LEGACY.md,159A2058EE96A0E99478B2F6833FE7573D31B3ED
LS-WS-0064,,audit/LUMEN_CONTRACT_TRACKER.md,EA74B18E611681C8BFDFEA7F436AE16E2222F596,16008,279,15777,15803,LX-WS-0064-EVD-02,EVIDENCE,records/evidence/runs/LX-WS-0064-EVD-02_LEGACY.md,97803B4BF69A445EDBF0F440278E578DFCA8EEB2
LS-WS-0064,,audit/LUMEN_CONTRACT_TRACKER.md,EA74B18E611681C8BFDFEA7F436AE16E2222F596,16008,280,15804,15862,LX-WS-0064-EVD-02,EVIDENCE,records/evidence/runs/LX-WS-0064-EVD-02_LEGACY.md,97803B4BF69A445EDBF0F440278E578DFCA8EEB2
LS-WS-0064,,audit/LUMEN_CONTRACT_TRACKER.md,EA74B18E611681C8BFDFEA7F436AE16E2222F596,16008,281,15863,15878,LX-WS-0064-IMP-04,IMPLEMENTATION,records/history/archive/LX-WS-0064-IMP-04_LEGACY.md,1A14291E822751DE5D7A2B734031D71DDD5E7E2D
LS-WS-0064,,audit/LUMEN_CONTRACT_TRACKER.md,EA74B18E611681C8BFDFEA7F436AE16E2222F596,16008,282,15879,15909,LX-WS-0064-EVD-02,EVIDENCE,records/evidence/runs/LX-WS-0064-EVD-02_LEGACY.md,97803B4BF69A445EDBF0F440278E578DFCA8EEB2
LS-WS-0064,,audit/LUMEN_CONTRACT_TRACKER.md,EA74B18E611681C8BFDFEA7F436AE16E2222F596,16008,283,15910,15928,LX-WS-0064-EVD-02,EVIDENCE,records/evidence/runs/LX-WS-0064-EVD-02_LEGACY.md,97803B4BF69A445EDBF0F440278E578DFCA8EEB2
LS-WS-0064,,audit/LUMEN_CONTRACT_TRACKER.md,EA74B18E611681C8BFDFEA7F436AE16E2222F596,16008,284,15929,15949,LX-WS-0064-IMP-04,IMPLEMENTATION,records/history/archive/LX-WS-0064-IMP-04_LEGACY.md,1A14291E822751DE5D7A2B734031D71DDD5E7E2D
LS-WS-0064,,audit/LUMEN_CONTRACT_TRACKER.md,EA74B18E611681C8BFDFEA7F436AE16E2222F596,16008,285,15950,15972,LX-WS-0064-CTX-07,CONTEXT,records/history/archive/LX-WS-0064-CTX-07_LEGACY.md,4369409E9D975E26584B526188FDC9480B15C706
LS-WS-0064,,audit/LUMEN_CONTRACT_TRACKER.md,EA74B18E611681C8BFDFEA7F436AE16E2222F596,16008,286,15973,15996,LX-WS-0064-CTX-07,CONTEXT,records/history/archive/LX-WS-0064-CTX-07_LEGACY.md,4369409E9D975E26584B526188FDC9480B15C706
LS-WS-0064,,audit/LUMEN_CONTRACT_TRACKER.md,EA74B18E611681C8BFDFEA7F436AE16E2222F596,16008,287,15997,16008,LX-WS-0064-CTX-07,CONTEXT,records/history/archive/LX-WS-0064-CTX-07_LEGACY.md,4369409E9D975E26584B526188FDC9480B15C706
LS-WS-0065,,audit/LUMEN_IMPLEMENTATION_STATUS.md,EE2593354FAC55E6E3B4579525334F9865A752A4,19239,1,1,2,LX-WS-0065-CTX-07,CONTEXT,records/history/archive/LX-WS-0065-CTX-07_LEGACY.md,B3B9F70DB693224E112B2926D928A4AA45C2D789
LS-WS-0065,,audit/LUMEN_IMPLEMENTATION_STATUS.md,EE2593354FAC55E6E3B4579525334F9865A752A4,19239,2,3,14,LX-WS-0065-CTX-07,CONTEXT,records/history/archive/LX-WS-0065-CTX-07_LEGACY.md,B3B9F70DB693224E112B2926D928A4AA45C2D789
LS-WS-0065,,audit/LUMEN_IMPLEMENTATION_STATUS.md,EE2593354FAC55E6E3B4579525334F9865A752A4,19239,3,15,73,LX-WS-0065-CTX-07,CONTEXT,records/history/archive/LX-WS-0065-CTX-07_LEGACY.md,B3B9F70DB693224E112B2926D928A4AA45C2D789
LS-WS-0065,,audit/LUMEN_IMPLEMENTATION_STATUS.md,EE2593354FAC55E6E3B4579525334F9865A752A4,19239,4,74,133,LX-WS-0065-DEC-01,DECISION,records/decisions/LX-WS-0065-DEC-01_LEGACY.md,087BBD15575824232469C555C148F67F14A23CC1
LS-WS-0065,,audit/LUMEN_IMPLEMENTATION_STATUS.md,EE2593354FAC55E6E3B4579525334F9865A752A4,19239,5,134,195,LX-WS-0065-DEC-01,DECISION,records/decisions/LX-WS-0065-DEC-01_LEGACY.md,087BBD15575824232469C555C148F67F14A23CC1
LS-WS-0065,,audit/LUMEN_IMPLEMENTATION_STATUS.md,EE2593354FAC55E6E3B4579525334F9865A752A4,19239,6,196,285,LX-WS-0065-RES-06,RESEARCH,records/history/archive/LX-WS-0065-RES-06_LEGACY.md,958F8B3AD357A035D2D1A546C633A2F5AFA4BA1A
LS-WS-0065,,audit/LUMEN_IMPLEMENTATION_STATUS.md,EE2593354FAC55E6E3B4579525334F9865A752A4,19239,7,286,360,LX-WS-0065-RES-06,RESEARCH,records/history/archive/LX-WS-0065-RES-06_LEGACY.md,958F8B3AD357A035D2D1A546C633A2F5AFA4BA1A
LS-WS-0065,,audit/LUMEN_IMPLEMENTATION_STATUS.md,EE2593354FAC55E6E3B4579525334F9865A752A4,19239,8,361,399,LX-WS-0065-EVD-02,EVIDENCE,records/evidence/runs/LX-WS-0065-EVD-02_LEGACY.md,F317542C10FBAE950EE7EBE4C0684BE27417A8EE
LS-WS-0065,,audit/LUMEN_IMPLEMENTATION_STATUS.md,EE2593354FAC55E6E3B4579525334F9865A752A4,19239,9,400,489,LX-WS-0065-EVD-02,EVIDENCE,records/evidence/runs/LX-WS-0065-EVD-02_LEGACY.md,F317542C10FBAE950EE7EBE4C0684BE27417A8EE
LS-WS-0065,,audit/LUMEN_IMPLEMENTATION_STATUS.md,EE2593354FAC55E6E3B4579525334F9865A752A4,19239,10,490,560,LX-WS-0065-RES-06,RESEARCH,records/history/archive/LX-WS-0065-RES-06_LEGACY.md,958F8B3AD357A035D2D1A546C633A2F5AFA4BA1A
LS-WS-0065,,audit/LUMEN_IMPLEMENTATION_STATUS.md,EE2593354FAC55E6E3B4579525334F9865A752A4,19239,11,561,591,LX-WS-0065-RES-06,RESEARCH,records/history/archive/LX-WS-0065-RES-06_LEGACY.md,958F8B3AD357A035D2D1A546C633A2F5AFA4BA1A
LS-WS-0065,,audit/LUMEN_IMPLEMENTATION_STATUS.md,EE2593354FAC55E6E3B4579525334F9865A752A4,19239,12,592,682,LX-WS-0065-FND-03,FINDING,records/history/archive/LX-WS-0065-FND-03_LEGACY.md,564F9D99F27FD4B3922D287F2E8E6614A51E9DC3
LS-WS-0065,,audit/LUMEN_IMPLEMENTATION_STATUS.md,EE2593354FAC55E6E3B4579525334F9865A752A4,19239,13,683,777,LX-WS-0065-EVD-02,EVIDENCE,records/evidence/runs/LX-WS-0065-EVD-02_LEGACY.md,F317542C10FBAE950EE7EBE4C0684BE27417A8EE
LS-WS-0065,,audit/LUMEN_IMPLEMENTATION_STATUS.md,EE2593354FAC55E6E3B4579525334F9865A752A4,19239,14,778,857,LX-WS-0065-FND-03,FINDING,records/history/archive/LX-WS-0065-FND-03_LEGACY.md,564F9D99F27FD4B3922D287F2E8E6614A51E9DC3
LS-WS-0065,,audit/LUMEN_IMPLEMENTATION_STATUS.md,EE2593354FAC55E6E3B4579525334F9865A752A4,19239,15,858,933,LX-WS-0065-CTX-07,CONTEXT,records/history/archive/LX-WS-0065-CTX-07_LEGACY.md,B3B9F70DB693224E112B2926D928A4AA45C2D789
LS-WS-0065,,audit/LUMEN_IMPLEMENTATION_STATUS.md,EE2593354FAC55E6E3B4579525334F9865A752A4,19239,16,934,1041,LX-WS-0065-FND-03,FINDING,records/history/archive/LX-WS-0065-FND-03_LEGACY.md,564F9D99F27FD4B3922D287F2E8E6614A51E9DC3
LS-WS-0065,,audit/LUMEN_IMPLEMENTATION_STATUS.md,EE2593354FAC55E6E3B4579525334F9865A752A4,19239,17,1042,1193,LX-WS-0065-EVD-02,EVIDENCE,records/evidence/runs/LX-WS-0065-EVD-02_LEGACY.md,F317542C10FBAE950EE7EBE4C0684BE27417A8EE
LS-WS-0065,,audit/LUMEN_IMPLEMENTATION_STATUS.md,EE2593354FAC55E6E3B4579525334F9865A752A4,19239,18,1194,1315,LX-WS-0065-FND-03,FINDING,records/history/archive/LX-WS-0065-FND-03_LEGACY.md,564F9D99F27FD4B3922D287F2E8E6614A51E9DC3
LS-WS-0065,,audit/LUMEN_IMPLEMENTATION_STATUS.md,EE2593354FAC55E6E3B4579525334F9865A752A4,19239,19,1316,1437,LX-WS-0065-EVD-02,EVIDENCE,records/evidence/runs/LX-WS-0065-EVD-02_LEGACY.md,F317542C10FBAE950EE7EBE4C0684BE27417A8EE
LS-WS-0065,,audit/LUMEN_IMPLEMENTATION_STATUS.md,EE2593354FAC55E6E3B4579525334F9865A752A4,19239,20,1438,1567,LX-WS-0065-FND-03,FINDING,records/history/archive/LX-WS-0065-FND-03_LEGACY.md,564F9D99F27FD4B3922D287F2E8E6614A51E9DC3
LS-WS-0065,,audit/LUMEN_IMPLEMENTATION_STATUS.md,EE2593354FAC55E6E3B4579525334F9865A752A4,19239,21,1568,1732,LX-WS-0065-FND-03,FINDING,records/history/archive/LX-WS-0065-FND-03_LEGACY.md,564F9D99F27FD4B3922D287F2E8E6614A51E9DC3
LS-WS-0065,,audit/LUMEN_IMPLEMENTATION_STATUS.md,EE2593354FAC55E6E3B4579525334F9865A752A4,19239,22,1733,1887,LX-WS-0065-FND-03,FINDING,records/history/archive/LX-WS-0065-FND-03_LEGACY.md,564F9D99F27FD4B3922D287F2E8E6614A51E9DC3
LS-WS-0065,,audit/LUMEN_IMPLEMENTATION_STATUS.md,EE2593354FAC55E6E3B4579525334F9865A752A4,19239,23,1888,2037,LX-WS-0065-FND-03,FINDING,records/history/archive/LX-WS-0065-FND-03_LEGACY.md,564F9D99F27FD4B3922D287F2E8E6614A51E9DC3
LS-WS-0065,,audit/LUMEN_IMPLEMENTATION_STATUS.md,EE2593354FAC55E6E3B4579525334F9865A752A4,19239,24,2038,2228,LX-WS-0065-FND-03,FINDING,records/history/archive/LX-WS-0065-FND-03_LEGACY.md,564F9D99F27FD4B3922D287F2E8E6614A51E9DC3
LS-WS-0065,,audit/LUMEN_IMPLEMENTATION_STATUS.md,EE2593354FAC55E6E3B4579525334F9865A752A4,19239,25,2229,2377,LX-WS-0065-FND-03,FINDING,records/history/archive/LX-WS-0065-FND-03_LEGACY.md,564F9D99F27FD4B3922D287F2E8E6614A51E9DC3
LS-WS-0065,,audit/LUMEN_IMPLEMENTATION_STATUS.md,EE2593354FAC55E6E3B4579525334F9865A752A4,19239,26,2378,2480,LX-WS-0065-FND-03,FINDING,records/history/archive/LX-WS-0065-FND-03_LEGACY.md,564F9D99F27FD4B3922D287F2E8E6614A51E9DC3
LS-WS-0065,,audit/LUMEN_IMPLEMENTATION_STATUS.md,EE2593354FAC55E6E3B4579525334F9865A752A4,19239,27,2481,2503,LX-WS-0065-RES-06,RESEARCH,records/history/archive/LX-WS-0065-RES-06_LEGACY.md,958F8B3AD357A035D2D1A546C633A2F5AFA4BA1A
LS-WS-0065,,audit/LUMEN_IMPLEMENTATION_STATUS.md,EE2593354FAC55E6E3B4579525334F9865A752A4,19239,28,2504,2623,LX-WS-0065-FND-03,FINDING,records/history/archive/LX-WS-0065-FND-03_LEGACY.md,564F9D99F27FD4B3922D287F2E8E6614A51E9DC3
LS-WS-0065,,audit/LUMEN_IMPLEMENTATION_STATUS.md,EE2593354FAC55E6E3B4579525334F9865A752A4,19239,29,2624,2771,LX-WS-0065-EVD-02,EVIDENCE,records/evidence/runs/LX-WS-0065-EVD-02_LEGACY.md,F317542C10FBAE950EE7EBE4C0684BE27417A8EE
LS-WS-0065,,audit/LUMEN_IMPLEMENTATION_STATUS.md,EE2593354FAC55E6E3B4579525334F9865A752A4,19239,30,2772,2775,LX-WS-0065-CTX-07,CONTEXT,records/history/archive/LX-WS-0065-CTX-07_LEGACY.md,B3B9F70DB693224E112B2926D928A4AA45C2D789
LS-WS-0065,,audit/LUMEN_IMPLEMENTATION_STATUS.md,EE2593354FAC55E6E3B4579525334F9865A752A4,19239,31,2776,2868,LX-WS-0065-EVD-02,EVIDENCE,records/evidence/runs/LX-WS-0065-EVD-02_LEGACY.md,F317542C10FBAE950EE7EBE4C0684BE27417A8EE
LS-WS-0065,,audit/LUMEN_IMPLEMENTATION_STATUS.md,EE2593354FAC55E6E3B4579525334F9865A752A4,19239,32,2869,2911,LX-WS-0065-EVD-02,EVIDENCE,records/evidence/runs/LX-WS-0065-EVD-02_LEGACY.md,F317542C10FBAE950EE7EBE4C0684BE27417A8EE
LS-WS-0065,,audit/LUMEN_IMPLEMENTATION_STATUS.md,EE2593354FAC55E6E3B4579525334F9865A752A4,19239,33,2912,2932,LX-WS-0065-CTX-07,CONTEXT,records/history/archive/LX-WS-0065-CTX-07_LEGACY.md,B3B9F70DB693224E112B2926D928A4AA45C2D789
LS-WS-0065,,audit/LUMEN_IMPLEMENTATION_STATUS.md,EE2593354FAC55E6E3B4579525334F9865A752A4,19239,34,2933,3023,LX-WS-0065-EVD-02,EVIDENCE,records/evidence/runs/LX-WS-0065-EVD-02_LEGACY.md,F317542C10FBAE950EE7EBE4C0684BE27417A8EE
LS-WS-0065,,audit/LUMEN_IMPLEMENTATION_STATUS.md,EE2593354FAC55E6E3B4579525334F9865A752A4,19239,35,3024,3070,LX-WS-0065-EVD-02,EVIDENCE,records/evidence/runs/LX-WS-0065-EVD-02_LEGACY.md,F317542C10FBAE950EE7EBE4C0684BE27417A8EE
LS-WS-0065,,audit/LUMEN_IMPLEMENTATION_STATUS.md,EE2593354FAC55E6E3B4579525334F9865A752A4,19239,36,3071,3116,LX-WS-0065-EVD-02,EVIDENCE,records/evidence/runs/LX-WS-0065-EVD-02_LEGACY.md,F317542C10FBAE950EE7EBE4C0684BE27417A8EE
LS-WS-0065,,audit/LUMEN_IMPLEMENTATION_STATUS.md,EE2593354FAC55E6E3B4579525334F9865A752A4,19239,37,3117,3160,LX-WS-0065-RES-06,RESEARCH,records/history/archive/LX-WS-0065-RES-06_LEGACY.md,958F8B3AD357A035D2D1A546C633A2F5AFA4BA1A
LS-WS-0065,,audit/LUMEN_IMPLEMENTATION_STATUS.md,EE2593354FAC55E6E3B4579525334F9865A752A4,19239,38,3161,3212,LX-WS-0065-EVD-02,EVIDENCE,records/evidence/runs/LX-WS-0065-EVD-02_LEGACY.md,F317542C10FBAE950EE7EBE4C0684BE27417A8EE
LS-WS-0065,,audit/LUMEN_IMPLEMENTATION_STATUS.md,EE2593354FAC55E6E3B4579525334F9865A752A4,19239,39,3213,3255,LX-WS-0065-DEC-01,DECISION,records/decisions/LX-WS-0065-DEC-01_LEGACY.md,087BBD15575824232469C555C148F67F14A23CC1
LS-WS-0065,,audit/LUMEN_IMPLEMENTATION_STATUS.md,EE2593354FAC55E6E3B4579525334F9865A752A4,19239,40,3256,3297,LX-WS-0065-EVD-02,EVIDENCE,records/evidence/runs/LX-WS-0065-EVD-02_LEGACY.md,F317542C10FBAE950EE7EBE4C0684BE27417A8EE
LS-WS-0065,,audit/LUMEN_IMPLEMENTATION_STATUS.md,EE2593354FAC55E6E3B4579525334F9865A752A4,19239,41,3298,3337,LX-WS-0065-EVD-02,EVIDENCE,records/evidence/runs/LX-WS-0065-EVD-02_LEGACY.md,F317542C10FBAE950EE7EBE4C0684BE27417A8EE
LS-WS-0065,,audit/LUMEN_IMPLEMENTATION_STATUS.md,EE2593354FAC55E6E3B4579525334F9865A752A4,19239,42,3338,3384,LX-WS-0065-DEC-01,DECISION,records/decisions/LX-WS-0065-DEC-01_LEGACY.md,087BBD15575824232469C555C148F67F14A23CC1
LS-WS-0065,,audit/LUMEN_IMPLEMENTATION_STATUS.md,EE2593354FAC55E6E3B4579525334F9865A752A4,19239,43,3385,3426,LX-WS-0065-RES-06,RESEARCH,records/history/archive/LX-WS-0065-RES-06_LEGACY.md,958F8B3AD357A035D2D1A546C633A2F5AFA4BA1A
LS-WS-0065,,audit/LUMEN_IMPLEMENTATION_STATUS.md,EE2593354FAC55E6E3B4579525334F9865A752A4,19239,44,3427,3468,LX-WS-0065-IMP-05,IMPLEMENTATION,records/history/archive/LX-WS-0065-IMP-05_LEGACY.md,05BB169D39609AE51984DBC792AD412E999A77FE
LS-WS-0065,,audit/LUMEN_IMPLEMENTATION_STATUS.md,EE2593354FAC55E6E3B4579525334F9865A752A4,19239,45,3469,3510,LX-WS-0065-IMP-05,IMPLEMENTATION,records/history/archive/LX-WS-0065-IMP-05_LEGACY.md,05BB169D39609AE51984DBC792AD412E999A77FE
LS-WS-0065,,audit/LUMEN_IMPLEMENTATION_STATUS.md,EE2593354FAC55E6E3B4579525334F9865A752A4,19239,46,3511,3603,LX-WS-0065-RES-06,RESEARCH,records/history/archive/LX-WS-0065-RES-06_LEGACY.md,958F8B3AD357A035D2D1A546C633A2F5AFA4BA1A
LS-WS-0065,,audit/LUMEN_IMPLEMENTATION_STATUS.md,EE2593354FAC55E6E3B4579525334F9865A752A4,19239,47,3604,3715,LX-WS-0065-EVD-02,EVIDENCE,records/evidence/runs/LX-WS-0065-EVD-02_LEGACY.md,F317542C10FBAE950EE7EBE4C0684BE27417A8EE
LS-WS-0065,,audit/LUMEN_IMPLEMENTATION_STATUS.md,EE2593354FAC55E6E3B4579525334F9865A752A4,19239,48,3716,3840,LX-WS-0065-EVD-02,EVIDENCE,records/evidence/runs/LX-WS-0065-EVD-02_LEGACY.md,F317542C10FBAE950EE7EBE4C0684BE27417A8EE
LS-WS-0065,,audit/LUMEN_IMPLEMENTATION_STATUS.md,EE2593354FAC55E6E3B4579525334F9865A752A4,19239,49,3841,3933,LX-WS-0065-FND-03,FINDING,records/history/archive/LX-WS-0065-FND-03_LEGACY.md,564F9D99F27FD4B3922D287F2E8E6614A51E9DC3
LS-WS-0065,,audit/LUMEN_IMPLEMENTATION_STATUS.md,EE2593354FAC55E6E3B4579525334F9865A752A4,19239,50,3934,3940,LX-WS-0065-CTX-07,CONTEXT,records/history/archive/LX-WS-0065-CTX-07_LEGACY.md,B3B9F70DB693224E112B2926D928A4AA45C2D789
LS-WS-0065,,audit/LUMEN_IMPLEMENTATION_STATUS.md,EE2593354FAC55E6E3B4579525334F9865A752A4,19239,51,3941,3959,LX-WS-0065-IMP-05,IMPLEMENTATION,records/history/archive/LX-WS-0065-IMP-05_LEGACY.md,05BB169D39609AE51984DBC792AD412E999A77FE
LS-WS-0065,,audit/LUMEN_IMPLEMENTATION_STATUS.md,EE2593354FAC55E6E3B4579525334F9865A752A4,19239,52,3960,3972,LX-WS-0065-IMP-05,IMPLEMENTATION,records/history/archive/LX-WS-0065-IMP-05_LEGACY.md,05BB169D39609AE51984DBC792AD412E999A77FE
LS-WS-0065,,audit/LUMEN_IMPLEMENTATION_STATUS.md,EE2593354FAC55E6E3B4579525334F9865A752A4,19239,53,3973,3995,LX-WS-0065-IMP-05,IMPLEMENTATION,records/history/archive/LX-WS-0065-IMP-05_LEGACY.md,05BB169D39609AE51984DBC792AD412E999A77FE
LS-WS-0065,,audit/LUMEN_IMPLEMENTATION_STATUS.md,EE2593354FAC55E6E3B4579525334F9865A752A4,19239,54,3996,4024,LX-WS-0065-CTX-07,CONTEXT,records/history/archive/LX-WS-0065-CTX-07_LEGACY.md,B3B9F70DB693224E112B2926D928A4AA45C2D789
LS-WS-0065,,audit/LUMEN_IMPLEMENTATION_STATUS.md,EE2593354FAC55E6E3B4579525334F9865A752A4,19239,55,4025,4033,LX-WS-0065-GOV-04,GOVERNANCE,records/history/archive/LX-WS-0065-GOV-04_LEGACY.md,692B5EFB9D531BB6A5C697BAA207FD58FA06CF7E
LS-WS-0065,,audit/LUMEN_IMPLEMENTATION_STATUS.md,EE2593354FAC55E6E3B4579525334F9865A752A4,19239,56,4034,4042,LX-WS-0065-IMP-05,IMPLEMENTATION,records/history/archive/LX-WS-0065-IMP-05_LEGACY.md,05BB169D39609AE51984DBC792AD412E999A77FE
LS-WS-0065,,audit/LUMEN_IMPLEMENTATION_STATUS.md,EE2593354FAC55E6E3B4579525334F9865A752A4,19239,57,4043,4051,LX-WS-0065-IMP-05,IMPLEMENTATION,records/history/archive/LX-WS-0065-IMP-05_LEGACY.md,05BB169D39609AE51984DBC792AD412E999A77FE
LS-WS-0065,,audit/LUMEN_IMPLEMENTATION_STATUS.md,EE2593354FAC55E6E3B4579525334F9865A752A4,19239,58,4052,4062,LX-WS-0065-IMP-05,IMPLEMENTATION,records/history/archive/LX-WS-0065-IMP-05_LEGACY.md,05BB169D39609AE51984DBC792AD412E999A77FE
LS-WS-0065,,audit/LUMEN_IMPLEMENTATION_STATUS.md,EE2593354FAC55E6E3B4579525334F9865A752A4,19239,59,4063,4075,LX-WS-0065-IMP-05,IMPLEMENTATION,records/history/archive/LX-WS-0065-IMP-05_LEGACY.md,05BB169D39609AE51984DBC792AD412E999A77FE
LS-WS-0065,,audit/LUMEN_IMPLEMENTATION_STATUS.md,EE2593354FAC55E6E3B4579525334F9865A752A4,19239,60,4076,4085,LX-WS-0065-IMP-05,IMPLEMENTATION,records/history/archive/LX-WS-0065-IMP-05_LEGACY.md,05BB169D39609AE51984DBC792AD412E999A77FE
LS-WS-0065,,audit/LUMEN_IMPLEMENTATION_STATUS.md,EE2593354FAC55E6E3B4579525334F9865A752A4,19239,61,4086,4093,LX-WS-0065-IMP-05,IMPLEMENTATION,records/history/archive/LX-WS-0065-IMP-05_LEGACY.md,05BB169D39609AE51984DBC792AD412E999A77FE
LS-WS-0065,,audit/LUMEN_IMPLEMENTATION_STATUS.md,EE2593354FAC55E6E3B4579525334F9865A752A4,19239,62,4094,4106,LX-WS-0065-IMP-05,IMPLEMENTATION,records/history/archive/LX-WS-0065-IMP-05_LEGACY.md,05BB169D39609AE51984DBC792AD412E999A77FE
LS-WS-0065,,audit/LUMEN_IMPLEMENTATION_STATUS.md,EE2593354FAC55E6E3B4579525334F9865A752A4,19239,63,4107,4123,LX-WS-0065-IMP-05,IMPLEMENTATION,records/history/archive/LX-WS-0065-IMP-05_LEGACY.md,05BB169D39609AE51984DBC792AD412E999A77FE
LS-WS-0065,,audit/LUMEN_IMPLEMENTATION_STATUS.md,EE2593354FAC55E6E3B4579525334F9865A752A4,19239,64,4124,4131,LX-WS-0065-CTX-07,CONTEXT,records/history/archive/LX-WS-0065-CTX-07_LEGACY.md,B3B9F70DB693224E112B2926D928A4AA45C2D789
LS-WS-0065,,audit/LUMEN_IMPLEMENTATION_STATUS.md,EE2593354FAC55E6E3B4579525334F9865A752A4,19239,65,4132,4241,LX-WS-0065-IMP-05,IMPLEMENTATION,records/history/archive/LX-WS-0065-IMP-05_LEGACY.md,05BB169D39609AE51984DBC792AD412E999A77FE
LS-WS-0065,,audit/LUMEN_IMPLEMENTATION_STATUS.md,EE2593354FAC55E6E3B4579525334F9865A752A4,19239,66,4242,4379,LX-WS-0065-EVD-02,EVIDENCE,records/evidence/runs/LX-WS-0065-EVD-02_LEGACY.md,F317542C10FBAE950EE7EBE4C0684BE27417A8EE
LS-WS-0065,,audit/LUMEN_IMPLEMENTATION_STATUS.md,EE2593354FAC55E6E3B4579525334F9865A752A4,19239,67,4380,4405,LX-WS-0065-EVD-02,EVIDENCE,records/evidence/runs/LX-WS-0065-EVD-02_LEGACY.md,F317542C10FBAE950EE7EBE4C0684BE27417A8EE
LS-WS-0065,,audit/LUMEN_IMPLEMENTATION_STATUS.md,EE2593354FAC55E6E3B4579525334F9865A752A4,19239,68,4406,4433,LX-WS-0065-EVD-02,EVIDENCE,records/evidence/runs/LX-WS-0065-EVD-02_LEGACY.md,F317542C10FBAE950EE7EBE4C0684BE27417A8EE
LS-WS-0065,,audit/LUMEN_IMPLEMENTATION_STATUS.md,EE2593354FAC55E6E3B4579525334F9865A752A4,19239,69,4434,4459,LX-WS-0065-EVD-02,EVIDENCE,records/evidence/runs/LX-WS-0065-EVD-02_LEGACY.md,F317542C10FBAE950EE7EBE4C0684BE27417A8EE
LS-WS-0065,,audit/LUMEN_IMPLEMENTATION_STATUS.md,EE2593354FAC55E6E3B4579525334F9865A752A4,19239,70,4460,4476,LX-WS-0065-DEC-01,DECISION,records/decisions/LX-WS-0065-DEC-01_LEGACY.md,087BBD15575824232469C555C148F67F14A23CC1
LS-WS-0065,,audit/LUMEN_IMPLEMENTATION_STATUS.md,EE2593354FAC55E6E3B4579525334F9865A752A4,19239,71,4477,4514,LX-WS-0065-IMP-05,IMPLEMENTATION,records/history/archive/LX-WS-0065-IMP-05_LEGACY.md,05BB169D39609AE51984DBC792AD412E999A77FE
LS-WS-0065,,audit/LUMEN_IMPLEMENTATION_STATUS.md,EE2593354FAC55E6E3B4579525334F9865A752A4,19239,72,4515,4539,LX-WS-0065-EVD-02,EVIDENCE,records/evidence/runs/LX-WS-0065-EVD-02_LEGACY.md,F317542C10FBAE950EE7EBE4C0684BE27417A8EE
LS-WS-0065,,audit/LUMEN_IMPLEMENTATION_STATUS.md,EE2593354FAC55E6E3B4579525334F9865A752A4,19239,73,4540,4622,LX-WS-0065-EVD-02,EVIDENCE,records/evidence/runs/LX-WS-0065-EVD-02_LEGACY.md,F317542C10FBAE950EE7EBE4C0684BE27417A8EE
LS-WS-0065,,audit/LUMEN_IMPLEMENTATION_STATUS.md,EE2593354FAC55E6E3B4579525334F9865A752A4,19239,74,4623,4750,LX-WS-0065-EVD-02,EVIDENCE,records/evidence/runs/LX-WS-0065-EVD-02_LEGACY.md,F317542C10FBAE950EE7EBE4C0684BE27417A8EE
LS-WS-0065,,audit/LUMEN_IMPLEMENTATION_STATUS.md,EE2593354FAC55E6E3B4579525334F9865A752A4,19239,75,4751,4839,LX-WS-0065-EVD-02,EVIDENCE,records/evidence/runs/LX-WS-0065-EVD-02_LEGACY.md,F317542C10FBAE950EE7EBE4C0684BE27417A8EE
LS-WS-0065,,audit/LUMEN_IMPLEMENTATION_STATUS.md,EE2593354FAC55E6E3B4579525334F9865A752A4,19239,76,4840,4919,LX-WS-0065-IMP-05,IMPLEMENTATION,records/history/archive/LX-WS-0065-IMP-05_LEGACY.md,05BB169D39609AE51984DBC792AD412E999A77FE
LS-WS-0065,,audit/LUMEN_IMPLEMENTATION_STATUS.md,EE2593354FAC55E6E3B4579525334F9865A752A4,19239,77,4920,4999,LX-WS-0065-IMP-05,IMPLEMENTATION,records/history/archive/LX-WS-0065-IMP-05_LEGACY.md,05BB169D39609AE51984DBC792AD412E999A77FE
LS-WS-0065,,audit/LUMEN_IMPLEMENTATION_STATUS.md,EE2593354FAC55E6E3B4579525334F9865A752A4,19239,78,5000,5038,LX-WS-0065-IMP-05,IMPLEMENTATION,records/history/archive/LX-WS-0065-IMP-05_LEGACY.md,05BB169D39609AE51984DBC792AD412E999A77FE
LS-WS-0065,,audit/LUMEN_IMPLEMENTATION_STATUS.md,EE2593354FAC55E6E3B4579525334F9865A752A4,19239,79,5039,5088,LX-WS-0065-DEC-01,DECISION,records/decisions/LX-WS-0065-DEC-01_LEGACY.md,087BBD15575824232469C555C148F67F14A23CC1
LS-WS-0065,,audit/LUMEN_IMPLEMENTATION_STATUS.md,EE2593354FAC55E6E3B4579525334F9865A752A4,19239,80,5089,5164,LX-WS-0065-EVD-02,EVIDENCE,records/evidence/runs/LX-WS-0065-EVD-02_LEGACY.md,F317542C10FBAE950EE7EBE4C0684BE27417A8EE
LS-WS-0065,,audit/LUMEN_IMPLEMENTATION_STATUS.md,EE2593354FAC55E6E3B4579525334F9865A752A4,19239,81,5165,5219,LX-WS-0065-RES-06,RESEARCH,records/history/archive/LX-WS-0065-RES-06_LEGACY.md,958F8B3AD357A035D2D1A546C633A2F5AFA4BA1A
LS-WS-0065,,audit/LUMEN_IMPLEMENTATION_STATUS.md,EE2593354FAC55E6E3B4579525334F9865A752A4,19239,82,5220,5370,LX-WS-0065-RES-06,RESEARCH,records/history/archive/LX-WS-0065-RES-06_LEGACY.md,958F8B3AD357A035D2D1A546C633A2F5AFA4BA1A
LS-WS-0065,,audit/LUMEN_IMPLEMENTATION_STATUS.md,EE2593354FAC55E6E3B4579525334F9865A752A4,19239,83,5371,5413,LX-WS-0065-IMP-05,IMPLEMENTATION,records/history/archive/LX-WS-0065-IMP-05_LEGACY.md,05BB169D39609AE51984DBC792AD412E999A77FE
LS-WS-0065,,audit/LUMEN_IMPLEMENTATION_STATUS.md,EE2593354FAC55E6E3B4579525334F9865A752A4,19239,84,5414,5475,LX-WS-0065-FND-03,FINDING,records/history/archive/LX-WS-0065-FND-03_LEGACY.md,564F9D99F27FD4B3922D287F2E8E6614A51E9DC3
LS-WS-0065,,audit/LUMEN_IMPLEMENTATION_STATUS.md,EE2593354FAC55E6E3B4579525334F9865A752A4,19239,85,5476,5526,LX-WS-0065-EVD-02,EVIDENCE,records/evidence/runs/LX-WS-0065-EVD-02_LEGACY.md,F317542C10FBAE950EE7EBE4C0684BE27417A8EE
LS-WS-0065,,audit/LUMEN_IMPLEMENTATION_STATUS.md,EE2593354FAC55E6E3B4579525334F9865A752A4,19239,86,5527,5580,LX-WS-0065-FND-03,FINDING,records/history/archive/LX-WS-0065-FND-03_LEGACY.md,564F9D99F27FD4B3922D287F2E8E6614A51E9DC3
LS-WS-0065,,audit/LUMEN_IMPLEMENTATION_STATUS.md,EE2593354FAC55E6E3B4579525334F9865A752A4,19239,87,5581,5663,LX-WS-0065-IMP-05,IMPLEMENTATION,records/history/archive/LX-WS-0065-IMP-05_LEGACY.md,05BB169D39609AE51984DBC792AD412E999A77FE
LS-WS-0065,,audit/LUMEN_IMPLEMENTATION_STATUS.md,EE2593354FAC55E6E3B4579525334F9865A752A4,19239,88,5664,5747,LX-WS-0065-EVD-02,EVIDENCE,records/evidence/runs/LX-WS-0065-EVD-02_LEGACY.md,F317542C10FBAE950EE7EBE4C0684BE27417A8EE
LS-WS-0065,,audit/LUMEN_IMPLEMENTATION_STATUS.md,EE2593354FAC55E6E3B4579525334F9865A752A4,19239,89,5748,5751,LX-WS-0065-CTX-07,CONTEXT,records/history/archive/LX-WS-0065-CTX-07_LEGACY.md,B3B9F70DB693224E112B2926D928A4AA45C2D789
LS-WS-0065,,audit/LUMEN_IMPLEMENTATION_STATUS.md,EE2593354FAC55E6E3B4579525334F9865A752A4,19239,90,5752,5790,LX-WS-0065-FND-03,FINDING,records/history/archive/LX-WS-0065-FND-03_LEGACY.md,564F9D99F27FD4B3922D287F2E8E6614A51E9DC3
LS-WS-0065,,audit/LUMEN_IMPLEMENTATION_STATUS.md,EE2593354FAC55E6E3B4579525334F9865A752A4,19239,91,5791,5840,LX-WS-0065-FND-03,FINDING,records/history/archive/LX-WS-0065-FND-03_LEGACY.md,564F9D99F27FD4B3922D287F2E8E6614A51E9DC3
LS-WS-0065,,audit/LUMEN_IMPLEMENTATION_STATUS.md,EE2593354FAC55E6E3B4579525334F9865A752A4,19239,92,5841,5878,LX-WS-0065-FND-03,FINDING,records/history/archive/LX-WS-0065-FND-03_LEGACY.md,564F9D99F27FD4B3922D287F2E8E6614A51E9DC3
LS-WS-0065,,audit/LUMEN_IMPLEMENTATION_STATUS.md,EE2593354FAC55E6E3B4579525334F9865A752A4,19239,93,5879,5924,LX-WS-0065-FND-03,FINDING,records/history/archive/LX-WS-0065-FND-03_LEGACY.md,564F9D99F27FD4B3922D287F2E8E6614A51E9DC3
LS-WS-0065,,audit/LUMEN_IMPLEMENTATION_STATUS.md,EE2593354FAC55E6E3B4579525334F9865A752A4,19239,94,5925,6083,LX-WS-0065-RES-06,RESEARCH,records/history/archive/LX-WS-0065-RES-06_LEGACY.md,958F8B3AD357A035D2D1A546C633A2F5AFA4BA1A
LS-WS-0065,,audit/LUMEN_IMPLEMENTATION_STATUS.md,EE2593354FAC55E6E3B4579525334F9865A752A4,19239,95,6084,6247,LX-WS-0065-RES-06,RESEARCH,records/history/archive/LX-WS-0065-RES-06_LEGACY.md,958F8B3AD357A035D2D1A546C633A2F5AFA4BA1A
LS-WS-0065,,audit/LUMEN_IMPLEMENTATION_STATUS.md,EE2593354FAC55E6E3B4579525334F9865A752A4,19239,96,6248,6432,LX-WS-0065-FND-03,FINDING,records/history/archive/LX-WS-0065-FND-03_LEGACY.md,564F9D99F27FD4B3922D287F2E8E6614A51E9DC3
LS-WS-0065,,audit/LUMEN_IMPLEMENTATION_STATUS.md,EE2593354FAC55E6E3B4579525334F9865A752A4,19239,97,6433,6569,LX-WS-0065-RES-06,RESEARCH,records/history/archive/LX-WS-0065-RES-06_LEGACY.md,958F8B3AD357A035D2D1A546C633A2F5AFA4BA1A
LS-WS-0065,,audit/LUMEN_IMPLEMENTATION_STATUS.md,EE2593354FAC55E6E3B4579525334F9865A752A4,19239,98,6570,6718,LX-WS-0065-RES-06,RESEARCH,records/history/archive/LX-WS-0065-RES-06_LEGACY.md,958F8B3AD357A035D2D1A546C633A2F5AFA4BA1A
LS-WS-0065,,audit/LUMEN_IMPLEMENTATION_STATUS.md,EE2593354FAC55E6E3B4579525334F9865A752A4,19239,99,6719,6863,LX-WS-0065-EVD-02,EVIDENCE,records/evidence/runs/LX-WS-0065-EVD-02_LEGACY.md,F317542C10FBAE950EE7EBE4C0684BE27417A8EE
LS-WS-0065,,audit/LUMEN_IMPLEMENTATION_STATUS.md,EE2593354FAC55E6E3B4579525334F9865A752A4,19239,100,6864,6997,LX-WS-0065-EVD-02,EVIDENCE,records/evidence/runs/LX-WS-0065-EVD-02_LEGACY.md,F317542C10FBAE950EE7EBE4C0684BE27417A8EE
LS-WS-0065,,audit/LUMEN_IMPLEMENTATION_STATUS.md,EE2593354FAC55E6E3B4579525334F9865A752A4,19239,101,6998,7118,LX-WS-0065-EVD-02,EVIDENCE,records/evidence/runs/LX-WS-0065-EVD-02_LEGACY.md,F317542C10FBAE950EE7EBE4C0684BE27417A8EE
LS-WS-0065,,audit/LUMEN_IMPLEMENTATION_STATUS.md,EE2593354FAC55E6E3B4579525334F9865A752A4,19239,102,7119,7157,LX-WS-0065-FND-03,FINDING,records/history/archive/LX-WS-0065-FND-03_LEGACY.md,564F9D99F27FD4B3922D287F2E8E6614A51E9DC3
LS-WS-0065,,audit/LUMEN_IMPLEMENTATION_STATUS.md,EE2593354FAC55E6E3B4579525334F9865A752A4,19239,103,7158,7188,LX-WS-0065-RES-06,RESEARCH,records/history/archive/LX-WS-0065-RES-06_LEGACY.md,958F8B3AD357A035D2D1A546C633A2F5AFA4BA1A
LS-WS-0065,,audit/LUMEN_IMPLEMENTATION_STATUS.md,EE2593354FAC55E6E3B4579525334F9865A752A4,19239,104,7189,7245,LX-WS-0065-CTX-07,CONTEXT,records/history/archive/LX-WS-0065-CTX-07_LEGACY.md,B3B9F70DB693224E112B2926D928A4AA45C2D789
LS-WS-0065,,audit/LUMEN_IMPLEMENTATION_STATUS.md,EE2593354FAC55E6E3B4579525334F9865A752A4,19239,105,7246,7292,LX-WS-0065-EVD-02,EVIDENCE,records/evidence/runs/LX-WS-0065-EVD-02_LEGACY.md,F317542C10FBAE950EE7EBE4C0684BE27417A8EE
LS-WS-0065,,audit/LUMEN_IMPLEMENTATION_STATUS.md,EE2593354FAC55E6E3B4579525334F9865A752A4,19239,106,7293,7347,LX-WS-0065-EVD-02,EVIDENCE,records/evidence/runs/LX-WS-0065-EVD-02_LEGACY.md,F317542C10FBAE950EE7EBE4C0684BE27417A8EE
LS-WS-0065,,audit/LUMEN_IMPLEMENTATION_STATUS.md,EE2593354FAC55E6E3B4579525334F9865A752A4,19239,107,7348,7425,LX-WS-0065-FND-03,FINDING,records/history/archive/LX-WS-0065-FND-03_LEGACY.md,564F9D99F27FD4B3922D287F2E8E6614A51E9DC3
LS-WS-0065,,audit/LUMEN_IMPLEMENTATION_STATUS.md,EE2593354FAC55E6E3B4579525334F9865A752A4,19239,108,7426,7503,LX-WS-0065-RES-06,RESEARCH,records/history/archive/LX-WS-0065-RES-06_LEGACY.md,958F8B3AD357A035D2D1A546C633A2F5AFA4BA1A
LS-WS-0065,,audit/LUMEN_IMPLEMENTATION_STATUS.md,EE2593354FAC55E6E3B4579525334F9865A752A4,19239,109,7504,7682,LX-WS-0065-RES-06,RESEARCH,records/history/archive/LX-WS-0065-RES-06_LEGACY.md,958F8B3AD357A035D2D1A546C633A2F5AFA4BA1A
LS-WS-0065,,audit/LUMEN_IMPLEMENTATION_STATUS.md,EE2593354FAC55E6E3B4579525334F9865A752A4,19239,110,7683,7839,LX-WS-0065-RES-06,RESEARCH,records/history/archive/LX-WS-0065-RES-06_LEGACY.md,958F8B3AD357A035D2D1A546C633A2F5AFA4BA1A
LS-WS-0065,,audit/LUMEN_IMPLEMENTATION_STATUS.md,EE2593354FAC55E6E3B4579525334F9865A752A4,19239,111,7840,7926,LX-WS-0065-RES-06,RESEARCH,records/history/archive/LX-WS-0065-RES-06_LEGACY.md,958F8B3AD357A035D2D1A546C633A2F5AFA4BA1A
LS-WS-0065,,audit/LUMEN_IMPLEMENTATION_STATUS.md,EE2593354FAC55E6E3B4579525334F9865A752A4,19239,112,7927,7967,LX-WS-0065-RES-06,RESEARCH,records/history/archive/LX-WS-0065-RES-06_LEGACY.md,958F8B3AD357A035D2D1A546C633A2F5AFA4BA1A
LS-WS-0065,,audit/LUMEN_IMPLEMENTATION_STATUS.md,EE2593354FAC55E6E3B4579525334F9865A752A4,19239,113,7968,7999,LX-WS-0065-RES-06,RESEARCH,records/history/archive/LX-WS-0065-RES-06_LEGACY.md,958F8B3AD357A035D2D1A546C633A2F5AFA4BA1A
LS-WS-0065,,audit/LUMEN_IMPLEMENTATION_STATUS.md,EE2593354FAC55E6E3B4579525334F9865A752A4,19239,114,8000,8173,LX-WS-0065-RES-06,RESEARCH,records/history/archive/LX-WS-0065-RES-06_LEGACY.md,958F8B3AD357A035D2D1A546C633A2F5AFA4BA1A
LS-WS-0065,,audit/LUMEN_IMPLEMENTATION_STATUS.md,EE2593354FAC55E6E3B4579525334F9865A752A4,19239,115,8174,8444,LX-WS-0065-FND-03,FINDING,records/history/archive/LX-WS-0065-FND-03_LEGACY.md,564F9D99F27FD4B3922D287F2E8E6614A51E9DC3
LS-WS-0065,,audit/LUMEN_IMPLEMENTATION_STATUS.md,EE2593354FAC55E6E3B4579525334F9865A752A4,19239,116,8445,8469,LX-WS-0065-GOV-04,GOVERNANCE,records/history/archive/LX-WS-0065-GOV-04_LEGACY.md,692B5EFB9D531BB6A5C697BAA207FD58FA06CF7E
LS-WS-0065,,audit/LUMEN_IMPLEMENTATION_STATUS.md,EE2593354FAC55E6E3B4579525334F9865A752A4,19239,117,8470,8558,LX-WS-0065-RES-06,RESEARCH,records/history/archive/LX-WS-0065-RES-06_LEGACY.md,958F8B3AD357A035D2D1A546C633A2F5AFA4BA1A
LS-WS-0065,,audit/LUMEN_IMPLEMENTATION_STATUS.md,EE2593354FAC55E6E3B4579525334F9865A752A4,19239,118,8559,8631,LX-WS-0065-RES-06,RESEARCH,records/history/archive/LX-WS-0065-RES-06_LEGACY.md,958F8B3AD357A035D2D1A546C633A2F5AFA4BA1A
LS-WS-0065,,audit/LUMEN_IMPLEMENTATION_STATUS.md,EE2593354FAC55E6E3B4579525334F9865A752A4,19239,119,8632,8726,LX-WS-0065-RES-06,RESEARCH,records/history/archive/LX-WS-0065-RES-06_LEGACY.md,958F8B3AD357A035D2D1A546C633A2F5AFA4BA1A
LS-WS-0065,,audit/LUMEN_IMPLEMENTATION_STATUS.md,EE2593354FAC55E6E3B4579525334F9865A752A4,19239,120,8727,8789,LX-WS-0065-EVD-02,EVIDENCE,records/evidence/runs/LX-WS-0065-EVD-02_LEGACY.md,F317542C10FBAE950EE7EBE4C0684BE27417A8EE
LS-WS-0065,,audit/LUMEN_IMPLEMENTATION_STATUS.md,EE2593354FAC55E6E3B4579525334F9865A752A4,19239,121,8790,8851,LX-WS-0065-RES-06,RESEARCH,records/history/archive/LX-WS-0065-RES-06_LEGACY.md,958F8B3AD357A035D2D1A546C633A2F5AFA4BA1A
LS-WS-0065,,audit/LUMEN_IMPLEMENTATION_STATUS.md,EE2593354FAC55E6E3B4579525334F9865A752A4,19239,122,8852,8924,LX-WS-0065-EVD-02,EVIDENCE,records/evidence/runs/LX-WS-0065-EVD-02_LEGACY.md,F317542C10FBAE950EE7EBE4C0684BE27417A8EE
LS-WS-0065,,audit/LUMEN_IMPLEMENTATION_STATUS.md,EE2593354FAC55E6E3B4579525334F9865A752A4,19239,123,8925,9041,LX-WS-0065-EVD-02,EVIDENCE,records/evidence/runs/LX-WS-0065-EVD-02_LEGACY.md,F317542C10FBAE950EE7EBE4C0684BE27417A8EE
LS-WS-0065,,audit/LUMEN_IMPLEMENTATION_STATUS.md,EE2593354FAC55E6E3B4579525334F9865A752A4,19239,124,9042,9125,LX-WS-0065-IMP-05,IMPLEMENTATION,records/history/archive/LX-WS-0065-IMP-05_LEGACY.md,05BB169D39609AE51984DBC792AD412E999A77FE
LS-WS-0065,,audit/LUMEN_IMPLEMENTATION_STATUS.md,EE2593354FAC55E6E3B4579525334F9865A752A4,19239,125,9126,9183,LX-WS-0065-EVD-02,EVIDENCE,records/evidence/runs/LX-WS-0065-EVD-02_LEGACY.md,F317542C10FBAE950EE7EBE4C0684BE27417A8EE
LS-WS-0065,,audit/LUMEN_IMPLEMENTATION_STATUS.md,EE2593354FAC55E6E3B4579525334F9865A752A4,19239,126,9184,9271,LX-WS-0065-IMP-05,IMPLEMENTATION,records/history/archive/LX-WS-0065-IMP-05_LEGACY.md,05BB169D39609AE51984DBC792AD412E999A77FE
LS-WS-0065,,audit/LUMEN_IMPLEMENTATION_STATUS.md,EE2593354FAC55E6E3B4579525334F9865A752A4,19239,127,9272,9328,LX-WS-0065-EVD-02,EVIDENCE,records/evidence/runs/LX-WS-0065-EVD-02_LEGACY.md,F317542C10FBAE950EE7EBE4C0684BE27417A8EE
LS-WS-0065,,audit/LUMEN_IMPLEMENTATION_STATUS.md,EE2593354FAC55E6E3B4579525334F9865A752A4,19239,128,9329,9391,LX-WS-0065-IMP-05,IMPLEMENTATION,records/history/archive/LX-WS-0065-IMP-05_LEGACY.md,05BB169D39609AE51984DBC792AD412E999A77FE
LS-WS-0065,,audit/LUMEN_IMPLEMENTATION_STATUS.md,EE2593354FAC55E6E3B4579525334F9865A752A4,19239,129,9392,9456,LX-WS-0065-EVD-02,EVIDENCE,records/evidence/runs/LX-WS-0065-EVD-02_LEGACY.md,F317542C10FBAE950EE7EBE4C0684BE27417A8EE
LS-WS-0065,,audit/LUMEN_IMPLEMENTATION_STATUS.md,EE2593354FAC55E6E3B4579525334F9865A752A4,19239,130,9457,9477,LX-WS-0065-EVD-02,EVIDENCE,records/evidence/runs/LX-WS-0065-EVD-02_LEGACY.md,F317542C10FBAE950EE7EBE4C0684BE27417A8EE
LS-WS-0065,,audit/LUMEN_IMPLEMENTATION_STATUS.md,EE2593354FAC55E6E3B4579525334F9865A752A4,19239,131,9478,9583,LX-WS-0065-EVD-02,EVIDENCE,records/evidence/runs/LX-WS-0065-EVD-02_LEGACY.md,F317542C10FBAE950EE7EBE4C0684BE27417A8EE
LS-WS-0065,,audit/LUMEN_IMPLEMENTATION_STATUS.md,EE2593354FAC55E6E3B4579525334F9865A752A4,19239,132,9584,9627,LX-WS-0065-IMP-05,IMPLEMENTATION,records/history/archive/LX-WS-0065-IMP-05_LEGACY.md,05BB169D39609AE51984DBC792AD412E999A77FE
LS-WS-0065,,audit/LUMEN_IMPLEMENTATION_STATUS.md,EE2593354FAC55E6E3B4579525334F9865A752A4,19239,133,9628,9783,LX-WS-0065-EVD-02,EVIDENCE,records/evidence/runs/LX-WS-0065-EVD-02_LEGACY.md,F317542C10FBAE950EE7EBE4C0684BE27417A8EE
LS-WS-0065,,audit/LUMEN_IMPLEMENTATION_STATUS.md,EE2593354FAC55E6E3B4579525334F9865A752A4,19239,134,9784,9788,LX-WS-0065-EVD-02,EVIDENCE,records/evidence/runs/LX-WS-0065-EVD-02_LEGACY.md,F317542C10FBAE950EE7EBE4C0684BE27417A8EE
LS-WS-0065,,audit/LUMEN_IMPLEMENTATION_STATUS.md,EE2593354FAC55E6E3B4579525334F9865A752A4,19239,135,9789,9794,LX-WS-0065-EVD-02,EVIDENCE,records/evidence/runs/LX-WS-0065-EVD-02_LEGACY.md,F317542C10FBAE950EE7EBE4C0684BE27417A8EE
LS-WS-0065,,audit/LUMEN_IMPLEMENTATION_STATUS.md,EE2593354FAC55E6E3B4579525334F9865A752A4,19239,136,9795,9874,LX-WS-0065-EVD-02,EVIDENCE,records/evidence/runs/LX-WS-0065-EVD-02_LEGACY.md,F317542C10FBAE950EE7EBE4C0684BE27417A8EE
LS-WS-0065,,audit/LUMEN_IMPLEMENTATION_STATUS.md,EE2593354FAC55E6E3B4579525334F9865A752A4,19239,137,9875,9884,LX-WS-0065-EVD-02,EVIDENCE,records/evidence/runs/LX-WS-0065-EVD-02_LEGACY.md,F317542C10FBAE950EE7EBE4C0684BE27417A8EE
LS-WS-0065,,audit/LUMEN_IMPLEMENTATION_STATUS.md,EE2593354FAC55E6E3B4579525334F9865A752A4,19239,138,9885,9963,LX-WS-0065-CTX-07,CONTEXT,records/history/archive/LX-WS-0065-CTX-07_LEGACY.md,B3B9F70DB693224E112B2926D928A4AA45C2D789
LS-WS-0065,,audit/LUMEN_IMPLEMENTATION_STATUS.md,EE2593354FAC55E6E3B4579525334F9865A752A4,19239,139,9964,9997,LX-WS-0065-EVD-02,EVIDENCE,records/evidence/runs/LX-WS-0065-EVD-02_LEGACY.md,F317542C10FBAE950EE7EBE4C0684BE27417A8EE
LS-WS-0065,,audit/LUMEN_IMPLEMENTATION_STATUS.md,EE2593354FAC55E6E3B4579525334F9865A752A4,19239,140,9998,10061,LX-WS-0065-EVD-02,EVIDENCE,records/evidence/runs/LX-WS-0065-EVD-02_LEGACY.md,F317542C10FBAE950EE7EBE4C0684BE27417A8EE
LS-WS-0065,,audit/LUMEN_IMPLEMENTATION_STATUS.md,EE2593354FAC55E6E3B4579525334F9865A752A4,19239,141,10062,10104,LX-WS-0065-EVD-02,EVIDENCE,records/evidence/runs/LX-WS-0065-EVD-02_LEGACY.md,F317542C10FBAE950EE7EBE4C0684BE27417A8EE
LS-WS-0065,,audit/LUMEN_IMPLEMENTATION_STATUS.md,EE2593354FAC55E6E3B4579525334F9865A752A4,19239,142,10105,10176,LX-WS-0065-EVD-02,EVIDENCE,records/evidence/runs/LX-WS-0065-EVD-02_LEGACY.md,F317542C10FBAE950EE7EBE4C0684BE27417A8EE
LS-WS-0065,,audit/LUMEN_IMPLEMENTATION_STATUS.md,EE2593354FAC55E6E3B4579525334F9865A752A4,19239,143,10177,10205,LX-WS-0065-IMP-05,IMPLEMENTATION,records/history/archive/LX-WS-0065-IMP-05_LEGACY.md,05BB169D39609AE51984DBC792AD412E999A77FE
LS-WS-0065,,audit/LUMEN_IMPLEMENTATION_STATUS.md,EE2593354FAC55E6E3B4579525334F9865A752A4,19239,144,10206,10287,LX-WS-0065-EVD-02,EVIDENCE,records/evidence/runs/LX-WS-0065-EVD-02_LEGACY.md,F317542C10FBAE950EE7EBE4C0684BE27417A8EE
LS-WS-0065,,audit/LUMEN_IMPLEMENTATION_STATUS.md,EE2593354FAC55E6E3B4579525334F9865A752A4,19239,145,10288,10332,LX-WS-0065-IMP-05,IMPLEMENTATION,records/history/archive/LX-WS-0065-IMP-05_LEGACY.md,05BB169D39609AE51984DBC792AD412E999A77FE
LS-WS-0065,,audit/LUMEN_IMPLEMENTATION_STATUS.md,EE2593354FAC55E6E3B4579525334F9865A752A4,19239,146,10333,10368,LX-WS-0065-EVD-02,EVIDENCE,records/evidence/runs/LX-WS-0065-EVD-02_LEGACY.md,F317542C10FBAE950EE7EBE4C0684BE27417A8EE
LS-WS-0065,,audit/LUMEN_IMPLEMENTATION_STATUS.md,EE2593354FAC55E6E3B4579525334F9865A752A4,19239,147,10369,10413,LX-WS-0065-IMP-05,IMPLEMENTATION,records/history/archive/LX-WS-0065-IMP-05_LEGACY.md,05BB169D39609AE51984DBC792AD412E999A77FE
LS-WS-0065,,audit/LUMEN_IMPLEMENTATION_STATUS.md,EE2593354FAC55E6E3B4579525334F9865A752A4,19239,148,10414,10470,LX-WS-0065-EVD-02,EVIDENCE,records/evidence/runs/LX-WS-0065-EVD-02_LEGACY.md,F317542C10FBAE950EE7EBE4C0684BE27417A8EE
LS-WS-0065,,audit/LUMEN_IMPLEMENTATION_STATUS.md,EE2593354FAC55E6E3B4579525334F9865A752A4,19239,149,10471,10499,LX-WS-0065-EVD-02,EVIDENCE,records/evidence/runs/LX-WS-0065-EVD-02_LEGACY.md,F317542C10FBAE950EE7EBE4C0684BE27417A8EE
LS-WS-0065,,audit/LUMEN_IMPLEMENTATION_STATUS.md,EE2593354FAC55E6E3B4579525334F9865A752A4,19239,150,10500,10563,LX-WS-0065-EVD-02,EVIDENCE,records/evidence/runs/LX-WS-0065-EVD-02_LEGACY.md,F317542C10FBAE950EE7EBE4C0684BE27417A8EE
LS-WS-0065,,audit/LUMEN_IMPLEMENTATION_STATUS.md,EE2593354FAC55E6E3B4579525334F9865A752A4,19239,151,10564,10590,LX-WS-0065-EVD-02,EVIDENCE,records/evidence/runs/LX-WS-0065-EVD-02_LEGACY.md,F317542C10FBAE950EE7EBE4C0684BE27417A8EE
LS-WS-0065,,audit/LUMEN_IMPLEMENTATION_STATUS.md,EE2593354FAC55E6E3B4579525334F9865A752A4,19239,152,10591,10623,LX-WS-0065-EVD-02,EVIDENCE,records/evidence/runs/LX-WS-0065-EVD-02_LEGACY.md,F317542C10FBAE950EE7EBE4C0684BE27417A8EE
LS-WS-0065,,audit/LUMEN_IMPLEMENTATION_STATUS.md,EE2593354FAC55E6E3B4579525334F9865A752A4,19239,153,10624,10657,LX-WS-0065-EVD-02,EVIDENCE,records/evidence/runs/LX-WS-0065-EVD-02_LEGACY.md,F317542C10FBAE950EE7EBE4C0684BE27417A8EE
LS-WS-0065,,audit/LUMEN_IMPLEMENTATION_STATUS.md,EE2593354FAC55E6E3B4579525334F9865A752A4,19239,154,10658,10692,LX-WS-0065-EVD-02,EVIDENCE,records/evidence/runs/LX-WS-0065-EVD-02_LEGACY.md,F317542C10FBAE950EE7EBE4C0684BE27417A8EE
LS-WS-0065,,audit/LUMEN_IMPLEMENTATION_STATUS.md,EE2593354FAC55E6E3B4579525334F9865A752A4,19239,155,10693,10726,LX-WS-0065-EVD-02,EVIDENCE,records/evidence/runs/LX-WS-0065-EVD-02_LEGACY.md,F317542C10FBAE950EE7EBE4C0684BE27417A8EE
LS-WS-0065,,audit/LUMEN_IMPLEMENTATION_STATUS.md,EE2593354FAC55E6E3B4579525334F9865A752A4,19239,156,10727,10760,LX-WS-0065-EVD-02,EVIDENCE,records/evidence/runs/LX-WS-0065-EVD-02_LEGACY.md,F317542C10FBAE950EE7EBE4C0684BE27417A8EE
LS-WS-0065,,audit/LUMEN_IMPLEMENTATION_STATUS.md,EE2593354FAC55E6E3B4579525334F9865A752A4,19239,157,10761,10794,LX-WS-0065-EVD-02,EVIDENCE,records/evidence/runs/LX-WS-0065-EVD-02_LEGACY.md,F317542C10FBAE950EE7EBE4C0684BE27417A8EE
LS-WS-0065,,audit/LUMEN_IMPLEMENTATION_STATUS.md,EE2593354FAC55E6E3B4579525334F9865A752A4,19239,158,10795,10828,LX-WS-0065-DEC-01,DECISION,records/decisions/LX-WS-0065-DEC-01_LEGACY.md,087BBD15575824232469C555C148F67F14A23CC1
LS-WS-0065,,audit/LUMEN_IMPLEMENTATION_STATUS.md,EE2593354FAC55E6E3B4579525334F9865A752A4,19239,159,10829,10862,LX-WS-0065-EVD-02,EVIDENCE,records/evidence/runs/LX-WS-0065-EVD-02_LEGACY.md,F317542C10FBAE950EE7EBE4C0684BE27417A8EE
LS-WS-0065,,audit/LUMEN_IMPLEMENTATION_STATUS.md,EE2593354FAC55E6E3B4579525334F9865A752A4,19239,160,10863,10896,LX-WS-0065-EVD-02,EVIDENCE,records/evidence/runs/LX-WS-0065-EVD-02_LEGACY.md,F317542C10FBAE950EE7EBE4C0684BE27417A8EE
LS-WS-0065,,audit/LUMEN_IMPLEMENTATION_STATUS.md,EE2593354FAC55E6E3B4579525334F9865A752A4,19239,161,10897,10930,LX-WS-0065-EVD-02,EVIDENCE,records/evidence/runs/LX-WS-0065-EVD-02_LEGACY.md,F317542C10FBAE950EE7EBE4C0684BE27417A8EE
LS-WS-0065,,audit/LUMEN_IMPLEMENTATION_STATUS.md,EE2593354FAC55E6E3B4579525334F9865A752A4,19239,162,10931,10964,LX-WS-0065-EVD-02,EVIDENCE,records/evidence/runs/LX-WS-0065-EVD-02_LEGACY.md,F317542C10FBAE950EE7EBE4C0684BE27417A8EE
LS-WS-0065,,audit/LUMEN_IMPLEMENTATION_STATUS.md,EE2593354FAC55E6E3B4579525334F9865A752A4,19239,163,10965,10998,LX-WS-0065-EVD-02,EVIDENCE,records/evidence/runs/LX-WS-0065-EVD-02_LEGACY.md,F317542C10FBAE950EE7EBE4C0684BE27417A8EE
LS-WS-0065,,audit/LUMEN_IMPLEMENTATION_STATUS.md,EE2593354FAC55E6E3B4579525334F9865A752A4,19239,164,10999,11051,LX-WS-0065-EVD-02,EVIDENCE,records/evidence/runs/LX-WS-0065-EVD-02_LEGACY.md,F317542C10FBAE950EE7EBE4C0684BE27417A8EE
LS-WS-0065,,audit/LUMEN_IMPLEMENTATION_STATUS.md,EE2593354FAC55E6E3B4579525334F9865A752A4,19239,165,11052,11104,LX-WS-0065-EVD-02,EVIDENCE,records/evidence/runs/LX-WS-0065-EVD-02_LEGACY.md,F317542C10FBAE950EE7EBE4C0684BE27417A8EE
LS-WS-0065,,audit/LUMEN_IMPLEMENTATION_STATUS.md,EE2593354FAC55E6E3B4579525334F9865A752A4,19239,166,11105,11156,LX-WS-0065-EVD-02,EVIDENCE,records/evidence/runs/LX-WS-0065-EVD-02_LEGACY.md,F317542C10FBAE950EE7EBE4C0684BE27417A8EE
LS-WS-0065,,audit/LUMEN_IMPLEMENTATION_STATUS.md,EE2593354FAC55E6E3B4579525334F9865A752A4,19239,167,11157,11208,LX-WS-0065-EVD-02,EVIDENCE,records/evidence/runs/LX-WS-0065-EVD-02_LEGACY.md,F317542C10FBAE950EE7EBE4C0684BE27417A8EE
LS-WS-0065,,audit/LUMEN_IMPLEMENTATION_STATUS.md,EE2593354FAC55E6E3B4579525334F9865A752A4,19239,168,11209,11267,LX-WS-0065-EVD-02,EVIDENCE,records/evidence/runs/LX-WS-0065-EVD-02_LEGACY.md,F317542C10FBAE950EE7EBE4C0684BE27417A8EE
LS-WS-0065,,audit/LUMEN_IMPLEMENTATION_STATUS.md,EE2593354FAC55E6E3B4579525334F9865A752A4,19239,169,11268,11326,LX-WS-0065-EVD-02,EVIDENCE,records/evidence/runs/LX-WS-0065-EVD-02_LEGACY.md,F317542C10FBAE950EE7EBE4C0684BE27417A8EE
LS-WS-0065,,audit/LUMEN_IMPLEMENTATION_STATUS.md,EE2593354FAC55E6E3B4579525334F9865A752A4,19239,170,11327,11386,LX-WS-0065-EVD-02,EVIDENCE,records/evidence/runs/LX-WS-0065-EVD-02_LEGACY.md,F317542C10FBAE950EE7EBE4C0684BE27417A8EE
LS-WS-0065,,audit/LUMEN_IMPLEMENTATION_STATUS.md,EE2593354FAC55E6E3B4579525334F9865A752A4,19239,171,11387,11447,LX-WS-0065-EVD-02,EVIDENCE,records/evidence/runs/LX-WS-0065-EVD-02_LEGACY.md,F317542C10FBAE950EE7EBE4C0684BE27417A8EE
LS-WS-0065,,audit/LUMEN_IMPLEMENTATION_STATUS.md,EE2593354FAC55E6E3B4579525334F9865A752A4,19239,172,11448,11499,LX-WS-0065-CTX-07,CONTEXT,records/history/archive/LX-WS-0065-CTX-07_LEGACY.md,B3B9F70DB693224E112B2926D928A4AA45C2D789
LS-WS-0065,,audit/LUMEN_IMPLEMENTATION_STATUS.md,EE2593354FAC55E6E3B4579525334F9865A752A4,19239,173,11500,11549,LX-WS-0065-EVD-02,EVIDENCE,records/evidence/runs/LX-WS-0065-EVD-02_LEGACY.md,F317542C10FBAE950EE7EBE4C0684BE27417A8EE
LS-WS-0065,,audit/LUMEN_IMPLEMENTATION_STATUS.md,EE2593354FAC55E6E3B4579525334F9865A752A4,19239,174,11550,11617,LX-WS-0065-EVD-02,EVIDENCE,records/evidence/runs/LX-WS-0065-EVD-02_LEGACY.md,F317542C10FBAE950EE7EBE4C0684BE27417A8EE
LS-WS-0065,,audit/LUMEN_IMPLEMENTATION_STATUS.md,EE2593354FAC55E6E3B4579525334F9865A752A4,19239,175,11618,11671,LX-WS-0065-EVD-02,EVIDENCE,records/evidence/runs/LX-WS-0065-EVD-02_LEGACY.md,F317542C10FBAE950EE7EBE4C0684BE27417A8EE
LS-WS-0065,,audit/LUMEN_IMPLEMENTATION_STATUS.md,EE2593354FAC55E6E3B4579525334F9865A752A4,19239,176,11672,11740,LX-WS-0065-EVD-02,EVIDENCE,records/evidence/runs/LX-WS-0065-EVD-02_LEGACY.md,F317542C10FBAE950EE7EBE4C0684BE27417A8EE
LS-WS-0065,,audit/LUMEN_IMPLEMENTATION_STATUS.md,EE2593354FAC55E6E3B4579525334F9865A752A4,19239,177,11741,11795,LX-WS-0065-EVD-02,EVIDENCE,records/evidence/runs/LX-WS-0065-EVD-02_LEGACY.md,F317542C10FBAE950EE7EBE4C0684BE27417A8EE
LS-WS-0065,,audit/LUMEN_IMPLEMENTATION_STATUS.md,EE2593354FAC55E6E3B4579525334F9865A752A4,19239,178,11796,11877,LX-WS-0065-IMP-05,IMPLEMENTATION,records/history/archive/LX-WS-0065-IMP-05_LEGACY.md,05BB169D39609AE51984DBC792AD412E999A77FE
LS-WS-0065,,audit/LUMEN_IMPLEMENTATION_STATUS.md,EE2593354FAC55E6E3B4579525334F9865A752A4,19239,179,11878,11933,LX-WS-0065-EVD-02,EVIDENCE,records/evidence/runs/LX-WS-0065-EVD-02_LEGACY.md,F317542C10FBAE950EE7EBE4C0684BE27417A8EE
LS-WS-0065,,audit/LUMEN_IMPLEMENTATION_STATUS.md,EE2593354FAC55E6E3B4579525334F9865A752A4,19239,180,11934,12018,LX-WS-0065-IMP-05,IMPLEMENTATION,records/history/archive/LX-WS-0065-IMP-05_LEGACY.md,05BB169D39609AE51984DBC792AD412E999A77FE
LS-WS-0065,,audit/LUMEN_IMPLEMENTATION_STATUS.md,EE2593354FAC55E6E3B4579525334F9865A752A4,19239,181,12019,12078,LX-WS-0065-EVD-02,EVIDENCE,records/evidence/runs/LX-WS-0065-EVD-02_LEGACY.md,F317542C10FBAE950EE7EBE4C0684BE27417A8EE
LS-WS-0065,,audit/LUMEN_IMPLEMENTATION_STATUS.md,EE2593354FAC55E6E3B4579525334F9865A752A4,19239,182,12079,12148,LX-WS-0065-IMP-05,IMPLEMENTATION,records/history/archive/LX-WS-0065-IMP-05_LEGACY.md,05BB169D39609AE51984DBC792AD412E999A77FE
LS-WS-0065,,audit/LUMEN_IMPLEMENTATION_STATUS.md,EE2593354FAC55E6E3B4579525334F9865A752A4,19239,183,12149,12184,LX-WS-0065-EVD-02,EVIDENCE,records/evidence/runs/LX-WS-0065-EVD-02_LEGACY.md,F317542C10FBAE950EE7EBE4C0684BE27417A8EE
LS-WS-0065,,audit/LUMEN_IMPLEMENTATION_STATUS.md,EE2593354FAC55E6E3B4579525334F9865A752A4,19239,184,12185,12256,LX-WS-0065-IMP-05,IMPLEMENTATION,records/history/archive/LX-WS-0065-IMP-05_LEGACY.md,05BB169D39609AE51984DBC792AD412E999A77FE
LS-WS-0065,,audit/LUMEN_IMPLEMENTATION_STATUS.md,EE2593354FAC55E6E3B4579525334F9865A752A4,19239,185,12257,12291,LX-WS-0065-EVD-02,EVIDENCE,records/evidence/runs/LX-WS-0065-EVD-02_LEGACY.md,F317542C10FBAE950EE7EBE4C0684BE27417A8EE
LS-WS-0065,,audit/LUMEN_IMPLEMENTATION_STATUS.md,EE2593354FAC55E6E3B4579525334F9865A752A4,19239,186,12292,12365,LX-WS-0065-IMP-05,IMPLEMENTATION,records/history/archive/LX-WS-0065-IMP-05_LEGACY.md,05BB169D39609AE51984DBC792AD412E999A77FE
LS-WS-0065,,audit/LUMEN_IMPLEMENTATION_STATUS.md,EE2593354FAC55E6E3B4579525334F9865A752A4,19239,187,12366,12401,LX-WS-0065-EVD-02,EVIDENCE,records/evidence/runs/LX-WS-0065-EVD-02_LEGACY.md,F317542C10FBAE950EE7EBE4C0684BE27417A8EE
LS-WS-0065,,audit/LUMEN_IMPLEMENTATION_STATUS.md,EE2593354FAC55E6E3B4579525334F9865A752A4,19239,188,12402,12477,LX-WS-0065-IMP-05,IMPLEMENTATION,records/history/archive/LX-WS-0065-IMP-05_LEGACY.md,05BB169D39609AE51984DBC792AD412E999A77FE
LS-WS-0065,,audit/LUMEN_IMPLEMENTATION_STATUS.md,EE2593354FAC55E6E3B4579525334F9865A752A4,19239,189,12478,12514,LX-WS-0065-EVD-02,EVIDENCE,records/evidence/runs/LX-WS-0065-EVD-02_LEGACY.md,F317542C10FBAE950EE7EBE4C0684BE27417A8EE
LS-WS-0065,,audit/LUMEN_IMPLEMENTATION_STATUS.md,EE2593354FAC55E6E3B4579525334F9865A752A4,19239,190,12515,12579,LX-WS-0065-IMP-05,IMPLEMENTATION,records/history/archive/LX-WS-0065-IMP-05_LEGACY.md,05BB169D39609AE51984DBC792AD412E999A77FE
LS-WS-0065,,audit/LUMEN_IMPLEMENTATION_STATUS.md,EE2593354FAC55E6E3B4579525334F9865A752A4,19239,191,12580,12616,LX-WS-0065-EVD-02,EVIDENCE,records/evidence/runs/LX-WS-0065-EVD-02_LEGACY.md,F317542C10FBAE950EE7EBE4C0684BE27417A8EE
LS-WS-0065,,audit/LUMEN_IMPLEMENTATION_STATUS.md,EE2593354FAC55E6E3B4579525334F9865A752A4,19239,192,12617,12681,LX-WS-0065-IMP-05,IMPLEMENTATION,records/history/archive/LX-WS-0065-IMP-05_LEGACY.md,05BB169D39609AE51984DBC792AD412E999A77FE
LS-WS-0065,,audit/LUMEN_IMPLEMENTATION_STATUS.md,EE2593354FAC55E6E3B4579525334F9865A752A4,19239,193,12682,12717,LX-WS-0065-EVD-02,EVIDENCE,records/evidence/runs/LX-WS-0065-EVD-02_LEGACY.md,F317542C10FBAE950EE7EBE4C0684BE27417A8EE
LS-WS-0065,,audit/LUMEN_IMPLEMENTATION_STATUS.md,EE2593354FAC55E6E3B4579525334F9865A752A4,19239,194,12718,12782,LX-WS-0065-IMP-05,IMPLEMENTATION,records/history/archive/LX-WS-0065-IMP-05_LEGACY.md,05BB169D39609AE51984DBC792AD412E999A77FE
LS-WS-0065,,audit/LUMEN_IMPLEMENTATION_STATUS.md,EE2593354FAC55E6E3B4579525334F9865A752A4,19239,195,12783,12820,LX-WS-0065-EVD-02,EVIDENCE,records/evidence/runs/LX-WS-0065-EVD-02_LEGACY.md,F317542C10FBAE950EE7EBE4C0684BE27417A8EE
LS-WS-0065,,audit/LUMEN_IMPLEMENTATION_STATUS.md,EE2593354FAC55E6E3B4579525334F9865A752A4,19239,196,12821,12898,LX-WS-0065-IMP-05,IMPLEMENTATION,records/history/archive/LX-WS-0065-IMP-05_LEGACY.md,05BB169D39609AE51984DBC792AD412E999A77FE
LS-WS-0065,,audit/LUMEN_IMPLEMENTATION_STATUS.md,EE2593354FAC55E6E3B4579525334F9865A752A4,19239,197,12899,12913,LX-WS-0065-EVD-02,EVIDENCE,records/evidence/runs/LX-WS-0065-EVD-02_LEGACY.md,F317542C10FBAE950EE7EBE4C0684BE27417A8EE
LS-WS-0065,,audit/LUMEN_IMPLEMENTATION_STATUS.md,EE2593354FAC55E6E3B4579525334F9865A752A4,19239,198,12914,12975,LX-WS-0065-EVD-02,EVIDENCE,records/evidence/runs/LX-WS-0065-EVD-02_LEGACY.md,F317542C10FBAE950EE7EBE4C0684BE27417A8EE
LS-WS-0065,,audit/LUMEN_IMPLEMENTATION_STATUS.md,EE2593354FAC55E6E3B4579525334F9865A752A4,19239,199,12976,13058,LX-WS-0065-IMP-05,IMPLEMENTATION,records/history/archive/LX-WS-0065-IMP-05_LEGACY.md,05BB169D39609AE51984DBC792AD412E999A77FE
LS-WS-0065,,audit/LUMEN_IMPLEMENTATION_STATUS.md,EE2593354FAC55E6E3B4579525334F9865A752A4,19239,200,13059,13068,LX-WS-0065-EVD-02,EVIDENCE,records/evidence/runs/LX-WS-0065-EVD-02_LEGACY.md,F317542C10FBAE950EE7EBE4C0684BE27417A8EE
LS-WS-0065,,audit/LUMEN_IMPLEMENTATION_STATUS.md,EE2593354FAC55E6E3B4579525334F9865A752A4,19239,201,13069,13127,LX-WS-0065-EVD-02,EVIDENCE,records/evidence/runs/LX-WS-0065-EVD-02_LEGACY.md,F317542C10FBAE950EE7EBE4C0684BE27417A8EE
LS-WS-0065,,audit/LUMEN_IMPLEMENTATION_STATUS.md,EE2593354FAC55E6E3B4579525334F9865A752A4,19239,202,13128,13160,LX-WS-0065-IMP-05,IMPLEMENTATION,records/history/archive/LX-WS-0065-IMP-05_LEGACY.md,05BB169D39609AE51984DBC792AD412E999A77FE
LS-WS-0065,,audit/LUMEN_IMPLEMENTATION_STATUS.md,EE2593354FAC55E6E3B4579525334F9865A752A4,19239,203,13161,13198,LX-WS-0065-EVD-02,EVIDENCE,records/evidence/runs/LX-WS-0065-EVD-02_LEGACY.md,F317542C10FBAE950EE7EBE4C0684BE27417A8EE
LS-WS-0065,,audit/LUMEN_IMPLEMENTATION_STATUS.md,EE2593354FAC55E6E3B4579525334F9865A752A4,19239,204,13199,13242,LX-WS-0065-DEC-01,DECISION,records/decisions/LX-WS-0065-DEC-01_LEGACY.md,087BBD15575824232469C555C148F67F14A23CC1
LS-WS-0065,,audit/LUMEN_IMPLEMENTATION_STATUS.md,EE2593354FAC55E6E3B4579525334F9865A752A4,19239,205,13243,13284,LX-WS-0065-EVD-02,EVIDENCE,records/evidence/runs/LX-WS-0065-EVD-02_LEGACY.md,F317542C10FBAE950EE7EBE4C0684BE27417A8EE
LS-WS-0065,,audit/LUMEN_IMPLEMENTATION_STATUS.md,EE2593354FAC55E6E3B4579525334F9865A752A4,19239,206,13285,13311,LX-WS-0065-CTX-07,CONTEXT,records/history/archive/LX-WS-0065-CTX-07_LEGACY.md,B3B9F70DB693224E112B2926D928A4AA45C2D789
LS-WS-0065,,audit/LUMEN_IMPLEMENTATION_STATUS.md,EE2593354FAC55E6E3B4579525334F9865A752A4,19239,207,13312,13416,LX-WS-0065-DEC-01,DECISION,records/decisions/LX-WS-0065-DEC-01_LEGACY.md,087BBD15575824232469C555C148F67F14A23CC1
LS-WS-0065,,audit/LUMEN_IMPLEMENTATION_STATUS.md,EE2593354FAC55E6E3B4579525334F9865A752A4,19239,208,13417,13528,LX-WS-0065-IMP-05,IMPLEMENTATION,records/history/archive/LX-WS-0065-IMP-05_LEGACY.md,05BB169D39609AE51984DBC792AD412E999A77FE
LS-WS-0065,,audit/LUMEN_IMPLEMENTATION_STATUS.md,EE2593354FAC55E6E3B4579525334F9865A752A4,19239,209,13529,13620,LX-WS-0065-IMP-05,IMPLEMENTATION,records/history/archive/LX-WS-0065-IMP-05_LEGACY.md,05BB169D39609AE51984DBC792AD412E999A77FE
LS-WS-0065,,audit/LUMEN_IMPLEMENTATION_STATUS.md,EE2593354FAC55E6E3B4579525334F9865A752A4,19239,210,13621,13715,LX-WS-0065-IMP-05,IMPLEMENTATION,records/history/archive/LX-WS-0065-IMP-05_LEGACY.md,05BB169D39609AE51984DBC792AD412E999A77FE
LS-WS-0065,,audit/LUMEN_IMPLEMENTATION_STATUS.md,EE2593354FAC55E6E3B4579525334F9865A752A4,19239,211,13716,13802,LX-WS-0065-IMP-05,IMPLEMENTATION,records/history/archive/LX-WS-0065-IMP-05_LEGACY.md,05BB169D39609AE51984DBC792AD412E999A77FE
LS-WS-0065,,audit/LUMEN_IMPLEMENTATION_STATUS.md,EE2593354FAC55E6E3B4579525334F9865A752A4,19239,212,13803,13896,LX-WS-0065-IMP-05,IMPLEMENTATION,records/history/archive/LX-WS-0065-IMP-05_LEGACY.md,05BB169D39609AE51984DBC792AD412E999A77FE
LS-WS-0065,,audit/LUMEN_IMPLEMENTATION_STATUS.md,EE2593354FAC55E6E3B4579525334F9865A752A4,19239,213,13897,13991,LX-WS-0065-IMP-05,IMPLEMENTATION,records/history/archive/LX-WS-0065-IMP-05_LEGACY.md,05BB169D39609AE51984DBC792AD412E999A77FE
LS-WS-0065,,audit/LUMEN_IMPLEMENTATION_STATUS.md,EE2593354FAC55E6E3B4579525334F9865A752A4,19239,214,13992,14093,LX-WS-0065-IMP-05,IMPLEMENTATION,records/history/archive/LX-WS-0065-IMP-05_LEGACY.md,05BB169D39609AE51984DBC792AD412E999A77FE
LS-WS-0065,,audit/LUMEN_IMPLEMENTATION_STATUS.md,EE2593354FAC55E6E3B4579525334F9865A752A4,19239,215,14094,14194,LX-WS-0065-IMP-05,IMPLEMENTATION,records/history/archive/LX-WS-0065-IMP-05_LEGACY.md,05BB169D39609AE51984DBC792AD412E999A77FE
LS-WS-0065,,audit/LUMEN_IMPLEMENTATION_STATUS.md,EE2593354FAC55E6E3B4579525334F9865A752A4,19239,216,14195,14282,LX-WS-0065-IMP-05,IMPLEMENTATION,records/history/archive/LX-WS-0065-IMP-05_LEGACY.md,05BB169D39609AE51984DBC792AD412E999A77FE
LS-WS-0065,,audit/LUMEN_IMPLEMENTATION_STATUS.md,EE2593354FAC55E6E3B4579525334F9865A752A4,19239,217,14283,14399,LX-WS-0065-IMP-05,IMPLEMENTATION,records/history/archive/LX-WS-0065-IMP-05_LEGACY.md,05BB169D39609AE51984DBC792AD412E999A77FE
LS-WS-0065,,audit/LUMEN_IMPLEMENTATION_STATUS.md,EE2593354FAC55E6E3B4579525334F9865A752A4,19239,218,14400,14465,LX-WS-0065-IMP-05,IMPLEMENTATION,records/history/archive/LX-WS-0065-IMP-05_LEGACY.md,05BB169D39609AE51984DBC792AD412E999A77FE
LS-WS-0065,,audit/LUMEN_IMPLEMENTATION_STATUS.md,EE2593354FAC55E6E3B4579525334F9865A752A4,19239,219,14466,14532,LX-WS-0065-IMP-05,IMPLEMENTATION,records/history/archive/LX-WS-0065-IMP-05_LEGACY.md,05BB169D39609AE51984DBC792AD412E999A77FE
LS-WS-0065,,audit/LUMEN_IMPLEMENTATION_STATUS.md,EE2593354FAC55E6E3B4579525334F9865A752A4,19239,220,14533,14599,LX-WS-0065-IMP-05,IMPLEMENTATION,records/history/archive/LX-WS-0065-IMP-05_LEGACY.md,05BB169D39609AE51984DBC792AD412E999A77FE
LS-WS-0065,,audit/LUMEN_IMPLEMENTATION_STATUS.md,EE2593354FAC55E6E3B4579525334F9865A752A4,19239,221,14600,14666,LX-WS-0065-IMP-05,IMPLEMENTATION,records/history/archive/LX-WS-0065-IMP-05_LEGACY.md,05BB169D39609AE51984DBC792AD412E999A77FE
LS-WS-0065,,audit/LUMEN_IMPLEMENTATION_STATUS.md,EE2593354FAC55E6E3B4579525334F9865A752A4,19239,222,14667,14729,LX-WS-0065-IMP-05,IMPLEMENTATION,records/history/archive/LX-WS-0065-IMP-05_LEGACY.md,05BB169D39609AE51984DBC792AD412E999A77FE
LS-WS-0065,,audit/LUMEN_IMPLEMENTATION_STATUS.md,EE2593354FAC55E6E3B4579525334F9865A752A4,19239,223,14730,14791,LX-WS-0065-IMP-05,IMPLEMENTATION,records/history/archive/LX-WS-0065-IMP-05_LEGACY.md,05BB169D39609AE51984DBC792AD412E999A77FE
LS-WS-0065,,audit/LUMEN_IMPLEMENTATION_STATUS.md,EE2593354FAC55E6E3B4579525334F9865A752A4,19239,224,14792,14854,LX-WS-0065-DEC-01,DECISION,records/decisions/LX-WS-0065-DEC-01_LEGACY.md,087BBD15575824232469C555C148F67F14A23CC1
LS-WS-0065,,audit/LUMEN_IMPLEMENTATION_STATUS.md,EE2593354FAC55E6E3B4579525334F9865A752A4,19239,225,14855,14917,LX-WS-0065-DEC-01,DECISION,records/decisions/LX-WS-0065-DEC-01_LEGACY.md,087BBD15575824232469C555C148F67F14A23CC1
LS-WS-0065,,audit/LUMEN_IMPLEMENTATION_STATUS.md,EE2593354FAC55E6E3B4579525334F9865A752A4,19239,226,14918,14982,LX-WS-0065-EVD-02,EVIDENCE,records/evidence/runs/LX-WS-0065-EVD-02_LEGACY.md,F317542C10FBAE950EE7EBE4C0684BE27417A8EE
LS-WS-0065,,audit/LUMEN_IMPLEMENTATION_STATUS.md,EE2593354FAC55E6E3B4579525334F9865A752A4,19239,227,14983,15048,LX-WS-0065-EVD-02,EVIDENCE,records/evidence/runs/LX-WS-0065-EVD-02_LEGACY.md,F317542C10FBAE950EE7EBE4C0684BE27417A8EE
LS-WS-0065,,audit/LUMEN_IMPLEMENTATION_STATUS.md,EE2593354FAC55E6E3B4579525334F9865A752A4,19239,228,15049,15115,LX-WS-0065-EVD-02,EVIDENCE,records/evidence/runs/LX-WS-0065-EVD-02_LEGACY.md,F317542C10FBAE950EE7EBE4C0684BE27417A8EE
LS-WS-0065,,audit/LUMEN_IMPLEMENTATION_STATUS.md,EE2593354FAC55E6E3B4579525334F9865A752A4,19239,229,15116,15186,LX-WS-0065-DEC-01,DECISION,records/decisions/LX-WS-0065-DEC-01_LEGACY.md,087BBD15575824232469C555C148F67F14A23CC1
LS-WS-0065,,audit/LUMEN_IMPLEMENTATION_STATUS.md,EE2593354FAC55E6E3B4579525334F9865A752A4,19239,230,15187,15249,LX-WS-0065-DEC-01,DECISION,records/decisions/LX-WS-0065-DEC-01_LEGACY.md,087BBD15575824232469C555C148F67F14A23CC1
LS-WS-0065,,audit/LUMEN_IMPLEMENTATION_STATUS.md,EE2593354FAC55E6E3B4579525334F9865A752A4,19239,231,15250,15314,LX-WS-0065-EVD-02,EVIDENCE,records/evidence/runs/LX-WS-0065-EVD-02_LEGACY.md,F317542C10FBAE950EE7EBE4C0684BE27417A8EE
LS-WS-0065,,audit/LUMEN_IMPLEMENTATION_STATUS.md,EE2593354FAC55E6E3B4579525334F9865A752A4,19239,232,15315,15382,LX-WS-0065-DEC-01,DECISION,records/decisions/LX-WS-0065-DEC-01_LEGACY.md,087BBD15575824232469C555C148F67F14A23CC1
LS-WS-0065,,audit/LUMEN_IMPLEMENTATION_STATUS.md,EE2593354FAC55E6E3B4579525334F9865A752A4,19239,233,15383,15445,LX-WS-0065-EVD-02,EVIDENCE,records/evidence/runs/LX-WS-0065-EVD-02_LEGACY.md,F317542C10FBAE950EE7EBE4C0684BE27417A8EE
LS-WS-0065,,audit/LUMEN_IMPLEMENTATION_STATUS.md,EE2593354FAC55E6E3B4579525334F9865A752A4,19239,234,15446,15508,LX-WS-0065-EVD-02,EVIDENCE,records/evidence/runs/LX-WS-0065-EVD-02_LEGACY.md,F317542C10FBAE950EE7EBE4C0684BE27417A8EE
LS-WS-0065,,audit/LUMEN_IMPLEMENTATION_STATUS.md,EE2593354FAC55E6E3B4579525334F9865A752A4,19239,235,15509,15573,LX-WS-0065-EVD-02,EVIDENCE,records/evidence/runs/LX-WS-0065-EVD-02_LEGACY.md,F317542C10FBAE950EE7EBE4C0684BE27417A8EE
LS-WS-0065,,audit/LUMEN_IMPLEMENTATION_STATUS.md,EE2593354FAC55E6E3B4579525334F9865A752A4,19239,236,15574,15641,LX-WS-0065-DEC-01,DECISION,records/decisions/LX-WS-0065-DEC-01_LEGACY.md,087BBD15575824232469C555C148F67F14A23CC1
LS-WS-0065,,audit/LUMEN_IMPLEMENTATION_STATUS.md,EE2593354FAC55E6E3B4579525334F9865A752A4,19239,237,15642,15712,LX-WS-0065-DEC-01,DECISION,records/decisions/LX-WS-0065-DEC-01_LEGACY.md,087BBD15575824232469C555C148F67F14A23CC1
LS-WS-0065,,audit/LUMEN_IMPLEMENTATION_STATUS.md,EE2593354FAC55E6E3B4579525334F9865A752A4,19239,238,15713,15783,LX-WS-0065-EVD-02,EVIDENCE,records/evidence/runs/LX-WS-0065-EVD-02_LEGACY.md,F317542C10FBAE950EE7EBE4C0684BE27417A8EE
LS-WS-0065,,audit/LUMEN_IMPLEMENTATION_STATUS.md,EE2593354FAC55E6E3B4579525334F9865A752A4,19239,239,15784,15855,LX-WS-0065-DEC-01,DECISION,records/decisions/LX-WS-0065-DEC-01_LEGACY.md,087BBD15575824232469C555C148F67F14A23CC1
LS-WS-0065,,audit/LUMEN_IMPLEMENTATION_STATUS.md,EE2593354FAC55E6E3B4579525334F9865A752A4,19239,240,15856,15928,LX-WS-0065-EVD-02,EVIDENCE,records/evidence/runs/LX-WS-0065-EVD-02_LEGACY.md,F317542C10FBAE950EE7EBE4C0684BE27417A8EE
LS-WS-0065,,audit/LUMEN_IMPLEMENTATION_STATUS.md,EE2593354FAC55E6E3B4579525334F9865A752A4,19239,241,15929,16000,LX-WS-0065-EVD-02,EVIDENCE,records/evidence/runs/LX-WS-0065-EVD-02_LEGACY.md,F317542C10FBAE950EE7EBE4C0684BE27417A8EE
LS-WS-0065,,audit/LUMEN_IMPLEMENTATION_STATUS.md,EE2593354FAC55E6E3B4579525334F9865A752A4,19239,242,16001,16069,LX-WS-0065-EVD-02,EVIDENCE,records/evidence/runs/LX-WS-0065-EVD-02_LEGACY.md,F317542C10FBAE950EE7EBE4C0684BE27417A8EE
LS-WS-0065,,audit/LUMEN_IMPLEMENTATION_STATUS.md,EE2593354FAC55E6E3B4579525334F9865A752A4,19239,243,16070,16124,LX-WS-0065-DEC-01,DECISION,records/decisions/LX-WS-0065-DEC-01_LEGACY.md,087BBD15575824232469C555C148F67F14A23CC1
LS-WS-0065,,audit/LUMEN_IMPLEMENTATION_STATUS.md,EE2593354FAC55E6E3B4579525334F9865A752A4,19239,244,16125,16177,LX-WS-0065-EVD-02,EVIDENCE,records/evidence/runs/LX-WS-0065-EVD-02_LEGACY.md,F317542C10FBAE950EE7EBE4C0684BE27417A8EE
LS-WS-0065,,audit/LUMEN_IMPLEMENTATION_STATUS.md,EE2593354FAC55E6E3B4579525334F9865A752A4,19239,245,16178,16228,LX-WS-0065-CTX-07,CONTEXT,records/history/archive/LX-WS-0065-CTX-07_LEGACY.md,B3B9F70DB693224E112B2926D928A4AA45C2D789
LS-WS-0065,,audit/LUMEN_IMPLEMENTATION_STATUS.md,EE2593354FAC55E6E3B4579525334F9865A752A4,19239,246,16229,16285,LX-WS-0065-EVD-02,EVIDENCE,records/evidence/runs/LX-WS-0065-EVD-02_LEGACY.md,F317542C10FBAE950EE7EBE4C0684BE27417A8EE
LS-WS-0065,,audit/LUMEN_IMPLEMENTATION_STATUS.md,EE2593354FAC55E6E3B4579525334F9865A752A4,19239,247,16286,16333,LX-WS-0065-CTX-07,CONTEXT,records/history/archive/LX-WS-0065-CTX-07_LEGACY.md,B3B9F70DB693224E112B2926D928A4AA45C2D789
LS-WS-0065,,audit/LUMEN_IMPLEMENTATION_STATUS.md,EE2593354FAC55E6E3B4579525334F9865A752A4,19239,248,16334,16385,LX-WS-0065-EVD-02,EVIDENCE,records/evidence/runs/LX-WS-0065-EVD-02_LEGACY.md,F317542C10FBAE950EE7EBE4C0684BE27417A8EE
LS-WS-0065,,audit/LUMEN_IMPLEMENTATION_STATUS.md,EE2593354FAC55E6E3B4579525334F9865A752A4,19239,249,16386,16444,LX-WS-0065-EVD-02,EVIDENCE,records/evidence/runs/LX-WS-0065-EVD-02_LEGACY.md,F317542C10FBAE950EE7EBE4C0684BE27417A8EE
LS-WS-0065,,audit/LUMEN_IMPLEMENTATION_STATUS.md,EE2593354FAC55E6E3B4579525334F9865A752A4,19239,250,16445,16493,LX-WS-0065-DEC-01,DECISION,records/decisions/LX-WS-0065-DEC-01_LEGACY.md,087BBD15575824232469C555C148F67F14A23CC1
LS-WS-0065,,audit/LUMEN_IMPLEMENTATION_STATUS.md,EE2593354FAC55E6E3B4579525334F9865A752A4,19239,251,16494,16548,LX-WS-0065-DEC-01,DECISION,records/decisions/LX-WS-0065-DEC-01_LEGACY.md,087BBD15575824232469C555C148F67F14A23CC1
LS-WS-0065,,audit/LUMEN_IMPLEMENTATION_STATUS.md,EE2593354FAC55E6E3B4579525334F9865A752A4,19239,252,16549,16605,LX-WS-0065-CTX-07,CONTEXT,records/history/archive/LX-WS-0065-CTX-07_LEGACY.md,B3B9F70DB693224E112B2926D928A4AA45C2D789
LS-WS-0065,,audit/LUMEN_IMPLEMENTATION_STATUS.md,EE2593354FAC55E6E3B4579525334F9865A752A4,19239,253,16606,16667,LX-WS-0065-EVD-02,EVIDENCE,records/evidence/runs/LX-WS-0065-EVD-02_LEGACY.md,F317542C10FBAE950EE7EBE4C0684BE27417A8EE
LS-WS-0065,,audit/LUMEN_IMPLEMENTATION_STATUS.md,EE2593354FAC55E6E3B4579525334F9865A752A4,19239,254,16668,16731,LX-WS-0065-EVD-02,EVIDENCE,records/evidence/runs/LX-WS-0065-EVD-02_LEGACY.md,F317542C10FBAE950EE7EBE4C0684BE27417A8EE
LS-WS-0065,,audit/LUMEN_IMPLEMENTATION_STATUS.md,EE2593354FAC55E6E3B4579525334F9865A752A4,19239,255,16732,16789,LX-WS-0065-DEC-01,DECISION,records/decisions/LX-WS-0065-DEC-01_LEGACY.md,087BBD15575824232469C555C148F67F14A23CC1
LS-WS-0065,,audit/LUMEN_IMPLEMENTATION_STATUS.md,EE2593354FAC55E6E3B4579525334F9865A752A4,19239,256,16790,16851,LX-WS-0065-DEC-01,DECISION,records/decisions/LX-WS-0065-DEC-01_LEGACY.md,087BBD15575824232469C555C148F67F14A23CC1
LS-WS-0065,,audit/LUMEN_IMPLEMENTATION_STATUS.md,EE2593354FAC55E6E3B4579525334F9865A752A4,19239,257,16852,16908,LX-WS-0065-EVD-02,EVIDENCE,records/evidence/runs/LX-WS-0065-EVD-02_LEGACY.md,F317542C10FBAE950EE7EBE4C0684BE27417A8EE
LS-WS-0065,,audit/LUMEN_IMPLEMENTATION_STATUS.md,EE2593354FAC55E6E3B4579525334F9865A752A4,19239,258,16909,16965,LX-WS-0065-EVD-02,EVIDENCE,records/evidence/runs/LX-WS-0065-EVD-02_LEGACY.md,F317542C10FBAE950EE7EBE4C0684BE27417A8EE
LS-WS-0065,,audit/LUMEN_IMPLEMENTATION_STATUS.md,EE2593354FAC55E6E3B4579525334F9865A752A4,19239,259,16966,17015,LX-WS-0065-DEC-01,DECISION,records/decisions/LX-WS-0065-DEC-01_LEGACY.md,087BBD15575824232469C555C148F67F14A23CC1
LS-WS-0065,,audit/LUMEN_IMPLEMENTATION_STATUS.md,EE2593354FAC55E6E3B4579525334F9865A752A4,19239,260,17016,17070,LX-WS-0065-DEC-01,DECISION,records/decisions/LX-WS-0065-DEC-01_LEGACY.md,087BBD15575824232469C555C148F67F14A23CC1
LS-WS-0065,,audit/LUMEN_IMPLEMENTATION_STATUS.md,EE2593354FAC55E6E3B4579525334F9865A752A4,19239,261,17071,17123,LX-WS-0065-EVD-02,EVIDENCE,records/evidence/runs/LX-WS-0065-EVD-02_LEGACY.md,F317542C10FBAE950EE7EBE4C0684BE27417A8EE
LS-WS-0065,,audit/LUMEN_IMPLEMENTATION_STATUS.md,EE2593354FAC55E6E3B4579525334F9865A752A4,19239,262,17124,17186,LX-WS-0065-EVD-02,EVIDENCE,records/evidence/runs/LX-WS-0065-EVD-02_LEGACY.md,F317542C10FBAE950EE7EBE4C0684BE27417A8EE
LS-WS-0065,,audit/LUMEN_IMPLEMENTATION_STATUS.md,EE2593354FAC55E6E3B4579525334F9865A752A4,19239,263,17187,17250,LX-WS-0065-EVD-02,EVIDENCE,records/evidence/runs/LX-WS-0065-EVD-02_LEGACY.md,F317542C10FBAE950EE7EBE4C0684BE27417A8EE
LS-WS-0065,,audit/LUMEN_IMPLEMENTATION_STATUS.md,EE2593354FAC55E6E3B4579525334F9865A752A4,19239,264,17251,17301,LX-WS-0065-DEC-01,DECISION,records/decisions/LX-WS-0065-DEC-01_LEGACY.md,087BBD15575824232469C555C148F67F14A23CC1
LS-WS-0065,,audit/LUMEN_IMPLEMENTATION_STATUS.md,EE2593354FAC55E6E3B4579525334F9865A752A4,19239,265,17302,17349,LX-WS-0065-DEC-01,DECISION,records/decisions/LX-WS-0065-DEC-01_LEGACY.md,087BBD15575824232469C555C148F67F14A23CC1
LS-WS-0065,,audit/LUMEN_IMPLEMENTATION_STATUS.md,EE2593354FAC55E6E3B4579525334F9865A752A4,19239,266,17350,17399,LX-WS-0065-EVD-02,EVIDENCE,records/evidence/runs/LX-WS-0065-EVD-02_LEGACY.md,F317542C10FBAE950EE7EBE4C0684BE27417A8EE
LS-WS-0065,,audit/LUMEN_IMPLEMENTATION_STATUS.md,EE2593354FAC55E6E3B4579525334F9865A752A4,19239,267,17400,17450,LX-WS-0065-EVD-02,EVIDENCE,records/evidence/runs/LX-WS-0065-EVD-02_LEGACY.md,F317542C10FBAE950EE7EBE4C0684BE27417A8EE
LS-WS-0065,,audit/LUMEN_IMPLEMENTATION_STATUS.md,EE2593354FAC55E6E3B4579525334F9865A752A4,19239,268,17451,17493,LX-WS-0065-EVD-02,EVIDENCE,records/evidence/runs/LX-WS-0065-EVD-02_LEGACY.md,F317542C10FBAE950EE7EBE4C0684BE27417A8EE
LS-WS-0065,,audit/LUMEN_IMPLEMENTATION_STATUS.md,EE2593354FAC55E6E3B4579525334F9865A752A4,19239,269,17494,17540,LX-WS-0065-DEC-01,DECISION,records/decisions/LX-WS-0065-DEC-01_LEGACY.md,087BBD15575824232469C555C148F67F14A23CC1
LS-WS-0065,,audit/LUMEN_IMPLEMENTATION_STATUS.md,EE2593354FAC55E6E3B4579525334F9865A752A4,19239,270,17541,17593,LX-WS-0065-DEC-01,DECISION,records/decisions/LX-WS-0065-DEC-01_LEGACY.md,087BBD15575824232469C555C148F67F14A23CC1
LS-WS-0065,,audit/LUMEN_IMPLEMENTATION_STATUS.md,EE2593354FAC55E6E3B4579525334F9865A752A4,19239,271,17594,17647,LX-WS-0065-DEC-01,DECISION,records/decisions/LX-WS-0065-DEC-01_LEGACY.md,087BBD15575824232469C555C148F67F14A23CC1
LS-WS-0065,,audit/LUMEN_IMPLEMENTATION_STATUS.md,EE2593354FAC55E6E3B4579525334F9865A752A4,19239,272,17648,17702,LX-WS-0065-EVD-02,EVIDENCE,records/evidence/runs/LX-WS-0065-EVD-02_LEGACY.md,F317542C10FBAE950EE7EBE4C0684BE27417A8EE
LS-WS-0065,,audit/LUMEN_IMPLEMENTATION_STATUS.md,EE2593354FAC55E6E3B4579525334F9865A752A4,19239,273,17703,17758,LX-WS-0065-EVD-02,EVIDENCE,records/evidence/runs/LX-WS-0065-EVD-02_LEGACY.md,F317542C10FBAE950EE7EBE4C0684BE27417A8EE
LS-WS-0065,,audit/LUMEN_IMPLEMENTATION_STATUS.md,EE2593354FAC55E6E3B4579525334F9865A752A4,19239,274,17759,17815,LX-WS-0065-DEC-01,DECISION,records/decisions/LX-WS-0065-DEC-01_LEGACY.md,087BBD15575824232469C555C148F67F14A23CC1
LS-WS-0065,,audit/LUMEN_IMPLEMENTATION_STATUS.md,EE2593354FAC55E6E3B4579525334F9865A752A4,19239,275,17816,17874,LX-WS-0065-EVD-02,EVIDENCE,records/evidence/runs/LX-WS-0065-EVD-02_LEGACY.md,F317542C10FBAE950EE7EBE4C0684BE27417A8EE
LS-WS-0065,,audit/LUMEN_IMPLEMENTATION_STATUS.md,EE2593354FAC55E6E3B4579525334F9865A752A4,19239,276,17875,17934,LX-WS-0065-EVD-02,EVIDENCE,records/evidence/runs/LX-WS-0065-EVD-02_LEGACY.md,F317542C10FBAE950EE7EBE4C0684BE27417A8EE
LS-WS-0065,,audit/LUMEN_IMPLEMENTATION_STATUS.md,EE2593354FAC55E6E3B4579525334F9865A752A4,19239,277,17935,17991,LX-WS-0065-DEC-01,DECISION,records/decisions/LX-WS-0065-DEC-01_LEGACY.md,087BBD15575824232469C555C148F67F14A23CC1
LS-WS-0065,,audit/LUMEN_IMPLEMENTATION_STATUS.md,EE2593354FAC55E6E3B4579525334F9865A752A4,19239,278,17992,18050,LX-WS-0065-DEC-01,DECISION,records/decisions/LX-WS-0065-DEC-01_LEGACY.md,087BBD15575824232469C555C148F67F14A23CC1
LS-WS-0065,,audit/LUMEN_IMPLEMENTATION_STATUS.md,EE2593354FAC55E6E3B4579525334F9865A752A4,19239,279,18051,18085,LX-WS-0065-CTX-07,CONTEXT,records/history/archive/LX-WS-0065-CTX-07_LEGACY.md,B3B9F70DB693224E112B2926D928A4AA45C2D789
LS-WS-0065,,audit/LUMEN_IMPLEMENTATION_STATUS.md,EE2593354FAC55E6E3B4579525334F9865A752A4,19239,280,18086,18119,LX-WS-0065-DEC-01,DECISION,records/decisions/LX-WS-0065-DEC-01_LEGACY.md,087BBD15575824232469C555C148F67F14A23CC1
LS-WS-0065,,audit/LUMEN_IMPLEMENTATION_STATUS.md,EE2593354FAC55E6E3B4579525334F9865A752A4,19239,281,18120,18154,LX-WS-0065-DEC-01,DECISION,records/decisions/LX-WS-0065-DEC-01_LEGACY.md,087BBD15575824232469C555C148F67F14A23CC1
LS-WS-0065,,audit/LUMEN_IMPLEMENTATION_STATUS.md,EE2593354FAC55E6E3B4579525334F9865A752A4,19239,282,18155,18196,LX-WS-0065-EVD-02,EVIDENCE,records/evidence/runs/LX-WS-0065-EVD-02_LEGACY.md,F317542C10FBAE950EE7EBE4C0684BE27417A8EE
LS-WS-0065,,audit/LUMEN_IMPLEMENTATION_STATUS.md,EE2593354FAC55E6E3B4579525334F9865A752A4,19239,283,18197,18237,LX-WS-0065-EVD-02,EVIDENCE,records/evidence/runs/LX-WS-0065-EVD-02_LEGACY.md,F317542C10FBAE950EE7EBE4C0684BE27417A8EE
LS-WS-0065,,audit/LUMEN_IMPLEMENTATION_STATUS.md,EE2593354FAC55E6E3B4579525334F9865A752A4,19239,284,18238,18279,LX-WS-0065-EVD-02,EVIDENCE,records/evidence/runs/LX-WS-0065-EVD-02_LEGACY.md,F317542C10FBAE950EE7EBE4C0684BE27417A8EE
LS-WS-0065,,audit/LUMEN_IMPLEMENTATION_STATUS.md,EE2593354FAC55E6E3B4579525334F9865A752A4,19239,285,18280,18328,LX-WS-0065-DEC-01,DECISION,records/decisions/LX-WS-0065-DEC-01_LEGACY.md,087BBD15575824232469C555C148F67F14A23CC1
LS-WS-0065,,audit/LUMEN_IMPLEMENTATION_STATUS.md,EE2593354FAC55E6E3B4579525334F9865A752A4,19239,286,18329,18377,LX-WS-0065-DEC-01,DECISION,records/decisions/LX-WS-0065-DEC-01_LEGACY.md,087BBD15575824232469C555C148F67F14A23CC1
LS-WS-0065,,audit/LUMEN_IMPLEMENTATION_STATUS.md,EE2593354FAC55E6E3B4579525334F9865A752A4,19239,287,18378,18421,LX-WS-0065-CTX-07,CONTEXT,records/history/archive/LX-WS-0065-CTX-07_LEGACY.md,B3B9F70DB693224E112B2926D928A4AA45C2D789
LS-WS-0065,,audit/LUMEN_IMPLEMENTATION_STATUS.md,EE2593354FAC55E6E3B4579525334F9865A752A4,19239,288,18422,18462,LX-WS-0065-EVD-02,EVIDENCE,records/evidence/runs/LX-WS-0065-EVD-02_LEGACY.md,F317542C10FBAE950EE7EBE4C0684BE27417A8EE
LS-WS-0065,,audit/LUMEN_IMPLEMENTATION_STATUS.md,EE2593354FAC55E6E3B4579525334F9865A752A4,19239,289,18463,18504,LX-WS-0065-EVD-02,EVIDENCE,records/evidence/runs/LX-WS-0065-EVD-02_LEGACY.md,F317542C10FBAE950EE7EBE4C0684BE27417A8EE
LS-WS-0065,,audit/LUMEN_IMPLEMENTATION_STATUS.md,EE2593354FAC55E6E3B4579525334F9865A752A4,19239,290,18505,18543,LX-WS-0065-DEC-01,DECISION,records/decisions/LX-WS-0065-DEC-01_LEGACY.md,087BBD15575824232469C555C148F67F14A23CC1
LS-WS-0065,,audit/LUMEN_IMPLEMENTATION_STATUS.md,EE2593354FAC55E6E3B4579525334F9865A752A4,19239,291,18544,18583,LX-WS-0065-DEC-01,DECISION,records/decisions/LX-WS-0065-DEC-01_LEGACY.md,087BBD15575824232469C555C148F67F14A23CC1
LS-WS-0065,,audit/LUMEN_IMPLEMENTATION_STATUS.md,EE2593354FAC55E6E3B4579525334F9865A752A4,19239,292,18584,18623,LX-WS-0065-EVD-02,EVIDENCE,records/evidence/runs/LX-WS-0065-EVD-02_LEGACY.md,F317542C10FBAE950EE7EBE4C0684BE27417A8EE
LS-WS-0065,,audit/LUMEN_IMPLEMENTATION_STATUS.md,EE2593354FAC55E6E3B4579525334F9865A752A4,19239,293,18624,18661,LX-WS-0065-EVD-02,EVIDENCE,records/evidence/runs/LX-WS-0065-EVD-02_LEGACY.md,F317542C10FBAE950EE7EBE4C0684BE27417A8EE
LS-WS-0065,,audit/LUMEN_IMPLEMENTATION_STATUS.md,EE2593354FAC55E6E3B4579525334F9865A752A4,19239,294,18662,18696,LX-WS-0065-EVD-02,EVIDENCE,records/evidence/runs/LX-WS-0065-EVD-02_LEGACY.md,F317542C10FBAE950EE7EBE4C0684BE27417A8EE
LS-WS-0065,,audit/LUMEN_IMPLEMENTATION_STATUS.md,EE2593354FAC55E6E3B4579525334F9865A752A4,19239,295,18697,18731,LX-WS-0065-DEC-01,DECISION,records/decisions/LX-WS-0065-DEC-01_LEGACY.md,087BBD15575824232469C555C148F67F14A23CC1
LS-WS-0065,,audit/LUMEN_IMPLEMENTATION_STATUS.md,EE2593354FAC55E6E3B4579525334F9865A752A4,19239,296,18732,18764,LX-WS-0065-DEC-01,DECISION,records/decisions/LX-WS-0065-DEC-01_LEGACY.md,087BBD15575824232469C555C148F67F14A23CC1
LS-WS-0065,,audit/LUMEN_IMPLEMENTATION_STATUS.md,EE2593354FAC55E6E3B4579525334F9865A752A4,19239,297,18765,18803,LX-WS-0065-CTX-07,CONTEXT,records/history/archive/LX-WS-0065-CTX-07_LEGACY.md,B3B9F70DB693224E112B2926D928A4AA45C2D789
LS-WS-0065,,audit/LUMEN_IMPLEMENTATION_STATUS.md,EE2593354FAC55E6E3B4579525334F9865A752A4,19239,298,18804,18842,LX-WS-0065-EVD-02,EVIDENCE,records/evidence/runs/LX-WS-0065-EVD-02_LEGACY.md,F317542C10FBAE950EE7EBE4C0684BE27417A8EE
LS-WS-0065,,audit/LUMEN_IMPLEMENTATION_STATUS.md,EE2593354FAC55E6E3B4579525334F9865A752A4,19239,299,18843,18881,LX-WS-0065-DEC-01,DECISION,records/decisions/LX-WS-0065-DEC-01_LEGACY.md,087BBD15575824232469C555C148F67F14A23CC1
LS-WS-0065,,audit/LUMEN_IMPLEMENTATION_STATUS.md,EE2593354FAC55E6E3B4579525334F9865A752A4,19239,300,18882,18920,LX-WS-0065-DEC-01,DECISION,records/decisions/LX-WS-0065-DEC-01_LEGACY.md,087BBD15575824232469C555C148F67F14A23CC1
LS-WS-0065,,audit/LUMEN_IMPLEMENTATION_STATUS.md,EE2593354FAC55E6E3B4579525334F9865A752A4,19239,301,18921,18951,LX-WS-0065-CTX-07,CONTEXT,records/history/archive/LX-WS-0065-CTX-07_LEGACY.md,B3B9F70DB693224E112B2926D928A4AA45C2D789
LS-WS-0065,,audit/LUMEN_IMPLEMENTATION_STATUS.md,EE2593354FAC55E6E3B4579525334F9865A752A4,19239,302,18952,18998,LX-WS-0065-EVD-02,EVIDENCE,records/evidence/runs/LX-WS-0065-EVD-02_LEGACY.md,F317542C10FBAE950EE7EBE4C0684BE27417A8EE
LS-WS-0065,,audit/LUMEN_IMPLEMENTATION_STATUS.md,EE2593354FAC55E6E3B4579525334F9865A752A4,19239,303,18999,19021,LX-WS-0065-CTX-07,CONTEXT,records/history/archive/LX-WS-0065-CTX-07_LEGACY.md,B3B9F70DB693224E112B2926D928A4AA45C2D789
LS-WS-0065,,audit/LUMEN_IMPLEMENTATION_STATUS.md,EE2593354FAC55E6E3B4579525334F9865A752A4,19239,304,19022,19046,LX-WS-0065-IMP-05,IMPLEMENTATION,records/history/archive/LX-WS-0065-IMP-05_LEGACY.md,05BB169D39609AE51984DBC792AD412E999A77FE
LS-WS-0065,,audit/LUMEN_IMPLEMENTATION_STATUS.md,EE2593354FAC55E6E3B4579525334F9865A752A4,19239,305,19047,19075,LX-WS-0065-EVD-02,EVIDENCE,records/evidence/runs/LX-WS-0065-EVD-02_LEGACY.md,F317542C10FBAE950EE7EBE4C0684BE27417A8EE
LS-WS-0065,,audit/LUMEN_IMPLEMENTATION_STATUS.md,EE2593354FAC55E6E3B4579525334F9865A752A4,19239,306,19076,19097,LX-WS-0065-EVD-02,EVIDENCE,records/evidence/runs/LX-WS-0065-EVD-02_LEGACY.md,F317542C10FBAE950EE7EBE4C0684BE27417A8EE
LS-WS-0065,,audit/LUMEN_IMPLEMENTATION_STATUS.md,EE2593354FAC55E6E3B4579525334F9865A752A4,19239,307,19098,19131,LX-WS-0065-IMP-05,IMPLEMENTATION,records/history/archive/LX-WS-0065-IMP-05_LEGACY.md,05BB169D39609AE51984DBC792AD412E999A77FE
LS-WS-0065,,audit/LUMEN_IMPLEMENTATION_STATUS.md,EE2593354FAC55E6E3B4579525334F9865A752A4,19239,308,19132,19154,LX-WS-0065-RES-06,RESEARCH,records/history/archive/LX-WS-0065-RES-06_LEGACY.md,958F8B3AD357A035D2D1A546C633A2F5AFA4BA1A
LS-WS-0065,,audit/LUMEN_IMPLEMENTATION_STATUS.md,EE2593354FAC55E6E3B4579525334F9865A752A4,19239,309,19155,19183,LX-WS-0065-EVD-02,EVIDENCE,records/evidence/runs/LX-WS-0065-EVD-02_LEGACY.md,F317542C10FBAE950EE7EBE4C0684BE27417A8EE
LS-WS-0065,,audit/LUMEN_IMPLEMENTATION_STATUS.md,EE2593354FAC55E6E3B4579525334F9865A752A4,19239,310,19184,19198,LX-WS-0065-IMP-05,IMPLEMENTATION,records/history/archive/LX-WS-0065-IMP-05_LEGACY.md,05BB169D39609AE51984DBC792AD412E999A77FE
LS-WS-0065,,audit/LUMEN_IMPLEMENTATION_STATUS.md,EE2593354FAC55E6E3B4579525334F9865A752A4,19239,311,19199,19239,LX-WS-0065-CTX-07,CONTEXT,records/history/archive/LX-WS-0065-CTX-07_LEGACY.md,B3B9F70DB693224E112B2926D928A4AA45C2D789
LS-WS-0075,C02,audit/WS_C02_OPERATOR_FORENSIC_FINAL_RESULT.md,6363A0DA67D20A9B5B5834D4FAFD45D000FB806D,156,1,1,2,LX-WS-0075-CTX-05,CONTEXT,records/history/archive/LX-WS-0075-CTX-05_C02.md,1E465D3D56F89F20A32A46D9998598E42FC341B7
LS-WS-0075,C02,audit/WS_C02_OPERATOR_FORENSIC_FINAL_RESULT.md,6363A0DA67D20A9B5B5834D4FAFD45D000FB806D,156,2,3,9,LX-WS-0075-FND-03,FINDING,records/history/archive/LX-WS-0075-FND-03_C02.md,4E3A0EEB2C746AA80E59E36108D8197FA9A3471E
LS-WS-0075,C02,audit/WS_C02_OPERATOR_FORENSIC_FINAL_RESULT.md,6363A0DA67D20A9B5B5834D4FAFD45D000FB806D,156,3,10,22,LX-WS-0075-EVD-02,EVIDENCE,records/evidence/runs/LX-WS-0075-EVD-02_C02.md,35E886D0BB96075DFB48A097E6F6B55224870131
LS-WS-0075,C02,audit/WS_C02_OPERATOR_FORENSIC_FINAL_RESULT.md,6363A0DA67D20A9B5B5834D4FAFD45D000FB806D,156,4,23,30,LX-WS-0075-FND-03,FINDING,records/history/archive/LX-WS-0075-FND-03_C02.md,4E3A0EEB2C746AA80E59E36108D8197FA9A3471E
LS-WS-0075,C02,audit/WS_C02_OPERATOR_FORENSIC_FINAL_RESULT.md,6363A0DA67D20A9B5B5834D4FAFD45D000FB806D,156,5,31,45,LX-WS-0075-EVD-02,EVIDENCE,records/evidence/runs/LX-WS-0075-EVD-02_C02.md,35E886D0BB96075DFB48A097E6F6B55224870131
LS-WS-0075,C02,audit/WS_C02_OPERATOR_FORENSIC_FINAL_RESULT.md,6363A0DA67D20A9B5B5834D4FAFD45D000FB806D,156,6,46,66,LX-WS-0075-RES-04,RESEARCH,records/history/archive/LX-WS-0075-RES-04_C02.md,DD29D3F982EEE172468DB4287BB3B3B9E2A136CB
LS-WS-0075,C02,audit/WS_C02_OPERATOR_FORENSIC_FINAL_RESULT.md,6363A0DA67D20A9B5B5834D4FAFD45D000FB806D,156,7,67,84,LX-WS-0075-EVD-02,EVIDENCE,records/evidence/runs/LX-WS-0075-EVD-02_C02.md,35E886D0BB96075DFB48A097E6F6B55224870131
LS-WS-0075,C02,audit/WS_C02_OPERATOR_FORENSIC_FINAL_RESULT.md,6363A0DA67D20A9B5B5834D4FAFD45D000FB806D,156,8,85,116,LX-WS-0075-FND-03,FINDING,records/history/archive/LX-WS-0075-FND-03_C02.md,4E3A0EEB2C746AA80E59E36108D8197FA9A3471E
LS-WS-0075,C02,audit/WS_C02_OPERATOR_FORENSIC_FINAL_RESULT.md,6363A0DA67D20A9B5B5834D4FAFD45D000FB806D,156,9,117,129,LX-WS-0075-FND-03,FINDING,records/history/archive/LX-WS-0075-FND-03_C02.md,4E3A0EEB2C746AA80E59E36108D8197FA9A3471E
LS-WS-0075,C02,audit/WS_C02_OPERATOR_FORENSIC_FINAL_RESULT.md,6363A0DA67D20A9B5B5834D4FAFD45D000FB806D,156,10,130,138,LX-WS-0075-FND-03,FINDING,records/history/archive/LX-WS-0075-FND-03_C02.md,4E3A0EEB2C746AA80E59E36108D8197FA9A3471E
LS-WS-0075,C02,audit/WS_C02_OPERATOR_FORENSIC_FINAL_RESULT.md,6363A0DA67D20A9B5B5834D4FAFD45D000FB806D,156,11,139,148,LX-WS-0075-DEC-01,DECISION,records/decisions/LX-WS-0075-DEC-01_C02.md,8976CF0149C3E1A5DE7102F271DCDCCBB624F525
LS-WS-0075,C02,audit/WS_C02_OPERATOR_FORENSIC_FINAL_RESULT.md,6363A0DA67D20A9B5B5834D4FAFD45D000FB806D,156,12,149,156,LX-WS-0075-FND-03,FINDING,records/history/archive/LX-WS-0075-FND-03_C02.md,4E3A0EEB2C746AA80E59E36108D8197FA9A3471E
LS-WS-0077,C03,audit/WS_C03_OPERATOR_FORENSIC_FINAL_RESULT.md,9279E3945C05F737ECCB39ECF49A9D3524D0C60E,234,1,1,7,LX-WS-0077-CTX-05,CONTEXT,records/history/archive/LX-WS-0077-CTX-05_C03.md,DA4BC795ABB2159DA54D3F79A8B39DCE9E0EE287
LS-WS-0077,C03,audit/WS_C03_OPERATOR_FORENSIC_FINAL_RESULT.md,9279E3945C05F737ECCB39ECF49A9D3524D0C60E,234,2,8,24,LX-WS-0077-DEC-01,DECISION,records/decisions/LX-WS-0077-DEC-01_C03.md,6D520325F2505E4A9DA50190D57B99ACD12E2B7A
LS-WS-0077,C03,audit/WS_C03_OPERATOR_FORENSIC_FINAL_RESULT.md,9279E3945C05F737ECCB39ECF49A9D3524D0C60E,234,3,25,33,LX-WS-0077-FND-03,FINDING,records/history/archive/LX-WS-0077-FND-03_C03.md,1141D4ECB9926B5703ABBFF379245A0BD1494348
LS-WS-0077,C03,audit/WS_C03_OPERATOR_FORENSIC_FINAL_RESULT.md,9279E3945C05F737ECCB39ECF49A9D3524D0C60E,234,4,34,78,LX-WS-0077-EVD-02,EVIDENCE,records/evidence/runs/LX-WS-0077-EVD-02_C03.md,133454419AF464B8A01ACD37A1439B4512F86532
LS-WS-0077,C03,audit/WS_C03_OPERATOR_FORENSIC_FINAL_RESULT.md,9279E3945C05F737ECCB39ECF49A9D3524D0C60E,234,5,79,138,LX-WS-0077-RES-04,RESEARCH,records/history/archive/LX-WS-0077-RES-04_C03.md,5EE6AD50DB65FE3385B361FF3EE8B6C086373045
LS-WS-0077,C03,audit/WS_C03_OPERATOR_FORENSIC_FINAL_RESULT.md,9279E3945C05F737ECCB39ECF49A9D3524D0C60E,234,6,139,153,LX-WS-0077-FND-03,FINDING,records/history/archive/LX-WS-0077-FND-03_C03.md,1141D4ECB9926B5703ABBFF379245A0BD1494348
LS-WS-0077,C03,audit/WS_C03_OPERATOR_FORENSIC_FINAL_RESULT.md,9279E3945C05F737ECCB39ECF49A9D3524D0C60E,234,7,154,165,LX-WS-0077-FND-03,FINDING,records/history/archive/LX-WS-0077-FND-03_C03.md,1141D4ECB9926B5703ABBFF379245A0BD1494348
LS-WS-0077,C03,audit/WS_C03_OPERATOR_FORENSIC_FINAL_RESULT.md,9279E3945C05F737ECCB39ECF49A9D3524D0C60E,234,8,166,203,LX-WS-0077-FND-03,FINDING,records/history/archive/LX-WS-0077-FND-03_C03.md,1141D4ECB9926B5703ABBFF379245A0BD1494348
LS-WS-0077,C03,audit/WS_C03_OPERATOR_FORENSIC_FINAL_RESULT.md,9279E3945C05F737ECCB39ECF49A9D3524D0C60E,234,9,204,219,LX-WS-0077-DEC-01,DECISION,records/decisions/LX-WS-0077-DEC-01_C03.md,6D520325F2505E4A9DA50190D57B99ACD12E2B7A
LS-WS-0077,C03,audit/WS_C03_OPERATOR_FORENSIC_FINAL_RESULT.md,9279E3945C05F737ECCB39ECF49A9D3524D0C60E,234,10,220,234,LX-WS-0077-FND-03,FINDING,records/history/archive/LX-WS-0077-FND-03_C03.md,1141D4ECB9926B5703ABBFF379245A0BD1494348
LS-WS-0078,C03,audit/WS_C03_OPERATOR_VALIDATION_COMMANDS.md,DDD21BBE8B5C001301678286C0B9DEE76666F0C6,377,1,1,8,LX-WS-0078-CTX-03,CONTEXT,records/history/archive/LX-WS-0078-CTX-03_C03.md,BC951E310D991074A5B206EC3EABBE0C43445C25
LS-WS-0078,C03,audit/WS_C03_OPERATOR_VALIDATION_COMMANDS.md,DDD21BBE8B5C001301678286C0B9DEE76666F0C6,377,2,9,18,LX-WS-0078-EVD-01,EVIDENCE,records/evidence/runs/LX-WS-0078-EVD-01_C03.md,C487E72415280DCAC30C9137B821C2F8222A0DC4
LS-WS-0078,C03,audit/WS_C03_OPERATOR_VALIDATION_COMMANDS.md,DDD21BBE8B5C001301678286C0B9DEE76666F0C6,377,3,19,104,LX-WS-0078-EVD-01,EVIDENCE,records/evidence/runs/LX-WS-0078-EVD-01_C03.md,C487E72415280DCAC30C9137B821C2F8222A0DC4
LS-WS-0078,C03,audit/WS_C03_OPERATOR_VALIDATION_COMMANDS.md,DDD21BBE8B5C001301678286C0B9DEE76666F0C6,377,4,105,116,LX-WS-0078-EVD-01,EVIDENCE,records/evidence/runs/LX-WS-0078-EVD-01_C03.md,C487E72415280DCAC30C9137B821C2F8222A0DC4
LS-WS-0078,C03,audit/WS_C03_OPERATOR_VALIDATION_COMMANDS.md,DDD21BBE8B5C001301678286C0B9DEE76666F0C6,377,5,117,150,LX-WS-0078-EVD-01,EVIDENCE,records/evidence/runs/LX-WS-0078-EVD-01_C03.md,C487E72415280DCAC30C9137B821C2F8222A0DC4
LS-WS-0078,C03,audit/WS_C03_OPERATOR_VALIDATION_COMMANDS.md,DDD21BBE8B5C001301678286C0B9DEE76666F0C6,377,6,151,175,LX-WS-0078-EVD-01,EVIDENCE,records/evidence/runs/LX-WS-0078-EVD-01_C03.md,C487E72415280DCAC30C9137B821C2F8222A0DC4
LS-WS-0078,C03,audit/WS_C03_OPERATOR_VALIDATION_COMMANDS.md,DDD21BBE8B5C001301678286C0B9DEE76666F0C6,377,7,176,201,LX-WS-0078-EVD-01,EVIDENCE,records/evidence/runs/LX-WS-0078-EVD-01_C03.md,C487E72415280DCAC30C9137B821C2F8222A0DC4
LS-WS-0078,C03,audit/WS_C03_OPERATOR_VALIDATION_COMMANDS.md,DDD21BBE8B5C001301678286C0B9DEE76666F0C6,377,8,202,254,LX-WS-0078-EVD-01,EVIDENCE,records/evidence/runs/LX-WS-0078-EVD-01_C03.md,C487E72415280DCAC30C9137B821C2F8222A0DC4
LS-WS-0078,C03,audit/WS_C03_OPERATOR_VALIDATION_COMMANDS.md,DDD21BBE8B5C001301678286C0B9DEE76666F0C6,377,9,255,320,LX-WS-0078-RES-02,RESEARCH,records/history/archive/LX-WS-0078-RES-02_C03.md,3AA3BD9175B619F08C80628059099D6260CE050B
LS-WS-0078,C03,audit/WS_C03_OPERATOR_VALIDATION_COMMANDS.md,DDD21BBE8B5C001301678286C0B9DEE76666F0C6,377,10,321,350,LX-WS-0078-RES-02,RESEARCH,records/history/archive/LX-WS-0078-RES-02_C03.md,3AA3BD9175B619F08C80628059099D6260CE050B
LS-WS-0078,C03,audit/WS_C03_OPERATOR_VALIDATION_COMMANDS.md,DDD21BBE8B5C001301678286C0B9DEE76666F0C6,377,11,351,370,LX-WS-0078-EVD-01,EVIDENCE,records/evidence/runs/LX-WS-0078-EVD-01_C03.md,C487E72415280DCAC30C9137B821C2F8222A0DC4
LS-WS-0078,C03,audit/WS_C03_OPERATOR_VALIDATION_COMMANDS.md,DDD21BBE8B5C001301678286C0B9DEE76666F0C6,377,12,371,377,LX-WS-0078-EVD-01,EVIDENCE,records/evidence/runs/LX-WS-0078-EVD-01_C03.md,C487E72415280DCAC30C9137B821C2F8222A0DC4
LS-WS-0079,C04,audit/WS_C04_OPERATOR_FORENSIC_FINAL_RESULT.md,AD5A73E6EC1CEC665EF628623A17C4289F1F6417,217,1,1,7,LX-WS-0079-CTX-05,CONTEXT,records/history/archive/LX-WS-0079-CTX-05_C04.md,FEEF88D71726ADE812932BE404624ECCE8BE5F8A
LS-WS-0079,C04,audit/WS_C04_OPERATOR_FORENSIC_FINAL_RESULT.md,AD5A73E6EC1CEC665EF628623A17C4289F1F6417,217,2,8,23,LX-WS-0079-DEC-01,DECISION,records/decisions/LX-WS-0079-DEC-01_C04.md,6C4BDCAC5EC339F29A879BAA862F61F7B9F9CAC6
LS-WS-0079,C04,audit/WS_C04_OPERATOR_FORENSIC_FINAL_RESULT.md,AD5A73E6EC1CEC665EF628623A17C4289F1F6417,217,3,24,32,LX-WS-0079-FND-03,FINDING,records/history/archive/LX-WS-0079-FND-03_C04.md,B7E2C0AA198ADB9D95D5DF205FCE2507B65B5D0F
LS-WS-0079,C04,audit/WS_C04_OPERATOR_FORENSIC_FINAL_RESULT.md,AD5A73E6EC1CEC665EF628623A17C4289F1F6417,217,4,33,44,LX-WS-0079-FND-03,FINDING,records/history/archive/LX-WS-0079-FND-03_C04.md,B7E2C0AA198ADB9D95D5DF205FCE2507B65B5D0F
LS-WS-0079,C04,audit/WS_C04_OPERATOR_FORENSIC_FINAL_RESULT.md,AD5A73E6EC1CEC665EF628623A17C4289F1F6417,217,5,45,74,LX-WS-0079-EVD-02,EVIDENCE,records/evidence/runs/LX-WS-0079-EVD-02_C04.md,7909BFD30DCCEBA2C4ADE8E622ABD4E4324E4F28
LS-WS-0079,C04,audit/WS_C04_OPERATOR_FORENSIC_FINAL_RESULT.md,AD5A73E6EC1CEC665EF628623A17C4289F1F6417,217,6,75,134,LX-WS-0079-RES-04,RESEARCH,records/history/archive/LX-WS-0079-RES-04_C04.md,95F9EA74EBF440699D7FB177BFD06F4E79664A47
LS-WS-0079,C04,audit/WS_C04_OPERATOR_FORENSIC_FINAL_RESULT.md,AD5A73E6EC1CEC665EF628623A17C4289F1F6417,217,7,135,147,LX-WS-0079-FND-03,FINDING,records/history/archive/LX-WS-0079-FND-03_C04.md,B7E2C0AA198ADB9D95D5DF205FCE2507B65B5D0F
LS-WS-0079,C04,audit/WS_C04_OPERATOR_FORENSIC_FINAL_RESULT.md,AD5A73E6EC1CEC665EF628623A17C4289F1F6417,217,8,148,179,LX-WS-0079-FND-03,FINDING,records/history/archive/LX-WS-0079-FND-03_C04.md,B7E2C0AA198ADB9D95D5DF205FCE2507B65B5D0F
LS-WS-0079,C04,audit/WS_C04_OPERATOR_FORENSIC_FINAL_RESULT.md,AD5A73E6EC1CEC665EF628623A17C4289F1F6417,217,9,180,190,LX-WS-0079-FND-03,FINDING,records/history/archive/LX-WS-0079-FND-03_C04.md,B7E2C0AA198ADB9D95D5DF205FCE2507B65B5D0F
LS-WS-0079,C04,audit/WS_C04_OPERATOR_FORENSIC_FINAL_RESULT.md,AD5A73E6EC1CEC665EF628623A17C4289F1F6417,217,10,191,206,LX-WS-0079-DEC-01,DECISION,records/decisions/LX-WS-0079-DEC-01_C04.md,6C4BDCAC5EC339F29A879BAA862F61F7B9F9CAC6
LS-WS-0079,C04,audit/WS_C04_OPERATOR_FORENSIC_FINAL_RESULT.md,AD5A73E6EC1CEC665EF628623A17C4289F1F6417,217,11,207,217,LX-WS-0079-EVD-02,EVIDENCE,records/evidence/runs/LX-WS-0079-EVD-02_C04.md,7909BFD30DCCEBA2C4ADE8E622ABD4E4324E4F28
LS-WS-0081,C05,audit/WS_C05_OPERATOR_FORENSIC_FINAL_RESULT.md,049A1D4A9D29FAC6B1B26505FB1E6C1806388C4E,151,1,1,7,LX-WS-0081-CTX-05,CONTEXT,records/history/archive/LX-WS-0081-CTX-05_C05.md,F9B4A6CB0B662D259B20B7BF3F07398F4AA83393
LS-WS-0081,C05,audit/WS_C05_OPERATOR_FORENSIC_FINAL_RESULT.md,049A1D4A9D29FAC6B1B26505FB1E6C1806388C4E,151,2,8,22,LX-WS-0081-DEC-01,DECISION,records/decisions/LX-WS-0081-DEC-01_C05.md,870790CAD8AA15A204AD9DEC0D9041FD8E509C73
LS-WS-0081,C05,audit/WS_C05_OPERATOR_FORENSIC_FINAL_RESULT.md,049A1D4A9D29FAC6B1B26505FB1E6C1806388C4E,151,3,23,31,LX-WS-0081-FND-03,FINDING,records/history/archive/LX-WS-0081-FND-03_C05.md,DBBED0EDB93917F121A626E3ADA408C7F2776B8A
LS-WS-0081,C05,audit/WS_C05_OPERATOR_FORENSIC_FINAL_RESULT.md,049A1D4A9D29FAC6B1B26505FB1E6C1806388C4E,151,4,32,41,LX-WS-0081-FND-03,FINDING,records/history/archive/LX-WS-0081-FND-03_C05.md,DBBED0EDB93917F121A626E3ADA408C7F2776B8A
LS-WS-0081,C05,audit/WS_C05_OPERATOR_FORENSIC_FINAL_RESULT.md,049A1D4A9D29FAC6B1B26505FB1E6C1806388C4E,151,5,42,69,LX-WS-0081-EVD-02,EVIDENCE,records/evidence/runs/LX-WS-0081-EVD-02_C05.md,912530755BD5AAE61A15CE02359DFDA1C0F177EA
LS-WS-0081,C05,audit/WS_C05_OPERATOR_FORENSIC_FINAL_RESULT.md,049A1D4A9D29FAC6B1B26505FB1E6C1806388C4E,151,6,70,100,LX-WS-0081-RES-04,RESEARCH,records/history/archive/LX-WS-0081-RES-04_C05.md,A65E9D0306DBAABAF771B69FCAF51AAF1EBFA895
LS-WS-0081,C05,audit/WS_C05_OPERATOR_FORENSIC_FINAL_RESULT.md,049A1D4A9D29FAC6B1B26505FB1E6C1806388C4E,151,7,101,127,LX-WS-0081-FND-03,FINDING,records/history/archive/LX-WS-0081-FND-03_C05.md,DBBED0EDB93917F121A626E3ADA408C7F2776B8A
LS-WS-0081,C05,audit/WS_C05_OPERATOR_FORENSIC_FINAL_RESULT.md,049A1D4A9D29FAC6B1B26505FB1E6C1806388C4E,151,8,128,136,LX-WS-0081-FND-03,FINDING,records/history/archive/LX-WS-0081-FND-03_C05.md,DBBED0EDB93917F121A626E3ADA408C7F2776B8A
LS-WS-0081,C05,audit/WS_C05_OPERATOR_FORENSIC_FINAL_RESULT.md,049A1D4A9D29FAC6B1B26505FB1E6C1806388C4E,151,9,137,151,LX-WS-0081-DEC-01,DECISION,records/decisions/LX-WS-0081-DEC-01_C05.md,870790CAD8AA15A204AD9DEC0D9041FD8E509C73
LS-WS-0083,C06,audit/WS_C06_OPERATOR_FORENSIC_FINAL_RESULT.md,908024EF4B660C1CECFF57783F92F637A4879BAE,158,1,1,7,LX-WS-0083-CTX-05,CONTEXT,records/history/archive/LX-WS-0083-CTX-05_C06.md,898E20571159E78CED63B347A1FAA5AA2977E2AE
LS-WS-0083,C06,audit/WS_C06_OPERATOR_FORENSIC_FINAL_RESULT.md,908024EF4B660C1CECFF57783F92F637A4879BAE,158,2,8,22,LX-WS-0083-DEC-01,DECISION,records/decisions/LX-WS-0083-DEC-01_C06.md,699413141E14A4D14778FAD65A995721650E4FF5
LS-WS-0083,C06,audit/WS_C06_OPERATOR_FORENSIC_FINAL_RESULT.md,908024EF4B660C1CECFF57783F92F637A4879BAE,158,3,23,31,LX-WS-0083-FND-03,FINDING,records/history/archive/LX-WS-0083-FND-03_C06.md,F2CBCE6820C4A22D32ADB80204180C36D3A000E1
LS-WS-0083,C06,audit/WS_C06_OPERATOR_FORENSIC_FINAL_RESULT.md,908024EF4B660C1CECFF57783F92F637A4879BAE,158,4,32,41,LX-WS-0083-FND-03,FINDING,records/history/archive/LX-WS-0083-FND-03_C06.md,F2CBCE6820C4A22D32ADB80204180C36D3A000E1
LS-WS-0083,C06,audit/WS_C06_OPERATOR_FORENSIC_FINAL_RESULT.md,908024EF4B660C1CECFF57783F92F637A4879BAE,158,5,42,70,LX-WS-0083-EVD-02,EVIDENCE,records/evidence/runs/LX-WS-0083-EVD-02_C06.md,1A10EA2F967BA3153D4B950C11FDE649695EBE55
LS-WS-0083,C06,audit/WS_C06_OPERATOR_FORENSIC_FINAL_RESULT.md,908024EF4B660C1CECFF57783F92F637A4879BAE,158,6,71,101,LX-WS-0083-RES-04,RESEARCH,records/history/archive/LX-WS-0083-RES-04_C06.md,38879A12DCA35C5EAC70DB4B944567BFFC5F3472
LS-WS-0083,C06,audit/WS_C06_OPERATOR_FORENSIC_FINAL_RESULT.md,908024EF4B660C1CECFF57783F92F637A4879BAE,158,7,102,130,LX-WS-0083-FND-03,FINDING,records/history/archive/LX-WS-0083-FND-03_C06.md,F2CBCE6820C4A22D32ADB80204180C36D3A000E1
LS-WS-0083,C06,audit/WS_C06_OPERATOR_FORENSIC_FINAL_RESULT.md,908024EF4B660C1CECFF57783F92F637A4879BAE,158,8,131,139,LX-WS-0083-FND-03,FINDING,records/history/archive/LX-WS-0083-FND-03_C06.md,F2CBCE6820C4A22D32ADB80204180C36D3A000E1
LS-WS-0083,C06,audit/WS_C06_OPERATOR_FORENSIC_FINAL_RESULT.md,908024EF4B660C1CECFF57783F92F637A4879BAE,158,9,140,155,LX-WS-0083-DEC-01,DECISION,records/decisions/LX-WS-0083-DEC-01_C06.md,699413141E14A4D14778FAD65A995721650E4FF5
LS-WS-0083,C06,audit/WS_C06_OPERATOR_FORENSIC_FINAL_RESULT.md,908024EF4B660C1CECFF57783F92F637A4879BAE,158,10,156,158,LX-WS-0083-EVD-02,EVIDENCE,records/evidence/runs/LX-WS-0083-EVD-02_C06.md,1A10EA2F967BA3153D4B950C11FDE649695EBE55
LS-WS-0085,C07,audit/WS_C07_OPERATOR_FORENSIC_FINAL_RESULT.md,CBFBC79C0A9B4CD88D20F092D7CE2C6BB0B7E322,161,1,1,7,LX-WS-0085-CTX-05,CONTEXT,records/history/archive/LX-WS-0085-CTX-05_C07.md,EBA41F522516E1912865ADD336D022944E478BFB
LS-WS-0085,C07,audit/WS_C07_OPERATOR_FORENSIC_FINAL_RESULT.md,CBFBC79C0A9B4CD88D20F092D7CE2C6BB0B7E322,161,2,8,22,LX-WS-0085-DEC-01,DECISION,records/decisions/LX-WS-0085-DEC-01_C07.md,C518145743751101B48361330DE55696FAC51EFA
LS-WS-0085,C07,audit/WS_C07_OPERATOR_FORENSIC_FINAL_RESULT.md,CBFBC79C0A9B4CD88D20F092D7CE2C6BB0B7E322,161,3,23,31,LX-WS-0085-FND-03,FINDING,records/history/archive/LX-WS-0085-FND-03_C07.md,5EC21E82E9C0B77AA72FD924C22A05F316509A51
LS-WS-0085,C07,audit/WS_C07_OPERATOR_FORENSIC_FINAL_RESULT.md,CBFBC79C0A9B4CD88D20F092D7CE2C6BB0B7E322,161,4,32,43,LX-WS-0085-FND-03,FINDING,records/history/archive/LX-WS-0085-FND-03_C07.md,5EC21E82E9C0B77AA72FD924C22A05F316509A51
LS-WS-0085,C07,audit/WS_C07_OPERATOR_FORENSIC_FINAL_RESULT.md,CBFBC79C0A9B4CD88D20F092D7CE2C6BB0B7E322,161,5,44,73,LX-WS-0085-EVD-02,EVIDENCE,records/evidence/runs/LX-WS-0085-EVD-02_C07.md,7D174F3C17E47F50ACBD287B048CA895725DFEA9
LS-WS-0085,C07,audit/WS_C07_OPERATOR_FORENSIC_FINAL_RESULT.md,CBFBC79C0A9B4CD88D20F092D7CE2C6BB0B7E322,161,6,74,104,LX-WS-0085-RES-04,RESEARCH,records/history/archive/LX-WS-0085-RES-04_C07.md,EE7AF8734673D8733006E4981E3B5E6216C01278
LS-WS-0085,C07,audit/WS_C07_OPERATOR_FORENSIC_FINAL_RESULT.md,CBFBC79C0A9B4CD88D20F092D7CE2C6BB0B7E322,161,7,105,133,LX-WS-0085-FND-03,FINDING,records/history/archive/LX-WS-0085-FND-03_C07.md,5EC21E82E9C0B77AA72FD924C22A05F316509A51
LS-WS-0085,C07,audit/WS_C07_OPERATOR_FORENSIC_FINAL_RESULT.md,CBFBC79C0A9B4CD88D20F092D7CE2C6BB0B7E322,161,8,134,142,LX-WS-0085-FND-03,FINDING,records/history/archive/LX-WS-0085-FND-03_C07.md,5EC21E82E9C0B77AA72FD924C22A05F316509A51
LS-WS-0085,C07,audit/WS_C07_OPERATOR_FORENSIC_FINAL_RESULT.md,CBFBC79C0A9B4CD88D20F092D7CE2C6BB0B7E322,161,9,143,158,LX-WS-0085-DEC-01,DECISION,records/decisions/LX-WS-0085-DEC-01_C07.md,C518145743751101B48361330DE55696FAC51EFA
LS-WS-0085,C07,audit/WS_C07_OPERATOR_FORENSIC_FINAL_RESULT.md,CBFBC79C0A9B4CD88D20F092D7CE2C6BB0B7E322,161,10,159,161,LX-WS-0085-EVD-02,EVIDENCE,records/evidence/runs/LX-WS-0085-EVD-02_C07.md,7D174F3C17E47F50ACBD287B048CA895725DFEA9
LS-WS-0087,C07,audit/WS_C07_SCOPED_FAILURE_DRILLDOWN_FINAL_RESULT.md,6F392103C21EB8C0C3154E07102F2C379978E856,214,1,1,6,LX-WS-0087-CTX-04,CONTEXT,records/history/archive/LX-WS-0087-CTX-04_C07.md,8712C684CB4BB358AEEE358F432678D02F5A2F0A
LS-WS-0087,C07,audit/WS_C07_SCOPED_FAILURE_DRILLDOWN_FINAL_RESULT.md,6F392103C21EB8C0C3154E07102F2C379978E856,214,2,7,19,LX-WS-0087-FND-03,FINDING,records/history/archive/LX-WS-0087-FND-03_C07.md,E9FED7FDD7FE65D16D2E5B84D8A49B3B398D7A26
LS-WS-0087,C07,audit/WS_C07_SCOPED_FAILURE_DRILLDOWN_FINAL_RESULT.md,6F392103C21EB8C0C3154E07102F2C379978E856,214,3,20,30,LX-WS-0087-FND-03,FINDING,records/history/archive/LX-WS-0087-FND-03_C07.md,E9FED7FDD7FE65D16D2E5B84D8A49B3B398D7A26
LS-WS-0087,C07,audit/WS_C07_SCOPED_FAILURE_DRILLDOWN_FINAL_RESULT.md,6F392103C21EB8C0C3154E07102F2C379978E856,214,4,31,56,LX-WS-0087-FND-03,FINDING,records/history/archive/LX-WS-0087-FND-03_C07.md,E9FED7FDD7FE65D16D2E5B84D8A49B3B398D7A26
LS-WS-0087,C07,audit/WS_C07_SCOPED_FAILURE_DRILLDOWN_FINAL_RESULT.md,6F392103C21EB8C0C3154E07102F2C379978E856,214,5,57,125,LX-WS-0087-FND-03,FINDING,records/history/archive/LX-WS-0087-FND-03_C07.md,E9FED7FDD7FE65D16D2E5B84D8A49B3B398D7A26
LS-WS-0087,C07,audit/WS_C07_SCOPED_FAILURE_DRILLDOWN_FINAL_RESULT.md,6F392103C21EB8C0C3154E07102F2C379978E856,214,6,126,153,LX-WS-0087-FND-03,FINDING,records/history/archive/LX-WS-0087-FND-03_C07.md,E9FED7FDD7FE65D16D2E5B84D8A49B3B398D7A26
LS-WS-0087,C07,audit/WS_C07_SCOPED_FAILURE_DRILLDOWN_FINAL_RESULT.md,6F392103C21EB8C0C3154E07102F2C379978E856,214,7,154,165,LX-WS-0087-FND-03,FINDING,records/history/archive/LX-WS-0087-FND-03_C07.md,E9FED7FDD7FE65D16D2E5B84D8A49B3B398D7A26
LS-WS-0087,C07,audit/WS_C07_SCOPED_FAILURE_DRILLDOWN_FINAL_RESULT.md,6F392103C21EB8C0C3154E07102F2C379978E856,214,8,166,176,LX-WS-0087-FND-03,FINDING,records/history/archive/LX-WS-0087-FND-03_C07.md,E9FED7FDD7FE65D16D2E5B84D8A49B3B398D7A26
LS-WS-0087,C07,audit/WS_C07_SCOPED_FAILURE_DRILLDOWN_FINAL_RESULT.md,6F392103C21EB8C0C3154E07102F2C379978E856,214,9,177,187,LX-WS-0087-FND-03,FINDING,records/history/archive/LX-WS-0087-FND-03_C07.md,E9FED7FDD7FE65D16D2E5B84D8A49B3B398D7A26
LS-WS-0087,C07,audit/WS_C07_SCOPED_FAILURE_DRILLDOWN_FINAL_RESULT.md,6F392103C21EB8C0C3154E07102F2C379978E856,214,10,188,198,LX-WS-0087-DEC-01,DECISION,records/decisions/LX-WS-0087-DEC-01_C07.md,CDECFA90D8A762B38B9A04DD2F29F1B5568B72B9
LS-WS-0087,C07,audit/WS_C07_SCOPED_FAILURE_DRILLDOWN_FINAL_RESULT.md,6F392103C21EB8C0C3154E07102F2C379978E856,214,11,199,214,LX-WS-0087-EVD-02,EVIDENCE,records/evidence/runs/LX-WS-0087-EVD-02_C07.md,BFA3EC2BF823E8996B53954F54632E21012A4A4A
LS-WS-0089,C08+C07,audit/WS_C08_RUNTIME_PAYLOAD_AND_BATCHED_C07_DRILLDOWN_FINAL_RESULT.md,97D671941A9C910F1F5C9BF6B2FFD65C8A7BA93B,196,1,1,4,LX-WS-0089-CTX-03,CONTEXT,records/history/archive/LX-WS-0089-CTX-03_C08_C07.md,8983CBDC454FCE3F6F57B25CDCF4F7E6758AB3A5
LS-WS-0089,C08+C07,audit/WS_C08_RUNTIME_PAYLOAD_AND_BATCHED_C07_DRILLDOWN_FINAL_RESULT.md,97D671941A9C910F1F5C9BF6B2FFD65C8A7BA93B,196,2,5,23,LX-WS-0089-FND-02,FINDING,records/history/archive/LX-WS-0089-FND-02_C08_C07.md,22714D3070F141A6395569C44481E794816FFD24
LS-WS-0089,C08+C07,audit/WS_C08_RUNTIME_PAYLOAD_AND_BATCHED_C07_DRILLDOWN_FINAL_RESULT.md,97D671941A9C910F1F5C9BF6B2FFD65C8A7BA93B,196,3,24,47,LX-WS-0089-FND-02,FINDING,records/history/archive/LX-WS-0089-FND-02_C08_C07.md,22714D3070F141A6395569C44481E794816FFD24
LS-WS-0089,C08+C07,audit/WS_C08_RUNTIME_PAYLOAD_AND_BATCHED_C07_DRILLDOWN_FINAL_RESULT.md,97D671941A9C910F1F5C9BF6B2FFD65C8A7BA93B,196,4,48,78,LX-WS-0089-FND-02,FINDING,records/history/archive/LX-WS-0089-FND-02_C08_C07.md,22714D3070F141A6395569C44481E794816FFD24
LS-WS-0089,C08+C07,audit/WS_C08_RUNTIME_PAYLOAD_AND_BATCHED_C07_DRILLDOWN_FINAL_RESULT.md,97D671941A9C910F1F5C9BF6B2FFD65C8A7BA93B,196,5,79,128,LX-WS-0089-EVD-01,EVIDENCE,records/evidence/runs/LX-WS-0089-EVD-01_C08_C07.md,A83FC3A5D3BC77F2040B70062B76A9E022BF5B03
LS-WS-0089,C08+C07,audit/WS_C08_RUNTIME_PAYLOAD_AND_BATCHED_C07_DRILLDOWN_FINAL_RESULT.md,97D671941A9C910F1F5C9BF6B2FFD65C8A7BA93B,196,6,129,163,LX-WS-0089-FND-02,FINDING,records/history/archive/LX-WS-0089-FND-02_C08_C07.md,22714D3070F141A6395569C44481E794816FFD24
LS-WS-0089,C08+C07,audit/WS_C08_RUNTIME_PAYLOAD_AND_BATCHED_C07_DRILLDOWN_FINAL_RESULT.md,97D671941A9C910F1F5C9BF6B2FFD65C8A7BA93B,196,7,164,176,LX-WS-0089-FND-02,FINDING,records/history/archive/LX-WS-0089-FND-02_C08_C07.md,22714D3070F141A6395569C44481E794816FFD24
LS-WS-0089,C08+C07,audit/WS_C08_RUNTIME_PAYLOAD_AND_BATCHED_C07_DRILLDOWN_FINAL_RESULT.md,97D671941A9C910F1F5C9BF6B2FFD65C8A7BA93B,196,8,177,196,LX-WS-0089-FND-02,FINDING,records/history/archive/LX-WS-0089-FND-02_C08_C07.md,22714D3070F141A6395569C44481E794816FFD24
LS-WS-0090,C09,audit/WS_C09_NULLABLE_EVENT_CONTEXT_RUNTIME_COVERAGE_FINAL_RESULT.md,D3347DF5AE055C5F63B4C4AAB6BFCC8F98001138,176,1,1,4,LX-WS-0090-CTX-03,CONTEXT,records/history/archive/LX-WS-0090-CTX-03_C09.md,B97748AC1F542A06B8EA93C50EBF59B027BD85F3
LS-WS-0090,C09,audit/WS_C09_NULLABLE_EVENT_CONTEXT_RUNTIME_COVERAGE_FINAL_RESULT.md,D3347DF5AE055C5F63B4C4AAB6BFCC8F98001138,176,2,5,23,LX-WS-0090-EVD-01,EVIDENCE,records/evidence/runs/LX-WS-0090-EVD-01_C09.md,AFB12B38FE1FA4C2D53045097D47BBFCA2E9670B
LS-WS-0090,C09,audit/WS_C09_NULLABLE_EVENT_CONTEXT_RUNTIME_COVERAGE_FINAL_RESULT.md,D3347DF5AE055C5F63B4C4AAB6BFCC8F98001138,176,3,24,38,LX-WS-0090-EVD-01,EVIDENCE,records/evidence/runs/LX-WS-0090-EVD-01_C09.md,AFB12B38FE1FA4C2D53045097D47BBFCA2E9670B
LS-WS-0090,C09,audit/WS_C09_NULLABLE_EVENT_CONTEXT_RUNTIME_COVERAGE_FINAL_RESULT.md,D3347DF5AE055C5F63B4C4AAB6BFCC8F98001138,176,4,39,60,LX-WS-0090-EVD-01,EVIDENCE,records/evidence/runs/LX-WS-0090-EVD-01_C09.md,AFB12B38FE1FA4C2D53045097D47BBFCA2E9670B
LS-WS-0090,C09,audit/WS_C09_NULLABLE_EVENT_CONTEXT_RUNTIME_COVERAGE_FINAL_RESULT.md,D3347DF5AE055C5F63B4C4AAB6BFCC8F98001138,176,5,61,98,LX-WS-0090-FND-02,FINDING,records/history/archive/LX-WS-0090-FND-02_C09.md,E8BB93FF1EC3C9A8F150FEE3AD8673E16450EC9C
LS-WS-0090,C09,audit/WS_C09_NULLABLE_EVENT_CONTEXT_RUNTIME_COVERAGE_FINAL_RESULT.md,D3347DF5AE055C5F63B4C4AAB6BFCC8F98001138,176,6,99,146,LX-WS-0090-EVD-01,EVIDENCE,records/evidence/runs/LX-WS-0090-EVD-01_C09.md,AFB12B38FE1FA4C2D53045097D47BBFCA2E9670B
LS-WS-0090,C09,audit/WS_C09_NULLABLE_EVENT_CONTEXT_RUNTIME_COVERAGE_FINAL_RESULT.md,D3347DF5AE055C5F63B4C4AAB6BFCC8F98001138,176,7,147,161,LX-WS-0090-EVD-01,EVIDENCE,records/evidence/runs/LX-WS-0090-EVD-01_C09.md,AFB12B38FE1FA4C2D53045097D47BBFCA2E9670B
LS-WS-0090,C09,audit/WS_C09_NULLABLE_EVENT_CONTEXT_RUNTIME_COVERAGE_FINAL_RESULT.md,D3347DF5AE055C5F63B4C4AAB6BFCC8F98001138,176,8,162,176,LX-WS-0090-EVD-01,EVIDENCE,records/evidence/runs/LX-WS-0090-EVD-01_C09.md,AFB12B38FE1FA4C2D53045097D47BBFCA2E9670B
LS-WS-0095,C101,audit/WS_C101_WEEKLY_SWING_WATCHLIST_NON_LIVE_REHEARSAL_OPERATOR_GO_NO_GO_REVIEW.md,3C10B1508DB48C5C2C9393943EAA8499B1B77E50,224,1,1,11,LX-WS-0095-CTX-03,CONTEXT,records/history/archive/LX-WS-0095-CTX-03_C101.md,02A597FC8CF018C7677BFC97641F6C466DC01A82
LS-WS-0095,C101,audit/WS_C101_WEEKLY_SWING_WATCHLIST_NON_LIVE_REHEARSAL_OPERATOR_GO_NO_GO_REVIEW.md,3C10B1508DB48C5C2C9393943EAA8499B1B77E50,224,2,12,34,LX-WS-0095-DEC-01,DECISION,records/decisions/LX-WS-0095-DEC-01_C101.md,0088155B42D7759BB2413C7AA12C973366FBE81B
LS-WS-0095,C101,audit/WS_C101_WEEKLY_SWING_WATCHLIST_NON_LIVE_REHEARSAL_OPERATOR_GO_NO_GO_REVIEW.md,3C10B1508DB48C5C2C9393943EAA8499B1B77E50,224,3,35,62,LX-WS-0095-DEC-01,DECISION,records/decisions/LX-WS-0095-DEC-01_C101.md,0088155B42D7759BB2413C7AA12C973366FBE81B
LS-WS-0095,C101,audit/WS_C101_WEEKLY_SWING_WATCHLIST_NON_LIVE_REHEARSAL_OPERATOR_GO_NO_GO_REVIEW.md,3C10B1508DB48C5C2C9393943EAA8499B1B77E50,224,4,63,102,LX-WS-0095-DEC-01,DECISION,records/decisions/LX-WS-0095-DEC-01_C101.md,0088155B42D7759BB2413C7AA12C973366FBE81B
LS-WS-0095,C101,audit/WS_C101_WEEKLY_SWING_WATCHLIST_NON_LIVE_REHEARSAL_OPERATOR_GO_NO_GO_REVIEW.md,3C10B1508DB48C5C2C9393943EAA8499B1B77E50,224,5,103,121,LX-WS-0095-EVD-02,EVIDENCE,records/evidence/runs/LX-WS-0095-EVD-02_C101.md,4AC14093B06E0298E15FBD745C35299D00A9F752
LS-WS-0095,C101,audit/WS_C101_WEEKLY_SWING_WATCHLIST_NON_LIVE_REHEARSAL_OPERATOR_GO_NO_GO_REVIEW.md,3C10B1508DB48C5C2C9393943EAA8499B1B77E50,224,6,122,133,LX-WS-0095-DEC-01,DECISION,records/decisions/LX-WS-0095-DEC-01_C101.md,0088155B42D7759BB2413C7AA12C973366FBE81B
LS-WS-0095,C101,audit/WS_C101_WEEKLY_SWING_WATCHLIST_NON_LIVE_REHEARSAL_OPERATOR_GO_NO_GO_REVIEW.md,3C10B1508DB48C5C2C9393943EAA8499B1B77E50,224,7,134,143,LX-WS-0095-DEC-01,DECISION,records/decisions/LX-WS-0095-DEC-01_C101.md,0088155B42D7759BB2413C7AA12C973366FBE81B
LS-WS-0095,C101,audit/WS_C101_WEEKLY_SWING_WATCHLIST_NON_LIVE_REHEARSAL_OPERATOR_GO_NO_GO_REVIEW.md,3C10B1508DB48C5C2C9393943EAA8499B1B77E50,224,8,144,163,LX-WS-0095-DEC-01,DECISION,records/decisions/LX-WS-0095-DEC-01_C101.md,0088155B42D7759BB2413C7AA12C973366FBE81B
LS-WS-0095,C101,audit/WS_C101_WEEKLY_SWING_WATCHLIST_NON_LIVE_REHEARSAL_OPERATOR_GO_NO_GO_REVIEW.md,3C10B1508DB48C5C2C9393943EAA8499B1B77E50,224,9,164,224,LX-WS-0095-EVD-02,EVIDENCE,records/evidence/runs/LX-WS-0095-EVD-02_C101.md,4AC14093B06E0298E15FBD745C35299D00A9F752
LS-WS-0097,C102,audit/WS_C102_WEEKLY_SWING_WATCHLIST_NON_LIVE_REHEARSAL_GO_DECISION_FINALIZATION_REVIEW.md,5446A887AF61EBE5B9F237D71E69338AE250601A,249,1,1,11,LX-WS-0097-CTX-03,CONTEXT,records/history/archive/LX-WS-0097-CTX-03_C102.md,61913DC30BBAE6CACB579916BEE9D7FF61486063
LS-WS-0097,C102,audit/WS_C102_WEEKLY_SWING_WATCHLIST_NON_LIVE_REHEARSAL_GO_DECISION_FINALIZATION_REVIEW.md,5446A887AF61EBE5B9F237D71E69338AE250601A,249,2,12,34,LX-WS-0097-DEC-01,DECISION,records/decisions/LX-WS-0097-DEC-01_C102.md,9C18DBEE72E7BF78DB158BCA0E85231CD25BB9E9
LS-WS-0097,C102,audit/WS_C102_WEEKLY_SWING_WATCHLIST_NON_LIVE_REHEARSAL_GO_DECISION_FINALIZATION_REVIEW.md,5446A887AF61EBE5B9F237D71E69338AE250601A,249,3,35,62,LX-WS-0097-DEC-01,DECISION,records/decisions/LX-WS-0097-DEC-01_C102.md,9C18DBEE72E7BF78DB158BCA0E85231CD25BB9E9
LS-WS-0097,C102,audit/WS_C102_WEEKLY_SWING_WATCHLIST_NON_LIVE_REHEARSAL_GO_DECISION_FINALIZATION_REVIEW.md,5446A887AF61EBE5B9F237D71E69338AE250601A,249,4,63,104,LX-WS-0097-DEC-01,DECISION,records/decisions/LX-WS-0097-DEC-01_C102.md,9C18DBEE72E7BF78DB158BCA0E85231CD25BB9E9
LS-WS-0097,C102,audit/WS_C102_WEEKLY_SWING_WATCHLIST_NON_LIVE_REHEARSAL_GO_DECISION_FINALIZATION_REVIEW.md,5446A887AF61EBE5B9F237D71E69338AE250601A,249,5,105,123,LX-WS-0097-EVD-02,EVIDENCE,records/evidence/runs/LX-WS-0097-EVD-02_C102.md,DEE791E3535959527F8871D921782F20D2E08154
LS-WS-0097,C102,audit/WS_C102_WEEKLY_SWING_WATCHLIST_NON_LIVE_REHEARSAL_GO_DECISION_FINALIZATION_REVIEW.md,5446A887AF61EBE5B9F237D71E69338AE250601A,249,6,124,135,LX-WS-0097-DEC-01,DECISION,records/decisions/LX-WS-0097-DEC-01_C102.md,9C18DBEE72E7BF78DB158BCA0E85231CD25BB9E9
LS-WS-0097,C102,audit/WS_C102_WEEKLY_SWING_WATCHLIST_NON_LIVE_REHEARSAL_GO_DECISION_FINALIZATION_REVIEW.md,5446A887AF61EBE5B9F237D71E69338AE250601A,249,7,136,145,LX-WS-0097-DEC-01,DECISION,records/decisions/LX-WS-0097-DEC-01_C102.md,9C18DBEE72E7BF78DB158BCA0E85231CD25BB9E9
LS-WS-0097,C102,audit/WS_C102_WEEKLY_SWING_WATCHLIST_NON_LIVE_REHEARSAL_GO_DECISION_FINALIZATION_REVIEW.md,5446A887AF61EBE5B9F237D71E69338AE250601A,249,8,146,165,LX-WS-0097-DEC-01,DECISION,records/decisions/LX-WS-0097-DEC-01_C102.md,9C18DBEE72E7BF78DB158BCA0E85231CD25BB9E9
LS-WS-0097,C102,audit/WS_C102_WEEKLY_SWING_WATCHLIST_NON_LIVE_REHEARSAL_GO_DECISION_FINALIZATION_REVIEW.md,5446A887AF61EBE5B9F237D71E69338AE250601A,249,9,166,183,LX-WS-0097-EVD-02,EVIDENCE,records/evidence/runs/LX-WS-0097-EVD-02_C102.md,DEE791E3535959527F8871D921782F20D2E08154
LS-WS-0097,C102,audit/WS_C102_WEEKLY_SWING_WATCHLIST_NON_LIVE_REHEARSAL_GO_DECISION_FINALIZATION_REVIEW.md,5446A887AF61EBE5B9F237D71E69338AE250601A,249,10,184,249,LX-WS-0097-EVD-02,EVIDENCE,records/evidence/runs/LX-WS-0097-EVD-02_C102.md,DEE791E3535959527F8871D921782F20D2E08154
LS-WS-0099,C103,audit/WS_C103_WEEKLY_SWING_WATCHLIST_NON_LIVE_REHEARSAL_COMPLETION_BOUNDARY_REVIEW.md,54D502AB14D9B841679A7D98C58DD84A2D47DB45,252,1,1,11,LX-WS-0099-CTX-03,CONTEXT,records/history/archive/LX-WS-0099-CTX-03_C103.md,D4B1976394E00B6516743866E5CE248BC5880206
LS-WS-0099,C103,audit/WS_C103_WEEKLY_SWING_WATCHLIST_NON_LIVE_REHEARSAL_COMPLETION_BOUNDARY_REVIEW.md,54D502AB14D9B841679A7D98C58DD84A2D47DB45,252,2,12,34,LX-WS-0099-DEC-01,DECISION,records/decisions/LX-WS-0099-DEC-01_C103.md,33D361C1BF467FFAAEE2F09EE87BA59384B51154
LS-WS-0099,C103,audit/WS_C103_WEEKLY_SWING_WATCHLIST_NON_LIVE_REHEARSAL_COMPLETION_BOUNDARY_REVIEW.md,54D502AB14D9B841679A7D98C58DD84A2D47DB45,252,3,35,62,LX-WS-0099-EVD-02,EVIDENCE,records/evidence/runs/LX-WS-0099-EVD-02_C103.md,835A24F0E4E7EDE3D2D575861907D0547B6FF298
LS-WS-0099,C103,audit/WS_C103_WEEKLY_SWING_WATCHLIST_NON_LIVE_REHEARSAL_COMPLETION_BOUNDARY_REVIEW.md,54D502AB14D9B841679A7D98C58DD84A2D47DB45,252,4,63,106,LX-WS-0099-DEC-01,DECISION,records/decisions/LX-WS-0099-DEC-01_C103.md,33D361C1BF467FFAAEE2F09EE87BA59384B51154
LS-WS-0099,C103,audit/WS_C103_WEEKLY_SWING_WATCHLIST_NON_LIVE_REHEARSAL_COMPLETION_BOUNDARY_REVIEW.md,54D502AB14D9B841679A7D98C58DD84A2D47DB45,252,5,107,125,LX-WS-0099-EVD-02,EVIDENCE,records/evidence/runs/LX-WS-0099-EVD-02_C103.md,835A24F0E4E7EDE3D2D575861907D0547B6FF298
LS-WS-0099,C103,audit/WS_C103_WEEKLY_SWING_WATCHLIST_NON_LIVE_REHEARSAL_COMPLETION_BOUNDARY_REVIEW.md,54D502AB14D9B841679A7D98C58DD84A2D47DB45,252,6,126,137,LX-WS-0099-DEC-01,DECISION,records/decisions/LX-WS-0099-DEC-01_C103.md,33D361C1BF467FFAAEE2F09EE87BA59384B51154
LS-WS-0099,C103,audit/WS_C103_WEEKLY_SWING_WATCHLIST_NON_LIVE_REHEARSAL_COMPLETION_BOUNDARY_REVIEW.md,54D502AB14D9B841679A7D98C58DD84A2D47DB45,252,7,138,147,LX-WS-0099-DEC-01,DECISION,records/decisions/LX-WS-0099-DEC-01_C103.md,33D361C1BF467FFAAEE2F09EE87BA59384B51154
LS-WS-0099,C103,audit/WS_C103_WEEKLY_SWING_WATCHLIST_NON_LIVE_REHEARSAL_COMPLETION_BOUNDARY_REVIEW.md,54D502AB14D9B841679A7D98C58DD84A2D47DB45,252,8,148,167,LX-WS-0099-EVD-02,EVIDENCE,records/evidence/runs/LX-WS-0099-EVD-02_C103.md,835A24F0E4E7EDE3D2D575861907D0547B6FF298
LS-WS-0099,C103,audit/WS_C103_WEEKLY_SWING_WATCHLIST_NON_LIVE_REHEARSAL_COMPLETION_BOUNDARY_REVIEW.md,54D502AB14D9B841679A7D98C58DD84A2D47DB45,252,9,168,185,LX-WS-0099-EVD-02,EVIDENCE,records/evidence/runs/LX-WS-0099-EVD-02_C103.md,835A24F0E4E7EDE3D2D575861907D0547B6FF298
LS-WS-0099,C103,audit/WS_C103_WEEKLY_SWING_WATCHLIST_NON_LIVE_REHEARSAL_COMPLETION_BOUNDARY_REVIEW.md,54D502AB14D9B841679A7D98C58DD84A2D47DB45,252,10,186,252,LX-WS-0099-EVD-02,EVIDENCE,records/evidence/runs/LX-WS-0099-EVD-02_C103.md,835A24F0E4E7EDE3D2D575861907D0547B6FF298
LS-WS-0105,C106,audit/WS_C106_WEEKLY_SWING_WATCHLIST_NON_LIVE_REHEARSAL_HANDOFF_COMPLETION_BOUNDARY_REVIEW.md,5A99E469E8F7BBEF798B2E61C4703B0CC4D83F77,113,1,1,11,LX-WS-0105-CTX-03,CONTEXT,records/history/archive/LX-WS-0105-CTX-03_C106.md,77619D19A1685C8D26309F44BC23D8D4FD960525
LS-WS-0105,C106,audit/WS_C106_WEEKLY_SWING_WATCHLIST_NON_LIVE_REHEARSAL_HANDOFF_COMPLETION_BOUNDARY_REVIEW.md,5A99E469E8F7BBEF798B2E61C4703B0CC4D83F77,113,2,12,26,LX-WS-0105-DEC-01,DECISION,records/decisions/LX-WS-0105-DEC-01_C106.md,E61ABB2758D45D9FCCE53795C1A26F3859EC1EC3
LS-WS-0105,C106,audit/WS_C106_WEEKLY_SWING_WATCHLIST_NON_LIVE_REHEARSAL_HANDOFF_COMPLETION_BOUNDARY_REVIEW.md,5A99E469E8F7BBEF798B2E61C4703B0CC4D83F77,113,3,27,71,LX-WS-0105-DEC-01,DECISION,records/decisions/LX-WS-0105-DEC-01_C106.md,E61ABB2758D45D9FCCE53795C1A26F3859EC1EC3
LS-WS-0105,C106,audit/WS_C106_WEEKLY_SWING_WATCHLIST_NON_LIVE_REHEARSAL_HANDOFF_COMPLETION_BOUNDARY_REVIEW.md,5A99E469E8F7BBEF798B2E61C4703B0CC4D83F77,113,4,72,81,LX-WS-0105-DEC-01,DECISION,records/decisions/LX-WS-0105-DEC-01_C106.md,E61ABB2758D45D9FCCE53795C1A26F3859EC1EC3
LS-WS-0105,C106,audit/WS_C106_WEEKLY_SWING_WATCHLIST_NON_LIVE_REHEARSAL_HANDOFF_COMPLETION_BOUNDARY_REVIEW.md,5A99E469E8F7BBEF798B2E61C4703B0CC4D83F77,113,5,82,113,LX-WS-0105-EVD-02,EVIDENCE,records/evidence/runs/LX-WS-0105-EVD-02_C106.md,BF396A539F77939361E23E2E76743D4FFE7DFD83
LS-WS-0106,C107,audit/WS_C107_OPERATOR_VALIDATION_COMMANDS.md,223677EA44FFD2952862671CB1EE81FFC06B227F,158,1,1,8,LX-WS-0106-CTX-03,CONTEXT,records/history/archive/LX-WS-0106-CTX-03_C107.md,A90E3A824E623F727798C3A25F5DCD0C56D5109A
LS-WS-0106,C107,audit/WS_C107_OPERATOR_VALIDATION_COMMANDS.md,223677EA44FFD2952862671CB1EE81FFC06B227F,158,2,9,58,LX-WS-0106-EVD-02,EVIDENCE,records/evidence/runs/LX-WS-0106-EVD-02_C107.md,11CC949486642D121382CDAC4F7504952FA486F0
LS-WS-0106,C107,audit/WS_C107_OPERATOR_VALIDATION_COMMANDS.md,223677EA44FFD2952862671CB1EE81FFC06B227F,158,3,59,78,LX-WS-0106-EVD-02,EVIDENCE,records/evidence/runs/LX-WS-0106-EVD-02_C107.md,11CC949486642D121382CDAC4F7504952FA486F0
LS-WS-0106,C107,audit/WS_C107_OPERATOR_VALIDATION_COMMANDS.md,223677EA44FFD2952862671CB1EE81FFC06B227F,158,4,79,127,LX-WS-0106-DEC-01,DECISION,records/decisions/LX-WS-0106-DEC-01_C107.md,765509CB1E814D496394EB6893F6A0E077339B2F
LS-WS-0106,C107,audit/WS_C107_OPERATOR_VALIDATION_COMMANDS.md,223677EA44FFD2952862671CB1EE81FFC06B227F,158,5,128,134,LX-WS-0106-EVD-02,EVIDENCE,records/evidence/runs/LX-WS-0106-EVD-02_C107.md,11CC949486642D121382CDAC4F7504952FA486F0
LS-WS-0106,C107,audit/WS_C107_OPERATOR_VALIDATION_COMMANDS.md,223677EA44FFD2952862671CB1EE81FFC06B227F,158,6,135,158,LX-WS-0106-EVD-02,EVIDENCE,records/evidence/runs/LX-WS-0106-EVD-02_C107.md,11CC949486642D121382CDAC4F7504952FA486F0
LS-WS-0107,C107,audit/WS_C107_WEEKLY_SWING_WATCHLIST_NON_LIVE_REHEARSAL_HANDOFF_CLOSURE_SEAL_REVIEW.md,205FE2905A790274277827198EAB3B29840BB896,113,1,1,11,LX-WS-0107-CTX-03,CONTEXT,records/history/archive/LX-WS-0107-CTX-03_C107.md,3C4EBF3A4B8EC942C93332A434011F8CE8D22869
LS-WS-0107,C107,audit/WS_C107_WEEKLY_SWING_WATCHLIST_NON_LIVE_REHEARSAL_HANDOFF_CLOSURE_SEAL_REVIEW.md,205FE2905A790274277827198EAB3B29840BB896,113,2,12,26,LX-WS-0107-DEC-01,DECISION,records/decisions/LX-WS-0107-DEC-01_C107.md,2BF91FCB121F596BDD7A112DCFD20238F7DA7C14
LS-WS-0107,C107,audit/WS_C107_WEEKLY_SWING_WATCHLIST_NON_LIVE_REHEARSAL_HANDOFF_CLOSURE_SEAL_REVIEW.md,205FE2905A790274277827198EAB3B29840BB896,113,3,27,71,LX-WS-0107-DEC-01,DECISION,records/decisions/LX-WS-0107-DEC-01_C107.md,2BF91FCB121F596BDD7A112DCFD20238F7DA7C14
LS-WS-0107,C107,audit/WS_C107_WEEKLY_SWING_WATCHLIST_NON_LIVE_REHEARSAL_HANDOFF_CLOSURE_SEAL_REVIEW.md,205FE2905A790274277827198EAB3B29840BB896,113,4,72,81,LX-WS-0107-DEC-01,DECISION,records/decisions/LX-WS-0107-DEC-01_C107.md,2BF91FCB121F596BDD7A112DCFD20238F7DA7C14
LS-WS-0107,C107,audit/WS_C107_WEEKLY_SWING_WATCHLIST_NON_LIVE_REHEARSAL_HANDOFF_CLOSURE_SEAL_REVIEW.md,205FE2905A790274277827198EAB3B29840BB896,113,5,82,113,LX-WS-0107-EVD-02,EVIDENCE,records/evidence/runs/LX-WS-0107-EVD-02_C107.md,FB1A081A4F38F6D2C2EB5C05DF5342E616493BBE
LS-WS-0108,C108,audit/WS_C108_OPERATOR_VALIDATION_COMMANDS.md,A3D847D892A335E4E09283F679B166D2803925DE,158,1,1,8,LX-WS-0108-CTX-03,CONTEXT,records/history/archive/LX-WS-0108-CTX-03_C108.md,35774FD77D42EFDDFC9CF5018957AD1B7AC1E394
LS-WS-0108,C108,audit/WS_C108_OPERATOR_VALIDATION_COMMANDS.md,A3D847D892A335E4E09283F679B166D2803925DE,158,2,9,58,LX-WS-0108-EVD-02,EVIDENCE,records/evidence/runs/LX-WS-0108-EVD-02_C108.md,7664D617E0B4244F73847AC42BF49F8D51790CEC
LS-WS-0108,C108,audit/WS_C108_OPERATOR_VALIDATION_COMMANDS.md,A3D847D892A335E4E09283F679B166D2803925DE,158,3,59,78,LX-WS-0108-EVD-02,EVIDENCE,records/evidence/runs/LX-WS-0108-EVD-02_C108.md,7664D617E0B4244F73847AC42BF49F8D51790CEC
LS-WS-0108,C108,audit/WS_C108_OPERATOR_VALIDATION_COMMANDS.md,A3D847D892A335E4E09283F679B166D2803925DE,158,4,79,127,LX-WS-0108-DEC-01,DECISION,records/decisions/LX-WS-0108-DEC-01_C108.md,9787E1D9A0229F54CD68BD8F110FB45B1ACCEED4
LS-WS-0108,C108,audit/WS_C108_OPERATOR_VALIDATION_COMMANDS.md,A3D847D892A335E4E09283F679B166D2803925DE,158,5,128,134,LX-WS-0108-EVD-02,EVIDENCE,records/evidence/runs/LX-WS-0108-EVD-02_C108.md,7664D617E0B4244F73847AC42BF49F8D51790CEC
LS-WS-0108,C108,audit/WS_C108_OPERATOR_VALIDATION_COMMANDS.md,A3D847D892A335E4E09283F679B166D2803925DE,158,6,135,158,LX-WS-0108-EVD-02,EVIDENCE,records/evidence/runs/LX-WS-0108-EVD-02_C108.md,7664D617E0B4244F73847AC42BF49F8D51790CEC
LS-WS-0112,C10,audit/WS_C10_EXIT_MODEL_DIAGNOSTIC_FINAL_RESULT.md,AF2502FC2B19145567BC0854F904E6985C4F636A,160,1,1,4,LX-WS-0112-CTX-03,CONTEXT,records/history/archive/LX-WS-0112-CTX-03_C10.md,734EE248DE2F07CDAFC1CD81FB265A365AB14224
LS-WS-0112,C10,audit/WS_C10_EXIT_MODEL_DIAGNOSTIC_FINAL_RESULT.md,AF2502FC2B19145567BC0854F904E6985C4F636A,160,2,5,23,LX-WS-0112-FND-02,FINDING,records/history/archive/LX-WS-0112-FND-02_C10.md,906058EB78712A9770BB71441F118E6F74119FF5
LS-WS-0112,C10,audit/WS_C10_EXIT_MODEL_DIAGNOSTIC_FINAL_RESULT.md,AF2502FC2B19145567BC0854F904E6985C4F636A,160,3,24,38,LX-WS-0112-FND-02,FINDING,records/history/archive/LX-WS-0112-FND-02_C10.md,906058EB78712A9770BB71441F118E6F74119FF5
LS-WS-0112,C10,audit/WS_C10_EXIT_MODEL_DIAGNOSTIC_FINAL_RESULT.md,AF2502FC2B19145567BC0854F904E6985C4F636A,160,4,39,76,LX-WS-0112-FND-02,FINDING,records/history/archive/LX-WS-0112-FND-02_C10.md,906058EB78712A9770BB71441F118E6F74119FF5
LS-WS-0112,C10,audit/WS_C10_EXIT_MODEL_DIAGNOSTIC_FINAL_RESULT.md,AF2502FC2B19145567BC0854F904E6985C4F636A,160,5,77,129,LX-WS-0112-EVD-01,EVIDENCE,records/evidence/runs/LX-WS-0112-EVD-01_C10.md,3DA1A28FB31E2BD7B591A5576A6881B19739A468
LS-WS-0112,C10,audit/WS_C10_EXIT_MODEL_DIAGNOSTIC_FINAL_RESULT.md,AF2502FC2B19145567BC0854F904E6985C4F636A,160,6,130,144,LX-WS-0112-FND-02,FINDING,records/history/archive/LX-WS-0112-FND-02_C10.md,906058EB78712A9770BB71441F118E6F74119FF5
LS-WS-0112,C10,audit/WS_C10_EXIT_MODEL_DIAGNOSTIC_FINAL_RESULT.md,AF2502FC2B19145567BC0854F904E6985C4F636A,160,7,145,160,LX-WS-0112-FND-02,FINDING,records/history/archive/LX-WS-0112-FND-02_C10.md,906058EB78712A9770BB71441F118E6F74119FF5
LS-WS-0114,C110,audit/WS_C110_OPERATOR_VALIDATION_COMMANDS.md,F855C04A41825FD50C70FFA4BA0BB8163B7F94F1,298,1,1,8,LX-WS-0114-CTX-03,CONTEXT,records/history/archive/LX-WS-0114-CTX-03_C110.md,690CE5C34720617C4F1BCBB5213C95869391A91C
LS-WS-0114,C110,audit/WS_C110_OPERATOR_VALIDATION_COMMANDS.md,F855C04A41825FD50C70FFA4BA0BB8163B7F94F1,298,2,9,73,LX-WS-0114-EVD-02,EVIDENCE,records/evidence/runs/LX-WS-0114-EVD-02_C110.md,E58BDE4AA4B3C0FF8DFEDB42B212C18287D02E76
LS-WS-0114,C110,audit/WS_C110_OPERATOR_VALIDATION_COMMANDS.md,F855C04A41825FD50C70FFA4BA0BB8163B7F94F1,298,3,74,79,LX-WS-0114-EVD-02,EVIDENCE,records/evidence/runs/LX-WS-0114-EVD-02_C110.md,E58BDE4AA4B3C0FF8DFEDB42B212C18287D02E76
LS-WS-0114,C110,audit/WS_C110_OPERATOR_VALIDATION_COMMANDS.md,F855C04A41825FD50C70FFA4BA0BB8163B7F94F1,298,4,80,85,LX-WS-0114-EVD-02,EVIDENCE,records/evidence/runs/LX-WS-0114-EVD-02_C110.md,E58BDE4AA4B3C0FF8DFEDB42B212C18287D02E76
LS-WS-0114,C110,audit/WS_C110_OPERATOR_VALIDATION_COMMANDS.md,F855C04A41825FD50C70FFA4BA0BB8163B7F94F1,298,5,86,105,LX-WS-0114-EVD-02,EVIDENCE,records/evidence/runs/LX-WS-0114-EVD-02_C110.md,E58BDE4AA4B3C0FF8DFEDB42B212C18287D02E76
LS-WS-0114,C110,audit/WS_C110_OPERATOR_VALIDATION_COMMANDS.md,F855C04A41825FD50C70FFA4BA0BB8163B7F94F1,298,6,106,182,LX-WS-0114-EVD-02,EVIDENCE,records/evidence/runs/LX-WS-0114-EVD-02_C110.md,E58BDE4AA4B3C0FF8DFEDB42B212C18287D02E76
LS-WS-0114,C110,audit/WS_C110_OPERATOR_VALIDATION_COMMANDS.md,F855C04A41825FD50C70FFA4BA0BB8163B7F94F1,298,7,183,188,LX-WS-0114-EVD-02,EVIDENCE,records/evidence/runs/LX-WS-0114-EVD-02_C110.md,E58BDE4AA4B3C0FF8DFEDB42B212C18287D02E76
LS-WS-0114,C110,audit/WS_C110_OPERATOR_VALIDATION_COMMANDS.md,F855C04A41825FD50C70FFA4BA0BB8163B7F94F1,298,8,189,239,LX-WS-0114-DEC-01,DECISION,records/decisions/LX-WS-0114-DEC-01_C110.md,337CFBFE9F0FE012BC485A1A9DBA742D71A3475A
LS-WS-0114,C110,audit/WS_C110_OPERATOR_VALIDATION_COMMANDS.md,F855C04A41825FD50C70FFA4BA0BB8163B7F94F1,298,9,240,298,LX-WS-0114-EVD-02,EVIDENCE,records/evidence/runs/LX-WS-0114-EVD-02_C110.md,E58BDE4AA4B3C0FF8DFEDB42B212C18287D02E76
LS-WS-0116,C111,audit/WS_C111_OPERATOR_VALIDATION_COMMANDS.md,ADF7D28572E09CC0AD5FEB97844A76678B7EFCDB,307,1,1,8,LX-WS-0116-CTX-03,CONTEXT,records/history/archive/LX-WS-0116-CTX-03_C111.md,8B040607AB49CB224C9183D373B45F68A40E9B7E
LS-WS-0116,C111,audit/WS_C111_OPERATOR_VALIDATION_COMMANDS.md,ADF7D28572E09CC0AD5FEB97844A76678B7EFCDB,307,2,9,75,LX-WS-0116-EVD-02,EVIDENCE,records/evidence/runs/LX-WS-0116-EVD-02_C111.md,1FC2545D881E24DBCF3778A97D2008FC252BECE8
LS-WS-0116,C111,audit/WS_C111_OPERATOR_VALIDATION_COMMANDS.md,ADF7D28572E09CC0AD5FEB97844A76678B7EFCDB,307,3,76,81,LX-WS-0116-EVD-02,EVIDENCE,records/evidence/runs/LX-WS-0116-EVD-02_C111.md,1FC2545D881E24DBCF3778A97D2008FC252BECE8
LS-WS-0116,C111,audit/WS_C111_OPERATOR_VALIDATION_COMMANDS.md,ADF7D28572E09CC0AD5FEB97844A76678B7EFCDB,307,4,82,87,LX-WS-0116-EVD-02,EVIDENCE,records/evidence/runs/LX-WS-0116-EVD-02_C111.md,1FC2545D881E24DBCF3778A97D2008FC252BECE8
LS-WS-0116,C111,audit/WS_C111_OPERATOR_VALIDATION_COMMANDS.md,ADF7D28572E09CC0AD5FEB97844A76678B7EFCDB,307,5,88,107,LX-WS-0116-EVD-02,EVIDENCE,records/evidence/runs/LX-WS-0116-EVD-02_C111.md,1FC2545D881E24DBCF3778A97D2008FC252BECE8
LS-WS-0116,C111,audit/WS_C111_OPERATOR_VALIDATION_COMMANDS.md,ADF7D28572E09CC0AD5FEB97844A76678B7EFCDB,307,6,108,197,LX-WS-0116-EVD-02,EVIDENCE,records/evidence/runs/LX-WS-0116-EVD-02_C111.md,1FC2545D881E24DBCF3778A97D2008FC252BECE8
LS-WS-0116,C111,audit/WS_C111_OPERATOR_VALIDATION_COMMANDS.md,ADF7D28572E09CC0AD5FEB97844A76678B7EFCDB,307,7,198,203,LX-WS-0116-EVD-02,EVIDENCE,records/evidence/runs/LX-WS-0116-EVD-02_C111.md,1FC2545D881E24DBCF3778A97D2008FC252BECE8
LS-WS-0116,C111,audit/WS_C111_OPERATOR_VALIDATION_COMMANDS.md,ADF7D28572E09CC0AD5FEB97844A76678B7EFCDB,307,8,204,254,LX-WS-0116-DEC-01,DECISION,records/decisions/LX-WS-0116-DEC-01_C111.md,289C3656F35A2BBC98BE2B9C540408170866C6A1
LS-WS-0116,C111,audit/WS_C111_OPERATOR_VALIDATION_COMMANDS.md,ADF7D28572E09CC0AD5FEB97844A76678B7EFCDB,307,9,255,291,LX-WS-0116-EVD-02,EVIDENCE,records/evidence/runs/LX-WS-0116-EVD-02_C111.md,1FC2545D881E24DBCF3778A97D2008FC252BECE8
LS-WS-0116,C111,audit/WS_C111_OPERATOR_VALIDATION_COMMANDS.md,ADF7D28572E09CC0AD5FEB97844A76678B7EFCDB,307,10,292,307,LX-WS-0116-EVD-02,EVIDENCE,records/evidence/runs/LX-WS-0116-EVD-02_C111.md,1FC2545D881E24DBCF3778A97D2008FC252BECE8
LS-WS-0117,C111,audit/WS_C111_WEEKLY_SWING_WATCHLIST_NON_LIVE_REHEARSAL_HANDOFF_AUDIT_ARCHIVE_FINAL_CLOSURE_REVIEW.md,8116EE07CF0A26CBB3F454A780D9C5CE284DA31A,191,1,1,11,LX-WS-0117-CTX-03,CONTEXT,records/history/archive/LX-WS-0117-CTX-03_C111.md,389C509FCD31E7820F5CF44F9B7F4DCF4CBEC6A8
LS-WS-0117,C111,audit/WS_C111_WEEKLY_SWING_WATCHLIST_NON_LIVE_REHEARSAL_HANDOFF_AUDIT_ARCHIVE_FINAL_CLOSURE_REVIEW.md,8116EE07CF0A26CBB3F454A780D9C5CE284DA31A,191,2,12,26,LX-WS-0117-DEC-01,DECISION,records/decisions/LX-WS-0117-DEC-01_C111.md,9F4F3A4AD9EAAEA8D6844AEF3A0B759ACC1A819B
LS-WS-0117,C111,audit/WS_C111_WEEKLY_SWING_WATCHLIST_NON_LIVE_REHEARSAL_HANDOFF_AUDIT_ARCHIVE_FINAL_CLOSURE_REVIEW.md,8116EE07CF0A26CBB3F454A780D9C5CE284DA31A,191,3,27,87,LX-WS-0117-DEC-01,DECISION,records/decisions/LX-WS-0117-DEC-01_C111.md,9F4F3A4AD9EAAEA8D6844AEF3A0B759ACC1A819B
LS-WS-0117,C111,audit/WS_C111_WEEKLY_SWING_WATCHLIST_NON_LIVE_REHEARSAL_HANDOFF_AUDIT_ARCHIVE_FINAL_CLOSURE_REVIEW.md,8116EE07CF0A26CBB3F454A780D9C5CE284DA31A,191,4,88,96,LX-WS-0117-DEC-01,DECISION,records/decisions/LX-WS-0117-DEC-01_C111.md,9F4F3A4AD9EAAEA8D6844AEF3A0B759ACC1A819B
LS-WS-0117,C111,audit/WS_C111_WEEKLY_SWING_WATCHLIST_NON_LIVE_REHEARSAL_HANDOFF_AUDIT_ARCHIVE_FINAL_CLOSURE_REVIEW.md,8116EE07CF0A26CBB3F454A780D9C5CE284DA31A,191,5,97,107,LX-WS-0117-DEC-01,DECISION,records/decisions/LX-WS-0117-DEC-01_C111.md,9F4F3A4AD9EAAEA8D6844AEF3A0B759ACC1A819B
LS-WS-0117,C111,audit/WS_C111_WEEKLY_SWING_WATCHLIST_NON_LIVE_REHEARSAL_HANDOFF_AUDIT_ARCHIVE_FINAL_CLOSURE_REVIEW.md,8116EE07CF0A26CBB3F454A780D9C5CE284DA31A,191,6,108,165,LX-WS-0117-EVD-02,EVIDENCE,records/evidence/runs/LX-WS-0117-EVD-02_C111.md,D5467FE43CF7169FDFA72F72FF2B7150AB8E5996
LS-WS-0117,C111,audit/WS_C111_WEEKLY_SWING_WATCHLIST_NON_LIVE_REHEARSAL_HANDOFF_AUDIT_ARCHIVE_FINAL_CLOSURE_REVIEW.md,8116EE07CF0A26CBB3F454A780D9C5CE284DA31A,191,7,166,191,LX-WS-0117-DEC-01,DECISION,records/decisions/LX-WS-0117-DEC-01_C111.md,9F4F3A4AD9EAAEA8D6844AEF3A0B759ACC1A819B
LS-WS-0118,C112,audit/WS_C112_OPERATOR_VALIDATION_COMMANDS.md,C9A9F2C598EBF06284264F44761CF94A0A24767B,239,1,1,6,LX-WS-0118-CTX-03,CONTEXT,records/history/archive/LX-WS-0118-CTX-03_C112.md,34FC48E23A9037AAC04360C0EB374BC3E127D3F0
LS-WS-0118,C112,audit/WS_C112_OPERATOR_VALIDATION_COMMANDS.md,C9A9F2C598EBF06284264F44761CF94A0A24767B,239,2,7,41,LX-WS-0118-EVD-02,EVIDENCE,records/evidence/runs/LX-WS-0118-EVD-02_C112.md,409B4661DB257B37B5AC5E54D88904BC9AC13B80
LS-WS-0118,C112,audit/WS_C112_OPERATOR_VALIDATION_COMMANDS.md,C9A9F2C598EBF06284264F44761CF94A0A24767B,239,3,42,47,LX-WS-0118-EVD-02,EVIDENCE,records/evidence/runs/LX-WS-0118-EVD-02_C112.md,409B4661DB257B37B5AC5E54D88904BC9AC13B80
LS-WS-0118,C112,audit/WS_C112_OPERATOR_VALIDATION_COMMANDS.md,C9A9F2C598EBF06284264F44761CF94A0A24767B,239,4,48,53,LX-WS-0118-EVD-02,EVIDENCE,records/evidence/runs/LX-WS-0118-EVD-02_C112.md,409B4661DB257B37B5AC5E54D88904BC9AC13B80
LS-WS-0118,C112,audit/WS_C112_OPERATOR_VALIDATION_COMMANDS.md,C9A9F2C598EBF06284264F44761CF94A0A24767B,239,5,54,73,LX-WS-0118-EVD-02,EVIDENCE,records/evidence/runs/LX-WS-0118-EVD-02_C112.md,409B4661DB257B37B5AC5E54D88904BC9AC13B80
LS-WS-0118,C112,audit/WS_C112_OPERATOR_VALIDATION_COMMANDS.md,C9A9F2C598EBF06284264F44761CF94A0A24767B,239,6,74,135,LX-WS-0118-EVD-02,EVIDENCE,records/evidence/runs/LX-WS-0118-EVD-02_C112.md,409B4661DB257B37B5AC5E54D88904BC9AC13B80
LS-WS-0118,C112,audit/WS_C112_OPERATOR_VALIDATION_COMMANDS.md,C9A9F2C598EBF06284264F44761CF94A0A24767B,239,7,136,180,LX-WS-0118-DEC-01,DECISION,records/decisions/LX-WS-0118-DEC-01_C112.md,E4EC35C6B3EF25E5AD53D31EE4F4F910A6F91206
LS-WS-0118,C112,audit/WS_C112_OPERATOR_VALIDATION_COMMANDS.md,C9A9F2C598EBF06284264F44761CF94A0A24767B,239,8,181,220,LX-WS-0118-EVD-02,EVIDENCE,records/evidence/runs/LX-WS-0118-EVD-02_C112.md,409B4661DB257B37B5AC5E54D88904BC9AC13B80
LS-WS-0118,C112,audit/WS_C112_OPERATOR_VALIDATION_COMMANDS.md,C9A9F2C598EBF06284264F44761CF94A0A24767B,239,9,221,239,LX-WS-0118-EVD-02,EVIDENCE,records/evidence/runs/LX-WS-0118-EVD-02_C112.md,409B4661DB257B37B5AC5E54D88904BC9AC13B80
LS-WS-0119,C112,audit/WS_C112_WEEKLY_SWING_WATCHLIST_PRODUCTION_PHASE_APPROVAL_REVIEW.md,053F23D7E07712F08172A00A130B4E2615AD5CED,140,1,1,11,LX-WS-0119-CTX-03,CONTEXT,records/history/archive/LX-WS-0119-CTX-03_C112.md,06F7C76339EFA64C0F8FFB15B23165314CCB962F
LS-WS-0119,C112,audit/WS_C112_WEEKLY_SWING_WATCHLIST_PRODUCTION_PHASE_APPROVAL_REVIEW.md,053F23D7E07712F08172A00A130B4E2615AD5CED,140,2,12,26,LX-WS-0119-DEC-01,DECISION,records/decisions/LX-WS-0119-DEC-01_C112.md,4D5078F75174A0BC5A45D6BA8D463597E8394543
LS-WS-0119,C112,audit/WS_C112_WEEKLY_SWING_WATCHLIST_PRODUCTION_PHASE_APPROVAL_REVIEW.md,053F23D7E07712F08172A00A130B4E2615AD5CED,140,3,27,59,LX-WS-0119-DEC-01,DECISION,records/decisions/LX-WS-0119-DEC-01_C112.md,4D5078F75174A0BC5A45D6BA8D463597E8394543
LS-WS-0119,C112,audit/WS_C112_WEEKLY_SWING_WATCHLIST_PRODUCTION_PHASE_APPROVAL_REVIEW.md,053F23D7E07712F08172A00A130B4E2615AD5CED,140,4,60,70,LX-WS-0119-DEC-01,DECISION,records/decisions/LX-WS-0119-DEC-01_C112.md,4D5078F75174A0BC5A45D6BA8D463597E8394543
LS-WS-0119,C112,audit/WS_C112_WEEKLY_SWING_WATCHLIST_PRODUCTION_PHASE_APPROVAL_REVIEW.md,053F23D7E07712F08172A00A130B4E2615AD5CED,140,5,71,114,LX-WS-0119-EVD-02,EVIDENCE,records/evidence/runs/LX-WS-0119-EVD-02_C112.md,D8DBCD35B653432E817125F54D4D45028B50173E
LS-WS-0119,C112,audit/WS_C112_WEEKLY_SWING_WATCHLIST_PRODUCTION_PHASE_APPROVAL_REVIEW.md,053F23D7E07712F08172A00A130B4E2615AD5CED,140,6,115,140,LX-WS-0119-DEC-01,DECISION,records/decisions/LX-WS-0119-DEC-01_C112.md,4D5078F75174A0BC5A45D6BA8D463597E8394543
LS-WS-0121,C113,audit/WS_C113_WEEKLY_SWING_WATCHLIST_PRODUCTION_READINESS_REVIEW.md,06C06B0A746AA41369A1B53E563176C10CB50768,180,1,1,17,LX-WS-0121-CTX-03,CONTEXT,records/history/archive/LX-WS-0121-CTX-03_C113.md,C2F3495E1F730E500BFD50D3F7A9C366E9C935D2
LS-WS-0121,C113,audit/WS_C113_WEEKLY_SWING_WATCHLIST_PRODUCTION_READINESS_REVIEW.md,06C06B0A746AA41369A1B53E563176C10CB50768,180,2,18,33,LX-WS-0121-DEC-01,DECISION,records/decisions/LX-WS-0121-DEC-01_C113.md,3F73029958A3E198EA3953C50D6C49BCF64B7E81
LS-WS-0121,C113,audit/WS_C113_WEEKLY_SWING_WATCHLIST_PRODUCTION_READINESS_REVIEW.md,06C06B0A746AA41369A1B53E563176C10CB50768,180,3,34,78,LX-WS-0121-DEC-01,DECISION,records/decisions/LX-WS-0121-DEC-01_C113.md,3F73029958A3E198EA3953C50D6C49BCF64B7E81
LS-WS-0121,C113,audit/WS_C113_WEEKLY_SWING_WATCHLIST_PRODUCTION_READINESS_REVIEW.md,06C06B0A746AA41369A1B53E563176C10CB50768,180,4,79,89,LX-WS-0121-DEC-01,DECISION,records/decisions/LX-WS-0121-DEC-01_C113.md,3F73029958A3E198EA3953C50D6C49BCF64B7E81
LS-WS-0121,C113,audit/WS_C113_WEEKLY_SWING_WATCHLIST_PRODUCTION_READINESS_REVIEW.md,06C06B0A746AA41369A1B53E563176C10CB50768,180,5,90,152,LX-WS-0121-EVD-02,EVIDENCE,records/evidence/runs/LX-WS-0121-EVD-02_C113.md,7F23A3E8B994587EA5D2F78E06AA575299E23B8A
LS-WS-0121,C113,audit/WS_C113_WEEKLY_SWING_WATCHLIST_PRODUCTION_READINESS_REVIEW.md,06C06B0A746AA41369A1B53E563176C10CB50768,180,6,153,180,LX-WS-0121-DEC-01,DECISION,records/decisions/LX-WS-0121-DEC-01_C113.md,3F73029958A3E198EA3953C50D6C49BCF64B7E81
LS-WS-0122,C114,audit/WS_C114_OPERATOR_VALIDATION_COMMANDS.md,3127AE81C7C2DF373780A62890E314F4C8430285,367,1,1,6,LX-WS-0122-CTX-03,CONTEXT,records/history/archive/LX-WS-0122-CTX-03_C114.md,8F7E0E7D2CBD3FB4D31822B934A1EB73D5FEB553
LS-WS-0122,C114,audit/WS_C114_OPERATOR_VALIDATION_COMMANDS.md,3127AE81C7C2DF373780A62890E314F4C8430285,367,2,7,47,LX-WS-0122-EVD-02,EVIDENCE,records/evidence/runs/LX-WS-0122-EVD-02_C114.md,DC718D439D7D2DDB44A948AF6E9226FF1240D034
LS-WS-0122,C114,audit/WS_C114_OPERATOR_VALIDATION_COMMANDS.md,3127AE81C7C2DF373780A62890E314F4C8430285,367,3,48,59,LX-WS-0122-EVD-02,EVIDENCE,records/evidence/runs/LX-WS-0122-EVD-02_C114.md,DC718D439D7D2DDB44A948AF6E9226FF1240D034
LS-WS-0122,C114,audit/WS_C114_OPERATOR_VALIDATION_COMMANDS.md,3127AE81C7C2DF373780A62890E314F4C8430285,367,4,60,71,LX-WS-0122-EVD-02,EVIDENCE,records/evidence/runs/LX-WS-0122-EVD-02_C114.md,DC718D439D7D2DDB44A948AF6E9226FF1240D034
LS-WS-0122,C114,audit/WS_C114_OPERATOR_VALIDATION_COMMANDS.md,3127AE81C7C2DF373780A62890E314F4C8430285,367,5,72,93,LX-WS-0122-EVD-02,EVIDENCE,records/evidence/runs/LX-WS-0122-EVD-02_C114.md,DC718D439D7D2DDB44A948AF6E9226FF1240D034
LS-WS-0122,C114,audit/WS_C114_OPERATOR_VALIDATION_COMMANDS.md,3127AE81C7C2DF373780A62890E314F4C8430285,367,6,94,196,LX-WS-0122-EVD-02,EVIDENCE,records/evidence/runs/LX-WS-0122-EVD-02_C114.md,DC718D439D7D2DDB44A948AF6E9226FF1240D034
LS-WS-0122,C114,audit/WS_C114_OPERATOR_VALIDATION_COMMANDS.md,3127AE81C7C2DF373780A62890E314F4C8430285,367,7,197,208,LX-WS-0122-EVD-02,EVIDENCE,records/evidence/runs/LX-WS-0122-EVD-02_C114.md,DC718D439D7D2DDB44A948AF6E9226FF1240D034
LS-WS-0122,C114,audit/WS_C114_OPERATOR_VALIDATION_COMMANDS.md,3127AE81C7C2DF373780A62890E314F4C8430285,367,8,209,228,LX-WS-0122-DEC-01,DECISION,records/decisions/LX-WS-0122-DEC-01_C114.md,5925D5A65F0CAD4CE60146AC5D36DAE7D274E1ED
LS-WS-0122,C114,audit/WS_C114_OPERATOR_VALIDATION_COMMANDS.md,3127AE81C7C2DF373780A62890E314F4C8430285,367,9,229,248,LX-WS-0122-DEC-01,DECISION,records/decisions/LX-WS-0122-DEC-01_C114.md,5925D5A65F0CAD4CE60146AC5D36DAE7D274E1ED
LS-WS-0122,C114,audit/WS_C114_OPERATOR_VALIDATION_COMMANDS.md,3127AE81C7C2DF373780A62890E314F4C8430285,367,10,249,266,LX-WS-0122-EVD-02,EVIDENCE,records/evidence/runs/LX-WS-0122-EVD-02_C114.md,DC718D439D7D2DDB44A948AF6E9226FF1240D034
LS-WS-0122,C114,audit/WS_C114_OPERATOR_VALIDATION_COMMANDS.md,3127AE81C7C2DF373780A62890E314F4C8430285,367,11,267,315,LX-WS-0122-EVD-02,EVIDENCE,records/evidence/runs/LX-WS-0122-EVD-02_C114.md,DC718D439D7D2DDB44A948AF6E9226FF1240D034
LS-WS-0122,C114,audit/WS_C114_OPERATOR_VALIDATION_COMMANDS.md,3127AE81C7C2DF373780A62890E314F4C8430285,367,12,316,367,LX-WS-0122-EVD-02,EVIDENCE,records/evidence/runs/LX-WS-0122-EVD-02_C114.md,DC718D439D7D2DDB44A948AF6E9226FF1240D034
LS-WS-0123,C114,audit/WS_C114_WEEKLY_SWING_WATCHLIST_PRODUCTION_RUNTIME_WIRING_READINESS_REVIEW.md,B10AAD7EB8854B0E26CBF9E5BD151EF79F378ADC,231,1,1,20,LX-WS-0123-CTX-03,CONTEXT,records/history/archive/LX-WS-0123-CTX-03_C114.md,2A3C8593E5EB288CD3EABC999A0FF33D7F3123EE
LS-WS-0123,C114,audit/WS_C114_WEEKLY_SWING_WATCHLIST_PRODUCTION_RUNTIME_WIRING_READINESS_REVIEW.md,B10AAD7EB8854B0E26CBF9E5BD151EF79F378ADC,231,2,21,37,LX-WS-0123-DEC-01,DECISION,records/decisions/LX-WS-0123-DEC-01_C114.md,9B44A55C76DB198043F1303C1FAD41F6FB384092
LS-WS-0123,C114,audit/WS_C114_WEEKLY_SWING_WATCHLIST_PRODUCTION_RUNTIME_WIRING_READINESS_REVIEW.md,B10AAD7EB8854B0E26CBF9E5BD151EF79F378ADC,231,3,38,94,LX-WS-0123-DEC-01,DECISION,records/decisions/LX-WS-0123-DEC-01_C114.md,9B44A55C76DB198043F1303C1FAD41F6FB384092
LS-WS-0123,C114,audit/WS_C114_WEEKLY_SWING_WATCHLIST_PRODUCTION_RUNTIME_WIRING_READINESS_REVIEW.md,B10AAD7EB8854B0E26CBF9E5BD151EF79F378ADC,231,4,95,105,LX-WS-0123-DEC-01,DECISION,records/decisions/LX-WS-0123-DEC-01_C114.md,9B44A55C76DB198043F1303C1FAD41F6FB384092
LS-WS-0123,C114,audit/WS_C114_WEEKLY_SWING_WATCHLIST_PRODUCTION_RUNTIME_WIRING_READINESS_REVIEW.md,B10AAD7EB8854B0E26CBF9E5BD151EF79F378ADC,231,5,106,139,LX-WS-0123-EVD-02,EVIDENCE,records/evidence/runs/LX-WS-0123-EVD-02_C114.md,033FA3D33805492A6F417BF016DAAC9761C3CC58
LS-WS-0123,C114,audit/WS_C114_WEEKLY_SWING_WATCHLIST_PRODUCTION_RUNTIME_WIRING_READINESS_REVIEW.md,B10AAD7EB8854B0E26CBF9E5BD151EF79F378ADC,231,6,140,163,LX-WS-0123-DEC-01,DECISION,records/decisions/LX-WS-0123-DEC-01_C114.md,9B44A55C76DB198043F1303C1FAD41F6FB384092
LS-WS-0123,C114,audit/WS_C114_WEEKLY_SWING_WATCHLIST_PRODUCTION_RUNTIME_WIRING_READINESS_REVIEW.md,B10AAD7EB8854B0E26CBF9E5BD151EF79F378ADC,231,7,164,231,LX-WS-0123-EVD-02,EVIDENCE,records/evidence/runs/LX-WS-0123-EVD-02_C114.md,033FA3D33805492A6F417BF016DAAC9761C3CC58
LS-WS-0125,C115,audit/WS_C115_WEEKLY_SWING_WATCHLIST_CONTROLLED_RUNTIME_WIRING_EXECUTION_APPROVAL_REVIEW.md,18F63BEF00539CB069A353C2E67F1849A3123249,148,1,1,18,LX-WS-0125-CTX-03,CONTEXT,records/history/archive/LX-WS-0125-CTX-03_C115.md,A29C250C03FA0E9FF5E4C6DB829F6CB4CA3E86C9
LS-WS-0125,C115,audit/WS_C115_WEEKLY_SWING_WATCHLIST_CONTROLLED_RUNTIME_WIRING_EXECUTION_APPROVAL_REVIEW.md,18F63BEF00539CB069A353C2E67F1849A3123249,148,2,19,35,LX-WS-0125-DEC-01,DECISION,records/decisions/LX-WS-0125-DEC-01_C115.md,BC634F612B56F1355CDAAEEB5CA67A75E93CCBA6
LS-WS-0125,C115,audit/WS_C115_WEEKLY_SWING_WATCHLIST_CONTROLLED_RUNTIME_WIRING_EXECUTION_APPROVAL_REVIEW.md,18F63BEF00539CB069A353C2E67F1849A3123249,148,3,36,67,LX-WS-0125-DEC-01,DECISION,records/decisions/LX-WS-0125-DEC-01_C115.md,BC634F612B56F1355CDAAEEB5CA67A75E93CCBA6
LS-WS-0125,C115,audit/WS_C115_WEEKLY_SWING_WATCHLIST_CONTROLLED_RUNTIME_WIRING_EXECUTION_APPROVAL_REVIEW.md,18F63BEF00539CB069A353C2E67F1849A3123249,148,4,68,78,LX-WS-0125-DEC-01,DECISION,records/decisions/LX-WS-0125-DEC-01_C115.md,BC634F612B56F1355CDAAEEB5CA67A75E93CCBA6
LS-WS-0125,C115,audit/WS_C115_WEEKLY_SWING_WATCHLIST_CONTROLLED_RUNTIME_WIRING_EXECUTION_APPROVAL_REVIEW.md,18F63BEF00539CB069A353C2E67F1849A3123249,148,5,79,102,LX-WS-0125-DEC-01,DECISION,records/decisions/LX-WS-0125-DEC-01_C115.md,BC634F612B56F1355CDAAEEB5CA67A75E93CCBA6
LS-WS-0125,C115,audit/WS_C115_WEEKLY_SWING_WATCHLIST_CONTROLLED_RUNTIME_WIRING_EXECUTION_APPROVAL_REVIEW.md,18F63BEF00539CB069A353C2E67F1849A3123249,148,6,103,148,LX-WS-0125-EVD-02,EVIDENCE,records/evidence/runs/LX-WS-0125-EVD-02_C115.md,C1A6DC670EFE89AF1F510898E2AB82C502244EA1
LS-WS-0133,C119,audit/WS_C119_WEEKLY_SWING_WATCHLIST_CONTROLLED_RUNTIME_WIRING_OPERATOR_GO_NO_GO_REVIEW.md,EFD91E72740D097699DE153C4E8B7F302479D898,183,1,1,20,LX-WS-0133-CTX-03,CONTEXT,records/history/archive/LX-WS-0133-CTX-03_C119.md,B5065526DA3FEB4F0ED0F1A7A5F169723E4CD873
LS-WS-0133,C119,audit/WS_C119_WEEKLY_SWING_WATCHLIST_CONTROLLED_RUNTIME_WIRING_OPERATOR_GO_NO_GO_REVIEW.md,EFD91E72740D097699DE153C4E8B7F302479D898,183,2,21,37,LX-WS-0133-DEC-01,DECISION,records/decisions/LX-WS-0133-DEC-01_C119.md,06FD0305CF2B86C19D727B7D956359AFAC121E71
LS-WS-0133,C119,audit/WS_C119_WEEKLY_SWING_WATCHLIST_CONTROLLED_RUNTIME_WIRING_OPERATOR_GO_NO_GO_REVIEW.md,EFD91E72740D097699DE153C4E8B7F302479D898,183,3,38,75,LX-WS-0133-DEC-01,DECISION,records/decisions/LX-WS-0133-DEC-01_C119.md,06FD0305CF2B86C19D727B7D956359AFAC121E71
LS-WS-0133,C119,audit/WS_C119_WEEKLY_SWING_WATCHLIST_CONTROLLED_RUNTIME_WIRING_OPERATOR_GO_NO_GO_REVIEW.md,EFD91E72740D097699DE153C4E8B7F302479D898,183,4,76,85,LX-WS-0133-DEC-01,DECISION,records/decisions/LX-WS-0133-DEC-01_C119.md,06FD0305CF2B86C19D727B7D956359AFAC121E71
LS-WS-0133,C119,audit/WS_C119_WEEKLY_SWING_WATCHLIST_CONTROLLED_RUNTIME_WIRING_OPERATOR_GO_NO_GO_REVIEW.md,EFD91E72740D097699DE153C4E8B7F302479D898,183,5,86,127,LX-WS-0133-DEC-01,DECISION,records/decisions/LX-WS-0133-DEC-01_C119.md,06FD0305CF2B86C19D727B7D956359AFAC121E71
LS-WS-0133,C119,audit/WS_C119_WEEKLY_SWING_WATCHLIST_CONTROLLED_RUNTIME_WIRING_OPERATOR_GO_NO_GO_REVIEW.md,EFD91E72740D097699DE153C4E8B7F302479D898,183,6,128,183,LX-WS-0133-EVD-02,EVIDENCE,records/evidence/runs/LX-WS-0133-EVD-02_C119.md,87EB2376B30228F9DF1C5E3EA2DF83061DC233CA
LS-WS-0137,C120,audit/WS_C120_WEEKLY_SWING_WATCHLIST_CONTROLLED_RUNTIME_WIRING_GO_DECISION_FINALIZATION_REVIEW.md,E0913F45A11DD782CF3BD1522F529A137BF42C05,200,1,1,21,LX-WS-0137-CTX-03,CONTEXT,records/history/archive/LX-WS-0137-CTX-03_C120.md,372A8C48F9FBF270D267E6F8C8498D8F3FD8E436
LS-WS-0137,C120,audit/WS_C120_WEEKLY_SWING_WATCHLIST_CONTROLLED_RUNTIME_WIRING_GO_DECISION_FINALIZATION_REVIEW.md,E0913F45A11DD782CF3BD1522F529A137BF42C05,200,2,22,38,LX-WS-0137-DEC-01,DECISION,records/decisions/LX-WS-0137-DEC-01_C120.md,8ED55FC69669572AA4E166F12AA9BE80B0EBC011
LS-WS-0137,C120,audit/WS_C120_WEEKLY_SWING_WATCHLIST_CONTROLLED_RUNTIME_WIRING_GO_DECISION_FINALIZATION_REVIEW.md,E0913F45A11DD782CF3BD1522F529A137BF42C05,200,3,39,79,LX-WS-0137-DEC-01,DECISION,records/decisions/LX-WS-0137-DEC-01_C120.md,8ED55FC69669572AA4E166F12AA9BE80B0EBC011
LS-WS-0137,C120,audit/WS_C120_WEEKLY_SWING_WATCHLIST_CONTROLLED_RUNTIME_WIRING_GO_DECISION_FINALIZATION_REVIEW.md,E0913F45A11DD782CF3BD1522F529A137BF42C05,200,4,80,89,LX-WS-0137-DEC-01,DECISION,records/decisions/LX-WS-0137-DEC-01_C120.md,8ED55FC69669572AA4E166F12AA9BE80B0EBC011
LS-WS-0137,C120,audit/WS_C120_WEEKLY_SWING_WATCHLIST_CONTROLLED_RUNTIME_WIRING_GO_DECISION_FINALIZATION_REVIEW.md,E0913F45A11DD782CF3BD1522F529A137BF42C05,200,5,90,136,LX-WS-0137-DEC-01,DECISION,records/decisions/LX-WS-0137-DEC-01_C120.md,8ED55FC69669572AA4E166F12AA9BE80B0EBC011
LS-WS-0137,C120,audit/WS_C120_WEEKLY_SWING_WATCHLIST_CONTROLLED_RUNTIME_WIRING_GO_DECISION_FINALIZATION_REVIEW.md,E0913F45A11DD782CF3BD1522F529A137BF42C05,200,6,137,200,LX-WS-0137-EVD-02,EVIDENCE,records/evidence/runs/LX-WS-0137-EVD-02_C120.md,FA2D5BED6BD0C7CC53B7592B7BDD39B2069EFF2F
LS-WS-0139,C121,audit/WS_C121_WEEKLY_SWING_WATCHLIST_CONTROLLED_RUNTIME_WIRING_COMPLETION_BOUNDARY_REVIEW.md,2E825B8DE279D86876BB357D2DB53A3B504008EF,183,1,1,21,LX-WS-0139-CTX-03,CONTEXT,records/history/archive/LX-WS-0139-CTX-03_C121.md,A668C22124AF18DA0F3A01792605A73C9E126B79
LS-WS-0139,C121,audit/WS_C121_WEEKLY_SWING_WATCHLIST_CONTROLLED_RUNTIME_WIRING_COMPLETION_BOUNDARY_REVIEW.md,2E825B8DE279D86876BB357D2DB53A3B504008EF,183,2,22,38,LX-WS-0139-DEC-01,DECISION,records/decisions/LX-WS-0139-DEC-01_C121.md,00F3C1A534501009BABA82252933EF1CCAD8F699
LS-WS-0139,C121,audit/WS_C121_WEEKLY_SWING_WATCHLIST_CONTROLLED_RUNTIME_WIRING_COMPLETION_BOUNDARY_REVIEW.md,2E825B8DE279D86876BB357D2DB53A3B504008EF,183,3,39,79,LX-WS-0139-DEC-01,DECISION,records/decisions/LX-WS-0139-DEC-01_C121.md,00F3C1A534501009BABA82252933EF1CCAD8F699
LS-WS-0139,C121,audit/WS_C121_WEEKLY_SWING_WATCHLIST_CONTROLLED_RUNTIME_WIRING_COMPLETION_BOUNDARY_REVIEW.md,2E825B8DE279D86876BB357D2DB53A3B504008EF,183,4,80,89,LX-WS-0139-DEC-01,DECISION,records/decisions/LX-WS-0139-DEC-01_C121.md,00F3C1A534501009BABA82252933EF1CCAD8F699
LS-WS-0139,C121,audit/WS_C121_WEEKLY_SWING_WATCHLIST_CONTROLLED_RUNTIME_WIRING_COMPLETION_BOUNDARY_REVIEW.md,2E825B8DE279D86876BB357D2DB53A3B504008EF,183,5,90,131,LX-WS-0139-DEC-01,DECISION,records/decisions/LX-WS-0139-DEC-01_C121.md,00F3C1A534501009BABA82252933EF1CCAD8F699
LS-WS-0139,C121,audit/WS_C121_WEEKLY_SWING_WATCHLIST_CONTROLLED_RUNTIME_WIRING_COMPLETION_BOUNDARY_REVIEW.md,2E825B8DE279D86876BB357D2DB53A3B504008EF,183,6,132,183,LX-WS-0139-EVD-02,EVIDENCE,records/evidence/runs/LX-WS-0139-EVD-02_C121.md,E79092232AF92E433A295D49980434D74C160389
LS-WS-0140,C122,audit/WS_C122_OPERATOR_VALIDATION_COMMANDS.md,3F2E6CC2105552A5A01DFCBF6CA019C4EE28A068,134,1,1,2,LX-WS-0140-CTX-03,CONTEXT,records/history/archive/LX-WS-0140-CTX-03_C122.md,0258D75A3DCB7415A29021464532A9372B2F9620
LS-WS-0140,C122,audit/WS_C122_OPERATOR_VALIDATION_COMMANDS.md,3F2E6CC2105552A5A01DFCBF6CA019C4EE28A068,134,2,3,45,LX-WS-0140-EVD-02,EVIDENCE,records/evidence/runs/LX-WS-0140-EVD-02_C122.md,27644FBE50278AA4FA16B89BD57F3AE23F3FF085
LS-WS-0140,C122,audit/WS_C122_OPERATOR_VALIDATION_COMMANDS.md,3F2E6CC2105552A5A01DFCBF6CA019C4EE28A068,134,3,46,57,LX-WS-0140-EVD-02,EVIDENCE,records/evidence/runs/LX-WS-0140-EVD-02_C122.md,27644FBE50278AA4FA16B89BD57F3AE23F3FF085
LS-WS-0140,C122,audit/WS_C122_OPERATOR_VALIDATION_COMMANDS.md,3F2E6CC2105552A5A01DFCBF6CA019C4EE28A068,134,4,58,69,LX-WS-0140-EVD-02,EVIDENCE,records/evidence/runs/LX-WS-0140-EVD-02_C122.md,27644FBE50278AA4FA16B89BD57F3AE23F3FF085
LS-WS-0140,C122,audit/WS_C122_OPERATOR_VALIDATION_COMMANDS.md,3F2E6CC2105552A5A01DFCBF6CA019C4EE28A068,134,5,70,88,LX-WS-0140-DEC-01,DECISION,records/decisions/LX-WS-0140-DEC-01_C122.md,8FCFEDCCEE5743A1E1667E7E4CB0D3EAAFC28A62
LS-WS-0140,C122,audit/WS_C122_OPERATOR_VALIDATION_COMMANDS.md,3F2E6CC2105552A5A01DFCBF6CA019C4EE28A068,134,6,89,107,LX-WS-0140-EVD-02,EVIDENCE,records/evidence/runs/LX-WS-0140-EVD-02_C122.md,27644FBE50278AA4FA16B89BD57F3AE23F3FF085
LS-WS-0140,C122,audit/WS_C122_OPERATOR_VALIDATION_COMMANDS.md,3F2E6CC2105552A5A01DFCBF6CA019C4EE28A068,134,7,108,126,LX-WS-0140-EVD-02,EVIDENCE,records/evidence/runs/LX-WS-0140-EVD-02_C122.md,27644FBE50278AA4FA16B89BD57F3AE23F3FF085
LS-WS-0140,C122,audit/WS_C122_OPERATOR_VALIDATION_COMMANDS.md,3F2E6CC2105552A5A01DFCBF6CA019C4EE28A068,134,8,127,134,LX-WS-0140-EVD-02,EVIDENCE,records/evidence/runs/LX-WS-0140-EVD-02_C122.md,27644FBE50278AA4FA16B89BD57F3AE23F3FF085
LS-WS-0141,C122,audit/WS_C122_WEEKLY_SWING_WATCHLIST_CONTROLLED_RUNTIME_WIRING_HANDOFF_READINESS_REVIEW.md,CB143FDF0113D46261E93C06688DCCFA3D69EE7A,125,1,1,21,LX-WS-0141-CTX-03,CONTEXT,records/history/archive/LX-WS-0141-CTX-03_C122.md,866394CCDF1B33FA2E4280D4BB20FCBEBFE80C46
LS-WS-0141,C122,audit/WS_C122_WEEKLY_SWING_WATCHLIST_CONTROLLED_RUNTIME_WIRING_HANDOFF_READINESS_REVIEW.md,CB143FDF0113D46261E93C06688DCCFA3D69EE7A,125,2,22,38,LX-WS-0141-DEC-01,DECISION,records/decisions/LX-WS-0141-DEC-01_C122.md,859DA8DCA39CB96C7BA44A8DE3F352E6F651D3EF
LS-WS-0141,C122,audit/WS_C122_WEEKLY_SWING_WATCHLIST_CONTROLLED_RUNTIME_WIRING_HANDOFF_READINESS_REVIEW.md,CB143FDF0113D46261E93C06688DCCFA3D69EE7A,125,3,39,72,LX-WS-0141-DEC-01,DECISION,records/decisions/LX-WS-0141-DEC-01_C122.md,859DA8DCA39CB96C7BA44A8DE3F352E6F651D3EF
LS-WS-0141,C122,audit/WS_C122_WEEKLY_SWING_WATCHLIST_CONTROLLED_RUNTIME_WIRING_HANDOFF_READINESS_REVIEW.md,CB143FDF0113D46261E93C06688DCCFA3D69EE7A,125,4,73,82,LX-WS-0141-DEC-01,DECISION,records/decisions/LX-WS-0141-DEC-01_C122.md,859DA8DCA39CB96C7BA44A8DE3F352E6F651D3EF
LS-WS-0141,C122,audit/WS_C122_WEEKLY_SWING_WATCHLIST_CONTROLLED_RUNTIME_WIRING_HANDOFF_READINESS_REVIEW.md,CB143FDF0113D46261E93C06688DCCFA3D69EE7A,125,5,83,125,LX-WS-0141-EVD-02,EVIDENCE,records/evidence/runs/LX-WS-0141-EVD-02_C122.md,598015A4AD634E65393D12EC8049E44DE89E79CB
LS-WS-0143,C123,audit/WS_C123_WEEKLY_SWING_WATCHLIST_CONTROLLED_RUNTIME_WIRING_HANDOFF_FINALIZATION_REVIEW.md,40DC452D393A02420751D151C2965239ECA6D6B4,148,1,1,36,LX-WS-0143-CTX-03,CONTEXT,records/history/archive/LX-WS-0143-CTX-03_C123.md,EF590BB910C4C04B160BF4C929CB3DF8CA11F8D1
LS-WS-0143,C123,audit/WS_C123_WEEKLY_SWING_WATCHLIST_CONTROLLED_RUNTIME_WIRING_HANDOFF_FINALIZATION_REVIEW.md,40DC452D393A02420751D151C2965239ECA6D6B4,148,2,37,53,LX-WS-0143-DEC-01,DECISION,records/decisions/LX-WS-0143-DEC-01_C123.md,750E2108541F3A35E07C6362F7EE84C58F7DF18B
LS-WS-0143,C123,audit/WS_C123_WEEKLY_SWING_WATCHLIST_CONTROLLED_RUNTIME_WIRING_HANDOFF_FINALIZATION_REVIEW.md,40DC452D393A02420751D151C2965239ECA6D6B4,148,3,54,96,LX-WS-0143-DEC-01,DECISION,records/decisions/LX-WS-0143-DEC-01_C123.md,750E2108541F3A35E07C6362F7EE84C58F7DF18B
LS-WS-0143,C123,audit/WS_C123_WEEKLY_SWING_WATCHLIST_CONTROLLED_RUNTIME_WIRING_HANDOFF_FINALIZATION_REVIEW.md,40DC452D393A02420751D151C2965239ECA6D6B4,148,4,97,105,LX-WS-0143-DEC-01,DECISION,records/decisions/LX-WS-0143-DEC-01_C123.md,750E2108541F3A35E07C6362F7EE84C58F7DF18B
LS-WS-0143,C123,audit/WS_C123_WEEKLY_SWING_WATCHLIST_CONTROLLED_RUNTIME_WIRING_HANDOFF_FINALIZATION_REVIEW.md,40DC452D393A02420751D151C2965239ECA6D6B4,148,5,106,148,LX-WS-0143-EVD-02,EVIDENCE,records/evidence/runs/LX-WS-0143-EVD-02_C123.md,89E6A809D23C89C2858A92BB9A7C5666913459C6
LS-WS-0145,C124,audit/WS_C124_WEEKLY_SWING_WATCHLIST_CONTROLLED_RUNTIME_WIRING_HANDOFF_COMPLETION_BOUNDARY_REVIEW.md,5A031019DD9075D2AAF3861E2C3C2FF1190E8603,135,1,1,31,LX-WS-0145-CTX-03,CONTEXT,records/history/archive/LX-WS-0145-CTX-03_C124.md,F1039ED003E4DCB89C76CD54D64751900C5C4338
LS-WS-0145,C124,audit/WS_C124_WEEKLY_SWING_WATCHLIST_CONTROLLED_RUNTIME_WIRING_HANDOFF_COMPLETION_BOUNDARY_REVIEW.md,5A031019DD9075D2AAF3861E2C3C2FF1190E8603,135,2,32,48,LX-WS-0145-DEC-01,DECISION,records/decisions/LX-WS-0145-DEC-01_C124.md,EB22F60B158321D953888BDE0F7A76758E437F71
LS-WS-0145,C124,audit/WS_C124_WEEKLY_SWING_WATCHLIST_CONTROLLED_RUNTIME_WIRING_HANDOFF_COMPLETION_BOUNDARY_REVIEW.md,5A031019DD9075D2AAF3861E2C3C2FF1190E8603,135,3,49,82,LX-WS-0145-DEC-01,DECISION,records/decisions/LX-WS-0145-DEC-01_C124.md,EB22F60B158321D953888BDE0F7A76758E437F71
LS-WS-0145,C124,audit/WS_C124_WEEKLY_SWING_WATCHLIST_CONTROLLED_RUNTIME_WIRING_HANDOFF_COMPLETION_BOUNDARY_REVIEW.md,5A031019DD9075D2AAF3861E2C3C2FF1190E8603,135,4,83,93,LX-WS-0145-DEC-01,DECISION,records/decisions/LX-WS-0145-DEC-01_C124.md,EB22F60B158321D953888BDE0F7A76758E437F71
LS-WS-0145,C124,audit/WS_C124_WEEKLY_SWING_WATCHLIST_CONTROLLED_RUNTIME_WIRING_HANDOFF_COMPLETION_BOUNDARY_REVIEW.md,5A031019DD9075D2AAF3861E2C3C2FF1190E8603,135,5,94,135,LX-WS-0145-EVD-02,EVIDENCE,records/evidence/runs/LX-WS-0145-EVD-02_C124.md,42196844089154F7CFDF89D94C7A2DA12A205CB4
LS-WS-0146,C125,audit/WS_C125_OPERATOR_VALIDATION_COMMANDS.md,DB1F5C52AD8C4AD53EC7845C59C2A6151F033FFD,193,1,1,8,LX-WS-0146-CTX-03,CONTEXT,records/history/archive/LX-WS-0146-CTX-03_C125.md,FA3DA325E6C385B692C3D6B71793CF25A7FB7782
LS-WS-0146,C125,audit/WS_C125_OPERATOR_VALIDATION_COMMANDS.md,DB1F5C52AD8C4AD53EC7845C59C2A6151F033FFD,193,2,9,63,LX-WS-0146-EVD-02,EVIDENCE,records/evidence/runs/LX-WS-0146-EVD-02_C125.md,EB2929662C38A042E1D4AC3C7537700B56C728BA
LS-WS-0146,C125,audit/WS_C125_OPERATOR_VALIDATION_COMMANDS.md,DB1F5C52AD8C4AD53EC7845C59C2A6151F033FFD,193,3,64,84,LX-WS-0146-EVD-02,EVIDENCE,records/evidence/runs/LX-WS-0146-EVD-02_C125.md,EB2929662C38A042E1D4AC3C7537700B56C728BA
LS-WS-0146,C125,audit/WS_C125_OPERATOR_VALIDATION_COMMANDS.md,DB1F5C52AD8C4AD53EC7845C59C2A6151F033FFD,193,4,85,155,LX-WS-0146-DEC-01,DECISION,records/decisions/LX-WS-0146-DEC-01_C125.md,365AA5D0FFC4E86B3437190EFAD9D6C32055F764
LS-WS-0146,C125,audit/WS_C125_OPERATOR_VALIDATION_COMMANDS.md,DB1F5C52AD8C4AD53EC7845C59C2A6151F033FFD,193,5,156,162,LX-WS-0146-EVD-02,EVIDENCE,records/evidence/runs/LX-WS-0146-EVD-02_C125.md,EB2929662C38A042E1D4AC3C7537700B56C728BA
LS-WS-0146,C125,audit/WS_C125_OPERATOR_VALIDATION_COMMANDS.md,DB1F5C52AD8C4AD53EC7845C59C2A6151F033FFD,193,6,163,193,LX-WS-0146-EVD-02,EVIDENCE,records/evidence/runs/LX-WS-0146-EVD-02_C125.md,EB2929662C38A042E1D4AC3C7537700B56C728BA
LS-WS-0147,C125,audit/WS_C125_WEEKLY_SWING_WATCHLIST_CONTROLLED_RUNTIME_WIRING_HANDOFF_CLOSURE_SEAL_REVIEW.md,81968C080D886D0D2406F8A2115AE9BFAD14B7CF,127,1,1,11,LX-WS-0147-CTX-03,CONTEXT,records/history/archive/LX-WS-0147-CTX-03_C125.md,CA89F40B8BF5A2BD67C4F7BBBAE336209A086598
LS-WS-0147,C125,audit/WS_C125_WEEKLY_SWING_WATCHLIST_CONTROLLED_RUNTIME_WIRING_HANDOFF_CLOSURE_SEAL_REVIEW.md,81968C080D886D0D2406F8A2115AE9BFAD14B7CF,127,2,12,27,LX-WS-0147-DEC-01,DECISION,records/decisions/LX-WS-0147-DEC-01_C125.md,4FB587AE82272FBF68B2BD745308316199FBD4AE
LS-WS-0147,C125,audit/WS_C125_WEEKLY_SWING_WATCHLIST_CONTROLLED_RUNTIME_WIRING_HANDOFF_CLOSURE_SEAL_REVIEW.md,81968C080D886D0D2406F8A2115AE9BFAD14B7CF,127,3,28,77,LX-WS-0147-DEC-01,DECISION,records/decisions/LX-WS-0147-DEC-01_C125.md,4FB587AE82272FBF68B2BD745308316199FBD4AE
LS-WS-0147,C125,audit/WS_C125_WEEKLY_SWING_WATCHLIST_CONTROLLED_RUNTIME_WIRING_HANDOFF_CLOSURE_SEAL_REVIEW.md,81968C080D886D0D2406F8A2115AE9BFAD14B7CF,127,4,78,87,LX-WS-0147-DEC-01,DECISION,records/decisions/LX-WS-0147-DEC-01_C125.md,4FB587AE82272FBF68B2BD745308316199FBD4AE
LS-WS-0147,C125,audit/WS_C125_WEEKLY_SWING_WATCHLIST_CONTROLLED_RUNTIME_WIRING_HANDOFF_CLOSURE_SEAL_REVIEW.md,81968C080D886D0D2406F8A2115AE9BFAD14B7CF,127,5,88,127,LX-WS-0147-EVD-02,EVIDENCE,records/evidence/runs/LX-WS-0147-EVD-02_C125.md,E8CCFEBB31827BC33D4CE7DF3CC256CE04187D23
LS-WS-0148,C126,audit/WS_C126_OPERATOR_VALIDATION_COMMANDS.md,05FD86E305ADD8004075382E0426F3CE6F7CB5FF,193,1,1,8,LX-WS-0148-CTX-03,CONTEXT,records/history/archive/LX-WS-0148-CTX-03_C126.md,9DE53DCA48C47039FC4A20BF20B8EE83ACB9D6A7
LS-WS-0148,C126,audit/WS_C126_OPERATOR_VALIDATION_COMMANDS.md,05FD86E305ADD8004075382E0426F3CE6F7CB5FF,193,2,9,63,LX-WS-0148-EVD-02,EVIDENCE,records/evidence/runs/LX-WS-0148-EVD-02_C126.md,75A20682DD6745C3A1FF0252B47FE18A7F4DA23E
LS-WS-0148,C126,audit/WS_C126_OPERATOR_VALIDATION_COMMANDS.md,05FD86E305ADD8004075382E0426F3CE6F7CB5FF,193,3,64,84,LX-WS-0148-EVD-02,EVIDENCE,records/evidence/runs/LX-WS-0148-EVD-02_C126.md,75A20682DD6745C3A1FF0252B47FE18A7F4DA23E
LS-WS-0148,C126,audit/WS_C126_OPERATOR_VALIDATION_COMMANDS.md,05FD86E305ADD8004075382E0426F3CE6F7CB5FF,193,4,85,155,LX-WS-0148-DEC-01,DECISION,records/decisions/LX-WS-0148-DEC-01_C126.md,9A96D3F16B532450B6891ED8DE562FB8D4DA4523
LS-WS-0148,C126,audit/WS_C126_OPERATOR_VALIDATION_COMMANDS.md,05FD86E305ADD8004075382E0426F3CE6F7CB5FF,193,5,156,162,LX-WS-0148-EVD-02,EVIDENCE,records/evidence/runs/LX-WS-0148-EVD-02_C126.md,75A20682DD6745C3A1FF0252B47FE18A7F4DA23E
LS-WS-0148,C126,audit/WS_C126_OPERATOR_VALIDATION_COMMANDS.md,05FD86E305ADD8004075382E0426F3CE6F7CB5FF,193,6,163,193,LX-WS-0148-EVD-02,EVIDENCE,records/evidence/runs/LX-WS-0148-EVD-02_C126.md,75A20682DD6745C3A1FF0252B47FE18A7F4DA23E
LS-WS-0155,C129,audit/WS_C129_WEEKLY_SWING_WATCHLIST_CONTROLLED_RUNTIME_WIRING_HANDOFF_AUDIT_ARCHIVE_FINAL_CLOSURE_REVIEW.md,CE5AD635D76A71E2FA2912702E8FD66C25D10F9E,101,1,1,11,LX-WS-0155-CTX-03,CONTEXT,records/history/archive/LX-WS-0155-CTX-03_C129.md,B1007DD35F0374DCB590D00ECD62E8CFC7D4A21B
LS-WS-0155,C129,audit/WS_C129_WEEKLY_SWING_WATCHLIST_CONTROLLED_RUNTIME_WIRING_HANDOFF_AUDIT_ARCHIVE_FINAL_CLOSURE_REVIEW.md,CE5AD635D76A71E2FA2912702E8FD66C25D10F9E,101,2,12,27,LX-WS-0155-DEC-01,DECISION,records/decisions/LX-WS-0155-DEC-01_C129.md,D74B465BCF69637D25ABC81E9EB370158C47AA36
LS-WS-0155,C129,audit/WS_C129_WEEKLY_SWING_WATCHLIST_CONTROLLED_RUNTIME_WIRING_HANDOFF_AUDIT_ARCHIVE_FINAL_CLOSURE_REVIEW.md,CE5AD635D76A71E2FA2912702E8FD66C25D10F9E,101,3,28,50,LX-WS-0155-DEC-01,DECISION,records/decisions/LX-WS-0155-DEC-01_C129.md,D74B465BCF69637D25ABC81E9EB370158C47AA36
LS-WS-0155,C129,audit/WS_C129_WEEKLY_SWING_WATCHLIST_CONTROLLED_RUNTIME_WIRING_HANDOFF_AUDIT_ARCHIVE_FINAL_CLOSURE_REVIEW.md,CE5AD635D76A71E2FA2912702E8FD66C25D10F9E,101,4,51,61,LX-WS-0155-DEC-01,DECISION,records/decisions/LX-WS-0155-DEC-01_C129.md,D74B465BCF69637D25ABC81E9EB370158C47AA36
LS-WS-0155,C129,audit/WS_C129_WEEKLY_SWING_WATCHLIST_CONTROLLED_RUNTIME_WIRING_HANDOFF_AUDIT_ARCHIVE_FINAL_CLOSURE_REVIEW.md,CE5AD635D76A71E2FA2912702E8FD66C25D10F9E,101,5,62,101,LX-WS-0155-EVD-02,EVIDENCE,records/evidence/runs/LX-WS-0155-EVD-02_C129.md,B277BB35AE1AA36CEE71E2A7AA54F13A1FFD20FA
LS-WS-0157,C12,audit/WS_C12_OPERATOR_VALIDATION_COMMANDS.md,6E278AE047035AA5B1A3E7CE37FD403E6DDBBFD3,119,1,1,4,LX-WS-0157-CTX-03,CONTEXT,records/history/archive/LX-WS-0157-CTX-03_C12.md,16FA0D2810E0F6333DB136FDE9CF2B932BD889AE
LS-WS-0157,C12,audit/WS_C12_OPERATOR_VALIDATION_COMMANDS.md,6E278AE047035AA5B1A3E7CE37FD403E6DDBBFD3,119,2,5,23,LX-WS-0157-EVD-01,EVIDENCE,records/evidence/runs/LX-WS-0157-EVD-01_C12.md,3D879C43F4B24B76EBF2C575F20658DB4232BD53
LS-WS-0157,C12,audit/WS_C12_OPERATOR_VALIDATION_COMMANDS.md,6E278AE047035AA5B1A3E7CE37FD403E6DDBBFD3,119,3,24,44,LX-WS-0157-EVD-01,EVIDENCE,records/evidence/runs/LX-WS-0157-EVD-01_C12.md,3D879C43F4B24B76EBF2C575F20658DB4232BD53
LS-WS-0157,C12,audit/WS_C12_OPERATOR_VALIDATION_COMMANDS.md,6E278AE047035AA5B1A3E7CE37FD403E6DDBBFD3,119,4,45,102,LX-WS-0157-RES-02,RESEARCH,records/history/archive/LX-WS-0157-RES-02_C12.md,AD9865CB84315237BF71699C551F1A7057B032F9
LS-WS-0157,C12,audit/WS_C12_OPERATOR_VALIDATION_COMMANDS.md,6E278AE047035AA5B1A3E7CE37FD403E6DDBBFD3,119,5,103,119,LX-WS-0157-EVD-01,EVIDENCE,records/evidence/runs/LX-WS-0157-EVD-01_C12.md,3D879C43F4B24B76EBF2C575F20658DB4232BD53
LS-WS-0159,C130,audit/WS_C130_WEEKLY_SWING_WATCHLIST_PRODUCTION_LIVE_RUNTIME_ACTIVATION_READINESS_REVIEW.md,C571C1B33D21491FCA553FEEBE4D34C921CAFB6C,78,1,1,2,LX-WS-0159-CTX-03,CONTEXT,records/history/archive/LX-WS-0159-CTX-03_C130.md,4D299FDA1E6223926002EA823827CE1EE621337C
LS-WS-0159,C130,audit/WS_C130_WEEKLY_SWING_WATCHLIST_PRODUCTION_LIVE_RUNTIME_ACTIVATION_READINESS_REVIEW.md,C571C1B33D21491FCA553FEEBE4D34C921CAFB6C,78,2,3,12,LX-WS-0159-DEC-01,DECISION,records/decisions/LX-WS-0159-DEC-01_C130.md,4BCB6B161A713DE1BEE9696D66387589BC82DF00
LS-WS-0159,C130,audit/WS_C130_WEEKLY_SWING_WATCHLIST_PRODUCTION_LIVE_RUNTIME_ACTIVATION_READINESS_REVIEW.md,C571C1B33D21491FCA553FEEBE4D34C921CAFB6C,78,3,13,22,LX-WS-0159-DEC-01,DECISION,records/decisions/LX-WS-0159-DEC-01_C130.md,4BCB6B161A713DE1BEE9696D66387589BC82DF00
LS-WS-0159,C130,audit/WS_C130_WEEKLY_SWING_WATCHLIST_PRODUCTION_LIVE_RUNTIME_ACTIVATION_READINESS_REVIEW.md,C571C1B33D21491FCA553FEEBE4D34C921CAFB6C,78,4,23,39,LX-WS-0159-DEC-01,DECISION,records/decisions/LX-WS-0159-DEC-01_C130.md,4BCB6B161A713DE1BEE9696D66387589BC82DF00
LS-WS-0159,C130,audit/WS_C130_WEEKLY_SWING_WATCHLIST_PRODUCTION_LIVE_RUNTIME_ACTIVATION_READINESS_REVIEW.md,C571C1B33D21491FCA553FEEBE4D34C921CAFB6C,78,5,40,78,LX-WS-0159-EVD-02,EVIDENCE,records/evidence/runs/LX-WS-0159-EVD-02_C130.md,E00695F77E237F6ADCBF0EEEC1BC2A7602335E71
LS-WS-0161,C131,audit/WS_C131_WEEKLY_SWING_WATCHLIST_PRODUCTION_LIVE_RUNTIME_ACTIVATION_APPROVAL_REVIEW.md,46E30CD35722F42B4E08070851DE9D0C883BF204,81,1,1,2,LX-WS-0161-CTX-03,CONTEXT,records/history/archive/LX-WS-0161-CTX-03_C131.md,BEA871610CA77B5A468AE5908960243B7C3A302D
LS-WS-0161,C131,audit/WS_C131_WEEKLY_SWING_WATCHLIST_PRODUCTION_LIVE_RUNTIME_ACTIVATION_APPROVAL_REVIEW.md,46E30CD35722F42B4E08070851DE9D0C883BF204,81,2,3,12,LX-WS-0161-DEC-01,DECISION,records/decisions/LX-WS-0161-DEC-01_C131.md,378E236FBE3CAE02802AB27C99021AC776C3BE99
LS-WS-0161,C131,audit/WS_C131_WEEKLY_SWING_WATCHLIST_PRODUCTION_LIVE_RUNTIME_ACTIVATION_APPROVAL_REVIEW.md,46E30CD35722F42B4E08070851DE9D0C883BF204,81,3,13,22,LX-WS-0161-DEC-01,DECISION,records/decisions/LX-WS-0161-DEC-01_C131.md,378E236FBE3CAE02802AB27C99021AC776C3BE99
LS-WS-0161,C131,audit/WS_C131_WEEKLY_SWING_WATCHLIST_PRODUCTION_LIVE_RUNTIME_ACTIVATION_APPROVAL_REVIEW.md,46E30CD35722F42B4E08070851DE9D0C883BF204,81,4,23,41,LX-WS-0161-DEC-01,DECISION,records/decisions/LX-WS-0161-DEC-01_C131.md,378E236FBE3CAE02802AB27C99021AC776C3BE99
LS-WS-0161,C131,audit/WS_C131_WEEKLY_SWING_WATCHLIST_PRODUCTION_LIVE_RUNTIME_ACTIVATION_APPROVAL_REVIEW.md,46E30CD35722F42B4E08070851DE9D0C883BF204,81,5,42,81,LX-WS-0161-EVD-02,EVIDENCE,records/evidence/runs/LX-WS-0161-EVD-02_C131.md,D38F144BEF891E93A528E0B21C9DCDEFEEFC300C
LS-WS-0169,C135,audit/WS_C135_WEEKLY_SWING_WATCHLIST_PRODUCTION_LIVE_RUNTIME_ACTIVATION_OPERATOR_GO_NO_GO_REVIEW.md,B32E2504B6A1881A1BE6E4E4BA1293BC12C8085A,79,1,1,2,LX-WS-0169-CTX-03,CONTEXT,records/history/archive/LX-WS-0169-CTX-03_C135.md,C861985A089902CDDC5317DE33F780B4A677DCAC
LS-WS-0169,C135,audit/WS_C135_WEEKLY_SWING_WATCHLIST_PRODUCTION_LIVE_RUNTIME_ACTIVATION_OPERATOR_GO_NO_GO_REVIEW.md,B32E2504B6A1881A1BE6E4E4BA1293BC12C8085A,79,2,3,12,LX-WS-0169-DEC-01,DECISION,records/decisions/LX-WS-0169-DEC-01_C135.md,BAEDCCEB3AE72707B65AF86022CB3195DF3DADE3
LS-WS-0169,C135,audit/WS_C135_WEEKLY_SWING_WATCHLIST_PRODUCTION_LIVE_RUNTIME_ACTIVATION_OPERATOR_GO_NO_GO_REVIEW.md,B32E2504B6A1881A1BE6E4E4BA1293BC12C8085A,79,3,13,22,LX-WS-0169-DEC-01,DECISION,records/decisions/LX-WS-0169-DEC-01_C135.md,BAEDCCEB3AE72707B65AF86022CB3195DF3DADE3
LS-WS-0169,C135,audit/WS_C135_WEEKLY_SWING_WATCHLIST_PRODUCTION_LIVE_RUNTIME_ACTIVATION_OPERATOR_GO_NO_GO_REVIEW.md,B32E2504B6A1881A1BE6E4E4BA1293BC12C8085A,79,4,23,63,LX-WS-0169-DEC-01,DECISION,records/decisions/LX-WS-0169-DEC-01_C135.md,BAEDCCEB3AE72707B65AF86022CB3195DF3DADE3
LS-WS-0169,C135,audit/WS_C135_WEEKLY_SWING_WATCHLIST_PRODUCTION_LIVE_RUNTIME_ACTIVATION_OPERATOR_GO_NO_GO_REVIEW.md,B32E2504B6A1881A1BE6E4E4BA1293BC12C8085A,79,5,64,79,LX-WS-0169-EVD-02,EVIDENCE,records/evidence/runs/LX-WS-0169-EVD-02_C135.md,17E4518BC71402824D24821E8FC353225ED4B4AA
LS-WS-0171,C136,audit/WS_C136_WEEKLY_SWING_WATCHLIST_PRODUCTION_LIVE_RUNTIME_ACTIVATION_GO_DECISION_FINALIZATION_REVIEW.md,1579A87BFF607FD0D38147095DDC1B12FDD4B306,79,1,1,2,LX-WS-0171-CTX-03,CONTEXT,records/history/archive/LX-WS-0171-CTX-03_C136.md,5245ED9B3A1ED6B5AB45032D6928A88FE935A39D
LS-WS-0171,C136,audit/WS_C136_WEEKLY_SWING_WATCHLIST_PRODUCTION_LIVE_RUNTIME_ACTIVATION_GO_DECISION_FINALIZATION_REVIEW.md,1579A87BFF607FD0D38147095DDC1B12FDD4B306,79,2,3,13,LX-WS-0171-DEC-01,DECISION,records/decisions/LX-WS-0171-DEC-01_C136.md,B70F1E0626DD20DF47FCA8B2B1247C19738E5E47
LS-WS-0171,C136,audit/WS_C136_WEEKLY_SWING_WATCHLIST_PRODUCTION_LIVE_RUNTIME_ACTIVATION_GO_DECISION_FINALIZATION_REVIEW.md,1579A87BFF607FD0D38147095DDC1B12FDD4B306,79,3,14,24,LX-WS-0171-DEC-01,DECISION,records/decisions/LX-WS-0171-DEC-01_C136.md,B70F1E0626DD20DF47FCA8B2B1247C19738E5E47
LS-WS-0171,C136,audit/WS_C136_WEEKLY_SWING_WATCHLIST_PRODUCTION_LIVE_RUNTIME_ACTIVATION_GO_DECISION_FINALIZATION_REVIEW.md,1579A87BFF607FD0D38147095DDC1B12FDD4B306,79,4,25,63,LX-WS-0171-DEC-01,DECISION,records/decisions/LX-WS-0171-DEC-01_C136.md,B70F1E0626DD20DF47FCA8B2B1247C19738E5E47
LS-WS-0171,C136,audit/WS_C136_WEEKLY_SWING_WATCHLIST_PRODUCTION_LIVE_RUNTIME_ACTIVATION_GO_DECISION_FINALIZATION_REVIEW.md,1579A87BFF607FD0D38147095DDC1B12FDD4B306,79,5,64,79,LX-WS-0171-EVD-02,EVIDENCE,records/evidence/runs/LX-WS-0171-EVD-02_C136.md,BCE70CEC8CB2C5DF87954CF5456E193C75036512
LS-WS-0173,C137,audit/WS_C137_WEEKLY_SWING_WATCHLIST_PRODUCTION_LIVE_RUNTIME_ACTIVATION_PRE_ACTIVATION_BOUNDARY_REVIEW.md,7FD0116934A52C96E5B01DE855E2DF6A540A2889,89,1,1,2,LX-WS-0173-CTX-03,CONTEXT,records/history/archive/LX-WS-0173-CTX-03_C137.md,DDCA8A8F73247B30F4E72B0E3B1FB842199B2AB6
LS-WS-0173,C137,audit/WS_C137_WEEKLY_SWING_WATCHLIST_PRODUCTION_LIVE_RUNTIME_ACTIVATION_PRE_ACTIVATION_BOUNDARY_REVIEW.md,7FD0116934A52C96E5B01DE855E2DF6A540A2889,89,2,3,14,LX-WS-0173-DEC-01,DECISION,records/decisions/LX-WS-0173-DEC-01_C137.md,87507DACF1005B44295C67164DF4FA5CFFAE173C
LS-WS-0173,C137,audit/WS_C137_WEEKLY_SWING_WATCHLIST_PRODUCTION_LIVE_RUNTIME_ACTIVATION_PRE_ACTIVATION_BOUNDARY_REVIEW.md,7FD0116934A52C96E5B01DE855E2DF6A540A2889,89,3,15,25,LX-WS-0173-DEC-01,DECISION,records/decisions/LX-WS-0173-DEC-01_C137.md,87507DACF1005B44295C67164DF4FA5CFFAE173C
LS-WS-0173,C137,audit/WS_C137_WEEKLY_SWING_WATCHLIST_PRODUCTION_LIVE_RUNTIME_ACTIVATION_PRE_ACTIVATION_BOUNDARY_REVIEW.md,7FD0116934A52C96E5B01DE855E2DF6A540A2889,89,4,26,73,LX-WS-0173-DEC-01,DECISION,records/decisions/LX-WS-0173-DEC-01_C137.md,87507DACF1005B44295C67164DF4FA5CFFAE173C
LS-WS-0173,C137,audit/WS_C137_WEEKLY_SWING_WATCHLIST_PRODUCTION_LIVE_RUNTIME_ACTIVATION_PRE_ACTIVATION_BOUNDARY_REVIEW.md,7FD0116934A52C96E5B01DE855E2DF6A540A2889,89,5,74,89,LX-WS-0173-EVD-02,EVIDENCE,records/evidence/runs/LX-WS-0173-EVD-02_C137.md,D5A97208B18B8A573B4F10C39F4959A25BF14695
LS-WS-0175,C138,audit/WS_C138_WEEKLY_SWING_WATCHLIST_PRODUCTION_LIVE_RUNTIME_ACTIVATION_AUTHORIZATION_REVIEW.md,2ACBDDFA8974C2DED33D060715C89F82A808A78D,90,1,1,2,LX-WS-0175-CTX-03,CONTEXT,records/history/archive/LX-WS-0175-CTX-03_C138.md,9C603D56B4E62EA621F16F0AE6C0AF95BBA7D9F9
LS-WS-0175,C138,audit/WS_C138_WEEKLY_SWING_WATCHLIST_PRODUCTION_LIVE_RUNTIME_ACTIVATION_AUTHORIZATION_REVIEW.md,2ACBDDFA8974C2DED33D060715C89F82A808A78D,90,2,3,14,LX-WS-0175-DEC-01,DECISION,records/decisions/LX-WS-0175-DEC-01_C138.md,573511D4C05E69039A19C0E81B699FA946FB9F57
LS-WS-0175,C138,audit/WS_C138_WEEKLY_SWING_WATCHLIST_PRODUCTION_LIVE_RUNTIME_ACTIVATION_AUTHORIZATION_REVIEW.md,2ACBDDFA8974C2DED33D060715C89F82A808A78D,90,3,15,25,LX-WS-0175-DEC-01,DECISION,records/decisions/LX-WS-0175-DEC-01_C138.md,573511D4C05E69039A19C0E81B699FA946FB9F57
LS-WS-0175,C138,audit/WS_C138_WEEKLY_SWING_WATCHLIST_PRODUCTION_LIVE_RUNTIME_ACTIVATION_AUTHORIZATION_REVIEW.md,2ACBDDFA8974C2DED33D060715C89F82A808A78D,90,4,26,74,LX-WS-0175-DEC-01,DECISION,records/decisions/LX-WS-0175-DEC-01_C138.md,573511D4C05E69039A19C0E81B699FA946FB9F57
LS-WS-0175,C138,audit/WS_C138_WEEKLY_SWING_WATCHLIST_PRODUCTION_LIVE_RUNTIME_ACTIVATION_AUTHORIZATION_REVIEW.md,2ACBDDFA8974C2DED33D060715C89F82A808A78D,90,5,75,90,LX-WS-0175-EVD-02,EVIDENCE,records/evidence/runs/LX-WS-0175-EVD-02_C138.md,96249010AF85B3AF55A788BA193E3B161E37B442
LS-WS-0178,C13,audit/WS_C13_EXIT_AXIS_SUPPORT_FINAL_RESULT.md,5A609C300823BE231264CF7314BC46E18011A809,158,1,1,4,LX-WS-0178-CTX-03,CONTEXT,records/history/archive/LX-WS-0178-CTX-03_C13.md,8010500208D94603EE55345606E00B06E10CCDDE
LS-WS-0178,C13,audit/WS_C13_EXIT_AXIS_SUPPORT_FINAL_RESULT.md,5A609C300823BE231264CF7314BC46E18011A809,158,2,5,26,LX-WS-0178-EVD-01,EVIDENCE,records/evidence/runs/LX-WS-0178-EVD-01_C13.md,A8B479B65A53466493B67FCCEEA42DDEA9154A83
LS-WS-0178,C13,audit/WS_C13_EXIT_AXIS_SUPPORT_FINAL_RESULT.md,5A609C300823BE231264CF7314BC46E18011A809,158,3,27,45,LX-WS-0178-IMP-02,IMPLEMENTATION,records/history/archive/LX-WS-0178-IMP-02_C13.md,BE3F29D1FAE21C36E73A48A6BF765116CC7B86CC
LS-WS-0178,C13,audit/WS_C13_EXIT_AXIS_SUPPORT_FINAL_RESULT.md,5A609C300823BE231264CF7314BC46E18011A809,158,4,46,95,LX-WS-0178-EVD-01,EVIDENCE,records/evidence/runs/LX-WS-0178-EVD-01_C13.md,A8B479B65A53466493B67FCCEEA42DDEA9154A83
LS-WS-0178,C13,audit/WS_C13_EXIT_AXIS_SUPPORT_FINAL_RESULT.md,5A609C300823BE231264CF7314BC46E18011A809,158,5,96,116,LX-WS-0178-EVD-01,EVIDENCE,records/evidence/runs/LX-WS-0178-EVD-01_C13.md,A8B479B65A53466493B67FCCEEA42DDEA9154A83
LS-WS-0178,C13,audit/WS_C13_EXIT_AXIS_SUPPORT_FINAL_RESULT.md,5A609C300823BE231264CF7314BC46E18011A809,158,6,117,134,LX-WS-0178-EVD-01,EVIDENCE,records/evidence/runs/LX-WS-0178-EVD-01_C13.md,A8B479B65A53466493B67FCCEEA42DDEA9154A83
LS-WS-0178,C13,audit/WS_C13_EXIT_AXIS_SUPPORT_FINAL_RESULT.md,5A609C300823BE231264CF7314BC46E18011A809,158,7,135,158,LX-WS-0178-EVD-01,EVIDENCE,records/evidence/runs/LX-WS-0178-EVD-01_C13.md,A8B479B65A53466493B67FCCEEA42DDEA9154A83
LS-WS-0185,C142,audit/WS_C142_WEEKLY_SWING_WATCHLIST_PRODUCTION_LIVE_RUNTIME_ACTIVATION_OPERATOR_GO_NO_GO_REVIEW.md,F36CAECCF9CAC95F4FE65611931F2AB74E72E727,93,1,1,2,LX-WS-0185-CTX-03,CONTEXT,records/history/archive/LX-WS-0185-CTX-03_C142.md,0E3FE94179BBE3B7A5FF4163735210C134578212
LS-WS-0185,C142,audit/WS_C142_WEEKLY_SWING_WATCHLIST_PRODUCTION_LIVE_RUNTIME_ACTIVATION_OPERATOR_GO_NO_GO_REVIEW.md,F36CAECCF9CAC95F4FE65611931F2AB74E72E727,93,2,3,14,LX-WS-0185-DEC-01,DECISION,records/decisions/LX-WS-0185-DEC-01_C142.md,C342D41EDF2BE6BA2FE50FE5754B7D771A3EA874
LS-WS-0185,C142,audit/WS_C142_WEEKLY_SWING_WATCHLIST_PRODUCTION_LIVE_RUNTIME_ACTIVATION_OPERATOR_GO_NO_GO_REVIEW.md,F36CAECCF9CAC95F4FE65611931F2AB74E72E727,93,3,15,25,LX-WS-0185-DEC-01,DECISION,records/decisions/LX-WS-0185-DEC-01_C142.md,C342D41EDF2BE6BA2FE50FE5754B7D771A3EA874
LS-WS-0185,C142,audit/WS_C142_WEEKLY_SWING_WATCHLIST_PRODUCTION_LIVE_RUNTIME_ACTIVATION_OPERATOR_GO_NO_GO_REVIEW.md,F36CAECCF9CAC95F4FE65611931F2AB74E72E727,93,4,26,77,LX-WS-0185-DEC-01,DECISION,records/decisions/LX-WS-0185-DEC-01_C142.md,C342D41EDF2BE6BA2FE50FE5754B7D771A3EA874
LS-WS-0185,C142,audit/WS_C142_WEEKLY_SWING_WATCHLIST_PRODUCTION_LIVE_RUNTIME_ACTIVATION_OPERATOR_GO_NO_GO_REVIEW.md,F36CAECCF9CAC95F4FE65611931F2AB74E72E727,93,5,78,93,LX-WS-0185-EVD-02,EVIDENCE,records/evidence/runs/LX-WS-0185-EVD-02_C142.md,7D62C3598B9D03D84B105B3B45EE3464BB67A630
LS-WS-0187,C143,audit/WS_C143_WEEKLY_SWING_WATCHLIST_PRODUCTION_LIVE_RUNTIME_ACTIVATION_GO_DECISION_FINALIZATION_REVIEW.md,BCA1932C6A2DCD05200E4E56B6C45460DB2FC44B,108,1,1,2,LX-WS-0187-CTX-03,CONTEXT,records/history/archive/LX-WS-0187-CTX-03_C143.md,44A3D36081E0092D40E63620CED7624AD138716A
LS-WS-0187,C143,audit/WS_C143_WEEKLY_SWING_WATCHLIST_PRODUCTION_LIVE_RUNTIME_ACTIVATION_GO_DECISION_FINALIZATION_REVIEW.md,BCA1932C6A2DCD05200E4E56B6C45460DB2FC44B,108,2,3,14,LX-WS-0187-DEC-01,DECISION,records/decisions/LX-WS-0187-DEC-01_C143.md,264168B951139EE081F75958959F354F92BF72B9
LS-WS-0187,C143,audit/WS_C143_WEEKLY_SWING_WATCHLIST_PRODUCTION_LIVE_RUNTIME_ACTIVATION_GO_DECISION_FINALIZATION_REVIEW.md,BCA1932C6A2DCD05200E4E56B6C45460DB2FC44B,108,3,15,25,LX-WS-0187-DEC-01,DECISION,records/decisions/LX-WS-0187-DEC-01_C143.md,264168B951139EE081F75958959F354F92BF72B9
LS-WS-0187,C143,audit/WS_C143_WEEKLY_SWING_WATCHLIST_PRODUCTION_LIVE_RUNTIME_ACTIVATION_GO_DECISION_FINALIZATION_REVIEW.md,BCA1932C6A2DCD05200E4E56B6C45460DB2FC44B,108,4,26,92,LX-WS-0187-DEC-01,DECISION,records/decisions/LX-WS-0187-DEC-01_C143.md,264168B951139EE081F75958959F354F92BF72B9
LS-WS-0187,C143,audit/WS_C143_WEEKLY_SWING_WATCHLIST_PRODUCTION_LIVE_RUNTIME_ACTIVATION_GO_DECISION_FINALIZATION_REVIEW.md,BCA1932C6A2DCD05200E4E56B6C45460DB2FC44B,108,5,93,108,LX-WS-0187-EVD-02,EVIDENCE,records/evidence/runs/LX-WS-0187-EVD-02_C143.md,283298F7FF15BCB2E86CD64DE2B464788EA386B8
LS-WS-0189,C144,audit/WS_C144_WEEKLY_SWING_WATCHLIST_PRODUCTION_LIVE_RUNTIME_ACTIVATION_PRE_ACTIVATION_BOUNDARY_REVIEW.md,2E31FBCB0280D29C5F8275D39F929D36BB58E4F1,99,1,1,2,LX-WS-0189-CTX-03,CONTEXT,records/history/archive/LX-WS-0189-CTX-03_C144.md,B61175BD87472884C3EB1D30B4F62392761C69BF
LS-WS-0189,C144,audit/WS_C144_WEEKLY_SWING_WATCHLIST_PRODUCTION_LIVE_RUNTIME_ACTIVATION_PRE_ACTIVATION_BOUNDARY_REVIEW.md,2E31FBCB0280D29C5F8275D39F929D36BB58E4F1,99,2,3,15,LX-WS-0189-DEC-01,DECISION,records/decisions/LX-WS-0189-DEC-01_C144.md,26EC2A56D848EE32B394DD4CDD62AD1A5EA3DD11
LS-WS-0189,C144,audit/WS_C144_WEEKLY_SWING_WATCHLIST_PRODUCTION_LIVE_RUNTIME_ACTIVATION_PRE_ACTIVATION_BOUNDARY_REVIEW.md,2E31FBCB0280D29C5F8275D39F929D36BB58E4F1,99,3,16,26,LX-WS-0189-DEC-01,DECISION,records/decisions/LX-WS-0189-DEC-01_C144.md,26EC2A56D848EE32B394DD4CDD62AD1A5EA3DD11
LS-WS-0189,C144,audit/WS_C144_WEEKLY_SWING_WATCHLIST_PRODUCTION_LIVE_RUNTIME_ACTIVATION_PRE_ACTIVATION_BOUNDARY_REVIEW.md,2E31FBCB0280D29C5F8275D39F929D36BB58E4F1,99,4,27,83,LX-WS-0189-DEC-01,DECISION,records/decisions/LX-WS-0189-DEC-01_C144.md,26EC2A56D848EE32B394DD4CDD62AD1A5EA3DD11
LS-WS-0189,C144,audit/WS_C144_WEEKLY_SWING_WATCHLIST_PRODUCTION_LIVE_RUNTIME_ACTIVATION_PRE_ACTIVATION_BOUNDARY_REVIEW.md,2E31FBCB0280D29C5F8275D39F929D36BB58E4F1,99,5,84,99,LX-WS-0189-EVD-02,EVIDENCE,records/evidence/runs/LX-WS-0189-EVD-02_C144.md,91B0995ADF3C6B423C81AAA69A94A7B5947AA689
LS-WS-0191,C145,audit/WS_C145_WEEKLY_SWING_WATCHLIST_PRODUCTION_LIVE_RUNTIME_ACTIVATION_AUTHORIZATION_REVIEW.md,B70472970415F0E873D05780ADC1F2410FC64185,100,1,1,2,LX-WS-0191-CTX-03,CONTEXT,records/history/archive/LX-WS-0191-CTX-03_C145.md,7A906CBEB0EA6ED9A4A3EE705C562587947778A1
LS-WS-0191,C145,audit/WS_C145_WEEKLY_SWING_WATCHLIST_PRODUCTION_LIVE_RUNTIME_ACTIVATION_AUTHORIZATION_REVIEW.md,B70472970415F0E873D05780ADC1F2410FC64185,100,2,3,15,LX-WS-0191-DEC-01,DECISION,records/decisions/LX-WS-0191-DEC-01_C145.md,4DDDB5171711C09F785EAADFA0D11D4D83279DA5
LS-WS-0191,C145,audit/WS_C145_WEEKLY_SWING_WATCHLIST_PRODUCTION_LIVE_RUNTIME_ACTIVATION_AUTHORIZATION_REVIEW.md,B70472970415F0E873D05780ADC1F2410FC64185,100,3,16,26,LX-WS-0191-DEC-01,DECISION,records/decisions/LX-WS-0191-DEC-01_C145.md,4DDDB5171711C09F785EAADFA0D11D4D83279DA5
LS-WS-0191,C145,audit/WS_C145_WEEKLY_SWING_WATCHLIST_PRODUCTION_LIVE_RUNTIME_ACTIVATION_AUTHORIZATION_REVIEW.md,B70472970415F0E873D05780ADC1F2410FC64185,100,4,27,84,LX-WS-0191-DEC-01,DECISION,records/decisions/LX-WS-0191-DEC-01_C145.md,4DDDB5171711C09F785EAADFA0D11D4D83279DA5
LS-WS-0191,C145,audit/WS_C145_WEEKLY_SWING_WATCHLIST_PRODUCTION_LIVE_RUNTIME_ACTIVATION_AUTHORIZATION_REVIEW.md,B70472970415F0E873D05780ADC1F2410FC64185,100,5,85,100,LX-WS-0191-EVD-02,EVIDENCE,records/evidence/runs/LX-WS-0191-EVD-02_C145.md,9A7F3655DF325ED21F204DF542898D7D80B508A9
LS-WS-0199,C149,audit/WS_C149_WEEKLY_SWING_WATCHLIST_PRODUCTION_LIVE_RUNTIME_ACTIVATION_OPERATOR_GO_NO_GO_REVIEW.md,C8D20F4E253EF41F87CE8B571C824C7475642CFE,122,1,1,2,LX-WS-0199-CTX-03,CONTEXT,records/history/archive/LX-WS-0199-CTX-03_C149.md,73D0DF4CCAF337DA7D5D0A43914AE8EE5FC15F2C
LS-WS-0199,C149,audit/WS_C149_WEEKLY_SWING_WATCHLIST_PRODUCTION_LIVE_RUNTIME_ACTIVATION_OPERATOR_GO_NO_GO_REVIEW.md,C8D20F4E253EF41F87CE8B571C824C7475642CFE,122,2,3,21,LX-WS-0199-DEC-01,DECISION,records/decisions/LX-WS-0199-DEC-01_C149.md,41D9B6D75D8599D6D122618335E3A4655E4831F0
LS-WS-0199,C149,audit/WS_C149_WEEKLY_SWING_WATCHLIST_PRODUCTION_LIVE_RUNTIME_ACTIVATION_OPERATOR_GO_NO_GO_REVIEW.md,C8D20F4E253EF41F87CE8B571C824C7475642CFE,122,3,22,32,LX-WS-0199-DEC-01,DECISION,records/decisions/LX-WS-0199-DEC-01_C149.md,41D9B6D75D8599D6D122618335E3A4655E4831F0
LS-WS-0199,C149,audit/WS_C149_WEEKLY_SWING_WATCHLIST_PRODUCTION_LIVE_RUNTIME_ACTIVATION_OPERATOR_GO_NO_GO_REVIEW.md,C8D20F4E253EF41F87CE8B571C824C7475642CFE,122,4,33,94,LX-WS-0199-DEC-01,DECISION,records/decisions/LX-WS-0199-DEC-01_C149.md,41D9B6D75D8599D6D122618335E3A4655E4831F0
LS-WS-0199,C149,audit/WS_C149_WEEKLY_SWING_WATCHLIST_PRODUCTION_LIVE_RUNTIME_ACTIVATION_OPERATOR_GO_NO_GO_REVIEW.md,C8D20F4E253EF41F87CE8B571C824C7475642CFE,122,5,95,105,LX-WS-0199-DEC-01,DECISION,records/decisions/LX-WS-0199-DEC-01_C149.md,41D9B6D75D8599D6D122618335E3A4655E4831F0
LS-WS-0199,C149,audit/WS_C149_WEEKLY_SWING_WATCHLIST_PRODUCTION_LIVE_RUNTIME_ACTIVATION_OPERATOR_GO_NO_GO_REVIEW.md,C8D20F4E253EF41F87CE8B571C824C7475642CFE,122,6,106,122,LX-WS-0199-EVD-02,EVIDENCE,records/evidence/runs/LX-WS-0199-EVD-02_C149.md,05AA7DB2E70E6F5723C9B73DE4FEAEFFCB1D4431
LS-WS-0200,C14,audit/WS_C14_OPERATOR_VALIDATION_COMMANDS.md,D82B2CC6DD7BEB2E5152E0590182B51ADD36EFCA,192,1,1,4,LX-WS-0200-CTX-03,CONTEXT,records/history/archive/LX-WS-0200-CTX-03_C14.md,CE89518322011D6FE3BE35305BEF9CB2D53880FE
LS-WS-0200,C14,audit/WS_C14_OPERATOR_VALIDATION_COMMANDS.md,D82B2CC6DD7BEB2E5152E0590182B51ADD36EFCA,192,2,5,31,LX-WS-0200-EVD-01,EVIDENCE,records/evidence/runs/LX-WS-0200-EVD-01_C14.md,232561BAB6E959352DFA33965C5D20A591171B11
LS-WS-0200,C14,audit/WS_C14_OPERATOR_VALIDATION_COMMANDS.md,D82B2CC6DD7BEB2E5152E0590182B51ADD36EFCA,192,3,32,52,LX-WS-0200-EVD-01,EVIDENCE,records/evidence/runs/LX-WS-0200-EVD-01_C14.md,232561BAB6E959352DFA33965C5D20A591171B11
LS-WS-0200,C14,audit/WS_C14_OPERATOR_VALIDATION_COMMANDS.md,D82B2CC6DD7BEB2E5152E0590182B51ADD36EFCA,192,4,53,93,LX-WS-0200-EVD-01,EVIDENCE,records/evidence/runs/LX-WS-0200-EVD-01_C14.md,232561BAB6E959352DFA33965C5D20A591171B11
LS-WS-0200,C14,audit/WS_C14_OPERATOR_VALIDATION_COMMANDS.md,D82B2CC6DD7BEB2E5152E0590182B51ADD36EFCA,192,5,94,143,LX-WS-0200-RES-02,RESEARCH,records/history/archive/LX-WS-0200-RES-02_C14.md,47B6A073D52315E6832CE6AC7CDA0A62EF2228C5
LS-WS-0200,C14,audit/WS_C14_OPERATOR_VALIDATION_COMMANDS.md,D82B2CC6DD7BEB2E5152E0590182B51ADD36EFCA,192,6,144,178,LX-WS-0200-RES-02,RESEARCH,records/history/archive/LX-WS-0200-RES-02_C14.md,47B6A073D52315E6832CE6AC7CDA0A62EF2228C5
LS-WS-0200,C14,audit/WS_C14_OPERATOR_VALIDATION_COMMANDS.md,D82B2CC6DD7BEB2E5152E0590182B51ADD36EFCA,192,7,179,192,LX-WS-0200-EVD-01,EVIDENCE,records/evidence/runs/LX-WS-0200-EVD-01_C14.md,232561BAB6E959352DFA33965C5D20A591171B11
LS-WS-0201,C14,audit/WS_C14_VARIABLE_RISK_EXIT_CATALOG_FINAL_RESULT.md,5B0AB17D2DFEF7A33C497950E8920E7BBFE0AD57,232,1,1,4,LX-WS-0201-CTX-04,CONTEXT,records/history/archive/LX-WS-0201-CTX-04_C14.md,049E70E160AE316FDB210D19AED50FB0BE7C5BF2
LS-WS-0201,C14,audit/WS_C14_VARIABLE_RISK_EXIT_CATALOG_FINAL_RESULT.md,5B0AB17D2DFEF7A33C497950E8920E7BBFE0AD57,232,2,5,22,LX-WS-0201-EVD-01,EVIDENCE,records/evidence/runs/LX-WS-0201-EVD-01_C14.md,BF788B1BB021AC0F9C81CD03F9AB7F2F0BECDDC7
LS-WS-0201,C14,audit/WS_C14_VARIABLE_RISK_EXIT_CATALOG_FINAL_RESULT.md,5B0AB17D2DFEF7A33C497950E8920E7BBFE0AD57,232,3,23,51,LX-WS-0201-EVD-01,EVIDENCE,records/evidence/runs/LX-WS-0201-EVD-01_C14.md,BF788B1BB021AC0F9C81CD03F9AB7F2F0BECDDC7
LS-WS-0201,C14,audit/WS_C14_VARIABLE_RISK_EXIT_CATALOG_FINAL_RESULT.md,5B0AB17D2DFEF7A33C497950E8920E7BBFE0AD57,232,4,52,101,LX-WS-0201-EVD-01,EVIDENCE,records/evidence/runs/LX-WS-0201-EVD-01_C14.md,BF788B1BB021AC0F9C81CD03F9AB7F2F0BECDDC7
LS-WS-0201,C14,audit/WS_C14_VARIABLE_RISK_EXIT_CATALOG_FINAL_RESULT.md,5B0AB17D2DFEF7A33C497950E8920E7BBFE0AD57,232,5,102,157,LX-WS-0201-RES-03,RESEARCH,records/history/archive/LX-WS-0201-RES-03_C14.md,7101A6FF727257AE0C0295FFF3FAD2F988A96FBA
LS-WS-0201,C14,audit/WS_C14_VARIABLE_RISK_EXIT_CATALOG_FINAL_RESULT.md,5B0AB17D2DFEF7A33C497950E8920E7BBFE0AD57,232,6,158,191,LX-WS-0201-FND-02,FINDING,records/history/archive/LX-WS-0201-FND-02_C14.md,BB1371A656039435DB15AF77E2F6E8353071F697
LS-WS-0201,C14,audit/WS_C14_VARIABLE_RISK_EXIT_CATALOG_FINAL_RESULT.md,5B0AB17D2DFEF7A33C497950E8920E7BBFE0AD57,232,7,192,207,LX-WS-0201-EVD-01,EVIDENCE,records/evidence/runs/LX-WS-0201-EVD-01_C14.md,BF788B1BB021AC0F9C81CD03F9AB7F2F0BECDDC7
LS-WS-0201,C14,audit/WS_C14_VARIABLE_RISK_EXIT_CATALOG_FINAL_RESULT.md,5B0AB17D2DFEF7A33C497950E8920E7BBFE0AD57,232,8,208,232,LX-WS-0201-EVD-01,EVIDENCE,records/evidence/runs/LX-WS-0201-EVD-01_C14.md,BF788B1BB021AC0F9C81CD03F9AB7F2F0BECDDC7
LS-WS-0209,C153,audit/WS_C153_WEEKLY_SWING_WATCHLIST_PRODUCTION_LIVE_RUNTIME_CONTROLLED_OUTPUT_GENERATION_BOUNDARY_REVIEW.md,E151B46BA14E4F94EDFCA17BE65C9C3D663F5D55,71,1,1,2,LX-WS-0209-CTX-03,CONTEXT,records/history/archive/LX-WS-0209-CTX-03_C153.md,379D11246C19158CA1A5473578E1143CB01BAA4E
LS-WS-0209,C153,audit/WS_C153_WEEKLY_SWING_WATCHLIST_PRODUCTION_LIVE_RUNTIME_CONTROLLED_OUTPUT_GENERATION_BOUNDARY_REVIEW.md,E151B46BA14E4F94EDFCA17BE65C9C3D663F5D55,71,2,3,12,LX-WS-0209-DEC-01,DECISION,records/decisions/LX-WS-0209-DEC-01_C153.md,2C297D498C877C115149F3AA200D638ACAF97A4C
LS-WS-0209,C153,audit/WS_C153_WEEKLY_SWING_WATCHLIST_PRODUCTION_LIVE_RUNTIME_CONTROLLED_OUTPUT_GENERATION_BOUNDARY_REVIEW.md,E151B46BA14E4F94EDFCA17BE65C9C3D663F5D55,71,3,13,23,LX-WS-0209-DEC-01,DECISION,records/decisions/LX-WS-0209-DEC-01_C153.md,2C297D498C877C115149F3AA200D638ACAF97A4C
LS-WS-0209,C153,audit/WS_C153_WEEKLY_SWING_WATCHLIST_PRODUCTION_LIVE_RUNTIME_CONTROLLED_OUTPUT_GENERATION_BOUNDARY_REVIEW.md,E151B46BA14E4F94EDFCA17BE65C9C3D663F5D55,71,4,24,58,LX-WS-0209-DEC-01,DECISION,records/decisions/LX-WS-0209-DEC-01_C153.md,2C297D498C877C115149F3AA200D638ACAF97A4C
LS-WS-0209,C153,audit/WS_C153_WEEKLY_SWING_WATCHLIST_PRODUCTION_LIVE_RUNTIME_CONTROLLED_OUTPUT_GENERATION_BOUNDARY_REVIEW.md,E151B46BA14E4F94EDFCA17BE65C9C3D663F5D55,71,5,59,71,LX-WS-0209-EVD-02,EVIDENCE,records/evidence/runs/LX-WS-0209-EVD-02_C153.md,BF6888A9E02AA8E9CD51B8EAA9CBF1FE48493AE5
LS-WS-0215,C156,audit/WS_C156_WEEKLY_SWING_WATCHLIST_PRODUCTION_LIVE_RUNTIME_CONTROLLED_OUTPUT_GENERATION_OPERATOR_GO_NO_GO_REVIEW.md,F1D6029425B670BECF334CFF9B9CFEE74ACC2CBA,91,1,1,2,LX-WS-0215-CTX-03,CONTEXT,records/history/archive/LX-WS-0215-CTX-03_C156.md,D7801064EC0FEB5EA95869F2D2A68B674E7443E1
LS-WS-0215,C156,audit/WS_C156_WEEKLY_SWING_WATCHLIST_PRODUCTION_LIVE_RUNTIME_CONTROLLED_OUTPUT_GENERATION_OPERATOR_GO_NO_GO_REVIEW.md,F1D6029425B670BECF334CFF9B9CFEE74ACC2CBA,91,2,3,12,LX-WS-0215-DEC-01,DECISION,records/decisions/LX-WS-0215-DEC-01_C156.md,6D108603B44E9969DF410DF173788EF44A98A5C5
LS-WS-0215,C156,audit/WS_C156_WEEKLY_SWING_WATCHLIST_PRODUCTION_LIVE_RUNTIME_CONTROLLED_OUTPUT_GENERATION_OPERATOR_GO_NO_GO_REVIEW.md,F1D6029425B670BECF334CFF9B9CFEE74ACC2CBA,91,3,13,23,LX-WS-0215-DEC-01,DECISION,records/decisions/LX-WS-0215-DEC-01_C156.md,6D108603B44E9969DF410DF173788EF44A98A5C5
LS-WS-0215,C156,audit/WS_C156_WEEKLY_SWING_WATCHLIST_PRODUCTION_LIVE_RUNTIME_CONTROLLED_OUTPUT_GENERATION_OPERATOR_GO_NO_GO_REVIEW.md,F1D6029425B670BECF334CFF9B9CFEE74ACC2CBA,91,4,24,59,LX-WS-0215-DEC-01,DECISION,records/decisions/LX-WS-0215-DEC-01_C156.md,6D108603B44E9969DF410DF173788EF44A98A5C5
LS-WS-0215,C156,audit/WS_C156_WEEKLY_SWING_WATCHLIST_PRODUCTION_LIVE_RUNTIME_CONTROLLED_OUTPUT_GENERATION_OPERATOR_GO_NO_GO_REVIEW.md,F1D6029425B670BECF334CFF9B9CFEE74ACC2CBA,91,5,60,71,LX-WS-0215-DEC-01,DECISION,records/decisions/LX-WS-0215-DEC-01_C156.md,6D108603B44E9969DF410DF173788EF44A98A5C5
LS-WS-0215,C156,audit/WS_C156_WEEKLY_SWING_WATCHLIST_PRODUCTION_LIVE_RUNTIME_CONTROLLED_OUTPUT_GENERATION_OPERATOR_GO_NO_GO_REVIEW.md,F1D6029425B670BECF334CFF9B9CFEE74ACC2CBA,91,6,72,85,LX-WS-0215-EVD-02,EVIDENCE,records/evidence/runs/LX-WS-0215-EVD-02_C156.md,6C0157C16270C3E23A78F4A9884F9E1695BC4F4D
LS-WS-0215,C156,audit/WS_C156_WEEKLY_SWING_WATCHLIST_PRODUCTION_LIVE_RUNTIME_CONTROLLED_OUTPUT_GENERATION_OPERATOR_GO_NO_GO_REVIEW.md,F1D6029425B670BECF334CFF9B9CFEE74ACC2CBA,91,7,86,91,LX-WS-0215-DEC-01,DECISION,records/decisions/LX-WS-0215-DEC-01_C156.md,6D108603B44E9969DF410DF173788EF44A98A5C5
LS-WS-0217,C157,audit/WS_C157_WEEKLY_SWING_WATCHLIST_PRODUCTION_LIVE_RUNTIME_CONTROLLED_OUTPUT_GENERATION_GO_DECISION_FINALIZATION_REVIEW.md,785244AD5C90F7601826A45456FE30BB3731B371,98,1,1,2,LX-WS-0217-CTX-03,CONTEXT,records/history/archive/LX-WS-0217-CTX-03_C157.md,32DE84A26255B95208D1BE0D915E87AD9ADAF2DC
LS-WS-0217,C157,audit/WS_C157_WEEKLY_SWING_WATCHLIST_PRODUCTION_LIVE_RUNTIME_CONTROLLED_OUTPUT_GENERATION_GO_DECISION_FINALIZATION_REVIEW.md,785244AD5C90F7601826A45456FE30BB3731B371,98,2,3,12,LX-WS-0217-DEC-01,DECISION,records/decisions/LX-WS-0217-DEC-01_C157.md,798EF107F9234E55E0BD431F94C8750F157A1108
LS-WS-0217,C157,audit/WS_C157_WEEKLY_SWING_WATCHLIST_PRODUCTION_LIVE_RUNTIME_CONTROLLED_OUTPUT_GENERATION_GO_DECISION_FINALIZATION_REVIEW.md,785244AD5C90F7601826A45456FE30BB3731B371,98,3,13,23,LX-WS-0217-DEC-01,DECISION,records/decisions/LX-WS-0217-DEC-01_C157.md,798EF107F9234E55E0BD431F94C8750F157A1108
LS-WS-0217,C157,audit/WS_C157_WEEKLY_SWING_WATCHLIST_PRODUCTION_LIVE_RUNTIME_CONTROLLED_OUTPUT_GENERATION_GO_DECISION_FINALIZATION_REVIEW.md,785244AD5C90F7601826A45456FE30BB3731B371,98,4,24,63,LX-WS-0217-DEC-01,DECISION,records/decisions/LX-WS-0217-DEC-01_C157.md,798EF107F9234E55E0BD431F94C8750F157A1108
LS-WS-0217,C157,audit/WS_C157_WEEKLY_SWING_WATCHLIST_PRODUCTION_LIVE_RUNTIME_CONTROLLED_OUTPUT_GENERATION_GO_DECISION_FINALIZATION_REVIEW.md,785244AD5C90F7601826A45456FE30BB3731B371,98,5,64,75,LX-WS-0217-DEC-01,DECISION,records/decisions/LX-WS-0217-DEC-01_C157.md,798EF107F9234E55E0BD431F94C8750F157A1108
LS-WS-0217,C157,audit/WS_C157_WEEKLY_SWING_WATCHLIST_PRODUCTION_LIVE_RUNTIME_CONTROLLED_OUTPUT_GENERATION_GO_DECISION_FINALIZATION_REVIEW.md,785244AD5C90F7601826A45456FE30BB3731B371,98,6,76,92,LX-WS-0217-EVD-02,EVIDENCE,records/evidence/runs/LX-WS-0217-EVD-02_C157.md,6415DE1556DE35A917A39FE08DEFDF617E6CEC49
LS-WS-0217,C157,audit/WS_C157_WEEKLY_SWING_WATCHLIST_PRODUCTION_LIVE_RUNTIME_CONTROLLED_OUTPUT_GENERATION_GO_DECISION_FINALIZATION_REVIEW.md,785244AD5C90F7601826A45456FE30BB3731B371,98,7,93,98,LX-WS-0217-DEC-01,DECISION,records/decisions/LX-WS-0217-DEC-01_C157.md,798EF107F9234E55E0BD431F94C8750F157A1108
LS-WS-0218,C158,audit/WS_C158_OPERATOR_VALIDATION_COMMANDS.md,8405326624D7B8FDC204D9DD4BE73D330DF03AB8,727,1,1,2,LX-WS-0218-CTX-03,CONTEXT,records/history/archive/LX-WS-0218-CTX-03_C158.md,8C85B18FD723D47310FBED8C721A166207CDD47C
LS-WS-0218,C158,audit/WS_C158_OPERATOR_VALIDATION_COMMANDS.md,8405326624D7B8FDC204D9DD4BE73D330DF03AB8,727,2,3,19,LX-WS-0218-EVD-02,EVIDENCE,records/evidence/runs/LX-WS-0218-EVD-02_C158.md,8E4C8BD5CD4379ACF410DAC748FAE4AD381C757D
LS-WS-0218,C158,audit/WS_C158_OPERATOR_VALIDATION_COMMANDS.md,8405326624D7B8FDC204D9DD4BE73D330DF03AB8,727,3,20,87,LX-WS-0218-EVD-02,EVIDENCE,records/evidence/runs/LX-WS-0218-EVD-02_C158.md,8E4C8BD5CD4379ACF410DAC748FAE4AD381C757D
LS-WS-0218,C158,audit/WS_C158_OPERATOR_VALIDATION_COMMANDS.md,8405326624D7B8FDC204D9DD4BE73D330DF03AB8,727,4,88,96,LX-WS-0218-EVD-02,EVIDENCE,records/evidence/runs/LX-WS-0218-EVD-02_C158.md,8E4C8BD5CD4379ACF410DAC748FAE4AD381C757D
LS-WS-0218,C158,audit/WS_C158_OPERATOR_VALIDATION_COMMANDS.md,8405326624D7B8FDC204D9DD4BE73D330DF03AB8,727,5,97,127,LX-WS-0218-EVD-02,EVIDENCE,records/evidence/runs/LX-WS-0218-EVD-02_C158.md,8E4C8BD5CD4379ACF410DAC748FAE4AD381C757D
LS-WS-0218,C158,audit/WS_C158_OPERATOR_VALIDATION_COMMANDS.md,8405326624D7B8FDC204D9DD4BE73D330DF03AB8,727,6,128,145,LX-WS-0218-EVD-02,EVIDENCE,records/evidence/runs/LX-WS-0218-EVD-02_C158.md,8E4C8BD5CD4379ACF410DAC748FAE4AD381C757D
LS-WS-0218,C158,audit/WS_C158_OPERATOR_VALIDATION_COMMANDS.md,8405326624D7B8FDC204D9DD4BE73D330DF03AB8,727,7,146,251,LX-WS-0218-DEC-01,DECISION,records/decisions/LX-WS-0218-DEC-01_C158.md,89EC6F309D6F162BCC61CE353EC867AA27E77B67
LS-WS-0218,C158,audit/WS_C158_OPERATOR_VALIDATION_COMMANDS.md,8405326624D7B8FDC204D9DD4BE73D330DF03AB8,727,8,252,262,LX-WS-0218-DEC-01,DECISION,records/decisions/LX-WS-0218-DEC-01_C158.md,89EC6F309D6F162BCC61CE353EC867AA27E77B67
LS-WS-0218,C158,audit/WS_C158_OPERATOR_VALIDATION_COMMANDS.md,8405326624D7B8FDC204D9DD4BE73D330DF03AB8,727,9,263,297,LX-WS-0218-EVD-02,EVIDENCE,records/evidence/runs/LX-WS-0218-EVD-02_C158.md,8E4C8BD5CD4379ACF410DAC748FAE4AD381C757D
LS-WS-0218,C158,audit/WS_C158_OPERATOR_VALIDATION_COMMANDS.md,8405326624D7B8FDC204D9DD4BE73D330DF03AB8,727,10,298,314,LX-WS-0218-DEC-01,DECISION,records/decisions/LX-WS-0218-DEC-01_C158.md,89EC6F309D6F162BCC61CE353EC867AA27E77B67
LS-WS-0218,C158,audit/WS_C158_OPERATOR_VALIDATION_COMMANDS.md,8405326624D7B8FDC204D9DD4BE73D330DF03AB8,727,11,315,400,LX-WS-0218-DEC-01,DECISION,records/decisions/LX-WS-0218-DEC-01_C158.md,89EC6F309D6F162BCC61CE353EC867AA27E77B67
LS-WS-0218,C158,audit/WS_C158_OPERATOR_VALIDATION_COMMANDS.md,8405326624D7B8FDC204D9DD4BE73D330DF03AB8,727,12,401,410,LX-WS-0218-DEC-01,DECISION,records/decisions/LX-WS-0218-DEC-01_C158.md,89EC6F309D6F162BCC61CE353EC867AA27E77B67
LS-WS-0218,C158,audit/WS_C158_OPERATOR_VALIDATION_COMMANDS.md,8405326624D7B8FDC204D9DD4BE73D330DF03AB8,727,13,411,445,LX-WS-0218-DEC-01,DECISION,records/decisions/LX-WS-0218-DEC-01_C158.md,89EC6F309D6F162BCC61CE353EC867AA27E77B67
LS-WS-0218,C158,audit/WS_C158_OPERATOR_VALIDATION_COMMANDS.md,8405326624D7B8FDC204D9DD4BE73D330DF03AB8,727,14,446,466,LX-WS-0218-EVD-02,EVIDENCE,records/evidence/runs/LX-WS-0218-EVD-02_C158.md,8E4C8BD5CD4379ACF410DAC748FAE4AD381C757D
LS-WS-0218,C158,audit/WS_C158_OPERATOR_VALIDATION_COMMANDS.md,8405326624D7B8FDC204D9DD4BE73D330DF03AB8,727,15,467,540,LX-WS-0218-EVD-02,EVIDENCE,records/evidence/runs/LX-WS-0218-EVD-02_C158.md,8E4C8BD5CD4379ACF410DAC748FAE4AD381C757D
LS-WS-0218,C158,audit/WS_C158_OPERATOR_VALIDATION_COMMANDS.md,8405326624D7B8FDC204D9DD4BE73D330DF03AB8,727,16,541,549,LX-WS-0218-EVD-02,EVIDENCE,records/evidence/runs/LX-WS-0218-EVD-02_C158.md,8E4C8BD5CD4379ACF410DAC748FAE4AD381C757D
LS-WS-0218,C158,audit/WS_C158_OPERATOR_VALIDATION_COMMANDS.md,8405326624D7B8FDC204D9DD4BE73D330DF03AB8,727,17,550,585,LX-WS-0218-EVD-02,EVIDENCE,records/evidence/runs/LX-WS-0218-EVD-02_C158.md,8E4C8BD5CD4379ACF410DAC748FAE4AD381C757D
LS-WS-0218,C158,audit/WS_C158_OPERATOR_VALIDATION_COMMANDS.md,8405326624D7B8FDC204D9DD4BE73D330DF03AB8,727,18,586,606,LX-WS-0218-EVD-02,EVIDENCE,records/evidence/runs/LX-WS-0218-EVD-02_C158.md,8E4C8BD5CD4379ACF410DAC748FAE4AD381C757D
LS-WS-0218,C158,audit/WS_C158_OPERATOR_VALIDATION_COMMANDS.md,8405326624D7B8FDC204D9DD4BE73D330DF03AB8,727,19,607,680,LX-WS-0218-EVD-02,EVIDENCE,records/evidence/runs/LX-WS-0218-EVD-02_C158.md,8E4C8BD5CD4379ACF410DAC748FAE4AD381C757D
LS-WS-0218,C158,audit/WS_C158_OPERATOR_VALIDATION_COMMANDS.md,8405326624D7B8FDC204D9DD4BE73D330DF03AB8,727,20,681,693,LX-WS-0218-EVD-02,EVIDENCE,records/evidence/runs/LX-WS-0218-EVD-02_C158.md,8E4C8BD5CD4379ACF410DAC748FAE4AD381C757D
LS-WS-0218,C158,audit/WS_C158_OPERATOR_VALIDATION_COMMANDS.md,8405326624D7B8FDC204D9DD4BE73D330DF03AB8,727,21,694,727,LX-WS-0218-EVD-02,EVIDENCE,records/evidence/runs/LX-WS-0218-EVD-02_C158.md,8E4C8BD5CD4379ACF410DAC748FAE4AD381C757D
LS-WS-0219,C158,audit/WS_C158_WEEKLY_SWING_WATCHLIST_PRODUCTION_LIVE_RUNTIME_CONTROLLED_OUTPUT_PUBLICATION_BOUNDARY_REVIEW.md,27D1A64C31484B4B9987AEED5676178FF5B8DE0F,108,1,1,2,LX-WS-0219-CTX-03,CONTEXT,records/history/archive/LX-WS-0219-CTX-03_C158.md,5FCA11E6249995CEA4AFD15EE53811161882A0FD
LS-WS-0219,C158,audit/WS_C158_WEEKLY_SWING_WATCHLIST_PRODUCTION_LIVE_RUNTIME_CONTROLLED_OUTPUT_PUBLICATION_BOUNDARY_REVIEW.md,27D1A64C31484B4B9987AEED5676178FF5B8DE0F,108,2,3,12,LX-WS-0219-DEC-01,DECISION,records/decisions/LX-WS-0219-DEC-01_C158.md,66E2561DE82B16768235CDC890B279DA7FE03A37
LS-WS-0219,C158,audit/WS_C158_WEEKLY_SWING_WATCHLIST_PRODUCTION_LIVE_RUNTIME_CONTROLLED_OUTPUT_PUBLICATION_BOUNDARY_REVIEW.md,27D1A64C31484B4B9987AEED5676178FF5B8DE0F,108,3,13,21,LX-WS-0219-DEC-01,DECISION,records/decisions/LX-WS-0219-DEC-01_C158.md,66E2561DE82B16768235CDC890B279DA7FE03A37
LS-WS-0219,C158,audit/WS_C158_WEEKLY_SWING_WATCHLIST_PRODUCTION_LIVE_RUNTIME_CONTROLLED_OUTPUT_PUBLICATION_BOUNDARY_REVIEW.md,27D1A64C31484B4B9987AEED5676178FF5B8DE0F,108,4,22,32,LX-WS-0219-DEC-01,DECISION,records/decisions/LX-WS-0219-DEC-01_C158.md,66E2561DE82B16768235CDC890B279DA7FE03A37
LS-WS-0219,C158,audit/WS_C158_WEEKLY_SWING_WATCHLIST_PRODUCTION_LIVE_RUNTIME_CONTROLLED_OUTPUT_PUBLICATION_BOUNDARY_REVIEW.md,27D1A64C31484B4B9987AEED5676178FF5B8DE0F,108,5,33,73,LX-WS-0219-DEC-01,DECISION,records/decisions/LX-WS-0219-DEC-01_C158.md,66E2561DE82B16768235CDC890B279DA7FE03A37
LS-WS-0219,C158,audit/WS_C158_WEEKLY_SWING_WATCHLIST_PRODUCTION_LIVE_RUNTIME_CONTROLLED_OUTPUT_PUBLICATION_BOUNDARY_REVIEW.md,27D1A64C31484B4B9987AEED5676178FF5B8DE0F,108,6,74,85,LX-WS-0219-DEC-01,DECISION,records/decisions/LX-WS-0219-DEC-01_C158.md,66E2561DE82B16768235CDC890B279DA7FE03A37
LS-WS-0219,C158,audit/WS_C158_WEEKLY_SWING_WATCHLIST_PRODUCTION_LIVE_RUNTIME_CONTROLLED_OUTPUT_PUBLICATION_BOUNDARY_REVIEW.md,27D1A64C31484B4B9987AEED5676178FF5B8DE0F,108,7,86,102,LX-WS-0219-EVD-02,EVIDENCE,records/evidence/runs/LX-WS-0219-EVD-02_C158.md,4D6B60F74584E8312125D50B2F861185A2AD70B1
LS-WS-0219,C158,audit/WS_C158_WEEKLY_SWING_WATCHLIST_PRODUCTION_LIVE_RUNTIME_CONTROLLED_OUTPUT_PUBLICATION_BOUNDARY_REVIEW.md,27D1A64C31484B4B9987AEED5676178FF5B8DE0F,108,8,103,108,LX-WS-0219-DEC-01,DECISION,records/decisions/LX-WS-0219-DEC-01_C158.md,66E2561DE82B16768235CDC890B279DA7FE03A37
LS-WS-0221,C158,audit/WS_C158_WEEKLY_SWING_WATCHLIST_PRODUCTION_LIVE_RUNTIME_CONTROLLED_OUTPUT_PUBLICATION_GO_DECISION_FINALIZATION_REVIEW.md,90C3A665A85D6FC1A10066D6221DCBFDF767B624,119,1,1,2,LX-WS-0221-CTX-03,CONTEXT,records/history/archive/LX-WS-0221-CTX-03_C158.md,4A39CD8942B9821031523A8EEC40D284D40EC709
LS-WS-0221,C158,audit/WS_C158_WEEKLY_SWING_WATCHLIST_PRODUCTION_LIVE_RUNTIME_CONTROLLED_OUTPUT_PUBLICATION_GO_DECISION_FINALIZATION_REVIEW.md,90C3A665A85D6FC1A10066D6221DCBFDF767B624,119,2,3,12,LX-WS-0221-DEC-01,DECISION,records/decisions/LX-WS-0221-DEC-01_C158.md,19DDA948D75948318A620063F14548D5C7BFA188
LS-WS-0221,C158,audit/WS_C158_WEEKLY_SWING_WATCHLIST_PRODUCTION_LIVE_RUNTIME_CONTROLLED_OUTPUT_PUBLICATION_GO_DECISION_FINALIZATION_REVIEW.md,90C3A665A85D6FC1A10066D6221DCBFDF767B624,119,3,13,25,LX-WS-0221-DEC-01,DECISION,records/decisions/LX-WS-0221-DEC-01_C158.md,19DDA948D75948318A620063F14548D5C7BFA188
LS-WS-0221,C158,audit/WS_C158_WEEKLY_SWING_WATCHLIST_PRODUCTION_LIVE_RUNTIME_CONTROLLED_OUTPUT_PUBLICATION_GO_DECISION_FINALIZATION_REVIEW.md,90C3A665A85D6FC1A10066D6221DCBFDF767B624,119,4,26,35,LX-WS-0221-DEC-01,DECISION,records/decisions/LX-WS-0221-DEC-01_C158.md,19DDA948D75948318A620063F14548D5C7BFA188
LS-WS-0221,C158,audit/WS_C158_WEEKLY_SWING_WATCHLIST_PRODUCTION_LIVE_RUNTIME_CONTROLLED_OUTPUT_PUBLICATION_GO_DECISION_FINALIZATION_REVIEW.md,90C3A665A85D6FC1A10066D6221DCBFDF767B624,119,5,36,81,LX-WS-0221-DEC-01,DECISION,records/decisions/LX-WS-0221-DEC-01_C158.md,19DDA948D75948318A620063F14548D5C7BFA188
LS-WS-0221,C158,audit/WS_C158_WEEKLY_SWING_WATCHLIST_PRODUCTION_LIVE_RUNTIME_CONTROLLED_OUTPUT_PUBLICATION_GO_DECISION_FINALIZATION_REVIEW.md,90C3A665A85D6FC1A10066D6221DCBFDF767B624,119,6,82,93,LX-WS-0221-DEC-01,DECISION,records/decisions/LX-WS-0221-DEC-01_C158.md,19DDA948D75948318A620063F14548D5C7BFA188
LS-WS-0221,C158,audit/WS_C158_WEEKLY_SWING_WATCHLIST_PRODUCTION_LIVE_RUNTIME_CONTROLLED_OUTPUT_PUBLICATION_GO_DECISION_FINALIZATION_REVIEW.md,90C3A665A85D6FC1A10066D6221DCBFDF767B624,119,7,94,113,LX-WS-0221-EVD-02,EVIDENCE,records/evidence/runs/LX-WS-0221-EVD-02_C158.md,D67C37A1D4D36DFCC8B0F442A531693E351488D3
LS-WS-0221,C158,audit/WS_C158_WEEKLY_SWING_WATCHLIST_PRODUCTION_LIVE_RUNTIME_CONTROLLED_OUTPUT_PUBLICATION_GO_DECISION_FINALIZATION_REVIEW.md,90C3A665A85D6FC1A10066D6221DCBFDF767B624,119,8,114,119,LX-WS-0221-DEC-01,DECISION,records/decisions/LX-WS-0221-DEC-01_C158.md,19DDA948D75948318A620063F14548D5C7BFA188
LS-WS-0222,C158,audit/WS_C158_WEEKLY_SWING_WATCHLIST_PRODUCTION_LIVE_RUNTIME_CONTROLLED_OUTPUT_PUBLICATION_OPERATOR_GO_NO_GO_REVIEW.md,03C8EF7879BC700A99D05CB2CEE141958CDB77F9,115,1,1,2,LX-WS-0222-CTX-03,CONTEXT,records/history/archive/LX-WS-0222-CTX-03_C158.md,1646185A146F04641068E9206DE1CD9A445A6F09
LS-WS-0222,C158,audit/WS_C158_WEEKLY_SWING_WATCHLIST_PRODUCTION_LIVE_RUNTIME_CONTROLLED_OUTPUT_PUBLICATION_OPERATOR_GO_NO_GO_REVIEW.md,03C8EF7879BC700A99D05CB2CEE141958CDB77F9,115,2,3,12,LX-WS-0222-DEC-01,DECISION,records/decisions/LX-WS-0222-DEC-01_C158.md,233887C79BFF2092303B158AFD20489ED2CF134B
LS-WS-0222,C158,audit/WS_C158_WEEKLY_SWING_WATCHLIST_PRODUCTION_LIVE_RUNTIME_CONTROLLED_OUTPUT_PUBLICATION_OPERATOR_GO_NO_GO_REVIEW.md,03C8EF7879BC700A99D05CB2CEE141958CDB77F9,115,3,13,24,LX-WS-0222-DEC-01,DECISION,records/decisions/LX-WS-0222-DEC-01_C158.md,233887C79BFF2092303B158AFD20489ED2CF134B
LS-WS-0222,C158,audit/WS_C158_WEEKLY_SWING_WATCHLIST_PRODUCTION_LIVE_RUNTIME_CONTROLLED_OUTPUT_PUBLICATION_OPERATOR_GO_NO_GO_REVIEW.md,03C8EF7879BC700A99D05CB2CEE141958CDB77F9,115,4,25,34,LX-WS-0222-DEC-01,DECISION,records/decisions/LX-WS-0222-DEC-01_C158.md,233887C79BFF2092303B158AFD20489ED2CF134B
LS-WS-0222,C158,audit/WS_C158_WEEKLY_SWING_WATCHLIST_PRODUCTION_LIVE_RUNTIME_CONTROLLED_OUTPUT_PUBLICATION_OPERATOR_GO_NO_GO_REVIEW.md,03C8EF7879BC700A99D05CB2CEE141958CDB77F9,115,5,35,79,LX-WS-0222-DEC-01,DECISION,records/decisions/LX-WS-0222-DEC-01_C158.md,233887C79BFF2092303B158AFD20489ED2CF134B
LS-WS-0222,C158,audit/WS_C158_WEEKLY_SWING_WATCHLIST_PRODUCTION_LIVE_RUNTIME_CONTROLLED_OUTPUT_PUBLICATION_OPERATOR_GO_NO_GO_REVIEW.md,03C8EF7879BC700A99D05CB2CEE141958CDB77F9,115,6,80,91,LX-WS-0222-DEC-01,DECISION,records/decisions/LX-WS-0222-DEC-01_C158.md,233887C79BFF2092303B158AFD20489ED2CF134B
LS-WS-0222,C158,audit/WS_C158_WEEKLY_SWING_WATCHLIST_PRODUCTION_LIVE_RUNTIME_CONTROLLED_OUTPUT_PUBLICATION_OPERATOR_GO_NO_GO_REVIEW.md,03C8EF7879BC700A99D05CB2CEE141958CDB77F9,115,7,92,110,LX-WS-0222-EVD-02,EVIDENCE,records/evidence/runs/LX-WS-0222-EVD-02_C158.md,7FC80F01A1B8B3739994394B05FB104A917AAE43
LS-WS-0222,C158,audit/WS_C158_WEEKLY_SWING_WATCHLIST_PRODUCTION_LIVE_RUNTIME_CONTROLLED_OUTPUT_PUBLICATION_OPERATOR_GO_NO_GO_REVIEW.md,03C8EF7879BC700A99D05CB2CEE141958CDB77F9,115,8,111,115,LX-WS-0222-DEC-01,DECISION,records/decisions/LX-WS-0222-DEC-01_C158.md,233887C79BFF2092303B158AFD20489ED2CF134B
LS-WS-0224,C159,audit/WS_C159_OPERATOR_VALIDATION_COMMANDS.md,EE0A2E4E1CA600A57A7268F1296FF1F43A367C49,653,1,1,2,LX-WS-0224-CTX-03,CONTEXT,records/history/archive/LX-WS-0224-CTX-03_C159.md,585138BCB279DD83487743C6177F56BF6A5F4C8C
LS-WS-0224,C159,audit/WS_C159_OPERATOR_VALIDATION_COMMANDS.md,EE0A2E4E1CA600A57A7268F1296FF1F43A367C49,653,2,3,23,LX-WS-0224-EVD-02,EVIDENCE,records/evidence/runs/LX-WS-0224-EVD-02_C159.md,7A1C67B534179E35176C49F261E2970F154ABA6F
LS-WS-0224,C159,audit/WS_C159_OPERATOR_VALIDATION_COMMANDS.md,EE0A2E4E1CA600A57A7268F1296FF1F43A367C49,653,3,24,148,LX-WS-0224-EVD-02,EVIDENCE,records/evidence/runs/LX-WS-0224-EVD-02_C159.md,7A1C67B534179E35176C49F261E2970F154ABA6F
LS-WS-0224,C159,audit/WS_C159_OPERATOR_VALIDATION_COMMANDS.md,EE0A2E4E1CA600A57A7268F1296FF1F43A367C49,653,4,149,160,LX-WS-0224-EVD-02,EVIDENCE,records/evidence/runs/LX-WS-0224-EVD-02_C159.md,7A1C67B534179E35176C49F261E2970F154ABA6F
LS-WS-0224,C159,audit/WS_C159_OPERATOR_VALIDATION_COMMANDS.md,EE0A2E4E1CA600A57A7268F1296FF1F43A367C49,653,5,161,197,LX-WS-0224-EVD-02,EVIDENCE,records/evidence/runs/LX-WS-0224-EVD-02_C159.md,7A1C67B534179E35176C49F261E2970F154ABA6F
LS-WS-0224,C159,audit/WS_C159_OPERATOR_VALIDATION_COMMANDS.md,EE0A2E4E1CA600A57A7268F1296FF1F43A367C49,653,6,198,215,LX-WS-0224-EVD-02,EVIDENCE,records/evidence/runs/LX-WS-0224-EVD-02_C159.md,7A1C67B534179E35176C49F261E2970F154ABA6F
LS-WS-0224,C159,audit/WS_C159_OPERATOR_VALIDATION_COMMANDS.md,EE0A2E4E1CA600A57A7268F1296FF1F43A367C49,653,7,216,321,LX-WS-0224-DEC-01,DECISION,records/decisions/LX-WS-0224-DEC-01_C159.md,491A0D496761BA3DD256CF69AD3C4F66EBCB2282
LS-WS-0224,C159,audit/WS_C159_OPERATOR_VALIDATION_COMMANDS.md,EE0A2E4E1CA600A57A7268F1296FF1F43A367C49,653,8,322,332,LX-WS-0224-DEC-01,DECISION,records/decisions/LX-WS-0224-DEC-01_C159.md,491A0D496761BA3DD256CF69AD3C4F66EBCB2282
LS-WS-0224,C159,audit/WS_C159_OPERATOR_VALIDATION_COMMANDS.md,EE0A2E4E1CA600A57A7268F1296FF1F43A367C49,653,9,333,368,LX-WS-0224-EVD-02,EVIDENCE,records/evidence/runs/LX-WS-0224-EVD-02_C159.md,7A1C67B534179E35176C49F261E2970F154ABA6F
LS-WS-0224,C159,audit/WS_C159_OPERATOR_VALIDATION_COMMANDS.md,EE0A2E4E1CA600A57A7268F1296FF1F43A367C49,653,10,369,389,LX-WS-0224-EVD-02,EVIDENCE,records/evidence/runs/LX-WS-0224-EVD-02_C159.md,7A1C67B534179E35176C49F261E2970F154ABA6F
LS-WS-0224,C159,audit/WS_C159_OPERATOR_VALIDATION_COMMANDS.md,EE0A2E4E1CA600A57A7268F1296FF1F43A367C49,653,11,390,461,LX-WS-0224-EVD-02,EVIDENCE,records/evidence/runs/LX-WS-0224-EVD-02_C159.md,7A1C67B534179E35176C49F261E2970F154ABA6F
LS-WS-0224,C159,audit/WS_C159_OPERATOR_VALIDATION_COMMANDS.md,EE0A2E4E1CA600A57A7268F1296FF1F43A367C49,653,12,462,473,LX-WS-0224-EVD-02,EVIDENCE,records/evidence/runs/LX-WS-0224-EVD-02_C159.md,7A1C67B534179E35176C49F261E2970F154ABA6F
LS-WS-0224,C159,audit/WS_C159_OPERATOR_VALIDATION_COMMANDS.md,EE0A2E4E1CA600A57A7268F1296FF1F43A367C49,653,13,474,509,LX-WS-0224-EVD-02,EVIDENCE,records/evidence/runs/LX-WS-0224-EVD-02_C159.md,7A1C67B534179E35176C49F261E2970F154ABA6F
LS-WS-0224,C159,audit/WS_C159_OPERATOR_VALIDATION_COMMANDS.md,EE0A2E4E1CA600A57A7268F1296FF1F43A367C49,653,14,510,526,LX-WS-0224-DEC-01,DECISION,records/decisions/LX-WS-0224-DEC-01_C159.md,491A0D496761BA3DD256CF69AD3C4F66EBCB2282
LS-WS-0224,C159,audit/WS_C159_OPERATOR_VALIDATION_COMMANDS.md,EE0A2E4E1CA600A57A7268F1296FF1F43A367C49,653,15,527,612,LX-WS-0224-DEC-01,DECISION,records/decisions/LX-WS-0224-DEC-01_C159.md,491A0D496761BA3DD256CF69AD3C4F66EBCB2282
LS-WS-0224,C159,audit/WS_C159_OPERATOR_VALIDATION_COMMANDS.md,EE0A2E4E1CA600A57A7268F1296FF1F43A367C49,653,16,613,622,LX-WS-0224-DEC-01,DECISION,records/decisions/LX-WS-0224-DEC-01_C159.md,491A0D496761BA3DD256CF69AD3C4F66EBCB2282
LS-WS-0224,C159,audit/WS_C159_OPERATOR_VALIDATION_COMMANDS.md,EE0A2E4E1CA600A57A7268F1296FF1F43A367C49,653,17,623,653,LX-WS-0224-DEC-01,DECISION,records/decisions/LX-WS-0224-DEC-01_C159.md,491A0D496761BA3DD256CF69AD3C4F66EBCB2282
LS-WS-0225,C159,audit/WS_C159_WEEKLY_SWING_WATCHLIST_PRODUCTION_LIVE_RUNTIME_CONTROLLED_OUTPUT_PUBLICATION_POST_PUBLICATION_OBSERVATION_GO_DECISION_FINALIZATION_REVIEW.md,D30C4A538573A8A01A338019934B198082F61AC5,122,1,1,2,LX-WS-0225-CTX-03,CONTEXT,records/history/archive/LX-WS-0225-CTX-03_C159.md,2EAAF8F9A9C292B0DB12B3647BD6EAB3E43A1D3B
LS-WS-0225,C159,audit/WS_C159_WEEKLY_SWING_WATCHLIST_PRODUCTION_LIVE_RUNTIME_CONTROLLED_OUTPUT_PUBLICATION_POST_PUBLICATION_OBSERVATION_GO_DECISION_FINALIZATION_REVIEW.md,D30C4A538573A8A01A338019934B198082F61AC5,122,2,3,13,LX-WS-0225-DEC-01,DECISION,records/decisions/LX-WS-0225-DEC-01_C159.md,00177AEEECC1B01EAE4BA7B8C1F679A3A3B1895A
LS-WS-0225,C159,audit/WS_C159_WEEKLY_SWING_WATCHLIST_PRODUCTION_LIVE_RUNTIME_CONTROLLED_OUTPUT_PUBLICATION_POST_PUBLICATION_OBSERVATION_GO_DECISION_FINALIZATION_REVIEW.md,D30C4A538573A8A01A338019934B198082F61AC5,122,3,14,27,LX-WS-0225-DEC-01,DECISION,records/decisions/LX-WS-0225-DEC-01_C159.md,00177AEEECC1B01EAE4BA7B8C1F679A3A3B1895A
LS-WS-0225,C159,audit/WS_C159_WEEKLY_SWING_WATCHLIST_PRODUCTION_LIVE_RUNTIME_CONTROLLED_OUTPUT_PUBLICATION_POST_PUBLICATION_OBSERVATION_GO_DECISION_FINALIZATION_REVIEW.md,D30C4A538573A8A01A338019934B198082F61AC5,122,4,28,37,LX-WS-0225-DEC-01,DECISION,records/decisions/LX-WS-0225-DEC-01_C159.md,00177AEEECC1B01EAE4BA7B8C1F679A3A3B1895A
LS-WS-0225,C159,audit/WS_C159_WEEKLY_SWING_WATCHLIST_PRODUCTION_LIVE_RUNTIME_CONTROLLED_OUTPUT_PUBLICATION_POST_PUBLICATION_OBSERVATION_GO_DECISION_FINALIZATION_REVIEW.md,D30C4A538573A8A01A338019934B198082F61AC5,122,5,38,84,LX-WS-0225-DEC-01,DECISION,records/decisions/LX-WS-0225-DEC-01_C159.md,00177AEEECC1B01EAE4BA7B8C1F679A3A3B1895A
LS-WS-0225,C159,audit/WS_C159_WEEKLY_SWING_WATCHLIST_PRODUCTION_LIVE_RUNTIME_CONTROLLED_OUTPUT_PUBLICATION_POST_PUBLICATION_OBSERVATION_GO_DECISION_FINALIZATION_REVIEW.md,D30C4A538573A8A01A338019934B198082F61AC5,122,6,85,96,LX-WS-0225-DEC-01,DECISION,records/decisions/LX-WS-0225-DEC-01_C159.md,00177AEEECC1B01EAE4BA7B8C1F679A3A3B1895A
LS-WS-0225,C159,audit/WS_C159_WEEKLY_SWING_WATCHLIST_PRODUCTION_LIVE_RUNTIME_CONTROLLED_OUTPUT_PUBLICATION_POST_PUBLICATION_OBSERVATION_GO_DECISION_FINALIZATION_REVIEW.md,D30C4A538573A8A01A338019934B198082F61AC5,122,7,97,116,LX-WS-0225-EVD-02,EVIDENCE,records/evidence/runs/LX-WS-0225-EVD-02_C159.md,C77AD08BA82C5036B62A602750A1BE840903D3E7
LS-WS-0225,C159,audit/WS_C159_WEEKLY_SWING_WATCHLIST_PRODUCTION_LIVE_RUNTIME_CONTROLLED_OUTPUT_PUBLICATION_POST_PUBLICATION_OBSERVATION_GO_DECISION_FINALIZATION_REVIEW.md,D30C4A538573A8A01A338019934B198082F61AC5,122,8,117,122,LX-WS-0225-DEC-01,DECISION,records/decisions/LX-WS-0225-DEC-01_C159.md,00177AEEECC1B01EAE4BA7B8C1F679A3A3B1895A
LS-WS-0226,C159,audit/WS_C159_WEEKLY_SWING_WATCHLIST_PRODUCTION_LIVE_RUNTIME_CONTROLLED_OUTPUT_PUBLICATION_POST_PUBLICATION_OBSERVATION_OPERATOR_GO_NO_GO_REVIEW.md,ED51BA6AFABAE5D090B343DB6FA7A7AA03B20890,112,1,1,2,LX-WS-0226-CTX-03,CONTEXT,records/history/archive/LX-WS-0226-CTX-03_C159.md,CA242543A02AA9315C85FBE262ECFBB7ACCEA8C0
LS-WS-0226,C159,audit/WS_C159_WEEKLY_SWING_WATCHLIST_PRODUCTION_LIVE_RUNTIME_CONTROLLED_OUTPUT_PUBLICATION_POST_PUBLICATION_OBSERVATION_OPERATOR_GO_NO_GO_REVIEW.md,ED51BA6AFABAE5D090B343DB6FA7A7AA03B20890,112,2,3,13,LX-WS-0226-DEC-01,DECISION,records/decisions/LX-WS-0226-DEC-01_C159.md,29858F0DE541BBCDB12A5FA3FC98728A7BCCDA80
LS-WS-0226,C159,audit/WS_C159_WEEKLY_SWING_WATCHLIST_PRODUCTION_LIVE_RUNTIME_CONTROLLED_OUTPUT_PUBLICATION_POST_PUBLICATION_OBSERVATION_OPERATOR_GO_NO_GO_REVIEW.md,ED51BA6AFABAE5D090B343DB6FA7A7AA03B20890,112,3,14,24,LX-WS-0226-DEC-01,DECISION,records/decisions/LX-WS-0226-DEC-01_C159.md,29858F0DE541BBCDB12A5FA3FC98728A7BCCDA80
LS-WS-0226,C159,audit/WS_C159_WEEKLY_SWING_WATCHLIST_PRODUCTION_LIVE_RUNTIME_CONTROLLED_OUTPUT_PUBLICATION_POST_PUBLICATION_OBSERVATION_OPERATOR_GO_NO_GO_REVIEW.md,ED51BA6AFABAE5D090B343DB6FA7A7AA03B20890,112,4,25,34,LX-WS-0226-DEC-01,DECISION,records/decisions/LX-WS-0226-DEC-01_C159.md,29858F0DE541BBCDB12A5FA3FC98728A7BCCDA80
LS-WS-0226,C159,audit/WS_C159_WEEKLY_SWING_WATCHLIST_PRODUCTION_LIVE_RUNTIME_CONTROLLED_OUTPUT_PUBLICATION_POST_PUBLICATION_OBSERVATION_OPERATOR_GO_NO_GO_REVIEW.md,ED51BA6AFABAE5D090B343DB6FA7A7AA03B20890,112,5,35,75,LX-WS-0226-DEC-01,DECISION,records/decisions/LX-WS-0226-DEC-01_C159.md,29858F0DE541BBCDB12A5FA3FC98728A7BCCDA80
LS-WS-0226,C159,audit/WS_C159_WEEKLY_SWING_WATCHLIST_PRODUCTION_LIVE_RUNTIME_CONTROLLED_OUTPUT_PUBLICATION_POST_PUBLICATION_OBSERVATION_OPERATOR_GO_NO_GO_REVIEW.md,ED51BA6AFABAE5D090B343DB6FA7A7AA03B20890,112,6,76,87,LX-WS-0226-DEC-01,DECISION,records/decisions/LX-WS-0226-DEC-01_C159.md,29858F0DE541BBCDB12A5FA3FC98728A7BCCDA80
LS-WS-0226,C159,audit/WS_C159_WEEKLY_SWING_WATCHLIST_PRODUCTION_LIVE_RUNTIME_CONTROLLED_OUTPUT_PUBLICATION_POST_PUBLICATION_OBSERVATION_OPERATOR_GO_NO_GO_REVIEW.md,ED51BA6AFABAE5D090B343DB6FA7A7AA03B20890,112,7,88,106,LX-WS-0226-EVD-02,EVIDENCE,records/evidence/runs/LX-WS-0226-EVD-02_C159.md,1E96E81DE13301AE99FFAD36958FC061DA717795
LS-WS-0226,C159,audit/WS_C159_WEEKLY_SWING_WATCHLIST_PRODUCTION_LIVE_RUNTIME_CONTROLLED_OUTPUT_PUBLICATION_POST_PUBLICATION_OBSERVATION_OPERATOR_GO_NO_GO_REVIEW.md,ED51BA6AFABAE5D090B343DB6FA7A7AA03B20890,112,8,107,112,LX-WS-0226-DEC-01,DECISION,records/decisions/LX-WS-0226-DEC-01_C159.md,29858F0DE541BBCDB12A5FA3FC98728A7BCCDA80
LS-WS-0229,C15,audit/WS_C15_OPERATOR_VALIDATION_COMMANDS.md,877EA27423C8F930F9E49633B662DD67E9CD29A4,276,1,1,4,LX-WS-0229-CTX-03,CONTEXT,records/history/archive/LX-WS-0229-CTX-03_C15.md,D0084550D53D7817A4AF57D0814477BC75BC0DDF
LS-WS-0229,C15,audit/WS_C15_OPERATOR_VALIDATION_COMMANDS.md,877EA27423C8F930F9E49633B662DD67E9CD29A4,276,2,5,20,LX-WS-0229-EVD-01,EVIDENCE,records/evidence/runs/LX-WS-0229-EVD-01_C15.md,EF5F9859171C67057356583ACC654DB524505448
LS-WS-0229,C15,audit/WS_C15_OPERATOR_VALIDATION_COMMANDS.md,877EA27423C8F930F9E49633B662DD67E9CD29A4,276,3,21,36,LX-WS-0229-EVD-01,EVIDENCE,records/evidence/runs/LX-WS-0229-EVD-01_C15.md,EF5F9859171C67057356583ACC654DB524505448
LS-WS-0229,C15,audit/WS_C15_OPERATOR_VALIDATION_COMMANDS.md,877EA27423C8F930F9E49633B662DD67E9CD29A4,276,4,37,58,LX-WS-0229-EVD-01,EVIDENCE,records/evidence/runs/LX-WS-0229-EVD-01_C15.md,EF5F9859171C67057356583ACC654DB524505448
LS-WS-0229,C15,audit/WS_C15_OPERATOR_VALIDATION_COMMANDS.md,877EA27423C8F930F9E49633B662DD67E9CD29A4,276,5,59,76,LX-WS-0229-EVD-01,EVIDENCE,records/evidence/runs/LX-WS-0229-EVD-01_C15.md,EF5F9859171C67057356583ACC654DB524505448
LS-WS-0229,C15,audit/WS_C15_OPERATOR_VALIDATION_COMMANDS.md,877EA27423C8F930F9E49633B662DD67E9CD29A4,276,6,77,103,LX-WS-0229-EVD-01,EVIDENCE,records/evidence/runs/LX-WS-0229-EVD-01_C15.md,EF5F9859171C67057356583ACC654DB524505448
LS-WS-0229,C15,audit/WS_C15_OPERATOR_VALIDATION_COMMANDS.md,877EA27423C8F930F9E49633B662DD67E9CD29A4,276,7,104,138,LX-WS-0229-EVD-01,EVIDENCE,records/evidence/runs/LX-WS-0229-EVD-01_C15.md,EF5F9859171C67057356583ACC654DB524505448
LS-WS-0229,C15,audit/WS_C15_OPERATOR_VALIDATION_COMMANDS.md,877EA27423C8F930F9E49633B662DD67E9CD29A4,276,8,139,176,LX-WS-0229-EVD-01,EVIDENCE,records/evidence/runs/LX-WS-0229-EVD-01_C15.md,EF5F9859171C67057356583ACC654DB524505448
LS-WS-0229,C15,audit/WS_C15_OPERATOR_VALIDATION_COMMANDS.md,877EA27423C8F930F9E49633B662DD67E9CD29A4,276,9,177,211,LX-WS-0229-RES-02,RESEARCH,records/history/archive/LX-WS-0229-RES-02_C15.md,FFCEF9AA4B6EC5F618B16EED6CBF00EA576785CF
LS-WS-0229,C15,audit/WS_C15_OPERATOR_VALIDATION_COMMANDS.md,877EA27423C8F930F9E49633B662DD67E9CD29A4,276,10,212,230,LX-WS-0229-RES-02,RESEARCH,records/history/archive/LX-WS-0229-RES-02_C15.md,FFCEF9AA4B6EC5F618B16EED6CBF00EA576785CF
LS-WS-0229,C15,audit/WS_C15_OPERATOR_VALIDATION_COMMANDS.md,877EA27423C8F930F9E49633B662DD67E9CD29A4,276,11,231,252,LX-WS-0229-EVD-01,EVIDENCE,records/evidence/runs/LX-WS-0229-EVD-01_C15.md,EF5F9859171C67057356583ACC654DB524505448
LS-WS-0229,C15,audit/WS_C15_OPERATOR_VALIDATION_COMMANDS.md,877EA27423C8F930F9E49633B662DD67E9CD29A4,276,12,253,269,LX-WS-0229-EVD-01,EVIDENCE,records/evidence/runs/LX-WS-0229-EVD-01_C15.md,EF5F9859171C67057356583ACC654DB524505448
LS-WS-0229,C15,audit/WS_C15_OPERATOR_VALIDATION_COMMANDS.md,877EA27423C8F930F9E49633B662DD67E9CD29A4,276,13,270,276,LX-WS-0229-EVD-01,EVIDENCE,records/evidence/runs/LX-WS-0229-EVD-01_C15.md,EF5F9859171C67057356583ACC654DB524505448
LS-WS-0230,C15,audit/WS_C15_STRATEGY_QUALITY_ROOT_CAUSE_FINAL_RESULT.md,87B165FD3C7989B270A4BBEDC13C5FE1617854AB,303,1,1,4,LX-WS-0230-CTX-05,CONTEXT,records/history/archive/LX-WS-0230-CTX-05_C15.md,567CF0D5B310CE63942F5F153659EFDECF1C8840
LS-WS-0230,C15,audit/WS_C15_STRATEGY_QUALITY_ROOT_CAUSE_FINAL_RESULT.md,87B165FD3C7989B270A4BBEDC13C5FE1617854AB,303,2,5,27,LX-WS-0230-DEC-01,DECISION,records/decisions/LX-WS-0230-DEC-01_C15.md,1EABA2A37FF1A7396AC0B90C691474830A886E0E
LS-WS-0230,C15,audit/WS_C15_STRATEGY_QUALITY_ROOT_CAUSE_FINAL_RESULT.md,87B165FD3C7989B270A4BBEDC13C5FE1617854AB,303,3,28,105,LX-WS-0230-EVD-02,EVIDENCE,records/evidence/runs/LX-WS-0230-EVD-02_C15.md,D6DEF825C928B8C554422C72B46599F41038C78A
LS-WS-0230,C15,audit/WS_C15_STRATEGY_QUALITY_ROOT_CAUSE_FINAL_RESULT.md,87B165FD3C7989B270A4BBEDC13C5FE1617854AB,303,4,106,122,LX-WS-0230-FND-03,FINDING,records/history/archive/LX-WS-0230-FND-03_C15.md,E04F6D5299AB35026F7269308F2F74EBE4B4D621
LS-WS-0230,C15,audit/WS_C15_STRATEGY_QUALITY_ROOT_CAUSE_FINAL_RESULT.md,87B165FD3C7989B270A4BBEDC13C5FE1617854AB,303,5,123,144,LX-WS-0230-FND-03,FINDING,records/history/archive/LX-WS-0230-FND-03_C15.md,E04F6D5299AB35026F7269308F2F74EBE4B4D621
LS-WS-0230,C15,audit/WS_C15_STRATEGY_QUALITY_ROOT_CAUSE_FINAL_RESULT.md,87B165FD3C7989B270A4BBEDC13C5FE1617854AB,303,6,145,176,LX-WS-0230-FND-03,FINDING,records/history/archive/LX-WS-0230-FND-03_C15.md,E04F6D5299AB35026F7269308F2F74EBE4B4D621
LS-WS-0230,C15,audit/WS_C15_STRATEGY_QUALITY_ROOT_CAUSE_FINAL_RESULT.md,87B165FD3C7989B270A4BBEDC13C5FE1617854AB,303,7,177,217,LX-WS-0230-FND-03,FINDING,records/history/archive/LX-WS-0230-FND-03_C15.md,E04F6D5299AB35026F7269308F2F74EBE4B4D621
LS-WS-0230,C15,audit/WS_C15_STRATEGY_QUALITY_ROOT_CAUSE_FINAL_RESULT.md,87B165FD3C7989B270A4BBEDC13C5FE1617854AB,303,8,218,233,LX-WS-0230-FND-03,FINDING,records/history/archive/LX-WS-0230-FND-03_C15.md,E04F6D5299AB35026F7269308F2F74EBE4B4D621
LS-WS-0230,C15,audit/WS_C15_STRATEGY_QUALITY_ROOT_CAUSE_FINAL_RESULT.md,87B165FD3C7989B270A4BBEDC13C5FE1617854AB,303,9,234,255,LX-WS-0230-GOV-04,GOVERNANCE,records/history/archive/LX-WS-0230-GOV-04_C15.md,F6519641785181D3E7B337DDA4484B171584CA4C
LS-WS-0230,C15,audit/WS_C15_STRATEGY_QUALITY_ROOT_CAUSE_FINAL_RESULT.md,87B165FD3C7989B270A4BBEDC13C5FE1617854AB,303,10,256,285,LX-WS-0230-EVD-02,EVIDENCE,records/evidence/runs/LX-WS-0230-EVD-02_C15.md,D6DEF825C928B8C554422C72B46599F41038C78A
LS-WS-0230,C15,audit/WS_C15_STRATEGY_QUALITY_ROOT_CAUSE_FINAL_RESULT.md,87B165FD3C7989B270A4BBEDC13C5FE1617854AB,303,11,286,296,LX-WS-0230-FND-03,FINDING,records/history/archive/LX-WS-0230-FND-03_C15.md,E04F6D5299AB35026F7269308F2F74EBE4B4D621
LS-WS-0230,C15,audit/WS_C15_STRATEGY_QUALITY_ROOT_CAUSE_FINAL_RESULT.md,87B165FD3C7989B270A4BBEDC13C5FE1617854AB,303,12,297,303,LX-WS-0230-FND-03,FINDING,records/history/archive/LX-WS-0230-FND-03_C15.md,E04F6D5299AB35026F7269308F2F74EBE4B4D621
LS-WS-0231,C160,audit/WS_C160_OPERATOR_VALIDATION_COMMANDS.md,3E4A0715BF7CBF2FA58866918AC3BA4F74DC0874,997,1,1,2,LX-WS-0231-CTX-03,CONTEXT,records/history/archive/LX-WS-0231-CTX-03_C160.md,D46155BB6309EA72A6409E3EE27DF02B0A7EC852
LS-WS-0231,C160,audit/WS_C160_OPERATOR_VALIDATION_COMMANDS.md,3E4A0715BF7CBF2FA58866918AC3BA4F74DC0874,997,2,3,19,LX-WS-0231-EVD-02,EVIDENCE,records/evidence/runs/LX-WS-0231-EVD-02_C160.md,52CA056A370FC8A55711D6B550C88CD217FC1B73
LS-WS-0231,C160,audit/WS_C160_OPERATOR_VALIDATION_COMMANDS.md,3E4A0715BF7CBF2FA58866918AC3BA4F74DC0874,997,3,20,103,LX-WS-0231-EVD-02,EVIDENCE,records/evidence/runs/LX-WS-0231-EVD-02_C160.md,52CA056A370FC8A55711D6B550C88CD217FC1B73
LS-WS-0231,C160,audit/WS_C160_OPERATOR_VALIDATION_COMMANDS.md,3E4A0715BF7CBF2FA58866918AC3BA4F74DC0874,997,4,104,113,LX-WS-0231-EVD-02,EVIDENCE,records/evidence/runs/LX-WS-0231-EVD-02_C160.md,52CA056A370FC8A55711D6B550C88CD217FC1B73
LS-WS-0231,C160,audit/WS_C160_OPERATOR_VALIDATION_COMMANDS.md,3E4A0715BF7CBF2FA58866918AC3BA4F74DC0874,997,5,114,143,LX-WS-0231-EVD-02,EVIDENCE,records/evidence/runs/LX-WS-0231-EVD-02_C160.md,52CA056A370FC8A55711D6B550C88CD217FC1B73
LS-WS-0231,C160,audit/WS_C160_OPERATOR_VALIDATION_COMMANDS.md,3E4A0715BF7CBF2FA58866918AC3BA4F74DC0874,997,6,144,162,LX-WS-0231-DEC-01,DECISION,records/decisions/LX-WS-0231-DEC-01_C160.md,02B53BB2C8AEA7B9F6FECA7215BC4264C246ED05
LS-WS-0231,C160,audit/WS_C160_OPERATOR_VALIDATION_COMMANDS.md,3E4A0715BF7CBF2FA58866918AC3BA4F74DC0874,997,7,163,266,LX-WS-0231-DEC-01,DECISION,records/decisions/LX-WS-0231-DEC-01_C160.md,02B53BB2C8AEA7B9F6FECA7215BC4264C246ED05
LS-WS-0231,C160,audit/WS_C160_OPERATOR_VALIDATION_COMMANDS.md,3E4A0715BF7CBF2FA58866918AC3BA4F74DC0874,997,8,267,302,LX-WS-0231-EVD-02,EVIDENCE,records/evidence/runs/LX-WS-0231-EVD-02_C160.md,52CA056A370FC8A55711D6B550C88CD217FC1B73
LS-WS-0231,C160,audit/WS_C160_OPERATOR_VALIDATION_COMMANDS.md,3E4A0715BF7CBF2FA58866918AC3BA4F74DC0874,997,9,303,315,LX-WS-0231-EVD-02,EVIDENCE,records/evidence/runs/LX-WS-0231-EVD-02_C160.md,52CA056A370FC8A55711D6B550C88CD217FC1B73
LS-WS-0231,C160,audit/WS_C160_OPERATOR_VALIDATION_COMMANDS.md,3E4A0715BF7CBF2FA58866918AC3BA4F74DC0874,997,10,316,346,LX-WS-0231-EVD-02,EVIDENCE,records/evidence/runs/LX-WS-0231-EVD-02_C160.md,52CA056A370FC8A55711D6B550C88CD217FC1B73
LS-WS-0231,C160,audit/WS_C160_OPERATOR_VALIDATION_COMMANDS.md,3E4A0715BF7CBF2FA58866918AC3BA4F74DC0874,997,11,347,367,LX-WS-0231-EVD-02,EVIDENCE,records/evidence/runs/LX-WS-0231-EVD-02_C160.md,52CA056A370FC8A55711D6B550C88CD217FC1B73
LS-WS-0231,C160,audit/WS_C160_OPERATOR_VALIDATION_COMMANDS.md,3E4A0715BF7CBF2FA58866918AC3BA4F74DC0874,997,12,368,517,LX-WS-0231-EVD-02,EVIDENCE,records/evidence/runs/LX-WS-0231-EVD-02_C160.md,52CA056A370FC8A55711D6B550C88CD217FC1B73
LS-WS-0231,C160,audit/WS_C160_OPERATOR_VALIDATION_COMMANDS.md,3E4A0715BF7CBF2FA58866918AC3BA4F74DC0874,997,13,518,530,LX-WS-0231-EVD-02,EVIDENCE,records/evidence/runs/LX-WS-0231-EVD-02_C160.md,52CA056A370FC8A55711D6B550C88CD217FC1B73
LS-WS-0231,C160,audit/WS_C160_OPERATOR_VALIDATION_COMMANDS.md,3E4A0715BF7CBF2FA58866918AC3BA4F74DC0874,997,14,531,569,LX-WS-0231-EVD-02,EVIDENCE,records/evidence/runs/LX-WS-0231-EVD-02_C160.md,52CA056A370FC8A55711D6B550C88CD217FC1B73
LS-WS-0231,C160,audit/WS_C160_OPERATOR_VALIDATION_COMMANDS.md,3E4A0715BF7CBF2FA58866918AC3BA4F74DC0874,997,15,570,589,LX-WS-0231-EVD-02,EVIDENCE,records/evidence/runs/LX-WS-0231-EVD-02_C160.md,52CA056A370FC8A55711D6B550C88CD217FC1B73
LS-WS-0231,C160,audit/WS_C160_OPERATOR_VALIDATION_COMMANDS.md,3E4A0715BF7CBF2FA58866918AC3BA4F74DC0874,997,16,590,721,LX-WS-0231-EVD-02,EVIDENCE,records/evidence/runs/LX-WS-0231-EVD-02_C160.md,52CA056A370FC8A55711D6B550C88CD217FC1B73
LS-WS-0231,C160,audit/WS_C160_OPERATOR_VALIDATION_COMMANDS.md,3E4A0715BF7CBF2FA58866918AC3BA4F74DC0874,997,17,722,740,LX-WS-0231-EVD-02,EVIDENCE,records/evidence/runs/LX-WS-0231-EVD-02_C160.md,52CA056A370FC8A55711D6B550C88CD217FC1B73
LS-WS-0231,C160,audit/WS_C160_OPERATOR_VALIDATION_COMMANDS.md,3E4A0715BF7CBF2FA58866918AC3BA4F74DC0874,997,18,741,777,LX-WS-0231-EVD-02,EVIDENCE,records/evidence/runs/LX-WS-0231-EVD-02_C160.md,52CA056A370FC8A55711D6B550C88CD217FC1B73
LS-WS-0231,C160,audit/WS_C160_OPERATOR_VALIDATION_COMMANDS.md,3E4A0715BF7CBF2FA58866918AC3BA4F74DC0874,997,19,778,798,LX-WS-0231-DEC-01,DECISION,records/decisions/LX-WS-0231-DEC-01_C160.md,02B53BB2C8AEA7B9F6FECA7215BC4264C246ED05
LS-WS-0231,C160,audit/WS_C160_OPERATOR_VALIDATION_COMMANDS.md,3E4A0715BF7CBF2FA58866918AC3BA4F74DC0874,997,20,799,947,LX-WS-0231-DEC-01,DECISION,records/decisions/LX-WS-0231-DEC-01_C160.md,02B53BB2C8AEA7B9F6FECA7215BC4264C246ED05
LS-WS-0231,C160,audit/WS_C160_OPERATOR_VALIDATION_COMMANDS.md,3E4A0715BF7CBF2FA58866918AC3BA4F74DC0874,997,21,948,960,LX-WS-0231-DEC-01,DECISION,records/decisions/LX-WS-0231-DEC-01_C160.md,02B53BB2C8AEA7B9F6FECA7215BC4264C246ED05
LS-WS-0231,C160,audit/WS_C160_OPERATOR_VALIDATION_COMMANDS.md,3E4A0715BF7CBF2FA58866918AC3BA4F74DC0874,997,22,961,997,LX-WS-0231-EVD-02,EVIDENCE,records/evidence/runs/LX-WS-0231-EVD-02_C160.md,52CA056A370FC8A55711D6B550C88CD217FC1B73
LS-WS-0232,C160,audit/WS_C160_WEEKLY_SWING_WATCHLIST_PRODUCTION_LIVE_RUNTIME_PLAN_CONFIRM_BOUNDARY_REVIEW.md,A4214E0933F472D6CCB91FA9347C204F02EC4984,109,1,1,2,LX-WS-0232-CTX-03,CONTEXT,records/history/archive/LX-WS-0232-CTX-03_C160.md,073CC8CC4285A43167EFA6C52F02062A2EB47CA9
LS-WS-0232,C160,audit/WS_C160_WEEKLY_SWING_WATCHLIST_PRODUCTION_LIVE_RUNTIME_PLAN_CONFIRM_BOUNDARY_REVIEW.md,A4214E0933F472D6CCB91FA9347C204F02EC4984,109,2,3,14,LX-WS-0232-DEC-01,DECISION,records/decisions/LX-WS-0232-DEC-01_C160.md,A2A4AFF9DBE835AA2219C8D3E26FF42057CA44C8
LS-WS-0232,C160,audit/WS_C160_WEEKLY_SWING_WATCHLIST_PRODUCTION_LIVE_RUNTIME_PLAN_CONFIRM_BOUNDARY_REVIEW.md,A4214E0933F472D6CCB91FA9347C204F02EC4984,109,3,15,25,LX-WS-0232-DEC-01,DECISION,records/decisions/LX-WS-0232-DEC-01_C160.md,A2A4AFF9DBE835AA2219C8D3E26FF42057CA44C8
LS-WS-0232,C160,audit/WS_C160_WEEKLY_SWING_WATCHLIST_PRODUCTION_LIVE_RUNTIME_PLAN_CONFIRM_BOUNDARY_REVIEW.md,A4214E0933F472D6CCB91FA9347C204F02EC4984,109,4,26,35,LX-WS-0232-DEC-01,DECISION,records/decisions/LX-WS-0232-DEC-01_C160.md,A2A4AFF9DBE835AA2219C8D3E26FF42057CA44C8
LS-WS-0232,C160,audit/WS_C160_WEEKLY_SWING_WATCHLIST_PRODUCTION_LIVE_RUNTIME_PLAN_CONFIRM_BOUNDARY_REVIEW.md,A4214E0933F472D6CCB91FA9347C204F02EC4984,109,5,36,72,LX-WS-0232-DEC-01,DECISION,records/decisions/LX-WS-0232-DEC-01_C160.md,A2A4AFF9DBE835AA2219C8D3E26FF42057CA44C8
LS-WS-0232,C160,audit/WS_C160_WEEKLY_SWING_WATCHLIST_PRODUCTION_LIVE_RUNTIME_PLAN_CONFIRM_BOUNDARY_REVIEW.md,A4214E0933F472D6CCB91FA9347C204F02EC4984,109,6,73,84,LX-WS-0232-DEC-01,DECISION,records/decisions/LX-WS-0232-DEC-01_C160.md,A2A4AFF9DBE835AA2219C8D3E26FF42057CA44C8
LS-WS-0232,C160,audit/WS_C160_WEEKLY_SWING_WATCHLIST_PRODUCTION_LIVE_RUNTIME_PLAN_CONFIRM_BOUNDARY_REVIEW.md,A4214E0933F472D6CCB91FA9347C204F02EC4984,109,7,85,103,LX-WS-0232-EVD-02,EVIDENCE,records/evidence/runs/LX-WS-0232-EVD-02_C160.md,65E20D4225E822FBDA8370DDD0E474FB75B9B922
LS-WS-0232,C160,audit/WS_C160_WEEKLY_SWING_WATCHLIST_PRODUCTION_LIVE_RUNTIME_PLAN_CONFIRM_BOUNDARY_REVIEW.md,A4214E0933F472D6CCB91FA9347C204F02EC4984,109,8,104,109,LX-WS-0232-DEC-01,DECISION,records/decisions/LX-WS-0232-DEC-01_C160.md,A2A4AFF9DBE835AA2219C8D3E26FF42057CA44C8
LS-WS-0234,C160,audit/WS_C160_WEEKLY_SWING_WATCHLIST_PRODUCTION_LIVE_RUNTIME_PLAN_CONFIRM_GO_DECISION_FINALIZATION_REVIEW.md,74D8D4BC8F5CF748B184C1E2B540D8A315D3B082,109,1,1,11,LX-WS-0234-CTX-03,CONTEXT,records/history/archive/LX-WS-0234-CTX-03_C160.md,FA194524359F422CF1BB86F99576F46C41BB1152
LS-WS-0234,C160,audit/WS_C160_WEEKLY_SWING_WATCHLIST_PRODUCTION_LIVE_RUNTIME_PLAN_CONFIRM_GO_DECISION_FINALIZATION_REVIEW.md,74D8D4BC8F5CF748B184C1E2B540D8A315D3B082,109,2,12,23,LX-WS-0234-DEC-01,DECISION,records/decisions/LX-WS-0234-DEC-01_C160.md,9FE9DEA0AC6041AC29CE0682FC37AA7A313F920E
LS-WS-0234,C160,audit/WS_C160_WEEKLY_SWING_WATCHLIST_PRODUCTION_LIVE_RUNTIME_PLAN_CONFIRM_GO_DECISION_FINALIZATION_REVIEW.md,74D8D4BC8F5CF748B184C1E2B540D8A315D3B082,109,3,24,34,LX-WS-0234-DEC-01,DECISION,records/decisions/LX-WS-0234-DEC-01_C160.md,9FE9DEA0AC6041AC29CE0682FC37AA7A313F920E
LS-WS-0234,C160,audit/WS_C160_WEEKLY_SWING_WATCHLIST_PRODUCTION_LIVE_RUNTIME_PLAN_CONFIRM_GO_DECISION_FINALIZATION_REVIEW.md,74D8D4BC8F5CF748B184C1E2B540D8A315D3B082,109,4,35,66,LX-WS-0234-DEC-01,DECISION,records/decisions/LX-WS-0234-DEC-01_C160.md,9FE9DEA0AC6041AC29CE0682FC37AA7A313F920E
LS-WS-0234,C160,audit/WS_C160_WEEKLY_SWING_WATCHLIST_PRODUCTION_LIVE_RUNTIME_PLAN_CONFIRM_GO_DECISION_FINALIZATION_REVIEW.md,74D8D4BC8F5CF748B184C1E2B540D8A315D3B082,109,5,67,78,LX-WS-0234-DEC-01,DECISION,records/decisions/LX-WS-0234-DEC-01_C160.md,9FE9DEA0AC6041AC29CE0682FC37AA7A313F920E
LS-WS-0234,C160,audit/WS_C160_WEEKLY_SWING_WATCHLIST_PRODUCTION_LIVE_RUNTIME_PLAN_CONFIRM_GO_DECISION_FINALIZATION_REVIEW.md,74D8D4BC8F5CF748B184C1E2B540D8A315D3B082,109,6,79,98,LX-WS-0234-EVD-02,EVIDENCE,records/evidence/runs/LX-WS-0234-EVD-02_C160.md,6987B174BD4C31486123A57367DC2A65688CED8A
LS-WS-0234,C160,audit/WS_C160_WEEKLY_SWING_WATCHLIST_PRODUCTION_LIVE_RUNTIME_PLAN_CONFIRM_GO_DECISION_FINALIZATION_REVIEW.md,74D8D4BC8F5CF748B184C1E2B540D8A315D3B082,109,7,99,109,LX-WS-0234-DEC-01,DECISION,records/decisions/LX-WS-0234-DEC-01_C160.md,9FE9DEA0AC6041AC29CE0682FC37AA7A313F920E
LS-WS-0235,C160,audit/WS_C160_WEEKLY_SWING_WATCHLIST_PRODUCTION_LIVE_RUNTIME_PLAN_CONFIRM_OPERATOR_GO_NO_GO_REVIEW.md,4BEBFE9EDF2549CB3D7A0709670B69B9AA83E541,99,1,1,12,LX-WS-0235-CTX-03,CONTEXT,records/history/archive/LX-WS-0235-CTX-03_C160.md,5D417A680BFA9DA781EC232476D7F18B13C7FD3D
LS-WS-0235,C160,audit/WS_C160_WEEKLY_SWING_WATCHLIST_PRODUCTION_LIVE_RUNTIME_PLAN_CONFIRM_OPERATOR_GO_NO_GO_REVIEW.md,4BEBFE9EDF2549CB3D7A0709670B69B9AA83E541,99,2,13,24,LX-WS-0235-DEC-01,DECISION,records/decisions/LX-WS-0235-DEC-01_C160.md,6C4887EC66702E1B998E91E577FF02AB7FC96F61
LS-WS-0235,C160,audit/WS_C160_WEEKLY_SWING_WATCHLIST_PRODUCTION_LIVE_RUNTIME_PLAN_CONFIRM_OPERATOR_GO_NO_GO_REVIEW.md,4BEBFE9EDF2549CB3D7A0709670B69B9AA83E541,99,3,25,35,LX-WS-0235-DEC-01,DECISION,records/decisions/LX-WS-0235-DEC-01_C160.md,6C4887EC66702E1B998E91E577FF02AB7FC96F61
LS-WS-0235,C160,audit/WS_C160_WEEKLY_SWING_WATCHLIST_PRODUCTION_LIVE_RUNTIME_PLAN_CONFIRM_OPERATOR_GO_NO_GO_REVIEW.md,4BEBFE9EDF2549CB3D7A0709670B69B9AA83E541,99,4,36,61,LX-WS-0235-DEC-01,DECISION,records/decisions/LX-WS-0235-DEC-01_C160.md,6C4887EC66702E1B998E91E577FF02AB7FC96F61
LS-WS-0235,C160,audit/WS_C160_WEEKLY_SWING_WATCHLIST_PRODUCTION_LIVE_RUNTIME_PLAN_CONFIRM_OPERATOR_GO_NO_GO_REVIEW.md,4BEBFE9EDF2549CB3D7A0709670B69B9AA83E541,99,5,62,73,LX-WS-0235-DEC-01,DECISION,records/decisions/LX-WS-0235-DEC-01_C160.md,6C4887EC66702E1B998E91E577FF02AB7FC96F61
LS-WS-0235,C160,audit/WS_C160_WEEKLY_SWING_WATCHLIST_PRODUCTION_LIVE_RUNTIME_PLAN_CONFIRM_OPERATOR_GO_NO_GO_REVIEW.md,4BEBFE9EDF2549CB3D7A0709670B69B9AA83E541,99,6,74,94,LX-WS-0235-EVD-02,EVIDENCE,records/evidence/runs/LX-WS-0235-EVD-02_C160.md,601AB8E3E07FB22AC1ACA6EB488218C4D584311A
LS-WS-0235,C160,audit/WS_C160_WEEKLY_SWING_WATCHLIST_PRODUCTION_LIVE_RUNTIME_PLAN_CONFIRM_OPERATOR_GO_NO_GO_REVIEW.md,4BEBFE9EDF2549CB3D7A0709670B69B9AA83E541,99,7,95,99,LX-WS-0235-DEC-01,DECISION,records/decisions/LX-WS-0235-DEC-01_C160.md,6C4887EC66702E1B998E91E577FF02AB7FC96F61
LS-WS-0237,C161,audit/WS_C161_OPERATOR_VALIDATION_COMMANDS.md,456EC2AB183EFDC18536296FC0E1E88F221D18DE,1028,1,1,2,LX-WS-0237-CTX-03,CONTEXT,records/history/archive/LX-WS-0237-CTX-03_C161.md,BA6DFDC7D48FCDBFBA1BED1FC3C6638D4F0350D9
LS-WS-0237,C161,audit/WS_C161_OPERATOR_VALIDATION_COMMANDS.md,456EC2AB183EFDC18536296FC0E1E88F221D18DE,1028,2,3,24,LX-WS-0237-EVD-02,EVIDENCE,records/evidence/runs/LX-WS-0237-EVD-02_C161.md,A09FD9307F32E986DC62653BFD25CE081E6670A8
LS-WS-0237,C161,audit/WS_C161_OPERATOR_VALIDATION_COMMANDS.md,456EC2AB183EFDC18536296FC0E1E88F221D18DE,1028,3,25,200,LX-WS-0237-EVD-02,EVIDENCE,records/evidence/runs/LX-WS-0237-EVD-02_C161.md,A09FD9307F32E986DC62653BFD25CE081E6670A8
LS-WS-0237,C161,audit/WS_C161_OPERATOR_VALIDATION_COMMANDS.md,456EC2AB183EFDC18536296FC0E1E88F221D18DE,1028,4,201,214,LX-WS-0237-EVD-02,EVIDENCE,records/evidence/runs/LX-WS-0237-EVD-02_C161.md,A09FD9307F32E986DC62653BFD25CE081E6670A8
LS-WS-0237,C161,audit/WS_C161_OPERATOR_VALIDATION_COMMANDS.md,456EC2AB183EFDC18536296FC0E1E88F221D18DE,1028,5,215,253,LX-WS-0237-EVD-02,EVIDENCE,records/evidence/runs/LX-WS-0237-EVD-02_C161.md,A09FD9307F32E986DC62653BFD25CE081E6670A8
LS-WS-0237,C161,audit/WS_C161_OPERATOR_VALIDATION_COMMANDS.md,456EC2AB183EFDC18536296FC0E1E88F221D18DE,1028,6,254,273,LX-WS-0237-EVD-02,EVIDENCE,records/evidence/runs/LX-WS-0237-EVD-02_C161.md,A09FD9307F32E986DC62653BFD25CE081E6670A8
LS-WS-0237,C161,audit/WS_C161_OPERATOR_VALIDATION_COMMANDS.md,456EC2AB183EFDC18536296FC0E1E88F221D18DE,1028,7,274,430,LX-WS-0237-EVD-02,EVIDENCE,records/evidence/runs/LX-WS-0237-EVD-02_C161.md,A09FD9307F32E986DC62653BFD25CE081E6670A8
LS-WS-0237,C161,audit/WS_C161_OPERATOR_VALIDATION_COMMANDS.md,456EC2AB183EFDC18536296FC0E1E88F221D18DE,1028,8,431,451,LX-WS-0237-EVD-02,EVIDENCE,records/evidence/runs/LX-WS-0237-EVD-02_C161.md,A09FD9307F32E986DC62653BFD25CE081E6670A8
LS-WS-0237,C161,audit/WS_C161_OPERATOR_VALIDATION_COMMANDS.md,456EC2AB183EFDC18536296FC0E1E88F221D18DE,1028,9,452,493,LX-WS-0237-EVD-02,EVIDENCE,records/evidence/runs/LX-WS-0237-EVD-02_C161.md,A09FD9307F32E986DC62653BFD25CE081E6670A8
LS-WS-0237,C161,audit/WS_C161_OPERATOR_VALIDATION_COMMANDS.md,456EC2AB183EFDC18536296FC0E1E88F221D18DE,1028,10,494,512,LX-WS-0237-DEC-01,DECISION,records/decisions/LX-WS-0237-DEC-01_C161.md,6ED545539F0ECD8CCD90F73E7378219BE9C22BC2
LS-WS-0237,C161,audit/WS_C161_OPERATOR_VALIDATION_COMMANDS.md,456EC2AB183EFDC18536296FC0E1E88F221D18DE,1028,11,513,548,LX-WS-0237-DEC-01,DECISION,records/decisions/LX-WS-0237-DEC-01_C161.md,6ED545539F0ECD8CCD90F73E7378219BE9C22BC2
LS-WS-0237,C161,audit/WS_C161_OPERATOR_VALIDATION_COMMANDS.md,456EC2AB183EFDC18536296FC0E1E88F221D18DE,1028,12,549,652,LX-WS-0237-DEC-01,DECISION,records/decisions/LX-WS-0237-DEC-01_C161.md,6ED545539F0ECD8CCD90F73E7378219BE9C22BC2
LS-WS-0237,C161,audit/WS_C161_OPERATOR_VALIDATION_COMMANDS.md,456EC2AB183EFDC18536296FC0E1E88F221D18DE,1028,13,653,665,LX-WS-0237-DEC-01,DECISION,records/decisions/LX-WS-0237-DEC-01_C161.md,6ED545539F0ECD8CCD90F73E7378219BE9C22BC2
LS-WS-0237,C161,audit/WS_C161_OPERATOR_VALIDATION_COMMANDS.md,456EC2AB183EFDC18536296FC0E1E88F221D18DE,1028,14,666,689,LX-WS-0237-DEC-01,DECISION,records/decisions/LX-WS-0237-DEC-01_C161.md,6ED545539F0ECD8CCD90F73E7378219BE9C22BC2
LS-WS-0237,C161,audit/WS_C161_OPERATOR_VALIDATION_COMMANDS.md,456EC2AB183EFDC18536296FC0E1E88F221D18DE,1028,15,690,710,LX-WS-0237-EVD-02,EVIDENCE,records/evidence/runs/LX-WS-0237-EVD-02_C161.md,A09FD9307F32E986DC62653BFD25CE081E6670A8
LS-WS-0237,C161,audit/WS_C161_OPERATOR_VALIDATION_COMMANDS.md,456EC2AB183EFDC18536296FC0E1E88F221D18DE,1028,16,711,886,LX-WS-0237-EVD-02,EVIDENCE,records/evidence/runs/LX-WS-0237-EVD-02_C161.md,A09FD9307F32E986DC62653BFD25CE081E6670A8
LS-WS-0237,C161,audit/WS_C161_OPERATOR_VALIDATION_COMMANDS.md,456EC2AB183EFDC18536296FC0E1E88F221D18DE,1028,17,887,901,LX-WS-0237-EVD-02,EVIDENCE,records/evidence/runs/LX-WS-0237-EVD-02_C161.md,A09FD9307F32E986DC62653BFD25CE081E6670A8
LS-WS-0237,C161,audit/WS_C161_OPERATOR_VALIDATION_COMMANDS.md,456EC2AB183EFDC18536296FC0E1E88F221D18DE,1028,18,902,923,LX-WS-0237-EVD-02,EVIDENCE,records/evidence/runs/LX-WS-0237-EVD-02_C161.md,A09FD9307F32E986DC62653BFD25CE081E6670A8
LS-WS-0237,C161,audit/WS_C161_OPERATOR_VALIDATION_COMMANDS.md,456EC2AB183EFDC18536296FC0E1E88F221D18DE,1028,19,924,999,LX-WS-0237-DEC-01,DECISION,records/decisions/LX-WS-0237-DEC-01_C161.md,6ED545539F0ECD8CCD90F73E7378219BE9C22BC2
LS-WS-0237,C161,audit/WS_C161_OPERATOR_VALIDATION_COMMANDS.md,456EC2AB183EFDC18536296FC0E1E88F221D18DE,1028,20,1000,1028,LX-WS-0237-EVD-02,EVIDENCE,records/evidence/runs/LX-WS-0237-EVD-02_C161.md,A09FD9307F32E986DC62653BFD25CE081E6670A8
LS-WS-0238,C161,audit/WS_C161_WEEKLY_SWING_WATCHLIST_PRODUCTION_LIVE_RUNTIME_PLAN_CONFIRM_COMPLETION_BOUNDARY_REVIEW.md,FD5C74B37CDE5E187C028E65436957695D60FD64,108,1,1,10,LX-WS-0238-CTX-03,CONTEXT,records/history/archive/LX-WS-0238-CTX-03_C161.md,D9D66A59826308603453BE4DF868BA128A129CE4
LS-WS-0238,C161,audit/WS_C161_WEEKLY_SWING_WATCHLIST_PRODUCTION_LIVE_RUNTIME_PLAN_CONFIRM_COMPLETION_BOUNDARY_REVIEW.md,FD5C74B37CDE5E187C028E65436957695D60FD64,108,2,11,23,LX-WS-0238-DEC-01,DECISION,records/decisions/LX-WS-0238-DEC-01_C161.md,EED771FB6A6C35B7BE34341EA96AD65CE7016C16
LS-WS-0238,C161,audit/WS_C161_WEEKLY_SWING_WATCHLIST_PRODUCTION_LIVE_RUNTIME_PLAN_CONFIRM_COMPLETION_BOUNDARY_REVIEW.md,FD5C74B37CDE5E187C028E65436957695D60FD64,108,3,24,34,LX-WS-0238-DEC-01,DECISION,records/decisions/LX-WS-0238-DEC-01_C161.md,EED771FB6A6C35B7BE34341EA96AD65CE7016C16
LS-WS-0238,C161,audit/WS_C161_WEEKLY_SWING_WATCHLIST_PRODUCTION_LIVE_RUNTIME_PLAN_CONFIRM_COMPLETION_BOUNDARY_REVIEW.md,FD5C74B37CDE5E187C028E65436957695D60FD64,108,4,35,65,LX-WS-0238-DEC-01,DECISION,records/decisions/LX-WS-0238-DEC-01_C161.md,EED771FB6A6C35B7BE34341EA96AD65CE7016C16
LS-WS-0238,C161,audit/WS_C161_WEEKLY_SWING_WATCHLIST_PRODUCTION_LIVE_RUNTIME_PLAN_CONFIRM_COMPLETION_BOUNDARY_REVIEW.md,FD5C74B37CDE5E187C028E65436957695D60FD64,108,5,66,77,LX-WS-0238-DEC-01,DECISION,records/decisions/LX-WS-0238-DEC-01_C161.md,EED771FB6A6C35B7BE34341EA96AD65CE7016C16
LS-WS-0238,C161,audit/WS_C161_WEEKLY_SWING_WATCHLIST_PRODUCTION_LIVE_RUNTIME_PLAN_CONFIRM_COMPLETION_BOUNDARY_REVIEW.md,FD5C74B37CDE5E187C028E65436957695D60FD64,108,6,78,98,LX-WS-0238-EVD-02,EVIDENCE,records/evidence/runs/LX-WS-0238-EVD-02_C161.md,BAA1D5088C79922B86CA9D8F5105DA4423925EBC
LS-WS-0238,C161,audit/WS_C161_WEEKLY_SWING_WATCHLIST_PRODUCTION_LIVE_RUNTIME_PLAN_CONFIRM_COMPLETION_BOUNDARY_REVIEW.md,FD5C74B37CDE5E187C028E65436957695D60FD64,108,7,99,108,LX-WS-0238-DEC-01,DECISION,records/decisions/LX-WS-0238-DEC-01_C161.md,EED771FB6A6C35B7BE34341EA96AD65CE7016C16
LS-WS-0240,C161,audit/WS_C161_WEEKLY_SWING_WATCHLIST_PRODUCTION_LIVE_RUNTIME_PLAN_CONFIRM_COMPLETION_GO_DECISION_FINALIZATION_REVIEW.md,74BEBDD96572884C04D6D80D6A76AA74C762791B,112,1,1,11,LX-WS-0240-CTX-03,CONTEXT,records/history/archive/LX-WS-0240-CTX-03_C161.md,4D227BF827BF3C6560A802342E54F4298508B443
LS-WS-0240,C161,audit/WS_C161_WEEKLY_SWING_WATCHLIST_PRODUCTION_LIVE_RUNTIME_PLAN_CONFIRM_COMPLETION_GO_DECISION_FINALIZATION_REVIEW.md,74BEBDD96572884C04D6D80D6A76AA74C762791B,112,2,12,23,LX-WS-0240-DEC-01,DECISION,records/decisions/LX-WS-0240-DEC-01_C161.md,0876614D522A52D4A937C9B8233BBF2A3FEBECB0
LS-WS-0240,C161,audit/WS_C161_WEEKLY_SWING_WATCHLIST_PRODUCTION_LIVE_RUNTIME_PLAN_CONFIRM_COMPLETION_GO_DECISION_FINALIZATION_REVIEW.md,74BEBDD96572884C04D6D80D6A76AA74C762791B,112,3,24,37,LX-WS-0240-DEC-01,DECISION,records/decisions/LX-WS-0240-DEC-01_C161.md,0876614D522A52D4A937C9B8233BBF2A3FEBECB0
LS-WS-0240,C161,audit/WS_C161_WEEKLY_SWING_WATCHLIST_PRODUCTION_LIVE_RUNTIME_PLAN_CONFIRM_COMPLETION_GO_DECISION_FINALIZATION_REVIEW.md,74BEBDD96572884C04D6D80D6A76AA74C762791B,112,4,38,69,LX-WS-0240-DEC-01,DECISION,records/decisions/LX-WS-0240-DEC-01_C161.md,0876614D522A52D4A937C9B8233BBF2A3FEBECB0
LS-WS-0240,C161,audit/WS_C161_WEEKLY_SWING_WATCHLIST_PRODUCTION_LIVE_RUNTIME_PLAN_CONFIRM_COMPLETION_GO_DECISION_FINALIZATION_REVIEW.md,74BEBDD96572884C04D6D80D6A76AA74C762791B,112,5,70,81,LX-WS-0240-DEC-01,DECISION,records/decisions/LX-WS-0240-DEC-01_C161.md,0876614D522A52D4A937C9B8233BBF2A3FEBECB0
LS-WS-0240,C161,audit/WS_C161_WEEKLY_SWING_WATCHLIST_PRODUCTION_LIVE_RUNTIME_PLAN_CONFIRM_COMPLETION_GO_DECISION_FINALIZATION_REVIEW.md,74BEBDD96572884C04D6D80D6A76AA74C762791B,112,6,82,101,LX-WS-0240-EVD-02,EVIDENCE,records/evidence/runs/LX-WS-0240-EVD-02_C161.md,966231B1E3EC99C45D0B75AC412730FE57825B5F
LS-WS-0240,C161,audit/WS_C161_WEEKLY_SWING_WATCHLIST_PRODUCTION_LIVE_RUNTIME_PLAN_CONFIRM_COMPLETION_GO_DECISION_FINALIZATION_REVIEW.md,74BEBDD96572884C04D6D80D6A76AA74C762791B,112,7,102,112,LX-WS-0240-DEC-01,DECISION,records/decisions/LX-WS-0240-DEC-01_C161.md,0876614D522A52D4A937C9B8233BBF2A3FEBECB0
LS-WS-0241,C161,audit/WS_C161_WEEKLY_SWING_WATCHLIST_PRODUCTION_LIVE_RUNTIME_PLAN_CONFIRM_COMPLETION_OPERATOR_GO_NO_GO_REVIEW.md,CFD0BF29B5C764AE6AEF12186292A708338316CB,103,1,1,12,LX-WS-0241-CTX-03,CONTEXT,records/history/archive/LX-WS-0241-CTX-03_C161.md,574AF913929D564E00238416B8AC06D5F09B2D8B
LS-WS-0241,C161,audit/WS_C161_WEEKLY_SWING_WATCHLIST_PRODUCTION_LIVE_RUNTIME_PLAN_CONFIRM_COMPLETION_OPERATOR_GO_NO_GO_REVIEW.md,CFD0BF29B5C764AE6AEF12186292A708338316CB,103,2,13,24,LX-WS-0241-DEC-01,DECISION,records/decisions/LX-WS-0241-DEC-01_C161.md,B3C8DD51A41EED776B0160B4FFC1A6551F49DF1F
LS-WS-0241,C161,audit/WS_C161_WEEKLY_SWING_WATCHLIST_PRODUCTION_LIVE_RUNTIME_PLAN_CONFIRM_COMPLETION_OPERATOR_GO_NO_GO_REVIEW.md,CFD0BF29B5C764AE6AEF12186292A708338316CB,103,3,25,38,LX-WS-0241-DEC-01,DECISION,records/decisions/LX-WS-0241-DEC-01_C161.md,B3C8DD51A41EED776B0160B4FFC1A6551F49DF1F
LS-WS-0241,C161,audit/WS_C161_WEEKLY_SWING_WATCHLIST_PRODUCTION_LIVE_RUNTIME_PLAN_CONFIRM_COMPLETION_OPERATOR_GO_NO_GO_REVIEW.md,CFD0BF29B5C764AE6AEF12186292A708338316CB,103,4,39,64,LX-WS-0241-DEC-01,DECISION,records/decisions/LX-WS-0241-DEC-01_C161.md,B3C8DD51A41EED776B0160B4FFC1A6551F49DF1F
LS-WS-0241,C161,audit/WS_C161_WEEKLY_SWING_WATCHLIST_PRODUCTION_LIVE_RUNTIME_PLAN_CONFIRM_COMPLETION_OPERATOR_GO_NO_GO_REVIEW.md,CFD0BF29B5C764AE6AEF12186292A708338316CB,103,5,65,76,LX-WS-0241-DEC-01,DECISION,records/decisions/LX-WS-0241-DEC-01_C161.md,B3C8DD51A41EED776B0160B4FFC1A6551F49DF1F
LS-WS-0241,C161,audit/WS_C161_WEEKLY_SWING_WATCHLIST_PRODUCTION_LIVE_RUNTIME_PLAN_CONFIRM_COMPLETION_OPERATOR_GO_NO_GO_REVIEW.md,CFD0BF29B5C764AE6AEF12186292A708338316CB,103,6,77,98,LX-WS-0241-EVD-02,EVIDENCE,records/evidence/runs/LX-WS-0241-EVD-02_C161.md,A39D2F10F3D46680055442139354877620F05383
LS-WS-0241,C161,audit/WS_C161_WEEKLY_SWING_WATCHLIST_PRODUCTION_LIVE_RUNTIME_PLAN_CONFIRM_COMPLETION_OPERATOR_GO_NO_GO_REVIEW.md,CFD0BF29B5C764AE6AEF12186292A708338316CB,103,7,99,103,LX-WS-0241-DEC-01,DECISION,records/decisions/LX-WS-0241-DEC-01_C161.md,B3C8DD51A41EED776B0160B4FFC1A6551F49DF1F
LS-WS-0244,C162,audit/WS_C162_HANDOFF_AUDIT_ARCHIVE_COMPLETION_SEAL_OPERATOR_VALIDATION_COMMANDS.md,5210BD3A6DEF5A62B39C092F36A7D26BDBACFD83,138,1,1,2,LX-WS-0244-CTX-03,CONTEXT,records/history/archive/LX-WS-0244-CTX-03_C162.md,ADC7C5EE9F087D867BF265F60A0512586B667198
LS-WS-0244,C162,audit/WS_C162_HANDOFF_AUDIT_ARCHIVE_COMPLETION_SEAL_OPERATOR_VALIDATION_COMMANDS.md,5210BD3A6DEF5A62B39C092F36A7D26BDBACFD83,138,2,3,24,LX-WS-0244-EVD-02,EVIDENCE,records/evidence/runs/LX-WS-0244-EVD-02_C162.md,EFD93BCA9E1E4560F499AABF7F4B209096D202CB
LS-WS-0244,C162,audit/WS_C162_HANDOFF_AUDIT_ARCHIVE_COMPLETION_SEAL_OPERATOR_VALIDATION_COMMANDS.md,5210BD3A6DEF5A62B39C092F36A7D26BDBACFD83,138,3,25,104,LX-WS-0244-DEC-01,DECISION,records/decisions/LX-WS-0244-DEC-01_C162.md,8B645FBCF0C214D1D2C14B2FF36B0A5CD84134FF
LS-WS-0244,C162,audit/WS_C162_HANDOFF_AUDIT_ARCHIVE_COMPLETION_SEAL_OPERATOR_VALIDATION_COMMANDS.md,5210BD3A6DEF5A62B39C092F36A7D26BDBACFD83,138,4,105,138,LX-WS-0244-EVD-02,EVIDENCE,records/evidence/runs/LX-WS-0244-EVD-02_C162.md,EFD93BCA9E1E4560F499AABF7F4B209096D202CB
LS-WS-0245,C162,audit/WS_C162_HANDOFF_AUDIT_ARCHIVE_FINAL_CLOSURE_OPERATOR_VALIDATION_COMMANDS.md,EED1CFD3085C8B465DFC49D7212ABA28DF5ABD85,138,1,1,2,LX-WS-0245-CTX-03,CONTEXT,records/history/archive/LX-WS-0245-CTX-03_C162.md,C24D7C9EEB9571FB0C44377E1954584F15984DD3
LS-WS-0245,C162,audit/WS_C162_HANDOFF_AUDIT_ARCHIVE_FINAL_CLOSURE_OPERATOR_VALIDATION_COMMANDS.md,EED1CFD3085C8B465DFC49D7212ABA28DF5ABD85,138,2,3,24,LX-WS-0245-EVD-02,EVIDENCE,records/evidence/runs/LX-WS-0245-EVD-02_C162.md,6E26886061E01551B4540484FD688AA54D854163
LS-WS-0245,C162,audit/WS_C162_HANDOFF_AUDIT_ARCHIVE_FINAL_CLOSURE_OPERATOR_VALIDATION_COMMANDS.md,EED1CFD3085C8B465DFC49D7212ABA28DF5ABD85,138,3,25,104,LX-WS-0245-DEC-01,DECISION,records/decisions/LX-WS-0245-DEC-01_C162.md,EFE574B4C283C55BA86DF3C60FC50228A8016B90
LS-WS-0245,C162,audit/WS_C162_HANDOFF_AUDIT_ARCHIVE_FINAL_CLOSURE_OPERATOR_VALIDATION_COMMANDS.md,EED1CFD3085C8B465DFC49D7212ABA28DF5ABD85,138,4,105,138,LX-WS-0245-EVD-02,EVIDENCE,records/evidence/runs/LX-WS-0245-EVD-02_C162.md,6E26886061E01551B4540484FD688AA54D854163
LS-WS-0247,C162,audit/WS_C162_HANDOFF_CLOSURE_SEAL_OPERATOR_VALIDATION_COMMANDS.md,06EF9F9B708D311E3DF83320B6F2C641CD3ED9BF,134,1,1,2,LX-WS-0247-CTX-03,CONTEXT,records/history/archive/LX-WS-0247-CTX-03_C162.md,ED63A7C90D33728400607682675B5DA397AA2F3B
LS-WS-0247,C162,audit/WS_C162_HANDOFF_CLOSURE_SEAL_OPERATOR_VALIDATION_COMMANDS.md,06EF9F9B708D311E3DF83320B6F2C641CD3ED9BF,134,2,3,24,LX-WS-0247-EVD-02,EVIDENCE,records/evidence/runs/LX-WS-0247-EVD-02_C162.md,1C50891876ABD4AFA0DBF287DBA57422494A8F15
LS-WS-0247,C162,audit/WS_C162_HANDOFF_CLOSURE_SEAL_OPERATOR_VALIDATION_COMMANDS.md,06EF9F9B708D311E3DF83320B6F2C641CD3ED9BF,134,3,25,104,LX-WS-0247-DEC-01,DECISION,records/decisions/LX-WS-0247-DEC-01_C162.md,FE0172BE197A4AB996EE270A218F46836DE19F81
LS-WS-0247,C162,audit/WS_C162_HANDOFF_CLOSURE_SEAL_OPERATOR_VALIDATION_COMMANDS.md,06EF9F9B708D311E3DF83320B6F2C641CD3ED9BF,134,4,105,134,LX-WS-0247-EVD-02,EVIDENCE,records/evidence/runs/LX-WS-0247-EVD-02_C162.md,1C50891876ABD4AFA0DBF287DBA57422494A8F15
LS-WS-0250,C162,audit/WS_C162_OPERATOR_VALIDATION_COMMANDS.md,509E26802A236B6A9B606FC30C0423DFFA6A7A2F,134,1,1,2,LX-WS-0250-CTX-03,CONTEXT,records/history/archive/LX-WS-0250-CTX-03_C162.md,ED63A7C90D33728400607682675B5DA397AA2F3B
LS-WS-0250,C162,audit/WS_C162_OPERATOR_VALIDATION_COMMANDS.md,509E26802A236B6A9B606FC30C0423DFFA6A7A2F,134,2,3,24,LX-WS-0250-EVD-02,EVIDENCE,records/evidence/runs/LX-WS-0250-EVD-02_C162.md,7803A51ACE8FA3CA91B1046AB0081FBFD68723B5
LS-WS-0250,C162,audit/WS_C162_OPERATOR_VALIDATION_COMMANDS.md,509E26802A236B6A9B606FC30C0423DFFA6A7A2F,134,3,25,104,LX-WS-0250-DEC-01,DECISION,records/decisions/LX-WS-0250-DEC-01_C162.md,5A53AF01C2155359ED0A42FD9B8F54C70684D863
LS-WS-0250,C162,audit/WS_C162_OPERATOR_VALIDATION_COMMANDS.md,509E26802A236B6A9B606FC30C0423DFFA6A7A2F,134,4,105,134,LX-WS-0250-EVD-02,EVIDENCE,records/evidence/runs/LX-WS-0250-EVD-02_C162.md,7803A51ACE8FA3CA91B1046AB0081FBFD68723B5
LS-WS-0253,C162,audit/WS_C162_WEEKLY_SWING_WATCHLIST_PRODUCTION_LIVE_RUNTIME_PLAN_CONFIRM_COMPLETION_HANDOFF_AUDIT_ARCHIVE_FINAL_CLOSURE_REVIEW.md,6193CA1C355885FB8ECA08CD991B2008CD1D7974,135,1,1,10,LX-WS-0253-CTX-03,CONTEXT,records/history/archive/LX-WS-0253-CTX-03_C162.md,4EC2B61B7B6F22A90523EB2C0B934E7DA8E4D6ED
LS-WS-0253,C162,audit/WS_C162_WEEKLY_SWING_WATCHLIST_PRODUCTION_LIVE_RUNTIME_PLAN_CONFIRM_COMPLETION_HANDOFF_AUDIT_ARCHIVE_FINAL_CLOSURE_REVIEW.md,6193CA1C355885FB8ECA08CD991B2008CD1D7974,135,2,11,30,LX-WS-0253-DEC-01,DECISION,records/decisions/LX-WS-0253-DEC-01_C162.md,A2FBC35ED987A0043AF1C81B44C703A5E0FA2B1C
LS-WS-0253,C162,audit/WS_C162_WEEKLY_SWING_WATCHLIST_PRODUCTION_LIVE_RUNTIME_PLAN_CONFIRM_COMPLETION_HANDOFF_AUDIT_ARCHIVE_FINAL_CLOSURE_REVIEW.md,6193CA1C355885FB8ECA08CD991B2008CD1D7974,135,3,31,44,LX-WS-0253-DEC-01,DECISION,records/decisions/LX-WS-0253-DEC-01_C162.md,A2FBC35ED987A0043AF1C81B44C703A5E0FA2B1C
LS-WS-0253,C162,audit/WS_C162_WEEKLY_SWING_WATCHLIST_PRODUCTION_LIVE_RUNTIME_PLAN_CONFIRM_COMPLETION_HANDOFF_AUDIT_ARCHIVE_FINAL_CLOSURE_REVIEW.md,6193CA1C355885FB8ECA08CD991B2008CD1D7974,135,4,45,85,LX-WS-0253-DEC-01,DECISION,records/decisions/LX-WS-0253-DEC-01_C162.md,A2FBC35ED987A0043AF1C81B44C703A5E0FA2B1C
LS-WS-0253,C162,audit/WS_C162_WEEKLY_SWING_WATCHLIST_PRODUCTION_LIVE_RUNTIME_PLAN_CONFIRM_COMPLETION_HANDOFF_AUDIT_ARCHIVE_FINAL_CLOSURE_REVIEW.md,6193CA1C355885FB8ECA08CD991B2008CD1D7974,135,5,86,97,LX-WS-0253-DEC-01,DECISION,records/decisions/LX-WS-0253-DEC-01_C162.md,A2FBC35ED987A0043AF1C81B44C703A5E0FA2B1C
LS-WS-0253,C162,audit/WS_C162_WEEKLY_SWING_WATCHLIST_PRODUCTION_LIVE_RUNTIME_PLAN_CONFIRM_COMPLETION_HANDOFF_AUDIT_ARCHIVE_FINAL_CLOSURE_REVIEW.md,6193CA1C355885FB8ECA08CD991B2008CD1D7974,135,6,98,125,LX-WS-0253-EVD-02,EVIDENCE,records/evidence/runs/LX-WS-0253-EVD-02_C162.md,1434ED904C3322CC545FD1F819CD678A5C480B3B
LS-WS-0253,C162,audit/WS_C162_WEEKLY_SWING_WATCHLIST_PRODUCTION_LIVE_RUNTIME_PLAN_CONFIRM_COMPLETION_HANDOFF_AUDIT_ARCHIVE_FINAL_CLOSURE_REVIEW.md,6193CA1C355885FB8ECA08CD991B2008CD1D7974,135,7,126,135,LX-WS-0253-DEC-01,DECISION,records/decisions/LX-WS-0253-DEC-01_C162.md,A2FBC35ED987A0043AF1C81B44C703A5E0FA2B1C
LS-WS-0255,C162,audit/WS_C162_WEEKLY_SWING_WATCHLIST_PRODUCTION_LIVE_RUNTIME_PLAN_CONFIRM_COMPLETION_HANDOFF_CLOSURE_SEAL_REVIEW.md,00F1413351EF428EFCCC2DB02B6AD874CE98484D,120,1,1,11,LX-WS-0255-CTX-03,CONTEXT,records/history/archive/LX-WS-0255-CTX-03_C162.md,3825595C1CE7D12B99929CEAFE768E68C79E63D8
LS-WS-0255,C162,audit/WS_C162_WEEKLY_SWING_WATCHLIST_PRODUCTION_LIVE_RUNTIME_PLAN_CONFIRM_COMPLETION_HANDOFF_CLOSURE_SEAL_REVIEW.md,00F1413351EF428EFCCC2DB02B6AD874CE98484D,120,2,12,27,LX-WS-0255-DEC-01,DECISION,records/decisions/LX-WS-0255-DEC-01_C162.md,BC8AE0C49747C96AA2EA4ED5469CC78B36BD484E
LS-WS-0255,C162,audit/WS_C162_WEEKLY_SWING_WATCHLIST_PRODUCTION_LIVE_RUNTIME_PLAN_CONFIRM_COMPLETION_HANDOFF_CLOSURE_SEAL_REVIEW.md,00F1413351EF428EFCCC2DB02B6AD874CE98484D,120,3,28,41,LX-WS-0255-DEC-01,DECISION,records/decisions/LX-WS-0255-DEC-01_C162.md,BC8AE0C49747C96AA2EA4ED5469CC78B36BD484E
LS-WS-0255,C162,audit/WS_C162_WEEKLY_SWING_WATCHLIST_PRODUCTION_LIVE_RUNTIME_PLAN_CONFIRM_COMPLETION_HANDOFF_CLOSURE_SEAL_REVIEW.md,00F1413351EF428EFCCC2DB02B6AD874CE98484D,120,4,42,75,LX-WS-0255-DEC-01,DECISION,records/decisions/LX-WS-0255-DEC-01_C162.md,BC8AE0C49747C96AA2EA4ED5469CC78B36BD484E
LS-WS-0255,C162,audit/WS_C162_WEEKLY_SWING_WATCHLIST_PRODUCTION_LIVE_RUNTIME_PLAN_CONFIRM_COMPLETION_HANDOFF_CLOSURE_SEAL_REVIEW.md,00F1413351EF428EFCCC2DB02B6AD874CE98484D,120,5,76,87,LX-WS-0255-DEC-01,DECISION,records/decisions/LX-WS-0255-DEC-01_C162.md,BC8AE0C49747C96AA2EA4ED5469CC78B36BD484E
LS-WS-0255,C162,audit/WS_C162_WEEKLY_SWING_WATCHLIST_PRODUCTION_LIVE_RUNTIME_PLAN_CONFIRM_COMPLETION_HANDOFF_CLOSURE_SEAL_REVIEW.md,00F1413351EF428EFCCC2DB02B6AD874CE98484D,120,6,88,109,LX-WS-0255-EVD-02,EVIDENCE,records/evidence/runs/LX-WS-0255-EVD-02_C162.md,B78E71071F8FE5CAA5ECB175314BBCFBEE1E4BCE
LS-WS-0255,C162,audit/WS_C162_WEEKLY_SWING_WATCHLIST_PRODUCTION_LIVE_RUNTIME_PLAN_CONFIRM_COMPLETION_HANDOFF_CLOSURE_SEAL_REVIEW.md,00F1413351EF428EFCCC2DB02B6AD874CE98484D,120,7,110,120,LX-WS-0255-DEC-01,DECISION,records/decisions/LX-WS-0255-DEC-01_C162.md,BC8AE0C49747C96AA2EA4ED5469CC78B36BD484E
LS-WS-0256,C162,audit/WS_C162_WEEKLY_SWING_WATCHLIST_PRODUCTION_LIVE_RUNTIME_PLAN_CONFIRM_COMPLETION_HANDOFF_COMPLETION_BOUNDARY_REVIEW.md,06B5F2CFFF54BB2EB4DD2F9048C0104C61207133,118,1,1,11,LX-WS-0256-CTX-03,CONTEXT,records/history/archive/LX-WS-0256-CTX-03_C162.md,5C85978E2A814393A52BBDF9AE47CA3195EC7727
LS-WS-0256,C162,audit/WS_C162_WEEKLY_SWING_WATCHLIST_PRODUCTION_LIVE_RUNTIME_PLAN_CONFIRM_COMPLETION_HANDOFF_COMPLETION_BOUNDARY_REVIEW.md,06B5F2CFFF54BB2EB4DD2F9048C0104C61207133,118,2,12,26,LX-WS-0256-DEC-01,DECISION,records/decisions/LX-WS-0256-DEC-01_C162.md,14FF283334DE90A4EFF1D8CCCFB458409EA2BFF3
LS-WS-0256,C162,audit/WS_C162_WEEKLY_SWING_WATCHLIST_PRODUCTION_LIVE_RUNTIME_PLAN_CONFIRM_COMPLETION_HANDOFF_COMPLETION_BOUNDARY_REVIEW.md,06B5F2CFFF54BB2EB4DD2F9048C0104C61207133,118,3,27,40,LX-WS-0256-DEC-01,DECISION,records/decisions/LX-WS-0256-DEC-01_C162.md,14FF283334DE90A4EFF1D8CCCFB458409EA2BFF3
LS-WS-0256,C162,audit/WS_C162_WEEKLY_SWING_WATCHLIST_PRODUCTION_LIVE_RUNTIME_PLAN_CONFIRM_COMPLETION_HANDOFF_COMPLETION_BOUNDARY_REVIEW.md,06B5F2CFFF54BB2EB4DD2F9048C0104C61207133,118,4,41,73,LX-WS-0256-DEC-01,DECISION,records/decisions/LX-WS-0256-DEC-01_C162.md,14FF283334DE90A4EFF1D8CCCFB458409EA2BFF3
LS-WS-0256,C162,audit/WS_C162_WEEKLY_SWING_WATCHLIST_PRODUCTION_LIVE_RUNTIME_PLAN_CONFIRM_COMPLETION_HANDOFF_COMPLETION_BOUNDARY_REVIEW.md,06B5F2CFFF54BB2EB4DD2F9048C0104C61207133,118,5,74,85,LX-WS-0256-DEC-01,DECISION,records/decisions/LX-WS-0256-DEC-01_C162.md,14FF283334DE90A4EFF1D8CCCFB458409EA2BFF3
LS-WS-0256,C162,audit/WS_C162_WEEKLY_SWING_WATCHLIST_PRODUCTION_LIVE_RUNTIME_PLAN_CONFIRM_COMPLETION_HANDOFF_COMPLETION_BOUNDARY_REVIEW.md,06B5F2CFFF54BB2EB4DD2F9048C0104C61207133,118,6,86,107,LX-WS-0256-EVD-02,EVIDENCE,records/evidence/runs/LX-WS-0256-EVD-02_C162.md,DBF22784BD13B5FE8319DBD0A543EFEB456DF874
LS-WS-0256,C162,audit/WS_C162_WEEKLY_SWING_WATCHLIST_PRODUCTION_LIVE_RUNTIME_PLAN_CONFIRM_COMPLETION_HANDOFF_COMPLETION_BOUNDARY_REVIEW.md,06B5F2CFFF54BB2EB4DD2F9048C0104C61207133,118,7,108,118,LX-WS-0256-DEC-01,DECISION,records/decisions/LX-WS-0256-DEC-01_C162.md,14FF283334DE90A4EFF1D8CCCFB458409EA2BFF3
LS-WS-0257,C162,audit/WS_C162_WEEKLY_SWING_WATCHLIST_PRODUCTION_LIVE_RUNTIME_PLAN_CONFIRM_COMPLETION_HANDOFF_FINALIZATION_REVIEW.md,6C0A26B91A70971AB9B2D99B27DBA59A017F3FF3,116,1,1,11,LX-WS-0257-CTX-03,CONTEXT,records/history/archive/LX-WS-0257-CTX-03_C162.md,843AAA57A6CAA8CB7539E1434D161B513F9449DC
LS-WS-0257,C162,audit/WS_C162_WEEKLY_SWING_WATCHLIST_PRODUCTION_LIVE_RUNTIME_PLAN_CONFIRM_COMPLETION_HANDOFF_FINALIZATION_REVIEW.md,6C0A26B91A70971AB9B2D99B27DBA59A017F3FF3,116,2,12,25,LX-WS-0257-DEC-01,DECISION,records/decisions/LX-WS-0257-DEC-01_C162.md,CB09BBE5FAA530685FBCD45EF037D940667DBA8C
LS-WS-0257,C162,audit/WS_C162_WEEKLY_SWING_WATCHLIST_PRODUCTION_LIVE_RUNTIME_PLAN_CONFIRM_COMPLETION_HANDOFF_FINALIZATION_REVIEW.md,6C0A26B91A70971AB9B2D99B27DBA59A017F3FF3,116,3,26,39,LX-WS-0257-DEC-01,DECISION,records/decisions/LX-WS-0257-DEC-01_C162.md,CB09BBE5FAA530685FBCD45EF037D940667DBA8C
LS-WS-0257,C162,audit/WS_C162_WEEKLY_SWING_WATCHLIST_PRODUCTION_LIVE_RUNTIME_PLAN_CONFIRM_COMPLETION_HANDOFF_FINALIZATION_REVIEW.md,6C0A26B91A70971AB9B2D99B27DBA59A017F3FF3,116,4,40,71,LX-WS-0257-DEC-01,DECISION,records/decisions/LX-WS-0257-DEC-01_C162.md,CB09BBE5FAA530685FBCD45EF037D940667DBA8C
LS-WS-0257,C162,audit/WS_C162_WEEKLY_SWING_WATCHLIST_PRODUCTION_LIVE_RUNTIME_PLAN_CONFIRM_COMPLETION_HANDOFF_FINALIZATION_REVIEW.md,6C0A26B91A70971AB9B2D99B27DBA59A017F3FF3,116,5,72,83,LX-WS-0257-DEC-01,DECISION,records/decisions/LX-WS-0257-DEC-01_C162.md,CB09BBE5FAA530685FBCD45EF037D940667DBA8C
LS-WS-0257,C162,audit/WS_C162_WEEKLY_SWING_WATCHLIST_PRODUCTION_LIVE_RUNTIME_PLAN_CONFIRM_COMPLETION_HANDOFF_FINALIZATION_REVIEW.md,6C0A26B91A70971AB9B2D99B27DBA59A017F3FF3,116,6,84,105,LX-WS-0257-EVD-02,EVIDENCE,records/evidence/runs/LX-WS-0257-EVD-02_C162.md,3F95E3C8539A722335387146D9BCAB3FCBB4BD70
LS-WS-0257,C162,audit/WS_C162_WEEKLY_SWING_WATCHLIST_PRODUCTION_LIVE_RUNTIME_PLAN_CONFIRM_COMPLETION_HANDOFF_FINALIZATION_REVIEW.md,6C0A26B91A70971AB9B2D99B27DBA59A017F3FF3,116,7,106,116,LX-WS-0257-DEC-01,DECISION,records/decisions/LX-WS-0257-DEC-01_C162.md,CB09BBE5FAA530685FBCD45EF037D940667DBA8C
LS-WS-0258,C162,audit/WS_C162_WEEKLY_SWING_WATCHLIST_PRODUCTION_LIVE_RUNTIME_PLAN_CONFIRM_COMPLETION_HANDOFF_READINESS_REVIEW.md,FC24351AC8FBAA7CA6213CF1AD34C2681671C34A,113,1,1,11,LX-WS-0258-CTX-03,CONTEXT,records/history/archive/LX-WS-0258-CTX-03_C162.md,DDC1F53BFB6F54605D45BE6769606D3EBE93E986
LS-WS-0258,C162,audit/WS_C162_WEEKLY_SWING_WATCHLIST_PRODUCTION_LIVE_RUNTIME_PLAN_CONFIRM_COMPLETION_HANDOFF_READINESS_REVIEW.md,FC24351AC8FBAA7CA6213CF1AD34C2681671C34A,113,2,12,24,LX-WS-0258-DEC-01,DECISION,records/decisions/LX-WS-0258-DEC-01_C162.md,0557E67460E2B63C56292E2D04A452CEAB1C63C4
LS-WS-0258,C162,audit/WS_C162_WEEKLY_SWING_WATCHLIST_PRODUCTION_LIVE_RUNTIME_PLAN_CONFIRM_COMPLETION_HANDOFF_READINESS_REVIEW.md,FC24351AC8FBAA7CA6213CF1AD34C2681671C34A,113,3,25,38,LX-WS-0258-DEC-01,DECISION,records/decisions/LX-WS-0258-DEC-01_C162.md,0557E67460E2B63C56292E2D04A452CEAB1C63C4
LS-WS-0258,C162,audit/WS_C162_WEEKLY_SWING_WATCHLIST_PRODUCTION_LIVE_RUNTIME_PLAN_CONFIRM_COMPLETION_HANDOFF_READINESS_REVIEW.md,FC24351AC8FBAA7CA6213CF1AD34C2681671C34A,113,4,39,69,LX-WS-0258-DEC-01,DECISION,records/decisions/LX-WS-0258-DEC-01_C162.md,0557E67460E2B63C56292E2D04A452CEAB1C63C4
LS-WS-0258,C162,audit/WS_C162_WEEKLY_SWING_WATCHLIST_PRODUCTION_LIVE_RUNTIME_PLAN_CONFIRM_COMPLETION_HANDOFF_READINESS_REVIEW.md,FC24351AC8FBAA7CA6213CF1AD34C2681671C34A,113,5,70,81,LX-WS-0258-DEC-01,DECISION,records/decisions/LX-WS-0258-DEC-01_C162.md,0557E67460E2B63C56292E2D04A452CEAB1C63C4
LS-WS-0258,C162,audit/WS_C162_WEEKLY_SWING_WATCHLIST_PRODUCTION_LIVE_RUNTIME_PLAN_CONFIRM_COMPLETION_HANDOFF_READINESS_REVIEW.md,FC24351AC8FBAA7CA6213CF1AD34C2681671C34A,113,6,82,102,LX-WS-0258-EVD-02,EVIDENCE,records/evidence/runs/LX-WS-0258-EVD-02_C162.md,37F7D3178B5DCB7D4F68DB3F93474F6C7797969E
LS-WS-0258,C162,audit/WS_C162_WEEKLY_SWING_WATCHLIST_PRODUCTION_LIVE_RUNTIME_PLAN_CONFIRM_COMPLETION_HANDOFF_READINESS_REVIEW.md,FC24351AC8FBAA7CA6213CF1AD34C2681671C34A,113,7,103,113,LX-WS-0258-DEC-01,DECISION,records/decisions/LX-WS-0258-DEC-01_C162.md,0557E67460E2B63C56292E2D04A452CEAB1C63C4
LS-WS-0282,C164,audit/WS_C164_WEEKLY_SWING_WATCHLIST_PRODUCTION_LIVE_RUNTIME_PLAN_CONFIRM_COMPLETION_POST_HANDOFF_ACTIVATION_COMPLETION_GO_DECISION_FINALIZATION_REVIEW.md,1B851F22018366CC1C5FD3952A9B429090E4F5D9,63,1,1,2,LX-WS-0282-CTX-03,CONTEXT,records/history/archive/LX-WS-0282-CTX-03_C164.md,060497FE80D0B9D301A440CADFA71BE3E3BDD404
LS-WS-0282,C164,audit/WS_C164_WEEKLY_SWING_WATCHLIST_PRODUCTION_LIVE_RUNTIME_PLAN_CONFIRM_COMPLETION_POST_HANDOFF_ACTIVATION_COMPLETION_GO_DECISION_FINALIZATION_REVIEW.md,1B851F22018366CC1C5FD3952A9B429090E4F5D9,63,2,3,9,LX-WS-0282-DEC-01,DECISION,records/decisions/LX-WS-0282-DEC-01_C164.md,F9B67E73A4A7DE5F00877F50E3E63707E55FAFA6
LS-WS-0282,C164,audit/WS_C164_WEEKLY_SWING_WATCHLIST_PRODUCTION_LIVE_RUNTIME_PLAN_CONFIRM_COMPLETION_POST_HANDOFF_ACTIVATION_COMPLETION_GO_DECISION_FINALIZATION_REVIEW.md,1B851F22018366CC1C5FD3952A9B429090E4F5D9,63,3,10,43,LX-WS-0282-EVD-02,EVIDENCE,records/evidence/runs/LX-WS-0282-EVD-02_C164.md,CF98F0A89C09406D44BD39F316A4A3A9ADA89CCC
LS-WS-0282,C164,audit/WS_C164_WEEKLY_SWING_WATCHLIST_PRODUCTION_LIVE_RUNTIME_PLAN_CONFIRM_COMPLETION_POST_HANDOFF_ACTIVATION_COMPLETION_GO_DECISION_FINALIZATION_REVIEW.md,1B851F22018366CC1C5FD3952A9B429090E4F5D9,63,4,44,56,LX-WS-0282-DEC-01,DECISION,records/decisions/LX-WS-0282-DEC-01_C164.md,F9B67E73A4A7DE5F00877F50E3E63707E55FAFA6
LS-WS-0282,C164,audit/WS_C164_WEEKLY_SWING_WATCHLIST_PRODUCTION_LIVE_RUNTIME_PLAN_CONFIRM_COMPLETION_POST_HANDOFF_ACTIVATION_COMPLETION_GO_DECISION_FINALIZATION_REVIEW.md,1B851F22018366CC1C5FD3952A9B429090E4F5D9,63,5,57,63,LX-WS-0282-DEC-01,DECISION,records/decisions/LX-WS-0282-DEC-01_C164.md,F9B67E73A4A7DE5F00877F50E3E63707E55FAFA6
LS-WS-0283,C164,audit/WS_C164_WEEKLY_SWING_WATCHLIST_PRODUCTION_LIVE_RUNTIME_PLAN_CONFIRM_COMPLETION_POST_HANDOFF_ACTIVATION_COMPLETION_OPERATOR_GO_NO_GO_REVIEW.md,190CACFE523EBA764746F84F7FF2A0B1FB84D7CC,66,1,1,2,LX-WS-0283-CTX-03,CONTEXT,records/history/archive/LX-WS-0283-CTX-03_C164.md,5FC24978B182C65F1850F16750F3195253CD4FB0
LS-WS-0283,C164,audit/WS_C164_WEEKLY_SWING_WATCHLIST_PRODUCTION_LIVE_RUNTIME_PLAN_CONFIRM_COMPLETION_POST_HANDOFF_ACTIVATION_COMPLETION_OPERATOR_GO_NO_GO_REVIEW.md,190CACFE523EBA764746F84F7FF2A0B1FB84D7CC,66,2,3,9,LX-WS-0283-DEC-01,DECISION,records/decisions/LX-WS-0283-DEC-01_C164.md,4640A4BD6450121C0763BDB684311606A8A55B55
LS-WS-0283,C164,audit/WS_C164_WEEKLY_SWING_WATCHLIST_PRODUCTION_LIVE_RUNTIME_PLAN_CONFIRM_COMPLETION_POST_HANDOFF_ACTIVATION_COMPLETION_OPERATOR_GO_NO_GO_REVIEW.md,190CACFE523EBA764746F84F7FF2A0B1FB84D7CC,66,3,10,46,LX-WS-0283-EVD-02,EVIDENCE,records/evidence/runs/LX-WS-0283-EVD-02_C164.md,8928E74773422C8E4865F251F36CAAF0A2416AA1
LS-WS-0283,C164,audit/WS_C164_WEEKLY_SWING_WATCHLIST_PRODUCTION_LIVE_RUNTIME_PLAN_CONFIRM_COMPLETION_POST_HANDOFF_ACTIVATION_COMPLETION_OPERATOR_GO_NO_GO_REVIEW.md,190CACFE523EBA764746F84F7FF2A0B1FB84D7CC,66,4,47,59,LX-WS-0283-DEC-01,DECISION,records/decisions/LX-WS-0283-DEC-01_C164.md,4640A4BD6450121C0763BDB684311606A8A55B55
LS-WS-0283,C164,audit/WS_C164_WEEKLY_SWING_WATCHLIST_PRODUCTION_LIVE_RUNTIME_PLAN_CONFIRM_COMPLETION_POST_HANDOFF_ACTIVATION_COMPLETION_OPERATOR_GO_NO_GO_REVIEW.md,190CACFE523EBA764746F84F7FF2A0B1FB84D7CC,66,5,60,66,LX-WS-0283-DEC-01,DECISION,records/decisions/LX-WS-0283-DEC-01_C164.md,4640A4BD6450121C0763BDB684311606A8A55B55
LS-WS-0288,C165,audit/WS_C165_PLAN_CONFIRM_CONTROLLED_ROLLOUT_OPERATOR_GO_NO_GO_OPERATOR_VALIDATION_COMMANDS.md,883BF61CAAFAFE543B4DD56DC6018B0EDF7EBB61,65,1,1,2,LX-WS-0288-CTX-03,CONTEXT,records/history/archive/LX-WS-0288-CTX-03_C165.md,117BE5C3941418787383CBC56FFB150B5A865BD6
LS-WS-0288,C165,audit/WS_C165_PLAN_CONFIRM_CONTROLLED_ROLLOUT_OPERATOR_GO_NO_GO_OPERATOR_VALIDATION_COMMANDS.md,883BF61CAAFAFE543B4DD56DC6018B0EDF7EBB61,65,2,3,29,LX-WS-0288-DEC-01,DECISION,records/decisions/LX-WS-0288-DEC-01_C165.md,20C83FD11226CD77D312C6115F8D4C129F57BD78
LS-WS-0288,C165,audit/WS_C165_PLAN_CONFIRM_CONTROLLED_ROLLOUT_OPERATOR_GO_NO_GO_OPERATOR_VALIDATION_COMMANDS.md,883BF61CAAFAFE543B4DD56DC6018B0EDF7EBB61,65,3,30,43,LX-WS-0288-EVD-02,EVIDENCE,records/evidence/runs/LX-WS-0288-EVD-02_C165.md,2E42ACD38110FBA3ECA5B6EFC8BCA75EE290F146
LS-WS-0288,C165,audit/WS_C165_PLAN_CONFIRM_CONTROLLED_ROLLOUT_OPERATOR_GO_NO_GO_OPERATOR_VALIDATION_COMMANDS.md,883BF61CAAFAFE543B4DD56DC6018B0EDF7EBB61,65,4,44,65,LX-WS-0288-EVD-02,EVIDENCE,records/evidence/runs/LX-WS-0288-EVD-02_C165.md,2E42ACD38110FBA3ECA5B6EFC8BCA75EE290F146
LS-WS-0290,C165,audit/WS_C165_WEEKLY_SWING_WATCHLIST_PRODUCTION_LIVE_RUNTIME_PLAN_CONFIRM_CONTROLLED_ROLLOUT_BOUNDARY_REVIEW.md,32EE38A2C11A3B3A40035E73E4B19DF59D67DC5D,74,1,1,2,LX-WS-0290-CTX-03,CONTEXT,records/history/archive/LX-WS-0290-CTX-03_C165.md,ADAEB78AEB537E3822961B83A85F741B6053B315
LS-WS-0290,C165,audit/WS_C165_WEEKLY_SWING_WATCHLIST_PRODUCTION_LIVE_RUNTIME_PLAN_CONFIRM_CONTROLLED_ROLLOUT_BOUNDARY_REVIEW.md,32EE38A2C11A3B3A40035E73E4B19DF59D67DC5D,74,2,3,9,LX-WS-0290-DEC-01,DECISION,records/decisions/LX-WS-0290-DEC-01_C165.md,D0BA43E4FEA928AF54B1215CF7201348326148D5
LS-WS-0290,C165,audit/WS_C165_WEEKLY_SWING_WATCHLIST_PRODUCTION_LIVE_RUNTIME_PLAN_CONFIRM_CONTROLLED_ROLLOUT_BOUNDARY_REVIEW.md,32EE38A2C11A3B3A40035E73E4B19DF59D67DC5D,74,3,10,23,LX-WS-0290-DEC-01,DECISION,records/decisions/LX-WS-0290-DEC-01_C165.md,D0BA43E4FEA928AF54B1215CF7201348326148D5
LS-WS-0290,C165,audit/WS_C165_WEEKLY_SWING_WATCHLIST_PRODUCTION_LIVE_RUNTIME_PLAN_CONFIRM_CONTROLLED_ROLLOUT_BOUNDARY_REVIEW.md,32EE38A2C11A3B3A40035E73E4B19DF59D67DC5D,74,4,24,54,LX-WS-0290-EVD-02,EVIDENCE,records/evidence/runs/LX-WS-0290-EVD-02_C165.md,1A9174601895371EE997574FB82B342877B526F9
LS-WS-0290,C165,audit/WS_C165_WEEKLY_SWING_WATCHLIST_PRODUCTION_LIVE_RUNTIME_PLAN_CONFIRM_CONTROLLED_ROLLOUT_BOUNDARY_REVIEW.md,32EE38A2C11A3B3A40035E73E4B19DF59D67DC5D,74,5,55,67,LX-WS-0290-DEC-01,DECISION,records/decisions/LX-WS-0290-DEC-01_C165.md,D0BA43E4FEA928AF54B1215CF7201348326148D5
LS-WS-0290,C165,audit/WS_C165_WEEKLY_SWING_WATCHLIST_PRODUCTION_LIVE_RUNTIME_PLAN_CONFIRM_CONTROLLED_ROLLOUT_BOUNDARY_REVIEW.md,32EE38A2C11A3B3A40035E73E4B19DF59D67DC5D,74,6,68,74,LX-WS-0290-DEC-01,DECISION,records/decisions/LX-WS-0290-DEC-01_C165.md,D0BA43E4FEA928AF54B1215CF7201348326148D5
LS-WS-0296,C166,audit/WS_C166_PLAN_CONFIRM_CONTROLLED_ROLLOUT_POST_ROLLOUT_OBSERVATION_OPERATOR_GO_NO_GO_OPERATOR_VALIDATION_COMMANDS.md,D6F8E8D8A5226512D75BAFFCA4A8C3F7B19C249D,54,1,1,2,LX-WS-0296-CTX-03,CONTEXT,records/history/archive/LX-WS-0296-CTX-03_C166.md,EA266A268579B5DC4C9E9CF9B3EBCA4A2A051F2F
LS-WS-0296,C166,audit/WS_C166_PLAN_CONFIRM_CONTROLLED_ROLLOUT_POST_ROLLOUT_OBSERVATION_OPERATOR_GO_NO_GO_OPERATOR_VALIDATION_COMMANDS.md,D6F8E8D8A5226512D75BAFFCA4A8C3F7B19C249D,54,2,3,32,LX-WS-0296-DEC-01,DECISION,records/decisions/LX-WS-0296-DEC-01_C166.md,51F46E7B0BC62CBDCA49CF5C5AA4068FC1606A81
LS-WS-0296,C166,audit/WS_C166_PLAN_CONFIRM_CONTROLLED_ROLLOUT_POST_ROLLOUT_OBSERVATION_OPERATOR_GO_NO_GO_OPERATOR_VALIDATION_COMMANDS.md,D6F8E8D8A5226512D75BAFFCA4A8C3F7B19C249D,54,3,33,54,LX-WS-0296-EVD-02,EVIDENCE,records/evidence/runs/LX-WS-0296-EVD-02_C166.md,37721D3483DEA1FE636F333EF2C073F0668A3BC0
LS-WS-0306,C168,audit/WS_C168_WEEKLY_SWING_WATCHLIST_RUNTIME_INTEGRATION_GAP_REMEDIATION.md,31951C6B4FA9CCA18C8787AE40BB8B6A6F0931A9,145,1,1,2,LX-WS-0306-CTX-05,CONTEXT,records/history/archive/LX-WS-0306-CTX-05_C168.md,5FF33530B646C82F440D34969CA5DB5298DBD938
LS-WS-0306,C168,audit/WS_C168_WEEKLY_SWING_WATCHLIST_RUNTIME_INTEGRATION_GAP_REMEDIATION.md,31951C6B4FA9CCA18C8787AE40BB8B6A6F0931A9,145,2,3,6,LX-WS-0306-RES-04,RESEARCH,records/history/archive/LX-WS-0306-RES-04_C168.md,727E6823A7D3AB576809FD5F4AF6167DEEE0FEFA
LS-WS-0306,C168,audit/WS_C168_WEEKLY_SWING_WATCHLIST_RUNTIME_INTEGRATION_GAP_REMEDIATION.md,31951C6B4FA9CCA18C8787AE40BB8B6A6F0931A9,145,3,7,26,LX-WS-0306-IMP-03,IMPLEMENTATION,records/history/archive/LX-WS-0306-IMP-03_C168.md,482A919DD1EF3F26C0BC829F10166EA933E9D0BE
LS-WS-0306,C168,audit/WS_C168_WEEKLY_SWING_WATCHLIST_RUNTIME_INTEGRATION_GAP_REMEDIATION.md,31951C6B4FA9CCA18C8787AE40BB8B6A6F0931A9,145,4,27,49,LX-WS-0306-RES-04,RESEARCH,records/history/archive/LX-WS-0306-RES-04_C168.md,727E6823A7D3AB576809FD5F4AF6167DEEE0FEFA
LS-WS-0306,C168,audit/WS_C168_WEEKLY_SWING_WATCHLIST_RUNTIME_INTEGRATION_GAP_REMEDIATION.md,31951C6B4FA9CCA18C8787AE40BB8B6A6F0931A9,145,5,50,82,LX-WS-0306-EVD-01,EVIDENCE,records/evidence/runs/LX-WS-0306-EVD-01_C168.md,E73048BBDE3392A2237EED928EF85E8E329CF3FA
LS-WS-0306,C168,audit/WS_C168_WEEKLY_SWING_WATCHLIST_RUNTIME_INTEGRATION_GAP_REMEDIATION.md,31951C6B4FA9CCA18C8787AE40BB8B6A6F0931A9,145,6,83,106,LX-WS-0306-RES-04,RESEARCH,records/history/archive/LX-WS-0306-RES-04_C168.md,727E6823A7D3AB576809FD5F4AF6167DEEE0FEFA
LS-WS-0306,C168,audit/WS_C168_WEEKLY_SWING_WATCHLIST_RUNTIME_INTEGRATION_GAP_REMEDIATION.md,31951C6B4FA9CCA18C8787AE40BB8B6A6F0931A9,145,7,107,122,LX-WS-0306-RES-04,RESEARCH,records/history/archive/LX-WS-0306-RES-04_C168.md,727E6823A7D3AB576809FD5F4AF6167DEEE0FEFA
LS-WS-0306,C168,audit/WS_C168_WEEKLY_SWING_WATCHLIST_RUNTIME_INTEGRATION_GAP_REMEDIATION.md,31951C6B4FA9CCA18C8787AE40BB8B6A6F0931A9,145,8,123,145,LX-WS-0306-FND-02,FINDING,records/history/archive/LX-WS-0306-FND-02_C168.md,239AE1EAB5597BAE8ABE74DA9A0FDE01E21B89F5
LS-WS-0308,C169,audit/WS_C169_WEEKLY_SWING_CANONICAL_PARAMSET_PERSISTENCE_AND_REAL_OOS_PROMOTION_GATE_REMEDIATION.md,35BFDAFFD32934CE3062559C53C1C3A6F63ED94E,181,1,1,2,LX-WS-0308-CTX-04,CONTEXT,records/history/archive/LX-WS-0308-CTX-04_C169.md,BAEDE3D7CBF8F155B4DAB02DAE376646C7CDC961
LS-WS-0308,C169,audit/WS_C169_WEEKLY_SWING_CANONICAL_PARAMSET_PERSISTENCE_AND_REAL_OOS_PROMOTION_GATE_REMEDIATION.md,35BFDAFFD32934CE3062559C53C1C3A6F63ED94E,181,2,3,19,LX-WS-0308-RES-03,RESEARCH,records/history/archive/LX-WS-0308-RES-03_C169.md,900C126762C797437F847730C99AB008EAB5A139
LS-WS-0308,C169,audit/WS_C169_WEEKLY_SWING_CANONICAL_PARAMSET_PERSISTENCE_AND_REAL_OOS_PROMOTION_GATE_REMEDIATION.md,35BFDAFFD32934CE3062559C53C1C3A6F63ED94E,181,3,20,32,LX-WS-0308-EVD-01,EVIDENCE,records/evidence/runs/LX-WS-0308-EVD-01_C169.md,581D3F565719BB6881933B13BD2DA48C12344B07
LS-WS-0308,C169,audit/WS_C169_WEEKLY_SWING_CANONICAL_PARAMSET_PERSISTENCE_AND_REAL_OOS_PROMOTION_GATE_REMEDIATION.md,35BFDAFFD32934CE3062559C53C1C3A6F63ED94E,181,4,33,133,LX-WS-0308-IMP-02,IMPLEMENTATION,records/history/archive/LX-WS-0308-IMP-02_C169.md,658C780BFD5559964D9C113C6DD2D77F6C9BC477
LS-WS-0308,C169,audit/WS_C169_WEEKLY_SWING_CANONICAL_PARAMSET_PERSISTENCE_AND_REAL_OOS_PROMOTION_GATE_REMEDIATION.md,35BFDAFFD32934CE3062559C53C1C3A6F63ED94E,181,5,134,148,LX-WS-0308-RES-03,RESEARCH,records/history/archive/LX-WS-0308-RES-03_C169.md,900C126762C797437F847730C99AB008EAB5A139
LS-WS-0308,C169,audit/WS_C169_WEEKLY_SWING_CANONICAL_PARAMSET_PERSISTENCE_AND_REAL_OOS_PROMOTION_GATE_REMEDIATION.md,35BFDAFFD32934CE3062559C53C1C3A6F63ED94E,181,6,149,166,LX-WS-0308-RES-03,RESEARCH,records/history/archive/LX-WS-0308-RES-03_C169.md,900C126762C797437F847730C99AB008EAB5A139
LS-WS-0308,C169,audit/WS_C169_WEEKLY_SWING_CANONICAL_PARAMSET_PERSISTENCE_AND_REAL_OOS_PROMOTION_GATE_REMEDIATION.md,35BFDAFFD32934CE3062559C53C1C3A6F63ED94E,181,7,167,181,LX-WS-0308-RES-03,RESEARCH,records/history/archive/LX-WS-0308-RES-03_C169.md,900C126762C797437F847730C99AB008EAB5A139
LS-WS-0309,C16,audit/WS_C16_OPERATOR_VALIDATION_COMMANDS.md,B4B21D4B1C22E391D3D1E272C75EFF8D38A9AED5,552,1,1,2,LX-WS-0309-CTX-03,CONTEXT,records/history/archive/LX-WS-0309-CTX-03_C16.md,C9DD375782C21A932777A8EE33CDC424A935CE35
LS-WS-0309,C16,audit/WS_C16_OPERATOR_VALIDATION_COMMANDS.md,B4B21D4B1C22E391D3D1E272C75EFF8D38A9AED5,552,2,3,8,LX-WS-0309-EVD-01,EVIDENCE,records/evidence/runs/LX-WS-0309-EVD-01_C16.md,A1AF0C9CB9D793C6019EB6EA8EB74C2D0528B72F
LS-WS-0309,C16,audit/WS_C16_OPERATOR_VALIDATION_COMMANDS.md,B4B21D4B1C22E391D3D1E272C75EFF8D38A9AED5,552,3,9,76,LX-WS-0309-EVD-01,EVIDENCE,records/evidence/runs/LX-WS-0309-EVD-01_C16.md,A1AF0C9CB9D793C6019EB6EA8EB74C2D0528B72F
LS-WS-0309,C16,audit/WS_C16_OPERATOR_VALIDATION_COMMANDS.md,B4B21D4B1C22E391D3D1E272C75EFF8D38A9AED5,552,4,77,98,LX-WS-0309-EVD-01,EVIDENCE,records/evidence/runs/LX-WS-0309-EVD-01_C16.md,A1AF0C9CB9D793C6019EB6EA8EB74C2D0528B72F
LS-WS-0309,C16,audit/WS_C16_OPERATOR_VALIDATION_COMMANDS.md,B4B21D4B1C22E391D3D1E272C75EFF8D38A9AED5,552,5,99,139,LX-WS-0309-EVD-01,EVIDENCE,records/evidence/runs/LX-WS-0309-EVD-01_C16.md,A1AF0C9CB9D793C6019EB6EA8EB74C2D0528B72F
LS-WS-0309,C16,audit/WS_C16_OPERATOR_VALIDATION_COMMANDS.md,B4B21D4B1C22E391D3D1E272C75EFF8D38A9AED5,552,6,140,175,LX-WS-0309-EVD-01,EVIDENCE,records/evidence/runs/LX-WS-0309-EVD-01_C16.md,A1AF0C9CB9D793C6019EB6EA8EB74C2D0528B72F
LS-WS-0309,C16,audit/WS_C16_OPERATOR_VALIDATION_COMMANDS.md,B4B21D4B1C22E391D3D1E272C75EFF8D38A9AED5,552,7,176,211,LX-WS-0309-EVD-01,EVIDENCE,records/evidence/runs/LX-WS-0309-EVD-01_C16.md,A1AF0C9CB9D793C6019EB6EA8EB74C2D0528B72F
LS-WS-0309,C16,audit/WS_C16_OPERATOR_VALIDATION_COMMANDS.md,B4B21D4B1C22E391D3D1E272C75EFF8D38A9AED5,552,8,212,251,LX-WS-0309-EVD-01,EVIDENCE,records/evidence/runs/LX-WS-0309-EVD-01_C16.md,A1AF0C9CB9D793C6019EB6EA8EB74C2D0528B72F
LS-WS-0309,C16,audit/WS_C16_OPERATOR_VALIDATION_COMMANDS.md,B4B21D4B1C22E391D3D1E272C75EFF8D38A9AED5,552,9,252,288,LX-WS-0309-EVD-01,EVIDENCE,records/evidence/runs/LX-WS-0309-EVD-01_C16.md,A1AF0C9CB9D793C6019EB6EA8EB74C2D0528B72F
LS-WS-0309,C16,audit/WS_C16_OPERATOR_VALIDATION_COMMANDS.md,B4B21D4B1C22E391D3D1E272C75EFF8D38A9AED5,552,10,289,351,LX-WS-0309-EVD-01,EVIDENCE,records/evidence/runs/LX-WS-0309-EVD-01_C16.md,A1AF0C9CB9D793C6019EB6EA8EB74C2D0528B72F
LS-WS-0309,C16,audit/WS_C16_OPERATOR_VALIDATION_COMMANDS.md,B4B21D4B1C22E391D3D1E272C75EFF8D38A9AED5,552,11,352,400,LX-WS-0309-EVD-01,EVIDENCE,records/evidence/runs/LX-WS-0309-EVD-01_C16.md,A1AF0C9CB9D793C6019EB6EA8EB74C2D0528B72F
LS-WS-0309,C16,audit/WS_C16_OPERATOR_VALIDATION_COMMANDS.md,B4B21D4B1C22E391D3D1E272C75EFF8D38A9AED5,552,12,401,477,LX-WS-0309-RES-02,RESEARCH,records/history/archive/LX-WS-0309-RES-02_C16.md,F676A343EA4D2409100C676739C0DB13105A1A3D
LS-WS-0309,C16,audit/WS_C16_OPERATOR_VALIDATION_COMMANDS.md,B4B21D4B1C22E391D3D1E272C75EFF8D38A9AED5,552,13,478,499,LX-WS-0309-EVD-01,EVIDENCE,records/evidence/runs/LX-WS-0309-EVD-01_C16.md,A1AF0C9CB9D793C6019EB6EA8EB74C2D0528B72F
LS-WS-0309,C16,audit/WS_C16_OPERATOR_VALIDATION_COMMANDS.md,B4B21D4B1C22E391D3D1E272C75EFF8D38A9AED5,552,14,500,552,LX-WS-0309-EVD-01,EVIDENCE,records/evidence/runs/LX-WS-0309-EVD-01_C16.md,A1AF0C9CB9D793C6019EB6EA8EB74C2D0528B72F
LS-WS-0310,C16,audit/WS_C16_QUALITY_RECOVERY_DESIGN_RESULT.md,B0E9EFDE46147CFC6A7B46F57BE1A48635D23616,270,1,1,2,LX-WS-0310-CTX-03,CONTEXT,records/history/archive/LX-WS-0310-CTX-03_C16.md,CD5BAA7FF3AEB7BA143F26EF6D14D17EE0ED21FD
LS-WS-0310,C16,audit/WS_C16_QUALITY_RECOVERY_DESIGN_RESULT.md,B0E9EFDE46147CFC6A7B46F57BE1A48635D23616,270,2,3,20,LX-WS-0310-RES-02,RESEARCH,records/history/archive/LX-WS-0310-RES-02_C16.md,37A39D40F7B38D9E399E3B03FAB35855037725ED
LS-WS-0310,C16,audit/WS_C16_QUALITY_RECOVERY_DESIGN_RESULT.md,B0E9EFDE46147CFC6A7B46F57BE1A48635D23616,270,3,21,40,LX-WS-0310-RES-02,RESEARCH,records/history/archive/LX-WS-0310-RES-02_C16.md,37A39D40F7B38D9E399E3B03FAB35855037725ED
LS-WS-0310,C16,audit/WS_C16_QUALITY_RECOVERY_DESIGN_RESULT.md,B0E9EFDE46147CFC6A7B46F57BE1A48635D23616,270,4,41,52,LX-WS-0310-RES-02,RESEARCH,records/history/archive/LX-WS-0310-RES-02_C16.md,37A39D40F7B38D9E399E3B03FAB35855037725ED
LS-WS-0310,C16,audit/WS_C16_QUALITY_RECOVERY_DESIGN_RESULT.md,B0E9EFDE46147CFC6A7B46F57BE1A48635D23616,270,5,53,63,LX-WS-0310-RES-02,RESEARCH,records/history/archive/LX-WS-0310-RES-02_C16.md,37A39D40F7B38D9E399E3B03FAB35855037725ED
LS-WS-0310,C16,audit/WS_C16_QUALITY_RECOVERY_DESIGN_RESULT.md,B0E9EFDE46147CFC6A7B46F57BE1A48635D23616,270,6,64,79,LX-WS-0310-RES-02,RESEARCH,records/history/archive/LX-WS-0310-RES-02_C16.md,37A39D40F7B38D9E399E3B03FAB35855037725ED
LS-WS-0310,C16,audit/WS_C16_QUALITY_RECOVERY_DESIGN_RESULT.md,B0E9EFDE46147CFC6A7B46F57BE1A48635D23616,270,7,80,142,LX-WS-0310-RES-02,RESEARCH,records/history/archive/LX-WS-0310-RES-02_C16.md,37A39D40F7B38D9E399E3B03FAB35855037725ED
LS-WS-0310,C16,audit/WS_C16_QUALITY_RECOVERY_DESIGN_RESULT.md,B0E9EFDE46147CFC6A7B46F57BE1A48635D23616,270,8,143,169,LX-WS-0310-RES-02,RESEARCH,records/history/archive/LX-WS-0310-RES-02_C16.md,37A39D40F7B38D9E399E3B03FAB35855037725ED
LS-WS-0310,C16,audit/WS_C16_QUALITY_RECOVERY_DESIGN_RESULT.md,B0E9EFDE46147CFC6A7B46F57BE1A48635D23616,270,9,170,195,LX-WS-0310-RES-02,RESEARCH,records/history/archive/LX-WS-0310-RES-02_C16.md,37A39D40F7B38D9E399E3B03FAB35855037725ED
LS-WS-0310,C16,audit/WS_C16_QUALITY_RECOVERY_DESIGN_RESULT.md,B0E9EFDE46147CFC6A7B46F57BE1A48635D23616,270,10,196,208,LX-WS-0310-RES-02,RESEARCH,records/history/archive/LX-WS-0310-RES-02_C16.md,37A39D40F7B38D9E399E3B03FAB35855037725ED
LS-WS-0310,C16,audit/WS_C16_QUALITY_RECOVERY_DESIGN_RESULT.md,B0E9EFDE46147CFC6A7B46F57BE1A48635D23616,270,11,209,220,LX-WS-0310-RES-02,RESEARCH,records/history/archive/LX-WS-0310-RES-02_C16.md,37A39D40F7B38D9E399E3B03FAB35855037725ED
LS-WS-0310,C16,audit/WS_C16_QUALITY_RECOVERY_DESIGN_RESULT.md,B0E9EFDE46147CFC6A7B46F57BE1A48635D23616,270,12,221,239,LX-WS-0310-RES-02,RESEARCH,records/history/archive/LX-WS-0310-RES-02_C16.md,37A39D40F7B38D9E399E3B03FAB35855037725ED
LS-WS-0310,C16,audit/WS_C16_QUALITY_RECOVERY_DESIGN_RESULT.md,B0E9EFDE46147CFC6A7B46F57BE1A48635D23616,270,13,240,246,LX-WS-0310-RES-02,RESEARCH,records/history/archive/LX-WS-0310-RES-02_C16.md,37A39D40F7B38D9E399E3B03FAB35855037725ED
LS-WS-0310,C16,audit/WS_C16_QUALITY_RECOVERY_DESIGN_RESULT.md,B0E9EFDE46147CFC6A7B46F57BE1A48635D23616,270,14,247,270,LX-WS-0310-DEC-01,DECISION,records/decisions/LX-WS-0310-DEC-01_C16.md,4B98363B4ADEA05C35A4198B0F445142B1DCFAC5
LS-WS-0312,C170,audit/WS_C170_WEEKLY_SWING_CANONICAL_IS_STRATEGY_AND_REAL_OOS_PROOF_REMEDIATION.md,CB528B6309A0AF022EB9ED18AE3274D2936EB1B3,222,1,1,2,LX-WS-0312-CTX-03,CONTEXT,records/history/archive/LX-WS-0312-CTX-03_C170.md,0B2FF6D068DFEBDB4F3F5520AE199C14B69000F7
LS-WS-0312,C170,audit/WS_C170_WEEKLY_SWING_CANONICAL_IS_STRATEGY_AND_REAL_OOS_PROOF_REMEDIATION.md,CB528B6309A0AF022EB9ED18AE3274D2936EB1B3,222,2,3,22,LX-WS-0312-RES-02,RESEARCH,records/history/archive/LX-WS-0312-RES-02_C170.md,F6C8810FC36F207A80F5E8EB9F38E03765744D58
LS-WS-0312,C170,audit/WS_C170_WEEKLY_SWING_CANONICAL_IS_STRATEGY_AND_REAL_OOS_PROOF_REMEDIATION.md,CB528B6309A0AF022EB9ED18AE3274D2936EB1B3,222,3,23,36,LX-WS-0312-RES-02,RESEARCH,records/history/archive/LX-WS-0312-RES-02_C170.md,F6C8810FC36F207A80F5E8EB9F38E03765744D58
LS-WS-0312,C170,audit/WS_C170_WEEKLY_SWING_CANONICAL_IS_STRATEGY_AND_REAL_OOS_PROOF_REMEDIATION.md,CB528B6309A0AF022EB9ED18AE3274D2936EB1B3,222,4,37,60,LX-WS-0312-RES-02,RESEARCH,records/history/archive/LX-WS-0312-RES-02_C170.md,F6C8810FC36F207A80F5E8EB9F38E03765744D58
LS-WS-0312,C170,audit/WS_C170_WEEKLY_SWING_CANONICAL_IS_STRATEGY_AND_REAL_OOS_PROOF_REMEDIATION.md,CB528B6309A0AF022EB9ED18AE3274D2936EB1B3,222,5,61,92,LX-WS-0312-RES-02,RESEARCH,records/history/archive/LX-WS-0312-RES-02_C170.md,F6C8810FC36F207A80F5E8EB9F38E03765744D58
LS-WS-0312,C170,audit/WS_C170_WEEKLY_SWING_CANONICAL_IS_STRATEGY_AND_REAL_OOS_PROOF_REMEDIATION.md,CB528B6309A0AF022EB9ED18AE3274D2936EB1B3,222,6,93,160,LX-WS-0312-IMP-01,IMPLEMENTATION,records/history/archive/LX-WS-0312-IMP-01_C170.md,A10678210D3C9F7918FFAB3441B5DAD26A6BD07C
LS-WS-0312,C170,audit/WS_C170_WEEKLY_SWING_CANONICAL_IS_STRATEGY_AND_REAL_OOS_PROOF_REMEDIATION.md,CB528B6309A0AF022EB9ED18AE3274D2936EB1B3,222,7,161,170,LX-WS-0312-RES-02,RESEARCH,records/history/archive/LX-WS-0312-RES-02_C170.md,F6C8810FC36F207A80F5E8EB9F38E03765744D58
LS-WS-0312,C170,audit/WS_C170_WEEKLY_SWING_CANONICAL_IS_STRATEGY_AND_REAL_OOS_PROOF_REMEDIATION.md,CB528B6309A0AF022EB9ED18AE3274D2936EB1B3,222,8,171,184,LX-WS-0312-RES-02,RESEARCH,records/history/archive/LX-WS-0312-RES-02_C170.md,F6C8810FC36F207A80F5E8EB9F38E03765744D58
LS-WS-0312,C170,audit/WS_C170_WEEKLY_SWING_CANONICAL_IS_STRATEGY_AND_REAL_OOS_PROOF_REMEDIATION.md,CB528B6309A0AF022EB9ED18AE3274D2936EB1B3,222,9,185,207,LX-WS-0312-RES-02,RESEARCH,records/history/archive/LX-WS-0312-RES-02_C170.md,F6C8810FC36F207A80F5E8EB9F38E03765744D58
LS-WS-0312,C170,audit/WS_C170_WEEKLY_SWING_CANONICAL_IS_STRATEGY_AND_REAL_OOS_PROOF_REMEDIATION.md,CB528B6309A0AF022EB9ED18AE3274D2936EB1B3,222,10,208,222,LX-WS-0312-RES-02,RESEARCH,records/history/archive/LX-WS-0312-RES-02_C170.md,F6C8810FC36F207A80F5E8EB9F38E03765744D58
LS-WS-0313,C171+C01,audit/WS_C171_C01_TICK_RISK_GUARD_EXECUTION_AND_EVIDENCE_PROPAGATION_REPAIR.md,B4860A21DAF414B1FC10CA633BCC0CCE73485774,72,1,1,2,LX-WS-0313-CTX-03,CONTEXT,records/history/archive/LX-WS-0313-CTX-03_C171_C01.md,74B0F3598A75AE043E6E45D3D6AD802D227A8A70
LS-WS-0313,C171+C01,audit/WS_C171_C01_TICK_RISK_GUARD_EXECUTION_AND_EVIDENCE_PROPAGATION_REPAIR.md,B4860A21DAF414B1FC10CA633BCC0CCE73485774,72,2,3,6,LX-WS-0313-EVD-01,EVIDENCE,records/evidence/runs/LX-WS-0313-EVD-01_C171_C01.md,28A893E0236E3667A74FC64DD3DDB7E788EFD35B
LS-WS-0313,C171+C01,audit/WS_C171_C01_TICK_RISK_GUARD_EXECUTION_AND_EVIDENCE_PROPAGATION_REPAIR.md,B4860A21DAF414B1FC10CA633BCC0CCE73485774,72,3,7,10,LX-WS-0313-FND-04,FINDING,records/history/archive/LX-WS-0313-FND-04_C171_C01.md,19D95C0658F2016BDF3CF9B307687267F3BA763B
LS-WS-0313,C171+C01,audit/WS_C171_C01_TICK_RISK_GUARD_EXECUTION_AND_EVIDENCE_PROPAGATION_REPAIR.md,B4860A21DAF414B1FC10CA633BCC0CCE73485774,72,4,11,18,LX-WS-0313-EVD-01,EVIDENCE,records/evidence/runs/LX-WS-0313-EVD-01_C171_C01.md,28A893E0236E3667A74FC64DD3DDB7E788EFD35B
LS-WS-0313,C171+C01,audit/WS_C171_C01_TICK_RISK_GUARD_EXECUTION_AND_EVIDENCE_PROPAGATION_REPAIR.md,B4860A21DAF414B1FC10CA633BCC0CCE73485774,72,5,19,34,LX-WS-0313-EVD-01,EVIDENCE,records/evidence/runs/LX-WS-0313-EVD-01_C171_C01.md,28A893E0236E3667A74FC64DD3DDB7E788EFD35B
LS-WS-0313,C171+C01,audit/WS_C171_C01_TICK_RISK_GUARD_EXECUTION_AND_EVIDENCE_PROPAGATION_REPAIR.md,B4860A21DAF414B1FC10CA633BCC0CCE73485774,72,6,35,44,LX-WS-0313-EVD-01,EVIDENCE,records/evidence/runs/LX-WS-0313-EVD-01_C171_C01.md,28A893E0236E3667A74FC64DD3DDB7E788EFD35B
LS-WS-0313,C171+C01,audit/WS_C171_C01_TICK_RISK_GUARD_EXECUTION_AND_EVIDENCE_PROPAGATION_REPAIR.md,B4860A21DAF414B1FC10CA633BCC0CCE73485774,72,7,45,72,LX-WS-0313-IMP-02,IMPLEMENTATION,records/history/archive/LX-WS-0313-IMP-02_C171_C01.md,34A716C80756E792548CDB2151EFD383B030D279
LS-WS-0314,C171+C01,audit/WS_C171_C01_TICK_RISK_GUARD_PARAMETER_ADAPTER_REPAIR.md,A310C6A3FEE4A494C09650524BAAB55D2CE31AB2,58,1,1,2,LX-WS-0314-CTX-04,CONTEXT,records/history/archive/LX-WS-0314-CTX-04_C171_C01.md,276E55ED012C4D24A3DC9853CBB1494697D0806D
LS-WS-0314,C171+C01,audit/WS_C171_C01_TICK_RISK_GUARD_PARAMETER_ADAPTER_REPAIR.md,A310C6A3FEE4A494C09650524BAAB55D2CE31AB2,58,2,3,13,LX-WS-0314-EVD-01,EVIDENCE,records/evidence/runs/LX-WS-0314-EVD-01_C171_C01.md,34DABF403F8AEE6E135E6F7B47F4E9B756C95EAF
LS-WS-0314,C171+C01,audit/WS_C171_C01_TICK_RISK_GUARD_PARAMETER_ADAPTER_REPAIR.md,A310C6A3FEE4A494C09650524BAAB55D2CE31AB2,58,3,14,27,LX-WS-0314-FND-02,FINDING,records/history/archive/LX-WS-0314-FND-02_C171_C01.md,09E0272323C43C2648A879CDE87597917BD2EF5E
LS-WS-0314,C171+C01,audit/WS_C171_C01_TICK_RISK_GUARD_PARAMETER_ADAPTER_REPAIR.md,A310C6A3FEE4A494C09650524BAAB55D2CE31AB2,58,4,28,43,LX-WS-0314-IMP-03,IMPLEMENTATION,records/history/archive/LX-WS-0314-IMP-03_C171_C01.md,566E0CBD3AC5AA9683DE7EBFC23822E361239A99
LS-WS-0314,C171+C01,audit/WS_C171_C01_TICK_RISK_GUARD_PARAMETER_ADAPTER_REPAIR.md,A310C6A3FEE4A494C09650524BAAB55D2CE31AB2,58,5,44,55,LX-WS-0314-EVD-01,EVIDENCE,records/evidence/runs/LX-WS-0314-EVD-01_C171_C01.md,34DABF403F8AEE6E135E6F7B47F4E9B756C95EAF
LS-WS-0314,C171+C01,audit/WS_C171_C01_TICK_RISK_GUARD_PARAMETER_ADAPTER_REPAIR.md,A310C6A3FEE4A494C09650524BAAB55D2CE31AB2,58,6,56,58,LX-WS-0314-EVD-01,EVIDENCE,records/evidence/runs/LX-WS-0314-EVD-01_C171_C01.md,34DABF403F8AEE6E135E6F7B47F4E9B756C95EAF
LS-WS-0315,C171+R2,audit/WS_C171_COMPARATIVE_OFFICIAL_IS_FAILURE_DIAGNOSTIC_AND_R2_HYPOTHESIS_LOCK.md,DA8B2E8C5CE3A6FC37ED535BF76B59E6A929A2C5,156,1,1,12,LX-WS-0315-CTX-04,CONTEXT,records/history/archive/LX-WS-0315-CTX-04_C171_R2.md,55DDFF9947B9CF15C9DE6A6621C5498170862515
LS-WS-0315,C171+R2,audit/WS_C171_COMPARATIVE_OFFICIAL_IS_FAILURE_DIAGNOSTIC_AND_R2_HYPOTHESIS_LOCK.md,DA8B2E8C5CE3A6FC37ED535BF76B59E6A929A2C5,156,2,13,18,LX-WS-0315-FND-01,FINDING,records/history/archive/LX-WS-0315-FND-01_C171_R2.md,084E463E00B870C5A2482B2D3CAD1158C6ACAFF7
LS-WS-0315,C171+R2,audit/WS_C171_COMPARATIVE_OFFICIAL_IS_FAILURE_DIAGNOSTIC_AND_R2_HYPOTHESIS_LOCK.md,DA8B2E8C5CE3A6FC37ED535BF76B59E6A929A2C5,156,3,19,38,LX-WS-0315-FND-01,FINDING,records/history/archive/LX-WS-0315-FND-01_C171_R2.md,084E463E00B870C5A2482B2D3CAD1158C6ACAFF7
LS-WS-0315,C171+R2,audit/WS_C171_COMPARATIVE_OFFICIAL_IS_FAILURE_DIAGNOSTIC_AND_R2_HYPOTHESIS_LOCK.md,DA8B2E8C5CE3A6FC37ED535BF76B59E6A929A2C5,156,4,39,59,LX-WS-0315-FND-01,FINDING,records/history/archive/LX-WS-0315-FND-01_C171_R2.md,084E463E00B870C5A2482B2D3CAD1158C6ACAFF7
LS-WS-0315,C171+R2,audit/WS_C171_COMPARATIVE_OFFICIAL_IS_FAILURE_DIAGNOSTIC_AND_R2_HYPOTHESIS_LOCK.md,DA8B2E8C5CE3A6FC37ED535BF76B59E6A929A2C5,156,5,60,80,LX-WS-0315-IMP-02,IMPLEMENTATION,records/history/archive/LX-WS-0315-IMP-02_C171_R2.md,812CD4B812517D86104D88435AD95E08526E2983
LS-WS-0315,C171+R2,audit/WS_C171_COMPARATIVE_OFFICIAL_IS_FAILURE_DIAGNOSTIC_AND_R2_HYPOTHESIS_LOCK.md,DA8B2E8C5CE3A6FC37ED535BF76B59E6A929A2C5,156,6,81,95,LX-WS-0315-FND-01,FINDING,records/history/archive/LX-WS-0315-FND-01_C171_R2.md,084E463E00B870C5A2482B2D3CAD1158C6ACAFF7
LS-WS-0315,C171+R2,audit/WS_C171_COMPARATIVE_OFFICIAL_IS_FAILURE_DIAGNOSTIC_AND_R2_HYPOTHESIS_LOCK.md,DA8B2E8C5CE3A6FC37ED535BF76B59E6A929A2C5,156,7,96,114,LX-WS-0315-RES-03,RESEARCH,records/history/archive/LX-WS-0315-RES-03_C171_R2.md,BB9EB82C611426B024CC4BB780766A8A4FE9CE31
LS-WS-0315,C171+R2,audit/WS_C171_COMPARATIVE_OFFICIAL_IS_FAILURE_DIAGNOSTIC_AND_R2_HYPOTHESIS_LOCK.md,DA8B2E8C5CE3A6FC37ED535BF76B59E6A929A2C5,156,8,115,126,LX-WS-0315-FND-01,FINDING,records/history/archive/LX-WS-0315-FND-01_C171_R2.md,084E463E00B870C5A2482B2D3CAD1158C6ACAFF7
LS-WS-0315,C171+R2,audit/WS_C171_COMPARATIVE_OFFICIAL_IS_FAILURE_DIAGNOSTIC_AND_R2_HYPOTHESIS_LOCK.md,DA8B2E8C5CE3A6FC37ED535BF76B59E6A929A2C5,156,9,127,146,LX-WS-0315-FND-01,FINDING,records/history/archive/LX-WS-0315-FND-01_C171_R2.md,084E463E00B870C5A2482B2D3CAD1158C6ACAFF7
LS-WS-0315,C171+R2,audit/WS_C171_COMPARATIVE_OFFICIAL_IS_FAILURE_DIAGNOSTIC_AND_R2_HYPOTHESIS_LOCK.md,DA8B2E8C5CE3A6FC37ED535BF76B59E6A929A2C5,156,10,147,156,LX-WS-0315-FND-01,FINDING,records/history/archive/LX-WS-0315-FND-01_C171_R2.md,084E463E00B870C5A2482B2D3CAD1158C6ACAFF7
LS-WS-0316,C171,audit/WS_C171_COMPARATIVE_OFFICIAL_IS_FAILURE_DIAGNOSTIC_OPERATOR_COMMANDS.md,3BACCC3A82DD3D7A201D423104961D0B1226C863,101,1,1,2,LX-WS-0316-CTX-03,CONTEXT,records/history/archive/LX-WS-0316-CTX-03_C171.md,F3ECF612619DA6580AB0B6294A1940FA05773A67
LS-WS-0316,C171,audit/WS_C171_COMPARATIVE_OFFICIAL_IS_FAILURE_DIAGNOSTIC_OPERATOR_COMMANDS.md,3BACCC3A82DD3D7A201D423104961D0B1226C863,101,2,3,10,LX-WS-0316-EVD-01,EVIDENCE,records/evidence/runs/LX-WS-0316-EVD-01_C171.md,607FCD231ABD43A1DE7CCD191DBBF8F9FB9073C1
LS-WS-0316,C171,audit/WS_C171_COMPARATIVE_OFFICIAL_IS_FAILURE_DIAGNOSTIC_OPERATOR_COMMANDS.md,3BACCC3A82DD3D7A201D423104961D0B1226C863,101,3,11,39,LX-WS-0316-EVD-01,EVIDENCE,records/evidence/runs/LX-WS-0316-EVD-01_C171.md,607FCD231ABD43A1DE7CCD191DBBF8F9FB9073C1
LS-WS-0316,C171,audit/WS_C171_COMPARATIVE_OFFICIAL_IS_FAILURE_DIAGNOSTIC_OPERATOR_COMMANDS.md,3BACCC3A82DD3D7A201D423104961D0B1226C863,101,4,40,90,LX-WS-0316-FND-02,FINDING,records/history/archive/LX-WS-0316-FND-02_C171.md,4B320BB04A784E332897E106EF7EB10A95019624
LS-WS-0316,C171,audit/WS_C171_COMPARATIVE_OFFICIAL_IS_FAILURE_DIAGNOSTIC_OPERATOR_COMMANDS.md,3BACCC3A82DD3D7A201D423104961D0B1226C863,101,5,91,101,LX-WS-0316-EVD-01,EVIDENCE,records/evidence/runs/LX-WS-0316-EVD-01_C171.md,607FCD231ABD43A1DE7CCD191DBBF8F9FB9073C1
LS-WS-0319,C171,audit/WS_C171_FINAL_FAILED_NOT_READY_CLOSURE_AND_EVIDENCE_SEAL.md,A4022A3FB0A6FAF4E5AE4EE2C621E04199F8F8C6,68,1,1,2,LX-WS-0319-CTX-03,CONTEXT,records/history/archive/LX-WS-0319-CTX-03_C171.md,D5180D2F78C45AC48092ECC7965D28F290825D7A
LS-WS-0319,C171,audit/WS_C171_FINAL_FAILED_NOT_READY_CLOSURE_AND_EVIDENCE_SEAL.md,A4022A3FB0A6FAF4E5AE4EE2C621E04199F8F8C6,68,2,3,27,LX-WS-0319-DEC-01,DECISION,records/decisions/LX-WS-0319-DEC-01_C171.md,D4AA210BF8474EFC333C6088418C9D26E68EA81B
LS-WS-0319,C171,audit/WS_C171_FINAL_FAILED_NOT_READY_CLOSURE_AND_EVIDENCE_SEAL.md,A4022A3FB0A6FAF4E5AE4EE2C621E04199F8F8C6,68,3,28,55,LX-WS-0319-EVD-02,EVIDENCE,records/evidence/runs/LX-WS-0319-EVD-02_C171.md,7CCF029F483433BABCCEA9470110E7F0D49632BB
LS-WS-0319,C171,audit/WS_C171_FINAL_FAILED_NOT_READY_CLOSURE_AND_EVIDENCE_SEAL.md,A4022A3FB0A6FAF4E5AE4EE2C621E04199F8F8C6,68,4,56,68,LX-WS-0319-EVD-02,EVIDENCE,records/evidence/runs/LX-WS-0319-EVD-02_C171.md,7CCF029F483433BABCCEA9470110E7F0D49632BB
LS-WS-0321,C171,audit/WS_C171_IMMUTABLE_DRAFT_PARAMSET_CANDIDATE_DESIGN.md,E5FD5EAD398D64F518439DAFEE5ECCAF19B8045A,161,1,1,21,LX-WS-0321-CTX-04,CONTEXT,records/history/archive/LX-WS-0321-CTX-04_C171.md,E858081E188FB3F96ABAB12081EE89D6D4620CAC
LS-WS-0321,C171,audit/WS_C171_IMMUTABLE_DRAFT_PARAMSET_CANDIDATE_DESIGN.md,E5FD5EAD398D64F518439DAFEE5ECCAF19B8045A,161,2,22,33,LX-WS-0321-RES-03,RESEARCH,records/history/archive/LX-WS-0321-RES-03_C171.md,F5241A23763BDF8D8EB98EE8583D320D9D12C818
LS-WS-0321,C171,audit/WS_C171_IMMUTABLE_DRAFT_PARAMSET_CANDIDATE_DESIGN.md,E5FD5EAD398D64F518439DAFEE5ECCAF19B8045A,161,3,34,46,LX-WS-0321-RES-03,RESEARCH,records/history/archive/LX-WS-0321-RES-03_C171.md,F5241A23763BDF8D8EB98EE8583D320D9D12C818
LS-WS-0321,C171,audit/WS_C171_IMMUTABLE_DRAFT_PARAMSET_CANDIDATE_DESIGN.md,E5FD5EAD398D64F518439DAFEE5ECCAF19B8045A,161,4,47,53,LX-WS-0321-EVD-01,EVIDENCE,records/evidence/runs/LX-WS-0321-EVD-01_C171.md,080F433C533A817DE5E4AA81C1797C2CE41D3180
LS-WS-0321,C171,audit/WS_C171_IMMUTABLE_DRAFT_PARAMSET_CANDIDATE_DESIGN.md,E5FD5EAD398D64F518439DAFEE5ECCAF19B8045A,161,5,54,68,LX-WS-0321-RES-03,RESEARCH,records/history/archive/LX-WS-0321-RES-03_C171.md,F5241A23763BDF8D8EB98EE8583D320D9D12C818
LS-WS-0321,C171,audit/WS_C171_IMMUTABLE_DRAFT_PARAMSET_CANDIDATE_DESIGN.md,E5FD5EAD398D64F518439DAFEE5ECCAF19B8045A,161,6,69,90,LX-WS-0321-RES-03,RESEARCH,records/history/archive/LX-WS-0321-RES-03_C171.md,F5241A23763BDF8D8EB98EE8583D320D9D12C818
LS-WS-0321,C171,audit/WS_C171_IMMUTABLE_DRAFT_PARAMSET_CANDIDATE_DESIGN.md,E5FD5EAD398D64F518439DAFEE5ECCAF19B8045A,161,7,91,121,LX-WS-0321-IMP-02,IMPLEMENTATION,records/history/archive/LX-WS-0321-IMP-02_C171.md,8E5C68ECCCBDDFE13EBFF169323D10EAB2187C8A
LS-WS-0321,C171,audit/WS_C171_IMMUTABLE_DRAFT_PARAMSET_CANDIDATE_DESIGN.md,E5FD5EAD398D64F518439DAFEE5ECCAF19B8045A,161,8,122,134,LX-WS-0321-RES-03,RESEARCH,records/history/archive/LX-WS-0321-RES-03_C171.md,F5241A23763BDF8D8EB98EE8583D320D9D12C818
LS-WS-0321,C171,audit/WS_C171_IMMUTABLE_DRAFT_PARAMSET_CANDIDATE_DESIGN.md,E5FD5EAD398D64F518439DAFEE5ECCAF19B8045A,161,9,135,144,LX-WS-0321-RES-03,RESEARCH,records/history/archive/LX-WS-0321-RES-03_C171.md,F5241A23763BDF8D8EB98EE8583D320D9D12C818
LS-WS-0321,C171,audit/WS_C171_IMMUTABLE_DRAFT_PARAMSET_CANDIDATE_DESIGN.md,E5FD5EAD398D64F518439DAFEE5ECCAF19B8045A,161,10,145,161,LX-WS-0321-IMP-02,IMPLEMENTATION,records/history/archive/LX-WS-0321-IMP-02_C171.md,8E5C68ECCCBDDFE13EBFF169323D10EAB2187C8A
LS-WS-0323,C171+C01,audit/WS_C171_LOW_PRICE_EXECUTION_QUALITY_C01_OPERATOR_COMMANDS.md,09A3B4FEFFAC9800682709942866B3B4951333A9,233,1,1,2,LX-WS-0323-CTX-03,CONTEXT,records/history/archive/LX-WS-0323-CTX-03_C171_C01.md,6E07BBFD4F441022B6281FCC4184692612373035
LS-WS-0323,C171+C01,audit/WS_C171_LOW_PRICE_EXECUTION_QUALITY_C01_OPERATOR_COMMANDS.md,09A3B4FEFFAC9800682709942866B3B4951333A9,233,2,3,9,LX-WS-0323-EVD-01,EVIDENCE,records/evidence/runs/LX-WS-0323-EVD-01_C171_C01.md,7937399FDB2090518E0B3BFF79A8F35D9D572559
LS-WS-0323,C171+C01,audit/WS_C171_LOW_PRICE_EXECUTION_QUALITY_C01_OPERATOR_COMMANDS.md,09A3B4FEFFAC9800682709942866B3B4951333A9,233,3,10,20,LX-WS-0323-EVD-01,EVIDENCE,records/evidence/runs/LX-WS-0323-EVD-01_C171_C01.md,7937399FDB2090518E0B3BFF79A8F35D9D572559
LS-WS-0323,C171+C01,audit/WS_C171_LOW_PRICE_EXECUTION_QUALITY_C01_OPERATOR_COMMANDS.md,09A3B4FEFFAC9800682709942866B3B4951333A9,233,4,21,52,LX-WS-0323-EVD-01,EVIDENCE,records/evidence/runs/LX-WS-0323-EVD-01_C171_C01.md,7937399FDB2090518E0B3BFF79A8F35D9D572559
LS-WS-0323,C171+C01,audit/WS_C171_LOW_PRICE_EXECUTION_QUALITY_C01_OPERATOR_COMMANDS.md,09A3B4FEFFAC9800682709942866B3B4951333A9,233,5,53,78,LX-WS-0323-EVD-01,EVIDENCE,records/evidence/runs/LX-WS-0323-EVD-01_C171_C01.md,7937399FDB2090518E0B3BFF79A8F35D9D572559
LS-WS-0323,C171+C01,audit/WS_C171_LOW_PRICE_EXECUTION_QUALITY_C01_OPERATOR_COMMANDS.md,09A3B4FEFFAC9800682709942866B3B4951333A9,233,6,79,228,LX-WS-0323-EVD-01,EVIDENCE,records/evidence/runs/LX-WS-0323-EVD-01_C171_C01.md,7937399FDB2090518E0B3BFF79A8F35D9D572559
LS-WS-0323,C171+C01,audit/WS_C171_LOW_PRICE_EXECUTION_QUALITY_C01_OPERATOR_COMMANDS.md,09A3B4FEFFAC9800682709942866B3B4951333A9,233,7,229,233,LX-WS-0323-IMP-02,IMPLEMENTATION,records/history/archive/LX-WS-0323-IMP-02_C171_C01.md,5F991C232A960F265441C4316664C03016231A58
LS-WS-0324,C171,audit/WS_C171_OPERATOR_VALIDATION_COMMANDS.md,A5E4AEFDAD553897C4532E39D27E64D284DE8D4A,460,1,1,9,LX-WS-0324-CTX-03,CONTEXT,records/history/archive/LX-WS-0324-CTX-03_C171.md,C10408B19869472541E73A7C047F8B28B623576B
LS-WS-0324,C171,audit/WS_C171_OPERATOR_VALIDATION_COMMANDS.md,A5E4AEFDAD553897C4532E39D27E64D284DE8D4A,460,2,10,40,LX-WS-0324-EVD-01,EVIDENCE,records/evidence/runs/LX-WS-0324-EVD-01_C171.md,30AF8106414F42C94D82B4BB6A018DDE9AFF0A00
LS-WS-0324,C171,audit/WS_C171_OPERATOR_VALIDATION_COMMANDS.md,A5E4AEFDAD553897C4532E39D27E64D284DE8D4A,460,3,41,130,LX-WS-0324-EVD-01,EVIDENCE,records/evidence/runs/LX-WS-0324-EVD-01_C171.md,30AF8106414F42C94D82B4BB6A018DDE9AFF0A00
LS-WS-0324,C171,audit/WS_C171_OPERATOR_VALIDATION_COMMANDS.md,A5E4AEFDAD553897C4532E39D27E64D284DE8D4A,460,4,131,148,LX-WS-0324-IMP-02,IMPLEMENTATION,records/history/archive/LX-WS-0324-IMP-02_C171.md,5F49A46D0D8B125871ACD25B1BF95933CC0FD4F5
LS-WS-0324,C171,audit/WS_C171_OPERATOR_VALIDATION_COMMANDS.md,A5E4AEFDAD553897C4532E39D27E64D284DE8D4A,460,5,149,170,LX-WS-0324-EVD-01,EVIDENCE,records/evidence/runs/LX-WS-0324-EVD-01_C171.md,30AF8106414F42C94D82B4BB6A018DDE9AFF0A00
LS-WS-0324,C171,audit/WS_C171_OPERATOR_VALIDATION_COMMANDS.md,A5E4AEFDAD553897C4532E39D27E64D284DE8D4A,460,6,171,186,LX-WS-0324-EVD-01,EVIDENCE,records/evidence/runs/LX-WS-0324-EVD-01_C171.md,30AF8106414F42C94D82B4BB6A018DDE9AFF0A00
LS-WS-0324,C171,audit/WS_C171_OPERATOR_VALIDATION_COMMANDS.md,A5E4AEFDAD553897C4532E39D27E64D284DE8D4A,460,7,187,194,LX-WS-0324-EVD-01,EVIDENCE,records/evidence/runs/LX-WS-0324-EVD-01_C171.md,30AF8106414F42C94D82B4BB6A018DDE9AFF0A00
LS-WS-0324,C171,audit/WS_C171_OPERATOR_VALIDATION_COMMANDS.md,A5E4AEFDAD553897C4532E39D27E64D284DE8D4A,460,8,195,200,LX-WS-0324-EVD-01,EVIDENCE,records/evidence/runs/LX-WS-0324-EVD-01_C171.md,30AF8106414F42C94D82B4BB6A018DDE9AFF0A00
LS-WS-0324,C171,audit/WS_C171_OPERATOR_VALIDATION_COMMANDS.md,A5E4AEFDAD553897C4532E39D27E64D284DE8D4A,460,9,201,216,LX-WS-0324-EVD-01,EVIDENCE,records/evidence/runs/LX-WS-0324-EVD-01_C171.md,30AF8106414F42C94D82B4BB6A018DDE9AFF0A00
LS-WS-0324,C171,audit/WS_C171_OPERATOR_VALIDATION_COMMANDS.md,A5E4AEFDAD553897C4532E39D27E64D284DE8D4A,460,10,217,274,LX-WS-0324-EVD-01,EVIDENCE,records/evidence/runs/LX-WS-0324-EVD-01_C171.md,30AF8106414F42C94D82B4BB6A018DDE9AFF0A00
LS-WS-0324,C171,audit/WS_C171_OPERATOR_VALIDATION_COMMANDS.md,A5E4AEFDAD553897C4532E39D27E64D284DE8D4A,460,11,275,306,LX-WS-0324-EVD-01,EVIDENCE,records/evidence/runs/LX-WS-0324-EVD-01_C171.md,30AF8106414F42C94D82B4BB6A018DDE9AFF0A00
LS-WS-0324,C171,audit/WS_C171_OPERATOR_VALIDATION_COMMANDS.md,A5E4AEFDAD553897C4532E39D27E64D284DE8D4A,460,12,307,312,LX-WS-0324-EVD-01,EVIDENCE,records/evidence/runs/LX-WS-0324-EVD-01_C171.md,30AF8106414F42C94D82B4BB6A018DDE9AFF0A00
LS-WS-0324,C171,audit/WS_C171_OPERATOR_VALIDATION_COMMANDS.md,A5E4AEFDAD553897C4532E39D27E64D284DE8D4A,460,13,313,345,LX-WS-0324-EVD-01,EVIDENCE,records/evidence/runs/LX-WS-0324-EVD-01_C171.md,30AF8106414F42C94D82B4BB6A018DDE9AFF0A00
LS-WS-0324,C171,audit/WS_C171_OPERATOR_VALIDATION_COMMANDS.md,A5E4AEFDAD553897C4532E39D27E64D284DE8D4A,460,14,346,394,LX-WS-0324-EVD-01,EVIDENCE,records/evidence/runs/LX-WS-0324-EVD-01_C171.md,30AF8106414F42C94D82B4BB6A018DDE9AFF0A00
LS-WS-0324,C171,audit/WS_C171_OPERATOR_VALIDATION_COMMANDS.md,A5E4AEFDAD553897C4532E39D27E64D284DE8D4A,460,15,395,435,LX-WS-0324-EVD-01,EVIDENCE,records/evidence/runs/LX-WS-0324-EVD-01_C171.md,30AF8106414F42C94D82B4BB6A018DDE9AFF0A00
LS-WS-0324,C171,audit/WS_C171_OPERATOR_VALIDATION_COMMANDS.md,A5E4AEFDAD553897C4532E39D27E64D284DE8D4A,460,16,436,460,LX-WS-0324-EVD-01,EVIDENCE,records/evidence/runs/LX-WS-0324-EVD-01_C171.md,30AF8106414F42C94D82B4BB6A018DDE9AFF0A00
LS-WS-0325,C171,audit/WS_C171_REAL_IS_REMEDIATION_DRAFT_CATALOG_IMPLEMENTATION.md,F1020534B1D439E1991C85F72A6BECED23E34D94,206,1,1,20,LX-WS-0325-CTX-04,CONTEXT,records/history/archive/LX-WS-0325-CTX-04_C171.md,DA0E4F5AE8A1C6CAD02EEDF7DD8B00185B7E1884
LS-WS-0325,C171,audit/WS_C171_REAL_IS_REMEDIATION_DRAFT_CATALOG_IMPLEMENTATION.md,F1020534B1D439E1991C85F72A6BECED23E34D94,206,2,21,30,LX-WS-0325-RES-03,RESEARCH,records/history/archive/LX-WS-0325-RES-03_C171.md,635F7375E7D1E2D58C682F19586037A17DA92479
LS-WS-0325,C171,audit/WS_C171_REAL_IS_REMEDIATION_DRAFT_CATALOG_IMPLEMENTATION.md,F1020534B1D439E1991C85F72A6BECED23E34D94,206,3,31,56,LX-WS-0325-RES-03,RESEARCH,records/history/archive/LX-WS-0325-RES-03_C171.md,635F7375E7D1E2D58C682F19586037A17DA92479
LS-WS-0325,C171,audit/WS_C171_REAL_IS_REMEDIATION_DRAFT_CATALOG_IMPLEMENTATION.md,F1020534B1D439E1991C85F72A6BECED23E34D94,206,4,57,89,LX-WS-0325-RES-03,RESEARCH,records/history/archive/LX-WS-0325-RES-03_C171.md,635F7375E7D1E2D58C682F19586037A17DA92479
LS-WS-0325,C171,audit/WS_C171_REAL_IS_REMEDIATION_DRAFT_CATALOG_IMPLEMENTATION.md,F1020534B1D439E1991C85F72A6BECED23E34D94,206,5,90,121,LX-WS-0325-IMP-02,IMPLEMENTATION,records/history/archive/LX-WS-0325-IMP-02_C171.md,6F28338E986687FF88E80C110EF63A2571317ECA
LS-WS-0325,C171,audit/WS_C171_REAL_IS_REMEDIATION_DRAFT_CATALOG_IMPLEMENTATION.md,F1020534B1D439E1991C85F72A6BECED23E34D94,206,6,122,140,LX-WS-0325-IMP-02,IMPLEMENTATION,records/history/archive/LX-WS-0325-IMP-02_C171.md,6F28338E986687FF88E80C110EF63A2571317ECA
LS-WS-0325,C171,audit/WS_C171_REAL_IS_REMEDIATION_DRAFT_CATALOG_IMPLEMENTATION.md,F1020534B1D439E1991C85F72A6BECED23E34D94,206,7,141,156,LX-WS-0325-IMP-02,IMPLEMENTATION,records/history/archive/LX-WS-0325-IMP-02_C171.md,6F28338E986687FF88E80C110EF63A2571317ECA
LS-WS-0325,C171,audit/WS_C171_REAL_IS_REMEDIATION_DRAFT_CATALOG_IMPLEMENTATION.md,F1020534B1D439E1991C85F72A6BECED23E34D94,206,8,157,175,LX-WS-0325-RES-03,RESEARCH,records/history/archive/LX-WS-0325-RES-03_C171.md,635F7375E7D1E2D58C682F19586037A17DA92479
LS-WS-0325,C171,audit/WS_C171_REAL_IS_REMEDIATION_DRAFT_CATALOG_IMPLEMENTATION.md,F1020534B1D439E1991C85F72A6BECED23E34D94,206,9,176,191,LX-WS-0325-RES-03,RESEARCH,records/history/archive/LX-WS-0325-RES-03_C171.md,635F7375E7D1E2D58C682F19586037A17DA92479
LS-WS-0325,C171,audit/WS_C171_REAL_IS_REMEDIATION_DRAFT_CATALOG_IMPLEMENTATION.md,F1020534B1D439E1991C85F72A6BECED23E34D94,206,10,192,206,LX-WS-0325-EVD-01,EVIDENCE,records/evidence/runs/LX-WS-0325-EVD-01_C171.md,BCF7B67E8F774D59F6CE2E664A33A4D4E9ACAD10
LS-WS-0326,C171,audit/WS_C171_REMEDIATION_DRAFT_CATALOG_OPERATOR_COMMANDS.md,4F8A15C950631FFD63394774C6CB75A21F686E1D,257,1,1,2,LX-WS-0326-CTX-03,CONTEXT,records/history/archive/LX-WS-0326-CTX-03_C171.md,B32C635D613A452E0A8614E49E086CE9C2AED05C
LS-WS-0326,C171,audit/WS_C171_REMEDIATION_DRAFT_CATALOG_OPERATOR_COMMANDS.md,4F8A15C950631FFD63394774C6CB75A21F686E1D,257,2,3,19,LX-WS-0326-EVD-01,EVIDENCE,records/evidence/runs/LX-WS-0326-EVD-01_C171.md,4C87C4FA89D4F842FB5EE56BE2C404FDBBBA66D4
LS-WS-0326,C171,audit/WS_C171_REMEDIATION_DRAFT_CATALOG_OPERATOR_COMMANDS.md,4F8A15C950631FFD63394774C6CB75A21F686E1D,257,3,20,26,LX-WS-0326-EVD-01,EVIDENCE,records/evidence/runs/LX-WS-0326-EVD-01_C171.md,4C87C4FA89D4F842FB5EE56BE2C404FDBBBA66D4
LS-WS-0326,C171,audit/WS_C171_REMEDIATION_DRAFT_CATALOG_OPERATOR_COMMANDS.md,4F8A15C950631FFD63394774C6CB75A21F686E1D,257,4,27,59,LX-WS-0326-EVD-01,EVIDENCE,records/evidence/runs/LX-WS-0326-EVD-01_C171.md,4C87C4FA89D4F842FB5EE56BE2C404FDBBBA66D4
LS-WS-0326,C171,audit/WS_C171_REMEDIATION_DRAFT_CATALOG_OPERATOR_COMMANDS.md,4F8A15C950631FFD63394774C6CB75A21F686E1D,257,5,60,65,LX-WS-0326-IMP-02,IMPLEMENTATION,records/history/archive/LX-WS-0326-IMP-02_C171.md,D5C4514BA94EB89B255CDE96C47B711053DAD8CD
LS-WS-0326,C171,audit/WS_C171_REMEDIATION_DRAFT_CATALOG_OPERATOR_COMMANDS.md,4F8A15C950631FFD63394774C6CB75A21F686E1D,257,6,66,86,LX-WS-0326-EVD-01,EVIDENCE,records/evidence/runs/LX-WS-0326-EVD-01_C171.md,4C87C4FA89D4F842FB5EE56BE2C404FDBBBA66D4
LS-WS-0326,C171,audit/WS_C171_REMEDIATION_DRAFT_CATALOG_OPERATOR_COMMANDS.md,4F8A15C950631FFD63394774C6CB75A21F686E1D,257,7,87,94,LX-WS-0326-EVD-01,EVIDENCE,records/evidence/runs/LX-WS-0326-EVD-01_C171.md,4C87C4FA89D4F842FB5EE56BE2C404FDBBBA66D4
LS-WS-0326,C171,audit/WS_C171_REMEDIATION_DRAFT_CATALOG_OPERATOR_COMMANDS.md,4F8A15C950631FFD63394774C6CB75A21F686E1D,257,8,95,137,LX-WS-0326-EVD-01,EVIDENCE,records/evidence/runs/LX-WS-0326-EVD-01_C171.md,4C87C4FA89D4F842FB5EE56BE2C404FDBBBA66D4
LS-WS-0326,C171,audit/WS_C171_REMEDIATION_DRAFT_CATALOG_OPERATOR_COMMANDS.md,4F8A15C950631FFD63394774C6CB75A21F686E1D,257,9,138,239,LX-WS-0326-EVD-01,EVIDENCE,records/evidence/runs/LX-WS-0326-EVD-01_C171.md,4C87C4FA89D4F842FB5EE56BE2C404FDBBBA66D4
LS-WS-0326,C171,audit/WS_C171_REMEDIATION_DRAFT_CATALOG_OPERATOR_COMMANDS.md,4F8A15C950631FFD63394774C6CB75A21F686E1D,257,10,240,251,LX-WS-0326-EVD-01,EVIDENCE,records/evidence/runs/LX-WS-0326-EVD-01_C171.md,4C87C4FA89D4F842FB5EE56BE2C404FDBBBA66D4
LS-WS-0326,C171,audit/WS_C171_REMEDIATION_DRAFT_CATALOG_OPERATOR_COMMANDS.md,4F8A15C950631FFD63394774C6CB75A21F686E1D,257,11,252,257,LX-WS-0326-EVD-01,EVIDENCE,records/evidence/runs/LX-WS-0326-EVD-01_C171.md,4C87C4FA89D4F842FB5EE56BE2C404FDBBBA66D4
LS-WS-0327,C171,audit/WS_C171_REMEDIATION_DRAFT_PARAMSET_HASH_IDENTITY_REPAIR.md,A3DEC25202F45E009C1AF1481711F4BFFC2E5AA5,120,1,1,18,LX-WS-0327-CTX-05,CONTEXT,records/history/archive/LX-WS-0327-CTX-05_C171.md,E7C7CC3DE8C65D1012FB9529BFC0B661514162A2
LS-WS-0327,C171,audit/WS_C171_REMEDIATION_DRAFT_PARAMSET_HASH_IDENTITY_REPAIR.md,A3DEC25202F45E009C1AF1481711F4BFFC2E5AA5,120,2,19,47,LX-WS-0327-EVD-01,EVIDENCE,records/evidence/runs/LX-WS-0327-EVD-01_C171.md,EA5F8C0B22E6DE84B3F77C3A56CBFEA3FDD632E6
LS-WS-0327,C171,audit/WS_C171_REMEDIATION_DRAFT_PARAMSET_HASH_IDENTITY_REPAIR.md,A3DEC25202F45E009C1AF1481711F4BFFC2E5AA5,120,3,48,61,LX-WS-0327-FND-02,FINDING,records/history/archive/LX-WS-0327-FND-02_C171.md,2CCDC4466CED35D8C733AB0EC3F0836E6966A241
LS-WS-0327,C171,audit/WS_C171_REMEDIATION_DRAFT_PARAMSET_HASH_IDENTITY_REPAIR.md,A3DEC25202F45E009C1AF1481711F4BFFC2E5AA5,120,4,62,82,LX-WS-0327-IMP-03,IMPLEMENTATION,records/history/archive/LX-WS-0327-IMP-03_C171.md,2D4AA4E5AB3B67805F650A8A44855871942B7E84
LS-WS-0327,C171,audit/WS_C171_REMEDIATION_DRAFT_PARAMSET_HASH_IDENTITY_REPAIR.md,A3DEC25202F45E009C1AF1481711F4BFFC2E5AA5,120,5,83,101,LX-WS-0327-RES-04,RESEARCH,records/history/archive/LX-WS-0327-RES-04_C171.md,F200D7CE887EA94A1EB8B79274E7C233CC5DA4DA
LS-WS-0327,C171,audit/WS_C171_REMEDIATION_DRAFT_PARAMSET_HASH_IDENTITY_REPAIR.md,A3DEC25202F45E009C1AF1481711F4BFFC2E5AA5,120,6,102,120,LX-WS-0327-RES-04,RESEARCH,records/history/archive/LX-WS-0327-RES-04_C171.md,F200D7CE887EA94A1EB8B79274E7C233CC5DA4DA
LS-WS-0329,C171,audit/WS_C171_TRADE_EVIDENCE_DIAGNOSTIC_OPERATOR_COMMANDS.md,AC363A2FE960B98B0A8BE3691E9719987AA517D3,194,1,1,8,LX-WS-0329-CTX-03,CONTEXT,records/history/archive/LX-WS-0329-CTX-03_C171.md,C4257CFDDC0B6929311AD3657F9D0497E5C21564
LS-WS-0329,C171,audit/WS_C171_TRADE_EVIDENCE_DIAGNOSTIC_OPERATOR_COMMANDS.md,AC363A2FE960B98B0A8BE3691E9719987AA517D3,194,2,9,30,LX-WS-0329-EVD-01,EVIDENCE,records/evidence/runs/LX-WS-0329-EVD-01_C171.md,6A8C0EDD58AF585561C2595D44F4ADA9C97767A0
LS-WS-0329,C171,audit/WS_C171_TRADE_EVIDENCE_DIAGNOSTIC_OPERATOR_COMMANDS.md,AC363A2FE960B98B0A8BE3691E9719987AA517D3,194,3,31,54,LX-WS-0329-EVD-01,EVIDENCE,records/evidence/runs/LX-WS-0329-EVD-01_C171.md,6A8C0EDD58AF585561C2595D44F4ADA9C97767A0
LS-WS-0329,C171,audit/WS_C171_TRADE_EVIDENCE_DIAGNOSTIC_OPERATOR_COMMANDS.md,AC363A2FE960B98B0A8BE3691E9719987AA517D3,194,4,55,72,LX-WS-0329-EVD-01,EVIDENCE,records/evidence/runs/LX-WS-0329-EVD-01_C171.md,6A8C0EDD58AF585561C2595D44F4ADA9C97767A0
LS-WS-0329,C171,audit/WS_C171_TRADE_EVIDENCE_DIAGNOSTIC_OPERATOR_COMMANDS.md,AC363A2FE960B98B0A8BE3691E9719987AA517D3,194,5,73,103,LX-WS-0329-FND-02,FINDING,records/history/archive/LX-WS-0329-FND-02_C171.md,A22E7542FE33E5418B87DC4FB271227D3643B119
LS-WS-0329,C171,audit/WS_C171_TRADE_EVIDENCE_DIAGNOSTIC_OPERATOR_COMMANDS.md,AC363A2FE960B98B0A8BE3691E9719987AA517D3,194,6,104,122,LX-WS-0329-EVD-01,EVIDENCE,records/evidence/runs/LX-WS-0329-EVD-01_C171.md,6A8C0EDD58AF585561C2595D44F4ADA9C97767A0
LS-WS-0329,C171,audit/WS_C171_TRADE_EVIDENCE_DIAGNOSTIC_OPERATOR_COMMANDS.md,AC363A2FE960B98B0A8BE3691E9719987AA517D3,194,7,123,141,LX-WS-0329-EVD-01,EVIDENCE,records/evidence/runs/LX-WS-0329-EVD-01_C171.md,6A8C0EDD58AF585561C2595D44F4ADA9C97767A0
LS-WS-0329,C171,audit/WS_C171_TRADE_EVIDENCE_DIAGNOSTIC_OPERATOR_COMMANDS.md,AC363A2FE960B98B0A8BE3691E9719987AA517D3,194,8,142,159,LX-WS-0329-EVD-01,EVIDENCE,records/evidence/runs/LX-WS-0329-EVD-01_C171.md,6A8C0EDD58AF585561C2595D44F4ADA9C97767A0
LS-WS-0329,C171,audit/WS_C171_TRADE_EVIDENCE_DIAGNOSTIC_OPERATOR_COMMANDS.md,AC363A2FE960B98B0A8BE3691E9719987AA517D3,194,9,160,169,LX-WS-0329-EVD-01,EVIDENCE,records/evidence/runs/LX-WS-0329-EVD-01_C171.md,6A8C0EDD58AF585561C2595D44F4ADA9C97767A0
LS-WS-0329,C171,audit/WS_C171_TRADE_EVIDENCE_DIAGNOSTIC_OPERATOR_COMMANDS.md,AC363A2FE960B98B0A8BE3691E9719987AA517D3,194,10,170,194,LX-WS-0329-EVD-01,EVIDENCE,records/evidence/runs/LX-WS-0329-EVD-01_C171.md,6A8C0EDD58AF585561C2595D44F4ADA9C97767A0
LS-WS-0330,C171,audit/WS_C171_WEEKLY_SWING_VERSIONED_OFFICIAL_BACKTEST_EVIDENCE_AND_EXECUTABLE_IS_STRATEGY_REMEDIATION.md,477740FBB8FF096A2B4A18069FFEEF2259D0CF5D,264,1,1,18,LX-WS-0330-CTX-04,CONTEXT,records/history/archive/LX-WS-0330-CTX-04_C171.md,87968A81450625273687685EB47C45C199BAC97C
LS-WS-0330,C171,audit/WS_C171_WEEKLY_SWING_VERSIONED_OFFICIAL_BACKTEST_EVIDENCE_AND_EXECUTABLE_IS_STRATEGY_REMEDIATION.md,477740FBB8FF096A2B4A18069FFEEF2259D0CF5D,264,2,19,44,LX-WS-0330-IMP-02,IMPLEMENTATION,records/history/archive/LX-WS-0330-IMP-02_C171.md,E95798528CB2BA7AD408FD7C42D51BDEFECE7D96
LS-WS-0330,C171,audit/WS_C171_WEEKLY_SWING_VERSIONED_OFFICIAL_BACKTEST_EVIDENCE_AND_EXECUTABLE_IS_STRATEGY_REMEDIATION.md,477740FBB8FF096A2B4A18069FFEEF2259D0CF5D,264,3,45,66,LX-WS-0330-RES-03,RESEARCH,records/history/archive/LX-WS-0330-RES-03_C171.md,E67AABD87681C5F65034234935F6A8A94CDC4E6F
LS-WS-0330,C171,audit/WS_C171_WEEKLY_SWING_VERSIONED_OFFICIAL_BACKTEST_EVIDENCE_AND_EXECUTABLE_IS_STRATEGY_REMEDIATION.md,477740FBB8FF096A2B4A18069FFEEF2259D0CF5D,264,4,67,86,LX-WS-0330-RES-03,RESEARCH,records/history/archive/LX-WS-0330-RES-03_C171.md,E67AABD87681C5F65034234935F6A8A94CDC4E6F
LS-WS-0330,C171,audit/WS_C171_WEEKLY_SWING_VERSIONED_OFFICIAL_BACKTEST_EVIDENCE_AND_EXECUTABLE_IS_STRATEGY_REMEDIATION.md,477740FBB8FF096A2B4A18069FFEEF2259D0CF5D,264,5,87,101,LX-WS-0330-RES-03,RESEARCH,records/history/archive/LX-WS-0330-RES-03_C171.md,E67AABD87681C5F65034234935F6A8A94CDC4E6F
LS-WS-0330,C171,audit/WS_C171_WEEKLY_SWING_VERSIONED_OFFICIAL_BACKTEST_EVIDENCE_AND_EXECUTABLE_IS_STRATEGY_REMEDIATION.md,477740FBB8FF096A2B4A18069FFEEF2259D0CF5D,264,6,102,115,LX-WS-0330-EVD-01,EVIDENCE,records/evidence/runs/LX-WS-0330-EVD-01_C171.md,F60F9D1FE29F2801DAFC24452355C403F3952372
LS-WS-0330,C171,audit/WS_C171_WEEKLY_SWING_VERSIONED_OFFICIAL_BACKTEST_EVIDENCE_AND_EXECUTABLE_IS_STRATEGY_REMEDIATION.md,477740FBB8FF096A2B4A18069FFEEF2259D0CF5D,264,7,116,133,LX-WS-0330-EVD-01,EVIDENCE,records/evidence/runs/LX-WS-0330-EVD-01_C171.md,F60F9D1FE29F2801DAFC24452355C403F3952372
LS-WS-0330,C171,audit/WS_C171_WEEKLY_SWING_VERSIONED_OFFICIAL_BACKTEST_EVIDENCE_AND_EXECUTABLE_IS_STRATEGY_REMEDIATION.md,477740FBB8FF096A2B4A18069FFEEF2259D0CF5D,264,8,134,146,LX-WS-0330-IMP-02,IMPLEMENTATION,records/history/archive/LX-WS-0330-IMP-02_C171.md,E95798528CB2BA7AD408FD7C42D51BDEFECE7D96
LS-WS-0330,C171,audit/WS_C171_WEEKLY_SWING_VERSIONED_OFFICIAL_BACKTEST_EVIDENCE_AND_EXECUTABLE_IS_STRATEGY_REMEDIATION.md,477740FBB8FF096A2B4A18069FFEEF2259D0CF5D,264,9,147,168,LX-WS-0330-IMP-02,IMPLEMENTATION,records/history/archive/LX-WS-0330-IMP-02_C171.md,E95798528CB2BA7AD408FD7C42D51BDEFECE7D96
LS-WS-0330,C171,audit/WS_C171_WEEKLY_SWING_VERSIONED_OFFICIAL_BACKTEST_EVIDENCE_AND_EXECUTABLE_IS_STRATEGY_REMEDIATION.md,477740FBB8FF096A2B4A18069FFEEF2259D0CF5D,264,10,169,205,LX-WS-0330-EVD-01,EVIDENCE,records/evidence/runs/LX-WS-0330-EVD-01_C171.md,F60F9D1FE29F2801DAFC24452355C403F3952372
LS-WS-0330,C171,audit/WS_C171_WEEKLY_SWING_VERSIONED_OFFICIAL_BACKTEST_EVIDENCE_AND_EXECUTABLE_IS_STRATEGY_REMEDIATION.md,477740FBB8FF096A2B4A18069FFEEF2259D0CF5D,264,11,206,240,LX-WS-0330-RES-03,RESEARCH,records/history/archive/LX-WS-0330-RES-03_C171.md,E67AABD87681C5F65034234935F6A8A94CDC4E6F
LS-WS-0330,C171,audit/WS_C171_WEEKLY_SWING_VERSIONED_OFFICIAL_BACKTEST_EVIDENCE_AND_EXECUTABLE_IS_STRATEGY_REMEDIATION.md,477740FBB8FF096A2B4A18069FFEEF2259D0CF5D,264,12,241,264,LX-WS-0330-EVD-01,EVIDENCE,records/evidence/runs/LX-WS-0330-EVD-01_C171.md,F60F9D1FE29F2801DAFC24452355C403F3952372
LS-WS-0331,C17,audit/WS_C17_OPERATOR_VALIDATION_COMMANDS.md,42CD63983444A66BE40084D8FC4D3FEC6E098F23,323,1,1,2,LX-WS-0331-CTX-03,CONTEXT,records/history/archive/LX-WS-0331-CTX-03_C17.md,2E3109616D980DDF96D46218142F4F5E6AD640A2
LS-WS-0331,C17,audit/WS_C17_OPERATOR_VALIDATION_COMMANDS.md,42CD63983444A66BE40084D8FC4D3FEC6E098F23,323,2,3,15,LX-WS-0331-EVD-01,EVIDENCE,records/evidence/runs/LX-WS-0331-EVD-01_C17.md,5C82D240E54E09D8B765C97C452D77274C3F63CF
LS-WS-0331,C17,audit/WS_C17_OPERATOR_VALIDATION_COMMANDS.md,42CD63983444A66BE40084D8FC4D3FEC6E098F23,323,3,16,49,LX-WS-0331-EVD-01,EVIDENCE,records/evidence/runs/LX-WS-0331-EVD-01_C17.md,5C82D240E54E09D8B765C97C452D77274C3F63CF
LS-WS-0331,C17,audit/WS_C17_OPERATOR_VALIDATION_COMMANDS.md,42CD63983444A66BE40084D8FC4D3FEC6E098F23,323,4,50,74,LX-WS-0331-EVD-01,EVIDENCE,records/evidence/runs/LX-WS-0331-EVD-01_C17.md,5C82D240E54E09D8B765C97C452D77274C3F63CF
LS-WS-0331,C17,audit/WS_C17_OPERATOR_VALIDATION_COMMANDS.md,42CD63983444A66BE40084D8FC4D3FEC6E098F23,323,5,75,125,LX-WS-0331-EVD-01,EVIDENCE,records/evidence/runs/LX-WS-0331-EVD-01_C17.md,5C82D240E54E09D8B765C97C452D77274C3F63CF
LS-WS-0331,C17,audit/WS_C17_OPERATOR_VALIDATION_COMMANDS.md,42CD63983444A66BE40084D8FC4D3FEC6E098F23,323,6,126,155,LX-WS-0331-EVD-01,EVIDENCE,records/evidence/runs/LX-WS-0331-EVD-01_C17.md,5C82D240E54E09D8B765C97C452D77274C3F63CF
LS-WS-0331,C17,audit/WS_C17_OPERATOR_VALIDATION_COMMANDS.md,42CD63983444A66BE40084D8FC4D3FEC6E098F23,323,7,156,216,LX-WS-0331-RES-02,RESEARCH,records/history/archive/LX-WS-0331-RES-02_C17.md,D21D121360F11AF1C2490C9B625E60860B8F01C7
LS-WS-0331,C17,audit/WS_C17_OPERATOR_VALIDATION_COMMANDS.md,42CD63983444A66BE40084D8FC4D3FEC6E098F23,323,8,217,234,LX-WS-0331-RES-02,RESEARCH,records/history/archive/LX-WS-0331-RES-02_C17.md,D21D121360F11AF1C2490C9B625E60860B8F01C7
LS-WS-0331,C17,audit/WS_C17_OPERATOR_VALIDATION_COMMANDS.md,42CD63983444A66BE40084D8FC4D3FEC6E098F23,323,9,235,257,LX-WS-0331-EVD-01,EVIDENCE,records/evidence/runs/LX-WS-0331-EVD-01_C17.md,5C82D240E54E09D8B765C97C452D77274C3F63CF
LS-WS-0331,C17,audit/WS_C17_OPERATOR_VALIDATION_COMMANDS.md,42CD63983444A66BE40084D8FC4D3FEC6E098F23,323,10,258,323,LX-WS-0331-EVD-01,EVIDENCE,records/evidence/runs/LX-WS-0331-EVD-01_C17.md,5C82D240E54E09D8B765C97C452D77274C3F63CF
LS-WS-0333,C18,audit/WS_C18_FUNNEL_AND_MONTHLY_COVERAGE_DIAGNOSTIC_RESULT.md,E358154C7ADED0B6CA71F2E2C75BC54F0C8BF0DC,373,1,1,2,LX-WS-0333-CTX-03,CONTEXT,records/history/archive/LX-WS-0333-CTX-03_C18.md,6AD60E17B6A991D3CD3F38FA1C71517833186A0A
LS-WS-0333,C18,audit/WS_C18_FUNNEL_AND_MONTHLY_COVERAGE_DIAGNOSTIC_RESULT.md,E358154C7ADED0B6CA71F2E2C75BC54F0C8BF0DC,373,2,3,17,LX-WS-0333-FND-02,FINDING,records/history/archive/LX-WS-0333-FND-02_C18.md,3A24339749AA3824CFE1B2113875E50C50D5F7C1
LS-WS-0333,C18,audit/WS_C18_FUNNEL_AND_MONTHLY_COVERAGE_DIAGNOSTIC_RESULT.md,E358154C7ADED0B6CA71F2E2C75BC54F0C8BF0DC,373,3,18,51,LX-WS-0333-FND-02,FINDING,records/history/archive/LX-WS-0333-FND-02_C18.md,3A24339749AA3824CFE1B2113875E50C50D5F7C1
LS-WS-0333,C18,audit/WS_C18_FUNNEL_AND_MONTHLY_COVERAGE_DIAGNOSTIC_RESULT.md,E358154C7ADED0B6CA71F2E2C75BC54F0C8BF0DC,373,4,52,79,LX-WS-0333-FND-02,FINDING,records/history/archive/LX-WS-0333-FND-02_C18.md,3A24339749AA3824CFE1B2113875E50C50D5F7C1
LS-WS-0333,C18,audit/WS_C18_FUNNEL_AND_MONTHLY_COVERAGE_DIAGNOSTIC_RESULT.md,E358154C7ADED0B6CA71F2E2C75BC54F0C8BF0DC,373,5,80,118,LX-WS-0333-FND-02,FINDING,records/history/archive/LX-WS-0333-FND-02_C18.md,3A24339749AA3824CFE1B2113875E50C50D5F7C1
LS-WS-0333,C18,audit/WS_C18_FUNNEL_AND_MONTHLY_COVERAGE_DIAGNOSTIC_RESULT.md,E358154C7ADED0B6CA71F2E2C75BC54F0C8BF0DC,373,6,119,218,LX-WS-0333-EVD-01,EVIDENCE,records/evidence/runs/LX-WS-0333-EVD-01_C18.md,F899C4BAFB001328F4FD016D1C42736BD3F809E8
LS-WS-0333,C18,audit/WS_C18_FUNNEL_AND_MONTHLY_COVERAGE_DIAGNOSTIC_RESULT.md,E358154C7ADED0B6CA71F2E2C75BC54F0C8BF0DC,373,7,219,315,LX-WS-0333-EVD-01,EVIDENCE,records/evidence/runs/LX-WS-0333-EVD-01_C18.md,F899C4BAFB001328F4FD016D1C42736BD3F809E8
LS-WS-0333,C18,audit/WS_C18_FUNNEL_AND_MONTHLY_COVERAGE_DIAGNOSTIC_RESULT.md,E358154C7ADED0B6CA71F2E2C75BC54F0C8BF0DC,373,8,316,338,LX-WS-0333-FND-02,FINDING,records/history/archive/LX-WS-0333-FND-02_C18.md,3A24339749AA3824CFE1B2113875E50C50D5F7C1
LS-WS-0333,C18,audit/WS_C18_FUNNEL_AND_MONTHLY_COVERAGE_DIAGNOSTIC_RESULT.md,E358154C7ADED0B6CA71F2E2C75BC54F0C8BF0DC,373,9,339,359,LX-WS-0333-FND-02,FINDING,records/history/archive/LX-WS-0333-FND-02_C18.md,3A24339749AA3824CFE1B2113875E50C50D5F7C1
LS-WS-0333,C18,audit/WS_C18_FUNNEL_AND_MONTHLY_COVERAGE_DIAGNOSTIC_RESULT.md,E358154C7ADED0B6CA71F2E2C75BC54F0C8BF0DC,373,10,360,373,LX-WS-0333-FND-02,FINDING,records/history/archive/LX-WS-0333-FND-02_C18.md,3A24339749AA3824CFE1B2113875E50C50D5F7C1
LS-WS-0334,C18,audit/WS_C18_OPERATOR_VALIDATION_COMMANDS.md,8BBD9955FD6D4AB2B772A84538EEE158ADBABA2E,270,1,1,2,LX-WS-0334-CTX-03,CONTEXT,records/history/archive/LX-WS-0334-CTX-03_C18.md,62B9C704DB2605BBF4DCA92DB236FC1CAFFFD535
LS-WS-0334,C18,audit/WS_C18_OPERATOR_VALIDATION_COMMANDS.md,8BBD9955FD6D4AB2B772A84538EEE158ADBABA2E,270,2,3,17,LX-WS-0334-EVD-01,EVIDENCE,records/evidence/runs/LX-WS-0334-EVD-01_C18.md,609336ADA46C4E13AE75CC394C4265758E9DF61F
LS-WS-0334,C18,audit/WS_C18_OPERATOR_VALIDATION_COMMANDS.md,8BBD9955FD6D4AB2B772A84538EEE158ADBABA2E,270,3,18,27,LX-WS-0334-EVD-01,EVIDENCE,records/evidence/runs/LX-WS-0334-EVD-01_C18.md,609336ADA46C4E13AE75CC394C4265758E9DF61F
LS-WS-0334,C18,audit/WS_C18_OPERATOR_VALIDATION_COMMANDS.md,8BBD9955FD6D4AB2B772A84538EEE158ADBABA2E,270,4,28,53,LX-WS-0334-FND-02,FINDING,records/history/archive/LX-WS-0334-FND-02_C18.md,5AAE1F4E761F20A30FF760169A1C036B6CAD6BF0
LS-WS-0334,C18,audit/WS_C18_OPERATOR_VALIDATION_COMMANDS.md,8BBD9955FD6D4AB2B772A84538EEE158ADBABA2E,270,5,54,69,LX-WS-0334-EVD-01,EVIDENCE,records/evidence/runs/LX-WS-0334-EVD-01_C18.md,609336ADA46C4E13AE75CC394C4265758E9DF61F
LS-WS-0334,C18,audit/WS_C18_OPERATOR_VALIDATION_COMMANDS.md,8BBD9955FD6D4AB2B772A84538EEE158ADBABA2E,270,6,70,90,LX-WS-0334-EVD-01,EVIDENCE,records/evidence/runs/LX-WS-0334-EVD-01_C18.md,609336ADA46C4E13AE75CC394C4265758E9DF61F
LS-WS-0334,C18,audit/WS_C18_OPERATOR_VALIDATION_COMMANDS.md,8BBD9955FD6D4AB2B772A84538EEE158ADBABA2E,270,7,91,133,LX-WS-0334-FND-02,FINDING,records/history/archive/LX-WS-0334-FND-02_C18.md,5AAE1F4E761F20A30FF760169A1C036B6CAD6BF0
LS-WS-0334,C18,audit/WS_C18_OPERATOR_VALIDATION_COMMANDS.md,8BBD9955FD6D4AB2B772A84538EEE158ADBABA2E,270,8,134,187,LX-WS-0334-EVD-01,EVIDENCE,records/evidence/runs/LX-WS-0334-EVD-01_C18.md,609336ADA46C4E13AE75CC394C4265758E9DF61F
LS-WS-0334,C18,audit/WS_C18_OPERATOR_VALIDATION_COMMANDS.md,8BBD9955FD6D4AB2B772A84538EEE158ADBABA2E,270,9,188,242,LX-WS-0334-EVD-01,EVIDENCE,records/evidence/runs/LX-WS-0334-EVD-01_C18.md,609336ADA46C4E13AE75CC394C4265758E9DF61F
LS-WS-0334,C18,audit/WS_C18_OPERATOR_VALIDATION_COMMANDS.md,8BBD9955FD6D4AB2B772A84538EEE158ADBABA2E,270,10,243,256,LX-WS-0334-EVD-01,EVIDENCE,records/evidence/runs/LX-WS-0334-EVD-01_C18.md,609336ADA46C4E13AE75CC394C4265758E9DF61F
LS-WS-0334,C18,audit/WS_C18_OPERATOR_VALIDATION_COMMANDS.md,8BBD9955FD6D4AB2B772A84538EEE158ADBABA2E,270,11,257,270,LX-WS-0334-EVD-01,EVIDENCE,records/evidence/runs/LX-WS-0334-EVD-01_C18.md,609336ADA46C4E13AE75CC394C4265758E9DF61F
LS-WS-0335,C19,audit/WS_C19_FINAL_DIAGNOSTIC_RESULT.md,1A3E48696DEBFDF49BA0813C4598CC4B32A6F966,78,1,1,6,LX-WS-0335-CTX-04,CONTEXT,records/history/archive/LX-WS-0335-CTX-04_C19.md,00C4D5B2A3B7980B02ACB94FD10674F9D7BE0257
LS-WS-0335,C19,audit/WS_C19_FINAL_DIAGNOSTIC_RESULT.md,1A3E48696DEBFDF49BA0813C4598CC4B32A6F966,78,2,7,25,LX-WS-0335-EVD-02,EVIDENCE,records/evidence/runs/LX-WS-0335-EVD-02_C19.md,15FA7C55919015EBCB4D5C9F1EB6E59A4C9FD0F0
LS-WS-0335,C19,audit/WS_C19_FINAL_DIAGNOSTIC_RESULT.md,1A3E48696DEBFDF49BA0813C4598CC4B32A6F966,78,3,26,35,LX-WS-0335-EVD-02,EVIDENCE,records/evidence/runs/LX-WS-0335-EVD-02_C19.md,15FA7C55919015EBCB4D5C9F1EB6E59A4C9FD0F0
LS-WS-0335,C19,audit/WS_C19_FINAL_DIAGNOSTIC_RESULT.md,1A3E48696DEBFDF49BA0813C4598CC4B32A6F966,78,4,36,50,LX-WS-0335-FND-03,FINDING,records/history/archive/LX-WS-0335-FND-03_C19.md,3F3D98D3F60315464410F3AA738F03738121322A
LS-WS-0335,C19,audit/WS_C19_FINAL_DIAGNOSTIC_RESULT.md,1A3E48696DEBFDF49BA0813C4598CC4B32A6F966,78,5,51,65,LX-WS-0335-DEC-01,DECISION,records/decisions/LX-WS-0335-DEC-01_C19.md,9722D4BA7EDAC05ACF1FDBFA1C073D82174EAAAD
LS-WS-0335,C19,audit/WS_C19_FINAL_DIAGNOSTIC_RESULT.md,1A3E48696DEBFDF49BA0813C4598CC4B32A6F966,78,6,66,75,LX-WS-0335-FND-03,FINDING,records/history/archive/LX-WS-0335-FND-03_C19.md,3F3D98D3F60315464410F3AA738F03738121322A
LS-WS-0335,C19,audit/WS_C19_FINAL_DIAGNOSTIC_RESULT.md,1A3E48696DEBFDF49BA0813C4598CC4B32A6F966,78,7,76,78,LX-WS-0335-FND-03,FINDING,records/history/archive/LX-WS-0335-FND-03_C19.md,3F3D98D3F60315464410F3AA738F03738121322A
LS-WS-0336,C19,audit/WS_C19_OPERATOR_VALIDATION_COMMANDS.md,4F08B12035767EB150EFC93BCE2D8B6AC6C05809,568,1,1,2,LX-WS-0336-CTX-03,CONTEXT,records/history/archive/LX-WS-0336-CTX-03_C19.md,E093945195F29DE6F89BEED88211C9CEFC70379D
LS-WS-0336,C19,audit/WS_C19_OPERATOR_VALIDATION_COMMANDS.md,4F08B12035767EB150EFC93BCE2D8B6AC6C05809,568,2,3,6,LX-WS-0336-EVD-01,EVIDENCE,records/evidence/runs/LX-WS-0336-EVD-01_C19.md,523F927468E358DE7F02B781E55C178E54ED3E45
LS-WS-0336,C19,audit/WS_C19_OPERATOR_VALIDATION_COMMANDS.md,4F08B12035767EB150EFC93BCE2D8B6AC6C05809,568,3,7,35,LX-WS-0336-EVD-01,EVIDENCE,records/evidence/runs/LX-WS-0336-EVD-01_C19.md,523F927468E358DE7F02B781E55C178E54ED3E45
LS-WS-0336,C19,audit/WS_C19_OPERATOR_VALIDATION_COMMANDS.md,4F08B12035767EB150EFC93BCE2D8B6AC6C05809,568,4,36,63,LX-WS-0336-EVD-01,EVIDENCE,records/evidence/runs/LX-WS-0336-EVD-01_C19.md,523F927468E358DE7F02B781E55C178E54ED3E45
LS-WS-0336,C19,audit/WS_C19_OPERATOR_VALIDATION_COMMANDS.md,4F08B12035767EB150EFC93BCE2D8B6AC6C05809,568,5,64,110,LX-WS-0336-EVD-01,EVIDENCE,records/evidence/runs/LX-WS-0336-EVD-01_C19.md,523F927468E358DE7F02B781E55C178E54ED3E45
LS-WS-0336,C19,audit/WS_C19_OPERATOR_VALIDATION_COMMANDS.md,4F08B12035767EB150EFC93BCE2D8B6AC6C05809,568,6,111,138,LX-WS-0336-EVD-01,EVIDENCE,records/evidence/runs/LX-WS-0336-EVD-01_C19.md,523F927468E358DE7F02B781E55C178E54ED3E45
LS-WS-0336,C19,audit/WS_C19_OPERATOR_VALIDATION_COMMANDS.md,4F08B12035767EB150EFC93BCE2D8B6AC6C05809,568,7,139,161,LX-WS-0336-EVD-01,EVIDENCE,records/evidence/runs/LX-WS-0336-EVD-01_C19.md,523F927468E358DE7F02B781E55C178E54ED3E45
LS-WS-0336,C19,audit/WS_C19_OPERATOR_VALIDATION_COMMANDS.md,4F08B12035767EB150EFC93BCE2D8B6AC6C05809,568,8,162,178,LX-WS-0336-EVD-01,EVIDENCE,records/evidence/runs/LX-WS-0336-EVD-01_C19.md,523F927468E358DE7F02B781E55C178E54ED3E45
LS-WS-0336,C19,audit/WS_C19_OPERATOR_VALIDATION_COMMANDS.md,4F08B12035767EB150EFC93BCE2D8B6AC6C05809,568,9,179,208,LX-WS-0336-EVD-01,EVIDENCE,records/evidence/runs/LX-WS-0336-EVD-01_C19.md,523F927468E358DE7F02B781E55C178E54ED3E45
LS-WS-0336,C19,audit/WS_C19_OPERATOR_VALIDATION_COMMANDS.md,4F08B12035767EB150EFC93BCE2D8B6AC6C05809,568,10,209,257,LX-WS-0336-FND-02,FINDING,records/history/archive/LX-WS-0336-FND-02_C19.md,F96B26D23627B727D26F1A6E261AACEC7DD52B08
LS-WS-0336,C19,audit/WS_C19_OPERATOR_VALIDATION_COMMANDS.md,4F08B12035767EB150EFC93BCE2D8B6AC6C05809,568,11,258,296,LX-WS-0336-FND-02,FINDING,records/history/archive/LX-WS-0336-FND-02_C19.md,F96B26D23627B727D26F1A6E261AACEC7DD52B08
LS-WS-0336,C19,audit/WS_C19_OPERATOR_VALIDATION_COMMANDS.md,4F08B12035767EB150EFC93BCE2D8B6AC6C05809,568,12,297,396,LX-WS-0336-FND-02,FINDING,records/history/archive/LX-WS-0336-FND-02_C19.md,F96B26D23627B727D26F1A6E261AACEC7DD52B08
LS-WS-0336,C19,audit/WS_C19_OPERATOR_VALIDATION_COMMANDS.md,4F08B12035767EB150EFC93BCE2D8B6AC6C05809,568,13,397,449,LX-WS-0336-FND-02,FINDING,records/history/archive/LX-WS-0336-FND-02_C19.md,F96B26D23627B727D26F1A6E261AACEC7DD52B08
LS-WS-0336,C19,audit/WS_C19_OPERATOR_VALIDATION_COMMANDS.md,4F08B12035767EB150EFC93BCE2D8B6AC6C05809,568,14,450,515,LX-WS-0336-FND-02,FINDING,records/history/archive/LX-WS-0336-FND-02_C19.md,F96B26D23627B727D26F1A6E261AACEC7DD52B08
LS-WS-0336,C19,audit/WS_C19_OPERATOR_VALIDATION_COMMANDS.md,4F08B12035767EB150EFC93BCE2D8B6AC6C05809,568,15,516,568,LX-WS-0336-EVD-01,EVIDENCE,records/evidence/runs/LX-WS-0336-EVD-01_C19.md,523F927468E358DE7F02B781E55C178E54ED3E45
LS-WS-0337,C19,audit/WS_C19_QUALITY_RECOVERY_TUNING_DIAGNOSTIC.md,E906D989D6FFFFB3DF5F0656C36F4665D59C4BBF,327,1,1,4,LX-WS-0337-CTX-04,CONTEXT,records/history/archive/LX-WS-0337-CTX-04_C19.md,452D519E6AC8B3DA68F159C3C6176A0940A1CF2E
LS-WS-0337,C19,audit/WS_C19_QUALITY_RECOVERY_TUNING_DIAGNOSTIC.md,E906D989D6FFFFB3DF5F0656C36F4665D59C4BBF,327,2,5,8,LX-WS-0337-FND-02,FINDING,records/history/archive/LX-WS-0337-FND-02_C19.md,5B52D6C85C413C87139ACE761FB1FEFFD2670A06
LS-WS-0337,C19,audit/WS_C19_QUALITY_RECOVERY_TUNING_DIAGNOSTIC.md,E906D989D6FFFFB3DF5F0656C36F4665D59C4BBF,327,3,9,17,LX-WS-0337-FND-02,FINDING,records/history/archive/LX-WS-0337-FND-02_C19.md,5B52D6C85C413C87139ACE761FB1FEFFD2670A06
LS-WS-0337,C19,audit/WS_C19_QUALITY_RECOVERY_TUNING_DIAGNOSTIC.md,E906D989D6FFFFB3DF5F0656C36F4665D59C4BBF,327,4,18,59,LX-WS-0337-FND-02,FINDING,records/history/archive/LX-WS-0337-FND-02_C19.md,5B52D6C85C413C87139ACE761FB1FEFFD2670A06
LS-WS-0337,C19,audit/WS_C19_QUALITY_RECOVERY_TUNING_DIAGNOSTIC.md,E906D989D6FFFFB3DF5F0656C36F4665D59C4BBF,327,5,60,84,LX-WS-0337-FND-02,FINDING,records/history/archive/LX-WS-0337-FND-02_C19.md,5B52D6C85C413C87139ACE761FB1FEFFD2670A06
LS-WS-0337,C19,audit/WS_C19_QUALITY_RECOVERY_TUNING_DIAGNOSTIC.md,E906D989D6FFFFB3DF5F0656C36F4665D59C4BBF,327,6,85,93,LX-WS-0337-EVD-01,EVIDENCE,records/evidence/runs/LX-WS-0337-EVD-01_C19.md,DDA034FC5B1A52A386C52A8DF62580AC2D06CF3F
LS-WS-0337,C19,audit/WS_C19_QUALITY_RECOVERY_TUNING_DIAGNOSTIC.md,E906D989D6FFFFB3DF5F0656C36F4665D59C4BBF,327,7,94,106,LX-WS-0337-FND-02,FINDING,records/history/archive/LX-WS-0337-FND-02_C19.md,5B52D6C85C413C87139ACE761FB1FEFFD2670A06
LS-WS-0337,C19,audit/WS_C19_QUALITY_RECOVERY_TUNING_DIAGNOSTIC.md,E906D989D6FFFFB3DF5F0656C36F4665D59C4BBF,327,8,107,120,LX-WS-0337-FND-02,FINDING,records/history/archive/LX-WS-0337-FND-02_C19.md,5B52D6C85C413C87139ACE761FB1FEFFD2670A06
LS-WS-0337,C19,audit/WS_C19_QUALITY_RECOVERY_TUNING_DIAGNOSTIC.md,E906D989D6FFFFB3DF5F0656C36F4665D59C4BBF,327,9,121,196,LX-WS-0337-STR-03,STRATEGY,records/history/archive/LX-WS-0337-STR-03_C19.md,9CBE6D40C0E70F7BAE7D2054FF1DAB4244C4A5CC
LS-WS-0337,C19,audit/WS_C19_QUALITY_RECOVERY_TUNING_DIAGNOSTIC.md,E906D989D6FFFFB3DF5F0656C36F4665D59C4BBF,327,10,197,274,LX-WS-0337-FND-02,FINDING,records/history/archive/LX-WS-0337-FND-02_C19.md,5B52D6C85C413C87139ACE761FB1FEFFD2670A06
LS-WS-0337,C19,audit/WS_C19_QUALITY_RECOVERY_TUNING_DIAGNOSTIC.md,E906D989D6FFFFB3DF5F0656C36F4665D59C4BBF,327,11,275,327,LX-WS-0337-FND-02,FINDING,records/history/archive/LX-WS-0337-FND-02_C19.md,5B52D6C85C413C87139ACE761FB1FEFFD2670A06
LS-WS-0338,C19,audit/WS_C19_SELECTION_MODEL_DIAGNOSTIC_RESULT.md,55CCB10DD117F965BC3B8262299CCF0F80900284,343,1,1,2,LX-WS-0338-CTX-03,CONTEXT,records/history/archive/LX-WS-0338-CTX-03_C19.md,664EED06B62AB149D2A66A807B8EBF9C67042C34
LS-WS-0338,C19,audit/WS_C19_SELECTION_MODEL_DIAGNOSTIC_RESULT.md,55CCB10DD117F965BC3B8262299CCF0F80900284,343,2,3,15,LX-WS-0338-FND-02,FINDING,records/history/archive/LX-WS-0338-FND-02_C19.md,8C776F30378C3085A093F214068030C495E5FAEE
LS-WS-0338,C19,audit/WS_C19_SELECTION_MODEL_DIAGNOSTIC_RESULT.md,55CCB10DD117F965BC3B8262299CCF0F80900284,343,3,16,28,LX-WS-0338-FND-02,FINDING,records/history/archive/LX-WS-0338-FND-02_C19.md,8C776F30378C3085A093F214068030C495E5FAEE
LS-WS-0338,C19,audit/WS_C19_SELECTION_MODEL_DIAGNOSTIC_RESULT.md,55CCB10DD117F965BC3B8262299CCF0F80900284,343,4,29,41,LX-WS-0338-FND-02,FINDING,records/history/archive/LX-WS-0338-FND-02_C19.md,8C776F30378C3085A093F214068030C495E5FAEE
LS-WS-0338,C19,audit/WS_C19_SELECTION_MODEL_DIAGNOSTIC_RESULT.md,55CCB10DD117F965BC3B8262299CCF0F80900284,343,5,42,80,LX-WS-0338-FND-02,FINDING,records/history/archive/LX-WS-0338-FND-02_C19.md,8C776F30378C3085A093F214068030C495E5FAEE
LS-WS-0338,C19,audit/WS_C19_SELECTION_MODEL_DIAGNOSTIC_RESULT.md,55CCB10DD117F965BC3B8262299CCF0F80900284,343,6,81,105,LX-WS-0338-FND-02,FINDING,records/history/archive/LX-WS-0338-FND-02_C19.md,8C776F30378C3085A093F214068030C495E5FAEE
LS-WS-0338,C19,audit/WS_C19_SELECTION_MODEL_DIAGNOSTIC_RESULT.md,55CCB10DD117F965BC3B8262299CCF0F80900284,343,7,106,128,LX-WS-0338-FND-02,FINDING,records/history/archive/LX-WS-0338-FND-02_C19.md,8C776F30378C3085A093F214068030C495E5FAEE
LS-WS-0338,C19,audit/WS_C19_SELECTION_MODEL_DIAGNOSTIC_RESULT.md,55CCB10DD117F965BC3B8262299CCF0F80900284,343,8,129,150,LX-WS-0338-FND-02,FINDING,records/history/archive/LX-WS-0338-FND-02_C19.md,8C776F30378C3085A093F214068030C495E5FAEE
LS-WS-0338,C19,audit/WS_C19_SELECTION_MODEL_DIAGNOSTIC_RESULT.md,55CCB10DD117F965BC3B8262299CCF0F80900284,343,9,151,182,LX-WS-0338-EVD-01,EVIDENCE,records/evidence/runs/LX-WS-0338-EVD-01_C19.md,07E4209D40D85F1EA2FA014814C33C186F060777
LS-WS-0338,C19,audit/WS_C19_SELECTION_MODEL_DIAGNOSTIC_RESULT.md,55CCB10DD117F965BC3B8262299CCF0F80900284,343,10,183,195,LX-WS-0338-EVD-01,EVIDENCE,records/evidence/runs/LX-WS-0338-EVD-01_C19.md,07E4209D40D85F1EA2FA014814C33C186F060777
LS-WS-0338,C19,audit/WS_C19_SELECTION_MODEL_DIAGNOSTIC_RESULT.md,55CCB10DD117F965BC3B8262299CCF0F80900284,343,11,196,211,LX-WS-0338-FND-02,FINDING,records/history/archive/LX-WS-0338-FND-02_C19.md,8C776F30378C3085A093F214068030C495E5FAEE
LS-WS-0338,C19,audit/WS_C19_SELECTION_MODEL_DIAGNOSTIC_RESULT.md,55CCB10DD117F965BC3B8262299CCF0F80900284,343,12,212,220,LX-WS-0338-FND-02,FINDING,records/history/archive/LX-WS-0338-FND-02_C19.md,8C776F30378C3085A093F214068030C495E5FAEE
LS-WS-0338,C19,audit/WS_C19_SELECTION_MODEL_DIAGNOSTIC_RESULT.md,55CCB10DD117F965BC3B8262299CCF0F80900284,343,13,221,265,LX-WS-0338-FND-02,FINDING,records/history/archive/LX-WS-0338-FND-02_C19.md,8C776F30378C3085A093F214068030C495E5FAEE
LS-WS-0338,C19,audit/WS_C19_SELECTION_MODEL_DIAGNOSTIC_RESULT.md,55CCB10DD117F965BC3B8262299CCF0F80900284,343,14,266,343,LX-WS-0338-FND-02,FINDING,records/history/archive/LX-WS-0338-FND-02_C19.md,8C776F30378C3085A093F214068030C495E5FAEE
LS-WS-0339,C19,audit/WS_C19_SELECTION_MODEL_REDESIGN_ANALYSIS.md,9376D62C57E16D7E0C135BBE8049DA072FB0A3F3,379,1,1,2,LX-WS-0339-CTX-06,CONTEXT,records/history/archive/LX-WS-0339-CTX-06_C19.md,235AB0378E927D7E6121AF068762AE1377FEA16B
LS-WS-0339,C19,audit/WS_C19_SELECTION_MODEL_REDESIGN_ANALYSIS.md,9376D62C57E16D7E0C135BBE8049DA072FB0A3F3,379,2,3,8,LX-WS-0339-RES-04,RESEARCH,records/history/archive/LX-WS-0339-RES-04_C19.md,8A908CC0EDD3D4B29D99854B407E73696B85C53F
LS-WS-0339,C19,audit/WS_C19_SELECTION_MODEL_REDESIGN_ANALYSIS.md,9376D62C57E16D7E0C135BBE8049DA072FB0A3F3,379,3,9,39,LX-WS-0339-EVD-01,EVIDENCE,records/evidence/runs/LX-WS-0339-EVD-01_C19.md,1C2C8819DED5C4728752B5D51309B0D40850F08C
LS-WS-0339,C19,audit/WS_C19_SELECTION_MODEL_REDESIGN_ANALYSIS.md,9376D62C57E16D7E0C135BBE8049DA072FB0A3F3,379,4,40,170,LX-WS-0339-STR-05,STRATEGY,records/history/archive/LX-WS-0339-STR-05_C19.md,ACAD7F31C641C813F54AFC42CCAD62A7EB71EA90
LS-WS-0339,C19,audit/WS_C19_SELECTION_MODEL_REDESIGN_ANALYSIS.md,9376D62C57E16D7E0C135BBE8049DA072FB0A3F3,379,5,171,182,LX-WS-0339-FND-02,FINDING,records/history/archive/LX-WS-0339-FND-02_C19.md,5AED2501C380E268A24E8DB46B64BB609D4F5BED
LS-WS-0339,C19,audit/WS_C19_SELECTION_MODEL_REDESIGN_ANALYSIS.md,9376D62C57E16D7E0C135BBE8049DA072FB0A3F3,379,6,183,213,LX-WS-0339-RES-04,RESEARCH,records/history/archive/LX-WS-0339-RES-04_C19.md,8A908CC0EDD3D4B29D99854B407E73696B85C53F
LS-WS-0339,C19,audit/WS_C19_SELECTION_MODEL_REDESIGN_ANALYSIS.md,9376D62C57E16D7E0C135BBE8049DA072FB0A3F3,379,7,214,252,LX-WS-0339-RES-04,RESEARCH,records/history/archive/LX-WS-0339-RES-04_C19.md,8A908CC0EDD3D4B29D99854B407E73696B85C53F
LS-WS-0339,C19,audit/WS_C19_SELECTION_MODEL_REDESIGN_ANALYSIS.md,9376D62C57E16D7E0C135BBE8049DA072FB0A3F3,379,8,253,269,LX-WS-0339-IMP-03,IMPLEMENTATION,records/history/archive/LX-WS-0339-IMP-03_C19.md,0E8564B803D4E5B166E9C7133E88F881AC067259
LS-WS-0339,C19,audit/WS_C19_SELECTION_MODEL_REDESIGN_ANALYSIS.md,9376D62C57E16D7E0C135BBE8049DA072FB0A3F3,379,9,270,290,LX-WS-0339-EVD-01,EVIDENCE,records/evidence/runs/LX-WS-0339-EVD-01_C19.md,1C2C8819DED5C4728752B5D51309B0D40850F08C
LS-WS-0339,C19,audit/WS_C19_SELECTION_MODEL_REDESIGN_ANALYSIS.md,9376D62C57E16D7E0C135BBE8049DA072FB0A3F3,379,10,291,314,LX-WS-0339-FND-02,FINDING,records/history/archive/LX-WS-0339-FND-02_C19.md,5AED2501C380E268A24E8DB46B64BB609D4F5BED
LS-WS-0339,C19,audit/WS_C19_SELECTION_MODEL_REDESIGN_ANALYSIS.md,9376D62C57E16D7E0C135BBE8049DA072FB0A3F3,379,11,315,330,LX-WS-0339-RES-04,RESEARCH,records/history/archive/LX-WS-0339-RES-04_C19.md,8A908CC0EDD3D4B29D99854B407E73696B85C53F
LS-WS-0339,C19,audit/WS_C19_SELECTION_MODEL_REDESIGN_ANALYSIS.md,9376D62C57E16D7E0C135BBE8049DA072FB0A3F3,379,12,331,339,LX-WS-0339-RES-04,RESEARCH,records/history/archive/LX-WS-0339-RES-04_C19.md,8A908CC0EDD3D4B29D99854B407E73696B85C53F
LS-WS-0339,C19,audit/WS_C19_SELECTION_MODEL_REDESIGN_ANALYSIS.md,9376D62C57E16D7E0C135BBE8049DA072FB0A3F3,379,13,340,379,LX-WS-0339-FND-02,FINDING,records/history/archive/LX-WS-0339-FND-02_C19.md,5AED2501C380E268A24E8DB46B64BB609D4F5BED
LS-WS-0340,C20,audit/WS_C20_OPERATOR_VALIDATION_COMMANDS.md,A2E2DB631FF51E0F92C23EE08D8BFB9155926359,187,1,1,6,LX-WS-0340-CTX-03,CONTEXT,records/history/archive/LX-WS-0340-CTX-03_C20.md,A4B5E269F95507EF7AEBA4CEFC4D73CF7DA963D4
LS-WS-0340,C20,audit/WS_C20_OPERATOR_VALIDATION_COMMANDS.md,A2E2DB631FF51E0F92C23EE08D8BFB9155926359,187,2,7,29,LX-WS-0340-EVD-01,EVIDENCE,records/evidence/runs/LX-WS-0340-EVD-01_C20.md,48F0781DEB2B887FEFD18C6A70A49C7B13E4056B
LS-WS-0340,C20,audit/WS_C20_OPERATOR_VALIDATION_COMMANDS.md,A2E2DB631FF51E0F92C23EE08D8BFB9155926359,187,3,30,67,LX-WS-0340-FND-02,FINDING,records/history/archive/LX-WS-0340-FND-02_C20.md,96EE2BC1CF6BAD75505837CD45C5D3BF01ACCDD0
LS-WS-0340,C20,audit/WS_C20_OPERATOR_VALIDATION_COMMANDS.md,A2E2DB631FF51E0F92C23EE08D8BFB9155926359,187,4,68,82,LX-WS-0340-FND-02,FINDING,records/history/archive/LX-WS-0340-FND-02_C20.md,96EE2BC1CF6BAD75505837CD45C5D3BF01ACCDD0
LS-WS-0340,C20,audit/WS_C20_OPERATOR_VALIDATION_COMMANDS.md,A2E2DB631FF51E0F92C23EE08D8BFB9155926359,187,5,83,113,LX-WS-0340-EVD-01,EVIDENCE,records/evidence/runs/LX-WS-0340-EVD-01_C20.md,48F0781DEB2B887FEFD18C6A70A49C7B13E4056B
LS-WS-0340,C20,audit/WS_C20_OPERATOR_VALIDATION_COMMANDS.md,A2E2DB631FF51E0F92C23EE08D8BFB9155926359,187,6,114,134,LX-WS-0340-EVD-01,EVIDENCE,records/evidence/runs/LX-WS-0340-EVD-01_C20.md,48F0781DEB2B887FEFD18C6A70A49C7B13E4056B
LS-WS-0340,C20,audit/WS_C20_OPERATOR_VALIDATION_COMMANDS.md,A2E2DB631FF51E0F92C23EE08D8BFB9155926359,187,7,135,187,LX-WS-0340-EVD-01,EVIDENCE,records/evidence/runs/LX-WS-0340-EVD-01_C20.md,48F0781DEB2B887FEFD18C6A70A49C7B13E4056B
LS-WS-0341,C20,audit/WS_C20_REGIME_TRADE_DATE_DIAGNOSTIC.md,6BBDB0FB0F731A47754423354140A4EE0C02027B,315,1,1,4,LX-WS-0341-CTX-05,CONTEXT,records/history/archive/LX-WS-0341-CTX-05_C20.md,6F49778D05D5B5401CBB98DAFBE6834A136F1FDD
LS-WS-0341,C20,audit/WS_C20_REGIME_TRADE_DATE_DIAGNOSTIC.md,6BBDB0FB0F731A47754423354140A4EE0C02027B,315,2,5,23,LX-WS-0341-FND-03,FINDING,records/history/archive/LX-WS-0341-FND-03_C20.md,6B39635932A5B021796DA0B50F924774269E2C6A
LS-WS-0341,C20,audit/WS_C20_REGIME_TRADE_DATE_DIAGNOSTIC.md,6BBDB0FB0F731A47754423354140A4EE0C02027B,315,3,24,48,LX-WS-0341-FND-03,FINDING,records/history/archive/LX-WS-0341-FND-03_C20.md,6B39635932A5B021796DA0B50F924774269E2C6A
LS-WS-0341,C20,audit/WS_C20_REGIME_TRADE_DATE_DIAGNOSTIC.md,6BBDB0FB0F731A47754423354140A4EE0C02027B,315,4,49,77,LX-WS-0341-IMP-04,IMPLEMENTATION,records/history/archive/LX-WS-0341-IMP-04_C20.md,1B09E719D5AA216B71EE682F0A627BDAAB642FFB
LS-WS-0341,C20,audit/WS_C20_REGIME_TRADE_DATE_DIAGNOSTIC.md,6BBDB0FB0F731A47754423354140A4EE0C02027B,315,5,78,91,LX-WS-0341-FND-03,FINDING,records/history/archive/LX-WS-0341-FND-03_C20.md,6B39635932A5B021796DA0B50F924774269E2C6A
LS-WS-0341,C20,audit/WS_C20_REGIME_TRADE_DATE_DIAGNOSTIC.md,6BBDB0FB0F731A47754423354140A4EE0C02027B,315,6,92,110,LX-WS-0341-FND-03,FINDING,records/history/archive/LX-WS-0341-FND-03_C20.md,6B39635932A5B021796DA0B50F924774269E2C6A
LS-WS-0341,C20,audit/WS_C20_REGIME_TRADE_DATE_DIAGNOSTIC.md,6BBDB0FB0F731A47754423354140A4EE0C02027B,315,7,111,126,LX-WS-0341-FND-03,FINDING,records/history/archive/LX-WS-0341-FND-03_C20.md,6B39635932A5B021796DA0B50F924774269E2C6A
LS-WS-0341,C20,audit/WS_C20_REGIME_TRADE_DATE_DIAGNOSTIC.md,6BBDB0FB0F731A47754423354140A4EE0C02027B,315,8,127,142,LX-WS-0341-FND-03,FINDING,records/history/archive/LX-WS-0341-FND-03_C20.md,6B39635932A5B021796DA0B50F924774269E2C6A
LS-WS-0341,C20,audit/WS_C20_REGIME_TRADE_DATE_DIAGNOSTIC.md,6BBDB0FB0F731A47754423354140A4EE0C02027B,315,9,143,165,LX-WS-0341-IMP-04,IMPLEMENTATION,records/history/archive/LX-WS-0341-IMP-04_C20.md,1B09E719D5AA216B71EE682F0A627BDAAB642FFB
LS-WS-0341,C20,audit/WS_C20_REGIME_TRADE_DATE_DIAGNOSTIC.md,6BBDB0FB0F731A47754423354140A4EE0C02027B,315,10,166,216,LX-WS-0341-DEC-01,DECISION,records/decisions/LX-WS-0341-DEC-01_C20.md,350BDEC10BCB08EF40E0970C348D451D3BDB0B7F
LS-WS-0341,C20,audit/WS_C20_REGIME_TRADE_DATE_DIAGNOSTIC.md,6BBDB0FB0F731A47754423354140A4EE0C02027B,315,11,217,294,LX-WS-0341-EVD-02,EVIDENCE,records/evidence/runs/LX-WS-0341-EVD-02_C20.md,A05D88D05777CFA57DF3165B9983A0D040FDDC88
LS-WS-0341,C20,audit/WS_C20_REGIME_TRADE_DATE_DIAGNOSTIC.md,6BBDB0FB0F731A47754423354140A4EE0C02027B,315,12,295,315,LX-WS-0341-FND-03,FINDING,records/history/archive/LX-WS-0341-FND-03_C20.md,6B39635932A5B021796DA0B50F924774269E2C6A
LS-WS-0342,C21,audit/WS_C21_ENTRY_EXIT_BEHAVIOR_DIAGNOSTIC.md,E3EE55C33A5FD6F23C5E0AB8188F29779288C57B,442,1,1,6,LX-WS-0342-CTX-05,CONTEXT,records/history/archive/LX-WS-0342-CTX-05_C21.md,151ECC008BC099E2CEAAB9D5FF21341324EE580B
LS-WS-0342,C21,audit/WS_C21_ENTRY_EXIT_BEHAVIOR_DIAGNOSTIC.md,E3EE55C33A5FD6F23C5E0AB8188F29779288C57B,442,2,7,33,LX-WS-0342-FND-03,FINDING,records/history/archive/LX-WS-0342-FND-03_C21.md,D5EECCFA42635D65F77AF8C833DE7D25495F09FD
LS-WS-0342,C21,audit/WS_C21_ENTRY_EXIT_BEHAVIOR_DIAGNOSTIC.md,E3EE55C33A5FD6F23C5E0AB8188F29779288C57B,442,3,34,66,LX-WS-0342-FND-03,FINDING,records/history/archive/LX-WS-0342-FND-03_C21.md,D5EECCFA42635D65F77AF8C833DE7D25495F09FD
LS-WS-0342,C21,audit/WS_C21_ENTRY_EXIT_BEHAVIOR_DIAGNOSTIC.md,E3EE55C33A5FD6F23C5E0AB8188F29779288C57B,442,4,67,96,LX-WS-0342-IMP-04,IMPLEMENTATION,records/history/archive/LX-WS-0342-IMP-04_C21.md,458B70DED457799D884028821B7CEBE2C66EF67B
LS-WS-0342,C21,audit/WS_C21_ENTRY_EXIT_BEHAVIOR_DIAGNOSTIC.md,E3EE55C33A5FD6F23C5E0AB8188F29779288C57B,442,5,97,111,LX-WS-0342-FND-03,FINDING,records/history/archive/LX-WS-0342-FND-03_C21.md,D5EECCFA42635D65F77AF8C833DE7D25495F09FD
LS-WS-0342,C21,audit/WS_C21_ENTRY_EXIT_BEHAVIOR_DIAGNOSTIC.md,E3EE55C33A5FD6F23C5E0AB8188F29779288C57B,442,6,112,136,LX-WS-0342-FND-03,FINDING,records/history/archive/LX-WS-0342-FND-03_C21.md,D5EECCFA42635D65F77AF8C833DE7D25495F09FD
LS-WS-0342,C21,audit/WS_C21_ENTRY_EXIT_BEHAVIOR_DIAGNOSTIC.md,E3EE55C33A5FD6F23C5E0AB8188F29779288C57B,442,7,137,152,LX-WS-0342-FND-03,FINDING,records/history/archive/LX-WS-0342-FND-03_C21.md,D5EECCFA42635D65F77AF8C833DE7D25495F09FD
LS-WS-0342,C21,audit/WS_C21_ENTRY_EXIT_BEHAVIOR_DIAGNOSTIC.md,E3EE55C33A5FD6F23C5E0AB8188F29779288C57B,442,8,153,191,LX-WS-0342-EVD-02,EVIDENCE,records/evidence/runs/LX-WS-0342-EVD-02_C21.md,406A78C5353D999BA32621D1861FD11BC3966907
LS-WS-0342,C21,audit/WS_C21_ENTRY_EXIT_BEHAVIOR_DIAGNOSTIC.md,E3EE55C33A5FD6F23C5E0AB8188F29779288C57B,442,9,192,208,LX-WS-0342-EVD-02,EVIDENCE,records/evidence/runs/LX-WS-0342-EVD-02_C21.md,406A78C5353D999BA32621D1861FD11BC3966907
LS-WS-0342,C21,audit/WS_C21_ENTRY_EXIT_BEHAVIOR_DIAGNOSTIC.md,E3EE55C33A5FD6F23C5E0AB8188F29779288C57B,442,10,209,315,LX-WS-0342-EVD-02,EVIDENCE,records/evidence/runs/LX-WS-0342-EVD-02_C21.md,406A78C5353D999BA32621D1861FD11BC3966907
LS-WS-0342,C21,audit/WS_C21_ENTRY_EXIT_BEHAVIOR_DIAGNOSTIC.md,E3EE55C33A5FD6F23C5E0AB8188F29779288C57B,442,11,316,381,LX-WS-0342-FND-03,FINDING,records/history/archive/LX-WS-0342-FND-03_C21.md,D5EECCFA42635D65F77AF8C833DE7D25495F09FD
LS-WS-0342,C21,audit/WS_C21_ENTRY_EXIT_BEHAVIOR_DIAGNOSTIC.md,E3EE55C33A5FD6F23C5E0AB8188F29779288C57B,442,12,382,405,LX-WS-0342-DEC-01,DECISION,records/decisions/LX-WS-0342-DEC-01_C21.md,B1D6F6E98DD8C7FB25E964B7DB29E09B6BE5ADD2
LS-WS-0342,C21,audit/WS_C21_ENTRY_EXIT_BEHAVIOR_DIAGNOSTIC.md,E3EE55C33A5FD6F23C5E0AB8188F29779288C57B,442,13,406,429,LX-WS-0342-FND-03,FINDING,records/history/archive/LX-WS-0342-FND-03_C21.md,D5EECCFA42635D65F77AF8C833DE7D25495F09FD
LS-WS-0342,C21,audit/WS_C21_ENTRY_EXIT_BEHAVIOR_DIAGNOSTIC.md,E3EE55C33A5FD6F23C5E0AB8188F29779288C57B,442,14,430,442,LX-WS-0342-FND-03,FINDING,records/history/archive/LX-WS-0342-FND-03_C21.md,D5EECCFA42635D65F77AF8C833DE7D25495F09FD
LS-WS-0343,C21,audit/WS_C21_OPERATOR_VALIDATION_COMMANDS.md,F8B174DE63868742CC74E740AED34DB699BE633D,254,1,1,6,LX-WS-0343-CTX-03,CONTEXT,records/history/archive/LX-WS-0343-CTX-03_C21.md,57BEDE026089C4FE36F3CD56B21A5C9C1B1A8EA4
LS-WS-0343,C21,audit/WS_C21_OPERATOR_VALIDATION_COMMANDS.md,F8B174DE63868742CC74E740AED34DB699BE633D,254,2,7,26,LX-WS-0343-EVD-01,EVIDENCE,records/evidence/runs/LX-WS-0343-EVD-01_C21.md,E39479ACD5B15F8A3B79ABB10FFB05E799C9876D
LS-WS-0343,C21,audit/WS_C21_OPERATOR_VALIDATION_COMMANDS.md,F8B174DE63868742CC74E740AED34DB699BE633D,254,3,27,52,LX-WS-0343-EVD-01,EVIDENCE,records/evidence/runs/LX-WS-0343-EVD-01_C21.md,E39479ACD5B15F8A3B79ABB10FFB05E799C9876D
LS-WS-0343,C21,audit/WS_C21_OPERATOR_VALIDATION_COMMANDS.md,F8B174DE63868742CC74E740AED34DB699BE633D,254,4,53,84,LX-WS-0343-EVD-01,EVIDENCE,records/evidence/runs/LX-WS-0343-EVD-01_C21.md,E39479ACD5B15F8A3B79ABB10FFB05E799C9876D
LS-WS-0343,C21,audit/WS_C21_OPERATOR_VALIDATION_COMMANDS.md,F8B174DE63868742CC74E740AED34DB699BE633D,254,5,85,142,LX-WS-0343-FND-02,FINDING,records/history/archive/LX-WS-0343-FND-02_C21.md,867DB9A65F725CFFD551104503347B8A6D493711
LS-WS-0343,C21,audit/WS_C21_OPERATOR_VALIDATION_COMMANDS.md,F8B174DE63868742CC74E740AED34DB699BE633D,254,6,143,199,LX-WS-0343-FND-02,FINDING,records/history/archive/LX-WS-0343-FND-02_C21.md,867DB9A65F725CFFD551104503347B8A6D493711
LS-WS-0343,C21,audit/WS_C21_OPERATOR_VALIDATION_COMMANDS.md,F8B174DE63868742CC74E740AED34DB699BE633D,254,7,200,221,LX-WS-0343-EVD-01,EVIDENCE,records/evidence/runs/LX-WS-0343-EVD-01_C21.md,E39479ACD5B15F8A3B79ABB10FFB05E799C9876D
LS-WS-0343,C21,audit/WS_C21_OPERATOR_VALIDATION_COMMANDS.md,F8B174DE63868742CC74E740AED34DB699BE633D,254,8,222,254,LX-WS-0343-EVD-01,EVIDENCE,records/evidence/runs/LX-WS-0343-EVD-01_C21.md,E39479ACD5B15F8A3B79ABB10FFB05E799C9876D
LS-WS-0344,C22,audit/WS_C22_EXIT_CAPTURE_SHADOW_DIAGNOSTIC.md,9854CE5647054A699948EF4A8034C877D02DE4CC,434,1,1,6,LX-WS-0344-CTX-05,CONTEXT,records/history/archive/LX-WS-0344-CTX-05_C22.md,87795BEDD9F6DD12E7D086086C245E349BC60115
LS-WS-0344,C22,audit/WS_C22_EXIT_CAPTURE_SHADOW_DIAGNOSTIC.md,9854CE5647054A699948EF4A8034C877D02DE4CC,434,2,7,36,LX-WS-0344-FND-03,FINDING,records/history/archive/LX-WS-0344-FND-03_C22.md,8816067F74D5DE268A42777A808774505090912C
LS-WS-0344,C22,audit/WS_C22_EXIT_CAPTURE_SHADOW_DIAGNOSTIC.md,9854CE5647054A699948EF4A8034C877D02DE4CC,434,3,37,118,LX-WS-0344-EVD-02,EVIDENCE,records/evidence/runs/LX-WS-0344-EVD-02_C22.md,01AB249911C74334C45594942A68945C9C1FCE81
LS-WS-0344,C22,audit/WS_C22_EXIT_CAPTURE_SHADOW_DIAGNOSTIC.md,9854CE5647054A699948EF4A8034C877D02DE4CC,434,4,119,158,LX-WS-0344-FND-03,FINDING,records/history/archive/LX-WS-0344-FND-03_C22.md,8816067F74D5DE268A42777A808774505090912C
LS-WS-0344,C22,audit/WS_C22_EXIT_CAPTURE_SHADOW_DIAGNOSTIC.md,9854CE5647054A699948EF4A8034C877D02DE4CC,434,5,159,194,LX-WS-0344-IMP-04,IMPLEMENTATION,records/history/archive/LX-WS-0344-IMP-04_C22.md,DA07F89DCE4B339D087E05C5237CABDE2C6B8828
LS-WS-0344,C22,audit/WS_C22_EXIT_CAPTURE_SHADOW_DIAGNOSTIC.md,9854CE5647054A699948EF4A8034C877D02DE4CC,434,6,195,221,LX-WS-0344-FND-03,FINDING,records/history/archive/LX-WS-0344-FND-03_C22.md,8816067F74D5DE268A42777A808774505090912C
LS-WS-0344,C22,audit/WS_C22_EXIT_CAPTURE_SHADOW_DIAGNOSTIC.md,9854CE5647054A699948EF4A8034C877D02DE4CC,434,7,222,293,LX-WS-0344-FND-03,FINDING,records/history/archive/LX-WS-0344-FND-03_C22.md,8816067F74D5DE268A42777A808774505090912C
LS-WS-0344,C22,audit/WS_C22_EXIT_CAPTURE_SHADOW_DIAGNOSTIC.md,9854CE5647054A699948EF4A8034C877D02DE4CC,434,8,294,321,LX-WS-0344-FND-03,FINDING,records/history/archive/LX-WS-0344-FND-03_C22.md,8816067F74D5DE268A42777A808774505090912C
LS-WS-0344,C22,audit/WS_C22_EXIT_CAPTURE_SHADOW_DIAGNOSTIC.md,9854CE5647054A699948EF4A8034C877D02DE4CC,434,9,322,337,LX-WS-0344-FND-03,FINDING,records/history/archive/LX-WS-0344-FND-03_C22.md,8816067F74D5DE268A42777A808774505090912C
LS-WS-0344,C22,audit/WS_C22_EXIT_CAPTURE_SHADOW_DIAGNOSTIC.md,9854CE5647054A699948EF4A8034C877D02DE4CC,434,10,338,365,LX-WS-0344-EVD-02,EVIDENCE,records/evidence/runs/LX-WS-0344-EVD-02_C22.md,01AB249911C74334C45594942A68945C9C1FCE81
LS-WS-0344,C22,audit/WS_C22_EXIT_CAPTURE_SHADOW_DIAGNOSTIC.md,9854CE5647054A699948EF4A8034C877D02DE4CC,434,11,366,396,LX-WS-0344-FND-03,FINDING,records/history/archive/LX-WS-0344-FND-03_C22.md,8816067F74D5DE268A42777A808774505090912C
LS-WS-0344,C22,audit/WS_C22_EXIT_CAPTURE_SHADOW_DIAGNOSTIC.md,9854CE5647054A699948EF4A8034C877D02DE4CC,434,12,397,423,LX-WS-0344-FND-03,FINDING,records/history/archive/LX-WS-0344-FND-03_C22.md,8816067F74D5DE268A42777A808774505090912C
LS-WS-0344,C22,audit/WS_C22_EXIT_CAPTURE_SHADOW_DIAGNOSTIC.md,9854CE5647054A699948EF4A8034C877D02DE4CC,434,13,424,434,LX-WS-0344-DEC-01,DECISION,records/decisions/LX-WS-0344-DEC-01_C22.md,A1D0841EB83F5BCAC4D0CA1875E6D9749784442E
LS-WS-0345,C22,audit/WS_C22_OPERATOR_VALIDATION_COMMANDS.md,79882156CD017C9DBA2979835250EB2CBF85EB1E,248,1,1,4,LX-WS-0345-CTX-03,CONTEXT,records/history/archive/LX-WS-0345-CTX-03_C22.md,6A814AACE584D8E307E89E5DA0AF2A398DE478FD
LS-WS-0345,C22,audit/WS_C22_OPERATOR_VALIDATION_COMMANDS.md,79882156CD017C9DBA2979835250EB2CBF85EB1E,248,2,5,20,LX-WS-0345-EVD-01,EVIDENCE,records/evidence/runs/LX-WS-0345-EVD-01_C22.md,2BBC719445D7EAFB1E4615C7C3749B6EB77CDA66
LS-WS-0345,C22,audit/WS_C22_OPERATOR_VALIDATION_COMMANDS.md,79882156CD017C9DBA2979835250EB2CBF85EB1E,248,3,21,46,LX-WS-0345-EVD-01,EVIDENCE,records/evidence/runs/LX-WS-0345-EVD-01_C22.md,2BBC719445D7EAFB1E4615C7C3749B6EB77CDA66
LS-WS-0345,C22,audit/WS_C22_OPERATOR_VALIDATION_COMMANDS.md,79882156CD017C9DBA2979835250EB2CBF85EB1E,248,4,47,100,LX-WS-0345-FND-02,FINDING,records/history/archive/LX-WS-0345-FND-02_C22.md,0AD4251793E8C901DEE789449DE0C43386127CA6
LS-WS-0345,C22,audit/WS_C22_OPERATOR_VALIDATION_COMMANDS.md,79882156CD017C9DBA2979835250EB2CBF85EB1E,248,5,101,153,LX-WS-0345-FND-02,FINDING,records/history/archive/LX-WS-0345-FND-02_C22.md,0AD4251793E8C901DEE789449DE0C43386127CA6
LS-WS-0345,C22,audit/WS_C22_OPERATOR_VALIDATION_COMMANDS.md,79882156CD017C9DBA2979835250EB2CBF85EB1E,248,6,154,235,LX-WS-0345-EVD-01,EVIDENCE,records/evidence/runs/LX-WS-0345-EVD-01_C22.md,2BBC719445D7EAFB1E4615C7C3749B6EB77CDA66
LS-WS-0345,C22,audit/WS_C22_OPERATOR_VALIDATION_COMMANDS.md,79882156CD017C9DBA2979835250EB2CBF85EB1E,248,7,236,243,LX-WS-0345-FND-02,FINDING,records/history/archive/LX-WS-0345-FND-02_C22.md,0AD4251793E8C901DEE789449DE0C43386127CA6
LS-WS-0345,C22,audit/WS_C22_OPERATOR_VALIDATION_COMMANDS.md,79882156CD017C9DBA2979835250EB2CBF85EB1E,248,8,244,248,LX-WS-0345-EVD-01,EVIDENCE,records/evidence/runs/LX-WS-0345-EVD-01_C22.md,2BBC719445D7EAFB1E4615C7C3749B6EB77CDA66
LS-WS-0346,C23,audit/WS_C23_FIRST_PROFIT_CAPTURE_RULE_DIAGNOSTIC.md,0193D69CAB10EEB4867CDF8A24F2E932C3511673,264,1,1,16,LX-WS-0346-CTX-04,CONTEXT,records/history/archive/LX-WS-0346-CTX-04_C23.md,93C122D8F52921243D4C56BCB11D3933ED5526AC
LS-WS-0346,C23,audit/WS_C23_FIRST_PROFIT_CAPTURE_RULE_DIAGNOSTIC.md,0193D69CAB10EEB4867CDF8A24F2E932C3511673,264,2,17,48,LX-WS-0346-FND-02,FINDING,records/history/archive/LX-WS-0346-FND-02_C23.md,F49A7436E586E7EF281C20530C32127CFACA7E00
LS-WS-0346,C23,audit/WS_C23_FIRST_PROFIT_CAPTURE_RULE_DIAGNOSTIC.md,0193D69CAB10EEB4867CDF8A24F2E932C3511673,264,3,49,67,LX-WS-0346-IMP-03,IMPLEMENTATION,records/history/archive/LX-WS-0346-IMP-03_C23.md,C8580F0F39C764B64B3B451DE4FC154A69C4D8B3
LS-WS-0346,C23,audit/WS_C23_FIRST_PROFIT_CAPTURE_RULE_DIAGNOSTIC.md,0193D69CAB10EEB4867CDF8A24F2E932C3511673,264,4,68,95,LX-WS-0346-FND-02,FINDING,records/history/archive/LX-WS-0346-FND-02_C23.md,F49A7436E586E7EF281C20530C32127CFACA7E00
LS-WS-0346,C23,audit/WS_C23_FIRST_PROFIT_CAPTURE_RULE_DIAGNOSTIC.md,0193D69CAB10EEB4867CDF8A24F2E932C3511673,264,5,96,116,LX-WS-0346-FND-02,FINDING,records/history/archive/LX-WS-0346-FND-02_C23.md,F49A7436E586E7EF281C20530C32127CFACA7E00
LS-WS-0346,C23,audit/WS_C23_FIRST_PROFIT_CAPTURE_RULE_DIAGNOSTIC.md,0193D69CAB10EEB4867CDF8A24F2E932C3511673,264,6,117,139,LX-WS-0346-EVD-01,EVIDENCE,records/evidence/runs/LX-WS-0346-EVD-01_C23.md,5EEBC3473E3E3907EC10F559BC76E0147BE9A80F
LS-WS-0346,C23,audit/WS_C23_FIRST_PROFIT_CAPTURE_RULE_DIAGNOSTIC.md,0193D69CAB10EEB4867CDF8A24F2E932C3511673,264,7,140,241,LX-WS-0346-EVD-01,EVIDENCE,records/evidence/runs/LX-WS-0346-EVD-01_C23.md,5EEBC3473E3E3907EC10F559BC76E0147BE9A80F
LS-WS-0346,C23,audit/WS_C23_FIRST_PROFIT_CAPTURE_RULE_DIAGNOSTIC.md,0193D69CAB10EEB4867CDF8A24F2E932C3511673,264,8,242,264,LX-WS-0346-FND-02,FINDING,records/history/archive/LX-WS-0346-FND-02_C23.md,F49A7436E586E7EF281C20530C32127CFACA7E00
LS-WS-0347,C23,audit/WS_C23_OPERATOR_VALIDATION_COMMANDS.md,4F62FB0022020E9A5C244332390CA499D5DCB36B,216,1,1,4,LX-WS-0347-CTX-03,CONTEXT,records/history/archive/LX-WS-0347-CTX-03_C23.md,5B460DB874B66EF4C8A1DB645F4BA059B4561F70
LS-WS-0347,C23,audit/WS_C23_OPERATOR_VALIDATION_COMMANDS.md,4F62FB0022020E9A5C244332390CA499D5DCB36B,216,2,5,19,LX-WS-0347-EVD-01,EVIDENCE,records/evidence/runs/LX-WS-0347-EVD-01_C23.md,E69EF97274F9EE3FAB627C9539C3372BCA47C479
LS-WS-0347,C23,audit/WS_C23_OPERATOR_VALIDATION_COMMANDS.md,4F62FB0022020E9A5C244332390CA499D5DCB36B,216,3,20,69,LX-WS-0347-EVD-01,EVIDENCE,records/evidence/runs/LX-WS-0347-EVD-01_C23.md,E69EF97274F9EE3FAB627C9539C3372BCA47C479
LS-WS-0347,C23,audit/WS_C23_OPERATOR_VALIDATION_COMMANDS.md,4F62FB0022020E9A5C244332390CA499D5DCB36B,216,4,70,83,LX-WS-0347-EVD-01,EVIDENCE,records/evidence/runs/LX-WS-0347-EVD-01_C23.md,E69EF97274F9EE3FAB627C9539C3372BCA47C479
LS-WS-0347,C23,audit/WS_C23_OPERATOR_VALIDATION_COMMANDS.md,4F62FB0022020E9A5C244332390CA499D5DCB36B,216,5,84,179,LX-WS-0347-FND-02,FINDING,records/history/archive/LX-WS-0347-FND-02_C23.md,B2E94240218C63CEA707055CDAFEA9941ADEF7F1
LS-WS-0347,C23,audit/WS_C23_OPERATOR_VALIDATION_COMMANDS.md,4F62FB0022020E9A5C244332390CA499D5DCB36B,216,6,180,216,LX-WS-0347-FND-02,FINDING,records/history/archive/LX-WS-0347-FND-02_C23.md,B2E94240218C63CEA707055CDAFEA9941ADEF7F1
LS-WS-0348,C24+C22,audit/WS_C24_C22_SHADOW_GAP_BRIDGE_DIAGNOSTIC.md,10932C443D41C5E001A1890B7871488FE60A481F,247,1,1,12,LX-WS-0348-CTX-04,CONTEXT,records/history/archive/LX-WS-0348-CTX-04_C24_C22.md,13764AD4AD594AE8FA9D57802F641B95B24EB647
LS-WS-0348,C24+C22,audit/WS_C24_C22_SHADOW_GAP_BRIDGE_DIAGNOSTIC.md,10932C443D41C5E001A1890B7871488FE60A481F,247,2,13,37,LX-WS-0348-FND-02,FINDING,records/history/archive/LX-WS-0348-FND-02_C24_C22.md,D726578031EE0C19F85F1AD0D63F2A56AE963CC1
LS-WS-0348,C24+C22,audit/WS_C24_C22_SHADOW_GAP_BRIDGE_DIAGNOSTIC.md,10932C443D41C5E001A1890B7871488FE60A481F,247,3,38,56,LX-WS-0348-IMP-03,IMPLEMENTATION,records/history/archive/LX-WS-0348-IMP-03_C24_C22.md,BEA875A89B44893774708B9B73303D1B1F30DBD6
LS-WS-0348,C24+C22,audit/WS_C24_C22_SHADOW_GAP_BRIDGE_DIAGNOSTIC.md,10932C443D41C5E001A1890B7871488FE60A481F,247,4,57,84,LX-WS-0348-EVD-01,EVIDENCE,records/evidence/runs/LX-WS-0348-EVD-01_C24_C22.md,6B18317ABF5F22BC17210DD0DD5A86604F15BCEF
LS-WS-0348,C24+C22,audit/WS_C24_C22_SHADOW_GAP_BRIDGE_DIAGNOSTIC.md,10932C443D41C5E001A1890B7871488FE60A481F,247,5,85,118,LX-WS-0348-FND-02,FINDING,records/history/archive/LX-WS-0348-FND-02_C24_C22.md,D726578031EE0C19F85F1AD0D63F2A56AE963CC1
LS-WS-0348,C24+C22,audit/WS_C24_C22_SHADOW_GAP_BRIDGE_DIAGNOSTIC.md,10932C443D41C5E001A1890B7871488FE60A481F,247,6,119,147,LX-WS-0348-FND-02,FINDING,records/history/archive/LX-WS-0348-FND-02_C24_C22.md,D726578031EE0C19F85F1AD0D63F2A56AE963CC1
LS-WS-0348,C24+C22,audit/WS_C24_C22_SHADOW_GAP_BRIDGE_DIAGNOSTIC.md,10932C443D41C5E001A1890B7871488FE60A481F,247,7,148,159,LX-WS-0348-FND-02,FINDING,records/history/archive/LX-WS-0348-FND-02_C24_C22.md,D726578031EE0C19F85F1AD0D63F2A56AE963CC1
LS-WS-0348,C24+C22,audit/WS_C24_C22_SHADOW_GAP_BRIDGE_DIAGNOSTIC.md,10932C443D41C5E001A1890B7871488FE60A481F,247,8,160,208,LX-WS-0348-EVD-01,EVIDENCE,records/evidence/runs/LX-WS-0348-EVD-01_C24_C22.md,6B18317ABF5F22BC17210DD0DD5A86604F15BCEF
LS-WS-0348,C24+C22,audit/WS_C24_C22_SHADOW_GAP_BRIDGE_DIAGNOSTIC.md,10932C443D41C5E001A1890B7871488FE60A481F,247,9,209,236,LX-WS-0348-FND-02,FINDING,records/history/archive/LX-WS-0348-FND-02_C24_C22.md,D726578031EE0C19F85F1AD0D63F2A56AE963CC1
LS-WS-0348,C24+C22,audit/WS_C24_C22_SHADOW_GAP_BRIDGE_DIAGNOSTIC.md,10932C443D41C5E001A1890B7871488FE60A481F,247,10,237,247,LX-WS-0348-FND-02,FINDING,records/history/archive/LX-WS-0348-FND-02_C24_C22.md,D726578031EE0C19F85F1AD0D63F2A56AE963CC1
LS-WS-0349,C24,audit/WS_C24_OPERATOR_VALIDATION_COMMANDS.md,99AD268DA4520434B04C2FC72283B45EC02AD1B0,183,1,1,4,LX-WS-0349-CTX-03,CONTEXT,records/history/archive/LX-WS-0349-CTX-03_C24.md,031DBE5C55B322847369FB89A7F5EC4026FA4EE8
LS-WS-0349,C24,audit/WS_C24_OPERATOR_VALIDATION_COMMANDS.md,99AD268DA4520434B04C2FC72283B45EC02AD1B0,183,2,5,19,LX-WS-0349-EVD-01,EVIDENCE,records/evidence/runs/LX-WS-0349-EVD-01_C24.md,72AEE7043DCEADED0398409CA132E59F1814D3E0
LS-WS-0349,C24,audit/WS_C24_OPERATOR_VALIDATION_COMMANDS.md,99AD268DA4520434B04C2FC72283B45EC02AD1B0,183,3,20,93,LX-WS-0349-EVD-01,EVIDENCE,records/evidence/runs/LX-WS-0349-EVD-01_C24.md,72AEE7043DCEADED0398409CA132E59F1814D3E0
LS-WS-0349,C24,audit/WS_C24_OPERATOR_VALIDATION_COMMANDS.md,99AD268DA4520434B04C2FC72283B45EC02AD1B0,183,4,94,144,LX-WS-0349-FND-02,FINDING,records/history/archive/LX-WS-0349-FND-02_C24.md,4DB979446509A1314997D82942BEB8846057DEDA
LS-WS-0349,C24,audit/WS_C24_OPERATOR_VALIDATION_COMMANDS.md,99AD268DA4520434B04C2FC72283B45EC02AD1B0,183,5,145,183,LX-WS-0349-EVD-01,EVIDENCE,records/evidence/runs/LX-WS-0349-EVD-01_C24.md,72AEE7043DCEADED0398409CA132E59F1814D3E0
LS-WS-0350,C25,audit/WS_C25_NO_SIGNAL_FALLBACK_DELAY_DIAGNOSTIC.md,D078AA7CFADEE6ACEFF9151AE25A2F019C12AA97,466,1,1,6,LX-WS-0350-CTX-04,CONTEXT,records/history/archive/LX-WS-0350-CTX-04_C25.md,BF6740BAEC35358100714C5A0874675928762D3A
LS-WS-0350,C25,audit/WS_C25_NO_SIGNAL_FALLBACK_DELAY_DIAGNOSTIC.md,D078AA7CFADEE6ACEFF9151AE25A2F019C12AA97,466,2,7,27,LX-WS-0350-FND-02,FINDING,records/history/archive/LX-WS-0350-FND-02_C25.md,716245D97771347D1322BDF1AFE2F85D251C2A94
LS-WS-0350,C25,audit/WS_C25_NO_SIGNAL_FALLBACK_DELAY_DIAGNOSTIC.md,D078AA7CFADEE6ACEFF9151AE25A2F019C12AA97,466,3,28,38,LX-WS-0350-FND-02,FINDING,records/history/archive/LX-WS-0350-FND-02_C25.md,716245D97771347D1322BDF1AFE2F85D251C2A94
LS-WS-0350,C25,audit/WS_C25_NO_SIGNAL_FALLBACK_DELAY_DIAGNOSTIC.md,D078AA7CFADEE6ACEFF9151AE25A2F019C12AA97,466,4,39,51,LX-WS-0350-IMP-03,IMPLEMENTATION,records/history/archive/LX-WS-0350-IMP-03_C25.md,4B68A6CF441A5D29B13D73950B0B15EB8ECAADEC
LS-WS-0350,C25,audit/WS_C25_NO_SIGNAL_FALLBACK_DELAY_DIAGNOSTIC.md,D078AA7CFADEE6ACEFF9151AE25A2F019C12AA97,466,5,52,70,LX-WS-0350-IMP-03,IMPLEMENTATION,records/history/archive/LX-WS-0350-IMP-03_C25.md,4B68A6CF441A5D29B13D73950B0B15EB8ECAADEC
LS-WS-0350,C25,audit/WS_C25_NO_SIGNAL_FALLBACK_DELAY_DIAGNOSTIC.md,D078AA7CFADEE6ACEFF9151AE25A2F019C12AA97,466,6,71,87,LX-WS-0350-FND-02,FINDING,records/history/archive/LX-WS-0350-FND-02_C25.md,716245D97771347D1322BDF1AFE2F85D251C2A94
LS-WS-0350,C25,audit/WS_C25_NO_SIGNAL_FALLBACK_DELAY_DIAGNOSTIC.md,D078AA7CFADEE6ACEFF9151AE25A2F019C12AA97,466,7,88,113,LX-WS-0350-FND-02,FINDING,records/history/archive/LX-WS-0350-FND-02_C25.md,716245D97771347D1322BDF1AFE2F85D251C2A94
LS-WS-0350,C25,audit/WS_C25_NO_SIGNAL_FALLBACK_DELAY_DIAGNOSTIC.md,D078AA7CFADEE6ACEFF9151AE25A2F019C12AA97,466,8,114,142,LX-WS-0350-FND-02,FINDING,records/history/archive/LX-WS-0350-FND-02_C25.md,716245D97771347D1322BDF1AFE2F85D251C2A94
LS-WS-0350,C25,audit/WS_C25_NO_SIGNAL_FALLBACK_DELAY_DIAGNOSTIC.md,D078AA7CFADEE6ACEFF9151AE25A2F019C12AA97,466,9,143,218,LX-WS-0350-EVD-01,EVIDENCE,records/evidence/runs/LX-WS-0350-EVD-01_C25.md,B41B750D276C42D53967033397DE7F29FE2D1561
LS-WS-0350,C25,audit/WS_C25_NO_SIGNAL_FALLBACK_DELAY_DIAGNOSTIC.md,D078AA7CFADEE6ACEFF9151AE25A2F019C12AA97,466,10,219,299,LX-WS-0350-FND-02,FINDING,records/history/archive/LX-WS-0350-FND-02_C25.md,716245D97771347D1322BDF1AFE2F85D251C2A94
LS-WS-0350,C25,audit/WS_C25_NO_SIGNAL_FALLBACK_DELAY_DIAGNOSTIC.md,D078AA7CFADEE6ACEFF9151AE25A2F019C12AA97,466,11,300,325,LX-WS-0350-EVD-01,EVIDENCE,records/evidence/runs/LX-WS-0350-EVD-01_C25.md,B41B750D276C42D53967033397DE7F29FE2D1561
LS-WS-0350,C25,audit/WS_C25_NO_SIGNAL_FALLBACK_DELAY_DIAGNOSTIC.md,D078AA7CFADEE6ACEFF9151AE25A2F019C12AA97,466,12,326,373,LX-WS-0350-FND-02,FINDING,records/history/archive/LX-WS-0350-FND-02_C25.md,716245D97771347D1322BDF1AFE2F85D251C2A94
LS-WS-0350,C25,audit/WS_C25_NO_SIGNAL_FALLBACK_DELAY_DIAGNOSTIC.md,D078AA7CFADEE6ACEFF9151AE25A2F019C12AA97,466,13,374,388,LX-WS-0350-FND-02,FINDING,records/history/archive/LX-WS-0350-FND-02_C25.md,716245D97771347D1322BDF1AFE2F85D251C2A94
LS-WS-0350,C25,audit/WS_C25_NO_SIGNAL_FALLBACK_DELAY_DIAGNOSTIC.md,D078AA7CFADEE6ACEFF9151AE25A2F019C12AA97,466,14,389,425,LX-WS-0350-FND-02,FINDING,records/history/archive/LX-WS-0350-FND-02_C25.md,716245D97771347D1322BDF1AFE2F85D251C2A94
LS-WS-0350,C25,audit/WS_C25_NO_SIGNAL_FALLBACK_DELAY_DIAGNOSTIC.md,D078AA7CFADEE6ACEFF9151AE25A2F019C12AA97,466,15,426,461,LX-WS-0350-FND-02,FINDING,records/history/archive/LX-WS-0350-FND-02_C25.md,716245D97771347D1322BDF1AFE2F85D251C2A94
LS-WS-0350,C25,audit/WS_C25_NO_SIGNAL_FALLBACK_DELAY_DIAGNOSTIC.md,D078AA7CFADEE6ACEFF9151AE25A2F019C12AA97,466,16,462,466,LX-WS-0350-FND-02,FINDING,records/history/archive/LX-WS-0350-FND-02_C25.md,716245D97771347D1322BDF1AFE2F85D251C2A94
LS-WS-0351,C25,audit/WS_C25_OPERATOR_VALIDATION_COMMANDS.md,D7A0D9A88DE3EF6DED99CA2F66268D741E78EFE1,218,1,1,6,LX-WS-0351-CTX-03,CONTEXT,records/history/archive/LX-WS-0351-CTX-03_C25.md,6670E6B59AB7E7D1FD7F2EB8F2D81DF9F835FF6B
LS-WS-0351,C25,audit/WS_C25_OPERATOR_VALIDATION_COMMANDS.md,D7A0D9A88DE3EF6DED99CA2F66268D741E78EFE1,218,2,7,20,LX-WS-0351-EVD-01,EVIDENCE,records/evidence/runs/LX-WS-0351-EVD-01_C25.md,867FE1F3FDA7595EBAC271EAB4D096845FB2B8D6
LS-WS-0351,C25,audit/WS_C25_OPERATOR_VALIDATION_COMMANDS.md,D7A0D9A88DE3EF6DED99CA2F66268D741E78EFE1,218,3,21,58,LX-WS-0351-EVD-01,EVIDENCE,records/evidence/runs/LX-WS-0351-EVD-01_C25.md,867FE1F3FDA7595EBAC271EAB4D096845FB2B8D6
LS-WS-0351,C25,audit/WS_C25_OPERATOR_VALIDATION_COMMANDS.md,D7A0D9A88DE3EF6DED99CA2F66268D741E78EFE1,218,4,59,106,LX-WS-0351-FND-02,FINDING,records/history/archive/LX-WS-0351-FND-02_C25.md,7A170D4F430C5A96C7DD2B93A6FB7E588AC6B285
LS-WS-0351,C25,audit/WS_C25_OPERATOR_VALIDATION_COMMANDS.md,D7A0D9A88DE3EF6DED99CA2F66268D741E78EFE1,218,5,107,166,LX-WS-0351-FND-02,FINDING,records/history/archive/LX-WS-0351-FND-02_C25.md,7A170D4F430C5A96C7DD2B93A6FB7E588AC6B285
LS-WS-0351,C25,audit/WS_C25_OPERATOR_VALIDATION_COMMANDS.md,D7A0D9A88DE3EF6DED99CA2F66268D741E78EFE1,218,6,167,207,LX-WS-0351-EVD-01,EVIDENCE,records/evidence/runs/LX-WS-0351-EVD-01_C25.md,867FE1F3FDA7595EBAC271EAB4D096845FB2B8D6
LS-WS-0351,C25,audit/WS_C25_OPERATOR_VALIDATION_COMMANDS.md,D7A0D9A88DE3EF6DED99CA2F66268D741E78EFE1,218,7,208,218,LX-WS-0351-EVD-01,EVIDENCE,records/evidence/runs/LX-WS-0351-EVD-01_C25.md,867FE1F3FDA7595EBAC271EAB4D096845FB2B8D6
LS-WS-0352,C26,audit/WS_C26_CATALOG_CANDIDATE_DIAGNOSTIC.md,140A5ACA5DD537308C3AED9898F10034E45DDEA2,226,1,1,4,LX-WS-0352-CTX-05,CONTEXT,records/history/archive/LX-WS-0352-CTX-05_C26.md,44D60459A36E3F37ACD579521183FC41360CBB48
LS-WS-0352,C26,audit/WS_C26_CATALOG_CANDIDATE_DIAGNOSTIC.md,140A5ACA5DD537308C3AED9898F10034E45DDEA2,226,2,5,20,LX-WS-0352-FND-03,FINDING,records/history/archive/LX-WS-0352-FND-03_C26.md,C034C600667E564AB5A4495BCA8557FE486737CD
LS-WS-0352,C26,audit/WS_C26_CATALOG_CANDIDATE_DIAGNOSTIC.md,140A5ACA5DD537308C3AED9898F10034E45DDEA2,226,3,21,39,LX-WS-0352-IMP-04,IMPLEMENTATION,records/history/archive/LX-WS-0352-IMP-04_C26.md,6267559EEBA7B04CCEB9057C1D2EBCE918F43AAE
LS-WS-0352,C26,audit/WS_C26_CATALOG_CANDIDATE_DIAGNOSTIC.md,140A5ACA5DD537308C3AED9898F10034E45DDEA2,226,4,40,63,LX-WS-0352-FND-03,FINDING,records/history/archive/LX-WS-0352-FND-03_C26.md,C034C600667E564AB5A4495BCA8557FE486737CD
LS-WS-0352,C26,audit/WS_C26_CATALOG_CANDIDATE_DIAGNOSTIC.md,140A5ACA5DD537308C3AED9898F10034E45DDEA2,226,5,64,102,LX-WS-0352-EVD-02,EVIDENCE,records/evidence/runs/LX-WS-0352-EVD-02_C26.md,4E4E26EAAD3688FA92F65561DA23FE7B5FF249F4
LS-WS-0352,C26,audit/WS_C26_CATALOG_CANDIDATE_DIAGNOSTIC.md,140A5ACA5DD537308C3AED9898F10034E45DDEA2,226,6,103,149,LX-WS-0352-FND-03,FINDING,records/history/archive/LX-WS-0352-FND-03_C26.md,C034C600667E564AB5A4495BCA8557FE486737CD
LS-WS-0352,C26,audit/WS_C26_CATALOG_CANDIDATE_DIAGNOSTIC.md,140A5ACA5DD537308C3AED9898F10034E45DDEA2,226,7,150,174,LX-WS-0352-FND-03,FINDING,records/history/archive/LX-WS-0352-FND-03_C26.md,C034C600667E564AB5A4495BCA8557FE486737CD
LS-WS-0352,C26,audit/WS_C26_CATALOG_CANDIDATE_DIAGNOSTIC.md,140A5ACA5DD537308C3AED9898F10034E45DDEA2,226,8,175,211,LX-WS-0352-FND-03,FINDING,records/history/archive/LX-WS-0352-FND-03_C26.md,C034C600667E564AB5A4495BCA8557FE486737CD
LS-WS-0352,C26,audit/WS_C26_CATALOG_CANDIDATE_DIAGNOSTIC.md,140A5ACA5DD537308C3AED9898F10034E45DDEA2,226,9,212,226,LX-WS-0352-DEC-01,DECISION,records/decisions/LX-WS-0352-DEC-01_C26.md,4C582746561A788CB8144F9DFA9B8995722C74E9
LS-WS-0353,C26,audit/WS_C26_OPERATOR_VALIDATION_COMMANDS.md,2C2A58F0EFDC446C6865A5A56AA3A4D78A9FDAF2,206,1,1,6,LX-WS-0353-CTX-03,CONTEXT,records/history/archive/LX-WS-0353-CTX-03_C26.md,AD1364B2006E48A69B34E22F40BF4F268AC00DB3
LS-WS-0353,C26,audit/WS_C26_OPERATOR_VALIDATION_COMMANDS.md,2C2A58F0EFDC446C6865A5A56AA3A4D78A9FDAF2,206,2,7,20,LX-WS-0353-EVD-01,EVIDENCE,records/evidence/runs/LX-WS-0353-EVD-01_C26.md,2DE1E4A33CD50573CC1A2BE45CDECBB24C57A752
LS-WS-0353,C26,audit/WS_C26_OPERATOR_VALIDATION_COMMANDS.md,2C2A58F0EFDC446C6865A5A56AA3A4D78A9FDAF2,206,3,21,58,LX-WS-0353-EVD-01,EVIDENCE,records/evidence/runs/LX-WS-0353-EVD-01_C26.md,2DE1E4A33CD50573CC1A2BE45CDECBB24C57A752
LS-WS-0353,C26,audit/WS_C26_OPERATOR_VALIDATION_COMMANDS.md,2C2A58F0EFDC446C6865A5A56AA3A4D78A9FDAF2,206,4,59,122,LX-WS-0353-FND-02,FINDING,records/history/archive/LX-WS-0353-FND-02_C26.md,787387DEBA8CF2333D6D6A91047A085D4BEF50A2
LS-WS-0353,C26,audit/WS_C26_OPERATOR_VALIDATION_COMMANDS.md,2C2A58F0EFDC446C6865A5A56AA3A4D78A9FDAF2,206,5,123,199,LX-WS-0353-FND-02,FINDING,records/history/archive/LX-WS-0353-FND-02_C26.md,787387DEBA8CF2333D6D6A91047A085D4BEF50A2
LS-WS-0353,C26,audit/WS_C26_OPERATOR_VALIDATION_COMMANDS.md,2C2A58F0EFDC446C6865A5A56AA3A4D78A9FDAF2,206,6,200,206,LX-WS-0353-EVD-01,EVIDENCE,records/evidence/runs/LX-WS-0353-EVD-01_C26.md,2DE1E4A33CD50573CC1A2BE45CDECBB24C57A752
LS-WS-0354,C27,audit/WS_C27_CATALOG_CANDIDATE_RAW_OHLC_VALIDATION.md,9577D70FA5FFED9A78030DFBF6A919500B1DC2B6,203,1,1,4,LX-WS-0354-CTX-04,CONTEXT,records/history/archive/LX-WS-0354-CTX-04_C27.md,566AA67146BEBA318B869B62D96980E95C45F4B9
LS-WS-0354,C27,audit/WS_C27_CATALOG_CANDIDATE_RAW_OHLC_VALIDATION.md,9577D70FA5FFED9A78030DFBF6A919500B1DC2B6,203,2,5,24,LX-WS-0354-EVD-02,EVIDENCE,records/evidence/runs/LX-WS-0354-EVD-02_C27.md,EC6E7E9BBBE9E6326845342FEDAB5DC14A5D1158
LS-WS-0354,C27,audit/WS_C27_CATALOG_CANDIDATE_RAW_OHLC_VALIDATION.md,9577D70FA5FFED9A78030DFBF6A919500B1DC2B6,203,3,25,43,LX-WS-0354-IMP-03,IMPLEMENTATION,records/history/archive/LX-WS-0354-IMP-03_C27.md,C6198AA6D987CFF516485A8BCDB6FC220662D130
LS-WS-0354,C27,audit/WS_C27_CATALOG_CANDIDATE_RAW_OHLC_VALIDATION.md,9577D70FA5FFED9A78030DFBF6A919500B1DC2B6,203,4,44,59,LX-WS-0354-EVD-02,EVIDENCE,records/evidence/runs/LX-WS-0354-EVD-02_C27.md,EC6E7E9BBBE9E6326845342FEDAB5DC14A5D1158
LS-WS-0354,C27,audit/WS_C27_CATALOG_CANDIDATE_RAW_OHLC_VALIDATION.md,9577D70FA5FFED9A78030DFBF6A919500B1DC2B6,203,5,60,108,LX-WS-0354-EVD-02,EVIDENCE,records/evidence/runs/LX-WS-0354-EVD-02_C27.md,EC6E7E9BBBE9E6326845342FEDAB5DC14A5D1158
LS-WS-0354,C27,audit/WS_C27_CATALOG_CANDIDATE_RAW_OHLC_VALIDATION.md,9577D70FA5FFED9A78030DFBF6A919500B1DC2B6,203,6,109,128,LX-WS-0354-EVD-02,EVIDENCE,records/evidence/runs/LX-WS-0354-EVD-02_C27.md,EC6E7E9BBBE9E6326845342FEDAB5DC14A5D1158
LS-WS-0354,C27,audit/WS_C27_CATALOG_CANDIDATE_RAW_OHLC_VALIDATION.md,9577D70FA5FFED9A78030DFBF6A919500B1DC2B6,203,7,129,155,LX-WS-0354-EVD-02,EVIDENCE,records/evidence/runs/LX-WS-0354-EVD-02_C27.md,EC6E7E9BBBE9E6326845342FEDAB5DC14A5D1158
LS-WS-0354,C27,audit/WS_C27_CATALOG_CANDIDATE_RAW_OHLC_VALIDATION.md,9577D70FA5FFED9A78030DFBF6A919500B1DC2B6,203,8,156,188,LX-WS-0354-EVD-02,EVIDENCE,records/evidence/runs/LX-WS-0354-EVD-02_C27.md,EC6E7E9BBBE9E6326845342FEDAB5DC14A5D1158
LS-WS-0354,C27,audit/WS_C27_CATALOG_CANDIDATE_RAW_OHLC_VALIDATION.md,9577D70FA5FFED9A78030DFBF6A919500B1DC2B6,203,9,189,203,LX-WS-0354-DEC-01,DECISION,records/decisions/LX-WS-0354-DEC-01_C27.md,28AC997A54502A9266DB085CAA8B5741FC551ECB
LS-WS-0355,C27,audit/WS_C27_OPERATOR_VALIDATION_COMMANDS.md,DA8CE01A636910E8704C1B80D988B146F8C4B720,167,1,1,6,LX-WS-0355-CTX-03,CONTEXT,records/history/archive/LX-WS-0355-CTX-03_C27.md,F1425F82617BCA016C8D4B083F6E922433807176
LS-WS-0355,C27,audit/WS_C27_OPERATOR_VALIDATION_COMMANDS.md,DA8CE01A636910E8704C1B80D988B146F8C4B720,167,2,7,23,LX-WS-0355-EVD-01,EVIDENCE,records/evidence/runs/LX-WS-0355-EVD-01_C27.md,F168701BBB72B7BAA719BFC901ECC70FB9EAD457
LS-WS-0355,C27,audit/WS_C27_OPERATOR_VALIDATION_COMMANDS.md,DA8CE01A636910E8704C1B80D988B146F8C4B720,167,3,24,61,LX-WS-0355-EVD-01,EVIDENCE,records/evidence/runs/LX-WS-0355-EVD-01_C27.md,F168701BBB72B7BAA719BFC901ECC70FB9EAD457
LS-WS-0355,C27,audit/WS_C27_OPERATOR_VALIDATION_COMMANDS.md,DA8CE01A636910E8704C1B80D988B146F8C4B720,167,4,62,106,LX-WS-0355-EVD-01,EVIDENCE,records/evidence/runs/LX-WS-0355-EVD-01_C27.md,F168701BBB72B7BAA719BFC901ECC70FB9EAD457
LS-WS-0355,C27,audit/WS_C27_OPERATOR_VALIDATION_COMMANDS.md,DA8CE01A636910E8704C1B80D988B146F8C4B720,167,5,107,154,LX-WS-0355-EVD-01,EVIDENCE,records/evidence/runs/LX-WS-0355-EVD-01_C27.md,F168701BBB72B7BAA719BFC901ECC70FB9EAD457
LS-WS-0355,C27,audit/WS_C27_OPERATOR_VALIDATION_COMMANDS.md,DA8CE01A636910E8704C1B80D988B146F8C4B720,167,6,155,167,LX-WS-0355-FND-02,FINDING,records/history/archive/LX-WS-0355-FND-02_C27.md,936121EC09514E1D92F97B7891661E4700D375D3
LS-WS-0356,C28,audit/WS_C28_OPERATOR_VALIDATION_COMMANDS.md,D9546A108A833468C2FC0D98C2699114C7AFEF7E,182,1,1,2,LX-WS-0356-CTX-03,CONTEXT,records/history/archive/LX-WS-0356-CTX-03_C28.md,C087C639094BAD18C54FBCE7400F87E1668DEEF6
LS-WS-0356,C28,audit/WS_C28_OPERATOR_VALIDATION_COMMANDS.md,D9546A108A833468C2FC0D98C2699114C7AFEF7E,182,2,3,21,LX-WS-0356-EVD-01,EVIDENCE,records/evidence/runs/LX-WS-0356-EVD-01_C28.md,C89DEE396BF334135052526530A52F2A046DF273
LS-WS-0356,C28,audit/WS_C28_OPERATOR_VALIDATION_COMMANDS.md,D9546A108A833468C2FC0D98C2699114C7AFEF7E,182,3,22,36,LX-WS-0356-EVD-01,EVIDENCE,records/evidence/runs/LX-WS-0356-EVD-01_C28.md,C89DEE396BF334135052526530A52F2A046DF273
LS-WS-0356,C28,audit/WS_C28_OPERATOR_VALIDATION_COMMANDS.md,D9546A108A833468C2FC0D98C2699114C7AFEF7E,182,4,37,74,LX-WS-0356-EVD-01,EVIDENCE,records/evidence/runs/LX-WS-0356-EVD-01_C28.md,C89DEE396BF334135052526530A52F2A046DF273
LS-WS-0356,C28,audit/WS_C28_OPERATOR_VALIDATION_COMMANDS.md,D9546A108A833468C2FC0D98C2699114C7AFEF7E,182,5,75,118,LX-WS-0356-EVD-01,EVIDENCE,records/evidence/runs/LX-WS-0356-EVD-01_C28.md,C89DEE396BF334135052526530A52F2A046DF273
LS-WS-0356,C28,audit/WS_C28_OPERATOR_VALIDATION_COMMANDS.md,D9546A108A833468C2FC0D98C2699114C7AFEF7E,182,6,119,172,LX-WS-0356-EVD-01,EVIDENCE,records/evidence/runs/LX-WS-0356-EVD-01_C28.md,C89DEE396BF334135052526530A52F2A046DF273
LS-WS-0356,C28,audit/WS_C28_OPERATOR_VALIDATION_COMMANDS.md,D9546A108A833468C2FC0D98C2699114C7AFEF7E,182,7,173,182,LX-WS-0356-FND-02,FINDING,records/history/archive/LX-WS-0356-FND-02_C28.md,0C5109C0B8C248D56DACEE2D90A68AC889F6E2EC
LS-WS-0357,C28,audit/WS_C28_RULE_REVISION_TIEBREAK_DIAGNOSTIC.md,67BEB73B4C7A312B5ECC16FEEFE63E7089F810DB,214,1,1,2,LX-WS-0357-CTX-05,CONTEXT,records/history/archive/LX-WS-0357-CTX-05_C28.md,044985A01DB2CB59816C9B7B3CFD65C78B694065
LS-WS-0357,C28,audit/WS_C28_RULE_REVISION_TIEBREAK_DIAGNOSTIC.md,67BEB73B4C7A312B5ECC16FEEFE63E7089F810DB,214,2,3,31,LX-WS-0357-FND-03,FINDING,records/history/archive/LX-WS-0357-FND-03_C28.md,E6705C15B93FB0C3DFD497443C5DCD0268A1D3E2
LS-WS-0357,C28,audit/WS_C28_RULE_REVISION_TIEBREAK_DIAGNOSTIC.md,67BEB73B4C7A312B5ECC16FEEFE63E7089F810DB,214,3,32,47,LX-WS-0357-FND-03,FINDING,records/history/archive/LX-WS-0357-FND-03_C28.md,E6705C15B93FB0C3DFD497443C5DCD0268A1D3E2
LS-WS-0357,C28,audit/WS_C28_RULE_REVISION_TIEBREAK_DIAGNOSTIC.md,67BEB73B4C7A312B5ECC16FEEFE63E7089F810DB,214,4,48,66,LX-WS-0357-IMP-04,IMPLEMENTATION,records/history/archive/LX-WS-0357-IMP-04_C28.md,21BC3C57B5FDA34F1E7B954182C2DAECEE08DC97
LS-WS-0357,C28,audit/WS_C28_RULE_REVISION_TIEBREAK_DIAGNOSTIC.md,67BEB73B4C7A312B5ECC16FEEFE63E7089F810DB,214,5,67,83,LX-WS-0357-FND-03,FINDING,records/history/archive/LX-WS-0357-FND-03_C28.md,E6705C15B93FB0C3DFD497443C5DCD0268A1D3E2
LS-WS-0357,C28,audit/WS_C28_RULE_REVISION_TIEBREAK_DIAGNOSTIC.md,67BEB73B4C7A312B5ECC16FEEFE63E7089F810DB,214,6,84,132,LX-WS-0357-EVD-02,EVIDENCE,records/evidence/runs/LX-WS-0357-EVD-02_C28.md,EBD0EAC08EF930F2F0A69A4757E32359FB30672F
LS-WS-0357,C28,audit/WS_C28_RULE_REVISION_TIEBREAK_DIAGNOSTIC.md,67BEB73B4C7A312B5ECC16FEEFE63E7089F810DB,214,7,133,169,LX-WS-0357-FND-03,FINDING,records/history/archive/LX-WS-0357-FND-03_C28.md,E6705C15B93FB0C3DFD497443C5DCD0268A1D3E2
LS-WS-0357,C28,audit/WS_C28_RULE_REVISION_TIEBREAK_DIAGNOSTIC.md,67BEB73B4C7A312B5ECC16FEEFE63E7089F810DB,214,8,170,203,LX-WS-0357-FND-03,FINDING,records/history/archive/LX-WS-0357-FND-03_C28.md,E6705C15B93FB0C3DFD497443C5DCD0268A1D3E2
LS-WS-0357,C28,audit/WS_C28_RULE_REVISION_TIEBREAK_DIAGNOSTIC.md,67BEB73B4C7A312B5ECC16FEEFE63E7089F810DB,214,9,204,214,LX-WS-0357-DEC-01,DECISION,records/decisions/LX-WS-0357-DEC-01_C28.md,31C541FECE003C9D1B4E1F80E858B4075AAE90A0
LS-WS-0358,C29,audit/WS_C29_OOS_PROOF.md,BEF75E40AA1313029FA89F3E4D6A0FF895BC2A98,296,1,1,2,LX-WS-0358-CTX-03,CONTEXT,records/history/archive/LX-WS-0358-CTX-03_C29.md,D0E12B56D013E456B141F6D7C4F8E0DACC47E50E
LS-WS-0358,C29,audit/WS_C29_OOS_PROOF.md,BEF75E40AA1313029FA89F3E4D6A0FF895BC2A98,296,2,3,28,LX-WS-0358-EVD-01,EVIDENCE,records/evidence/runs/LX-WS-0358-EVD-01_C29.md,5747C527F3FC76640CB91B72DB70E8B0447443B2
LS-WS-0358,C29,audit/WS_C29_OOS_PROOF.md,BEF75E40AA1313029FA89F3E4D6A0FF895BC2A98,296,3,29,32,LX-WS-0358-EVD-01,EVIDENCE,records/evidence/runs/LX-WS-0358-EVD-01_C29.md,5747C527F3FC76640CB91B72DB70E8B0447443B2
LS-WS-0358,C29,audit/WS_C29_OOS_PROOF.md,BEF75E40AA1313029FA89F3E4D6A0FF895BC2A98,296,4,33,44,LX-WS-0358-EVD-01,EVIDENCE,records/evidence/runs/LX-WS-0358-EVD-01_C29.md,5747C527F3FC76640CB91B72DB70E8B0447443B2
LS-WS-0358,C29,audit/WS_C29_OOS_PROOF.md,BEF75E40AA1313029FA89F3E4D6A0FF895BC2A98,296,5,45,53,LX-WS-0358-EVD-01,EVIDENCE,records/evidence/runs/LX-WS-0358-EVD-01_C29.md,5747C527F3FC76640CB91B72DB70E8B0447443B2
LS-WS-0358,C29,audit/WS_C29_OOS_PROOF.md,BEF75E40AA1313029FA89F3E4D6A0FF895BC2A98,296,6,54,63,LX-WS-0358-EVD-01,EVIDENCE,records/evidence/runs/LX-WS-0358-EVD-01_C29.md,5747C527F3FC76640CB91B72DB70E8B0447443B2
LS-WS-0358,C29,audit/WS_C29_OOS_PROOF.md,BEF75E40AA1313029FA89F3E4D6A0FF895BC2A98,296,7,64,75,LX-WS-0358-EVD-01,EVIDENCE,records/evidence/runs/LX-WS-0358-EVD-01_C29.md,5747C527F3FC76640CB91B72DB70E8B0447443B2
LS-WS-0358,C29,audit/WS_C29_OOS_PROOF.md,BEF75E40AA1313029FA89F3E4D6A0FF895BC2A98,296,8,76,101,LX-WS-0358-EVD-01,EVIDENCE,records/evidence/runs/LX-WS-0358-EVD-01_C29.md,5747C527F3FC76640CB91B72DB70E8B0447443B2
LS-WS-0358,C29,audit/WS_C29_OOS_PROOF.md,BEF75E40AA1313029FA89F3E4D6A0FF895BC2A98,296,9,102,120,LX-WS-0358-IMP-02,IMPLEMENTATION,records/history/archive/LX-WS-0358-IMP-02_C29.md,E66ACF383FEE3F27B706C7FE88DDD55B19AEABB3
LS-WS-0358,C29,audit/WS_C29_OOS_PROOF.md,BEF75E40AA1313029FA89F3E4D6A0FF895BC2A98,296,10,121,146,LX-WS-0358-EVD-01,EVIDENCE,records/evidence/runs/LX-WS-0358-EVD-01_C29.md,5747C527F3FC76640CB91B72DB70E8B0447443B2
LS-WS-0358,C29,audit/WS_C29_OOS_PROOF.md,BEF75E40AA1313029FA89F3E4D6A0FF895BC2A98,296,11,147,161,LX-WS-0358-EVD-01,EVIDENCE,records/evidence/runs/LX-WS-0358-EVD-01_C29.md,5747C527F3FC76640CB91B72DB70E8B0447443B2
LS-WS-0358,C29,audit/WS_C29_OOS_PROOF.md,BEF75E40AA1313029FA89F3E4D6A0FF895BC2A98,296,12,162,174,LX-WS-0358-EVD-01,EVIDENCE,records/evidence/runs/LX-WS-0358-EVD-01_C29.md,5747C527F3FC76640CB91B72DB70E8B0447443B2
LS-WS-0358,C29,audit/WS_C29_OOS_PROOF.md,BEF75E40AA1313029FA89F3E4D6A0FF895BC2A98,296,13,175,203,LX-WS-0358-EVD-01,EVIDENCE,records/evidence/runs/LX-WS-0358-EVD-01_C29.md,5747C527F3FC76640CB91B72DB70E8B0447443B2
LS-WS-0358,C29,audit/WS_C29_OOS_PROOF.md,BEF75E40AA1313029FA89F3E4D6A0FF895BC2A98,296,14,204,233,LX-WS-0358-EVD-01,EVIDENCE,records/evidence/runs/LX-WS-0358-EVD-01_C29.md,5747C527F3FC76640CB91B72DB70E8B0447443B2
LS-WS-0358,C29,audit/WS_C29_OOS_PROOF.md,BEF75E40AA1313029FA89F3E4D6A0FF895BC2A98,296,15,234,254,LX-WS-0358-EVD-01,EVIDENCE,records/evidence/runs/LX-WS-0358-EVD-01_C29.md,5747C527F3FC76640CB91B72DB70E8B0447443B2
LS-WS-0358,C29,audit/WS_C29_OOS_PROOF.md,BEF75E40AA1313029FA89F3E4D6A0FF895BC2A98,296,16,255,268,LX-WS-0358-EVD-01,EVIDENCE,records/evidence/runs/LX-WS-0358-EVD-01_C29.md,5747C527F3FC76640CB91B72DB70E8B0447443B2
LS-WS-0358,C29,audit/WS_C29_OOS_PROOF.md,BEF75E40AA1313029FA89F3E4D6A0FF895BC2A98,296,17,269,277,LX-WS-0358-EVD-01,EVIDENCE,records/evidence/runs/LX-WS-0358-EVD-01_C29.md,5747C527F3FC76640CB91B72DB70E8B0447443B2
LS-WS-0358,C29,audit/WS_C29_OOS_PROOF.md,BEF75E40AA1313029FA89F3E4D6A0FF895BC2A98,296,18,278,296,LX-WS-0358-EVD-01,EVIDENCE,records/evidence/runs/LX-WS-0358-EVD-01_C29.md,5747C527F3FC76640CB91B72DB70E8B0447443B2
LS-WS-0360,C30,audit/WS_C30_OOS_FAILURE_ATTRIBUTION.md,F584E062AAFB394A1A7233CA87F950965880A120,323,1,1,2,LX-WS-0360-CTX-03,CONTEXT,records/history/archive/LX-WS-0360-CTX-03_C30.md,2571D0E291F226A91CE0A847918029B541980B91
LS-WS-0360,C30,audit/WS_C30_OOS_FAILURE_ATTRIBUTION.md,F584E062AAFB394A1A7233CA87F950965880A120,323,2,3,8,LX-WS-0360-FND-02,FINDING,records/history/archive/LX-WS-0360-FND-02_C30.md,A8FAD093001F1AA341190956CAC67D73B4FA36BB
LS-WS-0360,C30,audit/WS_C30_OOS_FAILURE_ATTRIBUTION.md,F584E062AAFB394A1A7233CA87F950965880A120,323,3,9,26,LX-WS-0360-EVD-01,EVIDENCE,records/evidence/runs/LX-WS-0360-EVD-01_C30.md,C363D1162CC8ED83CAC31176B603000245B45008
LS-WS-0360,C30,audit/WS_C30_OOS_FAILURE_ATTRIBUTION.md,F584E062AAFB394A1A7233CA87F950965880A120,323,4,27,88,LX-WS-0360-EVD-01,EVIDENCE,records/evidence/runs/LX-WS-0360-EVD-01_C30.md,C363D1162CC8ED83CAC31176B603000245B45008
LS-WS-0360,C30,audit/WS_C30_OOS_FAILURE_ATTRIBUTION.md,F584E062AAFB394A1A7233CA87F950965880A120,323,5,89,116,LX-WS-0360-FND-02,FINDING,records/history/archive/LX-WS-0360-FND-02_C30.md,A8FAD093001F1AA341190956CAC67D73B4FA36BB
LS-WS-0360,C30,audit/WS_C30_OOS_FAILURE_ATTRIBUTION.md,F584E062AAFB394A1A7233CA87F950965880A120,323,6,117,164,LX-WS-0360-FND-02,FINDING,records/history/archive/LX-WS-0360-FND-02_C30.md,A8FAD093001F1AA341190956CAC67D73B4FA36BB
LS-WS-0360,C30,audit/WS_C30_OOS_FAILURE_ATTRIBUTION.md,F584E062AAFB394A1A7233CA87F950965880A120,323,7,165,178,LX-WS-0360-FND-02,FINDING,records/history/archive/LX-WS-0360-FND-02_C30.md,A8FAD093001F1AA341190956CAC67D73B4FA36BB
LS-WS-0360,C30,audit/WS_C30_OOS_FAILURE_ATTRIBUTION.md,F584E062AAFB394A1A7233CA87F950965880A120,323,8,179,196,LX-WS-0360-FND-02,FINDING,records/history/archive/LX-WS-0360-FND-02_C30.md,A8FAD093001F1AA341190956CAC67D73B4FA36BB
LS-WS-0360,C30,audit/WS_C30_OOS_FAILURE_ATTRIBUTION.md,F584E062AAFB394A1A7233CA87F950965880A120,323,9,197,200,LX-WS-0360-FND-02,FINDING,records/history/archive/LX-WS-0360-FND-02_C30.md,A8FAD093001F1AA341190956CAC67D73B4FA36BB
LS-WS-0360,C30,audit/WS_C30_OOS_FAILURE_ATTRIBUTION.md,F584E062AAFB394A1A7233CA87F950965880A120,323,10,201,228,LX-WS-0360-EVD-01,EVIDENCE,records/evidence/runs/LX-WS-0360-EVD-01_C30.md,C363D1162CC8ED83CAC31176B603000245B45008
LS-WS-0360,C30,audit/WS_C30_OOS_FAILURE_ATTRIBUTION.md,F584E062AAFB394A1A7233CA87F950965880A120,323,11,229,240,LX-WS-0360-FND-02,FINDING,records/history/archive/LX-WS-0360-FND-02_C30.md,A8FAD093001F1AA341190956CAC67D73B4FA36BB
LS-WS-0360,C30,audit/WS_C30_OOS_FAILURE_ATTRIBUTION.md,F584E062AAFB394A1A7233CA87F950965880A120,323,12,241,254,LX-WS-0360-EVD-01,EVIDENCE,records/evidence/runs/LX-WS-0360-EVD-01_C30.md,C363D1162CC8ED83CAC31176B603000245B45008
LS-WS-0360,C30,audit/WS_C30_OOS_FAILURE_ATTRIBUTION.md,F584E062AAFB394A1A7233CA87F950965880A120,323,13,255,264,LX-WS-0360-FND-02,FINDING,records/history/archive/LX-WS-0360-FND-02_C30.md,A8FAD093001F1AA341190956CAC67D73B4FA36BB
LS-WS-0360,C30,audit/WS_C30_OOS_FAILURE_ATTRIBUTION.md,F584E062AAFB394A1A7233CA87F950965880A120,323,14,265,274,LX-WS-0360-FND-02,FINDING,records/history/archive/LX-WS-0360-FND-02_C30.md,A8FAD093001F1AA341190956CAC67D73B4FA36BB
LS-WS-0360,C30,audit/WS_C30_OOS_FAILURE_ATTRIBUTION.md,F584E062AAFB394A1A7233CA87F950965880A120,323,15,275,286,LX-WS-0360-EVD-01,EVIDENCE,records/evidence/runs/LX-WS-0360-EVD-01_C30.md,C363D1162CC8ED83CAC31176B603000245B45008
LS-WS-0360,C30,audit/WS_C30_OOS_FAILURE_ATTRIBUTION.md,F584E062AAFB394A1A7233CA87F950965880A120,323,16,287,300,LX-WS-0360-FND-02,FINDING,records/history/archive/LX-WS-0360-FND-02_C30.md,A8FAD093001F1AA341190956CAC67D73B4FA36BB
LS-WS-0360,C30,audit/WS_C30_OOS_FAILURE_ATTRIBUTION.md,F584E062AAFB394A1A7233CA87F950965880A120,323,17,301,323,LX-WS-0360-FND-02,FINDING,records/history/archive/LX-WS-0360-FND-02_C30.md,A8FAD093001F1AA341190956CAC67D73B4FA36BB
LS-WS-0361,C30,audit/WS_C30_OPERATOR_VALIDATION_COMMANDS.md,5E39D04E4A27CEF92997F5FD4B778F0EB96EC575,233,1,1,4,LX-WS-0361-CTX-03,CONTEXT,records/history/archive/LX-WS-0361-CTX-03_C30.md,AAC9BC6428B8EFC2BCEBA95490FDBDFA2376A329
LS-WS-0361,C30,audit/WS_C30_OPERATOR_VALIDATION_COMMANDS.md,5E39D04E4A27CEF92997F5FD4B778F0EB96EC575,233,2,5,23,LX-WS-0361-EVD-01,EVIDENCE,records/evidence/runs/LX-WS-0361-EVD-01_C30.md,A385737AB9BCE837292290E1826829C252F09649
LS-WS-0361,C30,audit/WS_C30_OPERATOR_VALIDATION_COMMANDS.md,5E39D04E4A27CEF92997F5FD4B778F0EB96EC575,233,3,24,42,LX-WS-0361-EVD-01,EVIDENCE,records/evidence/runs/LX-WS-0361-EVD-01_C30.md,A385737AB9BCE837292290E1826829C252F09649
LS-WS-0361,C30,audit/WS_C30_OPERATOR_VALIDATION_COMMANDS.md,5E39D04E4A27CEF92997F5FD4B778F0EB96EC575,233,4,43,79,LX-WS-0361-EVD-01,EVIDENCE,records/evidence/runs/LX-WS-0361-EVD-01_C30.md,A385737AB9BCE837292290E1826829C252F09649
LS-WS-0361,C30,audit/WS_C30_OPERATOR_VALIDATION_COMMANDS.md,5E39D04E4A27CEF92997F5FD4B778F0EB96EC575,233,5,80,96,LX-WS-0361-EVD-01,EVIDENCE,records/evidence/runs/LX-WS-0361-EVD-01_C30.md,A385737AB9BCE837292290E1826829C252F09649
LS-WS-0361,C30,audit/WS_C30_OPERATOR_VALIDATION_COMMANDS.md,5E39D04E4A27CEF92997F5FD4B778F0EB96EC575,233,6,97,114,LX-WS-0361-EVD-01,EVIDENCE,records/evidence/runs/LX-WS-0361-EVD-01_C30.md,A385737AB9BCE837292290E1826829C252F09649
LS-WS-0361,C30,audit/WS_C30_OPERATOR_VALIDATION_COMMANDS.md,5E39D04E4A27CEF92997F5FD4B778F0EB96EC575,233,7,115,120,LX-WS-0361-EVD-01,EVIDENCE,records/evidence/runs/LX-WS-0361-EVD-01_C30.md,A385737AB9BCE837292290E1826829C252F09649
LS-WS-0361,C30,audit/WS_C30_OPERATOR_VALIDATION_COMMANDS.md,5E39D04E4A27CEF92997F5FD4B778F0EB96EC575,233,8,121,136,LX-WS-0361-EVD-01,EVIDENCE,records/evidence/runs/LX-WS-0361-EVD-01_C30.md,A385737AB9BCE837292290E1826829C252F09649
LS-WS-0361,C30,audit/WS_C30_OPERATOR_VALIDATION_COMMANDS.md,5E39D04E4A27CEF92997F5FD4B778F0EB96EC575,233,9,137,152,LX-WS-0361-EVD-01,EVIDENCE,records/evidence/runs/LX-WS-0361-EVD-01_C30.md,A385737AB9BCE837292290E1826829C252F09649
LS-WS-0361,C30,audit/WS_C30_OPERATOR_VALIDATION_COMMANDS.md,5E39D04E4A27CEF92997F5FD4B778F0EB96EC575,233,10,153,160,LX-WS-0361-EVD-01,EVIDENCE,records/evidence/runs/LX-WS-0361-EVD-01_C30.md,A385737AB9BCE837292290E1826829C252F09649
LS-WS-0361,C30,audit/WS_C30_OPERATOR_VALIDATION_COMMANDS.md,5E39D04E4A27CEF92997F5FD4B778F0EB96EC575,233,11,161,167,LX-WS-0361-EVD-01,EVIDENCE,records/evidence/runs/LX-WS-0361-EVD-01_C30.md,A385737AB9BCE837292290E1826829C252F09649
LS-WS-0361,C30,audit/WS_C30_OPERATOR_VALIDATION_COMMANDS.md,5E39D04E4A27CEF92997F5FD4B778F0EB96EC575,233,12,168,174,LX-WS-0361-EVD-01,EVIDENCE,records/evidence/runs/LX-WS-0361-EVD-01_C30.md,A385737AB9BCE837292290E1826829C252F09649
LS-WS-0361,C30,audit/WS_C30_OPERATOR_VALIDATION_COMMANDS.md,5E39D04E4A27CEF92997F5FD4B778F0EB96EC575,233,13,175,182,LX-WS-0361-FND-02,FINDING,records/history/archive/LX-WS-0361-FND-02_C30.md,82436D76A796C504CF697DF07350478FF310E0E4
LS-WS-0361,C30,audit/WS_C30_OPERATOR_VALIDATION_COMMANDS.md,5E39D04E4A27CEF92997F5FD4B778F0EB96EC575,233,14,183,190,LX-WS-0361-EVD-01,EVIDENCE,records/evidence/runs/LX-WS-0361-EVD-01_C30.md,A385737AB9BCE837292290E1826829C252F09649
LS-WS-0361,C30,audit/WS_C30_OPERATOR_VALIDATION_COMMANDS.md,5E39D04E4A27CEF92997F5FD4B778F0EB96EC575,233,15,191,200,LX-WS-0361-EVD-01,EVIDENCE,records/evidence/runs/LX-WS-0361-EVD-01_C30.md,A385737AB9BCE837292290E1826829C252F09649
LS-WS-0361,C30,audit/WS_C30_OPERATOR_VALIDATION_COMMANDS.md,5E39D04E4A27CEF92997F5FD4B778F0EB96EC575,233,16,201,233,LX-WS-0361-EVD-01,EVIDENCE,records/evidence/runs/LX-WS-0361-EVD-01_C30.md,A385737AB9BCE837292290E1826829C252F09649
LS-WS-0363,C31,audit/WS_C31_OPERATOR_VALIDATION_COMMANDS.md,ABB9EFE0531D04916A0324AA8E9B9213FC8EB828,260,1,1,4,LX-WS-0363-CTX-03,CONTEXT,records/history/archive/LX-WS-0363-CTX-03_C31.md,A7F366EF570487F2B354AC2AD6D20C2ADD7AEE7D
LS-WS-0363,C31,audit/WS_C31_OPERATOR_VALIDATION_COMMANDS.md,ABB9EFE0531D04916A0324AA8E9B9213FC8EB828,260,2,5,23,LX-WS-0363-EVD-01,EVIDENCE,records/evidence/runs/LX-WS-0363-EVD-01_C31.md,4CC6FBBB4EAF8C33D2EEDD64957ADFA57B3836FC
LS-WS-0363,C31,audit/WS_C31_OPERATOR_VALIDATION_COMMANDS.md,ABB9EFE0531D04916A0324AA8E9B9213FC8EB828,260,3,24,42,LX-WS-0363-EVD-01,EVIDENCE,records/evidence/runs/LX-WS-0363-EVD-01_C31.md,4CC6FBBB4EAF8C33D2EEDD64957ADFA57B3836FC
LS-WS-0363,C31,audit/WS_C31_OPERATOR_VALIDATION_COMMANDS.md,ABB9EFE0531D04916A0324AA8E9B9213FC8EB828,260,4,43,85,LX-WS-0363-EVD-01,EVIDENCE,records/evidence/runs/LX-WS-0363-EVD-01_C31.md,4CC6FBBB4EAF8C33D2EEDD64957ADFA57B3836FC
LS-WS-0363,C31,audit/WS_C31_OPERATOR_VALIDATION_COMMANDS.md,ABB9EFE0531D04916A0324AA8E9B9213FC8EB828,260,5,86,108,LX-WS-0363-EVD-01,EVIDENCE,records/evidence/runs/LX-WS-0363-EVD-01_C31.md,4CC6FBBB4EAF8C33D2EEDD64957ADFA57B3836FC
LS-WS-0363,C31,audit/WS_C31_OPERATOR_VALIDATION_COMMANDS.md,ABB9EFE0531D04916A0324AA8E9B9213FC8EB828,260,6,109,126,LX-WS-0363-EVD-01,EVIDENCE,records/evidence/runs/LX-WS-0363-EVD-01_C31.md,4CC6FBBB4EAF8C33D2EEDD64957ADFA57B3836FC
LS-WS-0363,C31,audit/WS_C31_OPERATOR_VALIDATION_COMMANDS.md,ABB9EFE0531D04916A0324AA8E9B9213FC8EB828,260,7,127,132,LX-WS-0363-EVD-01,EVIDENCE,records/evidence/runs/LX-WS-0363-EVD-01_C31.md,4CC6FBBB4EAF8C33D2EEDD64957ADFA57B3836FC
LS-WS-0363,C31,audit/WS_C31_OPERATOR_VALIDATION_COMMANDS.md,ABB9EFE0531D04916A0324AA8E9B9213FC8EB828,260,8,133,150,LX-WS-0363-EVD-01,EVIDENCE,records/evidence/runs/LX-WS-0363-EVD-01_C31.md,4CC6FBBB4EAF8C33D2EEDD64957ADFA57B3836FC
LS-WS-0363,C31,audit/WS_C31_OPERATOR_VALIDATION_COMMANDS.md,ABB9EFE0531D04916A0324AA8E9B9213FC8EB828,260,9,151,166,LX-WS-0363-EVD-01,EVIDENCE,records/evidence/runs/LX-WS-0363-EVD-01_C31.md,4CC6FBBB4EAF8C33D2EEDD64957ADFA57B3836FC
LS-WS-0363,C31,audit/WS_C31_OPERATOR_VALIDATION_COMMANDS.md,ABB9EFE0531D04916A0324AA8E9B9213FC8EB828,260,10,167,182,LX-WS-0363-EVD-01,EVIDENCE,records/evidence/runs/LX-WS-0363-EVD-01_C31.md,4CC6FBBB4EAF8C33D2EEDD64957ADFA57B3836FC
LS-WS-0363,C31,audit/WS_C31_OPERATOR_VALIDATION_COMMANDS.md,ABB9EFE0531D04916A0324AA8E9B9213FC8EB828,260,11,183,190,LX-WS-0363-EVD-01,EVIDENCE,records/evidence/runs/LX-WS-0363-EVD-01_C31.md,4CC6FBBB4EAF8C33D2EEDD64957ADFA57B3836FC
LS-WS-0363,C31,audit/WS_C31_OPERATOR_VALIDATION_COMMANDS.md,ABB9EFE0531D04916A0324AA8E9B9213FC8EB828,260,12,191,197,LX-WS-0363-EVD-01,EVIDENCE,records/evidence/runs/LX-WS-0363-EVD-01_C31.md,4CC6FBBB4EAF8C33D2EEDD64957ADFA57B3836FC
LS-WS-0363,C31,audit/WS_C31_OPERATOR_VALIDATION_COMMANDS.md,ABB9EFE0531D04916A0324AA8E9B9213FC8EB828,260,13,198,204,LX-WS-0363-EVD-01,EVIDENCE,records/evidence/runs/LX-WS-0363-EVD-01_C31.md,4CC6FBBB4EAF8C33D2EEDD64957ADFA57B3836FC
LS-WS-0363,C31,audit/WS_C31_OPERATOR_VALIDATION_COMMANDS.md,ABB9EFE0531D04916A0324AA8E9B9213FC8EB828,260,14,205,212,LX-WS-0363-FND-02,FINDING,records/history/archive/LX-WS-0363-FND-02_C31.md,82436D76A796C504CF697DF07350478FF310E0E4
LS-WS-0363,C31,audit/WS_C31_OPERATOR_VALIDATION_COMMANDS.md,ABB9EFE0531D04916A0324AA8E9B9213FC8EB828,260,15,213,220,LX-WS-0363-EVD-01,EVIDENCE,records/evidence/runs/LX-WS-0363-EVD-01_C31.md,4CC6FBBB4EAF8C33D2EEDD64957ADFA57B3836FC
LS-WS-0363,C31,audit/WS_C31_OPERATOR_VALIDATION_COMMANDS.md,ABB9EFE0531D04916A0324AA8E9B9213FC8EB828,260,16,221,251,LX-WS-0363-EVD-01,EVIDENCE,records/evidence/runs/LX-WS-0363-EVD-01_C31.md,4CC6FBBB4EAF8C33D2EEDD64957ADFA57B3836FC
LS-WS-0363,C31,audit/WS_C31_OPERATOR_VALIDATION_COMMANDS.md,ABB9EFE0531D04916A0324AA8E9B9213FC8EB828,260,17,252,260,LX-WS-0363-EVD-01,EVIDENCE,records/evidence/runs/LX-WS-0363-EVD-01_C31.md,4CC6FBBB4EAF8C33D2EEDD64957ADFA57B3836FC
LS-WS-0364,C32,audit/WS_C32_DATA_PATH_AND_BAD_MONTH_DIAGNOSTIC.md,44F75CE57906CB434AD2275DE98368432FF2620C,138,1,1,2,LX-WS-0364-CTX-03,CONTEXT,records/history/archive/LX-WS-0364-CTX-03_C32.md,E17B81C6E5C235CAC14FD1E6A034AD123BE20D41
LS-WS-0364,C32,audit/WS_C32_DATA_PATH_AND_BAD_MONTH_DIAGNOSTIC.md,44F75CE57906CB434AD2275DE98368432FF2620C,138,2,3,11,LX-WS-0364-FND-02,FINDING,records/history/archive/LX-WS-0364-FND-02_C32.md,218C1AAF79C1F6E66FB65C4D0B5844621E7A56BA
LS-WS-0364,C32,audit/WS_C32_DATA_PATH_AND_BAD_MONTH_DIAGNOSTIC.md,44F75CE57906CB434AD2275DE98368432FF2620C,138,3,12,21,LX-WS-0364-EVD-01,EVIDENCE,records/evidence/runs/LX-WS-0364-EVD-01_C32.md,4B21EBB61EA7752D4A563146274B45A8DC0850CB
LS-WS-0364,C32,audit/WS_C32_DATA_PATH_AND_BAD_MONTH_DIAGNOSTIC.md,44F75CE57906CB434AD2275DE98368432FF2620C,138,4,22,37,LX-WS-0364-FND-02,FINDING,records/history/archive/LX-WS-0364-FND-02_C32.md,218C1AAF79C1F6E66FB65C4D0B5844621E7A56BA
LS-WS-0364,C32,audit/WS_C32_DATA_PATH_AND_BAD_MONTH_DIAGNOSTIC.md,44F75CE57906CB434AD2275DE98368432FF2620C,138,5,38,54,LX-WS-0364-EVD-01,EVIDENCE,records/evidence/runs/LX-WS-0364-EVD-01_C32.md,4B21EBB61EA7752D4A563146274B45A8DC0850CB
LS-WS-0364,C32,audit/WS_C32_DATA_PATH_AND_BAD_MONTH_DIAGNOSTIC.md,44F75CE57906CB434AD2275DE98368432FF2620C,138,6,55,65,LX-WS-0364-FND-02,FINDING,records/history/archive/LX-WS-0364-FND-02_C32.md,218C1AAF79C1F6E66FB65C4D0B5844621E7A56BA
LS-WS-0364,C32,audit/WS_C32_DATA_PATH_AND_BAD_MONTH_DIAGNOSTIC.md,44F75CE57906CB434AD2275DE98368432FF2620C,138,7,66,90,LX-WS-0364-FND-02,FINDING,records/history/archive/LX-WS-0364-FND-02_C32.md,218C1AAF79C1F6E66FB65C4D0B5844621E7A56BA
LS-WS-0364,C32,audit/WS_C32_DATA_PATH_AND_BAD_MONTH_DIAGNOSTIC.md,44F75CE57906CB434AD2275DE98368432FF2620C,138,8,91,112,LX-WS-0364-FND-02,FINDING,records/history/archive/LX-WS-0364-FND-02_C32.md,218C1AAF79C1F6E66FB65C4D0B5844621E7A56BA
LS-WS-0364,C32,audit/WS_C32_DATA_PATH_AND_BAD_MONTH_DIAGNOSTIC.md,44F75CE57906CB434AD2275DE98368432FF2620C,138,9,113,125,LX-WS-0364-FND-02,FINDING,records/history/archive/LX-WS-0364-FND-02_C32.md,218C1AAF79C1F6E66FB65C4D0B5844621E7A56BA
LS-WS-0364,C32,audit/WS_C32_DATA_PATH_AND_BAD_MONTH_DIAGNOSTIC.md,44F75CE57906CB434AD2275DE98368432FF2620C,138,10,126,131,LX-WS-0364-FND-02,FINDING,records/history/archive/LX-WS-0364-FND-02_C32.md,218C1AAF79C1F6E66FB65C4D0B5844621E7A56BA
LS-WS-0364,C32,audit/WS_C32_DATA_PATH_AND_BAD_MONTH_DIAGNOSTIC.md,44F75CE57906CB434AD2275DE98368432FF2620C,138,11,132,138,LX-WS-0364-FND-02,FINDING,records/history/archive/LX-WS-0364-FND-02_C32.md,218C1AAF79C1F6E66FB65C4D0B5844621E7A56BA
LS-WS-0366,C33,audit/WS_C33_DATA_PATH_REPLAY_PROOF.md,330A00591DD2375262EEAE2DA7410B8FBC2EE83B,130,1,1,2,LX-WS-0366-CTX-03,CONTEXT,records/history/archive/LX-WS-0366-CTX-03_C33.md,F06DC5B2093B5299FE611E89F8CD9700FEB9B96C
LS-WS-0366,C33,audit/WS_C33_DATA_PATH_REPLAY_PROOF.md,330A00591DD2375262EEAE2DA7410B8FBC2EE83B,130,2,3,8,LX-WS-0366-EVD-01,EVIDENCE,records/evidence/runs/LX-WS-0366-EVD-01_C33.md,CE2787DAA2D4B113EC6B61E59BDACCC6EADE7EC9
LS-WS-0366,C33,audit/WS_C33_DATA_PATH_REPLAY_PROOF.md,330A00591DD2375262EEAE2DA7410B8FBC2EE83B,130,3,9,18,LX-WS-0366-EVD-01,EVIDENCE,records/evidence/runs/LX-WS-0366-EVD-01_C33.md,CE2787DAA2D4B113EC6B61E59BDACCC6EADE7EC9
LS-WS-0366,C33,audit/WS_C33_DATA_PATH_REPLAY_PROOF.md,330A00591DD2375262EEAE2DA7410B8FBC2EE83B,130,4,19,37,LX-WS-0366-EVD-01,EVIDENCE,records/evidence/runs/LX-WS-0366-EVD-01_C33.md,CE2787DAA2D4B113EC6B61E59BDACCC6EADE7EC9
LS-WS-0366,C33,audit/WS_C33_DATA_PATH_REPLAY_PROOF.md,330A00591DD2375262EEAE2DA7410B8FBC2EE83B,130,5,38,54,LX-WS-0366-EVD-01,EVIDENCE,records/evidence/runs/LX-WS-0366-EVD-01_C33.md,CE2787DAA2D4B113EC6B61E59BDACCC6EADE7EC9
LS-WS-0366,C33,audit/WS_C33_DATA_PATH_REPLAY_PROOF.md,330A00591DD2375262EEAE2DA7410B8FBC2EE83B,130,6,55,65,LX-WS-0366-EVD-01,EVIDENCE,records/evidence/runs/LX-WS-0366-EVD-01_C33.md,CE2787DAA2D4B113EC6B61E59BDACCC6EADE7EC9
LS-WS-0366,C33,audit/WS_C33_DATA_PATH_REPLAY_PROOF.md,330A00591DD2375262EEAE2DA7410B8FBC2EE83B,130,7,66,86,LX-WS-0366-EVD-01,EVIDENCE,records/evidence/runs/LX-WS-0366-EVD-01_C33.md,CE2787DAA2D4B113EC6B61E59BDACCC6EADE7EC9
LS-WS-0366,C33,audit/WS_C33_DATA_PATH_REPLAY_PROOF.md,330A00591DD2375262EEAE2DA7410B8FBC2EE83B,130,8,87,106,LX-WS-0366-EVD-01,EVIDENCE,records/evidence/runs/LX-WS-0366-EVD-01_C33.md,CE2787DAA2D4B113EC6B61E59BDACCC6EADE7EC9
LS-WS-0366,C33,audit/WS_C33_DATA_PATH_REPLAY_PROOF.md,330A00591DD2375262EEAE2DA7410B8FBC2EE83B,130,9,107,117,LX-WS-0366-EVD-01,EVIDENCE,records/evidence/runs/LX-WS-0366-EVD-01_C33.md,CE2787DAA2D4B113EC6B61E59BDACCC6EADE7EC9
LS-WS-0366,C33,audit/WS_C33_DATA_PATH_REPLAY_PROOF.md,330A00591DD2375262EEAE2DA7410B8FBC2EE83B,130,10,118,123,LX-WS-0366-FND-02,FINDING,records/history/archive/LX-WS-0366-FND-02_C33.md,57C55D7AE49BD429C14931CAFF981928E92207D4
LS-WS-0366,C33,audit/WS_C33_DATA_PATH_REPLAY_PROOF.md,330A00591DD2375262EEAE2DA7410B8FBC2EE83B,130,11,124,130,LX-WS-0366-EVD-01,EVIDENCE,records/evidence/runs/LX-WS-0366-EVD-01_C33.md,CE2787DAA2D4B113EC6B61E59BDACCC6EADE7EC9
LS-WS-0368,C34,audit/WS_C34_BAD_MONTH_ROBUSTNESS_DIAGNOSTIC.md,6D02916D675A9A77F4601E3706E1C3D22F6BE0C6,119,1,1,2,LX-WS-0368-CTX-03,CONTEXT,records/history/archive/LX-WS-0368-CTX-03_C34.md,803723DFCEDCF85A7B967248B4A380423D175B02
LS-WS-0368,C34,audit/WS_C34_BAD_MONTH_ROBUSTNESS_DIAGNOSTIC.md,6D02916D675A9A77F4601E3706E1C3D22F6BE0C6,119,2,3,8,LX-WS-0368-FND-02,FINDING,records/history/archive/LX-WS-0368-FND-02_C34.md,4DA4272D6D83EFF61750456C1C63F1F704C81D8B
LS-WS-0368,C34,audit/WS_C34_BAD_MONTH_ROBUSTNESS_DIAGNOSTIC.md,6D02916D675A9A77F4601E3706E1C3D22F6BE0C6,119,3,9,23,LX-WS-0368-FND-02,FINDING,records/history/archive/LX-WS-0368-FND-02_C34.md,4DA4272D6D83EFF61750456C1C63F1F704C81D8B
LS-WS-0368,C34,audit/WS_C34_BAD_MONTH_ROBUSTNESS_DIAGNOSTIC.md,6D02916D675A9A77F4601E3706E1C3D22F6BE0C6,119,4,24,41,LX-WS-0368-FND-02,FINDING,records/history/archive/LX-WS-0368-FND-02_C34.md,4DA4272D6D83EFF61750456C1C63F1F704C81D8B
LS-WS-0368,C34,audit/WS_C34_BAD_MONTH_ROBUSTNESS_DIAGNOSTIC.md,6D02916D675A9A77F4601E3706E1C3D22F6BE0C6,119,5,42,58,LX-WS-0368-EVD-01,EVIDENCE,records/evidence/runs/LX-WS-0368-EVD-01_C34.md,EBD5C8BFF2763910779B2B98B07A17661778918F
LS-WS-0368,C34,audit/WS_C34_BAD_MONTH_ROBUSTNESS_DIAGNOSTIC.md,6D02916D675A9A77F4601E3706E1C3D22F6BE0C6,119,6,59,73,LX-WS-0368-EVD-01,EVIDENCE,records/evidence/runs/LX-WS-0368-EVD-01_C34.md,EBD5C8BFF2763910779B2B98B07A17661778918F
LS-WS-0368,C34,audit/WS_C34_BAD_MONTH_ROBUSTNESS_DIAGNOSTIC.md,6D02916D675A9A77F4601E3706E1C3D22F6BE0C6,119,7,74,81,LX-WS-0368-FND-02,FINDING,records/history/archive/LX-WS-0368-FND-02_C34.md,4DA4272D6D83EFF61750456C1C63F1F704C81D8B
LS-WS-0368,C34,audit/WS_C34_BAD_MONTH_ROBUSTNESS_DIAGNOSTIC.md,6D02916D675A9A77F4601E3706E1C3D22F6BE0C6,119,8,82,89,LX-WS-0368-FND-02,FINDING,records/history/archive/LX-WS-0368-FND-02_C34.md,4DA4272D6D83EFF61750456C1C63F1F704C81D8B
LS-WS-0368,C34,audit/WS_C34_BAD_MONTH_ROBUSTNESS_DIAGNOSTIC.md,6D02916D675A9A77F4601E3706E1C3D22F6BE0C6,119,9,90,106,LX-WS-0368-FND-02,FINDING,records/history/archive/LX-WS-0368-FND-02_C34.md,4DA4272D6D83EFF61750456C1C63F1F704C81D8B
LS-WS-0368,C34,audit/WS_C34_BAD_MONTH_ROBUSTNESS_DIAGNOSTIC.md,6D02916D675A9A77F4601E3706E1C3D22F6BE0C6,119,10,107,112,LX-WS-0368-FND-02,FINDING,records/history/archive/LX-WS-0368-FND-02_C34.md,4DA4272D6D83EFF61750456C1C63F1F704C81D8B
LS-WS-0368,C34,audit/WS_C34_BAD_MONTH_ROBUSTNESS_DIAGNOSTIC.md,6D02916D675A9A77F4601E3706E1C3D22F6BE0C6,119,11,113,119,LX-WS-0368-FND-02,FINDING,records/history/archive/LX-WS-0368-FND-02_C34.md,4DA4272D6D83EFF61750456C1C63F1F704C81D8B
LS-WS-0370,C35,audit/WS_C35_IS_ROBUSTNESS_REDESIGN_DIAGNOSTIC.md,06FC2A4A4C295D8AD5C4D5823DDBFB8C76386C21,270,1,1,2,LX-WS-0370-CTX-04,CONTEXT,records/history/archive/LX-WS-0370-CTX-04_C35.md,7C436C354386ACD53DA33E268BF6C9E23592ABAA
LS-WS-0370,C35,audit/WS_C35_IS_ROBUSTNESS_REDESIGN_DIAGNOSTIC.md,06FC2A4A4C295D8AD5C4D5823DDBFB8C76386C21,270,2,3,6,LX-WS-0370-FND-02,FINDING,records/history/archive/LX-WS-0370-FND-02_C35.md,AA8F85F6FF7666510351CFF50E0806AA1DE4EE7B
LS-WS-0370,C35,audit/WS_C35_IS_ROBUSTNESS_REDESIGN_DIAGNOSTIC.md,06FC2A4A4C295D8AD5C4D5823DDBFB8C76386C21,270,3,7,17,LX-WS-0370-FND-02,FINDING,records/history/archive/LX-WS-0370-FND-02_C35.md,AA8F85F6FF7666510351CFF50E0806AA1DE4EE7B
LS-WS-0370,C35,audit/WS_C35_IS_ROBUSTNESS_REDESIGN_DIAGNOSTIC.md,06FC2A4A4C295D8AD5C4D5823DDBFB8C76386C21,270,4,18,39,LX-WS-0370-EVD-01,EVIDENCE,records/evidence/runs/LX-WS-0370-EVD-01_C35.md,6A09B6C64D9381E66EB7F97F7436F7D88E8A2240
LS-WS-0370,C35,audit/WS_C35_IS_ROBUSTNESS_REDESIGN_DIAGNOSTIC.md,06FC2A4A4C295D8AD5C4D5823DDBFB8C76386C21,270,5,40,71,LX-WS-0370-FND-02,FINDING,records/history/archive/LX-WS-0370-FND-02_C35.md,AA8F85F6FF7666510351CFF50E0806AA1DE4EE7B
LS-WS-0370,C35,audit/WS_C35_IS_ROBUSTNESS_REDESIGN_DIAGNOSTIC.md,06FC2A4A4C295D8AD5C4D5823DDBFB8C76386C21,270,6,72,84,LX-WS-0370-FND-02,FINDING,records/history/archive/LX-WS-0370-FND-02_C35.md,AA8F85F6FF7666510351CFF50E0806AA1DE4EE7B
LS-WS-0370,C35,audit/WS_C35_IS_ROBUSTNESS_REDESIGN_DIAGNOSTIC.md,06FC2A4A4C295D8AD5C4D5823DDBFB8C76386C21,270,7,85,88,LX-WS-0370-FND-02,FINDING,records/history/archive/LX-WS-0370-FND-02_C35.md,AA8F85F6FF7666510351CFF50E0806AA1DE4EE7B
LS-WS-0370,C35,audit/WS_C35_IS_ROBUSTNESS_REDESIGN_DIAGNOSTIC.md,06FC2A4A4C295D8AD5C4D5823DDBFB8C76386C21,270,8,89,125,LX-WS-0370-FND-02,FINDING,records/history/archive/LX-WS-0370-FND-02_C35.md,AA8F85F6FF7666510351CFF50E0806AA1DE4EE7B
LS-WS-0370,C35,audit/WS_C35_IS_ROBUSTNESS_REDESIGN_DIAGNOSTIC.md,06FC2A4A4C295D8AD5C4D5823DDBFB8C76386C21,270,9,126,136,LX-WS-0370-EVD-01,EVIDENCE,records/evidence/runs/LX-WS-0370-EVD-01_C35.md,6A09B6C64D9381E66EB7F97F7436F7D88E8A2240
LS-WS-0370,C35,audit/WS_C35_IS_ROBUSTNESS_REDESIGN_DIAGNOSTIC.md,06FC2A4A4C295D8AD5C4D5823DDBFB8C76386C21,270,10,137,156,LX-WS-0370-FND-02,FINDING,records/history/archive/LX-WS-0370-FND-02_C35.md,AA8F85F6FF7666510351CFF50E0806AA1DE4EE7B
LS-WS-0370,C35,audit/WS_C35_IS_ROBUSTNESS_REDESIGN_DIAGNOSTIC.md,06FC2A4A4C295D8AD5C4D5823DDBFB8C76386C21,270,11,157,177,LX-WS-0370-FND-02,FINDING,records/history/archive/LX-WS-0370-FND-02_C35.md,AA8F85F6FF7666510351CFF50E0806AA1DE4EE7B
LS-WS-0370,C35,audit/WS_C35_IS_ROBUSTNESS_REDESIGN_DIAGNOSTIC.md,06FC2A4A4C295D8AD5C4D5823DDBFB8C76386C21,270,12,178,195,LX-WS-0370-FND-02,FINDING,records/history/archive/LX-WS-0370-FND-02_C35.md,AA8F85F6FF7666510351CFF50E0806AA1DE4EE7B
LS-WS-0370,C35,audit/WS_C35_IS_ROBUSTNESS_REDESIGN_DIAGNOSTIC.md,06FC2A4A4C295D8AD5C4D5823DDBFB8C76386C21,270,13,196,210,LX-WS-0370-FND-02,FINDING,records/history/archive/LX-WS-0370-FND-02_C35.md,AA8F85F6FF7666510351CFF50E0806AA1DE4EE7B
LS-WS-0370,C35,audit/WS_C35_IS_ROBUSTNESS_REDESIGN_DIAGNOSTIC.md,06FC2A4A4C295D8AD5C4D5823DDBFB8C76386C21,270,14,211,226,LX-WS-0370-FND-02,FINDING,records/history/archive/LX-WS-0370-FND-02_C35.md,AA8F85F6FF7666510351CFF50E0806AA1DE4EE7B
LS-WS-0370,C35,audit/WS_C35_IS_ROBUSTNESS_REDESIGN_DIAGNOSTIC.md,06FC2A4A4C295D8AD5C4D5823DDBFB8C76386C21,270,15,227,239,LX-WS-0370-RES-03,RESEARCH,records/history/archive/LX-WS-0370-RES-03_C35.md,2871E521EAF03663C6A2A716C2F544D833649B01
LS-WS-0370,C35,audit/WS_C35_IS_ROBUSTNESS_REDESIGN_DIAGNOSTIC.md,06FC2A4A4C295D8AD5C4D5823DDBFB8C76386C21,270,16,240,245,LX-WS-0370-FND-02,FINDING,records/history/archive/LX-WS-0370-FND-02_C35.md,AA8F85F6FF7666510351CFF50E0806AA1DE4EE7B
LS-WS-0370,C35,audit/WS_C35_IS_ROBUSTNESS_REDESIGN_DIAGNOSTIC.md,06FC2A4A4C295D8AD5C4D5823DDBFB8C76386C21,270,17,246,253,LX-WS-0370-FND-02,FINDING,records/history/archive/LX-WS-0370-FND-02_C35.md,AA8F85F6FF7666510351CFF50E0806AA1DE4EE7B
LS-WS-0370,C35,audit/WS_C35_IS_ROBUSTNESS_REDESIGN_DIAGNOSTIC.md,06FC2A4A4C295D8AD5C4D5823DDBFB8C76386C21,270,18,254,261,LX-WS-0370-FND-02,FINDING,records/history/archive/LX-WS-0370-FND-02_C35.md,AA8F85F6FF7666510351CFF50E0806AA1DE4EE7B
LS-WS-0370,C35,audit/WS_C35_IS_ROBUSTNESS_REDESIGN_DIAGNOSTIC.md,06FC2A4A4C295D8AD5C4D5823DDBFB8C76386C21,270,19,262,270,LX-WS-0370-FND-02,FINDING,records/history/archive/LX-WS-0370-FND-02_C35.md,AA8F85F6FF7666510351CFF50E0806AA1DE4EE7B
LS-WS-0371,C35,audit/WS_C35_OPERATOR_VALIDATION_COMMANDS.md,0F7DB1C600D03FDF4993A0887C4A651D76D818AC,298,1,1,4,LX-WS-0371-CTX-04,CONTEXT,records/history/archive/LX-WS-0371-CTX-04_C35.md,65D37B87FDFB6CEDE478CED6F25BAAFA4C9A3AF1
LS-WS-0371,C35,audit/WS_C35_OPERATOR_VALIDATION_COMMANDS.md,0F7DB1C600D03FDF4993A0887C4A651D76D818AC,298,2,5,17,LX-WS-0371-EVD-01,EVIDENCE,records/evidence/runs/LX-WS-0371-EVD-01_C35.md,D1AE01CA8414FE224B6B609C9FA7CC3687C120A9
LS-WS-0371,C35,audit/WS_C35_OPERATOR_VALIDATION_COMMANDS.md,0F7DB1C600D03FDF4993A0887C4A651D76D818AC,298,3,18,30,LX-WS-0371-EVD-01,EVIDENCE,records/evidence/runs/LX-WS-0371-EVD-01_C35.md,D1AE01CA8414FE224B6B609C9FA7CC3687C120A9
LS-WS-0371,C35,audit/WS_C35_OPERATOR_VALIDATION_COMMANDS.md,0F7DB1C600D03FDF4993A0887C4A651D76D818AC,298,4,31,88,LX-WS-0371-EVD-01,EVIDENCE,records/evidence/runs/LX-WS-0371-EVD-01_C35.md,D1AE01CA8414FE224B6B609C9FA7CC3687C120A9
LS-WS-0371,C35,audit/WS_C35_OPERATOR_VALIDATION_COMMANDS.md,0F7DB1C600D03FDF4993A0887C4A651D76D818AC,298,5,89,122,LX-WS-0371-EVD-01,EVIDENCE,records/evidence/runs/LX-WS-0371-EVD-01_C35.md,D1AE01CA8414FE224B6B609C9FA7CC3687C120A9
LS-WS-0371,C35,audit/WS_C35_OPERATOR_VALIDATION_COMMANDS.md,0F7DB1C600D03FDF4993A0887C4A651D76D818AC,298,6,123,134,LX-WS-0371-EVD-01,EVIDENCE,records/evidence/runs/LX-WS-0371-EVD-01_C35.md,D1AE01CA8414FE224B6B609C9FA7CC3687C120A9
LS-WS-0371,C35,audit/WS_C35_OPERATOR_VALIDATION_COMMANDS.md,0F7DB1C600D03FDF4993A0887C4A651D76D818AC,298,7,135,157,LX-WS-0371-EVD-01,EVIDENCE,records/evidence/runs/LX-WS-0371-EVD-01_C35.md,D1AE01CA8414FE224B6B609C9FA7CC3687C120A9
LS-WS-0371,C35,audit/WS_C35_OPERATOR_VALIDATION_COMMANDS.md,0F7DB1C600D03FDF4993A0887C4A651D76D818AC,298,8,158,181,LX-WS-0371-EVD-01,EVIDENCE,records/evidence/runs/LX-WS-0371-EVD-01_C35.md,D1AE01CA8414FE224B6B609C9FA7CC3687C120A9
LS-WS-0371,C35,audit/WS_C35_OPERATOR_VALIDATION_COMMANDS.md,0F7DB1C600D03FDF4993A0887C4A651D76D818AC,298,9,182,206,LX-WS-0371-EVD-01,EVIDENCE,records/evidence/runs/LX-WS-0371-EVD-01_C35.md,D1AE01CA8414FE224B6B609C9FA7CC3687C120A9
LS-WS-0371,C35,audit/WS_C35_OPERATOR_VALIDATION_COMMANDS.md,0F7DB1C600D03FDF4993A0887C4A651D76D818AC,298,10,207,228,LX-WS-0371-EVD-01,EVIDENCE,records/evidence/runs/LX-WS-0371-EVD-01_C35.md,D1AE01CA8414FE224B6B609C9FA7CC3687C120A9
LS-WS-0371,C35,audit/WS_C35_OPERATOR_VALIDATION_COMMANDS.md,0F7DB1C600D03FDF4993A0887C4A651D76D818AC,298,11,229,236,LX-WS-0371-EVD-01,EVIDENCE,records/evidence/runs/LX-WS-0371-EVD-01_C35.md,D1AE01CA8414FE224B6B609C9FA7CC3687C120A9
LS-WS-0371,C35,audit/WS_C35_OPERATOR_VALIDATION_COMMANDS.md,0F7DB1C600D03FDF4993A0887C4A651D76D818AC,298,12,237,244,LX-WS-0371-EVD-01,EVIDENCE,records/evidence/runs/LX-WS-0371-EVD-01_C35.md,D1AE01CA8414FE224B6B609C9FA7CC3687C120A9
LS-WS-0371,C35,audit/WS_C35_OPERATOR_VALIDATION_COMMANDS.md,0F7DB1C600D03FDF4993A0887C4A651D76D818AC,298,13,245,261,LX-WS-0371-RES-03,RESEARCH,records/history/archive/LX-WS-0371-RES-03_C35.md,D286656F32024967B1C342637CDBB9B2B90931C2
LS-WS-0371,C35,audit/WS_C35_OPERATOR_VALIDATION_COMMANDS.md,0F7DB1C600D03FDF4993A0887C4A651D76D818AC,298,14,262,278,LX-WS-0371-FND-02,FINDING,records/history/archive/LX-WS-0371-FND-02_C35.md,787D055EA2DDE5DEA4C8D1F92FC13EC3BDC0BA1A
LS-WS-0371,C35,audit/WS_C35_OPERATOR_VALIDATION_COMMANDS.md,0F7DB1C600D03FDF4993A0887C4A651D76D818AC,298,15,279,290,LX-WS-0371-EVD-01,EVIDENCE,records/evidence/runs/LX-WS-0371-EVD-01_C35.md,D1AE01CA8414FE224B6B609C9FA7CC3687C120A9
LS-WS-0371,C35,audit/WS_C35_OPERATOR_VALIDATION_COMMANDS.md,0F7DB1C600D03FDF4993A0887C4A651D76D818AC,298,16,291,298,LX-WS-0371-EVD-01,EVIDENCE,records/evidence/runs/LX-WS-0371-EVD-01_C35.md,D1AE01CA8414FE224B6B609C9FA7CC3687C120A9
LS-WS-0372,C36,audit/WS_C36_IS_CONTROLLED_REDESIGN_CANDIDATE_FORMATION.md,F85C7A7233CE04297289D730677CFDBE04177AD9,466,1,1,2,LX-WS-0372-CTX-04,CONTEXT,records/history/archive/LX-WS-0372-CTX-04_C36.md,EA869787B2A1E49E0683C7CC142F0967F17EAF1E
LS-WS-0372,C36,audit/WS_C36_IS_CONTROLLED_REDESIGN_CANDIDATE_FORMATION.md,F85C7A7233CE04297289D730677CFDBE04177AD9,466,2,3,8,LX-WS-0372-RES-03,RESEARCH,records/history/archive/LX-WS-0372-RES-03_C36.md,33E5984C05478794F473CFFFC9AD3FEE19E26607
LS-WS-0372,C36,audit/WS_C36_IS_CONTROLLED_REDESIGN_CANDIDATE_FORMATION.md,F85C7A7233CE04297289D730677CFDBE04177AD9,466,3,9,22,LX-WS-0372-RES-03,RESEARCH,records/history/archive/LX-WS-0372-RES-03_C36.md,33E5984C05478794F473CFFFC9AD3FEE19E26607
LS-WS-0372,C36,audit/WS_C36_IS_CONTROLLED_REDESIGN_CANDIDATE_FORMATION.md,F85C7A7233CE04297289D730677CFDBE04177AD9,466,4,23,58,LX-WS-0372-EVD-01,EVIDENCE,records/evidence/runs/LX-WS-0372-EVD-01_C36.md,95AB9D5CB9D0811785E3AA99754A09EA8F382963
LS-WS-0372,C36,audit/WS_C36_IS_CONTROLLED_REDESIGN_CANDIDATE_FORMATION.md,F85C7A7233CE04297289D730677CFDBE04177AD9,466,5,59,91,LX-WS-0372-RES-03,RESEARCH,records/history/archive/LX-WS-0372-RES-03_C36.md,33E5984C05478794F473CFFFC9AD3FEE19E26607
LS-WS-0372,C36,audit/WS_C36_IS_CONTROLLED_REDESIGN_CANDIDATE_FORMATION.md,F85C7A7233CE04297289D730677CFDBE04177AD9,466,6,92,95,LX-WS-0372-RES-03,RESEARCH,records/history/archive/LX-WS-0372-RES-03_C36.md,33E5984C05478794F473CFFFC9AD3FEE19E26607
LS-WS-0372,C36,audit/WS_C36_IS_CONTROLLED_REDESIGN_CANDIDATE_FORMATION.md,F85C7A7233CE04297289D730677CFDBE04177AD9,466,7,96,99,LX-WS-0372-RES-03,RESEARCH,records/history/archive/LX-WS-0372-RES-03_C36.md,33E5984C05478794F473CFFFC9AD3FEE19E26607
LS-WS-0372,C36,audit/WS_C36_IS_CONTROLLED_REDESIGN_CANDIDATE_FORMATION.md,F85C7A7233CE04297289D730677CFDBE04177AD9,466,8,100,136,LX-WS-0372-RES-03,RESEARCH,records/history/archive/LX-WS-0372-RES-03_C36.md,33E5984C05478794F473CFFFC9AD3FEE19E26607
LS-WS-0372,C36,audit/WS_C36_IS_CONTROLLED_REDESIGN_CANDIDATE_FORMATION.md,F85C7A7233CE04297289D730677CFDBE04177AD9,466,9,137,153,LX-WS-0372-RES-03,RESEARCH,records/history/archive/LX-WS-0372-RES-03_C36.md,33E5984C05478794F473CFFFC9AD3FEE19E26607
LS-WS-0372,C36,audit/WS_C36_IS_CONTROLLED_REDESIGN_CANDIDATE_FORMATION.md,F85C7A7233CE04297289D730677CFDBE04177AD9,466,10,154,174,LX-WS-0372-RES-03,RESEARCH,records/history/archive/LX-WS-0372-RES-03_C36.md,33E5984C05478794F473CFFFC9AD3FEE19E26607
LS-WS-0372,C36,audit/WS_C36_IS_CONTROLLED_REDESIGN_CANDIDATE_FORMATION.md,F85C7A7233CE04297289D730677CFDBE04177AD9,466,11,175,186,LX-WS-0372-RES-03,RESEARCH,records/history/archive/LX-WS-0372-RES-03_C36.md,33E5984C05478794F473CFFFC9AD3FEE19E26607
LS-WS-0372,C36,audit/WS_C36_IS_CONTROLLED_REDESIGN_CANDIDATE_FORMATION.md,F85C7A7233CE04297289D730677CFDBE04177AD9,466,12,187,197,LX-WS-0372-RES-03,RESEARCH,records/history/archive/LX-WS-0372-RES-03_C36.md,33E5984C05478794F473CFFFC9AD3FEE19E26607
LS-WS-0372,C36,audit/WS_C36_IS_CONTROLLED_REDESIGN_CANDIDATE_FORMATION.md,F85C7A7233CE04297289D730677CFDBE04177AD9,466,13,198,243,LX-WS-0372-EVD-01,EVIDENCE,records/evidence/runs/LX-WS-0372-EVD-01_C36.md,95AB9D5CB9D0811785E3AA99754A09EA8F382963
LS-WS-0372,C36,audit/WS_C36_IS_CONTROLLED_REDESIGN_CANDIDATE_FORMATION.md,F85C7A7233CE04297289D730677CFDBE04177AD9,466,14,244,261,LX-WS-0372-EVD-01,EVIDENCE,records/evidence/runs/LX-WS-0372-EVD-01_C36.md,95AB9D5CB9D0811785E3AA99754A09EA8F382963
LS-WS-0372,C36,audit/WS_C36_IS_CONTROLLED_REDESIGN_CANDIDATE_FORMATION.md,F85C7A7233CE04297289D730677CFDBE04177AD9,466,15,262,293,LX-WS-0372-RES-03,RESEARCH,records/history/archive/LX-WS-0372-RES-03_C36.md,33E5984C05478794F473CFFFC9AD3FEE19E26607
LS-WS-0372,C36,audit/WS_C36_IS_CONTROLLED_REDESIGN_CANDIDATE_FORMATION.md,F85C7A7233CE04297289D730677CFDBE04177AD9,466,16,294,304,LX-WS-0372-RES-03,RESEARCH,records/history/archive/LX-WS-0372-RES-03_C36.md,33E5984C05478794F473CFFFC9AD3FEE19E26607
LS-WS-0372,C36,audit/WS_C36_IS_CONTROLLED_REDESIGN_CANDIDATE_FORMATION.md,F85C7A7233CE04297289D730677CFDBE04177AD9,466,17,305,339,LX-WS-0372-RES-03,RESEARCH,records/history/archive/LX-WS-0372-RES-03_C36.md,33E5984C05478794F473CFFFC9AD3FEE19E26607
LS-WS-0372,C36,audit/WS_C36_IS_CONTROLLED_REDESIGN_CANDIDATE_FORMATION.md,F85C7A7233CE04297289D730677CFDBE04177AD9,466,18,340,373,LX-WS-0372-RES-03,RESEARCH,records/history/archive/LX-WS-0372-RES-03_C36.md,33E5984C05478794F473CFFFC9AD3FEE19E26607
LS-WS-0372,C36,audit/WS_C36_IS_CONTROLLED_REDESIGN_CANDIDATE_FORMATION.md,F85C7A7233CE04297289D730677CFDBE04177AD9,466,19,374,403,LX-WS-0372-RES-03,RESEARCH,records/history/archive/LX-WS-0372-RES-03_C36.md,33E5984C05478794F473CFFFC9AD3FEE19E26607
LS-WS-0372,C36,audit/WS_C36_IS_CONTROLLED_REDESIGN_CANDIDATE_FORMATION.md,F85C7A7233CE04297289D730677CFDBE04177AD9,466,20,404,421,LX-WS-0372-EVD-01,EVIDENCE,records/evidence/runs/LX-WS-0372-EVD-01_C36.md,95AB9D5CB9D0811785E3AA99754A09EA8F382963
LS-WS-0372,C36,audit/WS_C36_IS_CONTROLLED_REDESIGN_CANDIDATE_FORMATION.md,F85C7A7233CE04297289D730677CFDBE04177AD9,466,21,422,430,LX-WS-0372-FND-02,FINDING,records/history/archive/LX-WS-0372-FND-02_C36.md,C5F973BDD42DA4D628EF9079F0BA3DD69F0365CE
LS-WS-0372,C36,audit/WS_C36_IS_CONTROLLED_REDESIGN_CANDIDATE_FORMATION.md,F85C7A7233CE04297289D730677CFDBE04177AD9,466,22,431,453,LX-WS-0372-RES-03,RESEARCH,records/history/archive/LX-WS-0372-RES-03_C36.md,33E5984C05478794F473CFFFC9AD3FEE19E26607
LS-WS-0372,C36,audit/WS_C36_IS_CONTROLLED_REDESIGN_CANDIDATE_FORMATION.md,F85C7A7233CE04297289D730677CFDBE04177AD9,466,23,454,466,LX-WS-0372-RES-03,RESEARCH,records/history/archive/LX-WS-0372-RES-03_C36.md,33E5984C05478794F473CFFFC9AD3FEE19E26607
LS-WS-0373,C36,audit/WS_C36_OPERATOR_VALIDATION_COMMANDS.md,31D036BF9672112BE29EA84DFA70CD1E32DDD5FF,336,1,1,4,LX-WS-0373-CTX-03,CONTEXT,records/history/archive/LX-WS-0373-CTX-03_C36.md,BB29F9CDE7212F3E98F585811B595BE20534D061
LS-WS-0373,C36,audit/WS_C36_OPERATOR_VALIDATION_COMMANDS.md,31D036BF9672112BE29EA84DFA70CD1E32DDD5FF,336,2,5,23,LX-WS-0373-EVD-01,EVIDENCE,records/evidence/runs/LX-WS-0373-EVD-01_C36.md,0862835E4CB6E185700E5B45DE27145BADC5DF4D
LS-WS-0373,C36,audit/WS_C36_OPERATOR_VALIDATION_COMMANDS.md,31D036BF9672112BE29EA84DFA70CD1E32DDD5FF,336,3,24,42,LX-WS-0373-EVD-01,EVIDENCE,records/evidence/runs/LX-WS-0373-EVD-01_C36.md,0862835E4CB6E185700E5B45DE27145BADC5DF4D
LS-WS-0373,C36,audit/WS_C36_OPERATOR_VALIDATION_COMMANDS.md,31D036BF9672112BE29EA84DFA70CD1E32DDD5FF,336,4,43,90,LX-WS-0373-EVD-01,EVIDENCE,records/evidence/runs/LX-WS-0373-EVD-01_C36.md,0862835E4CB6E185700E5B45DE27145BADC5DF4D
LS-WS-0373,C36,audit/WS_C36_OPERATOR_VALIDATION_COMMANDS.md,31D036BF9672112BE29EA84DFA70CD1E32DDD5FF,336,5,91,109,LX-WS-0373-EVD-01,EVIDENCE,records/evidence/runs/LX-WS-0373-EVD-01_C36.md,0862835E4CB6E185700E5B45DE27145BADC5DF4D
LS-WS-0373,C36,audit/WS_C36_OPERATOR_VALIDATION_COMMANDS.md,31D036BF9672112BE29EA84DFA70CD1E32DDD5FF,336,6,110,121,LX-WS-0373-EVD-01,EVIDENCE,records/evidence/runs/LX-WS-0373-EVD-01_C36.md,0862835E4CB6E185700E5B45DE27145BADC5DF4D
LS-WS-0373,C36,audit/WS_C36_OPERATOR_VALIDATION_COMMANDS.md,31D036BF9672112BE29EA84DFA70CD1E32DDD5FF,336,7,122,137,LX-WS-0373-EVD-01,EVIDENCE,records/evidence/runs/LX-WS-0373-EVD-01_C36.md,0862835E4CB6E185700E5B45DE27145BADC5DF4D
LS-WS-0373,C36,audit/WS_C36_OPERATOR_VALIDATION_COMMANDS.md,31D036BF9672112BE29EA84DFA70CD1E32DDD5FF,336,8,138,153,LX-WS-0373-EVD-01,EVIDENCE,records/evidence/runs/LX-WS-0373-EVD-01_C36.md,0862835E4CB6E185700E5B45DE27145BADC5DF4D
LS-WS-0373,C36,audit/WS_C36_OPERATOR_VALIDATION_COMMANDS.md,31D036BF9672112BE29EA84DFA70CD1E32DDD5FF,336,9,154,159,LX-WS-0373-EVD-01,EVIDENCE,records/evidence/runs/LX-WS-0373-EVD-01_C36.md,0862835E4CB6E185700E5B45DE27145BADC5DF4D
LS-WS-0373,C36,audit/WS_C36_OPERATOR_VALIDATION_COMMANDS.md,31D036BF9672112BE29EA84DFA70CD1E32DDD5FF,336,10,160,165,LX-WS-0373-EVD-01,EVIDENCE,records/evidence/runs/LX-WS-0373-EVD-01_C36.md,0862835E4CB6E185700E5B45DE27145BADC5DF4D
LS-WS-0373,C36,audit/WS_C36_OPERATOR_VALIDATION_COMMANDS.md,31D036BF9672112BE29EA84DFA70CD1E32DDD5FF,336,11,166,190,LX-WS-0373-EVD-01,EVIDENCE,records/evidence/runs/LX-WS-0373-EVD-01_C36.md,0862835E4CB6E185700E5B45DE27145BADC5DF4D
LS-WS-0373,C36,audit/WS_C36_OPERATOR_VALIDATION_COMMANDS.md,31D036BF9672112BE29EA84DFA70CD1E32DDD5FF,336,12,191,207,LX-WS-0373-EVD-01,EVIDENCE,records/evidence/runs/LX-WS-0373-EVD-01_C36.md,0862835E4CB6E185700E5B45DE27145BADC5DF4D
LS-WS-0373,C36,audit/WS_C36_OPERATOR_VALIDATION_COMMANDS.md,31D036BF9672112BE29EA84DFA70CD1E32DDD5FF,336,13,208,224,LX-WS-0373-EVD-01,EVIDENCE,records/evidence/runs/LX-WS-0373-EVD-01_C36.md,0862835E4CB6E185700E5B45DE27145BADC5DF4D
LS-WS-0373,C36,audit/WS_C36_OPERATOR_VALIDATION_COMMANDS.md,31D036BF9672112BE29EA84DFA70CD1E32DDD5FF,336,14,225,240,LX-WS-0373-EVD-01,EVIDENCE,records/evidence/runs/LX-WS-0373-EVD-01_C36.md,0862835E4CB6E185700E5B45DE27145BADC5DF4D
LS-WS-0373,C36,audit/WS_C36_OPERATOR_VALIDATION_COMMANDS.md,31D036BF9672112BE29EA84DFA70CD1E32DDD5FF,336,15,241,260,LX-WS-0373-FND-02,FINDING,records/history/archive/LX-WS-0373-FND-02_C36.md,3F18FEB11366DB88885FC20B560E51150D75A150
LS-WS-0373,C36,audit/WS_C36_OPERATOR_VALIDATION_COMMANDS.md,31D036BF9672112BE29EA84DFA70CD1E32DDD5FF,336,16,261,271,LX-WS-0373-EVD-01,EVIDENCE,records/evidence/runs/LX-WS-0373-EVD-01_C36.md,0862835E4CB6E185700E5B45DE27145BADC5DF4D
LS-WS-0373,C36,audit/WS_C36_OPERATOR_VALIDATION_COMMANDS.md,31D036BF9672112BE29EA84DFA70CD1E32DDD5FF,336,17,272,336,LX-WS-0373-EVD-01,EVIDENCE,records/evidence/runs/LX-WS-0373-EVD-01_C36.md,0862835E4CB6E185700E5B45DE27145BADC5DF4D
LS-WS-0375,C37,audit/WS_C37_OPERATOR_VALIDATION_COMMANDS.md,5908572967B787DD8D7A4FA5FF6A6881BEBE05F1,316,1,1,4,LX-WS-0375-CTX-03,CONTEXT,records/history/archive/LX-WS-0375-CTX-03_C37.md,8B790CD5394C16BC5BE4A763A051D9D431581542
LS-WS-0375,C37,audit/WS_C37_OPERATOR_VALIDATION_COMMANDS.md,5908572967B787DD8D7A4FA5FF6A6881BEBE05F1,316,2,5,24,LX-WS-0375-EVD-01,EVIDENCE,records/evidence/runs/LX-WS-0375-EVD-01_C37.md,C80BC82620A900AFC40E1363428102A9F1426F41
LS-WS-0375,C37,audit/WS_C37_OPERATOR_VALIDATION_COMMANDS.md,5908572967B787DD8D7A4FA5FF6A6881BEBE05F1,316,3,25,44,LX-WS-0375-EVD-01,EVIDENCE,records/evidence/runs/LX-WS-0375-EVD-01_C37.md,C80BC82620A900AFC40E1363428102A9F1426F41
LS-WS-0375,C37,audit/WS_C37_OPERATOR_VALIDATION_COMMANDS.md,5908572967B787DD8D7A4FA5FF6A6881BEBE05F1,316,4,45,85,LX-WS-0375-EVD-01,EVIDENCE,records/evidence/runs/LX-WS-0375-EVD-01_C37.md,C80BC82620A900AFC40E1363428102A9F1426F41
LS-WS-0375,C37,audit/WS_C37_OPERATOR_VALIDATION_COMMANDS.md,5908572967B787DD8D7A4FA5FF6A6881BEBE05F1,316,5,86,104,LX-WS-0375-EVD-01,EVIDENCE,records/evidence/runs/LX-WS-0375-EVD-01_C37.md,C80BC82620A900AFC40E1363428102A9F1426F41
LS-WS-0375,C37,audit/WS_C37_OPERATOR_VALIDATION_COMMANDS.md,5908572967B787DD8D7A4FA5FF6A6881BEBE05F1,316,6,105,116,LX-WS-0375-EVD-01,EVIDENCE,records/evidence/runs/LX-WS-0375-EVD-01_C37.md,C80BC82620A900AFC40E1363428102A9F1426F41
LS-WS-0375,C37,audit/WS_C37_OPERATOR_VALIDATION_COMMANDS.md,5908572967B787DD8D7A4FA5FF6A6881BEBE05F1,316,7,117,122,LX-WS-0375-EVD-01,EVIDENCE,records/evidence/runs/LX-WS-0375-EVD-01_C37.md,C80BC82620A900AFC40E1363428102A9F1426F41
LS-WS-0375,C37,audit/WS_C37_OPERATOR_VALIDATION_COMMANDS.md,5908572967B787DD8D7A4FA5FF6A6881BEBE05F1,316,8,123,128,LX-WS-0375-EVD-01,EVIDENCE,records/evidence/runs/LX-WS-0375-EVD-01_C37.md,C80BC82620A900AFC40E1363428102A9F1426F41
LS-WS-0375,C37,audit/WS_C37_OPERATOR_VALIDATION_COMMANDS.md,5908572967B787DD8D7A4FA5FF6A6881BEBE05F1,316,9,129,134,LX-WS-0375-EVD-01,EVIDENCE,records/evidence/runs/LX-WS-0375-EVD-01_C37.md,C80BC82620A900AFC40E1363428102A9F1426F41
LS-WS-0375,C37,audit/WS_C37_OPERATOR_VALIDATION_COMMANDS.md,5908572967B787DD8D7A4FA5FF6A6881BEBE05F1,316,10,135,141,LX-WS-0375-EVD-01,EVIDENCE,records/evidence/runs/LX-WS-0375-EVD-01_C37.md,C80BC82620A900AFC40E1363428102A9F1426F41
LS-WS-0375,C37,audit/WS_C37_OPERATOR_VALIDATION_COMMANDS.md,5908572967B787DD8D7A4FA5FF6A6881BEBE05F1,316,11,142,159,LX-WS-0375-EVD-01,EVIDENCE,records/evidence/runs/LX-WS-0375-EVD-01_C37.md,C80BC82620A900AFC40E1363428102A9F1426F41
LS-WS-0375,C37,audit/WS_C37_OPERATOR_VALIDATION_COMMANDS.md,5908572967B787DD8D7A4FA5FF6A6881BEBE05F1,316,12,160,180,LX-WS-0375-EVD-01,EVIDENCE,records/evidence/runs/LX-WS-0375-EVD-01_C37.md,C80BC82620A900AFC40E1363428102A9F1426F41
LS-WS-0375,C37,audit/WS_C37_OPERATOR_VALIDATION_COMMANDS.md,5908572967B787DD8D7A4FA5FF6A6881BEBE05F1,316,13,181,187,LX-WS-0375-EVD-01,EVIDENCE,records/evidence/runs/LX-WS-0375-EVD-01_C37.md,C80BC82620A900AFC40E1363428102A9F1426F41
LS-WS-0375,C37,audit/WS_C37_OPERATOR_VALIDATION_COMMANDS.md,5908572967B787DD8D7A4FA5FF6A6881BEBE05F1,316,14,188,194,LX-WS-0375-EVD-01,EVIDENCE,records/evidence/runs/LX-WS-0375-EVD-01_C37.md,C80BC82620A900AFC40E1363428102A9F1426F41
LS-WS-0375,C37,audit/WS_C37_OPERATOR_VALIDATION_COMMANDS.md,5908572967B787DD8D7A4FA5FF6A6881BEBE05F1,316,15,195,200,LX-WS-0375-EVD-01,EVIDENCE,records/evidence/runs/LX-WS-0375-EVD-01_C37.md,C80BC82620A900AFC40E1363428102A9F1426F41
LS-WS-0375,C37,audit/WS_C37_OPERATOR_VALIDATION_COMMANDS.md,5908572967B787DD8D7A4FA5FF6A6881BEBE05F1,316,16,201,206,LX-WS-0375-EVD-01,EVIDENCE,records/evidence/runs/LX-WS-0375-EVD-01_C37.md,C80BC82620A900AFC40E1363428102A9F1426F41
LS-WS-0375,C37,audit/WS_C37_OPERATOR_VALIDATION_COMMANDS.md,5908572967B787DD8D7A4FA5FF6A6881BEBE05F1,316,17,207,212,LX-WS-0375-EVD-01,EVIDENCE,records/evidence/runs/LX-WS-0375-EVD-01_C37.md,C80BC82620A900AFC40E1363428102A9F1426F41
LS-WS-0375,C37,audit/WS_C37_OPERATOR_VALIDATION_COMMANDS.md,5908572967B787DD8D7A4FA5FF6A6881BEBE05F1,316,18,213,218,LX-WS-0375-EVD-01,EVIDENCE,records/evidence/runs/LX-WS-0375-EVD-01_C37.md,C80BC82620A900AFC40E1363428102A9F1426F41
LS-WS-0375,C37,audit/WS_C37_OPERATOR_VALIDATION_COMMANDS.md,5908572967B787DD8D7A4FA5FF6A6881BEBE05F1,316,19,219,238,LX-WS-0375-EVD-01,EVIDENCE,records/evidence/runs/LX-WS-0375-EVD-01_C37.md,C80BC82620A900AFC40E1363428102A9F1426F41
LS-WS-0375,C37,audit/WS_C37_OPERATOR_VALIDATION_COMMANDS.md,5908572967B787DD8D7A4FA5FF6A6881BEBE05F1,316,20,239,244,LX-WS-0375-EVD-01,EVIDENCE,records/evidence/runs/LX-WS-0375-EVD-01_C37.md,C80BC82620A900AFC40E1363428102A9F1426F41
LS-WS-0375,C37,audit/WS_C37_OPERATOR_VALIDATION_COMMANDS.md,5908572967B787DD8D7A4FA5FF6A6881BEBE05F1,316,21,245,264,LX-WS-0375-EVD-01,EVIDENCE,records/evidence/runs/LX-WS-0375-EVD-01_C37.md,C80BC82620A900AFC40E1363428102A9F1426F41
LS-WS-0375,C37,audit/WS_C37_OPERATOR_VALIDATION_COMMANDS.md,5908572967B787DD8D7A4FA5FF6A6881BEBE05F1,316,22,265,272,LX-WS-0375-EVD-01,EVIDENCE,records/evidence/runs/LX-WS-0375-EVD-01_C37.md,C80BC82620A900AFC40E1363428102A9F1426F41
LS-WS-0375,C37,audit/WS_C37_OPERATOR_VALIDATION_COMMANDS.md,5908572967B787DD8D7A4FA5FF6A6881BEBE05F1,316,23,273,290,LX-WS-0375-FND-02,FINDING,records/history/archive/LX-WS-0375-FND-02_C37.md,35D1EDA77A85033201B5BE121EC225D51A09F06C
LS-WS-0375,C37,audit/WS_C37_OPERATOR_VALIDATION_COMMANDS.md,5908572967B787DD8D7A4FA5FF6A6881BEBE05F1,316,24,291,298,LX-WS-0375-EVD-01,EVIDENCE,records/evidence/runs/LX-WS-0375-EVD-01_C37.md,C80BC82620A900AFC40E1363428102A9F1426F41
LS-WS-0375,C37,audit/WS_C37_OPERATOR_VALIDATION_COMMANDS.md,5908572967B787DD8D7A4FA5FF6A6881BEBE05F1,316,25,299,316,LX-WS-0375-EVD-01,EVIDENCE,records/evidence/runs/LX-WS-0375-EVD-01_C37.md,C80BC82620A900AFC40E1363428102A9F1426F41
LS-WS-0376,C38,audit/WS_C38_IS_REDESIGN_OR_EVIDENCE_EXPANSION_DIAGNOSTIC.md,B61E7127DC61A8489A347F37A521EF5908F66513,235,1,1,2,LX-WS-0376-CTX-04,CONTEXT,records/history/archive/LX-WS-0376-CTX-04_C38.md,CA5DE2B86738AFECDAEEF9D2F4E7030C2A15C0DF
LS-WS-0376,C38,audit/WS_C38_IS_REDESIGN_OR_EVIDENCE_EXPANSION_DIAGNOSTIC.md,B61E7127DC61A8489A347F37A521EF5908F66513,235,2,3,8,LX-WS-0376-FND-02,FINDING,records/history/archive/LX-WS-0376-FND-02_C38.md,86B66D2096AC9CF8F04634244DA3015F82C740E6
LS-WS-0376,C38,audit/WS_C38_IS_REDESIGN_OR_EVIDENCE_EXPANSION_DIAGNOSTIC.md,B61E7127DC61A8489A347F37A521EF5908F66513,235,3,9,22,LX-WS-0376-EVD-01,EVIDENCE,records/evidence/runs/LX-WS-0376-EVD-01_C38.md,97A354BF8DB0BB64609485242E93BD1A3B2758F3
LS-WS-0376,C38,audit/WS_C38_IS_REDESIGN_OR_EVIDENCE_EXPANSION_DIAGNOSTIC.md,B61E7127DC61A8489A347F37A521EF5908F66513,235,4,23,34,LX-WS-0376-EVD-01,EVIDENCE,records/evidence/runs/LX-WS-0376-EVD-01_C38.md,97A354BF8DB0BB64609485242E93BD1A3B2758F3
LS-WS-0376,C38,audit/WS_C38_IS_REDESIGN_OR_EVIDENCE_EXPANSION_DIAGNOSTIC.md,B61E7127DC61A8489A347F37A521EF5908F66513,235,5,35,55,LX-WS-0376-FND-02,FINDING,records/history/archive/LX-WS-0376-FND-02_C38.md,86B66D2096AC9CF8F04634244DA3015F82C740E6
LS-WS-0376,C38,audit/WS_C38_IS_REDESIGN_OR_EVIDENCE_EXPANSION_DIAGNOSTIC.md,B61E7127DC61A8489A347F37A521EF5908F66513,235,6,56,65,LX-WS-0376-FND-02,FINDING,records/history/archive/LX-WS-0376-FND-02_C38.md,86B66D2096AC9CF8F04634244DA3015F82C740E6
LS-WS-0376,C38,audit/WS_C38_IS_REDESIGN_OR_EVIDENCE_EXPANSION_DIAGNOSTIC.md,B61E7127DC61A8489A347F37A521EF5908F66513,235,7,66,73,LX-WS-0376-FND-02,FINDING,records/history/archive/LX-WS-0376-FND-02_C38.md,86B66D2096AC9CF8F04634244DA3015F82C740E6
LS-WS-0376,C38,audit/WS_C38_IS_REDESIGN_OR_EVIDENCE_EXPANSION_DIAGNOSTIC.md,B61E7127DC61A8489A347F37A521EF5908F66513,235,8,74,95,LX-WS-0376-FND-02,FINDING,records/history/archive/LX-WS-0376-FND-02_C38.md,86B66D2096AC9CF8F04634244DA3015F82C740E6
LS-WS-0376,C38,audit/WS_C38_IS_REDESIGN_OR_EVIDENCE_EXPANSION_DIAGNOSTIC.md,B61E7127DC61A8489A347F37A521EF5908F66513,235,9,96,115,LX-WS-0376-FND-02,FINDING,records/history/archive/LX-WS-0376-FND-02_C38.md,86B66D2096AC9CF8F04634244DA3015F82C740E6
LS-WS-0376,C38,audit/WS_C38_IS_REDESIGN_OR_EVIDENCE_EXPANSION_DIAGNOSTIC.md,B61E7127DC61A8489A347F37A521EF5908F66513,235,10,116,132,LX-WS-0376-FND-02,FINDING,records/history/archive/LX-WS-0376-FND-02_C38.md,86B66D2096AC9CF8F04634244DA3015F82C740E6
LS-WS-0376,C38,audit/WS_C38_IS_REDESIGN_OR_EVIDENCE_EXPANSION_DIAGNOSTIC.md,B61E7127DC61A8489A347F37A521EF5908F66513,235,11,133,144,LX-WS-0376-FND-02,FINDING,records/history/archive/LX-WS-0376-FND-02_C38.md,86B66D2096AC9CF8F04634244DA3015F82C740E6
LS-WS-0376,C38,audit/WS_C38_IS_REDESIGN_OR_EVIDENCE_EXPANSION_DIAGNOSTIC.md,B61E7127DC61A8489A347F37A521EF5908F66513,235,12,145,162,LX-WS-0376-EVD-01,EVIDENCE,records/evidence/runs/LX-WS-0376-EVD-01_C38.md,97A354BF8DB0BB64609485242E93BD1A3B2758F3
LS-WS-0376,C38,audit/WS_C38_IS_REDESIGN_OR_EVIDENCE_EXPANSION_DIAGNOSTIC.md,B61E7127DC61A8489A347F37A521EF5908F66513,235,13,163,172,LX-WS-0376-RES-03,RESEARCH,records/history/archive/LX-WS-0376-RES-03_C38.md,AFB698BCDB597AB159C1AB7745CB8CA06753E069
LS-WS-0376,C38,audit/WS_C38_IS_REDESIGN_OR_EVIDENCE_EXPANSION_DIAGNOSTIC.md,B61E7127DC61A8489A347F37A521EF5908F66513,235,14,173,187,LX-WS-0376-FND-02,FINDING,records/history/archive/LX-WS-0376-FND-02_C38.md,86B66D2096AC9CF8F04634244DA3015F82C740E6
LS-WS-0376,C38,audit/WS_C38_IS_REDESIGN_OR_EVIDENCE_EXPANSION_DIAGNOSTIC.md,B61E7127DC61A8489A347F37A521EF5908F66513,235,15,188,207,LX-WS-0376-FND-02,FINDING,records/history/archive/LX-WS-0376-FND-02_C38.md,86B66D2096AC9CF8F04634244DA3015F82C740E6
LS-WS-0376,C38,audit/WS_C38_IS_REDESIGN_OR_EVIDENCE_EXPANSION_DIAGNOSTIC.md,B61E7127DC61A8489A347F37A521EF5908F66513,235,16,208,224,LX-WS-0376-EVD-01,EVIDENCE,records/evidence/runs/LX-WS-0376-EVD-01_C38.md,97A354BF8DB0BB64609485242E93BD1A3B2758F3
LS-WS-0376,C38,audit/WS_C38_IS_REDESIGN_OR_EVIDENCE_EXPANSION_DIAGNOSTIC.md,B61E7127DC61A8489A347F37A521EF5908F66513,235,17,225,235,LX-WS-0376-FND-02,FINDING,records/history/archive/LX-WS-0376-FND-02_C38.md,86B66D2096AC9CF8F04634244DA3015F82C740E6
LS-WS-0377,C38,audit/WS_C38_OPERATOR_VALIDATION_COMMANDS.md,31872816DFC49F9DDA8A5866D0FB2DEABDEEED01,263,1,1,4,LX-WS-0377-CTX-04,CONTEXT,records/history/archive/LX-WS-0377-CTX-04_C38.md,5831C263098983899F7E920CC7C48DC46309276C
LS-WS-0377,C38,audit/WS_C38_OPERATOR_VALIDATION_COMMANDS.md,31872816DFC49F9DDA8A5866D0FB2DEABDEEED01,263,2,5,24,LX-WS-0377-EVD-01,EVIDENCE,records/evidence/runs/LX-WS-0377-EVD-01_C38.md,CAD191C222492289E9E53515E96133C96EF08CEA
LS-WS-0377,C38,audit/WS_C38_OPERATOR_VALIDATION_COMMANDS.md,31872816DFC49F9DDA8A5866D0FB2DEABDEEED01,263,3,25,44,LX-WS-0377-EVD-01,EVIDENCE,records/evidence/runs/LX-WS-0377-EVD-01_C38.md,CAD191C222492289E9E53515E96133C96EF08CEA
LS-WS-0377,C38,audit/WS_C38_OPERATOR_VALIDATION_COMMANDS.md,31872816DFC49F9DDA8A5866D0FB2DEABDEEED01,263,4,45,84,LX-WS-0377-EVD-01,EVIDENCE,records/evidence/runs/LX-WS-0377-EVD-01_C38.md,CAD191C222492289E9E53515E96133C96EF08CEA
LS-WS-0377,C38,audit/WS_C38_OPERATOR_VALIDATION_COMMANDS.md,31872816DFC49F9DDA8A5866D0FB2DEABDEEED01,263,5,85,103,LX-WS-0377-EVD-01,EVIDENCE,records/evidence/runs/LX-WS-0377-EVD-01_C38.md,CAD191C222492289E9E53515E96133C96EF08CEA
LS-WS-0377,C38,audit/WS_C38_OPERATOR_VALIDATION_COMMANDS.md,31872816DFC49F9DDA8A5866D0FB2DEABDEEED01,263,6,104,116,LX-WS-0377-EVD-01,EVIDENCE,records/evidence/runs/LX-WS-0377-EVD-01_C38.md,CAD191C222492289E9E53515E96133C96EF08CEA
LS-WS-0377,C38,audit/WS_C38_OPERATOR_VALIDATION_COMMANDS.md,31872816DFC49F9DDA8A5866D0FB2DEABDEEED01,263,7,117,122,LX-WS-0377-EVD-01,EVIDENCE,records/evidence/runs/LX-WS-0377-EVD-01_C38.md,CAD191C222492289E9E53515E96133C96EF08CEA
LS-WS-0377,C38,audit/WS_C38_OPERATOR_VALIDATION_COMMANDS.md,31872816DFC49F9DDA8A5866D0FB2DEABDEEED01,263,8,123,128,LX-WS-0377-EVD-01,EVIDENCE,records/evidence/runs/LX-WS-0377-EVD-01_C38.md,CAD191C222492289E9E53515E96133C96EF08CEA
LS-WS-0377,C38,audit/WS_C38_OPERATOR_VALIDATION_COMMANDS.md,31872816DFC49F9DDA8A5866D0FB2DEABDEEED01,263,9,129,147,LX-WS-0377-FND-02,FINDING,records/history/archive/LX-WS-0377-FND-02_C38.md,79DBE4AA65D8E74A4376BB784120505B4067018E
LS-WS-0377,C38,audit/WS_C38_OPERATOR_VALIDATION_COMMANDS.md,31872816DFC49F9DDA8A5866D0FB2DEABDEEED01,263,10,148,153,LX-WS-0377-FND-02,FINDING,records/history/archive/LX-WS-0377-FND-02_C38.md,79DBE4AA65D8E74A4376BB784120505B4067018E
LS-WS-0377,C38,audit/WS_C38_OPERATOR_VALIDATION_COMMANDS.md,31872816DFC49F9DDA8A5866D0FB2DEABDEEED01,263,11,154,173,LX-WS-0377-FND-02,FINDING,records/history/archive/LX-WS-0377-FND-02_C38.md,79DBE4AA65D8E74A4376BB784120505B4067018E
LS-WS-0377,C38,audit/WS_C38_OPERATOR_VALIDATION_COMMANDS.md,31872816DFC49F9DDA8A5866D0FB2DEABDEEED01,263,12,174,183,LX-WS-0377-FND-02,FINDING,records/history/archive/LX-WS-0377-FND-02_C38.md,79DBE4AA65D8E74A4376BB784120505B4067018E
LS-WS-0377,C38,audit/WS_C38_OPERATOR_VALIDATION_COMMANDS.md,31872816DFC49F9DDA8A5866D0FB2DEABDEEED01,263,13,184,191,LX-WS-0377-EVD-01,EVIDENCE,records/evidence/runs/LX-WS-0377-EVD-01_C38.md,CAD191C222492289E9E53515E96133C96EF08CEA
LS-WS-0377,C38,audit/WS_C38_OPERATOR_VALIDATION_COMMANDS.md,31872816DFC49F9DDA8A5866D0FB2DEABDEEED01,263,14,192,199,LX-WS-0377-RES-03,RESEARCH,records/history/archive/LX-WS-0377-RES-03_C38.md,2F955020D5488C5D03867FF867B65D7BDF7F918E
LS-WS-0377,C38,audit/WS_C38_OPERATOR_VALIDATION_COMMANDS.md,31872816DFC49F9DDA8A5866D0FB2DEABDEEED01,263,15,200,205,LX-WS-0377-EVD-01,EVIDENCE,records/evidence/runs/LX-WS-0377-EVD-01_C38.md,CAD191C222492289E9E53515E96133C96EF08CEA
LS-WS-0377,C38,audit/WS_C38_OPERATOR_VALIDATION_COMMANDS.md,31872816DFC49F9DDA8A5866D0FB2DEABDEEED01,263,16,206,224,LX-WS-0377-EVD-01,EVIDENCE,records/evidence/runs/LX-WS-0377-EVD-01_C38.md,CAD191C222492289E9E53515E96133C96EF08CEA
LS-WS-0377,C38,audit/WS_C38_OPERATOR_VALIDATION_COMMANDS.md,31872816DFC49F9DDA8A5866D0FB2DEABDEEED01,263,17,225,237,LX-WS-0377-FND-02,FINDING,records/history/archive/LX-WS-0377-FND-02_C38.md,79DBE4AA65D8E74A4376BB784120505B4067018E
LS-WS-0377,C38,audit/WS_C38_OPERATOR_VALIDATION_COMMANDS.md,31872816DFC49F9DDA8A5866D0FB2DEABDEEED01,263,18,238,245,LX-WS-0377-EVD-01,EVIDENCE,records/evidence/runs/LX-WS-0377-EVD-01_C38.md,CAD191C222492289E9E53515E96133C96EF08CEA
LS-WS-0377,C38,audit/WS_C38_OPERATOR_VALIDATION_COMMANDS.md,31872816DFC49F9DDA8A5866D0FB2DEABDEEED01,263,19,246,263,LX-WS-0377-EVD-01,EVIDENCE,records/evidence/runs/LX-WS-0377-EVD-01_C38.md,CAD191C222492289E9E53515E96133C96EF08CEA
LS-WS-0382,C41,audit/WS_C41_IS_REVIEW_OR_EVIDENCE_EXPANSION_BEFORE_OOS.md,4160B6C68056E97AD42059DD9359ED7EFAD1A638,152,1,1,2,LX-WS-0382-CTX-03,CONTEXT,records/history/archive/LX-WS-0382-CTX-03_C41.md,999BBFFEBCE36EE99C6EEFFDBA35E6F7D0E084D4
LS-WS-0382,C41,audit/WS_C41_IS_REVIEW_OR_EVIDENCE_EXPANSION_BEFORE_OOS.md,4160B6C68056E97AD42059DD9359ED7EFAD1A638,152,2,3,8,LX-WS-0382-EVD-01,EVIDENCE,records/evidence/runs/LX-WS-0382-EVD-01_C41.md,897CD521588A72F7C05CE8B5B98313393E1CAC59
LS-WS-0382,C41,audit/WS_C41_IS_REVIEW_OR_EVIDENCE_EXPANSION_BEFORE_OOS.md,4160B6C68056E97AD42059DD9359ED7EFAD1A638,152,3,9,21,LX-WS-0382-EVD-01,EVIDENCE,records/evidence/runs/LX-WS-0382-EVD-01_C41.md,897CD521588A72F7C05CE8B5B98313393E1CAC59
LS-WS-0382,C41,audit/WS_C41_IS_REVIEW_OR_EVIDENCE_EXPANSION_BEFORE_OOS.md,4160B6C68056E97AD42059DD9359ED7EFAD1A638,152,4,22,33,LX-WS-0382-EVD-01,EVIDENCE,records/evidence/runs/LX-WS-0382-EVD-01_C41.md,897CD521588A72F7C05CE8B5B98313393E1CAC59
LS-WS-0382,C41,audit/WS_C41_IS_REVIEW_OR_EVIDENCE_EXPANSION_BEFORE_OOS.md,4160B6C68056E97AD42059DD9359ED7EFAD1A638,152,5,34,44,LX-WS-0382-EVD-01,EVIDENCE,records/evidence/runs/LX-WS-0382-EVD-01_C41.md,897CD521588A72F7C05CE8B5B98313393E1CAC59
LS-WS-0382,C41,audit/WS_C41_IS_REVIEW_OR_EVIDENCE_EXPANSION_BEFORE_OOS.md,4160B6C68056E97AD42059DD9359ED7EFAD1A638,152,6,45,65,LX-WS-0382-EVD-01,EVIDENCE,records/evidence/runs/LX-WS-0382-EVD-01_C41.md,897CD521588A72F7C05CE8B5B98313393E1CAC59
LS-WS-0382,C41,audit/WS_C41_IS_REVIEW_OR_EVIDENCE_EXPANSION_BEFORE_OOS.md,4160B6C68056E97AD42059DD9359ED7EFAD1A638,152,7,66,80,LX-WS-0382-FND-02,FINDING,records/history/archive/LX-WS-0382-FND-02_C41.md,C2EC22186FF6CBFB6B16A5D34E1367D4D246D483
LS-WS-0382,C41,audit/WS_C41_IS_REVIEW_OR_EVIDENCE_EXPANSION_BEFORE_OOS.md,4160B6C68056E97AD42059DD9359ED7EFAD1A638,152,8,81,97,LX-WS-0382-EVD-01,EVIDENCE,records/evidence/runs/LX-WS-0382-EVD-01_C41.md,897CD521588A72F7C05CE8B5B98313393E1CAC59
LS-WS-0382,C41,audit/WS_C41_IS_REVIEW_OR_EVIDENCE_EXPANSION_BEFORE_OOS.md,4160B6C68056E97AD42059DD9359ED7EFAD1A638,152,9,98,113,LX-WS-0382-EVD-01,EVIDENCE,records/evidence/runs/LX-WS-0382-EVD-01_C41.md,897CD521588A72F7C05CE8B5B98313393E1CAC59
LS-WS-0382,C41,audit/WS_C41_IS_REVIEW_OR_EVIDENCE_EXPANSION_BEFORE_OOS.md,4160B6C68056E97AD42059DD9359ED7EFAD1A638,152,10,114,139,LX-WS-0382-EVD-01,EVIDENCE,records/evidence/runs/LX-WS-0382-EVD-01_C41.md,897CD521588A72F7C05CE8B5B98313393E1CAC59
LS-WS-0382,C41,audit/WS_C41_IS_REVIEW_OR_EVIDENCE_EXPANSION_BEFORE_OOS.md,4160B6C68056E97AD42059DD9359ED7EFAD1A638,152,11,140,149,LX-WS-0382-EVD-01,EVIDENCE,records/evidence/runs/LX-WS-0382-EVD-01_C41.md,897CD521588A72F7C05CE8B5B98313393E1CAC59
LS-WS-0382,C41,audit/WS_C41_IS_REVIEW_OR_EVIDENCE_EXPANSION_BEFORE_OOS.md,4160B6C68056E97AD42059DD9359ED7EFAD1A638,152,12,150,152,LX-WS-0382-EVD-01,EVIDENCE,records/evidence/runs/LX-WS-0382-EVD-01_C41.md,897CD521588A72F7C05CE8B5B98313393E1CAC59
LS-WS-0384,C42,audit/WS_C42_IS_ROLLING_NORMAL_MONTH_EVIDENCE_EXPANSION.md,A861D928F73F2FE87273065135E7AFE2D11D08E6,287,1,1,2,LX-WS-0384-CTX-03,CONTEXT,records/history/archive/LX-WS-0384-CTX-03_C42.md,5CFA2981C650927B155393852570F575CD4451E4
LS-WS-0384,C42,audit/WS_C42_IS_ROLLING_NORMAL_MONTH_EVIDENCE_EXPANSION.md,A861D928F73F2FE87273065135E7AFE2D11D08E6,287,2,3,8,LX-WS-0384-EVD-01,EVIDENCE,records/evidence/runs/LX-WS-0384-EVD-01_C42.md,B1182C28EAF3C2470F6F417B4A502C5628387AA4
LS-WS-0384,C42,audit/WS_C42_IS_ROLLING_NORMAL_MONTH_EVIDENCE_EXPANSION.md,A861D928F73F2FE87273065135E7AFE2D11D08E6,287,3,9,18,LX-WS-0384-EVD-01,EVIDENCE,records/evidence/runs/LX-WS-0384-EVD-01_C42.md,B1182C28EAF3C2470F6F417B4A502C5628387AA4
LS-WS-0384,C42,audit/WS_C42_IS_ROLLING_NORMAL_MONTH_EVIDENCE_EXPANSION.md,A861D928F73F2FE87273065135E7AFE2D11D08E6,287,4,19,36,LX-WS-0384-EVD-01,EVIDENCE,records/evidence/runs/LX-WS-0384-EVD-01_C42.md,B1182C28EAF3C2470F6F417B4A502C5628387AA4
LS-WS-0384,C42,audit/WS_C42_IS_ROLLING_NORMAL_MONTH_EVIDENCE_EXPANSION.md,A861D928F73F2FE87273065135E7AFE2D11D08E6,287,5,37,63,LX-WS-0384-EVD-01,EVIDENCE,records/evidence/runs/LX-WS-0384-EVD-01_C42.md,B1182C28EAF3C2470F6F417B4A502C5628387AA4
LS-WS-0384,C42,audit/WS_C42_IS_ROLLING_NORMAL_MONTH_EVIDENCE_EXPANSION.md,A861D928F73F2FE87273065135E7AFE2D11D08E6,287,6,64,73,LX-WS-0384-EVD-01,EVIDENCE,records/evidence/runs/LX-WS-0384-EVD-01_C42.md,B1182C28EAF3C2470F6F417B4A502C5628387AA4
LS-WS-0384,C42,audit/WS_C42_IS_ROLLING_NORMAL_MONTH_EVIDENCE_EXPANSION.md,A861D928F73F2FE87273065135E7AFE2D11D08E6,287,7,74,82,LX-WS-0384-EVD-01,EVIDENCE,records/evidence/runs/LX-WS-0384-EVD-01_C42.md,B1182C28EAF3C2470F6F417B4A502C5628387AA4
LS-WS-0384,C42,audit/WS_C42_IS_ROLLING_NORMAL_MONTH_EVIDENCE_EXPANSION.md,A861D928F73F2FE87273065135E7AFE2D11D08E6,287,8,83,106,LX-WS-0384-EVD-01,EVIDENCE,records/evidence/runs/LX-WS-0384-EVD-01_C42.md,B1182C28EAF3C2470F6F417B4A502C5628387AA4
LS-WS-0384,C42,audit/WS_C42_IS_ROLLING_NORMAL_MONTH_EVIDENCE_EXPANSION.md,A861D928F73F2FE87273065135E7AFE2D11D08E6,287,9,107,120,LX-WS-0384-EVD-01,EVIDENCE,records/evidence/runs/LX-WS-0384-EVD-01_C42.md,B1182C28EAF3C2470F6F417B4A502C5628387AA4
LS-WS-0384,C42,audit/WS_C42_IS_ROLLING_NORMAL_MONTH_EVIDENCE_EXPANSION.md,A861D928F73F2FE87273065135E7AFE2D11D08E6,287,10,121,138,LX-WS-0384-EVD-01,EVIDENCE,records/evidence/runs/LX-WS-0384-EVD-01_C42.md,B1182C28EAF3C2470F6F417B4A502C5628387AA4
LS-WS-0384,C42,audit/WS_C42_IS_ROLLING_NORMAL_MONTH_EVIDENCE_EXPANSION.md,A861D928F73F2FE87273065135E7AFE2D11D08E6,287,11,139,149,LX-WS-0384-EVD-01,EVIDENCE,records/evidence/runs/LX-WS-0384-EVD-01_C42.md,B1182C28EAF3C2470F6F417B4A502C5628387AA4
LS-WS-0384,C42,audit/WS_C42_IS_ROLLING_NORMAL_MONTH_EVIDENCE_EXPANSION.md,A861D928F73F2FE87273065135E7AFE2D11D08E6,287,12,150,164,LX-WS-0384-EVD-01,EVIDENCE,records/evidence/runs/LX-WS-0384-EVD-01_C42.md,B1182C28EAF3C2470F6F417B4A502C5628387AA4
LS-WS-0384,C42,audit/WS_C42_IS_ROLLING_NORMAL_MONTH_EVIDENCE_EXPANSION.md,A861D928F73F2FE87273065135E7AFE2D11D08E6,287,13,165,175,LX-WS-0384-EVD-01,EVIDENCE,records/evidence/runs/LX-WS-0384-EVD-01_C42.md,B1182C28EAF3C2470F6F417B4A502C5628387AA4
LS-WS-0384,C42,audit/WS_C42_IS_ROLLING_NORMAL_MONTH_EVIDENCE_EXPANSION.md,A861D928F73F2FE87273065135E7AFE2D11D08E6,287,14,176,179,LX-WS-0384-EVD-01,EVIDENCE,records/evidence/runs/LX-WS-0384-EVD-01_C42.md,B1182C28EAF3C2470F6F417B4A502C5628387AA4
LS-WS-0384,C42,audit/WS_C42_IS_ROLLING_NORMAL_MONTH_EVIDENCE_EXPANSION.md,A861D928F73F2FE87273065135E7AFE2D11D08E6,287,15,180,191,LX-WS-0384-EVD-01,EVIDENCE,records/evidence/runs/LX-WS-0384-EVD-01_C42.md,B1182C28EAF3C2470F6F417B4A502C5628387AA4
LS-WS-0384,C42,audit/WS_C42_IS_ROLLING_NORMAL_MONTH_EVIDENCE_EXPANSION.md,A861D928F73F2FE87273065135E7AFE2D11D08E6,287,16,192,205,LX-WS-0384-EVD-01,EVIDENCE,records/evidence/runs/LX-WS-0384-EVD-01_C42.md,B1182C28EAF3C2470F6F417B4A502C5628387AA4
LS-WS-0384,C42,audit/WS_C42_IS_ROLLING_NORMAL_MONTH_EVIDENCE_EXPANSION.md,A861D928F73F2FE87273065135E7AFE2D11D08E6,287,17,206,224,LX-WS-0384-EVD-01,EVIDENCE,records/evidence/runs/LX-WS-0384-EVD-01_C42.md,B1182C28EAF3C2470F6F417B4A502C5628387AA4
LS-WS-0384,C42,audit/WS_C42_IS_ROLLING_NORMAL_MONTH_EVIDENCE_EXPANSION.md,A861D928F73F2FE87273065135E7AFE2D11D08E6,287,18,225,234,LX-WS-0384-EVD-01,EVIDENCE,records/evidence/runs/LX-WS-0384-EVD-01_C42.md,B1182C28EAF3C2470F6F417B4A502C5628387AA4
LS-WS-0384,C42,audit/WS_C42_IS_ROLLING_NORMAL_MONTH_EVIDENCE_EXPANSION.md,A861D928F73F2FE87273065135E7AFE2D11D08E6,287,19,235,243,LX-WS-0384-FND-02,FINDING,records/history/archive/LX-WS-0384-FND-02_C42.md,4D607E2F3153BD5E7D17B7A77CB833A1F812BBA3
LS-WS-0384,C42,audit/WS_C42_IS_ROLLING_NORMAL_MONTH_EVIDENCE_EXPANSION.md,A861D928F73F2FE87273065135E7AFE2D11D08E6,287,20,244,274,LX-WS-0384-EVD-01,EVIDENCE,records/evidence/runs/LX-WS-0384-EVD-01_C42.md,B1182C28EAF3C2470F6F417B4A502C5628387AA4
LS-WS-0384,C42,audit/WS_C42_IS_ROLLING_NORMAL_MONTH_EVIDENCE_EXPANSION.md,A861D928F73F2FE87273065135E7AFE2D11D08E6,287,21,275,284,LX-WS-0384-EVD-01,EVIDENCE,records/evidence/runs/LX-WS-0384-EVD-01_C42.md,B1182C28EAF3C2470F6F417B4A502C5628387AA4
LS-WS-0384,C42,audit/WS_C42_IS_ROLLING_NORMAL_MONTH_EVIDENCE_EXPANSION.md,A861D928F73F2FE87273065135E7AFE2D11D08E6,287,22,285,287,LX-WS-0384-EVD-01,EVIDENCE,records/evidence/runs/LX-WS-0384-EVD-01_C42.md,B1182C28EAF3C2470F6F417B4A502C5628387AA4
LS-WS-0385,C42,audit/WS_C42_OPERATOR_VALIDATION_COMMANDS.md,ED6B913B37206B5E1A050878F2D537DC15048AF2,342,1,1,2,LX-WS-0385-CTX-03,CONTEXT,records/history/archive/LX-WS-0385-CTX-03_C42.md,392FF0618492602DC69350BAFDE5603ABF9A7B04
LS-WS-0385,C42,audit/WS_C42_OPERATOR_VALIDATION_COMMANDS.md,ED6B913B37206B5E1A050878F2D537DC15048AF2,342,2,3,16,LX-WS-0385-EVD-01,EVIDENCE,records/evidence/runs/LX-WS-0385-EVD-01_C42.md,5288B6158C1DE0E822892FFB2D022C3CA6783E01
LS-WS-0385,C42,audit/WS_C42_OPERATOR_VALIDATION_COMMANDS.md,ED6B913B37206B5E1A050878F2D537DC15048AF2,342,3,17,28,LX-WS-0385-EVD-01,EVIDENCE,records/evidence/runs/LX-WS-0385-EVD-01_C42.md,5288B6158C1DE0E822892FFB2D022C3CA6783E01
LS-WS-0385,C42,audit/WS_C42_OPERATOR_VALIDATION_COMMANDS.md,ED6B913B37206B5E1A050878F2D537DC15048AF2,342,4,29,66,LX-WS-0385-EVD-01,EVIDENCE,records/evidence/runs/LX-WS-0385-EVD-01_C42.md,5288B6158C1DE0E822892FFB2D022C3CA6783E01
LS-WS-0385,C42,audit/WS_C42_OPERATOR_VALIDATION_COMMANDS.md,ED6B913B37206B5E1A050878F2D537DC15048AF2,342,5,67,85,LX-WS-0385-EVD-01,EVIDENCE,records/evidence/runs/LX-WS-0385-EVD-01_C42.md,5288B6158C1DE0E822892FFB2D022C3CA6783E01
LS-WS-0385,C42,audit/WS_C42_OPERATOR_VALIDATION_COMMANDS.md,ED6B913B37206B5E1A050878F2D537DC15048AF2,342,6,86,99,LX-WS-0385-EVD-01,EVIDENCE,records/evidence/runs/LX-WS-0385-EVD-01_C42.md,5288B6158C1DE0E822892FFB2D022C3CA6783E01
LS-WS-0385,C42,audit/WS_C42_OPERATOR_VALIDATION_COMMANDS.md,ED6B913B37206B5E1A050878F2D537DC15048AF2,342,7,100,120,LX-WS-0385-EVD-01,EVIDENCE,records/evidence/runs/LX-WS-0385-EVD-01_C42.md,5288B6158C1DE0E822892FFB2D022C3CA6783E01
LS-WS-0385,C42,audit/WS_C42_OPERATOR_VALIDATION_COMMANDS.md,ED6B913B37206B5E1A050878F2D537DC15048AF2,342,8,121,146,LX-WS-0385-EVD-01,EVIDENCE,records/evidence/runs/LX-WS-0385-EVD-01_C42.md,5288B6158C1DE0E822892FFB2D022C3CA6783E01
LS-WS-0385,C42,audit/WS_C42_OPERATOR_VALIDATION_COMMANDS.md,ED6B913B37206B5E1A050878F2D537DC15048AF2,342,9,147,152,LX-WS-0385-EVD-01,EVIDENCE,records/evidence/runs/LX-WS-0385-EVD-01_C42.md,5288B6158C1DE0E822892FFB2D022C3CA6783E01
LS-WS-0385,C42,audit/WS_C42_OPERATOR_VALIDATION_COMMANDS.md,ED6B913B37206B5E1A050878F2D537DC15048AF2,342,10,153,166,LX-WS-0385-EVD-01,EVIDENCE,records/evidence/runs/LX-WS-0385-EVD-01_C42.md,5288B6158C1DE0E822892FFB2D022C3CA6783E01
LS-WS-0385,C42,audit/WS_C42_OPERATOR_VALIDATION_COMMANDS.md,ED6B913B37206B5E1A050878F2D537DC15048AF2,342,11,167,190,LX-WS-0385-EVD-01,EVIDENCE,records/evidence/runs/LX-WS-0385-EVD-01_C42.md,5288B6158C1DE0E822892FFB2D022C3CA6783E01
LS-WS-0385,C42,audit/WS_C42_OPERATOR_VALIDATION_COMMANDS.md,ED6B913B37206B5E1A050878F2D537DC15048AF2,342,12,191,204,LX-WS-0385-EVD-01,EVIDENCE,records/evidence/runs/LX-WS-0385-EVD-01_C42.md,5288B6158C1DE0E822892FFB2D022C3CA6783E01
LS-WS-0385,C42,audit/WS_C42_OPERATOR_VALIDATION_COMMANDS.md,ED6B913B37206B5E1A050878F2D537DC15048AF2,342,13,205,233,LX-WS-0385-EVD-01,EVIDENCE,records/evidence/runs/LX-WS-0385-EVD-01_C42.md,5288B6158C1DE0E822892FFB2D022C3CA6783E01
LS-WS-0385,C42,audit/WS_C42_OPERATOR_VALIDATION_COMMANDS.md,ED6B913B37206B5E1A050878F2D537DC15048AF2,342,14,234,257,LX-WS-0385-EVD-01,EVIDENCE,records/evidence/runs/LX-WS-0385-EVD-01_C42.md,5288B6158C1DE0E822892FFB2D022C3CA6783E01
LS-WS-0385,C42,audit/WS_C42_OPERATOR_VALIDATION_COMMANDS.md,ED6B913B37206B5E1A050878F2D537DC15048AF2,342,15,258,272,LX-WS-0385-EVD-01,EVIDENCE,records/evidence/runs/LX-WS-0385-EVD-01_C42.md,5288B6158C1DE0E822892FFB2D022C3CA6783E01
LS-WS-0385,C42,audit/WS_C42_OPERATOR_VALIDATION_COMMANDS.md,ED6B913B37206B5E1A050878F2D537DC15048AF2,342,16,273,289,LX-WS-0385-EVD-01,EVIDENCE,records/evidence/runs/LX-WS-0385-EVD-01_C42.md,5288B6158C1DE0E822892FFB2D022C3CA6783E01
LS-WS-0385,C42,audit/WS_C42_OPERATOR_VALIDATION_COMMANDS.md,ED6B913B37206B5E1A050878F2D537DC15048AF2,342,17,290,297,LX-WS-0385-EVD-01,EVIDENCE,records/evidence/runs/LX-WS-0385-EVD-01_C42.md,5288B6158C1DE0E822892FFB2D022C3CA6783E01
LS-WS-0385,C42,audit/WS_C42_OPERATOR_VALIDATION_COMMANDS.md,ED6B913B37206B5E1A050878F2D537DC15048AF2,342,18,298,305,LX-WS-0385-EVD-01,EVIDENCE,records/evidence/runs/LX-WS-0385-EVD-01_C42.md,5288B6158C1DE0E822892FFB2D022C3CA6783E01
LS-WS-0385,C42,audit/WS_C42_OPERATOR_VALIDATION_COMMANDS.md,ED6B913B37206B5E1A050878F2D537DC15048AF2,342,19,306,311,LX-WS-0385-FND-02,FINDING,records/history/archive/LX-WS-0385-FND-02_C42.md,4533C4051F6382AFB8E2E6F445FD68A01B87F2FC
LS-WS-0385,C42,audit/WS_C42_OPERATOR_VALIDATION_COMMANDS.md,ED6B913B37206B5E1A050878F2D537DC15048AF2,342,20,312,324,LX-WS-0385-EVD-01,EVIDENCE,records/evidence/runs/LX-WS-0385-EVD-01_C42.md,5288B6158C1DE0E822892FFB2D022C3CA6783E01
LS-WS-0385,C42,audit/WS_C42_OPERATOR_VALIDATION_COMMANDS.md,ED6B913B37206B5E1A050878F2D537DC15048AF2,342,21,325,342,LX-WS-0385-EVD-01,EVIDENCE,records/evidence/runs/LX-WS-0385-EVD-01_C42.md,5288B6158C1DE0E822892FFB2D022C3CA6783E01
LS-WS-0387,C43,audit/WS_C43_PRE_TRADE_FIELD_EXPANSION_DIAGNOSTIC.md,86AAEF422138DE4704DCF5C95839DFAA1317A88B,130,1,1,2,LX-WS-0387-CTX-04,CONTEXT,records/history/archive/LX-WS-0387-CTX-04_C43.md,D695A520A318FCEF2FB4A7E2EBFD464EFF3E6A34
LS-WS-0387,C43,audit/WS_C43_PRE_TRADE_FIELD_EXPANSION_DIAGNOSTIC.md,86AAEF422138DE4704DCF5C95839DFAA1317A88B,130,2,3,22,LX-WS-0387-FND-02,FINDING,records/history/archive/LX-WS-0387-FND-02_C43.md,2CA52F1DFCDE258D97B7BDA57075FEB604C85236
LS-WS-0387,C43,audit/WS_C43_PRE_TRADE_FIELD_EXPANSION_DIAGNOSTIC.md,86AAEF422138DE4704DCF5C95839DFAA1317A88B,130,3,23,37,LX-WS-0387-FND-02,FINDING,records/history/archive/LX-WS-0387-FND-02_C43.md,2CA52F1DFCDE258D97B7BDA57075FEB604C85236
LS-WS-0387,C43,audit/WS_C43_PRE_TRADE_FIELD_EXPANSION_DIAGNOSTIC.md,86AAEF422138DE4704DCF5C95839DFAA1317A88B,130,4,38,51,LX-WS-0387-IMP-03,IMPLEMENTATION,records/history/archive/LX-WS-0387-IMP-03_C43.md,0CD3A017CD1A8AA82A8BB29C450E5B95D87DDB27
LS-WS-0387,C43,audit/WS_C43_PRE_TRADE_FIELD_EXPANSION_DIAGNOSTIC.md,86AAEF422138DE4704DCF5C95839DFAA1317A88B,130,5,52,69,LX-WS-0387-FND-02,FINDING,records/history/archive/LX-WS-0387-FND-02_C43.md,2CA52F1DFCDE258D97B7BDA57075FEB604C85236
LS-WS-0387,C43,audit/WS_C43_PRE_TRADE_FIELD_EXPANSION_DIAGNOSTIC.md,86AAEF422138DE4704DCF5C95839DFAA1317A88B,130,6,70,81,LX-WS-0387-FND-02,FINDING,records/history/archive/LX-WS-0387-FND-02_C43.md,2CA52F1DFCDE258D97B7BDA57075FEB604C85236
LS-WS-0387,C43,audit/WS_C43_PRE_TRADE_FIELD_EXPANSION_DIAGNOSTIC.md,86AAEF422138DE4704DCF5C95839DFAA1317A88B,130,7,82,95,LX-WS-0387-FND-02,FINDING,records/history/archive/LX-WS-0387-FND-02_C43.md,2CA52F1DFCDE258D97B7BDA57075FEB604C85236
LS-WS-0387,C43,audit/WS_C43_PRE_TRADE_FIELD_EXPANSION_DIAGNOSTIC.md,86AAEF422138DE4704DCF5C95839DFAA1317A88B,130,8,96,130,LX-WS-0387-EVD-01,EVIDENCE,records/evidence/runs/LX-WS-0387-EVD-01_C43.md,70C9257E7C91446AF4E0446CF9C960DC74C8699F
LS-WS-0388,C44,audit/WS_C44_IS_GUARD_REFINEMENT_CANDIDATE_FORMATION.md,BA820366D563C3D19192E0A2BB508329DB00235E,114,1,1,2,LX-WS-0388-CTX-03,CONTEXT,records/history/archive/LX-WS-0388-CTX-03_C44.md,DC095BF94C774BFFE40F4B3072551E5482056012
LS-WS-0388,C44,audit/WS_C44_IS_GUARD_REFINEMENT_CANDIDATE_FORMATION.md,BA820366D563C3D19192E0A2BB508329DB00235E,114,2,3,14,LX-WS-0388-RES-02,RESEARCH,records/history/archive/LX-WS-0388-RES-02_C44.md,D19D37D1F459D1784AE4D670997D0950008F63CF
LS-WS-0388,C44,audit/WS_C44_IS_GUARD_REFINEMENT_CANDIDATE_FORMATION.md,BA820366D563C3D19192E0A2BB508329DB00235E,114,3,15,31,LX-WS-0388-RES-02,RESEARCH,records/history/archive/LX-WS-0388-RES-02_C44.md,D19D37D1F459D1784AE4D670997D0950008F63CF
LS-WS-0388,C44,audit/WS_C44_IS_GUARD_REFINEMENT_CANDIDATE_FORMATION.md,BA820366D563C3D19192E0A2BB508329DB00235E,114,4,32,47,LX-WS-0388-RES-02,RESEARCH,records/history/archive/LX-WS-0388-RES-02_C44.md,D19D37D1F459D1784AE4D670997D0950008F63CF
LS-WS-0388,C44,audit/WS_C44_IS_GUARD_REFINEMENT_CANDIDATE_FORMATION.md,BA820366D563C3D19192E0A2BB508329DB00235E,114,5,48,80,LX-WS-0388-RES-02,RESEARCH,records/history/archive/LX-WS-0388-RES-02_C44.md,D19D37D1F459D1784AE4D670997D0950008F63CF
LS-WS-0388,C44,audit/WS_C44_IS_GUARD_REFINEMENT_CANDIDATE_FORMATION.md,BA820366D563C3D19192E0A2BB508329DB00235E,114,6,81,95,LX-WS-0388-RES-02,RESEARCH,records/history/archive/LX-WS-0388-RES-02_C44.md,D19D37D1F459D1784AE4D670997D0950008F63CF
LS-WS-0388,C44,audit/WS_C44_IS_GUARD_REFINEMENT_CANDIDATE_FORMATION.md,BA820366D563C3D19192E0A2BB508329DB00235E,114,7,96,114,LX-WS-0388-DEC-01,DECISION,records/decisions/LX-WS-0388-DEC-01_C44.md,1093B8A82CC1C66B32DE033349CF6C409843269F
LS-WS-0390,C45+C44,audit/WS_C45_IS_VALIDATION_AND_ANTI_OVERFIT_CHECK_FOR_C44_REFINEMENT.md,A47415F960AC189ACD0AED4E89112F3138B0B50B,117,1,1,2,LX-WS-0390-CTX-03,CONTEXT,records/history/archive/LX-WS-0390-CTX-03_C45_C44.md,D0179D17306FCFA23B4E50F13F06AEDFEFBDC398
LS-WS-0390,C45+C44,audit/WS_C45_IS_VALIDATION_AND_ANTI_OVERFIT_CHECK_FOR_C44_REFINEMENT.md,A47415F960AC189ACD0AED4E89112F3138B0B50B,117,2,3,15,LX-WS-0390-EVD-02,EVIDENCE,records/evidence/runs/LX-WS-0390-EVD-02_C45_C44.md,11A7927BDE07C1CB48D0EB3A64FDBA2CC6AF242A
LS-WS-0390,C45+C44,audit/WS_C45_IS_VALIDATION_AND_ANTI_OVERFIT_CHECK_FOR_C44_REFINEMENT.md,A47415F960AC189ACD0AED4E89112F3138B0B50B,117,3,16,36,LX-WS-0390-EVD-02,EVIDENCE,records/evidence/runs/LX-WS-0390-EVD-02_C45_C44.md,11A7927BDE07C1CB48D0EB3A64FDBA2CC6AF242A
LS-WS-0390,C45+C44,audit/WS_C45_IS_VALIDATION_AND_ANTI_OVERFIT_CHECK_FOR_C44_REFINEMENT.md,A47415F960AC189ACD0AED4E89112F3138B0B50B,117,4,37,97,LX-WS-0390-EVD-02,EVIDENCE,records/evidence/runs/LX-WS-0390-EVD-02_C45_C44.md,11A7927BDE07C1CB48D0EB3A64FDBA2CC6AF242A
LS-WS-0390,C45+C44,audit/WS_C45_IS_VALIDATION_AND_ANTI_OVERFIT_CHECK_FOR_C44_REFINEMENT.md,A47415F960AC189ACD0AED4E89112F3138B0B50B,117,5,98,117,LX-WS-0390-DEC-01,DECISION,records/decisions/LX-WS-0390-DEC-01_C45_C44.md,137F95F4AC47D8539B4A11CADE4FC64C3D10EDD8
LS-WS-0392,C46,audit/WS_C46_IS_REVIEW_OR_EVIDENCE_EXPANSION_BEFORE_OOS.md,CBD842555EA97A5513C17EECBE6AFE6A5089099E,135,1,1,2,LX-WS-0392-CTX-03,CONTEXT,records/history/archive/LX-WS-0392-CTX-03_C46.md,FB99189A4CF54C72823ECD18242FD55B66A8E049
LS-WS-0392,C46,audit/WS_C46_IS_REVIEW_OR_EVIDENCE_EXPANSION_BEFORE_OOS.md,CBD842555EA97A5513C17EECBE6AFE6A5089099E,135,2,3,15,LX-WS-0392-EVD-02,EVIDENCE,records/evidence/runs/LX-WS-0392-EVD-02_C46.md,05FD772C5551EEF9863F6F53D957E3D7D942365A
LS-WS-0392,C46,audit/WS_C46_IS_REVIEW_OR_EVIDENCE_EXPANSION_BEFORE_OOS.md,CBD842555EA97A5513C17EECBE6AFE6A5089099E,135,3,16,32,LX-WS-0392-EVD-02,EVIDENCE,records/evidence/runs/LX-WS-0392-EVD-02_C46.md,05FD772C5551EEF9863F6F53D957E3D7D942365A
LS-WS-0392,C46,audit/WS_C46_IS_REVIEW_OR_EVIDENCE_EXPANSION_BEFORE_OOS.md,CBD842555EA97A5513C17EECBE6AFE6A5089099E,135,4,33,109,LX-WS-0392-EVD-02,EVIDENCE,records/evidence/runs/LX-WS-0392-EVD-02_C46.md,05FD772C5551EEF9863F6F53D957E3D7D942365A
LS-WS-0392,C46,audit/WS_C46_IS_REVIEW_OR_EVIDENCE_EXPANSION_BEFORE_OOS.md,CBD842555EA97A5513C17EECBE6AFE6A5089099E,135,5,110,135,LX-WS-0392-DEC-01,DECISION,records/decisions/LX-WS-0392-DEC-01_C46.md,8C535F4CEC2A77B4D646101900D36FC8D021ABE5
LS-WS-0394,C47+C44,audit/WS_C47_OOS_PROOF_WITH_LOCKED_C44_REFINEMENT.md,B9E44BFBE241A887E69D936706CA3DE1B177B00C,159,1,1,2,LX-WS-0394-CTX-03,CONTEXT,records/history/archive/LX-WS-0394-CTX-03_C47_C44.md,9597E64C93F5A862BF7D4E5CC28162A382F86EFA
LS-WS-0394,C47+C44,audit/WS_C47_OOS_PROOF_WITH_LOCKED_C44_REFINEMENT.md,B9E44BFBE241A887E69D936706CA3DE1B177B00C,159,2,3,8,LX-WS-0394-EVD-02,EVIDENCE,records/evidence/runs/LX-WS-0394-EVD-02_C47_C44.md,06E2F90A77DC5E74682E81DDF19234966AC7AD21
LS-WS-0394,C47+C44,audit/WS_C47_OOS_PROOF_WITH_LOCKED_C44_REFINEMENT.md,B9E44BFBE241A887E69D936706CA3DE1B177B00C,159,3,9,26,LX-WS-0394-EVD-02,EVIDENCE,records/evidence/runs/LX-WS-0394-EVD-02_C47_C44.md,06E2F90A77DC5E74682E81DDF19234966AC7AD21
LS-WS-0394,C47+C44,audit/WS_C47_OOS_PROOF_WITH_LOCKED_C44_REFINEMENT.md,B9E44BFBE241A887E69D936706CA3DE1B177B00C,159,4,27,56,LX-WS-0394-EVD-02,EVIDENCE,records/evidence/runs/LX-WS-0394-EVD-02_C47_C44.md,06E2F90A77DC5E74682E81DDF19234966AC7AD21
LS-WS-0394,C47+C44,audit/WS_C47_OOS_PROOF_WITH_LOCKED_C44_REFINEMENT.md,B9E44BFBE241A887E69D936706CA3DE1B177B00C,159,5,57,77,LX-WS-0394-EVD-02,EVIDENCE,records/evidence/runs/LX-WS-0394-EVD-02_C47_C44.md,06E2F90A77DC5E74682E81DDF19234966AC7AD21
LS-WS-0394,C47+C44,audit/WS_C47_OOS_PROOF_WITH_LOCKED_C44_REFINEMENT.md,B9E44BFBE241A887E69D936706CA3DE1B177B00C,159,6,78,122,LX-WS-0394-EVD-02,EVIDENCE,records/evidence/runs/LX-WS-0394-EVD-02_C47_C44.md,06E2F90A77DC5E74682E81DDF19234966AC7AD21
LS-WS-0394,C47+C44,audit/WS_C47_OOS_PROOF_WITH_LOCKED_C44_REFINEMENT.md,B9E44BFBE241A887E69D936706CA3DE1B177B00C,159,7,123,139,LX-WS-0394-EVD-02,EVIDENCE,records/evidence/runs/LX-WS-0394-EVD-02_C47_C44.md,06E2F90A77DC5E74682E81DDF19234966AC7AD21
LS-WS-0394,C47+C44,audit/WS_C47_OOS_PROOF_WITH_LOCKED_C44_REFINEMENT.md,B9E44BFBE241A887E69D936706CA3DE1B177B00C,159,8,140,159,LX-WS-0394-DEC-01,DECISION,records/decisions/LX-WS-0394-DEC-01_C47_C44.md,AB419ECBD4007557D7F04DBD951E1ACA9A30F9C7
LS-WS-0396,C48,audit/WS_C48_OOS_FAILURE_ATTRIBUTION.md,6A0D53376634E7DBCE121CF1EBE70C6C28E62A77,276,1,1,2,LX-WS-0396-CTX-03,CONTEXT,records/history/archive/LX-WS-0396-CTX-03_C48.md,D52B3F2E710D81AA37B34522A2970A324D38CB52
LS-WS-0396,C48,audit/WS_C48_OOS_FAILURE_ATTRIBUTION.md,6A0D53376634E7DBCE121CF1EBE70C6C28E62A77,276,2,3,6,LX-WS-0396-FND-02,FINDING,records/history/archive/LX-WS-0396-FND-02_C48.md,2EB5B4F27DFB442F368AB77EF6E5B4FDDE07E12C
LS-WS-0396,C48,audit/WS_C48_OOS_FAILURE_ATTRIBUTION.md,6A0D53376634E7DBCE121CF1EBE70C6C28E62A77,276,3,7,19,LX-WS-0396-EVD-01,EVIDENCE,records/evidence/runs/LX-WS-0396-EVD-01_C48.md,F2DE243BAA1988F34C7668B90CAF125B51C1AE72
LS-WS-0396,C48,audit/WS_C48_OOS_FAILURE_ATTRIBUTION.md,6A0D53376634E7DBCE121CF1EBE70C6C28E62A77,276,4,20,40,LX-WS-0396-FND-02,FINDING,records/history/archive/LX-WS-0396-FND-02_C48.md,2EB5B4F27DFB442F368AB77EF6E5B4FDDE07E12C
LS-WS-0396,C48,audit/WS_C48_OOS_FAILURE_ATTRIBUTION.md,6A0D53376634E7DBCE121CF1EBE70C6C28E62A77,276,5,41,67,LX-WS-0396-FND-02,FINDING,records/history/archive/LX-WS-0396-FND-02_C48.md,2EB5B4F27DFB442F368AB77EF6E5B4FDDE07E12C
LS-WS-0396,C48,audit/WS_C48_OOS_FAILURE_ATTRIBUTION.md,6A0D53376634E7DBCE121CF1EBE70C6C28E62A77,276,6,68,85,LX-WS-0396-FND-02,FINDING,records/history/archive/LX-WS-0396-FND-02_C48.md,2EB5B4F27DFB442F368AB77EF6E5B4FDDE07E12C
LS-WS-0396,C48,audit/WS_C48_OOS_FAILURE_ATTRIBUTION.md,6A0D53376634E7DBCE121CF1EBE70C6C28E62A77,276,7,86,94,LX-WS-0396-FND-02,FINDING,records/history/archive/LX-WS-0396-FND-02_C48.md,2EB5B4F27DFB442F368AB77EF6E5B4FDDE07E12C
LS-WS-0396,C48,audit/WS_C48_OOS_FAILURE_ATTRIBUTION.md,6A0D53376634E7DBCE121CF1EBE70C6C28E62A77,276,8,95,112,LX-WS-0396-FND-02,FINDING,records/history/archive/LX-WS-0396-FND-02_C48.md,2EB5B4F27DFB442F368AB77EF6E5B4FDDE07E12C
LS-WS-0396,C48,audit/WS_C48_OOS_FAILURE_ATTRIBUTION.md,6A0D53376634E7DBCE121CF1EBE70C6C28E62A77,276,9,113,129,LX-WS-0396-FND-02,FINDING,records/history/archive/LX-WS-0396-FND-02_C48.md,2EB5B4F27DFB442F368AB77EF6E5B4FDDE07E12C
LS-WS-0396,C48,audit/WS_C48_OOS_FAILURE_ATTRIBUTION.md,6A0D53376634E7DBCE121CF1EBE70C6C28E62A77,276,10,130,135,LX-WS-0396-FND-02,FINDING,records/history/archive/LX-WS-0396-FND-02_C48.md,2EB5B4F27DFB442F368AB77EF6E5B4FDDE07E12C
LS-WS-0396,C48,audit/WS_C48_OOS_FAILURE_ATTRIBUTION.md,6A0D53376634E7DBCE121CF1EBE70C6C28E62A77,276,11,136,145,LX-WS-0396-FND-02,FINDING,records/history/archive/LX-WS-0396-FND-02_C48.md,2EB5B4F27DFB442F368AB77EF6E5B4FDDE07E12C
LS-WS-0396,C48,audit/WS_C48_OOS_FAILURE_ATTRIBUTION.md,6A0D53376634E7DBCE121CF1EBE70C6C28E62A77,276,12,146,163,LX-WS-0396-FND-02,FINDING,records/history/archive/LX-WS-0396-FND-02_C48.md,2EB5B4F27DFB442F368AB77EF6E5B4FDDE07E12C
LS-WS-0396,C48,audit/WS_C48_OOS_FAILURE_ATTRIBUTION.md,6A0D53376634E7DBCE121CF1EBE70C6C28E62A77,276,13,164,176,LX-WS-0396-FND-02,FINDING,records/history/archive/LX-WS-0396-FND-02_C48.md,2EB5B4F27DFB442F368AB77EF6E5B4FDDE07E12C
LS-WS-0396,C48,audit/WS_C48_OOS_FAILURE_ATTRIBUTION.md,6A0D53376634E7DBCE121CF1EBE70C6C28E62A77,276,14,177,196,LX-WS-0396-FND-02,FINDING,records/history/archive/LX-WS-0396-FND-02_C48.md,2EB5B4F27DFB442F368AB77EF6E5B4FDDE07E12C
LS-WS-0396,C48,audit/WS_C48_OOS_FAILURE_ATTRIBUTION.md,6A0D53376634E7DBCE121CF1EBE70C6C28E62A77,276,15,197,206,LX-WS-0396-FND-02,FINDING,records/history/archive/LX-WS-0396-FND-02_C48.md,2EB5B4F27DFB442F368AB77EF6E5B4FDDE07E12C
LS-WS-0396,C48,audit/WS_C48_OOS_FAILURE_ATTRIBUTION.md,6A0D53376634E7DBCE121CF1EBE70C6C28E62A77,276,16,207,210,LX-WS-0396-FND-02,FINDING,records/history/archive/LX-WS-0396-FND-02_C48.md,2EB5B4F27DFB442F368AB77EF6E5B4FDDE07E12C
LS-WS-0396,C48,audit/WS_C48_OOS_FAILURE_ATTRIBUTION.md,6A0D53376634E7DBCE121CF1EBE70C6C28E62A77,276,17,211,233,LX-WS-0396-FND-02,FINDING,records/history/archive/LX-WS-0396-FND-02_C48.md,2EB5B4F27DFB442F368AB77EF6E5B4FDDE07E12C
LS-WS-0396,C48,audit/WS_C48_OOS_FAILURE_ATTRIBUTION.md,6A0D53376634E7DBCE121CF1EBE70C6C28E62A77,276,18,234,253,LX-WS-0396-EVD-01,EVIDENCE,records/evidence/runs/LX-WS-0396-EVD-01_C48.md,F2DE243BAA1988F34C7668B90CAF125B51C1AE72
LS-WS-0396,C48,audit/WS_C48_OOS_FAILURE_ATTRIBUTION.md,6A0D53376634E7DBCE121CF1EBE70C6C28E62A77,276,19,254,265,LX-WS-0396-EVD-01,EVIDENCE,records/evidence/runs/LX-WS-0396-EVD-01_C48.md,F2DE243BAA1988F34C7668B90CAF125B51C1AE72
LS-WS-0396,C48,audit/WS_C48_OOS_FAILURE_ATTRIBUTION.md,6A0D53376634E7DBCE121CF1EBE70C6C28E62A77,276,20,266,276,LX-WS-0396-FND-02,FINDING,records/history/archive/LX-WS-0396-FND-02_C48.md,2EB5B4F27DFB442F368AB77EF6E5B4FDDE07E12C
LS-WS-0397,C48,audit/WS_C48_OPERATOR_VALIDATION_COMMANDS.md,0F9C1344BFB05EE52D1DD4A564C16F0D30FA79AF,321,1,1,2,LX-WS-0397-CTX-03,CONTEXT,records/history/archive/LX-WS-0397-CTX-03_C48.md,F215F14C7D82A8C46D11B36C9D1F0907D9B4AEFC
LS-WS-0397,C48,audit/WS_C48_OPERATOR_VALIDATION_COMMANDS.md,0F9C1344BFB05EE52D1DD4A564C16F0D30FA79AF,321,2,3,16,LX-WS-0397-EVD-01,EVIDENCE,records/evidence/runs/LX-WS-0397-EVD-01_C48.md,AA05CDBB1810DA93DF655F1CA3CA8B5992339988
LS-WS-0397,C48,audit/WS_C48_OPERATOR_VALIDATION_COMMANDS.md,0F9C1344BFB05EE52D1DD4A564C16F0D30FA79AF,321,3,17,30,LX-WS-0397-EVD-01,EVIDENCE,records/evidence/runs/LX-WS-0397-EVD-01_C48.md,AA05CDBB1810DA93DF655F1CA3CA8B5992339988
LS-WS-0397,C48,audit/WS_C48_OPERATOR_VALIDATION_COMMANDS.md,0F9C1344BFB05EE52D1DD4A564C16F0D30FA79AF,321,4,31,54,LX-WS-0397-EVD-01,EVIDENCE,records/evidence/runs/LX-WS-0397-EVD-01_C48.md,AA05CDBB1810DA93DF655F1CA3CA8B5992339988
LS-WS-0397,C48,audit/WS_C48_OPERATOR_VALIDATION_COMMANDS.md,0F9C1344BFB05EE52D1DD4A564C16F0D30FA79AF,321,5,55,73,LX-WS-0397-EVD-01,EVIDENCE,records/evidence/runs/LX-WS-0397-EVD-01_C48.md,AA05CDBB1810DA93DF655F1CA3CA8B5992339988
LS-WS-0397,C48,audit/WS_C48_OPERATOR_VALIDATION_COMMANDS.md,0F9C1344BFB05EE52D1DD4A564C16F0D30FA79AF,321,6,74,87,LX-WS-0397-EVD-01,EVIDENCE,records/evidence/runs/LX-WS-0397-EVD-01_C48.md,AA05CDBB1810DA93DF655F1CA3CA8B5992339988
LS-WS-0397,C48,audit/WS_C48_OPERATOR_VALIDATION_COMMANDS.md,0F9C1344BFB05EE52D1DD4A564C16F0D30FA79AF,321,7,88,93,LX-WS-0397-EVD-01,EVIDENCE,records/evidence/runs/LX-WS-0397-EVD-01_C48.md,AA05CDBB1810DA93DF655F1CA3CA8B5992339988
LS-WS-0397,C48,audit/WS_C48_OPERATOR_VALIDATION_COMMANDS.md,0F9C1344BFB05EE52D1DD4A564C16F0D30FA79AF,321,8,94,111,LX-WS-0397-FND-02,FINDING,records/history/archive/LX-WS-0397-FND-02_C48.md,30B82889BF2BAED2DF6974AB747FAE20B991CA27
LS-WS-0397,C48,audit/WS_C48_OPERATOR_VALIDATION_COMMANDS.md,0F9C1344BFB05EE52D1DD4A564C16F0D30FA79AF,321,9,112,130,LX-WS-0397-FND-02,FINDING,records/history/archive/LX-WS-0397-FND-02_C48.md,30B82889BF2BAED2DF6974AB747FAE20B991CA27
LS-WS-0397,C48,audit/WS_C48_OPERATOR_VALIDATION_COMMANDS.md,0F9C1344BFB05EE52D1DD4A564C16F0D30FA79AF,321,10,131,136,LX-WS-0397-EVD-01,EVIDENCE,records/evidence/runs/LX-WS-0397-EVD-01_C48.md,AA05CDBB1810DA93DF655F1CA3CA8B5992339988
LS-WS-0397,C48,audit/WS_C48_OPERATOR_VALIDATION_COMMANDS.md,0F9C1344BFB05EE52D1DD4A564C16F0D30FA79AF,321,11,137,155,LX-WS-0397-FND-02,FINDING,records/history/archive/LX-WS-0397-FND-02_C48.md,30B82889BF2BAED2DF6974AB747FAE20B991CA27
LS-WS-0397,C48,audit/WS_C48_OPERATOR_VALIDATION_COMMANDS.md,0F9C1344BFB05EE52D1DD4A564C16F0D30FA79AF,321,12,156,174,LX-WS-0397-EVD-01,EVIDENCE,records/evidence/runs/LX-WS-0397-EVD-01_C48.md,AA05CDBB1810DA93DF655F1CA3CA8B5992339988
LS-WS-0397,C48,audit/WS_C48_OPERATOR_VALIDATION_COMMANDS.md,0F9C1344BFB05EE52D1DD4A564C16F0D30FA79AF,321,13,175,193,LX-WS-0397-EVD-01,EVIDENCE,records/evidence/runs/LX-WS-0397-EVD-01_C48.md,AA05CDBB1810DA93DF655F1CA3CA8B5992339988
LS-WS-0397,C48,audit/WS_C48_OPERATOR_VALIDATION_COMMANDS.md,0F9C1344BFB05EE52D1DD4A564C16F0D30FA79AF,321,14,194,212,LX-WS-0397-EVD-01,EVIDENCE,records/evidence/runs/LX-WS-0397-EVD-01_C48.md,AA05CDBB1810DA93DF655F1CA3CA8B5992339988
LS-WS-0397,C48,audit/WS_C48_OPERATOR_VALIDATION_COMMANDS.md,0F9C1344BFB05EE52D1DD4A564C16F0D30FA79AF,321,15,213,225,LX-WS-0397-EVD-01,EVIDENCE,records/evidence/runs/LX-WS-0397-EVD-01_C48.md,AA05CDBB1810DA93DF655F1CA3CA8B5992339988
LS-WS-0397,C48,audit/WS_C48_OPERATOR_VALIDATION_COMMANDS.md,0F9C1344BFB05EE52D1DD4A564C16F0D30FA79AF,321,16,226,231,LX-WS-0397-FND-02,FINDING,records/history/archive/LX-WS-0397-FND-02_C48.md,30B82889BF2BAED2DF6974AB747FAE20B991CA27
LS-WS-0397,C48,audit/WS_C48_OPERATOR_VALIDATION_COMMANDS.md,0F9C1344BFB05EE52D1DD4A564C16F0D30FA79AF,321,17,232,237,LX-WS-0397-EVD-01,EVIDENCE,records/evidence/runs/LX-WS-0397-EVD-01_C48.md,AA05CDBB1810DA93DF655F1CA3CA8B5992339988
LS-WS-0397,C48,audit/WS_C48_OPERATOR_VALIDATION_COMMANDS.md,0F9C1344BFB05EE52D1DD4A564C16F0D30FA79AF,321,18,238,245,LX-WS-0397-EVD-01,EVIDENCE,records/evidence/runs/LX-WS-0397-EVD-01_C48.md,AA05CDBB1810DA93DF655F1CA3CA8B5992339988
LS-WS-0397,C48,audit/WS_C48_OPERATOR_VALIDATION_COMMANDS.md,0F9C1344BFB05EE52D1DD4A564C16F0D30FA79AF,321,19,246,253,LX-WS-0397-EVD-01,EVIDENCE,records/evidence/runs/LX-WS-0397-EVD-01_C48.md,AA05CDBB1810DA93DF655F1CA3CA8B5992339988
LS-WS-0397,C48,audit/WS_C48_OPERATOR_VALIDATION_COMMANDS.md,0F9C1344BFB05EE52D1DD4A564C16F0D30FA79AF,321,20,254,285,LX-WS-0397-FND-02,FINDING,records/history/archive/LX-WS-0397-FND-02_C48.md,30B82889BF2BAED2DF6974AB747FAE20B991CA27
LS-WS-0397,C48,audit/WS_C48_OPERATOR_VALIDATION_COMMANDS.md,0F9C1344BFB05EE52D1DD4A564C16F0D30FA79AF,321,21,286,300,LX-WS-0397-EVD-01,EVIDENCE,records/evidence/runs/LX-WS-0397-EVD-01_C48.md,AA05CDBB1810DA93DF655F1CA3CA8B5992339988
LS-WS-0397,C48,audit/WS_C48_OPERATOR_VALIDATION_COMMANDS.md,0F9C1344BFB05EE52D1DD4A564C16F0D30FA79AF,321,22,301,321,LX-WS-0397-EVD-01,EVIDENCE,records/evidence/runs/LX-WS-0397-EVD-01_C48.md,AA05CDBB1810DA93DF655F1CA3CA8B5992339988
LS-WS-0398,C49,audit/WS_C49_BROADER_STRATEGY_REDESIGN.md,51D4F996FCD65A5FF43A5A62123876173A08C7C1,347,1,1,2,LX-WS-0398-CTX-04,CONTEXT,records/history/archive/LX-WS-0398-CTX-04_C49.md,8C84C72A87187AF9829205E7EF980F73B50F731D
LS-WS-0398,C49,audit/WS_C49_BROADER_STRATEGY_REDESIGN.md,51D4F996FCD65A5FF43A5A62123876173A08C7C1,347,2,3,8,LX-WS-0398-RES-03,RESEARCH,records/history/archive/LX-WS-0398-RES-03_C49.md,2029A6DAFCEEC04656735244F8E9D1E920DD34B0
LS-WS-0398,C49,audit/WS_C49_BROADER_STRATEGY_REDESIGN.md,51D4F996FCD65A5FF43A5A62123876173A08C7C1,347,3,9,30,LX-WS-0398-EVD-01,EVIDENCE,records/evidence/runs/LX-WS-0398-EVD-01_C49.md,23D8518372EAAE5D2118247D0DD8B642A204B515
LS-WS-0398,C49,audit/WS_C49_BROADER_STRATEGY_REDESIGN.md,51D4F996FCD65A5FF43A5A62123876173A08C7C1,347,4,31,67,LX-WS-0398-RES-03,RESEARCH,records/history/archive/LX-WS-0398-RES-03_C49.md,2029A6DAFCEEC04656735244F8E9D1E920DD34B0
LS-WS-0398,C49,audit/WS_C49_BROADER_STRATEGY_REDESIGN.md,51D4F996FCD65A5FF43A5A62123876173A08C7C1,347,5,68,77,LX-WS-0398-RES-03,RESEARCH,records/history/archive/LX-WS-0398-RES-03_C49.md,2029A6DAFCEEC04656735244F8E9D1E920DD34B0
LS-WS-0398,C49,audit/WS_C49_BROADER_STRATEGY_REDESIGN.md,51D4F996FCD65A5FF43A5A62123876173A08C7C1,347,6,78,97,LX-WS-0398-RES-03,RESEARCH,records/history/archive/LX-WS-0398-RES-03_C49.md,2029A6DAFCEEC04656735244F8E9D1E920DD34B0
LS-WS-0398,C49,audit/WS_C49_BROADER_STRATEGY_REDESIGN.md,51D4F996FCD65A5FF43A5A62123876173A08C7C1,347,7,98,128,LX-WS-0398-RES-03,RESEARCH,records/history/archive/LX-WS-0398-RES-03_C49.md,2029A6DAFCEEC04656735244F8E9D1E920DD34B0
LS-WS-0398,C49,audit/WS_C49_BROADER_STRATEGY_REDESIGN.md,51D4F996FCD65A5FF43A5A62123876173A08C7C1,347,8,129,146,LX-WS-0398-RES-03,RESEARCH,records/history/archive/LX-WS-0398-RES-03_C49.md,2029A6DAFCEEC04656735244F8E9D1E920DD34B0
LS-WS-0398,C49,audit/WS_C49_BROADER_STRATEGY_REDESIGN.md,51D4F996FCD65A5FF43A5A62123876173A08C7C1,347,9,147,161,LX-WS-0398-FND-02,FINDING,records/history/archive/LX-WS-0398-FND-02_C49.md,4509DD2B6CF6B8B9BDB12FF832B7AE11F896411A
LS-WS-0398,C49,audit/WS_C49_BROADER_STRATEGY_REDESIGN.md,51D4F996FCD65A5FF43A5A62123876173A08C7C1,347,10,162,181,LX-WS-0398-FND-02,FINDING,records/history/archive/LX-WS-0398-FND-02_C49.md,4509DD2B6CF6B8B9BDB12FF832B7AE11F896411A
LS-WS-0398,C49,audit/WS_C49_BROADER_STRATEGY_REDESIGN.md,51D4F996FCD65A5FF43A5A62123876173A08C7C1,347,11,182,189,LX-WS-0398-FND-02,FINDING,records/history/archive/LX-WS-0398-FND-02_C49.md,4509DD2B6CF6B8B9BDB12FF832B7AE11F896411A
LS-WS-0398,C49,audit/WS_C49_BROADER_STRATEGY_REDESIGN.md,51D4F996FCD65A5FF43A5A62123876173A08C7C1,347,12,190,208,LX-WS-0398-FND-02,FINDING,records/history/archive/LX-WS-0398-FND-02_C49.md,4509DD2B6CF6B8B9BDB12FF832B7AE11F896411A
LS-WS-0398,C49,audit/WS_C49_BROADER_STRATEGY_REDESIGN.md,51D4F996FCD65A5FF43A5A62123876173A08C7C1,347,13,209,251,LX-WS-0398-RES-03,RESEARCH,records/history/archive/LX-WS-0398-RES-03_C49.md,2029A6DAFCEEC04656735244F8E9D1E920DD34B0
LS-WS-0398,C49,audit/WS_C49_BROADER_STRATEGY_REDESIGN.md,51D4F996FCD65A5FF43A5A62123876173A08C7C1,347,14,252,259,LX-WS-0398-RES-03,RESEARCH,records/history/archive/LX-WS-0398-RES-03_C49.md,2029A6DAFCEEC04656735244F8E9D1E920DD34B0
LS-WS-0398,C49,audit/WS_C49_BROADER_STRATEGY_REDESIGN.md,51D4F996FCD65A5FF43A5A62123876173A08C7C1,347,15,260,338,LX-WS-0398-EVD-01,EVIDENCE,records/evidence/runs/LX-WS-0398-EVD-01_C49.md,23D8518372EAAE5D2118247D0DD8B642A204B515
LS-WS-0398,C49,audit/WS_C49_BROADER_STRATEGY_REDESIGN.md,51D4F996FCD65A5FF43A5A62123876173A08C7C1,347,16,339,347,LX-WS-0398-RES-03,RESEARCH,records/history/archive/LX-WS-0398-RES-03_C49.md,2029A6DAFCEEC04656735244F8E9D1E920DD34B0
LS-WS-0399,C49,audit/WS_C49_OPERATOR_VALIDATION_COMMANDS.md,F33FE4CAA5C155F7B828A7F8918032553053974B,416,1,1,2,LX-WS-0399-CTX-04,CONTEXT,records/history/archive/LX-WS-0399-CTX-04_C49.md,806549A4D48F0B0F6DBA18FEE938A563D1B798C8
LS-WS-0399,C49,audit/WS_C49_OPERATOR_VALIDATION_COMMANDS.md,F33FE4CAA5C155F7B828A7F8918032553053974B,416,2,3,16,LX-WS-0399-EVD-01,EVIDENCE,records/evidence/runs/LX-WS-0399-EVD-01_C49.md,3945E9FBD5E96B36DB3D72655A33671C688BC476
LS-WS-0399,C49,audit/WS_C49_OPERATOR_VALIDATION_COMMANDS.md,F33FE4CAA5C155F7B828A7F8918032553053974B,416,3,17,30,LX-WS-0399-EVD-01,EVIDENCE,records/evidence/runs/LX-WS-0399-EVD-01_C49.md,3945E9FBD5E96B36DB3D72655A33671C688BC476
LS-WS-0399,C49,audit/WS_C49_OPERATOR_VALIDATION_COMMANDS.md,F33FE4CAA5C155F7B828A7F8918032553053974B,416,4,31,54,LX-WS-0399-EVD-01,EVIDENCE,records/evidence/runs/LX-WS-0399-EVD-01_C49.md,3945E9FBD5E96B36DB3D72655A33671C688BC476
LS-WS-0399,C49,audit/WS_C49_OPERATOR_VALIDATION_COMMANDS.md,F33FE4CAA5C155F7B828A7F8918032553053974B,416,5,55,73,LX-WS-0399-EVD-01,EVIDENCE,records/evidence/runs/LX-WS-0399-EVD-01_C49.md,3945E9FBD5E96B36DB3D72655A33671C688BC476
LS-WS-0399,C49,audit/WS_C49_OPERATOR_VALIDATION_COMMANDS.md,F33FE4CAA5C155F7B828A7F8918032553053974B,416,6,74,87,LX-WS-0399-EVD-01,EVIDENCE,records/evidence/runs/LX-WS-0399-EVD-01_C49.md,3945E9FBD5E96B36DB3D72655A33671C688BC476
LS-WS-0399,C49,audit/WS_C49_OPERATOR_VALIDATION_COMMANDS.md,F33FE4CAA5C155F7B828A7F8918032553053974B,416,7,88,93,LX-WS-0399-EVD-01,EVIDENCE,records/evidence/runs/LX-WS-0399-EVD-01_C49.md,3945E9FBD5E96B36DB3D72655A33671C688BC476
LS-WS-0399,C49,audit/WS_C49_OPERATOR_VALIDATION_COMMANDS.md,F33FE4CAA5C155F7B828A7F8918032553053974B,416,8,94,109,LX-WS-0399-EVD-01,EVIDENCE,records/evidence/runs/LX-WS-0399-EVD-01_C49.md,3945E9FBD5E96B36DB3D72655A33671C688BC476
LS-WS-0399,C49,audit/WS_C49_OPERATOR_VALIDATION_COMMANDS.md,F33FE4CAA5C155F7B828A7F8918032553053974B,416,9,110,125,LX-WS-0399-EVD-01,EVIDENCE,records/evidence/runs/LX-WS-0399-EVD-01_C49.md,3945E9FBD5E96B36DB3D72655A33671C688BC476
LS-WS-0399,C49,audit/WS_C49_OPERATOR_VALIDATION_COMMANDS.md,F33FE4CAA5C155F7B828A7F8918032553053974B,416,10,126,131,LX-WS-0399-EVD-01,EVIDENCE,records/evidence/runs/LX-WS-0399-EVD-01_C49.md,3945E9FBD5E96B36DB3D72655A33671C688BC476
LS-WS-0399,C49,audit/WS_C49_OPERATOR_VALIDATION_COMMANDS.md,F33FE4CAA5C155F7B828A7F8918032553053974B,416,11,132,137,LX-WS-0399-EVD-01,EVIDENCE,records/evidence/runs/LX-WS-0399-EVD-01_C49.md,3945E9FBD5E96B36DB3D72655A33671C688BC476
LS-WS-0399,C49,audit/WS_C49_OPERATOR_VALIDATION_COMMANDS.md,F33FE4CAA5C155F7B828A7F8918032553053974B,416,12,138,160,LX-WS-0399-RES-03,RESEARCH,records/history/archive/LX-WS-0399-RES-03_C49.md,02110FB268AF008DE13F58D68235618B0C5BAEC1
LS-WS-0399,C49,audit/WS_C49_OPERATOR_VALIDATION_COMMANDS.md,F33FE4CAA5C155F7B828A7F8918032553053974B,416,13,161,166,LX-WS-0399-EVD-01,EVIDENCE,records/evidence/runs/LX-WS-0399-EVD-01_C49.md,3945E9FBD5E96B36DB3D72655A33671C688BC476
LS-WS-0399,C49,audit/WS_C49_OPERATOR_VALIDATION_COMMANDS.md,F33FE4CAA5C155F7B828A7F8918032553053974B,416,14,167,187,LX-WS-0399-EVD-01,EVIDENCE,records/evidence/runs/LX-WS-0399-EVD-01_C49.md,3945E9FBD5E96B36DB3D72655A33671C688BC476
LS-WS-0399,C49,audit/WS_C49_OPERATOR_VALIDATION_COMMANDS.md,F33FE4CAA5C155F7B828A7F8918032553053974B,416,15,188,205,LX-WS-0399-FND-02,FINDING,records/history/archive/LX-WS-0399-FND-02_C49.md,609D737FCFB3EC1ADE610A7F62FFEF31086506C7
LS-WS-0399,C49,audit/WS_C49_OPERATOR_VALIDATION_COMMANDS.md,F33FE4CAA5C155F7B828A7F8918032553053974B,416,16,206,222,LX-WS-0399-FND-02,FINDING,records/history/archive/LX-WS-0399-FND-02_C49.md,609D737FCFB3EC1ADE610A7F62FFEF31086506C7
LS-WS-0399,C49,audit/WS_C49_OPERATOR_VALIDATION_COMMANDS.md,F33FE4CAA5C155F7B828A7F8918032553053974B,416,17,223,241,LX-WS-0399-FND-02,FINDING,records/history/archive/LX-WS-0399-FND-02_C49.md,609D737FCFB3EC1ADE610A7F62FFEF31086506C7
LS-WS-0399,C49,audit/WS_C49_OPERATOR_VALIDATION_COMMANDS.md,F33FE4CAA5C155F7B828A7F8918032553053974B,416,18,242,265,LX-WS-0399-EVD-01,EVIDENCE,records/evidence/runs/LX-WS-0399-EVD-01_C49.md,3945E9FBD5E96B36DB3D72655A33671C688BC476
LS-WS-0399,C49,audit/WS_C49_OPERATOR_VALIDATION_COMMANDS.md,F33FE4CAA5C155F7B828A7F8918032553053974B,416,19,266,271,LX-WS-0399-EVD-01,EVIDENCE,records/evidence/runs/LX-WS-0399-EVD-01_C49.md,3945E9FBD5E96B36DB3D72655A33671C688BC476
LS-WS-0399,C49,audit/WS_C49_OPERATOR_VALIDATION_COMMANDS.md,F33FE4CAA5C155F7B828A7F8918032553053974B,416,20,272,285,LX-WS-0399-EVD-01,EVIDENCE,records/evidence/runs/LX-WS-0399-EVD-01_C49.md,3945E9FBD5E96B36DB3D72655A33671C688BC476
LS-WS-0399,C49,audit/WS_C49_OPERATOR_VALIDATION_COMMANDS.md,F33FE4CAA5C155F7B828A7F8918032553053974B,416,21,286,293,LX-WS-0399-EVD-01,EVIDENCE,records/evidence/runs/LX-WS-0399-EVD-01_C49.md,3945E9FBD5E96B36DB3D72655A33671C688BC476
LS-WS-0399,C49,audit/WS_C49_OPERATOR_VALIDATION_COMMANDS.md,F33FE4CAA5C155F7B828A7F8918032553053974B,416,22,294,301,LX-WS-0399-EVD-01,EVIDENCE,records/evidence/runs/LX-WS-0399-EVD-01_C49.md,3945E9FBD5E96B36DB3D72655A33671C688BC476
LS-WS-0399,C49,audit/WS_C49_OPERATOR_VALIDATION_COMMANDS.md,F33FE4CAA5C155F7B828A7F8918032553053974B,416,23,302,325,LX-WS-0399-FND-02,FINDING,records/history/archive/LX-WS-0399-FND-02_C49.md,609D737FCFB3EC1ADE610A7F62FFEF31086506C7
LS-WS-0399,C49,audit/WS_C49_OPERATOR_VALIDATION_COMMANDS.md,F33FE4CAA5C155F7B828A7F8918032553053974B,416,24,326,331,LX-WS-0399-EVD-01,EVIDENCE,records/evidence/runs/LX-WS-0399-EVD-01_C49.md,3945E9FBD5E96B36DB3D72655A33671C688BC476
LS-WS-0399,C49,audit/WS_C49_OPERATOR_VALIDATION_COMMANDS.md,F33FE4CAA5C155F7B828A7F8918032553053974B,416,25,332,416,LX-WS-0399-EVD-01,EVIDENCE,records/evidence/runs/LX-WS-0399-EVD-01_C49.md,3945E9FBD5E96B36DB3D72655A33671C688BC476
LS-WS-0400,C50,audit/WS_C50_IS_VALIDATION_ANTI_OVERFIT_CHECK.md,D1982C6831A6CF0D4918788EFBFA8659AE400473,435,1,1,4,LX-WS-0400-CTX-04,CONTEXT,records/history/archive/LX-WS-0400-CTX-04_C50.md,DC1A243F2AD3EA2545B69E147DDE6A6C8845348B
LS-WS-0400,C50,audit/WS_C50_IS_VALIDATION_ANTI_OVERFIT_CHECK.md,D1982C6831A6CF0D4918788EFBFA8659AE400473,435,2,5,19,LX-WS-0400-EVD-02,EVIDENCE,records/evidence/runs/LX-WS-0400-EVD-02_C50.md,9172A2A9A2807E2D99A845DDCDDE655635B8FAC4
LS-WS-0400,C50,audit/WS_C50_IS_VALIDATION_ANTI_OVERFIT_CHECK.md,D1982C6831A6CF0D4918788EFBFA8659AE400473,435,3,20,31,LX-WS-0400-EVD-02,EVIDENCE,records/evidence/runs/LX-WS-0400-EVD-02_C50.md,9172A2A9A2807E2D99A845DDCDDE655635B8FAC4
LS-WS-0400,C50,audit/WS_C50_IS_VALIDATION_ANTI_OVERFIT_CHECK.md,D1982C6831A6CF0D4918788EFBFA8659AE400473,435,4,32,54,LX-WS-0400-EVD-02,EVIDENCE,records/evidence/runs/LX-WS-0400-EVD-02_C50.md,9172A2A9A2807E2D99A845DDCDDE655635B8FAC4
LS-WS-0400,C50,audit/WS_C50_IS_VALIDATION_ANTI_OVERFIT_CHECK.md,D1982C6831A6CF0D4918788EFBFA8659AE400473,435,5,55,102,LX-WS-0400-EVD-02,EVIDENCE,records/evidence/runs/LX-WS-0400-EVD-02_C50.md,9172A2A9A2807E2D99A845DDCDDE655635B8FAC4
LS-WS-0400,C50,audit/WS_C50_IS_VALIDATION_ANTI_OVERFIT_CHECK.md,D1982C6831A6CF0D4918788EFBFA8659AE400473,435,6,103,115,LX-WS-0400-EVD-02,EVIDENCE,records/evidence/runs/LX-WS-0400-EVD-02_C50.md,9172A2A9A2807E2D99A845DDCDDE655635B8FAC4
LS-WS-0400,C50,audit/WS_C50_IS_VALIDATION_ANTI_OVERFIT_CHECK.md,D1982C6831A6CF0D4918788EFBFA8659AE400473,435,7,116,130,LX-WS-0400-EVD-02,EVIDENCE,records/evidence/runs/LX-WS-0400-EVD-02_C50.md,9172A2A9A2807E2D99A845DDCDDE655635B8FAC4
LS-WS-0400,C50,audit/WS_C50_IS_VALIDATION_ANTI_OVERFIT_CHECK.md,D1982C6831A6CF0D4918788EFBFA8659AE400473,435,8,131,156,LX-WS-0400-EVD-02,EVIDENCE,records/evidence/runs/LX-WS-0400-EVD-02_C50.md,9172A2A9A2807E2D99A845DDCDDE655635B8FAC4
LS-WS-0400,C50,audit/WS_C50_IS_VALIDATION_ANTI_OVERFIT_CHECK.md,D1982C6831A6CF0D4918788EFBFA8659AE400473,435,9,157,170,LX-WS-0400-DEC-01,DECISION,records/decisions/LX-WS-0400-DEC-01_C50.md,BE4D4109B470CCBEF80B2B980718220EDB36E557
LS-WS-0400,C50,audit/WS_C50_IS_VALIDATION_ANTI_OVERFIT_CHECK.md,D1982C6831A6CF0D4918788EFBFA8659AE400473,435,10,171,233,LX-WS-0400-EVD-02,EVIDENCE,records/evidence/runs/LX-WS-0400-EVD-02_C50.md,9172A2A9A2807E2D99A845DDCDDE655635B8FAC4
LS-WS-0400,C50,audit/WS_C50_IS_VALIDATION_ANTI_OVERFIT_CHECK.md,D1982C6831A6CF0D4918788EFBFA8659AE400473,435,11,234,254,LX-WS-0400-EVD-02,EVIDENCE,records/evidence/runs/LX-WS-0400-EVD-02_C50.md,9172A2A9A2807E2D99A845DDCDDE655635B8FAC4
LS-WS-0400,C50,audit/WS_C50_IS_VALIDATION_ANTI_OVERFIT_CHECK.md,D1982C6831A6CF0D4918788EFBFA8659AE400473,435,12,255,264,LX-WS-0400-EVD-02,EVIDENCE,records/evidence/runs/LX-WS-0400-EVD-02_C50.md,9172A2A9A2807E2D99A845DDCDDE655635B8FAC4
LS-WS-0400,C50,audit/WS_C50_IS_VALIDATION_ANTI_OVERFIT_CHECK.md,D1982C6831A6CF0D4918788EFBFA8659AE400473,435,13,265,286,LX-WS-0400-EVD-02,EVIDENCE,records/evidence/runs/LX-WS-0400-EVD-02_C50.md,9172A2A9A2807E2D99A845DDCDDE655635B8FAC4
LS-WS-0400,C50,audit/WS_C50_IS_VALIDATION_ANTI_OVERFIT_CHECK.md,D1982C6831A6CF0D4918788EFBFA8659AE400473,435,14,287,365,LX-WS-0400-EVD-02,EVIDENCE,records/evidence/runs/LX-WS-0400-EVD-02_C50.md,9172A2A9A2807E2D99A845DDCDDE655635B8FAC4
LS-WS-0400,C50,audit/WS_C50_IS_VALIDATION_ANTI_OVERFIT_CHECK.md,D1982C6831A6CF0D4918788EFBFA8659AE400473,435,15,366,375,LX-WS-0400-EVD-02,EVIDENCE,records/evidence/runs/LX-WS-0400-EVD-02_C50.md,9172A2A9A2807E2D99A845DDCDDE655635B8FAC4
LS-WS-0400,C50,audit/WS_C50_IS_VALIDATION_ANTI_OVERFIT_CHECK.md,D1982C6831A6CF0D4918788EFBFA8659AE400473,435,16,376,385,LX-WS-0400-EVD-02,EVIDENCE,records/evidence/runs/LX-WS-0400-EVD-02_C50.md,9172A2A9A2807E2D99A845DDCDDE655635B8FAC4
LS-WS-0400,C50,audit/WS_C50_IS_VALIDATION_ANTI_OVERFIT_CHECK.md,D1982C6831A6CF0D4918788EFBFA8659AE400473,435,17,386,397,LX-WS-0400-EVD-02,EVIDENCE,records/evidence/runs/LX-WS-0400-EVD-02_C50.md,9172A2A9A2807E2D99A845DDCDDE655635B8FAC4
LS-WS-0400,C50,audit/WS_C50_IS_VALIDATION_ANTI_OVERFIT_CHECK.md,D1982C6831A6CF0D4918788EFBFA8659AE400473,435,18,398,401,LX-WS-0400-EVD-02,EVIDENCE,records/evidence/runs/LX-WS-0400-EVD-02_C50.md,9172A2A9A2807E2D99A845DDCDDE655635B8FAC4
LS-WS-0400,C50,audit/WS_C50_IS_VALIDATION_ANTI_OVERFIT_CHECK.md,D1982C6831A6CF0D4918788EFBFA8659AE400473,435,19,402,409,LX-WS-0400-FND-03,FINDING,records/history/archive/LX-WS-0400-FND-03_C50.md,B1379E46BFCBE4FA3D7AC7D1BC58BD45EFCC1BF8
LS-WS-0400,C50,audit/WS_C50_IS_VALIDATION_ANTI_OVERFIT_CHECK.md,D1982C6831A6CF0D4918788EFBFA8659AE400473,435,20,410,430,LX-WS-0400-EVD-02,EVIDENCE,records/evidence/runs/LX-WS-0400-EVD-02_C50.md,9172A2A9A2807E2D99A845DDCDDE655635B8FAC4
LS-WS-0400,C50,audit/WS_C50_IS_VALIDATION_ANTI_OVERFIT_CHECK.md,D1982C6831A6CF0D4918788EFBFA8659AE400473,435,21,431,435,LX-WS-0400-EVD-02,EVIDENCE,records/evidence/runs/LX-WS-0400-EVD-02_C50.md,9172A2A9A2807E2D99A845DDCDDE655635B8FAC4
LS-WS-0401,C50,audit/WS_C50_OPERATOR_VALIDATION_COMMANDS.md,4436CB5B652AEE7B8EE04DD976756F5A7A6DAC37,425,1,1,4,LX-WS-0401-CTX-03,CONTEXT,records/history/archive/LX-WS-0401-CTX-03_C50.md,057556A4C58D7C1E4CD535041BD4C44F89C5165F
LS-WS-0401,C50,audit/WS_C50_OPERATOR_VALIDATION_COMMANDS.md,4436CB5B652AEE7B8EE04DD976756F5A7A6DAC37,425,2,5,16,LX-WS-0401-EVD-01,EVIDENCE,records/evidence/runs/LX-WS-0401-EVD-01_C50.md,601A8BDE3CB660A8974426958614BF30F19B9B85
LS-WS-0401,C50,audit/WS_C50_OPERATOR_VALIDATION_COMMANDS.md,4436CB5B652AEE7B8EE04DD976756F5A7A6DAC37,425,3,17,28,LX-WS-0401-EVD-01,EVIDENCE,records/evidence/runs/LX-WS-0401-EVD-01_C50.md,601A8BDE3CB660A8974426958614BF30F19B9B85
LS-WS-0401,C50,audit/WS_C50_OPERATOR_VALIDATION_COMMANDS.md,4436CB5B652AEE7B8EE04DD976756F5A7A6DAC37,425,4,29,63,LX-WS-0401-EVD-01,EVIDENCE,records/evidence/runs/LX-WS-0401-EVD-01_C50.md,601A8BDE3CB660A8974426958614BF30F19B9B85
LS-WS-0401,C50,audit/WS_C50_OPERATOR_VALIDATION_COMMANDS.md,4436CB5B652AEE7B8EE04DD976756F5A7A6DAC37,425,5,64,69,LX-WS-0401-EVD-01,EVIDENCE,records/evidence/runs/LX-WS-0401-EVD-01_C50.md,601A8BDE3CB660A8974426958614BF30F19B9B85
LS-WS-0401,C50,audit/WS_C50_OPERATOR_VALIDATION_COMMANDS.md,4436CB5B652AEE7B8EE04DD976756F5A7A6DAC37,425,6,70,87,LX-WS-0401-EVD-01,EVIDENCE,records/evidence/runs/LX-WS-0401-EVD-01_C50.md,601A8BDE3CB660A8974426958614BF30F19B9B85
LS-WS-0401,C50,audit/WS_C50_OPERATOR_VALIDATION_COMMANDS.md,4436CB5B652AEE7B8EE04DD976756F5A7A6DAC37,425,7,88,93,LX-WS-0401-EVD-01,EVIDENCE,records/evidence/runs/LX-WS-0401-EVD-01_C50.md,601A8BDE3CB660A8974426958614BF30F19B9B85
LS-WS-0401,C50,audit/WS_C50_OPERATOR_VALIDATION_COMMANDS.md,4436CB5B652AEE7B8EE04DD976756F5A7A6DAC37,425,8,94,99,LX-WS-0401-EVD-01,EVIDENCE,records/evidence/runs/LX-WS-0401-EVD-01_C50.md,601A8BDE3CB660A8974426958614BF30F19B9B85
LS-WS-0401,C50,audit/WS_C50_OPERATOR_VALIDATION_COMMANDS.md,4436CB5B652AEE7B8EE04DD976756F5A7A6DAC37,425,9,100,105,LX-WS-0401-EVD-01,EVIDENCE,records/evidence/runs/LX-WS-0401-EVD-01_C50.md,601A8BDE3CB660A8974426958614BF30F19B9B85
LS-WS-0401,C50,audit/WS_C50_OPERATOR_VALIDATION_COMMANDS.md,4436CB5B652AEE7B8EE04DD976756F5A7A6DAC37,425,10,106,111,LX-WS-0401-EVD-01,EVIDENCE,records/evidence/runs/LX-WS-0401-EVD-01_C50.md,601A8BDE3CB660A8974426958614BF30F19B9B85
LS-WS-0401,C50,audit/WS_C50_OPERATOR_VALIDATION_COMMANDS.md,4436CB5B652AEE7B8EE04DD976756F5A7A6DAC37,425,11,112,134,LX-WS-0401-EVD-01,EVIDENCE,records/evidence/runs/LX-WS-0401-EVD-01_C50.md,601A8BDE3CB660A8974426958614BF30F19B9B85
LS-WS-0401,C50,audit/WS_C50_OPERATOR_VALIDATION_COMMANDS.md,4436CB5B652AEE7B8EE04DD976756F5A7A6DAC37,425,12,135,158,LX-WS-0401-EVD-01,EVIDENCE,records/evidence/runs/LX-WS-0401-EVD-01_C50.md,601A8BDE3CB660A8974426958614BF30F19B9B85
LS-WS-0401,C50,audit/WS_C50_OPERATOR_VALIDATION_COMMANDS.md,4436CB5B652AEE7B8EE04DD976756F5A7A6DAC37,425,13,159,179,LX-WS-0401-EVD-01,EVIDENCE,records/evidence/runs/LX-WS-0401-EVD-01_C50.md,601A8BDE3CB660A8974426958614BF30F19B9B85
LS-WS-0401,C50,audit/WS_C50_OPERATOR_VALIDATION_COMMANDS.md,4436CB5B652AEE7B8EE04DD976756F5A7A6DAC37,425,14,180,201,LX-WS-0401-EVD-01,EVIDENCE,records/evidence/runs/LX-WS-0401-EVD-01_C50.md,601A8BDE3CB660A8974426958614BF30F19B9B85
LS-WS-0401,C50,audit/WS_C50_OPERATOR_VALIDATION_COMMANDS.md,4436CB5B652AEE7B8EE04DD976756F5A7A6DAC37,425,15,202,234,LX-WS-0401-EVD-01,EVIDENCE,records/evidence/runs/LX-WS-0401-EVD-01_C50.md,601A8BDE3CB660A8974426958614BF30F19B9B85
LS-WS-0401,C50,audit/WS_C50_OPERATOR_VALIDATION_COMMANDS.md,4436CB5B652AEE7B8EE04DD976756F5A7A6DAC37,425,16,235,240,LX-WS-0401-EVD-01,EVIDENCE,records/evidence/runs/LX-WS-0401-EVD-01_C50.md,601A8BDE3CB660A8974426958614BF30F19B9B85
LS-WS-0401,C50,audit/WS_C50_OPERATOR_VALIDATION_COMMANDS.md,4436CB5B652AEE7B8EE04DD976756F5A7A6DAC37,425,17,241,246,LX-WS-0401-EVD-01,EVIDENCE,records/evidence/runs/LX-WS-0401-EVD-01_C50.md,601A8BDE3CB660A8974426958614BF30F19B9B85
LS-WS-0401,C50,audit/WS_C50_OPERATOR_VALIDATION_COMMANDS.md,4436CB5B652AEE7B8EE04DD976756F5A7A6DAC37,425,18,247,274,LX-WS-0401-EVD-01,EVIDENCE,records/evidence/runs/LX-WS-0401-EVD-01_C50.md,601A8BDE3CB660A8974426958614BF30F19B9B85
LS-WS-0401,C50,audit/WS_C50_OPERATOR_VALIDATION_COMMANDS.md,4436CB5B652AEE7B8EE04DD976756F5A7A6DAC37,425,19,275,280,LX-WS-0401-EVD-01,EVIDENCE,records/evidence/runs/LX-WS-0401-EVD-01_C50.md,601A8BDE3CB660A8974426958614BF30F19B9B85
LS-WS-0401,C50,audit/WS_C50_OPERATOR_VALIDATION_COMMANDS.md,4436CB5B652AEE7B8EE04DD976756F5A7A6DAC37,425,20,281,286,LX-WS-0401-EVD-01,EVIDENCE,records/evidence/runs/LX-WS-0401-EVD-01_C50.md,601A8BDE3CB660A8974426958614BF30F19B9B85
LS-WS-0401,C50,audit/WS_C50_OPERATOR_VALIDATION_COMMANDS.md,4436CB5B652AEE7B8EE04DD976756F5A7A6DAC37,425,21,287,294,LX-WS-0401-EVD-01,EVIDENCE,records/evidence/runs/LX-WS-0401-EVD-01_C50.md,601A8BDE3CB660A8974426958614BF30F19B9B85
LS-WS-0401,C50,audit/WS_C50_OPERATOR_VALIDATION_COMMANDS.md,4436CB5B652AEE7B8EE04DD976756F5A7A6DAC37,425,22,295,302,LX-WS-0401-EVD-01,EVIDENCE,records/evidence/runs/LX-WS-0401-EVD-01_C50.md,601A8BDE3CB660A8974426958614BF30F19B9B85
LS-WS-0401,C50,audit/WS_C50_OPERATOR_VALIDATION_COMMANDS.md,4436CB5B652AEE7B8EE04DD976756F5A7A6DAC37,425,23,303,310,LX-WS-0401-FND-02,FINDING,records/history/archive/LX-WS-0401-FND-02_C50.md,CBF35CCA44E5B1D1B24EABF2F67FFC733916B2F3
LS-WS-0401,C50,audit/WS_C50_OPERATOR_VALIDATION_COMMANDS.md,4436CB5B652AEE7B8EE04DD976756F5A7A6DAC37,425,24,311,316,LX-WS-0401-EVD-01,EVIDENCE,records/evidence/runs/LX-WS-0401-EVD-01_C50.md,601A8BDE3CB660A8974426958614BF30F19B9B85
LS-WS-0401,C50,audit/WS_C50_OPERATOR_VALIDATION_COMMANDS.md,4436CB5B652AEE7B8EE04DD976756F5A7A6DAC37,425,25,317,331,LX-WS-0401-EVD-01,EVIDENCE,records/evidence/runs/LX-WS-0401-EVD-01_C50.md,601A8BDE3CB660A8974426958614BF30F19B9B85
LS-WS-0401,C50,audit/WS_C50_OPERATOR_VALIDATION_COMMANDS.md,4436CB5B652AEE7B8EE04DD976756F5A7A6DAC37,425,26,332,425,LX-WS-0401-EVD-01,EVIDENCE,records/evidence/runs/LX-WS-0401-EVD-01_C50.md,601A8BDE3CB660A8974426958614BF30F19B9B85
LS-WS-0402,C51,audit/WS_C51_CONCENTRATION_DEPENDENCY_REDESIGN_REVIEW.md,D6A74ECAAAFD23A1112A44A0A526A3AEB81900F2,377,1,1,2,LX-WS-0402-CTX-04,CONTEXT,records/history/archive/LX-WS-0402-CTX-04_C51.md,C5F4A07AB809FD451EB266E32EB7F7353B3B26D6
LS-WS-0402,C51,audit/WS_C51_CONCENTRATION_DEPENDENCY_REDESIGN_REVIEW.md,D6A74ECAAAFD23A1112A44A0A526A3AEB81900F2,377,2,3,8,LX-WS-0402-RES-03,RESEARCH,records/history/archive/LX-WS-0402-RES-03_C51.md,A6541BC3A3EA54092E11B63365B1FF8F99CB9139
LS-WS-0402,C51,audit/WS_C51_CONCENTRATION_DEPENDENCY_REDESIGN_REVIEW.md,D6A74ECAAAFD23A1112A44A0A526A3AEB81900F2,377,3,9,19,LX-WS-0402-RES-03,RESEARCH,records/history/archive/LX-WS-0402-RES-03_C51.md,A6541BC3A3EA54092E11B63365B1FF8F99CB9139
LS-WS-0402,C51,audit/WS_C51_CONCENTRATION_DEPENDENCY_REDESIGN_REVIEW.md,D6A74ECAAAFD23A1112A44A0A526A3AEB81900F2,377,4,20,68,LX-WS-0402-EVD-01,EVIDENCE,records/evidence/runs/LX-WS-0402-EVD-01_C51.md,11D8AFF31D38CF4213D789C51F23C62DE31272DF
LS-WS-0402,C51,audit/WS_C51_CONCENTRATION_DEPENDENCY_REDESIGN_REVIEW.md,D6A74ECAAAFD23A1112A44A0A526A3AEB81900F2,377,5,69,81,LX-WS-0402-FND-02,FINDING,records/history/archive/LX-WS-0402-FND-02_C51.md,EFF93A89EBAF602024E41582208E5885DDF79296
LS-WS-0402,C51,audit/WS_C51_CONCENTRATION_DEPENDENCY_REDESIGN_REVIEW.md,D6A74ECAAAFD23A1112A44A0A526A3AEB81900F2,377,6,82,118,LX-WS-0402-RES-03,RESEARCH,records/history/archive/LX-WS-0402-RES-03_C51.md,A6541BC3A3EA54092E11B63365B1FF8F99CB9139
LS-WS-0402,C51,audit/WS_C51_CONCENTRATION_DEPENDENCY_REDESIGN_REVIEW.md,D6A74ECAAAFD23A1112A44A0A526A3AEB81900F2,377,7,119,132,LX-WS-0402-RES-03,RESEARCH,records/history/archive/LX-WS-0402-RES-03_C51.md,A6541BC3A3EA54092E11B63365B1FF8F99CB9139
LS-WS-0402,C51,audit/WS_C51_CONCENTRATION_DEPENDENCY_REDESIGN_REVIEW.md,D6A74ECAAAFD23A1112A44A0A526A3AEB81900F2,377,8,133,155,LX-WS-0402-RES-03,RESEARCH,records/history/archive/LX-WS-0402-RES-03_C51.md,A6541BC3A3EA54092E11B63365B1FF8F99CB9139
LS-WS-0402,C51,audit/WS_C51_CONCENTRATION_DEPENDENCY_REDESIGN_REVIEW.md,D6A74ECAAAFD23A1112A44A0A526A3AEB81900F2,377,9,156,184,LX-WS-0402-RES-03,RESEARCH,records/history/archive/LX-WS-0402-RES-03_C51.md,A6541BC3A3EA54092E11B63365B1FF8F99CB9139
LS-WS-0402,C51,audit/WS_C51_CONCENTRATION_DEPENDENCY_REDESIGN_REVIEW.md,D6A74ECAAAFD23A1112A44A0A526A3AEB81900F2,377,10,185,202,LX-WS-0402-RES-03,RESEARCH,records/history/archive/LX-WS-0402-RES-03_C51.md,A6541BC3A3EA54092E11B63365B1FF8F99CB9139
LS-WS-0402,C51,audit/WS_C51_CONCENTRATION_DEPENDENCY_REDESIGN_REVIEW.md,D6A74ECAAAFD23A1112A44A0A526A3AEB81900F2,377,11,203,224,LX-WS-0402-EVD-01,EVIDENCE,records/evidence/runs/LX-WS-0402-EVD-01_C51.md,11D8AFF31D38CF4213D789C51F23C62DE31272DF
LS-WS-0402,C51,audit/WS_C51_CONCENTRATION_DEPENDENCY_REDESIGN_REVIEW.md,D6A74ECAAAFD23A1112A44A0A526A3AEB81900F2,377,12,225,238,LX-WS-0402-RES-03,RESEARCH,records/history/archive/LX-WS-0402-RES-03_C51.md,A6541BC3A3EA54092E11B63365B1FF8F99CB9139
LS-WS-0402,C51,audit/WS_C51_CONCENTRATION_DEPENDENCY_REDESIGN_REVIEW.md,D6A74ECAAAFD23A1112A44A0A526A3AEB81900F2,377,13,239,257,LX-WS-0402-FND-02,FINDING,records/history/archive/LX-WS-0402-FND-02_C51.md,EFF93A89EBAF602024E41582208E5885DDF79296
LS-WS-0402,C51,audit/WS_C51_CONCENTRATION_DEPENDENCY_REDESIGN_REVIEW.md,D6A74ECAAAFD23A1112A44A0A526A3AEB81900F2,377,14,258,281,LX-WS-0402-RES-03,RESEARCH,records/history/archive/LX-WS-0402-RES-03_C51.md,A6541BC3A3EA54092E11B63365B1FF8F99CB9139
LS-WS-0402,C51,audit/WS_C51_CONCENTRATION_DEPENDENCY_REDESIGN_REVIEW.md,D6A74ECAAAFD23A1112A44A0A526A3AEB81900F2,377,15,282,307,LX-WS-0402-RES-03,RESEARCH,records/history/archive/LX-WS-0402-RES-03_C51.md,A6541BC3A3EA54092E11B63365B1FF8F99CB9139
LS-WS-0402,C51,audit/WS_C51_CONCENTRATION_DEPENDENCY_REDESIGN_REVIEW.md,D6A74ECAAAFD23A1112A44A0A526A3AEB81900F2,377,16,308,336,LX-WS-0402-RES-03,RESEARCH,records/history/archive/LX-WS-0402-RES-03_C51.md,A6541BC3A3EA54092E11B63365B1FF8F99CB9139
LS-WS-0402,C51,audit/WS_C51_CONCENTRATION_DEPENDENCY_REDESIGN_REVIEW.md,D6A74ECAAAFD23A1112A44A0A526A3AEB81900F2,377,17,337,350,LX-WS-0402-RES-03,RESEARCH,records/history/archive/LX-WS-0402-RES-03_C51.md,A6541BC3A3EA54092E11B63365B1FF8F99CB9139
LS-WS-0402,C51,audit/WS_C51_CONCENTRATION_DEPENDENCY_REDESIGN_REVIEW.md,D6A74ECAAAFD23A1112A44A0A526A3AEB81900F2,377,18,351,370,LX-WS-0402-RES-03,RESEARCH,records/history/archive/LX-WS-0402-RES-03_C51.md,A6541BC3A3EA54092E11B63365B1FF8F99CB9139
LS-WS-0402,C51,audit/WS_C51_CONCENTRATION_DEPENDENCY_REDESIGN_REVIEW.md,D6A74ECAAAFD23A1112A44A0A526A3AEB81900F2,377,19,371,377,LX-WS-0402-RES-03,RESEARCH,records/history/archive/LX-WS-0402-RES-03_C51.md,A6541BC3A3EA54092E11B63365B1FF8F99CB9139
LS-WS-0403,C51,audit/WS_C51_OPERATOR_VALIDATION_COMMANDS.md,C7A9103F626F5206772C997D51258FF6B14143A5,505,1,1,2,LX-WS-0403-CTX-04,CONTEXT,records/history/archive/LX-WS-0403-CTX-04_C51.md,FE33C99CDC34BFDB154863500DC9C38177974751
LS-WS-0403,C51,audit/WS_C51_OPERATOR_VALIDATION_COMMANDS.md,C7A9103F626F5206772C997D51258FF6B14143A5,505,2,3,16,LX-WS-0403-EVD-01,EVIDENCE,records/evidence/runs/LX-WS-0403-EVD-01_C51.md,641DDADF29EE18F7354A206AD380EA326154D9B6
LS-WS-0403,C51,audit/WS_C51_OPERATOR_VALIDATION_COMMANDS.md,C7A9103F626F5206772C997D51258FF6B14143A5,505,3,17,30,LX-WS-0403-EVD-01,EVIDENCE,records/evidence/runs/LX-WS-0403-EVD-01_C51.md,641DDADF29EE18F7354A206AD380EA326154D9B6
LS-WS-0403,C51,audit/WS_C51_OPERATOR_VALIDATION_COMMANDS.md,C7A9103F626F5206772C997D51258FF6B14143A5,505,4,31,71,LX-WS-0403-EVD-01,EVIDENCE,records/evidence/runs/LX-WS-0403-EVD-01_C51.md,641DDADF29EE18F7354A206AD380EA326154D9B6
LS-WS-0403,C51,audit/WS_C51_OPERATOR_VALIDATION_COMMANDS.md,C7A9103F626F5206772C997D51258FF6B14143A5,505,5,72,94,LX-WS-0403-EVD-01,EVIDENCE,records/evidence/runs/LX-WS-0403-EVD-01_C51.md,641DDADF29EE18F7354A206AD380EA326154D9B6
LS-WS-0403,C51,audit/WS_C51_OPERATOR_VALIDATION_COMMANDS.md,C7A9103F626F5206772C997D51258FF6B14143A5,505,6,95,108,LX-WS-0403-EVD-01,EVIDENCE,records/evidence/runs/LX-WS-0403-EVD-01_C51.md,641DDADF29EE18F7354A206AD380EA326154D9B6
LS-WS-0403,C51,audit/WS_C51_OPERATOR_VALIDATION_COMMANDS.md,C7A9103F626F5206772C997D51258FF6B14143A5,505,7,109,119,LX-WS-0403-EVD-01,EVIDENCE,records/evidence/runs/LX-WS-0403-EVD-01_C51.md,641DDADF29EE18F7354A206AD380EA326154D9B6
LS-WS-0403,C51,audit/WS_C51_OPERATOR_VALIDATION_COMMANDS.md,C7A9103F626F5206772C997D51258FF6B14143A5,505,8,120,125,LX-WS-0403-EVD-01,EVIDENCE,records/evidence/runs/LX-WS-0403-EVD-01_C51.md,641DDADF29EE18F7354A206AD380EA326154D9B6
LS-WS-0403,C51,audit/WS_C51_OPERATOR_VALIDATION_COMMANDS.md,C7A9103F626F5206772C997D51258FF6B14143A5,505,9,126,131,LX-WS-0403-FND-02,FINDING,records/history/archive/LX-WS-0403-FND-02_C51.md,758AE99BAD60E53A7A48A921290179152CB28171
LS-WS-0403,C51,audit/WS_C51_OPERATOR_VALIDATION_COMMANDS.md,C7A9103F626F5206772C997D51258FF6B14143A5,505,10,132,137,LX-WS-0403-EVD-01,EVIDENCE,records/evidence/runs/LX-WS-0403-EVD-01_C51.md,641DDADF29EE18F7354A206AD380EA326154D9B6
LS-WS-0403,C51,audit/WS_C51_OPERATOR_VALIDATION_COMMANDS.md,C7A9103F626F5206772C997D51258FF6B14143A5,505,11,138,143,LX-WS-0403-EVD-01,EVIDENCE,records/evidence/runs/LX-WS-0403-EVD-01_C51.md,641DDADF29EE18F7354A206AD380EA326154D9B6
LS-WS-0403,C51,audit/WS_C51_OPERATOR_VALIDATION_COMMANDS.md,C7A9103F626F5206772C997D51258FF6B14143A5,505,12,144,149,LX-WS-0403-EVD-01,EVIDENCE,records/evidence/runs/LX-WS-0403-EVD-01_C51.md,641DDADF29EE18F7354A206AD380EA326154D9B6
LS-WS-0403,C51,audit/WS_C51_OPERATOR_VALIDATION_COMMANDS.md,C7A9103F626F5206772C997D51258FF6B14143A5,505,13,150,171,LX-WS-0403-RES-03,RESEARCH,records/history/archive/LX-WS-0403-RES-03_C51.md,93B3EBD8C1885993FBDEF64CC6B9DA7973AF4DB4
LS-WS-0403,C51,audit/WS_C51_OPERATOR_VALIDATION_COMMANDS.md,C7A9103F626F5206772C997D51258FF6B14143A5,505,14,172,194,LX-WS-0403-EVD-01,EVIDENCE,records/evidence/runs/LX-WS-0403-EVD-01_C51.md,641DDADF29EE18F7354A206AD380EA326154D9B6
LS-WS-0403,C51,audit/WS_C51_OPERATOR_VALIDATION_COMMANDS.md,C7A9103F626F5206772C997D51258FF6B14143A5,505,15,195,216,LX-WS-0403-EVD-01,EVIDENCE,records/evidence/runs/LX-WS-0403-EVD-01_C51.md,641DDADF29EE18F7354A206AD380EA326154D9B6
LS-WS-0403,C51,audit/WS_C51_OPERATOR_VALIDATION_COMMANDS.md,C7A9103F626F5206772C997D51258FF6B14143A5,505,16,217,233,LX-WS-0403-EVD-01,EVIDENCE,records/evidence/runs/LX-WS-0403-EVD-01_C51.md,641DDADF29EE18F7354A206AD380EA326154D9B6
LS-WS-0403,C51,audit/WS_C51_OPERATOR_VALIDATION_COMMANDS.md,C7A9103F626F5206772C997D51258FF6B14143A5,505,17,234,250,LX-WS-0403-EVD-01,EVIDENCE,records/evidence/runs/LX-WS-0403-EVD-01_C51.md,641DDADF29EE18F7354A206AD380EA326154D9B6
LS-WS-0403,C51,audit/WS_C51_OPERATOR_VALIDATION_COMMANDS.md,C7A9103F626F5206772C997D51258FF6B14143A5,505,18,251,256,LX-WS-0403-EVD-01,EVIDENCE,records/evidence/runs/LX-WS-0403-EVD-01_C51.md,641DDADF29EE18F7354A206AD380EA326154D9B6
LS-WS-0403,C51,audit/WS_C51_OPERATOR_VALIDATION_COMMANDS.md,C7A9103F626F5206772C997D51258FF6B14143A5,505,19,257,262,LX-WS-0403-EVD-01,EVIDENCE,records/evidence/runs/LX-WS-0403-EVD-01_C51.md,641DDADF29EE18F7354A206AD380EA326154D9B6
LS-WS-0403,C51,audit/WS_C51_OPERATOR_VALIDATION_COMMANDS.md,C7A9103F626F5206772C997D51258FF6B14143A5,505,20,263,268,LX-WS-0403-EVD-01,EVIDENCE,records/evidence/runs/LX-WS-0403-EVD-01_C51.md,641DDADF29EE18F7354A206AD380EA326154D9B6
LS-WS-0403,C51,audit/WS_C51_OPERATOR_VALIDATION_COMMANDS.md,C7A9103F626F5206772C997D51258FF6B14143A5,505,21,269,287,LX-WS-0403-EVD-01,EVIDENCE,records/evidence/runs/LX-WS-0403-EVD-01_C51.md,641DDADF29EE18F7354A206AD380EA326154D9B6
LS-WS-0403,C51,audit/WS_C51_OPERATOR_VALIDATION_COMMANDS.md,C7A9103F626F5206772C997D51258FF6B14143A5,505,22,288,293,LX-WS-0403-EVD-01,EVIDENCE,records/evidence/runs/LX-WS-0403-EVD-01_C51.md,641DDADF29EE18F7354A206AD380EA326154D9B6
LS-WS-0403,C51,audit/WS_C51_OPERATOR_VALIDATION_COMMANDS.md,C7A9103F626F5206772C997D51258FF6B14143A5,505,23,294,321,LX-WS-0403-EVD-01,EVIDENCE,records/evidence/runs/LX-WS-0403-EVD-01_C51.md,641DDADF29EE18F7354A206AD380EA326154D9B6
LS-WS-0403,C51,audit/WS_C51_OPERATOR_VALIDATION_COMMANDS.md,C7A9103F626F5206772C997D51258FF6B14143A5,505,24,322,327,LX-WS-0403-EVD-01,EVIDENCE,records/evidence/runs/LX-WS-0403-EVD-01_C51.md,641DDADF29EE18F7354A206AD380EA326154D9B6
LS-WS-0403,C51,audit/WS_C51_OPERATOR_VALIDATION_COMMANDS.md,C7A9103F626F5206772C997D51258FF6B14143A5,505,25,328,345,LX-WS-0403-EVD-01,EVIDENCE,records/evidence/runs/LX-WS-0403-EVD-01_C51.md,641DDADF29EE18F7354A206AD380EA326154D9B6
LS-WS-0403,C51,audit/WS_C51_OPERATOR_VALIDATION_COMMANDS.md,C7A9103F626F5206772C997D51258FF6B14143A5,505,26,346,353,LX-WS-0403-EVD-01,EVIDENCE,records/evidence/runs/LX-WS-0403-EVD-01_C51.md,641DDADF29EE18F7354A206AD380EA326154D9B6
LS-WS-0403,C51,audit/WS_C51_OPERATOR_VALIDATION_COMMANDS.md,C7A9103F626F5206772C997D51258FF6B14143A5,505,27,354,361,LX-WS-0403-EVD-01,EVIDENCE,records/evidence/runs/LX-WS-0403-EVD-01_C51.md,641DDADF29EE18F7354A206AD380EA326154D9B6
LS-WS-0403,C51,audit/WS_C51_OPERATOR_VALIDATION_COMMANDS.md,C7A9103F626F5206772C997D51258FF6B14143A5,505,28,362,369,LX-WS-0403-FND-02,FINDING,records/history/archive/LX-WS-0403-FND-02_C51.md,758AE99BAD60E53A7A48A921290179152CB28171
LS-WS-0403,C51,audit/WS_C51_OPERATOR_VALIDATION_COMMANDS.md,C7A9103F626F5206772C997D51258FF6B14143A5,505,29,370,375,LX-WS-0403-EVD-01,EVIDENCE,records/evidence/runs/LX-WS-0403-EVD-01_C51.md,641DDADF29EE18F7354A206AD380EA326154D9B6
LS-WS-0403,C51,audit/WS_C51_OPERATOR_VALIDATION_COMMANDS.md,C7A9103F626F5206772C997D51258FF6B14143A5,505,30,376,389,LX-WS-0403-EVD-01,EVIDENCE,records/evidence/runs/LX-WS-0403-EVD-01_C51.md,641DDADF29EE18F7354A206AD380EA326154D9B6
LS-WS-0403,C51,audit/WS_C51_OPERATOR_VALIDATION_COMMANDS.md,C7A9103F626F5206772C997D51258FF6B14143A5,505,31,390,402,LX-WS-0403-EVD-01,EVIDENCE,records/evidence/runs/LX-WS-0403-EVD-01_C51.md,641DDADF29EE18F7354A206AD380EA326154D9B6
LS-WS-0403,C51,audit/WS_C51_OPERATOR_VALIDATION_COMMANDS.md,C7A9103F626F5206772C997D51258FF6B14143A5,505,32,403,505,LX-WS-0403-EVD-01,EVIDENCE,records/evidence/runs/LX-WS-0403-EVD-01_C51.md,641DDADF29EE18F7354A206AD380EA326154D9B6
LS-WS-0404,C52,audit/WS_C52_CONCENTRATION_DEPENDENCY_REDESIGN_CONTINUATION.md,91662858AA85828C41CC871A4C27F2389C5CD09F,155,1,1,2,LX-WS-0404-CTX-04,CONTEXT,records/history/archive/LX-WS-0404-CTX-04_C52.md,B5F376E41D4CFEDB808E6BF5D524AA5A9B2975DD
LS-WS-0404,C52,audit/WS_C52_CONCENTRATION_DEPENDENCY_REDESIGN_CONTINUATION.md,91662858AA85828C41CC871A4C27F2389C5CD09F,155,2,3,21,LX-WS-0404-RES-03,RESEARCH,records/history/archive/LX-WS-0404-RES-03_C52.md,6EA94023A7514B15C746B1D7A12504DE75133CEB
LS-WS-0404,C52,audit/WS_C52_CONCENTRATION_DEPENDENCY_REDESIGN_CONTINUATION.md,91662858AA85828C41CC871A4C27F2389C5CD09F,155,3,22,37,LX-WS-0404-RES-03,RESEARCH,records/history/archive/LX-WS-0404-RES-03_C52.md,6EA94023A7514B15C746B1D7A12504DE75133CEB
LS-WS-0404,C52,audit/WS_C52_CONCENTRATION_DEPENDENCY_REDESIGN_CONTINUATION.md,91662858AA85828C41CC871A4C27F2389C5CD09F,155,4,38,67,LX-WS-0404-FND-02,FINDING,records/history/archive/LX-WS-0404-FND-02_C52.md,9271226D4928409FB6DDCDE61F00F9135636E769
LS-WS-0404,C52,audit/WS_C52_CONCENTRATION_DEPENDENCY_REDESIGN_CONTINUATION.md,91662858AA85828C41CC871A4C27F2389C5CD09F,155,5,68,86,LX-WS-0404-RES-03,RESEARCH,records/history/archive/LX-WS-0404-RES-03_C52.md,6EA94023A7514B15C746B1D7A12504DE75133CEB
LS-WS-0404,C52,audit/WS_C52_CONCENTRATION_DEPENDENCY_REDESIGN_CONTINUATION.md,91662858AA85828C41CC871A4C27F2389C5CD09F,155,6,87,101,LX-WS-0404-RES-03,RESEARCH,records/history/archive/LX-WS-0404-RES-03_C52.md,6EA94023A7514B15C746B1D7A12504DE75133CEB
LS-WS-0404,C52,audit/WS_C52_CONCENTRATION_DEPENDENCY_REDESIGN_CONTINUATION.md,91662858AA85828C41CC871A4C27F2389C5CD09F,155,7,102,116,LX-WS-0404-RES-03,RESEARCH,records/history/archive/LX-WS-0404-RES-03_C52.md,6EA94023A7514B15C746B1D7A12504DE75133CEB
LS-WS-0404,C52,audit/WS_C52_CONCENTRATION_DEPENDENCY_REDESIGN_CONTINUATION.md,91662858AA85828C41CC871A4C27F2389C5CD09F,155,8,117,134,LX-WS-0404-RES-03,RESEARCH,records/history/archive/LX-WS-0404-RES-03_C52.md,6EA94023A7514B15C746B1D7A12504DE75133CEB
LS-WS-0404,C52,audit/WS_C52_CONCENTRATION_DEPENDENCY_REDESIGN_CONTINUATION.md,91662858AA85828C41CC871A4C27F2389C5CD09F,155,9,135,138,LX-WS-0404-RES-03,RESEARCH,records/history/archive/LX-WS-0404-RES-03_C52.md,6EA94023A7514B15C746B1D7A12504DE75133CEB
LS-WS-0404,C52,audit/WS_C52_CONCENTRATION_DEPENDENCY_REDESIGN_CONTINUATION.md,91662858AA85828C41CC871A4C27F2389C5CD09F,155,10,139,155,LX-WS-0404-EVD-01,EVIDENCE,records/evidence/runs/LX-WS-0404-EVD-01_C52.md,6AD1A6C3ABA6128AF0080603C6689F0BCF3FFC2B
LS-WS-0406,C53+C52,audit/WS_C53_IS_EVIDENCE_EXPANSION_FOR_C52_REDESIGN.md,730FA979C4E901D8279640E2F6CBC712F1EC7191,114,1,1,2,LX-WS-0406-CTX-03,CONTEXT,records/history/archive/LX-WS-0406-CTX-03_C53_C52.md,7FA87C37E7ACD87D8B22CDF70A8D5CFDAA3F327E
LS-WS-0406,C53+C52,audit/WS_C53_IS_EVIDENCE_EXPANSION_FOR_C52_REDESIGN.md,730FA979C4E901D8279640E2F6CBC712F1EC7191,114,2,3,12,LX-WS-0406-RES-02,RESEARCH,records/history/archive/LX-WS-0406-RES-02_C53_C52.md,124432712D12B7C8C8339D3B1C6FAA26A8DCD6B1
LS-WS-0406,C53+C52,audit/WS_C53_IS_EVIDENCE_EXPANSION_FOR_C52_REDESIGN.md,730FA979C4E901D8279640E2F6CBC712F1EC7191,114,3,13,25,LX-WS-0406-RES-02,RESEARCH,records/history/archive/LX-WS-0406-RES-02_C53_C52.md,124432712D12B7C8C8339D3B1C6FAA26A8DCD6B1
LS-WS-0406,C53+C52,audit/WS_C53_IS_EVIDENCE_EXPANSION_FOR_C52_REDESIGN.md,730FA979C4E901D8279640E2F6CBC712F1EC7191,114,4,26,39,LX-WS-0406-RES-02,RESEARCH,records/history/archive/LX-WS-0406-RES-02_C53_C52.md,124432712D12B7C8C8339D3B1C6FAA26A8DCD6B1
LS-WS-0406,C53+C52,audit/WS_C53_IS_EVIDENCE_EXPANSION_FOR_C52_REDESIGN.md,730FA979C4E901D8279640E2F6CBC712F1EC7191,114,5,40,88,LX-WS-0406-EVD-01,EVIDENCE,records/evidence/runs/LX-WS-0406-EVD-01_C53_C52.md,B5472C7EE64184368AF2B2B9B624BB988C6D5522
LS-WS-0406,C53+C52,audit/WS_C53_IS_EVIDENCE_EXPANSION_FOR_C52_REDESIGN.md,730FA979C4E901D8279640E2F6CBC712F1EC7191,114,6,89,104,LX-WS-0406-RES-02,RESEARCH,records/history/archive/LX-WS-0406-RES-02_C53_C52.md,124432712D12B7C8C8339D3B1C6FAA26A8DCD6B1
LS-WS-0406,C53+C52,audit/WS_C53_IS_EVIDENCE_EXPANSION_FOR_C52_REDESIGN.md,730FA979C4E901D8279640E2F6CBC712F1EC7191,114,7,105,114,LX-WS-0406-RES-02,RESEARCH,records/history/archive/LX-WS-0406-RES-02_C53_C52.md,124432712D12B7C8C8339D3B1C6FAA26A8DCD6B1
LS-WS-0409,C54,audit/WS_C54_ROLLING_STABILITY_REDESIGN_OR_RECALIBRATION_IS_ONLY.md,81A8B873B788ADB897E2B09C8E237F05EDE5A780,83,1,1,2,LX-WS-0409-CTX-03,CONTEXT,records/history/archive/LX-WS-0409-CTX-03_C54.md,08913D8F5DDF4D9C1305C0DACCCA5AAD94685D28
LS-WS-0409,C54,audit/WS_C54_ROLLING_STABILITY_REDESIGN_OR_RECALIBRATION_IS_ONLY.md,81A8B873B788ADB897E2B09C8E237F05EDE5A780,83,2,3,15,LX-WS-0409-RES-02,RESEARCH,records/history/archive/LX-WS-0409-RES-02_C54.md,F44916850511455C3BE3DD31B3DF8F5905A01650
LS-WS-0409,C54,audit/WS_C54_ROLLING_STABILITY_REDESIGN_OR_RECALIBRATION_IS_ONLY.md,81A8B873B788ADB897E2B09C8E237F05EDE5A780,83,3,16,27,LX-WS-0409-RES-02,RESEARCH,records/history/archive/LX-WS-0409-RES-02_C54.md,F44916850511455C3BE3DD31B3DF8F5905A01650
LS-WS-0409,C54,audit/WS_C54_ROLLING_STABILITY_REDESIGN_OR_RECALIBRATION_IS_ONLY.md,81A8B873B788ADB897E2B09C8E237F05EDE5A780,83,4,28,42,LX-WS-0409-RES-02,RESEARCH,records/history/archive/LX-WS-0409-RES-02_C54.md,F44916850511455C3BE3DD31B3DF8F5905A01650
LS-WS-0409,C54,audit/WS_C54_ROLLING_STABILITY_REDESIGN_OR_RECALIBRATION_IS_ONLY.md,81A8B873B788ADB897E2B09C8E237F05EDE5A780,83,5,43,74,LX-WS-0409-EVD-01,EVIDENCE,records/evidence/runs/LX-WS-0409-EVD-01_C54.md,33AD2583364730B12712046FE0FF62155681E940
LS-WS-0409,C54,audit/WS_C54_ROLLING_STABILITY_REDESIGN_OR_RECALIBRATION_IS_ONLY.md,81A8B873B788ADB897E2B09C8E237F05EDE5A780,83,6,75,83,LX-WS-0409-RES-02,RESEARCH,records/history/archive/LX-WS-0409-RES-02_C54.md,F44916850511455C3BE3DD31B3DF8F5905A01650
LS-WS-0410,C55,audit/WS_C55_OPERATOR_VALIDATION_COMMANDS.md,9B330382A1FFC08425C12C75143F6DF79BC66A6A,342,1,1,2,LX-WS-0410-CTX-04,CONTEXT,records/history/archive/LX-WS-0410-CTX-04_C55.md,A45624D4CAF6EB8152B47D7301DBB362D1098468
LS-WS-0410,C55,audit/WS_C55_OPERATOR_VALIDATION_COMMANDS.md,9B330382A1FFC08425C12C75143F6DF79BC66A6A,342,2,3,22,LX-WS-0410-EVD-01,EVIDENCE,records/evidence/runs/LX-WS-0410-EVD-01_C55.md,CDEF0C570AFFFF2309DAFA45D2796DCA1C8FBDB1
LS-WS-0410,C55,audit/WS_C55_OPERATOR_VALIDATION_COMMANDS.md,9B330382A1FFC08425C12C75143F6DF79BC66A6A,342,3,23,36,LX-WS-0410-EVD-01,EVIDENCE,records/evidence/runs/LX-WS-0410-EVD-01_C55.md,CDEF0C570AFFFF2309DAFA45D2796DCA1C8FBDB1
LS-WS-0410,C55,audit/WS_C55_OPERATOR_VALIDATION_COMMANDS.md,9B330382A1FFC08425C12C75143F6DF79BC66A6A,342,4,37,48,LX-WS-0410-EVD-01,EVIDENCE,records/evidence/runs/LX-WS-0410-EVD-01_C55.md,CDEF0C570AFFFF2309DAFA45D2796DCA1C8FBDB1
LS-WS-0410,C55,audit/WS_C55_OPERATOR_VALIDATION_COMMANDS.md,9B330382A1FFC08425C12C75143F6DF79BC66A6A,342,5,49,99,LX-WS-0410-EVD-01,EVIDENCE,records/evidence/runs/LX-WS-0410-EVD-01_C55.md,CDEF0C570AFFFF2309DAFA45D2796DCA1C8FBDB1
LS-WS-0410,C55,audit/WS_C55_OPERATOR_VALIDATION_COMMANDS.md,9B330382A1FFC08425C12C75143F6DF79BC66A6A,342,6,100,134,LX-WS-0410-EVD-01,EVIDENCE,records/evidence/runs/LX-WS-0410-EVD-01_C55.md,CDEF0C570AFFFF2309DAFA45D2796DCA1C8FBDB1
LS-WS-0410,C55,audit/WS_C55_OPERATOR_VALIDATION_COMMANDS.md,9B330382A1FFC08425C12C75143F6DF79BC66A6A,342,7,135,152,LX-WS-0410-EVD-01,EVIDENCE,records/evidence/runs/LX-WS-0410-EVD-01_C55.md,CDEF0C570AFFFF2309DAFA45D2796DCA1C8FBDB1
LS-WS-0410,C55,audit/WS_C55_OPERATOR_VALIDATION_COMMANDS.md,9B330382A1FFC08425C12C75143F6DF79BC66A6A,342,8,153,160,LX-WS-0410-EVD-01,EVIDENCE,records/evidence/runs/LX-WS-0410-EVD-01_C55.md,CDEF0C570AFFFF2309DAFA45D2796DCA1C8FBDB1
LS-WS-0410,C55,audit/WS_C55_OPERATOR_VALIDATION_COMMANDS.md,9B330382A1FFC08425C12C75143F6DF79BC66A6A,342,9,161,169,LX-WS-0410-EVD-01,EVIDENCE,records/evidence/runs/LX-WS-0410-EVD-01_C55.md,CDEF0C570AFFFF2309DAFA45D2796DCA1C8FBDB1
LS-WS-0410,C55,audit/WS_C55_OPERATOR_VALIDATION_COMMANDS.md,9B330382A1FFC08425C12C75143F6DF79BC66A6A,342,10,170,185,LX-WS-0410-EVD-01,EVIDENCE,records/evidence/runs/LX-WS-0410-EVD-01_C55.md,CDEF0C570AFFFF2309DAFA45D2796DCA1C8FBDB1
LS-WS-0410,C55,audit/WS_C55_OPERATOR_VALIDATION_COMMANDS.md,9B330382A1FFC08425C12C75143F6DF79BC66A6A,342,11,186,192,LX-WS-0410-EVD-01,EVIDENCE,records/evidence/runs/LX-WS-0410-EVD-01_C55.md,CDEF0C570AFFFF2309DAFA45D2796DCA1C8FBDB1
LS-WS-0410,C55,audit/WS_C55_OPERATOR_VALIDATION_COMMANDS.md,9B330382A1FFC08425C12C75143F6DF79BC66A6A,342,12,193,219,LX-WS-0410-RES-03,RESEARCH,records/history/archive/LX-WS-0410-RES-03_C55.md,8BFD5C35BAF780074E71333B52FC167D6192C2F2
LS-WS-0410,C55,audit/WS_C55_OPERATOR_VALIDATION_COMMANDS.md,9B330382A1FFC08425C12C75143F6DF79BC66A6A,342,13,220,241,LX-WS-0410-EVD-01,EVIDENCE,records/evidence/runs/LX-WS-0410-EVD-01_C55.md,CDEF0C570AFFFF2309DAFA45D2796DCA1C8FBDB1
LS-WS-0410,C55,audit/WS_C55_OPERATOR_VALIDATION_COMMANDS.md,9B330382A1FFC08425C12C75143F6DF79BC66A6A,342,14,242,268,LX-WS-0410-EVD-01,EVIDENCE,records/evidence/runs/LX-WS-0410-EVD-01_C55.md,CDEF0C570AFFFF2309DAFA45D2796DCA1C8FBDB1
LS-WS-0410,C55,audit/WS_C55_OPERATOR_VALIDATION_COMMANDS.md,9B330382A1FFC08425C12C75143F6DF79BC66A6A,342,15,269,277,LX-WS-0410-EVD-01,EVIDENCE,records/evidence/runs/LX-WS-0410-EVD-01_C55.md,CDEF0C570AFFFF2309DAFA45D2796DCA1C8FBDB1
LS-WS-0410,C55,audit/WS_C55_OPERATOR_VALIDATION_COMMANDS.md,9B330382A1FFC08425C12C75143F6DF79BC66A6A,342,16,278,311,LX-WS-0410-EVD-01,EVIDENCE,records/evidence/runs/LX-WS-0410-EVD-01_C55.md,CDEF0C570AFFFF2309DAFA45D2796DCA1C8FBDB1
LS-WS-0410,C55,audit/WS_C55_OPERATOR_VALIDATION_COMMANDS.md,9B330382A1FFC08425C12C75143F6DF79BC66A6A,342,17,312,327,LX-WS-0410-FND-02,FINDING,records/history/archive/LX-WS-0410-FND-02_C55.md,A21E41AD45B766FFAA41A277B9BC23E6F5EEE1A7
LS-WS-0410,C55,audit/WS_C55_OPERATOR_VALIDATION_COMMANDS.md,9B330382A1FFC08425C12C75143F6DF79BC66A6A,342,18,328,333,LX-WS-0410-EVD-01,EVIDENCE,records/evidence/runs/LX-WS-0410-EVD-01_C55.md,CDEF0C570AFFFF2309DAFA45D2796DCA1C8FBDB1
LS-WS-0410,C55,audit/WS_C55_OPERATOR_VALIDATION_COMMANDS.md,9B330382A1FFC08425C12C75143F6DF79BC66A6A,342,19,334,342,LX-WS-0410-EVD-01,EVIDENCE,records/evidence/runs/LX-WS-0410-EVD-01_C55.md,CDEF0C570AFFFF2309DAFA45D2796DCA1C8FBDB1
LS-WS-0411,C55,audit/WS_C55_ROLLING_STABILITY_REDESIGN_CONTINUATION_IS_ONLY.md,4C750326B8858E34F891BE0EB3838AB9C1BA5ECB,270,1,1,2,LX-WS-0411-CTX-04,CONTEXT,records/history/archive/LX-WS-0411-CTX-04_C55.md,B7CD72C62EC4C89DB8BD2DC543AB07EB9C997EE5
LS-WS-0411,C55,audit/WS_C55_ROLLING_STABILITY_REDESIGN_CONTINUATION_IS_ONLY.md,4C750326B8858E34F891BE0EB3838AB9C1BA5ECB,270,2,3,16,LX-WS-0411-RES-03,RESEARCH,records/history/archive/LX-WS-0411-RES-03_C55.md,30C19C4161F98AF3108A2B9ED535821173B7365E
LS-WS-0411,C55,audit/WS_C55_ROLLING_STABILITY_REDESIGN_CONTINUATION_IS_ONLY.md,4C750326B8858E34F891BE0EB3838AB9C1BA5ECB,270,3,17,34,LX-WS-0411-RES-03,RESEARCH,records/history/archive/LX-WS-0411-RES-03_C55.md,30C19C4161F98AF3108A2B9ED535821173B7365E
LS-WS-0411,C55,audit/WS_C55_ROLLING_STABILITY_REDESIGN_CONTINUATION_IS_ONLY.md,4C750326B8858E34F891BE0EB3838AB9C1BA5ECB,270,4,35,51,LX-WS-0411-EVD-01,EVIDENCE,records/evidence/runs/LX-WS-0411-EVD-01_C55.md,F049696AAFAEC6B00F3A9C124373081969C82E97
LS-WS-0411,C55,audit/WS_C55_ROLLING_STABILITY_REDESIGN_CONTINUATION_IS_ONLY.md,4C750326B8858E34F891BE0EB3838AB9C1BA5ECB,270,5,52,64,LX-WS-0411-FND-02,FINDING,records/history/archive/LX-WS-0411-FND-02_C55.md,5BAA2386D80B67986AC54A8AB7186294B617581F
LS-WS-0411,C55,audit/WS_C55_ROLLING_STABILITY_REDESIGN_CONTINUATION_IS_ONLY.md,4C750326B8858E34F891BE0EB3838AB9C1BA5ECB,270,6,65,82,LX-WS-0411-EVD-01,EVIDENCE,records/evidence/runs/LX-WS-0411-EVD-01_C55.md,F049696AAFAEC6B00F3A9C124373081969C82E97
LS-WS-0411,C55,audit/WS_C55_ROLLING_STABILITY_REDESIGN_CONTINUATION_IS_ONLY.md,4C750326B8858E34F891BE0EB3838AB9C1BA5ECB,270,7,83,98,LX-WS-0411-RES-03,RESEARCH,records/history/archive/LX-WS-0411-RES-03_C55.md,30C19C4161F98AF3108A2B9ED535821173B7365E
LS-WS-0411,C55,audit/WS_C55_ROLLING_STABILITY_REDESIGN_CONTINUATION_IS_ONLY.md,4C750326B8858E34F891BE0EB3838AB9C1BA5ECB,270,8,99,120,LX-WS-0411-RES-03,RESEARCH,records/history/archive/LX-WS-0411-RES-03_C55.md,30C19C4161F98AF3108A2B9ED535821173B7365E
LS-WS-0411,C55,audit/WS_C55_ROLLING_STABILITY_REDESIGN_CONTINUATION_IS_ONLY.md,4C750326B8858E34F891BE0EB3838AB9C1BA5ECB,270,9,121,139,LX-WS-0411-RES-03,RESEARCH,records/history/archive/LX-WS-0411-RES-03_C55.md,30C19C4161F98AF3108A2B9ED535821173B7365E
LS-WS-0411,C55,audit/WS_C55_ROLLING_STABILITY_REDESIGN_CONTINUATION_IS_ONLY.md,4C750326B8858E34F891BE0EB3838AB9C1BA5ECB,270,10,140,169,LX-WS-0411-RES-03,RESEARCH,records/history/archive/LX-WS-0411-RES-03_C55.md,30C19C4161F98AF3108A2B9ED535821173B7365E
LS-WS-0411,C55,audit/WS_C55_ROLLING_STABILITY_REDESIGN_CONTINUATION_IS_ONLY.md,4C750326B8858E34F891BE0EB3838AB9C1BA5ECB,270,11,170,204,LX-WS-0411-RES-03,RESEARCH,records/history/archive/LX-WS-0411-RES-03_C55.md,30C19C4161F98AF3108A2B9ED535821173B7365E
LS-WS-0411,C55,audit/WS_C55_ROLLING_STABILITY_REDESIGN_CONTINUATION_IS_ONLY.md,4C750326B8858E34F891BE0EB3838AB9C1BA5ECB,270,12,205,237,LX-WS-0411-EVD-01,EVIDENCE,records/evidence/runs/LX-WS-0411-EVD-01_C55.md,F049696AAFAEC6B00F3A9C124373081969C82E97
LS-WS-0411,C55,audit/WS_C55_ROLLING_STABILITY_REDESIGN_CONTINUATION_IS_ONLY.md,4C750326B8858E34F891BE0EB3838AB9C1BA5ECB,270,13,238,255,LX-WS-0411-EVD-01,EVIDENCE,records/evidence/runs/LX-WS-0411-EVD-01_C55.md,F049696AAFAEC6B00F3A9C124373081969C82E97
LS-WS-0411,C55,audit/WS_C55_ROLLING_STABILITY_REDESIGN_CONTINUATION_IS_ONLY.md,4C750326B8858E34F891BE0EB3838AB9C1BA5ECB,270,14,256,263,LX-WS-0411-FND-02,FINDING,records/history/archive/LX-WS-0411-FND-02_C55.md,5BAA2386D80B67986AC54A8AB7186294B617581F
LS-WS-0411,C55,audit/WS_C55_ROLLING_STABILITY_REDESIGN_CONTINUATION_IS_ONLY.md,4C750326B8858E34F891BE0EB3838AB9C1BA5ECB,270,15,264,270,LX-WS-0411-RES-03,RESEARCH,records/history/archive/LX-WS-0411-RES-03_C55.md,30C19C4161F98AF3108A2B9ED535821173B7365E
LS-WS-0412,C56,audit/WS_C56_OPERATOR_VALIDATION_COMMANDS.md,9399980167CEB89E2D947A69FC6CBFDC05DE6853,225,1,1,2,LX-WS-0412-CTX-03,CONTEXT,records/history/archive/LX-WS-0412-CTX-03_C56.md,014D8B4995FE597E4F7768848E771BBB526478FD
LS-WS-0412,C56,audit/WS_C56_OPERATOR_VALIDATION_COMMANDS.md,9399980167CEB89E2D947A69FC6CBFDC05DE6853,225,2,3,8,LX-WS-0412-EVD-01,EVIDENCE,records/evidence/runs/LX-WS-0412-EVD-01_C56.md,8A2DD35864B7B1946CA9021E446FE3D3884D46CA
LS-WS-0412,C56,audit/WS_C56_OPERATOR_VALIDATION_COMMANDS.md,9399980167CEB89E2D947A69FC6CBFDC05DE6853,225,3,9,14,LX-WS-0412-EVD-01,EVIDENCE,records/evidence/runs/LX-WS-0412-EVD-01_C56.md,8A2DD35864B7B1946CA9021E446FE3D3884D46CA
LS-WS-0412,C56,audit/WS_C56_OPERATOR_VALIDATION_COMMANDS.md,9399980167CEB89E2D947A69FC6CBFDC05DE6853,225,4,15,37,LX-WS-0412-EVD-01,EVIDENCE,records/evidence/runs/LX-WS-0412-EVD-01_C56.md,8A2DD35864B7B1946CA9021E446FE3D3884D46CA
LS-WS-0412,C56,audit/WS_C56_OPERATOR_VALIDATION_COMMANDS.md,9399980167CEB89E2D947A69FC6CBFDC05DE6853,225,5,38,43,LX-WS-0412-EVD-01,EVIDENCE,records/evidence/runs/LX-WS-0412-EVD-01_C56.md,8A2DD35864B7B1946CA9021E446FE3D3884D46CA
LS-WS-0412,C56,audit/WS_C56_OPERATOR_VALIDATION_COMMANDS.md,9399980167CEB89E2D947A69FC6CBFDC05DE6853,225,6,44,55,LX-WS-0412-EVD-01,EVIDENCE,records/evidence/runs/LX-WS-0412-EVD-01_C56.md,8A2DD35864B7B1946CA9021E446FE3D3884D46CA
LS-WS-0412,C56,audit/WS_C56_OPERATOR_VALIDATION_COMMANDS.md,9399980167CEB89E2D947A69FC6CBFDC05DE6853,225,7,56,67,LX-WS-0412-EVD-01,EVIDENCE,records/evidence/runs/LX-WS-0412-EVD-01_C56.md,8A2DD35864B7B1946CA9021E446FE3D3884D46CA
LS-WS-0412,C56,audit/WS_C56_OPERATOR_VALIDATION_COMMANDS.md,9399980167CEB89E2D947A69FC6CBFDC05DE6853,225,8,68,76,LX-WS-0412-EVD-01,EVIDENCE,records/evidence/runs/LX-WS-0412-EVD-01_C56.md,8A2DD35864B7B1946CA9021E446FE3D3884D46CA
LS-WS-0412,C56,audit/WS_C56_OPERATOR_VALIDATION_COMMANDS.md,9399980167CEB89E2D947A69FC6CBFDC05DE6853,225,9,77,87,LX-WS-0412-EVD-01,EVIDENCE,records/evidence/runs/LX-WS-0412-EVD-01_C56.md,8A2DD35864B7B1946CA9021E446FE3D3884D46CA
LS-WS-0412,C56,audit/WS_C56_OPERATOR_VALIDATION_COMMANDS.md,9399980167CEB89E2D947A69FC6CBFDC05DE6853,225,10,88,94,LX-WS-0412-EVD-01,EVIDENCE,records/evidence/runs/LX-WS-0412-EVD-01_C56.md,8A2DD35864B7B1946CA9021E446FE3D3884D46CA
LS-WS-0412,C56,audit/WS_C56_OPERATOR_VALIDATION_COMMANDS.md,9399980167CEB89E2D947A69FC6CBFDC05DE6853,225,11,95,106,LX-WS-0412-RES-02,RESEARCH,records/history/archive/LX-WS-0412-RES-02_C56.md,6FE81B9F3D5A32C7878A98F02FE1CB5F64D0C2D4
LS-WS-0412,C56,audit/WS_C56_OPERATOR_VALIDATION_COMMANDS.md,9399980167CEB89E2D947A69FC6CBFDC05DE6853,225,12,107,117,LX-WS-0412-EVD-01,EVIDENCE,records/evidence/runs/LX-WS-0412-EVD-01_C56.md,8A2DD35864B7B1946CA9021E446FE3D3884D46CA
LS-WS-0412,C56,audit/WS_C56_OPERATOR_VALIDATION_COMMANDS.md,9399980167CEB89E2D947A69FC6CBFDC05DE6853,225,13,118,126,LX-WS-0412-EVD-01,EVIDENCE,records/evidence/runs/LX-WS-0412-EVD-01_C56.md,8A2DD35864B7B1946CA9021E446FE3D3884D46CA
LS-WS-0412,C56,audit/WS_C56_OPERATOR_VALIDATION_COMMANDS.md,9399980167CEB89E2D947A69FC6CBFDC05DE6853,225,14,127,140,LX-WS-0412-EVD-01,EVIDENCE,records/evidence/runs/LX-WS-0412-EVD-01_C56.md,8A2DD35864B7B1946CA9021E446FE3D3884D46CA
LS-WS-0412,C56,audit/WS_C56_OPERATOR_VALIDATION_COMMANDS.md,9399980167CEB89E2D947A69FC6CBFDC05DE6853,225,15,141,146,LX-WS-0412-EVD-01,EVIDENCE,records/evidence/runs/LX-WS-0412-EVD-01_C56.md,8A2DD35864B7B1946CA9021E446FE3D3884D46CA
LS-WS-0412,C56,audit/WS_C56_OPERATOR_VALIDATION_COMMANDS.md,9399980167CEB89E2D947A69FC6CBFDC05DE6853,225,16,147,159,LX-WS-0412-EVD-01,EVIDENCE,records/evidence/runs/LX-WS-0412-EVD-01_C56.md,8A2DD35864B7B1946CA9021E446FE3D3884D46CA
LS-WS-0412,C56,audit/WS_C56_OPERATOR_VALIDATION_COMMANDS.md,9399980167CEB89E2D947A69FC6CBFDC05DE6853,225,17,160,173,LX-WS-0412-EVD-01,EVIDENCE,records/evidence/runs/LX-WS-0412-EVD-01_C56.md,8A2DD35864B7B1946CA9021E446FE3D3884D46CA
LS-WS-0412,C56,audit/WS_C56_OPERATOR_VALIDATION_COMMANDS.md,9399980167CEB89E2D947A69FC6CBFDC05DE6853,225,18,174,186,LX-WS-0412-EVD-01,EVIDENCE,records/evidence/runs/LX-WS-0412-EVD-01_C56.md,8A2DD35864B7B1946CA9021E446FE3D3884D46CA
LS-WS-0412,C56,audit/WS_C56_OPERATOR_VALIDATION_COMMANDS.md,9399980167CEB89E2D947A69FC6CBFDC05DE6853,225,19,187,202,LX-WS-0412-EVD-01,EVIDENCE,records/evidence/runs/LX-WS-0412-EVD-01_C56.md,8A2DD35864B7B1946CA9021E446FE3D3884D46CA
LS-WS-0412,C56,audit/WS_C56_OPERATOR_VALIDATION_COMMANDS.md,9399980167CEB89E2D947A69FC6CBFDC05DE6853,225,20,203,222,LX-WS-0412-EVD-01,EVIDENCE,records/evidence/runs/LX-WS-0412-EVD-01_C56.md,8A2DD35864B7B1946CA9021E446FE3D3884D46CA
LS-WS-0412,C56,audit/WS_C56_OPERATOR_VALIDATION_COMMANDS.md,9399980167CEB89E2D947A69FC6CBFDC05DE6853,225,21,223,225,LX-WS-0412-EVD-01,EVIDENCE,records/evidence/runs/LX-WS-0412-EVD-01_C56.md,8A2DD35864B7B1946CA9021E446FE3D3884D46CA
LS-WS-0413,C56,audit/WS_C56_ROLLING_STABILITY_REDESIGN_CONTINUATION_IS_ONLY.md,9906F319009847026D081ECFDA66004B2B89BADC,407,1,1,2,LX-WS-0413-CTX-04,CONTEXT,records/history/archive/LX-WS-0413-CTX-04_C56.md,E664EF729DF9B10D007B59AD099DD192E399B7C2
LS-WS-0413,C56,audit/WS_C56_ROLLING_STABILITY_REDESIGN_CONTINUATION_IS_ONLY.md,9906F319009847026D081ECFDA66004B2B89BADC,407,2,3,8,LX-WS-0413-RES-03,RESEARCH,records/history/archive/LX-WS-0413-RES-03_C56.md,7F5AF5BC1ED3E6477AABD1AE72508F21A7BD52CE
LS-WS-0413,C56,audit/WS_C56_ROLLING_STABILITY_REDESIGN_CONTINUATION_IS_ONLY.md,9906F319009847026D081ECFDA66004B2B89BADC,407,3,9,28,LX-WS-0413-RES-03,RESEARCH,records/history/archive/LX-WS-0413-RES-03_C56.md,7F5AF5BC1ED3E6477AABD1AE72508F21A7BD52CE
LS-WS-0413,C56,audit/WS_C56_ROLLING_STABILITY_REDESIGN_CONTINUATION_IS_ONLY.md,9906F319009847026D081ECFDA66004B2B89BADC,407,4,29,42,LX-WS-0413-EVD-01,EVIDENCE,records/evidence/runs/LX-WS-0413-EVD-01_C56.md,0ED5D85B8791E519B9D7E1C9F537FF218C593B2E
LS-WS-0413,C56,audit/WS_C56_ROLLING_STABILITY_REDESIGN_CONTINUATION_IS_ONLY.md,9906F319009847026D081ECFDA66004B2B89BADC,407,5,43,66,LX-WS-0413-FND-02,FINDING,records/history/archive/LX-WS-0413-FND-02_C56.md,BFF0C7796A8CD029967A222F92F023841F3F964E
LS-WS-0413,C56,audit/WS_C56_ROLLING_STABILITY_REDESIGN_CONTINUATION_IS_ONLY.md,9906F319009847026D081ECFDA66004B2B89BADC,407,6,67,70,LX-WS-0413-RES-03,RESEARCH,records/history/archive/LX-WS-0413-RES-03_C56.md,7F5AF5BC1ED3E6477AABD1AE72508F21A7BD52CE
LS-WS-0413,C56,audit/WS_C56_ROLLING_STABILITY_REDESIGN_CONTINUATION_IS_ONLY.md,9906F319009847026D081ECFDA66004B2B89BADC,407,7,71,74,LX-WS-0413-RES-03,RESEARCH,records/history/archive/LX-WS-0413-RES-03_C56.md,7F5AF5BC1ED3E6477AABD1AE72508F21A7BD52CE
LS-WS-0413,C56,audit/WS_C56_ROLLING_STABILITY_REDESIGN_CONTINUATION_IS_ONLY.md,9906F319009847026D081ECFDA66004B2B89BADC,407,8,75,93,LX-WS-0413-RES-03,RESEARCH,records/history/archive/LX-WS-0413-RES-03_C56.md,7F5AF5BC1ED3E6477AABD1AE72508F21A7BD52CE
LS-WS-0413,C56,audit/WS_C56_ROLLING_STABILITY_REDESIGN_CONTINUATION_IS_ONLY.md,9906F319009847026D081ECFDA66004B2B89BADC,407,9,94,111,LX-WS-0413-RES-03,RESEARCH,records/history/archive/LX-WS-0413-RES-03_C56.md,7F5AF5BC1ED3E6477AABD1AE72508F21A7BD52CE
LS-WS-0413,C56,audit/WS_C56_ROLLING_STABILITY_REDESIGN_CONTINUATION_IS_ONLY.md,9906F319009847026D081ECFDA66004B2B89BADC,407,10,112,146,LX-WS-0413-RES-03,RESEARCH,records/history/archive/LX-WS-0413-RES-03_C56.md,7F5AF5BC1ED3E6477AABD1AE72508F21A7BD52CE
LS-WS-0413,C56,audit/WS_C56_ROLLING_STABILITY_REDESIGN_CONTINUATION_IS_ONLY.md,9906F319009847026D081ECFDA66004B2B89BADC,407,11,147,179,LX-WS-0413-RES-03,RESEARCH,records/history/archive/LX-WS-0413-RES-03_C56.md,7F5AF5BC1ED3E6477AABD1AE72508F21A7BD52CE
LS-WS-0413,C56,audit/WS_C56_ROLLING_STABILITY_REDESIGN_CONTINUATION_IS_ONLY.md,9906F319009847026D081ECFDA66004B2B89BADC,407,12,180,183,LX-WS-0413-FND-02,FINDING,records/history/archive/LX-WS-0413-FND-02_C56.md,BFF0C7796A8CD029967A222F92F023841F3F964E
LS-WS-0413,C56,audit/WS_C56_ROLLING_STABILITY_REDESIGN_CONTINUATION_IS_ONLY.md,9906F319009847026D081ECFDA66004B2B89BADC,407,13,184,202,LX-WS-0413-EVD-01,EVIDENCE,records/evidence/runs/LX-WS-0413-EVD-01_C56.md,0ED5D85B8791E519B9D7E1C9F537FF218C593B2E
LS-WS-0413,C56,audit/WS_C56_ROLLING_STABILITY_REDESIGN_CONTINUATION_IS_ONLY.md,9906F319009847026D081ECFDA66004B2B89BADC,407,14,203,234,LX-WS-0413-RES-03,RESEARCH,records/history/archive/LX-WS-0413-RES-03_C56.md,7F5AF5BC1ED3E6477AABD1AE72508F21A7BD52CE
LS-WS-0413,C56,audit/WS_C56_ROLLING_STABILITY_REDESIGN_CONTINUATION_IS_ONLY.md,9906F319009847026D081ECFDA66004B2B89BADC,407,15,235,260,LX-WS-0413-EVD-01,EVIDENCE,records/evidence/runs/LX-WS-0413-EVD-01_C56.md,0ED5D85B8791E519B9D7E1C9F537FF218C593B2E
LS-WS-0413,C56,audit/WS_C56_ROLLING_STABILITY_REDESIGN_CONTINUATION_IS_ONLY.md,9906F319009847026D081ECFDA66004B2B89BADC,407,16,261,298,LX-WS-0413-EVD-01,EVIDENCE,records/evidence/runs/LX-WS-0413-EVD-01_C56.md,0ED5D85B8791E519B9D7E1C9F537FF218C593B2E
LS-WS-0413,C56,audit/WS_C56_ROLLING_STABILITY_REDESIGN_CONTINUATION_IS_ONLY.md,9906F319009847026D081ECFDA66004B2B89BADC,407,17,299,319,LX-WS-0413-EVD-01,EVIDENCE,records/evidence/runs/LX-WS-0413-EVD-01_C56.md,0ED5D85B8791E519B9D7E1C9F537FF218C593B2E
LS-WS-0413,C56,audit/WS_C56_ROLLING_STABILITY_REDESIGN_CONTINUATION_IS_ONLY.md,9906F319009847026D081ECFDA66004B2B89BADC,407,18,320,360,LX-WS-0413-EVD-01,EVIDENCE,records/evidence/runs/LX-WS-0413-EVD-01_C56.md,0ED5D85B8791E519B9D7E1C9F537FF218C593B2E
LS-WS-0413,C56,audit/WS_C56_ROLLING_STABILITY_REDESIGN_CONTINUATION_IS_ONLY.md,9906F319009847026D081ECFDA66004B2B89BADC,407,19,361,399,LX-WS-0413-RES-03,RESEARCH,records/history/archive/LX-WS-0413-RES-03_C56.md,7F5AF5BC1ED3E6477AABD1AE72508F21A7BD52CE
LS-WS-0413,C56,audit/WS_C56_ROLLING_STABILITY_REDESIGN_CONTINUATION_IS_ONLY.md,9906F319009847026D081ECFDA66004B2B89BADC,407,20,400,407,LX-WS-0413-FND-02,FINDING,records/history/archive/LX-WS-0413-FND-02_C56.md,BFF0C7796A8CD029967A222F92F023841F3F964E
LS-WS-0414,C57,audit/WS_C57_OPERATOR_VALIDATION_COMMANDS.md,6D9C9740B15353FF91259E94B303CCAE9E130E6F,497,1,1,2,LX-WS-0414-CTX-03,CONTEXT,records/history/archive/LX-WS-0414-CTX-03_C57.md,0E939D4C55CDFD293342542B91146992E5A074F5
LS-WS-0414,C57,audit/WS_C57_OPERATOR_VALIDATION_COMMANDS.md,6D9C9740B15353FF91259E94B303CCAE9E130E6F,497,2,3,16,LX-WS-0414-EVD-01,EVIDENCE,records/evidence/runs/LX-WS-0414-EVD-01_C57.md,6951E6E537AC59E7325146892F947A9FFE26912F
LS-WS-0414,C57,audit/WS_C57_OPERATOR_VALIDATION_COMMANDS.md,6D9C9740B15353FF91259E94B303CCAE9E130E6F,497,3,17,30,LX-WS-0414-EVD-01,EVIDENCE,records/evidence/runs/LX-WS-0414-EVD-01_C57.md,6951E6E537AC59E7325146892F947A9FFE26912F
LS-WS-0414,C57,audit/WS_C57_OPERATOR_VALIDATION_COMMANDS.md,6D9C9740B15353FF91259E94B303CCAE9E130E6F,497,4,31,63,LX-WS-0414-EVD-01,EVIDENCE,records/evidence/runs/LX-WS-0414-EVD-01_C57.md,6951E6E537AC59E7325146892F947A9FFE26912F
LS-WS-0414,C57,audit/WS_C57_OPERATOR_VALIDATION_COMMANDS.md,6D9C9740B15353FF91259E94B303CCAE9E130E6F,497,5,64,107,LX-WS-0414-EVD-01,EVIDENCE,records/evidence/runs/LX-WS-0414-EVD-01_C57.md,6951E6E537AC59E7325146892F947A9FFE26912F
LS-WS-0414,C57,audit/WS_C57_OPERATOR_VALIDATION_COMMANDS.md,6D9C9740B15353FF91259E94B303CCAE9E130E6F,497,6,108,139,LX-WS-0414-EVD-01,EVIDENCE,records/evidence/runs/LX-WS-0414-EVD-01_C57.md,6951E6E537AC59E7325146892F947A9FFE26912F
LS-WS-0414,C57,audit/WS_C57_OPERATOR_VALIDATION_COMMANDS.md,6D9C9740B15353FF91259E94B303CCAE9E130E6F,497,7,140,146,LX-WS-0414-FND-02,FINDING,records/history/archive/LX-WS-0414-FND-02_C57.md,31E50D18F82199C8225316A2C950CCE98A45AA52
LS-WS-0414,C57,audit/WS_C57_OPERATOR_VALIDATION_COMMANDS.md,6D9C9740B15353FF91259E94B303CCAE9E130E6F,497,8,147,158,LX-WS-0414-EVD-01,EVIDENCE,records/evidence/runs/LX-WS-0414-EVD-01_C57.md,6951E6E537AC59E7325146892F947A9FFE26912F
LS-WS-0414,C57,audit/WS_C57_OPERATOR_VALIDATION_COMMANDS.md,6D9C9740B15353FF91259E94B303CCAE9E130E6F,497,9,159,168,LX-WS-0414-EVD-01,EVIDENCE,records/evidence/runs/LX-WS-0414-EVD-01_C57.md,6951E6E537AC59E7325146892F947A9FFE26912F
LS-WS-0414,C57,audit/WS_C57_OPERATOR_VALIDATION_COMMANDS.md,6D9C9740B15353FF91259E94B303CCAE9E130E6F,497,10,169,186,LX-WS-0414-EVD-01,EVIDENCE,records/evidence/runs/LX-WS-0414-EVD-01_C57.md,6951E6E537AC59E7325146892F947A9FFE26912F
LS-WS-0414,C57,audit/WS_C57_OPERATOR_VALIDATION_COMMANDS.md,6D9C9740B15353FF91259E94B303CCAE9E130E6F,497,11,187,196,LX-WS-0414-EVD-01,EVIDENCE,records/evidence/runs/LX-WS-0414-EVD-01_C57.md,6951E6E537AC59E7325146892F947A9FFE26912F
LS-WS-0414,C57,audit/WS_C57_OPERATOR_VALIDATION_COMMANDS.md,6D9C9740B15353FF91259E94B303CCAE9E130E6F,497,12,197,204,LX-WS-0414-EVD-01,EVIDENCE,records/evidence/runs/LX-WS-0414-EVD-01_C57.md,6951E6E537AC59E7325146892F947A9FFE26912F
LS-WS-0414,C57,audit/WS_C57_OPERATOR_VALIDATION_COMMANDS.md,6D9C9740B15353FF91259E94B303CCAE9E130E6F,497,13,205,212,LX-WS-0414-EVD-01,EVIDENCE,records/evidence/runs/LX-WS-0414-EVD-01_C57.md,6951E6E537AC59E7325146892F947A9FFE26912F
LS-WS-0414,C57,audit/WS_C57_OPERATOR_VALIDATION_COMMANDS.md,6D9C9740B15353FF91259E94B303CCAE9E130E6F,497,14,213,220,LX-WS-0414-EVD-01,EVIDENCE,records/evidence/runs/LX-WS-0414-EVD-01_C57.md,6951E6E537AC59E7325146892F947A9FFE26912F
LS-WS-0414,C57,audit/WS_C57_OPERATOR_VALIDATION_COMMANDS.md,6D9C9740B15353FF91259E94B303CCAE9E130E6F,497,15,221,226,LX-WS-0414-EVD-01,EVIDENCE,records/evidence/runs/LX-WS-0414-EVD-01_C57.md,6951E6E537AC59E7325146892F947A9FFE26912F
LS-WS-0414,C57,audit/WS_C57_OPERATOR_VALIDATION_COMMANDS.md,6D9C9740B15353FF91259E94B303CCAE9E130E6F,497,16,227,233,LX-WS-0414-EVD-01,EVIDENCE,records/evidence/runs/LX-WS-0414-EVD-01_C57.md,6951E6E537AC59E7325146892F947A9FFE26912F
LS-WS-0414,C57,audit/WS_C57_OPERATOR_VALIDATION_COMMANDS.md,6D9C9740B15353FF91259E94B303CCAE9E130E6F,497,17,234,241,LX-WS-0414-EVD-01,EVIDENCE,records/evidence/runs/LX-WS-0414-EVD-01_C57.md,6951E6E537AC59E7325146892F947A9FFE26912F
LS-WS-0414,C57,audit/WS_C57_OPERATOR_VALIDATION_COMMANDS.md,6D9C9740B15353FF91259E94B303CCAE9E130E6F,497,18,242,249,LX-WS-0414-EVD-01,EVIDENCE,records/evidence/runs/LX-WS-0414-EVD-01_C57.md,6951E6E537AC59E7325146892F947A9FFE26912F
LS-WS-0414,C57,audit/WS_C57_OPERATOR_VALIDATION_COMMANDS.md,6D9C9740B15353FF91259E94B303CCAE9E130E6F,497,19,250,259,LX-WS-0414-EVD-01,EVIDENCE,records/evidence/runs/LX-WS-0414-EVD-01_C57.md,6951E6E537AC59E7325146892F947A9FFE26912F
LS-WS-0414,C57,audit/WS_C57_OPERATOR_VALIDATION_COMMANDS.md,6D9C9740B15353FF91259E94B303CCAE9E130E6F,497,20,260,269,LX-WS-0414-EVD-01,EVIDENCE,records/evidence/runs/LX-WS-0414-EVD-01_C57.md,6951E6E537AC59E7325146892F947A9FFE26912F
LS-WS-0414,C57,audit/WS_C57_OPERATOR_VALIDATION_COMMANDS.md,6D9C9740B15353FF91259E94B303CCAE9E130E6F,497,21,270,279,LX-WS-0414-EVD-01,EVIDENCE,records/evidence/runs/LX-WS-0414-EVD-01_C57.md,6951E6E537AC59E7325146892F947A9FFE26912F
LS-WS-0414,C57,audit/WS_C57_OPERATOR_VALIDATION_COMMANDS.md,6D9C9740B15353FF91259E94B303CCAE9E130E6F,497,22,280,287,LX-WS-0414-EVD-01,EVIDENCE,records/evidence/runs/LX-WS-0414-EVD-01_C57.md,6951E6E537AC59E7325146892F947A9FFE26912F
LS-WS-0414,C57,audit/WS_C57_OPERATOR_VALIDATION_COMMANDS.md,6D9C9740B15353FF91259E94B303CCAE9E130E6F,497,23,288,320,LX-WS-0414-EVD-01,EVIDENCE,records/evidence/runs/LX-WS-0414-EVD-01_C57.md,6951E6E537AC59E7325146892F947A9FFE26912F
LS-WS-0414,C57,audit/WS_C57_OPERATOR_VALIDATION_COMMANDS.md,6D9C9740B15353FF91259E94B303CCAE9E130E6F,497,24,321,326,LX-WS-0414-EVD-01,EVIDENCE,records/evidence/runs/LX-WS-0414-EVD-01_C57.md,6951E6E537AC59E7325146892F947A9FFE26912F
LS-WS-0414,C57,audit/WS_C57_OPERATOR_VALIDATION_COMMANDS.md,6D9C9740B15353FF91259E94B303CCAE9E130E6F,497,25,327,340,LX-WS-0414-EVD-01,EVIDENCE,records/evidence/runs/LX-WS-0414-EVD-01_C57.md,6951E6E537AC59E7325146892F947A9FFE26912F
LS-WS-0414,C57,audit/WS_C57_OPERATOR_VALIDATION_COMMANDS.md,6D9C9740B15353FF91259E94B303CCAE9E130E6F,497,26,341,348,LX-WS-0414-EVD-01,EVIDENCE,records/evidence/runs/LX-WS-0414-EVD-01_C57.md,6951E6E537AC59E7325146892F947A9FFE26912F
LS-WS-0414,C57,audit/WS_C57_OPERATOR_VALIDATION_COMMANDS.md,6D9C9740B15353FF91259E94B303CCAE9E130E6F,497,27,349,356,LX-WS-0414-EVD-01,EVIDENCE,records/evidence/runs/LX-WS-0414-EVD-01_C57.md,6951E6E537AC59E7325146892F947A9FFE26912F
LS-WS-0414,C57,audit/WS_C57_OPERATOR_VALIDATION_COMMANDS.md,6D9C9740B15353FF91259E94B303CCAE9E130E6F,497,28,357,364,LX-WS-0414-FND-02,FINDING,records/history/archive/LX-WS-0414-FND-02_C57.md,31E50D18F82199C8225316A2C950CCE98A45AA52
LS-WS-0414,C57,audit/WS_C57_OPERATOR_VALIDATION_COMMANDS.md,6D9C9740B15353FF91259E94B303CCAE9E130E6F,497,29,365,370,LX-WS-0414-EVD-01,EVIDENCE,records/evidence/runs/LX-WS-0414-EVD-01_C57.md,6951E6E537AC59E7325146892F947A9FFE26912F
LS-WS-0414,C57,audit/WS_C57_OPERATOR_VALIDATION_COMMANDS.md,6D9C9740B15353FF91259E94B303CCAE9E130E6F,497,30,371,379,LX-WS-0414-EVD-01,EVIDENCE,records/evidence/runs/LX-WS-0414-EVD-01_C57.md,6951E6E537AC59E7325146892F947A9FFE26912F
LS-WS-0414,C57,audit/WS_C57_OPERATOR_VALIDATION_COMMANDS.md,6D9C9740B15353FF91259E94B303CCAE9E130E6F,497,31,380,389,LX-WS-0414-EVD-01,EVIDENCE,records/evidence/runs/LX-WS-0414-EVD-01_C57.md,6951E6E537AC59E7325146892F947A9FFE26912F
LS-WS-0414,C57,audit/WS_C57_OPERATOR_VALIDATION_COMMANDS.md,6D9C9740B15353FF91259E94B303CCAE9E130E6F,497,32,390,440,LX-WS-0414-EVD-01,EVIDENCE,records/evidence/runs/LX-WS-0414-EVD-01_C57.md,6951E6E537AC59E7325146892F947A9FFE26912F
LS-WS-0414,C57,audit/WS_C57_OPERATOR_VALIDATION_COMMANDS.md,6D9C9740B15353FF91259E94B303CCAE9E130E6F,497,33,441,497,LX-WS-0414-EVD-01,EVIDENCE,records/evidence/runs/LX-WS-0414-EVD-01_C57.md,6951E6E537AC59E7325146892F947A9FFE26912F
LS-WS-0415,C57,audit/WS_C57_REGIME_FIELD_RECONSTRUCTION_CONTINUATION_IS_ONLY.md,D778C2FE195A3A4BA1EE008BCC16F69ECAC4B1EA,450,1,1,2,LX-WS-0415-CTX-05,CONTEXT,records/history/archive/LX-WS-0415-CTX-05_C57.md,9786DB36C9AE11E61992955DE2D07F698E0BE071
LS-WS-0415,C57,audit/WS_C57_REGIME_FIELD_RECONSTRUCTION_CONTINUATION_IS_ONLY.md,D778C2FE195A3A4BA1EE008BCC16F69ECAC4B1EA,450,2,3,21,LX-WS-0415-RES-04,RESEARCH,records/history/archive/LX-WS-0415-RES-04_C57.md,69981F458153AB53DA41B8F9DA495BA9EC4C1655
LS-WS-0415,C57,audit/WS_C57_REGIME_FIELD_RECONSTRUCTION_CONTINUATION_IS_ONLY.md,D778C2FE195A3A4BA1EE008BCC16F69ECAC4B1EA,450,3,22,55,LX-WS-0415-RES-04,RESEARCH,records/history/archive/LX-WS-0415-RES-04_C57.md,69981F458153AB53DA41B8F9DA495BA9EC4C1655
LS-WS-0415,C57,audit/WS_C57_REGIME_FIELD_RECONSTRUCTION_CONTINUATION_IS_ONLY.md,D778C2FE195A3A4BA1EE008BCC16F69ECAC4B1EA,450,4,56,68,LX-WS-0415-EVD-01,EVIDENCE,records/evidence/runs/LX-WS-0415-EVD-01_C57.md,85D739461464AA97735D85592D3340CDE99A392C
LS-WS-0415,C57,audit/WS_C57_REGIME_FIELD_RECONSTRUCTION_CONTINUATION_IS_ONLY.md,D778C2FE195A3A4BA1EE008BCC16F69ECAC4B1EA,450,5,69,77,LX-WS-0415-FND-02,FINDING,records/history/archive/LX-WS-0415-FND-02_C57.md,770F591447CCE26ACD7985C992CBE53790D41B80
LS-WS-0415,C57,audit/WS_C57_REGIME_FIELD_RECONSTRUCTION_CONTINUATION_IS_ONLY.md,D778C2FE195A3A4BA1EE008BCC16F69ECAC4B1EA,450,6,78,92,LX-WS-0415-FND-02,FINDING,records/history/archive/LX-WS-0415-FND-02_C57.md,770F591447CCE26ACD7985C992CBE53790D41B80
LS-WS-0415,C57,audit/WS_C57_REGIME_FIELD_RECONSTRUCTION_CONTINUATION_IS_ONLY.md,D778C2FE195A3A4BA1EE008BCC16F69ECAC4B1EA,450,7,93,102,LX-WS-0415-RES-04,RESEARCH,records/history/archive/LX-WS-0415-RES-04_C57.md,69981F458153AB53DA41B8F9DA495BA9EC4C1655
LS-WS-0415,C57,audit/WS_C57_REGIME_FIELD_RECONSTRUCTION_CONTINUATION_IS_ONLY.md,D778C2FE195A3A4BA1EE008BCC16F69ECAC4B1EA,450,8,103,111,LX-WS-0415-RES-04,RESEARCH,records/history/archive/LX-WS-0415-RES-04_C57.md,69981F458153AB53DA41B8F9DA495BA9EC4C1655
LS-WS-0415,C57,audit/WS_C57_REGIME_FIELD_RECONSTRUCTION_CONTINUATION_IS_ONLY.md,D778C2FE195A3A4BA1EE008BCC16F69ECAC4B1EA,450,9,112,121,LX-WS-0415-RES-04,RESEARCH,records/history/archive/LX-WS-0415-RES-04_C57.md,69981F458153AB53DA41B8F9DA495BA9EC4C1655
LS-WS-0415,C57,audit/WS_C57_REGIME_FIELD_RECONSTRUCTION_CONTINUATION_IS_ONLY.md,D778C2FE195A3A4BA1EE008BCC16F69ECAC4B1EA,450,10,122,135,LX-WS-0415-RES-04,RESEARCH,records/history/archive/LX-WS-0415-RES-04_C57.md,69981F458153AB53DA41B8F9DA495BA9EC4C1655
LS-WS-0415,C57,audit/WS_C57_REGIME_FIELD_RECONSTRUCTION_CONTINUATION_IS_ONLY.md,D778C2FE195A3A4BA1EE008BCC16F69ECAC4B1EA,450,11,136,168,LX-WS-0415-RES-04,RESEARCH,records/history/archive/LX-WS-0415-RES-04_C57.md,69981F458153AB53DA41B8F9DA495BA9EC4C1655
LS-WS-0415,C57,audit/WS_C57_REGIME_FIELD_RECONSTRUCTION_CONTINUATION_IS_ONLY.md,D778C2FE195A3A4BA1EE008BCC16F69ECAC4B1EA,450,12,169,180,LX-WS-0415-RES-04,RESEARCH,records/history/archive/LX-WS-0415-RES-04_C57.md,69981F458153AB53DA41B8F9DA495BA9EC4C1655
LS-WS-0415,C57,audit/WS_C57_REGIME_FIELD_RECONSTRUCTION_CONTINUATION_IS_ONLY.md,D778C2FE195A3A4BA1EE008BCC16F69ECAC4B1EA,450,13,181,204,LX-WS-0415-RES-04,RESEARCH,records/history/archive/LX-WS-0415-RES-04_C57.md,69981F458153AB53DA41B8F9DA495BA9EC4C1655
LS-WS-0415,C57,audit/WS_C57_REGIME_FIELD_RECONSTRUCTION_CONTINUATION_IS_ONLY.md,D778C2FE195A3A4BA1EE008BCC16F69ECAC4B1EA,450,14,205,213,LX-WS-0415-RES-04,RESEARCH,records/history/archive/LX-WS-0415-RES-04_C57.md,69981F458153AB53DA41B8F9DA495BA9EC4C1655
LS-WS-0415,C57,audit/WS_C57_REGIME_FIELD_RECONSTRUCTION_CONTINUATION_IS_ONLY.md,D778C2FE195A3A4BA1EE008BCC16F69ECAC4B1EA,450,15,214,224,LX-WS-0415-RES-04,RESEARCH,records/history/archive/LX-WS-0415-RES-04_C57.md,69981F458153AB53DA41B8F9DA495BA9EC4C1655
LS-WS-0415,C57,audit/WS_C57_REGIME_FIELD_RECONSTRUCTION_CONTINUATION_IS_ONLY.md,D778C2FE195A3A4BA1EE008BCC16F69ECAC4B1EA,450,16,225,244,LX-WS-0415-RES-04,RESEARCH,records/history/archive/LX-WS-0415-RES-04_C57.md,69981F458153AB53DA41B8F9DA495BA9EC4C1655
LS-WS-0415,C57,audit/WS_C57_REGIME_FIELD_RECONSTRUCTION_CONTINUATION_IS_ONLY.md,D778C2FE195A3A4BA1EE008BCC16F69ECAC4B1EA,450,17,245,264,LX-WS-0415-RES-04,RESEARCH,records/history/archive/LX-WS-0415-RES-04_C57.md,69981F458153AB53DA41B8F9DA495BA9EC4C1655
LS-WS-0415,C57,audit/WS_C57_REGIME_FIELD_RECONSTRUCTION_CONTINUATION_IS_ONLY.md,D778C2FE195A3A4BA1EE008BCC16F69ECAC4B1EA,450,18,265,278,LX-WS-0415-RES-04,RESEARCH,records/history/archive/LX-WS-0415-RES-04_C57.md,69981F458153AB53DA41B8F9DA495BA9EC4C1655
LS-WS-0415,C57,audit/WS_C57_REGIME_FIELD_RECONSTRUCTION_CONTINUATION_IS_ONLY.md,D778C2FE195A3A4BA1EE008BCC16F69ECAC4B1EA,450,19,279,297,LX-WS-0415-EVD-01,EVIDENCE,records/evidence/runs/LX-WS-0415-EVD-01_C57.md,85D739461464AA97735D85592D3340CDE99A392C
LS-WS-0415,C57,audit/WS_C57_REGIME_FIELD_RECONSTRUCTION_CONTINUATION_IS_ONLY.md,D778C2FE195A3A4BA1EE008BCC16F69ECAC4B1EA,450,20,298,322,LX-WS-0415-EVD-01,EVIDENCE,records/evidence/runs/LX-WS-0415-EVD-01_C57.md,85D739461464AA97735D85592D3340CDE99A392C
LS-WS-0415,C57,audit/WS_C57_REGIME_FIELD_RECONSTRUCTION_CONTINUATION_IS_ONLY.md,D778C2FE195A3A4BA1EE008BCC16F69ECAC4B1EA,450,21,323,332,LX-WS-0415-RES-04,RESEARCH,records/history/archive/LX-WS-0415-RES-04_C57.md,69981F458153AB53DA41B8F9DA495BA9EC4C1655
LS-WS-0415,C57,audit/WS_C57_REGIME_FIELD_RECONSTRUCTION_CONTINUATION_IS_ONLY.md,D778C2FE195A3A4BA1EE008BCC16F69ECAC4B1EA,450,22,333,351,LX-WS-0415-IMP-03,IMPLEMENTATION,records/history/archive/LX-WS-0415-IMP-03_C57.md,C43FC5A838F45DE4F1F2B0E51CE753108768C672
LS-WS-0415,C57,audit/WS_C57_REGIME_FIELD_RECONSTRUCTION_CONTINUATION_IS_ONLY.md,D778C2FE195A3A4BA1EE008BCC16F69ECAC4B1EA,450,23,352,450,LX-WS-0415-EVD-01,EVIDENCE,records/evidence/runs/LX-WS-0415-EVD-01_C57.md,85D739461464AA97735D85592D3340CDE99A392C
LS-WS-0416,C58,audit/WS_C58_LOSS_CLUSTER_CONCENTRATION_REDESIGN_CONTINUATION_IS_ONLY.md,EFF972BE7DCAFDFAA03F666601EF3548A85BF8C4,339,1,1,12,LX-WS-0416-CTX-04,CONTEXT,records/history/archive/LX-WS-0416-CTX-04_C58.md,5DF0F68CE63B462C08D04934589DF0C7BD694A78
LS-WS-0416,C58,audit/WS_C58_LOSS_CLUSTER_CONCENTRATION_REDESIGN_CONTINUATION_IS_ONLY.md,EFF972BE7DCAFDFAA03F666601EF3548A85BF8C4,339,2,13,30,LX-WS-0416-RES-03,RESEARCH,records/history/archive/LX-WS-0416-RES-03_C58.md,1D0C4FFFAB0E115B022D5FC1BCAE519A8D22274D
LS-WS-0416,C58,audit/WS_C58_LOSS_CLUSTER_CONCENTRATION_REDESIGN_CONTINUATION_IS_ONLY.md,EFF972BE7DCAFDFAA03F666601EF3548A85BF8C4,339,3,31,59,LX-WS-0416-RES-03,RESEARCH,records/history/archive/LX-WS-0416-RES-03_C58.md,1D0C4FFFAB0E115B022D5FC1BCAE519A8D22274D
LS-WS-0416,C58,audit/WS_C58_LOSS_CLUSTER_CONCENTRATION_REDESIGN_CONTINUATION_IS_ONLY.md,EFF972BE7DCAFDFAA03F666601EF3548A85BF8C4,339,4,60,94,LX-WS-0416-RES-03,RESEARCH,records/history/archive/LX-WS-0416-RES-03_C58.md,1D0C4FFFAB0E115B022D5FC1BCAE519A8D22274D
LS-WS-0416,C58,audit/WS_C58_LOSS_CLUSTER_CONCENTRATION_REDESIGN_CONTINUATION_IS_ONLY.md,EFF972BE7DCAFDFAA03F666601EF3548A85BF8C4,339,5,95,145,LX-WS-0416-RES-03,RESEARCH,records/history/archive/LX-WS-0416-RES-03_C58.md,1D0C4FFFAB0E115B022D5FC1BCAE519A8D22274D
LS-WS-0416,C58,audit/WS_C58_LOSS_CLUSTER_CONCENTRATION_REDESIGN_CONTINUATION_IS_ONLY.md,EFF972BE7DCAFDFAA03F666601EF3548A85BF8C4,339,6,146,173,LX-WS-0416-RES-03,RESEARCH,records/history/archive/LX-WS-0416-RES-03_C58.md,1D0C4FFFAB0E115B022D5FC1BCAE519A8D22274D
LS-WS-0416,C58,audit/WS_C58_LOSS_CLUSTER_CONCENTRATION_REDESIGN_CONTINUATION_IS_ONLY.md,EFF972BE7DCAFDFAA03F666601EF3548A85BF8C4,339,7,174,190,LX-WS-0416-RES-03,RESEARCH,records/history/archive/LX-WS-0416-RES-03_C58.md,1D0C4FFFAB0E115B022D5FC1BCAE519A8D22274D
LS-WS-0416,C58,audit/WS_C58_LOSS_CLUSTER_CONCENTRATION_REDESIGN_CONTINUATION_IS_ONLY.md,EFF972BE7DCAFDFAA03F666601EF3548A85BF8C4,339,8,191,210,LX-WS-0416-IMP-02,IMPLEMENTATION,records/history/archive/LX-WS-0416-IMP-02_C58.md,D1F0F8315C642FAD8A4B322CBC1E115BDDCAD2FE
LS-WS-0416,C58,audit/WS_C58_LOSS_CLUSTER_CONCENTRATION_REDESIGN_CONTINUATION_IS_ONLY.md,EFF972BE7DCAFDFAA03F666601EF3548A85BF8C4,339,9,211,220,LX-WS-0416-RES-03,RESEARCH,records/history/archive/LX-WS-0416-RES-03_C58.md,1D0C4FFFAB0E115B022D5FC1BCAE519A8D22274D
LS-WS-0416,C58,audit/WS_C58_LOSS_CLUSTER_CONCENTRATION_REDESIGN_CONTINUATION_IS_ONLY.md,EFF972BE7DCAFDFAA03F666601EF3548A85BF8C4,339,10,221,250,LX-WS-0416-RES-03,RESEARCH,records/history/archive/LX-WS-0416-RES-03_C58.md,1D0C4FFFAB0E115B022D5FC1BCAE519A8D22274D
LS-WS-0416,C58,audit/WS_C58_LOSS_CLUSTER_CONCENTRATION_REDESIGN_CONTINUATION_IS_ONLY.md,EFF972BE7DCAFDFAA03F666601EF3548A85BF8C4,339,11,251,339,LX-WS-0416-EVD-01,EVIDENCE,records/evidence/runs/LX-WS-0416-EVD-01_C58.md,4420ABA0EDA6A886D0871793FE0E76B0159EF547
LS-WS-0418,C59,audit/WS_C59_LOSS_CLUSTER_OR_BRANCH_BUCKET_REDESIGN_CONTINUATION_IS_ONLY.md,BD2A329542FCF40F0078E98E640C0624A45CF759,353,1,1,12,LX-WS-0418-CTX-04,CONTEXT,records/history/archive/LX-WS-0418-CTX-04_C59.md,212BF273B0CC1E913161D2ED605C1CBCBDD76CD4
LS-WS-0418,C59,audit/WS_C59_LOSS_CLUSTER_OR_BRANCH_BUCKET_REDESIGN_CONTINUATION_IS_ONLY.md,BD2A329542FCF40F0078E98E640C0624A45CF759,353,2,13,30,LX-WS-0418-RES-03,RESEARCH,records/history/archive/LX-WS-0418-RES-03_C59.md,C01A273184B60A9A15992012DB802BDE018A58E6
LS-WS-0418,C59,audit/WS_C59_LOSS_CLUSTER_OR_BRANCH_BUCKET_REDESIGN_CONTINUATION_IS_ONLY.md,BD2A329542FCF40F0078E98E640C0624A45CF759,353,3,31,56,LX-WS-0418-RES-03,RESEARCH,records/history/archive/LX-WS-0418-RES-03_C59.md,C01A273184B60A9A15992012DB802BDE018A58E6
LS-WS-0418,C59,audit/WS_C59_LOSS_CLUSTER_OR_BRANCH_BUCKET_REDESIGN_CONTINUATION_IS_ONLY.md,BD2A329542FCF40F0078E98E640C0624A45CF759,353,4,57,92,LX-WS-0418-RES-03,RESEARCH,records/history/archive/LX-WS-0418-RES-03_C59.md,C01A273184B60A9A15992012DB802BDE018A58E6
LS-WS-0418,C59,audit/WS_C59_LOSS_CLUSTER_OR_BRANCH_BUCKET_REDESIGN_CONTINUATION_IS_ONLY.md,BD2A329542FCF40F0078E98E640C0624A45CF759,353,5,93,117,LX-WS-0418-FND-01,FINDING,records/history/archive/LX-WS-0418-FND-01_C59.md,12498594EC30557259B3598CEF60CBB195D33474
LS-WS-0418,C59,audit/WS_C59_LOSS_CLUSTER_OR_BRANCH_BUCKET_REDESIGN_CONTINUATION_IS_ONLY.md,BD2A329542FCF40F0078E98E640C0624A45CF759,353,6,118,190,LX-WS-0418-RES-03,RESEARCH,records/history/archive/LX-WS-0418-RES-03_C59.md,C01A273184B60A9A15992012DB802BDE018A58E6
LS-WS-0418,C59,audit/WS_C59_LOSS_CLUSTER_OR_BRANCH_BUCKET_REDESIGN_CONTINUATION_IS_ONLY.md,BD2A329542FCF40F0078E98E640C0624A45CF759,353,7,191,219,LX-WS-0418-RES-03,RESEARCH,records/history/archive/LX-WS-0418-RES-03_C59.md,C01A273184B60A9A15992012DB802BDE018A58E6
LS-WS-0418,C59,audit/WS_C59_LOSS_CLUSTER_OR_BRANCH_BUCKET_REDESIGN_CONTINUATION_IS_ONLY.md,BD2A329542FCF40F0078E98E640C0624A45CF759,353,8,220,239,LX-WS-0418-RES-03,RESEARCH,records/history/archive/LX-WS-0418-RES-03_C59.md,C01A273184B60A9A15992012DB802BDE018A58E6
LS-WS-0418,C59,audit/WS_C59_LOSS_CLUSTER_OR_BRANCH_BUCKET_REDESIGN_CONTINUATION_IS_ONLY.md,BD2A329542FCF40F0078E98E640C0624A45CF759,353,9,240,259,LX-WS-0418-IMP-02,IMPLEMENTATION,records/history/archive/LX-WS-0418-IMP-02_C59.md,59EB661FD1F96BFBCDA8C246B2071D4226489595
LS-WS-0418,C59,audit/WS_C59_LOSS_CLUSTER_OR_BRANCH_BUCKET_REDESIGN_CONTINUATION_IS_ONLY.md,BD2A329542FCF40F0078E98E640C0624A45CF759,353,10,260,272,LX-WS-0418-RES-03,RESEARCH,records/history/archive/LX-WS-0418-RES-03_C59.md,C01A273184B60A9A15992012DB802BDE018A58E6
LS-WS-0418,C59,audit/WS_C59_LOSS_CLUSTER_OR_BRANCH_BUCKET_REDESIGN_CONTINUATION_IS_ONLY.md,BD2A329542FCF40F0078E98E640C0624A45CF759,353,11,273,353,LX-WS-0418-RES-03,RESEARCH,records/history/archive/LX-WS-0418-RES-03_C59.md,C01A273184B60A9A15992012DB802BDE018A58E6
LS-WS-0421,C60,audit/WS_C60_REGIME_STRESS_AND_LOO_DEPENDENCY_REDESIGN_IS_ONLY.md,964623947531CD27B8FA58EA8A27539BABA13814,223,1,1,2,LX-WS-0421-CTX-05,CONTEXT,records/history/archive/LX-WS-0421-CTX-05_C60.md,7C9CB739C6EA9FD1B262F292D9938A896FC586A6
LS-WS-0421,C60,audit/WS_C60_REGIME_STRESS_AND_LOO_DEPENDENCY_REDESIGN_IS_ONLY.md,964623947531CD27B8FA58EA8A27539BABA13814,223,2,3,6,LX-WS-0421-RES-04,RESEARCH,records/history/archive/LX-WS-0421-RES-04_C60.md,9B772E7DEAA712B0DEC14BC4F43BB41D224DE759
LS-WS-0421,C60,audit/WS_C60_REGIME_STRESS_AND_LOO_DEPENDENCY_REDESIGN_IS_ONLY.md,964623947531CD27B8FA58EA8A27539BABA13814,223,3,7,20,LX-WS-0421-RES-04,RESEARCH,records/history/archive/LX-WS-0421-RES-04_C60.md,9B772E7DEAA712B0DEC14BC4F43BB41D224DE759
LS-WS-0421,C60,audit/WS_C60_REGIME_STRESS_AND_LOO_DEPENDENCY_REDESIGN_IS_ONLY.md,964623947531CD27B8FA58EA8A27539BABA13814,223,4,21,29,LX-WS-0421-RES-04,RESEARCH,records/history/archive/LX-WS-0421-RES-04_C60.md,9B772E7DEAA712B0DEC14BC4F43BB41D224DE759
LS-WS-0421,C60,audit/WS_C60_REGIME_STRESS_AND_LOO_DEPENDENCY_REDESIGN_IS_ONLY.md,964623947531CD27B8FA58EA8A27539BABA13814,223,5,30,54,LX-WS-0421-RES-04,RESEARCH,records/history/archive/LX-WS-0421-RES-04_C60.md,9B772E7DEAA712B0DEC14BC4F43BB41D224DE759
LS-WS-0421,C60,audit/WS_C60_REGIME_STRESS_AND_LOO_DEPENDENCY_REDESIGN_IS_ONLY.md,964623947531CD27B8FA58EA8A27539BABA13814,223,6,55,74,LX-WS-0421-RES-04,RESEARCH,records/history/archive/LX-WS-0421-RES-04_C60.md,9B772E7DEAA712B0DEC14BC4F43BB41D224DE759
LS-WS-0421,C60,audit/WS_C60_REGIME_STRESS_AND_LOO_DEPENDENCY_REDESIGN_IS_ONLY.md,964623947531CD27B8FA58EA8A27539BABA13814,223,7,75,84,LX-WS-0421-IMP-03,IMPLEMENTATION,records/history/archive/LX-WS-0421-IMP-03_C60.md,A364FE4017C29CAA13180EF16E0CCEFB2F2AFA8A
LS-WS-0421,C60,audit/WS_C60_REGIME_STRESS_AND_LOO_DEPENDENCY_REDESIGN_IS_ONLY.md,964623947531CD27B8FA58EA8A27539BABA13814,223,8,85,104,LX-WS-0421-RES-04,RESEARCH,records/history/archive/LX-WS-0421-RES-04_C60.md,9B772E7DEAA712B0DEC14BC4F43BB41D224DE759
LS-WS-0421,C60,audit/WS_C60_REGIME_STRESS_AND_LOO_DEPENDENCY_REDESIGN_IS_ONLY.md,964623947531CD27B8FA58EA8A27539BABA13814,223,9,105,129,LX-WS-0421-EVD-01,EVIDENCE,records/evidence/runs/LX-WS-0421-EVD-01_C60.md,1791BA13EC5322824088F2CD0B031F3808BE5A3A
LS-WS-0421,C60,audit/WS_C60_REGIME_STRESS_AND_LOO_DEPENDENCY_REDESIGN_IS_ONLY.md,964623947531CD27B8FA58EA8A27539BABA13814,223,10,130,139,LX-WS-0421-FND-02,FINDING,records/history/archive/LX-WS-0421-FND-02_C60.md,CEEE110548966B25059B29696E518E0C353CC459
LS-WS-0421,C60,audit/WS_C60_REGIME_STRESS_AND_LOO_DEPENDENCY_REDESIGN_IS_ONLY.md,964623947531CD27B8FA58EA8A27539BABA13814,223,11,140,153,LX-WS-0421-RES-04,RESEARCH,records/history/archive/LX-WS-0421-RES-04_C60.md,9B772E7DEAA712B0DEC14BC4F43BB41D224DE759
LS-WS-0421,C60,audit/WS_C60_REGIME_STRESS_AND_LOO_DEPENDENCY_REDESIGN_IS_ONLY.md,964623947531CD27B8FA58EA8A27539BABA13814,223,12,154,223,LX-WS-0421-RES-04,RESEARCH,records/history/archive/LX-WS-0421-RES-04_C60.md,9B772E7DEAA712B0DEC14BC4F43BB41D224DE759
LS-WS-0423,C61,audit/WS_C61_SIGNAL_QUALITY_REBUILD_FOR_WEAK_REGIME_IS_ONLY.md,09E1DB7485E961A87B3A3A7C70FE123AB35F21E1,456,1,1,2,LX-WS-0423-CTX-06,CONTEXT,records/history/archive/LX-WS-0423-CTX-06_C61.md,86D4B955B21A9BE9A07148BDF1B78F247387C98B
LS-WS-0423,C61,audit/WS_C61_SIGNAL_QUALITY_REBUILD_FOR_WEAK_REGIME_IS_ONLY.md,09E1DB7485E961A87B3A3A7C70FE123AB35F21E1,456,2,3,6,LX-WS-0423-RES-04,RESEARCH,records/history/archive/LX-WS-0423-RES-04_C61.md,0450628F1BD0501978B6AD189BB83B8CA15A546C
LS-WS-0423,C61,audit/WS_C61_SIGNAL_QUALITY_REBUILD_FOR_WEAK_REGIME_IS_ONLY.md,09E1DB7485E961A87B3A3A7C70FE123AB35F21E1,456,3,7,12,LX-WS-0423-RES-04,RESEARCH,records/history/archive/LX-WS-0423-RES-04_C61.md,0450628F1BD0501978B6AD189BB83B8CA15A546C
LS-WS-0423,C61,audit/WS_C61_SIGNAL_QUALITY_REBUILD_FOR_WEAK_REGIME_IS_ONLY.md,09E1DB7485E961A87B3A3A7C70FE123AB35F21E1,456,4,13,26,LX-WS-0423-RES-04,RESEARCH,records/history/archive/LX-WS-0423-RES-04_C61.md,0450628F1BD0501978B6AD189BB83B8CA15A546C
LS-WS-0423,C61,audit/WS_C61_SIGNAL_QUALITY_REBUILD_FOR_WEAK_REGIME_IS_ONLY.md,09E1DB7485E961A87B3A3A7C70FE123AB35F21E1,456,5,27,50,LX-WS-0423-RES-04,RESEARCH,records/history/archive/LX-WS-0423-RES-04_C61.md,0450628F1BD0501978B6AD189BB83B8CA15A546C
LS-WS-0423,C61,audit/WS_C61_SIGNAL_QUALITY_REBUILD_FOR_WEAK_REGIME_IS_ONLY.md,09E1DB7485E961A87B3A3A7C70FE123AB35F21E1,456,6,51,75,LX-WS-0423-RES-04,RESEARCH,records/history/archive/LX-WS-0423-RES-04_C61.md,0450628F1BD0501978B6AD189BB83B8CA15A546C
LS-WS-0423,C61,audit/WS_C61_SIGNAL_QUALITY_REBUILD_FOR_WEAK_REGIME_IS_ONLY.md,09E1DB7485E961A87B3A3A7C70FE123AB35F21E1,456,7,76,97,LX-WS-0423-RES-04,RESEARCH,records/history/archive/LX-WS-0423-RES-04_C61.md,0450628F1BD0501978B6AD189BB83B8CA15A546C
LS-WS-0423,C61,audit/WS_C61_SIGNAL_QUALITY_REBUILD_FOR_WEAK_REGIME_IS_ONLY.md,09E1DB7485E961A87B3A3A7C70FE123AB35F21E1,456,8,98,107,LX-WS-0423-IMP-03,IMPLEMENTATION,records/history/archive/LX-WS-0423-IMP-03_C61.md,567339F03F3845E8F51470926A7005DFCBAC8A40
LS-WS-0423,C61,audit/WS_C61_SIGNAL_QUALITY_REBUILD_FOR_WEAK_REGIME_IS_ONLY.md,09E1DB7485E961A87B3A3A7C70FE123AB35F21E1,456,9,108,120,LX-WS-0423-RES-04,RESEARCH,records/history/archive/LX-WS-0423-RES-04_C61.md,0450628F1BD0501978B6AD189BB83B8CA15A546C
LS-WS-0423,C61,audit/WS_C61_SIGNAL_QUALITY_REBUILD_FOR_WEAK_REGIME_IS_ONLY.md,09E1DB7485E961A87B3A3A7C70FE123AB35F21E1,456,10,121,161,LX-WS-0423-EVD-01,EVIDENCE,records/evidence/runs/LX-WS-0423-EVD-01_C61.md,A073D4E34F9167526BD4A081E450CBC99F4BDA68
LS-WS-0423,C61,audit/WS_C61_SIGNAL_QUALITY_REBUILD_FOR_WEAK_REGIME_IS_ONLY.md,09E1DB7485E961A87B3A3A7C70FE123AB35F21E1,456,11,162,171,LX-WS-0423-RES-04,RESEARCH,records/history/archive/LX-WS-0423-RES-04_C61.md,0450628F1BD0501978B6AD189BB83B8CA15A546C
LS-WS-0423,C61,audit/WS_C61_SIGNAL_QUALITY_REBUILD_FOR_WEAK_REGIME_IS_ONLY.md,09E1DB7485E961A87B3A3A7C70FE123AB35F21E1,456,12,172,294,LX-WS-0423-STR-05,STRATEGY,records/history/archive/LX-WS-0423-STR-05_C61.md,FFF3CD67B9819F383976359334B614F102C1ED61
LS-WS-0423,C61,audit/WS_C61_SIGNAL_QUALITY_REBUILD_FOR_WEAK_REGIME_IS_ONLY.md,09E1DB7485E961A87B3A3A7C70FE123AB35F21E1,456,13,295,342,LX-WS-0423-EVD-01,EVIDENCE,records/evidence/runs/LX-WS-0423-EVD-01_C61.md,A073D4E34F9167526BD4A081E450CBC99F4BDA68
LS-WS-0423,C61,audit/WS_C61_SIGNAL_QUALITY_REBUILD_FOR_WEAK_REGIME_IS_ONLY.md,09E1DB7485E961A87B3A3A7C70FE123AB35F21E1,456,14,343,369,LX-WS-0423-EVD-01,EVIDENCE,records/evidence/runs/LX-WS-0423-EVD-01_C61.md,A073D4E34F9167526BD4A081E450CBC99F4BDA68
LS-WS-0423,C61,audit/WS_C61_SIGNAL_QUALITY_REBUILD_FOR_WEAK_REGIME_IS_ONLY.md,09E1DB7485E961A87B3A3A7C70FE123AB35F21E1,456,15,370,414,LX-WS-0423-EVD-01,EVIDENCE,records/evidence/runs/LX-WS-0423-EVD-01_C61.md,A073D4E34F9167526BD4A081E450CBC99F4BDA68
LS-WS-0423,C61,audit/WS_C61_SIGNAL_QUALITY_REBUILD_FOR_WEAK_REGIME_IS_ONLY.md,09E1DB7485E961A87B3A3A7C70FE123AB35F21E1,456,16,415,426,LX-WS-0423-RES-04,RESEARCH,records/history/archive/LX-WS-0423-RES-04_C61.md,0450628F1BD0501978B6AD189BB83B8CA15A546C
LS-WS-0423,C61,audit/WS_C61_SIGNAL_QUALITY_REBUILD_FOR_WEAK_REGIME_IS_ONLY.md,09E1DB7485E961A87B3A3A7C70FE123AB35F21E1,456,17,427,440,LX-WS-0423-FND-02,FINDING,records/history/archive/LX-WS-0423-FND-02_C61.md,871808B0A56D4918C74F11F1B1AFB2980C05A095
LS-WS-0423,C61,audit/WS_C61_SIGNAL_QUALITY_REBUILD_FOR_WEAK_REGIME_IS_ONLY.md,09E1DB7485E961A87B3A3A7C70FE123AB35F21E1,456,18,441,456,LX-WS-0423-RES-04,RESEARCH,records/history/archive/LX-WS-0423-RES-04_C61.md,0450628F1BD0501978B6AD189BB83B8CA15A546C
LS-WS-0425,C62+C61,audit/WS_C62_PRE_LOCK_REVIEW_FOR_C61_SIGNAL_QUALITY_CANDIDATES_IS_ONLY.md,B027892A029EB6C8CFA1EB4539D5EA5DABD0C0B4,416,1,1,6,LX-WS-0425-CTX-03,CONTEXT,records/history/archive/LX-WS-0425-CTX-03_C62_C61.md,C54D775A5667F7AA9BEBC0A315BE644514C0BEE7
LS-WS-0425,C62+C61,audit/WS_C62_PRE_LOCK_REVIEW_FOR_C61_SIGNAL_QUALITY_CANDIDATES_IS_ONLY.md,B027892A029EB6C8CFA1EB4539D5EA5DABD0C0B4,416,2,7,20,LX-WS-0425-DEC-01,DECISION,records/decisions/LX-WS-0425-DEC-01_C62_C61.md,4B298DA05072AB89B4A1D5D9B864330E37EE0C52
LS-WS-0425,C62+C61,audit/WS_C62_PRE_LOCK_REVIEW_FOR_C61_SIGNAL_QUALITY_CANDIDATES_IS_ONLY.md,B027892A029EB6C8CFA1EB4539D5EA5DABD0C0B4,416,3,21,33,LX-WS-0425-DEC-01,DECISION,records/decisions/LX-WS-0425-DEC-01_C62_C61.md,4B298DA05072AB89B4A1D5D9B864330E37EE0C52
LS-WS-0425,C62+C61,audit/WS_C62_PRE_LOCK_REVIEW_FOR_C61_SIGNAL_QUALITY_CANDIDATES_IS_ONLY.md,B027892A029EB6C8CFA1EB4539D5EA5DABD0C0B4,416,4,34,45,LX-WS-0425-DEC-01,DECISION,records/decisions/LX-WS-0425-DEC-01_C62_C61.md,4B298DA05072AB89B4A1D5D9B864330E37EE0C52
LS-WS-0425,C62+C61,audit/WS_C62_PRE_LOCK_REVIEW_FOR_C61_SIGNAL_QUALITY_CANDIDATES_IS_ONLY.md,B027892A029EB6C8CFA1EB4539D5EA5DABD0C0B4,416,5,46,60,LX-WS-0425-DEC-01,DECISION,records/decisions/LX-WS-0425-DEC-01_C62_C61.md,4B298DA05072AB89B4A1D5D9B864330E37EE0C52
LS-WS-0425,C62+C61,audit/WS_C62_PRE_LOCK_REVIEW_FOR_C61_SIGNAL_QUALITY_CANDIDATES_IS_ONLY.md,B027892A029EB6C8CFA1EB4539D5EA5DABD0C0B4,416,6,61,81,LX-WS-0425-DEC-01,DECISION,records/decisions/LX-WS-0425-DEC-01_C62_C61.md,4B298DA05072AB89B4A1D5D9B864330E37EE0C52
LS-WS-0425,C62+C61,audit/WS_C62_PRE_LOCK_REVIEW_FOR_C61_SIGNAL_QUALITY_CANDIDATES_IS_ONLY.md,B027892A029EB6C8CFA1EB4539D5EA5DABD0C0B4,416,7,82,91,LX-WS-0425-EVD-02,EVIDENCE,records/evidence/runs/LX-WS-0425-EVD-02_C62_C61.md,EDB66E5C5001E90B33A0BA90C4ACFBFD598E527A
LS-WS-0425,C62+C61,audit/WS_C62_PRE_LOCK_REVIEW_FOR_C61_SIGNAL_QUALITY_CANDIDATES_IS_ONLY.md,B027892A029EB6C8CFA1EB4539D5EA5DABD0C0B4,416,8,92,103,LX-WS-0425-DEC-01,DECISION,records/decisions/LX-WS-0425-DEC-01_C62_C61.md,4B298DA05072AB89B4A1D5D9B864330E37EE0C52
LS-WS-0425,C62+C61,audit/WS_C62_PRE_LOCK_REVIEW_FOR_C61_SIGNAL_QUALITY_CANDIDATES_IS_ONLY.md,B027892A029EB6C8CFA1EB4539D5EA5DABD0C0B4,416,9,104,121,LX-WS-0425-DEC-01,DECISION,records/decisions/LX-WS-0425-DEC-01_C62_C61.md,4B298DA05072AB89B4A1D5D9B864330E37EE0C52
LS-WS-0425,C62+C61,audit/WS_C62_PRE_LOCK_REVIEW_FOR_C61_SIGNAL_QUALITY_CANDIDATES_IS_ONLY.md,B027892A029EB6C8CFA1EB4539D5EA5DABD0C0B4,416,10,122,166,LX-WS-0425-DEC-01,DECISION,records/decisions/LX-WS-0425-DEC-01_C62_C61.md,4B298DA05072AB89B4A1D5D9B864330E37EE0C52
LS-WS-0425,C62+C61,audit/WS_C62_PRE_LOCK_REVIEW_FOR_C61_SIGNAL_QUALITY_CANDIDATES_IS_ONLY.md,B027892A029EB6C8CFA1EB4539D5EA5DABD0C0B4,416,11,167,278,LX-WS-0425-DEC-01,DECISION,records/decisions/LX-WS-0425-DEC-01_C62_C61.md,4B298DA05072AB89B4A1D5D9B864330E37EE0C52
LS-WS-0425,C62+C61,audit/WS_C62_PRE_LOCK_REVIEW_FOR_C61_SIGNAL_QUALITY_CANDIDATES_IS_ONLY.md,B027892A029EB6C8CFA1EB4539D5EA5DABD0C0B4,416,12,279,313,LX-WS-0425-DEC-01,DECISION,records/decisions/LX-WS-0425-DEC-01_C62_C61.md,4B298DA05072AB89B4A1D5D9B864330E37EE0C52
LS-WS-0425,C62+C61,audit/WS_C62_PRE_LOCK_REVIEW_FOR_C61_SIGNAL_QUALITY_CANDIDATES_IS_ONLY.md,B027892A029EB6C8CFA1EB4539D5EA5DABD0C0B4,416,13,314,339,LX-WS-0425-DEC-01,DECISION,records/decisions/LX-WS-0425-DEC-01_C62_C61.md,4B298DA05072AB89B4A1D5D9B864330E37EE0C52
LS-WS-0425,C62+C61,audit/WS_C62_PRE_LOCK_REVIEW_FOR_C61_SIGNAL_QUALITY_CANDIDATES_IS_ONLY.md,B027892A029EB6C8CFA1EB4539D5EA5DABD0C0B4,416,14,340,371,LX-WS-0425-DEC-01,DECISION,records/decisions/LX-WS-0425-DEC-01_C62_C61.md,4B298DA05072AB89B4A1D5D9B864330E37EE0C52
LS-WS-0425,C62+C61,audit/WS_C62_PRE_LOCK_REVIEW_FOR_C61_SIGNAL_QUALITY_CANDIDATES_IS_ONLY.md,B027892A029EB6C8CFA1EB4539D5EA5DABD0C0B4,416,15,372,405,LX-WS-0425-DEC-01,DECISION,records/decisions/LX-WS-0425-DEC-01_C62_C61.md,4B298DA05072AB89B4A1D5D9B864330E37EE0C52
LS-WS-0425,C62+C61,audit/WS_C62_PRE_LOCK_REVIEW_FOR_C61_SIGNAL_QUALITY_CANDIDATES_IS_ONLY.md,B027892A029EB6C8CFA1EB4539D5EA5DABD0C0B4,416,16,406,416,LX-WS-0425-DEC-01,DECISION,records/decisions/LX-WS-0425-DEC-01_C62_C61.md,4B298DA05072AB89B4A1D5D9B864330E37EE0C52
LS-WS-0427,C63,audit/WS_C63_PRE_OOS_UNLOCK_REVIEW_IS_ONLY.md,4CCF4E51775AD425FCFC6EEB96D1D30FF3C82E3E,361,1,1,6,LX-WS-0427-CTX-04,CONTEXT,records/history/archive/LX-WS-0427-CTX-04_C63.md,D020585E507692B293A5DA3894F17778FB4EC214
LS-WS-0427,C63,audit/WS_C63_PRE_OOS_UNLOCK_REVIEW_IS_ONLY.md,4CCF4E51775AD425FCFC6EEB96D1D30FF3C82E3E,361,2,7,21,LX-WS-0427-RES-03,RESEARCH,records/history/archive/LX-WS-0427-RES-03_C63.md,CC2EC4BA21FF407E07E2165AE5E9334E895107B9
LS-WS-0427,C63,audit/WS_C63_PRE_OOS_UNLOCK_REVIEW_IS_ONLY.md,4CCF4E51775AD425FCFC6EEB96D1D30FF3C82E3E,361,3,22,38,LX-WS-0427-EVD-01,EVIDENCE,records/evidence/runs/LX-WS-0427-EVD-01_C63.md,CB91D66AC1399D01D9029BA46128E65CB52A4085
LS-WS-0427,C63,audit/WS_C63_PRE_OOS_UNLOCK_REVIEW_IS_ONLY.md,4CCF4E51775AD425FCFC6EEB96D1D30FF3C82E3E,361,4,39,50,LX-WS-0427-RES-03,RESEARCH,records/history/archive/LX-WS-0427-RES-03_C63.md,CC2EC4BA21FF407E07E2165AE5E9334E895107B9
LS-WS-0427,C63,audit/WS_C63_PRE_OOS_UNLOCK_REVIEW_IS_ONLY.md,4CCF4E51775AD425FCFC6EEB96D1D30FF3C82E3E,361,5,51,65,LX-WS-0427-RES-03,RESEARCH,records/history/archive/LX-WS-0427-RES-03_C63.md,CC2EC4BA21FF407E07E2165AE5E9334E895107B9
LS-WS-0427,C63,audit/WS_C63_PRE_OOS_UNLOCK_REVIEW_IS_ONLY.md,4CCF4E51775AD425FCFC6EEB96D1D30FF3C82E3E,361,6,66,88,LX-WS-0427-RES-03,RESEARCH,records/history/archive/LX-WS-0427-RES-03_C63.md,CC2EC4BA21FF407E07E2165AE5E9334E895107B9
LS-WS-0427,C63,audit/WS_C63_PRE_OOS_UNLOCK_REVIEW_IS_ONLY.md,4CCF4E51775AD425FCFC6EEB96D1D30FF3C82E3E,361,7,89,98,LX-WS-0427-EVD-01,EVIDENCE,records/evidence/runs/LX-WS-0427-EVD-01_C63.md,CB91D66AC1399D01D9029BA46128E65CB52A4085
LS-WS-0427,C63,audit/WS_C63_PRE_OOS_UNLOCK_REVIEW_IS_ONLY.md,4CCF4E51775AD425FCFC6EEB96D1D30FF3C82E3E,361,8,99,134,LX-WS-0427-RES-03,RESEARCH,records/history/archive/LX-WS-0427-RES-03_C63.md,CC2EC4BA21FF407E07E2165AE5E9334E895107B9
LS-WS-0427,C63,audit/WS_C63_PRE_OOS_UNLOCK_REVIEW_IS_ONLY.md,4CCF4E51775AD425FCFC6EEB96D1D30FF3C82E3E,361,9,135,144,LX-WS-0427-IMP-02,IMPLEMENTATION,records/history/archive/LX-WS-0427-IMP-02_C63.md,67906D57727A62C44B516F07C313190DA0487649
LS-WS-0427,C63,audit/WS_C63_PRE_OOS_UNLOCK_REVIEW_IS_ONLY.md,4CCF4E51775AD425FCFC6EEB96D1D30FF3C82E3E,361,10,145,164,LX-WS-0427-RES-03,RESEARCH,records/history/archive/LX-WS-0427-RES-03_C63.md,CC2EC4BA21FF407E07E2165AE5E9334E895107B9
LS-WS-0427,C63,audit/WS_C63_PRE_OOS_UNLOCK_REVIEW_IS_ONLY.md,4CCF4E51775AD425FCFC6EEB96D1D30FF3C82E3E,361,11,165,361,LX-WS-0427-EVD-01,EVIDENCE,records/evidence/runs/LX-WS-0427-EVD-01_C63.md,CB91D66AC1399D01D9029BA46128E65CB52A4085
LS-WS-0429,C64,audit/WS_C64_PRE_OOS_OR_OOS_PROOF_EXECUTION.md,515916D749335304C2BFA5CC387AB6124BD9A20F,356,1,1,6,LX-WS-0429-CTX-03,CONTEXT,records/history/archive/LX-WS-0429-CTX-03_C64.md,41B245D40B9622F2C571407B30EFA1AC73474840
LS-WS-0429,C64,audit/WS_C64_PRE_OOS_OR_OOS_PROOF_EXECUTION.md,515916D749335304C2BFA5CC387AB6124BD9A20F,356,2,7,24,LX-WS-0429-EVD-01,EVIDENCE,records/evidence/runs/LX-WS-0429-EVD-01_C64.md,2CAE0DF6BAB8B68F466C2B7E38CDCA135C79F008
LS-WS-0429,C64,audit/WS_C64_PRE_OOS_OR_OOS_PROOF_EXECUTION.md,515916D749335304C2BFA5CC387AB6124BD9A20F,356,3,25,41,LX-WS-0429-EVD-01,EVIDENCE,records/evidence/runs/LX-WS-0429-EVD-01_C64.md,2CAE0DF6BAB8B68F466C2B7E38CDCA135C79F008
LS-WS-0429,C64,audit/WS_C64_PRE_OOS_OR_OOS_PROOF_EXECUTION.md,515916D749335304C2BFA5CC387AB6124BD9A20F,356,4,42,53,LX-WS-0429-EVD-01,EVIDENCE,records/evidence/runs/LX-WS-0429-EVD-01_C64.md,2CAE0DF6BAB8B68F466C2B7E38CDCA135C79F008
LS-WS-0429,C64,audit/WS_C64_PRE_OOS_OR_OOS_PROOF_EXECUTION.md,515916D749335304C2BFA5CC387AB6124BD9A20F,356,5,54,75,LX-WS-0429-EVD-01,EVIDENCE,records/evidence/runs/LX-WS-0429-EVD-01_C64.md,2CAE0DF6BAB8B68F466C2B7E38CDCA135C79F008
LS-WS-0429,C64,audit/WS_C64_PRE_OOS_OR_OOS_PROOF_EXECUTION.md,515916D749335304C2BFA5CC387AB6124BD9A20F,356,6,76,95,LX-WS-0429-EVD-01,EVIDENCE,records/evidence/runs/LX-WS-0429-EVD-01_C64.md,2CAE0DF6BAB8B68F466C2B7E38CDCA135C79F008
LS-WS-0429,C64,audit/WS_C64_PRE_OOS_OR_OOS_PROOF_EXECUTION.md,515916D749335304C2BFA5CC387AB6124BD9A20F,356,7,96,105,LX-WS-0429-EVD-01,EVIDENCE,records/evidence/runs/LX-WS-0429-EVD-01_C64.md,2CAE0DF6BAB8B68F466C2B7E38CDCA135C79F008
LS-WS-0429,C64,audit/WS_C64_PRE_OOS_OR_OOS_PROOF_EXECUTION.md,515916D749335304C2BFA5CC387AB6124BD9A20F,356,8,106,152,LX-WS-0429-EVD-01,EVIDENCE,records/evidence/runs/LX-WS-0429-EVD-01_C64.md,2CAE0DF6BAB8B68F466C2B7E38CDCA135C79F008
LS-WS-0429,C64,audit/WS_C64_PRE_OOS_OR_OOS_PROOF_EXECUTION.md,515916D749335304C2BFA5CC387AB6124BD9A20F,356,9,153,162,LX-WS-0429-IMP-02,IMPLEMENTATION,records/history/archive/LX-WS-0429-IMP-02_C64.md,1E3C8CC4C04F0239B2DCE92B5F049A6A05386996
LS-WS-0429,C64,audit/WS_C64_PRE_OOS_OR_OOS_PROOF_EXECUTION.md,515916D749335304C2BFA5CC387AB6124BD9A20F,356,10,163,186,LX-WS-0429-EVD-01,EVIDENCE,records/evidence/runs/LX-WS-0429-EVD-01_C64.md,2CAE0DF6BAB8B68F466C2B7E38CDCA135C79F008
LS-WS-0429,C64,audit/WS_C64_PRE_OOS_OR_OOS_PROOF_EXECUTION.md,515916D749335304C2BFA5CC387AB6124BD9A20F,356,11,187,356,LX-WS-0429-EVD-01,EVIDENCE,records/evidence/runs/LX-WS-0429-EVD-01_C64.md,2CAE0DF6BAB8B68F466C2B7E38CDCA135C79F008
LS-WS-0431,C65,audit/WS_C65_PRODUCTION_PRE_LOCK_REVIEW.md,CD52C33D1BD3D59B21A77BA33A38F6977E215ECE,227,1,1,8,LX-WS-0431-CTX-04,CONTEXT,records/history/archive/LX-WS-0431-CTX-04_C65.md,0F2719529BC3E0EA61F64A194AE189B6CB4CB305
LS-WS-0431,C65,audit/WS_C65_PRODUCTION_PRE_LOCK_REVIEW.md,CD52C33D1BD3D59B21A77BA33A38F6977E215ECE,227,2,9,35,LX-WS-0431-EVD-02,EVIDENCE,records/evidence/runs/LX-WS-0431-EVD-02_C65.md,E625B678D0D6A247035491FCF21D33CFFF3DA142
LS-WS-0431,C65,audit/WS_C65_PRODUCTION_PRE_LOCK_REVIEW.md,CD52C33D1BD3D59B21A77BA33A38F6977E215ECE,227,3,36,45,LX-WS-0431-DEC-01,DECISION,records/decisions/LX-WS-0431-DEC-01_C65.md,8DA987753DD620F12EAF7FAE853548A43296668B
LS-WS-0431,C65,audit/WS_C65_PRODUCTION_PRE_LOCK_REVIEW.md,CD52C33D1BD3D59B21A77BA33A38F6977E215ECE,227,4,46,67,LX-WS-0431-DEC-01,DECISION,records/decisions/LX-WS-0431-DEC-01_C65.md,8DA987753DD620F12EAF7FAE853548A43296668B
LS-WS-0431,C65,audit/WS_C65_PRODUCTION_PRE_LOCK_REVIEW.md,CD52C33D1BD3D59B21A77BA33A38F6977E215ECE,227,5,68,86,LX-WS-0431-GOV-03,GOVERNANCE,records/history/archive/LX-WS-0431-GOV-03_C65.md,14C991ED044F0C0F032BF12E39672B37C9072493
LS-WS-0431,C65,audit/WS_C65_PRODUCTION_PRE_LOCK_REVIEW.md,CD52C33D1BD3D59B21A77BA33A38F6977E215ECE,227,6,87,94,LX-WS-0431-EVD-02,EVIDENCE,records/evidence/runs/LX-WS-0431-EVD-02_C65.md,E625B678D0D6A247035491FCF21D33CFFF3DA142
LS-WS-0431,C65,audit/WS_C65_PRODUCTION_PRE_LOCK_REVIEW.md,CD52C33D1BD3D59B21A77BA33A38F6977E215ECE,227,7,95,124,LX-WS-0431-DEC-01,DECISION,records/decisions/LX-WS-0431-DEC-01_C65.md,8DA987753DD620F12EAF7FAE853548A43296668B
LS-WS-0431,C65,audit/WS_C65_PRODUCTION_PRE_LOCK_REVIEW.md,CD52C33D1BD3D59B21A77BA33A38F6977E215ECE,227,8,125,227,LX-WS-0431-EVD-02,EVIDENCE,records/evidence/runs/LX-WS-0431-EVD-02_C65.md,E625B678D0D6A247035491FCF21D33CFFF3DA142
LS-WS-0433,C66,audit/WS_C66_PRODUCTION_LOCK_REVIEW.md,27C409C83EE191A1302C626488305DD681E37D91,218,1,1,4,LX-WS-0433-CTX-04,CONTEXT,records/history/archive/LX-WS-0433-CTX-04_C66.md,D997AA4C8C09391B33E3C5089879BD917026A9E0
LS-WS-0433,C66,audit/WS_C66_PRODUCTION_LOCK_REVIEW.md,27C409C83EE191A1302C626488305DD681E37D91,218,2,5,17,LX-WS-0433-DEC-01,DECISION,records/decisions/LX-WS-0433-DEC-01_C66.md,7EE8635FD8055D520CD6FB91B83BC01BB8C339AC
LS-WS-0433,C66,audit/WS_C66_PRODUCTION_LOCK_REVIEW.md,27C409C83EE191A1302C626488305DD681E37D91,218,3,18,25,LX-WS-0433-DEC-01,DECISION,records/decisions/LX-WS-0433-DEC-01_C66.md,7EE8635FD8055D520CD6FB91B83BC01BB8C339AC
LS-WS-0433,C66,audit/WS_C66_PRODUCTION_LOCK_REVIEW.md,27C409C83EE191A1302C626488305DD681E37D91,218,4,26,35,LX-WS-0433-DEC-01,DECISION,records/decisions/LX-WS-0433-DEC-01_C66.md,7EE8635FD8055D520CD6FB91B83BC01BB8C339AC
LS-WS-0433,C66,audit/WS_C66_PRODUCTION_LOCK_REVIEW.md,27C409C83EE191A1302C626488305DD681E37D91,218,5,36,50,LX-WS-0433-GOV-03,GOVERNANCE,records/history/archive/LX-WS-0433-GOV-03_C66.md,6FB547D50B6030684AE99553F5CF6C6A6D9784CE
LS-WS-0433,C66,audit/WS_C66_PRODUCTION_LOCK_REVIEW.md,27C409C83EE191A1302C626488305DD681E37D91,218,6,51,63,LX-WS-0433-EVD-02,EVIDENCE,records/evidence/runs/LX-WS-0433-EVD-02_C66.md,9E970A9992BAD1AB21FB7AFA15FAEE9F815CC424
LS-WS-0433,C66,audit/WS_C66_PRODUCTION_LOCK_REVIEW.md,27C409C83EE191A1302C626488305DD681E37D91,218,7,64,218,LX-WS-0433-EVD-02,EVIDENCE,records/evidence/runs/LX-WS-0433-EVD-02_C66.md,9E970A9992BAD1AB21FB7AFA15FAEE9F815CC424
LS-WS-0435,C67,audit/WS_C67_PRODUCTION_CATALOG_ACTIVATION_REVIEW.md,01635C260F4EEDEB06236120E1A9F1978EA201E7,62,1,1,6,LX-WS-0435-CTX-03,CONTEXT,records/history/archive/LX-WS-0435-CTX-03_C67.md,6F118986980FD633973F75EEE47FCA88542E6E14
LS-WS-0435,C67,audit/WS_C67_PRODUCTION_CATALOG_ACTIVATION_REVIEW.md,01635C260F4EEDEB06236120E1A9F1978EA201E7,62,2,7,14,LX-WS-0435-EVD-01,EVIDENCE,records/evidence/runs/LX-WS-0435-EVD-01_C67.md,7F3FC25D3C88DA983B52625AAA7C805E5CE9FB62
LS-WS-0435,C67,audit/WS_C67_PRODUCTION_CATALOG_ACTIVATION_REVIEW.md,01635C260F4EEDEB06236120E1A9F1978EA201E7,62,3,15,21,LX-WS-0435-EVD-01,EVIDENCE,records/evidence/runs/LX-WS-0435-EVD-01_C67.md,7F3FC25D3C88DA983B52625AAA7C805E5CE9FB62
LS-WS-0435,C67,audit/WS_C67_PRODUCTION_CATALOG_ACTIVATION_REVIEW.md,01635C260F4EEDEB06236120E1A9F1978EA201E7,62,4,22,42,LX-WS-0435-EVD-01,EVIDENCE,records/evidence/runs/LX-WS-0435-EVD-01_C67.md,7F3FC25D3C88DA983B52625AAA7C805E5CE9FB62
LS-WS-0435,C67,audit/WS_C67_PRODUCTION_CATALOG_ACTIVATION_REVIEW.md,01635C260F4EEDEB06236120E1A9F1978EA201E7,62,5,43,53,LX-WS-0435-GOV-02,GOVERNANCE,records/history/archive/LX-WS-0435-GOV-02_C67.md,92AAC6B609EB3831A83AC6688EE75D4F97E0F91C
LS-WS-0435,C67,audit/WS_C67_PRODUCTION_CATALOG_ACTIVATION_REVIEW.md,01635C260F4EEDEB06236120E1A9F1978EA201E7,62,6,54,62,LX-WS-0435-EVD-01,EVIDENCE,records/evidence/runs/LX-WS-0435-EVD-01_C67.md,7F3FC25D3C88DA983B52625AAA7C805E5CE9FB62
LS-WS-0446,C73,audit/WS_C73_CONTROLLED_PARALLEL_RUN_NON_MUTATING_PLAN_CONFIRM_BRIDGE_VALIDATION.md,F0F4B9EC3DC52E1EDEDC20DDFB38CBDAC70F334F,210,1,1,82,LX-WS-0446-CTX-03,CONTEXT,records/history/archive/LX-WS-0446-CTX-03_C73.md,92227C4E8B2D5AE41333EC8499251A19EC3F2A30
LS-WS-0446,C73,audit/WS_C73_CONTROLLED_PARALLEL_RUN_NON_MUTATING_PLAN_CONFIRM_BRIDGE_VALIDATION.md,F0F4B9EC3DC52E1EDEDC20DDFB38CBDAC70F334F,210,2,83,104,LX-WS-0446-EVD-01,EVIDENCE,records/evidence/runs/LX-WS-0446-EVD-01_C73.md,62F279E8D09A65A9AC51DBF89EFAA1279383B660
LS-WS-0446,C73,audit/WS_C73_CONTROLLED_PARALLEL_RUN_NON_MUTATING_PLAN_CONFIRM_BRIDGE_VALIDATION.md,F0F4B9EC3DC52E1EDEDC20DDFB38CBDAC70F334F,210,3,105,114,LX-WS-0446-EVD-01,EVIDENCE,records/evidence/runs/LX-WS-0446-EVD-01_C73.md,62F279E8D09A65A9AC51DBF89EFAA1279383B660
LS-WS-0446,C73,audit/WS_C73_CONTROLLED_PARALLEL_RUN_NON_MUTATING_PLAN_CONFIRM_BRIDGE_VALIDATION.md,F0F4B9EC3DC52E1EDEDC20DDFB38CBDAC70F334F,210,4,115,135,LX-WS-0446-EVD-01,EVIDENCE,records/evidence/runs/LX-WS-0446-EVD-01_C73.md,62F279E8D09A65A9AC51DBF89EFAA1279383B660
LS-WS-0446,C73,audit/WS_C73_CONTROLLED_PARALLEL_RUN_NON_MUTATING_PLAN_CONFIRM_BRIDGE_VALIDATION.md,F0F4B9EC3DC52E1EDEDC20DDFB38CBDAC70F334F,210,5,136,139,LX-WS-0446-GOV-02,GOVERNANCE,records/history/archive/LX-WS-0446-GOV-02_C73.md,93BAFF6E5D8520220733566345C6FE4D59B338AD
LS-WS-0446,C73,audit/WS_C73_CONTROLLED_PARALLEL_RUN_NON_MUTATING_PLAN_CONFIRM_BRIDGE_VALIDATION.md,F0F4B9EC3DC52E1EDEDC20DDFB38CBDAC70F334F,210,6,140,147,LX-WS-0446-EVD-01,EVIDENCE,records/evidence/runs/LX-WS-0446-EVD-01_C73.md,62F279E8D09A65A9AC51DBF89EFAA1279383B660
LS-WS-0446,C73,audit/WS_C73_CONTROLLED_PARALLEL_RUN_NON_MUTATING_PLAN_CONFIRM_BRIDGE_VALIDATION.md,F0F4B9EC3DC52E1EDEDC20DDFB38CBDAC70F334F,210,7,148,157,LX-WS-0446-EVD-01,EVIDENCE,records/evidence/runs/LX-WS-0446-EVD-01_C73.md,62F279E8D09A65A9AC51DBF89EFAA1279383B660
LS-WS-0446,C73,audit/WS_C73_CONTROLLED_PARALLEL_RUN_NON_MUTATING_PLAN_CONFIRM_BRIDGE_VALIDATION.md,F0F4B9EC3DC52E1EDEDC20DDFB38CBDAC70F334F,210,8,158,210,LX-WS-0446-EVD-01,EVIDENCE,records/evidence/runs/LX-WS-0446-EVD-01_C73.md,62F279E8D09A65A9AC51DBF89EFAA1279383B660
LS-WS-0448,C74,audit/WS_C74_CONTROLLED_OPERATOR_REVIEWED_ROLLOUT_GATE_OR_DEPLOYMENT_READINESS_REVIEW.md,6B9CCD4D8B5E73F914DE15B901460EF7F3C841A2,249,1,1,84,LX-WS-0448-CTX-04,CONTEXT,records/history/archive/LX-WS-0448-CTX-04_C74.md,FF1295ED76DA8E3BFB70F4523493A791CF986279
LS-WS-0448,C74,audit/WS_C74_CONTROLLED_OPERATOR_REVIEWED_ROLLOUT_GATE_OR_DEPLOYMENT_READINESS_REVIEW.md,6B9CCD4D8B5E73F914DE15B901460EF7F3C841A2,249,2,85,98,LX-WS-0448-DEC-01,DECISION,records/decisions/LX-WS-0448-DEC-01_C74.md,C592C71218CB2AD4280058E73E8B84704C6ACB36
LS-WS-0448,C74,audit/WS_C74_CONTROLLED_OPERATOR_REVIEWED_ROLLOUT_GATE_OR_DEPLOYMENT_READINESS_REVIEW.md,6B9CCD4D8B5E73F914DE15B901460EF7F3C841A2,249,3,99,108,LX-WS-0448-DEC-01,DECISION,records/decisions/LX-WS-0448-DEC-01_C74.md,C592C71218CB2AD4280058E73E8B84704C6ACB36
LS-WS-0448,C74,audit/WS_C74_CONTROLLED_OPERATOR_REVIEWED_ROLLOUT_GATE_OR_DEPLOYMENT_READINESS_REVIEW.md,6B9CCD4D8B5E73F914DE15B901460EF7F3C841A2,249,4,109,112,LX-WS-0448-DEC-01,DECISION,records/decisions/LX-WS-0448-DEC-01_C74.md,C592C71218CB2AD4280058E73E8B84704C6ACB36
LS-WS-0448,C74,audit/WS_C74_CONTROLLED_OPERATOR_REVIEWED_ROLLOUT_GATE_OR_DEPLOYMENT_READINESS_REVIEW.md,6B9CCD4D8B5E73F914DE15B901460EF7F3C841A2,249,5,113,116,LX-WS-0448-DEC-01,DECISION,records/decisions/LX-WS-0448-DEC-01_C74.md,C592C71218CB2AD4280058E73E8B84704C6ACB36
LS-WS-0448,C74,audit/WS_C74_CONTROLLED_OPERATOR_REVIEWED_ROLLOUT_GATE_OR_DEPLOYMENT_READINESS_REVIEW.md,6B9CCD4D8B5E73F914DE15B901460EF7F3C841A2,249,6,117,120,LX-WS-0448-GOV-03,GOVERNANCE,records/history/archive/LX-WS-0448-GOV-03_C74.md,802E7FA60ECA42C3DFE708F063D071E600B63DFB
LS-WS-0448,C74,audit/WS_C74_CONTROLLED_OPERATOR_REVIEWED_ROLLOUT_GATE_OR_DEPLOYMENT_READINESS_REVIEW.md,6B9CCD4D8B5E73F914DE15B901460EF7F3C841A2,249,7,121,124,LX-WS-0448-GOV-03,GOVERNANCE,records/history/archive/LX-WS-0448-GOV-03_C74.md,802E7FA60ECA42C3DFE708F063D071E600B63DFB
LS-WS-0448,C74,audit/WS_C74_CONTROLLED_OPERATOR_REVIEWED_ROLLOUT_GATE_OR_DEPLOYMENT_READINESS_REVIEW.md,6B9CCD4D8B5E73F914DE15B901460EF7F3C841A2,249,8,125,230,LX-WS-0448-EVD-02,EVIDENCE,records/evidence/runs/LX-WS-0448-EVD-02_C74.md,367C78FB51AD500F14988D261B5EA8AEC41539B2
LS-WS-0448,C74,audit/WS_C74_CONTROLLED_OPERATOR_REVIEWED_ROLLOUT_GATE_OR_DEPLOYMENT_READINESS_REVIEW.md,6B9CCD4D8B5E73F914DE15B901460EF7F3C841A2,249,9,231,249,LX-WS-0448-EVD-02,EVIDENCE,records/evidence/runs/LX-WS-0448-EVD-02_C74.md,367C78FB51AD500F14988D261B5EA8AEC41539B2
LS-WS-0450,C75,audit/WS_C75_CONTROLLED_OPERATOR_APPROVED_ROLLOUT_EXECUTION_REVIEW_OR_CONTROLLED_WIRING_EXECUTION_REVIEW.md,13FE01127D1276DCFED31FBABB0EE94485FB0AB3,189,1,1,15,LX-WS-0450-CTX-04,CONTEXT,records/history/archive/LX-WS-0450-CTX-04_C75.md,7DF5D302DCF20794AA39D96457C54ACB42A6C128
LS-WS-0450,C75,audit/WS_C75_CONTROLLED_OPERATOR_APPROVED_ROLLOUT_EXECUTION_REVIEW_OR_CONTROLLED_WIRING_EXECUTION_REVIEW.md,13FE01127D1276DCFED31FBABB0EE94485FB0AB3,189,2,16,25,LX-WS-0450-EVD-02,EVIDENCE,records/evidence/runs/LX-WS-0450-EVD-02_C75.md,6026486C02768FB924F7658A0612E649D433E3CF
LS-WS-0450,C75,audit/WS_C75_CONTROLLED_OPERATOR_APPROVED_ROLLOUT_EXECUTION_REVIEW_OR_CONTROLLED_WIRING_EXECUTION_REVIEW.md,13FE01127D1276DCFED31FBABB0EE94485FB0AB3,189,3,26,33,LX-WS-0450-DEC-01,DECISION,records/decisions/LX-WS-0450-DEC-01_C75.md,A4908E570BB90CC8713B83DD9FA64EF86B2E4096
LS-WS-0450,C75,audit/WS_C75_CONTROLLED_OPERATOR_APPROVED_ROLLOUT_EXECUTION_REVIEW_OR_CONTROLLED_WIRING_EXECUTION_REVIEW.md,13FE01127D1276DCFED31FBABB0EE94485FB0AB3,189,4,34,65,LX-WS-0450-EVD-02,EVIDENCE,records/evidence/runs/LX-WS-0450-EVD-02_C75.md,6026486C02768FB924F7658A0612E649D433E3CF
LS-WS-0450,C75,audit/WS_C75_CONTROLLED_OPERATOR_APPROVED_ROLLOUT_EXECUTION_REVIEW_OR_CONTROLLED_WIRING_EXECUTION_REVIEW.md,13FE01127D1276DCFED31FBABB0EE94485FB0AB3,189,5,66,91,LX-WS-0450-EVD-02,EVIDENCE,records/evidence/runs/LX-WS-0450-EVD-02_C75.md,6026486C02768FB924F7658A0612E649D433E3CF
LS-WS-0450,C75,audit/WS_C75_CONTROLLED_OPERATOR_APPROVED_ROLLOUT_EXECUTION_REVIEW_OR_CONTROLLED_WIRING_EXECUTION_REVIEW.md,13FE01127D1276DCFED31FBABB0EE94485FB0AB3,189,6,92,99,LX-WS-0450-EVD-02,EVIDENCE,records/evidence/runs/LX-WS-0450-EVD-02_C75.md,6026486C02768FB924F7658A0612E649D433E3CF
LS-WS-0450,C75,audit/WS_C75_CONTROLLED_OPERATOR_APPROVED_ROLLOUT_EXECUTION_REVIEW_OR_CONTROLLED_WIRING_EXECUTION_REVIEW.md,13FE01127D1276DCFED31FBABB0EE94485FB0AB3,189,7,100,115,LX-WS-0450-GOV-03,GOVERNANCE,records/history/archive/LX-WS-0450-GOV-03_C75.md,C91FA1F2F986ABD8DE00B7E108B39D7FC8A175F4
LS-WS-0450,C75,audit/WS_C75_CONTROLLED_OPERATOR_APPROVED_ROLLOUT_EXECUTION_REVIEW_OR_CONTROLLED_WIRING_EXECUTION_REVIEW.md,13FE01127D1276DCFED31FBABB0EE94485FB0AB3,189,8,116,130,LX-WS-0450-EVD-02,EVIDENCE,records/evidence/runs/LX-WS-0450-EVD-02_C75.md,6026486C02768FB924F7658A0612E649D433E3CF
LS-WS-0450,C75,audit/WS_C75_CONTROLLED_OPERATOR_APPROVED_ROLLOUT_EXECUTION_REVIEW_OR_CONTROLLED_WIRING_EXECUTION_REVIEW.md,13FE01127D1276DCFED31FBABB0EE94485FB0AB3,189,9,131,189,LX-WS-0450-EVD-02,EVIDENCE,records/evidence/runs/LX-WS-0450-EVD-02_C75.md,6026486C02768FB924F7658A0612E649D433E3CF
LS-WS-0452,C76,audit/WS_C76_CONTROLLED_RUNTIME_OPT_IN_PILOT_OR_SHADOW_ROLLOUT_PREPARATION_REVIEW.md,F25C282DA183BCBC61872740F25F9D2023BAC404,131,1,1,63,LX-WS-0452-CTX-03,CONTEXT,records/history/archive/LX-WS-0452-CTX-03_C76.md,E8F362A8B3898BDE89FA766BBE973F4CA0FC395E
LS-WS-0452,C76,audit/WS_C76_CONTROLLED_RUNTIME_OPT_IN_PILOT_OR_SHADOW_ROLLOUT_PREPARATION_REVIEW.md,F25C282DA183BCBC61872740F25F9D2023BAC404,131,2,64,92,LX-WS-0452-EVD-02,EVIDENCE,records/evidence/runs/LX-WS-0452-EVD-02_C76.md,D94A4620A601A6EE340F2EA72E4FA73E44B1F076
LS-WS-0452,C76,audit/WS_C76_CONTROLLED_RUNTIME_OPT_IN_PILOT_OR_SHADOW_ROLLOUT_PREPARATION_REVIEW.md,F25C282DA183BCBC61872740F25F9D2023BAC404,131,3,93,112,LX-WS-0452-EVD-02,EVIDENCE,records/evidence/runs/LX-WS-0452-EVD-02_C76.md,D94A4620A601A6EE340F2EA72E4FA73E44B1F076
LS-WS-0452,C76,audit/WS_C76_CONTROLLED_RUNTIME_OPT_IN_PILOT_OR_SHADOW_ROLLOUT_PREPARATION_REVIEW.md,F25C282DA183BCBC61872740F25F9D2023BAC404,131,4,113,118,LX-WS-0452-EVD-02,EVIDENCE,records/evidence/runs/LX-WS-0452-EVD-02_C76.md,D94A4620A601A6EE340F2EA72E4FA73E44B1F076
LS-WS-0452,C76,audit/WS_C76_CONTROLLED_RUNTIME_OPT_IN_PILOT_OR_SHADOW_ROLLOUT_PREPARATION_REVIEW.md,F25C282DA183BCBC61872740F25F9D2023BAC404,131,5,119,131,LX-WS-0452-DEC-01,DECISION,records/decisions/LX-WS-0452-DEC-01_C76.md,1E0CE5B8C7B3FB3E1D9295CAD64F248A93185135
LS-WS-0454,C77,audit/WS_C77_CONTROLLED_RUNTIME_OPT_IN_PILOT_OR_SHADOW_ROLLOUT_EXECUTION_REVIEW.md,C34139EA0AB19CDB8D7884530A63CC967231D694,148,1,1,11,LX-WS-0454-CTX-03,CONTEXT,records/history/archive/LX-WS-0454-CTX-03_C77.md,AF475F8E54180BDB751014A2E6F875CA36C06B10
LS-WS-0454,C77,audit/WS_C77_CONTROLLED_RUNTIME_OPT_IN_PILOT_OR_SHADOW_ROLLOUT_EXECUTION_REVIEW.md,C34139EA0AB19CDB8D7884530A63CC967231D694,148,2,12,30,LX-WS-0454-EVD-01,EVIDENCE,records/evidence/runs/LX-WS-0454-EVD-01_C77.md,805AF49D5247402364906C29A0EF38F9248BF941
LS-WS-0454,C77,audit/WS_C77_CONTROLLED_RUNTIME_OPT_IN_PILOT_OR_SHADOW_ROLLOUT_EXECUTION_REVIEW.md,C34139EA0AB19CDB8D7884530A63CC967231D694,148,3,31,48,LX-WS-0454-EVD-01,EVIDENCE,records/evidence/runs/LX-WS-0454-EVD-01_C77.md,805AF49D5247402364906C29A0EF38F9248BF941
LS-WS-0454,C77,audit/WS_C77_CONTROLLED_RUNTIME_OPT_IN_PILOT_OR_SHADOW_ROLLOUT_EXECUTION_REVIEW.md,C34139EA0AB19CDB8D7884530A63CC967231D694,148,4,49,68,LX-WS-0454-EVD-01,EVIDENCE,records/evidence/runs/LX-WS-0454-EVD-01_C77.md,805AF49D5247402364906C29A0EF38F9248BF941
LS-WS-0454,C77,audit/WS_C77_CONTROLLED_RUNTIME_OPT_IN_PILOT_OR_SHADOW_ROLLOUT_EXECUTION_REVIEW.md,C34139EA0AB19CDB8D7884530A63CC967231D694,148,5,69,80,LX-WS-0454-GOV-02,GOVERNANCE,records/history/archive/LX-WS-0454-GOV-02_C77.md,0471B77B7487C1C9A602450526ADD4736632D25E
LS-WS-0454,C77,audit/WS_C77_CONTROLLED_RUNTIME_OPT_IN_PILOT_OR_SHADOW_ROLLOUT_EXECUTION_REVIEW.md,C34139EA0AB19CDB8D7884530A63CC967231D694,148,6,81,100,LX-WS-0454-EVD-01,EVIDENCE,records/evidence/runs/LX-WS-0454-EVD-01_C77.md,805AF49D5247402364906C29A0EF38F9248BF941
LS-WS-0454,C77,audit/WS_C77_CONTROLLED_RUNTIME_OPT_IN_PILOT_OR_SHADOW_ROLLOUT_EXECUTION_REVIEW.md,C34139EA0AB19CDB8D7884530A63CC967231D694,148,7,101,148,LX-WS-0454-EVD-01,EVIDENCE,records/evidence/runs/LX-WS-0454-EVD-01_C77.md,805AF49D5247402364906C29A0EF38F9248BF941
LS-WS-0460,C80,audit/WS_C80_CONTROLLED_LIMITED_RUNTIME_OPT_IN_PILOT_OR_SHADOW_ROLLOUT_OPERATOR_GO_NO_GO_REVIEW.md,3DB66789433BBB554354E7CD03603C8746DA6B0A,143,1,1,11,LX-WS-0460-CTX-03,CONTEXT,records/history/archive/LX-WS-0460-CTX-03_C80.md,AF3975506B380E3A85EFEF893256146B5F86D3F8
LS-WS-0460,C80,audit/WS_C80_CONTROLLED_LIMITED_RUNTIME_OPT_IN_PILOT_OR_SHADOW_ROLLOUT_OPERATOR_GO_NO_GO_REVIEW.md,3DB66789433BBB554354E7CD03603C8746DA6B0A,143,2,12,30,LX-WS-0460-DEC-01,DECISION,records/decisions/LX-WS-0460-DEC-01_C80.md,BB5935B008D2578DD0A36793F7E298F7F02A43D1
LS-WS-0460,C80,audit/WS_C80_CONTROLLED_LIMITED_RUNTIME_OPT_IN_PILOT_OR_SHADOW_ROLLOUT_OPERATOR_GO_NO_GO_REVIEW.md,3DB66789433BBB554354E7CD03603C8746DA6B0A,143,3,31,47,LX-WS-0460-DEC-01,DECISION,records/decisions/LX-WS-0460-DEC-01_C80.md,BB5935B008D2578DD0A36793F7E298F7F02A43D1
LS-WS-0460,C80,audit/WS_C80_CONTROLLED_LIMITED_RUNTIME_OPT_IN_PILOT_OR_SHADOW_ROLLOUT_OPERATOR_GO_NO_GO_REVIEW.md,3DB66789433BBB554354E7CD03603C8746DA6B0A,143,4,48,66,LX-WS-0460-DEC-01,DECISION,records/decisions/LX-WS-0460-DEC-01_C80.md,BB5935B008D2578DD0A36793F7E298F7F02A43D1
LS-WS-0460,C80,audit/WS_C80_CONTROLLED_LIMITED_RUNTIME_OPT_IN_PILOT_OR_SHADOW_ROLLOUT_OPERATOR_GO_NO_GO_REVIEW.md,3DB66789433BBB554354E7CD03603C8746DA6B0A,143,5,67,75,LX-WS-0460-DEC-01,DECISION,records/decisions/LX-WS-0460-DEC-01_C80.md,BB5935B008D2578DD0A36793F7E298F7F02A43D1
LS-WS-0460,C80,audit/WS_C80_CONTROLLED_LIMITED_RUNTIME_OPT_IN_PILOT_OR_SHADOW_ROLLOUT_OPERATOR_GO_NO_GO_REVIEW.md,3DB66789433BBB554354E7CD03603C8746DA6B0A,143,6,76,95,LX-WS-0460-DEC-01,DECISION,records/decisions/LX-WS-0460-DEC-01_C80.md,BB5935B008D2578DD0A36793F7E298F7F02A43D1
LS-WS-0460,C80,audit/WS_C80_CONTROLLED_LIMITED_RUNTIME_OPT_IN_PILOT_OR_SHADOW_ROLLOUT_OPERATOR_GO_NO_GO_REVIEW.md,3DB66789433BBB554354E7CD03603C8746DA6B0A,143,7,96,143,LX-WS-0460-EVD-02,EVIDENCE,records/evidence/runs/LX-WS-0460-EVD-02_C80.md,06652163138E281B27B01D06B4F4D2A81E498741
LS-WS-0462,C81,audit/WS_C81_CONTROLLED_LIMITED_RUNTIME_OPT_IN_PILOT_OR_SHADOW_ROLLOUT_GO_DECISION_FINALIZATION_REVIEW.md,5F2CE95F467E0493799240BE6B6A56E830AD98F1,143,1,1,11,LX-WS-0462-CTX-03,CONTEXT,records/history/archive/LX-WS-0462-CTX-03_C81.md,65D832D5AF393FC3766223B2A3EAEC879F99F4AF
LS-WS-0462,C81,audit/WS_C81_CONTROLLED_LIMITED_RUNTIME_OPT_IN_PILOT_OR_SHADOW_ROLLOUT_GO_DECISION_FINALIZATION_REVIEW.md,5F2CE95F467E0493799240BE6B6A56E830AD98F1,143,2,12,30,LX-WS-0462-DEC-01,DECISION,records/decisions/LX-WS-0462-DEC-01_C81.md,4AB93FD88375ED2D7EE9A66AA724FB3F63251D9F
LS-WS-0462,C81,audit/WS_C81_CONTROLLED_LIMITED_RUNTIME_OPT_IN_PILOT_OR_SHADOW_ROLLOUT_GO_DECISION_FINALIZATION_REVIEW.md,5F2CE95F467E0493799240BE6B6A56E830AD98F1,143,3,31,47,LX-WS-0462-DEC-01,DECISION,records/decisions/LX-WS-0462-DEC-01_C81.md,4AB93FD88375ED2D7EE9A66AA724FB3F63251D9F
LS-WS-0462,C81,audit/WS_C81_CONTROLLED_LIMITED_RUNTIME_OPT_IN_PILOT_OR_SHADOW_ROLLOUT_GO_DECISION_FINALIZATION_REVIEW.md,5F2CE95F467E0493799240BE6B6A56E830AD98F1,143,4,48,66,LX-WS-0462-DEC-01,DECISION,records/decisions/LX-WS-0462-DEC-01_C81.md,4AB93FD88375ED2D7EE9A66AA724FB3F63251D9F
LS-WS-0462,C81,audit/WS_C81_CONTROLLED_LIMITED_RUNTIME_OPT_IN_PILOT_OR_SHADOW_ROLLOUT_GO_DECISION_FINALIZATION_REVIEW.md,5F2CE95F467E0493799240BE6B6A56E830AD98F1,143,5,67,75,LX-WS-0462-DEC-01,DECISION,records/decisions/LX-WS-0462-DEC-01_C81.md,4AB93FD88375ED2D7EE9A66AA724FB3F63251D9F
LS-WS-0462,C81,audit/WS_C81_CONTROLLED_LIMITED_RUNTIME_OPT_IN_PILOT_OR_SHADOW_ROLLOUT_GO_DECISION_FINALIZATION_REVIEW.md,5F2CE95F467E0493799240BE6B6A56E830AD98F1,143,6,76,95,LX-WS-0462-EVD-02,EVIDENCE,records/evidence/runs/LX-WS-0462-EVD-02_C81.md,D2A2A834B8B43F3A5C16C4060781F9DE2FFAC03F
LS-WS-0462,C81,audit/WS_C81_CONTROLLED_LIMITED_RUNTIME_OPT_IN_PILOT_OR_SHADOW_ROLLOUT_GO_DECISION_FINALIZATION_REVIEW.md,5F2CE95F467E0493799240BE6B6A56E830AD98F1,143,7,96,143,LX-WS-0462-EVD-02,EVIDENCE,records/evidence/runs/LX-WS-0462-EVD-02_C81.md,D2A2A834B8B43F3A5C16C4060781F9DE2FFAC03F
LS-WS-0464,C82,audit/WS_C82_CONTROLLED_LIMITED_RUNTIME_OPT_IN_PILOT_OR_SHADOW_ROLLOUT_PRE_ACTIVATION_BOUNDARY_REVIEW.md,D609411CFEF500E333157E4352CA0C2F1D97BC1D,146,1,1,11,LX-WS-0464-CTX-03,CONTEXT,records/history/archive/LX-WS-0464-CTX-03_C82.md,D40E1C44BDF9493179BDF35C65396BCE8C0B6E96
LS-WS-0464,C82,audit/WS_C82_CONTROLLED_LIMITED_RUNTIME_OPT_IN_PILOT_OR_SHADOW_ROLLOUT_PRE_ACTIVATION_BOUNDARY_REVIEW.md,D609411CFEF500E333157E4352CA0C2F1D97BC1D,146,2,12,30,LX-WS-0464-DEC-01,DECISION,records/decisions/LX-WS-0464-DEC-01_C82.md,CEAACA2A2CF64C8C99DFA6C197C7E73BB4612A55
LS-WS-0464,C82,audit/WS_C82_CONTROLLED_LIMITED_RUNTIME_OPT_IN_PILOT_OR_SHADOW_ROLLOUT_PRE_ACTIVATION_BOUNDARY_REVIEW.md,D609411CFEF500E333157E4352CA0C2F1D97BC1D,146,3,31,48,LX-WS-0464-DEC-01,DECISION,records/decisions/LX-WS-0464-DEC-01_C82.md,CEAACA2A2CF64C8C99DFA6C197C7E73BB4612A55
LS-WS-0464,C82,audit/WS_C82_CONTROLLED_LIMITED_RUNTIME_OPT_IN_PILOT_OR_SHADOW_ROLLOUT_PRE_ACTIVATION_BOUNDARY_REVIEW.md,D609411CFEF500E333157E4352CA0C2F1D97BC1D,146,4,49,68,LX-WS-0464-DEC-01,DECISION,records/decisions/LX-WS-0464-DEC-01_C82.md,CEAACA2A2CF64C8C99DFA6C197C7E73BB4612A55
LS-WS-0464,C82,audit/WS_C82_CONTROLLED_LIMITED_RUNTIME_OPT_IN_PILOT_OR_SHADOW_ROLLOUT_PRE_ACTIVATION_BOUNDARY_REVIEW.md,D609411CFEF500E333157E4352CA0C2F1D97BC1D,146,5,69,78,LX-WS-0464-DEC-01,DECISION,records/decisions/LX-WS-0464-DEC-01_C82.md,CEAACA2A2CF64C8C99DFA6C197C7E73BB4612A55
LS-WS-0464,C82,audit/WS_C82_CONTROLLED_LIMITED_RUNTIME_OPT_IN_PILOT_OR_SHADOW_ROLLOUT_PRE_ACTIVATION_BOUNDARY_REVIEW.md,D609411CFEF500E333157E4352CA0C2F1D97BC1D,146,6,79,98,LX-WS-0464-DEC-01,DECISION,records/decisions/LX-WS-0464-DEC-01_C82.md,CEAACA2A2CF64C8C99DFA6C197C7E73BB4612A55
LS-WS-0464,C82,audit/WS_C82_CONTROLLED_LIMITED_RUNTIME_OPT_IN_PILOT_OR_SHADOW_ROLLOUT_PRE_ACTIVATION_BOUNDARY_REVIEW.md,D609411CFEF500E333157E4352CA0C2F1D97BC1D,146,7,99,146,LX-WS-0464-EVD-02,EVIDENCE,records/evidence/runs/LX-WS-0464-EVD-02_C82.md,9AFD48E949BE981693F8A00A2442A826967CF3B1
LS-WS-0466,C83,audit/WS_C83_CONTROLLED_LIMITED_RUNTIME_OPT_IN_PILOT_OR_SHADOW_ROLLOUT_ACTIVATION_AUTHORIZATION_REVIEW.md,4191A3FC9AD1BC86CFD0FFD9FF487963F423D884,146,1,1,11,LX-WS-0466-CTX-03,CONTEXT,records/history/archive/LX-WS-0466-CTX-03_C83.md,99B37BBCE6AA3AAE53744262106B41FDAAB5C31A
LS-WS-0466,C83,audit/WS_C83_CONTROLLED_LIMITED_RUNTIME_OPT_IN_PILOT_OR_SHADOW_ROLLOUT_ACTIVATION_AUTHORIZATION_REVIEW.md,4191A3FC9AD1BC86CFD0FFD9FF487963F423D884,146,2,12,30,LX-WS-0466-DEC-01,DECISION,records/decisions/LX-WS-0466-DEC-01_C83.md,6FCB6CC122CC36546A509FA30CC1BDB8A4D1B27B
LS-WS-0466,C83,audit/WS_C83_CONTROLLED_LIMITED_RUNTIME_OPT_IN_PILOT_OR_SHADOW_ROLLOUT_ACTIVATION_AUTHORIZATION_REVIEW.md,4191A3FC9AD1BC86CFD0FFD9FF487963F423D884,146,3,31,48,LX-WS-0466-DEC-01,DECISION,records/decisions/LX-WS-0466-DEC-01_C83.md,6FCB6CC122CC36546A509FA30CC1BDB8A4D1B27B
LS-WS-0466,C83,audit/WS_C83_CONTROLLED_LIMITED_RUNTIME_OPT_IN_PILOT_OR_SHADOW_ROLLOUT_ACTIVATION_AUTHORIZATION_REVIEW.md,4191A3FC9AD1BC86CFD0FFD9FF487963F423D884,146,4,49,68,LX-WS-0466-DEC-01,DECISION,records/decisions/LX-WS-0466-DEC-01_C83.md,6FCB6CC122CC36546A509FA30CC1BDB8A4D1B27B
LS-WS-0466,C83,audit/WS_C83_CONTROLLED_LIMITED_RUNTIME_OPT_IN_PILOT_OR_SHADOW_ROLLOUT_ACTIVATION_AUTHORIZATION_REVIEW.md,4191A3FC9AD1BC86CFD0FFD9FF487963F423D884,146,5,69,78,LX-WS-0466-DEC-01,DECISION,records/decisions/LX-WS-0466-DEC-01_C83.md,6FCB6CC122CC36546A509FA30CC1BDB8A4D1B27B
LS-WS-0466,C83,audit/WS_C83_CONTROLLED_LIMITED_RUNTIME_OPT_IN_PILOT_OR_SHADOW_ROLLOUT_ACTIVATION_AUTHORIZATION_REVIEW.md,4191A3FC9AD1BC86CFD0FFD9FF487963F423D884,146,6,79,98,LX-WS-0466-DEC-01,DECISION,records/decisions/LX-WS-0466-DEC-01_C83.md,6FCB6CC122CC36546A509FA30CC1BDB8A4D1B27B
LS-WS-0466,C83,audit/WS_C83_CONTROLLED_LIMITED_RUNTIME_OPT_IN_PILOT_OR_SHADOW_ROLLOUT_ACTIVATION_AUTHORIZATION_REVIEW.md,4191A3FC9AD1BC86CFD0FFD9FF487963F423D884,146,7,99,146,LX-WS-0466-EVD-02,EVIDENCE,records/evidence/runs/LX-WS-0466-EVD-02_C83.md,138D6EC88582633E2032FF7E1DDFEA0EE25EC57C
LS-WS-0474,C87,audit/WS_C87_CONTROLLED_LIMITED_RUNTIME_OPT_IN_PILOT_OR_SHADOW_ROLLOUT_POST_ACTIVATION_OPERATOR_GO_NO_GO_REVIEW.md,F59163076BB1B11CF0172BD0A2C7C3EFBFB69C13,143,1,1,11,LX-WS-0474-CTX-03,CONTEXT,records/history/archive/LX-WS-0474-CTX-03_C87.md,9D992B776763B652BB8BB2E77659D5B4F49E24AA
LS-WS-0474,C87,audit/WS_C87_CONTROLLED_LIMITED_RUNTIME_OPT_IN_PILOT_OR_SHADOW_ROLLOUT_POST_ACTIVATION_OPERATOR_GO_NO_GO_REVIEW.md,F59163076BB1B11CF0172BD0A2C7C3EFBFB69C13,143,2,12,30,LX-WS-0474-DEC-01,DECISION,records/decisions/LX-WS-0474-DEC-01_C87.md,1C6A8054C72C6683622DF491B57EA8CDFB0EFD06
LS-WS-0474,C87,audit/WS_C87_CONTROLLED_LIMITED_RUNTIME_OPT_IN_PILOT_OR_SHADOW_ROLLOUT_POST_ACTIVATION_OPERATOR_GO_NO_GO_REVIEW.md,F59163076BB1B11CF0172BD0A2C7C3EFBFB69C13,143,3,31,47,LX-WS-0474-DEC-01,DECISION,records/decisions/LX-WS-0474-DEC-01_C87.md,1C6A8054C72C6683622DF491B57EA8CDFB0EFD06
LS-WS-0474,C87,audit/WS_C87_CONTROLLED_LIMITED_RUNTIME_OPT_IN_PILOT_OR_SHADOW_ROLLOUT_POST_ACTIVATION_OPERATOR_GO_NO_GO_REVIEW.md,F59163076BB1B11CF0172BD0A2C7C3EFBFB69C13,143,4,48,66,LX-WS-0474-DEC-01,DECISION,records/decisions/LX-WS-0474-DEC-01_C87.md,1C6A8054C72C6683622DF491B57EA8CDFB0EFD06
LS-WS-0474,C87,audit/WS_C87_CONTROLLED_LIMITED_RUNTIME_OPT_IN_PILOT_OR_SHADOW_ROLLOUT_POST_ACTIVATION_OPERATOR_GO_NO_GO_REVIEW.md,F59163076BB1B11CF0172BD0A2C7C3EFBFB69C13,143,5,67,75,LX-WS-0474-DEC-01,DECISION,records/decisions/LX-WS-0474-DEC-01_C87.md,1C6A8054C72C6683622DF491B57EA8CDFB0EFD06
LS-WS-0474,C87,audit/WS_C87_CONTROLLED_LIMITED_RUNTIME_OPT_IN_PILOT_OR_SHADOW_ROLLOUT_POST_ACTIVATION_OPERATOR_GO_NO_GO_REVIEW.md,F59163076BB1B11CF0172BD0A2C7C3EFBFB69C13,143,6,76,95,LX-WS-0474-DEC-01,DECISION,records/decisions/LX-WS-0474-DEC-01_C87.md,1C6A8054C72C6683622DF491B57EA8CDFB0EFD06
LS-WS-0474,C87,audit/WS_C87_CONTROLLED_LIMITED_RUNTIME_OPT_IN_PILOT_OR_SHADOW_ROLLOUT_POST_ACTIVATION_OPERATOR_GO_NO_GO_REVIEW.md,F59163076BB1B11CF0172BD0A2C7C3EFBFB69C13,143,7,96,143,LX-WS-0474-EVD-02,EVIDENCE,records/evidence/runs/LX-WS-0474-EVD-02_C87.md,91BC4736FA2495FFFF03E5C8AF853DE7E6FE6E9C
LS-WS-0476,C88,audit/WS_C88_CONTROLLED_LIMITED_RUNTIME_OPT_IN_PILOT_OR_SHADOW_ROLLOUT_POST_ACTIVATION_GO_DECISION_FINALIZATION_REVIEW.md,AA869FFCB5A3DE0405422EE17949D2038B57CF29,143,1,1,11,LX-WS-0476-CTX-03,CONTEXT,records/history/archive/LX-WS-0476-CTX-03_C88.md,FC73E0DB44D723CBAFA8AEAF81D50C1ED0D5C755
LS-WS-0476,C88,audit/WS_C88_CONTROLLED_LIMITED_RUNTIME_OPT_IN_PILOT_OR_SHADOW_ROLLOUT_POST_ACTIVATION_GO_DECISION_FINALIZATION_REVIEW.md,AA869FFCB5A3DE0405422EE17949D2038B57CF29,143,2,12,30,LX-WS-0476-DEC-01,DECISION,records/decisions/LX-WS-0476-DEC-01_C88.md,2AF3FFE0460D9C86BDD13414CCD660EA850996E1
LS-WS-0476,C88,audit/WS_C88_CONTROLLED_LIMITED_RUNTIME_OPT_IN_PILOT_OR_SHADOW_ROLLOUT_POST_ACTIVATION_GO_DECISION_FINALIZATION_REVIEW.md,AA869FFCB5A3DE0405422EE17949D2038B57CF29,143,3,31,47,LX-WS-0476-DEC-01,DECISION,records/decisions/LX-WS-0476-DEC-01_C88.md,2AF3FFE0460D9C86BDD13414CCD660EA850996E1
LS-WS-0476,C88,audit/WS_C88_CONTROLLED_LIMITED_RUNTIME_OPT_IN_PILOT_OR_SHADOW_ROLLOUT_POST_ACTIVATION_GO_DECISION_FINALIZATION_REVIEW.md,AA869FFCB5A3DE0405422EE17949D2038B57CF29,143,4,48,66,LX-WS-0476-DEC-01,DECISION,records/decisions/LX-WS-0476-DEC-01_C88.md,2AF3FFE0460D9C86BDD13414CCD660EA850996E1
LS-WS-0476,C88,audit/WS_C88_CONTROLLED_LIMITED_RUNTIME_OPT_IN_PILOT_OR_SHADOW_ROLLOUT_POST_ACTIVATION_GO_DECISION_FINALIZATION_REVIEW.md,AA869FFCB5A3DE0405422EE17949D2038B57CF29,143,5,67,75,LX-WS-0476-DEC-01,DECISION,records/decisions/LX-WS-0476-DEC-01_C88.md,2AF3FFE0460D9C86BDD13414CCD660EA850996E1
LS-WS-0476,C88,audit/WS_C88_CONTROLLED_LIMITED_RUNTIME_OPT_IN_PILOT_OR_SHADOW_ROLLOUT_POST_ACTIVATION_GO_DECISION_FINALIZATION_REVIEW.md,AA869FFCB5A3DE0405422EE17949D2038B57CF29,143,6,76,95,LX-WS-0476-EVD-02,EVIDENCE,records/evidence/runs/LX-WS-0476-EVD-02_C88.md,F6EFB31FD636A1C36989A1C0875734156ACEEFA6
LS-WS-0476,C88,audit/WS_C88_CONTROLLED_LIMITED_RUNTIME_OPT_IN_PILOT_OR_SHADOW_ROLLOUT_POST_ACTIVATION_GO_DECISION_FINALIZATION_REVIEW.md,AA869FFCB5A3DE0405422EE17949D2038B57CF29,143,7,96,143,LX-WS-0476-EVD-02,EVIDENCE,records/evidence/runs/LX-WS-0476-EVD-02_C88.md,F6EFB31FD636A1C36989A1C0875734156ACEEFA6
LS-WS-0478,C89,audit/WS_C89_CONTROLLED_LIMITED_RUNTIME_OPT_IN_PILOT_OR_SHADOW_ROLLOUT_POST_ACTIVATION_COMPLETION_BOUNDARY_REVIEW.md,D516E5F8CC15FBED00026FABAE87ABF1CDD0146C,143,1,1,11,LX-WS-0478-CTX-03,CONTEXT,records/history/archive/LX-WS-0478-CTX-03_C89.md,F1ABB1F06E9F5C86A08B4BC4813CD4B735BBF5D8
LS-WS-0478,C89,audit/WS_C89_CONTROLLED_LIMITED_RUNTIME_OPT_IN_PILOT_OR_SHADOW_ROLLOUT_POST_ACTIVATION_COMPLETION_BOUNDARY_REVIEW.md,D516E5F8CC15FBED00026FABAE87ABF1CDD0146C,143,2,12,30,LX-WS-0478-DEC-01,DECISION,records/decisions/LX-WS-0478-DEC-01_C89.md,050B09A34AA8C1396A0D21BE02E16E66C9C5432D
LS-WS-0478,C89,audit/WS_C89_CONTROLLED_LIMITED_RUNTIME_OPT_IN_PILOT_OR_SHADOW_ROLLOUT_POST_ACTIVATION_COMPLETION_BOUNDARY_REVIEW.md,D516E5F8CC15FBED00026FABAE87ABF1CDD0146C,143,3,31,47,LX-WS-0478-EVD-02,EVIDENCE,records/evidence/runs/LX-WS-0478-EVD-02_C89.md,668323F2A2BEFE9A7D2F9F61AC647302E0CE3943
LS-WS-0478,C89,audit/WS_C89_CONTROLLED_LIMITED_RUNTIME_OPT_IN_PILOT_OR_SHADOW_ROLLOUT_POST_ACTIVATION_COMPLETION_BOUNDARY_REVIEW.md,D516E5F8CC15FBED00026FABAE87ABF1CDD0146C,143,4,48,66,LX-WS-0478-DEC-01,DECISION,records/decisions/LX-WS-0478-DEC-01_C89.md,050B09A34AA8C1396A0D21BE02E16E66C9C5432D
LS-WS-0478,C89,audit/WS_C89_CONTROLLED_LIMITED_RUNTIME_OPT_IN_PILOT_OR_SHADOW_ROLLOUT_POST_ACTIVATION_COMPLETION_BOUNDARY_REVIEW.md,D516E5F8CC15FBED00026FABAE87ABF1CDD0146C,143,5,67,75,LX-WS-0478-DEC-01,DECISION,records/decisions/LX-WS-0478-DEC-01_C89.md,050B09A34AA8C1396A0D21BE02E16E66C9C5432D
LS-WS-0478,C89,audit/WS_C89_CONTROLLED_LIMITED_RUNTIME_OPT_IN_PILOT_OR_SHADOW_ROLLOUT_POST_ACTIVATION_COMPLETION_BOUNDARY_REVIEW.md,D516E5F8CC15FBED00026FABAE87ABF1CDD0146C,143,6,76,95,LX-WS-0478-EVD-02,EVIDENCE,records/evidence/runs/LX-WS-0478-EVD-02_C89.md,668323F2A2BEFE9A7D2F9F61AC647302E0CE3943
LS-WS-0478,C89,audit/WS_C89_CONTROLLED_LIMITED_RUNTIME_OPT_IN_PILOT_OR_SHADOW_ROLLOUT_POST_ACTIVATION_COMPLETION_BOUNDARY_REVIEW.md,D516E5F8CC15FBED00026FABAE87ABF1CDD0146C,143,7,96,143,LX-WS-0478-EVD-02,EVIDENCE,records/evidence/runs/LX-WS-0478-EVD-02_C89.md,668323F2A2BEFE9A7D2F9F61AC647302E0CE3943
LS-WS-0480,C90,audit/WS_C90_CONTROLLED_LIMITED_RUNTIME_OPT_IN_PILOT_OR_SHADOW_ROLLOUT_POST_ACTIVATION_HANDOFF_READINESS_REVIEW.md,0E344E02C37C5270BEEBE21F3CC8FAA3500C5588,143,1,1,11,LX-WS-0480-CTX-03,CONTEXT,records/history/archive/LX-WS-0480-CTX-03_C90.md,F7F8AA4BF8261EC6B10B3F1BB589876753E382F5
LS-WS-0480,C90,audit/WS_C90_CONTROLLED_LIMITED_RUNTIME_OPT_IN_PILOT_OR_SHADOW_ROLLOUT_POST_ACTIVATION_HANDOFF_READINESS_REVIEW.md,0E344E02C37C5270BEEBE21F3CC8FAA3500C5588,143,2,12,30,LX-WS-0480-DEC-01,DECISION,records/decisions/LX-WS-0480-DEC-01_C90.md,846450408FDAC99C0567890D706421FC1DD53EEB
LS-WS-0480,C90,audit/WS_C90_CONTROLLED_LIMITED_RUNTIME_OPT_IN_PILOT_OR_SHADOW_ROLLOUT_POST_ACTIVATION_HANDOFF_READINESS_REVIEW.md,0E344E02C37C5270BEEBE21F3CC8FAA3500C5588,143,3,31,47,LX-WS-0480-DEC-01,DECISION,records/decisions/LX-WS-0480-DEC-01_C90.md,846450408FDAC99C0567890D706421FC1DD53EEB
LS-WS-0480,C90,audit/WS_C90_CONTROLLED_LIMITED_RUNTIME_OPT_IN_PILOT_OR_SHADOW_ROLLOUT_POST_ACTIVATION_HANDOFF_READINESS_REVIEW.md,0E344E02C37C5270BEEBE21F3CC8FAA3500C5588,143,4,48,66,LX-WS-0480-DEC-01,DECISION,records/decisions/LX-WS-0480-DEC-01_C90.md,846450408FDAC99C0567890D706421FC1DD53EEB
LS-WS-0480,C90,audit/WS_C90_CONTROLLED_LIMITED_RUNTIME_OPT_IN_PILOT_OR_SHADOW_ROLLOUT_POST_ACTIVATION_HANDOFF_READINESS_REVIEW.md,0E344E02C37C5270BEEBE21F3CC8FAA3500C5588,143,5,67,75,LX-WS-0480-DEC-01,DECISION,records/decisions/LX-WS-0480-DEC-01_C90.md,846450408FDAC99C0567890D706421FC1DD53EEB
LS-WS-0480,C90,audit/WS_C90_CONTROLLED_LIMITED_RUNTIME_OPT_IN_PILOT_OR_SHADOW_ROLLOUT_POST_ACTIVATION_HANDOFF_READINESS_REVIEW.md,0E344E02C37C5270BEEBE21F3CC8FAA3500C5588,143,6,76,95,LX-WS-0480-DEC-01,DECISION,records/decisions/LX-WS-0480-DEC-01_C90.md,846450408FDAC99C0567890D706421FC1DD53EEB
LS-WS-0480,C90,audit/WS_C90_CONTROLLED_LIMITED_RUNTIME_OPT_IN_PILOT_OR_SHADOW_ROLLOUT_POST_ACTIVATION_HANDOFF_READINESS_REVIEW.md,0E344E02C37C5270BEEBE21F3CC8FAA3500C5588,143,7,96,143,LX-WS-0480-EVD-02,EVIDENCE,records/evidence/runs/LX-WS-0480-EVD-02_C90.md,6D3057A6B9DA4678697FEA327031C16B13979535
LS-WS-0482,C91,audit/WS_C91_CONTROLLED_LIMITED_RUNTIME_OPT_IN_PILOT_OR_SHADOW_ROLLOUT_POST_ACTIVATION_HANDOFF_FINALIZATION_REVIEW.md,F154648073239D4773AF09AE71E15E0BC72B72FD,143,1,1,11,LX-WS-0482-CTX-03,CONTEXT,records/history/archive/LX-WS-0482-CTX-03_C91.md,1F012E81EED3679B3E12B473096FFF087D49E830
LS-WS-0482,C91,audit/WS_C91_CONTROLLED_LIMITED_RUNTIME_OPT_IN_PILOT_OR_SHADOW_ROLLOUT_POST_ACTIVATION_HANDOFF_FINALIZATION_REVIEW.md,F154648073239D4773AF09AE71E15E0BC72B72FD,143,2,12,30,LX-WS-0482-DEC-01,DECISION,records/decisions/LX-WS-0482-DEC-01_C91.md,D885AC47695BFE8D6D1937650F4EBB55697F4A57
LS-WS-0482,C91,audit/WS_C91_CONTROLLED_LIMITED_RUNTIME_OPT_IN_PILOT_OR_SHADOW_ROLLOUT_POST_ACTIVATION_HANDOFF_FINALIZATION_REVIEW.md,F154648073239D4773AF09AE71E15E0BC72B72FD,143,3,31,47,LX-WS-0482-EVD-02,EVIDENCE,records/evidence/runs/LX-WS-0482-EVD-02_C91.md,88B374AE687D3F0A49B6AB7DC18E84778180ABDB
LS-WS-0482,C91,audit/WS_C91_CONTROLLED_LIMITED_RUNTIME_OPT_IN_PILOT_OR_SHADOW_ROLLOUT_POST_ACTIVATION_HANDOFF_FINALIZATION_REVIEW.md,F154648073239D4773AF09AE71E15E0BC72B72FD,143,4,48,66,LX-WS-0482-DEC-01,DECISION,records/decisions/LX-WS-0482-DEC-01_C91.md,D885AC47695BFE8D6D1937650F4EBB55697F4A57
LS-WS-0482,C91,audit/WS_C91_CONTROLLED_LIMITED_RUNTIME_OPT_IN_PILOT_OR_SHADOW_ROLLOUT_POST_ACTIVATION_HANDOFF_FINALIZATION_REVIEW.md,F154648073239D4773AF09AE71E15E0BC72B72FD,143,5,67,75,LX-WS-0482-DEC-01,DECISION,records/decisions/LX-WS-0482-DEC-01_C91.md,D885AC47695BFE8D6D1937650F4EBB55697F4A57
LS-WS-0482,C91,audit/WS_C91_CONTROLLED_LIMITED_RUNTIME_OPT_IN_PILOT_OR_SHADOW_ROLLOUT_POST_ACTIVATION_HANDOFF_FINALIZATION_REVIEW.md,F154648073239D4773AF09AE71E15E0BC72B72FD,143,6,76,95,LX-WS-0482-EVD-02,EVIDENCE,records/evidence/runs/LX-WS-0482-EVD-02_C91.md,88B374AE687D3F0A49B6AB7DC18E84778180ABDB
LS-WS-0482,C91,audit/WS_C91_CONTROLLED_LIMITED_RUNTIME_OPT_IN_PILOT_OR_SHADOW_ROLLOUT_POST_ACTIVATION_HANDOFF_FINALIZATION_REVIEW.md,F154648073239D4773AF09AE71E15E0BC72B72FD,143,7,96,143,LX-WS-0482-EVD-02,EVIDENCE,records/evidence/runs/LX-WS-0482-EVD-02_C91.md,88B374AE687D3F0A49B6AB7DC18E84778180ABDB
LS-WS-0484,C92,audit/WS_C92_CONTROLLED_LIMITED_RUNTIME_OPT_IN_PILOT_OR_SHADOW_ROLLOUT_POST_ACTIVATION_HANDOFF_COMPLETION_BOUNDARY_REVIEW.md,73FE978CF688C6028C644F1ABC0B122A6CCEAE5C,146,1,1,11,LX-WS-0484-CTX-03,CONTEXT,records/history/archive/LX-WS-0484-CTX-03_C92.md,243F41F405D86A711907CBD0CD1FA68C36DA4C81
LS-WS-0484,C92,audit/WS_C92_CONTROLLED_LIMITED_RUNTIME_OPT_IN_PILOT_OR_SHADOW_ROLLOUT_POST_ACTIVATION_HANDOFF_COMPLETION_BOUNDARY_REVIEW.md,73FE978CF688C6028C644F1ABC0B122A6CCEAE5C,146,2,12,30,LX-WS-0484-DEC-01,DECISION,records/decisions/LX-WS-0484-DEC-01_C92.md,897F70A9187AC3899644D035F2881AE93C41840D
LS-WS-0484,C92,audit/WS_C92_CONTROLLED_LIMITED_RUNTIME_OPT_IN_PILOT_OR_SHADOW_ROLLOUT_POST_ACTIVATION_HANDOFF_COMPLETION_BOUNDARY_REVIEW.md,73FE978CF688C6028C644F1ABC0B122A6CCEAE5C,146,3,31,47,LX-WS-0484-EVD-02,EVIDENCE,records/evidence/runs/LX-WS-0484-EVD-02_C92.md,FC7B1AB3B4E6D9DA32B0067B269A24176AAE86A1
LS-WS-0484,C92,audit/WS_C92_CONTROLLED_LIMITED_RUNTIME_OPT_IN_PILOT_OR_SHADOW_ROLLOUT_POST_ACTIVATION_HANDOFF_COMPLETION_BOUNDARY_REVIEW.md,73FE978CF688C6028C644F1ABC0B122A6CCEAE5C,146,4,48,67,LX-WS-0484-DEC-01,DECISION,records/decisions/LX-WS-0484-DEC-01_C92.md,897F70A9187AC3899644D035F2881AE93C41840D
LS-WS-0484,C92,audit/WS_C92_CONTROLLED_LIMITED_RUNTIME_OPT_IN_PILOT_OR_SHADOW_ROLLOUT_POST_ACTIVATION_HANDOFF_COMPLETION_BOUNDARY_REVIEW.md,73FE978CF688C6028C644F1ABC0B122A6CCEAE5C,146,5,68,76,LX-WS-0484-DEC-01,DECISION,records/decisions/LX-WS-0484-DEC-01_C92.md,897F70A9187AC3899644D035F2881AE93C41840D
LS-WS-0484,C92,audit/WS_C92_CONTROLLED_LIMITED_RUNTIME_OPT_IN_PILOT_OR_SHADOW_ROLLOUT_POST_ACTIVATION_HANDOFF_COMPLETION_BOUNDARY_REVIEW.md,73FE978CF688C6028C644F1ABC0B122A6CCEAE5C,146,6,77,96,LX-WS-0484-DEC-01,DECISION,records/decisions/LX-WS-0484-DEC-01_C92.md,897F70A9187AC3899644D035F2881AE93C41840D
LS-WS-0484,C92,audit/WS_C92_CONTROLLED_LIMITED_RUNTIME_OPT_IN_PILOT_OR_SHADOW_ROLLOUT_POST_ACTIVATION_HANDOFF_COMPLETION_BOUNDARY_REVIEW.md,73FE978CF688C6028C644F1ABC0B122A6CCEAE5C,146,7,97,146,LX-WS-0484-EVD-02,EVIDENCE,records/evidence/runs/LX-WS-0484-EVD-02_C92.md,FC7B1AB3B4E6D9DA32B0067B269A24176AAE86A1
LS-WS-0486,C93,audit/WS_C93_CONTROLLED_LIMITED_RUNTIME_OPT_IN_PILOT_OR_SHADOW_ROLLOUT_POST_ACTIVATION_HANDOFF_CLOSURE_SEAL_REVIEW.md,1103167E90A9221BD889D77D9A73DF10A840DC67,174,1,1,11,LX-WS-0486-CTX-03,CONTEXT,records/history/archive/LX-WS-0486-CTX-03_C93.md,1FBC3EBC3EAAA27A09ED2216FC42DC48F590D156
LS-WS-0486,C93,audit/WS_C93_CONTROLLED_LIMITED_RUNTIME_OPT_IN_PILOT_OR_SHADOW_ROLLOUT_POST_ACTIVATION_HANDOFF_CLOSURE_SEAL_REVIEW.md,1103167E90A9221BD889D77D9A73DF10A840DC67,174,2,12,31,LX-WS-0486-DEC-01,DECISION,records/decisions/LX-WS-0486-DEC-01_C93.md,9274A04F4D4D9A65A0C0B03FA219C356AC75157B
LS-WS-0486,C93,audit/WS_C93_CONTROLLED_LIMITED_RUNTIME_OPT_IN_PILOT_OR_SHADOW_ROLLOUT_POST_ACTIVATION_HANDOFF_CLOSURE_SEAL_REVIEW.md,1103167E90A9221BD889D77D9A73DF10A840DC67,174,3,32,54,LX-WS-0486-DEC-01,DECISION,records/decisions/LX-WS-0486-DEC-01_C93.md,9274A04F4D4D9A65A0C0B03FA219C356AC75157B
LS-WS-0486,C93,audit/WS_C93_CONTROLLED_LIMITED_RUNTIME_OPT_IN_PILOT_OR_SHADOW_ROLLOUT_POST_ACTIVATION_HANDOFF_CLOSURE_SEAL_REVIEW.md,1103167E90A9221BD889D77D9A73DF10A840DC67,174,4,55,77,LX-WS-0486-DEC-01,DECISION,records/decisions/LX-WS-0486-DEC-01_C93.md,9274A04F4D4D9A65A0C0B03FA219C356AC75157B
LS-WS-0486,C93,audit/WS_C93_CONTROLLED_LIMITED_RUNTIME_OPT_IN_PILOT_OR_SHADOW_ROLLOUT_POST_ACTIVATION_HANDOFF_CLOSURE_SEAL_REVIEW.md,1103167E90A9221BD889D77D9A73DF10A840DC67,174,5,78,96,LX-WS-0486-EVD-02,EVIDENCE,records/evidence/runs/LX-WS-0486-EVD-02_C93.md,EC63ECFD249FAAB8C4F9C7270F07332BED6AC99B
LS-WS-0486,C93,audit/WS_C93_CONTROLLED_LIMITED_RUNTIME_OPT_IN_PILOT_OR_SHADOW_ROLLOUT_POST_ACTIVATION_HANDOFF_CLOSURE_SEAL_REVIEW.md,1103167E90A9221BD889D77D9A73DF10A840DC67,174,6,97,105,LX-WS-0486-DEC-01,DECISION,records/decisions/LX-WS-0486-DEC-01_C93.md,9274A04F4D4D9A65A0C0B03FA219C356AC75157B
LS-WS-0486,C93,audit/WS_C93_CONTROLLED_LIMITED_RUNTIME_OPT_IN_PILOT_OR_SHADOW_ROLLOUT_POST_ACTIVATION_HANDOFF_CLOSURE_SEAL_REVIEW.md,1103167E90A9221BD889D77D9A73DF10A840DC67,174,7,106,125,LX-WS-0486-DEC-01,DECISION,records/decisions/LX-WS-0486-DEC-01_C93.md,9274A04F4D4D9A65A0C0B03FA219C356AC75157B
LS-WS-0486,C93,audit/WS_C93_CONTROLLED_LIMITED_RUNTIME_OPT_IN_PILOT_OR_SHADOW_ROLLOUT_POST_ACTIVATION_HANDOFF_CLOSURE_SEAL_REVIEW.md,1103167E90A9221BD889D77D9A73DF10A840DC67,174,8,126,174,LX-WS-0486-EVD-02,EVIDENCE,records/evidence/runs/LX-WS-0486-EVD-02_C93.md,EC63ECFD249FAAB8C4F9C7270F07332BED6AC99B
LS-WS-0487,C93,audit/WS_C93_OPERATOR_VALIDATION_COMMANDS.md,D0A8ED386E73A68BAFFD14FD6F14312808B8A80E,207,1,1,47,LX-WS-0487-CTX-03,CONTEXT,records/history/archive/LX-WS-0487-CTX-03_C93.md,9FEA3298DD3DDD2CEBAF3246663B7E9A13851F7F
LS-WS-0487,C93,audit/WS_C93_OPERATOR_VALIDATION_COMMANDS.md,D0A8ED386E73A68BAFFD14FD6F14312808B8A80E,207,2,48,53,LX-WS-0487-EVD-02,EVIDENCE,records/evidence/runs/LX-WS-0487-EVD-02_C93.md,366E39A12E2336B12B0AE0643FE84588B89C30C7
LS-WS-0487,C93,audit/WS_C93_OPERATOR_VALIDATION_COMMANDS.md,D0A8ED386E73A68BAFFD14FD6F14312808B8A80E,207,3,54,59,LX-WS-0487-EVD-02,EVIDENCE,records/evidence/runs/LX-WS-0487-EVD-02_C93.md,366E39A12E2336B12B0AE0643FE84588B89C30C7
LS-WS-0487,C93,audit/WS_C93_OPERATOR_VALIDATION_COMMANDS.md,D0A8ED386E73A68BAFFD14FD6F14312808B8A80E,207,4,60,79,LX-WS-0487-EVD-02,EVIDENCE,records/evidence/runs/LX-WS-0487-EVD-02_C93.md,366E39A12E2336B12B0AE0643FE84588B89C30C7
LS-WS-0487,C93,audit/WS_C93_OPERATOR_VALIDATION_COMMANDS.md,D0A8ED386E73A68BAFFD14FD6F14312808B8A80E,207,5,80,116,LX-WS-0487-EVD-02,EVIDENCE,records/evidence/runs/LX-WS-0487-EVD-02_C93.md,366E39A12E2336B12B0AE0643FE84588B89C30C7
LS-WS-0487,C93,audit/WS_C93_OPERATOR_VALIDATION_COMMANDS.md,D0A8ED386E73A68BAFFD14FD6F14312808B8A80E,207,6,117,122,LX-WS-0487-EVD-02,EVIDENCE,records/evidence/runs/LX-WS-0487-EVD-02_C93.md,366E39A12E2336B12B0AE0643FE84588B89C30C7
LS-WS-0487,C93,audit/WS_C93_OPERATOR_VALIDATION_COMMANDS.md,D0A8ED386E73A68BAFFD14FD6F14312808B8A80E,207,7,123,173,LX-WS-0487-DEC-01,DECISION,records/decisions/LX-WS-0487-DEC-01_C93.md,746114DA7A43A85FB603A33E0CA990213D6D09DB
LS-WS-0487,C93,audit/WS_C93_OPERATOR_VALIDATION_COMMANDS.md,D0A8ED386E73A68BAFFD14FD6F14312808B8A80E,207,8,174,204,LX-WS-0487-EVD-02,EVIDENCE,records/evidence/runs/LX-WS-0487-EVD-02_C93.md,366E39A12E2336B12B0AE0643FE84588B89C30C7
LS-WS-0487,C93,audit/WS_C93_OPERATOR_VALIDATION_COMMANDS.md,D0A8ED386E73A68BAFFD14FD6F14312808B8A80E,207,9,205,207,LX-WS-0487-EVD-02,EVIDENCE,records/evidence/runs/LX-WS-0487-EVD-02_C93.md,366E39A12E2336B12B0AE0643FE84588B89C30C7
LS-WS-0489,C94,audit/WS_C94_OPERATOR_VALIDATION_COMMANDS.md,9F3E999CADCC3E25654938585D545D59F86565CA,204,1,1,48,LX-WS-0489-CTX-03,CONTEXT,records/history/archive/LX-WS-0489-CTX-03_C94.md,D6E2E892D5CD5B6D81B345D927B7A5629C3A235D
LS-WS-0489,C94,audit/WS_C94_OPERATOR_VALIDATION_COMMANDS.md,9F3E999CADCC3E25654938585D545D59F86565CA,204,2,49,54,LX-WS-0489-EVD-02,EVIDENCE,records/evidence/runs/LX-WS-0489-EVD-02_C94.md,73216B59D31197B9A6FCF3DDAFB8404095E899D7
LS-WS-0489,C94,audit/WS_C94_OPERATOR_VALIDATION_COMMANDS.md,9F3E999CADCC3E25654938585D545D59F86565CA,204,3,55,60,LX-WS-0489-EVD-02,EVIDENCE,records/evidence/runs/LX-WS-0489-EVD-02_C94.md,73216B59D31197B9A6FCF3DDAFB8404095E899D7
LS-WS-0489,C94,audit/WS_C94_OPERATOR_VALIDATION_COMMANDS.md,9F3E999CADCC3E25654938585D545D59F86565CA,204,4,61,80,LX-WS-0489-EVD-02,EVIDENCE,records/evidence/runs/LX-WS-0489-EVD-02_C94.md,73216B59D31197B9A6FCF3DDAFB8404095E899D7
LS-WS-0489,C94,audit/WS_C94_OPERATOR_VALIDATION_COMMANDS.md,9F3E999CADCC3E25654938585D545D59F86565CA,204,5,81,117,LX-WS-0489-EVD-02,EVIDENCE,records/evidence/runs/LX-WS-0489-EVD-02_C94.md,73216B59D31197B9A6FCF3DDAFB8404095E899D7
LS-WS-0489,C94,audit/WS_C94_OPERATOR_VALIDATION_COMMANDS.md,9F3E999CADCC3E25654938585D545D59F86565CA,204,6,118,123,LX-WS-0489-EVD-02,EVIDENCE,records/evidence/runs/LX-WS-0489-EVD-02_C94.md,73216B59D31197B9A6FCF3DDAFB8404095E899D7
LS-WS-0489,C94,audit/WS_C94_OPERATOR_VALIDATION_COMMANDS.md,9F3E999CADCC3E25654938585D545D59F86565CA,204,7,124,174,LX-WS-0489-DEC-01,DECISION,records/decisions/LX-WS-0489-DEC-01_C94.md,A5C703C01EB8E72866DE93E5AB65D9228E902B6B
LS-WS-0489,C94,audit/WS_C94_OPERATOR_VALIDATION_COMMANDS.md,9F3E999CADCC3E25654938585D545D59F86565CA,204,8,175,204,LX-WS-0489-EVD-02,EVIDENCE,records/evidence/runs/LX-WS-0489-EVD-02_C94.md,73216B59D31197B9A6FCF3DDAFB8404095E899D7
LS-WS-0492,C96,audit/WS_C96_CONTROLLED_LIMITED_RUNTIME_OPT_IN_PILOT_OR_SHADOW_ROLLOUT_POST_ACTIVATION_AUDIT_ARCHIVE_CLOSURE_SEAL_REVIEW.md,E570B7A6C8FE0AD7A9187A1162C1CA933D66E221,179,1,1,11,LX-WS-0492-CTX-03,CONTEXT,records/history/archive/LX-WS-0492-CTX-03_C96.md,29C29CC20C715DE92731CDCDC189513D66418BA4
LS-WS-0492,C96,audit/WS_C96_CONTROLLED_LIMITED_RUNTIME_OPT_IN_PILOT_OR_SHADOW_ROLLOUT_POST_ACTIVATION_AUDIT_ARCHIVE_CLOSURE_SEAL_REVIEW.md,E570B7A6C8FE0AD7A9187A1162C1CA933D66E221,179,2,12,32,LX-WS-0492-DEC-01,DECISION,records/decisions/LX-WS-0492-DEC-01_C96.md,3B35AD5B24BED7BD500392EF63B25A5537857272
LS-WS-0492,C96,audit/WS_C96_CONTROLLED_LIMITED_RUNTIME_OPT_IN_PILOT_OR_SHADOW_ROLLOUT_POST_ACTIVATION_AUDIT_ARCHIVE_CLOSURE_SEAL_REVIEW.md,E570B7A6C8FE0AD7A9187A1162C1CA933D66E221,179,3,33,55,LX-WS-0492-EVD-02,EVIDENCE,records/evidence/runs/LX-WS-0492-EVD-02_C96.md,E1BFB1E5FA92C7E9369B45B23E7D86B2679535BC
LS-WS-0492,C96,audit/WS_C96_CONTROLLED_LIMITED_RUNTIME_OPT_IN_PILOT_OR_SHADOW_ROLLOUT_POST_ACTIVATION_AUDIT_ARCHIVE_CLOSURE_SEAL_REVIEW.md,E570B7A6C8FE0AD7A9187A1162C1CA933D66E221,179,4,56,80,LX-WS-0492-DEC-01,DECISION,records/decisions/LX-WS-0492-DEC-01_C96.md,3B35AD5B24BED7BD500392EF63B25A5537857272
LS-WS-0492,C96,audit/WS_C96_CONTROLLED_LIMITED_RUNTIME_OPT_IN_PILOT_OR_SHADOW_ROLLOUT_POST_ACTIVATION_AUDIT_ARCHIVE_CLOSURE_SEAL_REVIEW.md,E570B7A6C8FE0AD7A9187A1162C1CA933D66E221,179,5,81,99,LX-WS-0492-EVD-02,EVIDENCE,records/evidence/runs/LX-WS-0492-EVD-02_C96.md,E1BFB1E5FA92C7E9369B45B23E7D86B2679535BC
LS-WS-0492,C96,audit/WS_C96_CONTROLLED_LIMITED_RUNTIME_OPT_IN_PILOT_OR_SHADOW_ROLLOUT_POST_ACTIVATION_AUDIT_ARCHIVE_CLOSURE_SEAL_REVIEW.md,E570B7A6C8FE0AD7A9187A1162C1CA933D66E221,179,6,100,108,LX-WS-0492-DEC-01,DECISION,records/decisions/LX-WS-0492-DEC-01_C96.md,3B35AD5B24BED7BD500392EF63B25A5537857272
LS-WS-0492,C96,audit/WS_C96_CONTROLLED_LIMITED_RUNTIME_OPT_IN_PILOT_OR_SHADOW_ROLLOUT_POST_ACTIVATION_AUDIT_ARCHIVE_CLOSURE_SEAL_REVIEW.md,E570B7A6C8FE0AD7A9187A1162C1CA933D66E221,179,7,109,128,LX-WS-0492-DEC-01,DECISION,records/decisions/LX-WS-0492-DEC-01_C96.md,3B35AD5B24BED7BD500392EF63B25A5537857272
LS-WS-0492,C96,audit/WS_C96_CONTROLLED_LIMITED_RUNTIME_OPT_IN_PILOT_OR_SHADOW_ROLLOUT_POST_ACTIVATION_AUDIT_ARCHIVE_CLOSURE_SEAL_REVIEW.md,E570B7A6C8FE0AD7A9187A1162C1CA933D66E221,179,8,129,179,LX-WS-0492-EVD-02,EVIDENCE,records/evidence/runs/LX-WS-0492-EVD-02_C96.md,E1BFB1E5FA92C7E9369B45B23E7D86B2679535BC
LS-WS-0493,C96,audit/WS_C96_OPERATOR_VALIDATION_COMMANDS.md,1A7EA31FD0C4527D386CE103CF5C34D219C060A5,208,1,1,50,LX-WS-0493-CTX-03,CONTEXT,records/history/archive/LX-WS-0493-CTX-03_C96.md,F414120BEFBDFB1CAAD011201292528ADF12433A
LS-WS-0493,C96,audit/WS_C96_OPERATOR_VALIDATION_COMMANDS.md,1A7EA31FD0C4527D386CE103CF5C34D219C060A5,208,2,51,56,LX-WS-0493-EVD-02,EVIDENCE,records/evidence/runs/LX-WS-0493-EVD-02_C96.md,5C32774225297D7AF939ECB8B19A4B28A1238372
LS-WS-0493,C96,audit/WS_C96_OPERATOR_VALIDATION_COMMANDS.md,1A7EA31FD0C4527D386CE103CF5C34D219C060A5,208,3,57,62,LX-WS-0493-EVD-02,EVIDENCE,records/evidence/runs/LX-WS-0493-EVD-02_C96.md,5C32774225297D7AF939ECB8B19A4B28A1238372
LS-WS-0493,C96,audit/WS_C96_OPERATOR_VALIDATION_COMMANDS.md,1A7EA31FD0C4527D386CE103CF5C34D219C060A5,208,4,63,82,LX-WS-0493-EVD-02,EVIDENCE,records/evidence/runs/LX-WS-0493-EVD-02_C96.md,5C32774225297D7AF939ECB8B19A4B28A1238372
LS-WS-0493,C96,audit/WS_C96_OPERATOR_VALIDATION_COMMANDS.md,1A7EA31FD0C4527D386CE103CF5C34D219C060A5,208,5,83,121,LX-WS-0493-EVD-02,EVIDENCE,records/evidence/runs/LX-WS-0493-EVD-02_C96.md,5C32774225297D7AF939ECB8B19A4B28A1238372
LS-WS-0493,C96,audit/WS_C96_OPERATOR_VALIDATION_COMMANDS.md,1A7EA31FD0C4527D386CE103CF5C34D219C060A5,208,6,122,127,LX-WS-0493-EVD-02,EVIDENCE,records/evidence/runs/LX-WS-0493-EVD-02_C96.md,5C32774225297D7AF939ECB8B19A4B28A1238372
LS-WS-0493,C96,audit/WS_C96_OPERATOR_VALIDATION_COMMANDS.md,1A7EA31FD0C4527D386CE103CF5C34D219C060A5,208,7,128,178,LX-WS-0493-DEC-01,DECISION,records/decisions/LX-WS-0493-DEC-01_C96.md,99D655759B52F95D399E893B5B841AD69A12D49B
LS-WS-0493,C96,audit/WS_C96_OPERATOR_VALIDATION_COMMANDS.md,1A7EA31FD0C4527D386CE103CF5C34D219C060A5,208,8,179,208,LX-WS-0493-EVD-02,EVIDENCE,records/evidence/runs/LX-WS-0493-EVD-02_C96.md,5C32774225297D7AF939ECB8B19A4B28A1238372
LS-WS-0494,C97,audit/WS_C97_CONTROLLED_LIMITED_RUNTIME_OPT_IN_PILOT_OR_SHADOW_ROLLOUT_POST_ACTIVATION_AUDIT_ARCHIVE_FINALIZATION_REVIEW.md,5087DCC5B70BDC21FCFF8323F393B4DF293105B7,184,1,1,11,LX-WS-0494-CTX-03,CONTEXT,records/history/archive/LX-WS-0494-CTX-03_C97.md,8E51977C053449291D9D7D5BC52763C32A39B51B
LS-WS-0494,C97,audit/WS_C97_CONTROLLED_LIMITED_RUNTIME_OPT_IN_PILOT_OR_SHADOW_ROLLOUT_POST_ACTIVATION_AUDIT_ARCHIVE_FINALIZATION_REVIEW.md,5087DCC5B70BDC21FCFF8323F393B4DF293105B7,184,2,12,32,LX-WS-0494-DEC-01,DECISION,records/decisions/LX-WS-0494-DEC-01_C97.md,E0220EF11916B68AA36C05E4954A6194C57F0DF1
LS-WS-0494,C97,audit/WS_C97_CONTROLLED_LIMITED_RUNTIME_OPT_IN_PILOT_OR_SHADOW_ROLLOUT_POST_ACTIVATION_AUDIT_ARCHIVE_FINALIZATION_REVIEW.md,5087DCC5B70BDC21FCFF8323F393B4DF293105B7,184,3,33,55,LX-WS-0494-EVD-02,EVIDENCE,records/evidence/runs/LX-WS-0494-EVD-02_C97.md,A56F7091721F2BC26043352FCB6C4A841A17C85E
LS-WS-0494,C97,audit/WS_C97_CONTROLLED_LIMITED_RUNTIME_OPT_IN_PILOT_OR_SHADOW_ROLLOUT_POST_ACTIVATION_AUDIT_ARCHIVE_FINALIZATION_REVIEW.md,5087DCC5B70BDC21FCFF8323F393B4DF293105B7,184,4,56,86,LX-WS-0494-DEC-01,DECISION,records/decisions/LX-WS-0494-DEC-01_C97.md,E0220EF11916B68AA36C05E4954A6194C57F0DF1
LS-WS-0494,C97,audit/WS_C97_CONTROLLED_LIMITED_RUNTIME_OPT_IN_PILOT_OR_SHADOW_ROLLOUT_POST_ACTIVATION_AUDIT_ARCHIVE_FINALIZATION_REVIEW.md,5087DCC5B70BDC21FCFF8323F393B4DF293105B7,184,5,87,105,LX-WS-0494-EVD-02,EVIDENCE,records/evidence/runs/LX-WS-0494-EVD-02_C97.md,A56F7091721F2BC26043352FCB6C4A841A17C85E
LS-WS-0494,C97,audit/WS_C97_CONTROLLED_LIMITED_RUNTIME_OPT_IN_PILOT_OR_SHADOW_ROLLOUT_POST_ACTIVATION_AUDIT_ARCHIVE_FINALIZATION_REVIEW.md,5087DCC5B70BDC21FCFF8323F393B4DF293105B7,184,6,106,115,LX-WS-0494-DEC-01,DECISION,records/decisions/LX-WS-0494-DEC-01_C97.md,E0220EF11916B68AA36C05E4954A6194C57F0DF1
LS-WS-0494,C97,audit/WS_C97_CONTROLLED_LIMITED_RUNTIME_OPT_IN_PILOT_OR_SHADOW_ROLLOUT_POST_ACTIVATION_AUDIT_ARCHIVE_FINALIZATION_REVIEW.md,5087DCC5B70BDC21FCFF8323F393B4DF293105B7,184,7,116,135,LX-WS-0494-EVD-02,EVIDENCE,records/evidence/runs/LX-WS-0494-EVD-02_C97.md,A56F7091721F2BC26043352FCB6C4A841A17C85E
LS-WS-0494,C97,audit/WS_C97_CONTROLLED_LIMITED_RUNTIME_OPT_IN_PILOT_OR_SHADOW_ROLLOUT_POST_ACTIVATION_AUDIT_ARCHIVE_FINALIZATION_REVIEW.md,5087DCC5B70BDC21FCFF8323F393B4DF293105B7,184,8,136,184,LX-WS-0494-EVD-02,EVIDENCE,records/evidence/runs/LX-WS-0494-EVD-02_C97.md,A56F7091721F2BC26043352FCB6C4A841A17C85E
LS-WS-0495,C97,audit/WS_C97_OPERATOR_VALIDATION_COMMANDS.md,33CE4785078CD10EB8A4BF2AD3B9588544B6A1B0,240,1,1,62,LX-WS-0495-CTX-03,CONTEXT,records/history/archive/LX-WS-0495-CTX-03_C97.md,FC7BEC0DFF96E0AAF13195119FDCDD3CB035657C
LS-WS-0495,C97,audit/WS_C97_OPERATOR_VALIDATION_COMMANDS.md,33CE4785078CD10EB8A4BF2AD3B9588544B6A1B0,240,2,63,68,LX-WS-0495-EVD-02,EVIDENCE,records/evidence/runs/LX-WS-0495-EVD-02_C97.md,B71E3C32756E0AF52862901951E56ABB71A1942A
LS-WS-0495,C97,audit/WS_C97_OPERATOR_VALIDATION_COMMANDS.md,33CE4785078CD10EB8A4BF2AD3B9588544B6A1B0,240,3,69,74,LX-WS-0495-EVD-02,EVIDENCE,records/evidence/runs/LX-WS-0495-EVD-02_C97.md,B71E3C32756E0AF52862901951E56ABB71A1942A
LS-WS-0495,C97,audit/WS_C97_OPERATOR_VALIDATION_COMMANDS.md,33CE4785078CD10EB8A4BF2AD3B9588544B6A1B0,240,4,75,96,LX-WS-0495-EVD-02,EVIDENCE,records/evidence/runs/LX-WS-0495-EVD-02_C97.md,B71E3C32756E0AF52862901951E56ABB71A1942A
LS-WS-0495,C97,audit/WS_C97_OPERATOR_VALIDATION_COMMANDS.md,33CE4785078CD10EB8A4BF2AD3B9588544B6A1B0,240,5,97,137,LX-WS-0495-EVD-02,EVIDENCE,records/evidence/runs/LX-WS-0495-EVD-02_C97.md,B71E3C32756E0AF52862901951E56ABB71A1942A
LS-WS-0495,C97,audit/WS_C97_OPERATOR_VALIDATION_COMMANDS.md,33CE4785078CD10EB8A4BF2AD3B9588544B6A1B0,240,6,138,143,LX-WS-0495-EVD-02,EVIDENCE,records/evidence/runs/LX-WS-0495-EVD-02_C97.md,B71E3C32756E0AF52862901951E56ABB71A1942A
LS-WS-0495,C97,audit/WS_C97_OPERATOR_VALIDATION_COMMANDS.md,33CE4785078CD10EB8A4BF2AD3B9588544B6A1B0,240,7,144,163,LX-WS-0495-DEC-01,DECISION,records/decisions/LX-WS-0495-DEC-01_C97.md,254E7B3DEA2862E8469AD387499DE4511309AAF1
LS-WS-0495,C97,audit/WS_C97_OPERATOR_VALIDATION_COMMANDS.md,33CE4785078CD10EB8A4BF2AD3B9588544B6A1B0,240,8,164,183,LX-WS-0495-DEC-01,DECISION,records/decisions/LX-WS-0495-DEC-01_C97.md,254E7B3DEA2862E8469AD387499DE4511309AAF1
LS-WS-0495,C97,audit/WS_C97_OPERATOR_VALIDATION_COMMANDS.md,33CE4785078CD10EB8A4BF2AD3B9588544B6A1B0,240,9,184,201,LX-WS-0495-EVD-02,EVIDENCE,records/evidence/runs/LX-WS-0495-EVD-02_C97.md,B71E3C32756E0AF52862901951E56ABB71A1942A
LS-WS-0495,C97,audit/WS_C97_OPERATOR_VALIDATION_COMMANDS.md,33CE4785078CD10EB8A4BF2AD3B9588544B6A1B0,240,10,202,240,LX-WS-0495-EVD-02,EVIDENCE,records/evidence/runs/LX-WS-0495-EVD-02_C97.md,B71E3C32756E0AF52862901951E56ABB71A1942A
LS-WS-0501,,audit/WS_DB_DICTIONARY_OPERATOR_COMMANDS.md,B7CB10825494E4A4390AAC0596B31749EBBF19C8,54,1,1,6,LX-WS-0501-CTX-03,CONTEXT,records/history/archive/LX-WS-0501-CTX-03_LEGACY.md,C58EB934C39731FCD19734B070B2386B7943B59C
LS-WS-0501,,audit/WS_DB_DICTIONARY_OPERATOR_COMMANDS.md,B7CB10825494E4A4390AAC0596B31749EBBF19C8,54,2,7,18,LX-WS-0501-EVD-01,EVIDENCE,records/evidence/runs/LX-WS-0501-EVD-01_LEGACY.md,FECECA696A2AEAA462F1C4701B43CADF3C4287D6
LS-WS-0501,,audit/WS_DB_DICTIONARY_OPERATOR_COMMANDS.md,B7CB10825494E4A4390AAC0596B31749EBBF19C8,54,3,19,29,LX-WS-0501-EVD-01,EVIDENCE,records/evidence/runs/LX-WS-0501-EVD-01_LEGACY.md,FECECA696A2AEAA462F1C4701B43CADF3C4287D6
LS-WS-0501,,audit/WS_DB_DICTIONARY_OPERATOR_COMMANDS.md,B7CB10825494E4A4390AAC0596B31749EBBF19C8,54,4,30,40,LX-WS-0501-EVD-01,EVIDENCE,records/evidence/runs/LX-WS-0501-EVD-01_LEGACY.md,FECECA696A2AEAA462F1C4701B43CADF3C4287D6
LS-WS-0501,,audit/WS_DB_DICTIONARY_OPERATOR_COMMANDS.md,B7CB10825494E4A4390AAC0596B31749EBBF19C8,54,5,41,54,LX-WS-0501-IMP-02,IMPLEMENTATION,records/history/archive/LX-WS-0501-IMP-02_LEGACY.md,7E18C60D023D425E7738D6464ED4C5F72B4DE537
LS-WS-0502,R01,audit/WS_NEW_STRATEGY_R01_OPERATOR_VALIDATION_COMMANDS.md,412B361EB241D89E811B8EA40346085D405E42E9,75,1,1,4,LX-WS-0502-CTX-03,CONTEXT,records/history/archive/LX-WS-0502-CTX-03_R01.md,B8C3FFDC98D9C310672A46C80BAC1735E919AB1B
LS-WS-0502,R01,audit/WS_NEW_STRATEGY_R01_OPERATOR_VALIDATION_COMMANDS.md,412B361EB241D89E811B8EA40346085D405E42E9,75,2,5,10,LX-WS-0502-EVD-01,EVIDENCE,records/evidence/runs/LX-WS-0502-EVD-01_R01.md,59EC528DDC8E0FA3E812E94C2BCBA4956264D8EA
LS-WS-0502,R01,audit/WS_NEW_STRATEGY_R01_OPERATOR_VALIDATION_COMMANDS.md,412B361EB241D89E811B8EA40346085D405E42E9,75,3,11,16,LX-WS-0502-EVD-01,EVIDENCE,records/evidence/runs/LX-WS-0502-EVD-01_R01.md,59EC528DDC8E0FA3E812E94C2BCBA4956264D8EA
LS-WS-0502,R01,audit/WS_NEW_STRATEGY_R01_OPERATOR_VALIDATION_COMMANDS.md,412B361EB241D89E811B8EA40346085D405E42E9,75,4,17,22,LX-WS-0502-EVD-01,EVIDENCE,records/evidence/runs/LX-WS-0502-EVD-01_R01.md,59EC528DDC8E0FA3E812E94C2BCBA4956264D8EA
LS-WS-0502,R01,audit/WS_NEW_STRATEGY_R01_OPERATOR_VALIDATION_COMMANDS.md,412B361EB241D89E811B8EA40346085D405E42E9,75,5,23,32,LX-WS-0502-FND-02,FINDING,records/history/archive/LX-WS-0502-FND-02_R01.md,38D5012D2A22CDB9409617DF9D9872B950CCB5F7
LS-WS-0502,R01,audit/WS_NEW_STRATEGY_R01_OPERATOR_VALIDATION_COMMANDS.md,412B361EB241D89E811B8EA40346085D405E42E9,75,6,33,38,LX-WS-0502-EVD-01,EVIDENCE,records/evidence/runs/LX-WS-0502-EVD-01_R01.md,59EC528DDC8E0FA3E812E94C2BCBA4956264D8EA
LS-WS-0502,R01,audit/WS_NEW_STRATEGY_R01_OPERATOR_VALIDATION_COMMANDS.md,412B361EB241D89E811B8EA40346085D405E42E9,75,7,39,67,LX-WS-0502-EVD-01,EVIDENCE,records/evidence/runs/LX-WS-0502-EVD-01_R01.md,59EC528DDC8E0FA3E812E94C2BCBA4956264D8EA
LS-WS-0502,R01,audit/WS_NEW_STRATEGY_R01_OPERATOR_VALIDATION_COMMANDS.md,412B361EB241D89E811B8EA40346085D405E42E9,75,8,68,75,LX-WS-0502-EVD-01,EVIDENCE,records/evidence/runs/LX-WS-0502-EVD-01_R01.md,59EC528DDC8E0FA3E812E94C2BCBA4956264D8EA
LS-WS-0503,R01,audit/WS_NEW_STRATEGY_R01_RESEARCH_HYPOTHESIS_AND_DIAGNOSTIC_EVIDENCE.md,1F34DDAE5EC4BC9197BA10199225DF58CAF045B8,204,1,1,2,LX-WS-0503-CTX-04,CONTEXT,records/history/archive/LX-WS-0503-CTX-04_R01.md,AFD4C4083833C0591D27E4A327C568F9C16F84C6
LS-WS-0503,R01,audit/WS_NEW_STRATEGY_R01_RESEARCH_HYPOTHESIS_AND_DIAGNOSTIC_EVIDENCE.md,1F34DDAE5EC4BC9197BA10199225DF58CAF045B8,204,2,3,21,LX-WS-0503-FND-02,FINDING,records/history/archive/LX-WS-0503-FND-02_R01.md,6544BBEB4D4D57F83DF6217828FA444472D821CD
LS-WS-0503,R01,audit/WS_NEW_STRATEGY_R01_RESEARCH_HYPOTHESIS_AND_DIAGNOSTIC_EVIDENCE.md,1F34DDAE5EC4BC9197BA10199225DF58CAF045B8,204,3,22,35,LX-WS-0503-FND-02,FINDING,records/history/archive/LX-WS-0503-FND-02_R01.md,6544BBEB4D4D57F83DF6217828FA444472D821CD
LS-WS-0503,R01,audit/WS_NEW_STRATEGY_R01_RESEARCH_HYPOTHESIS_AND_DIAGNOSTIC_EVIDENCE.md,1F34DDAE5EC4BC9197BA10199225DF58CAF045B8,204,4,36,56,LX-WS-0503-FND-02,FINDING,records/history/archive/LX-WS-0503-FND-02_R01.md,6544BBEB4D4D57F83DF6217828FA444472D821CD
LS-WS-0503,R01,audit/WS_NEW_STRATEGY_R01_RESEARCH_HYPOTHESIS_AND_DIAGNOSTIC_EVIDENCE.md,1F34DDAE5EC4BC9197BA10199225DF58CAF045B8,204,5,57,67,LX-WS-0503-FND-02,FINDING,records/history/archive/LX-WS-0503-FND-02_R01.md,6544BBEB4D4D57F83DF6217828FA444472D821CD
LS-WS-0503,R01,audit/WS_NEW_STRATEGY_R01_RESEARCH_HYPOTHESIS_AND_DIAGNOSTIC_EVIDENCE.md,1F34DDAE5EC4BC9197BA10199225DF58CAF045B8,204,6,68,82,LX-WS-0503-FND-02,FINDING,records/history/archive/LX-WS-0503-FND-02_R01.md,6544BBEB4D4D57F83DF6217828FA444472D821CD
LS-WS-0503,R01,audit/WS_NEW_STRATEGY_R01_RESEARCH_HYPOTHESIS_AND_DIAGNOSTIC_EVIDENCE.md,1F34DDAE5EC4BC9197BA10199225DF58CAF045B8,204,7,83,138,LX-WS-0503-EVD-01,EVIDENCE,records/evidence/runs/LX-WS-0503-EVD-01_R01.md,26D648E87B36CBF44756E05BA844136CD11B4A47
LS-WS-0503,R01,audit/WS_NEW_STRATEGY_R01_RESEARCH_HYPOTHESIS_AND_DIAGNOSTIC_EVIDENCE.md,1F34DDAE5EC4BC9197BA10199225DF58CAF045B8,204,8,139,197,LX-WS-0503-RES-03,RESEARCH,records/history/archive/LX-WS-0503-RES-03_R01.md,ECB45112F5F80DEB919760D7ABF5E9AD3BB71CA7
LS-WS-0503,R01,audit/WS_NEW_STRATEGY_R01_RESEARCH_HYPOTHESIS_AND_DIAGNOSTIC_EVIDENCE.md,1F34DDAE5EC4BC9197BA10199225DF58CAF045B8,204,9,198,204,LX-WS-0503-FND-02,FINDING,records/history/archive/LX-WS-0503-FND-02_R01.md,6544BBEB4D4D57F83DF6217828FA444472D821CD
LS-WS-0504,R02,audit/WS_NEW_STRATEGY_R02_MINIMAL_CANDIDATES_AND_OFFICIAL_IS.md,CD9DA5C0D2A6611FF516BCC84EE4A4614309FA68,171,1,1,2,LX-WS-0504-CTX-04,CONTEXT,records/history/archive/LX-WS-0504-CTX-04_R02.md,2EFF3166C266C19A1C7AF024B6C305E97D83404F
LS-WS-0504,R02,audit/WS_NEW_STRATEGY_R02_MINIMAL_CANDIDATES_AND_OFFICIAL_IS.md,CD9DA5C0D2A6611FF516BCC84EE4A4614309FA68,171,2,3,19,LX-WS-0504-EVD-01,EVIDENCE,records/evidence/runs/LX-WS-0504-EVD-01_R02.md,F7C848F5E498CAEB5D3B93CB878AD3244864E723
LS-WS-0504,R02,audit/WS_NEW_STRATEGY_R02_MINIMAL_CANDIDATES_AND_OFFICIAL_IS.md,CD9DA5C0D2A6611FF516BCC84EE4A4614309FA68,171,3,20,43,LX-WS-0504-EVD-01,EVIDENCE,records/evidence/runs/LX-WS-0504-EVD-01_R02.md,F7C848F5E498CAEB5D3B93CB878AD3244864E723
LS-WS-0504,R02,audit/WS_NEW_STRATEGY_R02_MINIMAL_CANDIDATES_AND_OFFICIAL_IS.md,CD9DA5C0D2A6611FF516BCC84EE4A4614309FA68,171,4,44,56,LX-WS-0504-IMP-02,IMPLEMENTATION,records/history/archive/LX-WS-0504-IMP-02_R02.md,D187B483877D4C255171F95144CE15EE7343C2EF
LS-WS-0504,R02,audit/WS_NEW_STRATEGY_R02_MINIMAL_CANDIDATES_AND_OFFICIAL_IS.md,CD9DA5C0D2A6611FF516BCC84EE4A4614309FA68,171,5,57,81,LX-WS-0504-EVD-01,EVIDENCE,records/evidence/runs/LX-WS-0504-EVD-01_R02.md,F7C848F5E498CAEB5D3B93CB878AD3244864E723
LS-WS-0504,R02,audit/WS_NEW_STRATEGY_R02_MINIMAL_CANDIDATES_AND_OFFICIAL_IS.md,CD9DA5C0D2A6611FF516BCC84EE4A4614309FA68,171,6,82,144,LX-WS-0504-RES-03,RESEARCH,records/history/archive/LX-WS-0504-RES-03_R02.md,1BF99596DFF6329D4511575B0DF79CDDF6125EC5
LS-WS-0504,R02,audit/WS_NEW_STRATEGY_R02_MINIMAL_CANDIDATES_AND_OFFICIAL_IS.md,CD9DA5C0D2A6611FF516BCC84EE4A4614309FA68,171,7,145,171,LX-WS-0504-EVD-01,EVIDENCE,records/evidence/runs/LX-WS-0504-EVD-01_R02.md,F7C848F5E498CAEB5D3B93CB878AD3244864E723
LS-WS-0506,P01,audit/WS_PRICE_QUALITY_P01_DIAGNOSTIC_CANDIDATES_AND_OFFICIAL_IS.md,7EA21E18CABC80F6A4F785E70B8B759FFB797AFC,143,1,1,2,LX-WS-0506-CTX-04,CONTEXT,records/history/archive/LX-WS-0506-CTX-04_P01.md,0C7091006702D3C5B6FAEFBF0F24AD758C0666C7
LS-WS-0506,P01,audit/WS_PRICE_QUALITY_P01_DIAGNOSTIC_CANDIDATES_AND_OFFICIAL_IS.md,7EA21E18CABC80F6A4F785E70B8B759FFB797AFC,143,2,3,25,LX-WS-0506-DEC-01,DECISION,records/decisions/LX-WS-0506-DEC-01_P01.md,9F830F7C7DC74B2848689136CD4A951E3EADE4E5
LS-WS-0506,P01,audit/WS_PRICE_QUALITY_P01_DIAGNOSTIC_CANDIDATES_AND_OFFICIAL_IS.md,7EA21E18CABC80F6A4F785E70B8B759FFB797AFC,143,3,26,44,LX-WS-0506-FND-02,FINDING,records/history/archive/LX-WS-0506-FND-02_P01.md,BAD228C59EC2ADD62642D0331F5EAFA4EB871C65
LS-WS-0506,P01,audit/WS_PRICE_QUALITY_P01_DIAGNOSTIC_CANDIDATES_AND_OFFICIAL_IS.md,7EA21E18CABC80F6A4F785E70B8B759FFB797AFC,143,4,45,72,LX-WS-0506-FND-02,FINDING,records/history/archive/LX-WS-0506-FND-02_P01.md,BAD228C59EC2ADD62642D0331F5EAFA4EB871C65
LS-WS-0506,P01,audit/WS_PRICE_QUALITY_P01_DIAGNOSTIC_CANDIDATES_AND_OFFICIAL_IS.md,7EA21E18CABC80F6A4F785E70B8B759FFB797AFC,143,5,73,94,LX-WS-0506-FND-02,FINDING,records/history/archive/LX-WS-0506-FND-02_P01.md,BAD228C59EC2ADD62642D0331F5EAFA4EB871C65
LS-WS-0506,P01,audit/WS_PRICE_QUALITY_P01_DIAGNOSTIC_CANDIDATES_AND_OFFICIAL_IS.md,7EA21E18CABC80F6A4F785E70B8B759FFB797AFC,143,6,95,131,LX-WS-0506-IMP-03,IMPLEMENTATION,records/history/archive/LX-WS-0506-IMP-03_P01.md,FA5D7B27B66E8A9C94FE4092B99D46DBBB9F3668
LS-WS-0506,P01,audit/WS_PRICE_QUALITY_P01_DIAGNOSTIC_CANDIDATES_AND_OFFICIAL_IS.md,7EA21E18CABC80F6A4F785E70B8B759FFB797AFC,143,7,132,143,LX-WS-0506-FND-02,FINDING,records/history/archive/LX-WS-0506-FND-02_P01.md,BAD228C59EC2ADD62642D0331F5EAFA4EB871C65
LS-WS-0508,S01,audit/WS_TAIL_RISK_S01_DIAGNOSTIC_CANDIDATES_AND_OFFICIAL_IS.md,4198952B8D4AA1874982238519AFF5D8C95C55E4,166,1,1,2,LX-WS-0508-CTX-03,CONTEXT,records/history/archive/LX-WS-0508-CTX-03_S01.md,039B0463ED8D8ED0FA03E1DBECBAFE10E99ECE87
LS-WS-0508,S01,audit/WS_TAIL_RISK_S01_DIAGNOSTIC_CANDIDATES_AND_OFFICIAL_IS.md,4198952B8D4AA1874982238519AFF5D8C95C55E4,166,2,3,35,LX-WS-0508-FND-01,FINDING,records/history/archive/LX-WS-0508-FND-01_S01.md,FA0C700BC641841AA6FC2E037BBBA395CFE48DE7
LS-WS-0508,S01,audit/WS_TAIL_RISK_S01_DIAGNOSTIC_CANDIDATES_AND_OFFICIAL_IS.md,4198952B8D4AA1874982238519AFF5D8C95C55E4,166,3,36,46,LX-WS-0508-FND-01,FINDING,records/history/archive/LX-WS-0508-FND-01_S01.md,FA0C700BC641841AA6FC2E037BBBA395CFE48DE7
LS-WS-0508,S01,audit/WS_TAIL_RISK_S01_DIAGNOSTIC_CANDIDATES_AND_OFFICIAL_IS.md,4198952B8D4AA1874982238519AFF5D8C95C55E4,166,4,47,68,LX-WS-0508-FND-01,FINDING,records/history/archive/LX-WS-0508-FND-01_S01.md,FA0C700BC641841AA6FC2E037BBBA395CFE48DE7
LS-WS-0508,S01,audit/WS_TAIL_RISK_S01_DIAGNOSTIC_CANDIDATES_AND_OFFICIAL_IS.md,4198952B8D4AA1874982238519AFF5D8C95C55E4,166,5,69,97,LX-WS-0508-FND-01,FINDING,records/history/archive/LX-WS-0508-FND-01_S01.md,FA0C700BC641841AA6FC2E037BBBA395CFE48DE7
LS-WS-0508,S01,audit/WS_TAIL_RISK_S01_DIAGNOSTIC_CANDIDATES_AND_OFFICIAL_IS.md,4198952B8D4AA1874982238519AFF5D8C95C55E4,166,6,98,134,LX-WS-0508-RES-02,RESEARCH,records/history/archive/LX-WS-0508-RES-02_S01.md,677F9F370C4132F9CC3737E1F143C5966F9CE17B
LS-WS-0508,S01,audit/WS_TAIL_RISK_S01_DIAGNOSTIC_CANDIDATES_AND_OFFICIAL_IS.md,4198952B8D4AA1874982238519AFF5D8C95C55E4,166,7,135,166,LX-WS-0508-FND-01,FINDING,records/history/archive/LX-WS-0508-FND-01_S01.md,FA0C700BC641841AA6FC2E037BBBA395CFE48DE7
LS-WS-0509,S01,audit/WS_TAIL_RISK_S01_OPERATOR_VALIDATION_COMMANDS.md,733CDD087520FD1B19634D0CF0FF0BE78A82A827,115,1,1,2,LX-WS-0509-CTX-03,CONTEXT,records/history/archive/LX-WS-0509-CTX-03_S01.md,0DC201D1AFE4A8C332A8411FF5E25BDB67282A9E
LS-WS-0509,S01,audit/WS_TAIL_RISK_S01_OPERATOR_VALIDATION_COMMANDS.md,733CDD087520FD1B19634D0CF0FF0BE78A82A827,115,2,3,23,LX-WS-0509-FND-02,FINDING,records/history/archive/LX-WS-0509-FND-02_S01.md,F8A164947003759005C5B9404E00875AAE03D2B1
LS-WS-0509,S01,audit/WS_TAIL_RISK_S01_OPERATOR_VALIDATION_COMMANDS.md,733CDD087520FD1B19634D0CF0FF0BE78A82A827,115,3,24,36,LX-WS-0509-EVD-01,EVIDENCE,records/evidence/runs/LX-WS-0509-EVD-01_S01.md,8384238F5F1FB8ABF457A32E17C370F8E18D15F9
LS-WS-0509,S01,audit/WS_TAIL_RISK_S01_OPERATOR_VALIDATION_COMMANDS.md,733CDD087520FD1B19634D0CF0FF0BE78A82A827,115,4,37,53,LX-WS-0509-EVD-01,EVIDENCE,records/evidence/runs/LX-WS-0509-EVD-01_S01.md,8384238F5F1FB8ABF457A32E17C370F8E18D15F9
LS-WS-0509,S01,audit/WS_TAIL_RISK_S01_OPERATOR_VALIDATION_COMMANDS.md,733CDD087520FD1B19634D0CF0FF0BE78A82A827,115,5,54,88,LX-WS-0509-EVD-01,EVIDENCE,records/evidence/runs/LX-WS-0509-EVD-01_S01.md,8384238F5F1FB8ABF457A32E17C370F8E18D15F9
LS-WS-0509,S01,audit/WS_TAIL_RISK_S01_OPERATOR_VALIDATION_COMMANDS.md,733CDD087520FD1B19634D0CF0FF0BE78A82A827,115,6,89,103,LX-WS-0509-EVD-01,EVIDENCE,records/evidence/runs/LX-WS-0509-EVD-01_S01.md,8384238F5F1FB8ABF457A32E17C370F8E18D15F9
LS-WS-0509,S01,audit/WS_TAIL_RISK_S01_OPERATOR_VALIDATION_COMMANDS.md,733CDD087520FD1B19634D0CF0FF0BE78A82A827,115,7,104,115,LX-WS-0509-EVD-01,EVIDENCE,records/evidence/runs/LX-WS-0509-EVD-01_S01.md,8384238F5F1FB8ABF457A32E17C370F8E18D15F9
LS-WS-0519,,system/db/README.md,C1FB267A6F7FDC4D195B2929C871146FE4D0ECD8,29,1,1,2,LX-WS-0519-CTX-03,CONTEXT,records/history/archive/LX-WS-0519-CTX-03_LEGACY.md,7FFF91BCE39C67EC54C39D52022A780DDF106CC8
LS-WS-0519,,system/db/README.md,C1FB267A6F7FDC4D195B2929C871146FE4D0ECD8,29,2,3,6,LX-WS-0519-STR-02,STRATEGY,records/history/archive/LX-WS-0519-STR-02_LEGACY.md,5FBB69D45B0F2D9720FE480CBDA10FB9E03460BE
LS-WS-0519,,system/db/README.md,C1FB267A6F7FDC4D195B2929C871146FE4D0ECD8,29,3,7,10,LX-WS-0519-CTX-03,CONTEXT,records/history/archive/LX-WS-0519-CTX-03_LEGACY.md,7FFF91BCE39C67EC54C39D52022A780DDF106CC8
LS-WS-0519,,system/db/README.md,C1FB267A6F7FDC4D195B2929C871146FE4D0ECD8,29,4,11,21,LX-WS-0519-IMP-01,IMPLEMENTATION,records/history/archive/LX-WS-0519-IMP-01_LEGACY.md,3DE639EEB3216DA86A6B7ABF04D325AE91557329
LS-WS-0519,,system/db/README.md,C1FB267A6F7FDC4D195B2929C871146FE4D0ECD8,29,5,22,25,LX-WS-0519-CTX-03,CONTEXT,records/history/archive/LX-WS-0519-CTX-03_LEGACY.md,7FFF91BCE39C67EC54C39D52022A780DDF106CC8
LS-WS-0519,,system/db/README.md,C1FB267A6F7FDC4D195B2929C871146FE4D0ECD8,29,6,26,29,LX-WS-0519-IMP-01,IMPLEMENTATION,records/history/archive/LX-WS-0519-IMP-01_LEGACY.md,3DE639EEB3216DA86A6B7ABF04D325AE91557329
LS-WS-0521,,system/implementation/README.md,3AE4BBB0ED2B5F501273A658BFC3D53BE4997116,54,1,1,26,LX-WS-0521-CTX-03,CONTEXT,records/history/archive/LX-WS-0521-CTX-03_LEGACY.md,A1134AACFE8460099B0F8C33EFDE8577C0DFA078
LS-WS-0521,,system/implementation/README.md,3AE4BBB0ED2B5F501273A658BFC3D53BE4997116,54,2,27,37,LX-WS-0521-STR-02,STRATEGY,records/history/archive/LX-WS-0521-STR-02_LEGACY.md,442362ECE8E3B5B5F75B0CEAE06186699BA6FFC7
LS-WS-0521,,system/implementation/README.md,3AE4BBB0ED2B5F501273A658BFC3D53BE4997116,54,3,38,46,LX-WS-0521-IMP-01,IMPLEMENTATION,records/history/archive/LX-WS-0521-IMP-01_LEGACY.md,E7796728B694AE33E1E3DE10F7B8F3406156D07C
LS-WS-0521,,system/implementation/README.md,3AE4BBB0ED2B5F501273A658BFC3D53BE4997116,54,4,47,54,LX-WS-0521-IMP-01,IMPLEMENTATION,records/history/archive/LX-WS-0521-IMP-01_LEGACY.md,E7796728B694AE33E1E3DE10F7B8F3406156D07C
LS-WS-0523,,system/implementation/weekly_swing/02_WS_MODULE_MAPPING.md,8C4FDE4697876AC190A06E54C0344E53249976CA,257,1,1,2,LX-WS-0523-CTX-03,CONTEXT,records/history/archive/LX-WS-0523-CTX-03_LEGACY.md,008C4FCCB2FB4E9D7CF9E72B495B1C3CCD4E1974
LS-WS-0523,,system/implementation/weekly_swing/02_WS_MODULE_MAPPING.md,8C4FDE4697876AC190A06E54C0344E53249976CA,257,2,3,9,LX-WS-0523-IMP-02,IMPLEMENTATION,records/history/archive/LX-WS-0523-IMP-02_LEGACY.md,699A6FBF4B706123636FFE11B44F81CD18B5F3D5
LS-WS-0523,,system/implementation/weekly_swing/02_WS_MODULE_MAPPING.md,8C4FDE4697876AC190A06E54C0344E53249976CA,257,3,10,18,LX-WS-0523-IMP-02,IMPLEMENTATION,records/history/archive/LX-WS-0523-IMP-02_LEGACY.md,699A6FBF4B706123636FFE11B44F81CD18B5F3D5
LS-WS-0523,,system/implementation/weekly_swing/02_WS_MODULE_MAPPING.md,8C4FDE4697876AC190A06E54C0344E53249976CA,257,4,19,25,LX-WS-0523-GOV-01,GOVERNANCE,records/history/archive/LX-WS-0523-GOV-01_LEGACY.md,335361C866E427BC2B2C83158EBCC037A4EE5A1C
LS-WS-0523,,system/implementation/weekly_swing/02_WS_MODULE_MAPPING.md,8C4FDE4697876AC190A06E54C0344E53249976CA,257,5,26,61,LX-WS-0523-IMP-02,IMPLEMENTATION,records/history/archive/LX-WS-0523-IMP-02_LEGACY.md,699A6FBF4B706123636FFE11B44F81CD18B5F3D5
LS-WS-0523,,system/implementation/weekly_swing/02_WS_MODULE_MAPPING.md,8C4FDE4697876AC190A06E54C0344E53249976CA,257,6,62,74,LX-WS-0523-IMP-02,IMPLEMENTATION,records/history/archive/LX-WS-0523-IMP-02_LEGACY.md,699A6FBF4B706123636FFE11B44F81CD18B5F3D5
LS-WS-0523,,system/implementation/weekly_swing/02_WS_MODULE_MAPPING.md,8C4FDE4697876AC190A06E54C0344E53249976CA,257,7,75,82,LX-WS-0523-IMP-02,IMPLEMENTATION,records/history/archive/LX-WS-0523-IMP-02_LEGACY.md,699A6FBF4B706123636FFE11B44F81CD18B5F3D5
LS-WS-0523,,system/implementation/weekly_swing/02_WS_MODULE_MAPPING.md,8C4FDE4697876AC190A06E54C0344E53249976CA,257,8,83,134,LX-WS-0523-IMP-02,IMPLEMENTATION,records/history/archive/LX-WS-0523-IMP-02_LEGACY.md,699A6FBF4B706123636FFE11B44F81CD18B5F3D5
LS-WS-0523,,system/implementation/weekly_swing/02_WS_MODULE_MAPPING.md,8C4FDE4697876AC190A06E54C0344E53249976CA,257,9,135,144,LX-WS-0523-IMP-02,IMPLEMENTATION,records/history/archive/LX-WS-0523-IMP-02_LEGACY.md,699A6FBF4B706123636FFE11B44F81CD18B5F3D5
LS-WS-0523,,system/implementation/weekly_swing/02_WS_MODULE_MAPPING.md,8C4FDE4697876AC190A06E54C0344E53249976CA,257,10,145,179,LX-WS-0523-IMP-02,IMPLEMENTATION,records/history/archive/LX-WS-0523-IMP-02_LEGACY.md,699A6FBF4B706123636FFE11B44F81CD18B5F3D5
LS-WS-0523,,system/implementation/weekly_swing/02_WS_MODULE_MAPPING.md,8C4FDE4697876AC190A06E54C0344E53249976CA,257,11,180,192,LX-WS-0523-IMP-02,IMPLEMENTATION,records/history/archive/LX-WS-0523-IMP-02_LEGACY.md,699A6FBF4B706123636FFE11B44F81CD18B5F3D5
LS-WS-0523,,system/implementation/weekly_swing/02_WS_MODULE_MAPPING.md,8C4FDE4697876AC190A06E54C0344E53249976CA,257,12,193,202,LX-WS-0523-IMP-02,IMPLEMENTATION,records/history/archive/LX-WS-0523-IMP-02_LEGACY.md,699A6FBF4B706123636FFE11B44F81CD18B5F3D5
LS-WS-0523,,system/implementation/weekly_swing/02_WS_MODULE_MAPPING.md,8C4FDE4697876AC190A06E54C0344E53249976CA,257,13,203,214,LX-WS-0523-IMP-02,IMPLEMENTATION,records/history/archive/LX-WS-0523-IMP-02_LEGACY.md,699A6FBF4B706123636FFE11B44F81CD18B5F3D5
LS-WS-0523,,system/implementation/weekly_swing/02_WS_MODULE_MAPPING.md,8C4FDE4697876AC190A06E54C0344E53249976CA,257,14,215,222,LX-WS-0523-IMP-02,IMPLEMENTATION,records/history/archive/LX-WS-0523-IMP-02_LEGACY.md,699A6FBF4B706123636FFE11B44F81CD18B5F3D5
LS-WS-0523,,system/implementation/weekly_swing/02_WS_MODULE_MAPPING.md,8C4FDE4697876AC190A06E54C0344E53249976CA,257,15,223,240,LX-WS-0523-IMP-02,IMPLEMENTATION,records/history/archive/LX-WS-0523-IMP-02_LEGACY.md,699A6FBF4B706123636FFE11B44F81CD18B5F3D5
LS-WS-0523,,system/implementation/weekly_swing/02_WS_MODULE_MAPPING.md,8C4FDE4697876AC190A06E54C0344E53249976CA,257,16,241,257,LX-WS-0523-IMP-02,IMPLEMENTATION,records/history/archive/LX-WS-0523-IMP-02_LEGACY.md,699A6FBF4B706123636FFE11B44F81CD18B5F3D5
LS-WS-0524,,system/implementation/weekly_swing/03_WS_RUNTIME_ARTIFACT_FLOW.md,7A7BF3EE3865CDC60837AA1BD470FB865EAC7B99,188,1,1,2,LX-WS-0524-CTX-03,CONTEXT,records/history/archive/LX-WS-0524-CTX-03_LEGACY.md,4002FE3D74F18CC3E8C6AE31A9A394E85799DE83
LS-WS-0524,,system/implementation/weekly_swing/03_WS_RUNTIME_ARTIFACT_FLOW.md,7A7BF3EE3865CDC60837AA1BD470FB865EAC7B99,188,2,3,6,LX-WS-0524-IMP-02,IMPLEMENTATION,records/history/archive/LX-WS-0524-IMP-02_WS.md,ADE3F9F85CD0ECE1ECE2BD4A9C0B8AD4F4037C66
LS-WS-0524,,system/implementation/weekly_swing/03_WS_RUNTIME_ARTIFACT_FLOW.md,7A7BF3EE3865CDC60837AA1BD470FB865EAC7B99,188,3,7,32,LX-WS-0524-IMP-02,IMPLEMENTATION,records/history/archive/LX-WS-0524-IMP-02_WS.md,ADE3F9F85CD0ECE1ECE2BD4A9C0B8AD4F4037C66
LS-WS-0524,,system/implementation/weekly_swing/03_WS_RUNTIME_ARTIFACT_FLOW.md,7A7BF3EE3865CDC60837AA1BD470FB865EAC7B99,188,4,33,51,LX-WS-0524-IMP-02,IMPLEMENTATION,records/history/archive/LX-WS-0524-IMP-02_WS.md,ADE3F9F85CD0ECE1ECE2BD4A9C0B8AD4F4037C66
LS-WS-0524,,system/implementation/weekly_swing/03_WS_RUNTIME_ARTIFACT_FLOW.md,7A7BF3EE3865CDC60837AA1BD470FB865EAC7B99,188,5,52,58,LX-WS-0524-IMP-02,IMPLEMENTATION,records/history/archive/LX-WS-0524-IMP-02_WS.md,ADE3F9F85CD0ECE1ECE2BD4A9C0B8AD4F4037C66
LS-WS-0524,,system/implementation/weekly_swing/03_WS_RUNTIME_ARTIFACT_FLOW.md,7A7BF3EE3865CDC60837AA1BD470FB865EAC7B99,188,6,59,64,LX-WS-0524-IMP-02,IMPLEMENTATION,records/history/archive/LX-WS-0524-IMP-02_WS.md,ADE3F9F85CD0ECE1ECE2BD4A9C0B8AD4F4037C66
LS-WS-0524,,system/implementation/weekly_swing/03_WS_RUNTIME_ARTIFACT_FLOW.md,7A7BF3EE3865CDC60837AA1BD470FB865EAC7B99,188,7,65,72,LX-WS-0524-IMP-02,IMPLEMENTATION,records/history/archive/LX-WS-0524-IMP-02_WS.md,ADE3F9F85CD0ECE1ECE2BD4A9C0B8AD4F4037C66
LS-WS-0524,,system/implementation/weekly_swing/03_WS_RUNTIME_ARTIFACT_FLOW.md,7A7BF3EE3865CDC60837AA1BD470FB865EAC7B99,188,8,73,82,LX-WS-0524-IMP-02,IMPLEMENTATION,records/history/archive/LX-WS-0524-IMP-02_WS.md,ADE3F9F85CD0ECE1ECE2BD4A9C0B8AD4F4037C66
LS-WS-0524,,system/implementation/weekly_swing/03_WS_RUNTIME_ARTIFACT_FLOW.md,7A7BF3EE3865CDC60837AA1BD470FB865EAC7B99,188,9,83,90,LX-WS-0524-IMP-02,IMPLEMENTATION,records/history/archive/LX-WS-0524-IMP-02_WS.md,ADE3F9F85CD0ECE1ECE2BD4A9C0B8AD4F4037C66
LS-WS-0524,,system/implementation/weekly_swing/03_WS_RUNTIME_ARTIFACT_FLOW.md,7A7BF3EE3865CDC60837AA1BD470FB865EAC7B99,188,10,91,97,LX-WS-0524-IMP-02,IMPLEMENTATION,records/history/archive/LX-WS-0524-IMP-02_WS.md,ADE3F9F85CD0ECE1ECE2BD4A9C0B8AD4F4037C66
LS-WS-0524,,system/implementation/weekly_swing/03_WS_RUNTIME_ARTIFACT_FLOW.md,7A7BF3EE3865CDC60837AA1BD470FB865EAC7B99,188,11,98,107,LX-WS-0524-IMP-02,IMPLEMENTATION,records/history/archive/LX-WS-0524-IMP-02_WS.md,ADE3F9F85CD0ECE1ECE2BD4A9C0B8AD4F4037C66
LS-WS-0524,,system/implementation/weekly_swing/03_WS_RUNTIME_ARTIFACT_FLOW.md,7A7BF3EE3865CDC60837AA1BD470FB865EAC7B99,188,12,108,113,LX-WS-0524-IMP-02,IMPLEMENTATION,records/history/archive/LX-WS-0524-IMP-02_WS.md,ADE3F9F85CD0ECE1ECE2BD4A9C0B8AD4F4037C66
LS-WS-0524,,system/implementation/weekly_swing/03_WS_RUNTIME_ARTIFACT_FLOW.md,7A7BF3EE3865CDC60837AA1BD470FB865EAC7B99,188,13,114,121,LX-WS-0524-IMP-02,IMPLEMENTATION,records/history/archive/LX-WS-0524-IMP-02_WS.md,ADE3F9F85CD0ECE1ECE2BD4A9C0B8AD4F4037C66
LS-WS-0524,,system/implementation/weekly_swing/03_WS_RUNTIME_ARTIFACT_FLOW.md,7A7BF3EE3865CDC60837AA1BD470FB865EAC7B99,188,14,122,125,LX-WS-0524-IMP-02,IMPLEMENTATION,records/history/archive/LX-WS-0524-IMP-02_WS.md,ADE3F9F85CD0ECE1ECE2BD4A9C0B8AD4F4037C66
LS-WS-0524,,system/implementation/weekly_swing/03_WS_RUNTIME_ARTIFACT_FLOW.md,7A7BF3EE3865CDC60837AA1BD470FB865EAC7B99,188,15,126,139,LX-WS-0524-IMP-02,IMPLEMENTATION,records/history/archive/LX-WS-0524-IMP-02_WS.md,ADE3F9F85CD0ECE1ECE2BD4A9C0B8AD4F4037C66
LS-WS-0524,,system/implementation/weekly_swing/03_WS_RUNTIME_ARTIFACT_FLOW.md,7A7BF3EE3865CDC60837AA1BD470FB865EAC7B99,188,16,140,158,LX-WS-0524-IMP-02,IMPLEMENTATION,records/history/archive/LX-WS-0524-IMP-02_WS.md,ADE3F9F85CD0ECE1ECE2BD4A9C0B8AD4F4037C66
LS-WS-0524,,system/implementation/weekly_swing/03_WS_RUNTIME_ARTIFACT_FLOW.md,7A7BF3EE3865CDC60837AA1BD470FB865EAC7B99,188,17,159,172,LX-WS-0524-FND-01,FINDING,records/history/archive/LX-WS-0524-FND-01_WS.md,FB70E139BBEC5574E3FD9AD1CD0D991B2547699B
LS-WS-0524,,system/implementation/weekly_swing/03_WS_RUNTIME_ARTIFACT_FLOW.md,7A7BF3EE3865CDC60837AA1BD470FB865EAC7B99,188,18,173,188,LX-WS-0524-IMP-02,IMPLEMENTATION,records/history/archive/LX-WS-0524-IMP-02_WS.md,ADE3F9F85CD0ECE1ECE2BD4A9C0B8AD4F4037C66
LS-WS-0526,,system/implementation/weekly_swing/05_WS_PERSISTENCE_GUIDANCE.md,9ED7FE8517BBC9E3E02704222C282674E5A60994,242,1,1,2,LX-WS-0526-CTX-03,CONTEXT,records/history/archive/LX-WS-0526-CTX-03_LEGACY.md,B4C0E6A12079DBDD80BC31A7AB1BE1F73B7E2FF1
LS-WS-0526,,system/implementation/weekly_swing/05_WS_PERSISTENCE_GUIDANCE.md,9ED7FE8517BBC9E3E02704222C282674E5A60994,242,2,3,9,LX-WS-0526-IMP-02,IMPLEMENTATION,records/history/archive/LX-WS-0526-IMP-02_WS.md,37350F7A2B1BD287ACCEB05792F198BA4F66A340
LS-WS-0526,,system/implementation/weekly_swing/05_WS_PERSISTENCE_GUIDANCE.md,9ED7FE8517BBC9E3E02704222C282674E5A60994,242,3,10,17,LX-WS-0526-IMP-02,IMPLEMENTATION,records/history/archive/LX-WS-0526-IMP-02_WS.md,37350F7A2B1BD287ACCEB05792F198BA4F66A340
LS-WS-0526,,system/implementation/weekly_swing/05_WS_PERSISTENCE_GUIDANCE.md,9ED7FE8517BBC9E3E02704222C282674E5A60994,242,4,18,28,LX-WS-0526-IMP-02,IMPLEMENTATION,records/history/archive/LX-WS-0526-IMP-02_WS.md,37350F7A2B1BD287ACCEB05792F198BA4F66A340
LS-WS-0526,,system/implementation/weekly_swing/05_WS_PERSISTENCE_GUIDANCE.md,9ED7FE8517BBC9E3E02704222C282674E5A60994,242,5,29,111,LX-WS-0526-IMP-02,IMPLEMENTATION,records/history/archive/LX-WS-0526-IMP-02_WS.md,37350F7A2B1BD287ACCEB05792F198BA4F66A340
LS-WS-0526,,system/implementation/weekly_swing/05_WS_PERSISTENCE_GUIDANCE.md,9ED7FE8517BBC9E3E02704222C282674E5A60994,242,6,112,118,LX-WS-0526-IMP-02,IMPLEMENTATION,records/history/archive/LX-WS-0526-IMP-02_WS.md,37350F7A2B1BD287ACCEB05792F198BA4F66A340
LS-WS-0526,,system/implementation/weekly_swing/05_WS_PERSISTENCE_GUIDANCE.md,9ED7FE8517BBC9E3E02704222C282674E5A60994,242,7,119,136,LX-WS-0526-IMP-02,IMPLEMENTATION,records/history/archive/LX-WS-0526-IMP-02_WS.md,37350F7A2B1BD287ACCEB05792F198BA4F66A340
LS-WS-0526,,system/implementation/weekly_swing/05_WS_PERSISTENCE_GUIDANCE.md,9ED7FE8517BBC9E3E02704222C282674E5A60994,242,8,137,166,LX-WS-0526-EVD-01,EVIDENCE,records/evidence/runs/LX-WS-0526-EVD-01_WS.md,E67C13E7608A0AE909C96C31E5B87B4B8B5D653D
LS-WS-0526,,system/implementation/weekly_swing/05_WS_PERSISTENCE_GUIDANCE.md,9ED7FE8517BBC9E3E02704222C282674E5A60994,242,9,167,184,LX-WS-0526-IMP-02,IMPLEMENTATION,records/history/archive/LX-WS-0526-IMP-02_WS.md,37350F7A2B1BD287ACCEB05792F198BA4F66A340
LS-WS-0526,,system/implementation/weekly_swing/05_WS_PERSISTENCE_GUIDANCE.md,9ED7FE8517BBC9E3E02704222C282674E5A60994,242,10,185,191,LX-WS-0526-IMP-02,IMPLEMENTATION,records/history/archive/LX-WS-0526-IMP-02_WS.md,37350F7A2B1BD287ACCEB05792F198BA4F66A340
LS-WS-0526,,system/implementation/weekly_swing/05_WS_PERSISTENCE_GUIDANCE.md,9ED7FE8517BBC9E3E02704222C282674E5A60994,242,11,192,202,LX-WS-0526-IMP-02,IMPLEMENTATION,records/history/archive/LX-WS-0526-IMP-02_WS.md,37350F7A2B1BD287ACCEB05792F198BA4F66A340
LS-WS-0526,,system/implementation/weekly_swing/05_WS_PERSISTENCE_GUIDANCE.md,9ED7FE8517BBC9E3E02704222C282674E5A60994,242,12,203,207,LX-WS-0526-IMP-02,IMPLEMENTATION,records/history/archive/LX-WS-0526-IMP-02_WS.md,37350F7A2B1BD287ACCEB05792F198BA4F66A340
LS-WS-0526,,system/implementation/weekly_swing/05_WS_PERSISTENCE_GUIDANCE.md,9ED7FE8517BBC9E3E02704222C282674E5A60994,242,13,208,216,LX-WS-0526-IMP-02,IMPLEMENTATION,records/history/archive/LX-WS-0526-IMP-02_WS.md,37350F7A2B1BD287ACCEB05792F198BA4F66A340
LS-WS-0526,,system/implementation/weekly_swing/05_WS_PERSISTENCE_GUIDANCE.md,9ED7FE8517BBC9E3E02704222C282674E5A60994,242,14,217,226,LX-WS-0526-IMP-02,IMPLEMENTATION,records/history/archive/LX-WS-0526-IMP-02_WS.md,37350F7A2B1BD287ACCEB05792F198BA4F66A340
LS-WS-0526,,system/implementation/weekly_swing/05_WS_PERSISTENCE_GUIDANCE.md,9ED7FE8517BBC9E3E02704222C282674E5A60994,242,15,227,230,LX-WS-0526-IMP-02,IMPLEMENTATION,records/history/archive/LX-WS-0526-IMP-02_WS.md,37350F7A2B1BD287ACCEB05792F198BA4F66A340
LS-WS-0526,,system/implementation/weekly_swing/05_WS_PERSISTENCE_GUIDANCE.md,9ED7FE8517BBC9E3E02704222C282674E5A60994,242,16,231,242,LX-WS-0526-IMP-02,IMPLEMENTATION,records/history/archive/LX-WS-0526-IMP-02_WS.md,37350F7A2B1BD287ACCEB05792F198BA4F66A340
LS-WS-0535,,system/policies/_shared/06_SCHEMA_PARITY_RULES.md,D9F016D38DA901FB7F8B824E54BFE25D628B4075,164,1,1,2,LX-WS-0535-CTX-03,CONTEXT,records/history/archive/LX-WS-0535-CTX-03_LEGACY.md,051AFDED5C7C21FF94983C837EE2073483E286C7
LS-WS-0535,,system/policies/_shared/06_SCHEMA_PARITY_RULES.md,D9F016D38DA901FB7F8B824E54BFE25D628B4075,164,2,3,10,LX-WS-0535-STR-02,STRATEGY,records/history/archive/LX-WS-0535-STR-02_WS.md,D56758018C46CE5048FC4749CBFDFA8259B8FB62
LS-WS-0535,,system/policies/_shared/06_SCHEMA_PARITY_RULES.md,D9F016D38DA901FB7F8B824E54BFE25D628B4075,164,3,11,16,LX-WS-0535-STR-02,STRATEGY,records/history/archive/LX-WS-0535-STR-02_WS.md,D56758018C46CE5048FC4749CBFDFA8259B8FB62
LS-WS-0535,,system/policies/_shared/06_SCHEMA_PARITY_RULES.md,D9F016D38DA901FB7F8B824E54BFE25D628B4075,164,4,17,22,LX-WS-0535-STR-02,STRATEGY,records/history/archive/LX-WS-0535-STR-02_WS.md,D56758018C46CE5048FC4749CBFDFA8259B8FB62
LS-WS-0535,,system/policies/_shared/06_SCHEMA_PARITY_RULES.md,D9F016D38DA901FB7F8B824E54BFE25D628B4075,164,5,23,28,LX-WS-0535-STR-02,STRATEGY,records/history/archive/LX-WS-0535-STR-02_WS.md,D56758018C46CE5048FC4749CBFDFA8259B8FB62
LS-WS-0535,,system/policies/_shared/06_SCHEMA_PARITY_RULES.md,D9F016D38DA901FB7F8B824E54BFE25D628B4075,164,6,29,53,LX-WS-0535-STR-02,STRATEGY,records/history/archive/LX-WS-0535-STR-02_WS.md,D56758018C46CE5048FC4749CBFDFA8259B8FB62
LS-WS-0535,,system/policies/_shared/06_SCHEMA_PARITY_RULES.md,D9F016D38DA901FB7F8B824E54BFE25D628B4075,164,7,54,74,LX-WS-0535-STR-02,STRATEGY,records/history/archive/LX-WS-0535-STR-02_WS.md,D56758018C46CE5048FC4749CBFDFA8259B8FB62
LS-WS-0535,,system/policies/_shared/06_SCHEMA_PARITY_RULES.md,D9F016D38DA901FB7F8B824E54BFE25D628B4075,164,8,75,96,LX-WS-0535-IMP-01,IMPLEMENTATION,records/history/archive/LX-WS-0535-IMP-01_WS.md,D316BB73E4D1211E669011A7D71C4D49D8E49380
LS-WS-0535,,system/policies/_shared/06_SCHEMA_PARITY_RULES.md,D9F016D38DA901FB7F8B824E54BFE25D628B4075,164,9,97,114,LX-WS-0535-STR-02,STRATEGY,records/history/archive/LX-WS-0535-STR-02_WS.md,D56758018C46CE5048FC4749CBFDFA8259B8FB62
LS-WS-0535,,system/policies/_shared/06_SCHEMA_PARITY_RULES.md,D9F016D38DA901FB7F8B824E54BFE25D628B4075,164,10,115,123,LX-WS-0535-STR-02,STRATEGY,records/history/archive/LX-WS-0535-STR-02_WS.md,D56758018C46CE5048FC4749CBFDFA8259B8FB62
LS-WS-0535,,system/policies/_shared/06_SCHEMA_PARITY_RULES.md,D9F016D38DA901FB7F8B824E54BFE25D628B4075,164,11,124,133,LX-WS-0535-STR-02,STRATEGY,records/history/archive/LX-WS-0535-STR-02_WS.md,D56758018C46CE5048FC4749CBFDFA8259B8FB62
LS-WS-0535,,system/policies/_shared/06_SCHEMA_PARITY_RULES.md,D9F016D38DA901FB7F8B824E54BFE25D628B4075,164,12,134,146,LX-WS-0535-STR-02,STRATEGY,records/history/archive/LX-WS-0535-STR-02_WS.md,D56758018C46CE5048FC4749CBFDFA8259B8FB62
LS-WS-0535,,system/policies/_shared/06_SCHEMA_PARITY_RULES.md,D9F016D38DA901FB7F8B824E54BFE25D628B4075,164,13,147,155,LX-WS-0535-STR-02,STRATEGY,records/history/archive/LX-WS-0535-STR-02_WS.md,D56758018C46CE5048FC4749CBFDFA8259B8FB62
LS-WS-0535,,system/policies/_shared/06_SCHEMA_PARITY_RULES.md,D9F016D38DA901FB7F8B824E54BFE25D628B4075,164,14,156,162,LX-WS-0535-STR-02,STRATEGY,records/history/archive/LX-WS-0535-STR-02_WS.md,D56758018C46CE5048FC4749CBFDFA8259B8FB62
LS-WS-0535,,system/policies/_shared/06_SCHEMA_PARITY_RULES.md,D9F016D38DA901FB7F8B824E54BFE25D628B4075,164,15,163,164,LX-WS-0535-STR-02,STRATEGY,records/history/archive/LX-WS-0535-STR-02_WS.md,D56758018C46CE5048FC4749CBFDFA8259B8FB62
LS-WS-0538,,system/policies/README.md,9949DDDA638D5631A0BB95AA22A4E9F8F2FDBE1B,52,1,1,5,LX-WS-0538-CTX-03,CONTEXT,records/history/archive/LX-WS-0538-CTX-03_LEGACY.md,187A735A8392A9EFAB791431A3428EEB5D940DF1
LS-WS-0538,,system/policies/README.md,9949DDDA638D5631A0BB95AA22A4E9F8F2FDBE1B,52,2,6,9,LX-WS-0538-GOV-01,GOVERNANCE,records/history/archive/LX-WS-0538-GOV-01_LEGACY.md,53E57ED632CC06B07A32CB839CCFEE422CD851D1
LS-WS-0538,,system/policies/README.md,9949DDDA638D5631A0BB95AA22A4E9F8F2FDBE1B,52,3,10,19,LX-WS-0538-STR-02,STRATEGY,records/history/archive/LX-WS-0538-STR-02_LEGACY.md,F5D2338BFA1E8E82D90C0A066524C57A742290E8
LS-WS-0538,,system/policies/README.md,9949DDDA638D5631A0BB95AA22A4E9F8F2FDBE1B,52,4,20,29,LX-WS-0538-CTX-03,CONTEXT,records/history/archive/LX-WS-0538-CTX-03_LEGACY.md,187A735A8392A9EFAB791431A3428EEB5D940DF1
LS-WS-0538,,system/policies/README.md,9949DDDA638D5631A0BB95AA22A4E9F8F2FDBE1B,52,5,30,41,LX-WS-0538-CTX-03,CONTEXT,records/history/archive/LX-WS-0538-CTX-03_LEGACY.md,187A735A8392A9EFAB791431A3428EEB5D940DF1
LS-WS-0538,,system/policies/README.md,9949DDDA638D5631A0BB95AA22A4E9F8F2FDBE1B,52,6,42,45,LX-WS-0538-CTX-03,CONTEXT,records/history/archive/LX-WS-0538-CTX-03_LEGACY.md,187A735A8392A9EFAB791431A3428EEB5D940DF1
LS-WS-0538,,system/policies/README.md,9949DDDA638D5631A0BB95AA22A4E9F8F2FDBE1B,52,7,46,49,LX-WS-0538-CTX-03,CONTEXT,records/history/archive/LX-WS-0538-CTX-03_LEGACY.md,187A735A8392A9EFAB791431A3428EEB5D940DF1
LS-WS-0538,,system/policies/README.md,9949DDDA638D5631A0BB95AA22A4E9F8F2FDBE1B,52,8,50,52,LX-WS-0538-GOV-01,GOVERNANCE,records/history/archive/LX-WS-0538-GOV-01_LEGACY.md,53E57ED632CC06B07A32CB839CCFEE422CD851D1
LS-WS-0544,,system/policies/weekly_swing/06_WS_PARAMSET_VALIDATOR_SPEC.md,A72760D7ECCEDB8ED10511710BEFB8F603BC75D6,195,1,1,2,LX-WS-0544-CTX-03,CONTEXT,records/history/archive/LX-WS-0544-CTX-03_LEGACY.md,AF37BC22E2BEAF7A4E89B0AD9F0E02C6D7BF122B
LS-WS-0544,,system/policies/weekly_swing/06_WS_PARAMSET_VALIDATOR_SPEC.md,A72760D7ECCEDB8ED10511710BEFB8F603BC75D6,195,2,3,6,LX-WS-0544-STR-02,STRATEGY,records/history/archive/LX-WS-0544-STR-02_WS.md,9FDBB912D6A065CDC9EE93CB8DD2C180255E3962
LS-WS-0544,,system/policies/weekly_swing/06_WS_PARAMSET_VALIDATOR_SPEC.md,A72760D7ECCEDB8ED10511710BEFB8F603BC75D6,195,3,7,10,LX-WS-0544-STR-02,STRATEGY,records/history/archive/LX-WS-0544-STR-02_WS.md,9FDBB912D6A065CDC9EE93CB8DD2C180255E3962
LS-WS-0544,,system/policies/weekly_swing/06_WS_PARAMSET_VALIDATOR_SPEC.md,A72760D7ECCEDB8ED10511710BEFB8F603BC75D6,195,4,11,14,LX-WS-0544-STR-02,STRATEGY,records/history/archive/LX-WS-0544-STR-02_WS.md,9FDBB912D6A065CDC9EE93CB8DD2C180255E3962
LS-WS-0544,,system/policies/weekly_swing/06_WS_PARAMSET_VALIDATOR_SPEC.md,A72760D7ECCEDB8ED10511710BEFB8F603BC75D6,195,5,15,28,LX-WS-0544-STR-02,STRATEGY,records/history/archive/LX-WS-0544-STR-02_WS.md,9FDBB912D6A065CDC9EE93CB8DD2C180255E3962
LS-WS-0544,,system/policies/weekly_swing/06_WS_PARAMSET_VALIDATOR_SPEC.md,A72760D7ECCEDB8ED10511710BEFB8F603BC75D6,195,6,29,42,LX-WS-0544-STR-02,STRATEGY,records/history/archive/LX-WS-0544-STR-02_WS.md,9FDBB912D6A065CDC9EE93CB8DD2C180255E3962
LS-WS-0544,,system/policies/weekly_swing/06_WS_PARAMSET_VALIDATOR_SPEC.md,A72760D7ECCEDB8ED10511710BEFB8F603BC75D6,195,7,43,62,LX-WS-0544-STR-02,STRATEGY,records/history/archive/LX-WS-0544-STR-02_WS.md,9FDBB912D6A065CDC9EE93CB8DD2C180255E3962
LS-WS-0544,,system/policies/weekly_swing/06_WS_PARAMSET_VALIDATOR_SPEC.md,A72760D7ECCEDB8ED10511710BEFB8F603BC75D6,195,8,63,76,LX-WS-0544-STR-02,STRATEGY,records/history/archive/LX-WS-0544-STR-02_WS.md,9FDBB912D6A065CDC9EE93CB8DD2C180255E3962
LS-WS-0544,,system/policies/weekly_swing/06_WS_PARAMSET_VALIDATOR_SPEC.md,A72760D7ECCEDB8ED10511710BEFB8F603BC75D6,195,9,77,90,LX-WS-0544-STR-02,STRATEGY,records/history/archive/LX-WS-0544-STR-02_WS.md,9FDBB912D6A065CDC9EE93CB8DD2C180255E3962
LS-WS-0544,,system/policies/weekly_swing/06_WS_PARAMSET_VALIDATOR_SPEC.md,A72760D7ECCEDB8ED10511710BEFB8F603BC75D6,195,10,91,107,LX-WS-0544-STR-02,STRATEGY,records/history/archive/LX-WS-0544-STR-02_WS.md,9FDBB912D6A065CDC9EE93CB8DD2C180255E3962
LS-WS-0544,,system/policies/weekly_swing/06_WS_PARAMSET_VALIDATOR_SPEC.md,A72760D7ECCEDB8ED10511710BEFB8F603BC75D6,195,11,108,122,LX-WS-0544-STR-02,STRATEGY,records/history/archive/LX-WS-0544-STR-02_WS.md,9FDBB912D6A065CDC9EE93CB8DD2C180255E3962
LS-WS-0544,,system/policies/weekly_swing/06_WS_PARAMSET_VALIDATOR_SPEC.md,A72760D7ECCEDB8ED10511710BEFB8F603BC75D6,195,12,123,130,LX-WS-0544-STR-02,STRATEGY,records/history/archive/LX-WS-0544-STR-02_WS.md,9FDBB912D6A065CDC9EE93CB8DD2C180255E3962
LS-WS-0544,,system/policies/weekly_swing/06_WS_PARAMSET_VALIDATOR_SPEC.md,A72760D7ECCEDB8ED10511710BEFB8F603BC75D6,195,13,131,144,LX-WS-0544-IMP-01,IMPLEMENTATION,records/history/archive/LX-WS-0544-IMP-01_WS.md,8034A97441E61E09B5859EE43D53877E347CB105
LS-WS-0544,,system/policies/weekly_swing/06_WS_PARAMSET_VALIDATOR_SPEC.md,A72760D7ECCEDB8ED10511710BEFB8F603BC75D6,195,14,145,148,LX-WS-0544-STR-02,STRATEGY,records/history/archive/LX-WS-0544-STR-02_WS.md,9FDBB912D6A065CDC9EE93CB8DD2C180255E3962
LS-WS-0544,,system/policies/weekly_swing/06_WS_PARAMSET_VALIDATOR_SPEC.md,A72760D7ECCEDB8ED10511710BEFB8F603BC75D6,195,15,149,165,LX-WS-0544-STR-02,STRATEGY,records/history/archive/LX-WS-0544-STR-02_WS.md,9FDBB912D6A065CDC9EE93CB8DD2C180255E3962
LS-WS-0544,,system/policies/weekly_swing/06_WS_PARAMSET_VALIDATOR_SPEC.md,A72760D7ECCEDB8ED10511710BEFB8F603BC75D6,195,16,166,195,LX-WS-0544-STR-02,STRATEGY,records/history/archive/LX-WS-0544-STR-02_WS.md,9FDBB912D6A065CDC9EE93CB8DD2C180255E3962
LS-WS-0545,,system/policies/weekly_swing/07_WS_REASON_CODES_AND_HASH.md,BD70FD8283A295D8C51C47A316B3A5DB404C39EB,241,1,1,2,LX-WS-0545-CTX-03,CONTEXT,records/history/archive/LX-WS-0545-CTX-03_LEGACY.md,C8DD59A474B878169E4DC533814B80FC7468FE36
LS-WS-0545,,system/policies/weekly_swing/07_WS_REASON_CODES_AND_HASH.md,BD70FD8283A295D8C51C47A316B3A5DB404C39EB,241,2,3,6,LX-WS-0545-STR-02,STRATEGY,records/history/archive/LX-WS-0545-STR-02_WS.md,6763BD59D806C7656AF69A9E02BD6B492B178F33
LS-WS-0545,,system/policies/weekly_swing/07_WS_REASON_CODES_AND_HASH.md,BD70FD8283A295D8C51C47A316B3A5DB404C39EB,241,3,7,14,LX-WS-0545-STR-02,STRATEGY,records/history/archive/LX-WS-0545-STR-02_WS.md,6763BD59D806C7656AF69A9E02BD6B492B178F33
LS-WS-0545,,system/policies/weekly_swing/07_WS_REASON_CODES_AND_HASH.md,BD70FD8283A295D8C51C47A316B3A5DB404C39EB,241,4,15,97,LX-WS-0545-STR-02,STRATEGY,records/history/archive/LX-WS-0545-STR-02_WS.md,6763BD59D806C7656AF69A9E02BD6B492B178F33
LS-WS-0545,,system/policies/weekly_swing/07_WS_REASON_CODES_AND_HASH.md,BD70FD8283A295D8C51C47A316B3A5DB404C39EB,241,5,98,103,LX-WS-0545-STR-02,STRATEGY,records/history/archive/LX-WS-0545-STR-02_WS.md,6763BD59D806C7656AF69A9E02BD6B492B178F33
LS-WS-0545,,system/policies/weekly_swing/07_WS_REASON_CODES_AND_HASH.md,BD70FD8283A295D8C51C47A316B3A5DB404C39EB,241,6,104,173,LX-WS-0545-STR-02,STRATEGY,records/history/archive/LX-WS-0545-STR-02_WS.md,6763BD59D806C7656AF69A9E02BD6B492B178F33
LS-WS-0545,,system/policies/weekly_swing/07_WS_REASON_CODES_AND_HASH.md,BD70FD8283A295D8C51C47A316B3A5DB404C39EB,241,7,174,203,LX-WS-0545-STR-02,STRATEGY,records/history/archive/LX-WS-0545-STR-02_WS.md,6763BD59D806C7656AF69A9E02BD6B492B178F33
LS-WS-0545,,system/policies/weekly_swing/07_WS_REASON_CODES_AND_HASH.md,BD70FD8283A295D8C51C47A316B3A5DB404C39EB,241,8,204,207,LX-WS-0545-STR-02,STRATEGY,records/history/archive/LX-WS-0545-STR-02_WS.md,6763BD59D806C7656AF69A9E02BD6B492B178F33
LS-WS-0545,,system/policies/weekly_swing/07_WS_REASON_CODES_AND_HASH.md,BD70FD8283A295D8C51C47A316B3A5DB404C39EB,241,9,208,211,LX-WS-0545-STR-02,STRATEGY,records/history/archive/LX-WS-0545-STR-02_WS.md,6763BD59D806C7656AF69A9E02BD6B492B178F33
LS-WS-0545,,system/policies/weekly_swing/07_WS_REASON_CODES_AND_HASH.md,BD70FD8283A295D8C51C47A316B3A5DB404C39EB,241,10,212,215,LX-WS-0545-STR-02,STRATEGY,records/history/archive/LX-WS-0545-STR-02_WS.md,6763BD59D806C7656AF69A9E02BD6B492B178F33
LS-WS-0545,,system/policies/weekly_swing/07_WS_REASON_CODES_AND_HASH.md,BD70FD8283A295D8C51C47A316B3A5DB404C39EB,241,11,216,221,LX-WS-0545-IMP-01,IMPLEMENTATION,records/history/archive/LX-WS-0545-IMP-01_WS.md,D0095EFCB40C98D1F3C3407D763996552408B83D
LS-WS-0545,,system/policies/weekly_swing/07_WS_REASON_CODES_AND_HASH.md,BD70FD8283A295D8C51C47A316B3A5DB404C39EB,241,12,222,241,LX-WS-0545-IMP-01,IMPLEMENTATION,records/history/archive/LX-WS-0545-IMP-01_WS.md,D0095EFCB40C98D1F3C3407D763996552408B83D
LS-WS-0548,,system/policies/weekly_swing/10_WS_CONFIRM_OVERLAY.md,87E95DC166C97B420D3EC4354809DAD5EEF0FC94,86,1,1,2,LX-WS-0548-CTX-03,CONTEXT,records/history/archive/LX-WS-0548-CTX-03_LEGACY.md,827E292A766E8F1C628700F807DC23371B416C5F
LS-WS-0548,,system/policies/weekly_swing/10_WS_CONFIRM_OVERLAY.md,87E95DC166C97B420D3EC4354809DAD5EEF0FC94,86,2,3,10,LX-WS-0548-STR-02,STRATEGY,records/history/archive/LX-WS-0548-STR-02_WS.md,01004605C97F0CFE2845DF31A349789E6F711FF2
LS-WS-0548,,system/policies/weekly_swing/10_WS_CONFIRM_OVERLAY.md,87E95DC166C97B420D3EC4354809DAD5EEF0FC94,86,3,11,19,LX-WS-0548-STR-02,STRATEGY,records/history/archive/LX-WS-0548-STR-02_WS.md,01004605C97F0CFE2845DF31A349789E6F711FF2
LS-WS-0548,,system/policies/weekly_swing/10_WS_CONFIRM_OVERLAY.md,87E95DC166C97B420D3EC4354809DAD5EEF0FC94,86,4,20,27,LX-WS-0548-STR-02,STRATEGY,records/history/archive/LX-WS-0548-STR-02_WS.md,01004605C97F0CFE2845DF31A349789E6F711FF2
LS-WS-0548,,system/policies/weekly_swing/10_WS_CONFIRM_OVERLAY.md,87E95DC166C97B420D3EC4354809DAD5EEF0FC94,86,5,28,38,LX-WS-0548-STR-02,STRATEGY,records/history/archive/LX-WS-0548-STR-02_WS.md,01004605C97F0CFE2845DF31A349789E6F711FF2
LS-WS-0548,,system/policies/weekly_swing/10_WS_CONFIRM_OVERLAY.md,87E95DC166C97B420D3EC4354809DAD5EEF0FC94,86,6,39,42,LX-WS-0548-STR-02,STRATEGY,records/history/archive/LX-WS-0548-STR-02_WS.md,01004605C97F0CFE2845DF31A349789E6F711FF2
LS-WS-0548,,system/policies/weekly_swing/10_WS_CONFIRM_OVERLAY.md,87E95DC166C97B420D3EC4354809DAD5EEF0FC94,86,7,43,53,LX-WS-0548-STR-02,STRATEGY,records/history/archive/LX-WS-0548-STR-02_WS.md,01004605C97F0CFE2845DF31A349789E6F711FF2
LS-WS-0548,,system/policies/weekly_swing/10_WS_CONFIRM_OVERLAY.md,87E95DC166C97B420D3EC4354809DAD5EEF0FC94,86,8,54,62,LX-WS-0548-STR-02,STRATEGY,records/history/archive/LX-WS-0548-STR-02_WS.md,01004605C97F0CFE2845DF31A349789E6F711FF2
LS-WS-0548,,system/policies/weekly_swing/10_WS_CONFIRM_OVERLAY.md,87E95DC166C97B420D3EC4354809DAD5EEF0FC94,86,9,63,72,LX-WS-0548-STR-02,STRATEGY,records/history/archive/LX-WS-0548-STR-02_WS.md,01004605C97F0CFE2845DF31A349789E6F711FF2
LS-WS-0548,,system/policies/weekly_swing/10_WS_CONFIRM_OVERLAY.md,87E95DC166C97B420D3EC4354809DAD5EEF0FC94,86,10,73,86,LX-WS-0548-IMP-01,IMPLEMENTATION,records/history/archive/LX-WS-0548-IMP-01_WS.md,CB5D0C4B273BE1350C451F24D71D5015F2F19B79
LS-WS-0550,,system/policies/weekly_swing/12_WS_BACKTEST_SCHEMA_AND_CALIBRATION.md,F36B415CA47D448CF0C5EA5AEDE987D497FFEF42,1799,1,1,4,LX-WS-0550-CTX-06,CONTEXT,records/history/archive/LX-WS-0550-CTX-06_LEGACY.md,027FF9FBEF414DD45AFFAE47CAB173047BC0C293
LS-WS-0550,,system/policies/weekly_swing/12_WS_BACKTEST_SCHEMA_AND_CALIBRATION.md,F36B415CA47D448CF0C5EA5AEDE987D497FFEF42,1799,2,5,11,LX-WS-0550-STR-05,STRATEGY,records/history/archive/LX-WS-0550-STR-05_WS.md,36DDBD8B07E794673DBEF9DB89D2CD8529492DE2
LS-WS-0550,,system/policies/weekly_swing/12_WS_BACKTEST_SCHEMA_AND_CALIBRATION.md,F36B415CA47D448CF0C5EA5AEDE987D497FFEF42,1799,3,12,27,LX-WS-0550-STR-05,STRATEGY,records/history/archive/LX-WS-0550-STR-05_WS.md,36DDBD8B07E794673DBEF9DB89D2CD8529492DE2
LS-WS-0550,,system/policies/weekly_swing/12_WS_BACKTEST_SCHEMA_AND_CALIBRATION.md,F36B415CA47D448CF0C5EA5AEDE987D497FFEF42,1799,4,28,36,LX-WS-0550-STR-05,STRATEGY,records/history/archive/LX-WS-0550-STR-05_WS.md,36DDBD8B07E794673DBEF9DB89D2CD8529492DE2
LS-WS-0550,,system/policies/weekly_swing/12_WS_BACKTEST_SCHEMA_AND_CALIBRATION.md,F36B415CA47D448CF0C5EA5AEDE987D497FFEF42,1799,5,37,46,LX-WS-0550-STR-05,STRATEGY,records/history/archive/LX-WS-0550-STR-05_WS.md,36DDBD8B07E794673DBEF9DB89D2CD8529492DE2
LS-WS-0550,,system/policies/weekly_swing/12_WS_BACKTEST_SCHEMA_AND_CALIBRATION.md,F36B415CA47D448CF0C5EA5AEDE987D497FFEF42,1799,6,47,50,LX-WS-0550-STR-05,STRATEGY,records/history/archive/LX-WS-0550-STR-05_WS.md,36DDBD8B07E794673DBEF9DB89D2CD8529492DE2
LS-WS-0550,,system/policies/weekly_swing/12_WS_BACKTEST_SCHEMA_AND_CALIBRATION.md,F36B415CA47D448CF0C5EA5AEDE987D497FFEF42,1799,7,51,54,LX-WS-0550-STR-05,STRATEGY,records/history/archive/LX-WS-0550-STR-05_WS.md,36DDBD8B07E794673DBEF9DB89D2CD8529492DE2
LS-WS-0550,,system/policies/weekly_swing/12_WS_BACKTEST_SCHEMA_AND_CALIBRATION.md,F36B415CA47D448CF0C5EA5AEDE987D497FFEF42,1799,8,55,232,LX-WS-0550-STR-05,STRATEGY,records/history/archive/LX-WS-0550-STR-05_WS.md,36DDBD8B07E794673DBEF9DB89D2CD8529492DE2
LS-WS-0550,,system/policies/weekly_swing/12_WS_BACKTEST_SCHEMA_AND_CALIBRATION.md,F36B415CA47D448CF0C5EA5AEDE987D497FFEF42,1799,9,233,301,LX-WS-0550-STR-05,STRATEGY,records/history/archive/LX-WS-0550-STR-05_WS.md,36DDBD8B07E794673DBEF9DB89D2CD8529492DE2
LS-WS-0550,,system/policies/weekly_swing/12_WS_BACKTEST_SCHEMA_AND_CALIBRATION.md,F36B415CA47D448CF0C5EA5AEDE987D497FFEF42,1799,10,302,307,LX-WS-0550-STR-05,STRATEGY,records/history/archive/LX-WS-0550-STR-05_WS.md,36DDBD8B07E794673DBEF9DB89D2CD8529492DE2
LS-WS-0550,,system/policies/weekly_swing/12_WS_BACKTEST_SCHEMA_AND_CALIBRATION.md,F36B415CA47D448CF0C5EA5AEDE987D497FFEF42,1799,11,308,314,LX-WS-0550-STR-05,STRATEGY,records/history/archive/LX-WS-0550-STR-05_WS.md,36DDBD8B07E794673DBEF9DB89D2CD8529492DE2
LS-WS-0550,,system/policies/weekly_swing/12_WS_BACKTEST_SCHEMA_AND_CALIBRATION.md,F36B415CA47D448CF0C5EA5AEDE987D497FFEF42,1799,12,315,320,LX-WS-0550-STR-05,STRATEGY,records/history/archive/LX-WS-0550-STR-05_WS.md,36DDBD8B07E794673DBEF9DB89D2CD8529492DE2
LS-WS-0550,,system/policies/weekly_swing/12_WS_BACKTEST_SCHEMA_AND_CALIBRATION.md,F36B415CA47D448CF0C5EA5AEDE987D497FFEF42,1799,13,321,323,LX-WS-0550-STR-05,STRATEGY,records/history/archive/LX-WS-0550-STR-05_WS.md,36DDBD8B07E794673DBEF9DB89D2CD8529492DE2
LS-WS-0550,,system/policies/weekly_swing/12_WS_BACKTEST_SCHEMA_AND_CALIBRATION.md,F36B415CA47D448CF0C5EA5AEDE987D497FFEF42,1799,14,324,326,LX-WS-0550-IMP-03,IMPLEMENTATION,records/history/archive/LX-WS-0550-IMP-03_WS.md,44B8F49F5A6AA034C30FCE3B6A3E7F609F62CA21
LS-WS-0550,,system/policies/weekly_swing/12_WS_BACKTEST_SCHEMA_AND_CALIBRATION.md,F36B415CA47D448CF0C5EA5AEDE987D497FFEF42,1799,15,327,371,LX-WS-0550-STR-05,STRATEGY,records/history/archive/LX-WS-0550-STR-05_WS.md,36DDBD8B07E794673DBEF9DB89D2CD8529492DE2
LS-WS-0550,,system/policies/weekly_swing/12_WS_BACKTEST_SCHEMA_AND_CALIBRATION.md,F36B415CA47D448CF0C5EA5AEDE987D497FFEF42,1799,16,372,396,LX-WS-0550-IMP-03,IMPLEMENTATION,records/history/archive/LX-WS-0550-IMP-03_WS.md,44B8F49F5A6AA034C30FCE3B6A3E7F609F62CA21
LS-WS-0550,,system/policies/weekly_swing/12_WS_BACKTEST_SCHEMA_AND_CALIBRATION.md,F36B415CA47D448CF0C5EA5AEDE987D497FFEF42,1799,17,397,459,LX-WS-0550-IMP-03,IMPLEMENTATION,records/history/archive/LX-WS-0550-IMP-03_WS.md,44B8F49F5A6AA034C30FCE3B6A3E7F609F62CA21
LS-WS-0550,,system/policies/weekly_swing/12_WS_BACKTEST_SCHEMA_AND_CALIBRATION.md,F36B415CA47D448CF0C5EA5AEDE987D497FFEF42,1799,18,460,463,LX-WS-0550-STR-05,STRATEGY,records/history/archive/LX-WS-0550-STR-05_WS.md,36DDBD8B07E794673DBEF9DB89D2CD8529492DE2
LS-WS-0550,,system/policies/weekly_swing/12_WS_BACKTEST_SCHEMA_AND_CALIBRATION.md,F36B415CA47D448CF0C5EA5AEDE987D497FFEF42,1799,19,464,540,LX-WS-0550-STR-05,STRATEGY,records/history/archive/LX-WS-0550-STR-05_WS.md,36DDBD8B07E794673DBEF9DB89D2CD8529492DE2
LS-WS-0550,,system/policies/weekly_swing/12_WS_BACKTEST_SCHEMA_AND_CALIBRATION.md,F36B415CA47D448CF0C5EA5AEDE987D497FFEF42,1799,20,541,566,LX-WS-0550-STR-05,STRATEGY,records/history/archive/LX-WS-0550-STR-05_WS.md,36DDBD8B07E794673DBEF9DB89D2CD8529492DE2
LS-WS-0550,,system/policies/weekly_swing/12_WS_BACKTEST_SCHEMA_AND_CALIBRATION.md,F36B415CA47D448CF0C5EA5AEDE987D497FFEF42,1799,21,567,1568,LX-WS-0550-RES-04,RESEARCH,records/history/archive/LX-WS-0550-RES-04_WS.md,8CAF2254804BEBBD967A42AF3A9C09CA953A1D5F
LS-WS-0550,,system/policies/weekly_swing/12_WS_BACKTEST_SCHEMA_AND_CALIBRATION.md,F36B415CA47D448CF0C5EA5AEDE987D497FFEF42,1799,22,1569,1596,LX-WS-0550-EVD-02,EVIDENCE,records/evidence/runs/LX-WS-0550-EVD-02_WS.md,4C07B208EF5B7F8F54F17C46AF00A239E88866ED
LS-WS-0550,,system/policies/weekly_swing/12_WS_BACKTEST_SCHEMA_AND_CALIBRATION.md,F36B415CA47D448CF0C5EA5AEDE987D497FFEF42,1799,23,1597,1605,LX-WS-0550-EVD-02,EVIDENCE,records/evidence/runs/LX-WS-0550-EVD-02_WS.md,4C07B208EF5B7F8F54F17C46AF00A239E88866ED
LS-WS-0550,,system/policies/weekly_swing/12_WS_BACKTEST_SCHEMA_AND_CALIBRATION.md,F36B415CA47D448CF0C5EA5AEDE987D497FFEF42,1799,24,1606,1619,LX-WS-0550-EVD-02,EVIDENCE,records/evidence/runs/LX-WS-0550-EVD-02_WS.md,4C07B208EF5B7F8F54F17C46AF00A239E88866ED
LS-WS-0550,,system/policies/weekly_swing/12_WS_BACKTEST_SCHEMA_AND_CALIBRATION.md,F36B415CA47D448CF0C5EA5AEDE987D497FFEF42,1799,25,1620,1641,LX-WS-0550-IMP-03,IMPLEMENTATION,records/history/archive/LX-WS-0550-IMP-03_WS.md,44B8F49F5A6AA034C30FCE3B6A3E7F609F62CA21
LS-WS-0550,,system/policies/weekly_swing/12_WS_BACKTEST_SCHEMA_AND_CALIBRATION.md,F36B415CA47D448CF0C5EA5AEDE987D497FFEF42,1799,26,1642,1658,LX-WS-0550-DEC-01,DECISION,records/decisions/LX-WS-0550-DEC-01_WS.md,A61D1B64E571933F46F21164BF61E36C0D409ACB
LS-WS-0550,,system/policies/weekly_swing/12_WS_BACKTEST_SCHEMA_AND_CALIBRATION.md,F36B415CA47D448CF0C5EA5AEDE987D497FFEF42,1799,27,1659,1704,LX-WS-0550-DEC-01,DECISION,records/decisions/LX-WS-0550-DEC-01_WS.md,A61D1B64E571933F46F21164BF61E36C0D409ACB
LS-WS-0550,,system/policies/weekly_swing/12_WS_BACKTEST_SCHEMA_AND_CALIBRATION.md,F36B415CA47D448CF0C5EA5AEDE987D497FFEF42,1799,28,1705,1746,LX-WS-0550-DEC-01,DECISION,records/decisions/LX-WS-0550-DEC-01_WS.md,A61D1B64E571933F46F21164BF61E36C0D409ACB
LS-WS-0550,,system/policies/weekly_swing/12_WS_BACKTEST_SCHEMA_AND_CALIBRATION.md,F36B415CA47D448CF0C5EA5AEDE987D497FFEF42,1799,29,1747,1763,LX-WS-0550-RES-04,RESEARCH,records/history/archive/LX-WS-0550-RES-04_WS.md,8CAF2254804BEBBD967A42AF3A9C09CA953A1D5F
LS-WS-0550,,system/policies/weekly_swing/12_WS_BACKTEST_SCHEMA_AND_CALIBRATION.md,F36B415CA47D448CF0C5EA5AEDE987D497FFEF42,1799,30,1764,1799,LX-WS-0550-DEC-01,DECISION,records/decisions/LX-WS-0550-DEC-01_WS.md,A61D1B64E571933F46F21164BF61E36C0D409ACB
LS-WS-0551,,system/policies/weekly_swing/13_WS_CONTRACT_TEST_CHECKLIST.md,99AA10494EB908109701F152E21402943FEF0B63,231,1,1,2,LX-WS-0551-CTX-04,CONTEXT,records/history/archive/LX-WS-0551-CTX-04_LEGACY.md,53F1D4D5EB07E203759BC4914E91475FF8528334
LS-WS-0551,,system/policies/weekly_swing/13_WS_CONTRACT_TEST_CHECKLIST.md,99AA10494EB908109701F152E21402943FEF0B63,231,2,3,10,LX-WS-0551-STR-03,STRATEGY,records/history/archive/LX-WS-0551-STR-03_WS.md,EA4C071FB030357ADF56BAF24AE603A64B6FA86E
LS-WS-0551,,system/policies/weekly_swing/13_WS_CONTRACT_TEST_CHECKLIST.md,99AA10494EB908109701F152E21402943FEF0B63,231,3,11,14,LX-WS-0551-STR-03,STRATEGY,records/history/archive/LX-WS-0551-STR-03_WS.md,EA4C071FB030357ADF56BAF24AE603A64B6FA86E
LS-WS-0551,,system/policies/weekly_swing/13_WS_CONTRACT_TEST_CHECKLIST.md,99AA10494EB908109701F152E21402943FEF0B63,231,4,15,26,LX-WS-0551-STR-03,STRATEGY,records/history/archive/LX-WS-0551-STR-03_WS.md,EA4C071FB030357ADF56BAF24AE603A64B6FA86E
LS-WS-0551,,system/policies/weekly_swing/13_WS_CONTRACT_TEST_CHECKLIST.md,99AA10494EB908109701F152E21402943FEF0B63,231,5,27,31,LX-WS-0551-STR-03,STRATEGY,records/history/archive/LX-WS-0551-STR-03_WS.md,EA4C071FB030357ADF56BAF24AE603A64B6FA86E
LS-WS-0551,,system/policies/weekly_swing/13_WS_CONTRACT_TEST_CHECKLIST.md,99AA10494EB908109701F152E21402943FEF0B63,231,6,32,40,LX-WS-0551-STR-03,STRATEGY,records/history/archive/LX-WS-0551-STR-03_WS.md,EA4C071FB030357ADF56BAF24AE603A64B6FA86E
LS-WS-0551,,system/policies/weekly_swing/13_WS_CONTRACT_TEST_CHECKLIST.md,99AA10494EB908109701F152E21402943FEF0B63,231,7,41,49,LX-WS-0551-STR-03,STRATEGY,records/history/archive/LX-WS-0551-STR-03_WS.md,EA4C071FB030357ADF56BAF24AE603A64B6FA86E
LS-WS-0551,,system/policies/weekly_swing/13_WS_CONTRACT_TEST_CHECKLIST.md,99AA10494EB908109701F152E21402943FEF0B63,231,8,50,56,LX-WS-0551-STR-03,STRATEGY,records/history/archive/LX-WS-0551-STR-03_WS.md,EA4C071FB030357ADF56BAF24AE603A64B6FA86E
LS-WS-0551,,system/policies/weekly_swing/13_WS_CONTRACT_TEST_CHECKLIST.md,99AA10494EB908109701F152E21402943FEF0B63,231,9,57,73,LX-WS-0551-STR-03,STRATEGY,records/history/archive/LX-WS-0551-STR-03_WS.md,EA4C071FB030357ADF56BAF24AE603A64B6FA86E
LS-WS-0551,,system/policies/weekly_swing/13_WS_CONTRACT_TEST_CHECKLIST.md,99AA10494EB908109701F152E21402943FEF0B63,231,10,74,82,LX-WS-0551-STR-03,STRATEGY,records/history/archive/LX-WS-0551-STR-03_WS.md,EA4C071FB030357ADF56BAF24AE603A64B6FA86E
LS-WS-0551,,system/policies/weekly_swing/13_WS_CONTRACT_TEST_CHECKLIST.md,99AA10494EB908109701F152E21402943FEF0B63,231,11,83,95,LX-WS-0551-STR-03,STRATEGY,records/history/archive/LX-WS-0551-STR-03_WS.md,EA4C071FB030357ADF56BAF24AE603A64B6FA86E
LS-WS-0551,,system/policies/weekly_swing/13_WS_CONTRACT_TEST_CHECKLIST.md,99AA10494EB908109701F152E21402943FEF0B63,231,12,96,103,LX-WS-0551-STR-03,STRATEGY,records/history/archive/LX-WS-0551-STR-03_WS.md,EA4C071FB030357ADF56BAF24AE603A64B6FA86E
LS-WS-0551,,system/policies/weekly_swing/13_WS_CONTRACT_TEST_CHECKLIST.md,99AA10494EB908109701F152E21402943FEF0B63,231,13,104,122,LX-WS-0551-RES-02,RESEARCH,records/history/archive/LX-WS-0551-RES-02_WS.md,1059C16B11F04A3D80B230A6A3BAD25E389DA165
LS-WS-0551,,system/policies/weekly_swing/13_WS_CONTRACT_TEST_CHECKLIST.md,99AA10494EB908109701F152E21402943FEF0B63,231,14,123,135,LX-WS-0551-STR-03,STRATEGY,records/history/archive/LX-WS-0551-STR-03_WS.md,EA4C071FB030357ADF56BAF24AE603A64B6FA86E
LS-WS-0551,,system/policies/weekly_swing/13_WS_CONTRACT_TEST_CHECKLIST.md,99AA10494EB908109701F152E21402943FEF0B63,231,15,136,151,LX-WS-0551-STR-03,STRATEGY,records/history/archive/LX-WS-0551-STR-03_WS.md,EA4C071FB030357ADF56BAF24AE603A64B6FA86E
LS-WS-0551,,system/policies/weekly_swing/13_WS_CONTRACT_TEST_CHECKLIST.md,99AA10494EB908109701F152E21402943FEF0B63,231,16,152,164,LX-WS-0551-STR-03,STRATEGY,records/history/archive/LX-WS-0551-STR-03_WS.md,EA4C071FB030357ADF56BAF24AE603A64B6FA86E
LS-WS-0551,,system/policies/weekly_swing/13_WS_CONTRACT_TEST_CHECKLIST.md,99AA10494EB908109701F152E21402943FEF0B63,231,17,165,175,LX-WS-0551-DEC-01,DECISION,records/decisions/LX-WS-0551-DEC-01_WS.md,824437BE0F1A22BB7C37D1293492243145E23D01
LS-WS-0551,,system/policies/weekly_swing/13_WS_CONTRACT_TEST_CHECKLIST.md,99AA10494EB908109701F152E21402943FEF0B63,231,18,176,189,LX-WS-0551-DEC-01,DECISION,records/decisions/LX-WS-0551-DEC-01_WS.md,824437BE0F1A22BB7C37D1293492243145E23D01
LS-WS-0551,,system/policies/weekly_swing/13_WS_CONTRACT_TEST_CHECKLIST.md,99AA10494EB908109701F152E21402943FEF0B63,231,19,190,211,LX-WS-0551-DEC-01,DECISION,records/decisions/LX-WS-0551-DEC-01_WS.md,824437BE0F1A22BB7C37D1293492243145E23D01
LS-WS-0551,,system/policies/weekly_swing/13_WS_CONTRACT_TEST_CHECKLIST.md,99AA10494EB908109701F152E21402943FEF0B63,231,20,212,231,LX-WS-0551-DEC-01,DECISION,records/decisions/LX-WS-0551-DEC-01_WS.md,824437BE0F1A22BB7C37D1293492243145E23D01
LS-WS-0553,,system/policies/weekly_swing/15_WS_UNIVERSE_EQUIVALENCE_CONTRACT_LOCKED.md,040F62E02B9B13136AF9445261B20C4C0EF12B01,251,1,1,2,LX-WS-0553-CTX-03,CONTEXT,records/history/archive/LX-WS-0553-CTX-03_LEGACY.md,D4465D58A4A09AFDB63017877A9BDD0C22E281CF
LS-WS-0553,,system/policies/weekly_swing/15_WS_UNIVERSE_EQUIVALENCE_CONTRACT_LOCKED.md,040F62E02B9B13136AF9445261B20C4C0EF12B01,251,2,3,17,LX-WS-0553-STR-02,STRATEGY,records/history/archive/LX-WS-0553-STR-02_WS.md,156C8713431F61695A8342941117A87DDA52E61E
LS-WS-0553,,system/policies/weekly_swing/15_WS_UNIVERSE_EQUIVALENCE_CONTRACT_LOCKED.md,040F62E02B9B13136AF9445261B20C4C0EF12B01,251,3,18,23,LX-WS-0553-STR-02,STRATEGY,records/history/archive/LX-WS-0553-STR-02_WS.md,156C8713431F61695A8342941117A87DDA52E61E
LS-WS-0553,,system/policies/weekly_swing/15_WS_UNIVERSE_EQUIVALENCE_CONTRACT_LOCKED.md,040F62E02B9B13136AF9445261B20C4C0EF12B01,251,4,24,45,LX-WS-0553-STR-02,STRATEGY,records/history/archive/LX-WS-0553-STR-02_WS.md,156C8713431F61695A8342941117A87DDA52E61E
LS-WS-0553,,system/policies/weekly_swing/15_WS_UNIVERSE_EQUIVALENCE_CONTRACT_LOCKED.md,040F62E02B9B13136AF9445261B20C4C0EF12B01,251,5,46,74,LX-WS-0553-STR-02,STRATEGY,records/history/archive/LX-WS-0553-STR-02_WS.md,156C8713431F61695A8342941117A87DDA52E61E
LS-WS-0553,,system/policies/weekly_swing/15_WS_UNIVERSE_EQUIVALENCE_CONTRACT_LOCKED.md,040F62E02B9B13136AF9445261B20C4C0EF12B01,251,6,75,94,LX-WS-0553-IMP-01,IMPLEMENTATION,records/history/archive/LX-WS-0553-IMP-01_WS.md,1927D6A4A6D35D17976A9B4A3FEE0FB479075101
LS-WS-0553,,system/policies/weekly_swing/15_WS_UNIVERSE_EQUIVALENCE_CONTRACT_LOCKED.md,040F62E02B9B13136AF9445261B20C4C0EF12B01,251,7,95,148,LX-WS-0553-STR-02,STRATEGY,records/history/archive/LX-WS-0553-STR-02_WS.md,156C8713431F61695A8342941117A87DDA52E61E
LS-WS-0553,,system/policies/weekly_swing/15_WS_UNIVERSE_EQUIVALENCE_CONTRACT_LOCKED.md,040F62E02B9B13136AF9445261B20C4C0EF12B01,251,8,149,168,LX-WS-0553-STR-02,STRATEGY,records/history/archive/LX-WS-0553-STR-02_WS.md,156C8713431F61695A8342941117A87DDA52E61E
LS-WS-0553,,system/policies/weekly_swing/15_WS_UNIVERSE_EQUIVALENCE_CONTRACT_LOCKED.md,040F62E02B9B13136AF9445261B20C4C0EF12B01,251,9,169,188,LX-WS-0553-STR-02,STRATEGY,records/history/archive/LX-WS-0553-STR-02_WS.md,156C8713431F61695A8342941117A87DDA52E61E
LS-WS-0553,,system/policies/weekly_swing/15_WS_UNIVERSE_EQUIVALENCE_CONTRACT_LOCKED.md,040F62E02B9B13136AF9445261B20C4C0EF12B01,251,10,189,248,LX-WS-0553-STR-02,STRATEGY,records/history/archive/LX-WS-0553-STR-02_WS.md,156C8713431F61695A8342941117A87DDA52E61E
LS-WS-0553,,system/policies/weekly_swing/15_WS_UNIVERSE_EQUIVALENCE_CONTRACT_LOCKED.md,040F62E02B9B13136AF9445261B20C4C0EF12B01,251,11,249,251,LX-WS-0553-STR-02,STRATEGY,records/history/archive/LX-WS-0553-STR-02_WS.md,156C8713431F61695A8342941117A87DDA52E61E
LS-WS-0556,,system/policies/weekly_swing/18_WS_BACKTEST_ARTIFACT_MANIFEST_LOCKED.md,0EF878820A9B7B8CADAEE05DBFC248A9313344AD,253,1,1,2,LX-WS-0556-CTX-04,CONTEXT,records/history/archive/LX-WS-0556-CTX-04_LEGACY.md,8CC4FF309399F0B28842F66576B0008C21D042EA
LS-WS-0556,,system/policies/weekly_swing/18_WS_BACKTEST_ARTIFACT_MANIFEST_LOCKED.md,0EF878820A9B7B8CADAEE05DBFC248A9313344AD,253,2,3,7,LX-WS-0556-STR-03,STRATEGY,records/history/archive/LX-WS-0556-STR-03_WS.md,AE0354C6C39EECD637497E92B86D4CFA60CA4AC5
LS-WS-0556,,system/policies/weekly_swing/18_WS_BACKTEST_ARTIFACT_MANIFEST_LOCKED.md,0EF878820A9B7B8CADAEE05DBFC248A9313344AD,253,3,8,19,LX-WS-0556-STR-03,STRATEGY,records/history/archive/LX-WS-0556-STR-03_WS.md,AE0354C6C39EECD637497E92B86D4CFA60CA4AC5
LS-WS-0556,,system/policies/weekly_swing/18_WS_BACKTEST_ARTIFACT_MANIFEST_LOCKED.md,0EF878820A9B7B8CADAEE05DBFC248A9313344AD,253,4,20,24,LX-WS-0556-STR-03,STRATEGY,records/history/archive/LX-WS-0556-STR-03_WS.md,AE0354C6C39EECD637497E92B86D4CFA60CA4AC5
LS-WS-0556,,system/policies/weekly_swing/18_WS_BACKTEST_ARTIFACT_MANIFEST_LOCKED.md,0EF878820A9B7B8CADAEE05DBFC248A9313344AD,253,5,25,30,LX-WS-0556-STR-03,STRATEGY,records/history/archive/LX-WS-0556-STR-03_WS.md,AE0354C6C39EECD637497E92B86D4CFA60CA4AC5
LS-WS-0556,,system/policies/weekly_swing/18_WS_BACKTEST_ARTIFACT_MANIFEST_LOCKED.md,0EF878820A9B7B8CADAEE05DBFC248A9313344AD,253,6,31,34,LX-WS-0556-STR-03,STRATEGY,records/history/archive/LX-WS-0556-STR-03_WS.md,AE0354C6C39EECD637497E92B86D4CFA60CA4AC5
LS-WS-0556,,system/policies/weekly_swing/18_WS_BACKTEST_ARTIFACT_MANIFEST_LOCKED.md,0EF878820A9B7B8CADAEE05DBFC248A9313344AD,253,7,35,48,LX-WS-0556-STR-03,STRATEGY,records/history/archive/LX-WS-0556-STR-03_WS.md,AE0354C6C39EECD637497E92B86D4CFA60CA4AC5
LS-WS-0556,,system/policies/weekly_swing/18_WS_BACKTEST_ARTIFACT_MANIFEST_LOCKED.md,0EF878820A9B7B8CADAEE05DBFC248A9313344AD,253,8,49,60,LX-WS-0556-STR-03,STRATEGY,records/history/archive/LX-WS-0556-STR-03_WS.md,AE0354C6C39EECD637497E92B86D4CFA60CA4AC5
LS-WS-0556,,system/policies/weekly_swing/18_WS_BACKTEST_ARTIFACT_MANIFEST_LOCKED.md,0EF878820A9B7B8CADAEE05DBFC248A9313344AD,253,9,61,73,LX-WS-0556-STR-03,STRATEGY,records/history/archive/LX-WS-0556-STR-03_WS.md,AE0354C6C39EECD637497E92B86D4CFA60CA4AC5
LS-WS-0556,,system/policies/weekly_swing/18_WS_BACKTEST_ARTIFACT_MANIFEST_LOCKED.md,0EF878820A9B7B8CADAEE05DBFC248A9313344AD,253,10,74,81,LX-WS-0556-STR-03,STRATEGY,records/history/archive/LX-WS-0556-STR-03_WS.md,AE0354C6C39EECD637497E92B86D4CFA60CA4AC5
LS-WS-0556,,system/policies/weekly_swing/18_WS_BACKTEST_ARTIFACT_MANIFEST_LOCKED.md,0EF878820A9B7B8CADAEE05DBFC248A9313344AD,253,11,82,98,LX-WS-0556-STR-03,STRATEGY,records/history/archive/LX-WS-0556-STR-03_WS.md,AE0354C6C39EECD637497E92B86D4CFA60CA4AC5
LS-WS-0556,,system/policies/weekly_swing/18_WS_BACKTEST_ARTIFACT_MANIFEST_LOCKED.md,0EF878820A9B7B8CADAEE05DBFC248A9313344AD,253,12,99,105,LX-WS-0556-STR-03,STRATEGY,records/history/archive/LX-WS-0556-STR-03_WS.md,AE0354C6C39EECD637497E92B86D4CFA60CA4AC5
LS-WS-0556,,system/policies/weekly_swing/18_WS_BACKTEST_ARTIFACT_MANIFEST_LOCKED.md,0EF878820A9B7B8CADAEE05DBFC248A9313344AD,253,13,106,111,LX-WS-0556-STR-03,STRATEGY,records/history/archive/LX-WS-0556-STR-03_WS.md,AE0354C6C39EECD637497E92B86D4CFA60CA4AC5
LS-WS-0556,,system/policies/weekly_swing/18_WS_BACKTEST_ARTIFACT_MANIFEST_LOCKED.md,0EF878820A9B7B8CADAEE05DBFC248A9313344AD,253,14,112,114,LX-WS-0556-STR-03,STRATEGY,records/history/archive/LX-WS-0556-STR-03_WS.md,AE0354C6C39EECD637497E92B86D4CFA60CA4AC5
LS-WS-0556,,system/policies/weekly_swing/18_WS_BACKTEST_ARTIFACT_MANIFEST_LOCKED.md,0EF878820A9B7B8CADAEE05DBFC248A9313344AD,253,15,115,128,LX-WS-0556-STR-03,STRATEGY,records/history/archive/LX-WS-0556-STR-03_WS.md,AE0354C6C39EECD637497E92B86D4CFA60CA4AC5
LS-WS-0556,,system/policies/weekly_swing/18_WS_BACKTEST_ARTIFACT_MANIFEST_LOCKED.md,0EF878820A9B7B8CADAEE05DBFC248A9313344AD,253,16,129,155,LX-WS-0556-RES-02,RESEARCH,records/history/archive/LX-WS-0556-RES-02_WS.md,3A0DADC4FE9D01DE5C4F346A1CF649453776DD14
LS-WS-0556,,system/policies/weekly_swing/18_WS_BACKTEST_ARTIFACT_MANIFEST_LOCKED.md,0EF878820A9B7B8CADAEE05DBFC248A9313344AD,253,17,156,211,LX-WS-0556-EVD-01,EVIDENCE,records/evidence/runs/LX-WS-0556-EVD-01_WS.md,31A7B1DA20411673EDC2C715EC325F67D8BFEF51
LS-WS-0556,,system/policies/weekly_swing/18_WS_BACKTEST_ARTIFACT_MANIFEST_LOCKED.md,0EF878820A9B7B8CADAEE05DBFC248A9313344AD,253,18,212,253,LX-WS-0556-EVD-01,EVIDENCE,records/evidence/runs/LX-WS-0556-EVD-01_WS.md,31A7B1DA20411673EDC2C715EC325F67D8BFEF51
LS-WS-0563,,system/policies/weekly_swing/25_WS_RECOMMENDATION_REASON_CODES_AND_TESTS.md,5504640D24541B50598E6C82A9EB3E482070FCC8,77,1,1,2,LX-WS-0563-CTX-03,CONTEXT,records/history/archive/LX-WS-0563-CTX-03_LEGACY.md,6CD2688C99D1AFF579BC2B25F7B8C4EC2CEB8960
LS-WS-0563,,system/policies/weekly_swing/25_WS_RECOMMENDATION_REASON_CODES_AND_TESTS.md,5504640D24541B50598E6C82A9EB3E482070FCC8,77,2,3,6,LX-WS-0563-STR-02,STRATEGY,records/history/archive/LX-WS-0563-STR-02_WS.md,E35F3D8C1A7AC2E842B19FC9867FB58D697C0B7D
LS-WS-0563,,system/policies/weekly_swing/25_WS_RECOMMENDATION_REASON_CODES_AND_TESTS.md,5504640D24541B50598E6C82A9EB3E482070FCC8,77,3,7,18,LX-WS-0563-IMP-01,IMPLEMENTATION,records/history/archive/LX-WS-0563-IMP-01_WS.md,683728362A60E83833080010ED17BAAA62A5D4A9
LS-WS-0563,,system/policies/weekly_swing/25_WS_RECOMMENDATION_REASON_CODES_AND_TESTS.md,5504640D24541B50598E6C82A9EB3E482070FCC8,77,4,19,28,LX-WS-0563-STR-02,STRATEGY,records/history/archive/LX-WS-0563-STR-02_WS.md,E35F3D8C1A7AC2E842B19FC9867FB58D697C0B7D
LS-WS-0563,,system/policies/weekly_swing/25_WS_RECOMMENDATION_REASON_CODES_AND_TESTS.md,5504640D24541B50598E6C82A9EB3E482070FCC8,77,5,29,39,LX-WS-0563-STR-02,STRATEGY,records/history/archive/LX-WS-0563-STR-02_WS.md,E35F3D8C1A7AC2E842B19FC9867FB58D697C0B7D
LS-WS-0563,,system/policies/weekly_swing/25_WS_RECOMMENDATION_REASON_CODES_AND_TESTS.md,5504640D24541B50598E6C82A9EB3E482070FCC8,77,6,40,43,LX-WS-0563-STR-02,STRATEGY,records/history/archive/LX-WS-0563-STR-02_WS.md,E35F3D8C1A7AC2E842B19FC9867FB58D697C0B7D
LS-WS-0563,,system/policies/weekly_swing/25_WS_RECOMMENDATION_REASON_CODES_AND_TESTS.md,5504640D24541B50598E6C82A9EB3E482070FCC8,77,7,44,49,LX-WS-0563-STR-02,STRATEGY,records/history/archive/LX-WS-0563-STR-02_WS.md,E35F3D8C1A7AC2E842B19FC9867FB58D697C0B7D
LS-WS-0563,,system/policies/weekly_swing/25_WS_RECOMMENDATION_REASON_CODES_AND_TESTS.md,5504640D24541B50598E6C82A9EB3E482070FCC8,77,8,50,56,LX-WS-0563-STR-02,STRATEGY,records/history/archive/LX-WS-0563-STR-02_WS.md,E35F3D8C1A7AC2E842B19FC9867FB58D697C0B7D
LS-WS-0563,,system/policies/weekly_swing/25_WS_RECOMMENDATION_REASON_CODES_AND_TESTS.md,5504640D24541B50598E6C82A9EB3E482070FCC8,77,9,57,68,LX-WS-0563-STR-02,STRATEGY,records/history/archive/LX-WS-0563-STR-02_WS.md,E35F3D8C1A7AC2E842B19FC9867FB58D697C0B7D
LS-WS-0563,,system/policies/weekly_swing/25_WS_RECOMMENDATION_REASON_CODES_AND_TESTS.md,5504640D24541B50598E6C82A9EB3E482070FCC8,77,10,69,77,LX-WS-0563-STR-02,STRATEGY,records/history/archive/LX-WS-0563-STR-02_WS.md,E35F3D8C1A7AC2E842B19FC9867FB58D697C0B7D
LS-WS-0566,B01,system/policies/weekly_swing/_refs/WS_BREAKOUT_INTEGRITY_B01_IS_IDENTITY_REVIEW_LOCK.md,1B01AD5194D0A942FB3CE4872BF51B637E85B1FA,58,1,1,2,LX-WS-0566-CTX-03,CONTEXT,records/history/archive/LX-WS-0566-CTX-03_B01.md,654F0EC7E14750FE6C238AC3F6BA49A9410158E7
LS-WS-0566,B01,system/policies/weekly_swing/_refs/WS_BREAKOUT_INTEGRITY_B01_IS_IDENTITY_REVIEW_LOCK.md,1B01AD5194D0A942FB3CE4872BF51B637E85B1FA,58,2,3,24,LX-WS-0566-IMP-02,IMPLEMENTATION,records/history/archive/LX-WS-0566-IMP-02_B01.md,32747F8255FED51E479E9608E87B247527E616AD
LS-WS-0566,B01,system/policies/weekly_swing/_refs/WS_BREAKOUT_INTEGRITY_B01_IS_IDENTITY_REVIEW_LOCK.md,1B01AD5194D0A942FB3CE4872BF51B637E85B1FA,58,3,25,38,LX-WS-0566-EVD-01,EVIDENCE,records/evidence/runs/LX-WS-0566-EVD-01_B01.md,C351F018B5D7E64B83B6CDEFF90E0F8A46821F43
LS-WS-0566,B01,system/policies/weekly_swing/_refs/WS_BREAKOUT_INTEGRITY_B01_IS_IDENTITY_REVIEW_LOCK.md,1B01AD5194D0A942FB3CE4872BF51B637E85B1FA,58,4,39,58,LX-WS-0566-IMP-02,IMPLEMENTATION,records/history/archive/LX-WS-0566-IMP-02_B01.md,32747F8255FED51E479E9608E87B247527E616AD
LS-WS-0570,C01,system/policies/weekly_swing/_refs/WS_C01_FAILURE_DIAGNOSTIC_NOTE.md,DEB9EFE6F1A7E2101F975935C644BC6A5F3F3478,225,1,1,2,LX-WS-0570-CTX-03,CONTEXT,records/history/archive/LX-WS-0570-CTX-03_C01.md,9C258AD778A267F51049F823E37516C818C028C3
LS-WS-0570,C01,system/policies/weekly_swing/_refs/WS_C01_FAILURE_DIAGNOSTIC_NOTE.md,DEB9EFE6F1A7E2101F975935C644BC6A5F3F3478,225,2,3,16,LX-WS-0570-FND-02,FINDING,records/history/archive/LX-WS-0570-FND-02_C01.md,6E06BB17C68AE14F888D858BF7D06307A0EBBD98
LS-WS-0570,C01,system/policies/weekly_swing/_refs/WS_C01_FAILURE_DIAGNOSTIC_NOTE.md,DEB9EFE6F1A7E2101F975935C644BC6A5F3F3478,225,3,17,32,LX-WS-0570-EVD-01,EVIDENCE,records/evidence/runs/LX-WS-0570-EVD-01_C01.md,05992620747FE6A4E679AD0FC9027E2D9C2D33BD
LS-WS-0570,C01,system/policies/weekly_swing/_refs/WS_C01_FAILURE_DIAGNOSTIC_NOTE.md,DEB9EFE6F1A7E2101F975935C644BC6A5F3F3478,225,4,33,75,LX-WS-0570-EVD-01,EVIDENCE,records/evidence/runs/LX-WS-0570-EVD-01_C01.md,05992620747FE6A4E679AD0FC9027E2D9C2D33BD
LS-WS-0570,C01,system/policies/weekly_swing/_refs/WS_C01_FAILURE_DIAGNOSTIC_NOTE.md,DEB9EFE6F1A7E2101F975935C644BC6A5F3F3478,225,5,76,87,LX-WS-0570-FND-02,FINDING,records/history/archive/LX-WS-0570-FND-02_C01.md,6E06BB17C68AE14F888D858BF7D06307A0EBBD98
LS-WS-0570,C01,system/policies/weekly_swing/_refs/WS_C01_FAILURE_DIAGNOSTIC_NOTE.md,DEB9EFE6F1A7E2101F975935C644BC6A5F3F3478,225,6,88,100,LX-WS-0570-FND-02,FINDING,records/history/archive/LX-WS-0570-FND-02_C01.md,6E06BB17C68AE14F888D858BF7D06307A0EBBD98
LS-WS-0570,C01,system/policies/weekly_swing/_refs/WS_C01_FAILURE_DIAGNOSTIC_NOTE.md,DEB9EFE6F1A7E2101F975935C644BC6A5F3F3478,225,7,101,116,LX-WS-0570-FND-02,FINDING,records/history/archive/LX-WS-0570-FND-02_C01.md,6E06BB17C68AE14F888D858BF7D06307A0EBBD98
LS-WS-0570,C01,system/policies/weekly_swing/_refs/WS_C01_FAILURE_DIAGNOSTIC_NOTE.md,DEB9EFE6F1A7E2101F975935C644BC6A5F3F3478,225,8,117,129,LX-WS-0570-FND-02,FINDING,records/history/archive/LX-WS-0570-FND-02_C01.md,6E06BB17C68AE14F888D858BF7D06307A0EBBD98
LS-WS-0570,C01,system/policies/weekly_swing/_refs/WS_C01_FAILURE_DIAGNOSTIC_NOTE.md,DEB9EFE6F1A7E2101F975935C644BC6A5F3F3478,225,9,130,149,LX-WS-0570-FND-02,FINDING,records/history/archive/LX-WS-0570-FND-02_C01.md,6E06BB17C68AE14F888D858BF7D06307A0EBBD98
LS-WS-0570,C01,system/policies/weekly_swing/_refs/WS_C01_FAILURE_DIAGNOSTIC_NOTE.md,DEB9EFE6F1A7E2101F975935C644BC6A5F3F3478,225,10,150,155,LX-WS-0570-FND-02,FINDING,records/history/archive/LX-WS-0570-FND-02_C01.md,6E06BB17C68AE14F888D858BF7D06307A0EBBD98
LS-WS-0570,C01,system/policies/weekly_swing/_refs/WS_C01_FAILURE_DIAGNOSTIC_NOTE.md,DEB9EFE6F1A7E2101F975935C644BC6A5F3F3478,225,11,156,175,LX-WS-0570-FND-02,FINDING,records/history/archive/LX-WS-0570-FND-02_C01.md,6E06BB17C68AE14F888D858BF7D06307A0EBBD98
LS-WS-0570,C01,system/policies/weekly_swing/_refs/WS_C01_FAILURE_DIAGNOSTIC_NOTE.md,DEB9EFE6F1A7E2101F975935C644BC6A5F3F3478,225,12,176,189,LX-WS-0570-FND-02,FINDING,records/history/archive/LX-WS-0570-FND-02_C01.md,6E06BB17C68AE14F888D858BF7D06307A0EBBD98
LS-WS-0570,C01,system/policies/weekly_swing/_refs/WS_C01_FAILURE_DIAGNOSTIC_NOTE.md,DEB9EFE6F1A7E2101F975935C644BC6A5F3F3478,225,13,190,203,LX-WS-0570-FND-02,FINDING,records/history/archive/LX-WS-0570-FND-02_C01.md,6E06BB17C68AE14F888D858BF7D06307A0EBBD98
LS-WS-0570,C01,system/policies/weekly_swing/_refs/WS_C01_FAILURE_DIAGNOSTIC_NOTE.md,DEB9EFE6F1A7E2101F975935C644BC6A5F3F3478,225,14,204,225,LX-WS-0570-FND-02,FINDING,records/history/archive/LX-WS-0570-FND-02_C01.md,6E06BB17C68AE14F888D858BF7D06307A0EBBD98
LS-WS-0571,C01,system/policies/weekly_swing/_refs/WS_C01_IS_FAILURE_DRILLDOWN_NOTE.md,5F577CDBECE9E16CB8A5B33350E64D76C9A4D837,354,1,1,2,LX-WS-0571-CTX-03,CONTEXT,records/history/archive/LX-WS-0571-CTX-03_C01.md,8B2E2175E64A732BAEB61E57C60EA18E1EDF2A01
LS-WS-0571,C01,system/policies/weekly_swing/_refs/WS_C01_IS_FAILURE_DRILLDOWN_NOTE.md,5F577CDBECE9E16CB8A5B33350E64D76C9A4D837,354,2,3,17,LX-WS-0571-FND-02,FINDING,records/history/archive/LX-WS-0571-FND-02_C01.md,3CFAFB24CBCC6677900A4DF82AE5421FA250B124
LS-WS-0571,C01,system/policies/weekly_swing/_refs/WS_C01_IS_FAILURE_DRILLDOWN_NOTE.md,5F577CDBECE9E16CB8A5B33350E64D76C9A4D837,354,3,18,70,LX-WS-0571-EVD-01,EVIDENCE,records/evidence/runs/LX-WS-0571-EVD-01_C01.md,16B6BE9152CC9D1CCB5C04B0092747BE14335BD5
LS-WS-0571,C01,system/policies/weekly_swing/_refs/WS_C01_IS_FAILURE_DRILLDOWN_NOTE.md,5F577CDBECE9E16CB8A5B33350E64D76C9A4D837,354,4,71,111,LX-WS-0571-FND-02,FINDING,records/history/archive/LX-WS-0571-FND-02_C01.md,3CFAFB24CBCC6677900A4DF82AE5421FA250B124
LS-WS-0571,C01,system/policies/weekly_swing/_refs/WS_C01_IS_FAILURE_DRILLDOWN_NOTE.md,5F577CDBECE9E16CB8A5B33350E64D76C9A4D837,354,5,112,133,LX-WS-0571-FND-02,FINDING,records/history/archive/LX-WS-0571-FND-02_C01.md,3CFAFB24CBCC6677900A4DF82AE5421FA250B124
LS-WS-0571,C01,system/policies/weekly_swing/_refs/WS_C01_IS_FAILURE_DRILLDOWN_NOTE.md,5F577CDBECE9E16CB8A5B33350E64D76C9A4D837,354,6,134,185,LX-WS-0571-FND-02,FINDING,records/history/archive/LX-WS-0571-FND-02_C01.md,3CFAFB24CBCC6677900A4DF82AE5421FA250B124
LS-WS-0571,C01,system/policies/weekly_swing/_refs/WS_C01_IS_FAILURE_DRILLDOWN_NOTE.md,5F577CDBECE9E16CB8A5B33350E64D76C9A4D837,354,7,186,219,LX-WS-0571-FND-02,FINDING,records/history/archive/LX-WS-0571-FND-02_C01.md,3CFAFB24CBCC6677900A4DF82AE5421FA250B124
LS-WS-0571,C01,system/policies/weekly_swing/_refs/WS_C01_IS_FAILURE_DRILLDOWN_NOTE.md,5F577CDBECE9E16CB8A5B33350E64D76C9A4D837,354,8,220,267,LX-WS-0571-FND-02,FINDING,records/history/archive/LX-WS-0571-FND-02_C01.md,3CFAFB24CBCC6677900A4DF82AE5421FA250B124
LS-WS-0571,C01,system/policies/weekly_swing/_refs/WS_C01_IS_FAILURE_DRILLDOWN_NOTE.md,5F577CDBECE9E16CB8A5B33350E64D76C9A4D837,354,9,268,331,LX-WS-0571-FND-02,FINDING,records/history/archive/LX-WS-0571-FND-02_C01.md,3CFAFB24CBCC6677900A4DF82AE5421FA250B124
LS-WS-0571,C01,system/policies/weekly_swing/_refs/WS_C01_IS_FAILURE_DRILLDOWN_NOTE.md,5F577CDBECE9E16CB8A5B33350E64D76C9A4D837,354,10,332,354,LX-WS-0571-FND-02,FINDING,records/history/archive/LX-WS-0571-FND-02_C01.md,3CFAFB24CBCC6677900A4DF82AE5421FA250B124
LS-WS-0572,C15,system/policies/weekly_swing/_refs/WS_C15_ROOT_CAUSE_AND_DIAGNOSTIC_PREREQUISITE_NOTE.md,51A742230F4595B067C6FD2C90C0F6908664BB94,150,1,1,4,LX-WS-0572-CTX-03,CONTEXT,records/history/archive/LX-WS-0572-CTX-03_C15.md,9095981C50404A7D332DE47EDDA8A51C8F3D7E7C
LS-WS-0572,C15,system/policies/weekly_swing/_refs/WS_C15_ROOT_CAUSE_AND_DIAGNOSTIC_PREREQUISITE_NOTE.md,51A742230F4595B067C6FD2C90C0F6908664BB94,150,2,5,10,LX-WS-0572-FND-02,FINDING,records/history/archive/LX-WS-0572-FND-02_C15.md,0AA8DEC650D8692AF500611065F2D842F8A53E46
LS-WS-0572,C15,system/policies/weekly_swing/_refs/WS_C15_ROOT_CAUSE_AND_DIAGNOSTIC_PREREQUISITE_NOTE.md,51A742230F4595B067C6FD2C90C0F6908664BB94,150,3,11,31,LX-WS-0572-FND-02,FINDING,records/history/archive/LX-WS-0572-FND-02_C15.md,0AA8DEC650D8692AF500611065F2D842F8A53E46
LS-WS-0572,C15,system/policies/weekly_swing/_refs/WS_C15_ROOT_CAUSE_AND_DIAGNOSTIC_PREREQUISITE_NOTE.md,51A742230F4595B067C6FD2C90C0F6908664BB94,150,4,32,48,LX-WS-0572-EVD-01,EVIDENCE,records/evidence/runs/LX-WS-0572-EVD-01_C15.md,0463230CF40135ADCA67E5B097DAD59ABF231C01
LS-WS-0572,C15,system/policies/weekly_swing/_refs/WS_C15_ROOT_CAUSE_AND_DIAGNOSTIC_PREREQUISITE_NOTE.md,51A742230F4595B067C6FD2C90C0F6908664BB94,150,5,49,69,LX-WS-0572-FND-02,FINDING,records/history/archive/LX-WS-0572-FND-02_C15.md,0AA8DEC650D8692AF500611065F2D842F8A53E46
LS-WS-0572,C15,system/policies/weekly_swing/_refs/WS_C15_ROOT_CAUSE_AND_DIAGNOSTIC_PREREQUISITE_NOTE.md,51A742230F4595B067C6FD2C90C0F6908664BB94,150,6,70,89,LX-WS-0572-EVD-01,EVIDENCE,records/evidence/runs/LX-WS-0572-EVD-01_C15.md,0463230CF40135ADCA67E5B097DAD59ABF231C01
LS-WS-0572,C15,system/policies/weekly_swing/_refs/WS_C15_ROOT_CAUSE_AND_DIAGNOSTIC_PREREQUISITE_NOTE.md,51A742230F4595B067C6FD2C90C0F6908664BB94,150,7,90,107,LX-WS-0572-FND-02,FINDING,records/history/archive/LX-WS-0572-FND-02_C15.md,0AA8DEC650D8692AF500611065F2D842F8A53E46
LS-WS-0572,C15,system/policies/weekly_swing/_refs/WS_C15_ROOT_CAUSE_AND_DIAGNOSTIC_PREREQUISITE_NOTE.md,51A742230F4595B067C6FD2C90C0F6908664BB94,150,8,108,125,LX-WS-0572-FND-02,FINDING,records/history/archive/LX-WS-0572-FND-02_C15.md,0AA8DEC650D8692AF500611065F2D842F8A53E46
LS-WS-0572,C15,system/policies/weekly_swing/_refs/WS_C15_ROOT_CAUSE_AND_DIAGNOSTIC_PREREQUISITE_NOTE.md,51A742230F4595B067C6FD2C90C0F6908664BB94,150,9,126,140,LX-WS-0572-EVD-01,EVIDENCE,records/evidence/runs/LX-WS-0572-EVD-01_C15.md,0463230CF40135ADCA67E5B097DAD59ABF231C01
LS-WS-0572,C15,system/policies/weekly_swing/_refs/WS_C15_ROOT_CAUSE_AND_DIAGNOSTIC_PREREQUISITE_NOTE.md,51A742230F4595B067C6FD2C90C0F6908664BB94,150,10,141,150,LX-WS-0572-FND-02,FINDING,records/history/archive/LX-WS-0572-FND-02_C15.md,0AA8DEC650D8692AF500611065F2D842F8A53E46
LS-WS-0574,C26,system/policies/weekly_swing/_refs/WS_CATALOG_CANDIDATE_C26_DESIGN_NOTE.md,E71BA70C937C150BE384050D1F1A4F604A27C9F3,111,1,1,4,LX-WS-0574-CTX-03,CONTEXT,records/history/archive/LX-WS-0574-CTX-03_C26.md,868A03594E0716E98ECB2CA2FB8FD7B3562D09DB
LS-WS-0574,C26,system/policies/weekly_swing/_refs/WS_CATALOG_CANDIDATE_C26_DESIGN_NOTE.md,E71BA70C937C150BE384050D1F1A4F604A27C9F3,111,2,5,34,LX-WS-0574-RES-02,RESEARCH,records/history/archive/LX-WS-0574-RES-02_C26.md,C459CDD0A06F9C9A6A908186F005ACB7878533FC
LS-WS-0574,C26,system/policies/weekly_swing/_refs/WS_CATALOG_CANDIDATE_C26_DESIGN_NOTE.md,E71BA70C937C150BE384050D1F1A4F604A27C9F3,111,3,35,67,LX-WS-0574-RES-02,RESEARCH,records/history/archive/LX-WS-0574-RES-02_C26.md,C459CDD0A06F9C9A6A908186F005ACB7878533FC
LS-WS-0574,C26,system/policies/weekly_swing/_refs/WS_CATALOG_CANDIDATE_C26_DESIGN_NOTE.md,E71BA70C937C150BE384050D1F1A4F604A27C9F3,111,4,68,92,LX-WS-0574-DEC-01,DECISION,records/decisions/LX-WS-0574-DEC-01_C26.md,F5B2C6CBCBB657C0DFCFEDC1041CB6A9BAA8C2EB
LS-WS-0574,C26,system/policies/weekly_swing/_refs/WS_CATALOG_CANDIDATE_C26_DESIGN_NOTE.md,E71BA70C937C150BE384050D1F1A4F604A27C9F3,111,5,93,98,LX-WS-0574-RES-02,RESEARCH,records/history/archive/LX-WS-0574-RES-02_C26.md,C459CDD0A06F9C9A6A908186F005ACB7878533FC
LS-WS-0574,C26,system/policies/weekly_swing/_refs/WS_CATALOG_CANDIDATE_C26_DESIGN_NOTE.md,E71BA70C937C150BE384050D1F1A4F604A27C9F3,111,6,99,111,LX-WS-0574-RES-02,RESEARCH,records/history/archive/LX-WS-0574-RES-02_C26.md,C459CDD0A06F9C9A6A908186F005ACB7878533FC
LS-WS-0577,C01,system/policies/weekly_swing/_refs/WS_DOWNSIDE_STABILITY_C01_CALIBRATION_NOTE.md,E39F8F3C54A5345A6841CCEF33994F856C9D9097,456,1,1,2,LX-WS-0577-CTX-06,CONTEXT,records/history/archive/LX-WS-0577-CTX-06_C01.md,EFA8FA704AD3F07E77C1378239DC9BAD0F32C52C
LS-WS-0577,C01,system/policies/weekly_swing/_refs/WS_DOWNSIDE_STABILITY_C01_CALIBRATION_NOTE.md,E39F8F3C54A5345A6841CCEF33994F856C9D9097,456,2,3,17,LX-WS-0577-RES-04,RESEARCH,records/history/archive/LX-WS-0577-RES-04_C01.md,E2DC944D4C8FA48424541ABED8AD56D5194FF2A7
LS-WS-0577,C01,system/policies/weekly_swing/_refs/WS_DOWNSIDE_STABILITY_C01_CALIBRATION_NOTE.md,E39F8F3C54A5345A6841CCEF33994F856C9D9097,456,3,18,36,LX-WS-0577-EVD-01,EVIDENCE,records/evidence/runs/LX-WS-0577-EVD-01_C01.md,0598D67968DDB6748D3FAB81E82F8100F237E172
LS-WS-0577,C01,system/policies/weekly_swing/_refs/WS_DOWNSIDE_STABILITY_C01_CALIBRATION_NOTE.md,E39F8F3C54A5345A6841CCEF33994F856C9D9097,456,4,37,79,LX-WS-0577-EVD-01,EVIDENCE,records/evidence/runs/LX-WS-0577-EVD-01_C01.md,0598D67968DDB6748D3FAB81E82F8100F237E172
LS-WS-0577,C01,system/policies/weekly_swing/_refs/WS_DOWNSIDE_STABILITY_C01_CALIBRATION_NOTE.md,E39F8F3C54A5345A6841CCEF33994F856C9D9097,456,5,80,136,LX-WS-0577-FND-02,FINDING,records/history/archive/LX-WS-0577-FND-02_C01.md,C582EA3C58D415BFDD3E47528B1B496702EBE225
LS-WS-0577,C01,system/policies/weekly_swing/_refs/WS_DOWNSIDE_STABILITY_C01_CALIBRATION_NOTE.md,E39F8F3C54A5345A6841CCEF33994F856C9D9097,456,6,137,150,LX-WS-0577-EVD-01,EVIDENCE,records/evidence/runs/LX-WS-0577-EVD-01_C01.md,0598D67968DDB6748D3FAB81E82F8100F237E172
LS-WS-0577,C01,system/policies/weekly_swing/_refs/WS_DOWNSIDE_STABILITY_C01_CALIBRATION_NOTE.md,E39F8F3C54A5345A6841CCEF33994F856C9D9097,456,7,151,174,LX-WS-0577-STR-05,STRATEGY,records/history/archive/LX-WS-0577-STR-05_C01.md,02F91FF33CA32BE45BBDCF79383B48CA4CFC4EEC
LS-WS-0577,C01,system/policies/weekly_swing/_refs/WS_DOWNSIDE_STABILITY_C01_CALIBRATION_NOTE.md,E39F8F3C54A5345A6841CCEF33994F856C9D9097,456,8,175,218,LX-WS-0577-RES-04,RESEARCH,records/history/archive/LX-WS-0577-RES-04_C01.md,E2DC944D4C8FA48424541ABED8AD56D5194FF2A7
LS-WS-0577,C01,system/policies/weekly_swing/_refs/WS_DOWNSIDE_STABILITY_C01_CALIBRATION_NOTE.md,E39F8F3C54A5345A6841CCEF33994F856C9D9097,456,9,219,231,LX-WS-0577-RES-04,RESEARCH,records/history/archive/LX-WS-0577-RES-04_C01.md,E2DC944D4C8FA48424541ABED8AD56D5194FF2A7
LS-WS-0577,C01,system/policies/weekly_swing/_refs/WS_DOWNSIDE_STABILITY_C01_CALIBRATION_NOTE.md,E39F8F3C54A5345A6841CCEF33994F856C9D9097,456,10,232,240,LX-WS-0577-RES-04,RESEARCH,records/history/archive/LX-WS-0577-RES-04_C01.md,E2DC944D4C8FA48424541ABED8AD56D5194FF2A7
LS-WS-0577,C01,system/policies/weekly_swing/_refs/WS_DOWNSIDE_STABILITY_C01_CALIBRATION_NOTE.md,E39F8F3C54A5345A6841CCEF33994F856C9D9097,456,11,241,280,LX-WS-0577-IMP-03,IMPLEMENTATION,records/history/archive/LX-WS-0577-IMP-03_C01.md,BC23653D9C077BCCCEB62E06B60A29AAED8CD996
LS-WS-0577,C01,system/policies/weekly_swing/_refs/WS_DOWNSIDE_STABILITY_C01_CALIBRATION_NOTE.md,E39F8F3C54A5345A6841CCEF33994F856C9D9097,456,12,281,302,LX-WS-0577-RES-04,RESEARCH,records/history/archive/LX-WS-0577-RES-04_C01.md,E2DC944D4C8FA48424541ABED8AD56D5194FF2A7
LS-WS-0577,C01,system/policies/weekly_swing/_refs/WS_DOWNSIDE_STABILITY_C01_CALIBRATION_NOTE.md,E39F8F3C54A5345A6841CCEF33994F856C9D9097,456,13,303,411,LX-WS-0577-EVD-01,EVIDENCE,records/evidence/runs/LX-WS-0577-EVD-01_C01.md,0598D67968DDB6748D3FAB81E82F8100F237E172
LS-WS-0577,C01,system/policies/weekly_swing/_refs/WS_DOWNSIDE_STABILITY_C01_CALIBRATION_NOTE.md,E39F8F3C54A5345A6841CCEF33994F856C9D9097,456,14,412,426,LX-WS-0577-EVD-01,EVIDENCE,records/evidence/runs/LX-WS-0577-EVD-01_C01.md,0598D67968DDB6748D3FAB81E82F8100F237E172
LS-WS-0577,C01,system/policies/weekly_swing/_refs/WS_DOWNSIDE_STABILITY_C01_CALIBRATION_NOTE.md,E39F8F3C54A5345A6841CCEF33994F856C9D9097,456,15,427,443,LX-WS-0577-RES-04,RESEARCH,records/history/archive/LX-WS-0577-RES-04_C01.md,E2DC944D4C8FA48424541ABED8AD56D5194FF2A7
LS-WS-0577,C01,system/policies/weekly_swing/_refs/WS_DOWNSIDE_STABILITY_C01_CALIBRATION_NOTE.md,E39F8F3C54A5345A6841CCEF33994F856C9D9097,456,16,444,456,LX-WS-0577-FND-02,FINDING,records/history/archive/LX-WS-0577-FND-02_C01.md,C582EA3C58D415BFDD3E47528B1B496702EBE225
LS-WS-0578,C02,system/policies/weekly_swing/_refs/WS_DOWNSIDE_STABILITY_C02_DESIGN_NOTE.md,54B0E51400DDE1405088ACBE28573AC843179238,213,1,1,2,LX-WS-0578-CTX-05,CONTEXT,records/history/archive/LX-WS-0578-CTX-05_C02.md,8EA1ABBF597E2A8C12E63D0BAF02337C99D2C1A8
LS-WS-0578,C02,system/policies/weekly_swing/_refs/WS_DOWNSIDE_STABILITY_C02_DESIGN_NOTE.md,54B0E51400DDE1405088ACBE28573AC843179238,213,2,3,6,LX-WS-0578-EVD-02,EVIDENCE,records/evidence/runs/LX-WS-0578-EVD-02_C02.md,2416A1D49CD2788883210E6D560B62E39E90FE31
LS-WS-0578,C02,system/policies/weekly_swing/_refs/WS_DOWNSIDE_STABILITY_C02_DESIGN_NOTE.md,54B0E51400DDE1405088ACBE28573AC843179238,213,3,7,17,LX-WS-0578-RES-04,RESEARCH,records/history/archive/LX-WS-0578-RES-04_C02.md,DDB559016C15B31894967251EFD81AD61CFD4B81
LS-WS-0578,C02,system/policies/weekly_swing/_refs/WS_DOWNSIDE_STABILITY_C02_DESIGN_NOTE.md,54B0E51400DDE1405088ACBE28573AC843179238,213,4,18,25,LX-WS-0578-EVD-02,EVIDENCE,records/evidence/runs/LX-WS-0578-EVD-02_C02.md,2416A1D49CD2788883210E6D560B62E39E90FE31
LS-WS-0578,C02,system/policies/weekly_swing/_refs/WS_DOWNSIDE_STABILITY_C02_DESIGN_NOTE.md,54B0E51400DDE1405088ACBE28573AC843179238,213,5,26,41,LX-WS-0578-RES-04,RESEARCH,records/history/archive/LX-WS-0578-RES-04_C02.md,DDB559016C15B31894967251EFD81AD61CFD4B81
LS-WS-0578,C02,system/policies/weekly_swing/_refs/WS_DOWNSIDE_STABILITY_C02_DESIGN_NOTE.md,54B0E51400DDE1405088ACBE28573AC843179238,213,6,42,54,LX-WS-0578-EVD-02,EVIDENCE,records/evidence/runs/LX-WS-0578-EVD-02_C02.md,2416A1D49CD2788883210E6D560B62E39E90FE31
LS-WS-0578,C02,system/policies/weekly_swing/_refs/WS_DOWNSIDE_STABILITY_C02_DESIGN_NOTE.md,54B0E51400DDE1405088ACBE28573AC843179238,213,7,55,67,LX-WS-0578-RES-04,RESEARCH,records/history/archive/LX-WS-0578-RES-04_C02.md,DDB559016C15B31894967251EFD81AD61CFD4B81
LS-WS-0578,C02,system/policies/weekly_swing/_refs/WS_DOWNSIDE_STABILITY_C02_DESIGN_NOTE.md,54B0E51400DDE1405088ACBE28573AC843179238,213,8,68,77,LX-WS-0578-IMP-03,IMPLEMENTATION,records/history/archive/LX-WS-0578-IMP-03_C02.md,B5F8676CE2B8AF0EFCA2A976D54C826D068AD402
LS-WS-0578,C02,system/policies/weekly_swing/_refs/WS_DOWNSIDE_STABILITY_C02_DESIGN_NOTE.md,54B0E51400DDE1405088ACBE28573AC843179238,213,9,78,96,LX-WS-0578-RES-04,RESEARCH,records/history/archive/LX-WS-0578-RES-04_C02.md,DDB559016C15B31894967251EFD81AD61CFD4B81
LS-WS-0578,C02,system/policies/weekly_swing/_refs/WS_DOWNSIDE_STABILITY_C02_DESIGN_NOTE.md,54B0E51400DDE1405088ACBE28573AC843179238,213,10,97,116,LX-WS-0578-EVD-02,EVIDENCE,records/evidence/runs/LX-WS-0578-EVD-02_C02.md,2416A1D49CD2788883210E6D560B62E39E90FE31
LS-WS-0578,C02,system/policies/weekly_swing/_refs/WS_DOWNSIDE_STABILITY_C02_DESIGN_NOTE.md,54B0E51400DDE1405088ACBE28573AC843179238,213,11,117,133,LX-WS-0578-EVD-02,EVIDENCE,records/evidence/runs/LX-WS-0578-EVD-02_C02.md,2416A1D49CD2788883210E6D560B62E39E90FE31
LS-WS-0578,C02,system/policies/weekly_swing/_refs/WS_DOWNSIDE_STABILITY_C02_DESIGN_NOTE.md,54B0E51400DDE1405088ACBE28573AC843179238,213,12,134,199,LX-WS-0578-EVD-02,EVIDENCE,records/evidence/runs/LX-WS-0578-EVD-02_C02.md,2416A1D49CD2788883210E6D560B62E39E90FE31
LS-WS-0578,C02,system/policies/weekly_swing/_refs/WS_DOWNSIDE_STABILITY_C02_DESIGN_NOTE.md,54B0E51400DDE1405088ACBE28573AC843179238,213,13,200,213,LX-WS-0578-DEC-01,DECISION,records/decisions/LX-WS-0578-DEC-01_C02.md,70C6E508A5FF5F9C33204AA947D09C457A7D8521
LS-WS-0579,C03,system/policies/weekly_swing/_refs/WS_DOWNSIDE_STABILITY_C03_DESIGN_NOTE.md,7F6E342C0FCC0F1187A473B46937B765B3A2DE04,164,1,1,8,LX-WS-0579-CTX-04,CONTEXT,records/history/archive/LX-WS-0579-CTX-04_C03.md,21318526F4676DBEBC5B697E4900C21224AD68F0
LS-WS-0579,C03,system/policies/weekly_swing/_refs/WS_DOWNSIDE_STABILITY_C03_DESIGN_NOTE.md,7F6E342C0FCC0F1187A473B46937B765B3A2DE04,164,2,9,14,LX-WS-0579-RES-03,RESEARCH,records/history/archive/LX-WS-0579-RES-03_C03.md,4B7FA658AA845ABF9CAF6230A1EDD779FA7A3F26
LS-WS-0579,C03,system/policies/weekly_swing/_refs/WS_DOWNSIDE_STABILITY_C03_DESIGN_NOTE.md,7F6E342C0FCC0F1187A473B46937B765B3A2DE04,164,3,15,25,LX-WS-0579-RES-03,RESEARCH,records/history/archive/LX-WS-0579-RES-03_C03.md,4B7FA658AA845ABF9CAF6230A1EDD779FA7A3F26
LS-WS-0579,C03,system/policies/weekly_swing/_refs/WS_DOWNSIDE_STABILITY_C03_DESIGN_NOTE.md,7F6E342C0FCC0F1187A473B46937B765B3A2DE04,164,4,26,37,LX-WS-0579-EVD-01,EVIDENCE,records/evidence/runs/LX-WS-0579-EVD-01_C03.md,BEBA637CA9EE91573D3108858E897CB18EEE0A56
LS-WS-0579,C03,system/policies/weekly_swing/_refs/WS_DOWNSIDE_STABILITY_C03_DESIGN_NOTE.md,7F6E342C0FCC0F1187A473B46937B765B3A2DE04,164,5,38,54,LX-WS-0579-RES-03,RESEARCH,records/history/archive/LX-WS-0579-RES-03_C03.md,4B7FA658AA845ABF9CAF6230A1EDD779FA7A3F26
LS-WS-0579,C03,system/policies/weekly_swing/_refs/WS_DOWNSIDE_STABILITY_C03_DESIGN_NOTE.md,7F6E342C0FCC0F1187A473B46937B765B3A2DE04,164,6,55,71,LX-WS-0579-RES-03,RESEARCH,records/history/archive/LX-WS-0579-RES-03_C03.md,4B7FA658AA845ABF9CAF6230A1EDD779FA7A3F26
LS-WS-0579,C03,system/policies/weekly_swing/_refs/WS_DOWNSIDE_STABILITY_C03_DESIGN_NOTE.md,7F6E342C0FCC0F1187A473B46937B765B3A2DE04,164,7,72,86,LX-WS-0579-RES-03,RESEARCH,records/history/archive/LX-WS-0579-RES-03_C03.md,4B7FA658AA845ABF9CAF6230A1EDD779FA7A3F26
LS-WS-0579,C03,system/policies/weekly_swing/_refs/WS_DOWNSIDE_STABILITY_C03_DESIGN_NOTE.md,7F6E342C0FCC0F1187A473B46937B765B3A2DE04,164,8,87,100,LX-WS-0579-IMP-02,IMPLEMENTATION,records/history/archive/LX-WS-0579-IMP-02_C03.md,43C3F6F207F8E67500B74CD0450F775DD4B40B2E
LS-WS-0579,C03,system/policies/weekly_swing/_refs/WS_DOWNSIDE_STABILITY_C03_DESIGN_NOTE.md,7F6E342C0FCC0F1187A473B46937B765B3A2DE04,164,9,101,111,LX-WS-0579-RES-03,RESEARCH,records/history/archive/LX-WS-0579-RES-03_C03.md,4B7FA658AA845ABF9CAF6230A1EDD779FA7A3F26
LS-WS-0579,C03,system/policies/weekly_swing/_refs/WS_DOWNSIDE_STABILITY_C03_DESIGN_NOTE.md,7F6E342C0FCC0F1187A473B46937B765B3A2DE04,164,10,112,125,LX-WS-0579-RES-03,RESEARCH,records/history/archive/LX-WS-0579-RES-03_C03.md,4B7FA658AA845ABF9CAF6230A1EDD779FA7A3F26
LS-WS-0579,C03,system/policies/weekly_swing/_refs/WS_DOWNSIDE_STABILITY_C03_DESIGN_NOTE.md,7F6E342C0FCC0F1187A473B46937B765B3A2DE04,164,11,126,141,LX-WS-0579-EVD-01,EVIDENCE,records/evidence/runs/LX-WS-0579-EVD-01_C03.md,BEBA637CA9EE91573D3108858E897CB18EEE0A56
LS-WS-0579,C03,system/policies/weekly_swing/_refs/WS_DOWNSIDE_STABILITY_C03_DESIGN_NOTE.md,7F6E342C0FCC0F1187A473B46937B765B3A2DE04,164,12,142,155,LX-WS-0579-RES-03,RESEARCH,records/history/archive/LX-WS-0579-RES-03_C03.md,4B7FA658AA845ABF9CAF6230A1EDD779FA7A3F26
LS-WS-0579,C03,system/policies/weekly_swing/_refs/WS_DOWNSIDE_STABILITY_C03_DESIGN_NOTE.md,7F6E342C0FCC0F1187A473B46937B765B3A2DE04,164,13,156,164,LX-WS-0579-RES-03,RESEARCH,records/history/archive/LX-WS-0579-RES-03_C03.md,4B7FA658AA845ABF9CAF6230A1EDD779FA7A3F26
LS-WS-0580,C04,system/policies/weekly_swing/_refs/WS_DOWNSIDE_STABILITY_C04_DESIGN_INPUT_NOTE.md,7E946AEFB2AD9838480D4BA9AB85104999A9AC43,138,1,1,8,LX-WS-0580-CTX-04,CONTEXT,records/history/archive/LX-WS-0580-CTX-04_C04.md,D4BD6B0BC4B4EDE82739FE2CDEC21A7B73461D3F
LS-WS-0580,C04,system/policies/weekly_swing/_refs/WS_DOWNSIDE_STABILITY_C04_DESIGN_INPUT_NOTE.md,7E946AEFB2AD9838480D4BA9AB85104999A9AC43,138,2,9,22,LX-WS-0580-IMP-02,IMPLEMENTATION,records/history/archive/LX-WS-0580-IMP-02_C04.md,290AD63F293D5599A279CE8B31BFBA19776B31C7
LS-WS-0580,C04,system/policies/weekly_swing/_refs/WS_DOWNSIDE_STABILITY_C04_DESIGN_INPUT_NOTE.md,7E946AEFB2AD9838480D4BA9AB85104999A9AC43,138,3,23,45,LX-WS-0580-EVD-01,EVIDENCE,records/evidence/runs/LX-WS-0580-EVD-01_C04.md,3221730C1EC0E3968AA8244C073E9D5C6E22DA33
LS-WS-0580,C04,system/policies/weekly_swing/_refs/WS_DOWNSIDE_STABILITY_C04_DESIGN_INPUT_NOTE.md,7E946AEFB2AD9838480D4BA9AB85104999A9AC43,138,4,46,51,LX-WS-0580-RES-03,RESEARCH,records/history/archive/LX-WS-0580-RES-03_C04.md,3A9B7A1BF09FB489B1CEAF4DA4F11B50B36E9206
LS-WS-0580,C04,system/policies/weekly_swing/_refs/WS_DOWNSIDE_STABILITY_C04_DESIGN_INPUT_NOTE.md,7E946AEFB2AD9838480D4BA9AB85104999A9AC43,138,5,52,64,LX-WS-0580-RES-03,RESEARCH,records/history/archive/LX-WS-0580-RES-03_C04.md,3A9B7A1BF09FB489B1CEAF4DA4F11B50B36E9206
LS-WS-0580,C04,system/policies/weekly_swing/_refs/WS_DOWNSIDE_STABILITY_C04_DESIGN_INPUT_NOTE.md,7E946AEFB2AD9838480D4BA9AB85104999A9AC43,138,6,65,85,LX-WS-0580-RES-03,RESEARCH,records/history/archive/LX-WS-0580-RES-03_C04.md,3A9B7A1BF09FB489B1CEAF4DA4F11B50B36E9206
LS-WS-0580,C04,system/policies/weekly_swing/_refs/WS_DOWNSIDE_STABILITY_C04_DESIGN_INPUT_NOTE.md,7E946AEFB2AD9838480D4BA9AB85104999A9AC43,138,7,86,103,LX-WS-0580-RES-03,RESEARCH,records/history/archive/LX-WS-0580-RES-03_C04.md,3A9B7A1BF09FB489B1CEAF4DA4F11B50B36E9206
LS-WS-0580,C04,system/policies/weekly_swing/_refs/WS_DOWNSIDE_STABILITY_C04_DESIGN_INPUT_NOTE.md,7E946AEFB2AD9838480D4BA9AB85104999A9AC43,138,8,104,138,LX-WS-0580-IMP-02,IMPLEMENTATION,records/history/archive/LX-WS-0580-IMP-02_C04.md,290AD63F293D5599A279CE8B31BFBA19776B31C7
LS-WS-0581,C04,system/policies/weekly_swing/_refs/WS_DOWNSIDE_STABILITY_C04_DESIGN_NOTE.md,4F1E39A52C66B5CA1CA2358906968AB0F7659C58,195,1,1,11,LX-WS-0581-CTX-06,CONTEXT,records/history/archive/LX-WS-0581-CTX-06_C04.md,35958B492EC54457EA1A6996326747909C93222B
LS-WS-0581,C04,system/policies/weekly_swing/_refs/WS_DOWNSIDE_STABILITY_C04_DESIGN_NOTE.md,4F1E39A52C66B5CA1CA2358906968AB0F7659C58,195,2,12,17,LX-WS-0581-RES-04,RESEARCH,records/history/archive/LX-WS-0581-RES-04_C04.md,C2B7B8DDFFD5E13F042DFC60E113BD22C1056BBA
LS-WS-0581,C04,system/policies/weekly_swing/_refs/WS_DOWNSIDE_STABILITY_C04_DESIGN_NOTE.md,4F1E39A52C66B5CA1CA2358906968AB0F7659C58,195,3,18,43,LX-WS-0581-EVD-02,EVIDENCE,records/evidence/runs/LX-WS-0581-EVD-02_C04.md,ECA9B6724622E1486AB7F357FC2967D06D1BFBB4
LS-WS-0581,C04,system/policies/weekly_swing/_refs/WS_DOWNSIDE_STABILITY_C04_DESIGN_NOTE.md,4F1E39A52C66B5CA1CA2358906968AB0F7659C58,195,4,44,55,LX-WS-0581-STR-05,STRATEGY,records/history/archive/LX-WS-0581-STR-05_C04.md,6101D7ACD32E7CD3AC48B278DCDC8E1756F645AA
LS-WS-0581,C04,system/policies/weekly_swing/_refs/WS_DOWNSIDE_STABILITY_C04_DESIGN_NOTE.md,4F1E39A52C66B5CA1CA2358906968AB0F7659C58,195,5,56,92,LX-WS-0581-RES-04,RESEARCH,records/history/archive/LX-WS-0581-RES-04_C04.md,C2B7B8DDFFD5E13F042DFC60E113BD22C1056BBA
LS-WS-0581,C04,system/policies/weekly_swing/_refs/WS_DOWNSIDE_STABILITY_C04_DESIGN_NOTE.md,4F1E39A52C66B5CA1CA2358906968AB0F7659C58,195,6,93,117,LX-WS-0581-RES-04,RESEARCH,records/history/archive/LX-WS-0581-RES-04_C04.md,C2B7B8DDFFD5E13F042DFC60E113BD22C1056BBA
LS-WS-0581,C04,system/policies/weekly_swing/_refs/WS_DOWNSIDE_STABILITY_C04_DESIGN_NOTE.md,4F1E39A52C66B5CA1CA2358906968AB0F7659C58,195,7,118,155,LX-WS-0581-RES-04,RESEARCH,records/history/archive/LX-WS-0581-RES-04_C04.md,C2B7B8DDFFD5E13F042DFC60E113BD22C1056BBA
LS-WS-0581,C04,system/policies/weekly_swing/_refs/WS_DOWNSIDE_STABILITY_C04_DESIGN_NOTE.md,4F1E39A52C66B5CA1CA2358906968AB0F7659C58,195,8,156,180,LX-WS-0581-FND-03,FINDING,records/history/archive/LX-WS-0581-FND-03_C04.md,46A8A17183AFA7DAEDC9DFE1FB54D80C47841110
LS-WS-0581,C04,system/policies/weekly_swing/_refs/WS_DOWNSIDE_STABILITY_C04_DESIGN_NOTE.md,4F1E39A52C66B5CA1CA2358906968AB0F7659C58,195,9,181,195,LX-WS-0581-DEC-01,DECISION,records/decisions/LX-WS-0581-DEC-01_C04.md,6DE3DA9AB8EB35D5485B83D027781B373BDAAF0F
LS-WS-0582,C05,system/policies/weekly_swing/_refs/WS_DOWNSIDE_STABILITY_C05_DESIGN_NOTE.md,BB1AE68E3C1198771210232ED384F638298EF546,130,1,1,11,LX-WS-0582-CTX-04,CONTEXT,records/history/archive/LX-WS-0582-CTX-04_C05.md,0F67AD8C6A71788CB9A4FFC5EA31719D2CD87D8A
LS-WS-0582,C05,system/policies/weekly_swing/_refs/WS_DOWNSIDE_STABILITY_C05_DESIGN_NOTE.md,BB1AE68E3C1198771210232ED384F638298EF546,130,2,12,15,LX-WS-0582-RES-03,RESEARCH,records/history/archive/LX-WS-0582-RES-03_C05.md,B3D825A6BCCDDD1761F74BB0D8BDC6F120B0BE3E
LS-WS-0582,C05,system/policies/weekly_swing/_refs/WS_DOWNSIDE_STABILITY_C05_DESIGN_NOTE.md,BB1AE68E3C1198771210232ED384F638298EF546,130,3,16,40,LX-WS-0582-RES-03,RESEARCH,records/history/archive/LX-WS-0582-RES-03_C05.md,B3D825A6BCCDDD1761F74BB0D8BDC6F120B0BE3E
LS-WS-0582,C05,system/policies/weekly_swing/_refs/WS_DOWNSIDE_STABILITY_C05_DESIGN_NOTE.md,BB1AE68E3C1198771210232ED384F638298EF546,130,4,41,52,LX-WS-0582-RES-03,RESEARCH,records/history/archive/LX-WS-0582-RES-03_C05.md,B3D825A6BCCDDD1761F74BB0D8BDC6F120B0BE3E
LS-WS-0582,C05,system/policies/weekly_swing/_refs/WS_DOWNSIDE_STABILITY_C05_DESIGN_NOTE.md,BB1AE68E3C1198771210232ED384F638298EF546,130,5,53,89,LX-WS-0582-RES-03,RESEARCH,records/history/archive/LX-WS-0582-RES-03_C05.md,B3D825A6BCCDDD1761F74BB0D8BDC6F120B0BE3E
LS-WS-0582,C05,system/policies/weekly_swing/_refs/WS_DOWNSIDE_STABILITY_C05_DESIGN_NOTE.md,BB1AE68E3C1198771210232ED384F638298EF546,130,6,90,115,LX-WS-0582-FND-02,FINDING,records/history/archive/LX-WS-0582-FND-02_C05.md,3D2A2323CB6BD3ABE43D8A130ED72EC237C410A3
LS-WS-0582,C05,system/policies/weekly_swing/_refs/WS_DOWNSIDE_STABILITY_C05_DESIGN_NOTE.md,BB1AE68E3C1198771210232ED384F638298EF546,130,7,116,130,LX-WS-0582-DEC-01,DECISION,records/decisions/LX-WS-0582-DEC-01_C05.md,7E8DB9FF3AAF21A4DDAD99AD0E87DC4D39274EE8
LS-WS-0583,C06,system/policies/weekly_swing/_refs/WS_DOWNSIDE_STABILITY_C06_DESIGN_NOTE.md,E9C3532AAC70B5B72FF7553A0773FBA448EBE864,64,1,1,5,LX-WS-0583-CTX-03,CONTEXT,records/history/archive/LX-WS-0583-CTX-03_C06.md,AD5C572789E9BCFF7EBEF36FAEB680D8E9559420
LS-WS-0583,C06,system/policies/weekly_swing/_refs/WS_DOWNSIDE_STABILITY_C06_DESIGN_NOTE.md,E9C3532AAC70B5B72FF7553A0773FBA448EBE864,64,2,6,16,LX-WS-0583-RES-02,RESEARCH,records/history/archive/LX-WS-0583-RES-02_C06.md,F21BE65D517ADA012C910654FCF652CDB373A712
LS-WS-0583,C06,system/policies/weekly_swing/_refs/WS_DOWNSIDE_STABILITY_C06_DESIGN_NOTE.md,E9C3532AAC70B5B72FF7553A0773FBA448EBE864,64,3,17,27,LX-WS-0583-RES-02,RESEARCH,records/history/archive/LX-WS-0583-RES-02_C06.md,F21BE65D517ADA012C910654FCF652CDB373A712
LS-WS-0583,C06,system/policies/weekly_swing/_refs/WS_DOWNSIDE_STABILITY_C06_DESIGN_NOTE.md,E9C3532AAC70B5B72FF7553A0773FBA448EBE864,64,4,28,41,LX-WS-0583-RES-02,RESEARCH,records/history/archive/LX-WS-0583-RES-02_C06.md,F21BE65D517ADA012C910654FCF652CDB373A712
LS-WS-0583,C06,system/policies/weekly_swing/_refs/WS_DOWNSIDE_STABILITY_C06_DESIGN_NOTE.md,E9C3532AAC70B5B72FF7553A0773FBA448EBE864,64,5,42,64,LX-WS-0583-EVD-01,EVIDENCE,records/evidence/runs/LX-WS-0583-EVD-01_C06.md,A02A7E2FE06B8926FFE92E2E3E626D711250CACE
LS-WS-0584,C07,system/policies/weekly_swing/_refs/WS_DOWNSIDE_STABILITY_C07_DESIGN_NOTE.md,41C82B1F06FDF88FD30569650EBA36C775D30F3A,343,1,1,5,LX-WS-0584-CTX-05,CONTEXT,records/history/archive/LX-WS-0584-CTX-05_C07.md,84CEF559BF42C2927043BF677BC9383F88B4AE42
LS-WS-0584,C07,system/policies/weekly_swing/_refs/WS_DOWNSIDE_STABILITY_C07_DESIGN_NOTE.md,41C82B1F06FDF88FD30569650EBA36C775D30F3A,343,2,6,16,LX-WS-0584-RES-03,RESEARCH,records/history/archive/LX-WS-0584-RES-03_C07.md,4B8AD8726E65D56B033BC91257A23656A84C2B9E
LS-WS-0584,C07,system/policies/weekly_swing/_refs/WS_DOWNSIDE_STABILITY_C07_DESIGN_NOTE.md,41C82B1F06FDF88FD30569650EBA36C775D30F3A,343,3,17,27,LX-WS-0584-RES-03,RESEARCH,records/history/archive/LX-WS-0584-RES-03_C07.md,4B8AD8726E65D56B033BC91257A23656A84C2B9E
LS-WS-0584,C07,system/policies/weekly_swing/_refs/WS_DOWNSIDE_STABILITY_C07_DESIGN_NOTE.md,41C82B1F06FDF88FD30569650EBA36C775D30F3A,343,4,28,41,LX-WS-0584-RES-03,RESEARCH,records/history/archive/LX-WS-0584-RES-03_C07.md,4B8AD8726E65D56B033BC91257A23656A84C2B9E
LS-WS-0584,C07,system/policies/weekly_swing/_refs/WS_DOWNSIDE_STABILITY_C07_DESIGN_NOTE.md,41C82B1F06FDF88FD30569650EBA36C775D30F3A,343,5,42,65,LX-WS-0584-EVD-01,EVIDENCE,records/evidence/runs/LX-WS-0584-EVD-01_C07.md,C4A173A7480BF7C9645FEC91DF89B139ECE7DD51
LS-WS-0584,C07,system/policies/weekly_swing/_refs/WS_DOWNSIDE_STABILITY_C07_DESIGN_NOTE.md,41C82B1F06FDF88FD30569650EBA36C775D30F3A,343,6,66,83,LX-WS-0584-FND-02,FINDING,records/history/archive/LX-WS-0584-FND-02_C07.md,DDE80295F13E81639C5B5370CAFB25FC3219214C
LS-WS-0584,C07,system/policies/weekly_swing/_refs/WS_DOWNSIDE_STABILITY_C07_DESIGN_NOTE.md,41C82B1F06FDF88FD30569650EBA36C775D30F3A,343,7,84,115,LX-WS-0584-FND-02,FINDING,records/history/archive/LX-WS-0584-FND-02_C07.md,DDE80295F13E81639C5B5370CAFB25FC3219214C
LS-WS-0584,C07,system/policies/weekly_swing/_refs/WS_DOWNSIDE_STABILITY_C07_DESIGN_NOTE.md,41C82B1F06FDF88FD30569650EBA36C775D30F3A,343,8,116,156,LX-WS-0584-RES-03,RESEARCH,records/history/archive/LX-WS-0584-RES-03_C07.md,4B8AD8726E65D56B033BC91257A23656A84C2B9E
LS-WS-0584,C07,system/policies/weekly_swing/_refs/WS_DOWNSIDE_STABILITY_C07_DESIGN_NOTE.md,41C82B1F06FDF88FD30569650EBA36C775D30F3A,343,9,157,197,LX-WS-0584-FND-02,FINDING,records/history/archive/LX-WS-0584-FND-02_C07.md,DDE80295F13E81639C5B5370CAFB25FC3219214C
LS-WS-0584,C07,system/policies/weekly_swing/_refs/WS_DOWNSIDE_STABILITY_C07_DESIGN_NOTE.md,41C82B1F06FDF88FD30569650EBA36C775D30F3A,343,10,198,237,LX-WS-0584-STR-04,STRATEGY,records/history/archive/LX-WS-0584-STR-04_C07.md,11F3C2D5DB841B182D22FF2D78FFCD19B0078363
LS-WS-0584,C07,system/policies/weekly_swing/_refs/WS_DOWNSIDE_STABILITY_C07_DESIGN_NOTE.md,41C82B1F06FDF88FD30569650EBA36C775D30F3A,343,11,238,267,LX-WS-0584-RES-03,RESEARCH,records/history/archive/LX-WS-0584-RES-03_C07.md,4B8AD8726E65D56B033BC91257A23656A84C2B9E
LS-WS-0584,C07,system/policies/weekly_swing/_refs/WS_DOWNSIDE_STABILITY_C07_DESIGN_NOTE.md,41C82B1F06FDF88FD30569650EBA36C775D30F3A,343,12,268,304,LX-WS-0584-RES-03,RESEARCH,records/history/archive/LX-WS-0584-RES-03_C07.md,4B8AD8726E65D56B033BC91257A23656A84C2B9E
LS-WS-0584,C07,system/policies/weekly_swing/_refs/WS_DOWNSIDE_STABILITY_C07_DESIGN_NOTE.md,41C82B1F06FDF88FD30569650EBA36C775D30F3A,343,13,305,343,LX-WS-0584-RES-03,RESEARCH,records/history/archive/LX-WS-0584-RES-03_C07.md,4B8AD8726E65D56B033BC91257A23656A84C2B9E
LS-WS-0585,C14,system/policies/weekly_swing/_refs/WS_DOWNSIDE_STABILITY_C14_DESIGN_NOTE.md,6E0FF29EF38557D09D31244D9DFA2EE9EE8E5F4E,135,1,1,4,LX-WS-0585-CTX-04,CONTEXT,records/history/archive/LX-WS-0585-CTX-04_C14.md,6DCE8035053A690299268D868D0643C83956C19A
LS-WS-0585,C14,system/policies/weekly_swing/_refs/WS_DOWNSIDE_STABILITY_C14_DESIGN_NOTE.md,6E0FF29EF38557D09D31244D9DFA2EE9EE8E5F4E,135,2,5,8,LX-WS-0585-RES-03,RESEARCH,records/history/archive/LX-WS-0585-RES-03_C14.md,2F0F19B26C5C7F657894EAC22C7E304D92BB0D61
LS-WS-0585,C14,system/policies/weekly_swing/_refs/WS_DOWNSIDE_STABILITY_C14_DESIGN_NOTE.md,6E0FF29EF38557D09D31244D9DFA2EE9EE8E5F4E,135,3,9,19,LX-WS-0585-RES-03,RESEARCH,records/history/archive/LX-WS-0585-RES-03_C14.md,2F0F19B26C5C7F657894EAC22C7E304D92BB0D61
LS-WS-0585,C14,system/policies/weekly_swing/_refs/WS_DOWNSIDE_STABILITY_C14_DESIGN_NOTE.md,6E0FF29EF38557D09D31244D9DFA2EE9EE8E5F4E,135,4,20,48,LX-WS-0585-EVD-01,EVIDENCE,records/evidence/runs/LX-WS-0585-EVD-01_C14.md,25946A41A7EC94CCF2031AAA259D8F3119589D9A
LS-WS-0585,C14,system/policies/weekly_swing/_refs/WS_DOWNSIDE_STABILITY_C14_DESIGN_NOTE.md,6E0FF29EF38557D09D31244D9DFA2EE9EE8E5F4E,135,5,49,89,LX-WS-0585-RES-03,RESEARCH,records/history/archive/LX-WS-0585-RES-03_C14.md,2F0F19B26C5C7F657894EAC22C7E304D92BB0D61
LS-WS-0585,C14,system/policies/weekly_swing/_refs/WS_DOWNSIDE_STABILITY_C14_DESIGN_NOTE.md,6E0FF29EF38557D09D31244D9DFA2EE9EE8E5F4E,135,6,90,121,LX-WS-0585-FND-02,FINDING,records/history/archive/LX-WS-0585-FND-02_C14.md,90BE4D59CD47606D1728382E776FA8E4A3AD3608
LS-WS-0585,C14,system/policies/weekly_swing/_refs/WS_DOWNSIDE_STABILITY_C14_DESIGN_NOTE.md,6E0FF29EF38557D09D31244D9DFA2EE9EE8E5F4E,135,7,122,132,LX-WS-0585-RES-03,RESEARCH,records/history/archive/LX-WS-0585-RES-03_C14.md,2F0F19B26C5C7F657894EAC22C7E304D92BB0D61
LS-WS-0585,C14,system/policies/weekly_swing/_refs/WS_DOWNSIDE_STABILITY_C14_DESIGN_NOTE.md,6E0FF29EF38557D09D31244D9DFA2EE9EE8E5F4E,135,8,133,135,LX-WS-0585-RES-03,RESEARCH,records/history/archive/LX-WS-0585-RES-03_C14.md,2F0F19B26C5C7F657894EAC22C7E304D92BB0D61
LS-WS-0586,C16,system/policies/weekly_swing/_refs/WS_DOWNSIDE_STABILITY_C16_DESIGN_NOTE.md,501623619FADF1885A0D1E58CC66F82FD1BA32CE,104,1,1,2,LX-WS-0586-CTX-03,CONTEXT,records/history/archive/LX-WS-0586-CTX-03_C16.md,680A95696E3B5CF72A865672BB696182E854167B
LS-WS-0586,C16,system/policies/weekly_swing/_refs/WS_DOWNSIDE_STABILITY_C16_DESIGN_NOTE.md,501623619FADF1885A0D1E58CC66F82FD1BA32CE,104,2,3,8,LX-WS-0586-RES-02,RESEARCH,records/history/archive/LX-WS-0586-RES-02_C16.md,BDD731A4D952DF231758263C6F4D5A04A437D860
LS-WS-0586,C16,system/policies/weekly_swing/_refs/WS_DOWNSIDE_STABILITY_C16_DESIGN_NOTE.md,501623619FADF1885A0D1E58CC66F82FD1BA32CE,104,3,9,19,LX-WS-0586-RES-02,RESEARCH,records/history/archive/LX-WS-0586-RES-02_C16.md,BDD731A4D952DF231758263C6F4D5A04A437D860
LS-WS-0586,C16,system/policies/weekly_swing/_refs/WS_DOWNSIDE_STABILITY_C16_DESIGN_NOTE.md,501623619FADF1885A0D1E58CC66F82FD1BA32CE,104,4,20,34,LX-WS-0586-EVD-01,EVIDENCE,records/evidence/runs/LX-WS-0586-EVD-01_C16.md,A5D06CD25DA8CED6868EF341CA4740C638C335CD
LS-WS-0586,C16,system/policies/weekly_swing/_refs/WS_DOWNSIDE_STABILITY_C16_DESIGN_NOTE.md,501623619FADF1885A0D1E58CC66F82FD1BA32CE,104,5,35,50,LX-WS-0586-RES-02,RESEARCH,records/history/archive/LX-WS-0586-RES-02_C16.md,BDD731A4D952DF231758263C6F4D5A04A437D860
LS-WS-0586,C16,system/policies/weekly_swing/_refs/WS_DOWNSIDE_STABILITY_C16_DESIGN_NOTE.md,501623619FADF1885A0D1E58CC66F82FD1BA32CE,104,6,51,64,LX-WS-0586-RES-02,RESEARCH,records/history/archive/LX-WS-0586-RES-02_C16.md,BDD731A4D952DF231758263C6F4D5A04A437D860
LS-WS-0586,C16,system/policies/weekly_swing/_refs/WS_DOWNSIDE_STABILITY_C16_DESIGN_NOTE.md,501623619FADF1885A0D1E58CC66F82FD1BA32CE,104,7,65,79,LX-WS-0586-RES-02,RESEARCH,records/history/archive/LX-WS-0586-RES-02_C16.md,BDD731A4D952DF231758263C6F4D5A04A437D860
LS-WS-0586,C16,system/policies/weekly_swing/_refs/WS_DOWNSIDE_STABILITY_C16_DESIGN_NOTE.md,501623619FADF1885A0D1E58CC66F82FD1BA32CE,104,8,80,104,LX-WS-0586-RES-02,RESEARCH,records/history/archive/LX-WS-0586-RES-02_C16.md,BDD731A4D952DF231758263C6F4D5A04A437D860
LS-WS-0587,C17,system/policies/weekly_swing/_refs/WS_DOWNSIDE_STABILITY_C17_DESIGN_NOTE.md,F55B1BAA7ADC9FF0FDF1C1D928167F82AD415458,94,1,1,2,LX-WS-0587-CTX-03,CONTEXT,records/history/archive/LX-WS-0587-CTX-03_C17.md,AEEE5CF565B84690F819F5F085A8B74336AC2991
LS-WS-0587,C17,system/policies/weekly_swing/_refs/WS_DOWNSIDE_STABILITY_C17_DESIGN_NOTE.md,F55B1BAA7ADC9FF0FDF1C1D928167F82AD415458,94,2,3,6,LX-WS-0587-RES-02,RESEARCH,records/history/archive/LX-WS-0587-RES-02_C17.md,A12F5F3145D48B3E34F8F3172965A1494FA8B59B
LS-WS-0587,C17,system/policies/weekly_swing/_refs/WS_DOWNSIDE_STABILITY_C17_DESIGN_NOTE.md,F55B1BAA7ADC9FF0FDF1C1D928167F82AD415458,94,3,7,16,LX-WS-0587-RES-02,RESEARCH,records/history/archive/LX-WS-0587-RES-02_C17.md,A12F5F3145D48B3E34F8F3172965A1494FA8B59B
LS-WS-0587,C17,system/policies/weekly_swing/_refs/WS_DOWNSIDE_STABILITY_C17_DESIGN_NOTE.md,F55B1BAA7ADC9FF0FDF1C1D928167F82AD415458,94,4,17,25,LX-WS-0587-RES-02,RESEARCH,records/history/archive/LX-WS-0587-RES-02_C17.md,A12F5F3145D48B3E34F8F3172965A1494FA8B59B
LS-WS-0587,C17,system/policies/weekly_swing/_refs/WS_DOWNSIDE_STABILITY_C17_DESIGN_NOTE.md,F55B1BAA7ADC9FF0FDF1C1D928167F82AD415458,94,5,26,43,LX-WS-0587-RES-02,RESEARCH,records/history/archive/LX-WS-0587-RES-02_C17.md,A12F5F3145D48B3E34F8F3172965A1494FA8B59B
LS-WS-0587,C17,system/policies/weekly_swing/_refs/WS_DOWNSIDE_STABILITY_C17_DESIGN_NOTE.md,F55B1BAA7ADC9FF0FDF1C1D928167F82AD415458,94,6,44,59,LX-WS-0587-RES-02,RESEARCH,records/history/archive/LX-WS-0587-RES-02_C17.md,A12F5F3145D48B3E34F8F3172965A1494FA8B59B
LS-WS-0587,C17,system/policies/weekly_swing/_refs/WS_DOWNSIDE_STABILITY_C17_DESIGN_NOTE.md,F55B1BAA7ADC9FF0FDF1C1D928167F82AD415458,94,7,60,73,LX-WS-0587-RES-02,RESEARCH,records/history/archive/LX-WS-0587-RES-02_C17.md,A12F5F3145D48B3E34F8F3172965A1494FA8B59B
LS-WS-0587,C17,system/policies/weekly_swing/_refs/WS_DOWNSIDE_STABILITY_C17_DESIGN_NOTE.md,F55B1BAA7ADC9FF0FDF1C1D928167F82AD415458,94,8,74,89,LX-WS-0587-RES-02,RESEARCH,records/history/archive/LX-WS-0587-RES-02_C17.md,A12F5F3145D48B3E34F8F3172965A1494FA8B59B
LS-WS-0587,C17,system/policies/weekly_swing/_refs/WS_DOWNSIDE_STABILITY_C17_DESIGN_NOTE.md,F55B1BAA7ADC9FF0FDF1C1D928167F82AD415458,94,9,90,94,LX-WS-0587-EVD-01,EVIDENCE,records/evidence/runs/LX-WS-0587-EVD-01_C17.md,B5E8525E752368C9A7FD77BF6AADDB26EDB5AFD6
LS-WS-0588,C18,system/policies/weekly_swing/_refs/WS_DOWNSIDE_STABILITY_C18_DESIGN_NOTE.md,A44E29E902E9EF7D5E88A7967D6FDD1AA5FABD4F,181,1,1,2,LX-WS-0588-CTX-04,CONTEXT,records/history/archive/LX-WS-0588-CTX-04_C18.md,D224153EB344C2085214DF604753ADC70A5836BD
LS-WS-0588,C18,system/policies/weekly_swing/_refs/WS_DOWNSIDE_STABILITY_C18_DESIGN_NOTE.md,A44E29E902E9EF7D5E88A7967D6FDD1AA5FABD4F,181,2,3,8,LX-WS-0588-RES-03,RESEARCH,records/history/archive/LX-WS-0588-RES-03_C18.md,944B5E162C9E9DF458B2D9191FBCDF0DC4B09CE5
LS-WS-0588,C18,system/policies/weekly_swing/_refs/WS_DOWNSIDE_STABILITY_C18_DESIGN_NOTE.md,A44E29E902E9EF7D5E88A7967D6FDD1AA5FABD4F,181,3,9,24,LX-WS-0588-RES-03,RESEARCH,records/history/archive/LX-WS-0588-RES-03_C18.md,944B5E162C9E9DF458B2D9191FBCDF0DC4B09CE5
LS-WS-0588,C18,system/policies/weekly_swing/_refs/WS_DOWNSIDE_STABILITY_C18_DESIGN_NOTE.md,A44E29E902E9EF7D5E88A7967D6FDD1AA5FABD4F,181,4,25,38,LX-WS-0588-FND-02,FINDING,records/history/archive/LX-WS-0588-FND-02_C18.md,1BE43AC12DE11C91443390FDFE05D6213DF47508
LS-WS-0588,C18,system/policies/weekly_swing/_refs/WS_DOWNSIDE_STABILITY_C18_DESIGN_NOTE.md,A44E29E902E9EF7D5E88A7967D6FDD1AA5FABD4F,181,5,39,59,LX-WS-0588-RES-03,RESEARCH,records/history/archive/LX-WS-0588-RES-03_C18.md,944B5E162C9E9DF458B2D9191FBCDF0DC4B09CE5
LS-WS-0588,C18,system/policies/weekly_swing/_refs/WS_DOWNSIDE_STABILITY_C18_DESIGN_NOTE.md,A44E29E902E9EF7D5E88A7967D6FDD1AA5FABD4F,181,6,60,106,LX-WS-0588-EVD-01,EVIDENCE,records/evidence/runs/LX-WS-0588-EVD-01_C18.md,CF5E4CAF3CFC5BA8A92F69EB86B8E2F89ACABC68
LS-WS-0588,C18,system/policies/weekly_swing/_refs/WS_DOWNSIDE_STABILITY_C18_DESIGN_NOTE.md,A44E29E902E9EF7D5E88A7967D6FDD1AA5FABD4F,181,7,107,130,LX-WS-0588-FND-02,FINDING,records/history/archive/LX-WS-0588-FND-02_C18.md,1BE43AC12DE11C91443390FDFE05D6213DF47508
LS-WS-0588,C18,system/policies/weekly_swing/_refs/WS_DOWNSIDE_STABILITY_C18_DESIGN_NOTE.md,A44E29E902E9EF7D5E88A7967D6FDD1AA5FABD4F,181,8,131,148,LX-WS-0588-RES-03,RESEARCH,records/history/archive/LX-WS-0588-RES-03_C18.md,944B5E162C9E9DF458B2D9191FBCDF0DC4B09CE5
LS-WS-0588,C18,system/policies/weekly_swing/_refs/WS_DOWNSIDE_STABILITY_C18_DESIGN_NOTE.md,A44E29E902E9EF7D5E88A7967D6FDD1AA5FABD4F,181,9,149,165,LX-WS-0588-RES-03,RESEARCH,records/history/archive/LX-WS-0588-RES-03_C18.md,944B5E162C9E9DF458B2D9191FBCDF0DC4B09CE5
LS-WS-0588,C18,system/policies/weekly_swing/_refs/WS_DOWNSIDE_STABILITY_C18_DESIGN_NOTE.md,A44E29E902E9EF7D5E88A7967D6FDD1AA5FABD4F,181,10,166,181,LX-WS-0588-RES-03,RESEARCH,records/history/archive/LX-WS-0588-RES-03_C18.md,944B5E162C9E9DF458B2D9191FBCDF0DC4B09CE5
LS-WS-0589,C21,system/policies/weekly_swing/_refs/WS_ENTRY_EXIT_BEHAVIOR_C21_DESIGN_NOTE.md,57ABAFB13DF92C4C2C3FAF218EC60C54BD932B64,135,1,1,4,LX-WS-0589-CTX-04,CONTEXT,records/history/archive/LX-WS-0589-CTX-04_C21.md,B885B4B008B8A2D8DEE22808FB178EB98DC02BEA
LS-WS-0589,C21,system/policies/weekly_swing/_refs/WS_ENTRY_EXIT_BEHAVIOR_C21_DESIGN_NOTE.md,57ABAFB13DF92C4C2C3FAF218EC60C54BD932B64,135,2,5,22,LX-WS-0589-RES-03,RESEARCH,records/history/archive/LX-WS-0589-RES-03_C21.md,FA978323105D8936814AA1AF49E7AD88E7E2191A
LS-WS-0589,C21,system/policies/weekly_swing/_refs/WS_ENTRY_EXIT_BEHAVIOR_C21_DESIGN_NOTE.md,57ABAFB13DF92C4C2C3FAF218EC60C54BD932B64,135,3,23,38,LX-WS-0589-RES-03,RESEARCH,records/history/archive/LX-WS-0589-RES-03_C21.md,FA978323105D8936814AA1AF49E7AD88E7E2191A
LS-WS-0589,C21,system/policies/weekly_swing/_refs/WS_ENTRY_EXIT_BEHAVIOR_C21_DESIGN_NOTE.md,57ABAFB13DF92C4C2C3FAF218EC60C54BD932B64,135,4,39,51,LX-WS-0589-RES-03,RESEARCH,records/history/archive/LX-WS-0589-RES-03_C21.md,FA978323105D8936814AA1AF49E7AD88E7E2191A
LS-WS-0589,C21,system/policies/weekly_swing/_refs/WS_ENTRY_EXIT_BEHAVIOR_C21_DESIGN_NOTE.md,57ABAFB13DF92C4C2C3FAF218EC60C54BD932B64,135,5,52,75,LX-WS-0589-EVD-01,EVIDENCE,records/evidence/runs/LX-WS-0589-EVD-01_C21.md,8E273C5F1173B45779ED5E4C30955DD27892FF58
LS-WS-0589,C21,system/policies/weekly_swing/_refs/WS_ENTRY_EXIT_BEHAVIOR_C21_DESIGN_NOTE.md,57ABAFB13DF92C4C2C3FAF218EC60C54BD932B64,135,6,76,99,LX-WS-0589-FND-02,FINDING,records/history/archive/LX-WS-0589-FND-02_C21.md,2A4CF3D992DC08C927D93537DD2AE35D519140D4
LS-WS-0589,C21,system/policies/weekly_swing/_refs/WS_ENTRY_EXIT_BEHAVIOR_C21_DESIGN_NOTE.md,57ABAFB13DF92C4C2C3FAF218EC60C54BD932B64,135,7,100,114,LX-WS-0589-RES-03,RESEARCH,records/history/archive/LX-WS-0589-RES-03_C21.md,FA978323105D8936814AA1AF49E7AD88E7E2191A
LS-WS-0589,C21,system/policies/weekly_swing/_refs/WS_ENTRY_EXIT_BEHAVIOR_C21_DESIGN_NOTE.md,57ABAFB13DF92C4C2C3FAF218EC60C54BD932B64,135,8,115,126,LX-WS-0589-RES-03,RESEARCH,records/history/archive/LX-WS-0589-RES-03_C21.md,FA978323105D8936814AA1AF49E7AD88E7E2191A
LS-WS-0589,C21,system/policies/weekly_swing/_refs/WS_ENTRY_EXIT_BEHAVIOR_C21_DESIGN_NOTE.md,57ABAFB13DF92C4C2C3FAF218EC60C54BD932B64,135,9,127,135,LX-WS-0589-FND-02,FINDING,records/history/archive/LX-WS-0589-FND-02_C21.md,2A4CF3D992DC08C927D93537DD2AE35D519140D4
LS-WS-0590,C22,system/policies/weekly_swing/_refs/WS_EXIT_CAPTURE_SHADOW_C22_DESIGN_NOTE.md,4FC322AFE26B3CAA0573219573226E04E55AFCCE,176,1,1,4,LX-WS-0590-CTX-03,CONTEXT,records/history/archive/LX-WS-0590-CTX-03_C22.md,8721ECE91CBFEC43F3F663FE46F20233C4C8B055
LS-WS-0590,C22,system/policies/weekly_swing/_refs/WS_EXIT_CAPTURE_SHADOW_C22_DESIGN_NOTE.md,4FC322AFE26B3CAA0573219573226E04E55AFCCE,176,2,5,22,LX-WS-0590-RES-02,RESEARCH,records/history/archive/LX-WS-0590-RES-02_C22.md,1141F137A7DC42985B65BDB2EF5BD6183EB5BEA3
LS-WS-0590,C22,system/policies/weekly_swing/_refs/WS_EXIT_CAPTURE_SHADOW_C22_DESIGN_NOTE.md,4FC322AFE26B3CAA0573219573226E04E55AFCCE,176,3,23,52,LX-WS-0590-EVD-01,EVIDENCE,records/evidence/runs/LX-WS-0590-EVD-01_C22.md,F9BBD8118304109046D2FD3C10E75AC6D2D559F9
LS-WS-0590,C22,system/policies/weekly_swing/_refs/WS_EXIT_CAPTURE_SHADOW_C22_DESIGN_NOTE.md,4FC322AFE26B3CAA0573219573226E04E55AFCCE,176,4,53,97,LX-WS-0590-RES-02,RESEARCH,records/history/archive/LX-WS-0590-RES-02_C22.md,1141F137A7DC42985B65BDB2EF5BD6183EB5BEA3
LS-WS-0590,C22,system/policies/weekly_swing/_refs/WS_EXIT_CAPTURE_SHADOW_C22_DESIGN_NOTE.md,4FC322AFE26B3CAA0573219573226E04E55AFCCE,176,5,98,113,LX-WS-0590-RES-02,RESEARCH,records/history/archive/LX-WS-0590-RES-02_C22.md,1141F137A7DC42985B65BDB2EF5BD6183EB5BEA3
LS-WS-0590,C22,system/policies/weekly_swing/_refs/WS_EXIT_CAPTURE_SHADOW_C22_DESIGN_NOTE.md,4FC322AFE26B3CAA0573219573226E04E55AFCCE,176,6,114,130,LX-WS-0590-RES-02,RESEARCH,records/history/archive/LX-WS-0590-RES-02_C22.md,1141F137A7DC42985B65BDB2EF5BD6183EB5BEA3
LS-WS-0590,C22,system/policies/weekly_swing/_refs/WS_EXIT_CAPTURE_SHADOW_C22_DESIGN_NOTE.md,4FC322AFE26B3CAA0573219573226E04E55AFCCE,176,7,131,158,LX-WS-0590-RES-02,RESEARCH,records/history/archive/LX-WS-0590-RES-02_C22.md,1141F137A7DC42985B65BDB2EF5BD6183EB5BEA3
LS-WS-0590,C22,system/policies/weekly_swing/_refs/WS_EXIT_CAPTURE_SHADOW_C22_DESIGN_NOTE.md,4FC322AFE26B3CAA0573219573226E04E55AFCCE,176,8,159,171,LX-WS-0590-RES-02,RESEARCH,records/history/archive/LX-WS-0590-RES-02_C22.md,1141F137A7DC42985B65BDB2EF5BD6183EB5BEA3
LS-WS-0590,C22,system/policies/weekly_swing/_refs/WS_EXIT_CAPTURE_SHADOW_C22_DESIGN_NOTE.md,4FC322AFE26B3CAA0573219573226E04E55AFCCE,176,9,172,176,LX-WS-0590-RES-02,RESEARCH,records/history/archive/LX-WS-0590-RES-02_C22.md,1141F137A7DC42985B65BDB2EF5BD6183EB5BEA3
LS-WS-0592,C23,system/policies/weekly_swing/_refs/WS_FIRST_PROFIT_CAPTURE_RULE_C23_DESIGN_NOTE.md,E5DEE2F949285226434B09EEAC841BF9A90327A5,123,1,1,4,LX-WS-0592-CTX-04,CONTEXT,records/history/archive/LX-WS-0592-CTX-04_C23.md,6ABD7D5E5E704CFA9906AC2082F343EC6ECF41B4
LS-WS-0592,C23,system/policies/weekly_swing/_refs/WS_FIRST_PROFIT_CAPTURE_RULE_C23_DESIGN_NOTE.md,E5DEE2F949285226434B09EEAC841BF9A90327A5,123,2,5,19,LX-WS-0592-RES-03,RESEARCH,records/history/archive/LX-WS-0592-RES-03_C23.md,7412FDAC5A22FD4E91ED1E2A52FFED46824100EA
LS-WS-0592,C23,system/policies/weekly_swing/_refs/WS_FIRST_PROFIT_CAPTURE_RULE_C23_DESIGN_NOTE.md,E5DEE2F949285226434B09EEAC841BF9A90327A5,123,3,20,39,LX-WS-0592-RES-03,RESEARCH,records/history/archive/LX-WS-0592-RES-03_C23.md,7412FDAC5A22FD4E91ED1E2A52FFED46824100EA
LS-WS-0592,C23,system/policies/weekly_swing/_refs/WS_FIRST_PROFIT_CAPTURE_RULE_C23_DESIGN_NOTE.md,E5DEE2F949285226434B09EEAC841BF9A90327A5,123,4,40,53,LX-WS-0592-RES-03,RESEARCH,records/history/archive/LX-WS-0592-RES-03_C23.md,7412FDAC5A22FD4E91ED1E2A52FFED46824100EA
LS-WS-0592,C23,system/policies/weekly_swing/_refs/WS_FIRST_PROFIT_CAPTURE_RULE_C23_DESIGN_NOTE.md,E5DEE2F949285226434B09EEAC841BF9A90327A5,123,5,54,77,LX-WS-0592-RES-03,RESEARCH,records/history/archive/LX-WS-0592-RES-03_C23.md,7412FDAC5A22FD4E91ED1E2A52FFED46824100EA
LS-WS-0592,C23,system/policies/weekly_swing/_refs/WS_FIRST_PROFIT_CAPTURE_RULE_C23_DESIGN_NOTE.md,E5DEE2F949285226434B09EEAC841BF9A90327A5,123,6,78,92,LX-WS-0592-FND-01,FINDING,records/history/archive/LX-WS-0592-FND-01_C23.md,D47B2AA6B6E53A6C3A6FB802ABDC929BB920BD6D
LS-WS-0592,C23,system/policies/weekly_swing/_refs/WS_FIRST_PROFIT_CAPTURE_RULE_C23_DESIGN_NOTE.md,E5DEE2F949285226434B09EEAC841BF9A90327A5,123,7,93,107,LX-WS-0592-RES-03,RESEARCH,records/history/archive/LX-WS-0592-RES-03_C23.md,7412FDAC5A22FD4E91ED1E2A52FFED46824100EA
LS-WS-0592,C23,system/policies/weekly_swing/_refs/WS_FIRST_PROFIT_CAPTURE_RULE_C23_DESIGN_NOTE.md,E5DEE2F949285226434B09EEAC841BF9A90327A5,123,8,108,123,LX-WS-0592-IMP-02,IMPLEMENTATION,records/history/archive/LX-WS-0592-IMP-02_C23.md,0887D8C777C90C32B439E4983DF5465FE11CDCDC
LS-WS-0596,R01,system/policies/weekly_swing/_refs/WS_NEW_STRATEGY_R01_RESEARCH_HYPOTHESIS_NOTE.md,CEDFD7E7ED1BB69CAB6FCC75039347377AD354A9,92,1,1,2,LX-WS-0596-CTX-03,CONTEXT,records/history/archive/LX-WS-0596-CTX-03_R01.md,79903774A9E84D3DB8BBFDE85E95AB386E47F3A6
LS-WS-0596,R01,system/policies/weekly_swing/_refs/WS_NEW_STRATEGY_R01_RESEARCH_HYPOTHESIS_NOTE.md,CEDFD7E7ED1BB69CAB6FCC75039347377AD354A9,92,2,3,16,LX-WS-0596-RES-02,RESEARCH,records/history/archive/LX-WS-0596-RES-02_R01.md,322317F3A82FAF6C209E76E3D820616D30FE6D80
LS-WS-0596,R01,system/policies/weekly_swing/_refs/WS_NEW_STRATEGY_R01_RESEARCH_HYPOTHESIS_NOTE.md,CEDFD7E7ED1BB69CAB6FCC75039347377AD354A9,92,3,17,32,LX-WS-0596-RES-02,RESEARCH,records/history/archive/LX-WS-0596-RES-02_R01.md,322317F3A82FAF6C209E76E3D820616D30FE6D80
LS-WS-0596,R01,system/policies/weekly_swing/_refs/WS_NEW_STRATEGY_R01_RESEARCH_HYPOTHESIS_NOTE.md,CEDFD7E7ED1BB69CAB6FCC75039347377AD354A9,92,4,33,55,LX-WS-0596-RES-02,RESEARCH,records/history/archive/LX-WS-0596-RES-02_R01.md,322317F3A82FAF6C209E76E3D820616D30FE6D80
LS-WS-0596,R01,system/policies/weekly_swing/_refs/WS_NEW_STRATEGY_R01_RESEARCH_HYPOTHESIS_NOTE.md,CEDFD7E7ED1BB69CAB6FCC75039347377AD354A9,92,5,56,75,LX-WS-0596-FND-01,FINDING,records/history/archive/LX-WS-0596-FND-01_R01.md,3DE4BAF3EDDA115774382CA4872FB3C216273056
LS-WS-0596,R01,system/policies/weekly_swing/_refs/WS_NEW_STRATEGY_R01_RESEARCH_HYPOTHESIS_NOTE.md,CEDFD7E7ED1BB69CAB6FCC75039347377AD354A9,92,6,76,92,LX-WS-0596-RES-02,RESEARCH,records/history/archive/LX-WS-0596-RES-02_R01.md,322317F3A82FAF6C209E76E3D820616D30FE6D80
LS-WS-0597,R02,system/policies/weekly_swing/_refs/WS_NEW_STRATEGY_R02_CANDIDATE_LOCK.md,76D66C3F5608BC32801ADD2A7D2D29BCE75897B3,116,1,1,2,LX-WS-0597-CTX-03,CONTEXT,records/history/archive/LX-WS-0597-CTX-03_R02.md,DB7999C30C9466778A0BA821A83EAC3434A93747
LS-WS-0597,R02,system/policies/weekly_swing/_refs/WS_NEW_STRATEGY_R02_CANDIDATE_LOCK.md,76D66C3F5608BC32801ADD2A7D2D29BCE75897B3,116,2,3,16,LX-WS-0597-IMP-01,IMPLEMENTATION,records/history/archive/LX-WS-0597-IMP-01_R02.md,0666300D5398428E734C79DC8737D0CAB9D8BE9F
LS-WS-0597,R02,system/policies/weekly_swing/_refs/WS_NEW_STRATEGY_R02_CANDIDATE_LOCK.md,76D66C3F5608BC32801ADD2A7D2D29BCE75897B3,116,3,17,28,LX-WS-0597-IMP-01,IMPLEMENTATION,records/history/archive/LX-WS-0597-IMP-01_R02.md,0666300D5398428E734C79DC8737D0CAB9D8BE9F
LS-WS-0597,R02,system/policies/weekly_swing/_refs/WS_NEW_STRATEGY_R02_CANDIDATE_LOCK.md,76D66C3F5608BC32801ADD2A7D2D29BCE75897B3,116,4,29,40,LX-WS-0597-IMP-01,IMPLEMENTATION,records/history/archive/LX-WS-0597-IMP-01_R02.md,0666300D5398428E734C79DC8737D0CAB9D8BE9F
LS-WS-0597,R02,system/policies/weekly_swing/_refs/WS_NEW_STRATEGY_R02_CANDIDATE_LOCK.md,76D66C3F5608BC32801ADD2A7D2D29BCE75897B3,116,5,41,54,LX-WS-0597-IMP-01,IMPLEMENTATION,records/history/archive/LX-WS-0597-IMP-01_R02.md,0666300D5398428E734C79DC8737D0CAB9D8BE9F
LS-WS-0597,R02,system/policies/weekly_swing/_refs/WS_NEW_STRATEGY_R02_CANDIDATE_LOCK.md,76D66C3F5608BC32801ADD2A7D2D29BCE75897B3,116,6,55,69,LX-WS-0597-IMP-01,IMPLEMENTATION,records/history/archive/LX-WS-0597-IMP-01_R02.md,0666300D5398428E734C79DC8737D0CAB9D8BE9F
LS-WS-0597,R02,system/policies/weekly_swing/_refs/WS_NEW_STRATEGY_R02_CANDIDATE_LOCK.md,76D66C3F5608BC32801ADD2A7D2D29BCE75897B3,116,7,70,116,LX-WS-0597-RES-02,RESEARCH,records/history/archive/LX-WS-0597-RES-02_R02.md,655F271968698DEB8BD3C01211B2464CE064A8C9
LS-WS-0598,C25,system/policies/weekly_swing/_refs/WS_NO_SIGNAL_FALLBACK_DELAY_C25_DESIGN_NOTE.md,A5CE29888B9855F01B3AD2FEFB93094ADF8220EC,119,1,1,4,LX-WS-0598-CTX-03,CONTEXT,records/history/archive/LX-WS-0598-CTX-03_C25.md,6AA7E040437336D546EADA7F9A65291C93BBDE67
LS-WS-0598,C25,system/policies/weekly_swing/_refs/WS_NO_SIGNAL_FALLBACK_DELAY_C25_DESIGN_NOTE.md,A5CE29888B9855F01B3AD2FEFB93094ADF8220EC,119,2,5,17,LX-WS-0598-FND-01,FINDING,records/history/archive/LX-WS-0598-FND-01_C25.md,B9745AB6E358648C4AFD16123409F8E1C41B10B3
LS-WS-0598,C25,system/policies/weekly_swing/_refs/WS_NO_SIGNAL_FALLBACK_DELAY_C25_DESIGN_NOTE.md,A5CE29888B9855F01B3AD2FEFB93094ADF8220EC,119,3,18,35,LX-WS-0598-RES-02,RESEARCH,records/history/archive/LX-WS-0598-RES-02_C25.md,C44FB37AA932AA49B21F4246031FCC54D16EC554
LS-WS-0598,C25,system/policies/weekly_swing/_refs/WS_NO_SIGNAL_FALLBACK_DELAY_C25_DESIGN_NOTE.md,A5CE29888B9855F01B3AD2FEFB93094ADF8220EC,119,4,36,41,LX-WS-0598-RES-02,RESEARCH,records/history/archive/LX-WS-0598-RES-02_C25.md,C44FB37AA932AA49B21F4246031FCC54D16EC554
LS-WS-0598,C25,system/policies/weekly_swing/_refs/WS_NO_SIGNAL_FALLBACK_DELAY_C25_DESIGN_NOTE.md,A5CE29888B9855F01B3AD2FEFB93094ADF8220EC,119,5,42,71,LX-WS-0598-FND-01,FINDING,records/history/archive/LX-WS-0598-FND-01_C25.md,B9745AB6E358648C4AFD16123409F8E1C41B10B3
LS-WS-0598,C25,system/policies/weekly_swing/_refs/WS_NO_SIGNAL_FALLBACK_DELAY_C25_DESIGN_NOTE.md,A5CE29888B9855F01B3AD2FEFB93094ADF8220EC,119,6,72,91,LX-WS-0598-RES-02,RESEARCH,records/history/archive/LX-WS-0598-RES-02_C25.md,C44FB37AA932AA49B21F4246031FCC54D16EC554
LS-WS-0598,C25,system/policies/weekly_swing/_refs/WS_NO_SIGNAL_FALLBACK_DELAY_C25_DESIGN_NOTE.md,A5CE29888B9855F01B3AD2FEFB93094ADF8220EC,119,7,92,116,LX-WS-0598-RES-02,RESEARCH,records/history/archive/LX-WS-0598-RES-02_C25.md,C44FB37AA932AA49B21F4246031FCC54D16EC554
LS-WS-0598,C25,system/policies/weekly_swing/_refs/WS_NO_SIGNAL_FALLBACK_DELAY_C25_DESIGN_NOTE.md,A5CE29888B9855F01B3AD2FEFB93094ADF8220EC,119,8,117,119,LX-WS-0598-RES-02,RESEARCH,records/history/archive/LX-WS-0598-RES-02_C25.md,C44FB37AA932AA49B21F4246031FCC54D16EC554
LS-WS-0602,P01,system/policies/weekly_swing/_refs/WS_PRICE_QUALITY_P01_PREREGISTRATION_LOCK.md,D09E354F4A3A8C86D37F9C0B2708B0CF80388A12,97,1,1,22,LX-WS-0602-CTX-04,CONTEXT,records/history/archive/LX-WS-0602-CTX-04_P01.md,6454F124E0522C5A1DB2264F06CD0C86018268E5
LS-WS-0602,P01,system/policies/weekly_swing/_refs/WS_PRICE_QUALITY_P01_PREREGISTRATION_LOCK.md,D09E354F4A3A8C86D37F9C0B2708B0CF80388A12,97,2,23,36,LX-WS-0602-RES-03,RESEARCH,records/history/archive/LX-WS-0602-RES-03_P01.md,21CD471401D8EE34ED31CBA60D7651D9AD185E9E
LS-WS-0602,P01,system/policies/weekly_swing/_refs/WS_PRICE_QUALITY_P01_PREREGISTRATION_LOCK.md,D09E354F4A3A8C86D37F9C0B2708B0CF80388A12,97,3,37,58,LX-WS-0602-FND-02,FINDING,records/history/archive/LX-WS-0602-FND-02_P01.md,24895AE6B42B3178D9EAE9A4A527596AB0B2D892
LS-WS-0602,P01,system/policies/weekly_swing/_refs/WS_PRICE_QUALITY_P01_PREREGISTRATION_LOCK.md,D09E354F4A3A8C86D37F9C0B2708B0CF80388A12,97,4,59,77,LX-WS-0602-DEC-01,DECISION,records/decisions/LX-WS-0602-DEC-01_P01.md,48D6053CC0FB0E0B13383671F540F6FCF51A29F5
LS-WS-0602,P01,system/policies/weekly_swing/_refs/WS_PRICE_QUALITY_P01_PREREGISTRATION_LOCK.md,D09E354F4A3A8C86D37F9C0B2708B0CF80388A12,97,5,78,97,LX-WS-0602-RES-03,RESEARCH,records/history/archive/LX-WS-0602-RES-03_P01.md,21CD471401D8EE34ED31CBA60D7651D9AD185E9E
LS-WS-0603,P01,system/policies/weekly_swing/_refs/WS_PRICE_QUALITY_P01_REMEDIATION_LOCK.md,F14B46704D9B720A53AA3EEE6C046E29F862F084,78,1,1,2,LX-WS-0603-CTX-03,CONTEXT,records/history/archive/LX-WS-0603-CTX-03_P01.md,D005BABDF4BF92B233DFFFA2C1C52CF6B12F86EC
LS-WS-0603,P01,system/policies/weekly_swing/_refs/WS_PRICE_QUALITY_P01_REMEDIATION_LOCK.md,F14B46704D9B720A53AA3EEE6C046E29F862F084,78,2,3,24,LX-WS-0603-RES-02,RESEARCH,records/history/archive/LX-WS-0603-RES-02_P01.md,696199D1FAA26953131BAB6CA00FFEC074400E74
LS-WS-0603,P01,system/policies/weekly_swing/_refs/WS_PRICE_QUALITY_P01_REMEDIATION_LOCK.md,F14B46704D9B720A53AA3EEE6C046E29F862F084,78,3,25,61,LX-WS-0603-EVD-01,EVIDENCE,records/evidence/runs/LX-WS-0603-EVD-01_P01.md,A50145AEF598BB68DA066079F4672968C20E1984
LS-WS-0603,P01,system/policies/weekly_swing/_refs/WS_PRICE_QUALITY_P01_REMEDIATION_LOCK.md,F14B46704D9B720A53AA3EEE6C046E29F862F084,78,4,62,78,LX-WS-0603-RES-02,RESEARCH,records/history/archive/LX-WS-0603-RES-02_P01.md,696199D1FAA26953131BAB6CA00FFEC074400E74
LS-WS-0604,R2,system/policies/weekly_swing/_refs/WS_R2_ENTRY_QUALITY_CALIBRATION_NOTE.md,74783FDEA5FEA8C3F39255D52386E24E31018678,245,1,1,2,LX-WS-0604-CTX-05,CONTEXT,records/history/archive/LX-WS-0604-CTX-05_R2.md,92926F33961CE05A95566798452B231396C898D9
LS-WS-0604,R2,system/policies/weekly_swing/_refs/WS_R2_ENTRY_QUALITY_CALIBRATION_NOTE.md,74783FDEA5FEA8C3F39255D52386E24E31018678,245,2,3,16,LX-WS-0604-RES-03,RESEARCH,records/history/archive/LX-WS-0604-RES-03_R2.md,75F1C3C230F6263883D487D9B3BC796ECF8DED5F
LS-WS-0604,R2,system/policies/weekly_swing/_refs/WS_R2_ENTRY_QUALITY_CALIBRATION_NOTE.md,74783FDEA5FEA8C3F39255D52386E24E31018678,245,3,17,31,LX-WS-0604-EVD-01,EVIDENCE,records/evidence/runs/LX-WS-0604-EVD-01_R2.md,6369EFB2E8DAEE9B67CF9FD40858F90BA912FC09
LS-WS-0604,R2,system/policies/weekly_swing/_refs/WS_R2_ENTRY_QUALITY_CALIBRATION_NOTE.md,74783FDEA5FEA8C3F39255D52386E24E31018678,245,4,32,60,LX-WS-0604-RES-03,RESEARCH,records/history/archive/LX-WS-0604-RES-03_R2.md,75F1C3C230F6263883D487D9B3BC796ECF8DED5F
LS-WS-0604,R2,system/policies/weekly_swing/_refs/WS_R2_ENTRY_QUALITY_CALIBRATION_NOTE.md,74783FDEA5FEA8C3F39255D52386E24E31018678,245,5,61,73,LX-WS-0604-STR-04,STRATEGY,records/history/archive/LX-WS-0604-STR-04_R2.md,5EA60CD5D885575B46182510C10FBDB570D001B8
LS-WS-0604,R2,system/policies/weekly_swing/_refs/WS_R2_ENTRY_QUALITY_CALIBRATION_NOTE.md,74783FDEA5FEA8C3F39255D52386E24E31018678,245,6,74,85,LX-WS-0604-RES-03,RESEARCH,records/history/archive/LX-WS-0604-RES-03_R2.md,75F1C3C230F6263883D487D9B3BC796ECF8DED5F
LS-WS-0604,R2,system/policies/weekly_swing/_refs/WS_R2_ENTRY_QUALITY_CALIBRATION_NOTE.md,74783FDEA5FEA8C3F39255D52386E24E31018678,245,7,86,94,LX-WS-0604-IMP-02,IMPLEMENTATION,records/history/archive/LX-WS-0604-IMP-02_R2.md,1CE4BC684686680605ED90C9EF7825AB3465C6D7
LS-WS-0604,R2,system/policies/weekly_swing/_refs/WS_R2_ENTRY_QUALITY_CALIBRATION_NOTE.md,74783FDEA5FEA8C3F39255D52386E24E31018678,245,8,95,108,LX-WS-0604-RES-03,RESEARCH,records/history/archive/LX-WS-0604-RES-03_R2.md,75F1C3C230F6263883D487D9B3BC796ECF8DED5F
LS-WS-0604,R2,system/policies/weekly_swing/_refs/WS_R2_ENTRY_QUALITY_CALIBRATION_NOTE.md,74783FDEA5FEA8C3F39255D52386E24E31018678,245,9,109,114,LX-WS-0604-EVD-01,EVIDENCE,records/evidence/runs/LX-WS-0604-EVD-01_R2.md,6369EFB2E8DAEE9B67CF9FD40858F90BA912FC09
LS-WS-0604,R2,system/policies/weekly_swing/_refs/WS_R2_ENTRY_QUALITY_CALIBRATION_NOTE.md,74783FDEA5FEA8C3F39255D52386E24E31018678,245,10,115,132,LX-WS-0604-RES-03,RESEARCH,records/history/archive/LX-WS-0604-RES-03_R2.md,75F1C3C230F6263883D487D9B3BC796ECF8DED5F
LS-WS-0604,R2,system/policies/weekly_swing/_refs/WS_R2_ENTRY_QUALITY_CALIBRATION_NOTE.md,74783FDEA5FEA8C3F39255D52386E24E31018678,245,11,133,199,LX-WS-0604-EVD-01,EVIDENCE,records/evidence/runs/LX-WS-0604-EVD-01_R2.md,6369EFB2E8DAEE9B67CF9FD40858F90BA912FC09
LS-WS-0604,R2,system/policies/weekly_swing/_refs/WS_R2_ENTRY_QUALITY_CALIBRATION_NOTE.md,74783FDEA5FEA8C3F39255D52386E24E31018678,245,12,200,215,LX-WS-0604-RES-03,RESEARCH,records/history/archive/LX-WS-0604-RES-03_R2.md,75F1C3C230F6263883D487D9B3BC796ECF8DED5F
LS-WS-0604,R2,system/policies/weekly_swing/_refs/WS_R2_ENTRY_QUALITY_CALIBRATION_NOTE.md,74783FDEA5FEA8C3F39255D52386E24E31018678,245,13,216,245,LX-WS-0604-RES-03,RESEARCH,records/history/archive/LX-WS-0604-RES-03_R2.md,75F1C3C230F6263883D487D9B3BC796ECF8DED5F
LS-WS-0605,C20,system/policies/weekly_swing/_refs/WS_REGIME_TRADE_DATE_QUALITY_GATE_C20_DESIGN_NOTE.md,7961208135082533464F0981DB8C79F785069729,124,1,1,2,LX-WS-0605-CTX-04,CONTEXT,records/history/archive/LX-WS-0605-CTX-04_C20.md,50545AB2BCE0C07514396F4A5DF71E23E6D927EF
LS-WS-0605,C20,system/policies/weekly_swing/_refs/WS_REGIME_TRADE_DATE_QUALITY_GATE_C20_DESIGN_NOTE.md,7961208135082533464F0981DB8C79F785069729,124,2,3,18,LX-WS-0605-RES-03,RESEARCH,records/history/archive/LX-WS-0605-RES-03_C20.md,AB141A13C276DD56E91A4CA66726E980DD22A512
LS-WS-0605,C20,system/policies/weekly_swing/_refs/WS_REGIME_TRADE_DATE_QUALITY_GATE_C20_DESIGN_NOTE.md,7961208135082533464F0981DB8C79F785069729,124,3,19,22,LX-WS-0605-RES-03,RESEARCH,records/history/archive/LX-WS-0605-RES-03_C20.md,AB141A13C276DD56E91A4CA66726E980DD22A512
LS-WS-0605,C20,system/policies/weekly_swing/_refs/WS_REGIME_TRADE_DATE_QUALITY_GATE_C20_DESIGN_NOTE.md,7961208135082533464F0981DB8C79F785069729,124,4,23,47,LX-WS-0605-RES-03,RESEARCH,records/history/archive/LX-WS-0605-RES-03_C20.md,AB141A13C276DD56E91A4CA66726E980DD22A512
LS-WS-0605,C20,system/policies/weekly_swing/_refs/WS_REGIME_TRADE_DATE_QUALITY_GATE_C20_DESIGN_NOTE.md,7961208135082533464F0981DB8C79F785069729,124,5,48,61,LX-WS-0605-RES-03,RESEARCH,records/history/archive/LX-WS-0605-RES-03_C20.md,AB141A13C276DD56E91A4CA66726E980DD22A512
LS-WS-0605,C20,system/policies/weekly_swing/_refs/WS_REGIME_TRADE_DATE_QUALITY_GATE_C20_DESIGN_NOTE.md,7961208135082533464F0981DB8C79F785069729,124,6,62,73,LX-WS-0605-RES-03,RESEARCH,records/history/archive/LX-WS-0605-RES-03_C20.md,AB141A13C276DD56E91A4CA66726E980DD22A512
LS-WS-0605,C20,system/policies/weekly_swing/_refs/WS_REGIME_TRADE_DATE_QUALITY_GATE_C20_DESIGN_NOTE.md,7961208135082533464F0981DB8C79F785069729,124,7,74,105,LX-WS-0605-EVD-01,EVIDENCE,records/evidence/runs/LX-WS-0605-EVD-01_C20.md,67BCE29FD1DBE72CE9308530AEE8A1A13BE1A245
LS-WS-0605,C20,system/policies/weekly_swing/_refs/WS_REGIME_TRADE_DATE_QUALITY_GATE_C20_DESIGN_NOTE.md,7961208135082533464F0981DB8C79F785069729,124,8,106,124,LX-WS-0605-FND-02,FINDING,records/history/archive/LX-WS-0605-FND-02_C20.md,A93DA0B7BA02E339BFB3353547A2EB1D06596701
LS-WS-0607,C19,system/policies/weekly_swing/_refs/WS_SELECTION_MODEL_REDESIGN_C19_DESIGN_NOTE.md,EF394E8ED171D21EB2CF9E40F9AC901344D0BAD5,274,1,1,2,LX-WS-0607-CTX-03,CONTEXT,records/history/archive/LX-WS-0607-CTX-03_C19.md,9C614C320A70FF2BBD989CF5D1C48BA8725328A9
LS-WS-0607,C19,system/policies/weekly_swing/_refs/WS_SELECTION_MODEL_REDESIGN_C19_DESIGN_NOTE.md,EF394E8ED171D21EB2CF9E40F9AC901344D0BAD5,274,2,3,18,LX-WS-0607-RES-02,RESEARCH,records/history/archive/LX-WS-0607-RES-02_C19.md,931F747778BFB77BFDB60D051F22BCF8AD51ED3C
LS-WS-0607,C19,system/policies/weekly_swing/_refs/WS_SELECTION_MODEL_REDESIGN_C19_DESIGN_NOTE.md,EF394E8ED171D21EB2CF9E40F9AC901344D0BAD5,274,3,19,30,LX-WS-0607-RES-02,RESEARCH,records/history/archive/LX-WS-0607-RES-02_C19.md,931F747778BFB77BFDB60D051F22BCF8AD51ED3C
LS-WS-0607,C19,system/policies/weekly_swing/_refs/WS_SELECTION_MODEL_REDESIGN_C19_DESIGN_NOTE.md,EF394E8ED171D21EB2CF9E40F9AC901344D0BAD5,274,4,31,59,LX-WS-0607-RES-02,RESEARCH,records/history/archive/LX-WS-0607-RES-02_C19.md,931F747778BFB77BFDB60D051F22BCF8AD51ED3C
LS-WS-0607,C19,system/policies/weekly_swing/_refs/WS_SELECTION_MODEL_REDESIGN_C19_DESIGN_NOTE.md,EF394E8ED171D21EB2CF9E40F9AC901344D0BAD5,274,5,60,72,LX-WS-0607-RES-02,RESEARCH,records/history/archive/LX-WS-0607-RES-02_C19.md,931F747778BFB77BFDB60D051F22BCF8AD51ED3C
LS-WS-0607,C19,system/policies/weekly_swing/_refs/WS_SELECTION_MODEL_REDESIGN_C19_DESIGN_NOTE.md,EF394E8ED171D21EB2CF9E40F9AC901344D0BAD5,274,6,73,95,LX-WS-0607-RES-02,RESEARCH,records/history/archive/LX-WS-0607-RES-02_C19.md,931F747778BFB77BFDB60D051F22BCF8AD51ED3C
LS-WS-0607,C19,system/policies/weekly_swing/_refs/WS_SELECTION_MODEL_REDESIGN_C19_DESIGN_NOTE.md,EF394E8ED171D21EB2CF9E40F9AC901344D0BAD5,274,7,96,107,LX-WS-0607-RES-02,RESEARCH,records/history/archive/LX-WS-0607-RES-02_C19.md,931F747778BFB77BFDB60D051F22BCF8AD51ED3C
LS-WS-0607,C19,system/policies/weekly_swing/_refs/WS_SELECTION_MODEL_REDESIGN_C19_DESIGN_NOTE.md,EF394E8ED171D21EB2CF9E40F9AC901344D0BAD5,274,8,108,135,LX-WS-0607-FND-01,FINDING,records/history/archive/LX-WS-0607-FND-01_C19.md,2DF75FBB5FDD92BE6362B60F0E8CC13636CDE205
LS-WS-0607,C19,system/policies/weekly_swing/_refs/WS_SELECTION_MODEL_REDESIGN_C19_DESIGN_NOTE.md,EF394E8ED171D21EB2CF9E40F9AC901344D0BAD5,274,9,136,141,LX-WS-0607-FND-01,FINDING,records/history/archive/LX-WS-0607-FND-01_C19.md,2DF75FBB5FDD92BE6362B60F0E8CC13636CDE205
LS-WS-0607,C19,system/policies/weekly_swing/_refs/WS_SELECTION_MODEL_REDESIGN_C19_DESIGN_NOTE.md,EF394E8ED171D21EB2CF9E40F9AC901344D0BAD5,274,10,142,190,LX-WS-0607-FND-01,FINDING,records/history/archive/LX-WS-0607-FND-01_C19.md,2DF75FBB5FDD92BE6362B60F0E8CC13636CDE205
LS-WS-0607,C19,system/policies/weekly_swing/_refs/WS_SELECTION_MODEL_REDESIGN_C19_DESIGN_NOTE.md,EF394E8ED171D21EB2CF9E40F9AC901344D0BAD5,274,11,191,207,LX-WS-0607-RES-02,RESEARCH,records/history/archive/LX-WS-0607-RES-02_C19.md,931F747778BFB77BFDB60D051F22BCF8AD51ED3C
LS-WS-0607,C19,system/policies/weekly_swing/_refs/WS_SELECTION_MODEL_REDESIGN_C19_DESIGN_NOTE.md,EF394E8ED171D21EB2CF9E40F9AC901344D0BAD5,274,12,208,227,LX-WS-0607-RES-02,RESEARCH,records/history/archive/LX-WS-0607-RES-02_C19.md,931F747778BFB77BFDB60D051F22BCF8AD51ED3C
LS-WS-0607,C19,system/policies/weekly_swing/_refs/WS_SELECTION_MODEL_REDESIGN_C19_DESIGN_NOTE.md,EF394E8ED171D21EB2CF9E40F9AC901344D0BAD5,274,13,228,242,LX-WS-0607-RES-02,RESEARCH,records/history/archive/LX-WS-0607-RES-02_C19.md,931F747778BFB77BFDB60D051F22BCF8AD51ED3C
LS-WS-0607,C19,system/policies/weekly_swing/_refs/WS_SELECTION_MODEL_REDESIGN_C19_DESIGN_NOTE.md,EF394E8ED171D21EB2CF9E40F9AC901344D0BAD5,274,14,243,274,LX-WS-0607-RES-02,RESEARCH,records/history/archive/LX-WS-0607-RES-02_C19.md,931F747778BFB77BFDB60D051F22BCF8AD51ED3C
LS-WS-0671,,system/README.md,588366C6EA4AA9E1D65FC38E29F8007F4252FCC6,84,1,1,4,LX-WS-0671-CTX-03,CONTEXT,records/history/archive/LX-WS-0671-CTX-03_LEGACY.md,8B236784500011615F197AFFE8517E2507E44360
LS-WS-0671,,system/README.md,588366C6EA4AA9E1D65FC38E29F8007F4252FCC6,84,2,5,13,LX-WS-0671-CTX-03,CONTEXT,records/history/archive/LX-WS-0671-CTX-03_LEGACY.md,8B236784500011615F197AFFE8517E2507E44360
LS-WS-0671,,system/README.md,588366C6EA4AA9E1D65FC38E29F8007F4252FCC6,84,3,14,19,LX-WS-0671-CTX-03,CONTEXT,records/history/archive/LX-WS-0671-CTX-03_LEGACY.md,8B236784500011615F197AFFE8517E2507E44360
LS-WS-0671,,system/README.md,588366C6EA4AA9E1D65FC38E29F8007F4252FCC6,84,4,20,31,LX-WS-0671-CTX-03,CONTEXT,records/history/archive/LX-WS-0671-CTX-03_LEGACY.md,8B236784500011615F197AFFE8517E2507E44360
LS-WS-0671,,system/README.md,588366C6EA4AA9E1D65FC38E29F8007F4252FCC6,84,5,32,46,LX-WS-0671-CTX-03,CONTEXT,records/history/archive/LX-WS-0671-CTX-03_LEGACY.md,8B236784500011615F197AFFE8517E2507E44360
LS-WS-0671,,system/README.md,588366C6EA4AA9E1D65FC38E29F8007F4252FCC6,84,6,47,51,LX-WS-0671-IMP-02,IMPLEMENTATION,records/history/archive/LX-WS-0671-IMP-02_LEGACY.md,EF5690EE664035D2AD7337ABF6DBDC5C0037FFF6
LS-WS-0671,,system/README.md,588366C6EA4AA9E1D65FC38E29F8007F4252FCC6,84,7,52,58,LX-WS-0671-IMP-02,IMPLEMENTATION,records/history/archive/LX-WS-0671-IMP-02_LEGACY.md,EF5690EE664035D2AD7337ABF6DBDC5C0037FFF6
LS-WS-0671,,system/README.md,588366C6EA4AA9E1D65FC38E29F8007F4252FCC6,84,8,59,63,LX-WS-0671-CTX-03,CONTEXT,records/history/archive/LX-WS-0671-CTX-03_LEGACY.md,8B236784500011615F197AFFE8517E2507E44360
LS-WS-0671,,system/README.md,588366C6EA4AA9E1D65FC38E29F8007F4252FCC6,84,9,64,73,LX-WS-0671-DEC-01,DECISION,records/decisions/LX-WS-0671-DEC-01_LEGACY.md,80AB96470C693BAB2E47B3C675A12C0AA280AF29
LS-WS-0671,,system/README.md,588366C6EA4AA9E1D65FC38E29F8007F4252FCC6,84,10,74,81,LX-WS-0671-IMP-02,IMPLEMENTATION,records/history/archive/LX-WS-0671-IMP-02_LEGACY.md,EF5690EE664035D2AD7337ABF6DBDC5C0037FFF6
LS-WS-0671,,system/README.md,588366C6EA4AA9E1D65FC38E29F8007F4252FCC6,84,11,82,84,LX-WS-0671-IMP-02,IMPLEMENTATION,records/history/archive/LX-WS-0671-IMP-02_LEGACY.md,EF5690EE664035D2AD7337ABF6DBDC5C0037FFF6
