old_path,new_path,reason
docs/watchlist/decisions/weekly_swing/README.md,docs/watchlist/decisions/README.md,architecture_simplified
docs/watchlist/decisions/weekly_swing/WS_BREAKOUT_INTEGRITY_B01_PROMOTION_READINESS_LOCK.md,docs/watchlist/decisions/WS_BREAKOUT_INTEGRITY_B01_PROMOTION_READINESS_LOCK.md,architecture_simplified
docs/watchlist/decisions/weekly_swing/WS_C101_WEEKLY_SWING_WATCHLIST_NON_LIVE_REHEARSAL_OPERATOR_GO_NO_GO_REVIEW.md,docs/watchlist/decisions/C101_REH_OP_GO_NO_GO.md,architecture_simplified
docs/watchlist/decisions/weekly_swing/WS_C102_WEEKLY_SWING_WATCHLIST_NON_LIVE_REHEARSAL_GO_DECISION_FINALIZATION_REVIEW.md,docs/watchlist/decisions/C102_REH_GO_FINAL.md,architecture_simplified
docs/watchlist/decisions/weekly_swing/WS_C111_WEEKLY_SWING_WATCHLIST_NON_LIVE_REHEARSAL_HANDOFF_AUDIT_ARCHIVE_FINAL_CLOSURE_REVIEW.md,docs/watchlist/decisions/C111_REH_ARCH_FINAL_CLOSE.md,architecture_simplified
docs/watchlist/decisions/weekly_swing/WS_C112_WEEKLY_SWING_WATCHLIST_PRODUCTION_PHASE_APPROVAL_REVIEW.md,docs/watchlist/decisions/C112_PROD_APPROVAL.md,architecture_simplified
docs/watchlist/decisions/weekly_swing/WS_C115_WEEKLY_SWING_WATCHLIST_CONTROLLED_RUNTIME_WIRING_EXECUTION_APPROVAL_REVIEW.md,docs/watchlist/decisions/C115_WIRING_EXEC_APPROVAL.md,architecture_simplified
docs/watchlist/decisions/weekly_swing/WS_C119_WEEKLY_SWING_WATCHLIST_CONTROLLED_RUNTIME_WIRING_OPERATOR_GO_NO_GO_REVIEW.md,docs/watchlist/decisions/C119_WIRING_OP_GO_NO_GO.md,architecture_simplified
docs/watchlist/decisions/weekly_swing/WS_C120_WEEKLY_SWING_WATCHLIST_CONTROLLED_RUNTIME_WIRING_GO_DECISION_FINALIZATION_REVIEW.md,docs/watchlist/decisions/C120_WIRING_GO_FINAL.md,architecture_simplified
docs/watchlist/decisions/weekly_swing/WS_C129_WEEKLY_SWING_WATCHLIST_CONTROLLED_RUNTIME_WIRING_HANDOFF_AUDIT_ARCHIVE_FINAL_CLOSURE_REVIEW.md,docs/watchlist/decisions/C129_WIRING_ARCH_FINAL_CLOSE.md,architecture_simplified
docs/watchlist/decisions/weekly_swing/WS_C131_WEEKLY_SWING_WATCHLIST_PRODUCTION_LIVE_RUNTIME_ACTIVATION_APPROVAL_REVIEW.md,docs/watchlist/decisions/C131_LIVE_ACT_APPROVAL.md,architecture_simplified
docs/watchlist/decisions/weekly_swing/WS_C135_WEEKLY_SWING_WATCHLIST_PRODUCTION_LIVE_RUNTIME_ACTIVATION_OPERATOR_GO_NO_GO_REVIEW.md,docs/watchlist/decisions/C135_LIVE_ACT_OP_GO_NO_GO.md,architecture_simplified
docs/watchlist/decisions/weekly_swing/WS_C136_WEEKLY_SWING_WATCHLIST_PRODUCTION_LIVE_RUNTIME_ACTIVATION_GO_DECISION_FINALIZATION_REVIEW.md,docs/watchlist/decisions/C136_LIVE_ACT_GO_FINAL.md,architecture_simplified
docs/watchlist/decisions/weekly_swing/WS_C138_WEEKLY_SWING_WATCHLIST_PRODUCTION_LIVE_RUNTIME_ACTIVATION_AUTHORIZATION_REVIEW.md,docs/watchlist/decisions/C138_LIVE_ACT_AUTH.md,architecture_simplified
docs/watchlist/decisions/weekly_swing/WS_C142_WEEKLY_SWING_WATCHLIST_PRODUCTION_LIVE_RUNTIME_ACTIVATION_OPERATOR_GO_NO_GO_REVIEW.md,docs/watchlist/decisions/C142_LIVE_ACT_OP_GO_NO_GO.md,architecture_simplified
docs/watchlist/decisions/weekly_swing/WS_C143_WEEKLY_SWING_WATCHLIST_PRODUCTION_LIVE_RUNTIME_ACTIVATION_GO_DECISION_FINALIZATION_REVIEW.md,docs/watchlist/decisions/C143_LIVE_ACT_GO_FINAL.md,architecture_simplified
docs/watchlist/decisions/weekly_swing/WS_C145_WEEKLY_SWING_WATCHLIST_PRODUCTION_LIVE_RUNTIME_ACTIVATION_AUTHORIZATION_REVIEW.md,docs/watchlist/decisions/C145_LIVE_ACT_AUTH.md,architecture_simplified
docs/watchlist/decisions/weekly_swing/WS_C149_WEEKLY_SWING_WATCHLIST_PRODUCTION_LIVE_RUNTIME_ACTIVATION_OPERATOR_GO_NO_GO_REVIEW.md,docs/watchlist/decisions/C149_LIVE_ACT_OP_GO_NO_GO.md,architecture_simplified
docs/watchlist/decisions/weekly_swing/WS_C156_WEEKLY_SWING_WATCHLIST_PRODUCTION_LIVE_RUNTIME_CONTROLLED_OUTPUT_GENERATION_OPERATOR_GO_NO_GO_REVIEW.md,docs/watchlist/decisions/C156_LIVE_OUTPUT_OP_GO_NO_GO.md,architecture_simplified
docs/watchlist/decisions/weekly_swing/WS_C157_WEEKLY_SWING_WATCHLIST_PRODUCTION_LIVE_RUNTIME_CONTROLLED_OUTPUT_GENERATION_GO_DECISION_FINALIZATION_REVIEW.md,docs/watchlist/decisions/C157_LIVE_OUTPUT_GO_FINAL.md,architecture_simplified
docs/watchlist/decisions/weekly_swing/WS_C158_WEEKLY_SWING_WATCHLIST_PRODUCTION_LIVE_RUNTIME_CONTROLLED_OUTPUT_PUBLICATION_GO_DECISION_FINALIZATION_REVIEW.md,docs/watchlist/decisions/C158_LIVE_PUB_GO_FINAL.md,architecture_simplified
docs/watchlist/decisions/weekly_swing/WS_C158_WEEKLY_SWING_WATCHLIST_PRODUCTION_LIVE_RUNTIME_CONTROLLED_OUTPUT_PUBLICATION_OPERATOR_GO_NO_GO_REVIEW.md,docs/watchlist/decisions/C158_LIVE_PUB_OP_GO_NO_GO.md,architecture_simplified
docs/watchlist/decisions/weekly_swing/WS_C159_WEEKLY_SWING_WATCHLIST_PRODUCTION_LIVE_RUNTIME_CONTROLLED_OUTPUT_PUBLICATION_POST_PUBLICATION_OBSERVATION_GO_DECISION_FINALIZATION_REVIEW.md,docs/watchlist/decisions/C159_LIVE_PUB_POSTPUB_OBS_GO_FINAL.md,architecture_simplified
docs/watchlist/decisions/weekly_swing/WS_C159_WEEKLY_SWING_WATCHLIST_PRODUCTION_LIVE_RUNTIME_CONTROLLED_OUTPUT_PUBLICATION_POST_PUBLICATION_OBSERVATION_OPERATOR_GO_NO_GO_REVIEW.md,docs/watchlist/decisions/C159_LIVE_PUB_POSTPUB_OBS_OP_GO_NO_GO.md,architecture_simplified
docs/watchlist/decisions/weekly_swing/WS_C160_WEEKLY_SWING_WATCHLIST_PRODUCTION_LIVE_RUNTIME_PLAN_CONFIRM_GO_DECISION_FINALIZATION_REVIEW.md,docs/watchlist/decisions/C160_LIVE_PC_GO_FINAL.md,architecture_simplified
docs/watchlist/decisions/weekly_swing/WS_C160_WEEKLY_SWING_WATCHLIST_PRODUCTION_LIVE_RUNTIME_PLAN_CONFIRM_OPERATOR_GO_NO_GO_REVIEW.md,docs/watchlist/decisions/C160_LIVE_PC_OP_GO_NO_GO.md,architecture_simplified
docs/watchlist/decisions/weekly_swing/WS_C161_WEEKLY_SWING_WATCHLIST_PRODUCTION_LIVE_RUNTIME_PLAN_CONFIRM_COMPLETION_GO_DECISION_FINALIZATION_REVIEW.md,docs/watchlist/decisions/C161_LIVE_PC_DONE_GO_FINAL.md,architecture_simplified
docs/watchlist/decisions/weekly_swing/WS_C161_WEEKLY_SWING_WATCHLIST_PRODUCTION_LIVE_RUNTIME_PLAN_CONFIRM_COMPLETION_OPERATOR_GO_NO_GO_REVIEW.md,docs/watchlist/decisions/C161_LIVE_PC_DONE_OP_GO_NO_GO.md,architecture_simplified
docs/watchlist/decisions/weekly_swing/WS_C162_WEEKLY_SWING_WATCHLIST_PRODUCTION_LIVE_RUNTIME_PLAN_CONFIRM_COMPLETION_HANDOFF_AUDIT_ARCHIVE_FINAL_CLOSURE_REVIEW.md,docs/watchlist/decisions/C162_LIVE_PC_HANDOFF_ARCH_FINAL_CLOSE.md,architecture_simplified
docs/watchlist/decisions/weekly_swing/WS_C163_WEEKLY_SWING_WATCHLIST_PRODUCTION_LIVE_RUNTIME_PLAN_CONFIRM_COMPLETION_POST_HANDOFF_ACTIVATION_APPROVAL_REVIEW.md,docs/watchlist/decisions/C163_LIVE_PC_POST_HANDOFF_APPROVAL.md,architecture_simplified
docs/watchlist/decisions/weekly_swing/WS_C163_WEEKLY_SWING_WATCHLIST_PRODUCTION_LIVE_RUNTIME_PLAN_CONFIRM_COMPLETION_POST_HANDOFF_ACTIVATION_GO_DECISION_FINALIZATION_REVIEW.md,docs/watchlist/decisions/C163_LIVE_PC_POST_HANDOFF_GO_FINAL.md,architecture_simplified
docs/watchlist/decisions/weekly_swing/WS_C163_WEEKLY_SWING_WATCHLIST_PRODUCTION_LIVE_RUNTIME_PLAN_CONFIRM_COMPLETION_POST_HANDOFF_ACTIVATION_OPERATOR_GO_NO_GO_REVIEW.md,docs/watchlist/decisions/C163_LIVE_PC_POST_HANDOFF_OP_GO_NO_GO.md,architecture_simplified
docs/watchlist/decisions/weekly_swing/WS_C164_WEEKLY_SWING_WATCHLIST_PRODUCTION_LIVE_RUNTIME_PLAN_CONFIRM_COMPLETION_POST_HANDOFF_ACTIVATION_COMPLETION_GO_DECISION_FINALIZATION_REVIEW.md,docs/watchlist/decisions/C164_LIVE_PC_POST_HANDOFF_DONE_GO_FINAL.md,architecture_simplified
docs/watchlist/decisions/weekly_swing/WS_C164_WEEKLY_SWING_WATCHLIST_PRODUCTION_LIVE_RUNTIME_PLAN_CONFIRM_COMPLETION_POST_HANDOFF_ACTIVATION_COMPLETION_OPERATOR_GO_NO_GO_REVIEW.md,docs/watchlist/decisions/C164_LIVE_PC_POST_HANDOFF_DONE_OP_GO_NO_GO.md,architecture_simplified
docs/watchlist/decisions/weekly_swing/WS_C165_WEEKLY_SWING_WATCHLIST_PRODUCTION_LIVE_RUNTIME_PLAN_CONFIRM_CONTROLLED_ROLLOUT_GO_DECISION_FINALIZATION_REVIEW.md,docs/watchlist/decisions/C165_LIVE_PC_CTRL_ROLLOUT_GO_FINAL.md,architecture_simplified
docs/watchlist/decisions/weekly_swing/WS_C165_WEEKLY_SWING_WATCHLIST_PRODUCTION_LIVE_RUNTIME_PLAN_CONFIRM_CONTROLLED_ROLLOUT_OPERATOR_GO_NO_GO_REVIEW.md,docs/watchlist/decisions/C165_LIVE_PC_CTRL_ROLLOUT_OP_GO_NO_GO.md,architecture_simplified
docs/watchlist/decisions/weekly_swing/WS_C166_WEEKLY_SWING_WATCHLIST_PRODUCTION_LIVE_RUNTIME_PLAN_CONFIRM_CONTROLLED_ROLLOUT_POST_ROLLOUT_OBSERVATION_GO_DECISION_FINALIZATION_REVIEW.md,docs/watchlist/decisions/C166_LIVE_PC_ROLLOUT_OBS_GO_FINAL.md,architecture_simplified
docs/watchlist/decisions/weekly_swing/WS_C166_WEEKLY_SWING_WATCHLIST_PRODUCTION_LIVE_RUNTIME_PLAN_CONFIRM_CONTROLLED_ROLLOUT_POST_ROLLOUT_OBSERVATION_OPERATOR_GO_NO_GO_REVIEW.md,docs/watchlist/decisions/C166_LIVE_PC_ROLLOUT_OBS_OP_GO_NO_GO.md,architecture_simplified
docs/watchlist/decisions/weekly_swing/WS_C31_CONTROLLED_GATE_RECLASSIFICATION.md,docs/watchlist/decisions/C31_CTRL_GATE_RECLASSIFICATION.md,architecture_simplified
docs/watchlist/decisions/weekly_swing/WS_C80_CONTROLLED_LIMITED_RUNTIME_OPT_IN_PILOT_OR_SHADOW_ROLLOUT_OPERATOR_GO_NO_GO_REVIEW.md,docs/watchlist/decisions/C80_PILOT_OP_GO_NO_GO.md,architecture_simplified
docs/watchlist/decisions/weekly_swing/WS_C81_CONTROLLED_LIMITED_RUNTIME_OPT_IN_PILOT_OR_SHADOW_ROLLOUT_GO_DECISION_FINALIZATION_REVIEW.md,docs/watchlist/decisions/C81_PILOT_GO_FINAL.md,architecture_simplified
docs/watchlist/decisions/weekly_swing/WS_C83_CONTROLLED_LIMITED_RUNTIME_OPT_IN_PILOT_OR_SHADOW_ROLLOUT_ACTIVATION_AUTHORIZATION_REVIEW.md,docs/watchlist/decisions/C83_PILOT_ACT_AUTH.md,architecture_simplified
docs/watchlist/decisions/weekly_swing/WS_C87_CONTROLLED_LIMITED_RUNTIME_OPT_IN_PILOT_OR_SHADOW_ROLLOUT_POST_ACTIVATION_OPERATOR_GO_NO_GO_REVIEW.md,docs/watchlist/decisions/C87_PILOT_POST_ACT_OP_GO_NO_GO.md,architecture_simplified
docs/watchlist/decisions/weekly_swing/WS_C88_CONTROLLED_LIMITED_RUNTIME_OPT_IN_PILOT_OR_SHADOW_ROLLOUT_POST_ACTIVATION_GO_DECISION_FINALIZATION_REVIEW.md,docs/watchlist/decisions/C88_PILOT_POST_ACT_GO_FINAL.md,architecture_simplified
docs/watchlist/decisions/weekly_swing/WS_DOCUMENTATION_ROLE_SEPARATION_CLEANUP_2026-08-16.md,docs/watchlist/decisions/WS_DOCUMENTATION_ROLE_SEPARATION_CLEANUP_2026-08-16.md,architecture_simplified
docs/watchlist/decisions/weekly_swing/WS_MARKET_DATA_CROSS_DOMAIN_BINDING_ALIGNMENT_2026-08-17.md,docs/watchlist/decisions/WS_MARKET_DATA_CROSS_DOMAIN_BINDING_ALIGNMENT_2026-08-17.md,architecture_simplified
docs/watchlist/decisions/weekly_swing/strategy/WS_DOCUMENT_NAMING_DECISION_SEMANTIC_FILENAMES.md,docs/watchlist/decisions/WS_DOCUMENT_NAMING_DECISION_SEMANTIC_FILENAMES.md,architecture_simplified
docs/watchlist/decisions/weekly_swing/strategy/WS_STRATEGY_DECISION_END_TO_END_LIFECYCLE.md,docs/watchlist/decisions/WS_STRATEGY_DECISION_END_TO_END_LIFECYCLE.md,architecture_simplified
docs/watchlist/decisions/weekly_swing/strategy/WS_STRATEGY_DECISION_OPTIONAL_CONFIRM_NON_BLOCKING.md,docs/watchlist/decisions/WS_STRATEGY_DECISION_OPTIONAL_CONFIRM_NON_BLOCKING.md,architecture_simplified
docs/watchlist/decisions/weekly_swing/strategy/WS_STRATEGY_DECISION_QUALIFIED_TOP_PICKS.md,docs/watchlist/decisions/WS_STRATEGY_DECISION_QUALIFIED_TOP_PICKS.md,architecture_simplified
docs/watchlist/evidence/weekly_swing/README.md,docs/watchlist/evidence/README.md,architecture_simplified
docs/watchlist/evidence/weekly_swing/artifacts/c02-forensic-summary.csv,docs/watchlist/evidence/artifacts/c02-forensic-summary.csv,architecture_simplified
docs/watchlist/evidence/weekly_swing/artifacts/c03-forensic-summary.csv,docs/watchlist/evidence/artifacts/c03-forensic-summary.csv,architecture_simplified
docs/watchlist/evidence/weekly_swing/artifacts/c04-forensic-summary.csv,docs/watchlist/evidence/artifacts/c04-forensic-summary.csv,architecture_simplified
docs/watchlist/evidence/weekly_swing/artifacts/c05-forensic-summary.csv,docs/watchlist/evidence/artifacts/c05-forensic-summary.csv,architecture_simplified
docs/watchlist/evidence/weekly_swing/artifacts/c06-forensic-summary.csv,docs/watchlist/evidence/artifacts/c06-forensic-summary.csv,architecture_simplified
docs/watchlist/evidence/weekly_swing/artifacts/c07-forensic-summary.csv,docs/watchlist/evidence/artifacts/c07-forensic-summary.csv,architecture_simplified
docs/watchlist/evidence/weekly_swing/artifacts/c07-scoped-drilldown-summary.csv,docs/watchlist/evidence/artifacts/c07-scoped-drilldown-summary.csv,architecture_simplified
docs/watchlist/evidence/weekly_swing/artifacts/c08-batched-c07-drilldown-summary.csv,docs/watchlist/evidence/artifacts/c08-batched-c07-drilldown-summary.csv,architecture_simplified
docs/watchlist/evidence/weekly_swing/artifacts/c09-batched-c07-nullable-context-summary.csv,docs/watchlist/evidence/artifacts/c09-batched-c07-nullable-context-summary.csv,architecture_simplified
docs/watchlist/evidence/weekly_swing/artifacts/c10-batched-c07-exit-model-summary.csv,docs/watchlist/evidence/artifacts/c10-batched-c07-exit-model-summary.csv,architecture_simplified
docs/watchlist/evidence/weekly_swing/artifacts/c11-exit-model-contract-audit.json,docs/watchlist/evidence/artifacts/c11-exit-model-contract-audit.json,architecture_simplified
docs/watchlist/evidence/weekly_swing/artifacts/c12-exit-model-redesign-contract.json,docs/watchlist/evidence/artifacts/c12-exit-model-redesign-contract.json,architecture_simplified
docs/watchlist/evidence/weekly_swing/artifacts/c13-exit-axis-support-audit.json,docs/watchlist/evidence/artifacts/c13-exit-axis-support-audit.json,architecture_simplified
docs/watchlist/evidence/weekly_swing/artifacts/c14-forensic-summary.csv,docs/watchlist/evidence/artifacts/c14-forensic-summary.csv,architecture_simplified
docs/watchlist/evidence/weekly_swing/artifacts/c14-is-run-1.json,docs/watchlist/evidence/artifacts/c14-is-run-1.json,architecture_simplified
docs/watchlist/evidence/weekly_swing/artifacts/c14-is-run-2.json,docs/watchlist/evidence/artifacts/c14-is-run-2.json,architecture_simplified
docs/watchlist/evidence/weekly_swing/artifacts/c15-final-evidence-summary.json,docs/watchlist/evidence/artifacts/c15-final-evidence-summary.json,architecture_simplified
docs/watchlist/evidence/weekly_swing/artifacts/c15-fix4-param-summary.csv,docs/watchlist/evidence/artifacts/c15-fix4-param-summary.csv,architecture_simplified
docs/watchlist/evidence/weekly_swing/artifacts/c15-root-cause-cross-catalog-summary.csv,docs/watchlist/evidence/artifacts/c15-root-cause-cross-catalog-summary.csv,architecture_simplified
docs/watchlist/evidence/weekly_swing/artifacts/c15-root-cause-decision-supersession-note.json,docs/watchlist/evidence/artifacts/c15-root-cause-decision-supersession-note.json,architecture_simplified
docs/watchlist/evidence/weekly_swing/artifacts/c15-root-cause-decision.json,docs/watchlist/evidence/artifacts/c15-root-cause-decision.json,architecture_simplified
docs/watchlist/evidence/weekly_swing/artifacts/c15-root-cause-param-metrics.csv,docs/watchlist/evidence/artifacts/c15-root-cause-param-metrics.csv,architecture_simplified
docs/watchlist/evidence/weekly_swing/artifacts/c16-source-implementation-summary.json,docs/watchlist/evidence/artifacts/c16-source-implementation-summary.json,architecture_simplified
docs/watchlist/evidence/weekly_swing/artifacts/c17-drilldown-summary.csv,docs/watchlist/evidence/artifacts/c17-drilldown-summary.csv,architecture_simplified
docs/watchlist/evidence/weekly_swing/artifacts/c17-final-evidence-summary.json,docs/watchlist/evidence/artifacts/c17-final-evidence-summary.json,architecture_simplified
docs/watchlist/evidence/weekly_swing/artifacts/c17-is-run-1.json,docs/watchlist/evidence/artifacts/c17-is-run-1.json,architecture_simplified
docs/watchlist/evidence/weekly_swing/artifacts/c17-source-implementation-summary.json,docs/watchlist/evidence/artifacts/c17-source-implementation-summary.json,architecture_simplified
docs/watchlist/evidence/weekly_swing/artifacts/c171-final-bounded-remediation-catalog-decision.json,docs/watchlist/evidence/artifacts/c171-final-bounded-remediation-catalog-decision.json,architecture_simplified
docs/watchlist/evidence/weekly_swing/artifacts/c171-final-failed-not-ready-closure-decision.json,docs/watchlist/evidence/artifacts/c171-final-failed-not-ready-closure-decision.json,architecture_simplified
docs/watchlist/evidence/weekly_swing/artifacts/c171-immutable-draft-paramset-candidate-design.json,docs/watchlist/evidence/artifacts/c171-immutable-draft-paramset-candidate-design.json,architecture_simplified
docs/watchlist/evidence/weekly_swing/artifacts/c171-immutable-draft-paramset-candidate-proxy-metrics.csv,docs/watchlist/evidence/artifacts/c171-immutable-draft-paramset-candidate-proxy-metrics.csv,architecture_simplified
docs/watchlist/evidence/weekly_swing/artifacts/c171-low-price-execution-quality-c01-draft-catalog-design.json,docs/watchlist/evidence/artifacts/c171-low-price-execution-quality-c01-draft-catalog-design.json,architecture_simplified
docs/watchlist/evidence/weekly_swing/artifacts/c18-final-diagnostic-evidence-summary.json,docs/watchlist/evidence/artifacts/c18-final-diagnostic-evidence-summary.json,architecture_simplified
docs/watchlist/evidence/weekly_swing/artifacts/c18-funnel-diagnostic-design-summary.json,docs/watchlist/evidence/artifacts/c18-funnel-diagnostic-design-summary.json,architecture_simplified
docs/watchlist/evidence/weekly_swing/artifacts/c19-final-diagnostic-result-summary.json,docs/watchlist/evidence/artifacts/c19-final-diagnostic-result-summary.json,architecture_simplified
docs/watchlist/evidence/weekly_swing/artifacts/c19-quality-recovery-tahap-5b-source-summary.json,docs/watchlist/evidence/artifacts/c19-quality-recovery-tahap-5b-source-summary.json,architecture_simplified
docs/watchlist/evidence/weekly_swing/artifacts/c19-quality-recovery-tahap-5c-source-summary.json,docs/watchlist/evidence/artifacts/c19-quality-recovery-tahap-5c-source-summary.json,architecture_simplified
docs/watchlist/evidence/weekly_swing/artifacts/c19-quality-recovery-tuning-diagnostic-fastfix-summary.json,docs/watchlist/evidence/artifacts/c19-quality-recovery-tuning-diagnostic-fastfix-summary.json,architecture_simplified
docs/watchlist/evidence/weekly_swing/artifacts/c19-quality-recovery-tuning-diagnostic-source-summary.json,docs/watchlist/evidence/artifacts/c19-quality-recovery-tuning-diagnostic-source-summary.json,architecture_simplified
docs/watchlist/evidence/weekly_swing/artifacts/c19-selection-model-redesign-analysis.json,docs/watchlist/evidence/artifacts/c19-selection-model-redesign-analysis.json,architecture_simplified
docs/watchlist/evidence/weekly_swing/artifacts/c20-final-diagnostic-result-summary.json,docs/watchlist/evidence/artifacts/c20-final-diagnostic-result-summary.json,architecture_simplified
docs/watchlist/evidence/weekly_swing/artifacts/c20-regime-trade-date-diagnostic-source-summary.json,docs/watchlist/evidence/artifacts/c20-regime-trade-date-diagnostic-source-summary.json,architecture_simplified
docs/watchlist/evidence/weekly_swing/artifacts/c21-entry-exit-behavior-diagnostic-source-summary.json,docs/watchlist/evidence/artifacts/c21-entry-exit-behavior-diagnostic-source-summary.json,architecture_simplified
docs/watchlist/evidence/weekly_swing/artifacts/c21-final-diagnostic-result-summary.json,docs/watchlist/evidence/artifacts/c21-final-diagnostic-result-summary.json,architecture_simplified
docs/watchlist/evidence/weekly_swing/artifacts/c22-exit-capture-shadow-diagnostic-source-summary.json,docs/watchlist/evidence/artifacts/c22-exit-capture-shadow-diagnostic-source-summary.json,architecture_simplified
docs/watchlist/evidence/weekly_swing/artifacts/c22-final-diagnostic-result-summary.json,docs/watchlist/evidence/artifacts/c22-final-diagnostic-result-summary.json,architecture_simplified
docs/watchlist/evidence/weekly_swing/artifacts/c23-first-profit-capture-rule-diagnostic-source-summary.json,docs/watchlist/evidence/artifacts/c23-first-profit-capture-rule-diagnostic-source-summary.json,architecture_simplified
docs/watchlist/evidence/weekly_swing/artifacts/c24-c22-shadow-gap-bridge-diagnostic-source-summary.json,docs/watchlist/evidence/artifacts/c24-c22-shadow-gap-bridge-diagnostic-source-summary.json,architecture_simplified
docs/watchlist/evidence/weekly_swing/artifacts/c25-no-signal-fallback-delay-diagnostic-source-summary.json,docs/watchlist/evidence/artifacts/c25-no-signal-fallback-delay-diagnostic-source-summary.json,architecture_simplified
docs/watchlist/evidence/weekly_swing/artifacts/c26-catalog-candidate-diagnostic-source-summary.json,docs/watchlist/evidence/artifacts/c26-catalog-candidate-diagnostic-source-summary.json,architecture_simplified
docs/watchlist/evidence/weekly_swing/artifacts/c27-catalog-candidate-raw-ohlc-validation-source-summary.json,docs/watchlist/evidence/artifacts/c27-catalog-candidate-raw-ohlc-validation-source-summary.json,architecture_simplified
docs/watchlist/evidence/weekly_swing/artifacts/c28-rule-revision-tiebreak-diagnostic-source-summary.json,docs/watchlist/evidence/artifacts/c28-rule-revision-tiebreak-diagnostic-source-summary.json,architecture_simplified
docs/watchlist/evidence/weekly_swing/backtest/WS_C29_OOS_PROOF.md,docs/watchlist/evidence/backtest/C29_OOS_PROOF.md,architecture_simplified
docs/watchlist/evidence/weekly_swing/backtest/WS_C64_PRE_OOS_OR_OOS_PROOF_EXECUTION.md,docs/watchlist/evidence/backtest/C64_PRE_OOS_OR_OOS_PROOF_EXEC.md,architecture_simplified
docs/watchlist/evidence/weekly_swing/ledgers/LUMEN_IMPLEMENTATION_STATUS.md,docs/watchlist/evidence/LUMEN_IMPLEMENTATION_STATUS.md,architecture_simplified
docs/watchlist/evidence/weekly_swing/locks/WS_BREAKOUT_INTEGRITY_B01_ACTIVE_SHADOW_LOCK.md,docs/watchlist/evidence/WS_BREAKOUT_INTEGRITY_B01_ACTIVE_SHADOW_LOCK.md,architecture_simplified
docs/watchlist/evidence/weekly_swing/locks/WS_BREAKOUT_INTEGRITY_B01_IS_IDENTITY_REVIEW_LOCK.md,docs/watchlist/evidence/WS_BREAKOUT_INTEGRITY_B01_IS_IDENTITY_REVIEW_LOCK.md,architecture_simplified
docs/watchlist/evidence/weekly_swing/locks/WS_BREAKOUT_INTEGRITY_B01_OFFICIAL_OOS_LOCK.md,docs/watchlist/evidence/WS_BREAKOUT_INTEGRITY_B01_OFFICIAL_OOS_LOCK.md,architecture_simplified
docs/watchlist/evidence/weekly_swing/locks/WS_OOS_EVIDENCE_NOTE.md,docs/watchlist/evidence/WS_OOS_EVIDENCE_NOTE.md,architecture_simplified
docs/watchlist/evidence/weekly_swing/operator_commands/WS_C02_OPERATOR_VALIDATION_COMMANDS.md,docs/watchlist/evidence/runs/C02_OP_CMDS.md,architecture_simplified
docs/watchlist/evidence/weekly_swing/operator_commands/WS_C03_OPERATOR_VALIDATION_COMMANDS.md,docs/watchlist/evidence/runs/C03_OP_CMDS.md,architecture_simplified
docs/watchlist/evidence/weekly_swing/operator_commands/WS_C04_OPERATOR_VALIDATION_COMMANDS.md,docs/watchlist/evidence/runs/C04_OP_CMDS.md,architecture_simplified
docs/watchlist/evidence/weekly_swing/operator_commands/WS_C05_OPERATOR_VALIDATION_COMMANDS.md,docs/watchlist/evidence/runs/C05_OP_CMDS.md,architecture_simplified
docs/watchlist/evidence/weekly_swing/operator_commands/WS_C06_OPERATOR_VALIDATION_COMMANDS.md,docs/watchlist/evidence/runs/C06_OP_CMDS.md,architecture_simplified
docs/watchlist/evidence/weekly_swing/operator_commands/WS_C07_OPERATOR_VALIDATION_COMMANDS.md,docs/watchlist/evidence/runs/C07_OP_CMDS.md,architecture_simplified
docs/watchlist/evidence/weekly_swing/operator_commands/WS_C08_OPERATOR_VALIDATION_COMMANDS.md,docs/watchlist/evidence/runs/C08_OP_CMDS.md,architecture_simplified
docs/watchlist/evidence/weekly_swing/operator_commands/WS_C09_OPERATOR_VALIDATION_COMMANDS.md,docs/watchlist/evidence/runs/C09_OP_CMDS.md,architecture_simplified
docs/watchlist/evidence/weekly_swing/operator_commands/WS_C100_OPERATOR_VALIDATION_COMMANDS.md,docs/watchlist/evidence/runs/C100_OP_CMDS.md,architecture_simplified
docs/watchlist/evidence/weekly_swing/operator_commands/WS_C101_OPERATOR_VALIDATION_COMMANDS.md,docs/watchlist/evidence/runs/C101_OP_CMDS.md,architecture_simplified
docs/watchlist/evidence/weekly_swing/operator_commands/WS_C102_OPERATOR_VALIDATION_COMMANDS.md,docs/watchlist/evidence/runs/C102_OP_CMDS.md,architecture_simplified
docs/watchlist/evidence/weekly_swing/operator_commands/WS_C103_OPERATOR_VALIDATION_COMMANDS.md,docs/watchlist/evidence/runs/C103_OP_CMDS.md,architecture_simplified
docs/watchlist/evidence/weekly_swing/operator_commands/WS_C104_OPERATOR_VALIDATION_COMMANDS.md,docs/watchlist/evidence/runs/C104_OP_CMDS.md,architecture_simplified
docs/watchlist/evidence/weekly_swing/operator_commands/WS_C105_OPERATOR_VALIDATION_COMMANDS.md,docs/watchlist/evidence/runs/C105_OP_CMDS.md,architecture_simplified
docs/watchlist/evidence/weekly_swing/operator_commands/WS_C106_OPERATOR_VALIDATION_COMMANDS.md,docs/watchlist/evidence/runs/C106_OP_CMDS.md,architecture_simplified
docs/watchlist/evidence/weekly_swing/operator_commands/WS_C107_OPERATOR_VALIDATION_COMMANDS.md,docs/watchlist/evidence/runs/C107_OP_CMDS.md,architecture_simplified
docs/watchlist/evidence/weekly_swing/operator_commands/WS_C108_OPERATOR_VALIDATION_COMMANDS.md,docs/watchlist/evidence/runs/C108_OP_CMDS.md,architecture_simplified
docs/watchlist/evidence/weekly_swing/operator_commands/WS_C109_OPERATOR_VALIDATION_COMMANDS.md,docs/watchlist/evidence/runs/C109_OP_CMDS.md,architecture_simplified
docs/watchlist/evidence/weekly_swing/operator_commands/WS_C10_OPERATOR_VALIDATION_COMMANDS.md,docs/watchlist/evidence/runs/C10_OP_CMDS.md,architecture_simplified
docs/watchlist/evidence/weekly_swing/operator_commands/WS_C110_OPERATOR_VALIDATION_COMMANDS.md,docs/watchlist/evidence/runs/C110_OP_CMDS.md,architecture_simplified
docs/watchlist/evidence/weekly_swing/operator_commands/WS_C111_OPERATOR_VALIDATION_COMMANDS.md,docs/watchlist/evidence/runs/C111_OP_CMDS.md,architecture_simplified
docs/watchlist/evidence/weekly_swing/operator_commands/WS_C112_OPERATOR_VALIDATION_COMMANDS.md,docs/watchlist/evidence/runs/C112_OP_CMDS.md,architecture_simplified
docs/watchlist/evidence/weekly_swing/operator_commands/WS_C113_OPERATOR_VALIDATION_COMMANDS.md,docs/watchlist/evidence/runs/C113_OP_CMDS.md,architecture_simplified
docs/watchlist/evidence/weekly_swing/operator_commands/WS_C114_OPERATOR_VALIDATION_COMMANDS.md,docs/watchlist/evidence/runs/C114_OP_CMDS.md,architecture_simplified
docs/watchlist/evidence/weekly_swing/operator_commands/WS_C115_OPERATOR_VALIDATION_COMMANDS.md,docs/watchlist/evidence/runs/C115_OP_CMDS.md,architecture_simplified
docs/watchlist/evidence/weekly_swing/operator_commands/WS_C116_OPERATOR_VALIDATION_COMMANDS.md,docs/watchlist/evidence/runs/C116_OP_CMDS.md,architecture_simplified
docs/watchlist/evidence/weekly_swing/operator_commands/WS_C117_OPERATOR_VALIDATION_COMMANDS.md,docs/watchlist/evidence/runs/C117_OP_CMDS.md,architecture_simplified
docs/watchlist/evidence/weekly_swing/operator_commands/WS_C118_OPERATOR_VALIDATION_COMMANDS.md,docs/watchlist/evidence/runs/C118_OP_CMDS.md,architecture_simplified
docs/watchlist/evidence/weekly_swing/operator_commands/WS_C119_OPERATOR_VALIDATION_COMMANDS.md,docs/watchlist/evidence/runs/C119_OP_CMDS.md,architecture_simplified
docs/watchlist/evidence/weekly_swing/operator_commands/WS_C11_OPERATOR_VALIDATION_COMMANDS.md,docs/watchlist/evidence/runs/C11_OP_CMDS.md,architecture_simplified
docs/watchlist/evidence/weekly_swing/operator_commands/WS_C120_OPERATOR_VALIDATION_COMMANDS.md,docs/watchlist/evidence/runs/C120_OP_CMDS.md,architecture_simplified
docs/watchlist/evidence/weekly_swing/operator_commands/WS_C121_OPERATOR_VALIDATION_COMMANDS.md,docs/watchlist/evidence/runs/C121_OP_CMDS.md,architecture_simplified
docs/watchlist/evidence/weekly_swing/operator_commands/WS_C122_OPERATOR_VALIDATION_COMMANDS.md,docs/watchlist/evidence/runs/C122_OP_CMDS.md,architecture_simplified
docs/watchlist/evidence/weekly_swing/operator_commands/WS_C123_OPERATOR_VALIDATION_COMMANDS.md,docs/watchlist/evidence/runs/C123_OP_CMDS.md,architecture_simplified
docs/watchlist/evidence/weekly_swing/operator_commands/WS_C124_OPERATOR_VALIDATION_COMMANDS.md,docs/watchlist/evidence/runs/C124_OP_CMDS.md,architecture_simplified
docs/watchlist/evidence/weekly_swing/operator_commands/WS_C125_OPERATOR_VALIDATION_COMMANDS.md,docs/watchlist/evidence/runs/C125_OP_CMDS.md,architecture_simplified
docs/watchlist/evidence/weekly_swing/operator_commands/WS_C126_OPERATOR_VALIDATION_COMMANDS.md,docs/watchlist/evidence/runs/C126_OP_CMDS.md,architecture_simplified
docs/watchlist/evidence/weekly_swing/operator_commands/WS_C127_OPERATOR_VALIDATION_COMMANDS.md,docs/watchlist/evidence/runs/C127_OP_CMDS.md,architecture_simplified
docs/watchlist/evidence/weekly_swing/operator_commands/WS_C128_OPERATOR_VALIDATION_COMMANDS.md,docs/watchlist/evidence/runs/C128_OP_CMDS.md,architecture_simplified
docs/watchlist/evidence/weekly_swing/operator_commands/WS_C129_OPERATOR_VALIDATION_COMMANDS.md,docs/watchlist/evidence/runs/C129_OP_CMDS.md,architecture_simplified
docs/watchlist/evidence/weekly_swing/operator_commands/WS_C12_OPERATOR_VALIDATION_COMMANDS.md,docs/watchlist/evidence/runs/C12_OP_CMDS.md,architecture_simplified
docs/watchlist/evidence/weekly_swing/operator_commands/WS_C130_OPERATOR_VALIDATION_COMMANDS.md,docs/watchlist/evidence/runs/C130_OP_CMDS.md,architecture_simplified
docs/watchlist/evidence/weekly_swing/operator_commands/WS_C131_OPERATOR_VALIDATION_COMMANDS.md,docs/watchlist/evidence/runs/C131_OP_CMDS.md,architecture_simplified
docs/watchlist/evidence/weekly_swing/operator_commands/WS_C132_OPERATOR_VALIDATION_COMMANDS.md,docs/watchlist/evidence/runs/C132_OP_CMDS.md,architecture_simplified
docs/watchlist/evidence/weekly_swing/operator_commands/WS_C133_OPERATOR_VALIDATION_COMMANDS.md,docs/watchlist/evidence/runs/C133_OP_CMDS.md,architecture_simplified
docs/watchlist/evidence/weekly_swing/operator_commands/WS_C134_OPERATOR_VALIDATION_COMMANDS.md,docs/watchlist/evidence/runs/C134_OP_CMDS.md,architecture_simplified
docs/watchlist/evidence/weekly_swing/operator_commands/WS_C135_OPERATOR_VALIDATION_COMMANDS.md,docs/watchlist/evidence/runs/C135_OP_CMDS.md,architecture_simplified
docs/watchlist/evidence/weekly_swing/operator_commands/WS_C136_OPERATOR_VALIDATION_COMMANDS.md,docs/watchlist/evidence/runs/C136_OP_CMDS.md,architecture_simplified
docs/watchlist/evidence/weekly_swing/operator_commands/WS_C137_OPERATOR_VALIDATION_COMMANDS.md,docs/watchlist/evidence/runs/C137_OP_CMDS.md,architecture_simplified
docs/watchlist/evidence/weekly_swing/operator_commands/WS_C138_OPERATOR_VALIDATION_COMMANDS.md,docs/watchlist/evidence/runs/C138_OP_CMDS.md,architecture_simplified
docs/watchlist/evidence/weekly_swing/operator_commands/WS_C139_OPERATOR_VALIDATION_COMMANDS.md,docs/watchlist/evidence/runs/C139_OP_CMDS.md,architecture_simplified
docs/watchlist/evidence/weekly_swing/operator_commands/WS_C13_OPERATOR_VALIDATION_COMMANDS.md,docs/watchlist/evidence/runs/C13_OP_CMDS.md,architecture_simplified
docs/watchlist/evidence/weekly_swing/operator_commands/WS_C140_OPERATOR_VALIDATION_COMMANDS.md,docs/watchlist/evidence/runs/C140_OP_CMDS.md,architecture_simplified
docs/watchlist/evidence/weekly_swing/operator_commands/WS_C141_OPERATOR_VALIDATION_COMMANDS.md,docs/watchlist/evidence/runs/C141_OP_CMDS.md,architecture_simplified
docs/watchlist/evidence/weekly_swing/operator_commands/WS_C142_OPERATOR_VALIDATION_COMMANDS.md,docs/watchlist/evidence/runs/C142_OP_CMDS.md,architecture_simplified
docs/watchlist/evidence/weekly_swing/operator_commands/WS_C143_OPERATOR_VALIDATION_COMMANDS.md,docs/watchlist/evidence/runs/C143_OP_CMDS.md,architecture_simplified
docs/watchlist/evidence/weekly_swing/operator_commands/WS_C144_OPERATOR_VALIDATION_COMMANDS.md,docs/watchlist/evidence/runs/C144_OP_CMDS.md,architecture_simplified
docs/watchlist/evidence/weekly_swing/operator_commands/WS_C145_OPERATOR_VALIDATION_COMMANDS.md,docs/watchlist/evidence/runs/C145_OP_CMDS.md,architecture_simplified
docs/watchlist/evidence/weekly_swing/operator_commands/WS_C146_OPERATOR_VALIDATION_COMMANDS.md,docs/watchlist/evidence/runs/C146_OP_CMDS.md,architecture_simplified
docs/watchlist/evidence/weekly_swing/operator_commands/WS_C147_OPERATOR_VALIDATION_COMMANDS.md,docs/watchlist/evidence/runs/C147_OP_CMDS.md,architecture_simplified
docs/watchlist/evidence/weekly_swing/operator_commands/WS_C148_OPERATOR_VALIDATION_COMMANDS.md,docs/watchlist/evidence/runs/C148_OP_CMDS.md,architecture_simplified
docs/watchlist/evidence/weekly_swing/operator_commands/WS_C149_OPERATOR_VALIDATION_COMMANDS.md,docs/watchlist/evidence/runs/C149_OP_CMDS.md,architecture_simplified
docs/watchlist/evidence/weekly_swing/operator_commands/WS_C14_OPERATOR_VALIDATION_COMMANDS.md,docs/watchlist/evidence/runs/C14_OP_CMDS.md,architecture_simplified
docs/watchlist/evidence/weekly_swing/operator_commands/WS_C150_OPERATOR_VALIDATION_COMMANDS.md,docs/watchlist/evidence/runs/C150_OP_CMDS.md,architecture_simplified
docs/watchlist/evidence/weekly_swing/operator_commands/WS_C151_OPERATOR_VALIDATION_COMMANDS.md,docs/watchlist/evidence/runs/C151_OP_CMDS.md,architecture_simplified
docs/watchlist/evidence/weekly_swing/operator_commands/WS_C152_OPERATOR_VALIDATION_COMMANDS.md,docs/watchlist/evidence/runs/C152_OP_CMDS.md,architecture_simplified
docs/watchlist/evidence/weekly_swing/operator_commands/WS_C153_OPERATOR_VALIDATION_COMMANDS.md,docs/watchlist/evidence/runs/C153_OP_CMDS.md,architecture_simplified
docs/watchlist/evidence/weekly_swing/operator_commands/WS_C154_OPERATOR_VALIDATION_COMMANDS.md,docs/watchlist/evidence/runs/C154_OP_CMDS.md,architecture_simplified
docs/watchlist/evidence/weekly_swing/operator_commands/WS_C155_OPERATOR_VALIDATION_COMMANDS.md,docs/watchlist/evidence/runs/C155_OP_CMDS.md,architecture_simplified
docs/watchlist/evidence/weekly_swing/operator_commands/WS_C156_OPERATOR_VALIDATION_COMMANDS.md,docs/watchlist/evidence/runs/C156_OP_CMDS.md,architecture_simplified
docs/watchlist/evidence/weekly_swing/operator_commands/WS_C157_OPERATOR_VALIDATION_COMMANDS.md,docs/watchlist/evidence/runs/C157_OP_CMDS.md,architecture_simplified
docs/watchlist/evidence/weekly_swing/operator_commands/WS_C158_OPERATOR_VALIDATION_COMMANDS.md,docs/watchlist/evidence/runs/C158_OP_CMDS.md,architecture_simplified
docs/watchlist/evidence/weekly_swing/operator_commands/WS_C159_OPERATOR_VALIDATION_COMMANDS.md,docs/watchlist/evidence/runs/C159_OP_CMDS.md,architecture_simplified
docs/watchlist/evidence/weekly_swing/operator_commands/WS_C15_OPERATOR_VALIDATION_COMMANDS.md,docs/watchlist/evidence/runs/C15_OP_CMDS.md,architecture_simplified
docs/watchlist/evidence/weekly_swing/operator_commands/WS_C160_OPERATOR_VALIDATION_COMMANDS.md,docs/watchlist/evidence/runs/C160_OP_CMDS.md,architecture_simplified
docs/watchlist/evidence/weekly_swing/operator_commands/WS_C161_OPERATOR_VALIDATION_COMMANDS.md,docs/watchlist/evidence/runs/C161_OP_CMDS.md,architecture_simplified
docs/watchlist/evidence/weekly_swing/operator_commands/WS_C162_HANDOFF_AUDIT_ARCHIVE_COMPLETION_OPERATOR_VALIDATION_COMMANDS.md,docs/watchlist/evidence/runs/C162_ARCH_OP_CMDS_86ECB6.md,architecture_simplified
docs/watchlist/evidence/weekly_swing/operator_commands/WS_C162_HANDOFF_AUDIT_ARCHIVE_COMPLETION_SEAL_OPERATOR_VALIDATION_COMMANDS.md,docs/watchlist/evidence/runs/C162_ARCH_SEAL_OP_CMDS.md,architecture_simplified
docs/watchlist/evidence/weekly_swing/operator_commands/WS_C162_HANDOFF_AUDIT_ARCHIVE_FINAL_CLOSURE_OPERATOR_VALIDATION_COMMANDS.md,docs/watchlist/evidence/runs/C162_ARCH_FINAL_CLOSURE_OP_CMDS.md,architecture_simplified
docs/watchlist/evidence/weekly_swing/operator_commands/WS_C162_HANDOFF_AUDIT_ARCHIVE_OPERATOR_VALIDATION_COMMANDS.md,docs/watchlist/evidence/runs/C162_ARCH_OP_CMDS_949D94.md,architecture_simplified
docs/watchlist/evidence/weekly_swing/operator_commands/WS_C162_HANDOFF_CLOSURE_SEAL_OPERATOR_VALIDATION_COMMANDS.md,docs/watchlist/evidence/runs/C162_HANDOFF_CLOSURE_SEAL_OP_CMDS.md,architecture_simplified
docs/watchlist/evidence/weekly_swing/operator_commands/WS_C162_HANDOFF_COMPLETION_BOUNDARY_OPERATOR_VALIDATION_COMMANDS.md,docs/watchlist/evidence/runs/C162_HANDOFF_DONE_BOUNDARY_OP_CMDS.md,architecture_simplified
docs/watchlist/evidence/weekly_swing/operator_commands/WS_C162_HANDOFF_FINALIZATION_OPERATOR_VALIDATION_COMMANDS.md,docs/watchlist/evidence/runs/C162_HANDOFF_FINAL_OP_CMDS.md,architecture_simplified
docs/watchlist/evidence/weekly_swing/operator_commands/WS_C162_OPERATOR_VALIDATION_COMMANDS.md,docs/watchlist/evidence/runs/C162_OP_CMDS.md,architecture_simplified
docs/watchlist/evidence/weekly_swing/operator_commands/WS_C163_POST_HANDOFF_ACTIVATION_APPROVAL_OPERATOR_VALIDATION_COMMANDS.md,docs/watchlist/evidence/runs/C163_POST_HANDOFF_ACT_APPROVAL_OP_CMDS.md,architecture_simplified
docs/watchlist/evidence/weekly_swing/operator_commands/WS_C163_POST_HANDOFF_ACTIVATION_EXECUTION_OPERATOR_VALIDATION_COMMANDS.md,docs/watchlist/evidence/runs/C163_POST_HANDOFF_ACT_EXEC_OP_CMDS.md,architecture_simplified
docs/watchlist/evidence/weekly_swing/operator_commands/WS_C163_POST_HANDOFF_ACTIVATION_GO_DECISION_FINALIZATION_OPERATOR_VALIDATION_COMMANDS.md,docs/watchlist/evidence/runs/C163_POST_HANDOFF_ACT_GO_DECISION_FINAL_OP_CMDS.md,architecture_simplified
docs/watchlist/evidence/weekly_swing/operator_commands/WS_C163_POST_HANDOFF_ACTIVATION_OBSERVATION_OPERATOR_VALIDATION_COMMANDS.md,docs/watchlist/evidence/runs/C163_POST_HANDOFF_ACT_OBS_OP_CMDS.md,architecture_simplified
docs/watchlist/evidence/weekly_swing/operator_commands/WS_C163_POST_HANDOFF_ACTIVATION_OBSERVATION_RESULT_OPERATOR_VALIDATION_COMMANDS.md,docs/watchlist/evidence/runs/C163_POST_HANDOFF_ACT_OBS_RESULT_OP_CMDS.md,architecture_simplified
docs/watchlist/evidence/weekly_swing/operator_commands/WS_C163_POST_HANDOFF_ACTIVATION_OPERATOR_GO_NO_GO_OPERATOR_VALIDATION_COMMANDS.md,docs/watchlist/evidence/runs/C163_POST_HANDOFF_ACT_OP_GO_NO_GO_OP_CMDS.md,architecture_simplified
docs/watchlist/evidence/weekly_swing/operator_commands/WS_C163_POST_HANDOFF_ACTIVATION_READINESS_OPERATOR_VALIDATION_COMMANDS.md,docs/watchlist/evidence/runs/C163_POST_HANDOFF_ACT_READY_OP_CMDS.md,architecture_simplified
docs/watchlist/evidence/weekly_swing/operator_commands/WS_C163_POST_HANDOFF_BOUNDARY_OPERATOR_VALIDATION_COMMANDS.md,docs/watchlist/evidence/runs/C163_POST_HANDOFF_BOUNDARY_OP_CMDS.md,architecture_simplified
docs/watchlist/evidence/weekly_swing/operator_commands/WS_C164_POST_HANDOFF_ACTIVATION_COMPLETION_BOUNDARY_OPERATOR_VALIDATION_COMMANDS.md,docs/watchlist/evidence/runs/C164_POST_HANDOFF_ACT_DONE_BOUNDARY_OP_CMDS.md,architecture_simplified
docs/watchlist/evidence/weekly_swing/operator_commands/WS_C164_POST_HANDOFF_ACTIVATION_COMPLETION_EXECUTION_OPERATOR_VALIDATION_COMMANDS.md,docs/watchlist/evidence/runs/C164_POST_HANDOFF_ACT_DONE_EXEC_OP_CMDS.md,architecture_simplified
docs/watchlist/evidence/weekly_swing/operator_commands/WS_C164_POST_HANDOFF_ACTIVATION_COMPLETION_GO_DECISION_FINALIZATION_OPERATOR_VALIDATION_COMMANDS.md,docs/watchlist/evidence/runs/C164_POST_HANDOFF_ACT_DONE_GO_DECISION_FINAL_OP_CMDS.md,architecture_simplified
docs/watchlist/evidence/weekly_swing/operator_commands/WS_C164_POST_HANDOFF_ACTIVATION_COMPLETION_OPERATOR_GO_NO_GO_OPERATOR_VALIDATION_COMMANDS.md,docs/watchlist/evidence/runs/C164_POST_HANDOFF_ACT_DONE_OP_GO_NO_GO_OP_CMDS.md,architecture_simplified
docs/watchlist/evidence/weekly_swing/operator_commands/WS_C164_POST_HANDOFF_ACTIVATION_COMPLETION_RESULT_REVIEW_OPERATOR_VALIDATION_COMMANDS.md,docs/watchlist/evidence/runs/C164_POST_HANDOFF_ACT_DONE_RESULT_OP_CMDS.md,architecture_simplified
docs/watchlist/evidence/weekly_swing/operator_commands/WS_C165_PLAN_CONFIRM_CONTROLLED_ROLLOUT_BOUNDARY_OPERATOR_VALIDATION_COMMANDS.md,docs/watchlist/evidence/runs/C165_PC_CTRL_ROLLOUT_BOUNDARY_OP_CMDS.md,architecture_simplified
docs/watchlist/evidence/weekly_swing/operator_commands/WS_C165_PLAN_CONFIRM_CONTROLLED_ROLLOUT_EXECUTION_OPERATOR_VALIDATION_COMMANDS.md,docs/watchlist/evidence/runs/C165_PC_CTRL_ROLLOUT_EXEC_OP_CMDS.md,architecture_simplified
docs/watchlist/evidence/weekly_swing/operator_commands/WS_C165_PLAN_CONFIRM_CONTROLLED_ROLLOUT_GO_DECISION_FINALIZATION_OPERATOR_VALIDATION_COMMANDS.md,docs/watchlist/evidence/runs/C165_PC_CTRL_ROLLOUT_GO_DECISION_FINAL_OP_CMDS.md,architecture_simplified
docs/watchlist/evidence/weekly_swing/operator_commands/WS_C165_PLAN_CONFIRM_CONTROLLED_ROLLOUT_OPERATOR_GO_NO_GO_OPERATOR_VALIDATION_COMMANDS.md,docs/watchlist/evidence/runs/C165_PC_CTRL_ROLLOUT_OP_GO_NO_GO_OP_CMDS.md,architecture_simplified
docs/watchlist/evidence/weekly_swing/operator_commands/WS_C165_PLAN_CONFIRM_CONTROLLED_ROLLOUT_RESULT_REVIEW_OPERATOR_VALIDATION_COMMANDS.md,docs/watchlist/evidence/runs/C165_PC_CTRL_ROLLOUT_RESULT_OP_CMDS.md,architecture_simplified
docs/watchlist/evidence/weekly_swing/operator_commands/WS_C166_PLAN_CONFIRM_CONTROLLED_ROLLOUT_POST_ROLLOUT_OBSERVATION_GO_DECISION_FINALIZATION_OPERATOR_VALIDATION_COMMANDS.md,docs/watchlist/evidence/runs/C166_PC_ROLLOUT_OBS_GO_DECISION_FINAL_OP_CMDS.md,architecture_simplified
docs/watchlist/evidence/weekly_swing/operator_commands/WS_C166_PLAN_CONFIRM_CONTROLLED_ROLLOUT_POST_ROLLOUT_OBSERVATION_OPERATOR_GO_NO_GO_OPERATOR_VALIDATION_COMMANDS.md,docs/watchlist/evidence/runs/C166_PC_ROLLOUT_OBS_OP_GO_NO_GO_OP_CMDS.md,architecture_simplified
docs/watchlist/evidence/weekly_swing/operator_commands/WS_C166_PLAN_CONFIRM_CONTROLLED_ROLLOUT_POST_ROLLOUT_OBSERVATION_OPERATOR_VALIDATION_COMMANDS.md,docs/watchlist/evidence/runs/C166_PC_ROLLOUT_OBS_OP_CMDS.md,architecture_simplified
docs/watchlist/evidence/weekly_swing/operator_commands/WS_C166_PLAN_CONFIRM_CONTROLLED_ROLLOUT_POST_ROLLOUT_OBSERVATION_RESULT_REVIEW_OPERATOR_VALIDATION_COMMANDS.md,docs/watchlist/evidence/runs/C166_PC_ROLLOUT_OBS_RESULT_OP_CMDS.md,architecture_simplified
docs/watchlist/evidence/weekly_swing/operator_commands/WS_C167_PLAN_CONFIRM_CONTROLLED_ROLLOUT_COMPLETION_BOUNDARY_OPERATOR_VALIDATION_COMMANDS.md,docs/watchlist/evidence/runs/C167_PC_CTRL_ROLLOUT_DONE_BOUNDARY_OP_CMDS.md,architecture_simplified
docs/watchlist/evidence/weekly_swing/operator_commands/WS_C168_OPERATOR_VALIDATION_COMMANDS.md,docs/watchlist/evidence/runs/C168_OP_CMDS.md,architecture_simplified
docs/watchlist/evidence/weekly_swing/operator_commands/WS_C169_OPERATOR_VALIDATION_COMMANDS.md,docs/watchlist/evidence/runs/C169_OP_CMDS.md,architecture_simplified
docs/watchlist/evidence/weekly_swing/operator_commands/WS_C16_OPERATOR_VALIDATION_COMMANDS.md,docs/watchlist/evidence/runs/C16_OP_CMDS.md,architecture_simplified
docs/watchlist/evidence/weekly_swing/operator_commands/WS_C170_OPERATOR_VALIDATION_COMMANDS.md,docs/watchlist/evidence/runs/C170_OP_CMDS.md,architecture_simplified
docs/watchlist/evidence/weekly_swing/operator_commands/WS_C171_COMPARATIVE_OFFICIAL_IS_FAILURE_DIAGNOSTIC_OPERATOR_COMMANDS.md,docs/watchlist/evidence/runs/C171_COMPARATIVE_OFFICIAL_IS_FAILURE_DIAGNOSTIC_OP_COMMANDS.md,architecture_simplified
docs/watchlist/evidence/weekly_swing/operator_commands/WS_C171_FINAL_BOUNDED_REMEDIATION_OPERATOR_COMMANDS.md,docs/watchlist/evidence/runs/C171_FINAL_BOUNDED_REMEDIATION_OP_COMMANDS.md,architecture_simplified
docs/watchlist/evidence/weekly_swing/operator_commands/WS_C171_FINAL_FAILED_NOT_READY_CLOSURE_OPERATOR_COMMANDS.md,docs/watchlist/evidence/runs/C171_FINAL_FAILED_NOT_READY_CLOSURE_OP_COMMANDS.md,architecture_simplified
docs/watchlist/evidence/weekly_swing/operator_commands/WS_C171_LOW_PRICE_EXECUTION_QUALITY_C01_OPERATOR_COMMANDS.md,docs/watchlist/evidence/runs/C171_LOW_PRICE_EXEC_QUALITY_C01_OP_COMMANDS.md,architecture_simplified
docs/watchlist/evidence/weekly_swing/operator_commands/WS_C171_OPERATOR_VALIDATION_COMMANDS.md,docs/watchlist/evidence/runs/C171_OP_CMDS.md,architecture_simplified
docs/watchlist/evidence/weekly_swing/operator_commands/WS_C171_REMEDIATION_DRAFT_CATALOG_OPERATOR_COMMANDS.md,docs/watchlist/evidence/runs/C171_REMEDIATION_DRAFT_CATALOG_OP_COMMANDS.md,architecture_simplified
docs/watchlist/evidence/weekly_swing/operator_commands/WS_C171_TRADE_EVIDENCE_DIAGNOSTIC_OPERATOR_COMMANDS.md,docs/watchlist/evidence/runs/C171_TRADE_EVIDENCE_DIAGNOSTIC_OP_COMMANDS.md,architecture_simplified
docs/watchlist/evidence/weekly_swing/operator_commands/WS_C17_OPERATOR_VALIDATION_COMMANDS.md,docs/watchlist/evidence/runs/C17_OP_CMDS.md,architecture_simplified
docs/watchlist/evidence/weekly_swing/operator_commands/WS_C18_OPERATOR_VALIDATION_COMMANDS.md,docs/watchlist/evidence/runs/C18_OP_CMDS.md,architecture_simplified
docs/watchlist/evidence/weekly_swing/operator_commands/WS_C19_OPERATOR_VALIDATION_COMMANDS.md,docs/watchlist/evidence/runs/C19_OP_CMDS.md,architecture_simplified
docs/watchlist/evidence/weekly_swing/operator_commands/WS_C20_OPERATOR_VALIDATION_COMMANDS.md,docs/watchlist/evidence/runs/C20_OP_CMDS.md,architecture_simplified
docs/watchlist/evidence/weekly_swing/operator_commands/WS_C21_OPERATOR_VALIDATION_COMMANDS.md,docs/watchlist/evidence/runs/C21_OP_CMDS.md,architecture_simplified
docs/watchlist/evidence/weekly_swing/operator_commands/WS_C22_OPERATOR_VALIDATION_COMMANDS.md,docs/watchlist/evidence/runs/C22_OP_CMDS.md,architecture_simplified
docs/watchlist/evidence/weekly_swing/operator_commands/WS_C23_OPERATOR_VALIDATION_COMMANDS.md,docs/watchlist/evidence/runs/C23_OP_CMDS.md,architecture_simplified
docs/watchlist/evidence/weekly_swing/operator_commands/WS_C24_OPERATOR_VALIDATION_COMMANDS.md,docs/watchlist/evidence/runs/C24_OP_CMDS.md,architecture_simplified
docs/watchlist/evidence/weekly_swing/operator_commands/WS_C25_OPERATOR_VALIDATION_COMMANDS.md,docs/watchlist/evidence/runs/C25_OP_CMDS.md,architecture_simplified
docs/watchlist/evidence/weekly_swing/operator_commands/WS_C26_OPERATOR_VALIDATION_COMMANDS.md,docs/watchlist/evidence/runs/C26_OP_CMDS.md,architecture_simplified
docs/watchlist/evidence/weekly_swing/operator_commands/WS_C27_OPERATOR_VALIDATION_COMMANDS.md,docs/watchlist/evidence/runs/C27_OP_CMDS.md,architecture_simplified
docs/watchlist/evidence/weekly_swing/operator_commands/WS_C28_OPERATOR_VALIDATION_COMMANDS.md,docs/watchlist/evidence/runs/C28_OP_CMDS.md,architecture_simplified
docs/watchlist/evidence/weekly_swing/operator_commands/WS_C29_OPERATOR_VALIDATION_COMMANDS.md,docs/watchlist/evidence/runs/C29_OP_CMDS.md,architecture_simplified
docs/watchlist/evidence/weekly_swing/operator_commands/WS_C30_OPERATOR_VALIDATION_COMMANDS.md,docs/watchlist/evidence/runs/C30_OP_CMDS.md,architecture_simplified
docs/watchlist/evidence/weekly_swing/operator_commands/WS_C31_OPERATOR_VALIDATION_COMMANDS.md,docs/watchlist/evidence/runs/C31_OP_CMDS.md,architecture_simplified
docs/watchlist/evidence/weekly_swing/operator_commands/WS_C32_OPERATOR_VALIDATION_COMMANDS.md,docs/watchlist/evidence/runs/C32_OP_CMDS.md,architecture_simplified
docs/watchlist/evidence/weekly_swing/operator_commands/WS_C33_OPERATOR_VALIDATION_COMMANDS.md,docs/watchlist/evidence/runs/C33_OP_CMDS.md,architecture_simplified
docs/watchlist/evidence/weekly_swing/operator_commands/WS_C34_OPERATOR_VALIDATION_COMMANDS.md,docs/watchlist/evidence/runs/C34_OP_CMDS.md,architecture_simplified
docs/watchlist/evidence/weekly_swing/operator_commands/WS_C35_OPERATOR_VALIDATION_COMMANDS.md,docs/watchlist/evidence/runs/C35_OP_CMDS.md,architecture_simplified
docs/watchlist/evidence/weekly_swing/operator_commands/WS_C36_OPERATOR_VALIDATION_COMMANDS.md,docs/watchlist/evidence/runs/C36_OP_CMDS.md,architecture_simplified
docs/watchlist/evidence/weekly_swing/operator_commands/WS_C37_OPERATOR_VALIDATION_COMMANDS.md,docs/watchlist/evidence/runs/C37_OP_CMDS.md,architecture_simplified
docs/watchlist/evidence/weekly_swing/operator_commands/WS_C38_OPERATOR_VALIDATION_COMMANDS.md,docs/watchlist/evidence/runs/C38_OP_CMDS.md,architecture_simplified
docs/watchlist/evidence/weekly_swing/operator_commands/WS_C39_OPERATOR_VALIDATION_COMMANDS.md,docs/watchlist/evidence/runs/C39_OP_CMDS.md,architecture_simplified
docs/watchlist/evidence/weekly_swing/operator_commands/WS_C40_OPERATOR_VALIDATION_COMMANDS.md,docs/watchlist/evidence/runs/C40_OP_CMDS.md,architecture_simplified
docs/watchlist/evidence/weekly_swing/operator_commands/WS_C41_OPERATOR_VALIDATION_COMMANDS.md,docs/watchlist/evidence/runs/C41_OP_CMDS.md,architecture_simplified
docs/watchlist/evidence/weekly_swing/operator_commands/WS_C42_OPERATOR_VALIDATION_COMMANDS.md,docs/watchlist/evidence/runs/C42_OP_CMDS.md,architecture_simplified
docs/watchlist/evidence/weekly_swing/operator_commands/WS_C43_OPERATOR_VALIDATION_COMMANDS.md,docs/watchlist/evidence/runs/C43_OP_CMDS.md,architecture_simplified
docs/watchlist/evidence/weekly_swing/operator_commands/WS_C44_OPERATOR_VALIDATION_COMMANDS.md,docs/watchlist/evidence/runs/C44_OP_CMDS.md,architecture_simplified
docs/watchlist/evidence/weekly_swing/operator_commands/WS_C45_OPERATOR_VALIDATION_COMMANDS.md,docs/watchlist/evidence/runs/C45_OP_CMDS.md,architecture_simplified
docs/watchlist/evidence/weekly_swing/operator_commands/WS_C46_OPERATOR_VALIDATION_COMMANDS.md,docs/watchlist/evidence/runs/C46_OP_CMDS.md,architecture_simplified
docs/watchlist/evidence/weekly_swing/operator_commands/WS_C47_OPERATOR_VALIDATION_COMMANDS.md,docs/watchlist/evidence/runs/C47_OP_CMDS.md,architecture_simplified
docs/watchlist/evidence/weekly_swing/operator_commands/WS_C48_OPERATOR_VALIDATION_COMMANDS.md,docs/watchlist/evidence/runs/C48_OP_CMDS.md,architecture_simplified
docs/watchlist/evidence/weekly_swing/operator_commands/WS_C49_OPERATOR_VALIDATION_COMMANDS.md,docs/watchlist/evidence/runs/C49_OP_CMDS.md,architecture_simplified
docs/watchlist/evidence/weekly_swing/operator_commands/WS_C50_OPERATOR_VALIDATION_COMMANDS.md,docs/watchlist/evidence/runs/C50_OP_CMDS.md,architecture_simplified
docs/watchlist/evidence/weekly_swing/operator_commands/WS_C51_OPERATOR_VALIDATION_COMMANDS.md,docs/watchlist/evidence/runs/C51_OP_CMDS.md,architecture_simplified
docs/watchlist/evidence/weekly_swing/operator_commands/WS_C52_OPERATOR_VALIDATION_COMMANDS.md,docs/watchlist/evidence/runs/C52_OP_CMDS.md,architecture_simplified
docs/watchlist/evidence/weekly_swing/operator_commands/WS_C53_OPERATOR_VALIDATION_COMMANDS.md,docs/watchlist/evidence/runs/C53_OP_CMDS.md,architecture_simplified
docs/watchlist/evidence/weekly_swing/operator_commands/WS_C54_OPERATOR_VALIDATION_COMMANDS.md,docs/watchlist/evidence/runs/C54_OP_CMDS.md,architecture_simplified
docs/watchlist/evidence/weekly_swing/operator_commands/WS_C55_OPERATOR_VALIDATION_COMMANDS.md,docs/watchlist/evidence/runs/C55_OP_CMDS.md,architecture_simplified
docs/watchlist/evidence/weekly_swing/operator_commands/WS_C56_OPERATOR_VALIDATION_COMMANDS.md,docs/watchlist/evidence/runs/C56_OP_CMDS.md,architecture_simplified
docs/watchlist/evidence/weekly_swing/operator_commands/WS_C57_OPERATOR_VALIDATION_COMMANDS.md,docs/watchlist/evidence/runs/C57_OP_CMDS.md,architecture_simplified
docs/watchlist/evidence/weekly_swing/operator_commands/WS_C58_OPERATOR_VALIDATION_COMMANDS.md,docs/watchlist/evidence/runs/C58_OP_CMDS.md,architecture_simplified
docs/watchlist/evidence/weekly_swing/operator_commands/WS_C59_OPERATOR_VALIDATION_COMMANDS.md,docs/watchlist/evidence/runs/C59_OP_CMDS.md,architecture_simplified
docs/watchlist/evidence/weekly_swing/operator_commands/WS_C60_OPERATOR_VALIDATION_COMMANDS.md,docs/watchlist/evidence/runs/C60_OP_CMDS.md,architecture_simplified
docs/watchlist/evidence/weekly_swing/operator_commands/WS_C61_OPERATOR_VALIDATION_COMMANDS.md,docs/watchlist/evidence/runs/C61_OP_CMDS.md,architecture_simplified
docs/watchlist/evidence/weekly_swing/operator_commands/WS_C62_OPERATOR_VALIDATION_COMMANDS.md,docs/watchlist/evidence/runs/C62_OP_CMDS.md,architecture_simplified
docs/watchlist/evidence/weekly_swing/operator_commands/WS_C63_OPERATOR_VALIDATION_COMMANDS.md,docs/watchlist/evidence/runs/C63_OP_CMDS.md,architecture_simplified
docs/watchlist/evidence/weekly_swing/operator_commands/WS_C64_OPERATOR_VALIDATION_COMMANDS.md,docs/watchlist/evidence/runs/C64_OP_CMDS.md,architecture_simplified
docs/watchlist/evidence/weekly_swing/operator_commands/WS_C65_OPERATOR_VALIDATION_COMMANDS.md,docs/watchlist/evidence/runs/C65_OP_CMDS.md,architecture_simplified
docs/watchlist/evidence/weekly_swing/operator_commands/WS_C66_OPERATOR_VALIDATION_COMMANDS.md,docs/watchlist/evidence/runs/C66_OP_CMDS.md,architecture_simplified
docs/watchlist/evidence/weekly_swing/operator_commands/WS_C67_OPERATOR_VALIDATION_COMMANDS.md,docs/watchlist/evidence/runs/C67_OP_CMDS.md,architecture_simplified
docs/watchlist/evidence/weekly_swing/operator_commands/WS_C68_OPERATOR_VALIDATION_COMMANDS.md,docs/watchlist/evidence/runs/C68_OP_CMDS.md,architecture_simplified
docs/watchlist/evidence/weekly_swing/operator_commands/WS_C69_OPERATOR_VALIDATION_COMMANDS.md,docs/watchlist/evidence/runs/C69_OP_CMDS.md,architecture_simplified
docs/watchlist/evidence/weekly_swing/operator_commands/WS_C70_OPERATOR_VALIDATION_COMMANDS.md,docs/watchlist/evidence/runs/C70_OP_CMDS.md,architecture_simplified
docs/watchlist/evidence/weekly_swing/operator_commands/WS_C71_OPERATOR_VALIDATION_COMMANDS.md,docs/watchlist/evidence/runs/C71_OP_CMDS.md,architecture_simplified
docs/watchlist/evidence/weekly_swing/operator_commands/WS_C72_OPERATOR_VALIDATION_COMMANDS.md,docs/watchlist/evidence/runs/C72_OP_CMDS.md,architecture_simplified
docs/watchlist/evidence/weekly_swing/operator_commands/WS_C73_OPERATOR_VALIDATION_COMMANDS.md,docs/watchlist/evidence/runs/C73_OP_CMDS.md,architecture_simplified
docs/watchlist/evidence/weekly_swing/operator_commands/WS_C74_OPERATOR_VALIDATION_COMMANDS.md,docs/watchlist/evidence/runs/C74_OP_CMDS.md,architecture_simplified
docs/watchlist/evidence/weekly_swing/operator_commands/WS_C75_OPERATOR_VALIDATION_COMMANDS.md,docs/watchlist/evidence/runs/C75_OP_CMDS.md,architecture_simplified
docs/watchlist/evidence/weekly_swing/operator_commands/WS_C76_OPERATOR_VALIDATION_COMMANDS.md,docs/watchlist/evidence/runs/C76_OP_CMDS.md,architecture_simplified
docs/watchlist/evidence/weekly_swing/operator_commands/WS_C77_OPERATOR_VALIDATION_COMMANDS.md,docs/watchlist/evidence/runs/C77_OP_CMDS.md,architecture_simplified
docs/watchlist/evidence/weekly_swing/operator_commands/WS_C78_OPERATOR_VALIDATION_COMMANDS.md,docs/watchlist/evidence/runs/C78_OP_CMDS.md,architecture_simplified
docs/watchlist/evidence/weekly_swing/operator_commands/WS_C79_OPERATOR_VALIDATION_COMMANDS.md,docs/watchlist/evidence/runs/C79_OP_CMDS.md,architecture_simplified
docs/watchlist/evidence/weekly_swing/operator_commands/WS_C80_OPERATOR_VALIDATION_COMMANDS.md,docs/watchlist/evidence/runs/C80_OP_CMDS.md,architecture_simplified
docs/watchlist/evidence/weekly_swing/operator_commands/WS_C81_OPERATOR_VALIDATION_COMMANDS.md,docs/watchlist/evidence/runs/C81_OP_CMDS.md,architecture_simplified
docs/watchlist/evidence/weekly_swing/operator_commands/WS_C82_OPERATOR_VALIDATION_COMMANDS.md,docs/watchlist/evidence/runs/C82_OP_CMDS.md,architecture_simplified
docs/watchlist/evidence/weekly_swing/operator_commands/WS_C83_OPERATOR_VALIDATION_COMMANDS.md,docs/watchlist/evidence/runs/C83_OP_CMDS.md,architecture_simplified
docs/watchlist/evidence/weekly_swing/operator_commands/WS_C84_OPERATOR_VALIDATION_COMMANDS.md,docs/watchlist/evidence/runs/C84_OP_CMDS.md,architecture_simplified
docs/watchlist/evidence/weekly_swing/operator_commands/WS_C85_OPERATOR_VALIDATION_COMMANDS.md,docs/watchlist/evidence/runs/C85_OP_CMDS.md,architecture_simplified
docs/watchlist/evidence/weekly_swing/operator_commands/WS_C86_OPERATOR_VALIDATION_COMMANDS.md,docs/watchlist/evidence/runs/C86_OP_CMDS.md,architecture_simplified
docs/watchlist/evidence/weekly_swing/operator_commands/WS_C87_OPERATOR_VALIDATION_COMMANDS.md,docs/watchlist/evidence/runs/C87_OP_CMDS.md,architecture_simplified
docs/watchlist/evidence/weekly_swing/operator_commands/WS_C88_OPERATOR_VALIDATION_COMMANDS.md,docs/watchlist/evidence/runs/C88_OP_CMDS.md,architecture_simplified
docs/watchlist/evidence/weekly_swing/operator_commands/WS_C89_OPERATOR_VALIDATION_COMMANDS.md,docs/watchlist/evidence/runs/C89_OP_CMDS.md,architecture_simplified
docs/watchlist/evidence/weekly_swing/operator_commands/WS_C90_OPERATOR_VALIDATION_COMMANDS.md,docs/watchlist/evidence/runs/C90_OP_CMDS.md,architecture_simplified
docs/watchlist/evidence/weekly_swing/operator_commands/WS_C91_OPERATOR_VALIDATION_COMMANDS.md,docs/watchlist/evidence/runs/C91_OP_CMDS.md,architecture_simplified
docs/watchlist/evidence/weekly_swing/operator_commands/WS_C92_OPERATOR_VALIDATION_COMMANDS.md,docs/watchlist/evidence/runs/C92_OP_CMDS.md,architecture_simplified
docs/watchlist/evidence/weekly_swing/operator_commands/WS_C93_OPERATOR_VALIDATION_COMMANDS.md,docs/watchlist/evidence/runs/C93_OP_CMDS.md,architecture_simplified
docs/watchlist/evidence/weekly_swing/operator_commands/WS_C94_OPERATOR_VALIDATION_COMMANDS.md,docs/watchlist/evidence/runs/C94_OP_CMDS.md,architecture_simplified
docs/watchlist/evidence/weekly_swing/operator_commands/WS_C95_OPERATOR_VALIDATION_COMMANDS.md,docs/watchlist/evidence/runs/C95_OP_CMDS.md,architecture_simplified
docs/watchlist/evidence/weekly_swing/operator_commands/WS_C96_OPERATOR_VALIDATION_COMMANDS.md,docs/watchlist/evidence/runs/C96_OP_CMDS.md,architecture_simplified
docs/watchlist/evidence/weekly_swing/operator_commands/WS_C97_OPERATOR_VALIDATION_COMMANDS.md,docs/watchlist/evidence/runs/C97_OP_CMDS.md,architecture_simplified
docs/watchlist/evidence/weekly_swing/operator_commands/WS_C98_OPERATOR_VALIDATION_COMMANDS.md,docs/watchlist/evidence/runs/C98_OP_CMDS.md,architecture_simplified
docs/watchlist/evidence/weekly_swing/operator_commands/WS_C99_OPERATOR_VALIDATION_COMMANDS.md,docs/watchlist/evidence/runs/C99_OP_CMDS.md,architecture_simplified
docs/watchlist/evidence/weekly_swing/operator_commands/WS_DB_DICTIONARY_OPERATOR_COMMANDS.md,docs/watchlist/evidence/runs/WS_DB_DICTIONARY_OPERATOR_COMMANDS.md,architecture_simplified
docs/watchlist/evidence/weekly_swing/operator_commands/WS_NEW_STRATEGY_R01_OPERATOR_VALIDATION_COMMANDS.md,docs/watchlist/evidence/runs/WS_NEW_STRATEGY_R01_OPERATOR_VALIDATION_COMMANDS.md,architecture_simplified
docs/watchlist/evidence/weekly_swing/operator_commands/WS_NEW_STRATEGY_R02_OPERATOR_VALIDATION_COMMANDS.md,docs/watchlist/evidence/runs/WS_NEW_STRATEGY_R02_OPERATOR_VALIDATION_COMMANDS.md,architecture_simplified
docs/watchlist/evidence/weekly_swing/operator_commands/WS_TAIL_RISK_S01_OPERATOR_VALIDATION_COMMANDS.md,docs/watchlist/evidence/runs/WS_TAIL_RISK_S01_OPERATOR_VALIDATION_COMMANDS.md,architecture_simplified
docs/watchlist/evidence/weekly_swing/results/WS_BREAKOUT_INTEGRITY_B01_EXECUTION_AND_TARGET_ALIGNMENT.md,docs/watchlist/evidence/runs/WS_BREAKOUT_INTEGRITY_B01_EXECUTION_AND_TARGET_ALIGNMENT.md,architecture_simplified
docs/watchlist/evidence/weekly_swing/results/WS_C08_RUNTIME_PAYLOAD_AND_BATCHED_C07_DRILLDOWN_FINAL_RESULT.md,docs/watchlist/evidence/runs/C08_RUN_PAYLOAD_AND_BATCHED_C07_DRILLDOWN_FINAL_RESULT.md,architecture_simplified
docs/watchlist/evidence/weekly_swing/results/WS_C09_NULLABLE_EVENT_CONTEXT_RUNTIME_COVERAGE_FINAL_RESULT.md,docs/watchlist/evidence/runs/C09_NULLABLE_EVENT_CONTEXT_RUN_COVERAGE_FINAL_RESULT.md,architecture_simplified
docs/watchlist/evidence/weekly_swing/results/WS_C100_WEEKLY_SWING_WATCHLIST_NON_LIVE_REHEARSAL_RESULT_REVIEW.md,docs/watchlist/evidence/runs/C100_REH_RESULT.md,architecture_simplified
docs/watchlist/evidence/weekly_swing/results/WS_C103_WEEKLY_SWING_WATCHLIST_NON_LIVE_REHEARSAL_COMPLETION_BOUNDARY_REVIEW.md,docs/watchlist/evidence/runs/C103_REH_DONE_BOUNDARY.md,architecture_simplified
docs/watchlist/evidence/weekly_swing/results/WS_C104_WEEKLY_SWING_WATCHLIST_NON_LIVE_REHEARSAL_HANDOFF_READINESS_REVIEW.md,docs/watchlist/evidence/runs/C104_REH_HANDOFF_READY.md,architecture_simplified
docs/watchlist/evidence/weekly_swing/results/WS_C105_WEEKLY_SWING_WATCHLIST_NON_LIVE_REHEARSAL_HANDOFF_FINALIZATION_REVIEW.md,docs/watchlist/evidence/runs/C105_REH_HANDOFF_FINAL_REVIEW.md,architecture_simplified
docs/watchlist/evidence/weekly_swing/results/WS_C106_WEEKLY_SWING_WATCHLIST_NON_LIVE_REHEARSAL_HANDOFF_COMPLETION_BOUNDARY_REVIEW.md,docs/watchlist/evidence/runs/C106_REH_HANDOFF_DONE_BOUNDARY.md,architecture_simplified
docs/watchlist/evidence/weekly_swing/results/WS_C107_WEEKLY_SWING_WATCHLIST_NON_LIVE_REHEARSAL_HANDOFF_CLOSURE_SEAL_REVIEW.md,docs/watchlist/evidence/runs/C107_REH_HANDOFF_CLOSURE_SEAL_REVIEW.md,architecture_simplified
docs/watchlist/evidence/weekly_swing/results/WS_C108_WEEKLY_SWING_WATCHLIST_NON_LIVE_REHEARSAL_HANDOFF_AUDIT_ARCHIVE_REVIEW.md,docs/watchlist/evidence/runs/C108_REH_ARCH_REVIEW.md,architecture_simplified
docs/watchlist/evidence/weekly_swing/results/WS_C109_WEEKLY_SWING_WATCHLIST_NON_LIVE_REHEARSAL_HANDOFF_AUDIT_ARCHIVE_COMPLETION_REVIEW.md,docs/watchlist/evidence/runs/C109_REH_ARCH_REVIEW.md,architecture_simplified
docs/watchlist/evidence/weekly_swing/results/WS_C110_WEEKLY_SWING_WATCHLIST_NON_LIVE_REHEARSAL_HANDOFF_AUDIT_ARCHIVE_COMPLETION_SEAL_REVIEW.md,docs/watchlist/evidence/runs/C110_REH_ARCH_SEAL_REVIEW.md,architecture_simplified
docs/watchlist/evidence/weekly_swing/results/WS_C113_WEEKLY_SWING_WATCHLIST_PRODUCTION_READINESS_REVIEW.md,docs/watchlist/evidence/runs/C113_PROD_READY.md,architecture_simplified
docs/watchlist/evidence/weekly_swing/results/WS_C114_WEEKLY_SWING_WATCHLIST_PRODUCTION_RUNTIME_WIRING_READINESS_REVIEW.md,docs/watchlist/evidence/runs/C114_PROD_RUN_WIRING_READY.md,architecture_simplified
docs/watchlist/evidence/weekly_swing/results/WS_C116_WEEKLY_SWING_WATCHLIST_CONTROLLED_RUNTIME_WIRING_EXECUTION_REVIEW.md,docs/watchlist/evidence/runs/C116_WIRING_EXEC_REVIEW.md,architecture_simplified
docs/watchlist/evidence/weekly_swing/results/WS_C117_WEEKLY_SWING_WATCHLIST_CONTROLLED_RUNTIME_WIRING_OBSERVATION_REVIEW.md,docs/watchlist/evidence/runs/C117_WIRING_OBS_REVIEW.md,architecture_simplified
docs/watchlist/evidence/weekly_swing/results/WS_C118_WEEKLY_SWING_WATCHLIST_CONTROLLED_RUNTIME_WIRING_OBSERVATION_RESULT_REVIEW.md,docs/watchlist/evidence/runs/C118_WIRING_OBS_RESULT.md,architecture_simplified
docs/watchlist/evidence/weekly_swing/results/WS_C11_EXIT_MODEL_CONTRACT_AUDIT_FINAL_RESULT.md,docs/watchlist/evidence/runs/C11_EXIT_MODEL_CONTRACT_AUDIT_FINAL_RESULT.md,architecture_simplified
docs/watchlist/evidence/weekly_swing/results/WS_C121_WEEKLY_SWING_WATCHLIST_CONTROLLED_RUNTIME_WIRING_COMPLETION_BOUNDARY_REVIEW.md,docs/watchlist/evidence/runs/C121_WIRING_DONE_BOUNDARY.md,architecture_simplified
docs/watchlist/evidence/weekly_swing/results/WS_C122_WEEKLY_SWING_WATCHLIST_CONTROLLED_RUNTIME_WIRING_HANDOFF_READINESS_REVIEW.md,docs/watchlist/evidence/runs/C122_WIRING_HANDOFF_READY.md,architecture_simplified
docs/watchlist/evidence/weekly_swing/results/WS_C123_WEEKLY_SWING_WATCHLIST_CONTROLLED_RUNTIME_WIRING_HANDOFF_FINALIZATION_REVIEW.md,docs/watchlist/evidence/runs/C123_WIRING_HANDOFF_FINAL_REVIEW.md,architecture_simplified
docs/watchlist/evidence/weekly_swing/results/WS_C124_WEEKLY_SWING_WATCHLIST_CONTROLLED_RUNTIME_WIRING_HANDOFF_COMPLETION_BOUNDARY_REVIEW.md,docs/watchlist/evidence/runs/C124_WIRING_HANDOFF_DONE_BOUNDARY.md,architecture_simplified
docs/watchlist/evidence/weekly_swing/results/WS_C125_WEEKLY_SWING_WATCHLIST_CONTROLLED_RUNTIME_WIRING_HANDOFF_CLOSURE_SEAL_REVIEW.md,docs/watchlist/evidence/runs/C125_WIRING_HANDOFF_CLOSURE_SEAL_REVIEW.md,architecture_simplified
docs/watchlist/evidence/weekly_swing/results/WS_C126_WEEKLY_SWING_WATCHLIST_CONTROLLED_RUNTIME_WIRING_HANDOFF_AUDIT_ARCHIVE_REVIEW.md,docs/watchlist/evidence/runs/C126_WIRING_ARCH_REVIEW.md,architecture_simplified
docs/watchlist/evidence/weekly_swing/results/WS_C127_WEEKLY_SWING_WATCHLIST_CONTROLLED_RUNTIME_WIRING_HANDOFF_AUDIT_ARCHIVE_COMPLETION_REVIEW.md,docs/watchlist/evidence/runs/C127_WIRING_ARCH_REVIEW.md,architecture_simplified
docs/watchlist/evidence/weekly_swing/results/WS_C128_WEEKLY_SWING_WATCHLIST_CONTROLLED_RUNTIME_WIRING_HANDOFF_AUDIT_ARCHIVE_COMPLETION_SEAL_REVIEW.md,docs/watchlist/evidence/runs/C128_WIRING_ARCH_SEAL_REVIEW.md,architecture_simplified
docs/watchlist/evidence/weekly_swing/results/WS_C130_WEEKLY_SWING_WATCHLIST_PRODUCTION_LIVE_RUNTIME_ACTIVATION_READINESS_REVIEW.md,docs/watchlist/evidence/runs/C130_LIVE_ACT_READY.md,architecture_simplified
docs/watchlist/evidence/weekly_swing/results/WS_C132_WEEKLY_SWING_WATCHLIST_PRODUCTION_LIVE_RUNTIME_ACTIVATION_EXECUTION_REVIEW.md,docs/watchlist/evidence/runs/C132_LIVE_ACT_EXEC_REVIEW.md,architecture_simplified
docs/watchlist/evidence/weekly_swing/results/WS_C133_WEEKLY_SWING_WATCHLIST_PRODUCTION_LIVE_RUNTIME_ACTIVATION_OBSERVATION_REVIEW.md,docs/watchlist/evidence/runs/C133_LIVE_ACT_OBS_REVIEW.md,architecture_simplified
docs/watchlist/evidence/weekly_swing/results/WS_C134_WEEKLY_SWING_WATCHLIST_PRODUCTION_LIVE_RUNTIME_ACTIVATION_OBSERVATION_RESULT_REVIEW.md,docs/watchlist/evidence/runs/C134_LIVE_ACT_OBS_RESULT.md,architecture_simplified
docs/watchlist/evidence/weekly_swing/results/WS_C137_WEEKLY_SWING_WATCHLIST_PRODUCTION_LIVE_RUNTIME_ACTIVATION_PRE_ACTIVATION_BOUNDARY_REVIEW.md,docs/watchlist/evidence/runs/C137_LIVE_ACT_PRE_ACT_BOUNDARY.md,architecture_simplified
docs/watchlist/evidence/weekly_swing/results/WS_C139_WEEKLY_SWING_WATCHLIST_PRODUCTION_LIVE_RUNTIME_ACTIVATION_EXECUTION_REVIEW.md,docs/watchlist/evidence/runs/C139_LIVE_ACT_EXEC_REVIEW.md,architecture_simplified
docs/watchlist/evidence/weekly_swing/results/WS_C13_EXIT_AXIS_SUPPORT_FINAL_RESULT.md,docs/watchlist/evidence/runs/C13_EXIT_AXIS_SUPPORT_FINAL_RESULT.md,architecture_simplified
docs/watchlist/evidence/weekly_swing/results/WS_C140_WEEKLY_SWING_WATCHLIST_PRODUCTION_LIVE_RUNTIME_ACTIVATION_OBSERVATION_REVIEW.md,docs/watchlist/evidence/runs/C140_LIVE_ACT_OBS_REVIEW.md,architecture_simplified
docs/watchlist/evidence/weekly_swing/results/WS_C141_WEEKLY_SWING_WATCHLIST_PRODUCTION_LIVE_RUNTIME_ACTIVATION_OBSERVATION_RESULT_REVIEW.md,docs/watchlist/evidence/runs/C141_LIVE_ACT_OBS_RESULT.md,architecture_simplified
docs/watchlist/evidence/weekly_swing/results/WS_C144_WEEKLY_SWING_WATCHLIST_PRODUCTION_LIVE_RUNTIME_ACTIVATION_PRE_ACTIVATION_BOUNDARY_REVIEW.md,docs/watchlist/evidence/runs/C144_LIVE_ACT_PRE_ACT_BOUNDARY.md,architecture_simplified
docs/watchlist/evidence/weekly_swing/results/WS_C146_WEEKLY_SWING_WATCHLIST_PRODUCTION_LIVE_RUNTIME_ACTIVATION_EXECUTION_REVIEW.md,docs/watchlist/evidence/runs/C146_LIVE_ACT_EXEC_REVIEW.md,architecture_simplified
docs/watchlist/evidence/weekly_swing/results/WS_C147_WEEKLY_SWING_WATCHLIST_PRODUCTION_LIVE_RUNTIME_ACTIVATION_OBSERVATION_REVIEW.md,docs/watchlist/evidence/runs/C147_LIVE_ACT_OBS_REVIEW.md,architecture_simplified
docs/watchlist/evidence/weekly_swing/results/WS_C148_WEEKLY_SWING_WATCHLIST_PRODUCTION_LIVE_RUNTIME_ACTIVATION_OBSERVATION_RESULT_REVIEW.md,docs/watchlist/evidence/runs/C148_LIVE_ACT_OBS_RESULT.md,architecture_simplified
docs/watchlist/evidence/weekly_swing/results/WS_C14_VARIABLE_RISK_EXIT_CATALOG_FINAL_RESULT.md,docs/watchlist/evidence/runs/C14_VARIABLE_RISK_EXIT_CATALOG_FINAL_RESULT.md,architecture_simplified
docs/watchlist/evidence/weekly_swing/results/WS_C150_WEEKLY_SWING_WATCHLIST_PRODUCTION_LIVE_RUNTIME_ACTIVATION_FINAL_EXECUTION.md,docs/watchlist/evidence/runs/C150_LIVE_ACT_FINAL_EXEC.md,architecture_simplified
docs/watchlist/evidence/weekly_swing/results/WS_C151_WEEKLY_SWING_WATCHLIST_PRODUCTION_LIVE_RUNTIME_ACTIVATION_POST_EXECUTION_OBSERVATION_REVIEW.md,docs/watchlist/evidence/runs/C151_LIVE_ACT_POST_EXEC_OBS_REVIEW.md,architecture_simplified
docs/watchlist/evidence/weekly_swing/results/WS_C152_WEEKLY_SWING_WATCHLIST_PRODUCTION_LIVE_RUNTIME_ACTIVATION_POST_EXECUTION_OBSERVATION_RESULT_REVIEW.md,docs/watchlist/evidence/runs/C152_LIVE_ACT_POST_EXEC_OBS_RESULT.md,architecture_simplified
docs/watchlist/evidence/weekly_swing/results/WS_C153_WEEKLY_SWING_WATCHLIST_PRODUCTION_LIVE_RUNTIME_CONTROLLED_OUTPUT_GENERATION_BOUNDARY_REVIEW.md,docs/watchlist/evidence/runs/C153_LIVE_OUTPUT_BOUNDARY.md,architecture_simplified
docs/watchlist/evidence/weekly_swing/results/WS_C154_WEEKLY_SWING_WATCHLIST_PRODUCTION_LIVE_RUNTIME_CONTROLLED_OUTPUT_GENERATION_EXECUTION.md,docs/watchlist/evidence/runs/C154_LIVE_OUTPUT_EXEC.md,architecture_simplified
docs/watchlist/evidence/weekly_swing/results/WS_C155_WEEKLY_SWING_WATCHLIST_PRODUCTION_LIVE_RUNTIME_CONTROLLED_OUTPUT_GENERATION_RESULT_REVIEW.md,docs/watchlist/evidence/runs/C155_LIVE_OUTPUT_RESULT.md,architecture_simplified
docs/watchlist/evidence/weekly_swing/results/WS_C158_WEEKLY_SWING_WATCHLIST_PRODUCTION_LIVE_RUNTIME_CONTROLLED_OUTPUT_PUBLICATION_BOUNDARY_REVIEW.md,docs/watchlist/evidence/runs/C158_LIVE_PUB_BOUNDARY.md,architecture_simplified
docs/watchlist/evidence/weekly_swing/results/WS_C158_WEEKLY_SWING_WATCHLIST_PRODUCTION_LIVE_RUNTIME_CONTROLLED_OUTPUT_PUBLICATION_EXECUTION.md,docs/watchlist/evidence/runs/C158_LIVE_PUB_EXEC.md,architecture_simplified
docs/watchlist/evidence/weekly_swing/results/WS_C158_WEEKLY_SWING_WATCHLIST_PRODUCTION_LIVE_RUNTIME_CONTROLLED_OUTPUT_PUBLICATION_RESULT_REVIEW.md,docs/watchlist/evidence/runs/C158_LIVE_PUB_RESULT.md,architecture_simplified
docs/watchlist/evidence/weekly_swing/results/WS_C159_WEEKLY_SWING_WATCHLIST_PRODUCTION_LIVE_RUNTIME_CONTROLLED_OUTPUT_PUBLICATION_POST_PUBLICATION_OBSERVATION_RESULT_REVIEW.md,docs/watchlist/evidence/runs/C159_LIVE_PUB_POSTPUB_OBS_RESULT.md,architecture_simplified
docs/watchlist/evidence/weekly_swing/results/WS_C159_WEEKLY_SWING_WATCHLIST_PRODUCTION_LIVE_RUNTIME_CONTROLLED_OUTPUT_PUBLICATION_POST_PUBLICATION_OBSERVATION_REVIEW.md,docs/watchlist/evidence/runs/C159_LIVE_PUB_POSTPUB_OBS_REVIEW.md,architecture_simplified
docs/watchlist/evidence/weekly_swing/results/WS_C160_WEEKLY_SWING_WATCHLIST_PRODUCTION_LIVE_RUNTIME_PLAN_CONFIRM_BOUNDARY_REVIEW.md,docs/watchlist/evidence/runs/C160_LIVE_PC_BOUNDARY.md,architecture_simplified
docs/watchlist/evidence/weekly_swing/results/WS_C160_WEEKLY_SWING_WATCHLIST_PRODUCTION_LIVE_RUNTIME_PLAN_CONFIRM_EXECUTION.md,docs/watchlist/evidence/runs/C160_LIVE_PC_EXEC.md,architecture_simplified
docs/watchlist/evidence/weekly_swing/results/WS_C160_WEEKLY_SWING_WATCHLIST_PRODUCTION_LIVE_RUNTIME_PLAN_CONFIRM_RESULT_REVIEW.md,docs/watchlist/evidence/runs/C160_LIVE_PC_RESULT.md,architecture_simplified
docs/watchlist/evidence/weekly_swing/results/WS_C161_WEEKLY_SWING_WATCHLIST_PRODUCTION_LIVE_RUNTIME_PLAN_CONFIRM_COMPLETION_BOUNDARY_REVIEW.md,docs/watchlist/evidence/runs/C161_LIVE_PC_DONE_BOUNDARY.md,architecture_simplified
docs/watchlist/evidence/weekly_swing/results/WS_C161_WEEKLY_SWING_WATCHLIST_PRODUCTION_LIVE_RUNTIME_PLAN_CONFIRM_COMPLETION_EXECUTION.md,docs/watchlist/evidence/runs/C161_LIVE_PC_DONE_EXEC.md,architecture_simplified
docs/watchlist/evidence/weekly_swing/results/WS_C161_WEEKLY_SWING_WATCHLIST_PRODUCTION_LIVE_RUNTIME_PLAN_CONFIRM_COMPLETION_RESULT_REVIEW.md,docs/watchlist/evidence/runs/C161_LIVE_PC_DONE_RESULT.md,architecture_simplified
docs/watchlist/evidence/weekly_swing/results/WS_C162_WEEKLY_SWING_WATCHLIST_PRODUCTION_LIVE_RUNTIME_PLAN_CONFIRM_COMPLETION_HANDOFF_AUDIT_ARCHIVE_COMPLETION_REVIEW.md,docs/watchlist/evidence/runs/C162_LIVE_PC_HANDOFF_ARCH_COMPLETE.md,architecture_simplified
docs/watchlist/evidence/weekly_swing/results/WS_C162_WEEKLY_SWING_WATCHLIST_PRODUCTION_LIVE_RUNTIME_PLAN_CONFIRM_COMPLETION_HANDOFF_AUDIT_ARCHIVE_COMPLETION_SEAL_REVIEW.md,docs/watchlist/evidence/runs/C162_LIVE_PC_HANDOFF_ARCH_SEAL.md,architecture_simplified
docs/watchlist/evidence/weekly_swing/results/WS_C162_WEEKLY_SWING_WATCHLIST_PRODUCTION_LIVE_RUNTIME_PLAN_CONFIRM_COMPLETION_HANDOFF_AUDIT_ARCHIVE_REVIEW.md,docs/watchlist/evidence/runs/C162_LIVE_PC_HANDOFF_ARCH_REVIEW.md,architecture_simplified
docs/watchlist/evidence/weekly_swing/results/WS_C162_WEEKLY_SWING_WATCHLIST_PRODUCTION_LIVE_RUNTIME_PLAN_CONFIRM_COMPLETION_HANDOFF_CLOSURE_SEAL_REVIEW.md,docs/watchlist/evidence/runs/C162_LIVE_PC_DONE_HANDOFF_CLOSURE_SEAL_REVIEW.md,architecture_simplified
docs/watchlist/evidence/weekly_swing/results/WS_C162_WEEKLY_SWING_WATCHLIST_PRODUCTION_LIVE_RUNTIME_PLAN_CONFIRM_COMPLETION_HANDOFF_COMPLETION_BOUNDARY_REVIEW.md,docs/watchlist/evidence/runs/C162_LIVE_PC_DONE_HANDOFF_DONE_BOUNDARY.md,architecture_simplified
docs/watchlist/evidence/weekly_swing/results/WS_C162_WEEKLY_SWING_WATCHLIST_PRODUCTION_LIVE_RUNTIME_PLAN_CONFIRM_COMPLETION_HANDOFF_FINALIZATION_REVIEW.md,docs/watchlist/evidence/runs/C162_LIVE_PC_DONE_HANDOFF_FINAL_REVIEW.md,architecture_simplified
docs/watchlist/evidence/weekly_swing/results/WS_C162_WEEKLY_SWING_WATCHLIST_PRODUCTION_LIVE_RUNTIME_PLAN_CONFIRM_COMPLETION_HANDOFF_READINESS_REVIEW.md,docs/watchlist/evidence/runs/C162_LIVE_PC_DONE_HANDOFF_READY.md,architecture_simplified
docs/watchlist/evidence/weekly_swing/results/WS_C163_WEEKLY_SWING_WATCHLIST_PRODUCTION_LIVE_RUNTIME_PLAN_CONFIRM_COMPLETION_POST_HANDOFF_ACTIVATION_EXECUTION_REVIEW.md,docs/watchlist/evidence/runs/C163_LIVE_PC_POST_HANDOFF_EXEC_REVIEW.md,architecture_simplified
docs/watchlist/evidence/weekly_swing/results/WS_C163_WEEKLY_SWING_WATCHLIST_PRODUCTION_LIVE_RUNTIME_PLAN_CONFIRM_COMPLETION_POST_HANDOFF_ACTIVATION_OBSERVATION_RESULT_REVIEW.md,docs/watchlist/evidence/runs/C163_LIVE_PC_POST_HANDOFF_OBS_RESULT.md,architecture_simplified
docs/watchlist/evidence/weekly_swing/results/WS_C163_WEEKLY_SWING_WATCHLIST_PRODUCTION_LIVE_RUNTIME_PLAN_CONFIRM_COMPLETION_POST_HANDOFF_ACTIVATION_OBSERVATION_REVIEW.md,docs/watchlist/evidence/runs/C163_LIVE_PC_POST_HANDOFF_OBS_REVIEW.md,architecture_simplified
docs/watchlist/evidence/weekly_swing/results/WS_C163_WEEKLY_SWING_WATCHLIST_PRODUCTION_LIVE_RUNTIME_PLAN_CONFIRM_COMPLETION_POST_HANDOFF_ACTIVATION_READINESS_REVIEW.md,docs/watchlist/evidence/runs/C163_LIVE_PC_POST_HANDOFF_READY.md,architecture_simplified
docs/watchlist/evidence/weekly_swing/results/WS_C163_WEEKLY_SWING_WATCHLIST_PRODUCTION_LIVE_RUNTIME_PLAN_CONFIRM_COMPLETION_POST_HANDOFF_BOUNDARY_REVIEW.md,docs/watchlist/evidence/runs/C163_LIVE_PC_DONE_POST_HANDOFF_BOUNDARY.md,architecture_simplified
docs/watchlist/evidence/weekly_swing/results/WS_C164_WEEKLY_SWING_WATCHLIST_PRODUCTION_LIVE_RUNTIME_PLAN_CONFIRM_COMPLETION_POST_HANDOFF_ACTIVATION_COMPLETION_BOUNDARY_REVIEW.md,docs/watchlist/evidence/runs/C164_LIVE_PC_POST_HANDOFF_DONE_BOUNDARY.md,architecture_simplified
docs/watchlist/evidence/weekly_swing/results/WS_C164_WEEKLY_SWING_WATCHLIST_PRODUCTION_LIVE_RUNTIME_PLAN_CONFIRM_COMPLETION_POST_HANDOFF_ACTIVATION_COMPLETION_EXECUTION.md,docs/watchlist/evidence/runs/C164_LIVE_PC_POST_HANDOFF_DONE_EXEC.md,architecture_simplified
docs/watchlist/evidence/weekly_swing/results/WS_C164_WEEKLY_SWING_WATCHLIST_PRODUCTION_LIVE_RUNTIME_PLAN_CONFIRM_COMPLETION_POST_HANDOFF_ACTIVATION_COMPLETION_RESULT_REVIEW.md,docs/watchlist/evidence/runs/C164_LIVE_PC_POST_HANDOFF_DONE_RESULT.md,architecture_simplified
docs/watchlist/evidence/weekly_swing/results/WS_C165_WEEKLY_SWING_WATCHLIST_PRODUCTION_LIVE_RUNTIME_PLAN_CONFIRM_CONTROLLED_ROLLOUT_BOUNDARY_REVIEW.md,docs/watchlist/evidence/runs/C165_LIVE_PC_CTRL_ROLLOUT_BOUNDARY.md,architecture_simplified
docs/watchlist/evidence/weekly_swing/results/WS_C165_WEEKLY_SWING_WATCHLIST_PRODUCTION_LIVE_RUNTIME_PLAN_CONFIRM_CONTROLLED_ROLLOUT_EXECUTION.md,docs/watchlist/evidence/runs/C165_LIVE_PC_CTRL_ROLLOUT_EXEC.md,architecture_simplified
docs/watchlist/evidence/weekly_swing/results/WS_C165_WEEKLY_SWING_WATCHLIST_PRODUCTION_LIVE_RUNTIME_PLAN_CONFIRM_CONTROLLED_ROLLOUT_RESULT_REVIEW.md,docs/watchlist/evidence/runs/C165_LIVE_PC_CTRL_ROLLOUT_RESULT.md,architecture_simplified
docs/watchlist/evidence/weekly_swing/results/WS_C166_WEEKLY_SWING_WATCHLIST_PRODUCTION_LIVE_RUNTIME_PLAN_CONFIRM_CONTROLLED_ROLLOUT_POST_ROLLOUT_OBSERVATION_RESULT_REVIEW.md,docs/watchlist/evidence/runs/C166_LIVE_PC_ROLLOUT_OBS_RESULT.md,architecture_simplified
docs/watchlist/evidence/weekly_swing/results/WS_C166_WEEKLY_SWING_WATCHLIST_PRODUCTION_LIVE_RUNTIME_PLAN_CONFIRM_CONTROLLED_ROLLOUT_POST_ROLLOUT_OBSERVATION_REVIEW.md,docs/watchlist/evidence/runs/C166_LIVE_PC_ROLLOUT_OBS_REVIEW.md,architecture_simplified
docs/watchlist/evidence/weekly_swing/results/WS_C167_WEEKLY_SWING_WATCHLIST_PRODUCTION_LIVE_RUNTIME_PLAN_CONFIRM_CONTROLLED_ROLLOUT_COMPLETION_BOUNDARY_REVIEW.md,docs/watchlist/evidence/runs/C167_LIVE_PC_CTRL_ROLLOUT_DONE_BOUNDARY.md,architecture_simplified
docs/watchlist/evidence/weekly_swing/results/WS_C16_QUALITY_RECOVERY_DESIGN_RESULT.md,docs/watchlist/evidence/runs/C16_QUALITY_RECOVERY_DESIGN_RESULT.md,architecture_simplified
docs/watchlist/evidence/weekly_swing/results/WS_C171_C01_TICK_RISK_GUARD_EXECUTION_AND_EVIDENCE_PROPAGATION_REPAIR.md,docs/watchlist/evidence/runs/C171_C01_TICK_RISK_GUARD_EXEC_AND_EVIDENCE_PROPAGATION_REPAIR.md,architecture_simplified
docs/watchlist/evidence/weekly_swing/results/WS_C171_C01_TICK_RISK_GUARD_PARAMETER_ADAPTER_REPAIR.md,docs/watchlist/evidence/runs/C171_C01_TICK_RISK_GUARD_PARAMETER_ADAPTER_REPAIR.md,architecture_simplified
docs/watchlist/evidence/weekly_swing/results/WS_C171_FINAL_FAILED_NOT_READY_CLOSURE_AND_EVIDENCE_SEAL.md,docs/watchlist/evidence/runs/C171_FINAL_FAILED_NOT_READY_CLOSURE_AND_EVIDENCE_SEAL.md,architecture_simplified
docs/watchlist/evidence/weekly_swing/results/WS_C171_LOW_PRICE_EXECUTION_QUALITY_C01_DRAFT_CATALOG_IMPLEMENTATION.md,docs/watchlist/evidence/runs/C171_LOW_PRICE_EXEC_QUALITY_C01_DRAFT_CATALOG_IMPL.md,architecture_simplified
docs/watchlist/evidence/weekly_swing/results/WS_C17_QUALITY_PRESERVING_SAMPLE_RECOVERY_DESIGN_RESULT.md,docs/watchlist/evidence/runs/C17_QUALITY_PRESERVING_SAMPLE_RECOVERY_DESIGN_RESULT.md,architecture_simplified
docs/watchlist/evidence/weekly_swing/results/WS_C33_DATA_PATH_REPLAY_PROOF.md,docs/watchlist/evidence/runs/C33_DATA_PATH_REPLAY_PROOF.md,architecture_simplified
docs/watchlist/evidence/weekly_swing/results/WS_C37_IS_VALIDATION_AND_ANTI_OVERFIT_CHECK.md,docs/watchlist/evidence/runs/C37_IS_VALID_AND_ANTI_OVERFIT_CHECK.md,architecture_simplified
docs/watchlist/evidence/weekly_swing/results/WS_C41_IS_REVIEW_OR_EVIDENCE_EXPANSION_BEFORE_OOS.md,docs/watchlist/evidence/runs/C41_IS_REVIEW_OR_EVIDENCE_EXPANSION_BEFORE_OOS.md,architecture_simplified
docs/watchlist/evidence/weekly_swing/results/WS_C42_IS_ROLLING_NORMAL_MONTH_EVIDENCE_EXPANSION.md,docs/watchlist/evidence/runs/C42_IS_ROLLING_NORMAL_MONTH_EVIDENCE_EXPANSION.md,architecture_simplified
docs/watchlist/evidence/weekly_swing/results/WS_C46_IS_REVIEW_OR_EVIDENCE_EXPANSION_BEFORE_OOS.md,docs/watchlist/evidence/runs/C46_IS_REVIEW_OR_EVIDENCE_EXPANSION_BEFORE_OOS.md,architecture_simplified
docs/watchlist/evidence/weekly_swing/results/WS_C50_IS_VALIDATION_ANTI_OVERFIT_CHECK.md,docs/watchlist/evidence/runs/C50_IS_VALID_ANTI_OVERFIT_CHECK.md,architecture_simplified
docs/watchlist/evidence/weekly_swing/results/WS_C57_REGIME_FIELD_RECONSTRUCTION_CONTINUATION_IS_ONLY.md,docs/watchlist/evidence/runs/C57_REGIME_FIELD_RECONSTRUCTION_CONTINUATION_IS_ONLY.md,architecture_simplified
docs/watchlist/evidence/weekly_swing/results/WS_C63_PRE_OOS_UNLOCK_REVIEW_IS_ONLY.md,docs/watchlist/evidence/runs/C63_PRE_OOS_UNLOCK_REVIEW_IS_ONLY.md,architecture_simplified
docs/watchlist/evidence/weekly_swing/results/WS_C65_PRODUCTION_PRE_LOCK_REVIEW.md,docs/watchlist/evidence/runs/C65_PROD_PRE_LOCK_REVIEW.md,architecture_simplified
docs/watchlist/evidence/weekly_swing/results/WS_C66_PRODUCTION_LOCK_REVIEW.md,docs/watchlist/evidence/runs/C66_PROD_LOCK_REVIEW.md,architecture_simplified
docs/watchlist/evidence/weekly_swing/results/WS_C67_PRODUCTION_CATALOG_ACTIVATION_REVIEW.md,docs/watchlist/evidence/runs/C67_PROD_CATALOG_ACT_REVIEW.md,architecture_simplified
docs/watchlist/evidence/weekly_swing/results/WS_C68_PRODUCTION_CATALOG_ACTIVATION_EXECUTION_REVIEW.md,docs/watchlist/evidence/runs/C68_PROD_CATALOG_ACT_EXEC_REVIEW.md,architecture_simplified
docs/watchlist/evidence/weekly_swing/results/WS_C69_PRODUCTION_DEPLOYMENT_PREP_OR_BRIDGE_REVIEW.md,docs/watchlist/evidence/runs/C69_PROD_DEPLOYMENT_PREP_OR_BRIDGE_REVIEW.md,architecture_simplified
docs/watchlist/evidence/weekly_swing/results/WS_C70_PRODUCTION_DEPLOYMENT_EXECUTION_REVIEW.md,docs/watchlist/evidence/runs/C70_PROD_DEPLOYMENT_EXEC_REVIEW.md,architecture_simplified
docs/watchlist/evidence/weekly_swing/results/WS_C71_SHADOW_READ_OR_DRY_RUN_RUNTIME_VALIDATION.md,docs/watchlist/evidence/runs/C71_SHADOW_READ_OR_DRY_RUN_RUN_VALID.md,architecture_simplified
docs/watchlist/evidence/weekly_swing/results/WS_C72_CONTROLLED_OPT_IN_RUNTIME_BRIDGE_VALIDATION.md,docs/watchlist/evidence/runs/C72_CTRL_OPT_IN_RUN_BRIDGE_VALID.md,architecture_simplified
docs/watchlist/evidence/weekly_swing/results/WS_C73_CONTROLLED_PARALLEL_RUN_NON_MUTATING_PLAN_CONFIRM_BRIDGE_VALIDATION.md,docs/watchlist/evidence/runs/C73_CTRL_PARALLEL_RUN_NON_MUTATING_PC_BRIDGE_VALID.md,architecture_simplified
docs/watchlist/evidence/weekly_swing/results/WS_C74_CONTROLLED_OPERATOR_REVIEWED_ROLLOUT_GATE_OR_DEPLOYMENT_READINESS_REVIEW.md,docs/watchlist/evidence/runs/C74_CTRL_OP_REVIEWED_ROLLOUT_GATE_OR_DEPLOYMENT_READY.md,architecture_simplified
docs/watchlist/evidence/weekly_swing/results/WS_C75_CONTROLLED_OPERATOR_APPROVED_ROLLOUT_EXECUTION_REVIEW_OR_CONTROLLED_WIRING_EXECUTION_REVIEW.md,docs/watchlist/evidence/runs/C75_CTRL_OP_APPROVED_ROLLOUT_EXEC_REVIEW_OR_CTRL_WIRING_EXEC_REVIEW.md,architecture_simplified
docs/watchlist/evidence/weekly_swing/results/WS_C76_CONTROLLED_RUNTIME_OPT_IN_PILOT_OR_SHADOW_ROLLOUT_PREPARATION_REVIEW.md,docs/watchlist/evidence/runs/C76_CTRL_RUN_OPT_IN_PILOT_OR_SHADOW_ROLLOUT_PREPARATION_REVIEW.md,architecture_simplified
docs/watchlist/evidence/weekly_swing/results/WS_C77_CONTROLLED_RUNTIME_OPT_IN_PILOT_OR_SHADOW_ROLLOUT_EXECUTION_REVIEW.md,docs/watchlist/evidence/runs/C77_CTRL_RUN_OPT_IN_PILOT_OR_SHADOW_ROLLOUT_EXEC_REVIEW.md,architecture_simplified
docs/watchlist/evidence/weekly_swing/results/WS_C78_CONTROLLED_LIMITED_RUNTIME_OPT_IN_PILOT_OR_SHADOW_ROLLOUT_OBSERVATION_REVIEW.md,docs/watchlist/evidence/runs/C78_PILOT_OBS_REVIEW.md,architecture_simplified
docs/watchlist/evidence/weekly_swing/results/WS_C79_CONTROLLED_LIMITED_RUNTIME_OPT_IN_PILOT_OR_SHADOW_ROLLOUT_OBSERVATION_RESULT_REVIEW.md,docs/watchlist/evidence/runs/C79_PILOT_OBS_RESULT.md,architecture_simplified
docs/watchlist/evidence/weekly_swing/results/WS_C82_CONTROLLED_LIMITED_RUNTIME_OPT_IN_PILOT_OR_SHADOW_ROLLOUT_PRE_ACTIVATION_BOUNDARY_REVIEW.md,docs/watchlist/evidence/runs/C82_PILOT_PRE_ACT_BOUNDARY.md,architecture_simplified
docs/watchlist/evidence/weekly_swing/results/WS_C84_CONTROLLED_LIMITED_RUNTIME_OPT_IN_PILOT_OR_SHADOW_ROLLOUT_ACTIVATION_EXECUTION_REVIEW.md,docs/watchlist/evidence/runs/C84_PILOT_ACT_EXEC_REVIEW.md,architecture_simplified
docs/watchlist/evidence/weekly_swing/results/WS_C85_CONTROLLED_LIMITED_RUNTIME_OPT_IN_PILOT_OR_SHADOW_ROLLOUT_POST_ACTIVATION_OBSERVATION_REVIEW.md,docs/watchlist/evidence/runs/C85_PILOT_POST_ACT_OBS_REVIEW.md,architecture_simplified
docs/watchlist/evidence/weekly_swing/results/WS_C86_CONTROLLED_LIMITED_RUNTIME_OPT_IN_PILOT_OR_SHADOW_ROLLOUT_POST_ACTIVATION_OBSERVATION_RESULT_REVIEW.md,docs/watchlist/evidence/runs/C86_PILOT_POST_ACT_OBS_RESULT.md,architecture_simplified
docs/watchlist/evidence/weekly_swing/results/WS_C89_CONTROLLED_LIMITED_RUNTIME_OPT_IN_PILOT_OR_SHADOW_ROLLOUT_POST_ACTIVATION_COMPLETION_BOUNDARY_REVIEW.md,docs/watchlist/evidence/runs/C89_PILOT_POST_ACT_DONE_BOUNDARY.md,architecture_simplified
docs/watchlist/evidence/weekly_swing/results/WS_C90_CONTROLLED_LIMITED_RUNTIME_OPT_IN_PILOT_OR_SHADOW_ROLLOUT_POST_ACTIVATION_HANDOFF_READINESS_REVIEW.md,docs/watchlist/evidence/runs/C90_PILOT_POST_ACT_HANDOFF_READY.md,architecture_simplified
docs/watchlist/evidence/weekly_swing/results/WS_C91_CONTROLLED_LIMITED_RUNTIME_OPT_IN_PILOT_OR_SHADOW_ROLLOUT_POST_ACTIVATION_HANDOFF_FINALIZATION_REVIEW.md,docs/watchlist/evidence/runs/C91_PILOT_POST_ACT_HANDOFF_FINAL_REVIEW.md,architecture_simplified
docs/watchlist/evidence/weekly_swing/results/WS_C92_CONTROLLED_LIMITED_RUNTIME_OPT_IN_PILOT_OR_SHADOW_ROLLOUT_POST_ACTIVATION_HANDOFF_COMPLETION_BOUNDARY_REVIEW.md,docs/watchlist/evidence/runs/C92_PILOT_POST_ACT_HANDOFF_DONE_BOUNDARY.md,architecture_simplified
docs/watchlist/evidence/weekly_swing/results/WS_C93_CONTROLLED_LIMITED_RUNTIME_OPT_IN_PILOT_OR_SHADOW_ROLLOUT_POST_ACTIVATION_HANDOFF_CLOSURE_SEAL_REVIEW.md,docs/watchlist/evidence/runs/C93_PILOT_POST_ACT_HANDOFF_CLOSURE_SEAL_REVIEW.md,architecture_simplified
docs/watchlist/evidence/weekly_swing/results/WS_C94_CONTROLLED_LIMITED_RUNTIME_OPT_IN_PILOT_OR_SHADOW_ROLLOUT_POST_ACTIVATION_AUDIT_ARCHIVE_REVIEW.md,docs/watchlist/evidence/runs/C94_PILOT_POST_ACT_AUDIT_ARCH_REVIEW.md,architecture_simplified
docs/watchlist/evidence/weekly_swing/results/WS_C95_CONTROLLED_LIMITED_RUNTIME_OPT_IN_PILOT_OR_SHADOW_ROLLOUT_POST_ACTIVATION_AUDIT_ARCHIVE_COMPLETION_REVIEW.md,docs/watchlist/evidence/runs/C95_PILOT_POST_ACT_AUDIT_ARCH_COMPLETE.md,architecture_simplified
docs/watchlist/evidence/weekly_swing/results/WS_C96_CONTROLLED_LIMITED_RUNTIME_OPT_IN_PILOT_OR_SHADOW_ROLLOUT_POST_ACTIVATION_AUDIT_ARCHIVE_CLOSURE_SEAL_REVIEW.md,docs/watchlist/evidence/runs/C96_PILOT_POST_ACT_AUDIT_ARCH_CLOSURE_SEAL_REVIEW.md,architecture_simplified
docs/watchlist/evidence/weekly_swing/results/WS_C97_CONTROLLED_LIMITED_RUNTIME_OPT_IN_PILOT_OR_SHADOW_ROLLOUT_POST_ACTIVATION_AUDIT_ARCHIVE_FINALIZATION_REVIEW.md,docs/watchlist/evidence/runs/C97_PILOT_POST_ACT_AUDIT_ARCH_FINAL_REVIEW.md,architecture_simplified
docs/watchlist/evidence/weekly_swing/results/WS_C98_WEEKLY_SWING_WATCHLIST_NON_LIVE_REHEARSAL_REVIEW.md,docs/watchlist/evidence/runs/C98_REH_REVIEW.md,architecture_simplified
docs/watchlist/evidence/weekly_swing/results/WS_C99_WEEKLY_SWING_WATCHLIST_NON_LIVE_REHEARSAL_EXECUTION_REVIEW.md,docs/watchlist/evidence/runs/C99_REH_EXEC_REVIEW.md,architecture_simplified
docs/watchlist/evidence/weekly_swing/results/WS_DB_DICTIONARY_AND_FIELD_USAGE_AUDIT.md,docs/watchlist/evidence/runs/WS_DB_DICTIONARY_AND_FIELD_USAGE_AUDIT.md,architecture_simplified
docs/watchlist/findings/weekly_swing/README.md,docs/watchlist/findings/README.md,architecture_simplified
docs/watchlist/findings/weekly_swing/WS_MARKET_DATA_CROSS_DOMAIN_BINDING_GAPS_2026-08-17.md,docs/watchlist/findings/WS_MARKET_DATA_CROSS_DOMAIN_BINDING_GAPS_2026-08-17.md,architecture_simplified
docs/watchlist/findings/weekly_swing/WS_STRATEGY_LAYER_ROLE_LEAKAGE_2026-08-16.md,docs/watchlist/findings/WS_STRATEGY_LAYER_ROLE_LEAKAGE_2026-08-16.md,architecture_simplified
docs/watchlist/findings/weekly_swing/open/README.md,docs/watchlist/findings/README.md,architecture_simplified
docs/watchlist/findings/weekly_swing/records/WS_C01_FAILURE_DIAGNOSTIC_NOTE.md,docs/watchlist/findings/C01_FAILURE_DIAGNOSTIC_NOTE.md,architecture_simplified
docs/watchlist/findings/weekly_swing/records/WS_C01_IS_FAILURE_DRILLDOWN_NOTE.md,docs/watchlist/findings/C01_IS_FAILURE_DRILLDOWN_NOTE.md,architecture_simplified
docs/watchlist/findings/weekly_swing/records/WS_C02_OPERATOR_FORENSIC_FINAL_RESULT.md,docs/watchlist/findings/C02_OP_FORENSIC_FINAL_RESULT.md,architecture_simplified
docs/watchlist/findings/weekly_swing/records/WS_C03_OPERATOR_FORENSIC_FINAL_RESULT.md,docs/watchlist/findings/C03_OP_FORENSIC_FINAL_RESULT.md,architecture_simplified
docs/watchlist/findings/weekly_swing/records/WS_C04_OPERATOR_FORENSIC_FINAL_RESULT.md,docs/watchlist/findings/C04_OP_FORENSIC_FINAL_RESULT.md,architecture_simplified
docs/watchlist/findings/weekly_swing/records/WS_C05_OPERATOR_FORENSIC_FINAL_RESULT.md,docs/watchlist/findings/C05_OP_FORENSIC_FINAL_RESULT.md,architecture_simplified
docs/watchlist/findings/weekly_swing/records/WS_C06_OPERATOR_FORENSIC_FINAL_RESULT.md,docs/watchlist/findings/C06_OP_FORENSIC_FINAL_RESULT.md,architecture_simplified
docs/watchlist/findings/weekly_swing/records/WS_C07_OPERATOR_FORENSIC_FINAL_RESULT.md,docs/watchlist/findings/C07_OP_FORENSIC_FINAL_RESULT.md,architecture_simplified
docs/watchlist/findings/weekly_swing/records/WS_C07_SCOPED_FAILURE_DRILLDOWN_FINAL_RESULT.md,docs/watchlist/findings/C07_SCOPED_FAILURE_DRILLDOWN_FINAL_RESULT.md,architecture_simplified
docs/watchlist/findings/weekly_swing/records/WS_C10_EXIT_MODEL_DIAGNOSTIC_FINAL_RESULT.md,docs/watchlist/findings/C10_EXIT_MODEL_DIAGNOSTIC_FINAL_RESULT.md,architecture_simplified
docs/watchlist/findings/weekly_swing/records/WS_C15_ROOT_CAUSE_AND_DIAGNOSTIC_PREREQUISITE_NOTE.md,docs/watchlist/findings/C15_ROOT_CAUSE_AND_DIAGNOSTIC_PREREQUISITE_NOTE.md,architecture_simplified
docs/watchlist/findings/weekly_swing/records/WS_C15_STRATEGY_QUALITY_ROOT_CAUSE_FINAL_RESULT.md,docs/watchlist/findings/C15_STRAT_QUALITY_ROOT_CAUSE_FINAL_RESULT.md,architecture_simplified
docs/watchlist/findings/weekly_swing/records/WS_C171_COMPARATIVE_OFFICIAL_IS_FAILURE_DIAGNOSTIC_AND_R2_HYPOTHESIS_LOCK.md,docs/watchlist/findings/C171_COMPARATIVE_OFFICIAL_IS_FAILURE_DIAGNOSTIC_AND_R2_HYPOTHESIS_LOCK.md,architecture_simplified
docs/watchlist/findings/weekly_swing/records/WS_C171_TARGETED_EXECUTABLE_IS_STRATEGY_REMEDIATION_AND_TRADE_EVIDENCE_DIAGNOSTIC.md,docs/watchlist/findings/C171_TARGETED_EXECUTABLE_IS_STRAT_REMEDIATION_AND_TRADE_EVIDENCE_DIAGNOSTIC.md,architecture_simplified
docs/watchlist/findings/weekly_swing/records/WS_C18_FUNNEL_AND_MONTHLY_COVERAGE_DIAGNOSTIC_RESULT.md,docs/watchlist/findings/C18_FUNNEL_AND_MONTHLY_COVERAGE_DIAGNOSTIC_RESULT.md,architecture_simplified
docs/watchlist/findings/weekly_swing/records/WS_C19_FINAL_DIAGNOSTIC_RESULT.md,docs/watchlist/findings/C19_FINAL_DIAGNOSTIC_RESULT.md,architecture_simplified
docs/watchlist/findings/weekly_swing/records/WS_C19_QUALITY_RECOVERY_TUNING_DIAGNOSTIC.md,docs/watchlist/findings/C19_QUALITY_RECOVERY_TUNING_DIAGNOSTIC.md,architecture_simplified
docs/watchlist/findings/weekly_swing/records/WS_C19_SELECTION_MODEL_DIAGNOSTIC_RESULT.md,docs/watchlist/findings/C19_SELECTION_MODEL_DIAGNOSTIC_RESULT.md,architecture_simplified
docs/watchlist/findings/weekly_swing/records/WS_C20_REGIME_TRADE_DATE_DIAGNOSTIC.md,docs/watchlist/findings/C20_REGIME_TRADE_DATE_DIAGNOSTIC.md,architecture_simplified
docs/watchlist/findings/weekly_swing/records/WS_C21_ENTRY_EXIT_BEHAVIOR_DIAGNOSTIC.md,docs/watchlist/findings/C21_ENTRY_EXIT_BEHAVIOR_DIAGNOSTIC.md,architecture_simplified
docs/watchlist/findings/weekly_swing/records/WS_C22_EXIT_CAPTURE_SHADOW_DIAGNOSTIC.md,docs/watchlist/findings/C22_EXIT_CAPTURE_SHADOW_DIAGNOSTIC.md,architecture_simplified
docs/watchlist/findings/weekly_swing/records/WS_C23_FIRST_PROFIT_CAPTURE_RULE_DIAGNOSTIC.md,docs/watchlist/findings/C23_FIRST_PROFIT_CAPTURE_RULE_DIAGNOSTIC.md,architecture_simplified
docs/watchlist/findings/weekly_swing/records/WS_C24_C22_SHADOW_GAP_BRIDGE_DIAGNOSTIC.md,docs/watchlist/findings/C24_C22_SHADOW_GAP_BRIDGE_DIAGNOSTIC.md,architecture_simplified
docs/watchlist/findings/weekly_swing/records/WS_C25_NO_SIGNAL_FALLBACK_DELAY_DIAGNOSTIC.md,docs/watchlist/findings/C25_NO_SIGNAL_FALLBACK_DELAY_DIAGNOSTIC.md,architecture_simplified
docs/watchlist/findings/weekly_swing/records/WS_C26_CATALOG_CANDIDATE_DIAGNOSTIC.md,docs/watchlist/findings/C26_CATALOG_CANDIDATE_DIAGNOSTIC.md,architecture_simplified
docs/watchlist/findings/weekly_swing/records/WS_C28_RULE_REVISION_TIEBREAK_DIAGNOSTIC.md,docs/watchlist/findings/C28_RULE_REVISION_TIEBREAK_DIAGNOSTIC.md,architecture_simplified
docs/watchlist/findings/weekly_swing/records/WS_C30_OOS_FAILURE_ATTRIBUTION.md,docs/watchlist/findings/C30_OOS_FAILURE_ATTRIBUTION.md,architecture_simplified
docs/watchlist/findings/weekly_swing/records/WS_C32_DATA_PATH_AND_BAD_MONTH_DIAGNOSTIC.md,docs/watchlist/findings/C32_DATA_PATH_AND_BAD_MONTH_DIAGNOSTIC.md,architecture_simplified
docs/watchlist/findings/weekly_swing/records/WS_C34_BAD_MONTH_ROBUSTNESS_DIAGNOSTIC.md,docs/watchlist/findings/C34_BAD_MONTH_ROBUSTNESS_DIAGNOSTIC.md,architecture_simplified
docs/watchlist/findings/weekly_swing/records/WS_C35_IS_ROBUSTNESS_REDESIGN_DIAGNOSTIC.md,docs/watchlist/findings/C35_IS_ROBUSTNESS_REDESIGN_DIAGNOSTIC.md,architecture_simplified
docs/watchlist/findings/weekly_swing/records/WS_C38_IS_REDESIGN_OR_EVIDENCE_EXPANSION_DIAGNOSTIC.md,docs/watchlist/findings/C38_IS_REDESIGN_OR_EVIDENCE_EXPANSION_DIAGNOSTIC.md,architecture_simplified
docs/watchlist/findings/weekly_swing/records/WS_C43_PRE_TRADE_FIELD_EXPANSION_DIAGNOSTIC.md,docs/watchlist/findings/C43_PRE_TRADE_FIELD_EXPANSION_DIAGNOSTIC.md,architecture_simplified
docs/watchlist/findings/weekly_swing/records/WS_C48_OOS_FAILURE_ATTRIBUTION.md,docs/watchlist/findings/C48_OOS_FAILURE_ATTRIBUTION.md,architecture_simplified
docs/watchlist/findings/weekly_swing/records/WS_NEW_STRATEGY_R01_RESEARCH_HYPOTHESIS_AND_DIAGNOSTIC_EVIDENCE.md,docs/watchlist/findings/WS_NEW_STRATEGY_R01_RESEARCH_HYPOTHESIS_AND_DIAGNOSTIC_EVIDENCE.md,architecture_simplified
docs/watchlist/findings/weekly_swing/records/WS_PRICE_QUALITY_P01_DIAGNOSTIC_CANDIDATES_AND_OFFICIAL_IS.md,docs/watchlist/findings/WS_PRICE_QUALITY_P01_DIAGNOSTIC_CANDIDATES_AND_OFFICIAL_IS.md,architecture_simplified
docs/watchlist/findings/weekly_swing/records/WS_TAIL_RISK_S01_DIAGNOSTIC_CANDIDATES_AND_OFFICIAL_IS.md,docs/watchlist/findings/WS_TAIL_RISK_S01_DIAGNOSTIC_CANDIDATES_AND_OFFICIAL_IS.md,architecture_simplified
docs/watchlist/findings/weekly_swing/resolved/README.md,docs/watchlist/findings/README.md,architecture_simplified
docs/watchlist/findings/weekly_swing/strategy/WS_STRATEGY_AUDIT_QUALIFIED_TOP_PICKS_FINDINGS.md,docs/watchlist/findings/WS_STRATEGY_AUDIT_QUALIFIED_TOP_PICKS_FINDINGS.md,architecture_simplified
docs/watchlist/findings/weekly_swing/strategy/WS_STRATEGY_END_TO_END_COHERENCE_FINDINGS.md,docs/watchlist/findings/WS_STRATEGY_END_TO_END_COHERENCE_FINDINGS.md,architecture_simplified
docs/watchlist/findings/weekly_swing/strategy/WS_STRATEGY_OPTIONAL_CONFIRM_NON_BLOCKING_FINDING.md,docs/watchlist/findings/WS_STRATEGY_OPTIONAL_CONFIRM_NON_BLOCKING_FINDING.md,architecture_simplified
docs/watchlist/governance/audit/implementation/README.md,docs/watchlist/governance/audit/IMPL_README.md,architecture_simplified
docs/watchlist/governance/audit/implementation/WATCHLIST_IMPLEMENTATION_AUDIT_FOUNDATION.md,docs/watchlist/governance/audit/IMPL_WATCHLIST_IMPLEMENTATION_AUDIT_FOUNDATION.md,architecture_simplified
docs/watchlist/governance/audit/implementation/WATCHLIST_IMPLEMENTATION_AUDIT_SHORT.md,docs/watchlist/governance/audit/IMPL_WATCHLIST_IMPLEMENTATION_AUDIT_SHORT.md,architecture_simplified
docs/watchlist/governance/audit/implementation/WATCHLIST_IMPLEMENTATION_CHANGE_IMPACT_MATRIX.md,docs/watchlist/governance/audit/IMPL_WATCHLIST_IMPLEMENTATION_CHANGE_IMPACT_MATRIX.md,architecture_simplified
docs/watchlist/governance/audit/implementation/WATCHLIST_IMPLEMENTATION_CHECKLIST_FINAL.md,docs/watchlist/governance/audit/IMPL_WATCHLIST_IMPLEMENTATION_CHECKLIST_FINAL.md,architecture_simplified
docs/watchlist/governance/audit/implementation/WATCHLIST_IMPLEMENTATION_PROMPT_STANDARD.md,docs/watchlist/governance/audit/IMPL_WATCHLIST_IMPLEMENTATION_PROMPT_STANDARD.md,architecture_simplified
docs/watchlist/governance/audit/implementation/WATCHLIST_LAYER_C_APPLICABILITY_RULE.md,docs/watchlist/governance/audit/IMPL_WATCHLIST_LAYER_C_APPLICABILITY_RULE.md,architecture_simplified
docs/watchlist/governance/audit/implementation/_refs/WATCHLIST_IMPLEMENTATION_AUDIT_EXAMPLE.md,docs/watchlist/governance/audit/IMPL_WATCHLIST_IMPLEMENTATION_AUDIT_EXAMPLE.md,architecture_simplified
docs/watchlist/governance/audit/implementation/_refs/WATCHLIST_IMPLEMENTATION_AUDIT_REAL_API_REVIEW_EXAMPLE.md,docs/watchlist/governance/audit/IMPL_WATCHLIST_IMPLEMENTATION_AUDIT_REAL_API_REVIEW_EXAMPLE.md,architecture_simplified
docs/watchlist/governance/audit/implementation/_refs/WATCHLIST_IMPLEMENTATION_AUDIT_REAL_PERSISTENCE_REVIEW_EXAMPLE.md,docs/watchlist/governance/audit/IMPL_WATCHLIST_IMPLEMENTATION_AUDIT_REAL_PERSISTENCE_REVIEW_EXAMPLE.md,architecture_simplified
docs/watchlist/governance/trackers/LUMEN_CONTRACT_TRACKER.md,docs/watchlist/governance/LUMEN_CONTRACT_TRACKER.md,architecture_simplified
docs/watchlist/history/README.md,docs/watchlist/history/archive/H0001_README.md,history_flattened
docs/watchlist/history/documentation_architecture/2026-08-16_initial_separation/ARCHITECTURE_REFACTOR_REPORT.md,docs/watchlist/history/archive/H0002_ARCHITECTURE_REFACTOR_REPORT.md,history_flattened
docs/watchlist/history/documentation_architecture/2026-08-16_initial_separation/ARCHITECTURE_REFACTOR_VALIDATION.json,docs/watchlist/history/archive/H0003_ARCHITECTURE_REFACTOR_VALIDATION.json,history_flattened
docs/watchlist/history/documentation_architecture/2026-08-16_initial_separation/README.md,docs/watchlist/history/archive/H0004_README.md,history_flattened
docs/watchlist/history/documentation_architecture/LEGACY_SYSTEM_README.md,docs/watchlist/history/archive/H0005_LEGACY_SYSTEM_README.md,history_flattened
docs/watchlist/history/documentation_architecture/WATCHLIST_START_HERE_AND_BUILD_SEQUENCE_2026-08-18.md,docs/watchlist/history/archive/H0006_WATCHLIST_START_HERE_AND_BUILD_SEQUENCE_2026-08-18.md,history_flattened
docs/watchlist/history/weekly_swing/README.md,docs/watchlist/history/archive/H0007_README.md,history_flattened
docs/watchlist/history/weekly_swing/campaign_addenda/WS_BACKTEST_CAMPAIGN_ADDENDA_HISTORY.md,docs/watchlist/history/archive/H0008_WS_BACKTEST_CAMPAIGN_ADDENDA_HISTORY.md,history_flattened
docs/watchlist/history/weekly_swing/campaign_addenda/WS_BACKTEST_CAMPAIGN_EVIDENCE_MANIFEST_HISTORY.md,docs/watchlist/history/archive/H0009_WS_BACKTEST_CAMPAIGN_EVIDENCE_MANIFEST_HISTORY.md,history_flattened
docs/watchlist/history/weekly_swing/campaign_addenda/WS_CAMPAIGN_REASON_CODE_EXTENSIONS.md,docs/watchlist/history/archive/H0010_WS_CAMPAIGN_REASON_CODE_EXTENSIONS.md,history_flattened
docs/watchlist/history/weekly_swing/campaign_addenda/WS_CONTRACT_TEST_CAMPAIGN_ADDITIONS_HISTORY.md,docs/watchlist/history/archive/H0011_WS_CONTRACT_TEST_CAMPAIGN_ADDITIONS_HISTORY.md,history_flattened
docs/watchlist/history/weekly_swing/documentation_migrations/2026-08-16-final-strategy-purity-cleanup/FINAL_STRATEGY_PURITY_CLEANUP_REPORT_2026-08-16.md,docs/watchlist/history/archive/H0012_FINAL_STRATEGY_PURITY_CLEANUP_REPORT_2026-08-16.md,history_flattened
docs/watchlist/history/weekly_swing/documentation_migrations/2026-08-16-final-strategy-purity-cleanup/FINAL_STRATEGY_PURITY_VALIDATION_2026-08-16.json,docs/watchlist/history/archive/H0013_FINAL_STRATEGY_PURITY_VALIDATION_2026-08-16.json,history_flattened
docs/watchlist/history/weekly_swing/documentation_migrations/2026-08-16-final-strategy-purity-cleanup/previous_STRATEGY_LAYER_CLEANUP_REPORT_2026-08-16.md,docs/watchlist/history/archive/H0014_previous_STRATEGY_LAYER_CLEANUP_REPORT_2026-08-16.md,history_flattened
docs/watchlist/history/weekly_swing/documentation_migrations/2026-08-16-final-strategy-purity-cleanup/previous_STRATEGY_LAYER_CLEANUP_VALIDATION_2026-08-16.json,docs/watchlist/history/archive/H0015_previous_STRATEGY_LAYER_CLEANUP_VALIDATION_2026-08-16.json,history_flattened
docs/watchlist/history/weekly_swing/documentation_migrations/2026-08-16-final-strategy-purity-pre-cleanup/00_WS_SCOPE_LOCK.md,docs/watchlist/history/archive/H0016_00_WS_SCOPE_LOCK.md,history_flattened
docs/watchlist/history/weekly_swing/documentation_migrations/2026-08-16-final-strategy-purity-pre-cleanup/01_WS_OVERVIEW.md,docs/watchlist/history/archive/H0017_01_WS_OVERVIEW.md,history_flattened
docs/watchlist/history/weekly_swing/documentation_migrations/2026-08-16-final-strategy-purity-pre-cleanup/02_WS_CANONICAL_RUNTIME_FLOW.md,docs/watchlist/history/archive/H0018_02_WS_CANONICAL_RUNTIME_FLOW.md,history_flattened
docs/watchlist/history/weekly_swing/documentation_migrations/2026-08-16-final-strategy-purity-pre-cleanup/08_WS_PLAN_ALGORITHM.md,docs/watchlist/history/archive/H0019_08_WS_PLAN_ALGORITHM.md,history_flattened
docs/watchlist/history/weekly_swing/documentation_migrations/2026-08-16-final-strategy-purity-pre-cleanup/09_WS_DYNAMIC_SELECTION_DETERMINISTIC.md,docs/watchlist/history/archive/H0020_09_WS_DYNAMIC_SELECTION_DETERMINISTIC.md,history_flattened
docs/watchlist/history/weekly_swing/documentation_migrations/2026-08-16-final-strategy-purity-pre-cleanup/10_WS_CONFIRM_OVERLAY.md,docs/watchlist/history/archive/H0021_10_WS_CONFIRM_OVERLAY.md,history_flattened
docs/watchlist/history/weekly_swing/documentation_migrations/2026-08-16-final-strategy-purity-pre-cleanup/12_WS_BACKTEST_AND_CALIBRATION_STRATEGY.md,docs/watchlist/history/archive/H0022_12_WS_BACKTEST_AND_CALIBRATION_STRATEGY.md,history_flattened
docs/watchlist/history/weekly_swing/documentation_migrations/2026-08-16-final-strategy-purity-pre-cleanup/22_WS_RECOMMENDATION_OVERVIEW.md,docs/watchlist/history/archive/H0023_22_WS_RECOMMENDATION_OVERVIEW.md,history_flattened
docs/watchlist/history/weekly_swing/documentation_migrations/2026-08-16-final-strategy-purity-pre-cleanup/24_WS_RECOMMENDATION_ALGORITHM.md,docs/watchlist/history/archive/H0024_24_WS_RECOMMENDATION_ALGORITHM.md,history_flattened
docs/watchlist/history/weekly_swing/documentation_migrations/2026-08-16-final-strategy-purity-pre-cleanup/MIGRATION_NOTE.md,docs/watchlist/history/archive/H0025_MIGRATION_NOTE.md,history_flattened
docs/watchlist/history/weekly_swing/documentation_migrations/2026-08-16-final-strategy-purity-pre-cleanup/README.md,docs/watchlist/history/archive/H0026_README.md,history_flattened
docs/watchlist/history/weekly_swing/documentation_migrations/2026-08-16-final-strategy-purity-pre-cleanup/validation/16_WS_EVAL_METRICS_SUFFICIENCY_LOCKED.md,docs/watchlist/history/archive/H0027_16_WS_EVAL_METRICS_SUFFICIENCY_LOCKED.md,history_flattened
docs/watchlist/history/weekly_swing/documentation_migrations/2026-08-16-final-strategy-purity-pre-cleanup/validation/17_WS_WALK_FORWARD_OOS_PROOF_LOCKED.md,docs/watchlist/history/archive/H0028_17_WS_WALK_FORWARD_OOS_PROOF_LOCKED.md,history_flattened
docs/watchlist/history/weekly_swing/documentation_migrations/2026-08-16_strategy_layer_cleanup/README.md,docs/watchlist/history/archive/H0029_README.md,history_flattened
docs/watchlist/history/weekly_swing/documentation_migrations/2026-08-16_strategy_layer_cleanup/governance__STRATEGY_POLICY_FRAMEWORK.md,docs/watchlist/history/archive/H0030_governance__STRATEGY_POLICY_FRAMEWORK.md,history_flattened
docs/watchlist/history/weekly_swing/documentation_migrations/2026-08-16_strategy_layer_cleanup/governance__WATCHLIST_CHANGE_IMPACT_MATRIX.md,docs/watchlist/history/archive/H0031_governance__WATCHLIST_CHANGE_IMPACT_MATRIX.md,history_flattened
docs/watchlist/history/weekly_swing/documentation_migrations/2026-08-16_strategy_layer_cleanup/governance__WATCHLIST_OWNER_MATRIX.md,docs/watchlist/history/archive/H0032_governance__WATCHLIST_OWNER_MATRIX.md,history_flattened
docs/watchlist/history/weekly_swing/documentation_migrations/2026-08-16_strategy_layer_cleanup/implementation__shared__README.md,docs/watchlist/history/archive/H0033_implementation__shared__README.md,history_flattened
docs/watchlist/history/weekly_swing/documentation_migrations/2026-08-16_strategy_layer_cleanup/implementation__weekly_swing__fixtures__artifact_reference_guard_minimal.json,docs/watchlist/history/archive/H0034_implementation_weekly_swing_fixtures_artifact_referenc_F4FAF874.json,history_flattened
docs/watchlist/history/weekly_swing/documentation_migrations/2026-08-16_strategy_layer_cleanup/strategy__weekly_swing__00_WS_SCOPE_LOCK.md,docs/watchlist/history/archive/H0035_strategy__weekly_swing__00_WS_SCOPE_LOCK.md,history_flattened
docs/watchlist/history/weekly_swing/documentation_migrations/2026-08-16_strategy_layer_cleanup/strategy__weekly_swing__01_WS_OVERVIEW.md,docs/watchlist/history/archive/H0036_strategy__weekly_swing__01_WS_OVERVIEW.md,history_flattened
docs/watchlist/history/weekly_swing/documentation_migrations/2026-08-16_strategy_layer_cleanup/strategy__weekly_swing__02_WS_CANONICAL_RUNTIME_FLOW.md,docs/watchlist/history/archive/H0037_strategy__weekly_swing__02_WS_CANONICAL_RUNTIME_FLOW.md,history_flattened
docs/watchlist/history/weekly_swing/documentation_migrations/2026-08-16_strategy_layer_cleanup/strategy__weekly_swing__08_WS_PLAN_ALGORITHM.md,docs/watchlist/history/archive/H0038_strategy__weekly_swing__08_WS_PLAN_ALGORITHM.md,history_flattened
docs/watchlist/history/weekly_swing/documentation_migrations/2026-08-16_strategy_layer_cleanup/strategy__weekly_swing__09_WS_DYNAMIC_SELECTION_DETERMINISTIC.md,docs/watchlist/history/archive/H0039_strategy__weekly_swing__09_WS_DYNAMIC_SELECTION_DETERMINISTIC.md,history_flattened
docs/watchlist/history/weekly_swing/documentation_migrations/2026-08-16_strategy_layer_cleanup/strategy__weekly_swing__10_WS_CONFIRM_OVERLAY.md,docs/watchlist/history/archive/H0040_strategy__weekly_swing__10_WS_CONFIRM_OVERLAY.md,history_flattened
docs/watchlist/history/weekly_swing/documentation_migrations/2026-08-16_strategy_layer_cleanup/strategy__weekly_swing__12_WS_BACKTEST_SCHEMA_AND_CALIBRATION.md,docs/watchlist/history/archive/H0041_strategy__weekly_swing__12_WS_BACKTEST_SCHEMA_AND_CALIBRATION.md,history_flattened
docs/watchlist/history/weekly_swing/documentation_migrations/2026-08-16_strategy_layer_cleanup/strategy__weekly_swing__README.md,docs/watchlist/history/archive/H0042_strategy__weekly_swing__README.md,history_flattened
docs/watchlist/history/weekly_swing/documentation_migrations/2026-08-16_strategy_layer_cleanup/strategy__weekly_swing__validation__16_WS_EVAL_METRICS_SUFFICIENCY_LOCKED.md,docs/watchlist/history/archive/H0043_strategy_weekly_swing_validation_16_WS_EVAL_METRICS_SUFF_DDF1B526.md,history_flattened
docs/watchlist/history/weekly_swing/documentation_migrations/2026-08-16_strategy_layer_cleanup/strategy__weekly_swing__validation__17_WS_WALK_FORWARD_OOS_PROOF_LOCKED.md,docs/watchlist/history/archive/H0044_strategy_weekly_swing_validation_17_WS_WALK_FORWARD_OOS_1D444641.md,history_flattened
docs/watchlist/history/weekly_swing/documentation_migrations/2026-08-17_confirm_optional_nonblocking/CONFIRM_OPTIONAL_NON_BLOCKING_ALIGNMENT_REPORT.md,docs/watchlist/history/archive/H0045_CONFIRM_OPTIONAL_NON_BLOCKING_ALIGNMENT_REPORT.md,history_flattened
docs/watchlist/history/weekly_swing/documentation_migrations/2026-08-17_confirm_optional_nonblocking/CONFIRM_OPTIONAL_NON_BLOCKING_VALIDATION.json,docs/watchlist/history/archive/H0046_CONFIRM_OPTIONAL_NON_BLOCKING_VALIDATION.json,history_flattened
docs/watchlist/history/weekly_swing/documentation_migrations/2026-08-17_end_to_end_strategy_lifecycle_alignment.md,docs/watchlist/history/archive/H0047_2026-08-17_end_to_end_strategy_lifecycle_alignment.md,history_flattened
docs/watchlist/history/weekly_swing/documentation_migrations/2026-08-17_market-data-watchlist-binding/CROSS_DOMAIN_ALIGNMENT_REPORT.md,docs/watchlist/history/archive/H0048_CROSS_DOMAIN_ALIGNMENT_REPORT.md,history_flattened
docs/watchlist/history/weekly_swing/documentation_migrations/2026-08-17_market-data-watchlist-binding/CROSS_DOMAIN_VALIDATION.json,docs/watchlist/history/archive/H0049_CROSS_DOMAIN_VALIDATION.json,history_flattened
docs/watchlist/history/weekly_swing/documentation_migrations/2026-08-17_market-data-watchlist-binding/previous/README.md,docs/watchlist/history/archive/H0050_README.md,history_flattened
docs/watchlist/history/weekly_swing/documentation_migrations/2026-08-17_market-data-watchlist-binding/previous/db/DATABASE_DICTIONARY_USAGE_RULE.md,docs/watchlist/history/archive/H0051_DATABASE_DICTIONARY_USAGE_RULE.md,history_flattened
docs/watchlist/history/weekly_swing/documentation_migrations/2026-08-17_market-data-watchlist-binding/previous/market_data/book/CONSUMER_READ_CONTRACT_LOCKED.md,docs/watchlist/history/archive/H0052_CONSUMER_READ_CONTRACT_LOCKED.md,history_flattened
docs/watchlist/history/weekly_swing/documentation_migrations/2026-08-17_market-data-watchlist-binding/previous/market_data/book/Downstream_Consumer_Read_Model_Contract_LOCKED.md,docs/watchlist/history/archive/H0053_Downstream_Consumer_Read_Model_Contract_LOCKED.md,history_flattened
docs/watchlist/history/weekly_swing/documentation_migrations/2026-08-17_market-data-watchlist-binding/previous/market_data/book/EOD_Indicators_Contract.md,docs/watchlist/history/archive/H0054_EOD_Indicators_Contract.md,history_flattened
docs/watchlist/history/weekly_swing/documentation_migrations/2026-08-17_market-data-watchlist-binding/previous/market_data/book/Hash_Number_Formatting_LOCKED.md,docs/watchlist/history/archive/H0055_Hash_Number_Formatting_LOCKED.md,history_flattened
docs/watchlist/history/weekly_swing/documentation_migrations/2026-08-17_market-data-watchlist-binding/previous/market_data/indicators/EOD_Indicators_Formula_Spec.md,docs/watchlist/history/archive/H0056_EOD_Indicators_Formula_Spec.md,history_flattened
docs/watchlist/history/weekly_swing/documentation_migrations/2026-08-17_market-data-watchlist-binding/previous/market_data/registry/Corporate_Action_Type_Registry_LOCKED.md,docs/watchlist/history/archive/H0057_Corporate_Action_Type_Registry_LOCKED.md,history_flattened
docs/watchlist/history/weekly_swing/documentation_migrations/2026-08-17_market-data-watchlist-binding/previous/system_audit/SYSTEM_CROSS_DOMAIN_INPUT_BASELINE.md,docs/watchlist/history/archive/H0058_SYSTEM_CROSS_DOMAIN_INPUT_BASELINE.md,history_flattened
docs/watchlist/history/weekly_swing/documentation_migrations/2026-08-17_market-data-watchlist-binding/previous/system_audit/SYSTEM_READINESS_CONTRACT_TRACKER.md,docs/watchlist/history/archive/H0059_SYSTEM_READINESS_CONTRACT_TRACKER.md,history_flattened
docs/watchlist/history/weekly_swing/documentation_migrations/2026-08-17_market-data-watchlist-binding/previous/watchlist/README.md,docs/watchlist/history/archive/H0060_README.md,history_flattened
docs/watchlist/history/weekly_swing/documentation_migrations/2026-08-17_market-data-watchlist-binding/previous/watchlist/governance/WATCHLIST_CHANGE_IMPACT_MATRIX.md,docs/watchlist/history/archive/H0061_WATCHLIST_CHANGE_IMPACT_MATRIX.md,history_flattened
docs/watchlist/history/weekly_swing/documentation_migrations/2026-08-17_market-data-watchlist-binding/previous/watchlist/governance/WATCHLIST_OWNER_MATRIX.md,docs/watchlist/history/archive/H0062_WATCHLIST_OWNER_MATRIX.md,history_flattened
docs/watchlist/history/weekly_swing/documentation_migrations/2026-08-17_market-data-watchlist-binding/previous/watchlist/governance/audit/AUDIT_UPDATE_GOVERNANCE.md,docs/watchlist/history/archive/H0063_AUDIT_UPDATE_GOVERNANCE.md,history_flattened
docs/watchlist/history/weekly_swing/documentation_migrations/2026-08-17_market-data-watchlist-binding/previous/watchlist/governance/audit/WATCHLIST_AUDIT_PROMPT_STANDARD.md,docs/watchlist/history/archive/H0064_WATCHLIST_AUDIT_PROMPT_STANDARD.md,history_flattened
docs/watchlist/history/weekly_swing/documentation_migrations/2026-08-17_market-data-watchlist-binding/previous/watchlist/governance/audit/implementation/WATCHLIST_IMPLEMENTATION_PROMPT_STANDARD.md,docs/watchlist/history/archive/H0065_WATCHLIST_IMPLEMENTATION_PROMPT_STANDARD.md,history_flattened
docs/watchlist/history/weekly_swing/documentation_migrations/2026-08-17_market-data-watchlist-binding/previous/watchlist/governance/trackers/LUMEN_CONTRACT_TRACKER.md,docs/watchlist/history/archive/H0066_LUMEN_CONTRACT_TRACKER.md,history_flattened
docs/watchlist/history/weekly_swing/documentation_migrations/2026-08-17_market-data-watchlist-binding/previous/watchlist/implementation/persistence/WATCHLIST_DB_DICTIONARY.md,docs/watchlist/history/archive/H0067_WATCHLIST_DB_DICTIONARY.md,history_flattened
docs/watchlist/history/weekly_swing/documentation_migrations/2026-08-17_semantic_strategy_filename_rename/00_WS_SCOPE_LOCK.md,docs/watchlist/history/archive/H0068_00_WS_SCOPE_LOCK.md,history_flattened
docs/watchlist/history/weekly_swing/documentation_migrations/2026-08-17_semantic_strategy_filename_rename/01_WS_OVERVIEW.md,docs/watchlist/history/archive/H0069_01_WS_OVERVIEW.md,history_flattened
docs/watchlist/history/weekly_swing/documentation_migrations/2026-08-17_semantic_strategy_filename_rename/02_WS_CANONICAL_RUNTIME_FLOW.md,docs/watchlist/history/archive/H0070_02_WS_CANONICAL_RUNTIME_FLOW.md,history_flattened
docs/watchlist/history/weekly_swing/documentation_migrations/2026-08-17_semantic_strategy_filename_rename/03_WS_CANDIDATE_ELIGIBILITY_AND_SETUP.md,docs/watchlist/history/archive/H0071_03_WS_CANDIDATE_ELIGIBILITY_AND_SETUP.md,history_flattened
docs/watchlist/history/weekly_swing/documentation_migrations/2026-08-17_semantic_strategy_filename_rename/04_WS_END_TO_END_STRATEGY_LIFECYCLE.md,docs/watchlist/history/archive/H0072_04_WS_END_TO_END_STRATEGY_LIFECYCLE.md,history_flattened
docs/watchlist/history/weekly_swing/documentation_migrations/2026-08-17_semantic_strategy_filename_rename/08_WS_PLAN_ALGORITHM.md,docs/watchlist/history/archive/H0073_08_WS_PLAN_ALGORITHM.md,history_flattened
docs/watchlist/history/weekly_swing/documentation_migrations/2026-08-17_semantic_strategy_filename_rename/09_WS_CANDIDATE_CLASSIFICATION_DETERMINISTIC.md,docs/watchlist/history/archive/H0074_09_WS_CANDIDATE_CLASSIFICATION_DETERMINISTIC.md,history_flattened
docs/watchlist/history/weekly_swing/documentation_migrations/2026-08-17_semantic_strategy_filename_rename/10_WS_CONFIRM_OVERLAY.md,docs/watchlist/history/archive/H0075_10_WS_CONFIRM_OVERLAY.md,history_flattened
docs/watchlist/history/weekly_swing/documentation_migrations/2026-08-17_semantic_strategy_filename_rename/12_WS_BACKTEST_AND_CALIBRATION_STRATEGY.md,docs/watchlist/history/archive/H0076_12_WS_BACKTEST_AND_CALIBRATION_STRATEGY.md,history_flattened
docs/watchlist/history/weekly_swing/documentation_migrations/2026-08-17_semantic_strategy_filename_rename/22_WS_RECOMMENDATION_OVERVIEW.md,docs/watchlist/history/archive/H0077_22_WS_RECOMMENDATION_OVERVIEW.md,history_flattened
docs/watchlist/history/weekly_swing/documentation_migrations/2026-08-17_semantic_strategy_filename_rename/24_WS_RECOMMENDATION_ALGORITHM.md,docs/watchlist/history/archive/H0078_24_WS_RECOMMENDATION_ALGORITHM.md,history_flattened
docs/watchlist/history/weekly_swing/documentation_migrations/2026-08-17_semantic_strategy_filename_rename/MIGRATION_NOTE.md,docs/watchlist/history/archive/H0079_MIGRATION_NOTE.md,history_flattened
docs/watchlist/history/weekly_swing/documentation_migrations/2026-08-17_semantic_strategy_filename_rename/README_BEFORE_RENAME.md,docs/watchlist/history/archive/H0080_README_BEFORE_RENAME.md,history_flattened
docs/watchlist/history/weekly_swing/documentation_migrations/2026-08-17_semantic_strategy_filename_rename/validation/16_WS_EVAL_METRICS_SUFFICIENCY_LOCKED.md,docs/watchlist/history/archive/H0081_16_WS_EVAL_METRICS_SUFFICIENCY_LOCKED.md,history_flattened
docs/watchlist/history/weekly_swing/documentation_migrations/2026-08-17_semantic_strategy_filename_rename/validation/17_WS_WALK_FORWARD_OOS_PROOF_LOCKED.md,docs/watchlist/history/archive/H0082_17_WS_WALK_FORWARD_OOS_PROOF_LOCKED.md,history_flattened
docs/watchlist/history/weekly_swing/governance_addenda/AUDIT_UPDATE_GOVERNANCE_CAMPAIGN_HISTORY.md,docs/watchlist/history/archive/H0083_AUDIT_UPDATE_GOVERNANCE_CAMPAIGN_HISTORY.md,history_flattened
docs/watchlist/history/weekly_swing/superseded/19_WS_DEPRECATED_OR_NONSCOPE_ARTIFACTS_LEDGER.md,docs/watchlist/history/archive/H0084_19_WS_DEPRECATED_OR_NONSCOPE_ARTIFACTS_LEDGER.md,history_flattened
docs/watchlist/history/weekly_swing/superseded/2026-08-16_pre-qualified-top-picks-strategy/00_WS_SCOPE_LOCK.md,docs/watchlist/history/archive/H0085_00_WS_SCOPE_LOCK.md,history_flattened
docs/watchlist/history/weekly_swing/superseded/2026-08-16_pre-qualified-top-picks-strategy/01_WS_OVERVIEW.md,docs/watchlist/history/archive/H0086_01_WS_OVERVIEW.md,history_flattened
docs/watchlist/history/weekly_swing/superseded/2026-08-16_pre-qualified-top-picks-strategy/02_WS_CANONICAL_RUNTIME_FLOW.md,docs/watchlist/history/archive/H0087_02_WS_CANONICAL_RUNTIME_FLOW.md,history_flattened
docs/watchlist/history/weekly_swing/superseded/2026-08-16_pre-qualified-top-picks-strategy/08_WS_PLAN_ALGORITHM.md,docs/watchlist/history/archive/H0088_08_WS_PLAN_ALGORITHM.md,history_flattened
docs/watchlist/history/weekly_swing/superseded/2026-08-16_pre-qualified-top-picks-strategy/09_WS_DYNAMIC_SELECTION_DETERMINISTIC.md,docs/watchlist/history/archive/H0089_09_WS_DYNAMIC_SELECTION_DETERMINISTIC.md,history_flattened
docs/watchlist/history/weekly_swing/superseded/2026-08-16_pre-qualified-top-picks-strategy/10_WS_CONFIRM_OVERLAY.md,docs/watchlist/history/archive/H0090_10_WS_CONFIRM_OVERLAY.md,history_flattened
docs/watchlist/history/weekly_swing/superseded/2026-08-16_pre-qualified-top-picks-strategy/12_WS_BACKTEST_AND_CALIBRATION_STRATEGY.md,docs/watchlist/history/archive/H0091_12_WS_BACKTEST_AND_CALIBRATION_STRATEGY.md,history_flattened
docs/watchlist/history/weekly_swing/superseded/2026-08-16_pre-qualified-top-picks-strategy/22_WS_RECOMMENDATION_OVERVIEW.md,docs/watchlist/history/archive/H0092_22_WS_RECOMMENDATION_OVERVIEW.md,history_flattened
docs/watchlist/history/weekly_swing/superseded/2026-08-16_pre-qualified-top-picks-strategy/24_WS_RECOMMENDATION_ALGORITHM.md,docs/watchlist/history/archive/H0093_24_WS_RECOMMENDATION_ALGORITHM.md,history_flattened
docs/watchlist/history/weekly_swing/superseded/2026-08-16_pre-qualified-top-picks-strategy/validation/16_WS_EVAL_METRICS_SUFFICIENCY_LOCKED.md,docs/watchlist/history/archive/H0094_16_WS_EVAL_METRICS_SUFFICIENCY_LOCKED.md,history_flattened
docs/watchlist/history/weekly_swing/superseded/2026-08-16_pre-qualified-top-picks-strategy/validation/17_WS_WALK_FORWARD_OOS_PROOF_LOCKED.md,docs/watchlist/history/archive/H0095_17_WS_WALK_FORWARD_OOS_PROOF_LOCKED.md,history_flattened
docs/watchlist/history/weekly_swing/superseded/2026-08-17_pre-confirm-optional-nonblocking-alignment/implementation/examples/WS_CONFIRM_OUTPUT_NON_RECOMMENDED_CANDIDATE.json,docs/watchlist/history/archive/H0096_WS_CONFIRM_OUTPUT_NON_RECOMMENDED_CANDIDATE.json,history_flattened
docs/watchlist/history/weekly_swing/superseded/2026-08-17_pre-confirm-optional-nonblocking-alignment/implementation/examples/WS_PLAN_CONFIRM_RUNTIME_PAIR_EXAMPLE_A.json,docs/watchlist/history/archive/H0097_WS_PLAN_CONFIRM_RUNTIME_PAIR_EXAMPLE_A.json,history_flattened
docs/watchlist/history/weekly_swing/superseded/2026-08-17_pre-confirm-optional-nonblocking-alignment/implementation/fixtures/candidate_confirm_non_recommended.json,docs/watchlist/history/archive/H0098_candidate_confirm_non_recommended.json,history_flattened
docs/watchlist/history/weekly_swing/superseded/2026-08-17_pre-confirm-optional-nonblocking-alignment/strategy/README.md,docs/watchlist/history/archive/H0099_README.md,history_flattened
docs/watchlist/history/weekly_swing/superseded/2026-08-17_pre-confirm-optional-nonblocking-alignment/strategy/WS_D1_CONFIRM_ACTIONABILITY.md,docs/watchlist/history/archive/H0100_WS_D1_CONFIRM_ACTIONABILITY.md,history_flattened
docs/watchlist/history/weekly_swing/superseded/2026-08-17_pre-confirm-optional-nonblocking-alignment/strategy/WS_END_TO_END_STRATEGY_LIFECYCLE.md,docs/watchlist/history/archive/H0101_WS_END_TO_END_STRATEGY_LIFECYCLE.md,history_flattened
docs/watchlist/history/weekly_swing/superseded/2026-08-17_pre-confirm-optional-nonblocking-alignment/strategy/WS_HISTORICAL_EVALUATION_STRATEGY.md,docs/watchlist/history/archive/H0102_WS_HISTORICAL_EVALUATION_STRATEGY.md,history_flattened
docs/watchlist/history/weekly_swing/superseded/2026-08-17_pre-confirm-optional-nonblocking-alignment/strategy/WS_PRODUCT_OBJECTIVE_AND_LAYERS.md,docs/watchlist/history/archive/H0103_WS_PRODUCT_OBJECTIVE_AND_LAYERS.md,history_flattened
docs/watchlist/history/weekly_swing/superseded/2026-08-17_pre-confirm-optional-nonblocking-alignment/strategy/WS_RUNTIME_FLOW.md,docs/watchlist/history/archive/H0104_WS_RUNTIME_FLOW.md,history_flattened
docs/watchlist/history/weekly_swing/superseded/2026-08-17_pre-confirm-optional-nonblocking-alignment/strategy/WS_SCOPE_AND_SUCCESS_CRITERIA.md,docs/watchlist/history/archive/H0105_WS_SCOPE_AND_SUCCESS_CRITERIA.md,history_flattened
docs/watchlist/history/weekly_swing/superseded/2026-08-17_pre-confirm-optional-nonblocking-alignment/strategy/WS_TOP_PICKS_QUALIFICATION_AND_RANKING.md,docs/watchlist/history/archive/H0106_WS_TOP_PICKS_QUALIFICATION_AND_RANKING.md,history_flattened
docs/watchlist/history/weekly_swing/superseded/2026-08-17_pre-confirm-optional-nonblocking-alignment/strategy/WS_TOP_PICKS_RECOMMENDATION.md,docs/watchlist/history/archive/H0107_WS_TOP_PICKS_RECOMMENDATION.md,history_flattened
docs/watchlist/history/weekly_swing/superseded/2026-08-17_pre-confirm-optional-nonblocking-alignment/strategy/validation/WS_OOS_STRESS_SHADOW_AND_PRODUCTION_PROOF.md,docs/watchlist/history/archive/H0108_WS_OOS_STRESS_SHADOW_AND_PRODUCTION_PROOF.md,history_flattened
docs/watchlist/history/weekly_swing/superseded/2026-08-17_pre-end-to-end-lifecycle-alignment/00_WS_SCOPE_LOCK.md,docs/watchlist/history/archive/H0109_00_WS_SCOPE_LOCK.md,history_flattened
docs/watchlist/history/weekly_swing/superseded/2026-08-17_pre-end-to-end-lifecycle-alignment/01_WS_OVERVIEW.md,docs/watchlist/history/archive/H0110_01_WS_OVERVIEW.md,history_flattened
docs/watchlist/history/weekly_swing/superseded/2026-08-17_pre-end-to-end-lifecycle-alignment/02_WS_CANONICAL_RUNTIME_FLOW.md,docs/watchlist/history/archive/H0111_02_WS_CANONICAL_RUNTIME_FLOW.md,history_flattened
docs/watchlist/history/weekly_swing/superseded/2026-08-17_pre-end-to-end-lifecycle-alignment/03_WS_CANDIDATE_ELIGIBILITY_AND_SETUP.md,docs/watchlist/history/archive/H0112_03_WS_CANDIDATE_ELIGIBILITY_AND_SETUP.md,history_flattened
docs/watchlist/history/weekly_swing/superseded/2026-08-17_pre-end-to-end-lifecycle-alignment/08_WS_PLAN_ALGORITHM.md,docs/watchlist/history/archive/H0113_08_WS_PLAN_ALGORITHM.md,history_flattened
docs/watchlist/history/weekly_swing/superseded/2026-08-17_pre-end-to-end-lifecycle-alignment/09_WS_CANDIDATE_CLASSIFICATION_DETERMINISTIC.md,docs/watchlist/history/archive/H0114_09_WS_CANDIDATE_CLASSIFICATION_DETERMINISTIC.md,history_flattened
docs/watchlist/history/weekly_swing/superseded/2026-08-17_pre-end-to-end-lifecycle-alignment/10_WS_CONFIRM_OVERLAY.md,docs/watchlist/history/archive/H0115_10_WS_CONFIRM_OVERLAY.md,history_flattened
docs/watchlist/history/weekly_swing/superseded/2026-08-17_pre-end-to-end-lifecycle-alignment/12_WS_BACKTEST_AND_CALIBRATION_STRATEGY.md,docs/watchlist/history/archive/H0116_12_WS_BACKTEST_AND_CALIBRATION_STRATEGY.md,history_flattened
docs/watchlist/history/weekly_swing/superseded/2026-08-17_pre-end-to-end-lifecycle-alignment/22_WS_RECOMMENDATION_OVERVIEW.md,docs/watchlist/history/archive/H0117_22_WS_RECOMMENDATION_OVERVIEW.md,history_flattened
docs/watchlist/history/weekly_swing/superseded/2026-08-17_pre-end-to-end-lifecycle-alignment/24_WS_RECOMMENDATION_ALGORITHM.md,docs/watchlist/history/archive/H0118_24_WS_RECOMMENDATION_ALGORITHM.md,history_flattened
docs/watchlist/history/weekly_swing/superseded/2026-08-17_pre-end-to-end-lifecycle-alignment/README.md,docs/watchlist/history/archive/H0119_README.md,history_flattened
docs/watchlist/history/weekly_swing/superseded/2026-08-17_pre-end-to-end-lifecycle-alignment/README_SNAPSHOT.md,docs/watchlist/history/archive/H0120_README_SNAPSHOT.md,history_flattened
docs/watchlist/history/weekly_swing/superseded/2026-08-17_pre-end-to-end-lifecycle-alignment/validation/16_WS_EVAL_METRICS_SUFFICIENCY_LOCKED.md,docs/watchlist/history/archive/H0121_16_WS_EVAL_METRICS_SUFFICIENCY_LOCKED.md,history_flattened
docs/watchlist/history/weekly_swing/superseded/2026-08-17_pre-end-to-end-lifecycle-alignment/validation/17_WS_WALK_FORWARD_OOS_PROOF_LOCKED.md,docs/watchlist/history/archive/H0122_17_WS_WALK_FORWARD_OOS_PROOF_LOCKED.md,history_flattened
docs/watchlist/history/weekly_swing/superseded/2026-08-17_pre-market-data-watchlist-binding/README.md,docs/watchlist/history/archive/H0123_README.md,history_flattened
docs/watchlist/history/weekly_swing/superseded/2026-08-17_pre-market-data-watchlist-binding/WS_CANDIDATE_ELIGIBILITY_AND_SETUP.md,docs/watchlist/history/archive/H0124_WS_CANDIDATE_ELIGIBILITY_AND_SETUP.md,history_flattened
docs/watchlist/history/weekly_swing/superseded/2026-08-17_pre-market-data-watchlist-binding/WS_D1_CONFIRM_ACTIONABILITY.md,docs/watchlist/history/archive/H0125_WS_D1_CONFIRM_ACTIONABILITY.md,history_flattened
docs/watchlist/history/weekly_swing/superseded/2026-08-17_pre-market-data-watchlist-binding/WS_END_TO_END_STRATEGY_LIFECYCLE.md,docs/watchlist/history/archive/H0126_WS_END_TO_END_STRATEGY_LIFECYCLE.md,history_flattened
docs/watchlist/history/weekly_swing/superseded/2026-08-17_pre-market-data-watchlist-binding/WS_HISTORICAL_EVALUATION_STRATEGY.md,docs/watchlist/history/archive/H0127_WS_HISTORICAL_EVALUATION_STRATEGY.md,history_flattened
docs/watchlist/history/weekly_swing/superseded/2026-08-17_pre-market-data-watchlist-binding/WS_PLAN_SCORING_AND_TRADE_PLAN.md,docs/watchlist/history/archive/H0128_WS_PLAN_SCORING_AND_TRADE_PLAN.md,history_flattened
docs/watchlist/history/weekly_swing/superseded/2026-08-17_pre-market-data-watchlist-binding/WS_PRODUCT_OBJECTIVE_AND_LAYERS.md,docs/watchlist/history/archive/H0129_WS_PRODUCT_OBJECTIVE_AND_LAYERS.md,history_flattened
docs/watchlist/history/weekly_swing/superseded/2026-08-17_pre-market-data-watchlist-binding/WS_RUNTIME_FLOW.md,docs/watchlist/history/archive/H0130_WS_RUNTIME_FLOW.md,history_flattened
docs/watchlist/history/weekly_swing/superseded/README.md,docs/watchlist/history/archive/H0131_README.md,history_flattened
docs/watchlist/implementation/persistence/01_DB_OVERVIEW.md,docs/watchlist/implementation/db/DB_OVERVIEW.md,architecture_simplified
docs/watchlist/implementation/persistence/02_DB_SCHEMA_MARIADB.md,docs/watchlist/implementation/db/DB_SCHEMA_MARIADB.md,architecture_simplified
docs/watchlist/implementation/persistence/03_DB_INDEXES_AND_CONSTRAINTS.md,docs/watchlist/implementation/db/DB_INDEXES_AND_CONSTRAINTS.md,architecture_simplified
docs/watchlist/implementation/persistence/04_DB_SEED_GLOBAL.sql,docs/watchlist/implementation/db/DB_SEED_GLOBAL.sql,architecture_simplified
docs/watchlist/implementation/persistence/05_DB_DDL_MARIADB.sql,docs/watchlist/implementation/db/DB_DDL_MARIADB.sql,architecture_simplified
docs/watchlist/implementation/persistence/MIGRATIONS.sql,docs/watchlist/implementation/db/MIGRATIONS.sql,architecture_simplified
docs/watchlist/implementation/persistence/README.md,docs/watchlist/implementation/README.md,architecture_simplified
docs/watchlist/implementation/persistence/WATCHLIST_DB_DICTIONARY.md,docs/watchlist/implementation/db/WATCHLIST_DB_DICTIONARY.md,architecture_simplified
docs/watchlist/implementation/shared/02_PARAMSET_CONTRACT_GLOBAL.md,docs/watchlist/implementation/contracts/PARAMSET_CONTRACT_GLOBAL.md,architecture_simplified
docs/watchlist/implementation/shared/03_VALIDATOR_SPEC_GLOBAL.md,docs/watchlist/implementation/contracts/VALIDATOR_SPEC_GLOBAL.md,architecture_simplified
docs/watchlist/implementation/shared/04_CONTRACT_TESTS_GLOBAL.md,docs/watchlist/implementation/contracts/CONTRACT_TESTS_GLOBAL.md,architecture_simplified
docs/watchlist/implementation/shared/05_EXECUTION_CANONICAL_GLOBAL.md,docs/watchlist/implementation/contracts/EXECUTION_CANONICAL_GLOBAL.md,architecture_simplified
docs/watchlist/implementation/shared/06_SCHEMA_PARITY_RULES.md,docs/watchlist/implementation/contracts/SCHEMA_PARITY_RULES.md,architecture_simplified
docs/watchlist/implementation/shared/07_CONTRACT_FAILURE_CODES_LOCKED.md,docs/watchlist/implementation/contracts/CONTRACT_FAILURE_CODES_LOCKED.md,architecture_simplified
docs/watchlist/implementation/shared/README.md,docs/watchlist/implementation/README.md,architecture_simplified
docs/watchlist/implementation/weekly_swing/CONFIRM_OPTIONAL_NON_BLOCKING_IMPLEMENTATION_GUARD.md,docs/watchlist/implementation/CONFIRM_OPTIONAL_NON_BLOCKING_IMPLEMENTATION_GUARD.md,architecture_simplified
docs/watchlist/implementation/weekly_swing/MARKET_DATA_INTAKE_IMPLEMENTATION_CONTRACT.md,docs/watchlist/implementation/MARKET_DATA_INTAKE_IMPLEMENTATION_CONTRACT.md,architecture_simplified
docs/watchlist/implementation/weekly_swing/README.md,docs/watchlist/implementation/README.md,architecture_simplified
docs/watchlist/implementation/weekly_swing/STRATEGY_ALIGNMENT_REQUIRED.md,docs/watchlist/implementation/STRATEGY_ALIGNMENT_REQUIRED.md,architecture_simplified
docs/watchlist/implementation/weekly_swing/WS_IMPLEMENTATION_BUILD_SEQUENCE.md,docs/watchlist/implementation/WS_IMPLEMENTATION_BUILD_SEQUENCE.md,architecture_simplified
docs/watchlist/implementation/weekly_swing/contracts/03_WS_DATA_MODEL_MARIADB.md,docs/watchlist/implementation/contracts/WS_DATA_MODEL_MARIADB.md,architecture_simplified
docs/watchlist/implementation/weekly_swing/contracts/04_WS_PARAMSET_JSON_CONTRACT.md,docs/watchlist/implementation/contracts/WS_PARAMSET_JSON_CONTRACT.md,architecture_simplified
docs/watchlist/implementation/weekly_swing/contracts/05_WS_PARAMETER_REGISTRY_COMPLETE.md,docs/watchlist/implementation/contracts/WS_PARAMETER_REGISTRY_COMPLETE.md,architecture_simplified
docs/watchlist/implementation/weekly_swing/contracts/06_WS_PARAMSET_VALIDATOR_SPEC.md,docs/watchlist/implementation/contracts/WS_PARAMSET_VALIDATOR_SPEC.md,architecture_simplified
docs/watchlist/implementation/weekly_swing/contracts/07_WS_REASON_CODES_AND_HASH.md,docs/watchlist/implementation/contracts/WS_REASON_CODES_AND_HASH.md,architecture_simplified
docs/watchlist/implementation/weekly_swing/contracts/23_WS_RECOMMENDATION_INPUT_OUTPUT_CONTRACT.md,docs/watchlist/implementation/contracts/WS_RECOMMENDATION_INPUT_OUTPUT_CONTRACT.md,architecture_simplified
docs/watchlist/implementation/weekly_swing/contracts/WS_BACKTEST_EVALUATION_TECHNICAL_CONTRACT.md,docs/watchlist/implementation/contracts/WS_BACKTEST_EVALUATION_TECHNICAL_CONTRACT.md,architecture_simplified
docs/watchlist/implementation/weekly_swing/contracts/WS_BACKTEST_OOS_RUNTIME_IMPLEMENTATION_CONTRACT.md,docs/watchlist/implementation/contracts/WS_BACKTEST_OOS_RUNTIME_IMPLEMENTATION_CONTRACT.md,architecture_simplified
docs/watchlist/implementation/weekly_swing/contracts/WS_BACKTEST_PERSISTENCE_AND_UNIVERSE_SCHEMA_CONTRACT.md,docs/watchlist/implementation/contracts/WS_BACKTEST_PERSISTENCE_AND_UNIVERSE_SCHEMA_CONTRACT.md,architecture_simplified
docs/watchlist/implementation/weekly_swing/db/BACKTEST_OOS_RUNTIME_GAP_CLOSURE.sql,docs/watchlist/implementation/db/BACKTEST_OOS_RUNTIME_GAP_CLOSURE.sql,architecture_simplified
docs/watchlist/implementation/weekly_swing/db/BACKTEST_OOS_RUNTIME_VERIFY.sql,docs/watchlist/implementation/db/BACKTEST_OOS_RUNTIME_VERIFY.sql,architecture_simplified
docs/watchlist/implementation/weekly_swing/db/BACKTEST_PARAM_GRID_SEED.sql,docs/watchlist/implementation/db/BACKTEST_PARAM_GRID_SEED.sql,architecture_simplified
docs/watchlist/implementation/weekly_swing/db/BACKTEST_SCHEMA_DDL.sql,docs/watchlist/implementation/db/BACKTEST_SCHEMA_DDL.sql,architecture_simplified
docs/watchlist/implementation/weekly_swing/db/PARAMSET_WS_ACTIVE_EXAMPLE.json,docs/watchlist/implementation/db/PARAMSET_WS_ACTIVE_EXAMPLE.json,architecture_simplified
docs/watchlist/implementation/weekly_swing/db/PLAN_UNIVERSE_SNAPSHOT_SCHEMA.md,docs/watchlist/implementation/db/PLAN_UNIVERSE_SNAPSHOT_SCHEMA.md,architecture_simplified
docs/watchlist/implementation/weekly_swing/db/PROMOTE_PARAMSET.sql,docs/watchlist/implementation/db/PROMOTE_PARAMSET.sql,architecture_simplified
docs/watchlist/implementation/weekly_swing/db/README.md,docs/watchlist/implementation/README.md,architecture_simplified
docs/watchlist/implementation/weekly_swing/db/REASON_CODES_SEED.sql,docs/watchlist/implementation/db/REASON_CODES_SEED.sql,architecture_simplified
docs/watchlist/implementation/weekly_swing/db/RECOMMENDATION_RUNTIME_SCHEMA.md,docs/watchlist/implementation/db/RECOMMENDATION_RUNTIME_SCHEMA.md,architecture_simplified
docs/watchlist/implementation/weekly_swing/evidence_contracts/18_WS_BACKTEST_ARTIFACT_MANIFEST_LOCKED.md,docs/watchlist/implementation/contracts/WS_BACKTEST_ARTIFACT_MANIFEST_LOCKED.md,architecture_simplified
docs/watchlist/implementation/weekly_swing/examples/README.md,docs/watchlist/implementation/README.md,architecture_simplified
docs/watchlist/implementation/weekly_swing/examples/WS_CONFIRM_RUNTIME_OUTPUT_EXAMPLE_A.json,docs/watchlist/implementation/examples/WS_CONFIRM_RUNTIME_OUTPUT_EXAMPLE_A.json,architecture_simplified
docs/watchlist/implementation/weekly_swing/examples/WS_CONFIRM_UNAVAILABLE_RETRYABLE_EXAMPLE.json,docs/watchlist/implementation/examples/WS_CONFIRM_UNAVAILABLE_RETRYABLE_EXAMPLE.json,architecture_simplified
docs/watchlist/implementation/weekly_swing/examples/WS_PLAN_RECOMMENDATION_CONFIRM_TRIPLE_EXAMPLE_A.json,docs/watchlist/implementation/examples/WS_PLAN_RECOMMENDATION_CONFIRM_TRIPLE_EXAMPLE_A.json,architecture_simplified
docs/watchlist/implementation/weekly_swing/examples/WS_PLAN_RECOMMENDATION_PAIR_EXAMPLE_A.json,docs/watchlist/implementation/examples/WS_PLAN_RECOMMENDATION_PAIR_EXAMPLE_A.json,architecture_simplified
docs/watchlist/implementation/weekly_swing/examples/WS_PLAN_REC_CONFIRM_COMPOSITE_EXAMPLE.json,docs/watchlist/implementation/examples/WS_PLAN_REC_CONFIRM_COMPOSITE_EXAMPLE.json,architecture_simplified
docs/watchlist/implementation/weekly_swing/examples/WS_PLAN_RUNTIME_OUTPUT_EXAMPLE_A.json,docs/watchlist/implementation/examples/WS_PLAN_RUNTIME_OUTPUT_EXAMPLE_A.json,architecture_simplified
docs/watchlist/implementation/weekly_swing/examples/WS_PLAN_RUNTIME_OUTPUT_EXAMPLE_NO_TRADE.json,docs/watchlist/implementation/examples/WS_PLAN_RUNTIME_OUTPUT_EXAMPLE_NO_TRADE.json,architecture_simplified
docs/watchlist/implementation/weekly_swing/examples/WS_RECOMMENDATION_RUNTIME_OUTPUT_EMPTY.json,docs/watchlist/implementation/examples/WS_RECOMMENDATION_RUNTIME_OUTPUT_EMPTY.json,architecture_simplified
docs/watchlist/implementation/weekly_swing/examples/WS_RECOMMENDATION_RUNTIME_OUTPUT_EMPTY_DETAILED.json,docs/watchlist/implementation/examples/WS_RECOMMENDATION_RUNTIME_OUTPUT_EMPTY_DETAILED.json,architecture_simplified
docs/watchlist/implementation/weekly_swing/examples/WS_RECOMMENDATION_RUNTIME_OUTPUT_EXAMPLE_A.json,docs/watchlist/implementation/examples/WS_RECOMMENDATION_RUNTIME_OUTPUT_EXAMPLE_A.json,architecture_simplified
docs/watchlist/implementation/weekly_swing/examples/WS_RECOMMENDATION_RUNTIME_OUTPUT_EXAMPLE_B.json,docs/watchlist/implementation/examples/WS_RECOMMENDATION_RUNTIME_OUTPUT_EXAMPLE_B.json,architecture_simplified
docs/watchlist/implementation/weekly_swing/fixtures/PLAN_FIXTURE_A_TIES_V1.json,docs/watchlist/implementation/tests/PLAN_FIXTURE_A_TIES_V1.json,architecture_simplified
docs/watchlist/implementation/weekly_swing/fixtures/README.md,docs/watchlist/implementation/README.md,architecture_simplified
docs/watchlist/implementation/weekly_swing/fixtures/artifact_reference_guard_minimal.json,docs/watchlist/implementation/tests/artifact_reference_guard_minimal.json,architecture_simplified
docs/watchlist/implementation/weekly_swing/fixtures/bt_coverage_guard_minimal.json,docs/watchlist/implementation/tests/bt_coverage_guard_minimal.json,architecture_simplified
docs/watchlist/implementation/weekly_swing/fixtures/bt_eval_metrics_minimal.json,docs/watchlist/implementation/tests/bt_eval_metrics_minimal.json,architecture_simplified
docs/watchlist/implementation/weekly_swing/fixtures/bt_oos_proof_minimal.json,docs/watchlist/implementation/tests/bt_oos_proof_minimal.json,architecture_simplified
docs/watchlist/implementation/weekly_swing/fixtures/confirm_immutability_pair.json,docs/watchlist/implementation/tests/confirm_immutability_pair.json,architecture_simplified
docs/watchlist/implementation/weekly_swing/fixtures/confirm_payload_with_orderbook_fields.json,docs/watchlist/implementation/tests/confirm_payload_with_orderbook_fields.json,architecture_simplified
docs/watchlist/implementation/weekly_swing/fixtures/confirm_payload_with_unknown_top_level_field.json,docs/watchlist/implementation/tests/confirm_payload_with_unknown_top_level_field.json,architecture_simplified
docs/watchlist/implementation/weekly_swing/fixtures/confirm_snapshots_two.json,docs/watchlist/implementation/tests/confirm_snapshots_two.json,architecture_simplified
docs/watchlist/implementation/weekly_swing/fixtures/confirm_unavailable_retryable.json,docs/watchlist/implementation/tests/confirm_unavailable_retryable.json,architecture_simplified
docs/watchlist/implementation/weekly_swing/fixtures/hash_contract_vectors.json,docs/watchlist/implementation/tests/hash_contract_vectors.json,architecture_simplified
docs/watchlist/implementation/weekly_swing/fixtures/paramset_bad_enum.json,docs/watchlist/implementation/tests/paramset_bad_enum.json,architecture_simplified
docs/watchlist/implementation/weekly_swing/fixtures/paramset_bad_eval.json,docs/watchlist/implementation/tests/paramset_bad_eval.json,architecture_simplified
docs/watchlist/implementation/weekly_swing/fixtures/paramset_bad_hash_contract.json,docs/watchlist/implementation/tests/paramset_bad_hash_contract.json,architecture_simplified
docs/watchlist/implementation/weekly_swing/fixtures/paramset_missing_audit_field.json,docs/watchlist/implementation/tests/paramset_missing_audit_field.json,architecture_simplified
docs/watchlist/implementation/weekly_swing/fixtures/paramset_missing_required_key.json,docs/watchlist/implementation/tests/paramset_missing_required_key.json,architecture_simplified
docs/watchlist/implementation/weekly_swing/fixtures/paramset_type_drift.json,docs/watchlist/implementation/tests/paramset_type_drift.json,architecture_simplified
docs/watchlist/implementation/weekly_swing/fixtures/paramset_unknown_key.json,docs/watchlist/implementation/tests/paramset_unknown_key.json,architecture_simplified
docs/watchlist/implementation/weekly_swing/fixtures/paramset_valid.json,docs/watchlist/implementation/tests/paramset_valid.json,architecture_simplified
docs/watchlist/implementation/weekly_swing/fixtures/plan_items_artificial_ties.json,docs/watchlist/implementation/tests/plan_items_artificial_ties.json,architecture_simplified
docs/watchlist/implementation/weekly_swing/fixtures/plan_items_forced_watch_only.json,docs/watchlist/implementation/tests/plan_items_forced_watch_only.json,architecture_simplified
docs/watchlist/implementation/weekly_swing/fixtures/plan_items_guard_fail.json,docs/watchlist/implementation/tests/plan_items_guard_fail.json,architecture_simplified
docs/watchlist/implementation/weekly_swing/fixtures/plan_items_no_trade_hide_all.json,docs/watchlist/implementation/tests/plan_items_no_trade_hide_all.json,architecture_simplified
docs/watchlist/implementation/weekly_swing/fixtures/plan_items_no_trade_min_eligible.json,docs/watchlist/implementation/tests/plan_items_no_trade_min_eligible.json,architecture_simplified
docs/watchlist/implementation/weekly_swing/fixtures/plan_universe_snapshot_sample.json,docs/watchlist/implementation/tests/plan_universe_snapshot_sample.json,architecture_simplified
docs/watchlist/implementation/weekly_swing/fixtures/recommendation_capital_aware.json,docs/watchlist/implementation/tests/recommendation_capital_aware.json,architecture_simplified
docs/watchlist/implementation/weekly_swing/fixtures/recommendation_capital_free.json,docs/watchlist/implementation/tests/recommendation_capital_free.json,architecture_simplified
docs/watchlist/implementation/weekly_swing/fixtures/recommendation_capital_free_vs_capital_aware_pair.json,docs/watchlist/implementation/tests/recommendation_capital_free_vs_capital_aware_pair.json,architecture_simplified
docs/watchlist/implementation/weekly_swing/fixtures/recommendation_deterministic_ties.json,docs/watchlist/implementation/tests/recommendation_deterministic_ties.json,architecture_simplified
docs/watchlist/implementation/weekly_swing/fixtures/recommendation_empty_but_prioritized_groups_nonempty.json,docs/watchlist/implementation/tests/recommendation_empty_but_prioritized_groups_nonempty.json,architecture_simplified
docs/watchlist/implementation/weekly_swing/fixtures/recommended_and_confirmed_pair.json,docs/watchlist/implementation/tests/recommended_and_confirmed_pair.json,architecture_simplified
docs/watchlist/implementation/weekly_swing/fixtures/recommended_and_confirmed_pair_detailed.json,docs/watchlist/implementation/tests/recommended_and_confirmed_pair_detailed.json,architecture_simplified
docs/watchlist/implementation/weekly_swing/fixtures/scored_items_quantile_cutoff.json,docs/watchlist/implementation/tests/scored_items_quantile_cutoff.json,architecture_simplified
docs/watchlist/implementation/weekly_swing/fixtures/universe_equivalence_sample.json,docs/watchlist/implementation/tests/universe_equivalence_sample.json,architecture_simplified
docs/watchlist/implementation/weekly_swing/guidance/01_WS_IMPLEMENTATION_SCOPE_AND_BOUNDARY.md,docs/watchlist/implementation/guides/WS_IMPLEMENTATION_SCOPE_AND_BOUNDARY.md,architecture_simplified
docs/watchlist/implementation/weekly_swing/guidance/02_WS_MODULE_MAPPING.md,docs/watchlist/implementation/guides/WS_MODULE_MAPPING.md,architecture_simplified
docs/watchlist/implementation/weekly_swing/guidance/03_WS_RUNTIME_ARTIFACT_FLOW.md,docs/watchlist/implementation/guides/WS_RUNTIME_ARTIFACT_FLOW.md,architecture_simplified
docs/watchlist/implementation/weekly_swing/guidance/04_WS_API_GUIDANCE.md,docs/watchlist/implementation/guides/WS_API_GUIDANCE.md,architecture_simplified
docs/watchlist/implementation/weekly_swing/guidance/05A_WS_CANONICAL_FIELD_MATRIX.md,docs/watchlist/implementation/guides/WS_CANONICAL_FIELD_MATRIX.md,architecture_simplified
docs/watchlist/implementation/weekly_swing/guidance/05_WS_PERSISTENCE_GUIDANCE.md,docs/watchlist/implementation/guides/WS_PERSISTENCE_GUIDANCE.md,architecture_simplified
docs/watchlist/implementation/weekly_swing/guidance/06_WS_TEST_IMPLEMENTATION_GUIDANCE.md,docs/watchlist/implementation/guides/WS_TEST_IMPLEMENTATION_GUIDANCE.md,architecture_simplified
docs/watchlist/implementation/weekly_swing/guidance/07_WS_DELIVERY_CHECKLIST.md,docs/watchlist/implementation/guides/WS_DELIVERY_CHECKLIST.md,architecture_simplified
docs/watchlist/implementation/weekly_swing/guidance/21_WS_IMPLEMENTATION_BLUEPRINT.md,docs/watchlist/implementation/guides/WS_IMPLEMENTATION_BLUEPRINT.md,architecture_simplified
docs/watchlist/implementation/weekly_swing/persistence/11_WS_INTRADAY_SNAPSHOT_TABLES.md,docs/watchlist/implementation/contracts/WS_INTRADAY_SNAPSHOT_TABLES.md,architecture_simplified
docs/watchlist/implementation/weekly_swing/procedures/20_WS_CANONICAL_PARAMSET_PROCEDURES.md,docs/watchlist/implementation/guides/WS_CANONICAL_PARAMSET_PROCEDURES.md,architecture_simplified
docs/watchlist/implementation/weekly_swing/reference/WS_CATALOG_CANDIDATE_C27_RAW_OHLC_VALIDATION_NOTE.md,docs/watchlist/implementation/guides/WS_CATALOG_CANDIDATE_C27_RAW_OHLC_VALIDATION_NOTE.md,architecture_simplified
docs/watchlist/implementation/weekly_swing/reference/WS_CATALOG_CANDIDATE_C28_RULE_REVISION_TIEBREAK_NOTE.md,docs/watchlist/implementation/guides/WS_CATALOG_CANDIDATE_C28_RULE_REVISION_TIEBREAK_NOTE.md,architecture_simplified
docs/watchlist/implementation/weekly_swing/reference/WS_FAILURE_BEHAVIOR_MATRIX.md,docs/watchlist/implementation/guides/WS_FAILURE_BEHAVIOR_MATRIX.md,architecture_simplified
docs/watchlist/implementation/weekly_swing/reference/WS_FIXTURE_INVENTORY.md,docs/watchlist/implementation/guides/WS_FIXTURE_INVENTORY.md,architecture_simplified
docs/watchlist/implementation/weekly_swing/reference/WS_GLOSSARY_REFERENCE.md,docs/watchlist/implementation/guides/WS_GLOSSARY_REFERENCE.md,architecture_simplified
docs/watchlist/implementation/weekly_swing/reference/WS_MANUAL_INPUT_TEMPLATE.md,docs/watchlist/implementation/guides/WS_MANUAL_INPUT_TEMPLATE.md,architecture_simplified
docs/watchlist/implementation/weekly_swing/reference/WS_PARAMETER_COVERAGE_MATRIX.md,docs/watchlist/implementation/guides/WS_PARAMETER_COVERAGE_MATRIX.md,architecture_simplified
docs/watchlist/implementation/weekly_swing/reference/WS_RUNTIME_OUTPUT_EXAMPLES.md,docs/watchlist/implementation/guides/WS_RUNTIME_OUTPUT_EXAMPLES.md,architecture_simplified
docs/watchlist/implementation/weekly_swing/reference/WS_WORKED_EXAMPLE_E2E.md,docs/watchlist/implementation/guides/WS_WORKED_EXAMPLE_E2E.md,architecture_simplified
docs/watchlist/implementation/weekly_swing/testing/13_WS_CONTRACT_TEST_CHECKLIST.md,docs/watchlist/implementation/tests/WS_CONTRACT_TEST_CHECKLIST.md,architecture_simplified
docs/watchlist/implementation/weekly_swing/testing/25_WS_RECOMMENDATION_REASON_CODES_AND_TESTS.md,docs/watchlist/implementation/tests/WS_RECOMMENDATION_REASON_CODES_AND_TESTS.md,architecture_simplified
docs/watchlist/implementation/weekly_swing/verification/14_WS_BT_COVERAGE_MATRIX_LOCKED.md,docs/watchlist/implementation/tests/WS_BT_COVERAGE_MATRIX_LOCKED.md,architecture_simplified
docs/watchlist/implementation/weekly_swing/verification/15_WS_UNIVERSE_EQUIVALENCE_CONTRACT_LOCKED.md,docs/watchlist/implementation/tests/WS_UNIVERSE_EQUIVALENCE_CONTRACT_LOCKED.md,architecture_simplified
docs/watchlist/research/weekly_swing/README.md,docs/watchlist/research/README.md,architecture_simplified
docs/watchlist/research/weekly_swing/README_LEGACY_REFS.md,docs/watchlist/research/README_LEGACY_REFS.md,architecture_simplified
docs/watchlist/research/weekly_swing/campaign_contracts/README.md,docs/watchlist/research/README.md,architecture_simplified
docs/watchlist/research/weekly_swing/campaign_contracts/WS_C171_DYNAMIC_SELECTION_SCORE_CAP_EXTENSION.md,docs/watchlist/research/C171_DYNAMIC_SELECTION_SCORE_CAP_EXTENSION.md,architecture_simplified
docs/watchlist/research/weekly_swing/campaign_contracts/WS_C171_PARAMSET_OPTIONAL_BOUND_CONTRACT.md,docs/watchlist/research/C171_PARAMSET_OPTIONAL_BOUND_CONTRACT.md,architecture_simplified
docs/watchlist/research/weekly_swing/campaign_contracts/WS_C171_PLAN_REMEDIATION_GUARD_EXTENSION.md,docs/watchlist/research/C171_PLAN_REMEDIATION_GUARD_EXTENSION.md,architecture_simplified
docs/watchlist/research/weekly_swing/campaign_contracts/WS_R2_C171_PARAMSET_VALIDATOR_CAMPAIGN_EXTENSIONS.md,docs/watchlist/research/R2_C171_PARAMSET_VALIDATOR_CAMPAIGN_EXTENSIONS.md,architecture_simplified
docs/watchlist/research/weekly_swing/experiments/WS_BREAKOUT_INTEGRITY_B01_PREREGISTRATION_LOCK.md,docs/watchlist/research/WS_BREAKOUT_INTEGRITY_B01_PREREGISTRATION_LOCK.md,architecture_simplified
docs/watchlist/research/weekly_swing/experiments/WS_C12_EXIT_MODEL_REDESIGN_CONTRACT_FINAL_RESULT.md,docs/watchlist/research/C12_EXIT_MODEL_REDESIGN_CONTRACT_FINAL_RESULT.md,architecture_simplified
docs/watchlist/research/weekly_swing/experiments/WS_C168_WEEKLY_SWING_WATCHLIST_RUNTIME_INTEGRATION_GAP_REMEDIATION.md,docs/watchlist/research/C168_RUN_INTEGRATION_GAP_REMEDIATION.md,architecture_simplified
docs/watchlist/research/weekly_swing/experiments/WS_C169_WEEKLY_SWING_CANONICAL_PARAMSET_PERSISTENCE_AND_REAL_OOS_PROMOTION_GATE_REMEDIATION.md,docs/watchlist/research/C169_CANONICAL_PARAMSET_PERSISTENCE_AND_REAL_OOS_PROMO_GATE_REMEDIATION.md,architecture_simplified
docs/watchlist/research/weekly_swing/experiments/WS_C170_WEEKLY_SWING_CANONICAL_IS_STRATEGY_AND_REAL_OOS_PROOF_REMEDIATION.md,docs/watchlist/research/C170_CANONICAL_IS_STRAT_AND_REAL_OOS_PROOF_REMEDIATION.md,architecture_simplified
docs/watchlist/research/weekly_swing/experiments/WS_C171_FINAL_BOUNDED_REMEDIATION_CATALOG_AND_CLOSURE_RULE_LOCK.md,docs/watchlist/research/C171_FINAL_BOUNDED_REMEDIATION_CATALOG_AND_CLOSURE_RULE_LOCK.md,architecture_simplified
docs/watchlist/research/weekly_swing/experiments/WS_C171_IMMUTABLE_DRAFT_PARAMSET_CANDIDATE_DESIGN.md,docs/watchlist/research/C171_IMMUTABLE_DRAFT_PARAMSET_CANDIDATE_DESIGN.md,architecture_simplified
docs/watchlist/research/weekly_swing/experiments/WS_C171_REAL_IS_REMEDIATION_DRAFT_CATALOG_IMPLEMENTATION.md,docs/watchlist/research/C171_REAL_IS_REMEDIATION_DRAFT_CATALOG_IMPL.md,architecture_simplified
docs/watchlist/research/weekly_swing/experiments/WS_C171_REMEDIATION_DRAFT_PARAMSET_HASH_IDENTITY_REPAIR.md,docs/watchlist/research/C171_REMEDIATION_DRAFT_PARAMSET_HASH_IDENTITY_REPAIR.md,architecture_simplified
docs/watchlist/research/weekly_swing/experiments/WS_C171_WEEKLY_SWING_VERSIONED_OFFICIAL_BACKTEST_EVIDENCE_AND_EXECUTABLE_IS_STRATEGY_REMEDIATION.md,docs/watchlist/research/C171_VERSIONED_OFFICIAL_BACKTEST_EVIDENCE_AND_EXECUTABLE_IS_STRAT_REMEDIATION.md,architecture_simplified
docs/watchlist/research/weekly_swing/experiments/WS_C19_SELECTION_MODEL_REDESIGN_ANALYSIS.md,docs/watchlist/research/C19_SELECTION_MODEL_REDESIGN_ANALYSIS.md,architecture_simplified
docs/watchlist/research/weekly_swing/experiments/WS_C22_SHADOW_GAP_BRIDGE_C24_DESIGN_NOTE.md,docs/watchlist/research/C22_SHADOW_GAP_BRIDGE_C24_DESIGN_NOTE.md,architecture_simplified
docs/watchlist/research/weekly_swing/experiments/WS_C27_CATALOG_CANDIDATE_RAW_OHLC_VALIDATION.md,docs/watchlist/research/C27_CATALOG_CANDIDATE_RAW_OHLC_VALID.md,architecture_simplified
docs/watchlist/research/weekly_swing/experiments/WS_C36_IS_CONTROLLED_REDESIGN_CANDIDATE_FORMATION.md,docs/watchlist/research/C36_IS_CTRL_REDESIGN_CANDIDATE_FORMATION.md,architecture_simplified
docs/watchlist/research/weekly_swing/experiments/WS_C39_IS_CONTROLLED_REDESIGN_WITH_COVERAGE_AND_BRANCH_DIVERSIFICATION_GUARDS.md,docs/watchlist/research/C39_IS_CTRL_REDESIGN_WITH_COVERAGE_AND_BRANCH_DIVERSIFICATION_GUARDS.md,architecture_simplified
docs/watchlist/research/weekly_swing/experiments/WS_C40_IS_VALIDATION_AND_ANTI_OVERFIT_CHECK_FOR_C39_GUARDED_CANDIDATE.md,docs/watchlist/research/C40_IS_VALID_AND_ANTI_OVERFIT_CHECK_FOR_C39_GUARDED_CANDIDATE.md,architecture_simplified
docs/watchlist/research/weekly_swing/experiments/WS_C44_IS_GUARD_REFINEMENT_CANDIDATE_FORMATION.md,docs/watchlist/research/C44_IS_GUARD_REFINEMENT_CANDIDATE_FORMATION.md,architecture_simplified
docs/watchlist/research/weekly_swing/experiments/WS_C45_IS_VALIDATION_AND_ANTI_OVERFIT_CHECK_FOR_C44_REFINEMENT.md,docs/watchlist/research/C45_IS_VALID_AND_ANTI_OVERFIT_CHECK_FOR_C44_REFINEMENT.md,architecture_simplified
docs/watchlist/research/weekly_swing/experiments/WS_C47_OOS_PROOF_WITH_LOCKED_C44_REFINEMENT.md,docs/watchlist/research/C47_OOS_PROOF_WITH_LOCKED_C44_REFINEMENT.md,architecture_simplified
docs/watchlist/research/weekly_swing/experiments/WS_C49_BROADER_STRATEGY_REDESIGN.md,docs/watchlist/research/C49_BROADER_STRAT_REDESIGN.md,architecture_simplified
docs/watchlist/research/weekly_swing/experiments/WS_C51_CONCENTRATION_DEPENDENCY_REDESIGN_REVIEW.md,docs/watchlist/research/C51_CONCENTRATION_DEPENDENCY_REDESIGN_REVIEW.md,architecture_simplified
docs/watchlist/research/weekly_swing/experiments/WS_C52_CONCENTRATION_DEPENDENCY_REDESIGN_CONTINUATION.md,docs/watchlist/research/C52_CONCENTRATION_DEPENDENCY_REDESIGN_CONTINUATION.md,architecture_simplified
docs/watchlist/research/weekly_swing/experiments/WS_C53_IS_EVIDENCE_EXPANSION_FOR_C52_REDESIGN.md,docs/watchlist/research/C53_IS_EVIDENCE_EXPANSION_FOR_C52_REDESIGN.md,architecture_simplified
docs/watchlist/research/weekly_swing/experiments/WS_C54_ROLLING_STABILITY_REDESIGN_OR_RECALIBRATION_IS_ONLY.md,docs/watchlist/research/C54_ROLLING_STABILITY_REDESIGN_OR_RECALIBRATION_IS_ONLY.md,architecture_simplified
docs/watchlist/research/weekly_swing/experiments/WS_C55_ROLLING_STABILITY_REDESIGN_CONTINUATION_IS_ONLY.md,docs/watchlist/research/C55_ROLLING_STABILITY_REDESIGN_CONTINUATION_IS_ONLY.md,architecture_simplified
docs/watchlist/research/weekly_swing/experiments/WS_C56_ROLLING_STABILITY_REDESIGN_CONTINUATION_IS_ONLY.md,docs/watchlist/research/C56_ROLLING_STABILITY_REDESIGN_CONTINUATION_IS_ONLY.md,architecture_simplified
docs/watchlist/research/weekly_swing/experiments/WS_C58_LOSS_CLUSTER_CONCENTRATION_REDESIGN_CONTINUATION_IS_ONLY.md,docs/watchlist/research/C58_LOSS_CLUSTER_CONCENTRATION_REDESIGN_CONTINUATION_IS_ONLY.md,architecture_simplified
docs/watchlist/research/weekly_swing/experiments/WS_C59_LOSS_CLUSTER_OR_BRANCH_BUCKET_REDESIGN_CONTINUATION_IS_ONLY.md,docs/watchlist/research/C59_LOSS_CLUSTER_OR_BRANCH_BUCKET_REDESIGN_CONTINUATION_IS_ONLY.md,architecture_simplified
docs/watchlist/research/weekly_swing/experiments/WS_C60_REGIME_STRESS_AND_LOO_DEPENDENCY_REDESIGN_IS_ONLY.md,docs/watchlist/research/C60_REGIME_STRESS_AND_LOO_DEPENDENCY_REDESIGN_IS_ONLY.md,architecture_simplified
docs/watchlist/research/weekly_swing/experiments/WS_C61_SIGNAL_QUALITY_REBUILD_FOR_WEAK_REGIME_IS_ONLY.md,docs/watchlist/research/C61_SIGNAL_QUALITY_REBUILD_FOR_WEAK_REGIME_IS_ONLY.md,architecture_simplified
docs/watchlist/research/weekly_swing/experiments/WS_C62_PRE_LOCK_REVIEW_FOR_C61_SIGNAL_QUALITY_CANDIDATES_IS_ONLY.md,docs/watchlist/research/C62_PRE_LOCK_REVIEW_FOR_C61_SIGNAL_QUALITY_CANDIDATES_IS_ONLY.md,architecture_simplified
docs/watchlist/research/weekly_swing/experiments/WS_CATALOG_CANDIDATE_C26_DESIGN_NOTE.md,docs/watchlist/research/WS_CATALOG_CANDIDATE_C26_DESIGN_NOTE.md,architecture_simplified
docs/watchlist/research/weekly_swing/experiments/WS_DOWNSIDE_STABILITY_C01_CALIBRATION_NOTE.md,docs/watchlist/research/WS_DOWNSIDE_STABILITY_C01_CALIBRATION_NOTE.md,architecture_simplified
docs/watchlist/research/weekly_swing/experiments/WS_DOWNSIDE_STABILITY_C02_DESIGN_NOTE.md,docs/watchlist/research/WS_DOWNSIDE_STABILITY_C02_DESIGN_NOTE.md,architecture_simplified
docs/watchlist/research/weekly_swing/experiments/WS_DOWNSIDE_STABILITY_C03_DESIGN_NOTE.md,docs/watchlist/research/WS_DOWNSIDE_STABILITY_C03_DESIGN_NOTE.md,architecture_simplified
docs/watchlist/research/weekly_swing/experiments/WS_DOWNSIDE_STABILITY_C04_DESIGN_INPUT_NOTE.md,docs/watchlist/research/WS_DOWNSIDE_STABILITY_C04_DESIGN_INPUT_NOTE.md,architecture_simplified
docs/watchlist/research/weekly_swing/experiments/WS_DOWNSIDE_STABILITY_C04_DESIGN_NOTE.md,docs/watchlist/research/WS_DOWNSIDE_STABILITY_C04_DESIGN_NOTE.md,architecture_simplified
docs/watchlist/research/weekly_swing/experiments/WS_DOWNSIDE_STABILITY_C05_DESIGN_NOTE.md,docs/watchlist/research/WS_DOWNSIDE_STABILITY_C05_DESIGN_NOTE.md,architecture_simplified
docs/watchlist/research/weekly_swing/experiments/WS_DOWNSIDE_STABILITY_C06_DESIGN_NOTE.md,docs/watchlist/research/WS_DOWNSIDE_STABILITY_C06_DESIGN_NOTE.md,architecture_simplified
docs/watchlist/research/weekly_swing/experiments/WS_DOWNSIDE_STABILITY_C07_DESIGN_NOTE.md,docs/watchlist/research/WS_DOWNSIDE_STABILITY_C07_DESIGN_NOTE.md,architecture_simplified
docs/watchlist/research/weekly_swing/experiments/WS_DOWNSIDE_STABILITY_C14_DESIGN_NOTE.md,docs/watchlist/research/WS_DOWNSIDE_STABILITY_C14_DESIGN_NOTE.md,architecture_simplified
docs/watchlist/research/weekly_swing/experiments/WS_DOWNSIDE_STABILITY_C16_DESIGN_NOTE.md,docs/watchlist/research/WS_DOWNSIDE_STABILITY_C16_DESIGN_NOTE.md,architecture_simplified
docs/watchlist/research/weekly_swing/experiments/WS_DOWNSIDE_STABILITY_C17_DESIGN_NOTE.md,docs/watchlist/research/WS_DOWNSIDE_STABILITY_C17_DESIGN_NOTE.md,architecture_simplified
docs/watchlist/research/weekly_swing/experiments/WS_DOWNSIDE_STABILITY_C18_DESIGN_NOTE.md,docs/watchlist/research/WS_DOWNSIDE_STABILITY_C18_DESIGN_NOTE.md,architecture_simplified
docs/watchlist/research/weekly_swing/experiments/WS_ENTRY_EXIT_BEHAVIOR_C21_DESIGN_NOTE.md,docs/watchlist/research/WS_ENTRY_EXIT_BEHAVIOR_C21_DESIGN_NOTE.md,architecture_simplified
docs/watchlist/research/weekly_swing/experiments/WS_EXIT_CAPTURE_SHADOW_C22_DESIGN_NOTE.md,docs/watchlist/research/WS_EXIT_CAPTURE_SHADOW_C22_DESIGN_NOTE.md,architecture_simplified
docs/watchlist/research/weekly_swing/experiments/WS_FIRST_PROFIT_CAPTURE_RULE_C23_DESIGN_NOTE.md,docs/watchlist/research/WS_FIRST_PROFIT_CAPTURE_RULE_C23_DESIGN_NOTE.md,architecture_simplified
docs/watchlist/research/weekly_swing/experiments/WS_NEW_STRATEGY_R01_RESEARCH_HYPOTHESIS_NOTE.md,docs/watchlist/research/WS_NEW_STRATEGY_R01_RESEARCH_HYPOTHESIS_NOTE.md,architecture_simplified
docs/watchlist/research/weekly_swing/experiments/WS_NEW_STRATEGY_R02_CANDIDATE_LOCK.md,docs/watchlist/research/WS_NEW_STRATEGY_R02_CANDIDATE_LOCK.md,architecture_simplified
docs/watchlist/research/weekly_swing/experiments/WS_NEW_STRATEGY_R02_MINIMAL_CANDIDATES_AND_OFFICIAL_IS.md,docs/watchlist/research/WS_NEW_STRATEGY_R02_MINIMAL_CANDIDATES_AND_OFFICIAL_IS.md,architecture_simplified
docs/watchlist/research/weekly_swing/experiments/WS_NO_SIGNAL_FALLBACK_DELAY_C25_DESIGN_NOTE.md,docs/watchlist/research/WS_NO_SIGNAL_FALLBACK_DELAY_C25_DESIGN_NOTE.md,architecture_simplified
docs/watchlist/research/weekly_swing/experiments/WS_PRICE_QUALITY_P01_IDENTITY_REPAIR_LOCK.md,docs/watchlist/research/WS_PRICE_QUALITY_P01_IDENTITY_REPAIR_LOCK.md,architecture_simplified
docs/watchlist/research/weekly_swing/experiments/WS_PRICE_QUALITY_P01_PREREGISTRATION.md,docs/watchlist/research/WS_PRICE_QUALITY_P01_PREREGISTRATION.md,architecture_simplified
docs/watchlist/research/weekly_swing/experiments/WS_PRICE_QUALITY_P01_PREREGISTRATION_LOCK.md,docs/watchlist/research/WS_PRICE_QUALITY_P01_PREREGISTRATION_LOCK.md,architecture_simplified
docs/watchlist/research/weekly_swing/experiments/WS_PRICE_QUALITY_P01_REMEDIATION_LOCK.md,docs/watchlist/research/WS_PRICE_QUALITY_P01_REMEDIATION_LOCK.md,architecture_simplified
docs/watchlist/research/weekly_swing/experiments/WS_R2_ENTRY_QUALITY_CALIBRATION_NOTE.md,docs/watchlist/research/R2_ENTRY_QUALITY_CALIBRATION_NOTE.md,architecture_simplified
docs/watchlist/research/weekly_swing/experiments/WS_REGIME_TRADE_DATE_QUALITY_GATE_C20_DESIGN_NOTE.md,docs/watchlist/research/WS_REGIME_TRADE_DATE_QUALITY_GATE_C20_DESIGN_NOTE.md,architecture_simplified
docs/watchlist/research/weekly_swing/experiments/WS_SELECTION_MODEL_REDESIGN_C19_DESIGN_NOTE.md,docs/watchlist/research/WS_SELECTION_MODEL_REDESIGN_C19_DESIGN_NOTE.md,architecture_simplified
docs/watchlist/research/weekly_swing/experiments/WS_SIGNAL_QUALITY_Q01_PREREGISTRATION_LOCK.md,docs/watchlist/research/WS_SIGNAL_QUALITY_Q01_PREREGISTRATION_LOCK.md,architecture_simplified
docs/watchlist/research/weekly_swing/experiments/WS_TAIL_RISK_S01_CANDIDATE_AND_REMEDIATION_LOCK.md,docs/watchlist/research/WS_TAIL_RISK_S01_CANDIDATE_AND_REMEDIATION_LOCK.md,architecture_simplified
docs/watchlist/strategy/weekly_swing/README.md,docs/watchlist/strategy/README.md,architecture_simplified
docs/watchlist/strategy/weekly_swing/WS_CANDIDATE_CLASSIFICATION.md,docs/watchlist/strategy/WS_CANDIDATE_CLASSIFICATION.md,architecture_simplified
docs/watchlist/strategy/weekly_swing/WS_CANDIDATE_ELIGIBILITY_AND_SETUP.md,docs/watchlist/strategy/WS_CANDIDATE_ELIGIBILITY_AND_SETUP.md,architecture_simplified
docs/watchlist/strategy/weekly_swing/WS_D1_CONFIRM_ACTIONABILITY.md,docs/watchlist/strategy/WS_D1_CONFIRM_ACTIONABILITY.md,architecture_simplified
docs/watchlist/strategy/weekly_swing/WS_END_TO_END_STRATEGY_LIFECYCLE.md,docs/watchlist/strategy/WS_END_TO_END_STRATEGY_LIFECYCLE.md,architecture_simplified
docs/watchlist/strategy/weekly_swing/WS_HISTORICAL_EVALUATION_STRATEGY.md,docs/watchlist/strategy/WS_HISTORICAL_EVALUATION_STRATEGY.md,architecture_simplified
docs/watchlist/strategy/weekly_swing/WS_MARKET_DATA_INPUT_REQUIREMENTS.md,docs/watchlist/strategy/WS_MARKET_DATA_INPUT_REQUIREMENTS.md,architecture_simplified
docs/watchlist/strategy/weekly_swing/WS_PLAN_SCORING_AND_TRADE_PLAN.md,docs/watchlist/strategy/WS_PLAN_SCORING_AND_TRADE_PLAN.md,architecture_simplified
docs/watchlist/strategy/weekly_swing/WS_PRODUCT_OBJECTIVE_AND_LAYERS.md,docs/watchlist/strategy/WS_PRODUCT_OBJECTIVE_AND_LAYERS.md,architecture_simplified
docs/watchlist/strategy/weekly_swing/WS_RUNTIME_FLOW.md,docs/watchlist/strategy/WS_RUNTIME_FLOW.md,architecture_simplified
docs/watchlist/strategy/weekly_swing/WS_SCOPE_AND_SUCCESS_CRITERIA.md,docs/watchlist/strategy/WS_SCOPE_AND_SUCCESS_CRITERIA.md,architecture_simplified
docs/watchlist/strategy/weekly_swing/WS_TOP_PICKS_QUALIFICATION_AND_RANKING.md,docs/watchlist/strategy/WS_TOP_PICKS_QUALIFICATION_AND_RANKING.md,architecture_simplified
docs/watchlist/strategy/weekly_swing/WS_TOP_PICKS_RECOMMENDATION.md,docs/watchlist/strategy/WS_TOP_PICKS_RECOMMENDATION.md,architecture_simplified
docs/watchlist/strategy/weekly_swing/validation/WS_IS_SUFFICIENCY_AND_WINNER_FREEZE.md,docs/watchlist/strategy/WS_IS_SUFFICIENCY_AND_WINNER_FREEZE.md,architecture_simplified
docs/watchlist/strategy/weekly_swing/validation/WS_OOS_STRESS_SHADOW_AND_PRODUCTION_PROOF.md,docs/watchlist/strategy/WS_OOS_STRESS_SHADOW_AND_PRODUCTION_PROOF.md,architecture_simplified
