old_path,new_path
docs/watchlist/decisions/C101_REH_OP_GO_NO_GO.md,docs/watchlist/records/decisions/C101_REH_OP_GO_NO_GO.md
docs/watchlist/decisions/C102_REH_GO_FINAL.md,docs/watchlist/records/decisions/C102_REH_GO_FINAL.md
docs/watchlist/decisions/C111_REH_ARCH_FINAL_CLOSE.md,docs/watchlist/records/decisions/C111_REH_ARCH_FINAL_CLOSE.md
docs/watchlist/decisions/C112_PROD_APPROVAL.md,docs/watchlist/records/decisions/C112_PROD_APPROVAL.md
docs/watchlist/decisions/C115_WIRING_EXEC_APPROVAL.md,docs/watchlist/records/decisions/C115_WIRING_EXEC_APPROVAL.md
docs/watchlist/decisions/C119_WIRING_OP_GO_NO_GO.md,docs/watchlist/records/decisions/C119_WIRING_OP_GO_NO_GO.md
docs/watchlist/decisions/C120_WIRING_GO_FINAL.md,docs/watchlist/records/decisions/C120_WIRING_GO_FINAL.md
docs/watchlist/decisions/C129_WIRING_ARCH_FINAL_CLOSE.md,docs/watchlist/records/decisions/C129_WIRING_ARCH_FINAL_CLOSE.md
docs/watchlist/decisions/C131_LIVE_ACT_APPROVAL.md,docs/watchlist/records/decisions/C131_LIVE_ACT_APPROVAL.md
docs/watchlist/decisions/C135_LIVE_ACT_OP_GO_NO_GO.md,docs/watchlist/records/decisions/C135_LIVE_ACT_OP_GO_NO_GO.md
docs/watchlist/decisions/C136_LIVE_ACT_GO_FINAL.md,docs/watchlist/records/decisions/C136_LIVE_ACT_GO_FINAL.md
docs/watchlist/decisions/C138_LIVE_ACT_AUTH.md,docs/watchlist/records/decisions/C138_LIVE_ACT_AUTH.md
docs/watchlist/decisions/C142_LIVE_ACT_OP_GO_NO_GO.md,docs/watchlist/records/decisions/C142_LIVE_ACT_OP_GO_NO_GO.md
docs/watchlist/decisions/C143_LIVE_ACT_GO_FINAL.md,docs/watchlist/records/decisions/C143_LIVE_ACT_GO_FINAL.md
docs/watchlist/decisions/C145_LIVE_ACT_AUTH.md,docs/watchlist/records/decisions/C145_LIVE_ACT_AUTH.md
docs/watchlist/decisions/C149_LIVE_ACT_OP_GO_NO_GO.md,docs/watchlist/records/decisions/C149_LIVE_ACT_OP_GO_NO_GO.md
docs/watchlist/decisions/C156_LIVE_OUTPUT_OP_GO_NO_GO.md,docs/watchlist/records/decisions/C156_LIVE_OUTPUT_OP_GO_NO_GO.md
docs/watchlist/decisions/C157_LIVE_OUTPUT_GO_FINAL.md,docs/watchlist/records/decisions/C157_LIVE_OUTPUT_GO_FINAL.md
docs/watchlist/decisions/C158_LIVE_PUB_GO_FINAL.md,docs/watchlist/records/decisions/C158_LIVE_PUB_GO_FINAL.md
docs/watchlist/decisions/C158_LIVE_PUB_OP_GO_NO_GO.md,docs/watchlist/records/decisions/C158_LIVE_PUB_OP_GO_NO_GO.md
docs/watchlist/decisions/C159_LIVE_PUB_POSTPUB_OBS_GO_FINAL.md,docs/watchlist/records/decisions/C159_LIVE_PUB_POSTPUB_OBS_GO_FINAL.md
docs/watchlist/decisions/C159_LIVE_PUB_POSTPUB_OBS_OP_GO_NO_GO.md,docs/watchlist/records/decisions/C159_LIVE_PUB_POSTPUB_OBS_OP_GO_NO_GO.md
docs/watchlist/decisions/C160_LIVE_PC_GO_FINAL.md,docs/watchlist/records/decisions/C160_LIVE_PC_GO_FINAL.md
docs/watchlist/decisions/C160_LIVE_PC_OP_GO_NO_GO.md,docs/watchlist/records/decisions/C160_LIVE_PC_OP_GO_NO_GO.md
docs/watchlist/decisions/C161_LIVE_PC_DONE_GO_FINAL.md,docs/watchlist/records/decisions/C161_LIVE_PC_DONE_GO_FINAL.md
docs/watchlist/decisions/C161_LIVE_PC_DONE_OP_GO_NO_GO.md,docs/watchlist/records/decisions/C161_LIVE_PC_DONE_OP_GO_NO_GO.md
docs/watchlist/decisions/C162_LIVE_PC_HANDOFF_ARCH_FINAL_CLOSE.md,docs/watchlist/records/decisions/C162_LIVE_PC_HANDOFF_ARCH_FINAL_CLOSE.md
docs/watchlist/decisions/C163_LIVE_PC_POST_HANDOFF_APPROVAL.md,docs/watchlist/records/decisions/C163_LIVE_PC_POST_HANDOFF_APPROVAL.md
docs/watchlist/decisions/C163_LIVE_PC_POST_HANDOFF_GO_FINAL.md,docs/watchlist/records/decisions/C163_LIVE_PC_POST_HANDOFF_GO_FINAL.md
docs/watchlist/decisions/C163_LIVE_PC_POST_HANDOFF_OP_GO_NO_GO.md,docs/watchlist/records/decisions/C163_LIVE_PC_POST_HANDOFF_OP_GO_NO_GO.md
docs/watchlist/decisions/C164_LIVE_PC_POST_HANDOFF_DONE_GO_FINAL.md,docs/watchlist/records/decisions/C164_LIVE_PC_POST_HANDOFF_DONE_GO_FINAL.md
docs/watchlist/decisions/C164_LIVE_PC_POST_HANDOFF_DONE_OP_GO_NO_GO.md,docs/watchlist/records/decisions/C164_LIVE_PC_POST_HANDOFF_DONE_OP_GO_NO_GO.md
docs/watchlist/decisions/C165_LIVE_PC_CTRL_ROLLOUT_GO_FINAL.md,docs/watchlist/records/decisions/C165_LIVE_PC_CTRL_ROLLOUT_GO_FINAL.md
docs/watchlist/decisions/C165_LIVE_PC_CTRL_ROLLOUT_OP_GO_NO_GO.md,docs/watchlist/records/decisions/C165_LIVE_PC_CTRL_ROLLOUT_OP_GO_NO_GO.md
docs/watchlist/decisions/C166_LIVE_PC_ROLLOUT_OBS_GO_FINAL.md,docs/watchlist/records/decisions/C166_LIVE_PC_ROLLOUT_OBS_GO_FINAL.md
docs/watchlist/decisions/C166_LIVE_PC_ROLLOUT_OBS_OP_GO_NO_GO.md,docs/watchlist/records/decisions/C166_LIVE_PC_ROLLOUT_OBS_OP_GO_NO_GO.md
docs/watchlist/decisions/C31_CTRL_GATE_RECLASSIFICATION.md,docs/watchlist/records/decisions/C31_CTRL_GATE_RECLASSIFICATION.md
docs/watchlist/decisions/C80_PILOT_OP_GO_NO_GO.md,docs/watchlist/records/decisions/C80_PILOT_OP_GO_NO_GO.md
docs/watchlist/decisions/C81_PILOT_GO_FINAL.md,docs/watchlist/records/decisions/C81_PILOT_GO_FINAL.md
docs/watchlist/decisions/C83_PILOT_ACT_AUTH.md,docs/watchlist/records/decisions/C83_PILOT_ACT_AUTH.md
docs/watchlist/decisions/C87_PILOT_POST_ACT_OP_GO_NO_GO.md,docs/watchlist/records/decisions/C87_PILOT_POST_ACT_OP_GO_NO_GO.md
docs/watchlist/decisions/C88_PILOT_POST_ACT_GO_FINAL.md,docs/watchlist/records/decisions/C88_PILOT_POST_ACT_GO_FINAL.md
docs/watchlist/decisions/README.md,docs/watchlist/records/decisions/README.md
docs/watchlist/decisions/WS_BREAKOUT_INTEGRITY_B01_PROMOTION_READINESS_LOCK.md,docs/watchlist/records/decisions/WS_BREAKOUT_INTEGRITY_B01_PROMOTION_READINESS_LOCK.md
docs/watchlist/decisions/WS_DOCUMENTATION_ROLE_SEPARATION_CLEANUP_2026-08-16.md,docs/watchlist/records/decisions/WS_DOCUMENTATION_ROLE_SEPARATION_CLEANUP_2026-08-16.md
docs/watchlist/decisions/WS_DOCUMENT_NAMING_DECISION_SEMANTIC_FILENAMES.md,docs/watchlist/records/decisions/WS_DOCUMENT_NAMING_DECISION_SEMANTIC_FILENAMES.md
docs/watchlist/decisions/WS_DOCUMENT_RECORDING_STANDARD_ADOPTION_2026-08-18.md,docs/watchlist/records/decisions/WS_DOCUMENT_RECORDING_STANDARD_ADOPTION_2026-08-18.md
docs/watchlist/decisions/WS_IMPLEMENTATION_RESIDUE_STANDARD_ADOPTION_2026-08-18.md,docs/watchlist/records/decisions/WS_IMPLEMENTATION_RESIDUE_STANDARD_ADOPTION_2026-08-18.md
docs/watchlist/decisions/WS_MARKET_DATA_CROSS_DOMAIN_BINDING_ALIGNMENT_2026-08-17.md,docs/watchlist/records/decisions/WS_MARKET_DATA_CROSS_DOMAIN_BINDING_ALIGNMENT_2026-08-17.md
docs/watchlist/decisions/WS_ROOT_DOCUMENT_ARCHITECTURE_GROUPING_2026-08-18.md,docs/watchlist/records/decisions/WS_ROOT_DOCUMENT_ARCHITECTURE_GROUPING_2026-08-18.md
docs/watchlist/decisions/WS_STAGE_EXECUTION_AND_CLOSURE_STANDARD_ADOPTION_2026-08-18.md,docs/watchlist/records/decisions/WS_STAGE_EXECUTION_AND_CLOSURE_STANDARD_ADOPTION_2026-08-18.md
docs/watchlist/decisions/WS_STRATEGY_DECISION_END_TO_END_LIFECYCLE.md,docs/watchlist/records/decisions/WS_STRATEGY_DECISION_END_TO_END_LIFECYCLE.md
docs/watchlist/decisions/WS_STRATEGY_DECISION_OPTIONAL_CONFIRM_NON_BLOCKING.md,docs/watchlist/records/decisions/WS_STRATEGY_DECISION_OPTIONAL_CONFIRM_NON_BLOCKING.md
docs/watchlist/decisions/WS_STRATEGY_DECISION_QUALIFIED_TOP_PICKS.md,docs/watchlist/records/decisions/WS_STRATEGY_DECISION_QUALIFIED_TOP_PICKS.md
docs/watchlist/decisions/WS_STRATEGY_TRACEABILITY_MATRIX_ADOPTION_2026-08-18.md,docs/watchlist/records/decisions/WS_STRATEGY_TRACEABILITY_MATRIX_ADOPTION_2026-08-18.md
docs/watchlist/evidence/E-WS-20260818-01_STAGE_GOVERNANCE_VALIDATION.json,docs/watchlist/records/evidence/E-WS-20260818-01_STAGE_GOVERNANCE_VALIDATION.json
docs/watchlist/evidence/E-WS-20260818-02_RESIDUE_STANDARD_VALIDATION.json,docs/watchlist/records/evidence/E-WS-20260818-02_RESIDUE_STANDARD_VALIDATION.json
docs/watchlist/evidence/E-WS-20260818-03_TRACEABILITY_MATRIX_VALIDATION.json,docs/watchlist/records/evidence/E-WS-20260818-03_TRACEABILITY_MATRIX_VALIDATION.json
docs/watchlist/evidence/LUMEN_IMPLEMENTATION_STATUS.md,docs/watchlist/records/evidence/LUMEN_IMPLEMENTATION_STATUS.md
docs/watchlist/evidence/README.md,docs/watchlist/records/evidence/README.md
docs/watchlist/evidence/WS_BREAKOUT_INTEGRITY_B01_ACTIVE_SHADOW_LOCK.md,docs/watchlist/records/evidence/WS_BREAKOUT_INTEGRITY_B01_ACTIVE_SHADOW_LOCK.md
docs/watchlist/evidence/WS_BREAKOUT_INTEGRITY_B01_IS_IDENTITY_REVIEW_LOCK.md,docs/watchlist/records/evidence/WS_BREAKOUT_INTEGRITY_B01_IS_IDENTITY_REVIEW_LOCK.md
docs/watchlist/evidence/WS_BREAKOUT_INTEGRITY_B01_OFFICIAL_OOS_LOCK.md,docs/watchlist/records/evidence/WS_BREAKOUT_INTEGRITY_B01_OFFICIAL_OOS_LOCK.md
docs/watchlist/evidence/WS_OOS_EVIDENCE_NOTE.md,docs/watchlist/records/evidence/WS_OOS_EVIDENCE_NOTE.md
docs/watchlist/evidence/artifacts/c02-forensic-summary.csv,docs/watchlist/records/evidence/artifacts/c02-forensic-summary.csv
docs/watchlist/evidence/artifacts/c03-forensic-summary.csv,docs/watchlist/records/evidence/artifacts/c03-forensic-summary.csv
docs/watchlist/evidence/artifacts/c04-forensic-summary.csv,docs/watchlist/records/evidence/artifacts/c04-forensic-summary.csv
docs/watchlist/evidence/artifacts/c05-forensic-summary.csv,docs/watchlist/records/evidence/artifacts/c05-forensic-summary.csv
docs/watchlist/evidence/artifacts/c06-forensic-summary.csv,docs/watchlist/records/evidence/artifacts/c06-forensic-summary.csv
docs/watchlist/evidence/artifacts/c07-forensic-summary.csv,docs/watchlist/records/evidence/artifacts/c07-forensic-summary.csv
docs/watchlist/evidence/artifacts/c07-scoped-drilldown-summary.csv,docs/watchlist/records/evidence/artifacts/c07-scoped-drilldown-summary.csv
docs/watchlist/evidence/artifacts/c08-batched-c07-drilldown-summary.csv,docs/watchlist/records/evidence/artifacts/c08-batched-c07-drilldown-summary.csv
docs/watchlist/evidence/artifacts/c09-batched-c07-nullable-context-summary.csv,docs/watchlist/records/evidence/artifacts/c09-batched-c07-nullable-context-summary.csv
docs/watchlist/evidence/artifacts/c10-batched-c07-exit-model-summary.csv,docs/watchlist/records/evidence/artifacts/c10-batched-c07-exit-model-summary.csv
docs/watchlist/evidence/artifacts/c11-exit-model-contract-audit.json,docs/watchlist/records/evidence/artifacts/c11-exit-model-contract-audit.json
docs/watchlist/evidence/artifacts/c12-exit-model-redesign-contract.json,docs/watchlist/records/evidence/artifacts/c12-exit-model-redesign-contract.json
docs/watchlist/evidence/artifacts/c13-exit-axis-support-audit.json,docs/watchlist/records/evidence/artifacts/c13-exit-axis-support-audit.json
docs/watchlist/evidence/artifacts/c14-forensic-summary.csv,docs/watchlist/records/evidence/artifacts/c14-forensic-summary.csv
docs/watchlist/evidence/artifacts/c14-is-run-1.json,docs/watchlist/records/evidence/artifacts/c14-is-run-1.json
docs/watchlist/evidence/artifacts/c14-is-run-2.json,docs/watchlist/records/evidence/artifacts/c14-is-run-2.json
docs/watchlist/evidence/artifacts/c15-final-evidence-summary.json,docs/watchlist/records/evidence/artifacts/c15-final-evidence-summary.json
docs/watchlist/evidence/artifacts/c15-fix4-param-summary.csv,docs/watchlist/records/evidence/artifacts/c15-fix4-param-summary.csv
docs/watchlist/evidence/artifacts/c15-root-cause-cross-catalog-summary.csv,docs/watchlist/records/evidence/artifacts/c15-root-cause-cross-catalog-summary.csv
docs/watchlist/evidence/artifacts/c15-root-cause-decision-supersession-note.json,docs/watchlist/records/evidence/artifacts/c15-root-cause-decision-supersession-note.json
docs/watchlist/evidence/artifacts/c15-root-cause-decision.json,docs/watchlist/records/evidence/artifacts/c15-root-cause-decision.json
docs/watchlist/evidence/artifacts/c15-root-cause-param-metrics.csv,docs/watchlist/records/evidence/artifacts/c15-root-cause-param-metrics.csv
docs/watchlist/evidence/artifacts/c16-source-implementation-summary.json,docs/watchlist/records/evidence/artifacts/c16-source-implementation-summary.json
docs/watchlist/evidence/artifacts/c17-drilldown-summary.csv,docs/watchlist/records/evidence/artifacts/c17-drilldown-summary.csv
docs/watchlist/evidence/artifacts/c17-final-evidence-summary.json,docs/watchlist/records/evidence/artifacts/c17-final-evidence-summary.json
docs/watchlist/evidence/artifacts/c17-is-run-1.json,docs/watchlist/records/evidence/artifacts/c17-is-run-1.json
docs/watchlist/evidence/artifacts/c17-source-implementation-summary.json,docs/watchlist/records/evidence/artifacts/c17-source-implementation-summary.json
docs/watchlist/evidence/artifacts/c171-final-bounded-remediation-catalog-decision.json,docs/watchlist/records/evidence/artifacts/c171-final-bounded-remediation-catalog-decision.json
docs/watchlist/evidence/artifacts/c171-final-failed-not-ready-closure-decision.json,docs/watchlist/records/evidence/artifacts/c171-final-failed-not-ready-closure-decision.json
docs/watchlist/evidence/artifacts/c171-immutable-draft-paramset-candidate-design.json,docs/watchlist/records/evidence/artifacts/c171-immutable-draft-paramset-candidate-design.json
docs/watchlist/evidence/artifacts/c171-immutable-draft-paramset-candidate-proxy-metrics.csv,docs/watchlist/records/evidence/artifacts/c171-immutable-draft-paramset-candidate-proxy-metrics.csv
docs/watchlist/evidence/artifacts/c171-low-price-execution-quality-c01-draft-catalog-design.json,docs/watchlist/records/evidence/artifacts/c171-low-price-execution-quality-c01-draft-catalog-design.json
docs/watchlist/evidence/artifacts/c18-final-diagnostic-evidence-summary.json,docs/watchlist/records/evidence/artifacts/c18-final-diagnostic-evidence-summary.json
docs/watchlist/evidence/artifacts/c18-funnel-diagnostic-design-summary.json,docs/watchlist/records/evidence/artifacts/c18-funnel-diagnostic-design-summary.json
docs/watchlist/evidence/artifacts/c19-final-diagnostic-result-summary.json,docs/watchlist/records/evidence/artifacts/c19-final-diagnostic-result-summary.json
docs/watchlist/evidence/artifacts/c19-quality-recovery-tahap-5b-source-summary.json,docs/watchlist/records/evidence/artifacts/c19-quality-recovery-tahap-5b-source-summary.json
docs/watchlist/evidence/artifacts/c19-quality-recovery-tahap-5c-source-summary.json,docs/watchlist/records/evidence/artifacts/c19-quality-recovery-tahap-5c-source-summary.json
docs/watchlist/evidence/artifacts/c19-quality-recovery-tuning-diagnostic-fastfix-summary.json,docs/watchlist/records/evidence/artifacts/c19-quality-recovery-tuning-diagnostic-fastfix-summary.json
docs/watchlist/evidence/artifacts/c19-quality-recovery-tuning-diagnostic-source-summary.json,docs/watchlist/records/evidence/artifacts/c19-quality-recovery-tuning-diagnostic-source-summary.json
docs/watchlist/evidence/artifacts/c19-selection-model-redesign-analysis.json,docs/watchlist/records/evidence/artifacts/c19-selection-model-redesign-analysis.json
docs/watchlist/evidence/artifacts/c20-final-diagnostic-result-summary.json,docs/watchlist/records/evidence/artifacts/c20-final-diagnostic-result-summary.json
docs/watchlist/evidence/artifacts/c20-regime-trade-date-diagnostic-source-summary.json,docs/watchlist/records/evidence/artifacts/c20-regime-trade-date-diagnostic-source-summary.json
docs/watchlist/evidence/artifacts/c21-entry-exit-behavior-diagnostic-source-summary.json,docs/watchlist/records/evidence/artifacts/c21-entry-exit-behavior-diagnostic-source-summary.json
docs/watchlist/evidence/artifacts/c21-final-diagnostic-result-summary.json,docs/watchlist/records/evidence/artifacts/c21-final-diagnostic-result-summary.json
docs/watchlist/evidence/artifacts/c22-exit-capture-shadow-diagnostic-source-summary.json,docs/watchlist/records/evidence/artifacts/c22-exit-capture-shadow-diagnostic-source-summary.json
docs/watchlist/evidence/artifacts/c22-final-diagnostic-result-summary.json,docs/watchlist/records/evidence/artifacts/c22-final-diagnostic-result-summary.json
docs/watchlist/evidence/artifacts/c23-first-profit-capture-rule-diagnostic-source-summary.json,docs/watchlist/records/evidence/artifacts/c23-first-profit-capture-rule-diagnostic-source-summary.json
docs/watchlist/evidence/artifacts/c24-c22-shadow-gap-bridge-diagnostic-source-summary.json,docs/watchlist/records/evidence/artifacts/c24-c22-shadow-gap-bridge-diagnostic-source-summary.json
docs/watchlist/evidence/artifacts/c25-no-signal-fallback-delay-diagnostic-source-summary.json,docs/watchlist/records/evidence/artifacts/c25-no-signal-fallback-delay-diagnostic-source-summary.json
docs/watchlist/evidence/artifacts/c26-catalog-candidate-diagnostic-source-summary.json,docs/watchlist/records/evidence/artifacts/c26-catalog-candidate-diagnostic-source-summary.json
docs/watchlist/evidence/artifacts/c27-catalog-candidate-raw-ohlc-validation-source-summary.json,docs/watchlist/records/evidence/artifacts/c27-catalog-candidate-raw-ohlc-validation-source-summary.json
docs/watchlist/evidence/artifacts/c28-rule-revision-tiebreak-diagnostic-source-summary.json,docs/watchlist/records/evidence/artifacts/c28-rule-revision-tiebreak-diagnostic-source-summary.json
docs/watchlist/evidence/backtest/C29_OOS_PROOF.md,docs/watchlist/records/evidence/backtest/C29_OOS_PROOF.md
docs/watchlist/evidence/backtest/C64_PRE_OOS_OR_OOS_PROOF_EXEC.md,docs/watchlist/records/evidence/backtest/C64_PRE_OOS_OR_OOS_PROOF_EXEC.md
docs/watchlist/evidence/runs/C02_OP_CMDS.md,docs/watchlist/records/evidence/runs/C02_OP_CMDS.md
docs/watchlist/evidence/runs/C03_OP_CMDS.md,docs/watchlist/records/evidence/runs/C03_OP_CMDS.md
docs/watchlist/evidence/runs/C04_OP_CMDS.md,docs/watchlist/records/evidence/runs/C04_OP_CMDS.md
docs/watchlist/evidence/runs/C05_OP_CMDS.md,docs/watchlist/records/evidence/runs/C05_OP_CMDS.md
docs/watchlist/evidence/runs/C06_OP_CMDS.md,docs/watchlist/records/evidence/runs/C06_OP_CMDS.md
docs/watchlist/evidence/runs/C07_OP_CMDS.md,docs/watchlist/records/evidence/runs/C07_OP_CMDS.md
docs/watchlist/evidence/runs/C08_OP_CMDS.md,docs/watchlist/records/evidence/runs/C08_OP_CMDS.md
docs/watchlist/evidence/runs/C08_RUN_PAYLOAD_AND_BATCHED_C07_DRILLDOWN_FINAL_RESULT.md,docs/watchlist/records/evidence/runs/C08_RUN_PAYLOAD_AND_BATCHED_C07_DRILLDOWN_FINAL_RESULT.md
docs/watchlist/evidence/runs/C09_NULLABLE_EVENT_CONTEXT_RUN_COVERAGE_FINAL_RESULT.md,docs/watchlist/records/evidence/runs/C09_NULLABLE_EVENT_CONTEXT_RUN_COVERAGE_FINAL_RESULT.md
docs/watchlist/evidence/runs/C09_OP_CMDS.md,docs/watchlist/records/evidence/runs/C09_OP_CMDS.md
docs/watchlist/evidence/runs/C100_OP_CMDS.md,docs/watchlist/records/evidence/runs/C100_OP_CMDS.md
docs/watchlist/evidence/runs/C100_REH_RESULT.md,docs/watchlist/records/evidence/runs/C100_REH_RESULT.md
docs/watchlist/evidence/runs/C101_OP_CMDS.md,docs/watchlist/records/evidence/runs/C101_OP_CMDS.md
docs/watchlist/evidence/runs/C102_OP_CMDS.md,docs/watchlist/records/evidence/runs/C102_OP_CMDS.md
docs/watchlist/evidence/runs/C103_OP_CMDS.md,docs/watchlist/records/evidence/runs/C103_OP_CMDS.md
docs/watchlist/evidence/runs/C103_REH_DONE_BOUNDARY.md,docs/watchlist/records/evidence/runs/C103_REH_DONE_BOUNDARY.md
docs/watchlist/evidence/runs/C104_OP_CMDS.md,docs/watchlist/records/evidence/runs/C104_OP_CMDS.md
docs/watchlist/evidence/runs/C104_REH_HANDOFF_READY.md,docs/watchlist/records/evidence/runs/C104_REH_HANDOFF_READY.md
docs/watchlist/evidence/runs/C105_OP_CMDS.md,docs/watchlist/records/evidence/runs/C105_OP_CMDS.md
docs/watchlist/evidence/runs/C105_REH_HANDOFF_FINAL_REVIEW.md,docs/watchlist/records/evidence/runs/C105_REH_HANDOFF_FINAL_REVIEW.md
docs/watchlist/evidence/runs/C106_OP_CMDS.md,docs/watchlist/records/evidence/runs/C106_OP_CMDS.md
docs/watchlist/evidence/runs/C106_REH_HANDOFF_DONE_BOUNDARY.md,docs/watchlist/records/evidence/runs/C106_REH_HANDOFF_DONE_BOUNDARY.md
docs/watchlist/evidence/runs/C107_OP_CMDS.md,docs/watchlist/records/evidence/runs/C107_OP_CMDS.md
docs/watchlist/evidence/runs/C107_REH_HANDOFF_CLOSURE_SEAL_REVIEW.md,docs/watchlist/records/evidence/runs/C107_REH_HANDOFF_CLOSURE_SEAL_REVIEW.md
docs/watchlist/evidence/runs/C108_OP_CMDS.md,docs/watchlist/records/evidence/runs/C108_OP_CMDS.md
docs/watchlist/evidence/runs/C108_REH_ARCH_REVIEW.md,docs/watchlist/records/evidence/runs/C108_REH_ARCH_REVIEW.md
docs/watchlist/evidence/runs/C109_OP_CMDS.md,docs/watchlist/records/evidence/runs/C109_OP_CMDS.md
docs/watchlist/evidence/runs/C109_REH_ARCH_REVIEW.md,docs/watchlist/records/evidence/runs/C109_REH_ARCH_REVIEW.md
docs/watchlist/evidence/runs/C10_OP_CMDS.md,docs/watchlist/records/evidence/runs/C10_OP_CMDS.md
docs/watchlist/evidence/runs/C110_OP_CMDS.md,docs/watchlist/records/evidence/runs/C110_OP_CMDS.md
docs/watchlist/evidence/runs/C110_REH_ARCH_SEAL_REVIEW.md,docs/watchlist/records/evidence/runs/C110_REH_ARCH_SEAL_REVIEW.md
docs/watchlist/evidence/runs/C111_OP_CMDS.md,docs/watchlist/records/evidence/runs/C111_OP_CMDS.md
docs/watchlist/evidence/runs/C112_OP_CMDS.md,docs/watchlist/records/evidence/runs/C112_OP_CMDS.md
docs/watchlist/evidence/runs/C113_OP_CMDS.md,docs/watchlist/records/evidence/runs/C113_OP_CMDS.md
docs/watchlist/evidence/runs/C113_PROD_READY.md,docs/watchlist/records/evidence/runs/C113_PROD_READY.md
docs/watchlist/evidence/runs/C114_OP_CMDS.md,docs/watchlist/records/evidence/runs/C114_OP_CMDS.md
docs/watchlist/evidence/runs/C114_PROD_RUN_WIRING_READY.md,docs/watchlist/records/evidence/runs/C114_PROD_RUN_WIRING_READY.md
docs/watchlist/evidence/runs/C115_OP_CMDS.md,docs/watchlist/records/evidence/runs/C115_OP_CMDS.md
docs/watchlist/evidence/runs/C116_OP_CMDS.md,docs/watchlist/records/evidence/runs/C116_OP_CMDS.md
docs/watchlist/evidence/runs/C116_WIRING_EXEC_REVIEW.md,docs/watchlist/records/evidence/runs/C116_WIRING_EXEC_REVIEW.md
docs/watchlist/evidence/runs/C117_OP_CMDS.md,docs/watchlist/records/evidence/runs/C117_OP_CMDS.md
docs/watchlist/evidence/runs/C117_WIRING_OBS_REVIEW.md,docs/watchlist/records/evidence/runs/C117_WIRING_OBS_REVIEW.md
docs/watchlist/evidence/runs/C118_OP_CMDS.md,docs/watchlist/records/evidence/runs/C118_OP_CMDS.md
docs/watchlist/evidence/runs/C118_WIRING_OBS_RESULT.md,docs/watchlist/records/evidence/runs/C118_WIRING_OBS_RESULT.md
docs/watchlist/evidence/runs/C119_OP_CMDS.md,docs/watchlist/records/evidence/runs/C119_OP_CMDS.md
docs/watchlist/evidence/runs/C11_EXIT_MODEL_CONTRACT_AUDIT_FINAL_RESULT.md,docs/watchlist/records/evidence/runs/C11_EXIT_MODEL_CONTRACT_AUDIT_FINAL_RESULT.md
docs/watchlist/evidence/runs/C11_OP_CMDS.md,docs/watchlist/records/evidence/runs/C11_OP_CMDS.md
docs/watchlist/evidence/runs/C120_OP_CMDS.md,docs/watchlist/records/evidence/runs/C120_OP_CMDS.md
docs/watchlist/evidence/runs/C121_OP_CMDS.md,docs/watchlist/records/evidence/runs/C121_OP_CMDS.md
docs/watchlist/evidence/runs/C121_WIRING_DONE_BOUNDARY.md,docs/watchlist/records/evidence/runs/C121_WIRING_DONE_BOUNDARY.md
docs/watchlist/evidence/runs/C122_OP_CMDS.md,docs/watchlist/records/evidence/runs/C122_OP_CMDS.md
docs/watchlist/evidence/runs/C122_WIRING_HANDOFF_READY.md,docs/watchlist/records/evidence/runs/C122_WIRING_HANDOFF_READY.md
docs/watchlist/evidence/runs/C123_OP_CMDS.md,docs/watchlist/records/evidence/runs/C123_OP_CMDS.md
docs/watchlist/evidence/runs/C123_WIRING_HANDOFF_FINAL_REVIEW.md,docs/watchlist/records/evidence/runs/C123_WIRING_HANDOFF_FINAL_REVIEW.md
docs/watchlist/evidence/runs/C124_OP_CMDS.md,docs/watchlist/records/evidence/runs/C124_OP_CMDS.md
docs/watchlist/evidence/runs/C124_WIRING_HANDOFF_DONE_BOUNDARY.md,docs/watchlist/records/evidence/runs/C124_WIRING_HANDOFF_DONE_BOUNDARY.md
docs/watchlist/evidence/runs/C125_OP_CMDS.md,docs/watchlist/records/evidence/runs/C125_OP_CMDS.md
docs/watchlist/evidence/runs/C125_WIRING_HANDOFF_CLOSURE_SEAL_REVIEW.md,docs/watchlist/records/evidence/runs/C125_WIRING_HANDOFF_CLOSURE_SEAL_REVIEW.md
docs/watchlist/evidence/runs/C126_OP_CMDS.md,docs/watchlist/records/evidence/runs/C126_OP_CMDS.md
docs/watchlist/evidence/runs/C126_WIRING_ARCH_REVIEW.md,docs/watchlist/records/evidence/runs/C126_WIRING_ARCH_REVIEW.md
docs/watchlist/evidence/runs/C127_OP_CMDS.md,docs/watchlist/records/evidence/runs/C127_OP_CMDS.md
docs/watchlist/evidence/runs/C127_WIRING_ARCH_REVIEW.md,docs/watchlist/records/evidence/runs/C127_WIRING_ARCH_REVIEW.md
docs/watchlist/evidence/runs/C128_OP_CMDS.md,docs/watchlist/records/evidence/runs/C128_OP_CMDS.md
docs/watchlist/evidence/runs/C128_WIRING_ARCH_SEAL_REVIEW.md,docs/watchlist/records/evidence/runs/C128_WIRING_ARCH_SEAL_REVIEW.md
docs/watchlist/evidence/runs/C129_OP_CMDS.md,docs/watchlist/records/evidence/runs/C129_OP_CMDS.md
docs/watchlist/evidence/runs/C12_OP_CMDS.md,docs/watchlist/records/evidence/runs/C12_OP_CMDS.md
docs/watchlist/evidence/runs/C130_LIVE_ACT_READY.md,docs/watchlist/records/evidence/runs/C130_LIVE_ACT_READY.md
docs/watchlist/evidence/runs/C130_OP_CMDS.md,docs/watchlist/records/evidence/runs/C130_OP_CMDS.md
docs/watchlist/evidence/runs/C131_OP_CMDS.md,docs/watchlist/records/evidence/runs/C131_OP_CMDS.md
docs/watchlist/evidence/runs/C132_LIVE_ACT_EXEC_REVIEW.md,docs/watchlist/records/evidence/runs/C132_LIVE_ACT_EXEC_REVIEW.md
docs/watchlist/evidence/runs/C132_OP_CMDS.md,docs/watchlist/records/evidence/runs/C132_OP_CMDS.md
docs/watchlist/evidence/runs/C133_LIVE_ACT_OBS_REVIEW.md,docs/watchlist/records/evidence/runs/C133_LIVE_ACT_OBS_REVIEW.md
docs/watchlist/evidence/runs/C133_OP_CMDS.md,docs/watchlist/records/evidence/runs/C133_OP_CMDS.md
docs/watchlist/evidence/runs/C134_LIVE_ACT_OBS_RESULT.md,docs/watchlist/records/evidence/runs/C134_LIVE_ACT_OBS_RESULT.md
docs/watchlist/evidence/runs/C134_OP_CMDS.md,docs/watchlist/records/evidence/runs/C134_OP_CMDS.md
docs/watchlist/evidence/runs/C135_OP_CMDS.md,docs/watchlist/records/evidence/runs/C135_OP_CMDS.md
docs/watchlist/evidence/runs/C136_OP_CMDS.md,docs/watchlist/records/evidence/runs/C136_OP_CMDS.md
docs/watchlist/evidence/runs/C137_LIVE_ACT_PRE_ACT_BOUNDARY.md,docs/watchlist/records/evidence/runs/C137_LIVE_ACT_PRE_ACT_BOUNDARY.md
docs/watchlist/evidence/runs/C137_OP_CMDS.md,docs/watchlist/records/evidence/runs/C137_OP_CMDS.md
docs/watchlist/evidence/runs/C138_OP_CMDS.md,docs/watchlist/records/evidence/runs/C138_OP_CMDS.md
docs/watchlist/evidence/runs/C139_LIVE_ACT_EXEC_REVIEW.md,docs/watchlist/records/evidence/runs/C139_LIVE_ACT_EXEC_REVIEW.md
docs/watchlist/evidence/runs/C139_OP_CMDS.md,docs/watchlist/records/evidence/runs/C139_OP_CMDS.md
docs/watchlist/evidence/runs/C13_EXIT_AXIS_SUPPORT_FINAL_RESULT.md,docs/watchlist/records/evidence/runs/C13_EXIT_AXIS_SUPPORT_FINAL_RESULT.md
docs/watchlist/evidence/runs/C13_OP_CMDS.md,docs/watchlist/records/evidence/runs/C13_OP_CMDS.md
docs/watchlist/evidence/runs/C140_LIVE_ACT_OBS_REVIEW.md,docs/watchlist/records/evidence/runs/C140_LIVE_ACT_OBS_REVIEW.md
docs/watchlist/evidence/runs/C140_OP_CMDS.md,docs/watchlist/records/evidence/runs/C140_OP_CMDS.md
docs/watchlist/evidence/runs/C141_LIVE_ACT_OBS_RESULT.md,docs/watchlist/records/evidence/runs/C141_LIVE_ACT_OBS_RESULT.md
docs/watchlist/evidence/runs/C141_OP_CMDS.md,docs/watchlist/records/evidence/runs/C141_OP_CMDS.md
docs/watchlist/evidence/runs/C142_OP_CMDS.md,docs/watchlist/records/evidence/runs/C142_OP_CMDS.md
docs/watchlist/evidence/runs/C143_OP_CMDS.md,docs/watchlist/records/evidence/runs/C143_OP_CMDS.md
docs/watchlist/evidence/runs/C144_LIVE_ACT_PRE_ACT_BOUNDARY.md,docs/watchlist/records/evidence/runs/C144_LIVE_ACT_PRE_ACT_BOUNDARY.md
docs/watchlist/evidence/runs/C144_OP_CMDS.md,docs/watchlist/records/evidence/runs/C144_OP_CMDS.md
docs/watchlist/evidence/runs/C145_OP_CMDS.md,docs/watchlist/records/evidence/runs/C145_OP_CMDS.md
docs/watchlist/evidence/runs/C146_LIVE_ACT_EXEC_REVIEW.md,docs/watchlist/records/evidence/runs/C146_LIVE_ACT_EXEC_REVIEW.md
docs/watchlist/evidence/runs/C146_OP_CMDS.md,docs/watchlist/records/evidence/runs/C146_OP_CMDS.md
docs/watchlist/evidence/runs/C147_LIVE_ACT_OBS_REVIEW.md,docs/watchlist/records/evidence/runs/C147_LIVE_ACT_OBS_REVIEW.md
docs/watchlist/evidence/runs/C147_OP_CMDS.md,docs/watchlist/records/evidence/runs/C147_OP_CMDS.md
docs/watchlist/evidence/runs/C148_LIVE_ACT_OBS_RESULT.md,docs/watchlist/records/evidence/runs/C148_LIVE_ACT_OBS_RESULT.md
docs/watchlist/evidence/runs/C148_OP_CMDS.md,docs/watchlist/records/evidence/runs/C148_OP_CMDS.md
docs/watchlist/evidence/runs/C149_OP_CMDS.md,docs/watchlist/records/evidence/runs/C149_OP_CMDS.md
docs/watchlist/evidence/runs/C14_OP_CMDS.md,docs/watchlist/records/evidence/runs/C14_OP_CMDS.md
docs/watchlist/evidence/runs/C14_VARIABLE_RISK_EXIT_CATALOG_FINAL_RESULT.md,docs/watchlist/records/evidence/runs/C14_VARIABLE_RISK_EXIT_CATALOG_FINAL_RESULT.md
docs/watchlist/evidence/runs/C150_LIVE_ACT_FINAL_EXEC.md,docs/watchlist/records/evidence/runs/C150_LIVE_ACT_FINAL_EXEC.md
docs/watchlist/evidence/runs/C150_OP_CMDS.md,docs/watchlist/records/evidence/runs/C150_OP_CMDS.md
docs/watchlist/evidence/runs/C151_LIVE_ACT_POST_EXEC_OBS_REVIEW.md,docs/watchlist/records/evidence/runs/C151_LIVE_ACT_POST_EXEC_OBS_REVIEW.md
docs/watchlist/evidence/runs/C151_OP_CMDS.md,docs/watchlist/records/evidence/runs/C151_OP_CMDS.md
docs/watchlist/evidence/runs/C152_LIVE_ACT_POST_EXEC_OBS_RESULT.md,docs/watchlist/records/evidence/runs/C152_LIVE_ACT_POST_EXEC_OBS_RESULT.md
docs/watchlist/evidence/runs/C152_OP_CMDS.md,docs/watchlist/records/evidence/runs/C152_OP_CMDS.md
docs/watchlist/evidence/runs/C153_LIVE_OUTPUT_BOUNDARY.md,docs/watchlist/records/evidence/runs/C153_LIVE_OUTPUT_BOUNDARY.md
docs/watchlist/evidence/runs/C153_OP_CMDS.md,docs/watchlist/records/evidence/runs/C153_OP_CMDS.md
docs/watchlist/evidence/runs/C154_LIVE_OUTPUT_EXEC.md,docs/watchlist/records/evidence/runs/C154_LIVE_OUTPUT_EXEC.md
docs/watchlist/evidence/runs/C154_OP_CMDS.md,docs/watchlist/records/evidence/runs/C154_OP_CMDS.md
docs/watchlist/evidence/runs/C155_LIVE_OUTPUT_RESULT.md,docs/watchlist/records/evidence/runs/C155_LIVE_OUTPUT_RESULT.md
docs/watchlist/evidence/runs/C155_OP_CMDS.md,docs/watchlist/records/evidence/runs/C155_OP_CMDS.md
docs/watchlist/evidence/runs/C156_OP_CMDS.md,docs/watchlist/records/evidence/runs/C156_OP_CMDS.md
docs/watchlist/evidence/runs/C157_OP_CMDS.md,docs/watchlist/records/evidence/runs/C157_OP_CMDS.md
docs/watchlist/evidence/runs/C158_LIVE_PUB_BOUNDARY.md,docs/watchlist/records/evidence/runs/C158_LIVE_PUB_BOUNDARY.md
docs/watchlist/evidence/runs/C158_LIVE_PUB_EXEC.md,docs/watchlist/records/evidence/runs/C158_LIVE_PUB_EXEC.md
docs/watchlist/evidence/runs/C158_LIVE_PUB_RESULT.md,docs/watchlist/records/evidence/runs/C158_LIVE_PUB_RESULT.md
docs/watchlist/evidence/runs/C158_OP_CMDS.md,docs/watchlist/records/evidence/runs/C158_OP_CMDS.md
docs/watchlist/evidence/runs/C159_LIVE_PUB_POSTPUB_OBS_RESULT.md,docs/watchlist/records/evidence/runs/C159_LIVE_PUB_POSTPUB_OBS_RESULT.md
docs/watchlist/evidence/runs/C159_LIVE_PUB_POSTPUB_OBS_REVIEW.md,docs/watchlist/records/evidence/runs/C159_LIVE_PUB_POSTPUB_OBS_REVIEW.md
docs/watchlist/evidence/runs/C159_OP_CMDS.md,docs/watchlist/records/evidence/runs/C159_OP_CMDS.md
docs/watchlist/evidence/runs/C15_OP_CMDS.md,docs/watchlist/records/evidence/runs/C15_OP_CMDS.md
docs/watchlist/evidence/runs/C160_LIVE_PC_BOUNDARY.md,docs/watchlist/records/evidence/runs/C160_LIVE_PC_BOUNDARY.md
docs/watchlist/evidence/runs/C160_LIVE_PC_EXEC.md,docs/watchlist/records/evidence/runs/C160_LIVE_PC_EXEC.md
docs/watchlist/evidence/runs/C160_LIVE_PC_RESULT.md,docs/watchlist/records/evidence/runs/C160_LIVE_PC_RESULT.md
docs/watchlist/evidence/runs/C160_OP_CMDS.md,docs/watchlist/records/evidence/runs/C160_OP_CMDS.md
docs/watchlist/evidence/runs/C161_LIVE_PC_DONE_BOUNDARY.md,docs/watchlist/records/evidence/runs/C161_LIVE_PC_DONE_BOUNDARY.md
docs/watchlist/evidence/runs/C161_LIVE_PC_DONE_EXEC.md,docs/watchlist/records/evidence/runs/C161_LIVE_PC_DONE_EXEC.md
docs/watchlist/evidence/runs/C161_LIVE_PC_DONE_RESULT.md,docs/watchlist/records/evidence/runs/C161_LIVE_PC_DONE_RESULT.md
docs/watchlist/evidence/runs/C161_OP_CMDS.md,docs/watchlist/records/evidence/runs/C161_OP_CMDS.md
docs/watchlist/evidence/runs/C162_ARCH_FINAL_CLOSURE_OP_CMDS.md,docs/watchlist/records/evidence/runs/C162_ARCH_FINAL_CLOSURE_OP_CMDS.md
docs/watchlist/evidence/runs/C162_ARCH_OP_CMDS_86ECB6.md,docs/watchlist/records/evidence/runs/C162_ARCH_OP_CMDS_86ECB6.md
docs/watchlist/evidence/runs/C162_ARCH_OP_CMDS_949D94.md,docs/watchlist/records/evidence/runs/C162_ARCH_OP_CMDS_949D94.md
docs/watchlist/evidence/runs/C162_ARCH_SEAL_OP_CMDS.md,docs/watchlist/records/evidence/runs/C162_ARCH_SEAL_OP_CMDS.md
docs/watchlist/evidence/runs/C162_HANDOFF_CLOSURE_SEAL_OP_CMDS.md,docs/watchlist/records/evidence/runs/C162_HANDOFF_CLOSURE_SEAL_OP_CMDS.md
docs/watchlist/evidence/runs/C162_HANDOFF_DONE_BOUNDARY_OP_CMDS.md,docs/watchlist/records/evidence/runs/C162_HANDOFF_DONE_BOUNDARY_OP_CMDS.md
docs/watchlist/evidence/runs/C162_HANDOFF_FINAL_OP_CMDS.md,docs/watchlist/records/evidence/runs/C162_HANDOFF_FINAL_OP_CMDS.md
docs/watchlist/evidence/runs/C162_LIVE_PC_DONE_HANDOFF_CLOSURE_SEAL_REVIEW.md,docs/watchlist/records/evidence/runs/C162_LIVE_PC_DONE_HANDOFF_CLOSURE_SEAL_REVIEW.md
docs/watchlist/evidence/runs/C162_LIVE_PC_DONE_HANDOFF_DONE_BOUNDARY.md,docs/watchlist/records/evidence/runs/C162_LIVE_PC_DONE_HANDOFF_DONE_BOUNDARY.md
docs/watchlist/evidence/runs/C162_LIVE_PC_DONE_HANDOFF_FINAL_REVIEW.md,docs/watchlist/records/evidence/runs/C162_LIVE_PC_DONE_HANDOFF_FINAL_REVIEW.md
docs/watchlist/evidence/runs/C162_LIVE_PC_DONE_HANDOFF_READY.md,docs/watchlist/records/evidence/runs/C162_LIVE_PC_DONE_HANDOFF_READY.md
docs/watchlist/evidence/runs/C162_LIVE_PC_HANDOFF_ARCH_COMPLETE.md,docs/watchlist/records/evidence/runs/C162_LIVE_PC_HANDOFF_ARCH_COMPLETE.md
docs/watchlist/evidence/runs/C162_LIVE_PC_HANDOFF_ARCH_REVIEW.md,docs/watchlist/records/evidence/runs/C162_LIVE_PC_HANDOFF_ARCH_REVIEW.md
docs/watchlist/evidence/runs/C162_LIVE_PC_HANDOFF_ARCH_SEAL.md,docs/watchlist/records/evidence/runs/C162_LIVE_PC_HANDOFF_ARCH_SEAL.md
docs/watchlist/evidence/runs/C162_OP_CMDS.md,docs/watchlist/records/evidence/runs/C162_OP_CMDS.md
docs/watchlist/evidence/runs/C163_LIVE_PC_DONE_POST_HANDOFF_BOUNDARY.md,docs/watchlist/records/evidence/runs/C163_LIVE_PC_DONE_POST_HANDOFF_BOUNDARY.md
docs/watchlist/evidence/runs/C163_LIVE_PC_POST_HANDOFF_EXEC_REVIEW.md,docs/watchlist/records/evidence/runs/C163_LIVE_PC_POST_HANDOFF_EXEC_REVIEW.md
docs/watchlist/evidence/runs/C163_LIVE_PC_POST_HANDOFF_OBS_RESULT.md,docs/watchlist/records/evidence/runs/C163_LIVE_PC_POST_HANDOFF_OBS_RESULT.md
docs/watchlist/evidence/runs/C163_LIVE_PC_POST_HANDOFF_OBS_REVIEW.md,docs/watchlist/records/evidence/runs/C163_LIVE_PC_POST_HANDOFF_OBS_REVIEW.md
docs/watchlist/evidence/runs/C163_LIVE_PC_POST_HANDOFF_READY.md,docs/watchlist/records/evidence/runs/C163_LIVE_PC_POST_HANDOFF_READY.md
docs/watchlist/evidence/runs/C163_POST_HANDOFF_ACT_APPROVAL_OP_CMDS.md,docs/watchlist/records/evidence/runs/C163_POST_HANDOFF_ACT_APPROVAL_OP_CMDS.md
docs/watchlist/evidence/runs/C163_POST_HANDOFF_ACT_EXEC_OP_CMDS.md,docs/watchlist/records/evidence/runs/C163_POST_HANDOFF_ACT_EXEC_OP_CMDS.md
docs/watchlist/evidence/runs/C163_POST_HANDOFF_ACT_GO_DECISION_FINAL_OP_CMDS.md,docs/watchlist/records/evidence/runs/C163_POST_HANDOFF_ACT_GO_DECISION_FINAL_OP_CMDS.md
docs/watchlist/evidence/runs/C163_POST_HANDOFF_ACT_OBS_OP_CMDS.md,docs/watchlist/records/evidence/runs/C163_POST_HANDOFF_ACT_OBS_OP_CMDS.md
docs/watchlist/evidence/runs/C163_POST_HANDOFF_ACT_OBS_RESULT_OP_CMDS.md,docs/watchlist/records/evidence/runs/C163_POST_HANDOFF_ACT_OBS_RESULT_OP_CMDS.md
docs/watchlist/evidence/runs/C163_POST_HANDOFF_ACT_OP_GO_NO_GO_OP_CMDS.md,docs/watchlist/records/evidence/runs/C163_POST_HANDOFF_ACT_OP_GO_NO_GO_OP_CMDS.md
docs/watchlist/evidence/runs/C163_POST_HANDOFF_ACT_READY_OP_CMDS.md,docs/watchlist/records/evidence/runs/C163_POST_HANDOFF_ACT_READY_OP_CMDS.md
docs/watchlist/evidence/runs/C163_POST_HANDOFF_BOUNDARY_OP_CMDS.md,docs/watchlist/records/evidence/runs/C163_POST_HANDOFF_BOUNDARY_OP_CMDS.md
docs/watchlist/evidence/runs/C164_LIVE_PC_POST_HANDOFF_DONE_BOUNDARY.md,docs/watchlist/records/evidence/runs/C164_LIVE_PC_POST_HANDOFF_DONE_BOUNDARY.md
docs/watchlist/evidence/runs/C164_LIVE_PC_POST_HANDOFF_DONE_EXEC.md,docs/watchlist/records/evidence/runs/C164_LIVE_PC_POST_HANDOFF_DONE_EXEC.md
docs/watchlist/evidence/runs/C164_LIVE_PC_POST_HANDOFF_DONE_RESULT.md,docs/watchlist/records/evidence/runs/C164_LIVE_PC_POST_HANDOFF_DONE_RESULT.md
docs/watchlist/evidence/runs/C164_POST_HANDOFF_ACT_DONE_BOUNDARY_OP_CMDS.md,docs/watchlist/records/evidence/runs/C164_POST_HANDOFF_ACT_DONE_BOUNDARY_OP_CMDS.md
docs/watchlist/evidence/runs/C164_POST_HANDOFF_ACT_DONE_EXEC_OP_CMDS.md,docs/watchlist/records/evidence/runs/C164_POST_HANDOFF_ACT_DONE_EXEC_OP_CMDS.md
docs/watchlist/evidence/runs/C164_POST_HANDOFF_ACT_DONE_GO_DECISION_FINAL_OP_CMDS.md,docs/watchlist/records/evidence/runs/C164_POST_HANDOFF_ACT_DONE_GO_DECISION_FINAL_OP_CMDS.md
docs/watchlist/evidence/runs/C164_POST_HANDOFF_ACT_DONE_OP_GO_NO_GO_OP_CMDS.md,docs/watchlist/records/evidence/runs/C164_POST_HANDOFF_ACT_DONE_OP_GO_NO_GO_OP_CMDS.md
docs/watchlist/evidence/runs/C164_POST_HANDOFF_ACT_DONE_RESULT_OP_CMDS.md,docs/watchlist/records/evidence/runs/C164_POST_HANDOFF_ACT_DONE_RESULT_OP_CMDS.md
docs/watchlist/evidence/runs/C165_LIVE_PC_CTRL_ROLLOUT_BOUNDARY.md,docs/watchlist/records/evidence/runs/C165_LIVE_PC_CTRL_ROLLOUT_BOUNDARY.md
docs/watchlist/evidence/runs/C165_LIVE_PC_CTRL_ROLLOUT_EXEC.md,docs/watchlist/records/evidence/runs/C165_LIVE_PC_CTRL_ROLLOUT_EXEC.md
docs/watchlist/evidence/runs/C165_LIVE_PC_CTRL_ROLLOUT_RESULT.md,docs/watchlist/records/evidence/runs/C165_LIVE_PC_CTRL_ROLLOUT_RESULT.md
docs/watchlist/evidence/runs/C165_PC_CTRL_ROLLOUT_BOUNDARY_OP_CMDS.md,docs/watchlist/records/evidence/runs/C165_PC_CTRL_ROLLOUT_BOUNDARY_OP_CMDS.md
docs/watchlist/evidence/runs/C165_PC_CTRL_ROLLOUT_EXEC_OP_CMDS.md,docs/watchlist/records/evidence/runs/C165_PC_CTRL_ROLLOUT_EXEC_OP_CMDS.md
docs/watchlist/evidence/runs/C165_PC_CTRL_ROLLOUT_GO_DECISION_FINAL_OP_CMDS.md,docs/watchlist/records/evidence/runs/C165_PC_CTRL_ROLLOUT_GO_DECISION_FINAL_OP_CMDS.md
docs/watchlist/evidence/runs/C165_PC_CTRL_ROLLOUT_OP_GO_NO_GO_OP_CMDS.md,docs/watchlist/records/evidence/runs/C165_PC_CTRL_ROLLOUT_OP_GO_NO_GO_OP_CMDS.md
docs/watchlist/evidence/runs/C165_PC_CTRL_ROLLOUT_RESULT_OP_CMDS.md,docs/watchlist/records/evidence/runs/C165_PC_CTRL_ROLLOUT_RESULT_OP_CMDS.md
docs/watchlist/evidence/runs/C166_LIVE_PC_ROLLOUT_OBS_RESULT.md,docs/watchlist/records/evidence/runs/C166_LIVE_PC_ROLLOUT_OBS_RESULT.md
docs/watchlist/evidence/runs/C166_LIVE_PC_ROLLOUT_OBS_REVIEW.md,docs/watchlist/records/evidence/runs/C166_LIVE_PC_ROLLOUT_OBS_REVIEW.md
docs/watchlist/evidence/runs/C166_PC_ROLLOUT_OBS_GO_DECISION_FINAL_OP_CMDS.md,docs/watchlist/records/evidence/runs/C166_PC_ROLLOUT_OBS_GO_DECISION_FINAL_OP_CMDS.md
docs/watchlist/evidence/runs/C166_PC_ROLLOUT_OBS_OP_CMDS.md,docs/watchlist/records/evidence/runs/C166_PC_ROLLOUT_OBS_OP_CMDS.md
docs/watchlist/evidence/runs/C166_PC_ROLLOUT_OBS_OP_GO_NO_GO_OP_CMDS.md,docs/watchlist/records/evidence/runs/C166_PC_ROLLOUT_OBS_OP_GO_NO_GO_OP_CMDS.md
docs/watchlist/evidence/runs/C166_PC_ROLLOUT_OBS_RESULT_OP_CMDS.md,docs/watchlist/records/evidence/runs/C166_PC_ROLLOUT_OBS_RESULT_OP_CMDS.md
docs/watchlist/evidence/runs/C167_LIVE_PC_CTRL_ROLLOUT_DONE_BOUNDARY.md,docs/watchlist/records/evidence/runs/C167_LIVE_PC_CTRL_ROLLOUT_DONE_BOUNDARY.md
docs/watchlist/evidence/runs/C167_PC_CTRL_ROLLOUT_DONE_BOUNDARY_OP_CMDS.md,docs/watchlist/records/evidence/runs/C167_PC_CTRL_ROLLOUT_DONE_BOUNDARY_OP_CMDS.md
docs/watchlist/evidence/runs/C168_OP_CMDS.md,docs/watchlist/records/evidence/runs/C168_OP_CMDS.md
docs/watchlist/evidence/runs/C169_OP_CMDS.md,docs/watchlist/records/evidence/runs/C169_OP_CMDS.md
docs/watchlist/evidence/runs/C16_OP_CMDS.md,docs/watchlist/records/evidence/runs/C16_OP_CMDS.md
docs/watchlist/evidence/runs/C16_QUALITY_RECOVERY_DESIGN_RESULT.md,docs/watchlist/records/evidence/runs/C16_QUALITY_RECOVERY_DESIGN_RESULT.md
docs/watchlist/evidence/runs/C170_OP_CMDS.md,docs/watchlist/records/evidence/runs/C170_OP_CMDS.md
docs/watchlist/evidence/runs/C171_C01_TICK_RISK_GUARD_EXEC_AND_EVIDENCE_PROPAGATION_REPAIR.md,docs/watchlist/records/evidence/runs/C171_C01_TICK_RISK_GUARD_EXEC_AND_EVIDENCE_PROPAGATION_REPAIR.md
docs/watchlist/evidence/runs/C171_C01_TICK_RISK_GUARD_PARAMETER_ADAPTER_REPAIR.md,docs/watchlist/records/evidence/runs/C171_C01_TICK_RISK_GUARD_PARAMETER_ADAPTER_REPAIR.md
docs/watchlist/evidence/runs/C171_COMPARATIVE_OFFICIAL_IS_FAILURE_DIAGNOSTIC_OP_COMMANDS.md,docs/watchlist/records/evidence/runs/C171_COMPARATIVE_OFFICIAL_IS_FAILURE_DIAGNOSTIC_OP_COMMANDS.md
docs/watchlist/evidence/runs/C171_FINAL_BOUNDED_REMEDIATION_OP_COMMANDS.md,docs/watchlist/records/evidence/runs/C171_FINAL_BOUNDED_REMEDIATION_OP_COMMANDS.md
docs/watchlist/evidence/runs/C171_FINAL_FAILED_NOT_READY_CLOSURE_AND_EVIDENCE_SEAL.md,docs/watchlist/records/evidence/runs/C171_FINAL_FAILED_NOT_READY_CLOSURE_AND_EVIDENCE_SEAL.md
docs/watchlist/evidence/runs/C171_FINAL_FAILED_NOT_READY_CLOSURE_OP_COMMANDS.md,docs/watchlist/records/evidence/runs/C171_FINAL_FAILED_NOT_READY_CLOSURE_OP_COMMANDS.md
docs/watchlist/evidence/runs/C171_LOW_PRICE_EXEC_QUALITY_C01_DRAFT_CATALOG_IMPL.md,docs/watchlist/records/evidence/runs/C171_LOW_PRICE_EXEC_QUALITY_C01_DRAFT_CATALOG_IMPL.md
docs/watchlist/evidence/runs/C171_LOW_PRICE_EXEC_QUALITY_C01_OP_COMMANDS.md,docs/watchlist/records/evidence/runs/C171_LOW_PRICE_EXEC_QUALITY_C01_OP_COMMANDS.md
docs/watchlist/evidence/runs/C171_OP_CMDS.md,docs/watchlist/records/evidence/runs/C171_OP_CMDS.md
docs/watchlist/evidence/runs/C171_REMEDIATION_DRAFT_CATALOG_OP_COMMANDS.md,docs/watchlist/records/evidence/runs/C171_REMEDIATION_DRAFT_CATALOG_OP_COMMANDS.md
docs/watchlist/evidence/runs/C171_TRADE_EVIDENCE_DIAGNOSTIC_OP_COMMANDS.md,docs/watchlist/records/evidence/runs/C171_TRADE_EVIDENCE_DIAGNOSTIC_OP_COMMANDS.md
docs/watchlist/evidence/runs/C17_OP_CMDS.md,docs/watchlist/records/evidence/runs/C17_OP_CMDS.md
docs/watchlist/evidence/runs/C17_QUALITY_PRESERVING_SAMPLE_RECOVERY_DESIGN_RESULT.md,docs/watchlist/records/evidence/runs/C17_QUALITY_PRESERVING_SAMPLE_RECOVERY_DESIGN_RESULT.md
docs/watchlist/evidence/runs/C18_OP_CMDS.md,docs/watchlist/records/evidence/runs/C18_OP_CMDS.md
docs/watchlist/evidence/runs/C19_OP_CMDS.md,docs/watchlist/records/evidence/runs/C19_OP_CMDS.md
docs/watchlist/evidence/runs/C20_OP_CMDS.md,docs/watchlist/records/evidence/runs/C20_OP_CMDS.md
docs/watchlist/evidence/runs/C21_OP_CMDS.md,docs/watchlist/records/evidence/runs/C21_OP_CMDS.md
docs/watchlist/evidence/runs/C22_OP_CMDS.md,docs/watchlist/records/evidence/runs/C22_OP_CMDS.md
docs/watchlist/evidence/runs/C23_OP_CMDS.md,docs/watchlist/records/evidence/runs/C23_OP_CMDS.md
docs/watchlist/evidence/runs/C24_OP_CMDS.md,docs/watchlist/records/evidence/runs/C24_OP_CMDS.md
docs/watchlist/evidence/runs/C25_OP_CMDS.md,docs/watchlist/records/evidence/runs/C25_OP_CMDS.md
docs/watchlist/evidence/runs/C26_OP_CMDS.md,docs/watchlist/records/evidence/runs/C26_OP_CMDS.md
docs/watchlist/evidence/runs/C27_OP_CMDS.md,docs/watchlist/records/evidence/runs/C27_OP_CMDS.md
docs/watchlist/evidence/runs/C28_OP_CMDS.md,docs/watchlist/records/evidence/runs/C28_OP_CMDS.md
docs/watchlist/evidence/runs/C29_OP_CMDS.md,docs/watchlist/records/evidence/runs/C29_OP_CMDS.md
docs/watchlist/evidence/runs/C30_OP_CMDS.md,docs/watchlist/records/evidence/runs/C30_OP_CMDS.md
docs/watchlist/evidence/runs/C31_OP_CMDS.md,docs/watchlist/records/evidence/runs/C31_OP_CMDS.md
docs/watchlist/evidence/runs/C32_OP_CMDS.md,docs/watchlist/records/evidence/runs/C32_OP_CMDS.md
docs/watchlist/evidence/runs/C33_DATA_PATH_REPLAY_PROOF.md,docs/watchlist/records/evidence/runs/C33_DATA_PATH_REPLAY_PROOF.md
docs/watchlist/evidence/runs/C33_OP_CMDS.md,docs/watchlist/records/evidence/runs/C33_OP_CMDS.md
docs/watchlist/evidence/runs/C34_OP_CMDS.md,docs/watchlist/records/evidence/runs/C34_OP_CMDS.md
docs/watchlist/evidence/runs/C35_OP_CMDS.md,docs/watchlist/records/evidence/runs/C35_OP_CMDS.md
docs/watchlist/evidence/runs/C36_OP_CMDS.md,docs/watchlist/records/evidence/runs/C36_OP_CMDS.md
docs/watchlist/evidence/runs/C37_IS_VALID_AND_ANTI_OVERFIT_CHECK.md,docs/watchlist/records/evidence/runs/C37_IS_VALID_AND_ANTI_OVERFIT_CHECK.md
docs/watchlist/evidence/runs/C37_OP_CMDS.md,docs/watchlist/records/evidence/runs/C37_OP_CMDS.md
docs/watchlist/evidence/runs/C38_OP_CMDS.md,docs/watchlist/records/evidence/runs/C38_OP_CMDS.md
docs/watchlist/evidence/runs/C39_OP_CMDS.md,docs/watchlist/records/evidence/runs/C39_OP_CMDS.md
docs/watchlist/evidence/runs/C40_OP_CMDS.md,docs/watchlist/records/evidence/runs/C40_OP_CMDS.md
docs/watchlist/evidence/runs/C41_IS_REVIEW_OR_EVIDENCE_EXPANSION_BEFORE_OOS.md,docs/watchlist/records/evidence/runs/C41_IS_REVIEW_OR_EVIDENCE_EXPANSION_BEFORE_OOS.md
docs/watchlist/evidence/runs/C41_OP_CMDS.md,docs/watchlist/records/evidence/runs/C41_OP_CMDS.md
docs/watchlist/evidence/runs/C42_IS_ROLLING_NORMAL_MONTH_EVIDENCE_EXPANSION.md,docs/watchlist/records/evidence/runs/C42_IS_ROLLING_NORMAL_MONTH_EVIDENCE_EXPANSION.md
docs/watchlist/evidence/runs/C42_OP_CMDS.md,docs/watchlist/records/evidence/runs/C42_OP_CMDS.md
docs/watchlist/evidence/runs/C43_OP_CMDS.md,docs/watchlist/records/evidence/runs/C43_OP_CMDS.md
docs/watchlist/evidence/runs/C44_OP_CMDS.md,docs/watchlist/records/evidence/runs/C44_OP_CMDS.md
docs/watchlist/evidence/runs/C45_OP_CMDS.md,docs/watchlist/records/evidence/runs/C45_OP_CMDS.md
docs/watchlist/evidence/runs/C46_IS_REVIEW_OR_EVIDENCE_EXPANSION_BEFORE_OOS.md,docs/watchlist/records/evidence/runs/C46_IS_REVIEW_OR_EVIDENCE_EXPANSION_BEFORE_OOS.md
docs/watchlist/evidence/runs/C46_OP_CMDS.md,docs/watchlist/records/evidence/runs/C46_OP_CMDS.md
docs/watchlist/evidence/runs/C47_OP_CMDS.md,docs/watchlist/records/evidence/runs/C47_OP_CMDS.md
docs/watchlist/evidence/runs/C48_OP_CMDS.md,docs/watchlist/records/evidence/runs/C48_OP_CMDS.md
docs/watchlist/evidence/runs/C49_OP_CMDS.md,docs/watchlist/records/evidence/runs/C49_OP_CMDS.md
docs/watchlist/evidence/runs/C50_IS_VALID_ANTI_OVERFIT_CHECK.md,docs/watchlist/records/evidence/runs/C50_IS_VALID_ANTI_OVERFIT_CHECK.md
docs/watchlist/evidence/runs/C50_OP_CMDS.md,docs/watchlist/records/evidence/runs/C50_OP_CMDS.md
docs/watchlist/evidence/runs/C51_OP_CMDS.md,docs/watchlist/records/evidence/runs/C51_OP_CMDS.md
docs/watchlist/evidence/runs/C52_OP_CMDS.md,docs/watchlist/records/evidence/runs/C52_OP_CMDS.md
docs/watchlist/evidence/runs/C53_OP_CMDS.md,docs/watchlist/records/evidence/runs/C53_OP_CMDS.md
docs/watchlist/evidence/runs/C54_OP_CMDS.md,docs/watchlist/records/evidence/runs/C54_OP_CMDS.md
docs/watchlist/evidence/runs/C55_OP_CMDS.md,docs/watchlist/records/evidence/runs/C55_OP_CMDS.md
docs/watchlist/evidence/runs/C56_OP_CMDS.md,docs/watchlist/records/evidence/runs/C56_OP_CMDS.md
docs/watchlist/evidence/runs/C57_OP_CMDS.md,docs/watchlist/records/evidence/runs/C57_OP_CMDS.md
docs/watchlist/evidence/runs/C57_REGIME_FIELD_RECONSTRUCTION_CONTINUATION_IS_ONLY.md,docs/watchlist/records/evidence/runs/C57_REGIME_FIELD_RECONSTRUCTION_CONTINUATION_IS_ONLY.md
docs/watchlist/evidence/runs/C58_OP_CMDS.md,docs/watchlist/records/evidence/runs/C58_OP_CMDS.md
docs/watchlist/evidence/runs/C59_OP_CMDS.md,docs/watchlist/records/evidence/runs/C59_OP_CMDS.md
docs/watchlist/evidence/runs/C60_OP_CMDS.md,docs/watchlist/records/evidence/runs/C60_OP_CMDS.md
docs/watchlist/evidence/runs/C61_OP_CMDS.md,docs/watchlist/records/evidence/runs/C61_OP_CMDS.md
docs/watchlist/evidence/runs/C62_OP_CMDS.md,docs/watchlist/records/evidence/runs/C62_OP_CMDS.md
docs/watchlist/evidence/runs/C63_OP_CMDS.md,docs/watchlist/records/evidence/runs/C63_OP_CMDS.md
docs/watchlist/evidence/runs/C63_PRE_OOS_UNLOCK_REVIEW_IS_ONLY.md,docs/watchlist/records/evidence/runs/C63_PRE_OOS_UNLOCK_REVIEW_IS_ONLY.md
docs/watchlist/evidence/runs/C64_OP_CMDS.md,docs/watchlist/records/evidence/runs/C64_OP_CMDS.md
docs/watchlist/evidence/runs/C65_OP_CMDS.md,docs/watchlist/records/evidence/runs/C65_OP_CMDS.md
docs/watchlist/evidence/runs/C65_PROD_PRE_LOCK_REVIEW.md,docs/watchlist/records/evidence/runs/C65_PROD_PRE_LOCK_REVIEW.md
docs/watchlist/evidence/runs/C66_OP_CMDS.md,docs/watchlist/records/evidence/runs/C66_OP_CMDS.md
docs/watchlist/evidence/runs/C66_PROD_LOCK_REVIEW.md,docs/watchlist/records/evidence/runs/C66_PROD_LOCK_REVIEW.md
docs/watchlist/evidence/runs/C67_OP_CMDS.md,docs/watchlist/records/evidence/runs/C67_OP_CMDS.md
docs/watchlist/evidence/runs/C67_PROD_CATALOG_ACT_REVIEW.md,docs/watchlist/records/evidence/runs/C67_PROD_CATALOG_ACT_REVIEW.md
docs/watchlist/evidence/runs/C68_OP_CMDS.md,docs/watchlist/records/evidence/runs/C68_OP_CMDS.md
docs/watchlist/evidence/runs/C68_PROD_CATALOG_ACT_EXEC_REVIEW.md,docs/watchlist/records/evidence/runs/C68_PROD_CATALOG_ACT_EXEC_REVIEW.md
docs/watchlist/evidence/runs/C69_OP_CMDS.md,docs/watchlist/records/evidence/runs/C69_OP_CMDS.md
docs/watchlist/evidence/runs/C69_PROD_DEPLOYMENT_PREP_OR_BRIDGE_REVIEW.md,docs/watchlist/records/evidence/runs/C69_PROD_DEPLOYMENT_PREP_OR_BRIDGE_REVIEW.md
docs/watchlist/evidence/runs/C70_OP_CMDS.md,docs/watchlist/records/evidence/runs/C70_OP_CMDS.md
docs/watchlist/evidence/runs/C70_PROD_DEPLOYMENT_EXEC_REVIEW.md,docs/watchlist/records/evidence/runs/C70_PROD_DEPLOYMENT_EXEC_REVIEW.md
docs/watchlist/evidence/runs/C71_OP_CMDS.md,docs/watchlist/records/evidence/runs/C71_OP_CMDS.md
docs/watchlist/evidence/runs/C71_SHADOW_READ_OR_DRY_RUN_RUN_VALID.md,docs/watchlist/records/evidence/runs/C71_SHADOW_READ_OR_DRY_RUN_RUN_VALID.md
docs/watchlist/evidence/runs/C72_CTRL_OPT_IN_RUN_BRIDGE_VALID.md,docs/watchlist/records/evidence/runs/C72_CTRL_OPT_IN_RUN_BRIDGE_VALID.md
docs/watchlist/evidence/runs/C72_OP_CMDS.md,docs/watchlist/records/evidence/runs/C72_OP_CMDS.md
docs/watchlist/evidence/runs/C73_CTRL_PARALLEL_RUN_NON_MUTATING_PC_BRIDGE_VALID.md,docs/watchlist/records/evidence/runs/C73_CTRL_PARALLEL_RUN_NON_MUTATING_PC_BRIDGE_VALID.md
docs/watchlist/evidence/runs/C73_OP_CMDS.md,docs/watchlist/records/evidence/runs/C73_OP_CMDS.md
docs/watchlist/evidence/runs/C74_CTRL_OP_REVIEWED_ROLLOUT_GATE_OR_DEPLOYMENT_READY.md,docs/watchlist/records/evidence/runs/C74_CTRL_OP_REVIEWED_ROLLOUT_GATE_OR_DEPLOYMENT_READY.md
docs/watchlist/evidence/runs/C74_OP_CMDS.md,docs/watchlist/records/evidence/runs/C74_OP_CMDS.md
docs/watchlist/evidence/runs/C75_CTRL_OP_APPROVED_ROLLOUT_EXEC_REVIEW_OR_CTRL_WIRING_EXEC_REVIEW.md,docs/watchlist/records/evidence/runs/C75_CTRL_OP_APPROVED_ROLLOUT_EXEC_REVIEW_OR_CTRL_WIRING_EXEC_REVIEW.md
docs/watchlist/evidence/runs/C75_OP_CMDS.md,docs/watchlist/records/evidence/runs/C75_OP_CMDS.md
docs/watchlist/evidence/runs/C76_CTRL_RUN_OPT_IN_PILOT_OR_SHADOW_ROLLOUT_PREPARATION_REVIEW.md,docs/watchlist/records/evidence/runs/C76_CTRL_RUN_OPT_IN_PILOT_OR_SHADOW_ROLLOUT_PREPARATION_REVIEW.md
docs/watchlist/evidence/runs/C76_OP_CMDS.md,docs/watchlist/records/evidence/runs/C76_OP_CMDS.md
docs/watchlist/evidence/runs/C77_CTRL_RUN_OPT_IN_PILOT_OR_SHADOW_ROLLOUT_EXEC_REVIEW.md,docs/watchlist/records/evidence/runs/C77_CTRL_RUN_OPT_IN_PILOT_OR_SHADOW_ROLLOUT_EXEC_REVIEW.md
docs/watchlist/evidence/runs/C77_OP_CMDS.md,docs/watchlist/records/evidence/runs/C77_OP_CMDS.md
docs/watchlist/evidence/runs/C78_OP_CMDS.md,docs/watchlist/records/evidence/runs/C78_OP_CMDS.md
docs/watchlist/evidence/runs/C78_PILOT_OBS_REVIEW.md,docs/watchlist/records/evidence/runs/C78_PILOT_OBS_REVIEW.md
docs/watchlist/evidence/runs/C79_OP_CMDS.md,docs/watchlist/records/evidence/runs/C79_OP_CMDS.md
docs/watchlist/evidence/runs/C79_PILOT_OBS_RESULT.md,docs/watchlist/records/evidence/runs/C79_PILOT_OBS_RESULT.md
docs/watchlist/evidence/runs/C80_OP_CMDS.md,docs/watchlist/records/evidence/runs/C80_OP_CMDS.md
docs/watchlist/evidence/runs/C81_OP_CMDS.md,docs/watchlist/records/evidence/runs/C81_OP_CMDS.md
docs/watchlist/evidence/runs/C82_OP_CMDS.md,docs/watchlist/records/evidence/runs/C82_OP_CMDS.md
docs/watchlist/evidence/runs/C82_PILOT_PRE_ACT_BOUNDARY.md,docs/watchlist/records/evidence/runs/C82_PILOT_PRE_ACT_BOUNDARY.md
docs/watchlist/evidence/runs/C83_OP_CMDS.md,docs/watchlist/records/evidence/runs/C83_OP_CMDS.md
docs/watchlist/evidence/runs/C84_OP_CMDS.md,docs/watchlist/records/evidence/runs/C84_OP_CMDS.md
docs/watchlist/evidence/runs/C84_PILOT_ACT_EXEC_REVIEW.md,docs/watchlist/records/evidence/runs/C84_PILOT_ACT_EXEC_REVIEW.md
docs/watchlist/evidence/runs/C85_OP_CMDS.md,docs/watchlist/records/evidence/runs/C85_OP_CMDS.md
docs/watchlist/evidence/runs/C85_PILOT_POST_ACT_OBS_REVIEW.md,docs/watchlist/records/evidence/runs/C85_PILOT_POST_ACT_OBS_REVIEW.md
docs/watchlist/evidence/runs/C86_OP_CMDS.md,docs/watchlist/records/evidence/runs/C86_OP_CMDS.md
docs/watchlist/evidence/runs/C86_PILOT_POST_ACT_OBS_RESULT.md,docs/watchlist/records/evidence/runs/C86_PILOT_POST_ACT_OBS_RESULT.md
docs/watchlist/evidence/runs/C87_OP_CMDS.md,docs/watchlist/records/evidence/runs/C87_OP_CMDS.md
docs/watchlist/evidence/runs/C88_OP_CMDS.md,docs/watchlist/records/evidence/runs/C88_OP_CMDS.md
docs/watchlist/evidence/runs/C89_OP_CMDS.md,docs/watchlist/records/evidence/runs/C89_OP_CMDS.md
docs/watchlist/evidence/runs/C89_PILOT_POST_ACT_DONE_BOUNDARY.md,docs/watchlist/records/evidence/runs/C89_PILOT_POST_ACT_DONE_BOUNDARY.md
docs/watchlist/evidence/runs/C90_OP_CMDS.md,docs/watchlist/records/evidence/runs/C90_OP_CMDS.md
docs/watchlist/evidence/runs/C90_PILOT_POST_ACT_HANDOFF_READY.md,docs/watchlist/records/evidence/runs/C90_PILOT_POST_ACT_HANDOFF_READY.md
docs/watchlist/evidence/runs/C91_OP_CMDS.md,docs/watchlist/records/evidence/runs/C91_OP_CMDS.md
docs/watchlist/evidence/runs/C91_PILOT_POST_ACT_HANDOFF_FINAL_REVIEW.md,docs/watchlist/records/evidence/runs/C91_PILOT_POST_ACT_HANDOFF_FINAL_REVIEW.md
docs/watchlist/evidence/runs/C92_OP_CMDS.md,docs/watchlist/records/evidence/runs/C92_OP_CMDS.md
docs/watchlist/evidence/runs/C92_PILOT_POST_ACT_HANDOFF_DONE_BOUNDARY.md,docs/watchlist/records/evidence/runs/C92_PILOT_POST_ACT_HANDOFF_DONE_BOUNDARY.md
docs/watchlist/evidence/runs/C93_OP_CMDS.md,docs/watchlist/records/evidence/runs/C93_OP_CMDS.md
docs/watchlist/evidence/runs/C93_PILOT_POST_ACT_HANDOFF_CLOSURE_SEAL_REVIEW.md,docs/watchlist/records/evidence/runs/C93_PILOT_POST_ACT_HANDOFF_CLOSURE_SEAL_REVIEW.md
docs/watchlist/evidence/runs/C94_OP_CMDS.md,docs/watchlist/records/evidence/runs/C94_OP_CMDS.md
docs/watchlist/evidence/runs/C94_PILOT_POST_ACT_AUDIT_ARCH_REVIEW.md,docs/watchlist/records/evidence/runs/C94_PILOT_POST_ACT_AUDIT_ARCH_REVIEW.md
docs/watchlist/evidence/runs/C95_OP_CMDS.md,docs/watchlist/records/evidence/runs/C95_OP_CMDS.md
docs/watchlist/evidence/runs/C95_PILOT_POST_ACT_AUDIT_ARCH_COMPLETE.md,docs/watchlist/records/evidence/runs/C95_PILOT_POST_ACT_AUDIT_ARCH_COMPLETE.md
docs/watchlist/evidence/runs/C96_OP_CMDS.md,docs/watchlist/records/evidence/runs/C96_OP_CMDS.md
docs/watchlist/evidence/runs/C96_PILOT_POST_ACT_AUDIT_ARCH_CLOSURE_SEAL_REVIEW.md,docs/watchlist/records/evidence/runs/C96_PILOT_POST_ACT_AUDIT_ARCH_CLOSURE_SEAL_REVIEW.md
docs/watchlist/evidence/runs/C97_OP_CMDS.md,docs/watchlist/records/evidence/runs/C97_OP_CMDS.md
docs/watchlist/evidence/runs/C97_PILOT_POST_ACT_AUDIT_ARCH_FINAL_REVIEW.md,docs/watchlist/records/evidence/runs/C97_PILOT_POST_ACT_AUDIT_ARCH_FINAL_REVIEW.md
docs/watchlist/evidence/runs/C98_OP_CMDS.md,docs/watchlist/records/evidence/runs/C98_OP_CMDS.md
docs/watchlist/evidence/runs/C98_REH_REVIEW.md,docs/watchlist/records/evidence/runs/C98_REH_REVIEW.md
docs/watchlist/evidence/runs/C99_OP_CMDS.md,docs/watchlist/records/evidence/runs/C99_OP_CMDS.md
docs/watchlist/evidence/runs/C99_REH_EXEC_REVIEW.md,docs/watchlist/records/evidence/runs/C99_REH_EXEC_REVIEW.md
docs/watchlist/evidence/runs/WS_BREAKOUT_INTEGRITY_B01_EXECUTION_AND_TARGET_ALIGNMENT.md,docs/watchlist/records/evidence/runs/WS_BREAKOUT_INTEGRITY_B01_EXECUTION_AND_TARGET_ALIGNMENT.md
docs/watchlist/evidence/runs/WS_DB_DICTIONARY_AND_FIELD_USAGE_AUDIT.md,docs/watchlist/records/evidence/runs/WS_DB_DICTIONARY_AND_FIELD_USAGE_AUDIT.md
docs/watchlist/evidence/runs/WS_DB_DICTIONARY_OPERATOR_COMMANDS.md,docs/watchlist/records/evidence/runs/WS_DB_DICTIONARY_OPERATOR_COMMANDS.md
docs/watchlist/evidence/runs/WS_NEW_STRATEGY_R01_OPERATOR_VALIDATION_COMMANDS.md,docs/watchlist/records/evidence/runs/WS_NEW_STRATEGY_R01_OPERATOR_VALIDATION_COMMANDS.md
docs/watchlist/evidence/runs/WS_NEW_STRATEGY_R02_OPERATOR_VALIDATION_COMMANDS.md,docs/watchlist/records/evidence/runs/WS_NEW_STRATEGY_R02_OPERATOR_VALIDATION_COMMANDS.md
docs/watchlist/evidence/runs/WS_TAIL_RISK_S01_OPERATOR_VALIDATION_COMMANDS.md,docs/watchlist/records/evidence/runs/WS_TAIL_RISK_S01_OPERATOR_VALIDATION_COMMANDS.md
docs/watchlist/findings/C01_FAILURE_DIAGNOSTIC_NOTE.md,docs/watchlist/development/findings/C01_FAILURE_DIAGNOSTIC_NOTE.md
docs/watchlist/findings/C01_IS_FAILURE_DRILLDOWN_NOTE.md,docs/watchlist/development/findings/C01_IS_FAILURE_DRILLDOWN_NOTE.md
docs/watchlist/findings/C02_OP_FORENSIC_FINAL_RESULT.md,docs/watchlist/development/findings/C02_OP_FORENSIC_FINAL_RESULT.md
docs/watchlist/findings/C03_OP_FORENSIC_FINAL_RESULT.md,docs/watchlist/development/findings/C03_OP_FORENSIC_FINAL_RESULT.md
docs/watchlist/findings/C04_OP_FORENSIC_FINAL_RESULT.md,docs/watchlist/development/findings/C04_OP_FORENSIC_FINAL_RESULT.md
docs/watchlist/findings/C05_OP_FORENSIC_FINAL_RESULT.md,docs/watchlist/development/findings/C05_OP_FORENSIC_FINAL_RESULT.md
docs/watchlist/findings/C06_OP_FORENSIC_FINAL_RESULT.md,docs/watchlist/development/findings/C06_OP_FORENSIC_FINAL_RESULT.md
docs/watchlist/findings/C07_OP_FORENSIC_FINAL_RESULT.md,docs/watchlist/development/findings/C07_OP_FORENSIC_FINAL_RESULT.md
docs/watchlist/findings/C07_SCOPED_FAILURE_DRILLDOWN_FINAL_RESULT.md,docs/watchlist/development/findings/C07_SCOPED_FAILURE_DRILLDOWN_FINAL_RESULT.md
docs/watchlist/findings/C10_EXIT_MODEL_DIAGNOSTIC_FINAL_RESULT.md,docs/watchlist/development/findings/C10_EXIT_MODEL_DIAGNOSTIC_FINAL_RESULT.md
docs/watchlist/findings/C15_ROOT_CAUSE_AND_DIAGNOSTIC_PREREQUISITE_NOTE.md,docs/watchlist/development/findings/C15_ROOT_CAUSE_AND_DIAGNOSTIC_PREREQUISITE_NOTE.md
docs/watchlist/findings/C15_STRAT_QUALITY_ROOT_CAUSE_FINAL_RESULT.md,docs/watchlist/development/findings/C15_STRAT_QUALITY_ROOT_CAUSE_FINAL_RESULT.md
docs/watchlist/findings/C171_COMPARATIVE_OFFICIAL_IS_FAILURE_DIAGNOSTIC_AND_R2_HYPOTHESIS_LOCK.md,docs/watchlist/development/findings/C171_COMPARATIVE_OFFICIAL_IS_FAILURE_DIAGNOSTIC_AND_R2_HYPOTHESIS_LOCK.md
docs/watchlist/findings/C171_TARGETED_EXECUTABLE_IS_STRAT_REMEDIATION_AND_TRADE_EVIDENCE_DIAGNOSTIC.md,docs/watchlist/development/findings/C171_TARGETED_EXECUTABLE_IS_STRAT_REMEDIATION_AND_TRADE_EVIDENCE_DIAGNOSTIC.md
docs/watchlist/findings/C18_FUNNEL_AND_MONTHLY_COVERAGE_DIAGNOSTIC_RESULT.md,docs/watchlist/development/findings/C18_FUNNEL_AND_MONTHLY_COVERAGE_DIAGNOSTIC_RESULT.md
docs/watchlist/findings/C19_FINAL_DIAGNOSTIC_RESULT.md,docs/watchlist/development/findings/C19_FINAL_DIAGNOSTIC_RESULT.md
docs/watchlist/findings/C19_QUALITY_RECOVERY_TUNING_DIAGNOSTIC.md,docs/watchlist/development/findings/C19_QUALITY_RECOVERY_TUNING_DIAGNOSTIC.md
docs/watchlist/findings/C19_SELECTION_MODEL_DIAGNOSTIC_RESULT.md,docs/watchlist/development/findings/C19_SELECTION_MODEL_DIAGNOSTIC_RESULT.md
docs/watchlist/findings/C20_REGIME_TRADE_DATE_DIAGNOSTIC.md,docs/watchlist/development/findings/C20_REGIME_TRADE_DATE_DIAGNOSTIC.md
docs/watchlist/findings/C21_ENTRY_EXIT_BEHAVIOR_DIAGNOSTIC.md,docs/watchlist/development/findings/C21_ENTRY_EXIT_BEHAVIOR_DIAGNOSTIC.md
docs/watchlist/findings/C22_EXIT_CAPTURE_SHADOW_DIAGNOSTIC.md,docs/watchlist/development/findings/C22_EXIT_CAPTURE_SHADOW_DIAGNOSTIC.md
docs/watchlist/findings/C23_FIRST_PROFIT_CAPTURE_RULE_DIAGNOSTIC.md,docs/watchlist/development/findings/C23_FIRST_PROFIT_CAPTURE_RULE_DIAGNOSTIC.md
docs/watchlist/findings/C24_C22_SHADOW_GAP_BRIDGE_DIAGNOSTIC.md,docs/watchlist/development/findings/C24_C22_SHADOW_GAP_BRIDGE_DIAGNOSTIC.md
docs/watchlist/findings/C25_NO_SIGNAL_FALLBACK_DELAY_DIAGNOSTIC.md,docs/watchlist/development/findings/C25_NO_SIGNAL_FALLBACK_DELAY_DIAGNOSTIC.md
docs/watchlist/findings/C26_CATALOG_CANDIDATE_DIAGNOSTIC.md,docs/watchlist/development/findings/C26_CATALOG_CANDIDATE_DIAGNOSTIC.md
docs/watchlist/findings/C28_RULE_REVISION_TIEBREAK_DIAGNOSTIC.md,docs/watchlist/development/findings/C28_RULE_REVISION_TIEBREAK_DIAGNOSTIC.md
docs/watchlist/findings/C30_OOS_FAILURE_ATTRIBUTION.md,docs/watchlist/development/findings/C30_OOS_FAILURE_ATTRIBUTION.md
docs/watchlist/findings/C32_DATA_PATH_AND_BAD_MONTH_DIAGNOSTIC.md,docs/watchlist/development/findings/C32_DATA_PATH_AND_BAD_MONTH_DIAGNOSTIC.md
docs/watchlist/findings/C34_BAD_MONTH_ROBUSTNESS_DIAGNOSTIC.md,docs/watchlist/development/findings/C34_BAD_MONTH_ROBUSTNESS_DIAGNOSTIC.md
docs/watchlist/findings/C35_IS_ROBUSTNESS_REDESIGN_DIAGNOSTIC.md,docs/watchlist/development/findings/C35_IS_ROBUSTNESS_REDESIGN_DIAGNOSTIC.md
docs/watchlist/findings/C38_IS_REDESIGN_OR_EVIDENCE_EXPANSION_DIAGNOSTIC.md,docs/watchlist/development/findings/C38_IS_REDESIGN_OR_EVIDENCE_EXPANSION_DIAGNOSTIC.md
docs/watchlist/findings/C43_PRE_TRADE_FIELD_EXPANSION_DIAGNOSTIC.md,docs/watchlist/development/findings/C43_PRE_TRADE_FIELD_EXPANSION_DIAGNOSTIC.md
docs/watchlist/findings/C48_OOS_FAILURE_ATTRIBUTION.md,docs/watchlist/development/findings/C48_OOS_FAILURE_ATTRIBUTION.md
docs/watchlist/findings/README.md,docs/watchlist/development/findings/README.md
docs/watchlist/findings/WS_DOCUMENT_RECORDING_GOVERNANCE_GAP_2026-08-18.md,docs/watchlist/development/findings/WS_DOCUMENT_RECORDING_GOVERNANCE_GAP_2026-08-18.md
docs/watchlist/findings/WS_IMPLEMENTATION_RESIDUE_GOVERNANCE_GAP_2026-08-18.md,docs/watchlist/development/findings/WS_IMPLEMENTATION_RESIDUE_GOVERNANCE_GAP_2026-08-18.md
docs/watchlist/findings/WS_MARKET_DATA_CROSS_DOMAIN_BINDING_GAPS_2026-08-17.md,docs/watchlist/development/findings/WS_MARKET_DATA_CROSS_DOMAIN_BINDING_GAPS_2026-08-17.md
docs/watchlist/findings/WS_NEW_STRATEGY_R01_RESEARCH_HYPOTHESIS_AND_DIAGNOSTIC_EVIDENCE.md,docs/watchlist/development/findings/WS_NEW_STRATEGY_R01_RESEARCH_HYPOTHESIS_AND_DIAGNOSTIC_EVIDENCE.md
docs/watchlist/findings/WS_PRICE_QUALITY_P01_DIAGNOSTIC_CANDIDATES_AND_OFFICIAL_IS.md,docs/watchlist/development/findings/WS_PRICE_QUALITY_P01_DIAGNOSTIC_CANDIDATES_AND_OFFICIAL_IS.md
docs/watchlist/findings/WS_ROOT_DOCUMENT_ARCHITECTURE_AMBIGUITY_2026-08-18.md,docs/watchlist/development/findings/WS_ROOT_DOCUMENT_ARCHITECTURE_AMBIGUITY_2026-08-18.md
docs/watchlist/findings/WS_STAGE_REENTRY_AND_CLOSURE_GAP_2026-08-18.md,docs/watchlist/development/findings/WS_STAGE_REENTRY_AND_CLOSURE_GAP_2026-08-18.md
docs/watchlist/findings/WS_STRATEGY_AUDIT_QUALIFIED_TOP_PICKS_FINDINGS.md,docs/watchlist/development/findings/WS_STRATEGY_AUDIT_QUALIFIED_TOP_PICKS_FINDINGS.md
docs/watchlist/findings/WS_STRATEGY_END_TO_END_COHERENCE_FINDINGS.md,docs/watchlist/development/findings/WS_STRATEGY_END_TO_END_COHERENCE_FINDINGS.md
docs/watchlist/findings/WS_STRATEGY_LAYER_ROLE_LEAKAGE_2026-08-16.md,docs/watchlist/development/findings/WS_STRATEGY_LAYER_ROLE_LEAKAGE_2026-08-16.md
docs/watchlist/findings/WS_STRATEGY_OPTIONAL_CONFIRM_NON_BLOCKING_FINDING.md,docs/watchlist/development/findings/WS_STRATEGY_OPTIONAL_CONFIRM_NON_BLOCKING_FINDING.md
docs/watchlist/findings/WS_STRATEGY_TRACEABILITY_COVERAGE_GAP_2026-08-18.md,docs/watchlist/development/findings/WS_STRATEGY_TRACEABILITY_COVERAGE_GAP_2026-08-18.md
docs/watchlist/findings/WS_TAIL_RISK_S01_DIAGNOSTIC_CANDIDATES_AND_OFFICIAL_IS.md,docs/watchlist/development/findings/WS_TAIL_RISK_S01_DIAGNOSTIC_CANDIDATES_AND_OFFICIAL_IS.md
docs/watchlist/governance/DOCUMENTATION_ARCHITECTURE.md,docs/watchlist/authority/governance/DOCUMENTATION_ARCHITECTURE.md
docs/watchlist/governance/DOCUMENT_CHANGE_LOG.md,docs/watchlist/authority/governance/DOCUMENT_CHANGE_LOG.md
docs/watchlist/governance/DOCUMENT_CHANGE_POLICY.md,docs/watchlist/authority/governance/DOCUMENT_CHANGE_POLICY.md
docs/watchlist/governance/DOCUMENT_RECORDING_STANDARD.md,docs/watchlist/authority/governance/DOCUMENT_RECORDING_STANDARD.md
docs/watchlist/governance/IMPLEMENTATION_RESIDUE_AND_CONFORMANCE_STANDARD.md,docs/watchlist/authority/governance/IMPLEMENTATION_RESIDUE_AND_CONFORMANCE_STANDARD.md
docs/watchlist/governance/LAYER_ACTIVATION_RULE.md,docs/watchlist/authority/governance/LAYER_ACTIVATION_RULE.md
docs/watchlist/governance/LINK_INTEGRITY_CHECK_LOCKED.md,docs/watchlist/authority/governance/LINK_INTEGRITY_CHECK_LOCKED.md
docs/watchlist/governance/LUMEN_CONTRACT_TRACKER.md,docs/watchlist/development/implementation/LUMEN_CONTRACT_TRACKER.md
docs/watchlist/governance/PATH_REORGANIZATION_2026-08-18.csv,docs/watchlist/records/history/PATH_REORGANIZATION_2026-08-18.csv
docs/watchlist/governance/PATH_REORGANIZATION_VALIDATION_2026-08-18.json,docs/watchlist/records/evidence/PATH_REORGANIZATION_VALIDATION_2026-08-18.json
docs/watchlist/governance/README.md,docs/watchlist/authority/governance/README.md
docs/watchlist/governance/STAGE_EXECUTION_AND_REWORK_STANDARD.md,docs/watchlist/authority/governance/STAGE_EXECUTION_AND_REWORK_STANDARD.md
docs/watchlist/governance/STRATEGY_IMPLEMENTATION_TRACEABILITY_STANDARD.md,docs/watchlist/authority/governance/STRATEGY_IMPLEMENTATION_TRACEABILITY_STANDARD.md
docs/watchlist/governance/STRATEGY_TO_IMPLEMENTATION_COVERAGE_BASELINE.json,docs/watchlist/authority/governance/STRATEGY_TO_IMPLEMENTATION_COVERAGE_BASELINE.json
docs/watchlist/governance/STRATEGY_TO_IMPLEMENTATION_TRACEABILITY_MATRIX.csv,docs/watchlist/authority/governance/STRATEGY_TO_IMPLEMENTATION_TRACEABILITY_MATRIX.csv
docs/watchlist/governance/WATCHLIST_CHANGE_IMPACT_MATRIX.md,docs/watchlist/authority/governance/WATCHLIST_CHANGE_IMPACT_MATRIX.md
docs/watchlist/governance/WATCHLIST_DOCUMENT_AUTHORITY.md,docs/watchlist/authority/governance/WATCHLIST_DOCUMENT_AUTHORITY.md
docs/watchlist/governance/WATCHLIST_DOCUMENT_MIGRATION_MANIFEST.csv,docs/watchlist/records/history/DOCUMENT_MIGRATION_MANIFEST.csv
docs/watchlist/governance/WATCHLIST_OWNER_MATRIX.md,docs/watchlist/authority/governance/WATCHLIST_OWNER_MATRIX.md
docs/watchlist/governance/WEEKLY_SWING_POLICY_FRAMEWORK.md,docs/watchlist/authority/governance/WEEKLY_SWING_POLICY_FRAMEWORK.md
docs/watchlist/governance/audit/AUDIT_UPDATE_GOVERNANCE.md,docs/watchlist/authority/governance/audit/AUDIT_UPDATE_GOVERNANCE.md
docs/watchlist/governance/audit/IMPL_README.md,docs/watchlist/authority/governance/audit/IMPL_README.md
docs/watchlist/governance/audit/IMPL_WATCHLIST_IMPLEMENTATION_AUDIT_EXAMPLE.md,docs/watchlist/authority/governance/audit/IMPL_WATCHLIST_IMPLEMENTATION_AUDIT_EXAMPLE.md
docs/watchlist/governance/audit/IMPL_WATCHLIST_IMPLEMENTATION_AUDIT_FOUNDATION.md,docs/watchlist/authority/governance/audit/IMPL_WATCHLIST_IMPLEMENTATION_AUDIT_FOUNDATION.md
docs/watchlist/governance/audit/IMPL_WATCHLIST_IMPLEMENTATION_AUDIT_REAL_API_REVIEW_EXAMPLE.md,docs/watchlist/authority/governance/audit/IMPL_WATCHLIST_IMPLEMENTATION_AUDIT_REAL_API_REVIEW_EXAMPLE.md
docs/watchlist/governance/audit/IMPL_WATCHLIST_IMPLEMENTATION_AUDIT_REAL_PERSISTENCE_REVIEW_EXAMPLE.md,docs/watchlist/authority/governance/audit/IMPL_WATCHLIST_IMPLEMENTATION_AUDIT_REAL_PERSISTENCE_REVIEW_EXAMPLE.md
docs/watchlist/governance/audit/IMPL_WATCHLIST_IMPLEMENTATION_AUDIT_SHORT.md,docs/watchlist/authority/governance/audit/IMPL_WATCHLIST_IMPLEMENTATION_AUDIT_SHORT.md
docs/watchlist/governance/audit/IMPL_WATCHLIST_IMPLEMENTATION_CHANGE_IMPACT_MATRIX.md,docs/watchlist/authority/governance/audit/IMPL_WATCHLIST_IMPLEMENTATION_CHANGE_IMPACT_MATRIX.md
docs/watchlist/governance/audit/IMPL_WATCHLIST_IMPLEMENTATION_CHECKLIST_FINAL.md,docs/watchlist/authority/governance/audit/IMPL_WATCHLIST_IMPLEMENTATION_CHECKLIST_FINAL.md
docs/watchlist/governance/audit/IMPL_WATCHLIST_IMPLEMENTATION_PROMPT_STANDARD.md,docs/watchlist/authority/governance/audit/IMPL_WATCHLIST_IMPLEMENTATION_PROMPT_STANDARD.md
docs/watchlist/governance/audit/IMPL_WATCHLIST_LAYER_C_APPLICABILITY_RULE.md,docs/watchlist/authority/governance/audit/IMPL_WATCHLIST_LAYER_C_APPLICABILITY_RULE.md
docs/watchlist/governance/audit/README.md,docs/watchlist/authority/governance/audit/README.md
docs/watchlist/governance/audit/WATCHLIST_AUDIT_CHECKLIST_FINAL.md,docs/watchlist/authority/governance/audit/WATCHLIST_AUDIT_CHECKLIST_FINAL.md
docs/watchlist/governance/audit/WATCHLIST_AUDIT_FOUNDATION.md,docs/watchlist/authority/governance/audit/WATCHLIST_AUDIT_FOUNDATION.md
docs/watchlist/governance/audit/WATCHLIST_AUDIT_PROMPT_STANDARD.md,docs/watchlist/authority/governance/audit/WATCHLIST_AUDIT_PROMPT_STANDARD.md
docs/watchlist/governance/audit/WATCHLIST_AUDIT_SHORT.md,docs/watchlist/authority/governance/audit/WATCHLIST_AUDIT_SHORT.md
docs/watchlist/history/ARCHIVE_INDEX.csv,docs/watchlist/records/history/ARCHIVE_INDEX.csv
docs/watchlist/history/README.md,docs/watchlist/records/history/README.md
docs/watchlist/history/REORGANIZATION_2026-08-18.md,docs/watchlist/records/history/REORGANIZATION_2026-08-18.md
docs/watchlist/history/archive/H0001_README.md,docs/watchlist/records/history/archive/H0001_README.md
docs/watchlist/history/archive/H0002_ARCHITECTURE_REFACTOR_REPORT.md,docs/watchlist/records/history/archive/H0002_ARCHITECTURE_REFACTOR_REPORT.md
docs/watchlist/history/archive/H0003_ARCHITECTURE_REFACTOR_VALIDATION.json,docs/watchlist/records/history/archive/H0003_ARCHITECTURE_REFACTOR_VALIDATION.json
docs/watchlist/history/archive/H0004_README.md,docs/watchlist/records/history/archive/H0004_README.md
docs/watchlist/history/archive/H0005_LEGACY_SYSTEM_README.md,docs/watchlist/records/history/archive/H0005_LEGACY_SYSTEM_README.md
docs/watchlist/history/archive/H0006_WATCHLIST_START_HERE_AND_BUILD_SEQUENCE_2026-08-18.md,docs/watchlist/records/history/archive/H0006_WATCHLIST_START_HERE_AND_BUILD_SEQUENCE_2026-08-18.md
docs/watchlist/history/archive/H0007_README.md,docs/watchlist/records/history/archive/H0007_README.md
docs/watchlist/history/archive/H0008_WS_BACKTEST_CAMPAIGN_ADDENDA_HISTORY.md,docs/watchlist/records/history/archive/H0008_WS_BACKTEST_CAMPAIGN_ADDENDA_HISTORY.md
docs/watchlist/history/archive/H0009_WS_BACKTEST_CAMPAIGN_EVIDENCE_MANIFEST_HISTORY.md,docs/watchlist/records/history/archive/H0009_WS_BACKTEST_CAMPAIGN_EVIDENCE_MANIFEST_HISTORY.md
docs/watchlist/history/archive/H0010_WS_CAMPAIGN_REASON_CODE_EXTENSIONS.md,docs/watchlist/records/history/archive/H0010_WS_CAMPAIGN_REASON_CODE_EXTENSIONS.md
docs/watchlist/history/archive/H0011_WS_CONTRACT_TEST_CAMPAIGN_ADDITIONS_HISTORY.md,docs/watchlist/records/history/archive/H0011_WS_CONTRACT_TEST_CAMPAIGN_ADDITIONS_HISTORY.md
docs/watchlist/history/archive/H0012_FINAL_STRATEGY_PURITY_CLEANUP_REPORT_2026-08-16.md,docs/watchlist/records/history/archive/H0012_FINAL_STRATEGY_PURITY_CLEANUP_REPORT_2026-08-16.md
docs/watchlist/history/archive/H0013_FINAL_STRATEGY_PURITY_VALIDATION_2026-08-16.json,docs/watchlist/records/history/archive/H0013_FINAL_STRATEGY_PURITY_VALIDATION_2026-08-16.json
docs/watchlist/history/archive/H0014_previous_STRATEGY_LAYER_CLEANUP_REPORT_2026-08-16.md,docs/watchlist/records/history/archive/H0014_previous_STRATEGY_LAYER_CLEANUP_REPORT_2026-08-16.md
docs/watchlist/history/archive/H0015_previous_STRATEGY_LAYER_CLEANUP_VALIDATION_2026-08-16.json,docs/watchlist/records/history/archive/H0015_previous_STRATEGY_LAYER_CLEANUP_VALIDATION_2026-08-16.json
docs/watchlist/history/archive/H0016_00_WS_SCOPE_LOCK.md,docs/watchlist/records/history/archive/H0016_00_WS_SCOPE_LOCK.md
docs/watchlist/history/archive/H0017_01_WS_OVERVIEW.md,docs/watchlist/records/history/archive/H0017_01_WS_OVERVIEW.md
docs/watchlist/history/archive/H0018_02_WS_CANONICAL_RUNTIME_FLOW.md,docs/watchlist/records/history/archive/H0018_02_WS_CANONICAL_RUNTIME_FLOW.md
docs/watchlist/history/archive/H0019_08_WS_PLAN_ALGORITHM.md,docs/watchlist/records/history/archive/H0019_08_WS_PLAN_ALGORITHM.md
docs/watchlist/history/archive/H0020_09_WS_DYNAMIC_SELECTION_DETERMINISTIC.md,docs/watchlist/records/history/archive/H0020_09_WS_DYNAMIC_SELECTION_DETERMINISTIC.md
docs/watchlist/history/archive/H0021_10_WS_CONFIRM_OVERLAY.md,docs/watchlist/records/history/archive/H0021_10_WS_CONFIRM_OVERLAY.md
docs/watchlist/history/archive/H0022_12_WS_BACKTEST_AND_CALIBRATION_STRATEGY.md,docs/watchlist/records/history/archive/H0022_12_WS_BACKTEST_AND_CALIBRATION_STRATEGY.md
docs/watchlist/history/archive/H0023_22_WS_RECOMMENDATION_OVERVIEW.md,docs/watchlist/records/history/archive/H0023_22_WS_RECOMMENDATION_OVERVIEW.md
docs/watchlist/history/archive/H0024_24_WS_RECOMMENDATION_ALGORITHM.md,docs/watchlist/records/history/archive/H0024_24_WS_RECOMMENDATION_ALGORITHM.md
docs/watchlist/history/archive/H0025_MIGRATION_NOTE.md,docs/watchlist/records/history/archive/H0025_MIGRATION_NOTE.md
docs/watchlist/history/archive/H0026_README.md,docs/watchlist/records/history/archive/H0026_README.md
docs/watchlist/history/archive/H0027_16_WS_EVAL_METRICS_SUFFICIENCY_LOCKED.md,docs/watchlist/records/history/archive/H0027_16_WS_EVAL_METRICS_SUFFICIENCY_LOCKED.md
docs/watchlist/history/archive/H0028_17_WS_WALK_FORWARD_OOS_PROOF_LOCKED.md,docs/watchlist/records/history/archive/H0028_17_WS_WALK_FORWARD_OOS_PROOF_LOCKED.md
docs/watchlist/history/archive/H0029_README.md,docs/watchlist/records/history/archive/H0029_README.md
docs/watchlist/history/archive/H0030_governance__STRATEGY_POLICY_FRAMEWORK.md,docs/watchlist/records/history/archive/H0030_governance__STRATEGY_POLICY_FRAMEWORK.md
docs/watchlist/history/archive/H0031_governance__WATCHLIST_CHANGE_IMPACT_MATRIX.md,docs/watchlist/records/history/archive/H0031_governance__WATCHLIST_CHANGE_IMPACT_MATRIX.md
docs/watchlist/history/archive/H0032_governance__WATCHLIST_OWNER_MATRIX.md,docs/watchlist/records/history/archive/H0032_governance__WATCHLIST_OWNER_MATRIX.md
docs/watchlist/history/archive/H0033_implementation__shared__README.md,docs/watchlist/records/history/archive/H0033_implementation__shared__README.md
docs/watchlist/history/archive/H0034_implementation_weekly_swing_fixtures_artifact_referenc_F4FAF874.json,docs/watchlist/records/history/archive/H0034_implementation_weekly_swing_fixtures_artifact_referenc_F4FAF874.json
docs/watchlist/history/archive/H0035_strategy__weekly_swing__00_WS_SCOPE_LOCK.md,docs/watchlist/records/history/archive/H0035_strategy__weekly_swing__00_WS_SCOPE_LOCK.md
docs/watchlist/history/archive/H0036_strategy__weekly_swing__01_WS_OVERVIEW.md,docs/watchlist/records/history/archive/H0036_strategy__weekly_swing__01_WS_OVERVIEW.md
docs/watchlist/history/archive/H0037_strategy__weekly_swing__02_WS_CANONICAL_RUNTIME_FLOW.md,docs/watchlist/records/history/archive/H0037_strategy__weekly_swing__02_WS_CANONICAL_RUNTIME_FLOW.md
docs/watchlist/history/archive/H0038_strategy__weekly_swing__08_WS_PLAN_ALGORITHM.md,docs/watchlist/records/history/archive/H0038_strategy__weekly_swing__08_WS_PLAN_ALGORITHM.md
docs/watchlist/history/archive/H0039_strategy__weekly_swing__09_WS_DYNAMIC_SELECTION_DETERMINISTIC.md,docs/watchlist/records/history/archive/H0039_strategy__weekly_swing__09_WS_DYNAMIC_SELECTION_DETERMINISTIC.md
docs/watchlist/history/archive/H0040_strategy__weekly_swing__10_WS_CONFIRM_OVERLAY.md,docs/watchlist/records/history/archive/H0040_strategy__weekly_swing__10_WS_CONFIRM_OVERLAY.md
docs/watchlist/history/archive/H0041_strategy__weekly_swing__12_WS_BACKTEST_SCHEMA_AND_CALIBRATION.md,docs/watchlist/records/history/archive/H0041_strategy__weekly_swing__12_WS_BACKTEST_SCHEMA_AND_CALIBRATION.md
docs/watchlist/history/archive/H0042_strategy__weekly_swing__README.md,docs/watchlist/records/history/archive/H0042_strategy__weekly_swing__README.md
docs/watchlist/history/archive/H0043_strategy_weekly_swing_validation_16_WS_EVAL_METRICS_SUFF_DDF1B526.md,docs/watchlist/records/history/archive/H0043_strategy_weekly_swing_validation_16_WS_EVAL_METRICS_SUFF_DDF1B526.md
docs/watchlist/history/archive/H0044_strategy_weekly_swing_validation_17_WS_WALK_FORWARD_OOS_1D444641.md,docs/watchlist/records/history/archive/H0044_strategy_weekly_swing_validation_17_WS_WALK_FORWARD_OOS_1D444641.md
docs/watchlist/history/archive/H0045_CONFIRM_OPTIONAL_NON_BLOCKING_ALIGNMENT_REPORT.md,docs/watchlist/records/history/archive/H0045_CONFIRM_OPTIONAL_NON_BLOCKING_ALIGNMENT_REPORT.md
docs/watchlist/history/archive/H0046_CONFIRM_OPTIONAL_NON_BLOCKING_VALIDATION.json,docs/watchlist/records/history/archive/H0046_CONFIRM_OPTIONAL_NON_BLOCKING_VALIDATION.json
docs/watchlist/history/archive/H0047_2026-08-17_end_to_end_strategy_lifecycle_alignment.md,docs/watchlist/records/history/archive/H0047_2026-08-17_end_to_end_strategy_lifecycle_alignment.md
docs/watchlist/history/archive/H0048_CROSS_DOMAIN_ALIGNMENT_REPORT.md,docs/watchlist/records/history/archive/H0048_CROSS_DOMAIN_ALIGNMENT_REPORT.md
docs/watchlist/history/archive/H0049_CROSS_DOMAIN_VALIDATION.json,docs/watchlist/records/history/archive/H0049_CROSS_DOMAIN_VALIDATION.json
docs/watchlist/history/archive/H0050_README.md,docs/watchlist/records/history/archive/H0050_README.md
docs/watchlist/history/archive/H0051_DATABASE_DICTIONARY_USAGE_RULE.md,docs/watchlist/records/history/archive/H0051_DATABASE_DICTIONARY_USAGE_RULE.md
docs/watchlist/history/archive/H0052_CONSUMER_READ_CONTRACT_LOCKED.md,docs/watchlist/records/history/archive/H0052_CONSUMER_READ_CONTRACT_LOCKED.md
docs/watchlist/history/archive/H0053_Downstream_Consumer_Read_Model_Contract_LOCKED.md,docs/watchlist/records/history/archive/H0053_Downstream_Consumer_Read_Model_Contract_LOCKED.md
docs/watchlist/history/archive/H0054_EOD_Indicators_Contract.md,docs/watchlist/records/history/archive/H0054_EOD_Indicators_Contract.md
docs/watchlist/history/archive/H0055_Hash_Number_Formatting_LOCKED.md,docs/watchlist/records/history/archive/H0055_Hash_Number_Formatting_LOCKED.md
docs/watchlist/history/archive/H0056_EOD_Indicators_Formula_Spec.md,docs/watchlist/records/history/archive/H0056_EOD_Indicators_Formula_Spec.md
docs/watchlist/history/archive/H0057_Corporate_Action_Type_Registry_LOCKED.md,docs/watchlist/records/history/archive/H0057_Corporate_Action_Type_Registry_LOCKED.md
docs/watchlist/history/archive/H0058_SYSTEM_CROSS_DOMAIN_INPUT_BASELINE.md,docs/watchlist/records/history/archive/H0058_SYSTEM_CROSS_DOMAIN_INPUT_BASELINE.md
docs/watchlist/history/archive/H0059_SYSTEM_READINESS_CONTRACT_TRACKER.md,docs/watchlist/records/history/archive/H0059_SYSTEM_READINESS_CONTRACT_TRACKER.md
docs/watchlist/history/archive/H0060_README.md,docs/watchlist/records/history/archive/H0060_README.md
docs/watchlist/history/archive/H0061_WATCHLIST_CHANGE_IMPACT_MATRIX.md,docs/watchlist/records/history/archive/H0061_WATCHLIST_CHANGE_IMPACT_MATRIX.md
docs/watchlist/history/archive/H0062_WATCHLIST_OWNER_MATRIX.md,docs/watchlist/records/history/archive/H0062_WATCHLIST_OWNER_MATRIX.md
docs/watchlist/history/archive/H0063_AUDIT_UPDATE_GOVERNANCE.md,docs/watchlist/records/history/archive/H0063_AUDIT_UPDATE_GOVERNANCE.md
docs/watchlist/history/archive/H0064_WATCHLIST_AUDIT_PROMPT_STANDARD.md,docs/watchlist/records/history/archive/H0064_WATCHLIST_AUDIT_PROMPT_STANDARD.md
docs/watchlist/history/archive/H0065_WATCHLIST_IMPLEMENTATION_PROMPT_STANDARD.md,docs/watchlist/records/history/archive/H0065_WATCHLIST_IMPLEMENTATION_PROMPT_STANDARD.md
docs/watchlist/history/archive/H0066_LUMEN_CONTRACT_TRACKER.md,docs/watchlist/records/history/archive/H0066_LUMEN_CONTRACT_TRACKER.md
docs/watchlist/history/archive/H0067_WATCHLIST_DB_DICTIONARY.md,docs/watchlist/records/history/archive/H0067_WATCHLIST_DB_DICTIONARY.md
docs/watchlist/history/archive/H0068_00_WS_SCOPE_LOCK.md,docs/watchlist/records/history/archive/H0068_00_WS_SCOPE_LOCK.md
docs/watchlist/history/archive/H0069_01_WS_OVERVIEW.md,docs/watchlist/records/history/archive/H0069_01_WS_OVERVIEW.md
docs/watchlist/history/archive/H0070_02_WS_CANONICAL_RUNTIME_FLOW.md,docs/watchlist/records/history/archive/H0070_02_WS_CANONICAL_RUNTIME_FLOW.md
docs/watchlist/history/archive/H0071_03_WS_CANDIDATE_ELIGIBILITY_AND_SETUP.md,docs/watchlist/records/history/archive/H0071_03_WS_CANDIDATE_ELIGIBILITY_AND_SETUP.md
docs/watchlist/history/archive/H0072_04_WS_END_TO_END_STRATEGY_LIFECYCLE.md,docs/watchlist/records/history/archive/H0072_04_WS_END_TO_END_STRATEGY_LIFECYCLE.md
docs/watchlist/history/archive/H0073_08_WS_PLAN_ALGORITHM.md,docs/watchlist/records/history/archive/H0073_08_WS_PLAN_ALGORITHM.md
docs/watchlist/history/archive/H0074_09_WS_CANDIDATE_CLASSIFICATION_DETERMINISTIC.md,docs/watchlist/records/history/archive/H0074_09_WS_CANDIDATE_CLASSIFICATION_DETERMINISTIC.md
docs/watchlist/history/archive/H0075_10_WS_CONFIRM_OVERLAY.md,docs/watchlist/records/history/archive/H0075_10_WS_CONFIRM_OVERLAY.md
docs/watchlist/history/archive/H0076_12_WS_BACKTEST_AND_CALIBRATION_STRATEGY.md,docs/watchlist/records/history/archive/H0076_12_WS_BACKTEST_AND_CALIBRATION_STRATEGY.md
docs/watchlist/history/archive/H0077_22_WS_RECOMMENDATION_OVERVIEW.md,docs/watchlist/records/history/archive/H0077_22_WS_RECOMMENDATION_OVERVIEW.md
docs/watchlist/history/archive/H0078_24_WS_RECOMMENDATION_ALGORITHM.md,docs/watchlist/records/history/archive/H0078_24_WS_RECOMMENDATION_ALGORITHM.md
docs/watchlist/history/archive/H0079_MIGRATION_NOTE.md,docs/watchlist/records/history/archive/H0079_MIGRATION_NOTE.md
docs/watchlist/history/archive/H0080_README_BEFORE_RENAME.md,docs/watchlist/records/history/archive/H0080_README_BEFORE_RENAME.md
docs/watchlist/history/archive/H0081_16_WS_EVAL_METRICS_SUFFICIENCY_LOCKED.md,docs/watchlist/records/history/archive/H0081_16_WS_EVAL_METRICS_SUFFICIENCY_LOCKED.md
docs/watchlist/history/archive/H0082_17_WS_WALK_FORWARD_OOS_PROOF_LOCKED.md,docs/watchlist/records/history/archive/H0082_17_WS_WALK_FORWARD_OOS_PROOF_LOCKED.md
docs/watchlist/history/archive/H0083_AUDIT_UPDATE_GOVERNANCE_CAMPAIGN_HISTORY.md,docs/watchlist/records/history/archive/H0083_AUDIT_UPDATE_GOVERNANCE_CAMPAIGN_HISTORY.md
docs/watchlist/history/archive/H0084_19_WS_DEPRECATED_OR_NONSCOPE_ARTIFACTS_LEDGER.md,docs/watchlist/records/history/archive/H0084_19_WS_DEPRECATED_OR_NONSCOPE_ARTIFACTS_LEDGER.md
docs/watchlist/history/archive/H0085_00_WS_SCOPE_LOCK.md,docs/watchlist/records/history/archive/H0085_00_WS_SCOPE_LOCK.md
docs/watchlist/history/archive/H0086_01_WS_OVERVIEW.md,docs/watchlist/records/history/archive/H0086_01_WS_OVERVIEW.md
docs/watchlist/history/archive/H0087_02_WS_CANONICAL_RUNTIME_FLOW.md,docs/watchlist/records/history/archive/H0087_02_WS_CANONICAL_RUNTIME_FLOW.md
docs/watchlist/history/archive/H0088_08_WS_PLAN_ALGORITHM.md,docs/watchlist/records/history/archive/H0088_08_WS_PLAN_ALGORITHM.md
docs/watchlist/history/archive/H0089_09_WS_DYNAMIC_SELECTION_DETERMINISTIC.md,docs/watchlist/records/history/archive/H0089_09_WS_DYNAMIC_SELECTION_DETERMINISTIC.md
docs/watchlist/history/archive/H0090_10_WS_CONFIRM_OVERLAY.md,docs/watchlist/records/history/archive/H0090_10_WS_CONFIRM_OVERLAY.md
docs/watchlist/history/archive/H0091_12_WS_BACKTEST_AND_CALIBRATION_STRATEGY.md,docs/watchlist/records/history/archive/H0091_12_WS_BACKTEST_AND_CALIBRATION_STRATEGY.md
docs/watchlist/history/archive/H0092_22_WS_RECOMMENDATION_OVERVIEW.md,docs/watchlist/records/history/archive/H0092_22_WS_RECOMMENDATION_OVERVIEW.md
docs/watchlist/history/archive/H0093_24_WS_RECOMMENDATION_ALGORITHM.md,docs/watchlist/records/history/archive/H0093_24_WS_RECOMMENDATION_ALGORITHM.md
docs/watchlist/history/archive/H0094_16_WS_EVAL_METRICS_SUFFICIENCY_LOCKED.md,docs/watchlist/records/history/archive/H0094_16_WS_EVAL_METRICS_SUFFICIENCY_LOCKED.md
docs/watchlist/history/archive/H0095_17_WS_WALK_FORWARD_OOS_PROOF_LOCKED.md,docs/watchlist/records/history/archive/H0095_17_WS_WALK_FORWARD_OOS_PROOF_LOCKED.md
docs/watchlist/history/archive/H0096_WS_CONFIRM_OUTPUT_NON_RECOMMENDED_CANDIDATE.json,docs/watchlist/records/history/archive/H0096_WS_CONFIRM_OUTPUT_NON_RECOMMENDED_CANDIDATE.json
docs/watchlist/history/archive/H0097_WS_PLAN_CONFIRM_RUNTIME_PAIR_EXAMPLE_A.json,docs/watchlist/records/history/archive/H0097_WS_PLAN_CONFIRM_RUNTIME_PAIR_EXAMPLE_A.json
docs/watchlist/history/archive/H0098_candidate_confirm_non_recommended.json,docs/watchlist/records/history/archive/H0098_candidate_confirm_non_recommended.json
docs/watchlist/history/archive/H0099_README.md,docs/watchlist/records/history/archive/H0099_README.md
docs/watchlist/history/archive/H0100_WS_D1_CONFIRM_ACTIONABILITY.md,docs/watchlist/records/history/archive/H0100_WS_D1_CONFIRM_ACTIONABILITY.md
docs/watchlist/history/archive/H0101_WS_END_TO_END_STRATEGY_LIFECYCLE.md,docs/watchlist/records/history/archive/H0101_WS_END_TO_END_STRATEGY_LIFECYCLE.md
docs/watchlist/history/archive/H0102_WS_HISTORICAL_EVALUATION_STRATEGY.md,docs/watchlist/records/history/archive/H0102_WS_HISTORICAL_EVALUATION_STRATEGY.md
docs/watchlist/history/archive/H0103_WS_PRODUCT_OBJECTIVE_AND_LAYERS.md,docs/watchlist/records/history/archive/H0103_WS_PRODUCT_OBJECTIVE_AND_LAYERS.md
docs/watchlist/history/archive/H0104_WS_RUNTIME_FLOW.md,docs/watchlist/records/history/archive/H0104_WS_RUNTIME_FLOW.md
docs/watchlist/history/archive/H0105_WS_SCOPE_AND_SUCCESS_CRITERIA.md,docs/watchlist/records/history/archive/H0105_WS_SCOPE_AND_SUCCESS_CRITERIA.md
docs/watchlist/history/archive/H0106_WS_TOP_PICKS_QUALIFICATION_AND_RANKING.md,docs/watchlist/records/history/archive/H0106_WS_TOP_PICKS_QUALIFICATION_AND_RANKING.md
docs/watchlist/history/archive/H0107_WS_TOP_PICKS_RECOMMENDATION.md,docs/watchlist/records/history/archive/H0107_WS_TOP_PICKS_RECOMMENDATION.md
docs/watchlist/history/archive/H0108_WS_OOS_STRESS_SHADOW_AND_PRODUCTION_PROOF.md,docs/watchlist/records/history/archive/H0108_WS_OOS_STRESS_SHADOW_AND_PRODUCTION_PROOF.md
docs/watchlist/history/archive/H0109_00_WS_SCOPE_LOCK.md,docs/watchlist/records/history/archive/H0109_00_WS_SCOPE_LOCK.md
docs/watchlist/history/archive/H0110_01_WS_OVERVIEW.md,docs/watchlist/records/history/archive/H0110_01_WS_OVERVIEW.md
docs/watchlist/history/archive/H0111_02_WS_CANONICAL_RUNTIME_FLOW.md,docs/watchlist/records/history/archive/H0111_02_WS_CANONICAL_RUNTIME_FLOW.md
docs/watchlist/history/archive/H0112_03_WS_CANDIDATE_ELIGIBILITY_AND_SETUP.md,docs/watchlist/records/history/archive/H0112_03_WS_CANDIDATE_ELIGIBILITY_AND_SETUP.md
docs/watchlist/history/archive/H0113_08_WS_PLAN_ALGORITHM.md,docs/watchlist/records/history/archive/H0113_08_WS_PLAN_ALGORITHM.md
docs/watchlist/history/archive/H0114_09_WS_CANDIDATE_CLASSIFICATION_DETERMINISTIC.md,docs/watchlist/records/history/archive/H0114_09_WS_CANDIDATE_CLASSIFICATION_DETERMINISTIC.md
docs/watchlist/history/archive/H0115_10_WS_CONFIRM_OVERLAY.md,docs/watchlist/records/history/archive/H0115_10_WS_CONFIRM_OVERLAY.md
docs/watchlist/history/archive/H0116_12_WS_BACKTEST_AND_CALIBRATION_STRATEGY.md,docs/watchlist/records/history/archive/H0116_12_WS_BACKTEST_AND_CALIBRATION_STRATEGY.md
docs/watchlist/history/archive/H0117_22_WS_RECOMMENDATION_OVERVIEW.md,docs/watchlist/records/history/archive/H0117_22_WS_RECOMMENDATION_OVERVIEW.md
docs/watchlist/history/archive/H0118_24_WS_RECOMMENDATION_ALGORITHM.md,docs/watchlist/records/history/archive/H0118_24_WS_RECOMMENDATION_ALGORITHM.md
docs/watchlist/history/archive/H0119_README.md,docs/watchlist/records/history/archive/H0119_README.md
docs/watchlist/history/archive/H0120_README_SNAPSHOT.md,docs/watchlist/records/history/archive/H0120_README_SNAPSHOT.md
docs/watchlist/history/archive/H0121_16_WS_EVAL_METRICS_SUFFICIENCY_LOCKED.md,docs/watchlist/records/history/archive/H0121_16_WS_EVAL_METRICS_SUFFICIENCY_LOCKED.md
docs/watchlist/history/archive/H0122_17_WS_WALK_FORWARD_OOS_PROOF_LOCKED.md,docs/watchlist/records/history/archive/H0122_17_WS_WALK_FORWARD_OOS_PROOF_LOCKED.md
docs/watchlist/history/archive/H0123_README.md,docs/watchlist/records/history/archive/H0123_README.md
docs/watchlist/history/archive/H0124_WS_CANDIDATE_ELIGIBILITY_AND_SETUP.md,docs/watchlist/records/history/archive/H0124_WS_CANDIDATE_ELIGIBILITY_AND_SETUP.md
docs/watchlist/history/archive/H0125_WS_D1_CONFIRM_ACTIONABILITY.md,docs/watchlist/records/history/archive/H0125_WS_D1_CONFIRM_ACTIONABILITY.md
docs/watchlist/history/archive/H0126_WS_END_TO_END_STRATEGY_LIFECYCLE.md,docs/watchlist/records/history/archive/H0126_WS_END_TO_END_STRATEGY_LIFECYCLE.md
docs/watchlist/history/archive/H0127_WS_HISTORICAL_EVALUATION_STRATEGY.md,docs/watchlist/records/history/archive/H0127_WS_HISTORICAL_EVALUATION_STRATEGY.md
docs/watchlist/history/archive/H0128_WS_PLAN_SCORING_AND_TRADE_PLAN.md,docs/watchlist/records/history/archive/H0128_WS_PLAN_SCORING_AND_TRADE_PLAN.md
docs/watchlist/history/archive/H0129_WS_PRODUCT_OBJECTIVE_AND_LAYERS.md,docs/watchlist/records/history/archive/H0129_WS_PRODUCT_OBJECTIVE_AND_LAYERS.md
docs/watchlist/history/archive/H0130_WS_RUNTIME_FLOW.md,docs/watchlist/records/history/archive/H0130_WS_RUNTIME_FLOW.md
docs/watchlist/history/archive/H0131_README.md,docs/watchlist/records/history/archive/H0131_README.md
docs/watchlist/history/archive/H0132_REORG_decisions__README.md,docs/watchlist/records/history/archive/H0132_REORG_decisions__README.md
docs/watchlist/history/archive/H0133_REORG_decisions__weekly_swing__README.md,docs/watchlist/records/history/archive/H0133_REORG_decisions__weekly_swing__README.md
docs/watchlist/history/archive/H0134_REORG_evidence__README.md,docs/watchlist/records/history/archive/H0134_REORG_evidence__README.md
docs/watchlist/history/archive/H0135_REORG_evidence__weekly_swing__README.md,docs/watchlist/records/history/archive/H0135_REORG_evidence__weekly_swing__README.md
docs/watchlist/history/archive/H0136_REORG_findings__README.md,docs/watchlist/records/history/archive/H0136_REORG_findings__README.md
docs/watchlist/history/archive/H0137_REORG_findings__weekly_swing__README.md,docs/watchlist/records/history/archive/H0137_REORG_findings__weekly_swing__README.md
docs/watchlist/history/archive/H0138_REORG_findings__weekly_swing__open__README.md,docs/watchlist/records/history/archive/H0138_REORG_findings__weekly_swing__open__README.md
docs/watchlist/history/archive/H0139_REORG_findings__weekly_swing__resolved__README.md,docs/watchlist/records/history/archive/H0139_REORG_findings__weekly_swing__resolved__README.md
docs/watchlist/history/archive/H0140_REORG_implementation__README.md,docs/watchlist/records/history/archive/H0140_REORG_implementation__README.md
docs/watchlist/history/archive/H0141_REORG_implementation__persistence__README.md,docs/watchlist/records/history/archive/H0141_REORG_implementation__persistence__README.md
docs/watchlist/history/archive/H0142_REORG_implementation__shared__README.md,docs/watchlist/records/history/archive/H0142_REORG_implementation__shared__README.md
docs/watchlist/history/archive/H0143_REORG_implementation__weekly_swing__README.md,docs/watchlist/records/history/archive/H0143_REORG_implementation__weekly_swing__README.md
docs/watchlist/history/archive/H0144_REORG_implementation__weekly_swing__db__README.md,docs/watchlist/records/history/archive/H0144_REORG_implementation__weekly_swing__db__README.md
docs/watchlist/history/archive/H0145_REORG_implementation__weekly_swing__examples__README.md,docs/watchlist/records/history/archive/H0145_REORG_implementation__weekly_swing__examples__README.md
docs/watchlist/history/archive/H0146_REORG_implementation__weekly_swing__fixtures__README.md,docs/watchlist/records/history/archive/H0146_REORG_implementation__weekly_swing__fixtures__README.md
docs/watchlist/history/archive/H0147_REORG_research__README.md,docs/watchlist/records/history/archive/H0147_REORG_research__README.md
docs/watchlist/history/archive/H0148_REORG_research__weekly_swing__README.md,docs/watchlist/records/history/archive/H0148_REORG_research__weekly_swing__README.md
docs/watchlist/history/archive/H0149_REORG_research__weekly_swing__campaign_contracts__README.md,docs/watchlist/records/history/archive/H0149_REORG_research__weekly_swing__campaign_contracts__README.md
docs/watchlist/history/archive/H0150_REORG_strategy__README.md,docs/watchlist/records/history/archive/H0150_REORG_strategy__README.md
docs/watchlist/history/archive/H0151_REORG_strategy__weekly_swing__README.md,docs/watchlist/records/history/archive/H0151_REORG_strategy__weekly_swing__README.md
docs/watchlist/history/archive/H0152_DOCUMENT_CHANGE_POLICY_PRE_RECORDING_STANDARD.md,docs/watchlist/records/history/archive/H0152_DOCUMENT_CHANGE_POLICY_PRE_RECORDING_STANDARD.md
docs/watchlist/history/archive/H0153_DOCUMENTATION_ARCHITECTURE_PRE_RECORDING_STANDARD.md,docs/watchlist/records/history/archive/H0153_DOCUMENTATION_ARCHITECTURE_PRE_RECORDING_STANDARD.md
docs/watchlist/history/archive/H0154_WATCHLIST_DOCUMENT_AUTHORITY_PRE_RECORDING_STANDARD.md,docs/watchlist/records/history/archive/H0154_WATCHLIST_DOCUMENT_AUTHORITY_PRE_RECORDING_STANDARD.md
docs/watchlist/history/archive/H0155_WATCHLIST_OWNER_MATRIX_PRE_RECORDING_STANDARD.md,docs/watchlist/records/history/archive/H0155_WATCHLIST_OWNER_MATRIX_PRE_RECORDING_STANDARD.md
docs/watchlist/history/archive/H0156_AUDIT_UPDATE_GOVERNANCE_PRE_RECORDING_STANDARD.md,docs/watchlist/records/history/archive/H0156_AUDIT_UPDATE_GOVERNANCE_PRE_RECORDING_STANDARD.md
docs/watchlist/history/archive/H0157_GOVERNANCE_README_PRE_RECORDING_STANDARD.md,docs/watchlist/records/history/archive/H0157_GOVERNANCE_README_PRE_RECORDING_STANDARD.md
docs/watchlist/history/archive/H0158_DOCUMENT_RECORDING_STANDARD_ADOPTION_REPORT.md,docs/watchlist/records/history/archive/H0158_DOCUMENT_RECORDING_STANDARD_ADOPTION_REPORT.md
docs/watchlist/history/archive/H0159_DOCUMENT_RECORDING_STANDARD_VALIDATION_2026-08-18.json,docs/watchlist/records/history/archive/H0159_DOCUMENT_RECORDING_STANDARD_VALIDATION_2026-08-18.json
docs/watchlist/history/archive/H0160_DOCUMENT_RECORDING_STANDARD_PRE_STAGE_PROTOCOL.md,docs/watchlist/records/history/archive/H0160_DOCUMENT_RECORDING_STANDARD_PRE_STAGE_PROTOCOL.md
docs/watchlist/history/archive/H0161_AUDIT_UPDATE_GOVERNANCE_PRE_STAGE_PROTOCOL.md,docs/watchlist/records/history/archive/H0161_AUDIT_UPDATE_GOVERNANCE_PRE_STAGE_PROTOCOL.md
docs/watchlist/history/archive/H0162_GOVERNANCE_README_PRE_STAGE_PROTOCOL.md,docs/watchlist/records/history/archive/H0162_GOVERNANCE_README_PRE_STAGE_PROTOCOL.md
docs/watchlist/history/archive/H0163_WS_BUILD_SEQUENCE_PRE_STAGE_PROTOCOL.md,docs/watchlist/records/history/archive/H0163_WS_BUILD_SEQUENCE_PRE_STAGE_PROTOCOL.md
docs/watchlist/history/archive/H0164_DOCUMENT_RECORDING_STANDARD_PRE_RESIDUE.md,docs/watchlist/records/history/archive/H0164_DOCUMENT_RECORDING_STANDARD_PRE_RESIDUE.md
docs/watchlist/history/archive/H0165_STAGE_EXECUTION_STANDARD_PRE_RESIDUE.md,docs/watchlist/records/history/archive/H0165_STAGE_EXECUTION_STANDARD_PRE_RESIDUE.md
docs/watchlist/history/archive/H0166_GOVERNANCE_README_PRE_RESIDUE.md,docs/watchlist/records/history/archive/H0166_GOVERNANCE_README_PRE_RESIDUE.md
docs/watchlist/history/archive/H0167_OWNER_MATRIX_PRE_RESIDUE.md,docs/watchlist/records/history/archive/H0167_OWNER_MATRIX_PRE_RESIDUE.md
docs/watchlist/history/archive/H0168_BUILD_SEQUENCE_PRE_RESIDUE.md,docs/watchlist/records/history/archive/H0168_BUILD_SEQUENCE_PRE_RESIDUE.md
docs/watchlist/history/archive/H0169_DOCUMENT_RECORDING_STANDARD_PRE_TRACEABILITY.md,docs/watchlist/records/history/archive/H0169_DOCUMENT_RECORDING_STANDARD_PRE_TRACEABILITY.md
docs/watchlist/history/archive/H0170_STAGE_EXECUTION_STANDARD_PRE_TRACEABILITY.md,docs/watchlist/records/history/archive/H0170_STAGE_EXECUTION_STANDARD_PRE_TRACEABILITY.md
docs/watchlist/history/archive/H0171_RESIDUE_STANDARD_PRE_TRACEABILITY.md,docs/watchlist/records/history/archive/H0171_RESIDUE_STANDARD_PRE_TRACEABILITY.md
docs/watchlist/history/archive/H0172_OWNER_MATRIX_PRE_TRACEABILITY.md,docs/watchlist/records/history/archive/H0172_OWNER_MATRIX_PRE_TRACEABILITY.md
docs/watchlist/history/archive/H0173_DOCUMENT_AUTHORITY_PRE_TRACEABILITY.md,docs/watchlist/records/history/archive/H0173_DOCUMENT_AUTHORITY_PRE_TRACEABILITY.md
docs/watchlist/history/archive/H0174_DOC_ARCHITECTURE_PRE_TRACEABILITY.md,docs/watchlist/records/history/archive/H0174_DOC_ARCHITECTURE_PRE_TRACEABILITY.md
docs/watchlist/history/archive/H0175_GOVERNANCE_README_PRE_TRACEABILITY.md,docs/watchlist/records/history/archive/H0175_GOVERNANCE_README_PRE_TRACEABILITY.md
docs/watchlist/history/archive/H0176_START_HERE_PRE_TRACEABILITY.md,docs/watchlist/records/history/archive/H0176_START_HERE_PRE_TRACEABILITY.md
docs/watchlist/history/archive/H0177_BUILD_SEQUENCE_PRE_TRACEABILITY.md,docs/watchlist/records/history/archive/H0177_BUILD_SEQUENCE_PRE_TRACEABILITY.md
docs/watchlist/history/archive/H0178_STAGE_REGISTER_PRE_TRACEABILITY.md,docs/watchlist/records/history/archive/H0178_STAGE_REGISTER_PRE_TRACEABILITY.md
docs/watchlist/history/archive/H0179_DOC_ARCHITECTURE_PRE_ROOT_GROUPING.md,docs/watchlist/records/history/archive/H0179_DOC_ARCHITECTURE_PRE_ROOT_GROUPING.md
docs/watchlist/history/archive/H0180_OWNER_MATRIX_PRE_ROOT_GROUPING.md,docs/watchlist/records/history/archive/H0180_OWNER_MATRIX_PRE_ROOT_GROUPING.md
docs/watchlist/history/archive/H0181_ROOT_README_PRE_ROOT_GROUPING.md,docs/watchlist/records/history/archive/H0181_ROOT_README_PRE_ROOT_GROUPING.md
docs/watchlist/history/archive/H0182_START_HERE_PRE_ROOT_GROUPING.md,docs/watchlist/records/history/archive/H0182_START_HERE_PRE_ROOT_GROUPING.md
docs/watchlist/history/archive/H0183_GOVERNANCE_README_PRE_ROOT_GROUPING.md,docs/watchlist/records/history/archive/H0183_GOVERNANCE_README_PRE_ROOT_GROUPING.md
docs/watchlist/implementation/CONFIRM_OPTIONAL_NON_BLOCKING_IMPLEMENTATION_GUARD.md,docs/watchlist/development/implementation/CONFIRM_OPTIONAL_NON_BLOCKING_IMPLEMENTATION_GUARD.md
docs/watchlist/implementation/MARKET_DATA_INTAKE_IMPLEMENTATION_CONTRACT.md,docs/watchlist/development/implementation/MARKET_DATA_INTAKE_IMPLEMENTATION_CONTRACT.md
docs/watchlist/implementation/README.md,docs/watchlist/development/implementation/README.md
docs/watchlist/implementation/STRATEGY_ALIGNMENT_REQUIRED.md,docs/watchlist/development/implementation/STRATEGY_ALIGNMENT_REQUIRED.md
docs/watchlist/implementation/WS_IMPLEMENTATION_BUILD_SEQUENCE.md,docs/watchlist/development/implementation/WS_IMPLEMENTATION_BUILD_SEQUENCE.md
docs/watchlist/implementation/WS_IMPLEMENTATION_STAGE_REGISTER.md,docs/watchlist/development/implementation/WS_IMPLEMENTATION_STAGE_REGISTER.md
docs/watchlist/implementation/contracts/CONTRACT_FAILURE_CODES_LOCKED.md,docs/watchlist/development/implementation/contracts/CONTRACT_FAILURE_CODES_LOCKED.md
docs/watchlist/implementation/contracts/CONTRACT_TESTS_GLOBAL.md,docs/watchlist/development/implementation/contracts/CONTRACT_TESTS_GLOBAL.md
docs/watchlist/implementation/contracts/EXECUTION_CANONICAL_GLOBAL.md,docs/watchlist/development/implementation/contracts/EXECUTION_CANONICAL_GLOBAL.md
docs/watchlist/implementation/contracts/PARAMSET_CONTRACT_GLOBAL.md,docs/watchlist/development/implementation/contracts/PARAMSET_CONTRACT_GLOBAL.md
docs/watchlist/implementation/contracts/README.md,docs/watchlist/development/implementation/contracts/README.md
docs/watchlist/implementation/contracts/SCHEMA_PARITY_RULES.md,docs/watchlist/development/implementation/contracts/SCHEMA_PARITY_RULES.md
docs/watchlist/implementation/contracts/VALIDATOR_SPEC_GLOBAL.md,docs/watchlist/development/implementation/contracts/VALIDATOR_SPEC_GLOBAL.md
docs/watchlist/implementation/contracts/WS_BACKTEST_ARTIFACT_MANIFEST_LOCKED.md,docs/watchlist/development/implementation/contracts/WS_BACKTEST_ARTIFACT_MANIFEST_LOCKED.md
docs/watchlist/implementation/contracts/WS_BACKTEST_EVALUATION_TECHNICAL_CONTRACT.md,docs/watchlist/development/implementation/contracts/WS_BACKTEST_EVALUATION_TECHNICAL_CONTRACT.md
docs/watchlist/implementation/contracts/WS_BACKTEST_OOS_RUNTIME_IMPLEMENTATION_CONTRACT.md,docs/watchlist/development/implementation/contracts/WS_BACKTEST_OOS_RUNTIME_IMPLEMENTATION_CONTRACT.md
docs/watchlist/implementation/contracts/WS_BACKTEST_PERSISTENCE_AND_UNIVERSE_SCHEMA_CONTRACT.md,docs/watchlist/development/implementation/contracts/WS_BACKTEST_PERSISTENCE_AND_UNIVERSE_SCHEMA_CONTRACT.md
docs/watchlist/implementation/contracts/WS_DATA_MODEL_MARIADB.md,docs/watchlist/development/implementation/contracts/WS_DATA_MODEL_MARIADB.md
docs/watchlist/implementation/contracts/WS_INTRADAY_SNAPSHOT_TABLES.md,docs/watchlist/development/implementation/contracts/WS_INTRADAY_SNAPSHOT_TABLES.md
docs/watchlist/implementation/contracts/WS_PARAMETER_REGISTRY_COMPLETE.md,docs/watchlist/development/implementation/contracts/WS_PARAMETER_REGISTRY_COMPLETE.md
docs/watchlist/implementation/contracts/WS_PARAMSET_JSON_CONTRACT.md,docs/watchlist/development/implementation/contracts/WS_PARAMSET_JSON_CONTRACT.md
docs/watchlist/implementation/contracts/WS_PARAMSET_VALIDATOR_SPEC.md,docs/watchlist/development/implementation/contracts/WS_PARAMSET_VALIDATOR_SPEC.md
docs/watchlist/implementation/contracts/WS_REASON_CODES_AND_HASH.md,docs/watchlist/development/implementation/contracts/WS_REASON_CODES_AND_HASH.md
docs/watchlist/implementation/contracts/WS_RECOMMENDATION_INPUT_OUTPUT_CONTRACT.md,docs/watchlist/development/implementation/contracts/WS_RECOMMENDATION_INPUT_OUTPUT_CONTRACT.md
docs/watchlist/implementation/db/BACKTEST_OOS_RUNTIME_GAP_CLOSURE.sql,docs/watchlist/development/implementation/db/BACKTEST_OOS_RUNTIME_GAP_CLOSURE.sql
docs/watchlist/implementation/db/BACKTEST_OOS_RUNTIME_VERIFY.sql,docs/watchlist/development/implementation/db/BACKTEST_OOS_RUNTIME_VERIFY.sql
docs/watchlist/implementation/db/BACKTEST_PARAM_GRID_SEED.sql,docs/watchlist/development/implementation/db/BACKTEST_PARAM_GRID_SEED.sql
docs/watchlist/implementation/db/BACKTEST_SCHEMA_DDL.sql,docs/watchlist/development/implementation/db/BACKTEST_SCHEMA_DDL.sql
docs/watchlist/implementation/db/DB_DDL_MARIADB.sql,docs/watchlist/development/implementation/db/DB_DDL_MARIADB.sql
docs/watchlist/implementation/db/DB_INDEXES_AND_CONSTRAINTS.md,docs/watchlist/development/implementation/db/DB_INDEXES_AND_CONSTRAINTS.md
docs/watchlist/implementation/db/DB_OVERVIEW.md,docs/watchlist/development/implementation/db/DB_OVERVIEW.md
docs/watchlist/implementation/db/DB_SCHEMA_MARIADB.md,docs/watchlist/development/implementation/db/DB_SCHEMA_MARIADB.md
docs/watchlist/implementation/db/DB_SEED_GLOBAL.sql,docs/watchlist/development/implementation/db/DB_SEED_GLOBAL.sql
docs/watchlist/implementation/db/MIGRATIONS.sql,docs/watchlist/development/implementation/db/MIGRATIONS.sql
docs/watchlist/implementation/db/PARAMSET_WS_ACTIVE_EXAMPLE.json,docs/watchlist/development/implementation/db/PARAMSET_WS_ACTIVE_EXAMPLE.json
docs/watchlist/implementation/db/PLAN_UNIVERSE_SNAPSHOT_SCHEMA.md,docs/watchlist/development/implementation/db/PLAN_UNIVERSE_SNAPSHOT_SCHEMA.md
docs/watchlist/implementation/db/PROMOTE_PARAMSET.sql,docs/watchlist/development/implementation/db/PROMOTE_PARAMSET.sql
docs/watchlist/implementation/db/README.md,docs/watchlist/development/implementation/db/README.md
docs/watchlist/implementation/db/REASON_CODES_SEED.sql,docs/watchlist/development/implementation/db/REASON_CODES_SEED.sql
docs/watchlist/implementation/db/RECOMMENDATION_RUNTIME_SCHEMA.md,docs/watchlist/development/implementation/db/RECOMMENDATION_RUNTIME_SCHEMA.md
docs/watchlist/implementation/db/WATCHLIST_DB_DICTIONARY.md,docs/watchlist/development/implementation/db/WATCHLIST_DB_DICTIONARY.md
docs/watchlist/implementation/examples/README.md,docs/watchlist/development/implementation/examples/README.md
docs/watchlist/implementation/examples/WS_CONFIRM_RUNTIME_OUTPUT_EXAMPLE_A.json,docs/watchlist/development/implementation/examples/WS_CONFIRM_RUNTIME_OUTPUT_EXAMPLE_A.json
docs/watchlist/implementation/examples/WS_CONFIRM_UNAVAILABLE_RETRYABLE_EXAMPLE.json,docs/watchlist/development/implementation/examples/WS_CONFIRM_UNAVAILABLE_RETRYABLE_EXAMPLE.json
docs/watchlist/implementation/examples/WS_PLAN_RECOMMENDATION_CONFIRM_TRIPLE_EXAMPLE_A.json,docs/watchlist/development/implementation/examples/WS_PLAN_RECOMMENDATION_CONFIRM_TRIPLE_EXAMPLE_A.json
docs/watchlist/implementation/examples/WS_PLAN_RECOMMENDATION_PAIR_EXAMPLE_A.json,docs/watchlist/development/implementation/examples/WS_PLAN_RECOMMENDATION_PAIR_EXAMPLE_A.json
docs/watchlist/implementation/examples/WS_PLAN_REC_CONFIRM_COMPOSITE_EXAMPLE.json,docs/watchlist/development/implementation/examples/WS_PLAN_REC_CONFIRM_COMPOSITE_EXAMPLE.json
docs/watchlist/implementation/examples/WS_PLAN_RUNTIME_OUTPUT_EXAMPLE_A.json,docs/watchlist/development/implementation/examples/WS_PLAN_RUNTIME_OUTPUT_EXAMPLE_A.json
docs/watchlist/implementation/examples/WS_PLAN_RUNTIME_OUTPUT_EXAMPLE_NO_TRADE.json,docs/watchlist/development/implementation/examples/WS_PLAN_RUNTIME_OUTPUT_EXAMPLE_NO_TRADE.json
docs/watchlist/implementation/examples/WS_RECOMMENDATION_RUNTIME_OUTPUT_EMPTY.json,docs/watchlist/development/implementation/examples/WS_RECOMMENDATION_RUNTIME_OUTPUT_EMPTY.json
docs/watchlist/implementation/examples/WS_RECOMMENDATION_RUNTIME_OUTPUT_EMPTY_DETAILED.json,docs/watchlist/development/implementation/examples/WS_RECOMMENDATION_RUNTIME_OUTPUT_EMPTY_DETAILED.json
docs/watchlist/implementation/examples/WS_RECOMMENDATION_RUNTIME_OUTPUT_EXAMPLE_A.json,docs/watchlist/development/implementation/examples/WS_RECOMMENDATION_RUNTIME_OUTPUT_EXAMPLE_A.json
docs/watchlist/implementation/examples/WS_RECOMMENDATION_RUNTIME_OUTPUT_EXAMPLE_B.json,docs/watchlist/development/implementation/examples/WS_RECOMMENDATION_RUNTIME_OUTPUT_EXAMPLE_B.json
docs/watchlist/implementation/guides/README.md,docs/watchlist/development/implementation/guides/README.md
docs/watchlist/implementation/guides/WS_API_GUIDANCE.md,docs/watchlist/development/implementation/guides/WS_API_GUIDANCE.md
docs/watchlist/implementation/guides/WS_CANONICAL_FIELD_MATRIX.md,docs/watchlist/development/implementation/guides/WS_CANONICAL_FIELD_MATRIX.md
docs/watchlist/implementation/guides/WS_CANONICAL_PARAMSET_PROCEDURES.md,docs/watchlist/development/implementation/guides/WS_CANONICAL_PARAMSET_PROCEDURES.md
docs/watchlist/implementation/guides/WS_CATALOG_CANDIDATE_C27_RAW_OHLC_VALIDATION_NOTE.md,docs/watchlist/development/implementation/guides/WS_CATALOG_CANDIDATE_C27_RAW_OHLC_VALIDATION_NOTE.md
docs/watchlist/implementation/guides/WS_CATALOG_CANDIDATE_C28_RULE_REVISION_TIEBREAK_NOTE.md,docs/watchlist/development/implementation/guides/WS_CATALOG_CANDIDATE_C28_RULE_REVISION_TIEBREAK_NOTE.md
docs/watchlist/implementation/guides/WS_DELIVERY_CHECKLIST.md,docs/watchlist/development/implementation/guides/WS_DELIVERY_CHECKLIST.md
docs/watchlist/implementation/guides/WS_FAILURE_BEHAVIOR_MATRIX.md,docs/watchlist/development/implementation/guides/WS_FAILURE_BEHAVIOR_MATRIX.md
docs/watchlist/implementation/guides/WS_FIXTURE_INVENTORY.md,docs/watchlist/development/implementation/guides/WS_FIXTURE_INVENTORY.md
docs/watchlist/implementation/guides/WS_GLOSSARY_REFERENCE.md,docs/watchlist/development/implementation/guides/WS_GLOSSARY_REFERENCE.md
docs/watchlist/implementation/guides/WS_IMPLEMENTATION_BLUEPRINT.md,docs/watchlist/development/implementation/guides/WS_IMPLEMENTATION_BLUEPRINT.md
docs/watchlist/implementation/guides/WS_IMPLEMENTATION_SCOPE_AND_BOUNDARY.md,docs/watchlist/development/implementation/guides/WS_IMPLEMENTATION_SCOPE_AND_BOUNDARY.md
docs/watchlist/implementation/guides/WS_MANUAL_INPUT_TEMPLATE.md,docs/watchlist/development/implementation/guides/WS_MANUAL_INPUT_TEMPLATE.md
docs/watchlist/implementation/guides/WS_MODULE_MAPPING.md,docs/watchlist/development/implementation/guides/WS_MODULE_MAPPING.md
docs/watchlist/implementation/guides/WS_PARAMETER_COVERAGE_MATRIX.md,docs/watchlist/development/implementation/guides/WS_PARAMETER_COVERAGE_MATRIX.md
docs/watchlist/implementation/guides/WS_PERSISTENCE_GUIDANCE.md,docs/watchlist/development/implementation/guides/WS_PERSISTENCE_GUIDANCE.md
docs/watchlist/implementation/guides/WS_RUNTIME_ARTIFACT_FLOW.md,docs/watchlist/development/implementation/guides/WS_RUNTIME_ARTIFACT_FLOW.md
docs/watchlist/implementation/guides/WS_RUNTIME_OUTPUT_EXAMPLES.md,docs/watchlist/development/implementation/guides/WS_RUNTIME_OUTPUT_EXAMPLES.md
docs/watchlist/implementation/guides/WS_TEST_IMPLEMENTATION_GUIDANCE.md,docs/watchlist/development/implementation/guides/WS_TEST_IMPLEMENTATION_GUIDANCE.md
docs/watchlist/implementation/guides/WS_WORKED_EXAMPLE_E2E.md,docs/watchlist/development/implementation/guides/WS_WORKED_EXAMPLE_E2E.md
docs/watchlist/implementation/tests/PLAN_FIXTURE_A_TIES_V1.json,docs/watchlist/development/implementation/tests/PLAN_FIXTURE_A_TIES_V1.json
docs/watchlist/implementation/tests/README.md,docs/watchlist/development/implementation/tests/README.md
docs/watchlist/implementation/tests/WS_BT_COVERAGE_MATRIX_LOCKED.md,docs/watchlist/development/implementation/tests/WS_BT_COVERAGE_MATRIX_LOCKED.md
docs/watchlist/implementation/tests/WS_CONTRACT_TEST_CHECKLIST.md,docs/watchlist/development/implementation/tests/WS_CONTRACT_TEST_CHECKLIST.md
docs/watchlist/implementation/tests/WS_RECOMMENDATION_REASON_CODES_AND_TESTS.md,docs/watchlist/development/implementation/tests/WS_RECOMMENDATION_REASON_CODES_AND_TESTS.md
docs/watchlist/implementation/tests/WS_UNIVERSE_EQUIVALENCE_CONTRACT_LOCKED.md,docs/watchlist/development/implementation/tests/WS_UNIVERSE_EQUIVALENCE_CONTRACT_LOCKED.md
docs/watchlist/implementation/tests/artifact_reference_guard_minimal.json,docs/watchlist/development/implementation/tests/artifact_reference_guard_minimal.json
docs/watchlist/implementation/tests/bt_coverage_guard_minimal.json,docs/watchlist/development/implementation/tests/bt_coverage_guard_minimal.json
docs/watchlist/implementation/tests/bt_eval_metrics_minimal.json,docs/watchlist/development/implementation/tests/bt_eval_metrics_minimal.json
docs/watchlist/implementation/tests/bt_oos_proof_minimal.json,docs/watchlist/development/implementation/tests/bt_oos_proof_minimal.json
docs/watchlist/implementation/tests/confirm_immutability_pair.json,docs/watchlist/development/implementation/tests/confirm_immutability_pair.json
docs/watchlist/implementation/tests/confirm_payload_with_orderbook_fields.json,docs/watchlist/development/implementation/tests/confirm_payload_with_orderbook_fields.json
docs/watchlist/implementation/tests/confirm_payload_with_unknown_top_level_field.json,docs/watchlist/development/implementation/tests/confirm_payload_with_unknown_top_level_field.json
docs/watchlist/implementation/tests/confirm_snapshots_two.json,docs/watchlist/development/implementation/tests/confirm_snapshots_two.json
docs/watchlist/implementation/tests/confirm_unavailable_retryable.json,docs/watchlist/development/implementation/tests/confirm_unavailable_retryable.json
docs/watchlist/implementation/tests/hash_contract_vectors.json,docs/watchlist/development/implementation/tests/hash_contract_vectors.json
docs/watchlist/implementation/tests/paramset_bad_enum.json,docs/watchlist/development/implementation/tests/paramset_bad_enum.json
docs/watchlist/implementation/tests/paramset_bad_eval.json,docs/watchlist/development/implementation/tests/paramset_bad_eval.json
docs/watchlist/implementation/tests/paramset_bad_hash_contract.json,docs/watchlist/development/implementation/tests/paramset_bad_hash_contract.json
docs/watchlist/implementation/tests/paramset_missing_audit_field.json,docs/watchlist/development/implementation/tests/paramset_missing_audit_field.json
docs/watchlist/implementation/tests/paramset_missing_required_key.json,docs/watchlist/development/implementation/tests/paramset_missing_required_key.json
docs/watchlist/implementation/tests/paramset_type_drift.json,docs/watchlist/development/implementation/tests/paramset_type_drift.json
docs/watchlist/implementation/tests/paramset_unknown_key.json,docs/watchlist/development/implementation/tests/paramset_unknown_key.json
docs/watchlist/implementation/tests/paramset_valid.json,docs/watchlist/development/implementation/tests/paramset_valid.json
docs/watchlist/implementation/tests/plan_items_artificial_ties.json,docs/watchlist/development/implementation/tests/plan_items_artificial_ties.json
docs/watchlist/implementation/tests/plan_items_forced_watch_only.json,docs/watchlist/development/implementation/tests/plan_items_forced_watch_only.json
docs/watchlist/implementation/tests/plan_items_guard_fail.json,docs/watchlist/development/implementation/tests/plan_items_guard_fail.json
docs/watchlist/implementation/tests/plan_items_no_trade_hide_all.json,docs/watchlist/development/implementation/tests/plan_items_no_trade_hide_all.json
docs/watchlist/implementation/tests/plan_items_no_trade_min_eligible.json,docs/watchlist/development/implementation/tests/plan_items_no_trade_min_eligible.json
docs/watchlist/implementation/tests/plan_universe_snapshot_sample.json,docs/watchlist/development/implementation/tests/plan_universe_snapshot_sample.json
docs/watchlist/implementation/tests/recommendation_capital_aware.json,docs/watchlist/development/implementation/tests/recommendation_capital_aware.json
docs/watchlist/implementation/tests/recommendation_capital_free.json,docs/watchlist/development/implementation/tests/recommendation_capital_free.json
docs/watchlist/implementation/tests/recommendation_capital_free_vs_capital_aware_pair.json,docs/watchlist/development/implementation/tests/recommendation_capital_free_vs_capital_aware_pair.json
docs/watchlist/implementation/tests/recommendation_deterministic_ties.json,docs/watchlist/development/implementation/tests/recommendation_deterministic_ties.json
docs/watchlist/implementation/tests/recommendation_empty_but_prioritized_groups_nonempty.json,docs/watchlist/development/implementation/tests/recommendation_empty_but_prioritized_groups_nonempty.json
docs/watchlist/implementation/tests/recommended_and_confirmed_pair.json,docs/watchlist/development/implementation/tests/recommended_and_confirmed_pair.json
docs/watchlist/implementation/tests/recommended_and_confirmed_pair_detailed.json,docs/watchlist/development/implementation/tests/recommended_and_confirmed_pair_detailed.json
docs/watchlist/implementation/tests/scored_items_quantile_cutoff.json,docs/watchlist/development/implementation/tests/scored_items_quantile_cutoff.json
docs/watchlist/implementation/tests/universe_equivalence_sample.json,docs/watchlist/development/implementation/tests/universe_equivalence_sample.json
docs/watchlist/research/C12_EXIT_MODEL_REDESIGN_CONTRACT_FINAL_RESULT.md,docs/watchlist/development/research/C12_EXIT_MODEL_REDESIGN_CONTRACT_FINAL_RESULT.md
docs/watchlist/research/C168_RUN_INTEGRATION_GAP_REMEDIATION.md,docs/watchlist/development/research/C168_RUN_INTEGRATION_GAP_REMEDIATION.md
docs/watchlist/research/C169_CANONICAL_PARAMSET_PERSISTENCE_AND_REAL_OOS_PROMO_GATE_REMEDIATION.md,docs/watchlist/development/research/C169_CANONICAL_PARAMSET_PERSISTENCE_AND_REAL_OOS_PROMO_GATE_REMEDIATION.md
docs/watchlist/research/C170_CANONICAL_IS_STRAT_AND_REAL_OOS_PROOF_REMEDIATION.md,docs/watchlist/development/research/C170_CANONICAL_IS_STRAT_AND_REAL_OOS_PROOF_REMEDIATION.md
docs/watchlist/research/C171_DYNAMIC_SELECTION_SCORE_CAP_EXTENSION.md,docs/watchlist/development/research/C171_DYNAMIC_SELECTION_SCORE_CAP_EXTENSION.md
docs/watchlist/research/C171_FINAL_BOUNDED_REMEDIATION_CATALOG_AND_CLOSURE_RULE_LOCK.md,docs/watchlist/development/research/C171_FINAL_BOUNDED_REMEDIATION_CATALOG_AND_CLOSURE_RULE_LOCK.md
docs/watchlist/research/C171_IMMUTABLE_DRAFT_PARAMSET_CANDIDATE_DESIGN.md,docs/watchlist/development/research/C171_IMMUTABLE_DRAFT_PARAMSET_CANDIDATE_DESIGN.md
docs/watchlist/research/C171_PARAMSET_OPTIONAL_BOUND_CONTRACT.md,docs/watchlist/development/research/C171_PARAMSET_OPTIONAL_BOUND_CONTRACT.md
docs/watchlist/research/C171_PLAN_REMEDIATION_GUARD_EXTENSION.md,docs/watchlist/development/research/C171_PLAN_REMEDIATION_GUARD_EXTENSION.md
docs/watchlist/research/C171_REAL_IS_REMEDIATION_DRAFT_CATALOG_IMPL.md,docs/watchlist/development/research/C171_REAL_IS_REMEDIATION_DRAFT_CATALOG_IMPL.md
docs/watchlist/research/C171_REMEDIATION_DRAFT_PARAMSET_HASH_IDENTITY_REPAIR.md,docs/watchlist/development/research/C171_REMEDIATION_DRAFT_PARAMSET_HASH_IDENTITY_REPAIR.md
docs/watchlist/research/C171_VERSIONED_OFFICIAL_BACKTEST_EVIDENCE_AND_EXECUTABLE_IS_STRAT_REMEDIATION.md,docs/watchlist/development/research/C171_VERSIONED_OFFICIAL_BACKTEST_EVIDENCE_AND_EXECUTABLE_IS_STRAT_REMEDIATION.md
docs/watchlist/research/C19_SELECTION_MODEL_REDESIGN_ANALYSIS.md,docs/watchlist/development/research/C19_SELECTION_MODEL_REDESIGN_ANALYSIS.md
docs/watchlist/research/C22_SHADOW_GAP_BRIDGE_C24_DESIGN_NOTE.md,docs/watchlist/development/research/C22_SHADOW_GAP_BRIDGE_C24_DESIGN_NOTE.md
docs/watchlist/research/C27_CATALOG_CANDIDATE_RAW_OHLC_VALID.md,docs/watchlist/development/research/C27_CATALOG_CANDIDATE_RAW_OHLC_VALID.md
docs/watchlist/research/C36_IS_CTRL_REDESIGN_CANDIDATE_FORMATION.md,docs/watchlist/development/research/C36_IS_CTRL_REDESIGN_CANDIDATE_FORMATION.md
docs/watchlist/research/C39_IS_CTRL_REDESIGN_WITH_COVERAGE_AND_BRANCH_DIVERSIFICATION_GUARDS.md,docs/watchlist/development/research/C39_IS_CTRL_REDESIGN_WITH_COVERAGE_AND_BRANCH_DIVERSIFICATION_GUARDS.md
docs/watchlist/research/C40_IS_VALID_AND_ANTI_OVERFIT_CHECK_FOR_C39_GUARDED_CANDIDATE.md,docs/watchlist/development/research/C40_IS_VALID_AND_ANTI_OVERFIT_CHECK_FOR_C39_GUARDED_CANDIDATE.md
docs/watchlist/research/C44_IS_GUARD_REFINEMENT_CANDIDATE_FORMATION.md,docs/watchlist/development/research/C44_IS_GUARD_REFINEMENT_CANDIDATE_FORMATION.md
docs/watchlist/research/C45_IS_VALID_AND_ANTI_OVERFIT_CHECK_FOR_C44_REFINEMENT.md,docs/watchlist/development/research/C45_IS_VALID_AND_ANTI_OVERFIT_CHECK_FOR_C44_REFINEMENT.md
docs/watchlist/research/C47_OOS_PROOF_WITH_LOCKED_C44_REFINEMENT.md,docs/watchlist/development/research/C47_OOS_PROOF_WITH_LOCKED_C44_REFINEMENT.md
docs/watchlist/research/C49_BROADER_STRAT_REDESIGN.md,docs/watchlist/development/research/C49_BROADER_STRAT_REDESIGN.md
docs/watchlist/research/C51_CONCENTRATION_DEPENDENCY_REDESIGN_REVIEW.md,docs/watchlist/development/research/C51_CONCENTRATION_DEPENDENCY_REDESIGN_REVIEW.md
docs/watchlist/research/C52_CONCENTRATION_DEPENDENCY_REDESIGN_CONTINUATION.md,docs/watchlist/development/research/C52_CONCENTRATION_DEPENDENCY_REDESIGN_CONTINUATION.md
docs/watchlist/research/C53_IS_EVIDENCE_EXPANSION_FOR_C52_REDESIGN.md,docs/watchlist/development/research/C53_IS_EVIDENCE_EXPANSION_FOR_C52_REDESIGN.md
docs/watchlist/research/C54_ROLLING_STABILITY_REDESIGN_OR_RECALIBRATION_IS_ONLY.md,docs/watchlist/development/research/C54_ROLLING_STABILITY_REDESIGN_OR_RECALIBRATION_IS_ONLY.md
docs/watchlist/research/C55_ROLLING_STABILITY_REDESIGN_CONTINUATION_IS_ONLY.md,docs/watchlist/development/research/C55_ROLLING_STABILITY_REDESIGN_CONTINUATION_IS_ONLY.md
docs/watchlist/research/C56_ROLLING_STABILITY_REDESIGN_CONTINUATION_IS_ONLY.md,docs/watchlist/development/research/C56_ROLLING_STABILITY_REDESIGN_CONTINUATION_IS_ONLY.md
docs/watchlist/research/C58_LOSS_CLUSTER_CONCENTRATION_REDESIGN_CONTINUATION_IS_ONLY.md,docs/watchlist/development/research/C58_LOSS_CLUSTER_CONCENTRATION_REDESIGN_CONTINUATION_IS_ONLY.md
docs/watchlist/research/C59_LOSS_CLUSTER_OR_BRANCH_BUCKET_REDESIGN_CONTINUATION_IS_ONLY.md,docs/watchlist/development/research/C59_LOSS_CLUSTER_OR_BRANCH_BUCKET_REDESIGN_CONTINUATION_IS_ONLY.md
docs/watchlist/research/C60_REGIME_STRESS_AND_LOO_DEPENDENCY_REDESIGN_IS_ONLY.md,docs/watchlist/development/research/C60_REGIME_STRESS_AND_LOO_DEPENDENCY_REDESIGN_IS_ONLY.md
docs/watchlist/research/C61_SIGNAL_QUALITY_REBUILD_FOR_WEAK_REGIME_IS_ONLY.md,docs/watchlist/development/research/C61_SIGNAL_QUALITY_REBUILD_FOR_WEAK_REGIME_IS_ONLY.md
docs/watchlist/research/C62_PRE_LOCK_REVIEW_FOR_C61_SIGNAL_QUALITY_CANDIDATES_IS_ONLY.md,docs/watchlist/development/research/C62_PRE_LOCK_REVIEW_FOR_C61_SIGNAL_QUALITY_CANDIDATES_IS_ONLY.md
docs/watchlist/research/R2_C171_PARAMSET_VALIDATOR_CAMPAIGN_EXTENSIONS.md,docs/watchlist/development/research/R2_C171_PARAMSET_VALIDATOR_CAMPAIGN_EXTENSIONS.md
docs/watchlist/research/R2_ENTRY_QUALITY_CALIBRATION_NOTE.md,docs/watchlist/development/research/R2_ENTRY_QUALITY_CALIBRATION_NOTE.md
docs/watchlist/research/README.md,docs/watchlist/development/research/README.md
docs/watchlist/research/README_LEGACY_REFS.md,docs/watchlist/development/research/README_LEGACY_REFS.md
docs/watchlist/research/WS_BREAKOUT_INTEGRITY_B01_PREREGISTRATION_LOCK.md,docs/watchlist/development/research/WS_BREAKOUT_INTEGRITY_B01_PREREGISTRATION_LOCK.md
docs/watchlist/research/WS_CATALOG_CANDIDATE_C26_DESIGN_NOTE.md,docs/watchlist/development/research/WS_CATALOG_CANDIDATE_C26_DESIGN_NOTE.md
docs/watchlist/research/WS_DOWNSIDE_STABILITY_C01_CALIBRATION_NOTE.md,docs/watchlist/development/research/WS_DOWNSIDE_STABILITY_C01_CALIBRATION_NOTE.md
docs/watchlist/research/WS_DOWNSIDE_STABILITY_C02_DESIGN_NOTE.md,docs/watchlist/development/research/WS_DOWNSIDE_STABILITY_C02_DESIGN_NOTE.md
docs/watchlist/research/WS_DOWNSIDE_STABILITY_C03_DESIGN_NOTE.md,docs/watchlist/development/research/WS_DOWNSIDE_STABILITY_C03_DESIGN_NOTE.md
docs/watchlist/research/WS_DOWNSIDE_STABILITY_C04_DESIGN_INPUT_NOTE.md,docs/watchlist/development/research/WS_DOWNSIDE_STABILITY_C04_DESIGN_INPUT_NOTE.md
docs/watchlist/research/WS_DOWNSIDE_STABILITY_C04_DESIGN_NOTE.md,docs/watchlist/development/research/WS_DOWNSIDE_STABILITY_C04_DESIGN_NOTE.md
docs/watchlist/research/WS_DOWNSIDE_STABILITY_C05_DESIGN_NOTE.md,docs/watchlist/development/research/WS_DOWNSIDE_STABILITY_C05_DESIGN_NOTE.md
docs/watchlist/research/WS_DOWNSIDE_STABILITY_C06_DESIGN_NOTE.md,docs/watchlist/development/research/WS_DOWNSIDE_STABILITY_C06_DESIGN_NOTE.md
docs/watchlist/research/WS_DOWNSIDE_STABILITY_C07_DESIGN_NOTE.md,docs/watchlist/development/research/WS_DOWNSIDE_STABILITY_C07_DESIGN_NOTE.md
docs/watchlist/research/WS_DOWNSIDE_STABILITY_C14_DESIGN_NOTE.md,docs/watchlist/development/research/WS_DOWNSIDE_STABILITY_C14_DESIGN_NOTE.md
docs/watchlist/research/WS_DOWNSIDE_STABILITY_C16_DESIGN_NOTE.md,docs/watchlist/development/research/WS_DOWNSIDE_STABILITY_C16_DESIGN_NOTE.md
docs/watchlist/research/WS_DOWNSIDE_STABILITY_C17_DESIGN_NOTE.md,docs/watchlist/development/research/WS_DOWNSIDE_STABILITY_C17_DESIGN_NOTE.md
docs/watchlist/research/WS_DOWNSIDE_STABILITY_C18_DESIGN_NOTE.md,docs/watchlist/development/research/WS_DOWNSIDE_STABILITY_C18_DESIGN_NOTE.md
docs/watchlist/research/WS_ENTRY_EXIT_BEHAVIOR_C21_DESIGN_NOTE.md,docs/watchlist/development/research/WS_ENTRY_EXIT_BEHAVIOR_C21_DESIGN_NOTE.md
docs/watchlist/research/WS_EXIT_CAPTURE_SHADOW_C22_DESIGN_NOTE.md,docs/watchlist/development/research/WS_EXIT_CAPTURE_SHADOW_C22_DESIGN_NOTE.md
docs/watchlist/research/WS_FIRST_PROFIT_CAPTURE_RULE_C23_DESIGN_NOTE.md,docs/watchlist/development/research/WS_FIRST_PROFIT_CAPTURE_RULE_C23_DESIGN_NOTE.md
docs/watchlist/research/WS_NEW_STRATEGY_R01_RESEARCH_HYPOTHESIS_NOTE.md,docs/watchlist/development/research/WS_NEW_STRATEGY_R01_RESEARCH_HYPOTHESIS_NOTE.md
docs/watchlist/research/WS_NEW_STRATEGY_R02_CANDIDATE_LOCK.md,docs/watchlist/development/research/WS_NEW_STRATEGY_R02_CANDIDATE_LOCK.md
docs/watchlist/research/WS_NEW_STRATEGY_R02_MINIMAL_CANDIDATES_AND_OFFICIAL_IS.md,docs/watchlist/development/research/WS_NEW_STRATEGY_R02_MINIMAL_CANDIDATES_AND_OFFICIAL_IS.md
docs/watchlist/research/WS_NO_SIGNAL_FALLBACK_DELAY_C25_DESIGN_NOTE.md,docs/watchlist/development/research/WS_NO_SIGNAL_FALLBACK_DELAY_C25_DESIGN_NOTE.md
docs/watchlist/research/WS_PRICE_QUALITY_P01_IDENTITY_REPAIR_LOCK.md,docs/watchlist/development/research/WS_PRICE_QUALITY_P01_IDENTITY_REPAIR_LOCK.md
docs/watchlist/research/WS_PRICE_QUALITY_P01_PREREGISTRATION.md,docs/watchlist/development/research/WS_PRICE_QUALITY_P01_PREREGISTRATION.md
docs/watchlist/research/WS_PRICE_QUALITY_P01_PREREGISTRATION_LOCK.md,docs/watchlist/development/research/WS_PRICE_QUALITY_P01_PREREGISTRATION_LOCK.md
docs/watchlist/research/WS_PRICE_QUALITY_P01_REMEDIATION_LOCK.md,docs/watchlist/development/research/WS_PRICE_QUALITY_P01_REMEDIATION_LOCK.md
docs/watchlist/research/WS_REGIME_TRADE_DATE_QUALITY_GATE_C20_DESIGN_NOTE.md,docs/watchlist/development/research/WS_REGIME_TRADE_DATE_QUALITY_GATE_C20_DESIGN_NOTE.md
docs/watchlist/research/WS_SELECTION_MODEL_REDESIGN_C19_DESIGN_NOTE.md,docs/watchlist/development/research/WS_SELECTION_MODEL_REDESIGN_C19_DESIGN_NOTE.md
docs/watchlist/research/WS_SIGNAL_QUALITY_Q01_PREREGISTRATION_LOCK.md,docs/watchlist/development/research/WS_SIGNAL_QUALITY_Q01_PREREGISTRATION_LOCK.md
docs/watchlist/research/WS_TAIL_RISK_S01_CANDIDATE_AND_REMEDIATION_LOCK.md,docs/watchlist/development/research/WS_TAIL_RISK_S01_CANDIDATE_AND_REMEDIATION_LOCK.md
docs/watchlist/strategy/README.md,docs/watchlist/authority/strategy/README.md
docs/watchlist/strategy/WS_CANDIDATE_CLASSIFICATION.md,docs/watchlist/authority/strategy/WS_CANDIDATE_CLASSIFICATION.md
docs/watchlist/strategy/WS_CANDIDATE_ELIGIBILITY_AND_SETUP.md,docs/watchlist/authority/strategy/WS_CANDIDATE_ELIGIBILITY_AND_SETUP.md
docs/watchlist/strategy/WS_D1_CONFIRM_ACTIONABILITY.md,docs/watchlist/authority/strategy/WS_D1_CONFIRM_ACTIONABILITY.md
docs/watchlist/strategy/WS_END_TO_END_STRATEGY_LIFECYCLE.md,docs/watchlist/authority/strategy/WS_END_TO_END_STRATEGY_LIFECYCLE.md
docs/watchlist/strategy/WS_HISTORICAL_EVALUATION_STRATEGY.md,docs/watchlist/authority/strategy/WS_HISTORICAL_EVALUATION_STRATEGY.md
docs/watchlist/strategy/WS_IS_SUFFICIENCY_AND_WINNER_FREEZE.md,docs/watchlist/authority/strategy/WS_IS_SUFFICIENCY_AND_WINNER_FREEZE.md
docs/watchlist/strategy/WS_MARKET_DATA_INPUT_REQUIREMENTS.md,docs/watchlist/authority/strategy/WS_MARKET_DATA_INPUT_REQUIREMENTS.md
docs/watchlist/strategy/WS_OOS_STRESS_SHADOW_AND_PRODUCTION_PROOF.md,docs/watchlist/authority/strategy/WS_OOS_STRESS_SHADOW_AND_PRODUCTION_PROOF.md
docs/watchlist/strategy/WS_PLAN_SCORING_AND_TRADE_PLAN.md,docs/watchlist/authority/strategy/WS_PLAN_SCORING_AND_TRADE_PLAN.md
docs/watchlist/strategy/WS_PRODUCT_OBJECTIVE_AND_LAYERS.md,docs/watchlist/authority/strategy/WS_PRODUCT_OBJECTIVE_AND_LAYERS.md
docs/watchlist/strategy/WS_RUNTIME_FLOW.md,docs/watchlist/authority/strategy/WS_RUNTIME_FLOW.md
docs/watchlist/strategy/WS_SCOPE_AND_SUCCESS_CRITERIA.md,docs/watchlist/authority/strategy/WS_SCOPE_AND_SUCCESS_CRITERIA.md
docs/watchlist/strategy/WS_TOP_PICKS_QUALIFICATION_AND_RANKING.md,docs/watchlist/authority/strategy/WS_TOP_PICKS_QUALIFICATION_AND_RANKING.md
docs/watchlist/strategy/WS_TOP_PICKS_RECOMMENDATION.md,docs/watchlist/authority/strategy/WS_TOP_PICKS_RECOMMENDATION.md
