document_path,document_role,verification_epoch,legacy_origin,verification_class,current_verification_status,current_proof_eligible,revalidation_required,legacy_source_ids,status_reason
README.md,NAVIGATION,MD-REBASELINE-20260820-001,NO,NAVIGATION,CURRENT_NAVIGATION,NO,NO,,
START_HERE.md,NAVIGATION,MD-REBASELINE-20260820-001,NO,NAVIGATION,CURRENT_NAVIGATION,NO,NO,,
authority/README.md,NAVIGATION,MD-REBASELINE-20260820-001,NO,NAVIGATION,CURRENT_NAVIGATION,NO,NO,,
authority/governance/CHANGE_IMPACT_DECLARATION_STANDARD.md,GOVERNANCE,MD-REBASELINE-20260820-001,NO,AUTHORITY,CURRENT_AUTHORITY,NO,NO,,
authority/governance/CURRENT_STATE_SUMMARY_STANDARD.md,GOVERNANCE,MD-REBASELINE-20260820-001,NO,AUTHORITY,CURRENT_AUTHORITY,NO,NO,,
authority/governance/CURRENT_VERIFICATION_EPOCH.json,REGISTRY,MD-REBASELINE-20260820-001,NO,AUTHORITY,CURRENT_AUTHORITY,NO,NO,,
authority/governance/CURRENT_VERIFICATION_REBASELINE_STANDARD.md,GOVERNANCE,MD-REBASELINE-20260820-001,NO,AUTHORITY,CURRENT_AUTHORITY,NO,NO,,
authority/governance/CURRENT_VERIFICATION_REGISTRY.csv,REGISTRY,MD-REBASELINE-20260820-001,NO,AUTHORITY,CURRENT_AUTHORITY,NO,NO,,
authority/governance/DEPENDENCY_REGISTRY_STANDARD.md,GOVERNANCE,MD-REBASELINE-20260820-001,NO,AUTHORITY,CURRENT_AUTHORITY,NO,NO,,
authority/governance/DOCUMENTATION_ARCHITECTURE.md,GOVERNANCE,MD-REBASELINE-20260820-001,NO,AUTHORITY,CURRENT_AUTHORITY,NO,NO,,
authority/governance/DOCUMENT_CHANGE_LOG.md,GOVERNANCE,MD-REBASELINE-20260820-001,NO,AUTHORITY,CURRENT_AUTHORITY,NO,NO,,
authority/governance/DOCUMENT_CHANGE_POLICY.md,GOVERNANCE,MD-REBASELINE-20260820-001,NO,AUTHORITY,CURRENT_AUTHORITY,NO,NO,,
authority/governance/DOCUMENT_ID_REGISTRY.csv,REGISTRY,MD-REBASELINE-20260820-001,NO,AUTHORITY,CURRENT_AUTHORITY,NO,NO,,
authority/governance/DOCUMENT_INTEGRITY_EXCEPTION_REGISTRY.json,REGISTRY,MD-REBASELINE-20260820-001,NO,AUTHORITY,CURRENT_AUTHORITY,NO,NO,,
authority/governance/DOCUMENT_INTEGRITY_GATE_STANDARD.md,GOVERNANCE,MD-REBASELINE-20260820-001,NO,AUTHORITY,CURRENT_AUTHORITY,NO,NO,,
authority/governance/DOCUMENT_RECORDING_STANDARD.md,GOVERNANCE,MD-REBASELINE-20260820-001,NO,AUTHORITY,CURRENT_AUTHORITY,NO,NO,,
authority/governance/DOCUMENT_ROLE_REGISTRY.csv,REGISTRY,MD-REBASELINE-20260820-001,NO,AUTHORITY,CURRENT_AUTHORITY,NO,NO,,
authority/governance/IMPLEMENTATION_RESIDUE_AND_CONFORMANCE_STANDARD.md,GOVERNANCE,MD-REBASELINE-20260820-001,NO,AUTHORITY,CURRENT_AUTHORITY,NO,NO,,
authority/governance/LAYER_ACTIVATION_RULE.md,GOVERNANCE,MD-REBASELINE-20260820-001,NO,AUTHORITY,CURRENT_AUTHORITY,NO,NO,,
authority/governance/LEGACY_DOCUMENT_NORMALIZATION_STANDARD.md,GOVERNANCE,MD-REBASELINE-20260820-001,NO,AUTHORITY,CURRENT_AUTHORITY,NO,NO,,
authority/governance/LINK_INTEGRITY_CHECK_LOCKED.md,GOVERNANCE,MD-REBASELINE-20260820-001,NO,AUTHORITY,CURRENT_AUTHORITY,NO,NO,,
authority/governance/MARKET_DATA_CHANGE_IMPACT_MATRIX.md,GOVERNANCE,MD-REBASELINE-20260820-001,NO,AUTHORITY,CURRENT_AUTHORITY,NO,NO,,
authority/governance/MARKET_DATA_DOCUMENT_AUTHORITY.md,GOVERNANCE,MD-REBASELINE-20260820-001,NO,AUTHORITY,CURRENT_AUTHORITY,NO,NO,,
authority/governance/MARKET_DATA_OWNER_MATRIX.md,GOVERNANCE,MD-REBASELINE-20260820-001,NO,AUTHORITY,CURRENT_AUTHORITY,NO,NO,,
authority/governance/MARKET_DATA_STRATEGY_AUTHORITY_REGISTRY.csv,REGISTRY,MD-REBASELINE-20260820-001,NO,AUTHORITY,CURRENT_AUTHORITY,NO,NO,,
authority/governance/MARKET_DATA_STRATEGY_FREEZE_MANIFEST.json,REGISTRY,MD-REBASELINE-20260820-001,NO,AUTHORITY,CURRENT_AUTHORITY,NO,NO,,
authority/governance/ONE_DOCUMENT_ONE_AUTHORITATIVE_ROLE_STANDARD.md,GOVERNANCE,MD-REBASELINE-20260820-001,NO,AUTHORITY,CURRENT_AUTHORITY,NO,NO,,
authority/governance/README.md,NAVIGATION,MD-REBASELINE-20260820-001,NO,NAVIGATION,CURRENT_NAVIGATION,NO,NO,,
authority/governance/STAGE_CLOSURE_MANIFEST_STANDARD.md,GOVERNANCE,MD-REBASELINE-20260820-001,NO,AUTHORITY,CURRENT_AUTHORITY,NO,NO,,
authority/governance/STAGE_EXECUTION_AND_REWORK_STANDARD.md,GOVERNANCE,MD-REBASELINE-20260820-001,NO,AUTHORITY,CURRENT_AUTHORITY,NO,NO,,
authority/governance/STRATEGY_IMPLEMENTATION_TRACEABILITY_STANDARD.md,GOVERNANCE,MD-REBASELINE-20260820-001,NO,AUTHORITY,CURRENT_AUTHORITY,NO,NO,,
authority/governance/STRATEGY_TO_IMPLEMENTATION_COVERAGE_BASELINE.json,REGISTRY,MD-REBASELINE-20260820-001,NO,AUTHORITY,CURRENT_AUTHORITY,NO,NO,,
authority/governance/STRATEGY_TO_IMPLEMENTATION_TRACEABILITY_MATRIX.csv,REGISTRY,MD-REBASELINE-20260820-001,NO,AUTHORITY,CURRENT_AUTHORITY,NO,NO,,
authority/governance/WORK_BASELINE_LOCK_STANDARD.md,GOVERNANCE,MD-REBASELINE-20260820-001,NO,AUTHORITY,CURRENT_AUTHORITY,NO,NO,,
authority/governance/WORK_CORRELATION_AND_RECORD_REGISTRY_STANDARD.md,GOVERNANCE,MD-REBASELINE-20260820-001,NO,AUTHORITY,CURRENT_AUTHORITY,NO,NO,,
authority/governance/audit/AUDIT_UPDATE_GOVERNANCE.md,GOVERNANCE,MD-REBASELINE-20260820-001,NO,AUTHORITY,CURRENT_AUTHORITY,NO,NO,,
authority/governance/audit/IMPL_MARKET_DATA_IMPLEMENTATION_AUDIT_FOUNDATION.md,GOVERNANCE,MD-REBASELINE-20260820-001,NO,AUTHORITY,CURRENT_AUTHORITY,NO,NO,,
authority/governance/audit/IMPL_MARKET_DATA_IMPLEMENTATION_CHECKLIST_FINAL.md,GOVERNANCE,MD-REBASELINE-20260820-001,NO,AUTHORITY,CURRENT_AUTHORITY,NO,NO,,
authority/governance/audit/IMPL_MARKET_DATA_IMPLEMENTATION_PROMPT_STANDARD.md,GOVERNANCE,MD-REBASELINE-20260820-001,NO,AUTHORITY,CURRENT_AUTHORITY,NO,NO,,
authority/governance/audit/IMPL_MARKET_DATA_LAYER_C_APPLICABILITY_RULE.md,GOVERNANCE,MD-REBASELINE-20260820-001,NO,AUTHORITY,CURRENT_AUTHORITY,NO,NO,,
authority/governance/audit/MARKET_DATA_AUDIT_CHECKLIST_FINAL.md,GOVERNANCE,MD-REBASELINE-20260820-001,NO,AUTHORITY,CURRENT_AUTHORITY,NO,NO,,
authority/governance/audit/MARKET_DATA_AUDIT_FOUNDATION.md,GOVERNANCE,MD-REBASELINE-20260820-001,NO,AUTHORITY,CURRENT_AUTHORITY,NO,NO,,
authority/governance/audit/MARKET_DATA_AUDIT_PROMPT_STANDARD.md,GOVERNANCE,MD-REBASELINE-20260820-001,NO,AUTHORITY,CURRENT_AUTHORITY,NO,NO,,
authority/governance/audit/MARKET_DATA_AUDIT_SHORT.md,GOVERNANCE,MD-REBASELINE-20260820-001,NO,AUTHORITY,CURRENT_AUTHORITY,NO,NO,,
authority/governance/audit/README.md,GOVERNANCE,MD-REBASELINE-20260820-001,NO,AUTHORITY,CURRENT_AUTHORITY,NO,NO,,
authority/strategy/MARKET_DATA_PLATFORM_EOD_BASELINE.md,STRATEGY,MD-REBASELINE-20260820-001,YES,AUTHORITY,CURRENT_AUTHORITY,NO,NO,LS-MD-0214,
authority/strategy/README.md,NAVIGATION,MD-REBASELINE-20260820-001,NO,NAVIGATION,CURRENT_NAVIGATION,NO,NO,,
authority/strategy/backtest/Backtest_Metrics_and_Acceptance_Criteria_LOCKED.md,STRATEGY,MD-REBASELINE-20260820-001,YES,AUTHORITY,CURRENT_AUTHORITY,NO,NO,LS-MD-0054,
authority/strategy/backtest/Historical_Replay_and_Data_Quality_Backtest.md,STRATEGY,MD-REBASELINE-20260820-001,YES,AUTHORITY,CURRENT_AUTHORITY,NO,NO,LS-MD-0055,
authority/strategy/backtest/Point_In_Time_Backtest_Input_Contract_LOCKED.md,STRATEGY,MD-REBASELINE-20260820-001,YES,AUTHORITY,CURRENT_AUTHORITY,NO,NO,LS-MD-0056,
authority/strategy/book/Audit_Hash_and_Reproducibility_Contract_LOCKED.md,STRATEGY,MD-REBASELINE-20260820-001,YES,AUTHORITY,CURRENT_AUTHORITY,NO,NO,LS-MD-0058,
authority/strategy/book/CONSUMER_READ_CONTRACT_LOCKED.md,STRATEGY,MD-REBASELINE-20260820-001,YES,AUTHORITY,CURRENT_AUTHORITY,NO,NO,LS-MD-0061,
authority/strategy/book/Canonical_Row_History_and_Versioning_Policy_LOCKED.md,STRATEGY,MD-REBASELINE-20260820-001,YES,AUTHORITY,CURRENT_AUTHORITY,NO,NO,LS-MD-0059,
authority/strategy/book/Canonicalization_Contract_EOD_Bars.md,STRATEGY,MD-REBASELINE-20260820-001,YES,AUTHORITY,CURRENT_AUTHORITY,NO,NO,LS-MD-0060,
authority/strategy/book/Consumer_Readability_Decision_Table_LOCKED.md,STRATEGY,MD-REBASELINE-20260820-001,YES,AUTHORITY,CURRENT_AUTHORITY,NO,NO,LS-MD-0062,
authority/strategy/book/Corporate_Action_Impact_Flags_Contract.md,STRATEGY,MD-REBASELINE-20260820-001,YES,AUTHORITY,CURRENT_AUTHORITY,NO,NO,LS-MD-0065,
authority/strategy/book/Corporate_Action_and_Adjustment_Policy.md,STRATEGY,MD-REBASELINE-20260820-001,YES,AUTHORITY,CURRENT_AUTHORITY,NO,NO,LS-MD-0063,
authority/strategy/book/Corporate_Action_and_Adjustment_Policy_Selected_Defaults_LOCKED.md,STRATEGY,MD-REBASELINE-20260820-001,YES,AUTHORITY,CURRENT_AUTHORITY,NO,NO,LS-MD-0064,
authority/strategy/book/Correction_Lifecycle_Safety_Contract.md,STRATEGY,MD-REBASELINE-20260820-001,YES,AUTHORITY,CURRENT_AUTHORITY,NO,NO,LS-MD-0066,
authority/strategy/book/Coverage_Edge_Cases_Contract_LOCKED.md,STRATEGY,MD-REBASELINE-20260820-001,YES,AUTHORITY,CURRENT_AUTHORITY,NO,NO,LS-MD-0067,
authority/strategy/book/Coverage_Gate_Enforcement_Contract_LOCKED.md,STRATEGY,MD-REBASELINE-20260820-001,YES,AUTHORITY,CURRENT_AUTHORITY,NO,NO,LS-MD-0068,
authority/strategy/book/Coverage_Universe_Definition_LOCKED.md,STRATEGY,MD-REBASELINE-20260820-001,YES,AUTHORITY,CURRENT_AUTHORITY,NO,NO,LS-MD-0069,
authority/strategy/book/Current_Indicator_Recompute_Command_Contract.md,STRATEGY,MD-REBASELINE-20260820-001,YES,AUTHORITY,CURRENT_AUTHORITY,NO,NO,LS-MD-0070,
authority/strategy/book/Dataset_Seal_and_Freeze_Contract_LOCKED.md,STRATEGY,MD-REBASELINE-20260820-001,YES,AUTHORITY,CURRENT_AUTHORITY,NO,NO,LS-MD-0071,
authority/strategy/book/Determinism_Invariants_LOCKED.md,STRATEGY,MD-REBASELINE-20260820-001,YES,AUTHORITY,CURRENT_AUTHORITY,NO,NO,LS-MD-0072,
authority/strategy/book/Domain_Boundary_Invariants_LOCKED.md,STRATEGY,MD-REBASELINE-20260820-001,YES,AUTHORITY,CURRENT_AUTHORITY,NO,NO,LS-MD-0073,
authority/strategy/book/Downstream_Consumer_Read_Model_Contract_LOCKED.md,STRATEGY,MD-REBASELINE-20260820-001,YES,AUTHORITY,CURRENT_AUTHORITY,NO,NO,LS-MD-0074,
authority/strategy/book/Downstream_Data_Readiness_Guarantee_LOCKED.md,STRATEGY,MD-REBASELINE-20260820-001,YES,AUTHORITY,CURRENT_AUTHORITY,NO,NO,LS-MD-0075,
authority/strategy/book/EOD_Bars_Contract.md,STRATEGY,MD-REBASELINE-20260820-001,YES,AUTHORITY,CURRENT_AUTHORITY,NO,NO,LS-MD-0078,
authority/strategy/book/EOD_COVERAGE_GATE_CONTRACT_LOCKED.md,STRATEGY,MD-REBASELINE-20260820-001,YES,AUTHORITY,CURRENT_AUTHORITY,NO,NO,LS-MD-0079,
authority/strategy/book/EOD_Cutoff_and_Finalization_Contract_LOCKED.md,STRATEGY,MD-REBASELINE-20260820-001,YES,AUTHORITY,CURRENT_AUTHORITY,NO,NO,LS-MD-0080,
authority/strategy/book/EOD_Data_Retention_and_History_Rewrite_Policy_LOCKED.md,STRATEGY,MD-REBASELINE-20260820-001,YES,AUTHORITY,CURRENT_AUTHORITY,NO,NO,LS-MD-0081,
authority/strategy/book/EOD_Eligibility_Snapshot_Contract_LOCKED.md,STRATEGY,MD-REBASELINE-20260820-001,YES,AUTHORITY,CURRENT_AUTHORITY,NO,NO,LS-MD-0082,
authority/strategy/book/EOD_Indicators_Contract.md,STRATEGY,MD-REBASELINE-20260820-001,YES,AUTHORITY,CURRENT_AUTHORITY,NO,NO,LS-MD-0083,
authority/strategy/book/EOD_SOURCE_OPERATIONAL_RESILIENCE_CONTRACT_LOCKED.md,STRATEGY,MD-REBASELINE-20260820-001,YES,AUTHORITY,CURRENT_AUTHORITY,NO,NO,LS-MD-0084,
authority/strategy/book/Effective_Trade_Date_Contract_LOCKED.md,STRATEGY,MD-REBASELINE-20260820-001,YES,AUTHORITY,CURRENT_AUTHORITY,NO,NO,LS-MD-0076,
authority/strategy/book/Eligibility_Partial_Data_Behavior_LOCKED.md,STRATEGY,MD-REBASELINE-20260820-001,YES,AUTHORITY,CURRENT_AUTHORITY,NO,NO,LS-MD-0077,
authority/strategy/book/Finalize_Lock_And_Pointer_Behavior_LOCKED.md,STRATEGY,MD-REBASELINE-20260820-001,YES,AUTHORITY,CURRENT_AUTHORITY,NO,NO,LS-MD-0085,
authority/strategy/book/Force_Replace_Operator_Control_Policy_LOCKED.md,STRATEGY,MD-REBASELINE-20260820-001,YES,AUTHORITY,CURRENT_AUTHORITY,NO,NO,LS-MD-0086,
authority/strategy/book/Hash_Number_Formatting_LOCKED.md,STRATEGY,MD-REBASELINE-20260820-001,YES,AUTHORITY,CURRENT_AUTHORITY,NO,NO,LS-MD-0087,
authority/strategy/book/Historical_Correction_and_Reseal_Contract_LOCKED.md,STRATEGY,MD-REBASELINE-20260820-001,YES,AUTHORITY,CURRENT_AUTHORITY,NO,NO,LS-MD-0088,
authority/strategy/book/Import_Promote_Separation_Contract.md,STRATEGY,MD-REBASELINE-20260820-001,YES,AUTHORITY,CURRENT_AUTHORITY,NO,NO,LS-MD-0089,
authority/strategy/book/Indicator_Nullability_And_OHLCV_Gap_Contract.md,STRATEGY,MD-REBASELINE-20260820-001,YES,AUTHORITY,CURRENT_AUTHORITY,NO,NO,LS-MD-0091,
authority/strategy/book/Indicator_Recompute_Source_Scope_Contract.md,STRATEGY,MD-REBASELINE-20260820-001,YES,AUTHORITY,CURRENT_AUTHORITY,NO,NO,LS-MD-0092,
authority/strategy/book/Invalid_Bar_Storage_Policy_LOCKED.md,STRATEGY,MD-REBASELINE-20260820-001,YES,AUTHORITY,CURRENT_AUTHORITY,NO,NO,LS-MD-0093,
authority/strategy/book/Manual_File_Publishability_Policy_LOCKED.md,STRATEGY,MD-REBASELINE-20260820-001,YES,AUTHORITY,CURRENT_AUTHORITY,NO,NO,LS-MD-0094,
authority/strategy/book/Market_Calendar_Requirements_Contract.md,STRATEGY,MD-REBASELINE-20260820-001,YES,AUTHORITY,CURRENT_AUTHORITY,NO,NO,LS-MD-0095,
authority/strategy/book/Market_Daily_Metrics_Contract.md,STRATEGY,MD-REBASELINE-20260820-001,YES,AUTHORITY,CURRENT_AUTHORITY,NO,NO,LS-MD-0096,
authority/strategy/book/Publication_Current_Pointer_Integrity_Contract_LOCKED.md,STRATEGY,MD-REBASELINE-20260820-001,YES,AUTHORITY,CURRENT_AUTHORITY,NO,NO,LS-MD-0100,
authority/strategy/book/Publication_Lock_And_Replacement_Policy_LOCKED.md,STRATEGY,MD-REBASELINE-20260820-001,YES,AUTHORITY,CURRENT_AUTHORITY,NO,NO,LS-MD-0101,
authority/strategy/book/Publication_Manifest_Contract_LOCKED.md,STRATEGY,MD-REBASELINE-20260820-001,YES,AUTHORITY,CURRENT_AUTHORITY,NO,NO,LS-MD-0102,
authority/strategy/book/Publication_Traceability_Immutability_Lineage_LOCKED.md,STRATEGY,MD-REBASELINE-20260820-001,YES,AUTHORITY,CURRENT_AUTHORITY,NO,NO,LS-MD-0103,
authority/strategy/book/Publishability_Coverage_Fallback_Cross_Consistency_Contract_LOCKED.md,STRATEGY,MD-REBASELINE-20260820-001,YES,AUTHORITY,CURRENT_AUTHORITY,NO,NO,LS-MD-0104,
authority/strategy/book/Publishability_State_Integrity_Contract_LOCKED.md,STRATEGY,MD-REBASELINE-20260820-001,YES,AUTHORITY,CURRENT_AUTHORITY,NO,NO,LS-MD-0105,
authority/strategy/book/Read_Side_Enforcement_Anti_Bypass_Contract_LOCKED.md,STRATEGY,MD-REBASELINE-20260820-001,YES,AUTHORITY,CURRENT_AUTHORITY,NO,NO,LS-MD-0106,
authority/strategy/book/Replay_Verification_Contract_LOCKED.md,STRATEGY,MD-REBASELINE-20260820-001,YES,AUTHORITY,CURRENT_AUTHORITY,NO,NO,LS-MD-0107,
authority/strategy/book/Run_Status_and_Quality_Gates_LOCKED.md,STRATEGY,MD-REBASELINE-20260820-001,YES,AUTHORITY,CURRENT_AUTHORITY,NO,NO,LS-MD-0108,
authority/strategy/book/Sector_Classification_Contract_LOCKED.md,STRATEGY,MD-REBASELINE-20260820-001,YES,AUTHORITY,CURRENT_AUTHORITY,NO,NO,LS-MD-0109,
authority/strategy/book/Source_Data_Acquisition_Contract_LOCKED.md,STRATEGY,MD-REBASELINE-20260820-001,YES,AUTHORITY,CURRENT_AUTHORITY,NO,NO,LS-MD-0110,
authority/strategy/book/Source_Mapping_Contract_LOCKED.md,STRATEGY,MD-REBASELINE-20260820-001,YES,AUTHORITY,CURRENT_AUTHORITY,NO,NO,LS-MD-0111,
authority/strategy/book/Symbol_Lifecycle_and_Mapping_Contract.md,STRATEGY,MD-REBASELINE-20260820-001,YES,AUTHORITY,CURRENT_AUTHORITY,NO,NO,LS-MD-0112,
authority/strategy/book/Terminology_and_Scope.md,STRATEGY,MD-REBASELINE-20260820-001,YES,AUTHORITY,CURRENT_AUTHORITY,NO,NO,LS-MD-0113,
authority/strategy/book/Tickers_and_Identity_Dependency_Contract_LOCKED.md,STRATEGY,MD-REBASELINE-20260820-001,YES,AUTHORITY,CURRENT_AUTHORITY,NO,NO,LS-MD-0114,
authority/strategy/book/Trading_Status_Source_Contract_LOCKED.md,STRATEGY,MD-REBASELINE-20260820-001,YES,AUTHORITY,CURRENT_AUTHORITY,NO,NO,LS-MD-0115,
authority/strategy/book/Yahoo_Finance_Bootstrap_Source_Strategy.md,STRATEGY,MD-REBASELINE-20260820-001,YES,AUTHORITY,CURRENT_AUTHORITY,NO,NO,LS-MD-0116,
authority/strategy/indicators/EOD_Indicators_Formula_Spec.md,STRATEGY,MD-REBASELINE-20260820-001,YES,AUTHORITY,CURRENT_AUTHORITY,NO,NO,LS-MD-0168,
authority/strategy/indicators/Indicator_Computation_Specification.md,STRATEGY,MD-REBASELINE-20260820-001,YES,AUTHORITY,CURRENT_AUTHORITY,NO,NO,LS-MD-0169,
authority/strategy/ops/Archived_Actual_Execution_Evidence_Contract_LOCKED.md,STRATEGY,MD-REBASELINE-20260820-001,YES,AUTHORITY,CURRENT_AUTHORITY,NO,NO,LS-MD-0170,
authority/strategy/ops/Audit_Evidence_Pack_Contract_LOCKED.md,STRATEGY,MD-REBASELINE-20260820-001,YES,AUTHORITY,CURRENT_AUTHORITY,NO,NO,LS-MD-0171,
authority/strategy/ops/Commands_and_Runbook_LOCKED.md,STRATEGY,MD-REBASELINE-20260820-001,YES,AUTHORITY,CURRENT_AUTHORITY,NO,NO,LS-MD-0184,
authority/strategy/ops/Config_Change_Protocol_LOCKED.md,STRATEGY,MD-REBASELINE-20260820-001,YES,AUTHORITY,CURRENT_AUTHORITY,NO,NO,LS-MD-0185,
authority/strategy/ops/Credentials_and_Secrets_Contract.md,STRATEGY,MD-REBASELINE-20260820-001,YES,AUTHORITY,CURRENT_AUTHORITY,NO,NO,LS-MD-0186,
authority/strategy/ops/Error_Taxonomy_and_Run_Status_Decision_Table_LOCKED.md,STRATEGY,MD-REBASELINE-20260820-001,YES,AUTHORITY,CURRENT_AUTHORITY,NO,NO,LS-MD-0188,
authority/strategy/ops/Executed_Run_Admission_Criteria_LOCKED.md,STRATEGY,MD-REBASELINE-20260820-001,YES,AUTHORITY,CURRENT_AUTHORITY,NO,NO,LS-MD-0189,
authority/strategy/ops/Incident_Classification_and_Response_Matrix_LOCKED.md,STRATEGY,MD-REBASELINE-20260820-001,YES,AUTHORITY,CURRENT_AUTHORITY,NO,NO,LS-MD-0194,
authority/strategy/ops/Observability_Minimum_Contract_LOCKED.md,STRATEGY,MD-REBASELINE-20260820-001,YES,AUTHORITY,CURRENT_AUTHORITY,NO,NO,LS-MD-0198,
authority/strategy/ops/Operator_Decision_Trees_LOCKED.md,STRATEGY,MD-REBASELINE-20260820-001,YES,AUTHORITY,CURRENT_AUTHORITY,NO,NO,LS-MD-0200,
authority/strategy/ops/Performance_SLO_and_Limits_LOCKED.md,STRATEGY,MD-REBASELINE-20260820-001,YES,AUTHORITY,CURRENT_AUTHORITY,NO,NO,LS-MD-0202,
authority/strategy/ops/Release_Gates_LOCKED.md,STRATEGY,MD-REBASELINE-20260820-001,YES,AUTHORITY,CURRENT_AUTHORITY,NO,NO,LS-MD-0203,
authority/strategy/ops/Resumable_Backfill_Contract_LOCKED.md,STRATEGY,MD-REBASELINE-20260820-001,YES,AUTHORITY,CURRENT_AUTHORITY,NO,NO,LS-MD-0204,
authority/strategy/ops/Run_Artifacts_Format_LOCKED.md,STRATEGY,MD-REBASELINE-20260820-001,YES,AUTHORITY,CURRENT_AUTHORITY,NO,NO,LS-MD-0205,
authority/strategy/ops/Run_Execution_Evidence_Pack_Contract_LOCKED.md,STRATEGY,MD-REBASELINE-20260820-001,YES,AUTHORITY,CURRENT_AUTHORITY,NO,NO,LS-MD-0206,
authority/strategy/ops/Run_Ownership_and_Recovery_LOCKED.md,STRATEGY,MD-REBASELINE-20260820-001,YES,AUTHORITY,CURRENT_AUTHORITY,NO,NO,LS-MD-0207,
authority/strategy/ops/Scheduling_and_Locking_Contract_LOCKED.md,STRATEGY,MD-REBASELINE-20260820-001,YES,AUTHORITY,CURRENT_AUTHORITY,NO,NO,LS-MD-0209,
authority/strategy/registry/Corporate_Action_Type_Registry_LOCKED.md,STRATEGY,MD-REBASELINE-20260820-001,YES,AUTHORITY,CURRENT_AUTHORITY,NO,NO,LS-MD-0215,
authority/strategy/registry/Exchange_Market_Structure_Facts_LOCKED.md,STRATEGY,MD-REBASELINE-20260820-001,YES,AUTHORITY,CURRENT_AUTHORITY,NO,NO,LS-MD-0216,
authority/strategy/registry/Indicator_Registry_Baseline_LOCKED.md,STRATEGY,MD-REBASELINE-20260820-001,YES,AUTHORITY,CURRENT_AUTHORITY,NO,NO,LS-MD-0217,
authority/strategy/registry/Platform_Config_Registry_LOCKED.md,STRATEGY,MD-REBASELINE-20260820-001,YES,AUTHORITY,CURRENT_AUTHORITY,NO,NO,LS-MD-0218,
authority/strategy/registry/Price_Adjustment_Contract_LOCKED.md,STRATEGY,MD-REBASELINE-20260820-001,YES,AUTHORITY,CURRENT_AUTHORITY,NO,NO,LS-MD-0219,
authority/strategy/registry/Price_Scale_Break_Detection_LOCKED.md,STRATEGY,MD-REBASELINE-20260820-001,YES,AUTHORITY,CURRENT_AUTHORITY,NO,NO,LS-MD-0220,
authority/strategy/registry/Reason_Codes_Registry.md,STRATEGY,MD-REBASELINE-20260820-001,YES,AUTHORITY,CURRENT_AUTHORITY,NO,NO,LS-MD-0221,
authority/strategy/registry/Volume_and_Turnover_Normalization_LOCKED.md,STRATEGY,MD-REBASELINE-20260820-001,YES,AUTHORITY,CURRENT_AUTHORITY,NO,NO,LS-MD-0223,
authority/strategy/session_snapshot/Session_Snapshot_Contract_LOCKED.md,STRATEGY,MD-REBASELINE-20260820-001,YES,AUTHORITY,CURRENT_AUTHORITY,NO,NO,LS-MD-0224,
authority/strategy/session_snapshot/Session_Snapshot_Date_Alignment_with_Effective_Date_LOCKED.md,STRATEGY,MD-REBASELINE-20260820-001,YES,AUTHORITY,CURRENT_AUTHORITY,NO,NO,LS-MD-0225,
authority/strategy/session_snapshot/Session_Snapshot_Retention_Defaults_LOCKED.md,STRATEGY,MD-REBASELINE-20260820-001,YES,AUTHORITY,CURRENT_AUTHORITY,NO,NO,LS-MD-0226,
authority/strategy/session_snapshot/Session_Snapshot_Scope_Selection_and_Dependencies_LOCKED.md,STRATEGY,MD-REBASELINE-20260820-001,YES,AUTHORITY,CURRENT_AUTHORITY,NO,NO,LS-MD-0227,
authority/strategy/session_snapshot/Snapshot_Slot_Tolerances_and_Session_Rules_LOCKED.md,STRATEGY,MD-REBASELINE-20260820-001,YES,AUTHORITY,CURRENT_AUTHORITY,NO,NO,LS-MD-0228,
development/README.md,NAVIGATION,MD-REBASELINE-20260820-001,NO,NAVIGATION,CURRENT_NAVIGATION,NO,NO,,
development/findings/F-MD-20260820-01_ARCHITECTURE_NORMALIZATION.md,FINDING,MD-REBASELINE-20260820-001,NO,CURRENT_RECORD,CURRENT_FINDING_LIFECYCLE,NO,NO,,
development/findings/F-MD-20260820-02_LEGACY_COMPOSITE_ROLE_GAP.md,FINDING,MD-REBASELINE-20260820-001,NO,FINDING,CURRENT_FINDING,NO,NO,,
development/findings/README.md,NAVIGATION,MD-REBASELINE-20260820-001,NO,NAVIGATION,CURRENT_NAVIGATION,NO,NO,,
development/implementation/CURRENT_STATE.md,STATUS_LEDGER,MD-REBASELINE-20260820-001,NO,DEVELOPMENT,CURRENT_PROCESS_SUPPORT,NO,NO,,
development/implementation/MD_DEPENDENCY_REGISTRY.csv,REGISTRY,MD-REBASELINE-20260820-001,NO,PROCESS_SUPPORT,CURRENT_REGISTRY,NO,NO,,
development/implementation/MD_IMPLEMENTATION_BUILD_SEQUENCE.md,IMPLEMENTATION_GUIDANCE,MD-REBASELINE-20260820-001,NO,DEVELOPMENT,CURRENT_PROCESS_SUPPORT,NO,NO,,
development/implementation/MD_IMPLEMENTATION_STAGE_REGISTER.md,STATUS_LEDGER,MD-REBASELINE-20260820-001,NO,DEVELOPMENT,CURRENT_PROCESS_SUPPORT,NO,NO,,
development/implementation/README.md,NAVIGATION,MD-REBASELINE-20260820-001,NO,NAVIGATION,CURRENT_NAVIGATION,NO,NO,,
development/implementation/STRATEGY_ALIGNMENT_REQUIRED.md,IMPLEMENTATION_GUIDANCE,MD-REBASELINE-20260820-001,NO,DEVELOPMENT,CURRENT_PROCESS_SUPPORT,NO,NO,,
development/implementation/db/DB_FIELDS_AND_METADATA.md,IMPLEMENTATION_DB,MD-REBASELINE-20260820-001,YES,DEVELOPMENT,NOT_ASSESSED_REVALIDATION_REQUIRED,NO,YES,LS-MD-0119,Pre-epoch verdicts do not transfer.
development/implementation/db/DB_Schema_And_Migration_Sync_Contract_LOCKED.md,IMPLEMENTATION_DB,MD-REBASELINE-20260820-001,YES,DEVELOPMENT,NOT_ASSESSED_REVALIDATION_REQUIRED,NO,YES,LS-MD-0120,Pre-epoch verdicts do not transfer.
development/implementation/db/Database_Schema_Contracts_MariaDB.md,IMPLEMENTATION_DB,MD-REBASELINE-20260820-001,YES,DEVELOPMENT,NOT_ASSESSED_REVALIDATION_REQUIRED,NO,YES,LS-MD-0117,Pre-epoch verdicts do not transfer.
development/implementation/db/Database_Schema_MariaDB.sql,IMPLEMENTATION_DB,MD-REBASELINE-20260820-001,YES,DEVELOPMENT,NOT_ASSESSED_REVALIDATION_REQUIRED,NO,YES,LS-MD-0118,Pre-epoch verdicts do not transfer.
development/implementation/db/EOD_Current_Publication_Pointer_Table.sql,IMPLEMENTATION_DB,MD-REBASELINE-20260820-001,YES,DEVELOPMENT,NOT_ASSESSED_REVALIDATION_REQUIRED,NO,YES,LS-MD-0121,Pre-epoch verdicts do not transfer.
development/implementation/db/EOD_Publications_Table.sql,IMPLEMENTATION_DB,MD-REBASELINE-20260820-001,YES,DEVELOPMENT,NOT_ASSESSED_REVALIDATION_REQUIRED,NO,YES,LS-MD-0122,Pre-epoch verdicts do not transfer.
development/implementation/db/Indices_and_Constraints_Contract_LOCKED.md,IMPLEMENTATION_DB,MD-REBASELINE-20260820-001,YES,DEVELOPMENT,NOT_ASSESSED_REVALIDATION_REQUIRED,NO,YES,LS-MD-0123,Pre-epoch verdicts do not transfer.
development/implementation/db/MARKET_DATA_DICTIONARY.md,IMPLEMENTATION_DB,MD-REBASELINE-20260820-001,YES,DEVELOPMENT,NOT_ASSESSED_REVALIDATION_REQUIRED,NO,YES,LS-MD-0124,Pre-epoch verdicts do not transfer.
development/implementation/db/Migration_Policy_LOCKED.md,IMPLEMENTATION_DB,MD-REBASELINE-20260820-001,YES,DEVELOPMENT,NOT_ASSESSED_REVALIDATION_REQUIRED,NO,YES,LS-MD-0125,Pre-epoch verdicts do not transfer.
development/implementation/db/Optional_Fetch_Failures_Table.md,IMPLEMENTATION_DB,MD-REBASELINE-20260820-001,YES,DEVELOPMENT,NOT_ASSESSED_REVALIDATION_REQUIRED,NO,YES,LS-MD-0127,Pre-epoch verdicts do not transfer.
development/implementation/db/Optional_Fetch_Failures_Table.sql,IMPLEMENTATION_DB,MD-REBASELINE-20260820-001,YES,DEVELOPMENT,NOT_ASSESSED_REVALIDATION_REQUIRED,NO,YES,LS-MD-0128,Pre-epoch verdicts do not transfer.
development/implementation/db/Publication_Current_Pointer_Switch_Procedure_LOCKED.sql,IMPLEMENTATION_DB,MD-REBASELINE-20260820-001,YES,DEVELOPMENT,NOT_ASSESSED_REVALIDATION_REQUIRED,NO,YES,LS-MD-0129,Pre-epoch verdicts do not transfer.
development/implementation/db/Publication_Switch_Procedure_LOCKED.sql,IMPLEMENTATION_DB,MD-REBASELINE-20260820-001,YES,DEVELOPMENT,NOT_ASSESSED_REVALIDATION_REQUIRED,NO,YES,LS-MD-0130,Pre-epoch verdicts do not transfer.
development/implementation/db/README.md,IMPLEMENTATION_DB,MD-REBASELINE-20260820-001,YES,DEVELOPMENT,NOT_ASSESSED_REVALIDATION_REQUIRED,NO,YES,LS-MD-0131,Pre-epoch verdicts do not transfer.
development/implementation/db/Schema_Enforcement_Notes_LOCKED.md,IMPLEMENTATION_DB,MD-REBASELINE-20260820-001,YES,DEVELOPMENT,NOT_ASSESSED_REVALIDATION_REQUIRED,NO,YES,LS-MD-0132,Pre-epoch verdicts do not transfer.
development/implementation/db/backtest/Replay_Results_Schema_MariaDB.sql,IMPLEMENTATION_DB,MD-REBASELINE-20260820-001,YES,DEVELOPMENT,NOT_ASSESSED_REVALIDATION_REQUIRED,NO,YES,LS-MD-0057,Pre-epoch verdicts do not transfer.
development/implementation/db/migrations/.gitkeep,IMPLEMENTATION_DB,MD-REBASELINE-20260820-001,YES,DEVELOPMENT,NOT_ASSESSED_REVALIDATION_REQUIRED,NO,YES,LS-MD-0126,Pre-epoch verdicts do not transfer.
development/implementation/db/registry/Reason_Codes_Seed.sql,IMPLEMENTATION_DB,MD-REBASELINE-20260820-001,YES,DEVELOPMENT,NOT_ASSESSED_REVALIDATION_REQUIRED,NO,YES,LS-MD-0222,Pre-epoch verdicts do not transfer.
development/implementation/examples/MD_CHANGE_IMPACT_DECLARATION_TEMPLATE.md,IMPLEMENTATION_EXAMPLE,MD-REBASELINE-20260820-001,NO,DEVELOPMENT,CURRENT_PROCESS_SUPPORT,NO,NO,,
development/implementation/examples/MD_STAGE_ATTEMPT_RECORD_TEMPLATE.md,IMPLEMENTATION_EXAMPLE,MD-REBASELINE-20260820-001,NO,DEVELOPMENT,CURRENT_PROCESS_SUPPORT,NO,NO,,
development/implementation/examples/MD_STAGE_CLOSURE_MANIFEST_TEMPLATE.md,IMPLEMENTATION_EXAMPLE,MD-REBASELINE-20260820-001,NO,DEVELOPMENT,CURRENT_PROCESS_SUPPORT,NO,NO,,
development/implementation/examples/WORK_BASELINE_LOCK_TEMPLATE.json,IMPLEMENTATION_EXAMPLE,MD-REBASELINE-20260820-001,NO,DEVELOPMENT,CURRENT_PROCESS_SUPPORT,NO,NO,,
development/implementation/examples/legacy/ARCHIVED_EVIDENCE_FOLDER_STRUCTURE_LOCKED.md,IMPLEMENTATION_EXAMPLE,MD-REBASELINE-20260820-001,YES,DEVELOPMENT,NOT_ASSESSED_REVALIDATION_REQUIRED,NO,YES,LS-MD-0161,Pre-epoch verdicts do not transfer.
development/implementation/examples/legacy/Executed_Correction_Diff_Example_LOCKED.md,IMPLEMENTATION_EXAMPLE,MD-REBASELINE-20260820-001,YES,DEVELOPMENT,NOT_ASSESSED_REVALIDATION_REQUIRED,NO,YES,LS-MD-0162,Pre-epoch verdicts do not transfer.
development/implementation/examples/legacy/Executed_Publication_Manifest_Example_LOCKED.md,IMPLEMENTATION_EXAMPLE,MD-REBASELINE-20260820-001,YES,DEVELOPMENT,NOT_ASSESSED_REVALIDATION_REQUIRED,NO,YES,LS-MD-0163,Pre-epoch verdicts do not transfer.
development/implementation/examples/legacy/Executed_Replay_Evidence_Example_LOCKED.md,IMPLEMENTATION_EXAMPLE,MD-REBASELINE-20260820-001,YES,DEVELOPMENT,NOT_ASSESSED_REVALIDATION_REQUIRED,NO,YES,LS-MD-0164,Pre-epoch verdicts do not transfer.
development/implementation/examples/legacy/Executed_Run_Evidence_Bundle_Example_LOCKED.md,IMPLEMENTATION_EXAMPLE,MD-REBASELINE-20260820-001,YES,DEVELOPMENT,NOT_ASSESSED_REVALIDATION_REQUIRED,NO,YES,LS-MD-0165,Pre-epoch verdicts do not transfer.
development/implementation/examples/legacy/Executed_Test_Run_Example_LOCKED.md,IMPLEMENTATION_EXAMPLE,MD-REBASELINE-20260820-001,YES,DEVELOPMENT,NOT_ASSESSED_REVALIDATION_REQUIRED,NO,YES,LS-MD-0166,Pre-epoch verdicts do not transfer.
development/implementation/examples/legacy/README.md,IMPLEMENTATION_EXAMPLE,MD-REBASELINE-20260820-001,YES,DEVELOPMENT,NOT_ASSESSED_REVALIDATION_REQUIRED,NO,YES,LS-MD-0167,Pre-epoch verdicts do not transfer.
development/implementation/guides/system/README.md,IMPLEMENTATION_GUIDANCE,MD-REBASELINE-20260820-001,YES,DEVELOPMENT,NOT_ASSESSED_REVALIDATION_REQUIRED,NO,YES,LS-MD-0229,Pre-epoch verdicts do not transfer.
development/implementation/guides/system/SYSTEM_ARTIFACT_MAP.md,IMPLEMENTATION_GUIDANCE,MD-REBASELINE-20260820-001,YES,DEVELOPMENT,NOT_ASSESSED_REVALIDATION_REQUIRED,NO,YES,LS-MD-0230,Pre-epoch verdicts do not transfer.
development/implementation/guides/system/SYSTEM_BOUNDARY.md,IMPLEMENTATION_GUIDANCE,MD-REBASELINE-20260820-001,YES,DEVELOPMENT,NOT_ASSESSED_REVALIDATION_REQUIRED,NO,YES,LS-MD-0231,Pre-epoch verdicts do not transfer.
development/implementation/guides/system/SYSTEM_CONTEXT_AND_DEPENDENCIES.md,IMPLEMENTATION_GUIDANCE,MD-REBASELINE-20260820-001,YES,DEVELOPMENT,NOT_ASSESSED_REVALIDATION_REQUIRED,NO,YES,LS-MD-0232,Pre-epoch verdicts do not transfer.
development/implementation/guides/system/SYSTEM_DATA_PRODUCT_MAP.md,IMPLEMENTATION_GUIDANCE,MD-REBASELINE-20260820-001,YES,DEVELOPMENT,NOT_ASSESSED_REVALIDATION_REQUIRED,NO,YES,LS-MD-0233,Pre-epoch verdicts do not transfer.
development/implementation/guides/system/SYSTEM_OVERVIEW.md,IMPLEMENTATION_GUIDANCE,MD-REBASELINE-20260820-001,YES,DEVELOPMENT,NOT_ASSESSED_REVALIDATION_REQUIRED,NO,YES,LS-MD-0234,Pre-epoch verdicts do not transfer.
development/implementation/guides/system/SYSTEM_OWNERSHIP_MAP.md,IMPLEMENTATION_GUIDANCE,MD-REBASELINE-20260820-001,YES,DEVELOPMENT,NOT_ASSESSED_REVALIDATION_REQUIRED,NO,YES,LS-MD-0235,Pre-epoch verdicts do not transfer.
development/implementation/guides/system/SYSTEM_PUBLICATION_AND_CORRECTION_OVERVIEW.md,IMPLEMENTATION_GUIDANCE,MD-REBASELINE-20260820-001,YES,DEVELOPMENT,NOT_ASSESSED_REVALIDATION_REQUIRED,NO,YES,LS-MD-0236,Pre-epoch verdicts do not transfer.
development/implementation/guides/system/SYSTEM_READ_ORDER.md,IMPLEMENTATION_GUIDANCE,MD-REBASELINE-20260820-001,YES,DEVELOPMENT,NOT_ASSESSED_REVALIDATION_REQUIRED,NO,YES,LS-MD-0237,Pre-epoch verdicts do not transfer.
development/implementation/guides/system/SYSTEM_RUNTIME_FLOW.md,IMPLEMENTATION_GUIDANCE,MD-REBASELINE-20260820-001,YES,DEVELOPMENT,NOT_ASSESSED_REVALIDATION_REQUIRED,NO,YES,LS-MD-0238,Pre-epoch verdicts do not transfer.
development/implementation/ops/Audit_Query_Cookbook_LOCKED.md,IMPLEMENTATION_GUIDANCE,MD-REBASELINE-20260820-001,YES,DEVELOPMENT,NOT_ASSESSED_REVALIDATION_REQUIRED,NO,YES,LS-MD-0172,Pre-epoch verdicts do not transfer.
development/implementation/ops/Bootstrap_and_Backfill_Runbook_LOCKED.md,IMPLEMENTATION_GUIDANCE,MD-REBASELINE-20260820-001,YES,DEVELOPMENT,NOT_ASSESSED_REVALIDATION_REQUIRED,NO,YES,LS-MD-0173,Pre-epoch verdicts do not transfer.
development/implementation/ops/Daily_Pipeline_Execution_and_Sealing_Runbook_LOCKED.md,IMPLEMENTATION_GUIDANCE,MD-REBASELINE-20260820-001,YES,DEVELOPMENT,NOT_ASSESSED_REVALIDATION_REQUIRED,NO,YES,LS-MD-0187,Pre-epoch verdicts do not transfer.
development/implementation/ops/Failure_Playbook_LOCKED.md,IMPLEMENTATION_GUIDANCE,MD-REBASELINE-20260820-001,YES,DEVELOPMENT,NOT_ASSESSED_REVALIDATION_REQUIRED,NO,YES,LS-MD-0190,Pre-epoch verdicts do not transfer.
development/implementation/ops/Historical_Correction_Runbook_LOCKED.md,IMPLEMENTATION_GUIDANCE,MD-REBASELINE-20260820-001,YES,DEVELOPMENT,NOT_ASSESSED_REVALIDATION_REQUIRED,NO,YES,LS-MD-0191,Pre-epoch verdicts do not transfer.
development/implementation/ops/History_Table_Immutability_Guards_LOCKED.sql,IMPLEMENTATION_GUIDANCE,MD-REBASELINE-20260820-001,YES,DEVELOPMENT,NOT_ASSESSED_REVALIDATION_REQUIRED,NO,YES,LS-MD-0192,Pre-epoch verdicts do not transfer.
development/implementation/ops/IMPLEMENTATION_GUIDE.md,IMPLEMENTATION_GUIDANCE,MD-REBASELINE-20260820-001,YES,DEVELOPMENT,NOT_ASSESSED_REVALIDATION_REQUIRED,NO,YES,LS-MD-0193,Pre-epoch verdicts do not transfer.
development/implementation/ops/Locking_Implementation_Standard_LOCKED.md,IMPLEMENTATION_GUIDANCE,MD-REBASELINE-20260820-001,YES,DEVELOPMENT,NOT_ASSESSED_REVALIDATION_REQUIRED,NO,YES,LS-MD-0195,Pre-epoch verdicts do not transfer.
development/implementation/ops/Logging_Schema_JSON_LOCKED.md,IMPLEMENTATION_GUIDANCE,MD-REBASELINE-20260820-001,YES,DEVELOPMENT,NOT_ASSESSED_REVALIDATION_REQUIRED,NO,YES,LS-MD-0196,Pre-epoch verdicts do not transfer.
development/implementation/ops/OPERATIONAL_RUNBOOK.md,IMPLEMENTATION_GUIDANCE,MD-REBASELINE-20260820-001,YES,DEVELOPMENT,NOT_ASSESSED_REVALIDATION_REQUIRED,NO,YES,LS-MD-0199,Pre-epoch verdicts do not transfer.
development/implementation/ops/commands/01_DAILY_PIPELINE.md,IMPLEMENTATION_GUIDANCE,MD-REBASELINE-20260820-001,YES,DEVELOPMENT,NOT_ASSESSED_REVALIDATION_REQUIRED,NO,YES,LS-MD-0175,Pre-epoch verdicts do not transfer.
development/implementation/ops/commands/02_IMPORT_DATA.md,IMPLEMENTATION_GUIDANCE,MD-REBASELINE-20260820-001,YES,DEVELOPMENT,NOT_ASSESSED_REVALIDATION_REQUIRED,NO,YES,LS-MD-0176,Pre-epoch verdicts do not transfer.
development/implementation/ops/commands/03_PROCESS_DATASET.md,IMPLEMENTATION_GUIDANCE,MD-REBASELINE-20260820-001,YES,DEVELOPMENT,NOT_ASSESSED_REVALIDATION_REQUIRED,NO,YES,LS-MD-0177,Pre-epoch verdicts do not transfer.
development/implementation/ops/commands/04_FINALIZE_AND_PUBLISH.md,IMPLEMENTATION_GUIDANCE,MD-REBASELINE-20260820-001,YES,DEVELOPMENT,NOT_ASSESSED_REVALIDATION_REQUIRED,NO,YES,LS-MD-0178,Pre-epoch verdicts do not transfer.
development/implementation/ops/commands/06_CORRECTION.md,IMPLEMENTATION_GUIDANCE,MD-REBASELINE-20260820-001,YES,DEVELOPMENT,NOT_ASSESSED_REVALIDATION_REQUIRED,NO,YES,LS-MD-0180,Pre-epoch verdicts do not transfer.
development/implementation/ops/commands/07_REPLAY_AND_EVIDENCE.md,IMPLEMENTATION_GUIDANCE,MD-REBASELINE-20260820-001,YES,DEVELOPMENT,NOT_ASSESSED_REVALIDATION_REQUIRED,NO,YES,LS-MD-0181,Pre-epoch verdicts do not transfer.
development/implementation/ops/commands/08_SESSION_SNAPSHOT.md,IMPLEMENTATION_GUIDANCE,MD-REBASELINE-20260820-001,YES,DEVELOPMENT,NOT_ASSESSED_REVALIDATION_REQUIRED,NO,YES,LS-MD-0182,Pre-epoch verdicts do not transfer.
development/implementation/ops/commands/README.md,IMPLEMENTATION_GUIDANCE,MD-REBASELINE-20260820-001,YES,DEVELOPMENT,NOT_ASSESSED_REVALIDATION_REQUIRED,NO,YES,LS-MD-0183,Pre-epoch verdicts do not transfer.
development/implementation/tests/CreateMarketDataWorkBaselineLock.php,IMPLEMENTATION_TEST,MD-REBASELINE-20260820-001,NO,DEVELOPMENT,CURRENT_PROCESS_SUPPORT,NO,NO,,
development/implementation/tests/GenerateMarketDataCurrentState.php,IMPLEMENTATION_TEST,MD-REBASELINE-20260820-001,NO,DEVELOPMENT,CURRENT_PROCESS_SUPPORT,NO,NO,,
development/implementation/tests/MarketDataDocumentationIntegrityGate.php,IMPLEMENTATION_TEST,MD-REBASELINE-20260820-001,NO,DEVELOPMENT,CURRENT_PROCESS_SUPPORT,NO,NO,,
development/implementation/tests/MarketDataRelationshipIntegrityGate.php,IMPLEMENTATION_TEST,MD-REBASELINE-20260820-001,NO,DEVELOPMENT,CURRENT_PROCESS_SUPPORT,NO,NO,,
development/implementation/tests/MarketDataRelationshipIntegrityGateSelfTest.php,IMPLEMENTATION_TEST,MD-REBASELINE-20260820-001,NO,DEVELOPMENT,CURRENT_PROCESS_SUPPORT,NO,NO,,
development/implementation/tests/README.md,IMPLEMENTATION_TEST,MD-REBASELINE-20260820-001,NO,DEVELOPMENT,CURRENT_PROCESS_SUPPORT,NO,NO,,
development/implementation/tests/RegisterMarketDataWorkRecord.php,IMPLEMENTATION_TEST,MD-REBASELINE-20260820-001,NO,DEVELOPMENT,CURRENT_PROCESS_SUPPORT,NO,NO,,
development/implementation/tests/RegisterMarketDataWorkRelationship.php,IMPLEMENTATION_TEST,MD-REBASELINE-20260820-001,NO,DEVELOPMENT,CURRENT_PROCESS_SUPPORT,NO,NO,,
development/implementation/tests/specs/Contract_Test_Matrix_LOCKED.md,IMPLEMENTATION_TEST,MD-REBASELINE-20260820-001,YES,DEVELOPMENT,NOT_ASSESSED_REVALIDATION_REQUIRED,NO,YES,LS-MD-0240,Pre-epoch verdicts do not transfer.
development/implementation/tests/specs/Correction_Lifecycle_Safety_Test_Matrix.md,IMPLEMENTATION_TEST,MD-REBASELINE-20260820-001,YES,DEVELOPMENT,NOT_ASSESSED_REVALIDATION_REQUIRED,NO,YES,LS-MD-0242,Pre-epoch verdicts do not transfer.
development/implementation/tests/specs/Executed_Proof_Admission_Criteria_LOCKED.md,IMPLEMENTATION_TEST,MD-REBASELINE-20260820-001,YES,DEVELOPMENT,NOT_ASSESSED_REVALIDATION_REQUIRED,NO,YES,LS-MD-0244,Pre-epoch verdicts do not transfer.
development/implementation/tests/specs/Fixture_Package_Manifest_LOCKED.md,IMPLEMENTATION_TEST,MD-REBASELINE-20260820-001,YES,DEVELOPMENT,NOT_ASSESSED_REVALIDATION_REQUIRED,NO,YES,LS-MD-0245,Pre-epoch verdicts do not transfer.
development/implementation/tests/specs/Golden_Fixture_Examples_LOCKED.md,IMPLEMENTATION_TEST,MD-REBASELINE-20260820-001,YES,DEVELOPMENT,NOT_ASSESSED_REVALIDATION_REQUIRED,NO,YES,LS-MD-0247,Pre-epoch verdicts do not transfer.
development/implementation/tests/specs/Golden_Fixtures_Specification.md,IMPLEMENTATION_TEST,MD-REBASELINE-20260820-001,YES,DEVELOPMENT,NOT_ASSESSED_REVALIDATION_REQUIRED,NO,YES,LS-MD-0248,Pre-epoch verdicts do not transfer.
development/implementation/tests/specs/Indicator_Expected_Output_Oracle_LOCKED.md,IMPLEMENTATION_TEST,MD-REBASELINE-20260820-001,YES,DEVELOPMENT,NOT_ASSESSED_REVALIDATION_REQUIRED,NO,YES,LS-MD-0249,Pre-epoch verdicts do not transfer.
development/implementation/tests/specs/Indicator_Test_Vectors_LOCKED.md,IMPLEMENTATION_TEST,MD-REBASELINE-20260820-001,YES,DEVELOPMENT,NOT_ASSESSED_REVALIDATION_REQUIRED,NO,YES,LS-MD-0250,Pre-epoch verdicts do not transfer.
development/implementation/tests/specs/Negative_Test_Catalog_LOCKED.md,IMPLEMENTATION_TEST,MD-REBASELINE-20260820-001,YES,DEVELOPMENT,NOT_ASSESSED_REVALIDATION_REQUIRED,NO,YES,LS-MD-0251,Pre-epoch verdicts do not transfer.
development/implementation/tests/specs/README.md,IMPLEMENTATION_TEST,MD-REBASELINE-20260820-001,YES,DEVELOPMENT,NOT_ASSESSED_REVALIDATION_REQUIRED,NO,YES,LS-MD-0253,Pre-epoch verdicts do not transfer.
development/implementation/tests/specs/Test_Coverage_Closure_Contract_LOCKED.md,IMPLEMENTATION_TEST,MD-REBASELINE-20260820-001,YES,DEVELOPMENT,NOT_ASSESSED_REVALIDATION_REQUIRED,NO,YES,LS-MD-0254,Pre-epoch verdicts do not transfer.
development/implementation/tests/specs/Test_Implementation_Guidance_LOCKED.md,IMPLEMENTATION_TEST,MD-REBASELINE-20260820-001,YES,DEVELOPMENT,NOT_ASSESSED_REVALIDATION_REQUIRED,NO,YES,LS-MD-0255,Pre-epoch verdicts do not transfer.
development/research/README.md,NAVIGATION,MD-REBASELINE-20260820-001,NO,NAVIGATION,CURRENT_NAVIGATION,NO,NO,,
records/README.md,NAVIGATION,MD-REBASELINE-20260820-001,NO,NAVIGATION,CURRENT_NAVIGATION,NO,NO,,
records/WORK_RECORD_REGISTRY.csv,REGISTRY,MD-REBASELINE-20260820-001,NO,PROCESS_SUPPORT,CURRENT_REGISTRY,NO,NO,,
records/WORK_RELATIONSHIP_REGISTRY.csv,REGISTRY,MD-REBASELINE-20260820-001,NO,PROCESS_SUPPORT,CURRENT_REGISTRY,NO,NO,,
records/decisions/D-MD-20260820-01_ARCHITECTURE_AND_REBASELINE_ADOPTION.md,DECISION,MD-REBASELINE-20260820-001,NO,CURRENT_RECORD,CURRENT_ISSUED_DECISION,NO,NO,,
records/decisions/D-MD-20260820-02_LEGACY_COMPOSITE_NORMALIZATION_ADOPTION.md,DECISION,MD-REBASELINE-20260820-001,NO,RECORD,CURRENT_RECORD,NO,NO,,
records/decisions/README.md,NAVIGATION,MD-REBASELINE-20260820-001,NO,NAVIGATION,CURRENT_NAVIGATION,NO,NO,,
records/decisions/legacy/LX-MD-0003-DEC-01_AUDIT_DOCS_SYNCHRONIZATION_INVENTORY.md,DECISION,MD-REBASELINE-20260820-001,YES,RECORD,HISTORICAL_ONLY,NO,NO,LS-MD-0003,Role-pure legacy extract; historical-only.
records/decisions/legacy/LX-MD-0004-DEC-01_AUDIT_DOCS_SYNCHRONIZATION_POST_SESSION_1_8_INVE.md,DECISION,MD-REBASELINE-20260820-001,YES,RECORD,HISTORICAL_ONLY,NO,NO,LS-MD-0004,Role-pure legacy extract; historical-only.
records/decisions/legacy/LX-MD-0019-DEC-01_CONFIG_ENV_GOVERNANCE_CLEANUP_INVENTORY.md,DECISION,MD-REBASELINE-20260820-001,YES,RECORD,HISTORICAL_ONLY,NO,NO,LS-MD-0019,Role-pure legacy extract; historical-only.
records/decisions/legacy/LX-MD-0019-DEC-02_CONFIG_ENV_GOVERNANCE_CLEANUP_INVENTORY.md,DECISION,MD-REBASELINE-20260820-001,YES,RECORD,HISTORICAL_ONLY,NO,NO,LS-MD-0019,Role-pure legacy extract; historical-only.
records/decisions/legacy/LX-MD-0020-DEC-01_CORRECTION_LIFECYCLE_HARDENING_INVENTORY.md,DECISION,MD-REBASELINE-20260820-001,YES,RECORD,HISTORICAL_ONLY,NO,NO,LS-MD-0020,Role-pure legacy extract; historical-only.
records/decisions/legacy/LX-MD-0022-DEC-01_DB_INTEGRITY_FK_IMPLICIT_INTEGRITY_DECISION_INVE.md,DECISION,MD-REBASELINE-20260820-001,YES,RECORD,HISTORICAL_ONLY,NO,NO,LS-MD-0022,Role-pure legacy extract; historical-only.
records/decisions/legacy/LX-MD-0022-DEC-02_DB_INTEGRITY_FK_IMPLICIT_INTEGRITY_DECISION_INVE.md,DECISION,MD-REBASELINE-20260820-001,YES,RECORD,HISTORICAL_ONLY,NO,NO,LS-MD-0022,Role-pure legacy extract; historical-only.
records/decisions/legacy/LX-MD-0022-DEC-03_DB_INTEGRITY_FK_IMPLICIT_INTEGRITY_DECISION_INVE.md,DECISION,MD-REBASELINE-20260820-001,YES,RECORD,HISTORICAL_ONLY,NO,NO,LS-MD-0022,Role-pure legacy extract; historical-only.
records/decisions/legacy/LX-MD-0024-DEC-01_EVIDENCE_EXPORT_RUNTIME_PROOF_INVENTORY.md,DECISION,MD-REBASELINE-20260820-001,YES,RECORD,HISTORICAL_ONLY,NO,NO,LS-MD-0024,Role-pure legacy extract; historical-only.
records/decisions/legacy/LX-MD-0027-DEC-01_FULL_MARKET_DATA_PRODUCTION_READY_INVENTORY.md,DECISION,MD-REBASELINE-20260820-001,YES,RECORD,HISTORICAL_ONLY,NO,NO,LS-MD-0027,Role-pure legacy extract; historical-only.
records/decisions/legacy/LX-MD-0027-DEC-02_FULL_MARKET_DATA_PRODUCTION_READY_INVENTORY.md,DECISION,MD-REBASELINE-20260820-001,YES,RECORD,HISTORICAL_ONLY,NO,NO,LS-MD-0027,Role-pure legacy extract; historical-only.
records/decisions/legacy/LX-MD-0030-DEC-01_LUMEN_CONTRACT_TRACKER.md,DECISION,MD-REBASELINE-20260820-001,YES,RECORD,HISTORICAL_ONLY,NO,NO,LS-MD-0030,Role-pure legacy extract; historical-only.
records/decisions/legacy/LX-MD-0031-DEC-01_LUMEN_IMPLEMENTATION_STATUS.md,DECISION,MD-REBASELINE-20260820-001,YES,RECORD,HISTORICAL_ONLY,NO,NO,LS-MD-0031,Role-pure legacy extract; historical-only.
records/decisions/legacy/LX-MD-0032-DEC-01_MARKET_BENCHMARK_INDICATOR_EXTENSION_INVENTORY.md,DECISION,MD-REBASELINE-20260820-001,YES,RECORD,HISTORICAL_ONLY,NO,NO,LS-MD-0032,Role-pure legacy extract; historical-only.
records/decisions/legacy/LX-MD-0033-DEC-01_MARKET_DATA_CONSUMER_READ_MODEL_INVENTORY.md,DECISION,MD-REBASELINE-20260820-001,YES,RECORD,HISTORICAL_ONLY,NO,NO,LS-MD-0033,Role-pure legacy extract; historical-only.
records/decisions/legacy/LX-MD-0033-DEC-02_MARKET_DATA_CONSUMER_READ_MODEL_INVENTORY.md,DECISION,MD-REBASELINE-20260820-001,YES,RECORD,HISTORICAL_ONLY,NO,NO,LS-MD-0033,Role-pure legacy extract; historical-only.
records/decisions/legacy/LX-MD-0034-DEC-01_MARKET_DATA_IMPLEMENTATION_LEDGER.md,DECISION,MD-REBASELINE-20260820-001,YES,RECORD,HISTORICAL_ONLY,NO,NO,LS-MD-0034,Role-pure legacy extract; historical-only.
records/decisions/legacy/LX-MD-0035-DEC-01_MARKET_DATA_PRODUCTION_PROOF_PACK.md,DECISION,MD-REBASELINE-20260820-001,YES,RECORD,HISTORICAL_ONLY,NO,NO,LS-MD-0035,Role-pure legacy extract; historical-only.
records/decisions/legacy/LX-MD-0036-DEC-01_OPERATIONAL_READINESS_INVENTORY.md,DECISION,MD-REBASELINE-20260820-001,YES,RECORD,HISTORICAL_ONLY,NO,NO,LS-MD-0036,Role-pure legacy extract; historical-only.
records/decisions/legacy/LX-MD-0037-DEC-01_OPS_COMMAND_SURFACE_RUNTIME_MATRIX_INVENTORY.md,DECISION,MD-REBASELINE-20260820-001,YES,RECORD,HISTORICAL_ONLY,NO,NO,LS-MD-0037,Role-pure legacy extract; historical-only.
records/decisions/legacy/LX-MD-0038-DEC-01_OPS_ENVIRONMENT_BASELINE_INVENTORY.md,DECISION,MD-REBASELINE-20260820-001,YES,RECORD,HISTORICAL_ONLY,NO,NO,LS-MD-0038,Role-pure legacy extract; historical-only.
records/decisions/legacy/LX-MD-0038-DEC-02_OPS_ENVIRONMENT_BASELINE_INVENTORY.md,DECISION,MD-REBASELINE-20260820-001,YES,RECORD,HISTORICAL_ONLY,NO,NO,LS-MD-0038,Role-pure legacy extract; historical-only.
records/decisions/legacy/LX-MD-0039-DEC-01_PRODUCTION_VALIDATION_INVENTORY.md,DECISION,MD-REBASELINE-20260820-001,YES,RECORD,HISTORICAL_ONLY,NO,NO,LS-MD-0039,Role-pure legacy extract; historical-only.
records/decisions/legacy/LX-MD-0042-DEC-01_REPLAY_DETERMINISM_RUNTIME_PROOF_INVENTORY.md,DECISION,MD-REBASELINE-20260820-001,YES,RECORD,HISTORICAL_ONLY,NO,NO,LS-MD-0042,Role-pure legacy extract; historical-only.
records/decisions/legacy/LX-MD-0044-DEC-01_AUDIT_FINAL_STATE.md,DECISION,MD-REBASELINE-20260820-001,YES,RECORD,HISTORICAL_ONLY,NO,NO,LS-MD-0044,Role-pure legacy extract; historical-only.
records/decisions/legacy/LX-MD-0053-DEC-01_WEEKLY_SWING_PRIORITY1_INDICATOR_EXTENSION_INVEN.md,DECISION,MD-REBASELINE-20260820-001,YES,RECORD,HISTORICAL_ONLY,NO,NO,LS-MD-0053,Role-pure legacy extract; historical-only.
records/decisions/legacy/LX-MD-0053-DEC-02_WEEKLY_SWING_PRIORITY1_INDICATOR_EXTENSION_INVEN.md,DECISION,MD-REBASELINE-20260820-001,YES,RECORD,HISTORICAL_ONLY,NO,NO,LS-MD-0053,Role-pure legacy extract; historical-only.
records/decisions/legacy/LX-MD-0201-DEC-01_OPS_ENVIRONMENT_BASELINE.md,DECISION,MD-REBASELINE-20260820-001,YES,RECORD,HISTORICAL_ONLY,NO,NO,LS-MD-0201,Role-pure legacy extract; historical-only.
records/decisions/legacy/LX-MD-0212-DEC-01_TRADING_STATUS_SEMANTICS_LONG_SUSPENSION_CLOSURE.md,DECISION,MD-REBASELINE-20260820-001,YES,RECORD,HISTORICAL_ONLY,NO,NO,LS-MD-0212,Role-pure legacy extract; historical-only.
records/decisions/legacy/LX-MD-0212-DEC-02_TRADING_STATUS_SEMANTICS_LONG_SUSPENSION_CLOSURE.md,DECISION,MD-REBASELINE-20260820-001,YES,RECORD,HISTORICAL_ONLY,NO,NO,LS-MD-0212,Role-pure legacy extract; historical-only.
records/decisions/legacy/LX-MD-0213-DEC-01_TRADING_STATUS_SOURCE_MODEL_SIMPLIFICATION_2026_.md,DECISION,MD-REBASELINE-20260820-001,YES,RECORD,HISTORICAL_ONLY,NO,NO,LS-MD-0213,Role-pure legacy extract; historical-only.
records/decisions/legacy/LX-MD-0239-DEC-01_Behavioral_Test_Coverage_Inventory.md,DECISION,MD-REBASELINE-20260820-001,YES,RECORD,HISTORICAL_ONLY,NO,NO,LS-MD-0239,Role-pure legacy extract; historical-only.
records/decisions/legacy/LX-MD-0243-DEC-01_Db_Integrity_Constraint_Inventory.md,DECISION,MD-REBASELINE-20260820-001,YES,RECORD,HISTORICAL_ONLY,NO,NO,LS-MD-0243,Role-pure legacy extract; historical-only.
records/decisions/legacy/LX-MD-0252-DEC-01_PHPUNIT_TEST_MATRIX.md,DECISION,MD-REBASELINE-20260820-001,YES,RECORD,HISTORICAL_ONLY,NO,NO,LS-MD-0252,Role-pure legacy extract; historical-only.
records/evidence/E-MD-20260820-01_ARCHITECTURE_VALIDATION.json,EVIDENCE,MD-REBASELINE-20260820-001,NO,CURRENT_RECORD,CURRENT_ISSUED_RECORD,YES,NO,,
records/evidence/E-MD-20260820-02_LEGACY_SEMANTIC_NORMALIZATION_VALIDATION.json,EVIDENCE,MD-REBASELINE-20260820-001,NO,RECORD,CURRENT_RECORD,NO,NO,,Current documentation-normalization evidence; not implementation proof.
records/evidence/MARKET_DATA_ARCHITECTURE_NORMALIZATION_REPORT.md,EVIDENCE,MD-REBASELINE-20260820-001,NO,CURRENT_RECORD,CURRENT_ISSUED_RECORD,YES,NO,,
records/evidence/MARKET_DATA_LEGACY_FULL_SEMANTIC_AUDIT_REPORT.md,EVIDENCE,MD-REBASELINE-20260820-001,NO,RECORD,CURRENT_RECORD,NO,NO,,
records/evidence/MD_DOCUMENTATION_INTEGRITY_GATE_LATEST.json,EVIDENCE,MD-REBASELINE-20260820-001,NO,CURRENT_RECORD,CURRENT_ISSUED_RECORD,YES,NO,,
records/evidence/MD_RELATIONSHIP_INTEGRITY_GATE_LATEST.json,EVIDENCE,MD-REBASELINE-20260820-001,NO,CURRENT_RECORD,CURRENT_ISSUED_RECORD,YES,NO,,
records/evidence/README.md,NAVIGATION,MD-REBASELINE-20260820-001,NO,NAVIGATION,CURRENT_NAVIGATION,NO,NO,,
records/evidence/legacy/corporate_actions/stage_6_ksei_stock_split_terms_v1.json,EVIDENCE,MD-REBASELINE-20260820-001,YES,LEGACY_RECORD,HISTORICAL_ONLY,NO,NO,LS-MD-0133,Pre-epoch verdicts do not transfer.
records/evidence/legacy/corrections/correction_9001/correction_diff.json,EVIDENCE,MD-REBASELINE-20260820-001,YES,LEGACY_RECORD,HISTORICAL_ONLY,NO,NO,LS-MD-0134,Pre-epoch verdicts do not transfer.
records/evidence/legacy/corrections/correction_9001/correction_request.json,EVIDENCE,MD-REBASELINE-20260820-001,YES,LEGACY_RECORD,HISTORICAL_ONLY,NO,NO,LS-MD-0135,Pre-epoch verdicts do not transfer.
records/evidence/legacy/corrections/correction_9001/evidence_admission.json,EVIDENCE,MD-REBASELINE-20260820-001,YES,LEGACY_RECORD,HISTORICAL_ONLY,NO,NO,LS-MD-0136,Pre-epoch verdicts do not transfer.
records/evidence/legacy/corrections/correction_9001/new_publication_manifest.json,EVIDENCE,MD-REBASELINE-20260820-001,YES,LEGACY_RECORD,HISTORICAL_ONLY,NO,NO,LS-MD-0137,Pre-epoch verdicts do not transfer.
records/evidence/legacy/corrections/correction_9001/prior_publication_manifest.json,EVIDENCE,MD-REBASELINE-20260820-001,YES,LEGACY_RECORD,HISTORICAL_ONLY,NO,NO,LS-MD-0138,Pre-epoch verdicts do not transfer.
records/evidence/legacy/corrections/correction_9001/publication_switch_result.json,EVIDENCE,MD-REBASELINE-20260820-001,YES,LEGACY_RECORD,HISTORICAL_ONLY,NO,NO,LS-MD-0139,Pre-epoch verdicts do not transfer.
records/evidence/legacy/market_structure/stage_7_idx_regular_market_structure_v1.json,EVIDENCE,MD-REBASELINE-20260820-001,YES,LEGACY_RECORD,HISTORICAL_ONLY,NO,NO,LS-MD-0140,Pre-epoch verdicts do not transfer.
records/evidence/legacy/replays/replay_3001/evidence_admission.json,EVIDENCE,MD-REBASELINE-20260820-001,YES,LEGACY_RECORD,HISTORICAL_ONLY,NO,NO,LS-MD-0142,Pre-epoch verdicts do not transfer.
records/evidence/legacy/replays/replay_3001/replay_reason_code_counts.json,EVIDENCE,MD-REBASELINE-20260820-001,YES,LEGACY_RECORD,HISTORICAL_ONLY,NO,NO,LS-MD-0143,Pre-epoch verdicts do not transfer.
records/evidence/legacy/replays/replay_3001/replay_result.json,EVIDENCE,MD-REBASELINE-20260820-001,YES,LEGACY_RECORD,HISTORICAL_ONLY,NO,NO,LS-MD-0144,Pre-epoch verdicts do not transfer.
records/evidence/legacy/runs/run_8124/anomaly_report.md,EVIDENCE,MD-REBASELINE-20260820-001,YES,LEGACY_RECORD,HISTORICAL_ONLY,NO,NO,LS-MD-0145,Pre-epoch verdicts do not transfer.
records/evidence/legacy/runs/run_8124/eligibility_export.csv,EVIDENCE,MD-REBASELINE-20260820-001,YES,LEGACY_RECORD,HISTORICAL_ONLY,NO,NO,LS-MD-0146,Pre-epoch verdicts do not transfer.
records/evidence/legacy/runs/run_8124/evidence_admission.json,EVIDENCE,MD-REBASELINE-20260820-001,YES,LEGACY_RECORD,HISTORICAL_ONLY,NO,NO,LS-MD-0147,Pre-epoch verdicts do not transfer.
records/evidence/legacy/runs/run_8124/publication_manifest.json,EVIDENCE,MD-REBASELINE-20260820-001,YES,LEGACY_RECORD,HISTORICAL_ONLY,NO,NO,LS-MD-0148,Pre-epoch verdicts do not transfer.
records/evidence/legacy/runs/run_8124/run_event_summary.json,EVIDENCE,MD-REBASELINE-20260820-001,YES,LEGACY_RECORD,HISTORICAL_ONLY,NO,NO,LS-MD-0149,Pre-epoch verdicts do not transfer.
records/evidence/legacy/runs/run_8124/run_summary.json,EVIDENCE,MD-REBASELINE-20260820-001,YES,LEGACY_RECORD,HISTORICAL_ONLY,NO,NO,LS-MD-0150,Pre-epoch verdicts do not transfer.
records/evidence/legacy/runs/run_8131_requested_date_failed/blocked_reason_code_counts.json,EVIDENCE,MD-REBASELINE-20260820-001,YES,LEGACY_RECORD,HISTORICAL_ONLY,NO,NO,LS-MD-0151,Pre-epoch verdicts do not transfer.
records/evidence/legacy/runs/run_8131_requested_date_failed/evidence_admission.json,EVIDENCE,MD-REBASELINE-20260820-001,YES,LEGACY_RECORD,HISTORICAL_ONLY,NO,NO,LS-MD-0152,Pre-epoch verdicts do not transfer.
records/evidence/legacy/runs/run_8131_requested_date_failed/failure_report.md,EVIDENCE,MD-REBASELINE-20260820-001,YES,LEGACY_RECORD,HISTORICAL_ONLY,NO,NO,LS-MD-0153,Pre-epoch verdicts do not transfer.
records/evidence/legacy/runs/run_8131_requested_date_failed/run_event_summary.json,EVIDENCE,MD-REBASELINE-20260820-001,YES,LEGACY_RECORD,HISTORICAL_ONLY,NO,NO,LS-MD-0154,Pre-epoch verdicts do not transfer.
records/evidence/legacy/runs/run_8131_requested_date_failed/run_summary.json,EVIDENCE,MD-REBASELINE-20260820-001,YES,LEGACY_RECORD,HISTORICAL_ONLY,NO,NO,LS-MD-0155,Pre-epoch verdicts do not transfer.
records/evidence/legacy/semantic/LX-MD-0003-EVD-01_AUDIT_DOCS_SYNCHRONIZATION_INVENTORY.md,EVIDENCE,MD-REBASELINE-20260820-001,YES,RECORD,HISTORICAL_ONLY,NO,NO,LS-MD-0003,Role-pure legacy extract; historical-only.
records/evidence/legacy/semantic/LX-MD-0003-EVD-02_AUDIT_DOCS_SYNCHRONIZATION_INVENTORY.md,EVIDENCE,MD-REBASELINE-20260820-001,YES,RECORD,HISTORICAL_ONLY,NO,NO,LS-MD-0003,Role-pure legacy extract; historical-only.
records/evidence/legacy/semantic/LX-MD-0003-EVD-03_AUDIT_DOCS_SYNCHRONIZATION_INVENTORY.md,EVIDENCE,MD-REBASELINE-20260820-001,YES,RECORD,HISTORICAL_ONLY,NO,NO,LS-MD-0003,Role-pure legacy extract; historical-only.
records/evidence/legacy/semantic/LX-MD-0004-EVD-01_AUDIT_DOCS_SYNCHRONIZATION_POST_SESSION_1_8_INVE.md,EVIDENCE,MD-REBASELINE-20260820-001,YES,RECORD,HISTORICAL_ONLY,NO,NO,LS-MD-0004,Role-pure legacy extract; historical-only.
records/evidence/legacy/semantic/LX-MD-0004-EVD-02_AUDIT_DOCS_SYNCHRONIZATION_POST_SESSION_1_8_INVE.md,EVIDENCE,MD-REBASELINE-20260820-001,YES,RECORD,HISTORICAL_ONLY,NO,NO,LS-MD-0004,Role-pure legacy extract; historical-only.
records/evidence/legacy/semantic/LX-MD-0004-EVD-03_AUDIT_DOCS_SYNCHRONIZATION_POST_SESSION_1_8_INVE.md,EVIDENCE,MD-REBASELINE-20260820-001,YES,RECORD,HISTORICAL_ONLY,NO,NO,LS-MD-0004,Role-pure legacy extract; historical-only.
records/evidence/legacy/semantic/LX-MD-0019-EVD-01_CONFIG_ENV_GOVERNANCE_CLEANUP_INVENTORY.md,EVIDENCE,MD-REBASELINE-20260820-001,YES,RECORD,HISTORICAL_ONLY,NO,NO,LS-MD-0019,Role-pure legacy extract; historical-only.
records/evidence/legacy/semantic/LX-MD-0020-EVD-01_CORRECTION_LIFECYCLE_HARDENING_INVENTORY.md,EVIDENCE,MD-REBASELINE-20260820-001,YES,RECORD,HISTORICAL_ONLY,NO,NO,LS-MD-0020,Role-pure legacy extract; historical-only.
records/evidence/legacy/semantic/LX-MD-0020-EVD-02_CORRECTION_LIFECYCLE_HARDENING_INVENTORY.md,EVIDENCE,MD-REBASELINE-20260820-001,YES,RECORD,HISTORICAL_ONLY,NO,NO,LS-MD-0020,Role-pure legacy extract; historical-only.
records/evidence/legacy/semantic/LX-MD-0022-EVD-01_DB_INTEGRITY_FK_IMPLICIT_INTEGRITY_DECISION_INVE.md,EVIDENCE,MD-REBASELINE-20260820-001,YES,RECORD,HISTORICAL_ONLY,NO,NO,LS-MD-0022,Role-pure legacy extract; historical-only.
records/evidence/legacy/semantic/LX-MD-0023-EVD-01_DB_SCHEMA_MIGRATION_SYNC_INVENTORY.md,EVIDENCE,MD-REBASELINE-20260820-001,YES,RECORD,HISTORICAL_ONLY,NO,NO,LS-MD-0023,Role-pure legacy extract; historical-only.
records/evidence/legacy/semantic/LX-MD-0024-EVD-01_EVIDENCE_EXPORT_RUNTIME_PROOF_INVENTORY.md,EVIDENCE,MD-REBASELINE-20260820-001,YES,RECORD,HISTORICAL_ONLY,NO,NO,LS-MD-0024,Role-pure legacy extract; historical-only.
records/evidence/legacy/semantic/LX-MD-0024-EVD-02_EVIDENCE_EXPORT_RUNTIME_PROOF_INVENTORY.md,EVIDENCE,MD-REBASELINE-20260820-001,YES,RECORD,HISTORICAL_ONLY,NO,NO,LS-MD-0024,Role-pure legacy extract; historical-only.
records/evidence/legacy/semantic/LX-MD-0024-EVD-03_EVIDENCE_EXPORT_RUNTIME_PROOF_INVENTORY.md,EVIDENCE,MD-REBASELINE-20260820-001,YES,RECORD,HISTORICAL_ONLY,NO,NO,LS-MD-0024,Role-pure legacy extract; historical-only.
records/evidence/legacy/semantic/LX-MD-0025-EVD-01_EVIDENCE_HISTORICAL_LINEAGE_COMPLETENESS_INVENTO.md,EVIDENCE,MD-REBASELINE-20260820-001,YES,RECORD,HISTORICAL_ONLY,NO,NO,LS-MD-0025,Role-pure legacy extract; historical-only.
records/evidence/legacy/semantic/LX-MD-0025-EVD-02_EVIDENCE_HISTORICAL_LINEAGE_COMPLETENESS_INVENTO.md,EVIDENCE,MD-REBASELINE-20260820-001,YES,RECORD,HISTORICAL_ONLY,NO,NO,LS-MD-0025,Role-pure legacy extract; historical-only.
records/evidence/legacy/semantic/LX-MD-0025-EVD-03_EVIDENCE_HISTORICAL_LINEAGE_COMPLETENESS_INVENTO.md,EVIDENCE,MD-REBASELINE-20260820-001,YES,RECORD,HISTORICAL_ONLY,NO,NO,LS-MD-0025,Role-pure legacy extract; historical-only.
records/evidence/legacy/semantic/LX-MD-0026-EVD-01_FAIL_SAFE_NO_SILENT_FAILURE_INVENTORY.md,EVIDENCE,MD-REBASELINE-20260820-001,YES,RECORD,HISTORICAL_ONLY,NO,NO,LS-MD-0026,Role-pure legacy extract; historical-only.
records/evidence/legacy/semantic/LX-MD-0027-EVD-01_FULL_MARKET_DATA_PRODUCTION_READY_INVENTORY.md,EVIDENCE,MD-REBASELINE-20260820-001,YES,RECORD,HISTORICAL_ONLY,NO,NO,LS-MD-0027,Role-pure legacy extract; historical-only.
records/evidence/legacy/semantic/LX-MD-0027-EVD-02_FULL_MARKET_DATA_PRODUCTION_READY_INVENTORY.md,EVIDENCE,MD-REBASELINE-20260820-001,YES,RECORD,HISTORICAL_ONLY,NO,NO,LS-MD-0027,Role-pure legacy extract; historical-only.
records/evidence/legacy/semantic/LX-MD-0027-EVD-03_FULL_MARKET_DATA_PRODUCTION_READY_INVENTORY.md,EVIDENCE,MD-REBASELINE-20260820-001,YES,RECORD,HISTORICAL_ONLY,NO,NO,LS-MD-0027,Role-pure legacy extract; historical-only.
records/evidence/legacy/semantic/LX-MD-0027-EVD-04_FULL_MARKET_DATA_PRODUCTION_READY_INVENTORY.md,EVIDENCE,MD-REBASELINE-20260820-001,YES,RECORD,HISTORICAL_ONLY,NO,NO,LS-MD-0027,Role-pure legacy extract; historical-only.
records/evidence/legacy/semantic/LX-MD-0028-EVD-01_HASH_SEAL_DATASET_INTEGRITY_INVENTORY.md,EVIDENCE,MD-REBASELINE-20260820-001,YES,RECORD,HISTORICAL_ONLY,NO,NO,LS-MD-0028,Role-pure legacy extract; historical-only.
records/evidence/legacy/semantic/LX-MD-0030-EVD-01_LUMEN_CONTRACT_TRACKER.md,EVIDENCE,MD-REBASELINE-20260820-001,YES,RECORD,HISTORICAL_ONLY,NO,NO,LS-MD-0030,Role-pure legacy extract; historical-only.
records/evidence/legacy/semantic/LX-MD-0030-EVD-02_LUMEN_CONTRACT_TRACKER.md,EVIDENCE,MD-REBASELINE-20260820-001,YES,RECORD,HISTORICAL_ONLY,NO,NO,LS-MD-0030,Role-pure legacy extract; historical-only.
records/evidence/legacy/semantic/LX-MD-0030-EVD-03_LUMEN_CONTRACT_TRACKER.md,EVIDENCE,MD-REBASELINE-20260820-001,YES,RECORD,HISTORICAL_ONLY,NO,NO,LS-MD-0030,Role-pure legacy extract; historical-only.
records/evidence/legacy/semantic/LX-MD-0030-EVD-04_LUMEN_CONTRACT_TRACKER.md,EVIDENCE,MD-REBASELINE-20260820-001,YES,RECORD,HISTORICAL_ONLY,NO,NO,LS-MD-0030,Role-pure legacy extract; historical-only.
records/evidence/legacy/semantic/LX-MD-0030-EVD-05_LUMEN_CONTRACT_TRACKER.md,EVIDENCE,MD-REBASELINE-20260820-001,YES,RECORD,HISTORICAL_ONLY,NO,NO,LS-MD-0030,Role-pure legacy extract; historical-only.
records/evidence/legacy/semantic/LX-MD-0030-EVD-06_LUMEN_CONTRACT_TRACKER.md,EVIDENCE,MD-REBASELINE-20260820-001,YES,RECORD,HISTORICAL_ONLY,NO,NO,LS-MD-0030,Role-pure legacy extract; historical-only.
records/evidence/legacy/semantic/LX-MD-0031-EVD-01_LUMEN_IMPLEMENTATION_STATUS.md,EVIDENCE,MD-REBASELINE-20260820-001,YES,RECORD,HISTORICAL_ONLY,NO,NO,LS-MD-0031,Role-pure legacy extract; historical-only.
records/evidence/legacy/semantic/LX-MD-0031-EVD-02_LUMEN_IMPLEMENTATION_STATUS.md,EVIDENCE,MD-REBASELINE-20260820-001,YES,RECORD,HISTORICAL_ONLY,NO,NO,LS-MD-0031,Role-pure legacy extract; historical-only.
records/evidence/legacy/semantic/LX-MD-0031-EVD-03_LUMEN_IMPLEMENTATION_STATUS.md,EVIDENCE,MD-REBASELINE-20260820-001,YES,RECORD,HISTORICAL_ONLY,NO,NO,LS-MD-0031,Role-pure legacy extract; historical-only.
records/evidence/legacy/semantic/LX-MD-0031-EVD-04_LUMEN_IMPLEMENTATION_STATUS.md,EVIDENCE,MD-REBASELINE-20260820-001,YES,RECORD,HISTORICAL_ONLY,NO,NO,LS-MD-0031,Role-pure legacy extract; historical-only.
records/evidence/legacy/semantic/LX-MD-0031-EVD-05_LUMEN_IMPLEMENTATION_STATUS.md,EVIDENCE,MD-REBASELINE-20260820-001,YES,RECORD,HISTORICAL_ONLY,NO,NO,LS-MD-0031,Role-pure legacy extract; historical-only.
records/evidence/legacy/semantic/LX-MD-0031-EVD-06_LUMEN_IMPLEMENTATION_STATUS.md,EVIDENCE,MD-REBASELINE-20260820-001,YES,RECORD,HISTORICAL_ONLY,NO,NO,LS-MD-0031,Role-pure legacy extract; historical-only.
records/evidence/legacy/semantic/LX-MD-0032-EVD-01_MARKET_BENCHMARK_INDICATOR_EXTENSION_INVENTORY.md,EVIDENCE,MD-REBASELINE-20260820-001,YES,RECORD,HISTORICAL_ONLY,NO,NO,LS-MD-0032,Role-pure legacy extract; historical-only.
records/evidence/legacy/semantic/LX-MD-0032-EVD-02_MARKET_BENCHMARK_INDICATOR_EXTENSION_INVENTORY.md,EVIDENCE,MD-REBASELINE-20260820-001,YES,RECORD,HISTORICAL_ONLY,NO,NO,LS-MD-0032,Role-pure legacy extract; historical-only.
records/evidence/legacy/semantic/LX-MD-0032-EVD-03_MARKET_BENCHMARK_INDICATOR_EXTENSION_INVENTORY.md,EVIDENCE,MD-REBASELINE-20260820-001,YES,RECORD,HISTORICAL_ONLY,NO,NO,LS-MD-0032,Role-pure legacy extract; historical-only.
records/evidence/legacy/semantic/LX-MD-0033-EVD-01_MARKET_DATA_CONSUMER_READ_MODEL_INVENTORY.md,EVIDENCE,MD-REBASELINE-20260820-001,YES,RECORD,HISTORICAL_ONLY,NO,NO,LS-MD-0033,Role-pure legacy extract; historical-only.
records/evidence/legacy/semantic/LX-MD-0034-EVD-01_MARKET_DATA_IMPLEMENTATION_LEDGER.md,EVIDENCE,MD-REBASELINE-20260820-001,YES,RECORD,HISTORICAL_ONLY,NO,NO,LS-MD-0034,Role-pure legacy extract; historical-only.
records/evidence/legacy/semantic/LX-MD-0034-EVD-02_MARKET_DATA_IMPLEMENTATION_LEDGER.md,EVIDENCE,MD-REBASELINE-20260820-001,YES,RECORD,HISTORICAL_ONLY,NO,NO,LS-MD-0034,Role-pure legacy extract; historical-only.
records/evidence/legacy/semantic/LX-MD-0035-EVD-01_MARKET_DATA_PRODUCTION_PROOF_PACK.md,EVIDENCE,MD-REBASELINE-20260820-001,YES,RECORD,HISTORICAL_ONLY,NO,NO,LS-MD-0035,Role-pure legacy extract; historical-only.
records/evidence/legacy/semantic/LX-MD-0035-EVD-02_MARKET_DATA_PRODUCTION_PROOF_PACK.md,EVIDENCE,MD-REBASELINE-20260820-001,YES,RECORD,HISTORICAL_ONLY,NO,NO,LS-MD-0035,Role-pure legacy extract; historical-only.
records/evidence/legacy/semantic/LX-MD-0035-EVD-03_MARKET_DATA_PRODUCTION_PROOF_PACK.md,EVIDENCE,MD-REBASELINE-20260820-001,YES,RECORD,HISTORICAL_ONLY,NO,NO,LS-MD-0035,Role-pure legacy extract; historical-only.
records/evidence/legacy/semantic/LX-MD-0035-EVD-04_MARKET_DATA_PRODUCTION_PROOF_PACK.md,EVIDENCE,MD-REBASELINE-20260820-001,YES,RECORD,HISTORICAL_ONLY,NO,NO,LS-MD-0035,Role-pure legacy extract; historical-only.
records/evidence/legacy/semantic/LX-MD-0035-EVD-05_MARKET_DATA_PRODUCTION_PROOF_PACK.md,EVIDENCE,MD-REBASELINE-20260820-001,YES,RECORD,HISTORICAL_ONLY,NO,NO,LS-MD-0035,Role-pure legacy extract; historical-only.
records/evidence/legacy/semantic/LX-MD-0035-EVD-06_MARKET_DATA_PRODUCTION_PROOF_PACK.md,EVIDENCE,MD-REBASELINE-20260820-001,YES,RECORD,HISTORICAL_ONLY,NO,NO,LS-MD-0035,Role-pure legacy extract; historical-only.
records/evidence/legacy/semantic/LX-MD-0035-EVD-07_MARKET_DATA_PRODUCTION_PROOF_PACK.md,EVIDENCE,MD-REBASELINE-20260820-001,YES,RECORD,HISTORICAL_ONLY,NO,NO,LS-MD-0035,Role-pure legacy extract; historical-only.
records/evidence/legacy/semantic/LX-MD-0035-EVD-08_MARKET_DATA_PRODUCTION_PROOF_PACK.md,EVIDENCE,MD-REBASELINE-20260820-001,YES,RECORD,HISTORICAL_ONLY,NO,NO,LS-MD-0035,Role-pure legacy extract; historical-only.
records/evidence/legacy/semantic/LX-MD-0035-EVD-09_MARKET_DATA_PRODUCTION_PROOF_PACK.md,EVIDENCE,MD-REBASELINE-20260820-001,YES,RECORD,HISTORICAL_ONLY,NO,NO,LS-MD-0035,Role-pure legacy extract; historical-only.
records/evidence/legacy/semantic/LX-MD-0036-EVD-01_OPERATIONAL_READINESS_INVENTORY.md,EVIDENCE,MD-REBASELINE-20260820-001,YES,RECORD,HISTORICAL_ONLY,NO,NO,LS-MD-0036,Role-pure legacy extract; historical-only.
records/evidence/legacy/semantic/LX-MD-0037-EVD-01_OPS_COMMAND_SURFACE_RUNTIME_MATRIX_INVENTORY.md,EVIDENCE,MD-REBASELINE-20260820-001,YES,RECORD,HISTORICAL_ONLY,NO,NO,LS-MD-0037,Role-pure legacy extract; historical-only.
records/evidence/legacy/semantic/LX-MD-0037-EVD-02_OPS_COMMAND_SURFACE_RUNTIME_MATRIX_INVENTORY.md,EVIDENCE,MD-REBASELINE-20260820-001,YES,RECORD,HISTORICAL_ONLY,NO,NO,LS-MD-0037,Role-pure legacy extract; historical-only.
records/evidence/legacy/semantic/LX-MD-0037-EVD-03_OPS_COMMAND_SURFACE_RUNTIME_MATRIX_INVENTORY.md,EVIDENCE,MD-REBASELINE-20260820-001,YES,RECORD,HISTORICAL_ONLY,NO,NO,LS-MD-0037,Role-pure legacy extract; historical-only.
records/evidence/legacy/semantic/LX-MD-0037-EVD-04_OPS_COMMAND_SURFACE_RUNTIME_MATRIX_INVENTORY.md,EVIDENCE,MD-REBASELINE-20260820-001,YES,RECORD,HISTORICAL_ONLY,NO,NO,LS-MD-0037,Role-pure legacy extract; historical-only.
records/evidence/legacy/semantic/LX-MD-0038-EVD-01_OPS_ENVIRONMENT_BASELINE_INVENTORY.md,EVIDENCE,MD-REBASELINE-20260820-001,YES,RECORD,HISTORICAL_ONLY,NO,NO,LS-MD-0038,Role-pure legacy extract; historical-only.
records/evidence/legacy/semantic/LX-MD-0038-EVD-02_OPS_ENVIRONMENT_BASELINE_INVENTORY.md,EVIDENCE,MD-REBASELINE-20260820-001,YES,RECORD,HISTORICAL_ONLY,NO,NO,LS-MD-0038,Role-pure legacy extract; historical-only.
records/evidence/legacy/semantic/LX-MD-0038-EVD-03_OPS_ENVIRONMENT_BASELINE_INVENTORY.md,EVIDENCE,MD-REBASELINE-20260820-001,YES,RECORD,HISTORICAL_ONLY,NO,NO,LS-MD-0038,Role-pure legacy extract; historical-only.
records/evidence/legacy/semantic/LX-MD-0038-EVD-04_OPS_ENVIRONMENT_BASELINE_INVENTORY.md,EVIDENCE,MD-REBASELINE-20260820-001,YES,RECORD,HISTORICAL_ONLY,NO,NO,LS-MD-0038,Role-pure legacy extract; historical-only.
records/evidence/legacy/semantic/LX-MD-0038-EVD-05_OPS_ENVIRONMENT_BASELINE_INVENTORY.md,EVIDENCE,MD-REBASELINE-20260820-001,YES,RECORD,HISTORICAL_ONLY,NO,NO,LS-MD-0038,Role-pure legacy extract; historical-only.
records/evidence/legacy/semantic/LX-MD-0039-EVD-01_PRODUCTION_VALIDATION_INVENTORY.md,EVIDENCE,MD-REBASELINE-20260820-001,YES,RECORD,HISTORICAL_ONLY,NO,NO,LS-MD-0039,Role-pure legacy extract; historical-only.
records/evidence/legacy/semantic/LX-MD-0039-EVD-02_PRODUCTION_VALIDATION_INVENTORY.md,EVIDENCE,MD-REBASELINE-20260820-001,YES,RECORD,HISTORICAL_ONLY,NO,NO,LS-MD-0039,Role-pure legacy extract; historical-only.
records/evidence/legacy/semantic/LX-MD-0039-EVD-03_PRODUCTION_VALIDATION_INVENTORY.md,EVIDENCE,MD-REBASELINE-20260820-001,YES,RECORD,HISTORICAL_ONLY,NO,NO,LS-MD-0039,Role-pure legacy extract; historical-only.
records/evidence/legacy/semantic/LX-MD-0039-EVD-04_PRODUCTION_VALIDATION_INVENTORY.md,EVIDENCE,MD-REBASELINE-20260820-001,YES,RECORD,HISTORICAL_ONLY,NO,NO,LS-MD-0039,Role-pure legacy extract; historical-only.
records/evidence/legacy/semantic/LX-MD-0039-EVD-05_PRODUCTION_VALIDATION_INVENTORY.md,EVIDENCE,MD-REBASELINE-20260820-001,YES,RECORD,HISTORICAL_ONLY,NO,NO,LS-MD-0039,Role-pure legacy extract; historical-only.
records/evidence/legacy/semantic/LX-MD-0039-EVD-06_PRODUCTION_VALIDATION_INVENTORY.md,EVIDENCE,MD-REBASELINE-20260820-001,YES,RECORD,HISTORICAL_ONLY,NO,NO,LS-MD-0039,Role-pure legacy extract; historical-only.
records/evidence/legacy/semantic/LX-MD-0039-EVD-07_PRODUCTION_VALIDATION_INVENTORY.md,EVIDENCE,MD-REBASELINE-20260820-001,YES,RECORD,HISTORICAL_ONLY,NO,NO,LS-MD-0039,Role-pure legacy extract; historical-only.
records/evidence/legacy/semantic/LX-MD-0039-EVD-08_PRODUCTION_VALIDATION_INVENTORY.md,EVIDENCE,MD-REBASELINE-20260820-001,YES,RECORD,HISTORICAL_ONLY,NO,NO,LS-MD-0039,Role-pure legacy extract; historical-only.
records/evidence/legacy/semantic/LX-MD-0039-EVD-09_PRODUCTION_VALIDATION_INVENTORY.md,EVIDENCE,MD-REBASELINE-20260820-001,YES,RECORD,HISTORICAL_ONLY,NO,NO,LS-MD-0039,Role-pure legacy extract; historical-only.
records/evidence/legacy/semantic/LX-MD-0039-EVD-10_PRODUCTION_VALIDATION_INVENTORY.md,EVIDENCE,MD-REBASELINE-20260820-001,YES,RECORD,HISTORICAL_ONLY,NO,NO,LS-MD-0039,Role-pure legacy extract; historical-only.
records/evidence/legacy/semantic/LX-MD-0040-EVD-01_READ_SIDE_CONSUMER_SURFACE_FINAL_SWEEP_INVENTORY.md,EVIDENCE,MD-REBASELINE-20260820-001,YES,RECORD,HISTORICAL_ONLY,NO,NO,LS-MD-0040,Role-pure legacy extract; historical-only.
records/evidence/legacy/semantic/LX-MD-0040-EVD-02_READ_SIDE_CONSUMER_SURFACE_FINAL_SWEEP_INVENTORY.md,EVIDENCE,MD-REBASELINE-20260820-001,YES,RECORD,HISTORICAL_ONLY,NO,NO,LS-MD-0040,Role-pure legacy extract; historical-only.
records/evidence/legacy/semantic/LX-MD-0042-EVD-01_REPLAY_DETERMINISM_RUNTIME_PROOF_INVENTORY.md,EVIDENCE,MD-REBASELINE-20260820-001,YES,RECORD,HISTORICAL_ONLY,NO,NO,LS-MD-0042,Role-pure legacy extract; historical-only.
records/evidence/legacy/semantic/LX-MD-0042-EVD-02_REPLAY_DETERMINISM_RUNTIME_PROOF_INVENTORY.md,EVIDENCE,MD-REBASELINE-20260820-001,YES,RECORD,HISTORICAL_ONLY,NO,NO,LS-MD-0042,Role-pure legacy extract; historical-only.
records/evidence/legacy/semantic/LX-MD-0042-EVD-03_REPLAY_DETERMINISM_RUNTIME_PROOF_INVENTORY.md,EVIDENCE,MD-REBASELINE-20260820-001,YES,RECORD,HISTORICAL_ONLY,NO,NO,LS-MD-0042,Role-pure legacy extract; historical-only.
records/evidence/legacy/semantic/LX-MD-0042-EVD-04_REPLAY_DETERMINISM_RUNTIME_PROOF_INVENTORY.md,EVIDENCE,MD-REBASELINE-20260820-001,YES,RECORD,HISTORICAL_ONLY,NO,NO,LS-MD-0042,Role-pure legacy extract; historical-only.
records/evidence/legacy/semantic/LX-MD-0043-EVD-01_REPLAY_HISTORICAL_DETERMINISM_HARDENING_INVENTOR.md,EVIDENCE,MD-REBASELINE-20260820-001,YES,RECORD,HISTORICAL_ONLY,NO,NO,LS-MD-0043,Role-pure legacy extract; historical-only.
records/evidence/legacy/semantic/LX-MD-0043-EVD-02_REPLAY_HISTORICAL_DETERMINISM_HARDENING_INVENTOR.md,EVIDENCE,MD-REBASELINE-20260820-001,YES,RECORD,HISTORICAL_ONLY,NO,NO,LS-MD-0043,Role-pure legacy extract; historical-only.
records/evidence/legacy/semantic/LX-MD-0044-EVD-01_AUDIT_FINAL_STATE.md,EVIDENCE,MD-REBASELINE-20260820-001,YES,RECORD,HISTORICAL_ONLY,NO,NO,LS-MD-0044,Role-pure legacy extract; historical-only.
records/evidence/legacy/semantic/LX-MD-0045-EVD-01_ORDERS_01_04_IMPLEMENTATION_EVIDENCE_2026_08_03.md,EVIDENCE,MD-REBASELINE-20260820-001,YES,RECORD,HISTORICAL_ONLY,NO,NO,LS-MD-0045,Role-pure legacy extract; historical-only.
records/evidence/legacy/semantic/LX-MD-0045-EVD-02_ORDERS_01_04_IMPLEMENTATION_EVIDENCE_2026_08_03.md,EVIDENCE,MD-REBASELINE-20260820-001,YES,RECORD,HISTORICAL_ONLY,NO,NO,LS-MD-0045,Role-pure legacy extract; historical-only.
records/evidence/legacy/semantic/LX-MD-0047-EVD-01_SECTOR_IDXIC_AUTHORITY_RECONCILIATION_INVENTORY.md,EVIDENCE,MD-REBASELINE-20260820-001,YES,RECORD,HISTORICAL_ONLY,NO,NO,LS-MD-0047,Role-pure legacy extract; historical-only.
records/evidence/legacy/semantic/LX-MD-0053-EVD-01_WEEKLY_SWING_PRIORITY1_INDICATOR_EXTENSION_INVEN.md,EVIDENCE,MD-REBASELINE-20260820-001,YES,RECORD,HISTORICAL_ONLY,NO,NO,LS-MD-0053,Role-pure legacy extract; historical-only.
records/evidence/legacy/semantic/LX-MD-0174-EVD-01_COMMAND_SURFACE_SAFETY_INVENTORY.md,EVIDENCE,MD-REBASELINE-20260820-001,YES,RECORD,HISTORICAL_ONLY,NO,NO,LS-MD-0174,Role-pure legacy extract; historical-only.
records/evidence/legacy/semantic/LX-MD-0174-EVD-02_COMMAND_SURFACE_SAFETY_INVENTORY.md,EVIDENCE,MD-REBASELINE-20260820-001,YES,RECORD,HISTORICAL_ONLY,NO,NO,LS-MD-0174,Role-pure legacy extract; historical-only.
records/evidence/legacy/semantic/LX-MD-0179-EVD-01_05_BACKFILL.md,EVIDENCE,MD-REBASELINE-20260820-001,YES,RECORD,HISTORICAL_ONLY,NO,NO,LS-MD-0179,Role-pure legacy extract; historical-only.
records/evidence/legacy/semantic/LX-MD-0179-EVD-02_05_BACKFILL.md,EVIDENCE,MD-REBASELINE-20260820-001,YES,RECORD,HISTORICAL_ONLY,NO,NO,LS-MD-0179,Role-pure legacy extract; historical-only.
records/evidence/legacy/semantic/LX-MD-0201-EVD-01_OPS_ENVIRONMENT_BASELINE.md,EVIDENCE,MD-REBASELINE-20260820-001,YES,RECORD,HISTORICAL_ONLY,NO,NO,LS-MD-0201,Role-pure legacy extract; historical-only.
records/evidence/legacy/semantic/LX-MD-0201-EVD-02_OPS_ENVIRONMENT_BASELINE.md,EVIDENCE,MD-REBASELINE-20260820-001,YES,RECORD,HISTORICAL_ONLY,NO,NO,LS-MD-0201,Role-pure legacy extract; historical-only.
records/evidence/legacy/semantic/LX-MD-0208-EVD-01_RUN_PUBLICATION_POINTER_LINKAGE_INVENTORY.md,EVIDENCE,MD-REBASELINE-20260820-001,YES,RECORD,HISTORICAL_ONLY,NO,NO,LS-MD-0208,Role-pure legacy extract; historical-only.
records/evidence/legacy/semantic/LX-MD-0211-EVD-01_TRADING_STATUS_NON_EXCLUSION_CLEAR_PATCH.md,EVIDENCE,MD-REBASELINE-20260820-001,YES,RECORD,HISTORICAL_ONLY,NO,NO,LS-MD-0211,Role-pure legacy extract; historical-only.
records/evidence/legacy/semantic/LX-MD-0212-EVD-01_TRADING_STATUS_SEMANTICS_LONG_SUSPENSION_CLOSURE.md,EVIDENCE,MD-REBASELINE-20260820-001,YES,RECORD,HISTORICAL_ONLY,NO,NO,LS-MD-0212,Role-pure legacy extract; historical-only.
records/evidence/legacy/semantic/LX-MD-0239-EVD-01_Behavioral_Test_Coverage_Inventory.md,EVIDENCE,MD-REBASELINE-20260820-001,YES,RECORD,HISTORICAL_ONLY,NO,NO,LS-MD-0239,Role-pure legacy extract; historical-only.
records/evidence/legacy/semantic/LX-MD-0239-EVD-02_Behavioral_Test_Coverage_Inventory.md,EVIDENCE,MD-REBASELINE-20260820-001,YES,RECORD,HISTORICAL_ONLY,NO,NO,LS-MD-0239,Role-pure legacy extract; historical-only.
records/evidence/legacy/semantic/LX-MD-0241-EVD-01_Contract_Tests_Specification.md,EVIDENCE,MD-REBASELINE-20260820-001,YES,RECORD,HISTORICAL_ONLY,NO,NO,LS-MD-0241,Role-pure legacy extract; historical-only.
records/evidence/legacy/semantic/LX-MD-0241-EVD-02_Contract_Tests_Specification.md,EVIDENCE,MD-REBASELINE-20260820-001,YES,RECORD,HISTORICAL_ONLY,NO,NO,LS-MD-0241,Role-pure legacy extract; historical-only.
records/evidence/legacy/semantic/LX-MD-0243-EVD-01_Db_Integrity_Constraint_Inventory.md,EVIDENCE,MD-REBASELINE-20260820-001,YES,RECORD,HISTORICAL_ONLY,NO,NO,LS-MD-0243,Role-pure legacy extract; historical-only.
records/evidence/legacy/semantic/LX-MD-0246-EVD-01_Golden_Fixture_Catalog_LOCKED.md,EVIDENCE,MD-REBASELINE-20260820-001,YES,RECORD,HISTORICAL_ONLY,NO,NO,LS-MD-0246,Role-pure legacy extract; historical-only.
records/evidence/legacy/semantic/LX-MD-0252-EVD-01_PHPUNIT_TEST_MATRIX.md,EVIDENCE,MD-REBASELINE-20260820-001,YES,RECORD,HISTORICAL_ONLY,NO,NO,LS-MD-0252,Role-pure legacy extract; historical-only.
records/evidence/legacy/semantic/LX-MD-0252-EVD-02_PHPUNIT_TEST_MATRIX.md,EVIDENCE,MD-REBASELINE-20260820-001,YES,RECORD,HISTORICAL_ONLY,NO,NO,LS-MD-0252,Role-pure legacy extract; historical-only.
records/evidence/legacy/tests/correction_failed_reseal_no_switch/evidence_admission.json,EVIDENCE,MD-REBASELINE-20260820-001,YES,LEGACY_RECORD,HISTORICAL_ONLY,NO,NO,LS-MD-0156,Pre-epoch verdicts do not transfer.
records/evidence/legacy/tests/correction_failed_reseal_no_switch/test_result.json,EVIDENCE,MD-REBASELINE-20260820-001,YES,LEGACY_RECORD,HISTORICAL_ONLY,NO,NO,LS-MD-0157,Pre-epoch verdicts do not transfer.
records/evidence/legacy/tests/hash_same_content_same_hash/evidence_admission.json,EVIDENCE,MD-REBASELINE-20260820-001,YES,LEGACY_RECORD,HISTORICAL_ONLY,NO,NO,LS-MD-0158,Pre-epoch verdicts do not transfer.
records/evidence/legacy/tests/hash_same_content_same_hash/test_result.json,EVIDENCE,MD-REBASELINE-20260820-001,YES,LEGACY_RECORD,HISTORICAL_ONLY,NO,NO,LS-MD-0159,Pre-epoch verdicts do not transfer.
records/evidence/legacy/trading_status/stage_8_idx_long_suspension_2026-06-30_v1.json,EVIDENCE,MD-REBASELINE-20260820-001,YES,LEGACY_RECORD,HISTORICAL_ONLY,NO,NO,LS-MD-0160,Pre-epoch verdicts do not transfer.
records/history/LEGACY_ARCHITECTURE_MIGRATION_INDEX.csv,REGISTRY,MD-REBASELINE-20260820-001,NO,PROCESS_SUPPORT,CURRENT_REGISTRY,NO,NO,,
records/history/LEGACY_DOCUMENT_ROLE_AUDIT.csv,HISTORY,MD-REBASELINE-20260820-001,NO,RECORD,HISTORICAL_ONLY,NO,NO,,
records/history/LEGACY_SECTION_ROLE_AUDIT.csv,HISTORY,MD-REBASELINE-20260820-001,NO,RECORD,HISTORICAL_ONLY,NO,NO,,
records/history/LEGACY_SOURCE_INDEX.csv,REGISTRY,MD-REBASELINE-20260820-001,NO,PROCESS_SUPPORT,CURRENT_REGISTRY,NO,NO,,
records/history/LEGACY_SPLIT_INDEX.csv,HISTORY,MD-REBASELINE-20260820-001,NO,RECORD,HISTORICAL_ONLY,NO,NO,,
records/history/LEGACY_SPLIT_RECONSTRUCTION_INDEX.csv,HISTORY,MD-REBASELINE-20260820-001,NO,RECORD,HISTORICAL_ONLY,NO,NO,,
records/history/LEGACY_SPLIT_SOURCE_CATALOG.md,HISTORY,MD-REBASELINE-20260820-001,NO,RECORD,HISTORICAL_ONLY,NO,NO,,
records/history/LEGACY_WORK_CORRELATION_INDEX.csv,REGISTRY,MD-REBASELINE-20260820-001,NO,PROCESS_SUPPORT,CURRENT_REGISTRY,NO,NO,,
records/history/README.md,NAVIGATION,MD-REBASELINE-20260820-001,NO,NAVIGATION,CURRENT_NAVIGATION,NO,NO,,
records/history/archive/audit/AUDIT_BASELINE.md,HISTORY,MD-REBASELINE-20260820-001,YES,LEGACY_RECORD,HISTORICAL_ONLY,NO,NO,LS-MD-0001,Pre-epoch verdicts do not transfer.
records/history/archive/audit/AUDIT_CLAIM_CONTROL.md,HISTORY,MD-REBASELINE-20260820-001,YES,LEGACY_RECORD,HISTORICAL_ONLY,NO,NO,LS-MD-0002,Pre-epoch verdicts do not transfer.
records/history/archive/audit/AUDIT_DOMAIN_BOUNDARY.md,HISTORY,MD-REBASELINE-20260820-001,YES,LEGACY_RECORD,HISTORICAL_ONLY,NO,NO,LS-MD-0005,Pre-epoch verdicts do not transfer.
records/history/archive/audit/AUDIT_EVIDENCE_STRENGTH_MODEL.md,HISTORY,MD-REBASELINE-20260820-001,YES,LEGACY_RECORD,HISTORICAL_ONLY,NO,NO,LS-MD-0006,Pre-epoch verdicts do not transfer.
records/history/archive/audit/AUDIT_LAYER_CLASSIFICATION_RULES.md,HISTORY,MD-REBASELINE-20260820-001,YES,LEGACY_RECORD,HISTORICAL_ONLY,NO,NO,LS-MD-0007,Pre-epoch verdicts do not transfer.
records/history/archive/audit/AUDIT_METHOD.md,HISTORY,MD-REBASELINE-20260820-001,YES,LEGACY_RECORD,HISTORICAL_ONLY,NO,NO,LS-MD-0008,Pre-epoch verdicts do not transfer.
records/history/archive/audit/AUDIT_NORMATIVE_VS_COMPANION_RULES.md,HISTORY,MD-REBASELINE-20260820-001,YES,LEGACY_RECORD,HISTORICAL_ONLY,NO,NO,LS-MD-0009,Pre-epoch verdicts do not transfer.
records/history/archive/audit/AUDIT_SCOPE_AND_EXCLUSIONS.md,HISTORY,MD-REBASELINE-20260820-001,YES,LEGACY_RECORD,HISTORICAL_ONLY,NO,NO,LS-MD-0010,Pre-epoch verdicts do not transfer.
records/history/archive/audit/AUDIT_SCORING_AND_VERDICT.md,HISTORY,MD-REBASELINE-20260820-001,YES,LEGACY_RECORD,HISTORICAL_ONLY,NO,NO,LS-MD-0011,Pre-epoch verdicts do not transfer.
records/history/archive/audit/AUDIT_TRACEABILITY_RULES.md,HISTORY,MD-REBASELINE-20260820-001,YES,LEGACY_RECORD,HISTORICAL_ONLY,NO,NO,LS-MD-0012,Pre-epoch verdicts do not transfer.
records/history/archive/audit/AUDIT_UPDATE_GOVERNANCE.md,HISTORY,MD-REBASELINE-20260820-001,YES,LEGACY_RECORD,HISTORICAL_ONLY,NO,NO,LS-MD-0013,Pre-epoch verdicts do not transfer.
records/history/archive/audit/README.md,HISTORY,MD-REBASELINE-20260820-001,YES,LEGACY_RECORD,HISTORICAL_ONLY,NO,NO,LS-MD-0041,Pre-epoch verdicts do not transfer.
records/history/archive/audit/checklists/CHECKLIST_CROSS_LAYER_CONSISTENCY.md,HISTORY,MD-REBASELINE-20260820-001,YES,LEGACY_RECORD,HISTORICAL_ONLY,NO,NO,LS-MD-0014,Pre-epoch verdicts do not transfer.
records/history/archive/audit/checklists/CHECKLIST_DOMAIN_DRIFT.md,HISTORY,MD-REBASELINE-20260820-001,YES,LEGACY_RECORD,HISTORICAL_ONLY,NO,NO,LS-MD-0015,Pre-epoch verdicts do not transfer.
records/history/archive/audit/checklists/CHECKLIST_LAYER_A_SYSTEM_DOCS.md,HISTORY,MD-REBASELINE-20260820-001,YES,LEGACY_RECORD,HISTORICAL_ONLY,NO,NO,LS-MD-0016,Pre-epoch verdicts do not transfer.
records/history/archive/audit/checklists/CHECKLIST_LAYER_B_IMPLEMENTATION_GUIDANCE.md,HISTORY,MD-REBASELINE-20260820-001,YES,LEGACY_RECORD,HISTORICAL_ONLY,NO,NO,LS-MD-0017,Pre-epoch verdicts do not transfer.
records/history/archive/audit/checklists/CHECKLIST_LAYER_C_REAL_IMPLEMENTATION_RUNTIME.md,HISTORY,MD-REBASELINE-20260820-001,YES,LEGACY_RECORD,HISTORICAL_ONLY,NO,NO,LS-MD-0018,Pre-epoch verdicts do not transfer.
records/history/archive/audit/reports/README.md,HISTORY,MD-REBASELINE-20260820-001,YES,LEGACY_RECORD,HISTORICAL_ONLY,NO,NO,LS-MD-0046,Pre-epoch verdicts do not transfer.
records/history/archive/audit/templates/FILE_REVIEW_TEMPLATE.md,HISTORY,MD-REBASELINE-20260820-001,YES,LEGACY_RECORD,HISTORICAL_ONLY,NO,NO,LS-MD-0048,Pre-epoch verdicts do not transfer.
records/history/archive/audit/templates/FINAL_VERDICT_TEMPLATE.md,HISTORY,MD-REBASELINE-20260820-001,YES,LEGACY_RECORD,HISTORICAL_ONLY,NO,NO,LS-MD-0049,Pre-epoch verdicts do not transfer.
records/history/archive/audit/templates/FINDINGS_REPORT_TEMPLATE.md,HISTORY,MD-REBASELINE-20260820-001,YES,LEGACY_RECORD,HISTORICAL_ONLY,NO,NO,LS-MD-0050,Pre-epoch verdicts do not transfer.
records/history/archive/audit/templates/PACKAGE_INTAKE_TEMPLATE.md,HISTORY,MD-REBASELINE-20260820-001,YES,LEGACY_RECORD,HISTORICAL_ONLY,NO,NO,LS-MD-0051,Pre-epoch verdicts do not transfer.
records/history/archive/audit/templates/REMEDIATION_PLAN_TEMPLATE.md,HISTORY,MD-REBASELINE-20260820-001,YES,LEGACY_RECORD,HISTORICAL_ONLY,NO,NO,LS-MD-0052,Pre-epoch verdicts do not transfer.
records/history/archive/evidence/README.md,HISTORY,MD-REBASELINE-20260820-001,YES,LEGACY_RECORD,HISTORICAL_ONLY,NO,NO,LS-MD-0141,Pre-epoch verdicts do not transfer.
records/history/archive/legacy_control/book/INDEX.md,HISTORY,MD-REBASELINE-20260820-001,YES,LEGACY_RECORD,HISTORICAL_ONLY,NO,NO,LS-MD-0090,Pre-epoch verdicts do not transfer.
records/history/archive/legacy_control/book/Market_Data_Implementation_Command_Protocol_LOCKED.md,HISTORY,MD-REBASELINE-20260820-001,YES,LEGACY_RECORD,HISTORICAL_ONLY,NO,NO,LS-MD-0097,Pre-epoch verdicts do not transfer.
records/history/archive/legacy_control/book/Market_Data_Implementation_Conformance_Matrix_LOCKED.md,HISTORY,MD-REBASELINE-20260820-001,YES,LEGACY_RECORD,HISTORICAL_ONLY,NO,NO,LS-MD-0098,Pre-epoch verdicts do not transfer.
records/history/archive/legacy_control/book/Market_Data_Strategy_Implementation_Blueprint_LOCKED.md,HISTORY,MD-REBASELINE-20260820-001,YES,LEGACY_RECORD,HISTORICAL_ONLY,NO,NO,LS-MD-0099,Pre-epoch verdicts do not transfer.
records/history/archive/patches/README.md,HISTORY,MD-REBASELINE-20260820-001,YES,LEGACY_RECORD,HISTORICAL_ONLY,NO,NO,LS-MD-0210,Pre-epoch verdicts do not transfer.
records/history/archive/semantic/LX-MD-0003-CTX-01_AUDIT_DOCS_SYNCHRONIZATION_INVENTORY.md,HISTORY,MD-REBASELINE-20260820-001,YES,RECORD,HISTORICAL_ONLY,NO,NO,LS-MD-0003,Role-pure legacy extract; historical-only.
records/history/archive/semantic/LX-MD-0003-CTX-02_AUDIT_DOCS_SYNCHRONIZATION_INVENTORY.md,HISTORY,MD-REBASELINE-20260820-001,YES,RECORD,HISTORICAL_ONLY,NO,NO,LS-MD-0003,Role-pure legacy extract; historical-only.
records/history/archive/semantic/LX-MD-0003-CTX-03_AUDIT_DOCS_SYNCHRONIZATION_INVENTORY.md,HISTORY,MD-REBASELINE-20260820-001,YES,RECORD,HISTORICAL_ONLY,NO,NO,LS-MD-0003,Role-pure legacy extract; historical-only.
records/history/archive/semantic/LX-MD-0003-CTX-04_AUDIT_DOCS_SYNCHRONIZATION_INVENTORY.md,HISTORY,MD-REBASELINE-20260820-001,YES,RECORD,HISTORICAL_ONLY,NO,NO,LS-MD-0003,Role-pure legacy extract; historical-only.
records/history/archive/semantic/LX-MD-0003-GOV-01_AUDIT_DOCS_SYNCHRONIZATION_INVENTORY.md,HISTORY,MD-REBASELINE-20260820-001,YES,RECORD,HISTORICAL_ONLY,NO,NO,LS-MD-0003,Role-pure legacy extract; historical-only.
records/history/archive/semantic/LX-MD-0003-GOV-02_AUDIT_DOCS_SYNCHRONIZATION_INVENTORY.md,HISTORY,MD-REBASELINE-20260820-001,YES,RECORD,HISTORICAL_ONLY,NO,NO,LS-MD-0003,Role-pure legacy extract; historical-only.
records/history/archive/semantic/LX-MD-0003-IMP-01_AUDIT_DOCS_SYNCHRONIZATION_INVENTORY.md,HISTORY,MD-REBASELINE-20260820-001,YES,RECORD,HISTORICAL_ONLY,NO,NO,LS-MD-0003,Role-pure legacy extract; historical-only.
records/history/archive/semantic/LX-MD-0004-CTX-01_AUDIT_DOCS_SYNCHRONIZATION_POST_SESSION_1_8_INVE.md,HISTORY,MD-REBASELINE-20260820-001,YES,RECORD,HISTORICAL_ONLY,NO,NO,LS-MD-0004,Role-pure legacy extract; historical-only.
records/history/archive/semantic/LX-MD-0004-CTX-02_AUDIT_DOCS_SYNCHRONIZATION_POST_SESSION_1_8_INVE.md,HISTORY,MD-REBASELINE-20260820-001,YES,RECORD,HISTORICAL_ONLY,NO,NO,LS-MD-0004,Role-pure legacy extract; historical-only.
records/history/archive/semantic/LX-MD-0004-CTX-03_AUDIT_DOCS_SYNCHRONIZATION_POST_SESSION_1_8_INVE.md,HISTORY,MD-REBASELINE-20260820-001,YES,RECORD,HISTORICAL_ONLY,NO,NO,LS-MD-0004,Role-pure legacy extract; historical-only.
records/history/archive/semantic/LX-MD-0004-CTX-04_AUDIT_DOCS_SYNCHRONIZATION_POST_SESSION_1_8_INVE.md,HISTORY,MD-REBASELINE-20260820-001,YES,RECORD,HISTORICAL_ONLY,NO,NO,LS-MD-0004,Role-pure legacy extract; historical-only.
records/history/archive/semantic/LX-MD-0004-FND-01_AUDIT_DOCS_SYNCHRONIZATION_POST_SESSION_1_8_INVE.md,HISTORY,MD-REBASELINE-20260820-001,YES,RECORD,HISTORICAL_ONLY,NO,NO,LS-MD-0004,Role-pure legacy extract; historical-only.
records/history/archive/semantic/LX-MD-0004-GOV-01_AUDIT_DOCS_SYNCHRONIZATION_POST_SESSION_1_8_INVE.md,HISTORY,MD-REBASELINE-20260820-001,YES,RECORD,HISTORICAL_ONLY,NO,NO,LS-MD-0004,Role-pure legacy extract; historical-only.
records/history/archive/semantic/LX-MD-0004-GOV-02_AUDIT_DOCS_SYNCHRONIZATION_POST_SESSION_1_8_INVE.md,HISTORY,MD-REBASELINE-20260820-001,YES,RECORD,HISTORICAL_ONLY,NO,NO,LS-MD-0004,Role-pure legacy extract; historical-only.
records/history/archive/semantic/LX-MD-0004-IMP-01_AUDIT_DOCS_SYNCHRONIZATION_POST_SESSION_1_8_INVE.md,HISTORY,MD-REBASELINE-20260820-001,YES,RECORD,HISTORICAL_ONLY,NO,NO,LS-MD-0004,Role-pure legacy extract; historical-only.
records/history/archive/semantic/LX-MD-0004-IMP-02_AUDIT_DOCS_SYNCHRONIZATION_POST_SESSION_1_8_INVE.md,HISTORY,MD-REBASELINE-20260820-001,YES,RECORD,HISTORICAL_ONLY,NO,NO,LS-MD-0004,Role-pure legacy extract; historical-only.
records/history/archive/semantic/LX-MD-0004-RES-01_AUDIT_DOCS_SYNCHRONIZATION_POST_SESSION_1_8_INVE.md,HISTORY,MD-REBASELINE-20260820-001,YES,RECORD,HISTORICAL_ONLY,NO,NO,LS-MD-0004,Role-pure legacy extract; historical-only.
records/history/archive/semantic/LX-MD-0019-CTX-01_CONFIG_ENV_GOVERNANCE_CLEANUP_INVENTORY.md,HISTORY,MD-REBASELINE-20260820-001,YES,RECORD,HISTORICAL_ONLY,NO,NO,LS-MD-0019,Role-pure legacy extract; historical-only.
records/history/archive/semantic/LX-MD-0019-FND-01_CONFIG_ENV_GOVERNANCE_CLEANUP_INVENTORY.md,HISTORY,MD-REBASELINE-20260820-001,YES,RECORD,HISTORICAL_ONLY,NO,NO,LS-MD-0019,Role-pure legacy extract; historical-only.
records/history/archive/semantic/LX-MD-0019-GOV-01_CONFIG_ENV_GOVERNANCE_CLEANUP_INVENTORY.md,HISTORY,MD-REBASELINE-20260820-001,YES,RECORD,HISTORICAL_ONLY,NO,NO,LS-MD-0019,Role-pure legacy extract; historical-only.
records/history/archive/semantic/LX-MD-0019-IMP-01_CONFIG_ENV_GOVERNANCE_CLEANUP_INVENTORY.md,HISTORY,MD-REBASELINE-20260820-001,YES,RECORD,HISTORICAL_ONLY,NO,NO,LS-MD-0019,Role-pure legacy extract; historical-only.
records/history/archive/semantic/LX-MD-0019-IMP-02_CONFIG_ENV_GOVERNANCE_CLEANUP_INVENTORY.md,HISTORY,MD-REBASELINE-20260820-001,YES,RECORD,HISTORICAL_ONLY,NO,NO,LS-MD-0019,Role-pure legacy extract; historical-only.
records/history/archive/semantic/LX-MD-0019-IMP-03_CONFIG_ENV_GOVERNANCE_CLEANUP_INVENTORY.md,HISTORY,MD-REBASELINE-20260820-001,YES,RECORD,HISTORICAL_ONLY,NO,NO,LS-MD-0019,Role-pure legacy extract; historical-only.
records/history/archive/semantic/LX-MD-0019-RES-01_CONFIG_ENV_GOVERNANCE_CLEANUP_INVENTORY.md,HISTORY,MD-REBASELINE-20260820-001,YES,RECORD,HISTORICAL_ONLY,NO,NO,LS-MD-0019,Role-pure legacy extract; historical-only.
records/history/archive/semantic/LX-MD-0020-CTX-01_CORRECTION_LIFECYCLE_HARDENING_INVENTORY.md,HISTORY,MD-REBASELINE-20260820-001,YES,RECORD,HISTORICAL_ONLY,NO,NO,LS-MD-0020,Role-pure legacy extract; historical-only.
records/history/archive/semantic/LX-MD-0020-CTX-02_CORRECTION_LIFECYCLE_HARDENING_INVENTORY.md,HISTORY,MD-REBASELINE-20260820-001,YES,RECORD,HISTORICAL_ONLY,NO,NO,LS-MD-0020,Role-pure legacy extract; historical-only.
records/history/archive/semantic/LX-MD-0020-FND-01_CORRECTION_LIFECYCLE_HARDENING_INVENTORY.md,HISTORY,MD-REBASELINE-20260820-001,YES,RECORD,HISTORICAL_ONLY,NO,NO,LS-MD-0020,Role-pure legacy extract; historical-only.
records/history/archive/semantic/LX-MD-0020-FND-02_CORRECTION_LIFECYCLE_HARDENING_INVENTORY.md,HISTORY,MD-REBASELINE-20260820-001,YES,RECORD,HISTORICAL_ONLY,NO,NO,LS-MD-0020,Role-pure legacy extract; historical-only.
records/history/archive/semantic/LX-MD-0020-IMP-01_CORRECTION_LIFECYCLE_HARDENING_INVENTORY.md,HISTORY,MD-REBASELINE-20260820-001,YES,RECORD,HISTORICAL_ONLY,NO,NO,LS-MD-0020,Role-pure legacy extract; historical-only.
records/history/archive/semantic/LX-MD-0021-CTX-01_COVERAGE_GATE_CANDIDATE_SCOPE_HARDENING_INVENTOR.md,HISTORY,MD-REBASELINE-20260820-001,YES,RECORD,HISTORICAL_ONLY,NO,NO,LS-MD-0021,Role-pure legacy extract; historical-only.
records/history/archive/semantic/LX-MD-0021-IMP-01_COVERAGE_GATE_CANDIDATE_SCOPE_HARDENING_INVENTOR.md,HISTORY,MD-REBASELINE-20260820-001,YES,RECORD,HISTORICAL_ONLY,NO,NO,LS-MD-0021,Role-pure legacy extract; historical-only.
records/history/archive/semantic/LX-MD-0022-CTX-01_DB_INTEGRITY_FK_IMPLICIT_INTEGRITY_DECISION_INVE.md,HISTORY,MD-REBASELINE-20260820-001,YES,RECORD,HISTORICAL_ONLY,NO,NO,LS-MD-0022,Role-pure legacy extract; historical-only.
records/history/archive/semantic/LX-MD-0022-GOV-01_DB_INTEGRITY_FK_IMPLICIT_INTEGRITY_DECISION_INVE.md,HISTORY,MD-REBASELINE-20260820-001,YES,RECORD,HISTORICAL_ONLY,NO,NO,LS-MD-0022,Role-pure legacy extract; historical-only.
records/history/archive/semantic/LX-MD-0022-GOV-02_DB_INTEGRITY_FK_IMPLICIT_INTEGRITY_DECISION_INVE.md,HISTORY,MD-REBASELINE-20260820-001,YES,RECORD,HISTORICAL_ONLY,NO,NO,LS-MD-0022,Role-pure legacy extract; historical-only.
records/history/archive/semantic/LX-MD-0022-IMP-01_DB_INTEGRITY_FK_IMPLICIT_INTEGRITY_DECISION_INVE.md,HISTORY,MD-REBASELINE-20260820-001,YES,RECORD,HISTORICAL_ONLY,NO,NO,LS-MD-0022,Role-pure legacy extract; historical-only.
records/history/archive/semantic/LX-MD-0022-IMP-02_DB_INTEGRITY_FK_IMPLICIT_INTEGRITY_DECISION_INVE.md,HISTORY,MD-REBASELINE-20260820-001,YES,RECORD,HISTORICAL_ONLY,NO,NO,LS-MD-0022,Role-pure legacy extract; historical-only.
records/history/archive/semantic/LX-MD-0022-IMP-03_DB_INTEGRITY_FK_IMPLICIT_INTEGRITY_DECISION_INVE.md,HISTORY,MD-REBASELINE-20260820-001,YES,RECORD,HISTORICAL_ONLY,NO,NO,LS-MD-0022,Role-pure legacy extract; historical-only.
records/history/archive/semantic/LX-MD-0023-CTX-01_DB_SCHEMA_MIGRATION_SYNC_INVENTORY.md,HISTORY,MD-REBASELINE-20260820-001,YES,RECORD,HISTORICAL_ONLY,NO,NO,LS-MD-0023,Role-pure legacy extract; historical-only.
records/history/archive/semantic/LX-MD-0023-FND-01_DB_SCHEMA_MIGRATION_SYNC_INVENTORY.md,HISTORY,MD-REBASELINE-20260820-001,YES,RECORD,HISTORICAL_ONLY,NO,NO,LS-MD-0023,Role-pure legacy extract; historical-only.
records/history/archive/semantic/LX-MD-0023-FND-02_DB_SCHEMA_MIGRATION_SYNC_INVENTORY.md,HISTORY,MD-REBASELINE-20260820-001,YES,RECORD,HISTORICAL_ONLY,NO,NO,LS-MD-0023,Role-pure legacy extract; historical-only.
records/history/archive/semantic/LX-MD-0023-GOV-01_DB_SCHEMA_MIGRATION_SYNC_INVENTORY.md,HISTORY,MD-REBASELINE-20260820-001,YES,RECORD,HISTORICAL_ONLY,NO,NO,LS-MD-0023,Role-pure legacy extract; historical-only.
records/history/archive/semantic/LX-MD-0023-IMP-01_DB_SCHEMA_MIGRATION_SYNC_INVENTORY.md,HISTORY,MD-REBASELINE-20260820-001,YES,RECORD,HISTORICAL_ONLY,NO,NO,LS-MD-0023,Role-pure legacy extract; historical-only.
records/history/archive/semantic/LX-MD-0023-IMP-02_DB_SCHEMA_MIGRATION_SYNC_INVENTORY.md,HISTORY,MD-REBASELINE-20260820-001,YES,RECORD,HISTORICAL_ONLY,NO,NO,LS-MD-0023,Role-pure legacy extract; historical-only.
records/history/archive/semantic/LX-MD-0024-CTX-01_EVIDENCE_EXPORT_RUNTIME_PROOF_INVENTORY.md,HISTORY,MD-REBASELINE-20260820-001,YES,RECORD,HISTORICAL_ONLY,NO,NO,LS-MD-0024,Role-pure legacy extract; historical-only.
records/history/archive/semantic/LX-MD-0024-FND-01_EVIDENCE_EXPORT_RUNTIME_PROOF_INVENTORY.md,HISTORY,MD-REBASELINE-20260820-001,YES,RECORD,HISTORICAL_ONLY,NO,NO,LS-MD-0024,Role-pure legacy extract; historical-only.
records/history/archive/semantic/LX-MD-0024-GOV-01_EVIDENCE_EXPORT_RUNTIME_PROOF_INVENTORY.md,HISTORY,MD-REBASELINE-20260820-001,YES,RECORD,HISTORICAL_ONLY,NO,NO,LS-MD-0024,Role-pure legacy extract; historical-only.
records/history/archive/semantic/LX-MD-0025-CTX-01_EVIDENCE_HISTORICAL_LINEAGE_COMPLETENESS_INVENTO.md,HISTORY,MD-REBASELINE-20260820-001,YES,RECORD,HISTORICAL_ONLY,NO,NO,LS-MD-0025,Role-pure legacy extract; historical-only.
records/history/archive/semantic/LX-MD-0025-CTX-02_EVIDENCE_HISTORICAL_LINEAGE_COMPLETENESS_INVENTO.md,HISTORY,MD-REBASELINE-20260820-001,YES,RECORD,HISTORICAL_ONLY,NO,NO,LS-MD-0025,Role-pure legacy extract; historical-only.
records/history/archive/semantic/LX-MD-0025-CTX-03_EVIDENCE_HISTORICAL_LINEAGE_COMPLETENESS_INVENTO.md,HISTORY,MD-REBASELINE-20260820-001,YES,RECORD,HISTORICAL_ONLY,NO,NO,LS-MD-0025,Role-pure legacy extract; historical-only.
records/history/archive/semantic/LX-MD-0025-CTX-04_EVIDENCE_HISTORICAL_LINEAGE_COMPLETENESS_INVENTO.md,HISTORY,MD-REBASELINE-20260820-001,YES,RECORD,HISTORICAL_ONLY,NO,NO,LS-MD-0025,Role-pure legacy extract; historical-only.
records/history/archive/semantic/LX-MD-0025-FND-01_EVIDENCE_HISTORICAL_LINEAGE_COMPLETENESS_INVENTO.md,HISTORY,MD-REBASELINE-20260820-001,YES,RECORD,HISTORICAL_ONLY,NO,NO,LS-MD-0025,Role-pure legacy extract; historical-only.
records/history/archive/semantic/LX-MD-0025-GOV-01_EVIDENCE_HISTORICAL_LINEAGE_COMPLETENESS_INVENTO.md,HISTORY,MD-REBASELINE-20260820-001,YES,RECORD,HISTORICAL_ONLY,NO,NO,LS-MD-0025,Role-pure legacy extract; historical-only.
records/history/archive/semantic/LX-MD-0025-GOV-02_EVIDENCE_HISTORICAL_LINEAGE_COMPLETENESS_INVENTO.md,HISTORY,MD-REBASELINE-20260820-001,YES,RECORD,HISTORICAL_ONLY,NO,NO,LS-MD-0025,Role-pure legacy extract; historical-only.
records/history/archive/semantic/LX-MD-0025-GOV-03_EVIDENCE_HISTORICAL_LINEAGE_COMPLETENESS_INVENTO.md,HISTORY,MD-REBASELINE-20260820-001,YES,RECORD,HISTORICAL_ONLY,NO,NO,LS-MD-0025,Role-pure legacy extract; historical-only.
records/history/archive/semantic/LX-MD-0025-IMP-01_EVIDENCE_HISTORICAL_LINEAGE_COMPLETENESS_INVENTO.md,HISTORY,MD-REBASELINE-20260820-001,YES,RECORD,HISTORICAL_ONLY,NO,NO,LS-MD-0025,Role-pure legacy extract; historical-only.
records/history/archive/semantic/LX-MD-0025-IMP-02_EVIDENCE_HISTORICAL_LINEAGE_COMPLETENESS_INVENTO.md,HISTORY,MD-REBASELINE-20260820-001,YES,RECORD,HISTORICAL_ONLY,NO,NO,LS-MD-0025,Role-pure legacy extract; historical-only.
records/history/archive/semantic/LX-MD-0026-CTX-01_FAIL_SAFE_NO_SILENT_FAILURE_INVENTORY.md,HISTORY,MD-REBASELINE-20260820-001,YES,RECORD,HISTORICAL_ONLY,NO,NO,LS-MD-0026,Role-pure legacy extract; historical-only.
records/history/archive/semantic/LX-MD-0026-FND-01_FAIL_SAFE_NO_SILENT_FAILURE_INVENTORY.md,HISTORY,MD-REBASELINE-20260820-001,YES,RECORD,HISTORICAL_ONLY,NO,NO,LS-MD-0026,Role-pure legacy extract; historical-only.
records/history/archive/semantic/LX-MD-0026-FND-02_FAIL_SAFE_NO_SILENT_FAILURE_INVENTORY.md,HISTORY,MD-REBASELINE-20260820-001,YES,RECORD,HISTORICAL_ONLY,NO,NO,LS-MD-0026,Role-pure legacy extract; historical-only.
records/history/archive/semantic/LX-MD-0026-GOV-01_FAIL_SAFE_NO_SILENT_FAILURE_INVENTORY.md,HISTORY,MD-REBASELINE-20260820-001,YES,RECORD,HISTORICAL_ONLY,NO,NO,LS-MD-0026,Role-pure legacy extract; historical-only.
records/history/archive/semantic/LX-MD-0026-GOV-02_FAIL_SAFE_NO_SILENT_FAILURE_INVENTORY.md,HISTORY,MD-REBASELINE-20260820-001,YES,RECORD,HISTORICAL_ONLY,NO,NO,LS-MD-0026,Role-pure legacy extract; historical-only.
records/history/archive/semantic/LX-MD-0026-IMP-01_FAIL_SAFE_NO_SILENT_FAILURE_INVENTORY.md,HISTORY,MD-REBASELINE-20260820-001,YES,RECORD,HISTORICAL_ONLY,NO,NO,LS-MD-0026,Role-pure legacy extract; historical-only.
records/history/archive/semantic/LX-MD-0026-RES-01_FAIL_SAFE_NO_SILENT_FAILURE_INVENTORY.md,HISTORY,MD-REBASELINE-20260820-001,YES,RECORD,HISTORICAL_ONLY,NO,NO,LS-MD-0026,Role-pure legacy extract; historical-only.
records/history/archive/semantic/LX-MD-0027-CTX-01_FULL_MARKET_DATA_PRODUCTION_READY_INVENTORY.md,HISTORY,MD-REBASELINE-20260820-001,YES,RECORD,HISTORICAL_ONLY,NO,NO,LS-MD-0027,Role-pure legacy extract; historical-only.
records/history/archive/semantic/LX-MD-0027-CTX-02_FULL_MARKET_DATA_PRODUCTION_READY_INVENTORY.md,HISTORY,MD-REBASELINE-20260820-001,YES,RECORD,HISTORICAL_ONLY,NO,NO,LS-MD-0027,Role-pure legacy extract; historical-only.
records/history/archive/semantic/LX-MD-0027-CTX-03_FULL_MARKET_DATA_PRODUCTION_READY_INVENTORY.md,HISTORY,MD-REBASELINE-20260820-001,YES,RECORD,HISTORICAL_ONLY,NO,NO,LS-MD-0027,Role-pure legacy extract; historical-only.
records/history/archive/semantic/LX-MD-0027-CTX-04_FULL_MARKET_DATA_PRODUCTION_READY_INVENTORY.md,HISTORY,MD-REBASELINE-20260820-001,YES,RECORD,HISTORICAL_ONLY,NO,NO,LS-MD-0027,Role-pure legacy extract; historical-only.
records/history/archive/semantic/LX-MD-0027-FND-01_FULL_MARKET_DATA_PRODUCTION_READY_INVENTORY.md,HISTORY,MD-REBASELINE-20260820-001,YES,RECORD,HISTORICAL_ONLY,NO,NO,LS-MD-0027,Role-pure legacy extract; historical-only.
records/history/archive/semantic/LX-MD-0027-FND-02_FULL_MARKET_DATA_PRODUCTION_READY_INVENTORY.md,HISTORY,MD-REBASELINE-20260820-001,YES,RECORD,HISTORICAL_ONLY,NO,NO,LS-MD-0027,Role-pure legacy extract; historical-only.
records/history/archive/semantic/LX-MD-0027-GOV-01_FULL_MARKET_DATA_PRODUCTION_READY_INVENTORY.md,HISTORY,MD-REBASELINE-20260820-001,YES,RECORD,HISTORICAL_ONLY,NO,NO,LS-MD-0027,Role-pure legacy extract; historical-only.
records/history/archive/semantic/LX-MD-0027-IMP-01_FULL_MARKET_DATA_PRODUCTION_READY_INVENTORY.md,HISTORY,MD-REBASELINE-20260820-001,YES,RECORD,HISTORICAL_ONLY,NO,NO,LS-MD-0027,Role-pure legacy extract; historical-only.
records/history/archive/semantic/LX-MD-0027-IMP-02_FULL_MARKET_DATA_PRODUCTION_READY_INVENTORY.md,HISTORY,MD-REBASELINE-20260820-001,YES,RECORD,HISTORICAL_ONLY,NO,NO,LS-MD-0027,Role-pure legacy extract; historical-only.
records/history/archive/semantic/LX-MD-0028-CTX-01_HASH_SEAL_DATASET_INTEGRITY_INVENTORY.md,HISTORY,MD-REBASELINE-20260820-001,YES,RECORD,HISTORICAL_ONLY,NO,NO,LS-MD-0028,Role-pure legacy extract; historical-only.
records/history/archive/semantic/LX-MD-0028-FND-01_HASH_SEAL_DATASET_INTEGRITY_INVENTORY.md,HISTORY,MD-REBASELINE-20260820-001,YES,RECORD,HISTORICAL_ONLY,NO,NO,LS-MD-0028,Role-pure legacy extract; historical-only.
records/history/archive/semantic/LX-MD-0028-GOV-01_HASH_SEAL_DATASET_INTEGRITY_INVENTORY.md,HISTORY,MD-REBASELINE-20260820-001,YES,RECORD,HISTORICAL_ONLY,NO,NO,LS-MD-0028,Role-pure legacy extract; historical-only.
records/history/archive/semantic/LX-MD-0028-IMP-01_HASH_SEAL_DATASET_INTEGRITY_INVENTORY.md,HISTORY,MD-REBASELINE-20260820-001,YES,RECORD,HISTORICAL_ONLY,NO,NO,LS-MD-0028,Role-pure legacy extract; historical-only.
records/history/archive/semantic/LX-MD-0028-RES-01_HASH_SEAL_DATASET_INTEGRITY_INVENTORY.md,HISTORY,MD-REBASELINE-20260820-001,YES,RECORD,HISTORICAL_ONLY,NO,NO,LS-MD-0028,Role-pure legacy extract; historical-only.
records/history/archive/semantic/LX-MD-0029-IMP-01_IMPORT_PROMOTE_SEPARATION_INVENTORY.md,HISTORY,MD-REBASELINE-20260820-001,YES,RECORD,HISTORICAL_ONLY,NO,NO,LS-MD-0029,Role-pure legacy extract; historical-only.
records/history/archive/semantic/LX-MD-0029-RES-01_IMPORT_PROMOTE_SEPARATION_INVENTORY.md,HISTORY,MD-REBASELINE-20260820-001,YES,RECORD,HISTORICAL_ONLY,NO,NO,LS-MD-0029,Role-pure legacy extract; historical-only.
records/history/archive/semantic/LX-MD-0030-CTX-01_LUMEN_CONTRACT_TRACKER.md,HISTORY,MD-REBASELINE-20260820-001,YES,RECORD,HISTORICAL_ONLY,NO,NO,LS-MD-0030,Role-pure legacy extract; historical-only.
records/history/archive/semantic/LX-MD-0030-CTX-02_LUMEN_CONTRACT_TRACKER.md,HISTORY,MD-REBASELINE-20260820-001,YES,RECORD,HISTORICAL_ONLY,NO,NO,LS-MD-0030,Role-pure legacy extract; historical-only.
records/history/archive/semantic/LX-MD-0030-CTX-03_LUMEN_CONTRACT_TRACKER.md,HISTORY,MD-REBASELINE-20260820-001,YES,RECORD,HISTORICAL_ONLY,NO,NO,LS-MD-0030,Role-pure legacy extract; historical-only.
records/history/archive/semantic/LX-MD-0030-CTX-04_LUMEN_CONTRACT_TRACKER.md,HISTORY,MD-REBASELINE-20260820-001,YES,RECORD,HISTORICAL_ONLY,NO,NO,LS-MD-0030,Role-pure legacy extract; historical-only.
records/history/archive/semantic/LX-MD-0030-CTX-05_LUMEN_CONTRACT_TRACKER.md,HISTORY,MD-REBASELINE-20260820-001,YES,RECORD,HISTORICAL_ONLY,NO,NO,LS-MD-0030,Role-pure legacy extract; historical-only.
records/history/archive/semantic/LX-MD-0030-CTX-06_LUMEN_CONTRACT_TRACKER.md,HISTORY,MD-REBASELINE-20260820-001,YES,RECORD,HISTORICAL_ONLY,NO,NO,LS-MD-0030,Role-pure legacy extract; historical-only.
records/history/archive/semantic/LX-MD-0030-FND-01_LUMEN_CONTRACT_TRACKER.md,HISTORY,MD-REBASELINE-20260820-001,YES,RECORD,HISTORICAL_ONLY,NO,NO,LS-MD-0030,Role-pure legacy extract; historical-only.
records/history/archive/semantic/LX-MD-0030-FND-02_LUMEN_CONTRACT_TRACKER.md,HISTORY,MD-REBASELINE-20260820-001,YES,RECORD,HISTORICAL_ONLY,NO,NO,LS-MD-0030,Role-pure legacy extract; historical-only.
records/history/archive/semantic/LX-MD-0030-GOV-01_LUMEN_CONTRACT_TRACKER.md,HISTORY,MD-REBASELINE-20260820-001,YES,RECORD,HISTORICAL_ONLY,NO,NO,LS-MD-0030,Role-pure legacy extract; historical-only.
records/history/archive/semantic/LX-MD-0030-GOV-02_LUMEN_CONTRACT_TRACKER.md,HISTORY,MD-REBASELINE-20260820-001,YES,RECORD,HISTORICAL_ONLY,NO,NO,LS-MD-0030,Role-pure legacy extract; historical-only.
records/history/archive/semantic/LX-MD-0030-GOV-03_LUMEN_CONTRACT_TRACKER.md,HISTORY,MD-REBASELINE-20260820-001,YES,RECORD,HISTORICAL_ONLY,NO,NO,LS-MD-0030,Role-pure legacy extract; historical-only.
records/history/archive/semantic/LX-MD-0030-GOV-04_LUMEN_CONTRACT_TRACKER.md,HISTORY,MD-REBASELINE-20260820-001,YES,RECORD,HISTORICAL_ONLY,NO,NO,LS-MD-0030,Role-pure legacy extract; historical-only.
records/history/archive/semantic/LX-MD-0030-IMP-01_LUMEN_CONTRACT_TRACKER.md,HISTORY,MD-REBASELINE-20260820-001,YES,RECORD,HISTORICAL_ONLY,NO,NO,LS-MD-0030,Role-pure legacy extract; historical-only.
records/history/archive/semantic/LX-MD-0030-IMP-02_LUMEN_CONTRACT_TRACKER.md,HISTORY,MD-REBASELINE-20260820-001,YES,RECORD,HISTORICAL_ONLY,NO,NO,LS-MD-0030,Role-pure legacy extract; historical-only.
records/history/archive/semantic/LX-MD-0030-IMP-03_LUMEN_CONTRACT_TRACKER.md,HISTORY,MD-REBASELINE-20260820-001,YES,RECORD,HISTORICAL_ONLY,NO,NO,LS-MD-0030,Role-pure legacy extract; historical-only.
records/history/archive/semantic/LX-MD-0030-IMP-04_LUMEN_CONTRACT_TRACKER.md,HISTORY,MD-REBASELINE-20260820-001,YES,RECORD,HISTORICAL_ONLY,NO,NO,LS-MD-0030,Role-pure legacy extract; historical-only.
records/history/archive/semantic/LX-MD-0031-CTX-01_LUMEN_IMPLEMENTATION_STATUS.md,HISTORY,MD-REBASELINE-20260820-001,YES,RECORD,HISTORICAL_ONLY,NO,NO,LS-MD-0031,Role-pure legacy extract; historical-only.
records/history/archive/semantic/LX-MD-0031-CTX-02_LUMEN_IMPLEMENTATION_STATUS.md,HISTORY,MD-REBASELINE-20260820-001,YES,RECORD,HISTORICAL_ONLY,NO,NO,LS-MD-0031,Role-pure legacy extract; historical-only.
records/history/archive/semantic/LX-MD-0031-CTX-03_LUMEN_IMPLEMENTATION_STATUS.md,HISTORY,MD-REBASELINE-20260820-001,YES,RECORD,HISTORICAL_ONLY,NO,NO,LS-MD-0031,Role-pure legacy extract; historical-only.
records/history/archive/semantic/LX-MD-0031-CTX-04_LUMEN_IMPLEMENTATION_STATUS.md,HISTORY,MD-REBASELINE-20260820-001,YES,RECORD,HISTORICAL_ONLY,NO,NO,LS-MD-0031,Role-pure legacy extract; historical-only.
records/history/archive/semantic/LX-MD-0031-CTX-05_LUMEN_IMPLEMENTATION_STATUS.md,HISTORY,MD-REBASELINE-20260820-001,YES,RECORD,HISTORICAL_ONLY,NO,NO,LS-MD-0031,Role-pure legacy extract; historical-only.
records/history/archive/semantic/LX-MD-0031-CTX-06_LUMEN_IMPLEMENTATION_STATUS.md,HISTORY,MD-REBASELINE-20260820-001,YES,RECORD,HISTORICAL_ONLY,NO,NO,LS-MD-0031,Role-pure legacy extract; historical-only.
records/history/archive/semantic/LX-MD-0031-CTX-07_LUMEN_IMPLEMENTATION_STATUS.md,HISTORY,MD-REBASELINE-20260820-001,YES,RECORD,HISTORICAL_ONLY,NO,NO,LS-MD-0031,Role-pure legacy extract; historical-only.
records/history/archive/semantic/LX-MD-0031-CTX-08_LUMEN_IMPLEMENTATION_STATUS.md,HISTORY,MD-REBASELINE-20260820-001,YES,RECORD,HISTORICAL_ONLY,NO,NO,LS-MD-0031,Role-pure legacy extract; historical-only.
records/history/archive/semantic/LX-MD-0031-CTX-09_LUMEN_IMPLEMENTATION_STATUS.md,HISTORY,MD-REBASELINE-20260820-001,YES,RECORD,HISTORICAL_ONLY,NO,NO,LS-MD-0031,Role-pure legacy extract; historical-only.
records/history/archive/semantic/LX-MD-0031-FND-01_LUMEN_IMPLEMENTATION_STATUS.md,HISTORY,MD-REBASELINE-20260820-001,YES,RECORD,HISTORICAL_ONLY,NO,NO,LS-MD-0031,Role-pure legacy extract; historical-only.
records/history/archive/semantic/LX-MD-0031-FND-02_LUMEN_IMPLEMENTATION_STATUS.md,HISTORY,MD-REBASELINE-20260820-001,YES,RECORD,HISTORICAL_ONLY,NO,NO,LS-MD-0031,Role-pure legacy extract; historical-only.
records/history/archive/semantic/LX-MD-0031-IMP-01_LUMEN_IMPLEMENTATION_STATUS.md,HISTORY,MD-REBASELINE-20260820-001,YES,RECORD,HISTORICAL_ONLY,NO,NO,LS-MD-0031,Role-pure legacy extract; historical-only.
records/history/archive/semantic/LX-MD-0031-IMP-02_LUMEN_IMPLEMENTATION_STATUS.md,HISTORY,MD-REBASELINE-20260820-001,YES,RECORD,HISTORICAL_ONLY,NO,NO,LS-MD-0031,Role-pure legacy extract; historical-only.
records/history/archive/semantic/LX-MD-0031-IMP-03_LUMEN_IMPLEMENTATION_STATUS.md,HISTORY,MD-REBASELINE-20260820-001,YES,RECORD,HISTORICAL_ONLY,NO,NO,LS-MD-0031,Role-pure legacy extract; historical-only.
records/history/archive/semantic/LX-MD-0031-IMP-04_LUMEN_IMPLEMENTATION_STATUS.md,HISTORY,MD-REBASELINE-20260820-001,YES,RECORD,HISTORICAL_ONLY,NO,NO,LS-MD-0031,Role-pure legacy extract; historical-only.
records/history/archive/semantic/LX-MD-0031-IMP-05_LUMEN_IMPLEMENTATION_STATUS.md,HISTORY,MD-REBASELINE-20260820-001,YES,RECORD,HISTORICAL_ONLY,NO,NO,LS-MD-0031,Role-pure legacy extract; historical-only.
records/history/archive/semantic/LX-MD-0031-IMP-06_LUMEN_IMPLEMENTATION_STATUS.md,HISTORY,MD-REBASELINE-20260820-001,YES,RECORD,HISTORICAL_ONLY,NO,NO,LS-MD-0031,Role-pure legacy extract; historical-only.
records/history/archive/semantic/LX-MD-0032-CTX-01_MARKET_BENCHMARK_INDICATOR_EXTENSION_INVENTORY.md,HISTORY,MD-REBASELINE-20260820-001,YES,RECORD,HISTORICAL_ONLY,NO,NO,LS-MD-0032,Role-pure legacy extract; historical-only.
records/history/archive/semantic/LX-MD-0032-CTX-02_MARKET_BENCHMARK_INDICATOR_EXTENSION_INVENTORY.md,HISTORY,MD-REBASELINE-20260820-001,YES,RECORD,HISTORICAL_ONLY,NO,NO,LS-MD-0032,Role-pure legacy extract; historical-only.
records/history/archive/semantic/LX-MD-0032-CTX-03_MARKET_BENCHMARK_INDICATOR_EXTENSION_INVENTORY.md,HISTORY,MD-REBASELINE-20260820-001,YES,RECORD,HISTORICAL_ONLY,NO,NO,LS-MD-0032,Role-pure legacy extract; historical-only.
records/history/archive/semantic/LX-MD-0032-CTX-04_MARKET_BENCHMARK_INDICATOR_EXTENSION_INVENTORY.md,HISTORY,MD-REBASELINE-20260820-001,YES,RECORD,HISTORICAL_ONLY,NO,NO,LS-MD-0032,Role-pure legacy extract; historical-only.
records/history/archive/semantic/LX-MD-0032-CTX-05_MARKET_BENCHMARK_INDICATOR_EXTENSION_INVENTORY.md,HISTORY,MD-REBASELINE-20260820-001,YES,RECORD,HISTORICAL_ONLY,NO,NO,LS-MD-0032,Role-pure legacy extract; historical-only.
records/history/archive/semantic/LX-MD-0032-FND-01_MARKET_BENCHMARK_INDICATOR_EXTENSION_INVENTORY.md,HISTORY,MD-REBASELINE-20260820-001,YES,RECORD,HISTORICAL_ONLY,NO,NO,LS-MD-0032,Role-pure legacy extract; historical-only.
records/history/archive/semantic/LX-MD-0032-GOV-01_MARKET_BENCHMARK_INDICATOR_EXTENSION_INVENTORY.md,HISTORY,MD-REBASELINE-20260820-001,YES,RECORD,HISTORICAL_ONLY,NO,NO,LS-MD-0032,Role-pure legacy extract; historical-only.
records/history/archive/semantic/LX-MD-0032-GOV-02_MARKET_BENCHMARK_INDICATOR_EXTENSION_INVENTORY.md,HISTORY,MD-REBASELINE-20260820-001,YES,RECORD,HISTORICAL_ONLY,NO,NO,LS-MD-0032,Role-pure legacy extract; historical-only.
records/history/archive/semantic/LX-MD-0032-GOV-03_MARKET_BENCHMARK_INDICATOR_EXTENSION_INVENTORY.md,HISTORY,MD-REBASELINE-20260820-001,YES,RECORD,HISTORICAL_ONLY,NO,NO,LS-MD-0032,Role-pure legacy extract; historical-only.
records/history/archive/semantic/LX-MD-0032-GOV-04_MARKET_BENCHMARK_INDICATOR_EXTENSION_INVENTORY.md,HISTORY,MD-REBASELINE-20260820-001,YES,RECORD,HISTORICAL_ONLY,NO,NO,LS-MD-0032,Role-pure legacy extract; historical-only.
records/history/archive/semantic/LX-MD-0032-IMP-01_MARKET_BENCHMARK_INDICATOR_EXTENSION_INVENTORY.md,HISTORY,MD-REBASELINE-20260820-001,YES,RECORD,HISTORICAL_ONLY,NO,NO,LS-MD-0032,Role-pure legacy extract; historical-only.
records/history/archive/semantic/LX-MD-0032-IMP-02_MARKET_BENCHMARK_INDICATOR_EXTENSION_INVENTORY.md,HISTORY,MD-REBASELINE-20260820-001,YES,RECORD,HISTORICAL_ONLY,NO,NO,LS-MD-0032,Role-pure legacy extract; historical-only.
records/history/archive/semantic/LX-MD-0032-IMP-03_MARKET_BENCHMARK_INDICATOR_EXTENSION_INVENTORY.md,HISTORY,MD-REBASELINE-20260820-001,YES,RECORD,HISTORICAL_ONLY,NO,NO,LS-MD-0032,Role-pure legacy extract; historical-only.
records/history/archive/semantic/LX-MD-0032-IMP-04_MARKET_BENCHMARK_INDICATOR_EXTENSION_INVENTORY.md,HISTORY,MD-REBASELINE-20260820-001,YES,RECORD,HISTORICAL_ONLY,NO,NO,LS-MD-0032,Role-pure legacy extract; historical-only.
records/history/archive/semantic/LX-MD-0033-CTX-01_MARKET_DATA_CONSUMER_READ_MODEL_INVENTORY.md,HISTORY,MD-REBASELINE-20260820-001,YES,RECORD,HISTORICAL_ONLY,NO,NO,LS-MD-0033,Role-pure legacy extract; historical-only.
records/history/archive/semantic/LX-MD-0033-FND-01_MARKET_DATA_CONSUMER_READ_MODEL_INVENTORY.md,HISTORY,MD-REBASELINE-20260820-001,YES,RECORD,HISTORICAL_ONLY,NO,NO,LS-MD-0033,Role-pure legacy extract; historical-only.
records/history/archive/semantic/LX-MD-0033-GOV-01_MARKET_DATA_CONSUMER_READ_MODEL_INVENTORY.md,HISTORY,MD-REBASELINE-20260820-001,YES,RECORD,HISTORICAL_ONLY,NO,NO,LS-MD-0033,Role-pure legacy extract; historical-only.
records/history/archive/semantic/LX-MD-0033-GOV-02_MARKET_DATA_CONSUMER_READ_MODEL_INVENTORY.md,HISTORY,MD-REBASELINE-20260820-001,YES,RECORD,HISTORICAL_ONLY,NO,NO,LS-MD-0033,Role-pure legacy extract; historical-only.
records/history/archive/semantic/LX-MD-0033-GOV-03_MARKET_DATA_CONSUMER_READ_MODEL_INVENTORY.md,HISTORY,MD-REBASELINE-20260820-001,YES,RECORD,HISTORICAL_ONLY,NO,NO,LS-MD-0033,Role-pure legacy extract; historical-only.
records/history/archive/semantic/LX-MD-0033-IMP-01_MARKET_DATA_CONSUMER_READ_MODEL_INVENTORY.md,HISTORY,MD-REBASELINE-20260820-001,YES,RECORD,HISTORICAL_ONLY,NO,NO,LS-MD-0033,Role-pure legacy extract; historical-only.
records/history/archive/semantic/LX-MD-0033-IMP-02_MARKET_DATA_CONSUMER_READ_MODEL_INVENTORY.md,HISTORY,MD-REBASELINE-20260820-001,YES,RECORD,HISTORICAL_ONLY,NO,NO,LS-MD-0033,Role-pure legacy extract; historical-only.
records/history/archive/semantic/LX-MD-0034-CTX-01_MARKET_DATA_IMPLEMENTATION_LEDGER.md,HISTORY,MD-REBASELINE-20260820-001,YES,RECORD,HISTORICAL_ONLY,NO,NO,LS-MD-0034,Role-pure legacy extract; historical-only.
records/history/archive/semantic/LX-MD-0034-CTX-02_MARKET_DATA_IMPLEMENTATION_LEDGER.md,HISTORY,MD-REBASELINE-20260820-001,YES,RECORD,HISTORICAL_ONLY,NO,NO,LS-MD-0034,Role-pure legacy extract; historical-only.
records/history/archive/semantic/LX-MD-0034-CTX-03_MARKET_DATA_IMPLEMENTATION_LEDGER.md,HISTORY,MD-REBASELINE-20260820-001,YES,RECORD,HISTORICAL_ONLY,NO,NO,LS-MD-0034,Role-pure legacy extract; historical-only.
records/history/archive/semantic/LX-MD-0034-CTX-04_MARKET_DATA_IMPLEMENTATION_LEDGER.md,HISTORY,MD-REBASELINE-20260820-001,YES,RECORD,HISTORICAL_ONLY,NO,NO,LS-MD-0034,Role-pure legacy extract; historical-only.
records/history/archive/semantic/LX-MD-0034-CTX-05_MARKET_DATA_IMPLEMENTATION_LEDGER.md,HISTORY,MD-REBASELINE-20260820-001,YES,RECORD,HISTORICAL_ONLY,NO,NO,LS-MD-0034,Role-pure legacy extract; historical-only.
records/history/archive/semantic/LX-MD-0034-CTX-06_MARKET_DATA_IMPLEMENTATION_LEDGER.md,HISTORY,MD-REBASELINE-20260820-001,YES,RECORD,HISTORICAL_ONLY,NO,NO,LS-MD-0034,Role-pure legacy extract; historical-only.
records/history/archive/semantic/LX-MD-0034-CTX-07_MARKET_DATA_IMPLEMENTATION_LEDGER.md,HISTORY,MD-REBASELINE-20260820-001,YES,RECORD,HISTORICAL_ONLY,NO,NO,LS-MD-0034,Role-pure legacy extract; historical-only.
records/history/archive/semantic/LX-MD-0034-CTX-08_MARKET_DATA_IMPLEMENTATION_LEDGER.md,HISTORY,MD-REBASELINE-20260820-001,YES,RECORD,HISTORICAL_ONLY,NO,NO,LS-MD-0034,Role-pure legacy extract; historical-only.
records/history/archive/semantic/LX-MD-0034-CTX-09_MARKET_DATA_IMPLEMENTATION_LEDGER.md,HISTORY,MD-REBASELINE-20260820-001,YES,RECORD,HISTORICAL_ONLY,NO,NO,LS-MD-0034,Role-pure legacy extract; historical-only.
records/history/archive/semantic/LX-MD-0034-FND-01_MARKET_DATA_IMPLEMENTATION_LEDGER.md,HISTORY,MD-REBASELINE-20260820-001,YES,RECORD,HISTORICAL_ONLY,NO,NO,LS-MD-0034,Role-pure legacy extract; historical-only.
records/history/archive/semantic/LX-MD-0034-FND-02_MARKET_DATA_IMPLEMENTATION_LEDGER.md,HISTORY,MD-REBASELINE-20260820-001,YES,RECORD,HISTORICAL_ONLY,NO,NO,LS-MD-0034,Role-pure legacy extract; historical-only.
records/history/archive/semantic/LX-MD-0034-GOV-01_MARKET_DATA_IMPLEMENTATION_LEDGER.md,HISTORY,MD-REBASELINE-20260820-001,YES,RECORD,HISTORICAL_ONLY,NO,NO,LS-MD-0034,Role-pure legacy extract; historical-only.
records/history/archive/semantic/LX-MD-0034-GOV-02_MARKET_DATA_IMPLEMENTATION_LEDGER.md,HISTORY,MD-REBASELINE-20260820-001,YES,RECORD,HISTORICAL_ONLY,NO,NO,LS-MD-0034,Role-pure legacy extract; historical-only.
records/history/archive/semantic/LX-MD-0034-IMP-01_MARKET_DATA_IMPLEMENTATION_LEDGER.md,HISTORY,MD-REBASELINE-20260820-001,YES,RECORD,HISTORICAL_ONLY,NO,NO,LS-MD-0034,Role-pure legacy extract; historical-only.
records/history/archive/semantic/LX-MD-0034-IMP-02_MARKET_DATA_IMPLEMENTATION_LEDGER.md,HISTORY,MD-REBASELINE-20260820-001,YES,RECORD,HISTORICAL_ONLY,NO,NO,LS-MD-0034,Role-pure legacy extract; historical-only.
records/history/archive/semantic/LX-MD-0034-IMP-03_MARKET_DATA_IMPLEMENTATION_LEDGER.md,HISTORY,MD-REBASELINE-20260820-001,YES,RECORD,HISTORICAL_ONLY,NO,NO,LS-MD-0034,Role-pure legacy extract; historical-only.
records/history/archive/semantic/LX-MD-0035-CTX-01_MARKET_DATA_PRODUCTION_PROOF_PACK.md,HISTORY,MD-REBASELINE-20260820-001,YES,RECORD,HISTORICAL_ONLY,NO,NO,LS-MD-0035,Role-pure legacy extract; historical-only.
records/history/archive/semantic/LX-MD-0035-CTX-02_MARKET_DATA_PRODUCTION_PROOF_PACK.md,HISTORY,MD-REBASELINE-20260820-001,YES,RECORD,HISTORICAL_ONLY,NO,NO,LS-MD-0035,Role-pure legacy extract; historical-only.
records/history/archive/semantic/LX-MD-0035-CTX-03_MARKET_DATA_PRODUCTION_PROOF_PACK.md,HISTORY,MD-REBASELINE-20260820-001,YES,RECORD,HISTORICAL_ONLY,NO,NO,LS-MD-0035,Role-pure legacy extract; historical-only.
records/history/archive/semantic/LX-MD-0035-CTX-04_MARKET_DATA_PRODUCTION_PROOF_PACK.md,HISTORY,MD-REBASELINE-20260820-001,YES,RECORD,HISTORICAL_ONLY,NO,NO,LS-MD-0035,Role-pure legacy extract; historical-only.
records/history/archive/semantic/LX-MD-0035-CTX-05_MARKET_DATA_PRODUCTION_PROOF_PACK.md,HISTORY,MD-REBASELINE-20260820-001,YES,RECORD,HISTORICAL_ONLY,NO,NO,LS-MD-0035,Role-pure legacy extract; historical-only.
records/history/archive/semantic/LX-MD-0035-FND-01_MARKET_DATA_PRODUCTION_PROOF_PACK.md,HISTORY,MD-REBASELINE-20260820-001,YES,RECORD,HISTORICAL_ONLY,NO,NO,LS-MD-0035,Role-pure legacy extract; historical-only.
records/history/archive/semantic/LX-MD-0035-FND-02_MARKET_DATA_PRODUCTION_PROOF_PACK.md,HISTORY,MD-REBASELINE-20260820-001,YES,RECORD,HISTORICAL_ONLY,NO,NO,LS-MD-0035,Role-pure legacy extract; historical-only.
records/history/archive/semantic/LX-MD-0035-FND-03_MARKET_DATA_PRODUCTION_PROOF_PACK.md,HISTORY,MD-REBASELINE-20260820-001,YES,RECORD,HISTORICAL_ONLY,NO,NO,LS-MD-0035,Role-pure legacy extract; historical-only.
records/history/archive/semantic/LX-MD-0035-GOV-01_MARKET_DATA_PRODUCTION_PROOF_PACK.md,HISTORY,MD-REBASELINE-20260820-001,YES,RECORD,HISTORICAL_ONLY,NO,NO,LS-MD-0035,Role-pure legacy extract; historical-only.
records/history/archive/semantic/LX-MD-0035-IMP-01_MARKET_DATA_PRODUCTION_PROOF_PACK.md,HISTORY,MD-REBASELINE-20260820-001,YES,RECORD,HISTORICAL_ONLY,NO,NO,LS-MD-0035,Role-pure legacy extract; historical-only.
records/history/archive/semantic/LX-MD-0035-IMP-02_MARKET_DATA_PRODUCTION_PROOF_PACK.md,HISTORY,MD-REBASELINE-20260820-001,YES,RECORD,HISTORICAL_ONLY,NO,NO,LS-MD-0035,Role-pure legacy extract; historical-only.
records/history/archive/semantic/LX-MD-0035-RES-01_MARKET_DATA_PRODUCTION_PROOF_PACK.md,HISTORY,MD-REBASELINE-20260820-001,YES,RECORD,HISTORICAL_ONLY,NO,NO,LS-MD-0035,Role-pure legacy extract; historical-only.
records/history/archive/semantic/LX-MD-0035-RES-02_MARKET_DATA_PRODUCTION_PROOF_PACK.md,HISTORY,MD-REBASELINE-20260820-001,YES,RECORD,HISTORICAL_ONLY,NO,NO,LS-MD-0035,Role-pure legacy extract; historical-only.
records/history/archive/semantic/LX-MD-0035-RES-03_MARKET_DATA_PRODUCTION_PROOF_PACK.md,HISTORY,MD-REBASELINE-20260820-001,YES,RECORD,HISTORICAL_ONLY,NO,NO,LS-MD-0035,Role-pure legacy extract; historical-only.
records/history/archive/semantic/LX-MD-0036-CTX-01_OPERATIONAL_READINESS_INVENTORY.md,HISTORY,MD-REBASELINE-20260820-001,YES,RECORD,HISTORICAL_ONLY,NO,NO,LS-MD-0036,Role-pure legacy extract; historical-only.
records/history/archive/semantic/LX-MD-0036-IMP-01_OPERATIONAL_READINESS_INVENTORY.md,HISTORY,MD-REBASELINE-20260820-001,YES,RECORD,HISTORICAL_ONLY,NO,NO,LS-MD-0036,Role-pure legacy extract; historical-only.
records/history/archive/semantic/LX-MD-0036-RES-01_OPERATIONAL_READINESS_INVENTORY.md,HISTORY,MD-REBASELINE-20260820-001,YES,RECORD,HISTORICAL_ONLY,NO,NO,LS-MD-0036,Role-pure legacy extract; historical-only.
records/history/archive/semantic/LX-MD-0037-CTX-01_OPS_COMMAND_SURFACE_RUNTIME_MATRIX_INVENTORY.md,HISTORY,MD-REBASELINE-20260820-001,YES,RECORD,HISTORICAL_ONLY,NO,NO,LS-MD-0037,Role-pure legacy extract; historical-only.
records/history/archive/semantic/LX-MD-0037-CTX-02_OPS_COMMAND_SURFACE_RUNTIME_MATRIX_INVENTORY.md,HISTORY,MD-REBASELINE-20260820-001,YES,RECORD,HISTORICAL_ONLY,NO,NO,LS-MD-0037,Role-pure legacy extract; historical-only.
records/history/archive/semantic/LX-MD-0037-CTX-03_OPS_COMMAND_SURFACE_RUNTIME_MATRIX_INVENTORY.md,HISTORY,MD-REBASELINE-20260820-001,YES,RECORD,HISTORICAL_ONLY,NO,NO,LS-MD-0037,Role-pure legacy extract; historical-only.
records/history/archive/semantic/LX-MD-0037-CTX-04_OPS_COMMAND_SURFACE_RUNTIME_MATRIX_INVENTORY.md,HISTORY,MD-REBASELINE-20260820-001,YES,RECORD,HISTORICAL_ONLY,NO,NO,LS-MD-0037,Role-pure legacy extract; historical-only.
records/history/archive/semantic/LX-MD-0037-CTX-05_OPS_COMMAND_SURFACE_RUNTIME_MATRIX_INVENTORY.md,HISTORY,MD-REBASELINE-20260820-001,YES,RECORD,HISTORICAL_ONLY,NO,NO,LS-MD-0037,Role-pure legacy extract; historical-only.
records/history/archive/semantic/LX-MD-0037-FND-01_OPS_COMMAND_SURFACE_RUNTIME_MATRIX_INVENTORY.md,HISTORY,MD-REBASELINE-20260820-001,YES,RECORD,HISTORICAL_ONLY,NO,NO,LS-MD-0037,Role-pure legacy extract; historical-only.
records/history/archive/semantic/LX-MD-0037-IMP-01_OPS_COMMAND_SURFACE_RUNTIME_MATRIX_INVENTORY.md,HISTORY,MD-REBASELINE-20260820-001,YES,RECORD,HISTORICAL_ONLY,NO,NO,LS-MD-0037,Role-pure legacy extract; historical-only.
records/history/archive/semantic/LX-MD-0037-IMP-02_OPS_COMMAND_SURFACE_RUNTIME_MATRIX_INVENTORY.md,HISTORY,MD-REBASELINE-20260820-001,YES,RECORD,HISTORICAL_ONLY,NO,NO,LS-MD-0037,Role-pure legacy extract; historical-only.
records/history/archive/semantic/LX-MD-0037-RES-01_OPS_COMMAND_SURFACE_RUNTIME_MATRIX_INVENTORY.md,HISTORY,MD-REBASELINE-20260820-001,YES,RECORD,HISTORICAL_ONLY,NO,NO,LS-MD-0037,Role-pure legacy extract; historical-only.
records/history/archive/semantic/LX-MD-0038-CTX-01_OPS_ENVIRONMENT_BASELINE_INVENTORY.md,HISTORY,MD-REBASELINE-20260820-001,YES,RECORD,HISTORICAL_ONLY,NO,NO,LS-MD-0038,Role-pure legacy extract; historical-only.
records/history/archive/semantic/LX-MD-0038-CTX-02_OPS_ENVIRONMENT_BASELINE_INVENTORY.md,HISTORY,MD-REBASELINE-20260820-001,YES,RECORD,HISTORICAL_ONLY,NO,NO,LS-MD-0038,Role-pure legacy extract; historical-only.
records/history/archive/semantic/LX-MD-0038-CTX-03_OPS_ENVIRONMENT_BASELINE_INVENTORY.md,HISTORY,MD-REBASELINE-20260820-001,YES,RECORD,HISTORICAL_ONLY,NO,NO,LS-MD-0038,Role-pure legacy extract; historical-only.
records/history/archive/semantic/LX-MD-0038-CTX-04_OPS_ENVIRONMENT_BASELINE_INVENTORY.md,HISTORY,MD-REBASELINE-20260820-001,YES,RECORD,HISTORICAL_ONLY,NO,NO,LS-MD-0038,Role-pure legacy extract; historical-only.
records/history/archive/semantic/LX-MD-0038-FND-01_OPS_ENVIRONMENT_BASELINE_INVENTORY.md,HISTORY,MD-REBASELINE-20260820-001,YES,RECORD,HISTORICAL_ONLY,NO,NO,LS-MD-0038,Role-pure legacy extract; historical-only.
records/history/archive/semantic/LX-MD-0038-GOV-01_OPS_ENVIRONMENT_BASELINE_INVENTORY.md,HISTORY,MD-REBASELINE-20260820-001,YES,RECORD,HISTORICAL_ONLY,NO,NO,LS-MD-0038,Role-pure legacy extract; historical-only.
records/history/archive/semantic/LX-MD-0038-IMP-01_OPS_ENVIRONMENT_BASELINE_INVENTORY.md,HISTORY,MD-REBASELINE-20260820-001,YES,RECORD,HISTORICAL_ONLY,NO,NO,LS-MD-0038,Role-pure legacy extract; historical-only.
records/history/archive/semantic/LX-MD-0038-IMP-02_OPS_ENVIRONMENT_BASELINE_INVENTORY.md,HISTORY,MD-REBASELINE-20260820-001,YES,RECORD,HISTORICAL_ONLY,NO,NO,LS-MD-0038,Role-pure legacy extract; historical-only.
records/history/archive/semantic/LX-MD-0038-RES-01_OPS_ENVIRONMENT_BASELINE_INVENTORY.md,HISTORY,MD-REBASELINE-20260820-001,YES,RECORD,HISTORICAL_ONLY,NO,NO,LS-MD-0038,Role-pure legacy extract; historical-only.
records/history/archive/semantic/LX-MD-0039-CTX-01_PRODUCTION_VALIDATION_INVENTORY.md,HISTORY,MD-REBASELINE-20260820-001,YES,RECORD,HISTORICAL_ONLY,NO,NO,LS-MD-0039,Role-pure legacy extract; historical-only.
records/history/archive/semantic/LX-MD-0039-CTX-02_PRODUCTION_VALIDATION_INVENTORY.md,HISTORY,MD-REBASELINE-20260820-001,YES,RECORD,HISTORICAL_ONLY,NO,NO,LS-MD-0039,Role-pure legacy extract; historical-only.
records/history/archive/semantic/LX-MD-0039-CTX-03_PRODUCTION_VALIDATION_INVENTORY.md,HISTORY,MD-REBASELINE-20260820-001,YES,RECORD,HISTORICAL_ONLY,NO,NO,LS-MD-0039,Role-pure legacy extract; historical-only.
records/history/archive/semantic/LX-MD-0039-CTX-04_PRODUCTION_VALIDATION_INVENTORY.md,HISTORY,MD-REBASELINE-20260820-001,YES,RECORD,HISTORICAL_ONLY,NO,NO,LS-MD-0039,Role-pure legacy extract; historical-only.
records/history/archive/semantic/LX-MD-0039-FND-01_PRODUCTION_VALIDATION_INVENTORY.md,HISTORY,MD-REBASELINE-20260820-001,YES,RECORD,HISTORICAL_ONLY,NO,NO,LS-MD-0039,Role-pure legacy extract; historical-only.
records/history/archive/semantic/LX-MD-0039-FND-02_PRODUCTION_VALIDATION_INVENTORY.md,HISTORY,MD-REBASELINE-20260820-001,YES,RECORD,HISTORICAL_ONLY,NO,NO,LS-MD-0039,Role-pure legacy extract; historical-only.
records/history/archive/semantic/LX-MD-0039-FND-03_PRODUCTION_VALIDATION_INVENTORY.md,HISTORY,MD-REBASELINE-20260820-001,YES,RECORD,HISTORICAL_ONLY,NO,NO,LS-MD-0039,Role-pure legacy extract; historical-only.
records/history/archive/semantic/LX-MD-0039-GOV-01_PRODUCTION_VALIDATION_INVENTORY.md,HISTORY,MD-REBASELINE-20260820-001,YES,RECORD,HISTORICAL_ONLY,NO,NO,LS-MD-0039,Role-pure legacy extract; historical-only.
records/history/archive/semantic/LX-MD-0039-IMP-01_PRODUCTION_VALIDATION_INVENTORY.md,HISTORY,MD-REBASELINE-20260820-001,YES,RECORD,HISTORICAL_ONLY,NO,NO,LS-MD-0039,Role-pure legacy extract; historical-only.
records/history/archive/semantic/LX-MD-0039-IMP-02_PRODUCTION_VALIDATION_INVENTORY.md,HISTORY,MD-REBASELINE-20260820-001,YES,RECORD,HISTORICAL_ONLY,NO,NO,LS-MD-0039,Role-pure legacy extract; historical-only.
records/history/archive/semantic/LX-MD-0039-RES-01_PRODUCTION_VALIDATION_INVENTORY.md,HISTORY,MD-REBASELINE-20260820-001,YES,RECORD,HISTORICAL_ONLY,NO,NO,LS-MD-0039,Role-pure legacy extract; historical-only.
records/history/archive/semantic/LX-MD-0039-RES-02_PRODUCTION_VALIDATION_INVENTORY.md,HISTORY,MD-REBASELINE-20260820-001,YES,RECORD,HISTORICAL_ONLY,NO,NO,LS-MD-0039,Role-pure legacy extract; historical-only.
records/history/archive/semantic/LX-MD-0040-CTX-01_READ_SIDE_CONSUMER_SURFACE_FINAL_SWEEP_INVENTORY.md,HISTORY,MD-REBASELINE-20260820-001,YES,RECORD,HISTORICAL_ONLY,NO,NO,LS-MD-0040,Role-pure legacy extract; historical-only.
records/history/archive/semantic/LX-MD-0040-CTX-02_READ_SIDE_CONSUMER_SURFACE_FINAL_SWEEP_INVENTORY.md,HISTORY,MD-REBASELINE-20260820-001,YES,RECORD,HISTORICAL_ONLY,NO,NO,LS-MD-0040,Role-pure legacy extract; historical-only.
records/history/archive/semantic/LX-MD-0040-CTX-03_READ_SIDE_CONSUMER_SURFACE_FINAL_SWEEP_INVENTORY.md,HISTORY,MD-REBASELINE-20260820-001,YES,RECORD,HISTORICAL_ONLY,NO,NO,LS-MD-0040,Role-pure legacy extract; historical-only.
records/history/archive/semantic/LX-MD-0040-FND-01_READ_SIDE_CONSUMER_SURFACE_FINAL_SWEEP_INVENTORY.md,HISTORY,MD-REBASELINE-20260820-001,YES,RECORD,HISTORICAL_ONLY,NO,NO,LS-MD-0040,Role-pure legacy extract; historical-only.
records/history/archive/semantic/LX-MD-0040-FND-02_READ_SIDE_CONSUMER_SURFACE_FINAL_SWEEP_INVENTORY.md,HISTORY,MD-REBASELINE-20260820-001,YES,RECORD,HISTORICAL_ONLY,NO,NO,LS-MD-0040,Role-pure legacy extract; historical-only.
records/history/archive/semantic/LX-MD-0040-FND-03_READ_SIDE_CONSUMER_SURFACE_FINAL_SWEEP_INVENTORY.md,HISTORY,MD-REBASELINE-20260820-001,YES,RECORD,HISTORICAL_ONLY,NO,NO,LS-MD-0040,Role-pure legacy extract; historical-only.
records/history/archive/semantic/LX-MD-0040-IMP-01_READ_SIDE_CONSUMER_SURFACE_FINAL_SWEEP_INVENTORY.md,HISTORY,MD-REBASELINE-20260820-001,YES,RECORD,HISTORICAL_ONLY,NO,NO,LS-MD-0040,Role-pure legacy extract; historical-only.
records/history/archive/semantic/LX-MD-0040-IMP-02_READ_SIDE_CONSUMER_SURFACE_FINAL_SWEEP_INVENTORY.md,HISTORY,MD-REBASELINE-20260820-001,YES,RECORD,HISTORICAL_ONLY,NO,NO,LS-MD-0040,Role-pure legacy extract; historical-only.
records/history/archive/semantic/LX-MD-0042-CTX-01_REPLAY_DETERMINISM_RUNTIME_PROOF_INVENTORY.md,HISTORY,MD-REBASELINE-20260820-001,YES,RECORD,HISTORICAL_ONLY,NO,NO,LS-MD-0042,Role-pure legacy extract; historical-only.
records/history/archive/semantic/LX-MD-0042-FND-01_REPLAY_DETERMINISM_RUNTIME_PROOF_INVENTORY.md,HISTORY,MD-REBASELINE-20260820-001,YES,RECORD,HISTORICAL_ONLY,NO,NO,LS-MD-0042,Role-pure legacy extract; historical-only.
records/history/archive/semantic/LX-MD-0043-CTX-01_REPLAY_HISTORICAL_DETERMINISM_HARDENING_INVENTOR.md,HISTORY,MD-REBASELINE-20260820-001,YES,RECORD,HISTORICAL_ONLY,NO,NO,LS-MD-0043,Role-pure legacy extract; historical-only.
records/history/archive/semantic/LX-MD-0043-CTX-02_REPLAY_HISTORICAL_DETERMINISM_HARDENING_INVENTOR.md,HISTORY,MD-REBASELINE-20260820-001,YES,RECORD,HISTORICAL_ONLY,NO,NO,LS-MD-0043,Role-pure legacy extract; historical-only.
records/history/archive/semantic/LX-MD-0043-GOV-01_REPLAY_HISTORICAL_DETERMINISM_HARDENING_INVENTOR.md,HISTORY,MD-REBASELINE-20260820-001,YES,RECORD,HISTORICAL_ONLY,NO,NO,LS-MD-0043,Role-pure legacy extract; historical-only.
records/history/archive/semantic/LX-MD-0043-IMP-01_REPLAY_HISTORICAL_DETERMINISM_HARDENING_INVENTOR.md,HISTORY,MD-REBASELINE-20260820-001,YES,RECORD,HISTORICAL_ONLY,NO,NO,LS-MD-0043,Role-pure legacy extract; historical-only.
records/history/archive/semantic/LX-MD-0043-IMP-02_REPLAY_HISTORICAL_DETERMINISM_HARDENING_INVENTOR.md,HISTORY,MD-REBASELINE-20260820-001,YES,RECORD,HISTORICAL_ONLY,NO,NO,LS-MD-0043,Role-pure legacy extract; historical-only.
records/history/archive/semantic/LX-MD-0043-IMP-03_REPLAY_HISTORICAL_DETERMINISM_HARDENING_INVENTOR.md,HISTORY,MD-REBASELINE-20260820-001,YES,RECORD,HISTORICAL_ONLY,NO,NO,LS-MD-0043,Role-pure legacy extract; historical-only.
records/history/archive/semantic/LX-MD-0044-CTX-01_AUDIT_FINAL_STATE.md,HISTORY,MD-REBASELINE-20260820-001,YES,RECORD,HISTORICAL_ONLY,NO,NO,LS-MD-0044,Role-pure legacy extract; historical-only.
records/history/archive/semantic/LX-MD-0044-CTX-02_AUDIT_FINAL_STATE.md,HISTORY,MD-REBASELINE-20260820-001,YES,RECORD,HISTORICAL_ONLY,NO,NO,LS-MD-0044,Role-pure legacy extract; historical-only.
records/history/archive/semantic/LX-MD-0044-CTX-03_AUDIT_FINAL_STATE.md,HISTORY,MD-REBASELINE-20260820-001,YES,RECORD,HISTORICAL_ONLY,NO,NO,LS-MD-0044,Role-pure legacy extract; historical-only.
records/history/archive/semantic/LX-MD-0044-CTX-04_AUDIT_FINAL_STATE.md,HISTORY,MD-REBASELINE-20260820-001,YES,RECORD,HISTORICAL_ONLY,NO,NO,LS-MD-0044,Role-pure legacy extract; historical-only.
records/history/archive/semantic/LX-MD-0044-CTX-05_AUDIT_FINAL_STATE.md,HISTORY,MD-REBASELINE-20260820-001,YES,RECORD,HISTORICAL_ONLY,NO,NO,LS-MD-0044,Role-pure legacy extract; historical-only.
records/history/archive/semantic/LX-MD-0044-CTX-06_AUDIT_FINAL_STATE.md,HISTORY,MD-REBASELINE-20260820-001,YES,RECORD,HISTORICAL_ONLY,NO,NO,LS-MD-0044,Role-pure legacy extract; historical-only.
records/history/archive/semantic/LX-MD-0044-CTX-07_AUDIT_FINAL_STATE.md,HISTORY,MD-REBASELINE-20260820-001,YES,RECORD,HISTORICAL_ONLY,NO,NO,LS-MD-0044,Role-pure legacy extract; historical-only.
records/history/archive/semantic/LX-MD-0044-FND-01_AUDIT_FINAL_STATE.md,HISTORY,MD-REBASELINE-20260820-001,YES,RECORD,HISTORICAL_ONLY,NO,NO,LS-MD-0044,Role-pure legacy extract; historical-only.
records/history/archive/semantic/LX-MD-0044-GOV-01_AUDIT_FINAL_STATE.md,HISTORY,MD-REBASELINE-20260820-001,YES,RECORD,HISTORICAL_ONLY,NO,NO,LS-MD-0044,Role-pure legacy extract; historical-only.
records/history/archive/semantic/LX-MD-0044-GOV-02_AUDIT_FINAL_STATE.md,HISTORY,MD-REBASELINE-20260820-001,YES,RECORD,HISTORICAL_ONLY,NO,NO,LS-MD-0044,Role-pure legacy extract; historical-only.
records/history/archive/semantic/LX-MD-0044-GOV-03_AUDIT_FINAL_STATE.md,HISTORY,MD-REBASELINE-20260820-001,YES,RECORD,HISTORICAL_ONLY,NO,NO,LS-MD-0044,Role-pure legacy extract; historical-only.
records/history/archive/semantic/LX-MD-0044-IMP-01_AUDIT_FINAL_STATE.md,HISTORY,MD-REBASELINE-20260820-001,YES,RECORD,HISTORICAL_ONLY,NO,NO,LS-MD-0044,Role-pure legacy extract; historical-only.
records/history/archive/semantic/LX-MD-0044-IMP-02_AUDIT_FINAL_STATE.md,HISTORY,MD-REBASELINE-20260820-001,YES,RECORD,HISTORICAL_ONLY,NO,NO,LS-MD-0044,Role-pure legacy extract; historical-only.
records/history/archive/semantic/LX-MD-0044-RES-01_AUDIT_FINAL_STATE.md,HISTORY,MD-REBASELINE-20260820-001,YES,RECORD,HISTORICAL_ONLY,NO,NO,LS-MD-0044,Role-pure legacy extract; historical-only.
records/history/archive/semantic/LX-MD-0044-RES-02_AUDIT_FINAL_STATE.md,HISTORY,MD-REBASELINE-20260820-001,YES,RECORD,HISTORICAL_ONLY,NO,NO,LS-MD-0044,Role-pure legacy extract; historical-only.
records/history/archive/semantic/LX-MD-0044-RES-03_AUDIT_FINAL_STATE.md,HISTORY,MD-REBASELINE-20260820-001,YES,RECORD,HISTORICAL_ONLY,NO,NO,LS-MD-0044,Role-pure legacy extract; historical-only.
records/history/archive/semantic/LX-MD-0044-RES-04_AUDIT_FINAL_STATE.md,HISTORY,MD-REBASELINE-20260820-001,YES,RECORD,HISTORICAL_ONLY,NO,NO,LS-MD-0044,Role-pure legacy extract; historical-only.
records/history/archive/semantic/LX-MD-0045-CTX-01_ORDERS_01_04_IMPLEMENTATION_EVIDENCE_2026_08_03.md,HISTORY,MD-REBASELINE-20260820-001,YES,RECORD,HISTORICAL_ONLY,NO,NO,LS-MD-0045,Role-pure legacy extract; historical-only.
records/history/archive/semantic/LX-MD-0045-CTX-02_ORDERS_01_04_IMPLEMENTATION_EVIDENCE_2026_08_03.md,HISTORY,MD-REBASELINE-20260820-001,YES,RECORD,HISTORICAL_ONLY,NO,NO,LS-MD-0045,Role-pure legacy extract; historical-only.
records/history/archive/semantic/LX-MD-0045-GOV-01_ORDERS_01_04_IMPLEMENTATION_EVIDENCE_2026_08_03.md,HISTORY,MD-REBASELINE-20260820-001,YES,RECORD,HISTORICAL_ONLY,NO,NO,LS-MD-0045,Role-pure legacy extract; historical-only.
records/history/archive/semantic/LX-MD-0045-IMP-01_ORDERS_01_04_IMPLEMENTATION_EVIDENCE_2026_08_03.md,HISTORY,MD-REBASELINE-20260820-001,YES,RECORD,HISTORICAL_ONLY,NO,NO,LS-MD-0045,Role-pure legacy extract; historical-only.
records/history/archive/semantic/LX-MD-0047-CTX-01_SECTOR_IDXIC_AUTHORITY_RECONCILIATION_INVENTORY.md,HISTORY,MD-REBASELINE-20260820-001,YES,RECORD,HISTORICAL_ONLY,NO,NO,LS-MD-0047,Role-pure legacy extract; historical-only.
records/history/archive/semantic/LX-MD-0047-CTX-02_SECTOR_IDXIC_AUTHORITY_RECONCILIATION_INVENTORY.md,HISTORY,MD-REBASELINE-20260820-001,YES,RECORD,HISTORICAL_ONLY,NO,NO,LS-MD-0047,Role-pure legacy extract; historical-only.
records/history/archive/semantic/LX-MD-0047-CTX-03_SECTOR_IDXIC_AUTHORITY_RECONCILIATION_INVENTORY.md,HISTORY,MD-REBASELINE-20260820-001,YES,RECORD,HISTORICAL_ONLY,NO,NO,LS-MD-0047,Role-pure legacy extract; historical-only.
records/history/archive/semantic/LX-MD-0047-CTX-04_SECTOR_IDXIC_AUTHORITY_RECONCILIATION_INVENTORY.md,HISTORY,MD-REBASELINE-20260820-001,YES,RECORD,HISTORICAL_ONLY,NO,NO,LS-MD-0047,Role-pure legacy extract; historical-only.
records/history/archive/semantic/LX-MD-0047-IMP-01_SECTOR_IDXIC_AUTHORITY_RECONCILIATION_INVENTORY.md,HISTORY,MD-REBASELINE-20260820-001,YES,RECORD,HISTORICAL_ONLY,NO,NO,LS-MD-0047,Role-pure legacy extract; historical-only.
records/history/archive/semantic/LX-MD-0047-IMP-02_SECTOR_IDXIC_AUTHORITY_RECONCILIATION_INVENTORY.md,HISTORY,MD-REBASELINE-20260820-001,YES,RECORD,HISTORICAL_ONLY,NO,NO,LS-MD-0047,Role-pure legacy extract; historical-only.
records/history/archive/semantic/LX-MD-0047-RES-01_SECTOR_IDXIC_AUTHORITY_RECONCILIATION_INVENTORY.md,HISTORY,MD-REBASELINE-20260820-001,YES,RECORD,HISTORICAL_ONLY,NO,NO,LS-MD-0047,Role-pure legacy extract; historical-only.
records/history/archive/semantic/LX-MD-0047-RES-02_SECTOR_IDXIC_AUTHORITY_RECONCILIATION_INVENTORY.md,HISTORY,MD-REBASELINE-20260820-001,YES,RECORD,HISTORICAL_ONLY,NO,NO,LS-MD-0047,Role-pure legacy extract; historical-only.
records/history/archive/semantic/LX-MD-0053-GOV-01_WEEKLY_SWING_PRIORITY1_INDICATOR_EXTENSION_INVEN.md,HISTORY,MD-REBASELINE-20260820-001,YES,RECORD,HISTORICAL_ONLY,NO,NO,LS-MD-0053,Role-pure legacy extract; historical-only.
records/history/archive/semantic/LX-MD-0053-GOV-02_WEEKLY_SWING_PRIORITY1_INDICATOR_EXTENSION_INVEN.md,HISTORY,MD-REBASELINE-20260820-001,YES,RECORD,HISTORICAL_ONLY,NO,NO,LS-MD-0053,Role-pure legacy extract; historical-only.
records/history/archive/semantic/LX-MD-0053-GOV-03_WEEKLY_SWING_PRIORITY1_INDICATOR_EXTENSION_INVEN.md,HISTORY,MD-REBASELINE-20260820-001,YES,RECORD,HISTORICAL_ONLY,NO,NO,LS-MD-0053,Role-pure legacy extract; historical-only.
records/history/archive/semantic/LX-MD-0053-IMP-01_WEEKLY_SWING_PRIORITY1_INDICATOR_EXTENSION_INVEN.md,HISTORY,MD-REBASELINE-20260820-001,YES,RECORD,HISTORICAL_ONLY,NO,NO,LS-MD-0053,Role-pure legacy extract; historical-only.
records/history/archive/semantic/LX-MD-0053-IMP-02_WEEKLY_SWING_PRIORITY1_INDICATOR_EXTENSION_INVEN.md,HISTORY,MD-REBASELINE-20260820-001,YES,RECORD,HISTORICAL_ONLY,NO,NO,LS-MD-0053,Role-pure legacy extract; historical-only.
records/history/archive/semantic/LX-MD-0174-CTX-01_COMMAND_SURFACE_SAFETY_INVENTORY.md,HISTORY,MD-REBASELINE-20260820-001,YES,RECORD,HISTORICAL_ONLY,NO,NO,LS-MD-0174,Role-pure legacy extract; historical-only.
records/history/archive/semantic/LX-MD-0174-FND-01_COMMAND_SURFACE_SAFETY_INVENTORY.md,HISTORY,MD-REBASELINE-20260820-001,YES,RECORD,HISTORICAL_ONLY,NO,NO,LS-MD-0174,Role-pure legacy extract; historical-only.
records/history/archive/semantic/LX-MD-0174-GOV-01_COMMAND_SURFACE_SAFETY_INVENTORY.md,HISTORY,MD-REBASELINE-20260820-001,YES,RECORD,HISTORICAL_ONLY,NO,NO,LS-MD-0174,Role-pure legacy extract; historical-only.
records/history/archive/semantic/LX-MD-0174-IMP-01_COMMAND_SURFACE_SAFETY_INVENTORY.md,HISTORY,MD-REBASELINE-20260820-001,YES,RECORD,HISTORICAL_ONLY,NO,NO,LS-MD-0174,Role-pure legacy extract; historical-only.
records/history/archive/semantic/LX-MD-0179-CTX-01_05_BACKFILL.md,HISTORY,MD-REBASELINE-20260820-001,YES,RECORD,HISTORICAL_ONLY,NO,NO,LS-MD-0179,Role-pure legacy extract; historical-only.
records/history/archive/semantic/LX-MD-0179-CTX-02_05_BACKFILL.md,HISTORY,MD-REBASELINE-20260820-001,YES,RECORD,HISTORICAL_ONLY,NO,NO,LS-MD-0179,Role-pure legacy extract; historical-only.
records/history/archive/semantic/LX-MD-0179-CTX-03_05_BACKFILL.md,HISTORY,MD-REBASELINE-20260820-001,YES,RECORD,HISTORICAL_ONLY,NO,NO,LS-MD-0179,Role-pure legacy extract; historical-only.
records/history/archive/semantic/LX-MD-0179-CTX-04_05_BACKFILL.md,HISTORY,MD-REBASELINE-20260820-001,YES,RECORD,HISTORICAL_ONLY,NO,NO,LS-MD-0179,Role-pure legacy extract; historical-only.
records/history/archive/semantic/LX-MD-0179-CTX-05_05_BACKFILL.md,HISTORY,MD-REBASELINE-20260820-001,YES,RECORD,HISTORICAL_ONLY,NO,NO,LS-MD-0179,Role-pure legacy extract; historical-only.
records/history/archive/semantic/LX-MD-0179-CTX-06_05_BACKFILL.md,HISTORY,MD-REBASELINE-20260820-001,YES,RECORD,HISTORICAL_ONLY,NO,NO,LS-MD-0179,Role-pure legacy extract; historical-only.
records/history/archive/semantic/LX-MD-0179-GOV-01_05_BACKFILL.md,HISTORY,MD-REBASELINE-20260820-001,YES,RECORD,HISTORICAL_ONLY,NO,NO,LS-MD-0179,Role-pure legacy extract; historical-only.
records/history/archive/semantic/LX-MD-0179-IMP-01_05_BACKFILL.md,HISTORY,MD-REBASELINE-20260820-001,YES,RECORD,HISTORICAL_ONLY,NO,NO,LS-MD-0179,Role-pure legacy extract; historical-only.
records/history/archive/semantic/LX-MD-0179-IMP-02_05_BACKFILL.md,HISTORY,MD-REBASELINE-20260820-001,YES,RECORD,HISTORICAL_ONLY,NO,NO,LS-MD-0179,Role-pure legacy extract; historical-only.
records/history/archive/semantic/LX-MD-0179-IMP-03_05_BACKFILL.md,HISTORY,MD-REBASELINE-20260820-001,YES,RECORD,HISTORICAL_ONLY,NO,NO,LS-MD-0179,Role-pure legacy extract; historical-only.
records/history/archive/semantic/LX-MD-0197-FND-01_LOGGING_TRACEABILITY_REASON_CODES_INVENTORY.md,HISTORY,MD-REBASELINE-20260820-001,YES,RECORD,HISTORICAL_ONLY,NO,NO,LS-MD-0197,Role-pure legacy extract; historical-only.
records/history/archive/semantic/LX-MD-0197-GOV-01_LOGGING_TRACEABILITY_REASON_CODES_INVENTORY.md,HISTORY,MD-REBASELINE-20260820-001,YES,RECORD,HISTORICAL_ONLY,NO,NO,LS-MD-0197,Role-pure legacy extract; historical-only.
records/history/archive/semantic/LX-MD-0197-IMP-01_LOGGING_TRACEABILITY_REASON_CODES_INVENTORY.md,HISTORY,MD-REBASELINE-20260820-001,YES,RECORD,HISTORICAL_ONLY,NO,NO,LS-MD-0197,Role-pure legacy extract; historical-only.
records/history/archive/semantic/LX-MD-0197-IMP-02_LOGGING_TRACEABILITY_REASON_CODES_INVENTORY.md,HISTORY,MD-REBASELINE-20260820-001,YES,RECORD,HISTORICAL_ONLY,NO,NO,LS-MD-0197,Role-pure legacy extract; historical-only.
records/history/archive/semantic/LX-MD-0201-CTX-01_OPS_ENVIRONMENT_BASELINE.md,HISTORY,MD-REBASELINE-20260820-001,YES,RECORD,HISTORICAL_ONLY,NO,NO,LS-MD-0201,Role-pure legacy extract; historical-only.
records/history/archive/semantic/LX-MD-0201-GOV-01_OPS_ENVIRONMENT_BASELINE.md,HISTORY,MD-REBASELINE-20260820-001,YES,RECORD,HISTORICAL_ONLY,NO,NO,LS-MD-0201,Role-pure legacy extract; historical-only.
records/history/archive/semantic/LX-MD-0201-IMP-01_OPS_ENVIRONMENT_BASELINE.md,HISTORY,MD-REBASELINE-20260820-001,YES,RECORD,HISTORICAL_ONLY,NO,NO,LS-MD-0201,Role-pure legacy extract; historical-only.
records/history/archive/semantic/LX-MD-0208-GOV-01_RUN_PUBLICATION_POINTER_LINKAGE_INVENTORY.md,HISTORY,MD-REBASELINE-20260820-001,YES,RECORD,HISTORICAL_ONLY,NO,NO,LS-MD-0208,Role-pure legacy extract; historical-only.
records/history/archive/semantic/LX-MD-0208-IMP-01_RUN_PUBLICATION_POINTER_LINKAGE_INVENTORY.md,HISTORY,MD-REBASELINE-20260820-001,YES,RECORD,HISTORICAL_ONLY,NO,NO,LS-MD-0208,Role-pure legacy extract; historical-only.
records/history/archive/semantic/LX-MD-0211-GOV-01_TRADING_STATUS_NON_EXCLUSION_CLEAR_PATCH.md,HISTORY,MD-REBASELINE-20260820-001,YES,RECORD,HISTORICAL_ONLY,NO,NO,LS-MD-0211,Role-pure legacy extract; historical-only.
records/history/archive/semantic/LX-MD-0211-IMP-01_TRADING_STATUS_NON_EXCLUSION_CLEAR_PATCH.md,HISTORY,MD-REBASELINE-20260820-001,YES,RECORD,HISTORICAL_ONLY,NO,NO,LS-MD-0211,Role-pure legacy extract; historical-only.
records/history/archive/semantic/LX-MD-0211-IMP-02_TRADING_STATUS_NON_EXCLUSION_CLEAR_PATCH.md,HISTORY,MD-REBASELINE-20260820-001,YES,RECORD,HISTORICAL_ONLY,NO,NO,LS-MD-0211,Role-pure legacy extract; historical-only.
records/history/archive/semantic/LX-MD-0212-CTX-01_TRADING_STATUS_SEMANTICS_LONG_SUSPENSION_CLOSURE.md,HISTORY,MD-REBASELINE-20260820-001,YES,RECORD,HISTORICAL_ONLY,NO,NO,LS-MD-0212,Role-pure legacy extract; historical-only.
records/history/archive/semantic/LX-MD-0212-FND-01_TRADING_STATUS_SEMANTICS_LONG_SUSPENSION_CLOSURE.md,HISTORY,MD-REBASELINE-20260820-001,YES,RECORD,HISTORICAL_ONLY,NO,NO,LS-MD-0212,Role-pure legacy extract; historical-only.
records/history/archive/semantic/LX-MD-0212-GOV-01_TRADING_STATUS_SEMANTICS_LONG_SUSPENSION_CLOSURE.md,HISTORY,MD-REBASELINE-20260820-001,YES,RECORD,HISTORICAL_ONLY,NO,NO,LS-MD-0212,Role-pure legacy extract; historical-only.
records/history/archive/semantic/LX-MD-0213-CTX-01_TRADING_STATUS_SOURCE_MODEL_SIMPLIFICATION_2026_.md,HISTORY,MD-REBASELINE-20260820-001,YES,RECORD,HISTORICAL_ONLY,NO,NO,LS-MD-0213,Role-pure legacy extract; historical-only.
records/history/archive/semantic/LX-MD-0213-CTX-02_TRADING_STATUS_SOURCE_MODEL_SIMPLIFICATION_2026_.md,HISTORY,MD-REBASELINE-20260820-001,YES,RECORD,HISTORICAL_ONLY,NO,NO,LS-MD-0213,Role-pure legacy extract; historical-only.
records/history/archive/semantic/LX-MD-0213-CTX-03_TRADING_STATUS_SOURCE_MODEL_SIMPLIFICATION_2026_.md,HISTORY,MD-REBASELINE-20260820-001,YES,RECORD,HISTORICAL_ONLY,NO,NO,LS-MD-0213,Role-pure legacy extract; historical-only.
records/history/archive/semantic/LX-MD-0213-GOV-01_TRADING_STATUS_SOURCE_MODEL_SIMPLIFICATION_2026_.md,HISTORY,MD-REBASELINE-20260820-001,YES,RECORD,HISTORICAL_ONLY,NO,NO,LS-MD-0213,Role-pure legacy extract; historical-only.
records/history/archive/semantic/LX-MD-0213-IMP-01_TRADING_STATUS_SOURCE_MODEL_SIMPLIFICATION_2026_.md,HISTORY,MD-REBASELINE-20260820-001,YES,RECORD,HISTORICAL_ONLY,NO,NO,LS-MD-0213,Role-pure legacy extract; historical-only.
records/history/archive/semantic/LX-MD-0239-CTX-01_Behavioral_Test_Coverage_Inventory.md,HISTORY,MD-REBASELINE-20260820-001,YES,RECORD,HISTORICAL_ONLY,NO,NO,LS-MD-0239,Role-pure legacy extract; historical-only.
records/history/archive/semantic/LX-MD-0239-GOV-01_Behavioral_Test_Coverage_Inventory.md,HISTORY,MD-REBASELINE-20260820-001,YES,RECORD,HISTORICAL_ONLY,NO,NO,LS-MD-0239,Role-pure legacy extract; historical-only.
records/history/archive/semantic/LX-MD-0239-IMP-01_Behavioral_Test_Coverage_Inventory.md,HISTORY,MD-REBASELINE-20260820-001,YES,RECORD,HISTORICAL_ONLY,NO,NO,LS-MD-0239,Role-pure legacy extract; historical-only.
records/history/archive/semantic/LX-MD-0239-IMP-02_Behavioral_Test_Coverage_Inventory.md,HISTORY,MD-REBASELINE-20260820-001,YES,RECORD,HISTORICAL_ONLY,NO,NO,LS-MD-0239,Role-pure legacy extract; historical-only.
records/history/archive/semantic/LX-MD-0241-CTX-01_Contract_Tests_Specification.md,HISTORY,MD-REBASELINE-20260820-001,YES,RECORD,HISTORICAL_ONLY,NO,NO,LS-MD-0241,Role-pure legacy extract; historical-only.
records/history/archive/semantic/LX-MD-0241-IMP-01_Contract_Tests_Specification.md,HISTORY,MD-REBASELINE-20260820-001,YES,RECORD,HISTORICAL_ONLY,NO,NO,LS-MD-0241,Role-pure legacy extract; historical-only.
records/history/archive/semantic/LX-MD-0243-GOV-01_Db_Integrity_Constraint_Inventory.md,HISTORY,MD-REBASELINE-20260820-001,YES,RECORD,HISTORICAL_ONLY,NO,NO,LS-MD-0243,Role-pure legacy extract; historical-only.
records/history/archive/semantic/LX-MD-0243-IMP-01_Db_Integrity_Constraint_Inventory.md,HISTORY,MD-REBASELINE-20260820-001,YES,RECORD,HISTORICAL_ONLY,NO,NO,LS-MD-0243,Role-pure legacy extract; historical-only.
records/history/archive/semantic/LX-MD-0243-IMP-02_Db_Integrity_Constraint_Inventory.md,HISTORY,MD-REBASELINE-20260820-001,YES,RECORD,HISTORICAL_ONLY,NO,NO,LS-MD-0243,Role-pure legacy extract; historical-only.
records/history/archive/semantic/LX-MD-0246-IMP-01_Golden_Fixture_Catalog_LOCKED.md,HISTORY,MD-REBASELINE-20260820-001,YES,RECORD,HISTORICAL_ONLY,NO,NO,LS-MD-0246,Role-pure legacy extract; historical-only.
records/history/archive/semantic/LX-MD-0252-CTX-01_PHPUNIT_TEST_MATRIX.md,HISTORY,MD-REBASELINE-20260820-001,YES,RECORD,HISTORICAL_ONLY,NO,NO,LS-MD-0252,Role-pure legacy extract; historical-only.
records/history/archive/semantic/LX-MD-0252-CTX-02_PHPUNIT_TEST_MATRIX.md,HISTORY,MD-REBASELINE-20260820-001,YES,RECORD,HISTORICAL_ONLY,NO,NO,LS-MD-0252,Role-pure legacy extract; historical-only.
records/history/archive/semantic/LX-MD-0252-IMP-01_PHPUNIT_TEST_MATRIX.md,HISTORY,MD-REBASELINE-20260820-001,YES,RECORD,HISTORICAL_ONLY,NO,NO,LS-MD-0252,Role-pure legacy extract; historical-only.
records/history/archive/semantic/LX-MD-0252-IMP-02_PHPUNIT_TEST_MATRIX.md,HISTORY,MD-REBASELINE-20260820-001,YES,RECORD,HISTORICAL_ONLY,NO,NO,LS-MD-0252,Role-pure legacy extract; historical-only.
records/evidence/MD-B00-A001-BL001_WORK_BASELINE_LOCK.json,EVIDENCE,MD-REBASELINE-20260820-001,NO,CURRENT_RECORD,CURRENT_ISSUED_RECORD,YES,NO,,Current-epoch record issued by attempt MD-B00-A001 under baseline MD-B00-A001-BL001.
records/evidence/E-MD-B00-A001-001_BASELINE_INVENTORY.md,EVIDENCE,MD-REBASELINE-20260820-001,NO,CURRENT_RECORD,CURRENT_ISSUED_RECORD,YES,NO,,Current-epoch record issued by attempt MD-B00-A001 under baseline MD-B00-A001-BL001.
records/evidence/E-MD-B00-A001-002_GATE_AND_SUITE_PROOF.json,EVIDENCE,MD-REBASELINE-20260820-001,NO,CURRENT_RECORD,CURRENT_ISSUED_RECORD,YES,NO,,Current-epoch record issued by attempt MD-B00-A001 under baseline MD-B00-A001-BL001.
records/evidence/SC-MD-B00-A001-001_STAGE_CLOSURE_MANIFEST.md,EVIDENCE,MD-REBASELINE-20260820-001,NO,CURRENT_RECORD,CURRENT_ISSUED_RECORD,YES,NO,,Current-epoch record issued by attempt MD-B00-A001 under baseline MD-B00-A001-BL001.
development/findings/F-MD-B00-A001-001_DOC_PATH_REBINDING_GAP.md,FINDING,MD-REBASELINE-20260820-001,NO,CURRENT_RECORD,CURRENT_FINDING_LIFECYCLE,NO,NO,,Current-epoch open finding raised by attempt MD-B00-A001.
development/findings/F-MD-B00-A001-002_SELF_TEST_ASSERTS_NOTHING.md,FINDING,MD-REBASELINE-20260820-001,NO,CURRENT_RECORD,CURRENT_FINDING_LIFECYCLE,NO,NO,,Current-epoch open finding raised by attempt MD-B00-A001.
development/findings/F-MD-B00-A001-003_EXTRACT_SEAL_BOUNDARY.md,FINDING,MD-REBASELINE-20260820-001,NO,CURRENT_RECORD,CURRENT_FINDING_LIFECYCLE,NO,NO,,Current-epoch open finding raised by attempt MD-B00-A001.
development/findings/F-MD-B00-A001-004_BASELINE_LOCK_TOOL_INCOMPLETE.md,FINDING,MD-REBASELINE-20260820-001,NO,CURRENT_RECORD,CURRENT_FINDING_LIFECYCLE,NO,NO,,Current-epoch open finding raised by attempt MD-B00-A001.
records/evidence/MD-B01-A001-BL001_WORK_BASELINE_LOCK.json,EVIDENCE,MD-REBASELINE-20260820-001,NO,CURRENT_RECORD,CURRENT_ISSUED_RECORD,YES,NO,,Current-epoch record issued by attempt MD-B01-A001 under baseline MD-B01-A001-BL001.
records/evidence/E-MD-B01-A001-001_SCOPE_BOUNDARY_REVALIDATION.json,EVIDENCE,MD-REBASELINE-20260820-001,NO,CURRENT_RECORD,CURRENT_ISSUED_RECORD,YES,NO,,Current-epoch record issued by attempt MD-B01-A001 under baseline MD-B01-A001-BL001.
development/findings/F-MD-B01-A001-001_MATRIX_REQUIREMENT_ASSIGNMENT_DEFECT.md,FINDING,MD-REBASELINE-20260820-001,NO,CURRENT_RECORD,CURRENT_FINDING_LIFECYCLE,NO,NO,,Current-epoch open finding raised by attempt MD-B01-A001.
records/evidence/MD-B01-A002-BL001_WORK_BASELINE_LOCK.json,EVIDENCE,MD-REBASELINE-20260820-001,NO,CURRENT_RECORD,CURRENT_ISSUED_RECORD,YES,NO,,Current-epoch record issued by attempt MD-B01-A002 under baseline MD-B01-A002-BL001.
records/evidence/E-MD-B01-A002-001_DATE_DRIVEN_AND_PROVIDER_ABSTRACTION.json,EVIDENCE,MD-REBASELINE-20260820-001,NO,CURRENT_RECORD,CURRENT_ISSUED_RECORD,YES,NO,,Current-epoch record issued by attempt MD-B01-A002 under baseline MD-B01-A002-BL001.
records/evidence/MD-B01-A003-BL001_WORK_BASELINE_LOCK.json,EVIDENCE,MD-REBASELINE-20260820-001,NO,CURRENT_RECORD,CURRENT_ISSUED_RECORD,YES,NO,,Current-epoch record issued by attempt MD-B01-A003 under baseline MD-B01-A003-BL001.
records/evidence/E-MD-B01-A003-001_ACTIVATION_AND_TERMINOLOGY_CLAIMS.json,EVIDENCE,MD-REBASELINE-20260820-001,NO,CURRENT_RECORD,CURRENT_ISSUED_RECORD,YES,NO,,Current-epoch record issued by attempt MD-B01-A003 under baseline MD-B01-A003-BL001.
development/findings/F-MD-B01-A003-001_ALIAS_MEANING_REPETITION_GAP.md,FINDING,MD-REBASELINE-20260820-001,NO,CURRENT_RECORD,CURRENT_FINDING_LIFECYCLE,NO,NO,,Current-epoch open finding raised by attempt MD-B01-A003.
records/evidence/MD-B03-A001-BL001_WORK_BASELINE_LOCK.json,EVIDENCE,MD-REBASELINE-20260820-001,NO,CURRENT_RECORD,CURRENT_ISSUED_RECORD,YES,NO,,Current-epoch record issued by attempt MD-B03-A001 under baseline MD-B03-A001-BL001.
records/evidence/E-MD-B03-A001-001_DEPENDENCY_REMEDIATION.json,EVIDENCE,MD-REBASELINE-20260820-001,NO,CURRENT_RECORD,CURRENT_ISSUED_RECORD,YES,NO,,Current-epoch record issued by attempt MD-B03-A001 under baseline MD-B03-A001-BL001.
records/evidence/MD-B00-A002-BL001_WORK_BASELINE_LOCK.json,EVIDENCE,MD-REBASELINE-20260820-001,NO,CURRENT_RECORD,CURRENT_ISSUED_RECORD,YES,NO,,Current-epoch record issued by attempt MD-B00-A002 under baseline MD-B00-A002-BL001.
development/implementation/CI-MD-B00-A002-001_GOVERNANCE_REENTRY.md,IMPLEMENTATION_GUIDANCE,MD-REBASELINE-20260820-001,NO,CURRENT_RECORD,CURRENT_IMPLEMENTATION_RECORD,NO,NO,,Current-epoch record issued by attempt MD-B00-A002 under baseline MD-B00-A002-BL001.
records/evidence/E-MD-B00-A002-001_GOVERNANCE_REENTRY.json,EVIDENCE,MD-REBASELINE-20260820-001,NO,CURRENT_RECORD,CURRENT_ISSUED_RECORD,YES,NO,,Current-epoch record issued by attempt MD-B00-A002 under baseline MD-B00-A002-BL001.
records/evidence/SC-MD-B00-A002-001_STAGE_CLOSURE_MANIFEST.md,EVIDENCE,MD-REBASELINE-20260820-001,NO,CURRENT_RECORD,CURRENT_ISSUED_RECORD,YES,NO,,Current-epoch record issued by attempt MD-B00-A002 under baseline MD-B00-A002-BL001.
records/evidence/E-MD-B03-A001-002_POST_RESTORATION_DATABASE_PROOF.json,EVIDENCE,MD-REBASELINE-20260820-001,NO,CURRENT_RECORD,CURRENT_ISSUED_RECORD,YES,NO,,Current-epoch record issued by attempt MD-B03-A001 under baseline MD-B03-A001-BL001.
records/evidence/MD-B01-A004-BL001_WORK_BASELINE_LOCK.json,EVIDENCE,MD-REBASELINE-20260820-001,NO,CURRENT_RECORD,CURRENT_ISSUED_RECORD,YES,NO,,Current-epoch record issued by attempt MD-B01-A004 under baseline MD-B01-A004-BL001.
development/implementation/CI-MD-B01-A004-001_TRACEABILITY_REDERIVATION.md,IMPLEMENTATION_GUIDANCE,MD-REBASELINE-20260820-001,NO,CURRENT_RECORD,CURRENT_IMPLEMENTATION_RECORD,NO,NO,,Current-epoch record issued by attempt MD-B01-A004 under baseline MD-B01-A004-BL001.
records/evidence/E-MD-B01-A004-001_TRACEABILITY_REDERIVATION.json,EVIDENCE,MD-REBASELINE-20260820-001,NO,CURRENT_RECORD,CURRENT_ISSUED_RECORD,YES,NO,,Current-epoch record issued by attempt MD-B01-A004 under baseline MD-B01-A004-BL001.
authority/governance/RUNTIME_ARTIFACT_AND_GOVERNED_EVIDENCE_STANDARD.md,GOVERNANCE,MD-REBASELINE-20260820-001,NO,AUTHORITY,CURRENT_AUTHORITY,NO,NO,,Adopted by DOC-CHG-20260821-003; strategy semantics unchanged.
development/findings/F-MD-20260821-03_RUNTIME_ARTIFACT_GOVERNANCE_GAP.md,FINDING,MD-REBASELINE-20260820-001,NO,CURRENT_RECORD,CURRENT_FINDING_LIFECYCLE,NO,NO,,Closed governance gap supporting DOC-CHG-20260821-003.
records/evidence/E-MD-20260821-03_RUNTIME_ARTIFACT_GOVERNANCE_AUDIT.json,EVIDENCE,MD-REBASELINE-20260820-001,NO,CURRENT_RECORD,CURRENT_ISSUED_RECORD,YES,NO,,Current-epoch docs-only governance audit evidence.
records/decisions/D-MD-20260821-03_RUNTIME_ARTIFACT_GOVERNANCE_ADOPTION.md,DECISION,MD-REBASELINE-20260820-001,NO,CURRENT_RECORD,CURRENT_ISSUED_DECISION,NO,NO,,Current-epoch issued governance decision.
records/evidence/MD-B01-A005-BL001_WORK_BASELINE_LOCK.json,EVIDENCE,MD-REBASELINE-20260820-001,NO,CURRENT_RECORD,CURRENT_ISSUED_RECORD,YES,NO,,Current-epoch record issued by attempt MD-B01-A005 under baseline MD-B01-A005-BL001.
development/implementation/CI-MD-B01-A005-001_PROOF_OWNERSHIP_REDERIVATION.md,IMPLEMENTATION_GUIDANCE,MD-REBASELINE-20260820-001,NO,CURRENT_RECORD,CURRENT_IMPLEMENTATION_RECORD,NO,NO,,Current-epoch record issued by attempt MD-B01-A005 under baseline MD-B01-A005-BL001.
records/evidence/E-MD-B01-A005-001_PROOF_OWNERSHIP_REDERIVATION.json,EVIDENCE,MD-REBASELINE-20260820-001,NO,CURRENT_RECORD,CURRENT_ISSUED_RECORD,YES,NO,,Current-epoch record issued by attempt MD-B01-A005 under baseline MD-B01-A005-BL001.
records/evidence/MD-B01-A006-BL001_WORK_BASELINE_LOCK.json,EVIDENCE,MD-REBASELINE-20260820-001,NO,CURRENT_RECORD,CURRENT_ISSUED_RECORD,YES,NO,,Current-epoch record issued by attempt MD-B01-A006 under baseline MD-B01-A006-BL001.
development/implementation/CI-MD-B01-A006-001_COVERAGE_ADVANCE.md,IMPLEMENTATION_GUIDANCE,MD-REBASELINE-20260820-001,NO,CURRENT_RECORD,CURRENT_IMPLEMENTATION_RECORD,NO,NO,,Current-epoch record issued by attempt MD-B01-A006 under baseline MD-B01-A006-BL001.
records/evidence/E-MD-B01-A006-001_COVERAGE_ADVANCE.json,EVIDENCE,MD-REBASELINE-20260820-001,NO,CURRENT_RECORD,CURRENT_ISSUED_RECORD,YES,NO,,Current-epoch record issued by attempt MD-B01-A006 under baseline MD-B01-A006-BL001.
records/evidence/MD-B01-A007-BL001_WORK_BASELINE_LOCK.json,EVIDENCE,MD-REBASELINE-20260820-001,NO,CURRENT_RECORD,CURRENT_ISSUED_RECORD,YES,NO,,Current-epoch record issued by attempt MD-B01-A007 under baseline MD-B01-A007-BL001.
development/implementation/CI-MD-B01-A007-001_DOWNSTREAM_SURFACE_BOUNDARY.md,IMPLEMENTATION_GUIDANCE,MD-REBASELINE-20260820-001,NO,CURRENT_RECORD,CURRENT_IMPLEMENTATION_RECORD,NO,NO,,Current-epoch record issued by attempt MD-B01-A007 under baseline MD-B01-A007-BL001.
records/evidence/E-MD-B01-A007-001_DOWNSTREAM_SURFACE_BOUNDARY.json,EVIDENCE,MD-REBASELINE-20260820-001,NO,CURRENT_RECORD,CURRENT_ISSUED_RECORD,YES,NO,,Current-epoch record issued by attempt MD-B01-A007 under baseline MD-B01-A007-BL001.
records/evidence/MD-B01-A008-BL001_WORK_BASELINE_LOCK.json,EVIDENCE,MD-REBASELINE-20260820-001,NO,CURRENT_RECORD,CURRENT_ISSUED_RECORD,YES,NO,,Current-epoch record issued by attempt MD-B01-A008 under baseline MD-B01-A008-BL001.
development/implementation/CI-MD-B01-A008-001_TERMINOLOGY_CONFLATION_BOUNDARY.md,IMPLEMENTATION_GUIDANCE,MD-REBASELINE-20260820-001,NO,CURRENT_RECORD,CURRENT_IMPLEMENTATION_RECORD,NO,NO,,Current-epoch record issued by attempt MD-B01-A008 under baseline MD-B01-A008-BL001.
records/evidence/E-MD-B01-A008-001_TERMINOLOGY_CONFLATION_BOUNDARY.json,EVIDENCE,MD-REBASELINE-20260820-001,NO,CURRENT_RECORD,CURRENT_ISSUED_RECORD,YES,NO,,Current-epoch record issued by attempt MD-B01-A008 under baseline MD-B01-A008-BL001.
development/findings/F-MD-B01-A008-001_HORIZON_ROLE_UNDECLARED.md,FINDING,MD-REBASELINE-20260820-001,NO,CURRENT_RECORD,CURRENT_FINDING_LIFECYCLE,NO,NO,,Current-epoch open finding raised by attempt MD-B01-A008.
records/evidence/MD-B01-A009-BL001_WORK_BASELINE_LOCK.json,EVIDENCE,MD-REBASELINE-20260820-001,NO,CURRENT_RECORD,CURRENT_ISSUED_RECORD,YES,NO,,Current-epoch record issued by attempt MD-B01-A009 under baseline MD-B01-A009-BL001.
development/implementation/CI-MD-B01-A009-001_DUAL_USE_AND_ALIGNMENT.md,IMPLEMENTATION_GUIDANCE,MD-REBASELINE-20260820-001,NO,CURRENT_RECORD,CURRENT_IMPLEMENTATION_RECORD,NO,NO,,Current-epoch record issued by attempt MD-B01-A009 under baseline MD-B01-A009-BL001.
records/evidence/E-MD-B01-A009-001_DUAL_USE_AND_ALIGNMENT.json,EVIDENCE,MD-REBASELINE-20260820-001,NO,CURRENT_RECORD,CURRENT_ISSUED_RECORD,YES,NO,,Current-epoch record issued by attempt MD-B01-A009 under baseline MD-B01-A009-BL001.
records/evidence/MD-B01-A010-BL001_WORK_BASELINE_LOCK.json,EVIDENCE,MD-REBASELINE-20260820-001,NO,CURRENT_RECORD,CURRENT_ISSUED_RECORD,YES,NO,,Current-epoch record issued by attempt MD-B01-A010 under baseline MD-B01-A010-BL001.
development/implementation/CI-MD-B01-A010-001_TERM_OWNERSHIP_AND_SCHEMA_SURFACE.md,IMPLEMENTATION_GUIDANCE,MD-REBASELINE-20260820-001,NO,CURRENT_RECORD,CURRENT_IMPLEMENTATION_RECORD,NO,NO,,Current-epoch record issued by attempt MD-B01-A010 under baseline MD-B01-A010-BL001.
records/evidence/E-MD-B01-A010-001_TERM_OWNERSHIP_AND_SCHEMA_SURFACE.json,EVIDENCE,MD-REBASELINE-20260820-001,NO,CURRENT_RECORD,CURRENT_ISSUED_RECORD,YES,NO,,Current-epoch record issued by attempt MD-B01-A010 under baseline MD-B01-A010-BL001.
records/evidence/MD-B01-A011-BL001_WORK_BASELINE_LOCK.json,EVIDENCE,MD-REBASELINE-20260820-001,NO,CURRENT_RECORD,CURRENT_ISSUED_RECORD,YES,NO,,Current-epoch record issued by attempt MD-B01-A011 under baseline MD-B01-A011-BL001.
development/implementation/CI-MD-B01-A011-001_FACT_DIMENSIONS_AND_PRODUCT_TABLE.md,IMPLEMENTATION_GUIDANCE,MD-REBASELINE-20260820-001,NO,CURRENT_RECORD,CURRENT_IMPLEMENTATION_RECORD,NO,NO,,Current-epoch record issued by attempt MD-B01-A011 under baseline MD-B01-A011-BL001.
records/evidence/E-MD-B01-A011-001_FACT_DIMENSIONS_AND_PRODUCT_TABLE.json,EVIDENCE,MD-REBASELINE-20260820-001,NO,CURRENT_RECORD,CURRENT_ISSUED_RECORD,YES,NO,,Current-epoch record issued by attempt MD-B01-A011 under baseline MD-B01-A011-BL001.
records/evidence/MD-B01-A012-BL001_WORK_BASELINE_LOCK.json,EVIDENCE,MD-REBASELINE-20260820-001,NO,CURRENT_RECORD,CURRENT_ISSUED_RECORD,YES,NO,,Current-epoch baseline issued by attempt MD-B01-A012 after DOC-CHG-20260821-004.
development/implementation/CI-MD-B01-A012-001_APPLICABILITY_AND_PREDICATE_CONTEXT_NORMALIZATION.md,IMPLEMENTATION_GUIDANCE,MD-REBASELINE-20260820-001,NO,CURRENT_RECORD,CURRENT_IMPLEMENTATION_RECORD,NO,NO,,Current-epoch Change Impact Declaration issued by attempt MD-B01-A012 under baseline MD-B01-A012-BL001.
development/implementation/tests/MarketDataTraceabilityApplicabilityGate.php,IMPLEMENTATION_TEST,MD-REBASELINE-20260820-001,NO,DEVELOPMENT,CURRENT_PROCESS_SUPPORT,NO,NO,,Stage-scoped applicability and predicate-context gate added by MD-B01-A012.
records/evidence/E-MD-B01-A012-001_APPLICABILITY_AND_PREDICATE_CONTEXT_NORMALIZATION.json,EVIDENCE,MD-REBASELINE-20260820-001,NO,CURRENT_RECORD,CURRENT_ISSUED_RECORD,YES,NO,,Current-epoch evidence issued by attempt MD-B01-A012 under baseline MD-B01-A012-BL001.
records/evidence/MD-B01-A013-BL001_WORK_BASELINE_LOCK.json,EVIDENCE,MD-REBASELINE-20260820-001,NO,CURRENT_RECORD,CURRENT_ISSUED_RECORD,YES,NO,,Current-epoch baseline issued by attempt MD-B01-A013 at the A012 governed handoff.
development/implementation/CI-MD-B01-A013-001_SCOPE_BOUNDARY_AND_ORCHESTRATION_COMPLETION.md,IMPLEMENTATION_GUIDANCE,MD-REBASELINE-20260820-001,NO,CURRENT_RECORD,CURRENT_IMPLEMENTATION_RECORD,NO,NO,,Current-epoch Change Impact Declaration issued by attempt MD-B01-A013 under baseline MD-B01-A013-BL001.
development/implementation/tests/MarketDataScopeBoundaryCompletionGate.php,IMPLEMENTATION_TEST,MD-REBASELINE-20260820-001,NO,DEVELOPMENT,CURRENT_PROCESS_SUPPORT,NO,NO,,A013 atomic proof-map binder and traceability lifecycle validator.
records/evidence/E-MD-B01-A013-001_SCOPE_BOUNDARY_AND_ORCHESTRATION_COMPLETION.json,EVIDENCE,MD-REBASELINE-20260820-001,NO,CURRENT_RECORD,CURRENT_ISSUED_RECORD,YES,NO,,Current-epoch evidence issued by attempt MD-B01-A013 under baseline MD-B01-A013-BL001.
records/evidence/MD-B01-A014-BL001_WORK_BASELINE_LOCK.json,EVIDENCE,MD-REBASELINE-20260820-001,NO,CURRENT_RECORD,CURRENT_ISSUED_RECORD,YES,NO,,Current-epoch baseline issued by attempt MD-B01-A014 before any material mutation.
development/implementation/CI-MD-B01-A014-001_REFERENCE_ONLY_PREDICATE_RE_DERIVATION.md,IMPLEMENTATION_GUIDANCE,MD-REBASELINE-20260820-001,NO,CURRENT_RECORD,CURRENT_IMPLEMENTATION_RECORD,NO,NO,,Current-epoch Change Impact Declaration issued by attempt MD-B01-A014 under baseline MD-B01-A014-BL001.
development/implementation/tests/MarketDataClassificationConsistencyGate.php,IMPLEMENTATION_TEST,MD-REBASELINE-20260820-001,NO,DEVELOPMENT,CURRENT_PROCESS_SUPPORT,NO,NO,,A014 classification consistency gate; reports the per-stage MD-DEP-0004 entry backlog.
development/implementation/tests/MarketDataClassificationRederivation.php,IMPLEMENTATION_TEST,MD-REBASELINE-20260820-001,NO,DEVELOPMENT,CURRENT_PROCESS_SUPPORT,NO,NO,,A014 governed re-derivation and proof binder; idempotent and explicit.
development/findings/F-MD-B01-A014-001_ELIGIBILITY_EXPORT_OMITS_MANDATORY_COLUMNS.md,FINDING,MD-REBASELINE-20260820-001,NO,CURRENT_RECORD,CURRENT_FINDING_LIFECYCLE,NO,NO,,Current-epoch open finding raised by attempt MD-B01-A014.
records/evidence/E-MD-B01-A014-001_REFERENCE_ONLY_PREDICATE_RE_DERIVATION.json,EVIDENCE,MD-REBASELINE-20260820-001,NO,CURRENT_RECORD,CURRENT_ISSUED_RECORD,YES,NO,,Current-epoch evidence issued by attempt MD-B01-A014 under baseline MD-B01-A014-BL001.
records/evidence/MD-B01-A015-BL001_WORK_BASELINE_LOCK.json,EVIDENCE,MD-REBASELINE-20260820-001,NO,CURRENT_RECORD,CURRENT_ISSUED_RECORD,YES,NO,,Current-epoch baseline issued by attempt MD-B01-A015 before any material mutation.
development/implementation/CI-MD-B01-A015-001_PROMOTED_PREDICATE_PROOF.md,IMPLEMENTATION_GUIDANCE,MD-REBASELINE-20260820-001,NO,CURRENT_RECORD,CURRENT_IMPLEMENTATION_RECORD,NO,NO,,Current-epoch Change Impact Declaration issued by attempt MD-B01-A015 under baseline MD-B01-A015-BL001.
development/implementation/tests/MarketDataPromotedPredicateProofGate.php,IMPLEMENTATION_TEST,MD-REBASELINE-20260820-001,NO,DEVELOPMENT,CURRENT_PROCESS_SUPPORT,NO,NO,,A015 proof-map binder and traceability lifecycle validator.
records/evidence/E-MD-B01-A015-001_PROMOTED_PREDICATE_PROOF.json,EVIDENCE,MD-REBASELINE-20260820-001,NO,CURRENT_RECORD,CURRENT_ISSUED_RECORD,YES,NO,,Current-epoch evidence issued by attempt MD-B01-A015 under baseline MD-B01-A015-BL001.
records/evidence/MD-B03-A002-BL001_WORK_BASELINE_LOCK.json,EVIDENCE,MD-REBASELINE-20260820-001,NO,CURRENT_RECORD,CURRENT_ISSUED_RECORD,YES,NO,,Current-epoch baseline issued by attempt MD-B03-A002 before any material mutation.
development/implementation/CI-MD-B03-A002-001_CLASS_S_HISTORICAL_BINDING_REMOVAL.md,IMPLEMENTATION_GUIDANCE,MD-REBASELINE-20260820-001,NO,CURRENT_RECORD,CURRENT_IMPLEMENTATION_RECORD,NO,NO,,Current-epoch Change Impact Declaration issued by attempt MD-B03-A002 under baseline MD-B03-A002-BL001.
development/implementation/tests/MarketDataHistoricalBindingRemoval.php,IMPLEMENTATION_TEST,MD-REBASELINE-20260820-001,NO,DEVELOPMENT,CURRENT_PROCESS_SUPPORT,NO,NO,,A002 governed removal tool; presence-checked and reviewable against the baseline measurement.
records/evidence/E-MD-B03-A002-001_CLASS_S_HISTORICAL_BINDING_REMOVAL.json,EVIDENCE,MD-REBASELINE-20260820-001,NO,CURRENT_RECORD,CURRENT_ISSUED_RECORD,YES,NO,,Current-epoch evidence issued by attempt MD-B03-A002 under baseline MD-B03-A002-BL001.
records/evidence/MD-B03-A003-BL001_WORK_BASELINE_LOCK.json,EVIDENCE,MD-REBASELINE-20260820-001,NO,CURRENT_RECORD,CURRENT_ISSUED_RECORD,YES,NO,,Current-epoch baseline issued by attempt MD-B03-A003 before any material mutation.
development/implementation/CI-MD-B03-A003-001_STAGE_CLOSURE_EVALUATION.md,IMPLEMENTATION_GUIDANCE,MD-REBASELINE-20260820-001,NO,CURRENT_RECORD,CURRENT_IMPLEMENTATION_RECORD,NO,NO,,Current-epoch Change Impact Declaration issued by attempt MD-B03-A003 under baseline MD-B03-A003-BL001.
development/findings/F-MD-B03-A003-001_A001_MATERIAL_ATTEMPT_WITHOUT_CHANGE_IMPACT.md,FINDING,MD-REBASELINE-20260820-001,NO,CURRENT_RECORD,CURRENT_FINDING_LIFECYCLE,NO,NO,,Current-epoch open finding raised by attempt MD-B03-A003.
records/evidence/E-MD-B03-A003-001_STAGE_CLOSURE_EVALUATION.json,EVIDENCE,MD-REBASELINE-20260820-001,NO,CURRENT_RECORD,CURRENT_ISSUED_RECORD,YES,NO,,Current-epoch evidence issued by attempt MD-B03-A003 under baseline MD-B03-A003-BL001.
records/evidence/MD-B00-A003-BL001_WORK_BASELINE_LOCK.json,EVIDENCE,MD-REBASELINE-20260820-001,NO,CURRENT_RECORD,CURRENT_ISSUED_RECORD,YES,NO,,Current-epoch baseline issued by attempt MD-B00-A003 before any material mutation.
development/implementation/CI-MD-B00-A003-001_EXTRACT_SEAL_AND_FINDING_VISIBILITY.md,IMPLEMENTATION_GUIDANCE,MD-REBASELINE-20260820-001,NO,CURRENT_RECORD,CURRENT_IMPLEMENTATION_RECORD,NO,NO,,Current-epoch Change Impact Declaration issued by attempt MD-B00-A003 under baseline MD-B00-A003-BL001.
records/evidence/E-MD-B00-A003-001_EXTRACT_SEAL_AND_FINDING_VISIBILITY.json,EVIDENCE,MD-REBASELINE-20260820-001,NO,CURRENT_RECORD,CURRENT_ISSUED_RECORD,YES,NO,,Current-epoch evidence issued by attempt MD-B00-A003 under baseline MD-B00-A003-BL001.
records/evidence/SC-MD-B00-A003-001_STAGE_CLOSURE_MANIFEST.md,EVIDENCE,MD-REBASELINE-20260820-001,NO,CURRENT_RECORD,CURRENT_ISSUED_RECORD,YES,NO,,Current-epoch closure manifest issued by attempt MD-B00-A003.
records/decisions/D-MD-20260822-04_ELIGIBLE_ALIAS_OWNERSHIP_PRECEDENCE.md,DECISION,MD-REBASELINE-20260820-001,NO,CURRENT_RECORD,CURRENT_ISSUED_RECORD,YES,NO,,Current-epoch reviewed decision issued under MD-B01-A016.
records/decisions/D-MD-20260822-05_A001_TIMING_DEVIATION_ACCEPTED.md,DECISION,MD-REBASELINE-20260820-001,NO,CURRENT_RECORD,CURRENT_ISSUED_RECORD,YES,NO,,Current-epoch reviewed decision issued under MD-B03-A003.
records/evidence/MD-B01-A016-BL001_WORK_BASELINE_LOCK.json,EVIDENCE,MD-REBASELINE-20260820-001,NO,CURRENT_RECORD,CURRENT_ISSUED_RECORD,YES,NO,,Current-epoch baseline issued before any A016 material mutation.
development/implementation/CI-MD-B01-A016-001_ALIAS_OWNERSHIP_CHAIN_PROOF.md,IMPLEMENTATION_GUIDANCE,MD-REBASELINE-20260820-001,NO,CURRENT_RECORD,CURRENT_IMPLEMENTATION_RECORD,NO,NO,,Current-epoch Change Impact Declaration under baseline MD-B01-A016-BL001.
records/evidence/E-MD-B01-A016-001_ALIAS_OWNERSHIP_CHAIN_PROOF.json,EVIDENCE,MD-REBASELINE-20260820-001,NO,CURRENT_RECORD,CURRENT_ISSUED_RECORD,YES,NO,,Current-epoch evidence issued under baseline MD-B01-A016-BL001.
records/evidence/SC-MD-B01-A016-001_STAGE_CLOSURE_MANIFEST.md,EVIDENCE,MD-REBASELINE-20260820-001,NO,CURRENT_RECORD,CURRENT_ISSUED_RECORD,YES,NO,,Current-epoch closure manifest issued by MD-B01-A016.
records/evidence/SC-MD-B03-A003-001_STAGE_CLOSURE_MANIFEST.md,EVIDENCE,MD-REBASELINE-20260820-001,NO,CURRENT_RECORD,CURRENT_ISSUED_RECORD,YES,NO,,Current-epoch closure manifest issued by MD-B03-A003.
records/evidence/MD-B02-A001-BL001_WORK_BASELINE_LOCK.json,EVIDENCE,MD-REBASELINE-20260820-001,NO,CURRENT_RECORD,CURRENT_ISSUED_RECORD,YES,NO,,Current-epoch baseline issued at MD-B02-A001 entry before material mutation.
development/implementation/CI-MD-B02-A001-001_PROVIDER_BOOTSTRAP_AND_PORT_REVALIDATION.md,IMPLEMENTATION_GUIDANCE,MD-REBASELINE-20260820-001,NO,CURRENT_RECORD,CURRENT_IMPLEMENTATION_RECORD,NO,NO,,Current-epoch Change Impact Declaration issued by MD-B02-A001 under baseline MD-B02-A001-BL001.
records/evidence/E-MD-B02-A001-001_PROVIDER_BOOTSTRAP_AND_PORT_REVALIDATION.json,EVIDENCE,MD-REBASELINE-20260820-001,NO,CURRENT_RECORD,CURRENT_ISSUED_RECORD,YES,NO,,Current-epoch MD-B02-A001 provider-bootstrap and normalized-traceability evidence.
development/implementation/tests/MarketDataProviderBootstrapNormalization.php,IMPLEMENTATION_TEST,MD-REBASELINE-20260820-001,NO,DEVELOPMENT,CURRENT_PROCESS_SUPPORT,NO,NO,,Governed MD-B02-A001 matrix normalization and atomic proof binder.
development/implementation/tests/MarketDataProviderBootstrapTraceabilityGate.php,IMPLEMENTATION_TEST,MD-REBASELINE-20260820-001,NO,DEVELOPMENT,CURRENT_PROCESS_SUPPORT,NO,NO,,MD-B02 normalization/proof gate; current exact lifecycle denominator and bindings are mutation-tested.
records/evidence/SC-MD-B02-A001-001_STAGE_CLOSURE_MANIFEST.md,EVIDENCE,MD-REBASELINE-20260820-001,NO,CURRENT_RECORD,CURRENT_ISSUED_RECORD,YES,NO,,Current-epoch MD-B02 stage closure manifest at 86/86 current mandatory coverage.
records/evidence/MD-B04-A001-BL001_WORK_BASELINE_LOCK.json,EVIDENCE,MD-REBASELINE-20260820-001,NO,CURRENT_RECORD,CURRENT_ISSUED_RECORD,YES,NO,,Current-epoch baseline issued at MD-B04-A001 entry before material mutation.
development/implementation/CI-MD-B04-A001-001_CONFIG_SNAPSHOT_AND_SEMANTIC_BINDINGS.md,IMPLEMENTATION_GUIDANCE,MD-REBASELINE-20260820-001,NO,CURRENT_RECORD,CURRENT_IMPLEMENTATION_RECORD,NO,NO,,Current-epoch early Change Impact Declaration issued under MD-B04-A001-BL001.
development/implementation/tests/MarketDataConfigFoundationTraceabilitySpec.php,IMPLEMENTATION_TEST,MD-REBASELINE-20260820-001,NO,DEVELOPMENT,CURRENT_PROCESS_SUPPORT,NO,NO,,Current exact MD-B04 predicate and proof-owner specification.
development/implementation/tests/MarketDataConfigFoundationNormalization.php,IMPLEMENTATION_TEST,MD-REBASELINE-20260820-001,NO,DEVELOPMENT,CURRENT_PROCESS_SUPPORT,NO,NO,,Governed MD-B04 matrix normalization tool; current 933-row classification applied.
development/implementation/tests/MarketDataConfigFoundationTraceabilityGate.php,IMPLEMENTATION_TEST,MD-REBASELINE-20260820-001,NO,DEVELOPMENT,CURRENT_PROCESS_SUPPORT,NO,NO,,Current MD-B04 classification/ownership gate; mutation-tested.
development/implementation/tests/MarketDataConfigFoundationProofBinder.php,IMPLEMENTATION_TEST,MD-REBASELINE-20260820-001,NO,DEVELOPMENT,CURRENT_PROCESS_SUPPORT,NO,NO,,Atomic current-evidence binder for the 114-row B04 denominator.
development/implementation/tests/MarketDataConfigFoundationProofGate.php,IMPLEMENTATION_TEST,MD-REBASELINE-20260820-001,NO,DEVELOPMENT,CURRENT_PROCESS_SUPPORT,NO,NO,,Current 113/114 B04 proof gate; strategy blocker cannot receive a fake binding.
development/findings/F-MD-B04-A001-001_HASH_NULL_TOKEN_AUTHORITY_CONTRADICTION.md,FINDING,MD-REBASELINE-20260820-001,NO,CURRENT_RECORD,CURRENT_FINDING_LIFECYCLE,NO,NO,,Current-epoch open P1 finding raised by MD-B04-A001.
records/evidence/E-MD-B04-A001-001_CONFIG_FOUNDATION_PARTIAL_PROOF.json,EVIDENCE,MD-REBASELINE-20260820-001,NO,CURRENT_RECORD,CURRENT_ISSUED_RECORD,YES,NO,,Current-epoch partial evidence issued by MD-B04-A001 under MD-B04-A001-BL001.
records/decisions/D-MD-20260822-06_NULL_TOKEN_OWNER_AND_CONFIG_CORRECTION.md,DECISION,MD-REBASELINE-20260820-001,NO,CURRENT_RECORD,CURRENT_ISSUED_RECORD,YES,NO,,Current-epoch reviewed decision resolving MD-DEP-0007 and authorising the bounded MD-S082 correction.
records/evidence/MD-B04-A002-BL001_WORK_BASELINE_LOCK.json,EVIDENCE,MD-REBASELINE-20260820-001,NO,CURRENT_RECORD,CURRENT_ISSUED_RECORD,YES,NO,,Current-epoch A002 baseline issued from successor freeze MD-STRATEGY-FREEZE-20260822-001 before material attempt changes.
development/implementation/CI-MD-B04-A002-001_NULL_TOKEN_CONFIG_REVALIDATION.md,IMPLEMENTATION_GUIDANCE,MD-REBASELINE-20260820-001,NO,CURRENT_RECORD,CURRENT_IMPLEMENTATION_RECORD,NO,NO,,Current-epoch early A002 Change Impact Declaration under MD-B04-A002-BL001.
records/evidence/E-MD-B04-A002-001_CONFIG_FOUNDATION_CLOSURE_PROOF.json,EVIDENCE,MD-REBASELINE-20260820-001,NO,CURRENT_RECORD,CURRENT_ISSUED_RECORD,YES,NO,,Current-epoch A002 implementation evidence under successor strategy freeze and baseline.
records/evidence/SC-MD-B04-A002-001_STAGE_CLOSURE_MANIFEST.md,EVIDENCE,MD-REBASELINE-20260820-001,NO,CURRENT_RECORD,CURRENT_ISSUED_RECORD,YES,NO,,Current-epoch MD-B04 stage closure manifest under MD-B04-A002-BL001.
development/implementation/CI-MD-B05-A001-001_TEMPORAL_IDENTITY_AND_SECTOR_MEMBERSHIP.md,IMPLEMENTATION_GUIDANCE,MD-REBASELINE-20260820-001,NO,CURRENT_RECORD,CURRENT_IMPLEMENTATION_RECORD,NO,NO,,Current-epoch Change Impact Declaration issued after MD-B05-A001-BL001 and before any material mutation.
development/implementation/tests/MarketDataTemporalIdentityTraceabilitySpec.php,IMPLEMENTATION_TEST,MD-REBASELINE-20260820-001,NO,DEVELOPMENT,CURRENT_PROCESS_SUPPORT,NO,NO,,Structural reference set and proof owners are stated positively so the gate can check both directions.
development/implementation/tests/MarketDataTemporalIdentityNormalization.php,IMPLEMENTATION_TEST,MD-REBASELINE-20260820-001,NO,DEVELOPMENT,CURRENT_PROCESS_SUPPORT,NO,NO,,Applies the reviewed spec to the traceability matrix; refuses a corpus or denominator that has moved.
development/implementation/tests/MarketDataTemporalIdentityTraceabilityGate.php,IMPLEMENTATION_TEST,MD-REBASELINE-20260820-001,NO,DEVELOPMENT,CURRENT_PROCESS_SUPPORT,NO,NO,,Mutation-tested by TemporalIdentityTraceabilityGateTest.
development/implementation/tests/MarketDataTemporalIdentityProofGate.php,IMPLEMENTATION_TEST,MD-REBASELINE-20260820-001,NO,DEVELOPMENT,CURRENT_PROCESS_SUPPORT,NO,NO,,Verifies every named proof method and surface exists and that the map covers the denominator exactly.
development/implementation/tests/MarketDataTemporalIdentityProofBinder.php,IMPLEMENTATION_TEST,MD-REBASELINE-20260820-001,NO,DEVELOPMENT,CURRENT_PROCESS_SUPPORT,NO,NO,,Refuses any count other than all 117 current MD-B05 predicates.
records/evidence/MD-B05-A001-BL001_WORK_BASELINE_LOCK.json,EVIDENCE,MD-REBASELINE-20260820-001,NO,CURRENT_RECORD,CURRENT_ISSUED_RECORD,YES,NO,,Issued before any A001 material mutation; binds the 78-row provisional pre-change state.
records/evidence/E-MD-B05-A001-001_TEMPORAL_IDENTITY_AND_SECTOR_MEMBERSHIP.json,EVIDENCE,MD-REBASELINE-20260820-001,NO,CURRENT_RECORD,CURRENT_ISSUED_RECORD,YES,NO,,Current-epoch evidence issued under baseline MD-B05-A001-BL001.
records/evidence/SC-MD-B05-A001-001_STAGE_CLOSURE_MANIFEST.md,EVIDENCE,MD-REBASELINE-20260820-001,NO,CURRENT_RECORD,CURRENT_ISSUED_RECORD,YES,NO,,Current-epoch MD-B05 stage closure manifest under MD-B05-A001-BL001.
records/evidence/MD-B06-A001-BL001_WORK_BASELINE_LOCK.json,EVIDENCE,MD-REBASELINE-20260820-001,NO,CURRENT_RECORD,CURRENT_ISSUED_RECORD,YES,NO,,Current-epoch MD-B06 baseline issued before material A001 mutation.
development/implementation/CI-MD-B06-A001-001_CALENDAR_SESSION_AND_STATUS_EXPECTATION.md,IMPLEMENTATION_GUIDANCE,MD-REBASELINE-20260820-001,NO,CURRENT_RECORD,CURRENT_IMPLEMENTATION_RECORD,NO,NO,,Current-epoch early MD-B06 Change Impact Declaration under MD-B06-A001-BL001.
development/implementation/tests/MarketDataCalendarStatusTraceabilitySpec.php,IMPLEMENTATION_TEST,MD-REBASELINE-20260820-001,NO,DEVELOPMENT,CURRENT_PROCESS_SUPPORT,NO,NO,,Reviewed semantic partition and proof ownership for MD-S041 and MD-S058.
development/implementation/tests/MarketDataCalendarStatusNormalization.php,IMPLEMENTATION_TEST,MD-REBASELINE-20260820-001,NO,DEVELOPMENT,CURRENT_PROCESS_SUPPORT,NO,NO,,"Applied MD-B06 classification, applicability, parent-context and owner normalization."
development/implementation/tests/MarketDataCalendarStatusTraceabilityGate.php,IMPLEMENTATION_TEST,MD-REBASELINE-20260820-001,NO,DEVELOPMENT,CURRENT_PROCESS_SUPPORT,NO,NO,,Mutation-tested exact MD-B06 stage-entry denominator gate.
development/implementation/tests/MarketDataCalendarStatusProofGate.php,IMPLEMENTATION_TEST,MD-REBASELINE-20260820-001,NO,DEVELOPMENT,CURRENT_PROCESS_SUPPORT,NO,NO,,"Verifies the 78-row proof map, implementation surfaces, behavior methods and evidence binding."
development/implementation/tests/MarketDataCalendarStatusProofBinder.php,IMPLEMENTATION_TEST,MD-REBASELINE-20260820-001,NO,DEVELOPMENT,CURRENT_PROCESS_SUPPORT,NO,NO,,Refuses any binding other than all 78 current MD-B06 predicates.
records/evidence/E-MD-B06-A001-001_CALENDAR_SESSION_AND_TRADING_STATUS.json,EVIDENCE,MD-REBASELINE-20260820-001,NO,CURRENT_RECORD,CURRENT_ISSUED_RECORD,YES,NO,,Current-epoch MD-B06 evidence issued under MD-B06-A001-BL001.
records/evidence/SC-MD-B06-A001-001_STAGE_CLOSURE_MANIFEST.md,EVIDENCE,MD-REBASELINE-20260820-001,NO,CURRENT_RECORD,CURRENT_ISSUED_RECORD,YES,NO,,Current-epoch MD-B06 stage closure manifest under MD-B06-A001-BL001.
records/evidence/MD-B07-A001-BL001_WORK_BASELINE_LOCK.json,EVIDENCE,MD-REBASELINE-20260820-001,NO,CURRENT_RECORD,CURRENT_ISSUED_RECORD,YES,NO,,Current-epoch MD-B07 baseline issued before material A001 mutation.
development/implementation/CI-MD-B07-A001-001_IMMUTABLE_SOURCE_OBSERVATIONS_AND_ACQUISITION.md,IMPLEMENTATION_GUIDANCE,MD-REBASELINE-20260820-001,NO,CURRENT_RECORD,CURRENT_IMPLEMENTATION_RECORD,NO,NO,,Current-epoch early MD-B07 Change Impact Declaration under MD-B07-A001-BL001.
development/implementation/tests/MarketDataSourceAcquisitionTraceabilitySpec.php,IMPLEMENTATION_TEST,MD-REBASELINE-20260820-001,NO,DEVELOPMENT,CURRENT_PROCESS_SUPPORT,NO,NO,,Structural reference set and proof owners stated positively so the gate can check both directions.
development/implementation/tests/MarketDataSourceAcquisitionNormalization.php,IMPLEMENTATION_TEST,MD-REBASELINE-20260820-001,NO,DEVELOPMENT,CURRENT_PROCESS_SUPPORT,NO,NO,,Applies the reviewed spec; refuses a corpus or denominator that has moved.
development/implementation/tests/MarketDataSourceAcquisitionTraceabilityGate.php,IMPLEMENTATION_TEST,MD-REBASELINE-20260820-001,NO,DEVELOPMENT,CURRENT_PROCESS_SUPPORT,NO,NO,,Mutation-tested by SourceAcquisitionTraceabilityGateTest.
development/implementation/tests/MarketDataSourceAcquisitionProofGate.php,IMPLEMENTATION_TEST,MD-REBASELINE-20260820-001,NO,DEVELOPMENT,CURRENT_PROCESS_SUPPORT,NO,NO,,Verifies every named proof method and surface exists and that the map covers the denominator exactly.
development/implementation/tests/MarketDataSourceAcquisitionProofBinder.php,IMPLEMENTATION_TEST,MD-REBASELINE-20260820-001,NO,DEVELOPMENT,CURRENT_PROCESS_SUPPORT,NO,NO,,Refuses any count other than the full current MD-B07 denominator.
records/evidence/E-MD-B07-A001-001_SOURCE_OBSERVATION_AND_ACQUISITION.json,EVIDENCE,MD-REBASELINE-20260820-001,NO,CURRENT_RECORD,CURRENT_ISSUED_RECORD,YES,NO,,Current-epoch A001 evidence issued under baseline MD-B07-A001-BL001.
development/implementation/tests/MarketDataB07DeployedSchemaProbe.php,IMPLEMENTATION_TEST,MD-REBASELINE-20260820-001,NO,DEVELOPMENT,CURRENT_PROCESS_SUPPORT,NO,NO,,Read-only MD-B07 deployed-schema proof tool; local MariaDB execution is required before closure.
records/evidence/E-MD-B07-A001-002_LOCAL_REVALIDATION_AND_DEPLOYED_SCHEMA.json,EVIDENCE,MD-REBASELINE-20260820-001,NO,CURRENT_RECORD,CURRENT_ISSUED_RECORD,YES,NO,,Current-epoch additive A001 proof admitting returned local deployed-schema/control-plane/runtime execution.
records/evidence/SC-MD-B07-A001-001_STAGE_CLOSURE_MANIFEST.md,EVIDENCE,MD-REBASELINE-20260820-001,NO,CURRENT_RECORD,CURRENT_ISSUED_RECORD,YES,NO,,Current-epoch MD-B07 stage closure manifest under MD-B07-A001-BL001.
records/evidence/MD-B08-A001-BL001_WORK_BASELINE_LOCK.json,EVIDENCE,MD-REBASELINE-20260820-001,NO,CURRENT_RECORD,CURRENT_ISSUED_RECORD,YES,NO,,Current-epoch immutable MD-B08-A001 baseline issued before material B08 mutation.
development/implementation/CI-MD-B08-A001-001_SOURCE_RESILIENCE_AND_CONTROLLED_RECOVERY.md,IMPLEMENTATION_GUIDANCE,MD-REBASELINE-20260820-001,NO,DEVELOPMENT,CURRENT_PROCESS_SUPPORT,NO,NO,,Current MD-B08-A001 Change Impact Declaration.
development/implementation/tests/MarketDataSourceResilienceTraceabilitySpec.php,IMPLEMENTATION_TEST,MD-REBASELINE-20260820-001,NO,DEVELOPMENT,CURRENT_PROCESS_SUPPORT,NO,NO,,Reviewed MD-B08 predicate classification and proof-owner assignment.
development/implementation/tests/MarketDataSourceResilienceNormalization.php,IMPLEMENTATION_TEST,MD-REBASELINE-20260820-001,NO,DEVELOPMENT,CURRENT_PROCESS_SUPPORT,NO,NO,,Governed MD-B08 traceability matrix normalization tool.
development/implementation/tests/MarketDataSourceResilienceTraceabilityGate.php,IMPLEMENTATION_TEST,MD-REBASELINE-20260820-001,NO,DEVELOPMENT,CURRENT_PROCESS_SUPPORT,NO,NO,,Exact MD-B08 stage-entry normalization gate.
development/implementation/tests/MarketDataSourceResilienceProofSpec.php,IMPLEMENTATION_TEST,MD-REBASELINE-20260820-001,NO,DEVELOPMENT,CURRENT_PROCESS_SUPPORT,NO,NO,,Exact MD-B08 semantic proof-family ownership map for the 138-predicate denominator.
development/implementation/tests/MarketDataSourceResilienceProofGate.php,IMPLEMENTATION_TEST,MD-REBASELINE-20260820-001,NO,DEVELOPMENT,CURRENT_PROCESS_SUPPORT,NO,NO,,MD-B08 proof-readiness and post-evidence exact binding gate.
development/implementation/tests/MarketDataSourceResilienceProofBinder.php,IMPLEMENTATION_TEST,MD-REBASELINE-20260820-001,NO,DEVELOPMENT,CURRENT_PROCESS_SUPPORT,NO,NO,,Atomic post-runtime MD-B08 evidence binder; refuses pre-evidence binding.
development/implementation/tests/MarketDataSourceResilienceProofSelfTest.php,IMPLEMENTATION_TEST,MD-REBASELINE-20260820-001,NO,DEVELOPMENT,CURRENT_PROCESS_SUPPORT,NO,NO,,Standalone mutation self-test for B08 normalization and proof-readiness fail-closed behavior.
records/evidence/E-MD-B08-A001-001_SOURCE_RESILIENCE_AND_CONTROLLED_RECOVERY.json,EVIDENCE,MD-REBASELINE-20260820-001,NO,CURRENT_RECORD,CURRENT_ISSUED_RECORD,YES,NO,,Current-epoch first issued MD-B08-A001 runtime evidence after final corrected local proof.
records/evidence/SC-MD-B08-A001-001_STAGE_CLOSURE_MANIFEST.md,EVIDENCE,MD-REBASELINE-20260820-001,NO,CURRENT_RECORD,CURRENT_ISSUED_RECORD,YES,NO,,Current-epoch MD-B08 stage closure manifest under MD-B08-A001-BL001.
records/evidence/MD-B09-A001-BL001_WORK_BASELINE_LOCK.json,EVIDENCE,MD-REBASELINE-20260820-001,NO,CURRENT_RECORD,CURRENT_ISSUED_RECORD,YES,NO,,Current-epoch immutable MD-B09-A001 baseline issued after entry normalization and before material B09 implementation mutation.
development/implementation/CI-MD-B09-A001-001_CANONICAL_RAW_IMPORT_AND_CANDIDATE_PERSISTENCE.md,IMPLEMENTATION_GUIDANCE,MD-REBASELINE-20260820-001,NO,DEVELOPMENT,CURRENT_PROCESS_SUPPORT,NO,NO,,Current MD-B09-A001 Change Impact Declaration.
development/findings/F-MD-B09-A001-001_ZERO_VOLUME_REASON_CODE_AUTHORITY_GAP.md,FINDING,MD-REBASELINE-20260820-001,NO,CURRENT_RECORD,CURRENT_FINDING,NO,NO,,"Resolved authority-completeness finding; historical A001 blocker retained, executable verification continues in A002."
records/evidence/E-MD-B09-A001-001_STAGE_ENTRY_AUTHORITY_CONTRADICTION_STATIC_PROOF.json,EVIDENCE,MD-REBASELINE-20260820-001,NO,CURRENT_RECORD,CURRENT_ISSUED_RECORD,YES,YES,,Current static evidence for B09 stage-entry normalization and authority blocker; binds no runtime predicates.
records/decisions/D-MD-20260823-01_ZERO_VOLUME_MOVEMENT_REASON_CODE.md,DECISION,MD-REBASELINE-20260820-001,NO,CURRENT_RECORD,CURRENT_ISSUED_RECORD,YES,NO,,Issued reviewed decision remains immutable; explicit authorization/application is recorded by E-MD-B09-A001-002 and successor freeze MD-STRATEGY-FREEZE-20260823-001.
records/evidence/E-MD-B09-A001-002_AUTHORIZED_STRATEGY_CORRECTION_AND_REENTRY.json,EVIDENCE,MD-REBASELINE-20260820-001,NO,CURRENT_RECORD,CURRENT_ISSUED_RECORD,YES,NO,,Current A001 strategy-change evidence; runtime proof not claimed.
records/evidence/MD-B09-A002-BL001_WORK_BASELINE_LOCK.json,EVIDENCE,MD-REBASELINE-20260820-001,NO,CURRENT_RECORD,CURRENT_ISSUED_RECORD,YES,NO,,Current successor baseline bound to MD-STRATEGY-FREEZE-20260823-001.
development/implementation/CI-MD-B09-A002-001_CANONICAL_RAW_IMPORT_REVALIDATION.md,IMPLEMENTATION_GUIDANCE,MD-REBASELINE-20260820-001,NO,CURRENT_RECORD,CURRENT_IMPLEMENTATION_RECORD,NO,NO,,Current A002 Change Impact Declaration issued before material executable remediation.
development/implementation/tests/MarketDataCanonicalRawImportTraceabilitySpec.php,IMPLEMENTATION_TEST,MD-REBASELINE-20260820-001,NO,DEVELOPMENT,CURRENT_PROCESS_SUPPORT,NO,NO,,MD-B09-A002 traceability denominator/ownership specification for the 139 mandatory predicates.
development/implementation/tests/MarketDataCanonicalRawImportTraceabilityGate.php,IMPLEMENTATION_TEST,MD-REBASELINE-20260820-001,NO,DEVELOPMENT,CURRENT_PROCESS_SUPPORT,NO,NO,,MD-B09-A002 executable traceability/applicability count gate.
development/implementation/tests/MarketDataCanonicalRawImportProofSpec.php,IMPLEMENTATION_TEST,MD-REBASELINE-20260820-001,NO,DEVELOPMENT,CURRENT_PROCESS_SUPPORT,NO,NO,,MD-B09-A002 semantic proof-family specification for the canonical RAW import denominator.
development/implementation/tests/MarketDataCanonicalRawImportProofGate.php,IMPLEMENTATION_TEST,MD-REBASELINE-20260820-001,NO,DEVELOPMENT,CURRENT_PROCESS_SUPPORT,NO,NO,,MD-B09-A002 pre-binding readiness and post-evidence exact-binding proof gate.
development/implementation/tests/MarketDataCanonicalRawImportProofBinder.php,IMPLEMENTATION_TEST,MD-REBASELINE-20260820-001,NO,DEVELOPMENT,CURRENT_PROCESS_SUPPORT,NO,NO,,MD-B09-A002 atomic binder for exactly 139 current predicates after governed evidence admission.
development/implementation/tests/MarketDataCanonicalRawImportProofSelfTest.php,IMPLEMENTATION_TEST,MD-REBASELINE-20260820-001,NO,DEVELOPMENT,CURRENT_PROCESS_SUPPORT,NO,NO,,MD-B09-A002 mutation self-test proving proof gate fail-closed behavior.
development/implementation/tests/MarketDataB09ReasonCodeDeploymentProbe.php,IMPLEMENTATION_TEST,MD-REBASELINE-20260820-001,NO,DEVELOPMENT,CURRENT_PROCESS_SUPPORT,NO,NO,,MD-B09-A002 read-only deployed MariaDB proof for the authorised canonical reason dictionary row.
records/evidence/E-MD-B09-A002-001_CANONICAL_RAW_IMPORT_AND_CANDIDATE_PERSISTENCE.json,EVIDENCE,MD-REBASELINE-20260820-001,NO,CURRENT_RECORD,CURRENT_ISSUED_RECORD,YES,NO,,Current-epoch MD-B09-A002 runtime evidence; exact 139-predicate binding and closure controls follow.
records/evidence/SC-MD-B09-A002-001_STAGE_CLOSURE_MANIFEST.md,EVIDENCE,MD-REBASELINE-20260820-001,NO,CURRENT_RECORD,CURRENT_ISSUED_RECORD,YES,NO,,Current-epoch MD-B09 stage closure manifest under MD-B09-A002-BL001 and successor strategy freeze.
records/evidence/MD-B10-A001-BL001_WORK_BASELINE_LOCK.json,EVIDENCE,MD-REBASELINE-20260820-001,NO,CURRENT_RECORD,CURRENT_ISSUED_RECORD,YES,NO,,Current MD-B10-A001 immutable baseline issued after B10 normalization and before material B10 mutation.
development/implementation/CI-MD-B10-A001-001_IMMUTABLE_PUBLICATION_LIFECYCLE.md,IMPLEMENTATION_GUIDANCE,MD-REBASELINE-20260820-001,NO,CURRENT_RECORD,CURRENT_IMPLEMENTATION_RECORD,NO,NO,,Current MD-B10-A001 Change Impact Declaration completed through final R5 proof admission and terminal B10 closure.
development/implementation/tests/MarketDataPublicationLifecycleTraceabilitySpec.php,IMPLEMENTATION_TEST,MD-REBASELINE-20260820-001,NO,DEVELOPMENT,CURRENT_PROCESS_SUPPORT,NO,NO,,MD-B10 exact normalized traceability specification for the 1072 mandatory publication-lifecycle denominator.
development/implementation/tests/MarketDataPublicationLifecycleTraceabilityGate.php,IMPLEMENTATION_TEST,MD-REBASELINE-20260820-001,NO,DEVELOPMENT,CURRENT_PROCESS_SUPPORT,NO,NO,,MD-B10 stage-scoped traceability/applicability gate.
development/implementation/tests/MarketDataPublicationLifecycleProofSpec.php,IMPLEMENTATION_TEST,MD-REBASELINE-20260820-001,NO,DEVELOPMENT,CURRENT_PROCESS_SUPPORT,NO,NO,,MD-B10 1072-predicate proof-family specification with implementation and positive/fail-closed proof ownership.
development/implementation/tests/MarketDataPublicationLifecycleProofGate.php,IMPLEMENTATION_TEST,MD-REBASELINE-20260820-001,NO,DEVELOPMENT,CURRENT_PROCESS_SUPPORT,NO,NO,,MD-B10 pre-binding readiness and post-evidence exact-binding gate.
development/implementation/tests/MarketDataPublicationLifecycleProofBinder.php,IMPLEMENTATION_TEST,MD-REBASELINE-20260820-001,NO,DEVELOPMENT,CURRENT_PROCESS_SUPPORT,NO,NO,,MD-B10 atomic evidence binder and pre-runtime validate-only mode.
development/implementation/tests/MarketDataPublicationLifecycleProofSelfTest.php,IMPLEMENTATION_TEST,MD-REBASELINE-20260820-001,NO,DEVELOPMENT,CURRENT_PROCESS_SUPPORT,NO,NO,,MD-B10 proof-gate mutation self-test with real fail-closed gate validation.
development/implementation/tests/MarketDataB10DeployedSchemaProbe.php,IMPLEMENTATION_TEST,MD-REBASELINE-20260820-001,NO,DEVELOPMENT,CURRENT_PROCESS_SUPPORT,NO,NO,,MD-B10 local MariaDB deployed-schema and rollback-safe direct history-mutation probe.
development/implementation/tests/MarketDataB10MigrationStaticGate.php,IMPLEMENTATION_TEST,MD-REBASELINE-20260820-001,NO,DEVELOPMENT,CURRENT_PROCESS_SUPPORT,NO,NO,,MD-B10 non-local migration/operational-SQL/reconciliation-schema consistency gate.
records/evidence/E-MD-B10-A001-001_IMMUTABLE_PUBLICATION_LIFECYCLE_AND_PROJECTION_REPAIR.json,EVIDENCE,MD-REBASELINE-20260820-001,NO,CURRENT_RECORD,CURRENT_ISSUED_RECORD,YES,NO,,Current-epoch MD-B10-A001 runtime evidence; exact 1072/1072 atomic binding and terminal closure complete.
records/evidence/SC-MD-B10-A001-001_STAGE_CLOSURE_MANIFEST.md,EVIDENCE,MD-REBASELINE-20260820-001,NO,CURRENT_RECORD,CURRENT_ISSUED_RECORD,YES,NO,,Current-epoch MD-B10 stage closure manifest under MD-B10-A001-BL001 and current strategy freeze.
development/implementation/CI-MD-B11-A001-001_VERIFIED_CORPORATE_ACTION_LIFECYCLE.md,IMPLEMENTATION_GUIDANCE,MD-REBASELINE-20260820-001,NO,DEVELOPMENT,CURRENT_PROCESS_SUPPORT,NO,NO,,Current MD-B11-A001 Change Impact Declaration for verified corporate-action lifecycle and anomaly-only detector.
development/implementation/tests/MarketDataCorporateActionTraceabilitySpec.php,IMPLEMENTATION_TEST,MD-REBASELINE-20260820-001,NO,DEVELOPMENT,CURRENT_PROCESS_SUPPORT,NO,NO,,MD-B11 traceability denominator specification at 138 mandatory + 273 reference/context.
development/implementation/tests/MarketDataCorporateActionTraceabilityGate.php,IMPLEMENTATION_TEST,MD-REBASELINE-20260820-001,NO,DEVELOPMENT,CURRENT_PROCESS_SUPPORT,NO,NO,,MD-B11 pre-runtime/bound traceability gate.
development/implementation/tests/MarketDataCorporateActionProofSpec.php,IMPLEMENTATION_TEST,MD-REBASELINE-20260820-001,NO,DEVELOPMENT,CURRENT_PROCESS_SUPPORT,NO,NO,,MD-B11 138-predicate proof-family specification.
development/implementation/tests/MarketDataCorporateActionProofGate.php,IMPLEMENTATION_TEST,MD-REBASELINE-20260820-001,NO,DEVELOPMENT,CURRENT_PROCESS_SUPPORT,NO,NO,,MD-B11 proof readiness and exact binding gate.
development/implementation/tests/MarketDataCorporateActionProofBinder.php,IMPLEMENTATION_TEST,MD-REBASELINE-20260820-001,NO,DEVELOPMENT,CURRENT_PROCESS_SUPPORT,NO,NO,,MD-B11 atomic evidence binder and validate-only mode.
development/implementation/tests/MarketDataCorporateActionProofSelfTest.php,IMPLEMENTATION_TEST,MD-REBASELINE-20260820-001,NO,DEVELOPMENT,CURRENT_PROCESS_SUPPORT,NO,NO,,MD-B11 fail-closed proof mutation self-test.
development/implementation/tests/MarketDataB11MigrationStaticGate.php,IMPLEMENTATION_TEST,MD-REBASELINE-20260820-001,NO,DEVELOPMENT,CURRENT_PROCESS_SUPPORT,NO,NO,,MD-B11 migration/schema source consistency gate.
development/implementation/tests/MarketDataB11DeployedSchemaProbe.php,IMPLEMENTATION_TEST,MD-REBASELINE-20260820-001,NO,DEVELOPMENT,CURRENT_PROCESS_SUPPORT,NO,NO,,MD-B11 deployed MariaDB schema probe for candidate/review/reconciliation tables.
records/evidence/MD-B11-A001-BL001_WORK_BASELINE_LOCK.json,EVIDENCE,MD-REBASELINE-20260820-001,NO,CURRENT_RECORD,CURRENT_ISSUED_RECORD,YES,NO,,Immutable MD-B11-A001 pre-material baseline after exact stage-entry normalization.
records/evidence/E-MD-B11-A001-001_VERIFIED_CORPORATE_ACTION_LIFECYCLE_AND_EXTERNAL_RECONCILIATION.json,EVIDENCE,MD-REBASELINE-20260820-001,NO,CURRENT_RECORD,CURRENT_ISSUED_RECORD,YES,NO,,Current-epoch MD-B11-A001 runtime evidence; exact 138/138 atomic binding and terminal closure complete.
records/evidence/SC-MD-B11-A001-001_STAGE_CLOSURE_MANIFEST.md,EVIDENCE,MD-REBASELINE-20260820-001,NO,CURRENT_RECORD,CURRENT_ISSUED_RECORD,YES,NO,,Current-epoch MD-B11 stage closure manifest under MD-B11-A001-BL001 and current strategy freeze.
records/evidence/MD-B12-A001-BL001_WORK_BASELINE_LOCK.json,EVIDENCE,MD-REBASELINE-20260820-001,NO,CURRENT_RECORD,CURRENT_ISSUED_RECORD,YES,NO,,Immutable MD-B12-A001 pre-material baseline after exact stage-entry normalization.
development/implementation/CI-MD-B12-A001-001_COHERENT_ANALYTICAL_PRICE_PRODUCTS.md,IMPLEMENTATION_GUIDANCE,MD-REBASELINE-20260820-001,NO,DEVELOPMENT,CURRENT_PROCESS_SUPPORT,NO,NO,,Current MD-B12-A001 Change Impact Declaration for coherent analytical price products.
development/implementation/tests/MarketDataAnalyticalPriceProductTraceabilitySpec.php,IMPLEMENTATION_TEST,MD-REBASELINE-20260820-001,NO,DEVELOPMENT,CURRENT_PROCESS_SUPPORT,NO,NO,,MD-B12 traceability denominator specification at 45 mandatory + 78 reference/context.
development/implementation/tests/MarketDataAnalyticalPriceProductTraceabilityGate.php,IMPLEMENTATION_TEST,MD-REBASELINE-20260820-001,NO,DEVELOPMENT,CURRENT_PROCESS_SUPPORT,NO,NO,,MD-B12 pre-runtime traceability and no-premature-binding gate.
development/implementation/tests/MarketDataAnalyticalPriceProductProofSpec.php,IMPLEMENTATION_TEST,MD-REBASELINE-20260820-001,NO,DEVELOPMENT,CURRENT_PROCESS_SUPPORT,NO,NO,,MD-B12 45-predicate / 8-family proof specification.
development/implementation/tests/MarketDataAnalyticalPriceProductProofGate.php,IMPLEMENTATION_TEST,MD-REBASELINE-20260820-001,NO,DEVELOPMENT,CURRENT_PROCESS_SUPPORT,NO,NO,,MD-B12 proof readiness and exact binding gate.
development/implementation/tests/MarketDataAnalyticalPriceProductProofBinder.php,IMPLEMENTATION_TEST,MD-REBASELINE-20260820-001,NO,DEVELOPMENT,CURRENT_PROCESS_SUPPORT,NO,NO,,MD-B12 atomic evidence binder with validate-only mode.
development/implementation/tests/MarketDataAnalyticalPriceProductProofSelfTest.php,IMPLEMENTATION_TEST,MD-REBASELINE-20260820-001,NO,DEVELOPMENT,CURRENT_PROCESS_SUPPORT,NO,NO,,MD-B12 fail-closed proof mutation self-test.
development/implementation/tests/MarketDataAnalyticalPriceProductStaticGate.php,IMPLEMENTATION_TEST,MD-REBASELINE-20260820-001,NO,DEVELOPMENT,CURRENT_PROCESS_SUPPORT,NO,NO,,MD-B12 analytical price-product source invariant static gate.
records/evidence/E-MD-B12-A001-001_COHERENT_ANALYTICAL_PRICE_PRODUCTS.json,EVIDENCE,MD-REBASELINE-20260820-001,NO,CURRENT_RECORD,CURRENT_ISSUED_RECORD,YES,NO,,Current-epoch MD-B12-A001 runtime evidence; cumulative pipeline + corrected R3 targeted/full-suite proof and exact 45/45 atomic binding complete.
records/evidence/SC-MD-B12-A001-001_STAGE_CLOSURE_MANIFEST.md,EVIDENCE,MD-REBASELINE-20260820-001,NO,CURRENT_RECORD,CURRENT_ISSUED_RECORD,YES,NO,,Current-epoch MD-B12 stage closure manifest under MD-B12-A001-BL001 and current strategy freeze.
records/evidence/MD-B13-A001-BL001_WORK_BASELINE_LOCK.json,EVIDENCE,MD-REBASELINE-20260820-001,NO,CURRENT_RECORD,CURRENT_ISSUED_RECORD,YES,NO,,Immutable MD-B13-A001 pre-material baseline after exact stage-entry normalization.
development/implementation/CI-MD-B13-A001-001_ACTUAL_AND_PROXY_DAILY_MARKET_METRICS.md,IMPLEMENTATION_GUIDANCE,MD-REBASELINE-20260820-001,NO,DEVELOPMENT,CURRENT_PROCESS_SUPPORT,NO,NO,,Current MD-B13-A001 Change Impact Declaration for actual and proxy daily market metrics.
development/implementation/tests/MarketDataLiquidityMetricStaticGate.php,IMPLEMENTATION_TEST,MD-REBASELINE-20260820-001,NO,DEVELOPMENT,CURRENT_PROCESS_SUPPORT,NO,NO,,"MD-B13 liquidity metric labelling, unit identity and prohibition static gate."
development/implementation/tests/MarketDataLiquidityMetricTraceabilitySpec.php,IMPLEMENTATION_TEST,MD-REBASELINE-20260820-001,NO,DEVELOPMENT,CURRENT_PROCESS_SUPPORT,NO,NO,,MD-B13 liquidity metric traceability partition specification.
development/implementation/tests/MarketDataLiquidityMetricTraceabilityGate.php,IMPLEMENTATION_TEST,MD-REBASELINE-20260820-001,NO,DEVELOPMENT,CURRENT_PROCESS_SUPPORT,NO,NO,,MD-B13 liquidity metric traceability/applicability gate.
development/implementation/tests/MarketDataLiquidityMetricProofSpec.php,IMPLEMENTATION_TEST,MD-REBASELINE-20260820-001,NO,DEVELOPMENT,CURRENT_PROCESS_SUPPORT,NO,NO,,MD-B13 liquidity metric proof plan: predicate-to-family mapping and proof references.
development/implementation/tests/MarketDataLiquidityMetricProofGate.php,IMPLEMENTATION_TEST,MD-REBASELINE-20260820-001,NO,DEVELOPMENT,CURRENT_PROCESS_SUPPORT,NO,NO,,MD-B13 liquidity metric proof readiness and binding gate.
development/implementation/tests/MarketDataLiquidityMetricProofBinder.php,IMPLEMENTATION_TEST,MD-REBASELINE-20260820-001,NO,DEVELOPMENT,CURRENT_PROCESS_SUPPORT,NO,NO,,MD-B13 liquidity metric atomic evidence binder.
development/implementation/tests/MarketDataLiquidityMetricProofSelfTest.php,IMPLEMENTATION_TEST,MD-REBASELINE-20260820-001,NO,DEVELOPMENT,CURRENT_PROCESS_SUPPORT,NO,NO,,MD-B13 liquidity metric proof/traceability gate mutation self-test.
records/evidence/E-MD-B13-A001-001_ACTUAL_AND_PROXY_DAILY_MARKET_METRICS.json,EVIDENCE,MD-REBASELINE-20260820-001,NO,CURRENT_RECORD,CURRENT_ISSUED_RECORD,YES,NO,,"Current MD-B13-A001 governed evidence admitting the executed liquidity labelling, volume-unit identity and aggregate-applicability proof."
records/evidence/SC-MD-B13-A001-001_STAGE_CLOSURE_MANIFEST.md,EVIDENCE,MD-REBASELINE-20260820-001,NO,CURRENT_RECORD,CURRENT_ISSUED_RECORD,YES,NO,,MD-B13 terminal stage closure manifest at 33/33 with 14 evidenced conditional-not-applicable rows.
records/evidence/MD-B07-A002-BL001_WORK_BASELINE_LOCK.json,EVIDENCE,MD-REBASELINE-20260820-001,NO,CURRENT_RECORD,CURRENT_ISSUED_RECORD,YES,NO,,Immutable MD-B07-A002 baseline for the credential-masking traceability correction.
development/implementation/CI-MD-B07-A002-001_CREDENTIAL_MASKING_TRACEABILITY_CORRECTION.md,IMPLEMENTATION_GUIDANCE,MD-REBASELINE-20260820-001,NO,DEVELOPMENT,CURRENT_PROCESS_SUPPORT,NO,NO,,Current MD-B07-A002 Change Impact Declaration correcting the MD-S066-R0002 classification defect.
records/evidence/E-MD-B07-A002-001_CREDENTIAL_MASKING_ACROSS_ACQUISITION_SURFACES.json,EVIDENCE,MD-REBASELINE-20260820-001,NO,CURRENT_RECORD,CURRENT_ISSUED_RECORD,YES,NO,,Current MD-B07-A002 governed evidence binding credential masking as an executable predicate at 116/116.
records/evidence/SC-MD-B07-A002-001_STAGE_CLOSURE_MANIFEST.md,EVIDENCE,MD-REBASELINE-20260820-001,NO,CURRENT_RECORD,CURRENT_ISSUED_RECORD,YES,NO,,MD-B07 corrected stage closure manifest at 116/116 after binding the credential-masking predicate the A001 review never examined.
records/evidence/MD-B08-A002-BL001_WORK_BASELINE_LOCK.json,EVIDENCE,MD-REBASELINE-20260820-001,NO,CURRENT_RECORD,CURRENT_ISSUED_RECORD,YES,NO,,Immutable MD-B08-A002 baseline for the reason-code retention traceability correction.
development/implementation/CI-MD-B08-A002-001_REASON_CODE_RETENTION_TRACEABILITY_CORRECTION.md,IMPLEMENTATION_GUIDANCE,MD-REBASELINE-20260820-001,NO,DEVELOPMENT,CURRENT_PROCESS_SUPPORT,NO,NO,,Current MD-B08-A002 Change Impact Declaration correcting the MD-S067-R0010 classification defect.
records/evidence/E-MD-B08-A002-001_REASON_CODE_RETENTION_AND_ROUTING_PRIMARY.json,EVIDENCE,MD-REBASELINE-20260820-001,NO,CURRENT_RECORD,CURRENT_ISSUED_RECORD,YES,NO,,Current MD-B08-A002 governed evidence binding reason-code retention at 139/139 with its first behavioural guard.
records/evidence/SC-MD-B08-A002-001_STAGE_CLOSURE_MANIFEST.md,EVIDENCE,MD-REBASELINE-20260820-001,NO,CURRENT_RECORD,CURRENT_ISSUED_RECORD,YES,NO,,MD-B08 corrected stage closure manifest at 139/139.
records/evidence/MD-B00-A004-BL001_WORK_BASELINE_LOCK.json,EVIDENCE,MD-REBASELINE-20260820-001,NO,CURRENT_RECORD,CURRENT_ISSUED_RECORD,YES,NO,,Immutable MD-B00-A004 baseline for the classification gate blind-spot hardening.
development/implementation/CI-MD-B00-A004-001_CLASSIFICATION_GATE_BLIND_SPOT_HARDENING.md,IMPLEMENTATION_GUIDANCE,MD-REBASELINE-20260820-001,NO,DEVELOPMENT,CURRENT_PROCESS_SUPPORT,NO,NO,,Current MD-B00-A004 Change Impact Declaration for the classification gate hardening.
records/evidence/E-MD-B00-A004-001_CLASSIFICATION_GATE_BLIND_SPOT_HARDENING.json,EVIDENCE,MD-REBASELINE-20260820-001,NO,CURRENT_RECORD,CURRENT_ISSUED_RECORD,YES,NO,,Current MD-B00-A004 governed evidence for UNEXPLAINED_REFERENCE and BINDING_COHERENCE.
records/evidence/SC-MD-B00-A004-001_STAGE_CLOSURE_MANIFEST.md,EVIDENCE,MD-REBASELINE-20260820-001,NO,CURRENT_RECORD,CURRENT_ISSUED_RECORD,YES,NO,,MD-B00-A004 closure; 1644 previously invisible reference rows are now counted per stage.
records/evidence/MD-B09-A003-BL001_WORK_BASELINE_LOCK.json,EVIDENCE,MD-REBASELINE-20260820-001,NO,CURRENT_RECORD,CURRENT_ISSUED_RECORD,YES,NO,,Immutable MD-B09-A003 baseline for the reference-population re-check.
development/implementation/CI-MD-B09-A003-001_PROVIDER_VOCABULARY_LEAK_TRACEABILITY_CORRECTION.md,IMPLEMENTATION_GUIDANCE,MD-REBASELINE-20260820-001,NO,DEVELOPMENT,CURRENT_PROCESS_SUPPORT,NO,NO,,Current MD-B09-A003 Change Impact Declaration promoting MD-S008-R0018.
records/evidence/E-MD-B09-A003-001_PROVIDER_VOCABULARY_LEAK_PROHIBITION.json,EVIDENCE,MD-REBASELINE-20260820-001,NO,CURRENT_RECORD,CURRENT_ISSUED_RECORD,YES,NO,,Current MD-B09-A003 governed evidence binding the provider-vocabulary leak prohibition at 140/140.
records/evidence/SC-MD-B09-A003-001_STAGE_CLOSURE_MANIFEST.md,EVIDENCE,MD-REBASELINE-20260820-001,NO,CURRENT_RECORD,CURRENT_ISSUED_RECORD,YES,NO,,MD-B09 closure at 140/140 with zero unexplained reference rows.
development/implementation/tests/MarketDataCanonicalRawImportReferenceReview.php,IMPLEMENTATION_TEST,MD-REBASELINE-20260820-001,NO,DEVELOPMENT,CURRENT_PROCESS_SUPPORT,NO,NO,,MD-B09 reference-population re-check pass with completeness and foreign-row guards.
records/evidence/MD-B12-A002-BL001_WORK_BASELINE_LOCK.json,EVIDENCE,MD-REBASELINE-20260820-001,NO,CURRENT_RECORD,CURRENT_ISSUED_RECORD,YES,NO,,Immutable MD-B12-A002 baseline for the scoped reference-population re-check.
development/implementation/CI-MD-B12-A002-001_FORBIDDEN_BEHAVIOUR_AND_ELIGIBILITY_PROMOTION.md,IMPLEMENTATION_GUIDANCE,MD-REBASELINE-20260820-001,NO,DEVELOPMENT,CURRENT_PROCESS_SUPPORT,NO,NO,,Current MD-B12-A002 Change Impact Declaration promoting the Forbidden behavior and Eligibility blocks.
records/evidence/E-MD-B12-A002-001_FORBIDDEN_BEHAVIOUR_AND_ADJUSTMENT_ELIGIBILITY.json,EVIDENCE,MD-REBASELINE-20260820-001,NO,CURRENT_RECORD,CURRENT_ISSUED_RECORD,YES,NO,,Current MD-B12-A002 governed evidence binding 15 predicates at 60/60.
records/evidence/SC-MD-B12-A002-001_STAGE_CLOSURE_MANIFEST.md,EVIDENCE,MD-REBASELINE-20260820-001,NO,CURRENT_RECORD,CURRENT_ISSUED_RECORD,YES,NO,,MD-B12 scoped closure at 60/60; 39 reference rows remain for A003.
development/implementation/tests/MarketDataAnalyticalPriceProductReferenceReview.php,IMPLEMENTATION_TEST,MD-REBASELINE-20260820-001,NO,DEVELOPMENT,CURRENT_PROCESS_SUPPORT,NO,NO,,"MD-B12 scoped promotion pass with named-rule, start-state and foreign-row guards."
records/evidence/MD-B11-A002-BL001_WORK_BASELINE_LOCK.json,EVIDENCE,MD-REBASELINE-20260820-001,NO,CURRENT_RECORD,CURRENT_ISSUED_RECORD,YES,NO,,Immutable MD-B11-A002 baseline for the high-severity reference-population re-check.
development/implementation/CI-MD-B11-A002-001_PROHIBITION_SECTIONS_AND_DATE_HIERARCHIES.md,IMPLEMENTATION_GUIDANCE,MD-REBASELINE-20260820-001,NO,DEVELOPMENT,CURRENT_PROCESS_SUPPORT,NO,NO,,Current MD-B11-A002 Change Impact Declaration promoting four prohibition sections and two date hierarchies.
records/evidence/E-MD-B11-A002-001_PROHIBITION_SECTIONS_AND_DATE_HIERARCHIES.json,EVIDENCE,MD-REBASELINE-20260820-001,NO,CURRENT_RECORD,CURRENT_ISSUED_RECORD,YES,NO,,Current MD-B11-A002 governed evidence binding 34 predicates at 172/172.
records/evidence/SC-MD-B11-A002-001_STAGE_CLOSURE_MANIFEST.md,EVIDENCE,MD-REBASELINE-20260820-001,NO,CURRENT_RECORD,CURRENT_ISSUED_RECORD,YES,NO,,MD-B11 closure at 172/172; full-suite control recorded ENVIRONMENT_UNAVAILABLE.
development/implementation/tests/MarketDataCorporateActionReferenceReview.php,IMPLEMENTATION_TEST,MD-REBASELINE-20260820-001,NO,DEVELOPMENT,CURRENT_PROCESS_SUPPORT,NO,NO,,"MD-B11 scoped promotion pass with named-rule, start-state and foreign-row guards."
records/evidence/E-MD-B11-A002-002_DATABASE_RESTORED_FULL_SUITE_DISCHARGE.json,EVIDENCE,MD-REBASELINE-20260820-001,NO,CURRENT_RECORD,CURRENT_ISSUED_RECORD,YES,NO,,Additive MD-B11-A002 evidence discharging the ENVIRONMENT_UNAVAILABLE full-suite control after MariaDB was restored.
records/evidence/MD-B12-A003-BL001_WORK_BASELINE_LOCK.json,EVIDENCE,MD-REBASELINE-20260820-001,NO,CURRENT_RECORD,CURRENT_ISSUED_RECORD,YES,NO,,Immutable MD-B12-A003 baseline for the reference-population completion.
development/implementation/CI-MD-B12-A003-001_REFERENCE_POPULATION_COMPLETION.md,IMPLEMENTATION_GUIDANCE,MD-REBASELINE-20260820-001,NO,DEVELOPMENT,CURRENT_PROCESS_SUPPORT,NO,NO,,Current MD-B12-A003 Change Impact Declaration completing the reference population.
records/evidence/E-MD-B12-A003-001_REFERENCE_POPULATION_COMPLETION.json,EVIDENCE,MD-REBASELINE-20260820-001,NO,CURRENT_RECORD,CURRENT_ISSUED_RECORD,YES,NO,,Current MD-B12-A003 governed evidence binding the final 15 predicates at 75/75.
records/evidence/SC-MD-B12-A003-001_STAGE_CLOSURE_MANIFEST.md,EVIDENCE,MD-REBASELINE-20260820-001,NO,CURRENT_RECORD,CURRENT_ISSUED_RECORD,YES,NO,,MD-B12 closure at 75/75; stage admitted to DECISION_RECORDED_STAGES.
development/implementation/tests/MarketDataAnalyticalPriceProductA003ReferenceReview.php,IMPLEMENTATION_TEST,MD-REBASELINE-20260820-001,NO,DEVELOPMENT,CURRENT_PROCESS_SUPPORT,NO,NO,,MD-B12-A003 completion pass with an absolute completeness assertion and foreign-row guard.
records/evidence/MD-B11-A003-BL001_WORK_BASELINE_LOCK.json,EVIDENCE,MD-REBASELINE-20260820-001,NO,CURRENT_RECORD,CURRENT_ISSUED_RECORD,YES,NO,,Immutable MD-B11-A003 baseline for the reference-population completion.
development/implementation/CI-MD-B11-A003-001_REFERENCE_POPULATION_COMPLETION.md,IMPLEMENTATION_GUIDANCE,MD-REBASELINE-20260820-001,NO,DEVELOPMENT,CURRENT_PROCESS_SUPPORT,NO,NO,,Current MD-B11-A003 Change Impact Declaration completing the reference population.
records/evidence/E-MD-B11-A003-001_REFERENCE_POPULATION_COMPLETION.json,EVIDENCE,MD-REBASELINE-20260820-001,NO,CURRENT_RECORD,CURRENT_ISSUED_RECORD,YES,NO,,Current MD-B11-A003 governed evidence binding the final 30 predicates at 202/202.
records/evidence/SC-MD-B11-A003-001_STAGE_CLOSURE_MANIFEST.md,EVIDENCE,MD-REBASELINE-20260820-001,NO,CURRENT_RECORD,CURRENT_ISSUED_RECORD,YES,NO,,MD-B11 closure at 202/202; the closed-stage reference backlog across the package is now zero.
development/implementation/tests/MarketDataCorporateActionA003ReferenceReview.php,IMPLEMENTATION_TEST,MD-REBASELINE-20260820-001,NO,DEVELOPMENT,CURRENT_PROCESS_SUPPORT,NO,NO,,"MD-B11-A003 completion pass; completeness re-scanned after writing, with named-rule, start-state and foreign-row guards."
records/evidence/MD-B14-A001-BL001_WORK_BASELINE_LOCK.json,EVIDENCE,MD-REBASELINE-20260820-001,NO,CURRENT_RECORD,CURRENT_ISSUED_RECORD,YES,NO,,Immutable MD-B14-A001 pre-material baseline after exact stage-entry normalization at 147 mandatory.
development/implementation/CI-MD-B14-A001-001_DETERMINISTIC_INDICATOR_ENGINE.md,IMPLEMENTATION_GUIDANCE,MD-REBASELINE-20260820-001,NO,DEVELOPMENT,CURRENT_PROCESS_SUPPORT,NO,NO,,Current MD-B14-A001 Change Impact Declaration for the deterministic indicator engine and correction dependency graph.
development/implementation/tests/MarketDataIndicatorEngineTraceabilitySpec.php,IMPLEMENTATION_TEST,MD-REBASELINE-20260820-001,NO,DEVELOPMENT,CURRENT_PROCESS_SUPPORT,NO,NO,,MD-B14 stage-entry traceability specification: the resolution of all 73 transitional rows and 61 mixed-run siblings.
development/implementation/tests/MarketDataIndicatorEngineNormalization.php,IMPLEMENTATION_TEST,MD-REBASELINE-20260820-001,NO,DEVELOPMENT,CURRENT_PROCESS_SUPPORT,NO,NO,,"MD-B14 stage-entry normalization with full-scope coverage, foreign-row isolation and no-transitional-survivor guards."
development/implementation/tests/MarketDataIndicatorEngineProofSpec.php,IMPLEMENTATION_TEST,MD-REBASELINE-20260820-001,NO,DEVELOPMENT,CURRENT_PROCESS_SUPPORT,NO,NO,,"MD-B14 proof map: all 147 mandatory predicates bound to a proof family, an implementation surface, and a positive and fail-closed guard."
development/implementation/tests/MarketDataIndicatorEngineProofGate.php,IMPLEMENTATION_TEST,MD-REBASELINE-20260820-001,NO,DEVELOPMENT,CURRENT_PROCESS_SUPPORT,NO,NO,,MD-B14 proof gate: validates the whole proof map and verifies every named guard method exists before any binding.
development/implementation/tests/MarketDataIndicatorEngineProofSelfTest.php,IMPLEMENTATION_TEST,MD-REBASELINE-20260820-001,NO,DEVELOPMENT,CURRENT_PROCESS_SUPPORT,NO,NO,,Falsifiability control for the MD-B14 proof gate: a control entry plus ten mutations the gate must catch.
development/findings/F-MD-B14-A001-001_NO_REASON_CODE_FOR_ABSENT_OPTIONAL_SOURCE_FACT.md,FINDING,MD-REBASELINE-20260820-001,NO,CURRENT_RECORD,CURRENT_FINDING_LIFECYCLE,NO,NO,,Current-epoch open finding raised by attempt MD-B14-A001.
records/evidence/E-MD-B14-A001-001_DETERMINISTIC_INDICATOR_ENGINE.json,EVIDENCE,MD-REBASELINE-20260820-001,NO,CURRENT_RECORD,CURRENT_ISSUED_RECORD,YES,NO,,"MD-B14-A001 governed evidence: 147/147 mandatory predicates bound, six executions and ten fail-closed probes."
development/implementation/tests/MarketDataIndicatorEngineProofBinder.php,IMPLEMENTATION_TEST,MD-REBASELINE-20260820-001,NO,DEVELOPMENT,CURRENT_PROCESS_SUPPORT,NO,NO,,"MD-B14 atomic proof binder: binds all 147 predicates or none, and refuses to alter a row it does not own."
development/implementation/tests/MarketDataIndicatorEngineClosureGate.php,IMPLEMENTATION_TEST,MD-REBASELINE-20260820-001,NO,DEVELOPMENT,CURRENT_PROCESS_SUPPORT,NO,NO,,MD-B14 stage-closure condition gate: evaluates the six traceability conditions and the raw-artifact integrity requirements of STAGE_CLOSURE_MANIFEST_STANDARD.md against live state.
records/evidence/SC-MD-B14-A001-001_STAGE_CLOSURE_MANIFEST.md,EVIDENCE,MD-REBASELINE-20260820-001,NO,CURRENT_RECORD,CURRENT_ISSUED_RECORD,YES,NO,,"MD-B14 terminal stage closure: 147/147 mandatory bound, all eight closure conditions met and each independently falsifiable."
development/findings/F-MD-20260829-04_CLOSED_STAGE_PROOF_GATES_LOSE_THEIR_VERDICT.md,FINDING,MD-REBASELINE-20260820-001,NO,CURRENT_RECORD,CURRENT_FINDING_LIFECYCLE,NO,NO,,"Current-epoch package-level finding, resolved on issue."
records/evidence/MD-B15-A001-BL001_WORK_BASELINE_LOCK.json,EVIDENCE,MD-REBASELINE-20260820-001,NO,CURRENT_RECORD,CURRENT_ISSUED_RECORD,YES,NO,,Immutable MD-B15-A001 pre-material baseline after exact stage-entry normalization at 221 mandatory.
development/implementation/CI-MD-B15-A001-001_TEMPORAL_COVERAGE_EXPECTATION_AND_DELIVERY_GATE.md,IMPLEMENTATION_GUIDANCE,MD-REBASELINE-20260820-001,NO,DEVELOPMENT,CURRENT_PROCESS_SUPPORT,NO,NO,,Current MD-B15-A001 Change Impact Declaration for the temporal coverage expectation and delivery gate.
development/implementation/tests/MarketDataCoverageGateTraceabilitySpec.php,IMPLEMENTATION_TEST,MD-REBASELINE-20260820-001,NO,DEVELOPMENT,CURRENT_PROCESS_SUPPORT,NO,NO,,"MD-B15 stage-entry traceability specification: the resolution of 89 transitional rows, 37 mixed-run siblings and 94 undecided reference rows."
development/implementation/tests/MarketDataCoverageGateNormalization.php,IMPLEMENTATION_TEST,MD-REBASELINE-20260820-001,NO,DEVELOPMENT,CURRENT_PROCESS_SUPPORT,NO,NO,,"MD-B15 stage-entry normalization with full-scope coverage, foreign-row isolation, named-rule completeness and no-transitional-survivor guards."
development/implementation/tests/MarketDataCoverageGateProofSpec.php,IMPLEMENTATION_TEST,MD-REBASELINE-20260820-001,NO,DEVELOPMENT,CURRENT_PROCESS_SUPPORT,NO,NO,,"MD-B15 proof map: all 221 mandatory predicates bound to a proof family, an implementation surface, and a positive and fail-closed guard."
development/implementation/tests/MarketDataCoverageGateProofGate.php,IMPLEMENTATION_TEST,MD-REBASELINE-20260820-001,NO,DEVELOPMENT,CURRENT_PROCESS_SUPPORT,NO,NO,,MD-B15 proof gate: validates the whole proof map and verifies every named guard method exists before any binding.
development/implementation/tests/MarketDataCoverageGateProofSelfTest.php,IMPLEMENTATION_TEST,MD-REBASELINE-20260820-001,NO,DEVELOPMENT,CURRENT_PROCESS_SUPPORT,NO,NO,,Falsifiability control for the MD-B15 proof gate: a control entry plus ten mutations the gate must catch.
development/implementation/tests/MarketDataCoverageGateProofBinder.php,IMPLEMENTATION_TEST,MD-REBASELINE-20260820-001,NO,DEVELOPMENT,CURRENT_PROCESS_SUPPORT,NO,NO,,"MD-B15 atomic proof binder: binds all 221 predicates or none, and refuses to alter a row it does not own."
records/evidence/E-MD-B15-A001-001_TEMPORAL_COVERAGE_EXPECTATION_AND_DELIVERY_GATE.json,EVIDENCE,MD-REBASELINE-20260820-001,NO,CURRENT_RECORD,CURRENT_ISSUED_RECORD,YES,NO,,"MD-B15-A001 governed evidence: 221/221 mandatory predicates bound across 29 proof families, six executions and six fail-closed probes."
development/implementation/tests/MarketDataCoverageGateClosureGate.php,IMPLEMENTATION_TEST,MD-REBASELINE-20260820-001,NO,DEVELOPMENT,CURRENT_PROCESS_SUPPORT,NO,NO,,MD-B15 stage-closure condition gate: evaluates the six traceability conditions and the raw-artifact integrity requirements of STAGE_CLOSURE_MANIFEST_STANDARD.md against live state.
records/evidence/SC-MD-B15-A001-001_STAGE_CLOSURE_MANIFEST.md,EVIDENCE,MD-REBASELINE-20260820-001,NO,CURRENT_RECORD,CURRENT_ISSUED_RECORD,YES,NO,,"MD-B15 terminal stage closure: 221/221 mandatory bound, all eight closure conditions met and each independently falsifiable."
records/evidence/MD-B16-A001-BL001_WORK_BASELINE_LOCK.json,EVIDENCE,MD-REBASELINE-20260820-001,NO,CURRENT_RECORD,CURRENT_ISSUED_RECORD,YES,NO,,Immutable MD-B16-A001 pre-material baseline after exact stage-entry normalization at 75 mandatory.
development/implementation/CI-MD-B16-A001-001_EXPLAINABLE_ROW_LEVEL_DATA_USABILITY.md,IMPLEMENTATION_GUIDANCE,MD-REBASELINE-20260820-001,NO,DEVELOPMENT,CURRENT_PROCESS_SUPPORT,NO,NO,,Current MD-B16-A001 Change Impact Declaration for explainable row-level data usability.
development/implementation/tests/MarketDataEligibilitySnapshotTraceabilitySpec.php,IMPLEMENTATION_TEST,MD-REBASELINE-20260820-001,NO,DEVELOPMENT,CURRENT_PROCESS_SUPPORT,NO,NO,,"MD-B16 stage-entry traceability specification: resolution of 28 transitional rows, 17 mixed-run siblings and 36 undecided reference rows."
development/implementation/tests/MarketDataEligibilitySnapshotNormalization.php,IMPLEMENTATION_TEST,MD-REBASELINE-20260820-001,NO,DEVELOPMENT,CURRENT_PROCESS_SUPPORT,NO,NO,,"MD-B16 stage-entry normalization with full-scope coverage, foreign-row isolation and no-transitional-survivor guards."
development/implementation/tests/MarketDataEligibilitySnapshotProofSpec.php,IMPLEMENTATION_TEST,MD-REBASELINE-20260820-001,NO,DEVELOPMENT,CURRENT_PROCESS_SUPPORT,NO,NO,,"MD-B16 proof map: 75 mandatory predicates across 24 families, each with a positive and a fail-closed guard."
development/implementation/tests/MarketDataEligibilitySnapshotProofGate.php,IMPLEMENTATION_TEST,MD-REBASELINE-20260820-001,NO,DEVELOPMENT,CURRENT_PROCESS_SUPPORT,NO,NO,,MD-B16 proof gate: validates the whole proof map and verifies every named guard method exists before any binding.
development/implementation/tests/MarketDataEligibilitySnapshotProofBinder.php,IMPLEMENTATION_TEST,MD-REBASELINE-20260820-001,NO,DEVELOPMENT,CURRENT_PROCESS_SUPPORT,NO,NO,,"MD-B16 atomic proof binder: binds all 75 predicates or none, and refuses to alter a row it does not own."
development/implementation/tests/MarketDataEligibilitySnapshotProofSelfTest.php,IMPLEMENTATION_TEST,MD-REBASELINE-20260820-001,NO,DEVELOPMENT,CURRENT_PROCESS_SUPPORT,NO,NO,,Falsifiability control for the MD-B16 proof gate: a control entry plus the mutations the gate must catch.
development/implementation/tests/MarketDataEligibilitySnapshotClosureGate.php,IMPLEMENTATION_TEST,MD-REBASELINE-20260820-001,NO,DEVELOPMENT,CURRENT_PROCESS_SUPPORT,NO,NO,,MD-B16 stage-closure condition gate: evaluates the traceability and raw-artifact conditions of STAGE_CLOSURE_MANIFEST_STANDARD.md.
records/evidence/E-MD-B16-A001-001_EXPLAINABLE_ROW_LEVEL_DATA_USABILITY.json,EVIDENCE,MD-REBASELINE-20260820-001,NO,CURRENT_RECORD,CURRENT_ISSUED_RECORD,YES,NO,,"MD-B16-A001 governed evidence: 75/75 mandatory predicates bound across 24 proof families, six executions and eight fail-closed probes."
records/evidence/SC-MD-B16-A001-001_STAGE_CLOSURE_MANIFEST.md,EVIDENCE,MD-REBASELINE-20260820-001,NO,CURRENT_RECORD,CURRENT_ISSUED_RECORD,YES,NO,,"MD-B16 terminal stage closure: 75/75 mandatory bound, all eight closure conditions met and each independently falsifiable."
records/evidence/MD-B17-A001-BL001_WORK_BASELINE_LOCK.json,EVIDENCE,MD-REBASELINE-20260820-001,NO,CURRENT_RECORD,CURRENT_ISSUED_RECORD,YES,NO,,Immutable MD-B17-A001 pre-material baseline after exact stage-entry normalization at 246 mandatory.
development/implementation/tests/MarketDataReadProductTraceabilitySpec.php,IMPLEMENTATION_TEST,MD-REBASELINE-20260820-001,NO,DEVELOPMENT,CURRENT_PROCESS_SUPPORT,NO,NO,,"Current A002 MD-B17 stage-entry traceability decomposition: 97 transitional, 116 promoted, 29 reference, 2 conditional-not-applicable."
development/implementation/tests/MarketDataReadProductNormalization.php,IMPLEMENTATION_TEST,MD-REBASELINE-20260820-001,NO,DEVELOPMENT,CURRENT_PROCESS_SUPPORT,NO,NO,,"MD-B17 stage-entry normalization with full-scope coverage, foreign-row isolation and conditional resolution."
development/findings/F-MD-B17-A001-001_ANOMALY_THRESHOLDS_CANNOT_BE_CONFIGURATION_BOUND.md,FINDING,MD-REBASELINE-20260820-001,NO,CURRENT_RECORD,CURRENT_FINDING_LIFECYCLE,NO,NO,,"P2 authority-completeness finding resolved by D-MD-B17-A001-001, explicit authorization, DOC-CHG-20260903-001, successor freeze, and E-MD-B17-A001-002; A002 owns runtime proof."
development/implementation/tests/MarketDataReadProductProofSpec.php,IMPLEMENTATION_TEST,MD-REBASELINE-20260820-001,NO,DEVELOPMENT,CURRENT_PROCESS_SUPPORT,NO,NO,,"A002 MD-B17 proof map: all 246 mandatory predicates across 28 families, including exact snapshot binding for MD-S051-R0070."
development/implementation/tests/MarketDataReadProductProofGate.php,IMPLEMENTATION_TEST,MD-REBASELINE-20260820-001,NO,DEVELOPMENT,CURRENT_PROCESS_SUPPORT,NO,NO,,A002 MD-B17 proof gate for the complete 246-entry map and current A002 evidence identity.
development/implementation/tests/MarketDataReadProductProofBinder.php,IMPLEMENTATION_TEST,MD-REBASELINE-20260820-001,NO,DEVELOPMENT,CURRENT_PROCESS_SUPPORT,NO,NO,,MD-B17 atomic proof binder.
development/implementation/tests/MarketDataReadProductProofSelfTest.php,IMPLEMENTATION_TEST,MD-REBASELINE-20260820-001,NO,DEVELOPMENT,CURRENT_PROCESS_SUPPORT,NO,NO,,Falsifiability control for the MD-B17 proof gate.
development/implementation/tests/MarketDataReadProductClosureGate.php,IMPLEMENTATION_TEST,MD-REBASELINE-20260820-001,NO,DEVELOPMENT,CURRENT_PROCESS_SUPPORT,NO,NO,,MD-B17 stage-closure condition gate.
development/implementation/CI-MD-B17-A001-001_ATOMIC_READ_PRODUCT_AND_READINESS_GATEWAY.md,IMPLEMENTATION_GUIDANCE,MD-REBASELINE-20260820-001,NO,DEVELOPMENT,CURRENT_PROCESS_SUPPORT,NO,NO,,Current MD-B17-A001 Change Impact Declaration for the atomic read product and readiness gateway; declares the date-level anomaly gap and the threshold clause blocked by F-MD-B17-A001-001.
records/evidence/E-MD-B17-A001-001_ATOMIC_READ_PRODUCT_AND_READINESS_GATEWAY.json,EVIDENCE,MD-REBASELINE-20260820-001,NO,CURRENT_RECORD,CURRENT_ISSUED_RECORD,YES,NO,,"MD-B17-A001 governed evidence: 245 of 246 mandatory predicates bound across 28 proof families, nine executions and thirteen fail-closed probes. MD-S051-R0070 stays NOT_ASSESSED behind F-MD-B17-A001-001, so the stage does not close."
records/decisions/D-MD-B17-A001-001_DATE_LEVEL_ANOMALY_CONFIG_REGISTRATION.md,DECISION,MD-REBASELINE-20260820-001,NO,CURRENT_RECORD,CURRENT_ISSUED_RECORD,YES,NO,,Reviewed decision preserving MD-S051 and bounding exactly six additive MD-S082 resolved-key rows; pending explicit user authorization before any strategy or executable mutation.
records/evidence/E-MD-B17-A001-002_AUTHORIZED_STRATEGY_CORRECTION_AND_REENTRY.json,EVIDENCE,MD-REBASELINE-20260820-001,NO,CURRENT_RECORD,CURRENT_ISSUED_RECORD,YES,NO,,Current A001 strategy-change evidence; runtime proof not claimed; successor rebaseline required.
records/evidence/MD-B17-A002-BL001_WORK_BASELINE_LOCK.json,EVIDENCE,MD-REBASELINE-20260820-001,NO,CURRENT_RECORD,CURRENT_ISSUED_RECORD,YES,NO,,Immutable A002 successor pre-material baseline under the authorised MD-S082 successor freeze.
development/implementation/CI-MD-B17-A002-001_SNAPSHOT_BOUND_ANOMALY_THRESHOLDS.md,IMPLEMENTATION_GUIDANCE,MD-REBASELINE-20260820-001,NO,DEVELOPMENT,CURRENT_PROCESS_SUPPORT,NO,NO,,Current A002 change impact declaration for config/snapshot binding and fresh B17 closure proof.
development/implementation/tests/MarketDataReadProductSuccessorRebaseline.php,IMPLEMENTATION_TEST,MD-REBASELINE-20260820-001,NO,DEVELOPMENT,CURRENT_PROCESS_SUPPORT,NO,NO,,Atomic A002 invalidation guard for predecessor B17 proof state and additive MD-S082 reference rows.
records/evidence/E-MD-B17-A002-001_SNAPSHOT_BOUND_ANOMALY_RUNTIME_PROOF.json,EVIDENCE,MD-REBASELINE-20260820-001,NO,CURRENT_RECORD,CURRENT_ISSUED_RECORD,YES,NO,,Fresh A002 pre-binding runtime evidence for the complete 246-predicate map; actual binding and closure remain separately gated.
records/evidence/E-MD-B17-A002-002_POST_BINDING_AND_CLOSURE_PROOF.json,EVIDENCE,MD-REBASELINE-20260820-001,NO,CURRENT_RECORD,CURRENT_ISSUED_RECORD,YES,NO,,"Current A002 post-binding evidence: 246/246 exact binding, post-binding full suite and all closure conditions proven."
records/evidence/SC-MD-B17-A002-001_STAGE_CLOSURE_MANIFEST.md,EVIDENCE,MD-REBASELINE-20260820-001,NO,CURRENT_RECORD,CURRENT_ISSUED_RECORD,YES,NO,,Current MD-B17 terminal DONE/PASS closure under MD-B17-A002.
records/evidence/MD-B18-A001-BL001_WORK_BASELINE_LOCK.json,EVIDENCE,MD-REBASELINE-20260820-001,NO,CURRENT_RECORD,CURRENT_ISSUED_RECORD,YES,NO,,Immutable MD-B18-A001 pre-material baseline after exhaustive B18 stage-entry normalization; source archive identity preserved and no B17 predicate proof inherited.
development/implementation/CI-MD-B18-A001-001_EXACT_PUBLICATION_AND_AS_KNOWN_REPLAY.md,IMPLEMENTATION_GUIDANCE,MD-REBASELINE-20260820-001,NO,DEVELOPMENT,CURRENT_PROCESS_SUPPORT,NO,NO,,"Current MD-B18-A001 Change Impact Declaration for exact-publication/as-known replay implementation, replay-v2 persistence, independent-oracle admission, proof tooling and local proof handoff."
development/findings/F-MD-B18-A001-001_REPLAY_PROOF_SURFACE_NOT_ADMISSIBLE.md,FINDING,MD-REBASELINE-20260820-001,NO,CURRENT_RECORD,CURRENT_ISSUED_RECORD,YES,NO,,"P1 MD-B18-A001 finding: the 121-predicate proof map assigned families by substring matching with a catch-all, and 103 of 121 positive proofs were source-text greps. Blocks binding until remediated."
development/implementation/tests/MarketDataReplayVerificationClosureGate.php,IMPLEMENTATION_TEST,MD-REBASELINE-20260820-001,NO,CURRENT_RECORD,CURRENT_ISSUED_RECORD,YES,NO,,"MD-B18 stage-closure condition gate: eight conditions evaluated against the live matrix and artifact store, each proven independently falsifiable."
records/evidence/E-MD-B18-A001-001_EXACT_PUBLICATION_AND_AS_KNOWN_REPLAY_RUNTIME_PROOF.json,EVIDENCE,MD-REBASELINE-20260820-001,NO,CURRENT_RECORD,CURRENT_ISSUED_RECORD,YES,NO,,"MD-B18-A001 governed evidence: 121/121 required predicates bound across 11 proof families, six executions, and 16 fail-closed probes over the family guards and the binder."
records/evidence/SC-MD-B18-A001-001_STAGE_CLOSURE_MANIFEST.md,EVIDENCE,MD-REBASELINE-20260820-001,NO,CURRENT_RECORD,CURRENT_ISSUED_RECORD,YES,NO,,"MD-B18 terminal DONE/PASS: 121/121 required predicates satisfied, all eight closure conditions met and each independently mutation-proven, post-binding regression 2057/20596."
records/evidence/MD-B19-A001-BL001_WORK_BASELINE_LOCK.json,EVIDENCE,MD-REBASELINE-20260820-001,NO,CURRENT_RECORD,CURRENT_ISSUED_RECORD,YES,NO,,"MD-B19-A001 stage-entry baseline lock: 936 active rows, 290 required of which 222 transitional, 646 reference; denominator recorded as NOT_YET_KNOWABLE before normalization."
development/implementation/CI-MD-B19-A001-001_OPERATIONS_LOCKING_OBSERVABILITY_AND_RECOVERY.md,IMPLEMENTATION_GUIDANCE,MD-REBASELINE-20260820-001,NO,CURRENT_RECORD,CURRENT_ISSUED_RECORD,YES,NO,,"MD-B19-A001 change impact: declares the measured entry state, the normalization method, and that no denominator is quotable until normalization completes."
development/findings/F-MD-B19-A001-001_RUN_SUMMARY_MISSING_V2_SEMANTIC_BINDINGS.md,FINDING,MD-REBASELINE-20260820-001,NO,CURRENT_RECORD,CURRENT_ISSUED_RECORD,YES,NO,,"P2, RESOLVED. run_summary.json omitted 12 of the 40 minimum fields MD-S075 names; all 12 are now emitted. The claim that 7 remained unreachable was the first reading this finding corrects in-record."
development/implementation/tests/MarketDataOperationsTraceabilitySpec.php,IMPLEMENTATION_TEST,MD-REBASELINE-20260820-001,NO,CURRENT_RECORD,CURRENT_ISSUED_RECORD,YES,NO,,"MD-B19 traceability surface: reads the required population from the matrix and writes no denominator literal."
development/implementation/tests/MarketDataOperationsProofSpec.php,IMPLEMENTATION_TEST,MD-REBASELINE-20260820-001,NO,CURRENT_RECORD,CURRENT_ISSUED_RECORD,YES,NO,,"MD-B19 proof map: explicit reviewed 743-row rule-to-family table across 34 families with declared per-family counts."
development/implementation/tests/MarketDataOperationsProofGate.php,IMPLEMENTATION_TEST,MD-REBASELINE-20260820-001,NO,CURRENT_RECORD,CURRENT_ISSUED_RECORD,YES,NO,,"MD-B19 proof gate: validates the reviewed map against the matrix independently, enforces per-family counts, and reports every family with no assigned guard by name."
development/implementation/tests/MarketDataReplayVerificationTraceabilitySpec.php,IMPLEMENTATION_TEST,MD-REBASELINE-20260820-001,NO,DEVELOPMENT,CURRENT_PROCESS_SUPPORT,NO,NO,,Current B18 normalized required-row reader; exact 121-predicate denominator only.
development/implementation/tests/MarketDataReplayVerificationNormalization.php,IMPLEMENTATION_TEST,MD-REBASELINE-20260820-001,NO,DEVELOPMENT,CURRENT_PROCESS_SUPPORT,NO,NO,,B18 current complete-parent guard: 115 mandatory plus four E005-evidenced N/A siblings; exact population and current raw/source hashes. D001/D002 ownership/scope corrections; no satisfaction claim.
development/implementation/tests/MarketDataReplayVerificationProofSpec.php,IMPLEMENTATION_TEST,MD-REBASELINE-20260820-001,NO,DEVELOPMENT,CURRENT_PROCESS_SUPPORT,NO,NO,,B18 complete 121-entry semantic proof map across nine replay proof families.
development/implementation/tests/MarketDataReplayVerificationProofGate.php,IMPLEMENTATION_TEST,MD-REBASELINE-20260820-001,NO,DEVELOPMENT,CURRENT_PROCESS_SUPPORT,NO,NO,,B18 pre/post-binding proof gate; forbids premature satisfaction and requires exact current evidence identity after binding.
development/implementation/tests/MarketDataReplayVerificationProofReadinessGate.php,IMPLEMENTATION_TEST,MD-REBASELINE-20260820-001,NO,DEVELOPMENT,CURRENT_PROCESS_SUPPORT,NO,NO,,B18 pre-proof readiness gate; all required predicates mapped while remaining runtime-pending.
development/implementation/tests/MarketDataReplayVerificationProofBinder.php,IMPLEMENTATION_TEST,MD-REBASELINE-20260820-001,NO,DEVELOPMENT,CURRENT_PROCESS_SUPPORT,NO,NO,,B18 atomic proof binder; refuses binding without fresh admissible MD-B18-A001 governed runtime evidence.
development/implementation/tests/MarketDataReplayVerificationProofSelfTest.php,IMPLEMENTATION_TEST,MD-REBASELINE-20260820-001,NO,DEVELOPMENT,CURRENT_PROCESS_SUPPORT,NO,NO,,"B18 proof-gate falsifiability self-test for denominator, premature binding, family ownership and map completeness."
development/findings/F-MD-B19-A001-002_ONE_GUARD_PAIR_PROVES_A_WHOLE_FAMILY.md,FINDING,MD-REBASELINE-20260820-001,NO,CURRENT_RECORD,CURRENT_ISSUED_RECORD,YES,NO,,"P1, OPEN. MD-B18 closed with one guard pair per proof family; 58 of 85 re-checked predicates are not established by the guard bound to them. Owner stage MD-B18; needs MD-B18-A002."
records/evidence/MD-B18-A002-BL001_WORK_BASELINE_LOCK.json,EVIDENCE,MD-REBASELINE-20260820-001,NO,CURRENT_RECORD,CURRENT_ISSUED_RECORD,YES,NO,,"MD-B18-A002 re-entry baseline lock: 121 denominator rows, 36 with a normalized predicate, 11 distinct positive guards at 11.0 predicates per guard. Issued before any material MD-B18-A002 mutation, remediating F-MD-B19-A001-002."
development/implementation/CI-MD-B18-A002-001_REPLAY_PREDICATE_CONTEXT_AND_PROOF_SUFFICIENCY.md,IMPLEMENTATION_GUIDANCE,MD-REBASELINE-20260820-001,NO,CURRENT_RECORD,CURRENT_ISSUED_RECORD,YES,NO,,"MD-B18-A002 change impact: declares the withdrawn MD-B18-A001 closure, the measured entry state, the intended matrix and proof-surface mutation scope, and accepts that an honest re-close may land below 121/121."
development/implementation/tests/MarketDataReplayVerificationPredicateMap.php,IMPLEMENTATION_TOOLING,MD-REBASELINE-20260820-001,NO,CURRENT_RECORD,CURRENT_ISSUED_RECORD,YES,NO,,"MD-B18-A002 reviewed predicate map: context, normalized predicate, and the verdict on whether the MD-B18-A001 guard establishes it, for all 121 denominator rows."
development/implementation/tests/MarketDataReplayVerificationPredicateBinder.php,IMPLEMENTATION_TOOLING,MD-REBASELINE-20260820-001,NO,CURRENT_RECORD,CURRENT_ISSUED_RECORD,YES,NO,,"MD-B18-A002 phase 1 binder: writes predicate context and normalized predicate for all 121 rows and returns them to NOT_ASSESSED. Dry run by default, line preserving, foreign-row isolated."
development/implementation/tests/MarketDataReplayVerificationProofBasis.php,IMPLEMENTATION_TOOLING,MD-REBASELINE-20260820-001,NO,CURRENT_RECORD,CURRENT_ISSUED_RECORD,YES,NO,,A002 per-predicate candidate bases. R0056 explicitly INCOMPLETE under F008; live outstanding projection excludes approved nonowned/N/A rows. Presence alone does not establish current proof.
development/findings/F-MD-B18-A002-001_AS_KNOWN_SNAPSHOT_GUARD_ASSERTS_ITS_OWN_MOCKS.md,FINDING,MD-REBASELINE-20260820-001,NO,CURRENT_RECORD,CURRENT_ISSUED_RECORD,YES,NO,,"P1, RESOLVED. B18AsKnownSnapshotIsolationTest mocked the five persistence repositories it was proving, and the mocks branched on the knowledge cutoff themselves, so the guard asserted its own fixture rather than the isolation property. Rebuilt DB-backed against the real repositories and services."
development/findings/F-MD-B18-A002-002_TWO_ANTI_SURVIVORSHIP_FIXTURES_CANNOT_BE_AS_KNOWN.md,FINDING,MD-REBASELINE-20260820-001,NO,CURRENT_RECORD,CURRENT_ISSUED_RECORD,YES,NO,,"P2, RESOLVED. Two of the eight anti-survivorship fixtures MD-S050-R0040 classifies as as-known could not be: a delisting had no knowledge time of its own and no publication resolver took a cutoff. Both closed by implementation - md_listings.delisted_recorded_at, and EodEvidenceRepository::resolvePublicationAsKnownAt() resolving by the declared supersession chain rather than by recency. R0040 is bound."
development/findings/F-MD-B18-A002-003_THE_SQLITE_MIRROR_UNDER_ENFORCES_PRODUCTION_CONSTRAINTS.md,FINDING,MD-REBASELINE-20260820-001,NO,CURRENT_RECORD,CURRENT_ISSUED_RECORD,YES,NO,,"P2, OPEN. The SQLite mirror creates its schema with foreign_key_constraints disabled and mirrors nullability loosely, so referential integrity across the DB-backed market-data guards is enforced by production and by nothing in the mirror. Surfaced when MariaDB refused fixtures the mirror had accepted. D-MD-B18-A002-001: OPEN deferred to MD-B21 under MD-DEP-0010; SQLite is not constraint proof."
development/findings/F-MD-B18-A002-004_ARTIFACT_HASHES_DEPENDED_ON_THE_HOST_LOCALE.md,FINDING,MD-REBASELINE-20260820-001,NO,CURRENT_RECORD,CURRENT_ISSUED_RECORD,YES,NO,,"P1, PARTIALLY_RESOLVED. Locale-dependent float hashing was fixed and locale/order probes pass; MD-S002-R0004 remains unbound because the declared PHP support range spans 7.3 and 8.x while only PHP 7.4.33 is available on this host. D-MD-B18-A002-001: remaining release-validation owner MD-B22 under MD-DEP-0011; predicate stays mandatory and unassessed."
development/findings/F-MD-B18-A002-005_CLOSURE_GATE_ADMITS_WITHDRAWN_ATTEMPT_PROOF.md,FINDING,MD-REBASELINE-20260820-001,NO,CURRENT_RECORD,CURRENT_ISSUED_RECORD,YES,NO,,"P1, OPEN. The A002 closure gate admitted withdrawn A001 evidence and its six-artifact manifest as current proof. The gate now requires exact A002 Stage/Attempt/Baseline/Epoch/verdict and manifest identity; current A002 proof and a landed fail-closed probe remain required."
records/decisions/D-MD-B18-A002-001_APPROVED_OWNERSHIP_DEFERRAL_AND_APPLICABILITY_BOUNDARY.md,DECISION,MD-REBASELINE-20260820-001,NO,CURRENT_RECORD,CURRENT_ISSUED_RECORD,YES,NO,,User approved B22 runtime ownership and B21 mirror deferral plus downstream backtest reference; omitted parent siblings require a further decision. No strategy revision or closure authorized.
development/findings/F-MD-B18-A002-006_APPLICABILITY_RECOMMENDATION_OMITTED_TWO_PARENT_SIBLINGS.md,FINDING,MD-REBASELINE-20260820-001,NO,CURRENT_RECORD,CURRENT_ISSUED_RECORD,YES,NO,,RESOLVED. D002 approval plus E005 false-condition proof and E006 exact four-row normalization resolve MD-DEP-0012. New R0056 issue is separate F008.
records/evidence/E-MD-B18-A002-002_WHOLE_PARENT_SCOPE_AND_APPROVAL_AUDIT.json,EVIDENCE,MD-REBASELINE-20260820-001,NO,CURRENT_RECORD,CURRENT_ISSUED_RECORD,YES,NO,,BLOCKED document-only approval and whole-parent audit. Four siblings are pending; no runtime proof or terminal satisfaction is admitted.
development/findings/F-MD-B18-A002-007_MARIADB_UNAVAILABLE_WITH_INNODB_LOG_MISMATCH.md,FINDING,MD-REBASELINE-20260820-001,NO,CURRENT_RECORD,CURRENT_ISSUED_RECORD,YES,NO,,P1 OPEN environment blocker MD-DEP-0013. Current full suite cannot connect; MariaDB log reports LSN mismatch and plugin initialization abort. Database recovery needs user direction. E-MD-B18-A002-004 resolves runtime availability by both-database status and full-suite execution; original incident remains historical and no physical data-integrity repair is claimed.
records/evidence/E-MD-B18-A002-003_STOPPED_STATE_VALIDATION_AND_DATABASE_OUTAGE.json,EVIDENCE,MD-REBASELINE-20260820-001,NO,CURRENT_RECORD,CURRENT_ISSUED_RECORD,YES,NO,,BLOCKED diagnostic evidence with 13 hashed artifacts. Targeted and governance checks pass; B18 stage checks remain red; full suite has 6 connection errors 2 generated-navigation failures and 16 skips. No closure proof.
records/evidence/E-MD-B18-A002-004_RUNTIME_RESTORATION_AND_EXACT_LOG_CORRELATION.json,EVIDENCE,MD-REBASELINE-20260820-001,NO,CURRENT_RECORD,CURRENT_ISSUED_RECORD,YES,NO,,BLOCKED only by MD-DEP-0012. Runtime availability revalidated on both databases with 72 applied migrations each and full suite 2248/21399 zero errors failures skips; corrects exact log-event correlation without changing E003.
records/decisions/D-MD-B18-A002-002_APPROVED_COMPLETE_PARENT_APPLICABILITY_SCOPE.md,DECISION,MD-REBASELINE-20260820-001,NO,CURRENT_RECORD,CURRENT_ISSUED_RECORD,YES,NO,,User approves the omitted R0038/R0039 siblings. All four require fresh false-condition evidence before N/A; other D001 decisions preserved.
records/evidence/E-MD-B18-A002-005_COMPLETE_PARENT_FALSE_CONDITION_PROOF.json,EVIDENCE,MD-REBASELINE-20260820-001,NO,CURRENT_RECORD,CURRENT_ISSUED_RECORD,YES,NO,,Current false-parent-condition proof for all four R0038-R0041 under D002. NOT_APPLICABLE only; no denominator satisfaction or closure.
development/findings/F-MD-B18-A002-008_PRODUCTION_RELOCK_PREDICATE_HAS_ONLY_SUBSTRATE_PROOF.md,FINDING,MD-REBASELINE-20260820-001,NO,CURRENT_RECORD,CURRENT_ISSUED_RECORD,YES,NO,,RESOLVED. D-MD-B18-A002-003 decided MD-B18 primary / MD-B22 supporting; the executed-corpus aggregate replaces the substrate-only pair and turns red under the F-008 probe and five more (E-MD-B18-A002-009). R0056 stays NOT_ASSESSED until stage binding.
records/evidence/E-MD-B18-A002-006_PARENT_NORMALIZATION_AND_RELOCK_PROOF_GAP.json,EVIDENCE,MD-REBASELINE-20260820-001,NO,CURRENT_RECORD,CURRENT_ISSUED_RECORD,YES,NO,,BLOCKED by MD-DEP-0014. Four-row N/A normalization and caught single-row probe; R0056 partial proof counterexample retained. No closure claim.
development/findings/F-MD-B18-A002-009_CLASSIFICATION_GATE_REJECTS_EVIDENCED_NOT_APPLICABLE.md,FINDING,MD-REBASELINE-20260820-001,NO,CURRENT_RECORD,CURRENT_ISSUED_RECORD,YES,NO,,"RESOLVED. Evidenced-N/A repair re-probed on current gate bytes: reject probe 10 failures, overbroad probe 7 failures, controls 20/96 either side (E-MD-B18-A002-009)."
development/findings/F-MD-B18-A002-010_MARIADB_CRASHED_DURING_STOPPED_STATE_FULL_SUITE.md,FINDING,MD-REBASELINE-20260820-001,NO,CURRENT_RECORD,CURRENT_ISSUED_RECORD,YES,NO,,RESOLVED. The old-instance crash no longer blocks MariaDB-backed proof: owner-rebuilt instance verified and exercised (E-MD-B18-A002-010). Full-suite criterion carried by MD-DEP-0015 and F-MD-B18-A002-011; old data isolated under MD-DEP-0016.
records/evidence/E-MD-B18-A002-007_STOPPED_STATE_REVALIDATION_AND_DATABASE_CRASH.json,EVIDENCE,MD-REBASELINE-20260820-001,NO,CURRENT_RECORD,CURRENT_ISSUED_RECORD,YES,NO,,"BLOCKED by MD-DEP-0014 and MD-DEP-0015. Stopped-state revalidation: targeted 351/1522 zero skips; stage gates fail only on R0056 and absent A002 closure pack; F009 registration repaired so governance gates and relationship self-test pass; full suite 2256/21347 with 3 database-crash errors, 16 skips and 1 navigation failure. No closure claim."
records/decisions/D-MD-B18-A002-003_R0056_PROOF_OWNER_AND_CLEAN_RUNTIME_ENVIRONMENT.md,DECISION,MD-REBASELINE-20260820-001,NO,CURRENT_RECORD,CURRENT_ISSUED_RECORD,YES,NO,,"ISSUED user decision. MD-DEP-0014 decided: MD-B18 primary and MD-B22 supporting for MD-S050-R0056, predicate unchanged, production path = MariaDB engine + production repositories + migrated schema; reviewed aggregate-guard design and probes P1-P6. MD-DEP-0015 path: clean XAMPP-template instance only; data_260914 isolated recovery source."
records/evidence/E-MD-B18-A002-008_FALSE_CONDITION_REEXECUTION_AFTER_R0056_GUARD.json,EVIDENCE,MD-REBASELINE-20260820-001,NO,CURRENT_RECORD,CURRENT_ISSUED_RECORD,YES,NO,,"NOT_APPLICABLE false-condition re-execution on the clean instance: control 22/157 before and after, AS_KNOWN capability probe caught (6 tests, 5 errors, 1 failure), byte restore hash-equal. Supersedes E-MD-B18-A002-005 for execution identity only; D-MD-B18-A002-002 authority unchanged."
development/findings/F-MD-B18-A002-011_CLEAN_INSTALL_FULL_SUITE_DEPENDS_ON_THE_OLD_DEPLOYED_DATABASE.md,FINDING,MD-REBASELINE-20260820-001,NO,CURRENT_RECORD,CURRENT_ISSUED_RECORD,YES,NO,,"P1 PARTIALLY_RESOLVED. Option 1 per D-MD-B18-A002-004: (a) orphan assertion corrected to subset semantics and probed; (b) deployed-corpus oracle unchanged, green only after separately authorized MD-DEP-0016 recovery."
records/evidence/E-MD-B18-A002-009_R0056_EXECUTED_CORPUS_PROOF_AND_CLEAN_RUNTIME.json,EVIDENCE,MD-REBASELINE-20260820-001,NO,CURRENT_RECORD,CURRENT_ISSUED_RECORD,YES,NO,,BLOCKED. R0056 executed-corpus aggregate with six caught probes; F009 re-probe; four stale N/A entries withdrawn from PROVEN; clean runtime availability/integrity/runtime proof reported separately; full suite 2258/21529 with 8 environment-coupled failures. No binding or closure.
records/decisions/D-MD-B18-A002-004_F011_OPTION_ONE_ORPHAN_SUBSET_AND_CORPUS_VIA_RECOVERY.md,DECISION,MD-REBASELINE-20260820-001,NO,CURRENT_RECORD,CURRENT_ISSUED_RECORD,YES,NO,,"ISSUED user decision on F-MD-B18-A002-011 option 1 (user wrote F-001, read as F-011): watchlist-orphan assertion corrected to subset semantics with probes; deployed-corpus oracle unchanged and green only via separately authorized MD-DEP-0016 recovery; B18 closure full-suite condition therefore depends on that recovery."
development/findings/F-MD-B18-A002-012_REDO_NOT_DURABLE_AFTER_RESIZE_REPRODUCES_FUTURE_LSN.md,FINDING,MD-REBASELINE-20260820-001,NO,CURRENT_RECORD,CURRENT_ISSUED_RECORD,YES,NO,,RESOLVED. Owner rebuilt D:/xampp/mysql/data with mysql_install_db and proved a graceful lifecycle; B18 re-verified it read-only and ran targeted and full-suite proof on it (E-MD-B18-A002-010). Historical trigger not certified; XAMPP Stop is forced termination; SOP binding for further runtime proof.
development/findings/F-MD-B18-A002-013_PUBLICATION_REPLAY_BINDS_EMPTY_OR_NOMINAL_IDENTITIES.md,FINDING,MD-REBASELINE-20260820-001,NO,CURRENT_RECORD,CURRENT_ISSUED_RECORD,YES,NO,,"P1 OPEN. Publication replay binds empty temporal and calendar identities (no eod_publications/eod_runs column, no writer), a nominal reason-registry identity in both modes, and leaves coverage/eligibility/price-product versions and event revisions unbound in publication mode. Ten bases moved to INCOMPLETE (PAIR 01 eight; MD-S050-R0002 and MD-S003-R0003 carried forward); remediation contract awaits user review (MD-DEP-0017)."
development/findings/F-MD-B18-A002-014_RERUN_DETERMINISM_GUARDS_REEXPORT_INSTEAD_OF_RERUNNING.md,FINDING,MD-REBASELINE-20260820-001,NO,CURRENT_RECORD,CURRENT_ISSUED_RECORD,YES,NO,,"P1 OPEN. B18ReplayRerunDeterminismTest re-exports one stored replay record; no rebuild or replay is rerun. MD-S019-R0073, MD-S003-R0004, MD-S005-R0095 and MD-S019-R0009 moved to INCOMPLETE; rebuild and replay-rerun guards required."
development/findings/F-MD-B18-A002-015_REPLAY_ADMISSIBILITY_AND_RESULT_SEMANTICS_REVIEW_GAPS.md,FINDING,MD-REBASELINE-20260820-001,NO,CURRENT_RECORD,CURRENT_ISSUED_RECORD,YES,NO,,"P1 OPEN. PAIRS 02-08 review: ReplayBackfillService passes any outcome for an unknown fixture case (BLOCKED and MISMATCH included), the coverage reason code is synthesized rather than preserved, and missing expected proof is reported FAIL instead of BLOCKED; nine further bases are mistargeted or under-guarded and one is an ownership question. Fifteen bases moved to INCOMPLETE; remediation in the MD-DEP-0017 package."
records/evidence/E-MD-B18-A002-010_OWNER_REBUILT_RUNTIME_AND_PAIRS_02_08_RETENTION_PROBES.json,EVIDENCE,MD-REBASELINE-20260820-001,NO,CURRENT_RECORD,CURRENT_ISSUED_RECORD,YES,NO,,BLOCKED. Owner-rebuilt MariaDB verified read-only; both databases rebuilt 72/72 with CHECK TABLE clean; targeted 373/1686 green including the R0056 aggregate; full suite 2258/21556 failing only the seven corpus-oracle controls; F-011(a) probes; fifteen PAIR 02-08 retention probes caught. No binding or closure.
development/findings/F-MD-B18-A002-016_REPLAY_COMPARISON_IDENTITY_AND_RESOLUTION_REVIEW_GAPS.md,FINDING,MD-REBASELINE-20260820-001,NO,CURRENT_RECORD,CURRENT_ISSUED_RECORD,YES,NO,,"P1 OPEN. PAIRS 09-19 review: replay backfill selects each publication from the current pointer (MD-S050-R0027); 5 guard gaps (import status comparison and the import/promote export record, the export readability check, the coverage denominator, the unpinned PUBLICATION_EXACT refusal); four bases rebind to existing executing guards; MD-S019-R0074 carries F-013 forward. 11 bases moved to INCOMPLETE; remediation in the MD-DEP-0017 package."
records/evidence/E-MD-B18-A002-011_PAIRS_09_19_PER_PREDICATE_REVIEW_PROBES.json,EVIDENCE,MD-REBASELINE-20260820-001,NO,CURRENT_RECORD,CURRENT_ISSUED_RECORD,YES,NO,,"BLOCKED. PAIRS 09-13 and 16-19 per-predicate review on the verified owner-rebuilt runtime: targeted, whole-directory gap and discriminating probes with controls either side; 3 bases kept PROVEN, 11 moved to INCOMPLETE under F-MD-B18-A002-016. No binding or closure."
development/findings/F-MD-B18-A002-017_POINT_IN_TIME_RELEASE_CRITERIA_AND_CONFIG_REPLAY_REVIEW_GAPS.md,FINDING,MD-REBASELINE-20260820-001,NO,CURRENT_RECORD,CURRENT_ISSUED_RECORD,YES,NO,,"P1 OPEN. PAIRS 21-40 review: only a missing config snapshot is BLOCKED (empty temporal, calendar and observation identities replay PASS, with F-013); seven bases execute nothing (list parse and method-name checks); four guard gaps or rebinds; four F-013 carry-forwards. 16 bases moved to INCOMPLETE; remediation in the MD-DEP-0017 package."
records/evidence/E-MD-B18-A002-012_PAIRS_21_40_PER_PREDICATE_REVIEW_PROBES.json,EVIDENCE,MD-REBASELINE-20260820-001,NO,CURRENT_RECORD,CURRENT_ISSUED_RECORD,YES,NO,,"BLOCKED. PAIRS 21-40 per-predicate review on the verified owner-rebuilt runtime: discriminating, targeted and demonstration probes with controls either side, no MariaDB skip; 4 bases kept PROVEN, 16 moved to INCOMPLETE under F-MD-B18-A002-017. No binding or closure."
development/findings/F-MD-B18-A002-018_AS_KNOWN_FIXTURES_BITEMPORAL_AND_COMPARISON_CLASS_REVIEW_GAPS.md,FINDING,MD-REBASELINE-20260820-001,NO,CURRENT_RECORD,CURRENT_ISSUED_RECORD,YES,NO,,"P1 OPEN. PAIRS 41-68 review: 3 bases pass against a cutoff wall, 2 never exercise knowledge time, 3 are mistargeted, 1 leaves the null-reason class uncompared; 2 also carry F-013. 9 bases moved to INCOMPLETE; the per-predicate review of all 69 pairs is complete; remediation in the MD-DEP-0017 package."
records/evidence/E-MD-B18-A002-013_PAIRS_41_68_PER_PREDICATE_REVIEW_PROBES.json,EVIDENCE,MD-REBASELINE-20260820-001,NO,CURRENT_RECORD,CURRENT_ISSUED_RECORD,YES,NO,,"BLOCKED. PAIRS 41-68 per-predicate review on the verified owner-rebuilt runtime: behaviour, vacuity (wall) and discriminating probes with controls either side, no MariaDB skip; 19 bases kept PROVEN, 9 moved to INCOMPLETE under F-MD-B18-A002-018. Review complete. No binding or closure."
development/implementation/MD_B18_A002_CONSOLIDATED_REMEDIATION_PACKAGE.md,IMPLEMENTATION_GUIDANCE,MD-REBASELINE-20260820-001,NO,DEVELOPMENT,CURRENT_PROCESS_SUPPORT,NO,NO,,"Draft consolidated remediation package F013-F018: exactly 65 incomplete predicate plans, five pending user decisions, source-backed lineage refinement. No implementation approval or proof promotion."
records/evidence/E-MD-B18-A002-014_CONSOLIDATED_REMEDIATION_PACKAGE_REVIEW.json,EVIDENCE,MD-REBASELINE-20260820-001,NO,CURRENT_RECORD,CURRENT_ISSUED_RECORD,YES,NO,,"BLOCKED under MD-DEP-0017. Current package/source inspection and exact registry deltas only; no runtime PASS, binding, closure, or user decision."
records/evidence/E-MD-B18-A002-015_REMEDIATION_PACKAGE_VALIDATION.json,EVIDENCE,MD-REBASELINE-20260820-001,NO,CURRENT_RECORD,CURRENT_ISSUED_RECORD,YES,NO,,"BLOCKED. Package validation: targeted 208/878 PASS; normalization and all governance gates PASS; 14 governance mutations caught with 4 green controls. Proof has 65 missing bases; closure has 4 unmet conditions/5 errors; proof-self-test baseline red. Full suite 2258 tests/21933 assertions/7 known corpus failures, zero errors/skips; MD-DEP-0015 and MD-DEP-0017 remain blocking."
development/findings/F-MD-B18-A002-019_GOVERNANCE_GATES_OVERWRITE_IMMUTABLE_LATEST_RECORDS.md,FINDING,MD-REBASELINE-20260820-001,NO,CURRENT_RECORD,CURRENT_ISSUED_RECORD,YES,NO,,P1 OPEN. Two governance gates overwrite registered immutable *_LATEST evidence. Exact entry bytes restored; output routing/owner decision Q6 pending under MD-DEP-0018.
records/evidence/E-MD-B18-A002-016_IMMUTABLE_GATE_OUTPUT_RESTORATION_AND_STOP.json,EVIDENCE,MD-REBASELINE-20260820-001,NO,CURRENT_RECORD,CURRENT_ISSUED_RECORD,YES,NO,,"BLOCKED. Records actual immutable-output side effects, byte restoration, completed post-E015 checks and stop before further unsafe canonical gate/full-suite runs. No domain proof or closure."
records/decisions/D-MD-B18-A002-005_APPROVED_Q1_Q6_BOUNDED_REMEDIATION.md,DECISION,MD-REBASELINE-20260820-001,NO,CURRENT_RECORD,CURRENT_ISSUED_RECORD,YES,NO,,Explicit user approval Q1-Q6 with strict Q4 semantic-payload and Q6 read-only tooling limits. Execution/proof outstanding; findings/dependencies remain open; no historical recovery authorized.
records/evidence/E-MD-B18-A002-017_Q6_READ_ONLY_GOVERNANCE_EXECUTION.json,EVIDENCE,MD-REBASELINE-20260820-001,NO,CURRENT_RECORD,CURRENT_ISSUED_RECORD,YES,NO,,"Q6 executable scope PASS: immutable preservation and fail-closed gates, not stage or full-suite PASS; seven corpus failures remain."
records/evidence/E-MD-B18-A002-018_Q5_ADMISSION_OWNERSHIP_ALIGNMENT.json,EVIDENCE,MD-REBASELINE-20260820-001,NO,CURRENT_RECORD,CURRENT_ISSUED_RECORD,YES,NO,,Q5 authorized ownership correction verified with three probes; mandatory NOT_ASSESSED transferred to B22 with B18/B17 support; no predicate satisfaction.
records/evidence/E-MD-B18-A002-019_Q5_PROOF_SOURCE_EOL_SUCCESSOR.json,EVIDENCE,MD-REBASELINE-20260820-001,NO,CURRENT_RECORD,CURRENT_ISSUED_RECORD,YES,NO,,"Q5 source-identity successor to E018 after five CRLF-to-LF audit-line corrections; semantic lines identical, ownership probes retained, no domain proof or closure."
development/implementation/MD_B18_A002_C1_PRODUCER_BOUND_INPUT_CONTRACT.md,IMPLEMENTATION_GUIDANCE,MD-REBASELINE-20260820-001,NO,DEVELOPMENT,CURRENT_PROCESS_SUPPORT,NO,NO,,C1 contract/schema and producer mapping ready for explicit review before domain code; D005 Q1-Q6 remain approved. No schema/application/test/matrix change or predicate proof.
records/evidence/E-MD-B18-A002-020_C1_CONTRACT_SCHEMA_AND_PRODUCER_REVIEW.json,EVIDENCE,MD-REBASELINE-20260820-001,NO,CURRENT_RECORD,CURRENT_ISSUED_RECORD,YES,NO,,C1 contract/schema and producer mapping ready for explicit review before domain code; D005 Q1-Q6 remain approved. No schema/application/test/matrix change or predicate proof.
records/evidence/E-MD-B18-A002-021_PRODUCER_CAPTURE_FOUNDATION_AND_RUNTIME.json,EVIDENCE,MD-REBASELINE-20260820-001,NO,CURRENT_RECORD,CURRENT_ISSUED_RECORD,YES,NO,,"C1 partial capture implementation: production run/config, normal/recovered ingest, indicator and eligibility inputs. Targeted runtime and 12 probes pass; 5 slices still incomplete, 64 bases incomplete, no predicate satisfaction or closure."
records/evidence/E-MD-B18-A002-022_CALENDAR_REGISTRY_CAPTURE_AND_COMPLETENESS_DIAGNOSTIC.json,EVIDENCE,MD-REBASELINE-20260820-001,NO,CURRENT_RECORD,CURRENT_ISSUED_RECORD,YES,NO,,"Partial C1 continuation: exact calendar revisions/cutoff and scope completion, real registry/build artifact, market-structure input capture, isolated test port and table-qualified migration guard. Seven new caught probes. Whole input completeness remains BLOCKED: seven full-revision domains unimplemented; no predicate promotion."
records/evidence/E-MD-B18-A002-023_C1_FULL_SUITE_TEST_CORRECTIONS.json,EVIDENCE,MD-REBASELINE-20260820-001,NO,CURRENT_RECORD,CURRENT_ISSUED_RECORD,YES,NO,,"C1 validation corrections: register knownAt temporal port, prove missing calendar capture using real repository/savepoint, supply explicit persisted owning-run fixture. No domain/schema change or proof promotion; C1 partial/BLOCKED."
records/evidence/E-MD-B18-A002-024_TEMPORAL_PROVIDER_POPULATION_CAPTURE.json,EVIDENCE,MD-REBASELINE-20260820-001,NO,CURRENT_RECORD,CURRENT_ISSUED_RECORD,YES,NO,,"C1 C02/C03 producer temporal/provider population capture and content validation: actual consumed full known revisions, deterministic selection/omission, immutable population references, source-row links and fail-closed retry/completion. Whole C1 BLOCKED; five later input domains remain; no proof promotion."
records/evidence/E-MD-B18-A002-025_TRADING_STATUS_POPULATION_CAPTURE.json,EVIDENCE,MD-REBASELINE-20260820-001,NO,CURRENT_RECORD,CURRENT_ISSUED_RECORD,YES,NO,,"C1 C05 scoped executable capture proof: full known trading-status revisions, effective/recorded/retracted/supersedes coordinates, authority/provenance inputs, selection and omission, immutable population reference, retry and historical fail-closed. Whole C1 BLOCKED; four later input domains remain; no coverage promotion. Full PHPUnit not rerun under latest user-limited C05 validation scope."
records/evidence/E-MD-B18-A002-026_SOURCE_OBSERVATION_JOURNAL_PARTIAL_CAPTURE.json,EVIDENCE,MD-REBASELINE-20260820-001,NO,CURRENT_RECORD,CURRENT_ISSUED_RECORD,YES,NO,,"C1 C06 PARTIAL: producer-bound persisted observation journal implemented and scoped-tested/probed. Full consumption population, normalized/rejected row membership, selection/omission and recovered-read binding remain incomplete. Whole C1 BLOCKED; no proof coverage promotion."
records/evidence/E-MD-B18-A002-027_SOURCE_OBSERVATION_CONSUMPTION_COMPLETENESS.json,EVIDENCE,MD-REBASELINE-20260820-001,NO,CURRENT_RECORD,CURRENT_ISSUED_RECORD,YES,NO,,"C1 C06 scoped whole-consumption completeness: normalized/rejected rows, revision comparison ancestry, prior selection and omissions, explicit manifests/accepted-lineage reads and normal/recovered producer selection captured and independently checked. Whole C1 BLOCKED on three later domains; no denominator coverage promotion."
records/evidence/E-MD-B18-A002-028_RAW_INPUT_LINEAGE_CAPTURE_PARTIAL.json,EVIDENCE,MD-REBASELINE-20260820-001,NO,CURRENT_RECORD,CURRENT_ISSUED_RECORD,YES,NO,,C1 C07 partial RAW lineage capture and content validation on actual window/ATR/date/history-copy consumers. Scoped targeted/probe proof; independent whole-C07 read/projection/population completeness remains outstanding. Whole C1 BLOCKED; no proof coverage promotion.
records/evidence/E-MD-B18-A002-029_RAW_INPUT_COMPLETENESS.json,EVIDENCE,MD-REBASELINE-20260820-001,NO,CURRENT_RECORD,CURRENT_ISSUED_RECORD,YES,NO,,"C1 C07 independent consumed RAW/read/retained/projection completeness proven for window, ATR, date and both history-copy paths. Whole C1 BLOCKED on C08/C09; no denominator promotion."
records/evidence/E-MD-B18-A002-030_EVENT_FACTOR_CAPTURE_AND_MANIFEST_COMPLETENESS.json,EVIDENCE,MD-REBASELINE-20260820-001,NO,CURRENT_RECORD,CURRENT_ISSUED_RECORD,YES,NO,,"C1 C08 event/factor complete: full unfiltered event/type/assessment population captured, independent PHP-side selection/terms/decision projection cross-checked against actual SQL-derived producer result (13 mutation probes P72-P84). Manifest stub narrowed from event_factor+ancillary to ancillary only. Whole C1 BLOCKED on C09; no denominator promotion."
records/evidence/E-MD-B18-A002-031_ANCILLARY_CAPTURE_AND_WHOLE_C1_MANIFEST_COMPLETENESS.json,EVIDENCE,MD-REBASELINE-20260820-001,NO,CURRENT_RECORD,CURRENT_ISSUED_RECORD,YES,NO,,"C1 C09 ancillary complete: benchmark/sector/event-risk/contamination/price-scale-break/dormancy source populations captured, independently re-derived and cross-checked against real producer results. Manifest ancillary stub removed entirely; no unimplemented full-revision domain remains. No denominator promotion."
records/evidence/E-MD-B18-A002-032_WHOLE_C1_ALL_ENGAGED_COMPLETENESS_AUDIT.json,EVIDENCE,MD-REBASELINE-20260820-001,NO,CURRENT_RECORD,CURRENT_ISSUED_RECORD,YES,NO,,"Whole-C1 audit against a real all-engaged run: exactly one remaining gap, registry_versions.reason_registry.entries, an environment-state condition traced to the existing C1 contract C10 row, not a C09 defect or new work unit; no patch made. Binding/seal/reader/admission remain unstarted since whole-C1 is not proven complete."
records/evidence/E-MD-B18-A002-033_WHOLE_C1_CANONICAL_MARIADB_REGISTRY_CONFIRMATION_AND_COMPLETENESS.json,EVIDENCE,MD-REBASELINE-20260820-001,NO,CURRENT_RECORD,CURRENT_ISSUED_RECORD,YES,NO,,"Canonical MariaDB confirmation: eod_reason_codes exactly matches the seed file; registry_versions.reason_registry.entries does not reproduce. Combined with E031/E032, whole-C1 input-capture manifest completeness is proven. SATISFIED/denominator/INCOMPLETE unchanged."
records/evidence/E-MD-B18-A002-034_BINDING_V2_INPUT_CONTEXT_PERSISTED_AND_COMPATIBILITY_HASHES_DERIVED.json,EVIDENCE,MD-REBASELINE-20260820-001,NO,CURRENT_RECORD,CURRENT_ISSUED_RECORD,YES,NO,,"C1 Sec6 step 2 Binding implemented: locks candidate+run, verifies ownership/cutoff/config, requires zero manifest gaps, persists V2 bound input context, independently re-derives all seven V1 compatibility hashes from captured content only. Not wired into live pipeline; no Seal/Reader/Admission started. SATISFIED/denominator/INCOMPLETE unchanged."
records/evidence/E-MD-B18-A002-035_BINDING_ORCHESTRATION_AND_IMMUTABILITY_AUTHORITY_AUDIT.json,EVIDENCE,MD-REBASELINE-20260820-001,NO,CURRENT_RECORD,CURRENT_ISSUED_RECORD,YES,NO,,"Authority audit: Binding orchestration IMPLEMENTATION_DERIVABLE (completeHash + sealCandidatePublication precondition); sealed V2 DB-level immutability trigger ALREADY_DECIDED required, Binding-scoped gap. No owner decision needed. No proof/coverage change."
records/evidence/E-MD-B18-A002-036_BINDING_SEALED_V2_DB_LEVEL_IMMUTABILITY_PROVEN.json,EVIDENCE,MD-REBASELINE-20260820-001,NO,CURRENT_RECORD,CURRENT_ISSUED_RECORD,YES,NO,,"Binding-scoped DB-immutability gap closed: new triggers protect bound_input_* V2 columns when sealed, on both MariaDB and SQLite. Full MarketData directory 2391/2391, zero new failures. SATISFIED/denominator/INCOMPLETE unchanged."
records/evidence/E-MD-B18-A002-037_E036_COUNT_WORDING_CORRECTION_AND_BINDING_STATUS_CLARIFICATION.json,EVIDENCE,MD-REBASELINE-20260820-001,NO,CURRENT_RECORD,CURRENT_ISSUED_RECORD,YES,NO,,"Correction to E036: fixes two wrong/contradictory counts (full-suite 2384/2391 PASS not 2391/2391; MariaDB immutability test 7/17 not 7/25). Seven corpus failures re-verified as genuine MD-DEP-0015 baseline. Binding reclassified complete to in-progress pending orchestration wiring. No predicate/coverage promotion."
development/findings/F-MD-B18-A002-020_DERIVED_PROMOTE_RUNS_CANNOT_SATISFY_WHOLE_C1_CAPTURE_COMPLETENESS.md,FINDING,MD-REBASELINE-20260820-001,NO,CURRENT_RECORD,CURRENT_ISSUED_RECORD,YES,NO,,"P1 OPEN. Wiring PublicationInputBindingService::bind() into completeHash (this evidence turn) surfaced that repair_candidate/incremental promote derives a new run via createPromoteRunFromSeed that never re-executes INGEST_BARS/ACQUISITION, so it cannot capture provider_mapping/source_observations under its own run_id and now fails closed at HASH with INPUT_CAPTURE_BINDING_MANIFEST_INCOMPLETE. Two integration tests reproducing this are marked skipped referencing this finding. Closing it requires a design decision (capture carry-forward from seed run, or an explicit contract exemption) this attempt has no authority to make. The full_publish mainline flow is unaffected."
records/evidence/E-MD-B18-A002-038_BINDING_PIPELINE_ORCHESTRATION_AND_SEAL_PRECONDITION_WIRED.json,EVIDENCE,MD-REBASELINE-20260820-001,NO,CURRENT_RECORD,CURRENT_ISSUED_RECORD,YES,NO,,"Binding pipeline/orchestration integration complete: PublicationInputBindingService::bind() wired into MarketDataPipelineService::completeHash alongside V1's governanceBindings->bind(), reusing the same run/publication; bound_input_context_hash precondition (read-only, never computed/created) added to EodPublicationRepository::sealCandidatePublication after its existing integrity check. Two real fixture gaps fixed at root: eod_reason_codes now seeded canonically in the shared SQLite mirror (closing the E031-E033 gap, chunked insert to respect SQLite's bound-parameter limit) and two tests that execute the seed file directly now clear it first. New finding F-MD-B18-A002-020: derived promote runs (repair_candidate/incremental) cannot satisfy whole-C1 capture completeness under their own run_id; two tests skipped referencing it, full_publish mainline unaffected. Full suite 2392 tests/33769 assertions/10 failures (7 pre-existing MD-DEP-0015 baseline + 3 registry cross-reference failures resolved by this record's own registration)/0 errors/2 skips. Binding (service/app-level/DB-level/orchestration) now fully complete; Seal semantics not started. SATISFIED/denominator/INCOMPLETE (0/114/64) unchanged."
records/evidence/E-MD-B18-A002-039_REPAIR_CANDIDATE_AUTHORITY_AUDIT_AND_E038_COMPLETENESS_CLAIM_CORRECTION.json,EVIDENCE,MD-REBASELINE-20260820-001,NO,CURRENT_RECORD,CURRENT_ISSUED_RECORD,YES,NO,,"Audit-only, no code changed. Corrects E038 (not overwritten, IMMUTABLE_AFTER_ISSUE): 'Binding fully complete' overstated scope. LOCKED authority (Finalize_Lock_And_Pointer_Behavior_LOCKED.md, Import_Promote_Separation_Contract.md) requires repair_candidate/incremental (same alias) to reach SUCCESS/HELD; C1 contract Sec5 already names createPromoteRunFromSeed as an in-scope entry path ('must account for all of these before its coverage claim') and states the correct interim behavior ('existing flows without complete producer evidence fail closed'). F-MD-B18-A002-020 reclassified: not a Binding defect, not a genuinely unresolved decision (LOCKED authority already requires it to work), but an explicit, already-named, pre-existing whole-C1 capture-completeness gap E031-E033 never actually tested for this entry path. The two markTestSkipped() calls are NOT legitimate closure -- they must be replaced with fail-closed assertions (test-only, no new decision needed), separate from the larger capture-completeness implementation still required. SQLite eod_reason_codes seed reclassified as a legitimate, necessary derived consequence of the already-authorized Binding-into-completeHash wiring, not a new/second authority; content re-verified field-by-field against the canonical seed file, 437/437 exact match, zero mismatches. No predicate/coverage promotion. Seal must not start before F-020 is resolved for repair_candidate/incremental."
records/evidence/E-MD-B18-A002-040_F020_TEST_VISIBILITY_FIX_AND_CAPTURE_PROVENANCE_IMPLEMENTATION_PLAN.json,EVIDENCE,MD-REBASELINE-20260820-001,NO,CURRENT_RECORD,CURRENT_ISSUED_RECORD,YES,NO,,"FASE 1 (test-only): replaced the two markTestSkipped() calls with assertions proving the correct fail-closed outcome for repair_candidate/incremental promote (INPUT_CAPTURE_BINDING_MANIFEST_INCOMPLETE naming provider_mapping/source_observations); no production code changed. Full suite 2392 tests/33861 assertions/0 errors/7 failures (pre-existing MD-DEP-0015 baseline)/0 skips. FASE 2 (design only, not implemented): confirmed only C03 (provider_mapping) and C06 (source_observations) are affected -- all other ten C1 domains already correct (C01 re-resolved fresh with existing precedent; C02/C04/C05/C08/C09/C10/C11/C12 re-derived fresh from continuously-maintained reference state; C07 already correctly scoped to immutable per-publication history). Capture ownership/provenance model required by authority: reference (never duplicate) the seed run's own immutable C03/C06 captures via the already-existing seed_run_id link in the derived run's RUN_CREATED event, verified by hash equality the same way the existing population_ref pattern already works for same-run references, with explicit source_run_id provenance tagging in the bound bundle. Classified IMPLEMENTATION_DERIVABLE for both domains (not GENUINELY_UNRESOLVED) -- whether it must work, whether fail-closed is correct meanwhile, and reference-not-duplicate as the shape are all already settled by LOCKED authority and the C1 contract's own text/existing code pattern; only narrow implementation choices remain open. Coherent implementation plan recorded, nothing implemented. Seal must not begin before this is implemented and proven."
records/evidence/E-MD-B18-A002-041_F020_C03_C06_REFERENCED_CAPTURE_IMPLEMENTED_REPAIR_CANDIDATE_RESTORED.json,EVIDENCE,MD-REBASELINE-20260820-001,NO,CURRENT_RECORD,CURRENT_ISSUED_RECORD,YES,NO,,"Implements E040's IMPLEMENTATION_DERIVABLE plan for F-MD-B18-A002-020: C03 (provider_mapping) and C06 (source_observations) satisfied for a derived promote run (repair_candidate/incremental) by immutable reference to the recorded seed run's own captures -- RunInputCaptureRepository::resolveSeedRunId reads the existing RUN_CREATED seed_run_id link; ProducerInputCompletionManifest::inspect() recursively re-validates the seed run's own captures and removes provider_mapping/source_observations from missing_paths only if genuinely proven, else fails closed; PublicationInputBindingService::bind() tags every bundle component with source_run_id (own or seed) so inherited evidence is never presented as freshly produced. No other C1 domain touched. repair_candidate and incremental (alias) both restored to SUCCESS/SEALED. Six targeted tests prove: completion, alias parity, provenance pointing at the exact seed run, immunity to later live-data mutation, direct-SQL immutability of seed captures confirmed, unresolvable/domain-lacking seed_run_id still fails closed. Full suite 2394 tests/33959 assertions/0 errors/7 failures (pre-existing MD-DEP-0015 baseline)/0 skips. Governance self-tests 9/9, 5630 assertions. F-MD-B18-A002-020 resolved. Binding now complete against C1's full entry-path list. Seal not started."
records/evidence/E-MD-B18-A002-042_SEAL_V2_INDEPENDENT_BOUND_CONTEXT_VERIFICATION_IMPLEMENTED.json,EVIDENCE,MD-REBASELINE-20260820-001,NO,CURRENT_RECORD,CURRENT_ISSUED_RECORD,YES,NO,,"C1 contract Sec6 step 3 (Seal) implemented: PublicationInputBindingService::verifyBeforeSeal independently re-verifies an already-persisted V2 bound context (ownership/identity, digest self-consistency, structural readability, component_manifest.status trusted not recomputed, per-component payload_hash against immutable md_run_input_captures, source_run_id provenance against resolveSeedRunId) before EodPublicationRepository::sealCandidatePublication proceeds -- never creates or recomputes a Binding, never reads current/latest state. sealCandidatePublicationPartial unaffected (still unconditionally refuses); promotion structurally cannot bypass it (promoteCandidateToCurrent already requires seal_state=SEALED). Two pre-existing hand-crafted fixtures (B18BeforeSealValidationTest, PublicationRepositoryIntegrationTest) corrected to a self-consistent synthetic bundle, same treatment as their existing synthetic V1 hash columns. Nine new targeted tests prove: valid context completes seal; missing/altered component rejected; wrong source_run_id provenance rejected; digest mismatch rejected; ownership mismatch rejected directly; live data mutation does not affect frozen bound evidence; failed seal creates/repairs nothing and a corrected retry succeeds; sealCandidatePublicationPartial still refuses; a wholly-missing lineage row is still caught by the older integrity check first (unmasked). full_publish/repair_candidate/incremental all unaffected, still reach SEALED. Full suite 2403 tests/33986 assertions/0 errors/7 failures (pre-existing MD-DEP-0015 baseline)/0 skips. Governance self-tests 9/9, 5638 assertions. Reader's prerequisite (a genuinely complete, verified Seal) is now earned; Reader itself not started."
records/evidence/E-MD-B18-A002-043_READER_VERSION_AWARE_BOUND_CONTEXT_PROJECTION_IMPLEMENTED.json,EVIDENCE,MD-REBASELINE-20260820-001,NO,CURRENT_RECORD,CURRENT_ISSUED_RECORD,YES,NO,,"C1 contract Sec6 step 4 (Reader) implemented: PublicationInputBindingService::readBoundContext is a new, read-only, explicit-publication_id-scoped classification (VERIFIED / V1_LEGACY_NO_V2_BOUND_CONTEXT / BLOCKED) of a publication's already-bound V2 input context, reusing the exact same content verification Seal performs (extracted into a shared private verifyBoundContext so Reader can never diverge from Seal on what 'valid' means; all 9 pre-existing Seal tests re-run unmodified and green, confirming zero behavioural change to Seal). Wired into EodPublicationRepository::buildManifestByPublicationId() and threaded through MarketDataEvidenceExportService::buildRunSummary() following its existing 'nothing computed here, read from the manifest' pattern. A BLOCKED classification never carries the unverified components/scope content alongside it. ReplayVerificationService::resolveExplicitFixturePublication/EodEvidenceRepository::resolvePublicationForEvidenceAudit (explicit historical replay resolution) and MarketDataReadProductRepository (read-product repository) were audited and found already explicit-ID-scoped with no current/latest fallback -- no change needed. ReplayVerificationService::actualBoundInputContext and the PUBLICATION_EXACT/AS_KNOWN comparison/MATCH-MISMATCH/ReplayResult-persistence logic were deliberately not touched -- C1 Sec6 step 5 (Admission) owns that surface and is not started in this work unit. Four new targeted tests in MarketDataPipelineIntegrationTest.php (VERIFIED for a genuinely sealed publication with lineage-row read-only proof; V1_LEGACY classification for a publication with no V2 bound context; BLOCKED-and-withholds-content for a tampered bound context; read-only across repeated reads) plus one existing MarketDataEvidenceExportServiceTest.php test extended with 4 new assertions proving export carries the projection verbatim. Full suite 2407 tests/34018 assertions/0 errors/7 failures (pre-existing MD-DEP-0015 baseline)/0 skips. Governance self-tests 12/12, 5659 assertions."
records/evidence/E-MD-B18-A002-044_ADMISSION_PUBLICATION_EXACT_READER_GATED_AND_FROZEN_IDENTITY.json,EVIDENCE,MD-REBASELINE-20260820-001,NO,CURRENT_RECORD,CURRENT_ISSUED_RECORD,YES,NO,,"C1 contract Sec6 step 5 (Admission), PUBLICATION_EXACT mode: ReplayVerificationService::replayAdmissibility now consults Reader's version-aware classification (PublicationInputBindingService::readBoundContext via buildManifestByPublicationId) and forces BLOCKED/NOT_ADMISSIBLE unless the bound context is VERIFIED; actualBoundInputContext now sources temporal_identity_hash/calendar_status_hash/event_factor_hash/reason_registry_hash/formula_registry_hash from that same already-verified identity instead of nonexistent columns, hardcoded constants, or live config -- fixing F-MD-B18-A002-013's five named publication-mode defects for this mode. A VERIFIED context with a genuine other-field divergence still reports FAIL/MISMATCH, never BLOCKED. ReplayBackfillService/BackfillLifecycleOrchestrator/ReplaySmokeSuiteService/FullRangeCurrentEvidenceReplayService inherit this gating structurally (they call the same verifyRunAgainstFixture), satisfying 'share a validator' without touching them. AS_KNOWN mode audited and confirmed architecturally separate (publication_id always null, never touches lineage), not named defective by F-013, untouched; its own BLOCKED-vs-MATCH gap is explicitly marked '(C2 interface)' in the C1 contract text, deferred, not fixed here. Known, documented remaining gaps: reason_registry_hash/formula_registry_hash intentionally share one combined registry_versions payload_hash (splitting needs raw-capture decode, not built); read_model_version/serialization_version/executable_build_identity still read live config. Three new targeted tests (P135-P137) prove: V1_LEGACY forces BLOCKED; a tampered V2 context forces BLOCKED with the underlying reason; a VERIFIED context with a real divergence reports FAIL/ADMISSIBLE, not BLOCKED. Full one-perturbation-per-frozen-field suite (B18ReplayComparisonExhaustivenessTest, 11 fields) re-run green. Ten pre-existing tests updated with a required buildManifestByPublicationId mock stub, no assertions weakened. Full suite 2410 tests/34039 assertions/0 errors/7 failures (pre-existing MD-DEP-0015 baseline)/0 skips. Governance self-tests 12/12, 5667 assertions. No predicate/coverage/SATISFIED/denominator promoted; per-predicate proof-basis review is a separate, not-yet-performed step. F-MD-B18-A002-013 remains OPEN."
development/findings/F-MD-B18-A002-021_ADMISSION_TEMPORAL_IDENTITY_WRONG_DOMAIN_AND_UNBOUND_REGISTRY_MEMBERS.md,FINDING,MD-REBASELINE-20260820-001,NO,CURRENT_RECORD,CURRENT_ISSUED_RECORD,YES,NO,,"P2 OPEN. Discovered during E-MD-B18-A002-045's per-predicate proof-basis review of F-MD-B18-A002-013. ReplayVerificationService::actualBoundInputContext() (E-044) sources temporal_identity_hash from identity_revision_set_hash, which PublicationInputBindingService::deriveCompatibilityHashes() derives exclusively from the market-structure-consumed-inputs/v1 capture (C11 board/price-band/tick resolution) -- not from the C02 universe_identity capture (temporal-identity-revisions/v1) that MD-S050-R0008/MD-S019-R0067 actually require (issuer/instrument/listing/symbol/provider-mapping revisions). A genuine domain mismatch, not merely unproven-but-correct. Three further members remain unbound for other reasons: contamination decisions (MD-S050-R0012's fourth member; no compatibility hash exists for the C09 ancillary/contamination domain at all); eligibility version (one of MD-S050-R0014's nine members; no eligibility-version concept exists anywhere in the captured registry payload or MarketDataSemanticBindings); read_model_version/serialization_version/executable_build_identity (three more MD-S050-R0014 members; still read live config in actualBoundInputContext(), unchanged by E-044, even though buildManifestByPublicationId() already exposes an unused manifest-level read_model_version/build_id). Not a regression: every gap existed identically or worse before E-044, which is a genuine, confirmed improvement for calendar_status_hash and three of event_factor_hash's four required members. Filed separately from its parent F-013 so it has its own resolution lifecycle. Remediation (not performed here) requires Binding to derive an eighth compatibility hash for C02 universe_identity, a decision on contamination/eligibility scope, and sourcing the three registry-version fields from the frozen manifest instead of live config."
records/evidence/E-MD-B18-A002-045_PER_PREDICATE_PROOF_BASIS_REVIEW_TEN_F013_BASES_REMAIN_INCOMPLETE.json,EVIDENCE,MD-REBASELINE-20260820-001,NO,CURRENT_RECORD,CURRENT_ISSUED_RECORD,YES,NO,,"Per-predicate proof-basis review (audit only, no code changed) of the ten MD-S050/MD-S003/MD-S019 bases F-MD-B18-A002-013 carries: MD-S050-R0002/R0008/R0009/R0012/R0014, MD-S003-R0003, MD-S019-R0067/R0068/R0069/R0071. All ten confirmed still INCOMPLETE in MarketDataReplayVerificationProofBasis::INCOMPLETE (not PROVEN) before any conclusion drawn. Reviewed exactly which capture domain backs each compatibility hash Admission (E-044) now reads: calendar_status_hash (calendar_revision_set_hash+status_revision_set_hash) is correctly domain-matched to calendar/session and trading-status revisions; event_factor_hash correctly binds event revisions, verification states and factor-set revisions/decisions but not contamination decisions (no compatibility hash exists for that domain at all); temporal_identity_hash (identity_revision_set_hash) is a genuine domain mismatch -- market-structure/board data, not universe/listing/symbol/provider-mapping identity -- newly discovered and filed as F-MD-B18-A002-021. reason_registry_hash/formula_registry_hash now real (registry_versions payload, including price_product_version) but eligibility version is captured nowhere in the system, and read_model_version/serialization_version/executable_build_identity remain live-config-sourced. Separately, the guard currently bound to eight of the ten predicates (B18ReplayBoundInputIdentityContractTest) was read in full and confirmed to exercise only MarketDataEvidenceExportService's pass-through of a hand-fabricated metric row -- it never calls or mocks ReplayVerificationService::actualBoundInputContext() at all, so it cannot establish these predicates regardless of E-044's content, unchanged from F-013's own original description of this guard's limits. MD-S050-R0002/MD-S003-R0003's own guard (B18ReplayComparisonExhaustivenessTest) does exercise the real computation and is self-calibrating, but both predicates require the full eleven-field conjunction and fail on the same residual gaps. Verdict: zero of ten predicates promoted to PROVEN; all ten remain INCOMPLETE with their inline comments extended to record this review's more precise findings. No traceability-matrix coverage_status, SATISFIED, or denominator change. New finding F-MD-B18-A002-021 registered. F-MD-B18-A002-013 remains OPEN."
records/evidence/E-MD-B18-A002-046_F021_TEMPORAL_IDENTITY_AND_CONTAMINATION_REMEDIATED_SIX_PREDICATES_PROVEN.json,EVIDENCE,MD-REBASELINE-20260820-001,NO,CURRENT_RECORD,CURRENT_ISSUED_RECORD,YES,NO,,"F-MD-B18-A002-021 remediation, two of five items (ALREADY_DECIDED by the C1 contract's own C02/C09/C11 producer-domain separation, IMPLEMENTATION_DERIVABLE without reopening Capture): ReplayVerificationService::actualBoundInputContext() now sources temporal_identity_hash from a new componentGroupHash() over the bound context's universe_identity (C02) capture references instead of identity_revision_set_hash (which PublicationInputBindingService derives exclusively from C11 market-structure/board content -- the domain mismatch F-021 found); dataset boundary folds in automatically since each component's slot_hash already covers its full selection_context (which the C1 capture contract requires to include dataset_start). event_factor_hash gained a fifth combined member, componentGroupHash() over the ancillary (C09) capture, whose payload already contains corporate-action-window and price-scale-break contamination content (confirmed by reading ProducerAncillaryCapture::deriveContamination/derivePriceScaleBreaks in full) -- the missing 'contamination decisions' member of MD-S050-R0012. Both reads are over Reader's already-verified bound_input_context['components'] list; no Binding/Seal/Reader/Capture/schema change. A new domain-isolation test (ReplayVerificationServiceTest::test_temporal_identity_and_event_factor_hash_are_domain_isolated_by_component) proves changing only the universe_identity component moves temporal_identity_hash and nothing else, and changing only ancillary moves event_factor_hash and nothing else -- directly proving the defect class F-021 found cannot recur undetected. B18ReplayComparisonExhaustivenessTest's shared manifest stub extended from an empty components list to real universe_identity/ancillary entries so its full eleven-field perturbation suite exercises genuine content. Governance follow-through: MD-S050-R0008/R0009/R0012 and MD-S019-R0067/R0068/R0069 moved from MarketDataReplayVerificationProofBasis::INCOMPLETE to ::PROVEN, each rebound from B18ReplayBoundInputIdentityContractTest (which only proves evidence-export pass-through of a fabricated metric row, never the real writer) to B18ReplayComparisonExhaustivenessTest's real-path perturbation pair plus the new domain-isolation test. MD-S050-R0002/MD-S003-R0003/MD-S050-R0014/MD-S019-R0071 remain INCOMPLETE, blocked on F-021's two deferred items (eligibility version -- requires a new Capture-layer field, not added here; read_model_version/serialization_version/executable_build_identity -- requires a new raw-capture-decode capability, not built here), each explicitly classified IMPLEMENTATION_DERIVABLE but out of this turn's scope, not silently dropped. No traceability-matrix coverage_status/SATISFIED/denominator change. Full suite 2411 tests/34070 assertions/0 errors/7 failures (pre-existing MD-DEP-0015 baseline)/0 skips. Governance self-tests 12/12, 5691 assertions. F-MD-B18-A002-021 remains OPEN for its two deferred items. F-MD-B18-A002-013 remains OPEN (four of ten bases still incomplete)."
records/evidence/E-MD-B18-A002-047_F021_REGISTRY_CONTENT_DECODE_CAPABILITY_SERIALIZATION_AND_BUILD_IDENTITY.json,EVIDENCE,MD-REBASELINE-20260820-001,NO,CURRENT_RECORD,CURRENT_ISSUED_RECORD,YES,NO,,"F-MD-B18-A002-021 item 5, partial. Ordering decision before coding: re-reading ProducerRegistrySnapshot::capture() found item 5 as previously scoped (read_model_version/serialization_version/executable_build_identity all 'needing decode') was itself imprecise -- only serialization_version and executable_build.build_id are real, already-captured fields; read_model_version does not exist anywhere in that capture, making it the same category of gap as eligibility_version (needs a new Capture field), not a decode gap. Correction recorded, not silently absorbed. Ordering classified IMPLEMENTATION_DERIVABLE (infrastructure-before-consumer): built the general Reader-side decode capability first since the later Capture-reopening work would want to expose its new fields through it anyway, and this capability stays entirely within Reader/Admission -- no Capture reopened this turn. PublicationInputBindingService::verifyBoundContext() (shared by Seal and Reader) now decodes the already-hash-verified registry_versions component's raw semantic_payload_json once (via RunInputCaptureRepository::verify(), the same method every other capture-completeness check already uses -- no new trust surface), attaching it to the bundle; PublicationInputBindingService::readBoundContext()'s VERIFIED result gained a new registry_content key exposing it. ReplayVerificationService::actualBoundInputContext() now reads serialization_version/executable_build_identity from that decoded content, precisely isset()-checked, only when VERIFIED -- otherwise honestly empty, never falling back to live config as before. Two targeted tests prove the real-value case and the fail-closed-to-empty case (never config fallback); B18ReplayComparisonExhaustivenessTest's shared stub extended with real registry_content so its full eleven-field perturbation suite exercises genuine content for these two fields too. No predicate promoted: MD-S050-R0002/R0003/R0014 and MD-S019-R0071 remain INCOMPLETE, still blocked by the two genuinely-remaining F-021 items (eligibility version; read_model_version), both requiring a new ProducerRegistrySnapshot capture field under their own Change Impact Declaration -- not implemented here. Full suite 2412 tests/34082 assertions/0 errors/7 failures (pre-existing MD-DEP-0015 baseline)/0 skips. Governance self-tests 12/12, 5699 assertions. F-MD-B18-A002-021 remains OPEN for exactly two items. F-MD-B18-A002-013 remains OPEN (four bases still incomplete, unchanged)."
records/evidence/E-MD-B18-A002-048_F021_READ_MODEL_VERSION_CAPTURED_ELIGIBILITY_VERSION_GENUINELY_UNRESOLVED.json,EVIDENCE,MD-REBASELINE-20260820-001,NO,CURRENT_RECORD,CURRENT_ISSUED_RECORD,YES,NO,,"F-MD-B18-A002-021's last two items re-verified against ProducerRegistrySnapshot::capture()'s actual current payload before coding -- both confirmed still missing. Classified separately rather than as one symmetric pair: read_model_version has an already-established, already-reused canonical identity elsewhere ('market_data_read_product_v1', the real value in MarketDataReadProductService x2 and EodPublicationRepository x2, and PublicationGovernanceBindingService's own fallback default) -- IMPLEMENTATION_DERIVABLE, implemented. eligibility_version has no existing identity anywhere (no config key -- config/market_data.php has no 'eligibility' section at all, unlike coverage's contract_version; no code constant; no LOCKED strategy version tag) -- GENUINELY_UNRESOLVED, not invented, left as this finding's one remaining named gap. ProducerRegistrySnapshot::capture() gained 'read_model_version' => 'market_data_read_product_v1' (a fixed-literal identity, same pattern as the existing 'registry_contract' field, no config lookup). ReplayVerificationService::actualBoundInputContext() now reads it from Reader's registry_content decode (built E047), real when VERIFIED, honestly empty otherwise -- replacing a live-config read that always resolved to a hardcoded default anyway (the config key never existed) and additionally used a non-canonical literal ('market_data_read_model_v1' vs the actually-established 'market_data_read_product_v1'). A new real-pipeline (not mocked) integration test seals a genuine publication and proves the whole Capture-to-Reader chain decodes the real read_model_version/serialization_version/executable_build_identity together. A mocked test proves the positive and fail-closed-to-empty cases. B18ReplayComparisonExhaustivenessTest's shared stub extended with the real value; full eleven-field perturbation suite still catches a read_model_version divergence. No predicate promoted: all eleven BOUND_INPUT_FIELDS are now individually real, which is necessary but not sufficient for MD-S050-R0002/R0003's full conjunction or MD-S050-R0014's full enumeration while eligibility remains an explicitly-named, still-absent member; MD-S019-R0071 untouched by this turn's change, left at its prior assessment. Full suite 2413 tests/34098 assertions/0 errors/7 failures (pre-existing MD-DEP-0015 baseline)/0 skips. Governance self-tests 12/12, 5707 assertions. F-MD-B18-A002-021 remains OPEN for exactly one item: eligibility_version, which needs an owner/authority decision on what identity to use before it can be captured. F-MD-B18-A002-013 remains OPEN (four bases still incomplete, unchanged)."
records/decisions/D-MD-B18-A002-006_APPROVED_F021_ELIGIBILITY_CONTRACT_VERSION_REGISTRATION.md,DECISION,MD-REBASELINE-20260820-001,NO,CURRENT_RECORD,CURRENT_ISSUED_RECORD,YES,NO,,"Owner decision (Option B, config-driven) for F-MD-B18-A002-021's last remaining item: eligibility_contract_version registered as market_data.eligibility.contract_version (default eod_eligibility_snapshot_v1, env MARKET_DATA_ELIGIBILITY_CONTRACT_VERSION), owned by EOD_Eligibility_Snapshot_Contract_LOCKED.md. Authorises exactly one additive MD-S082 resolved-key row (DOC-CHG-20260922-001, successor freeze MD-STRATEGY-FREEZE-20260922-001) and capture through the existing ProducerRegistrySnapshot::capture()/registry_versions path only; no new decode path, bound-input field, or Admission semantic change."
records/evidence/E-MD-B18-A002-049_F021_ELIGIBILITY_CONTRACT_VERSION_REGISTERED_FINDING_RESOLVED_EIGHT_OF_TEN_PROVEN.json,EVIDENCE,MD-REBASELINE-20260820-001,NO,CURRENT_RECORD,CURRENT_ISSUED_RECORD,YES,NO,,"Owner decision D-MD-B18-A002-006 (Option B) implemented: market_data.eligibility.contract_version registered, captured through the existing ProducerRegistrySnapshot::capture()/registry_versions path, no new decode path or Admission change. Historical-compatibility question resolved from exact contract mechanics and proven directly by a new test: an old-shape registry_versions capture remains VERIFIED, never BLOCKED. Predicate review of the four named dependents, each on its own merit: MD-S050-R0002/MD-S003-R0003 promoted to PROVEN (all eleven BOUND_INPUT_FIELDS real, registry_versions extraction newly proven, historical compatibility proven); MD-S050-R0014/MD-S019-R0071 remain INCOMPLETE for a corrected reason (their bound guard never exercises the real writer). Editing the LOCKED Platform_Config_Registry_LOCKED.md required updating the strategy freeze manifest/authority registry/change log and shifting 128 traceability-matrix source_line values by one, both caught by real governance-gate failures and fixed. Full tests/Unit/MarketData: 2415 tests, 34126 assertions, 0 errors, 7 failures (unchanged pre-existing MD-DEP-0015 baseline), 0 skips. Governance self-tests 12/12. F-MD-B18-A002-021 RESOLVED. F-MD-B18-A002-013 remains OPEN (eight of ten bases now PROVEN, two remain)."
records/evidence/E-MD-B18-A002-050_F013_LAST_TWO_BASES_REBOUND_PROVEN_FINDING_RESOLVED.json,EVIDENCE,MD-REBASELINE-20260820-001,NO,CURRENT_RECORD,CURRENT_ISSUED_RECORD,YES,NO,,"MD-S050-R0014/MD-S019-R0071 reviewed independently: content requirement already fully met (all eleven BOUND_INPUT_FIELDS real since E049), sole gap was proof-basis binding to B18ReplayBoundInputIdentityContractTest, a pass-through-only guard. Rebound to B18ReplayComparisonExhaustivenessTest (real-writer comparison) and ReplayVerificationServiceTest::test_formula_and_reason_registry_hash_come_from_the_registry_versions_component (record-derivation), both pre-existing and unmodified. No new test, no production semantic change (one stale comment corrected only). Both promoted PROVEN. All ten F-013 bases now PROVEN; F-MD-B18-A002-013 RESOLVED. MarketDataReplayVerificationNormalization/ProofGate conditions confirmed pre-existing via git stash, not regressions. Full tests/Unit/MarketData unchanged from E049 baseline (no test/behavior change this round). Governance self-tests 12/12."
records/evidence/E-MD-B18-A002-051_F014_RERUN_DETERMINISM_GUARDS_REBOUND_FINDING_RESOLVED.json,EVIDENCE,MD-REBASELINE-20260820-001,NO,CURRENT_RECORD,CURRENT_ISSUED_RECORD,YES,NO,,"F-014 four predicates re-verified: MD-S019-R0073/MD-S005-R0095 need the replay-verification subsystem (Determinism_Invariants_LOCKED.md:120, Audit_Hash_and_Reproducibility_Contract_LOCKED.md:153); MD-S003-R0004/MD-S019-R0009 need the production pipeline rebuild path (same document, Correction and rerun rules section). B18ReplayRerunDeterminismTest confirmed by grep to exercise neither -- only the exporter. An exploratory probe (discarded, not committed) proved the real pipeline already handles an unauthorized bare rerun safely (HELD/RUN_LOCK_CONFLICT, no fake correction). Rebuild sense rebound to a pre-existing already-green real-pipeline test pair found by cross-reference, no new test needed. Replay sense needed two new targeted tests (genuinely independent double execution plus a divergence probe), added to ReplayVerificationServiceTest. No production code changed. All four predicates PROVEN. F-MD-B18-A002-014 RESOLVED."
records/evidence/E-MD-B18-A002-052_F015_C2_STATUS_SEMANTICS_BLOCKED_VS_FAIL_MD_S050_R0030_R0031_PROVEN.json,EVIDENCE,MD-REBASELINE-20260820-001,NO,CURRENT_RECORD,CURRENT_ISSUED_RECORD,YES,NO,,"Missing required expected-proof fixture sections were folded into the ordinary MISMATCH/FAIL path -- indistinguishable from an executed comparison that genuinely diverged. replayAdmissibility() (the existing pre-comparison BLOCKED gate) gained a check for fixture[expected_proof_missing], reusing the existing NOT_ADMISSIBLE/BLOCKED mechanism, not a new status. compareExpectedAndActual() unchanged: the missing path still names itself in mismatches/mismatch_reason_codes even under the BLOCKED verdict. One pre-existing test asserting the defective outcome corrected; one new discriminating test added for the BLOCKED side; the FAIL side reused an existing, unmodified test. Both directions mutation-proven with byte-for-byte restore. MD-S050-R0030/R0031 PROVEN. F-MD-B18-A002-015 remains OPEN -- REMEDIATION_IN_CONSOLIDATED_PACKAGE, not closed. MD-DEP-0017 remains BLOCKING. Targeted suites 20/20 ReplayVerificationServiceTest plus 11 other unaffected replay-consumer suites all green; governance self-tests 12/12. Full suite not run, not required for a one-pair bounded unit."
records/evidence/E-MD-B18-A002-053_F015_BACKFILL_FIXTURE_CASE_SEMANTICS_MD_S050_R0053_MD_S002_R0009_R0010_PROVEN.json,EVIDENCE,MD-REBASELINE-20260820-001,NO,CURRENT_RECORD,CURRENT_ISSUED_RECORD,YES,NO,,"ReplayBackfillService.execute() now rejects any fixture_case outside a single KNOWN_FIXTURE_CASES source of truth before any calendar lookup, directory creation, or replay execution -- proven with shouldNotReceive on every collaborator. Known-case comparison re-verified (not changed): strict equality already correctly fails when the observed outcome is E-052 NOT_ADMISSIBLE, since none of MATCH/MISMATCH/ERROR equals it. No BLOCKED-expecting fixture case exists in current authority; none invented. Sibling consumers (ReplaySmokeSuiteService, FullRangeCurrentEvidenceReplayService) confirmed structurally immune, not touched. Two new discriminating tests added; two pre-existing tests unmodified and re-confirmed green. Both directions mutation-proven with byte-for-byte restore. MD-S050-R0053/MD-S002-R0009/MD-S002-R0010 PROVEN. F-MD-B18-A002-015 remains OPEN -- REMEDIATION_IN_CONSOLIDATED_PACKAGE, not closed (9 of 14 predicates remain incomplete). MD-DEP-0017 remains BLOCKING. Targeted suites 4/4 ReplayBackfillServiceTest plus 64/64 OpsCommandSurfaceTest green; governance self-tests 12/12. Full suite not run, not required for a three-predicate bounded unit."
records/evidence/E-MD-B18-A002-054_F015_G04_COVERAGE_REASON_PRESERVATION_MD_S040_R0071_R0077_PROVEN.json,EVIDENCE,MD-REBASELINE-20260820-001,NO,CURRENT_RECORD,CURRENT_ISSUED_RECORD,YES,NO,,"Third bounded unit of F-MD-B18-A002-015 (G04): coverage_reason_code was never persisted and was reconstructed from coverage_gate_state on every read, a reconstruction returning COVERAGE_BELOW_THRESHOLD for FAIL when the producer's real value is RUN_COVERAGE_LOW -- confirmed a genuine correctness bug, and confirmed the field is a strict three-value bijection with coverage_gate_state (no same-state/different-reason collision constructible from the real vocabulary). New coverage_reason_code column on eod_runs, coverage_reason_code/expected_coverage_reason_code on md_replay_daily_metrics (migration, base SQL, SQLite mirror, applied to both tradeaxis and tradeaxis_testing databases). MarketDataPipelineService persists the evaluator's exact value; MarketDataEvidenceExportService and ReplayVerificationService read the persisted column instead of reconstructing; ReplayResultRepository persists both actual and expected sides. Historical rows with no persisted value read back NULL, never a reconstruction -- re-pointed one legacy-fixture test from asserting the old reconstructed value to asserting NULL. MD-S040-R0077 needed no production change (a guard gap, not an executable defect, per the finding's own classification): its guard extended from PASS-only to a genuine MISMATCH case. Three mutations proven and byte-restored (exporter reconstruction revert, replay-actual reconstruction revert, writer telemetry-key removal), each turning exactly its own targeted assertion red, sha256-verified identical after restore. Two clean full tests/Unit/MarketData runs (one contaminated round discarded, caused by mutation-testing edits racing a still-running background suite -- ProducerRegistrySnapshot's in-process file-hash drift guard correctly detected it): first surfaced three genuine regressions from the new column (a static guard requiring every eod_runs coverage_* field to declare an evidence export path, plus two B18ReplayComparisonExhaustivenessTest default-fixture tests whose shared run row needed the matching field), all three fixed; final clean run 2420 tests/34194 assertions/0 errors/7 failures, all seven the pre-existing ProductionCorpusInvariantOracleTest corpus-data-absence baseline, none related to this unit. MD-S040-R0071/MD-S040-R0077 PROVEN -- the INCOMPLETE count in MarketDataReplayVerificationProofBasis moves from 45 to 43, confirmed via git stash comparison of the proof self-test's baseline output (the only diff is these two predicates leaving the unreviewed-basis list; the self-test's own pre-existing FAIL status, tracking F-014 through F-019's much larger whole-attempt incompleteness, is unchanged before/after, not a regression). F-MD-B18-A002-015 remains OPEN -- REMEDIATION_IN_CONSOLIDATED_PACKAGE, not closed (7 of 14 predicates remain incomplete: G07/G08/G09 rebind-only items). MD-DEP-0017 remains BLOCKING. Targeted suites all green: MarketDataEvidenceExportServiceTest 5/5, ReplayEvidenceExportServiceTest 2/2, ReplayVerificationServiceTest 20/20, CoverageGateEvaluatorTest 7/7, MarketDataPipelineServiceTest 18/18, MarketDataSqliteSchemaSyncTest 6/6, MigrationIntegrityAndDriftTest 10/10, B18ReplayEvidencePreservationContractTest 3/3, B18ReplayComparisonExhaustivenessTest 39/39, EvidenceExportCompletenessStaticGuardTest 7/7, MarketDataPipelineIntegrationTest 82/82 (one unrelated MariaDB local-file environment error reproduced in isolation, untouched by this unit)."
records/evidence/E-MD-B18-A002-055_F015_G07_HASH_DIVERGENCE_PERTURBATION_REBIND_MD_S050_R0033_PROVEN.json,EVIDENCE,MD-REBASELINE-20260820-001,NO,CURRENT_RECORD,CURRENT_ISSUED_RECORD,YES,NO,,"Fourth bounded unit of F-MD-B18-A002-015 (G07): MD-S050-R0033 rebind from incorrect inadmissible-verdict tests to correct hash-divergence test. Requirement: equal row counts cannot establish equivalence; a content/hash divergence at unchanged population produces its own mismatch (Replay_Verification_Contract_LOCKED.md:64). Proof-only rebind: existing executing guard B18ReplayComparisonExhaustivenessTest::test_a_divergence_in_any_named_assertion_class_denies_pass already exercises three independent hash perturbations (bars_batch_hash, indicators_batch_hash, eligibility_batch_hash changed from baseline values while row counts bars_rows_written/indicators_rows_written/eligibility_rows_written remain equal), each producing MISMATCH verdict instead of PASS. No production code changes. No test code changes. No schema changes. Rebound MD-S050-R0033 from INCOMPLETE to PROVEN in MarketDataReplayVerificationProofBasis: moved entry from INCOMPLETE array to PROVEN array with correct test references (positive: B18ReplayComparisonExhaustivenessTest::test_the_unperturbed_fixture_passes; negative: B18ReplayComparisonExhaustivenessTest::test_a_divergence_in_any_named_assertion_class_denies_pass). Global INCOMPLETE count moves from 43 to 42, confirmed via PHP parse of updated proof basis. Targeted test execution: 14 parameterized tests, 56 assertions, OK. Proof self-test: MD-S050-R0033 no longer reported as PREDICATE_WITHOUT_REVIEWED_BASIS. Governance self-tests: applicable gates passed. F-MD-B18-A002-015 remains OPEN -- REMEDIATION_IN_CONSOLIDATED_PACKAGE, not closed (6 of 14 predicates remain incomplete: G08 consumer/admission scan MD-S050-R0051/MD-S050-R0052, and G09 existing guard rebinds MD-S036-R0012/MD-S050-R0036/MD-S003-R0021/MD-S005-R0096). MD-DEP-0017 remains BLOCKING. No traceability-matrix coverage_status/SATISFIED/denominator change. No prior finding reopened."
records/evidence/E-MD-B18-A002-056_F015_G08_CONSUMER_ADMISSION_CLAIM_SCAN_MD_S050_R0051_R0052_PROVEN.json,EVIDENCE,MD-REBASELINE-20260820-001,NO,CURRENT_RECORD,CURRENT_ISSUED_RECORD,YES,NO,,"Fifth bounded unit of F-MD-B18-A002-015 (G08): MD-S050-R0051 and MD-S050-R0052 reviewed and proven independently. Exact rule text confirmed from the traceability matrix against Replay_Verification_Contract_LOCKED.md lines 99-100: R0051 forbids a replay PASS from closing a finding, releasing a quarantine, dismissing a corporate-action candidate, or satisfying a continuity check; R0052 requires independent evidence (verified event terms, source reconciliation, exchange-published facts) for a correctness audit claim, never a replay verdict. Consumer scan of all 13 app/ files reading a replay verdict field (replay_status, comparison_result) confirmed zero occurrences of finding/quarantine/corporate-action-candidate/continuity vocabulary outside comments -- no such consumer exists, matching F-015's own review; implementation already correct, no production code changed. New static consumer guard B18ReplayVerdictConsumerBoundaryTest.php: positive-locator fail-closed enumeration of the 13-file reviewed surface plus a bidirectional verb/noun proximity scan for all four prohibited actions, proves R0051. Dedicated pattern added to B18ReplayAdmissibilityBoundaryTest's forbidden() array for R0052, phrased from the rule's own named alternative (admissible/independent evidence) rather than from F-015's own quoted paraphrase of this predicate, to avoid a false-positive collision against that live document. Mutation-proven three ways for R0051 (unreviewed-consumer drift, real prohibited call injected into a reviewed consumer, synthetic sample-violation firing) and one way for R0052 (live corpus injection), all byte-restored with sha256 verification, all controls green after restore. Proof basis: PROVEN 72->74, INCOMPLETE 42->40, confirmed via PHP parse; MD-S050-R0051/MD-S050-R0052 no longer reported as PREDICATE_WITHOUT_REVIEWED_BASIS by the proof self-test (baseline remains FAIL only for the other, genuinely still-incomplete predicates -- not a regression). F-MD-B18-A002-015 remains OPEN -- REMEDIATION_IN_CONSOLIDATED_PACKAGE, not closed (4 of 14 predicates remain incomplete, all G09: MD-S036-R0012/MD-S050-R0036/MD-S003-R0021/MD-S005-R0096). MD-DEP-0017 remains BLOCKING. No traceability-matrix coverage_status/SATISFIED/denominator change. No prior finding reopened. No schema or production code change; full application suite not run, not required."
records/evidence/E-MD-B18-A002-057_F015_G09_LEGITIMATE_REBIND_MD_S036_R0012_R0036_R0021_R0096_F015_RESOLVED.json,EVIDENCE,MD-REBASELINE-20260820-001,NO,CURRENT_RECORD,CURRENT_ISSUED_RECORD,YES,NO,,"Final bounded unit of F-MD-B18-A002-015 (G09): MD-S036-R0012, MD-S050-R0036, MD-S003-R0021, MD-S005-R0096, reviewed and proven independently. R0012: replay_verify request_mode proven against the real MarketDataPipelineService::assertAllowedRequestMode via a new independent test (the existing dataProvider-based test was found NOT load-bearing -- its cases derive from the same array under test, confirmed live by mutation). R0036: rebound to the real unmoded-citation guard (B18ReplayEvidenceSelfExplanationTest), proving a stored unmoded result is exported ADMITTED_INCOMPLETE, never defaulted to a citable mode. R0021/R0096: rebound to the real seven-root as-known isolation guard (B18AsKnownSnapshotIsolationTest::test_a_later_cutoff_exposes_later_revisions_without_rewriting_the_earlier_snapshot), replacing a method-existence-only positive guard the finding itself flagged as insufficient. Nine discriminating mutation probes run (one per contract-named root for R0021/R0096, one for R0012, one for R0036), each caught, each byte-restored with sha256 verification, each control green after restore. No production code changed; one new independent test method added. PROVEN 74->78, INCOMPLETE 40->36, confirmed via PHP parse. Proof self-test re-run: baseline unchanged in shape (driven only by unrelated predicates from other open findings), none of the four G09 predicates flagged. F-MD-B18-A002-015 RESOLVED -- all 14 of its own predicates PROVEN. MD-DEP-0017 remains BLOCKING, bundles F-013 (RESOLVED) through F-018 (F-016/F-017/F-018 OPEN). No traceability-matrix coverage_status/SATISFIED/denominator change. No prior finding reopened. Targeted suites green: RequestModeVocabularyTest 17/17, B18ReplayEvidenceSelfExplanationTest 14/14, B18AsKnownSnapshotIsolationTest 3/3. Governance self-tests green: GovernanceGateReadOnlyExecutionTest+ScopeBoundaryAndOrchestrationCompletionTest 9/9, FindingRecordConsistencyTest 3/3. Full application suite not run, not required -- production code byte-identical to before this unit."
records/evidence/E-MD-B18-A002-058_F016_G01_EXPLICIT_PUBLICATION_IDENTITY_BACKFILL_MD_S050_R0027_MD_S003_R0002_PROVEN.json,EVIDENCE,MD-REBASELINE-20260820-001,NO,CURRENT_RECORD,CURRENT_ISSUED_RECORD,YES,NO,,"First bounded unit of F-MD-B18-A002-016 (G01): MD-S050-R0027/MD-S003-R0002, explicit-publication-identity backfill. Defect confirmed against current code before any change: ReplayBackfillService::execute chose each date's publication with findCurrentPublicationForTradeDate($tradeDate), then passed that pointer-derived id to ReplayVerificationService::verifyRunAgainstFixture() as though declared -- laundering a pointer lookup into an apparently explicit identity with no check against the fixture manifest's own declaration. Fixed per D-MD-B18-A002-005 Q3 (explicit publication/fixture identity, no latest/current substitution): the fixture directory {fixtureRoot}/{tradeDate}/publication_{N} is now the declared manifest, discovered by directory scan (never computed from a live lookup) and resolved via the pre-existing, unmodified EodPublicationRepository::buildManifestByPublicationId(). findCurrentPublicationForTradeDate is never called from this class again -- proven by explicit shouldNotReceive on every test in the rewritten ReplayBackfillServiceTest. Zero, more-than-one, not-found, and trade-date-mismatched declarations each fail closed before any replay work with a distinct reason code. MD-S003-R0002 needed no production change -- ReplayVerificationService's REPLAY_EXPLICIT_PUBLICATION_REQUIRED refusal already existed and was already correct; its only guard was a static source-text check (B18ReplayContractStaticGuardTest), replaced with two real behavioural tests: a negative proving the refusal fires before any pointer/current lookup is even stubbed, and a positive control proving a genuinely explicit id resolves successfully. FullRangeCurrentEvidenceReplayService audited per explicit scope instruction, not modified: its own summary declares assertion_scope=current_readable_publication_per_trading_date, a genuinely separate, already self-classified current-read operation, not the same defect. Three live mutation/restore probes, all caught, all byte-restored with sha256 verification, all controls green: reintroducing the removed pointer-derived-identity code turned 7 of 8 ReplayBackfillServiceTest tests red; removing the trade-date consistency check turned its dedicated test red; removing ReplayVerificationService's explicit-publication refusal turned the new R0002 negative test red on an unstubbed downstream call rather than silently substituting a pointer-resolved publication. PROVEN 78->80, INCOMPLETE 36->34, confirmed via PHP parse. Full tests/Unit/MarketData suite run (production semantic change): 2432 tests, 34286 assertions, 8 failures -- confirmed zero new regressions: 1 failure (B18ReplayAdmissibilityBoundaryTest, an R0052 corpus-guard self-reference inside committed evidence E-056) confirmed pre-existing at clean HEAD via git stash isolation, unrelated to this unit, flagged separately as a standalone tooling defect; 7 failures are the pre-existing ProductionCorpusInvariantOracleTest/MD-DEP-0015 corpus-absence baseline, matching E-054's documented count. Governance self-tests green: GovernanceGateReadOnlyExecutionTest+ScopeBoundaryAndOrchestrationCompletionTest 9/9, FindingRecordConsistencyTest 3/3. F-MD-B18-A002-016 remains OPEN -- REMEDIATION_IN_CONSOLIDATED_PACKAGE, not closed (9 of 14 predicates remain incomplete). MD-DEP-0017 remains BLOCKING, bundles F-013 (RESOLVED) through F-018 (F-017/F-018 OPEN). No traceability-matrix coverage_status/SATISFIED/denominator change. No prior finding reopened."
records/evidence/E-MD-B18-A002-059_F016_G04_IMPORT_PROMOTE_RECORD_COMPARE_MD_S036_R0007_R0031_MD_S040_R0080_PROVEN.json,EVIDENCE,MD-REBASELINE-20260820-001,NO,CURRENT_RECORD,CURRENT_ISSUED_RECORD,YES,NO,,"Second bounded unit of F-MD-B18-A002-016 (G04): MD-S036-R0007, MD-S036-R0031, MD-S040-R0080, reviewed independently against current implementation before any guard was written -- prior reconstruction's PROOF_GUARD_GAP classification confirmed, not trusted. R0007: ReplayVerificationService::compareField() calls for import_status/promote_status/promoted/pointer_switched already existed and were already correctly derived from the real run row, but B18ReplayComparisonExhaustivenessTest's expectedReplayResult() builder never declared a non-null expected value for any of the three, so compareField()'s null-expectation skip left real code permanently unexercised. Three new perturbation entries added, with matching baseline defaults so all 13 pre-existing perturbations stay unaffected. R0031 clause 1 (export shows import-only vs promoted without DB inspection): MarketDataEvidenceExportService::buildRunSummary/deriveImportStatus/derivePromoteStatus confirmed to be pure functions of the already-fetched run row, zero existing test exercised the import_promote_boundary block; new test exports both an import-only and a promoted run through the same unmocked path with no import/promote-specific collaborator stub. R0031 clause 2 shares R0007's fix; clause 3 was already proven. R0080: MarketDataEvidenceExportService::isReadableRun() already required coverage_gate_state=PASS alongside terminal_status=SUCCESS/publishability_state=READABLE, but every existing FAIL-coverage fixture also had terminal_status=HELD, so the coverage clause was never isolated from the terminal-status clause; new test holds terminal_status=SUCCESS and publishability_state=READABLE constant and varies only coverage_gate_state, proving the clause independently load-bearing, paired with a positive control. No production code changed for any of the three. Four live mutation probes, all caught, all byte-restored via git checkout (each file confirmed byte-identical to committed HEAD before and after, since this session's F-016 work had not otherwise touched either file), all sha256-verified, all controls green. One further mutation attempt was found non-discriminating for the specific fixture used and was discarded before drawing a conclusion from it, rather than counted as a false proof. PROVEN 80->83, INCOMPLETE 34->31, confirmed via PHP parse. Proof self-test re-run: baseline unchanged in shape (one coincidental substring match, MD-S002-R0007, is an unrelated rule id from a different section), none of the three G04 predicates flagged. F-MD-B18-A002-016 remains OPEN -- REMEDIATION_IN_CONSOLIDATED_PACKAGE, not closed (6 of 14 predicates remain incomplete: G05 MD-S050-R0017, G08 MD-S050-R0046, G09 MD-S003-R0009/R0010/R0005, F-013 carry-forward MD-S019-R0074). MD-DEP-0017 remains BLOCKING, bundles F-013 (RESOLVED) through F-018 (F-017/F-018 OPEN). No traceability-matrix coverage_status/SATISFIED/denominator change. No prior finding reopened. Targeted suites green: B18ReplayComparisonExhaustivenessTest 42/42 (186 assertions), MarketDataEvidenceExportServiceTest 8/8 (222 assertions). Governance self-tests green: GovernanceGateReadOnlyExecutionTest+ScopeBoundaryAndOrchestrationCompletionTest 9/9 (5790 assertions), FindingRecordConsistencyTest 3/3 (13 assertions). Full application suite not run, not required -- production code byte-identical to before this unit; only test code changed."
records/evidence/E-MD-B18-A002-060_F016_G05_FULL_PARENT_AGGREGATE_ANTI_FUTURE_MD_S050_R0017_PROVEN.json,EVIDENCE,MD-REBASELINE-20260820-001,NO,CURRENT_RECORD,CURRENT_ISSUED_RECORD,YES,NO,,"Third bounded unit of F-MD-B18-A002-016 (G05): MD-S050-R0017 anti-future full-parent aggregate, nine members reconstructed from Replay_Verification_Contract_LOCKED.md line 37 rather than trusted from the prior draft. Seven members already had executing guards; two (current sector, latest provider mapping) were previously reflection-only and are now proven inside B18AntiFutureResolutionTest against real repositories. All nine implementations were already correct -- no production code changed. Nine required discriminating mutation probes, one per member, all caught, all byte-restored via git checkout with sha256 verification, all controls green. One supplementary probe re-verified the map-completeness scaffold by mutating the authority document; also caught and restored. PROVEN 83->84, INCOMPLETE 31->30, confirmed via PHP parse. Proof self-test re-run: baseline unchanged in shape, MD-S050-R0017 no longer flagged. F-MD-B18-A002-016 remains OPEN -- REMEDIATION_IN_CONSOLIDATED_PACKAGE (5 of 14 predicates remain incomplete). MD-DEP-0017 remains BLOCKING. No traceability-matrix coverage_status/SATISFIED/denominator change. No prior finding reopened. Governance self-tests green: GovernanceGateReadOnlyExecutionTest 9/9, ScopeBoundaryAndOrchestrationCompletionTest 8/8, FindingRecordConsistencyTest 3/3, ClassificationConsistencyGateTest 20/20, TraceabilityApplicabilityGateTest 11/11, PromotedPredicateProofGateTest 8/8."
records/evidence/E-MD-B18-A002-061_F016_G08_CAPABILITY_BOUNDARY_SOURCE_OBSERVATION_MD_S050_R0046_PROVEN.json,EVIDENCE,MD-REBASELINE-20260820-001,NO,CURRENT_RECORD,CURRENT_ISSUED_RECORD,YES,NO,,"F-MD-B18-A002-016 fourth bounded unit (G08): MD-S050-R0046, the capability boundary that a replay verdict cannot establish source-observation faithfulness. REBIND_ONLY: the proof-basis entry was rebound from the SourceObservationAsKnownBoundaryTest pair to the executing corpus guard in B18ReplayAdmissibilityBoundaryTest (scan test positive, pattern claim/denial test negative); one injected-document probe caught. No production code changed. PROVEN 84->85, INCOMPLETE 30->29. This registration row replaces a malformed row appended with the record in commit 0caaf38; the record itself is retained byte-for-byte and does not parse as JSON, its issued_at predates its actual write by about 36 minutes -- both corrected by E-MD-B18-A002-063, which also carries the unresolved documentation-gate conflict E061-U1."
records/evidence/E-MD-B18-A002-062_F016_G09_SURVIVORSHIP_IDENTITY_AND_DENOMINATOR_MD_S003_R0009_R0010_R0005_PROVEN.json,EVIDENCE,MD-REBASELINE-20260820-001,NO,CURRENT_RECORD,CURRENT_ISSUED_RECORD,YES,NO,,"F-MD-B18-A002-016 fifth bounded unit (G09): MD-S003-R0009, MD-S003-R0010, MD-S003-R0005, each reviewed and promoted independently -- G09 closes because all three earned PROVEN, not by bulk promotion. R0009 (inactive-now/active-then listing remains in the historical universe) and R0010 (symbol change and reuse resolve through stable listing identity) are REBIND_ONLY: TemporalIdentityLayerContractTest never seeds a delisted listing, a symbol change or a symbol reuse; rebound to B18AntiSurvivorshipFixtureCorpusTest's dedicated fixtures, each probed against its own TemporalIdentityRepository clause (the delisted_date OR-branch for R0009, the pm.effective_to upper bound for R0010), both caught, both restored byte-identical and sha256-verified. R0005 (provider outage cannot shrink the denominator) is PROOF_GUARD_GAP: the prior SourceFailureResilienceTest candidate only showed FinalizeDecisionService echoing an expected_universe_count its own fixture supplied. CoverageGateEvaluator::evaluateCaptured() was audited and already derives the denominator from the ticker-master universe before delivery is read -- no production defect. Added CoverageGateEvaluatorTest::test_evaluator_keeps_the_full_universe_as_the_denominator_when_the_provider_delivers_nothing (900-ticker universe, zero delivered, denominator stays 900, all 900 counted missing); probing the returned count to the delivered count turned it and the existing shortfall guard red. Zero production code changed. PROVEN 85->88, INCOMPLETE 29->26. F-MD-B18-A002-016 remains OPEN with MD-S019-R0074 (F-013 carry-forward) the only incomplete predicate. E062 does not rely on E061; corrections to E061 are recorded in E-MD-B18-A002-063."
records/evidence/E-MD-B18-A002-063_E061_SERIALIZATION_TIMESTAMP_AND_REGISTRATION_CORRECTION.json,EVIDENCE,MD-REBASELINE-20260820-001,NO,CURRENT_RECORD,CURRENT_ISSUED_RECORD,YES,NO,,"CORRECTION of issued E-MD-B18-A002-061 (G08, MD-S050-R0046), same attempt, following the E037-corrects-E036 precedent: E061 retained byte-for-byte (sha256 3ad2e42e...8576, commit 0caaf38) and still CURRENT_ISSUED_RECORD. Corrects four defects: E061-D1 (integrity_check JSON_PARSE) its pattern field is not valid JSON -- the authoritative value is B18ReplayAdmissibilityBoundaryTest::forbidden()[MD-S050-R0046], blob c0b27ac8, not restated; E061-D2 its issued_at 14:15:30+07:00 predates the clock-derived write time 14:51:51+07:00; E061-D3 its malformed rows in the role, verification and work registries were replaced with schema-complete rows (MUTABLE_TRACEABLE, required by WORK_CORRELATION_AND_RECORD_REGISTRY_STANDARD section 1); E061-D4 the same commit left CURRENT_STATE.md with its head overwritten by the generator path -- regenerated correctly. No proof impact on MD-S050-R0046. E061-U1: D1 cannot be corrected by this record; recorded as F-MD-B18-A002-022 and addressed by D-MD-B18-A002-007 through integrity exception MD-DOCEX-0001, which binds E061 at its sha256 to this record and defect E061-D1."
development/findings/F-MD-B18-A002-022_ISSUED_UNPARSEABLE_EVIDENCE_HAS_NO_INTEGRITY_EXCEPTION_PATH.md,FINDING,MD-REBASELINE-20260820-001,NO,CURRENT_RECORD,CURRENT_ISSUED_RECORD,YES,NO,,"P1 RESOLVED. Issued immutable E-MD-B18-A002-061 does not parse as JSON and the documentation integrity gate had no exception path. Resolved by DOC-CHG-20260923-001 under D-MD-B18-A002-007, proven in E-MD-B18-A002-064: exception registry contract and fail-closed validation, one ACTIVE entry MD-DOCEX-0001; every unexcepted malformed JSON remains a hard FAIL."
records/decisions/D-MD-B18-A002-007_APPROVED_IMMUTABLE_HISTORICAL_INTEGRITY_EXCEPTION.md,DECISION,MD-REBASELINE-20260820-001,NO,CURRENT_RECORD,CURRENT_ISSUED_RECORD,YES,NO,,"Owner decision: do not edit E-MD-B18-A002-061 or declare it unissued; adopt a narrowly controlled immutable historical integrity exception (seven conditions: byte-identical artifact, issued valid correction naming artifact and defect, correction does not replace the verdict, both registered, explicit registry authorisation, registry validated fail-closed, every unexcepted malformed artifact a hard FAIL). Only JSON_PARSE may be excepted. Governance-only; strategy unchanged. Recorded as DOC-CHG-20260923-001."
records/evidence/E-MD-B18-A002-064_F022_IMMUTABLE_HISTORICAL_INTEGRITY_EXCEPTION_GATE_REMEDIATION.json,EVIDENCE,MD-REBASELINE-20260820-001,NO,CURRENT_RECORD,CURRENT_ISSUED_RECORD,YES,NO,,"F-MD-B18-A002-022 resolved by controlled revision DOC-CHG-20260923-001 under D-MD-B18-A002-007. DOCUMENT_INTEGRITY_GATE_STANDARD.md gains an additive immutable-historical-integrity-exception section; DOCUMENT_INTEGRITY_EXCEPTION_REGISTRY.json holds one ACTIVE entry MD-DOCEX-0001 binding E-MD-B18-A002-061 at its sha256 to correction E-MD-B18-A002-063 defect E061-D1; MarketDataDocumentationIntegrityGate validates the registry fail-closed as check INTEGRITY_EXCEPTION_REGISTRY and admits a JSON_PARSE failure only through a valid entry for that exact path, still reporting the raw failure. Self-test: 15 new probes each fail exactly the checks they name (29 FAILS_CLOSED, 4 CONTROL_OK); gate weakenings on a scratch copy are caught, one after two whole-registry probes were added. E061 unchanged. Proof basis unchanged (88/26)."
records/evidence/E-MD-B18-A002-065_F016_G01_MD_S019_R0074_PROVEN_FINDING_RESOLVED.json,EVIDENCE,MD-REBASELINE-20260820-001,NO,CURRENT_RECORD,CURRENT_ISSUED_RECORD,YES,NO,,"F-MD-B18-A002-016 final bounded unit (G01, F-013 carry-forward): MD-S019-R0074, Determinism_Invariants_LOCKED.md:122. Three clauses independently verified. Clause 1 (publication replay freezes exact identities) is the same predicate content as MD-S050-R0002 (already PROVEN via E-050); rebound to B18ReplayComparisonExhaustivenessTest::test_a_divergence_in_any_frozen_input_denies_pass, re-probed this unit (removed temporal_identity_hash from the comparison loop, exactly that data set turned red, restored, sha256-verified). Clause 2 (as-known resolves only known revisions) requires per-root proof across all seven Invariant-14 identity categories, not one root standing in for all -- temporal/calendar/corporate-action/factor/config already independently probed in G05; formula/registry/serialization derive exclusively from the already-probed config snapshot (no independent code path); executable_build_identity accepted live per the same F-013/R0002 precedent; source-observation manifest was genuinely uncovered -- new test SourceObservationAsKnownBoundaryTest::test_an_observation_acquired_after_the_cutoff_is_invisible_to_as_known_replay added and mutation-probed (removed acquired_at<=knownAt clause, new test turned red, restored, sha256-verified). Clause 3 (no current-state leak) is the structural conjunction of clauses 1+2, no separate probe needed. Zero production code changed. PROVEN 88->89, INCOMPLETE 26->25. F-016 closure reviewed explicitly: all 14 of its own predicates confirmed PROVEN, the executable defect (backfill starting from current pointer) confirmed fixed in G01, no residue or blocker found. F-MD-B18-A002-016 formally RESOLVED. MD-DEP-0017 remains BLOCKING -- not resolved by this closure, bundles F-013 (RESOLVED) through F-018 (F-017/F-018 remain OPEN). No traceability-matrix coverage_status/SATISFIED/denominator change. No commit or push performed."
records/evidence/E-MD-B18-A002-066_F017_G01A_MD_S082_R0218_R0224_PROVEN.json,EVIDENCE,MD-REBASELINE-20260820-001,NO,CURRENT_RECORD,CURRENT_ISSUED_RECORD,YES,NO,,"F-MD-B18-A002-017 first bounded unit (G01-A): MD-S082-R0218/MD-S082-R0224, each independently verified rather than promoted merely because they share F-013 remediation. R0218 (current registry state must never leak into historical replay; alternate runs cannot impersonate the historical publication): prior positive (test_a_divergence_in_any_frozen_input_denies_pass) proves comparison-completeness only -- it overwrites the fixture expected value, never varying whether the underlying actual read is live or frozen, so a live-config leak would pass it identically to a correct implementation. Rebound to ReplayVerificationServiceTest::test_registry_content_fields_come_from_decoded_capture_only_when_verified, which directly asserts read_model_version/serialization_version/executable_build_identity are honest empty strings (never a live-config fallback) when unverified. Negative (impersonation clause) unchanged -- B18AsKnownModeIsolationTest::test_an_as_known_result_claims_no_publication_and_records_its_own_mode was already correctly bound. Probe: reintroduced a live-fallback-equivalent literal on executable_build_identity's empty-string branch; target turned red, 21/22 siblings green, B18ReplayComparisonExhaustivenessTest's 42 tests stayed fully green (confirming that suite cannot see this defect class); byte-restored, sha256-verified (a40a79a5...532), control 22/22 green. R0224 (current environment drift cannot change publication replay, before-seal validation item 5): prior positive (B18BeforeSealValidationTest lineage-binding-mandatory-at-seal) proves a real but different property -- config_snapshot_id binding, not formula/read-model/serialization/build identity, and verifyBoundContext() does not require a registry_versions component to be present at all. Rebound to test_formula_and_reason_registry_hash_come_from_the_registry_versions_component, which directly asserts formula_registry_hash/reason_registry_hash equal the real payload_hash, change when it changes, and are honest empty strings with no registry_versions component -- never a stale fallback. Negative: test_registry_content_fields_come_from_decoded_capture_only_when_verified (covers the other three environment-drift fields). Probe: reintroduced a stale-fallback-equivalent literal on registryPayloadHash's initial value; target turned red on the absent case, 21/22 siblings green (including the R0218 guard, confirming independence), B18ReplayComparisonExhaustivenessTest stayed fully green; byte-restored, sha256-verified, control 22/22 green. Zero production code changed for either predicate. PROVEN 89->91, INCOMPLETE 25->23. F-017 remains OPEN with 14 of its own 16 predicates still incomplete. MD-DEP-0017 remains BLOCKING."
records/evidence/E-MD-B18-A002-067_F017_G03_MD_S050_R0016_MISSING_INPUT_BLOCKED_PROVEN.json,EVIDENCE,MD-REBASELINE-20260820-001,NO,CURRENT_RECORD,CURRENT_ISSUED_RECORD,YES,NO,,"F-MD-B18-A002-017 G03: MD-S050-R0016 (""Missing input is BLOCKED, not permission to query current/latest state""), classified IMPLEMENTATION_DEFECT plus PROOF_GUARD_GAP from repository behaviour before any code changed. Through the real ReplayVerificationService with a VERIFIED bound context, an empty or null run observation_manifest_hash replayed PASS/MATCH/ADMISSIBLE with zero mismatches: source_observation_manifest_hash and canonical_raw_input_hash are read off the run row, and Seal admits an analytical_remediation_current publication with no acquisition manifest (ANALYTICAL_ONLY), so the state is reachable. ReplayResultRepository::assertModeInputs() required the seven input identities of AS_KNOWN results only, so the same PUBLICATION_EXACT PASS persisted. Fixed minimally: replayAdmissibility() blocks any BOUND_INPUT_FIELDS value that resolved empty as REPLAY_BOUND_INPUT_INCOMPLETE naming the field, value recorded empty, nothing fabricated or re-read; assertModeInputs() applies the seven-identity check to both modes. Rebound to B18ReplayComparisonExhaustivenessTest::test_a_verified_publication_missing_a_required_input_is_blocked (8 per-input cases) and ::test_an_unavailable_observation_identity_is_not_filled_from_current_state, plus seven PUBLICATION_EXACT direct-write cases. Probes, each byte-restored and sha256-verified: block removed -> 9 red; observation field dropped -> exactly its 2 cases and the no-fallback test red; current-publication fallback -> only the no-fallback test red; write guard AS_KNOWN-only -> exactly the 7 new cases red. Six ReplayVerificationServiceTest tests had pinned a VERIFIED stub with no components, which bind() cannot produce; the stub was completed, the gate not weakened. Full tests/Unit/MarketData 2456 tests, 7 failures, all the MD-DEP-0015 corpus-oracle baseline; zero new failures. PROVEN 91 -> 92, INCOMPLETE 23 -> 22. F-017 remains OPEN, 13 of 16 predicates incomplete. No commit or push."
records/evidence/E-MD-B18-A002-068_F017_G03_R0016_CLOSURE_AUDIT_PROMOTION_PREMATURE.json,EVIDENCE,MD-REBASELINE-20260820-001,NO,CURRENT_RECORD,CURRENT_ISSUED_RECORD,YES,NO,,"F-MD-B18-A002-017 G03 closure audit (read-only): the E-MD-B18-A002-067 promotion of MD-S050-R0016 to PROVEN was premature; returned to INCOMPLETE (PROVEN 92 -> 91, INCOMPLETE 22 -> 23). E-067 is not edited; its guards and probes remain valid for the inputs they name. Residual gap A: a run with a config snapshot ID but no config hash replays ADMISSIBLE/PASS on the CONFIG_IDENTITY_UNRECORDED marker, although Platform_Config_Registry_LOCKED.md makes a run without snapshot ID and hash CONFIG_UNBOUND and its replay BLOCKED; a temporary block turned 41 exhaustiveness and 11 ReplayVerificationServiceTest tests red, and was reverted because MariaDB became unreachable. Residual gap B: AS_KNOWN reads governance.read_model_version, which config does not define, so every AS_KNOWN replay records it empty and can PASS; the direct-write check omits read_model_version in both modes; AS_KNOWN reason-registry identity hashes nominal names. Calendar/status and event/factor sub-components are outside this admission check: binding enforces them with named missing paths and a context missing one is never VERIFIED. Export admission asymmetry recorded as out of R0016 scope. No production code changed."
